contract_id,account_id,signed_date,start_date,end_date,term_months,auto_renew,status,billing_cycle,currency,list_price,negotiated_discount_pct,contracted_mrr,annual_contract_value,payment_terms_days,billing_contact_id,csm_id,legal_entity,pricing_model,committed_units,overage_rate_per_unit,unit_type,sla_tier,support_tier,implementation_included,data_region,arr,contract_owner,renewal_probability,primary_product_sku,created_by,created_at
CTR00001,ACC0001,2024-03-25,2024-04-05,2025-04-04,12,True,expired,monthly,GBP,5000.0,0.05,6750.0,81000.0,30,BIL9866,CSM01,Entity-1,mixed,0,0.0,none,platinum,enterprise,True,us-west-2,81000.0,AE07,0.66,PRD-PLAT-ENT,CSM01,2024-03-25T09:00:00Z
CTR00002,ACC0002,2024-06-23,2024-07-22,2025-07-21,12,True,active,monthly,USD,5000.0,0.05,8250.0,99000.0,30,BIL6775,CSM16,Entity-2,mixed,0,0.0,none,platinum,enterprise,True,us-west-2,99000.0,AE11,0.84,PRD-PLAT-ENT,CSM16,2024-06-23T09:00:00Z
CTR00003,ACC0003,2024-08-10,2024-08-24,2026-08-23,24,True,active,monthly,USD,5000.0,0.0,7050.0,84600.0,30,BIL8144,CSM12,Entity-4,mixed,0,0.0,none,platinum,enterprise,True,eu-west-1,84600.0,AE04,0.64,PRD-PLAT-ENT,CSM12,2024-08-10T09:00:00Z
CTR00004,ACC0004,2024-08-29,2024-09-18,2025-09-17,12,True,active,monthly,USD,5000.0,0.0,9500.0,114000.0,45,BIL9902,CSM05,Entity-2,mixed,0,0.0,none,platinum,enterprise,True,us-east-1,114000.0,AE14,0.71,PRD-PLAT-ENT,CSM05,2024-08-29T09:00:00Z
CTR00005,ACC0005,2023-09-28,2023-10-26,2024-10-25,12,False,expired,monthly,USD,5000.0,0.05,9250.0,111000.0,45,BIL3295,CSM13,Entity-5,mixed,0,0.0,none,platinum,enterprise,True,eu-west-1,111000.0,AE07,0.63,PRD-PLAT-ENT,CSM13,2023-09-28T09:00:00Z
CTR00006,ACC0005,2023-11-05,2023-11-23,2024-11-22,12,True,expired,monthly,USD,5000.0,0.05,6750.0,81000.0,45,BIL4915,CSM13,Entity-2,flat,0,0.0,none,platinum,enterprise,False,eu-west-1,81000.0,AE07,0.93,PRD-PLAT-ENT,CSM13,2023-11-05T09:00:00Z
CTR00007,ACC0006,2023-01-27,2023-02-15,2026-02-14,36,False,active,monthly,USD,5000.0,0.1,6800.0,81600.0,30,BIL3003,CSM09,Entity-5,mixed,0,0.0,none,platinum,enterprise,True,ap-southeast-1,81600.0,AE14,0.79,PRD-PLAT-ENT,CSM09,2023-01-27T09:00:00Z
CTR00008,ACC0007,2024-07-22,2024-08-14,2027-08-13,36,False,active,monthly,EUR,5000.0,0.15,6250.0,75000.0,30,BIL4085,CSM07,Entity-3,mixed,0,0.0,none,platinum,enterprise,True,ap-southeast-1,75000.0,AE03,0.65,PRD-PLAT-ENT,CSM07,2024-07-22T09:00:00Z
CTR00009,ACC0007,2023-03-11,2023-04-01,2024-03-31,12,True,expired,monthly,EUR,5000.0,0.05,6750.0,81000.0,30,BIL4907,CSM07,Entity-3,flat,0,0.0,none,platinum,enterprise,False,ap-southeast-1,81000.0,AE03,0.81,PRD-PLAT-ENT,CSM07,2023-03-11T09:00:00Z
CTR00010,ACC0008,2022-01-29,2022-02-24,2024-02-23,24,False,expired,monthly,USD,5000.0,0.1,6500.0,78000.0,45,BIL5725,CSM13,Entity-4,mixed,0,0.0,none,platinum,enterprise,True,eu-west-1,78000.0,AE14,0.74,PRD-PLAT-ENT,CSM13,2022-01-29T09:00:00Z
CTR00011,ACC0009,2022-04-29,2022-05-06,2023-05-05,12,False,expired,monthly,GBP,5000.0,0.05,6750.0,81000.0,30,BIL1651,CSM20,Entity-3,mixed,0,0.0,none,platinum,enterprise,True,ap-southeast-1,81000.0,AE10,0.9,PRD-PLAT-ENT,CSM20,2022-04-29T09:00:00Z
CTR00012,ACC0009,2023-06-14,2023-07-09,2024-07-08,12,True,expired,monthly,GBP,5000.0,0.2,6000.0,72000.0,30,BIL2971,CSM20,Entity-4,flat,0,0.0,none,platinum,enterprise,False,ap-southeast-1,72000.0,AE10,0.69,PRD-PLAT-ENT,CSM20,2023-06-14T09:00:00Z
CTR00013,ACC0010,2022-04-30,2022-05-21,2023-05-20,12,True,expired,monthly,GBP,5000.0,0.0,7000.0,84000.0,30,BIL2011,CSM20,Entity-4,mixed,0,0.0,none,platinum,enterprise,True,us-east-1,84000.0,AE13,0.56,PRD-PLAT-ENT,CSM20,2022-04-30T09:00:00Z
CTR00014,ACC0010,2023-03-22,2023-04-18,2024-04-17,12,False,expired,monthly,GBP,5000.0,0.0,7000.0,84000.0,45,BIL3556,CSM20,Entity-3,flat,0,0.0,none,platinum,enterprise,False,us-east-1,84000.0,AE13,0.65,PRD-PLAT-ENT,CSM20,2023-03-22T09:00:00Z
CTR00015,ACC0011,2022-07-14,2022-08-01,2024-07-31,24,True,expired,monthly,USD,5000.0,0.05,7550.0,90600.0,30,BIL8376,CSM08,Entity-1,mixed,0,0.0,none,platinum,enterprise,True,eu-west-1,90600.0,AE02,0.75,PRD-PLAT-ENT,CSM08,2022-07-14T09:00:00Z
CTR00016,ACC0012,2022-12-29,2023-01-16,2024-01-15,12,True,expired,monthly,USD,5000.0,0.05,6750.0,81000.0,30,BIL7505,CSM11,Entity-3,mixed,0,0.0,none,platinum,enterprise,True,ap-southeast-1,81000.0,AE04,0.58,PRD-PLAT-ENT,CSM11,2022-12-29T09:00:00Z
CTR00017,ACC0012,2023-06-26,2023-07-19,2024-07-18,12,True,expired,monthly,USD,5000.0,0.1,6500.0,78000.0,45,BIL7823,CSM11,Entity-4,flat,0,0.0,none,platinum,enterprise,False,ap-southeast-1,78000.0,AE04,0.86,PRD-PLAT-ENT,CSM11,2023-06-26T09:00:00Z
CTR00018,ACC0012,2022-07-19,2022-08-17,2024-08-16,24,True,expired,monthly,USD,5000.0,0.15,6250.0,75000.0,30,BIL2710,CSM11,Entity-3,flat,0,0.0,none,platinum,enterprise,False,ap-southeast-1,75000.0,AE04,0.84,PRD-PLAT-ENT,CSM11,2022-07-19T09:00:00Z
CTR00019,ACC0013,2023-10-22,2023-11-13,2025-11-12,24,True,active,monthly,USD,5000.0,0.05,6800.0,81600.0,45,BIL4818,CSM03,Entity-4,mixed,0,0.0,none,platinum,enterprise,True,us-east-1,81600.0,AE05,0.7,PRD-PLAT-ENT,CSM03,2023-10-22T09:00:00Z
CTR00020,ACC0013,2022-01-18,2022-02-07,2023-02-06,12,False,expired,monthly,USD,5000.0,0.1,6500.0,78000.0,30,BIL2710,CSM03,Entity-2,flat,0,0.0,none,platinum,enterprise,False,us-east-1,78000.0,AE05,0.95,PRD-PLAT-ENT,CSM03,2022-01-18T09:00:00Z
CTR00021,ACC0014,2023-05-27,2023-06-05,2025-06-04,24,True,expired,monthly,EUR,5000.0,0.0,7350.0,88200.0,30,BIL7701,CSM18,Entity-1,mixed,0,0.0,none,platinum,enterprise,True,us-west-2,88200.0,AE11,0.97,PRD-PLAT-ENT,CSM18,2023-05-27T09:00:00Z
CTR00022,ACC0014,2022-03-29,2022-04-13,2023-04-12,12,False,expired,monthly,EUR,5000.0,0.1,6500.0,78000.0,60,BIL9849,CSM18,Entity-3,flat,0,0.0,none,platinum,enterprise,False,us-west-2,78000.0,AE11,0.86,PRD-PLAT-ENT,CSM18,2022-03-29T09:00:00Z
CTR00023,ACC0015,2024-04-04,2024-04-18,2025-04-17,12,False,expired,monthly,USD,5000.0,0.05,8250.0,99000.0,30,BIL9959,CSM07,Entity-3,mixed,0,0.0,none,platinum,enterprise,True,ap-southeast-1,99000.0,AE07,0.61,PRD-PLAT-ENT,CSM07,2024-04-04T09:00:00Z
CTR00024,ACC0016,2023-09-14,2023-10-10,2024-10-09,12,True,expired,monthly,GBP,5000.0,0.0,8500.0,102000.0,30,BIL9150,CSM13,Entity-3,mixed,0,0.0,none,platinum,enterprise,True,us-east-1,102000.0,AE10,0.7,PRD-PLAT-ENT,CSM13,2023-09-14T09:00:00Z
CTR00025,ACC0017,2023-08-27,2023-09-05,2025-09-04,24,True,active,monthly,USD,5000.0,0.1,7000.0,84000.0,30,BIL4150,CSM20,Entity-5,mixed,0,0.0,none,platinum,enterprise,True,eu-west-1,84000.0,AE09,0.69,PRD-PLAT-ENT,CSM20,2023-08-27T09:00:00Z
CTR00026,ACC0017,2022-09-01,2022-09-19,2023-09-18,12,False,expired,monthly,USD,5000.0,0.1,6500.0,78000.0,45,BIL4579,CSM20,Entity-4,flat,0,0.0,none,platinum,enterprise,False,eu-west-1,78000.0,AE09,0.73,PRD-PLAT-ENT,CSM20,2022-09-01T09:00:00Z
CTR00027,ACC0018,2024-10-09,2024-10-18,2026-10-17,24,True,active,monthly,GBP,5000.0,0.05,9250.0,111000.0,60,BIL2114,CSM06,Entity-5,mixed,0,0.0,none,platinum,enterprise,True,us-east-1,111000.0,AE01,0.96,PRD-PLAT-ENT,CSM06,2024-10-09T09:00:00Z
CTR00028,ACC0019,2023-09-20,2023-10-16,2024-10-15,12,True,expired,monthly,USD,5000.0,0.05,9250.0,111000.0,60,BIL8275,CSM07,Entity-3,mixed,0,0.0,none,platinum,enterprise,True,us-east-1,111000.0,AE08,0.81,PRD-PLAT-ENT,CSM07,2023-09-20T09:00:00Z
CTR00029,ACC0019,2024-06-21,2024-07-19,2026-07-18,24,True,active,monthly,USD,5000.0,0.15,6250.0,75000.0,45,BIL4143,CSM07,Entity-4,flat,0,0.0,none,platinum,enterprise,False,us-east-1,75000.0,AE08,0.87,PRD-PLAT-ENT,CSM07,2024-06-21T09:00:00Z
CTR00030,ACC0020,2023-08-05,2023-08-14,2024-08-13,12,True,expired,monthly,USD,5000.0,0.0,9000.0,108000.0,60,BIL3780,CSM11,Entity-3,mixed,0,0.0,none,platinum,enterprise,True,us-east-1,108000.0,AE04,0.8,PRD-PLAT-ENT,CSM11,2023-08-05T09:00:00Z
CTR00031,ACC0020,2024-03-24,2024-04-20,2026-04-19,24,True,active,monthly,USD,5000.0,0.2,6000.0,72000.0,30,BIL6070,CSM11,Entity-2,flat,0,0.0,none,platinum,enterprise,False,us-east-1,72000.0,AE04,0.76,PRD-PLAT-ENT,CSM11,2024-03-24T09:00:00Z
CTR00032,ACC0020,2024-06-21,2024-07-17,2025-07-16,12,False,active,monthly,USD,5000.0,0.15,6250.0,75000.0,45,BIL7511,CSM11,Entity-5,flat,0,0.0,none,platinum,enterprise,False,us-east-1,75000.0,AE04,0.81,PRD-PLAT-ENT,CSM11,2024-06-21T09:00:00Z
CTR00033,ACC0021,2024-04-08,2024-05-07,2026-05-06,24,False,active,monthly,GBP,5000.0,0.05,6750.0,81000.0,30,BIL5949,CSM07,Entity-2,mixed,0,0.0,none,platinum,enterprise,True,us-east-1,81000.0,AE03,0.63,PRD-PLAT-ENT,CSM07,2024-04-08T09:00:00Z
CTR00034,ACC0021,2023-10-05,2023-10-17,2024-10-16,12,True,expired,monthly,GBP,5000.0,0.1,6500.0,78000.0,30,BIL5840,CSM07,Entity-5,flat,0,0.0,none,platinum,enterprise,False,us-east-1,78000.0,AE03,0.88,PRD-PLAT-ENT,CSM07,2023-10-05T09:00:00Z
CTR00035,ACC0021,2023-10-18,2023-11-12,2026-11-11,36,True,active,monthly,GBP,5000.0,0.1,6500.0,78000.0,45,BIL1244,CSM07,Entity-4,flat,0,0.0,none,platinum,enterprise,False,us-east-1,78000.0,AE03,0.85,PRD-PLAT-ENT,CSM07,2023-10-18T09:00:00Z
CTR00036,ACC0022,2024-01-18,2024-01-26,2026-01-25,24,True,active,monthly,GBP,5000.0,0.05,9750.0,117000.0,30,BIL1046,CSM18,Entity-1,mixed,0,0.0,none,platinum,enterprise,True,ap-southeast-1,117000.0,AE08,0.94,PRD-PLAT-ENT,CSM18,2024-01-18T09:00:00Z
CTR00037,ACC0022,2022-03-28,2022-04-16,2024-04-15,24,False,expired,monthly,GBP,5000.0,0.1,6500.0,78000.0,60,BIL4522,CSM18,Entity-2,flat,0,0.0,none,platinum,enterprise,False,ap-southeast-1,78000.0,AE08,0.94,PRD-PLAT-ENT,CSM18,2022-03-28T09:00:00Z
CTR00038,ACC0022,2024-06-22,2024-07-18,2027-07-17,36,True,active,monthly,GBP,5000.0,0.05,6750.0,81000.0,30,BIL8303,CSM18,Entity-3,flat,0,0.0,none,platinum,enterprise,False,ap-southeast-1,81000.0,AE08,0.58,PRD-PLAT-ENT,CSM18,2024-06-22T09:00:00Z
CTR00039,ACC0023,2023-07-17,2023-08-05,2024-08-04,12,False,expired,monthly,GBP,5000.0,0.2,6500.0,78000.0,30,BIL1242,CSM11,Entity-3,mixed,0,0.0,none,platinum,enterprise,True,us-east-1,78000.0,AE12,0.7,PRD-PLAT-ENT,CSM11,2023-07-17T09:00:00Z
CTR00040,ACC0023,2024-12-07,2024-12-15,2026-12-14,24,False,active,monthly,GBP,5000.0,0.1,6500.0,78000.0,45,BIL3259,CSM11,Entity-5,flat,0,0.0,none,platinum,enterprise,False,us-east-1,78000.0,AE12,0.65,PRD-PLAT-ENT,CSM11,2024-12-07T09:00:00Z
CTR00041,ACC0023,2022-03-29,2022-04-09,2023-04-08,12,False,expired,monthly,GBP,5000.0,0.1,6500.0,78000.0,45,BIL1924,CSM11,Entity-2,flat,0,0.0,none,platinum,enterprise,False,us-east-1,78000.0,AE12,0.83,PRD-PLAT-ENT,CSM11,2022-03-29T09:00:00Z
CTR00042,ACC0024,2024-04-22,2024-05-06,2027-05-05,36,True,active,monthly,EUR,5000.0,0.2,6000.0,72000.0,30,BIL3931,CSM17,Entity-5,mixed,0,0.0,none,platinum,enterprise,True,eu-west-1,72000.0,AE05,0.65,PRD-PLAT-ENT,CSM17,2024-04-22T09:00:00Z
CTR00043,ACC0025,2024-11-27,2024-12-14,2025-12-13,12,True,active,monthly,GBP,5000.0,0.15,7550.0,90600.0,30,BIL2534,CSM03,Entity-1,mixed,0,0.0,none,platinum,enterprise,True,us-west-2,90600.0,AE09,0.71,PRD-PLAT-ENT,CSM03,2024-11-27T09:00:00Z
CTR00044,ACC0025,2022-02-15,2022-02-22,2025-02-21,36,True,expired,monthly,GBP,5000.0,0.05,6750.0,81000.0,45,BIL7369,CSM03,Entity-4,flat,0,0.0,none,platinum,enterprise,False,us-west-2,81000.0,AE09,0.78,PRD-PLAT-ENT,CSM03,2022-02-15T09:00:00Z
CTR00045,ACC0026,2022-04-21,2022-05-15,2025-05-14,36,False,expired,monthly,EUR,5000.0,0.0,7050.0,84600.0,45,BIL8280,CSM18,Entity-5,mixed,0,0.0,none,platinum,enterprise,True,us-east-1,84600.0,AE13,0.82,PRD-PLAT-ENT,CSM18,2022-04-21T09:00:00Z
CTR00046,ACC0026,2022-08-23,2022-09-21,2023-09-20,12,True,expired,monthly,EUR,5000.0,0.0,7000.0,84000.0,30,BIL3952,CSM18,Entity-3,flat,0,0.0,none,platinum,enterprise,False,us-east-1,84000.0,AE13,0.88,PRD-PLAT-ENT,CSM18,2022-08-23T09:00:00Z
CTR00047,ACC0026,2024-11-11,2024-11-19,2025-11-18,12,True,active,monthly,EUR,5000.0,0.05,6750.0,81000.0,30,BIL3114,CSM18,Entity-5,flat,0,0.0,none,platinum,enterprise,False,us-east-1,81000.0,AE13,0.8,PRD-PLAT-ENT,CSM18,2024-11-11T09:00:00Z
CTR00048,ACC0027,2022-09-23,2022-10-10,2024-10-09,24,True,expired,monthly,EUR,5000.0,0.1,6500.0,78000.0,60,BIL2325,CSM16,Entity-4,mixed,0,0.0,none,platinum,enterprise,True,ap-southeast-1,78000.0,AE06,0.78,PRD-PLAT-ENT,CSM16,2022-09-23T09:00:00Z
CTR00049,ACC0028,2024-07-31,2024-08-24,2026-08-23,24,False,active,monthly,USD,5000.0,0.0,8000.0,96000.0,30,BIL4592,CSM05,Entity-3,mixed,0,0.0,none,platinum,enterprise,True,eu-west-1,96000.0,AE04,0.68,PRD-PLAT-ENT,CSM05,2024-07-31T09:00:00Z
CTR00050,ACC0028,2024-12-09,2024-12-26,2025-12-25,12,True,active,monthly,USD,5000.0,0.15,6250.0,75000.0,30,BIL3741,CSM05,Entity-5,flat,0,0.0,none,platinum,enterprise,False,eu-west-1,75000.0,AE04,0.73,PRD-PLAT-ENT,CSM05,2024-12-09T09:00:00Z
CTR00051,ACC0028,2021-12-29,2022-01-11,2023-01-10,12,True,expired,monthly,USD,5000.0,0.0,7000.0,84000.0,30,BIL7401,CSM05,Entity-2,flat,0,0.0,none,platinum,enterprise,False,eu-west-1,84000.0,AE04,0.88,PRD-PLAT-ENT,CSM05,2021-12-29T09:00:00Z
CTR00052,ACC0029,2024-10-12,2024-10-23,2025-10-22,12,False,active,monthly,EUR,5000.0,0.15,7250.0,87000.0,45,BIL6025,CSM18,Entity-5,mixed,0,0.0,none,platinum,enterprise,True,us-east-1,87000.0,AE12,0.9,PRD-PLAT-ENT,CSM18,2024-10-12T09:00:00Z
CTR00053,ACC0030,2023-04-11,2023-05-01,2024-04-30,12,False,expired,monthly,USD,5000.0,0.0,8500.0,102000.0,45,BIL1545,CSM12,Entity-3,mixed,0,0.0,none,platinum,enterprise,True,eu-west-1,102000.0,AE06,0.86,PRD-PLAT-ENT,CSM12,2023-04-11T09:00:00Z
CTR00054,ACC0030,2023-03-08,2023-03-15,2025-03-14,24,True,expired,monthly,USD,5000.0,0.05,6750.0,81000.0,45,BIL8528,CSM12,Entity-2,flat,0,0.0,none,platinum,enterprise,False,eu-west-1,81000.0,AE06,0.55,PRD-PLAT-ENT,CSM12,2023-03-08T09:00:00Z
CTR00055,ACC0031,2024-11-19,2024-12-01,2025-11-30,12,True,active,monthly,GBP,5000.0,0.0,8300.0,99600.0,30,BIL1605,CSM15,Entity-4,mixed,0,0.0,none,platinum,enterprise,True,ap-southeast-1,99600.0,AE04,0.62,PRD-PLAT-ENT,CSM15,2024-11-19T09:00:00Z
CTR00056,ACC0032,2022-04-25,2022-05-16,2024-05-15,24,False,expired,monthly,USD,5000.0,0.05,7750.0,93000.0,60,BIL2175,CSM14,Entity-4,mixed,0,0.0,none,platinum,enterprise,True,us-east-1,93000.0,AE11,0.71,PRD-PLAT-ENT,CSM14,2022-04-25T09:00:00Z
CTR00057,ACC0032,2024-04-13,2024-05-12,2027-05-11,36,True,active,monthly,USD,5000.0,0.1,6500.0,78000.0,30,BIL4620,CSM14,Entity-5,flat,0,0.0,none,platinum,enterprise,False,us-east-1,78000.0,AE11,0.82,PRD-PLAT-ENT,CSM14,2024-04-13T09:00:00Z
CTR00058,ACC0033,2022-11-24,2022-12-22,2024-12-21,24,True,expired,monthly,USD,5000.0,0.15,7550.0,90600.0,30,BIL3476,CSM05,Entity-3,mixed,0,0.0,none,platinum,enterprise,True,ap-southeast-1,90600.0,AE09,0.78,PRD-PLAT-ENT,CSM05,2022-11-24T09:00:00Z
CTR00059,ACC0033,2022-09-25,2022-10-07,2023-10-06,12,False,expired,monthly,USD,5000.0,0.0,7000.0,84000.0,30,BIL3873,CSM05,Entity-5,flat,0,0.0,none,platinum,enterprise,False,ap-southeast-1,84000.0,AE09,0.65,PRD-PLAT-ENT,CSM05,2022-09-25T09:00:00Z
CTR00060,ACC0034,2022-07-29,2022-08-13,2024-08-12,24,True,expired,monthly,USD,5000.0,0.05,7550.0,90600.0,30,BIL8617,CSM08,Entity-3,mixed,0,0.0,none,platinum,enterprise,True,us-east-1,90600.0,AE13,0.9,PRD-PLAT-ENT,CSM08,2022-07-29T09:00:00Z
CTR00061,ACC0035,2024-09-13,2024-09-26,2025-09-25,12,True,active,monthly,GBP,5000.0,0.15,7100.0,85200.0,45,BIL8679,CSM02,Entity-4,mixed,0,0.0,none,platinum,enterprise,True,eu-west-1,85200.0,AE07,0.74,PRD-PLAT-ENT,CSM02,2024-09-13T09:00:00Z
CTR00062,ACC0035,2022-05-06,2022-05-24,2023-05-23,12,True,expired,monthly,GBP,5000.0,0.15,6250.0,75000.0,30,BIL8439,CSM02,Entity-4,flat,0,0.0,none,platinum,enterprise,False,eu-west-1,75000.0,AE07,0.57,PRD-PLAT-ENT,CSM02,2022-05-06T09:00:00Z
CTR00063,ACC0036,2023-03-25,2023-04-01,2024-03-31,12,False,expired,monthly,EUR,5000.0,0.15,6800.0,81600.0,30,BIL3085,CSM07,Entity-4,mixed,0,0.0,none,platinum,enterprise,True,eu-west-1,81600.0,AE08,0.72,PRD-PLAT-ENT,CSM07,2023-03-25T09:00:00Z
CTR00064,ACC0037,2023-07-11,2023-08-08,2024-08-07,12,True,expired,monthly,GBP,5000.0,0.0,9000.0,108000.0,45,BIL3973,CSM05,Entity-3,mixed,0,0.0,none,platinum,enterprise,True,us-west-2,108000.0,AE03,0.63,PRD-PLAT-ENT,CSM05,2023-07-11T09:00:00Z
CTR00065,ACC0037,2022-04-11,2022-05-07,2023-05-06,12,True,expired,monthly,GBP,5000.0,0.1,6500.0,78000.0,60,BIL1295,CSM05,Entity-1,flat,0,0.0,none,platinum,enterprise,False,us-west-2,78000.0,AE03,0.94,PRD-PLAT-ENT,CSM05,2022-04-11T09:00:00Z
CTR00066,ACC0038,2022-05-13,2022-06-07,2023-06-06,12,True,expired,monthly,USD,5000.0,0.05,7750.0,93000.0,30,BIL3077,CSM17,Entity-2,mixed,0,0.0,none,platinum,enterprise,True,us-east-1,93000.0,AE12,0.67,PRD-PLAT-ENT,CSM17,2022-05-13T09:00:00Z
CTR00067,ACC0038,2022-04-28,2022-05-12,2023-05-11,12,True,expired,monthly,USD,5000.0,0.15,6250.0,75000.0,60,BIL7005,CSM17,Entity-2,flat,0,0.0,none,platinum,enterprise,False,us-east-1,75000.0,AE12,0.57,PRD-PLAT-ENT,CSM17,2022-04-28T09:00:00Z
CTR00068,ACC0039,2023-04-16,2023-05-01,2025-04-30,24,True,expired,monthly,EUR,5000.0,0.05,6800.0,81600.0,30,BIL4858,CSM11,Entity-3,mixed,0,0.0,none,platinum,enterprise,True,us-east-1,81600.0,AE07,0.93,PRD-PLAT-ENT,CSM11,2023-04-16T09:00:00Z
CTR00069,ACC0040,2022-04-10,2022-04-19,2025-04-18,36,False,expired,monthly,USD,5000.0,0.1,6550.0,78600.0,30,BIL5920,CSM07,Entity-2,mixed,0,0.0,none,platinum,enterprise,True,us-west-2,78600.0,AE07,0.69,PRD-PLAT-ENT,CSM07,2022-04-10T09:00:00Z
CTR00070,ACC0040,2022-09-02,2022-09-16,2023-09-15,12,True,expired,monthly,USD,5000.0,0.0,7000.0,84000.0,30,BIL2170,CSM07,Entity-3,flat,0,0.0,none,platinum,enterprise,False,us-west-2,84000.0,AE07,0.8,PRD-PLAT-ENT,CSM07,2022-09-02T09:00:00Z
CTR00071,ACC0041,2024-10-24,2024-11-13,2025-11-12,12,False,active,monthly,EUR,5000.0,0.0,8000.0,96000.0,45,BIL5311,CSM15,Entity-2,mixed,0,0.0,none,platinum,enterprise,True,ap-southeast-1,96000.0,AE05,0.63,PRD-PLAT-ENT,CSM15,2024-10-24T09:00:00Z
CTR00072,ACC0041,2024-01-11,2024-02-07,2026-02-06,24,False,active,monthly,EUR,5000.0,0.2,6000.0,72000.0,30,BIL9328,CSM15,Entity-5,flat,0,0.0,none,platinum,enterprise,False,ap-southeast-1,72000.0,AE05,0.9,PRD-PLAT-ENT,CSM15,2024-01-11T09:00:00Z
CTR00073,ACC0042,2023-07-18,2023-08-08,2026-08-07,36,True,active,monthly,EUR,5000.0,0.05,7250.0,87000.0,60,BIL4410,CSM09,Entity-3,mixed,0,0.0,none,platinum,enterprise,True,eu-west-1,87000.0,AE03,0.89,PRD-PLAT-ENT,CSM09,2023-07-18T09:00:00Z
CTR00074,ACC0042,2022-05-21,2022-06-17,2023-06-16,12,True,expired,monthly,EUR,5000.0,0.0,7000.0,84000.0,30,BIL3347,CSM09,Entity-2,flat,0,0.0,none,platinum,enterprise,False,eu-west-1,84000.0,AE03,0.92,PRD-PLAT-ENT,CSM09,2022-05-21T09:00:00Z
CTR00075,ACC0043,2024-05-20,2024-06-13,2027-06-12,36,True,active,monthly,USD,5000.0,0.15,8050.0,96600.0,30,BIL5637,CSM18,Entity-1,mixed,0,0.0,none,platinum,enterprise,True,us-east-1,96600.0,AE12,0.8,PRD-PLAT-ENT,CSM18,2024-05-20T09:00:00Z
CTR00076,ACC0043,2024-10-25,2024-11-17,2026-11-16,24,True,active,monthly,USD,5000.0,0.1,6500.0,78000.0,30,BIL1856,CSM18,Entity-2,flat,0,0.0,none,platinum,enterprise,False,us-east-1,78000.0,AE12,0.64,PRD-PLAT-ENT,CSM18,2024-10-25T09:00:00Z
CTR00077,ACC0043,2024-02-05,2024-02-24,2025-02-23,12,True,expired,monthly,USD,5000.0,0.0,7000.0,84000.0,30,BIL2780,CSM18,Entity-1,flat,0,0.0,none,platinum,enterprise,False,us-east-1,84000.0,AE12,0.63,PRD-PLAT-ENT,CSM18,2024-02-05T09:00:00Z
CTR00078,ACC0044,2024-06-17,2024-07-08,2027-07-07,36,True,active,monthly,USD,5000.0,0.15,7050.0,84600.0,30,BIL2207,CSM12,Entity-5,mixed,0,0.0,none,platinum,enterprise,True,eu-west-1,84600.0,AE10,0.7,PRD-PLAT-ENT,CSM12,2024-06-17T09:00:00Z
CTR00079,ACC0044,2022-01-20,2022-02-01,2025-01-31,36,True,expired,monthly,USD,5000.0,0.15,6250.0,75000.0,45,BIL7452,CSM12,Entity-1,flat,0,0.0,none,platinum,enterprise,False,eu-west-1,75000.0,AE10,0.83,PRD-PLAT-ENT,CSM12,2022-01-20T09:00:00Z
CTR00080,ACC0044,2024-08-01,2024-08-18,2025-08-17,12,True,active,monthly,USD,5000.0,0.0,7000.0,84000.0,30,BIL1929,CSM12,Entity-4,flat,0,0.0,none,platinum,enterprise,False,eu-west-1,84000.0,AE10,0.96,PRD-PLAT-ENT,CSM12,2024-08-01T09:00:00Z
CTR00081,ACC0045,2023-09-03,2023-09-23,2025-09-22,24,False,active,monthly,EUR,5000.0,0.05,8250.0,99000.0,30,BIL6163,CSM17,Entity-5,mixed,0,0.0,none,platinum,enterprise,True,eu-west-1,99000.0,AE13,0.55,PRD-PLAT-ENT,CSM17,2023-09-03T09:00:00Z
CTR00082,ACC0045,2024-03-01,2024-03-25,2026-03-24,24,True,active,monthly,EUR,5000.0,0.0,7000.0,84000.0,45,BIL8339,CSM17,Entity-3,flat,0,0.0,none,platinum,enterprise,False,eu-west-1,84000.0,AE13,0.72,PRD-PLAT-ENT,CSM17,2024-03-01T09:00:00Z
CTR00083,ACC0046,2022-05-24,2022-06-12,2025-06-11,36,True,expired,monthly,GBP,5000.0,0.05,8300.0,99600.0,45,BIL1521,CSM16,Entity-4,mixed,0,0.0,none,platinum,enterprise,True,eu-west-1,99600.0,AE02,0.66,PRD-PLAT-ENT,CSM16,2022-05-24T09:00:00Z
CTR00084,ACC0046,2023-12-31,2024-01-07,2027-01-06,36,True,active,monthly,GBP,5000.0,0.2,6000.0,72000.0,45,BIL1147,CSM16,Entity-5,flat,0,0.0,none,platinum,enterprise,False,eu-west-1,72000.0,AE02,0.87,PRD-PLAT-ENT,CSM16,2023-12-31T09:00:00Z
CTR00085,ACC0047,2024-07-04,2024-07-15,2026-07-14,24,True,active,monthly,USD,5000.0,0.1,7500.0,90000.0,30,BIL6714,CSM08,Entity-4,mixed,0,0.0,none,platinum,enterprise,True,ap-southeast-1,90000.0,AE01,0.96,PRD-PLAT-ENT,CSM08,2024-07-04T09:00:00Z
CTR00086,ACC0048,2024-07-15,2024-08-07,2026-08-06,24,False,active,monthly,USD,5000.0,0.0,8050.0,96600.0,30,BIL5200,CSM13,Entity-4,mixed,0,0.0,none,platinum,enterprise,True,eu-west-1,96600.0,AE14,0.71,PRD-PLAT-ENT,CSM13,2024-07-15T09:00:00Z
CTR00087,ACC0048,2023-01-01,2023-01-16,2024-01-15,12,True,expired,monthly,USD,5000.0,0.0,7000.0,84000.0,30,BIL6145,CSM13,Entity-4,flat,0,0.0,none,platinum,enterprise,False,eu-west-1,84000.0,AE14,0.88,PRD-PLAT-ENT,CSM13,2023-01-01T09:00:00Z
CTR00088,ACC0048,2024-05-11,2024-05-20,2025-05-19,12,True,expired,monthly,USD,5000.0,0.05,6750.0,81000.0,30,BIL7578,CSM13,Entity-5,flat,0,0.0,none,platinum,enterprise,False,eu-west-1,81000.0,AE14,0.77,PRD-PLAT-ENT,CSM13,2024-05-11T09:00:00Z
CTR00089,ACC0049,2022-02-01,2022-02-15,2023-02-14,12,True,expired,monthly,USD,5000.0,0.1,8800.0,105600.0,30,BIL3553,CSM12,Entity-1,mixed,0,0.0,none,platinum,enterprise,True,ap-southeast-1,105600.0,AE04,0.55,PRD-PLAT-ENT,CSM12,2022-02-01T09:00:00Z
CTR00090,ACC0049,2022-11-06,2022-11-19,2023-11-18,12,True,expired,monthly,USD,5000.0,0.1,6500.0,78000.0,60,BIL5923,CSM12,Entity-2,flat,0,0.0,none,platinum,enterprise,False,ap-southeast-1,78000.0,AE04,0.92,PRD-PLAT-ENT,CSM12,2022-11-06T09:00:00Z
CTR00091,ACC0049,2022-10-24,2022-11-01,2023-10-31,12,False,expired,monthly,USD,5000.0,0.0,7000.0,84000.0,30,BIL4959,CSM12,Entity-5,flat,0,0.0,none,platinum,enterprise,False,ap-southeast-1,84000.0,AE04,0.82,PRD-PLAT-ENT,CSM12,2022-10-24T09:00:00Z
CTR00092,ACC0050,2022-05-19,2022-05-26,2025-05-25,36,False,expired,monthly,EUR,5000.0,0.0,7000.0,84000.0,60,BIL1078,CSM14,Entity-4,mixed,0,0.0,none,platinum,enterprise,True,eu-west-1,84000.0,AE12,0.56,PRD-PLAT-ENT,CSM14,2022-05-19T09:00:00Z
CTR00093,ACC0050,2022-09-16,2022-10-13,2024-10-12,24,True,expired,monthly,EUR,5000.0,0.0,7000.0,84000.0,30,BIL8115,CSM14,Entity-1,flat,0,0.0,none,platinum,enterprise,False,eu-west-1,84000.0,AE12,0.98,PRD-PLAT-ENT,CSM14,2022-09-16T09:00:00Z
CTR00094,ACC0050,2022-08-21,2022-09-18,2023-09-17,12,True,expired,monthly,EUR,5000.0,0.2,6000.0,72000.0,45,BIL8389,CSM14,Entity-5,flat,0,0.0,none,platinum,enterprise,False,eu-west-1,72000.0,AE12,0.68,PRD-PLAT-ENT,CSM14,2022-08-21T09:00:00Z
CTR00095,ACC0051,2024-06-27,2024-07-13,2027-07-12,36,False,active,monthly,GBP,5000.0,0.2,6500.0,78000.0,60,BIL6164,CSM19,Entity-4,mixed,0,0.0,none,platinum,enterprise,True,eu-west-1,78000.0,AE02,0.58,PRD-PLAT-ENT,CSM19,2024-06-27T09:00:00Z
CTR00096,ACC0051,2024-05-03,2024-05-12,2026-05-11,24,True,active,monthly,GBP,5000.0,0.1,6500.0,78000.0,30,BIL7010,CSM19,Entity-5,flat,0,0.0,none,platinum,enterprise,False,eu-west-1,78000.0,AE02,0.68,PRD-PLAT-ENT,CSM19,2024-05-03T09:00:00Z
CTR00097,ACC0052,2024-02-20,2024-03-20,2025-03-19,12,False,expired,monthly,EUR,5000.0,0.1,7500.0,90000.0,30,BIL4755,CSM02,Entity-3,mixed,0,0.0,none,platinum,enterprise,True,eu-west-1,90000.0,AE13,0.57,PRD-PLAT-ENT,CSM02,2024-02-20T09:00:00Z
CTR00098,ACC0052,2024-05-02,2024-05-23,2026-05-22,24,True,active,monthly,EUR,5000.0,0.15,6250.0,75000.0,30,BIL6192,CSM02,Entity-4,flat,0,0.0,none,platinum,enterprise,False,eu-west-1,75000.0,AE13,0.96,PRD-PLAT-ENT,CSM02,2024-05-02T09:00:00Z
CTR00099,ACC0053,2023-06-05,2023-06-13,2026-06-12,36,True,active,monthly,USD,5000.0,0.05,8050.0,96600.0,30,BIL3284,CSM08,Entity-5,mixed,0,0.0,none,platinum,enterprise,True,eu-west-1,96600.0,AE07,0.85,PRD-PLAT-ENT,CSM08,2023-06-05T09:00:00Z
CTR00100,ACC0053,2022-09-06,2022-09-23,2024-09-22,24,False,expired,monthly,USD,5000.0,0.0,7000.0,84000.0,45,BIL2928,CSM08,Entity-5,flat,0,0.0,none,platinum,enterprise,False,eu-west-1,84000.0,AE07,0.61,PRD-PLAT-ENT,CSM08,2022-09-06T09:00:00Z
CTR00101,ACC0054,2024-09-14,2024-10-01,2026-09-30,24,True,active,monthly,GBP,5000.0,0.2,7500.0,90000.0,45,BIL4798,CSM04,Entity-4,mixed,0,0.0,none,platinum,enterprise,True,ap-southeast-1,90000.0,AE07,0.77,PRD-PLAT-ENT,CSM04,2024-09-14T09:00:00Z
CTR00102,ACC0054,2023-11-24,2023-12-22,2024-12-21,12,True,expired,monthly,GBP,5000.0,0.05,6750.0,81000.0,30,BIL6042,CSM04,Entity-5,flat,0,0.0,none,platinum,enterprise,False,ap-southeast-1,81000.0,AE07,0.94,PRD-PLAT-ENT,CSM04,2023-11-24T09:00:00Z
CTR00103,ACC0055,2023-11-29,2023-12-17,2026-12-16,36,True,active,monthly,GBP,5000.0,0.0,8300.0,99600.0,45,BIL4656,CSM17,Entity-2,mixed,0,0.0,none,platinum,enterprise,True,eu-west-1,99600.0,AE06,0.56,PRD-PLAT-ENT,CSM17,2023-11-29T09:00:00Z
CTR00104,ACC0055,2022-06-14,2022-06-26,2023-06-25,12,False,expired,monthly,GBP,5000.0,0.1,6500.0,78000.0,30,BIL2912,CSM17,Entity-1,flat,0,0.0,none,platinum,enterprise,False,eu-west-1,78000.0,AE06,0.8,PRD-PLAT-ENT,CSM17,2022-06-14T09:00:00Z
CTR00105,ACC0055,2024-02-07,2024-02-26,2026-02-25,24,True,active,monthly,GBP,5000.0,0.05,6750.0,81000.0,30,BIL6971,CSM17,Entity-3,flat,0,0.0,none,platinum,enterprise,False,eu-west-1,81000.0,AE06,0.71,PRD-PLAT-ENT,CSM17,2024-02-07T09:00:00Z
CTR00106,ACC0056,2022-06-02,2022-06-21,2023-06-20,12,False,expired,monthly,USD,5000.0,0.0,8000.0,96000.0,45,BIL5112,CSM03,Entity-3,mixed,0,0.0,none,platinum,enterprise,True,eu-west-1,96000.0,AE08,0.63,PRD-PLAT-ENT,CSM03,2022-06-02T09:00:00Z
CTR00107,ACC0056,2023-11-01,2023-11-17,2026-11-16,36,True,active,monthly,USD,5000.0,0.05,6750.0,81000.0,30,BIL9306,CSM03,Entity-4,flat,0,0.0,none,platinum,enterprise,False,eu-west-1,81000.0,AE08,0.62,PRD-PLAT-ENT,CSM03,2023-11-01T09:00:00Z
CTR00108,ACC0057,2024-05-26,2024-06-18,2026-06-17,24,True,active,monthly,GBP,5000.0,0.05,7250.0,87000.0,30,BIL1323,CSM10,Entity-3,mixed,0,0.0,none,platinum,enterprise,True,us-west-2,87000.0,AE13,0.77,PRD-PLAT-ENT,CSM10,2024-05-26T09:00:00Z
CTR00109,ACC0057,2024-05-23,2024-06-19,2026-06-18,24,True,active,monthly,GBP,5000.0,0.1,6500.0,78000.0,30,BIL1045,CSM10,Entity-2,flat,0,0.0,none,platinum,enterprise,False,us-west-2,78000.0,AE13,0.9,PRD-PLAT-ENT,CSM10,2024-05-23T09:00:00Z
CTR00110,ACC0058,2024-03-12,2024-04-01,2026-03-31,24,True,active,monthly,USD,5000.0,0.05,6800.0,81600.0,30,BIL2083,CSM04,Entity-3,mixed,0,0.0,none,platinum,enterprise,True,us-east-1,81600.0,AE05,0.7,PRD-PLAT-ENT,CSM04,2024-03-12T09:00:00Z
CTR00111,ACC0058,2023-09-12,2023-09-25,2024-09-24,12,True,expired,monthly,USD,5000.0,0.1,6500.0,78000.0,45,BIL1034,CSM04,Entity-2,flat,0,0.0,none,platinum,enterprise,False,us-east-1,78000.0,AE05,0.85,PRD-PLAT-ENT,CSM04,2023-09-12T09:00:00Z
CTR00112,ACC0058,2024-05-23,2024-06-06,2025-06-05,12,True,expired,monthly,USD,5000.0,0.2,6000.0,72000.0,30,BIL7155,CSM04,Entity-3,flat,0,0.0,none,platinum,enterprise,False,us-east-1,72000.0,AE05,0.64,PRD-PLAT-ENT,CSM04,2024-05-23T09:00:00Z
CTR00113,ACC0059,2023-12-26,2024-01-21,2026-01-20,24,False,active,monthly,USD,5000.0,0.0,7000.0,84000.0,45,BIL9685,CSM13,Entity-4,mixed,0,0.0,none,platinum,enterprise,True,ap-southeast-1,84000.0,AE07,0.65,PRD-PLAT-ENT,CSM13,2023-12-26T09:00:00Z
CTR00114,ACC0059,2023-04-24,2023-05-20,2024-05-19,12,True,expired,monthly,USD,5000.0,0.05,6750.0,81000.0,45,BIL6712,CSM13,Entity-5,flat,0,0.0,none,platinum,enterprise,False,ap-southeast-1,81000.0,AE07,0.71,PRD-PLAT-ENT,CSM13,2023-04-24T09:00:00Z
CTR00115,ACC0060,2024-11-15,2024-12-09,2025-12-08,12,True,active,monthly,GBP,5000.0,0.05,8250.0,99000.0,45,BIL7174,CSM19,Entity-2,mixed,0,0.0,none,platinum,enterprise,True,us-west-2,99000.0,AE03,0.56,PRD-PLAT-ENT,CSM19,2024-11-15T09:00:00Z
CTR00116,ACC0061,2024-11-03,2024-11-17,2025-11-16,12,True,active,monthly,GBP,5000.0,0.1,8000.0,96000.0,60,BIL6933,CSM12,Entity-4,mixed,0,0.0,none,platinum,enterprise,True,us-west-2,96000.0,AE09,0.8,PRD-PLAT-ENT,CSM12,2024-11-03T09:00:00Z
CTR00117,ACC0062,2023-05-22,2023-06-01,2024-05-31,12,True,expired,monthly,USD,5000.0,0.15,6750.0,81000.0,45,BIL2426,CSM08,Entity-5,mixed,0,0.0,none,platinum,enterprise,True,us-west-2,81000.0,AE09,0.84,PRD-PLAT-ENT,CSM08,2023-05-22T09:00:00Z
CTR00118,ACC0063,2023-08-31,2023-09-14,2024-09-13,12,True,expired,monthly,EUR,5000.0,0.1,6800.0,81600.0,60,BIL7439,CSM20,Entity-1,mixed,0,0.0,none,platinum,enterprise,True,eu-west-1,81600.0,AE14,0.81,PRD-PLAT-ENT,CSM20,2023-08-31T09:00:00Z
CTR00119,ACC0064,2022-04-06,2022-04-25,2023-04-24,12,True,expired,monthly,EUR,5000.0,0.1,8000.0,96000.0,45,BIL9195,CSM15,Entity-3,mixed,0,0.0,none,platinum,enterprise,True,us-east-1,96000.0,AE03,0.66,PRD-PLAT-ENT,CSM15,2022-04-06T09:00:00Z
CTR00120,ACC0065,2022-03-03,2022-03-21,2024-03-20,24,True,expired,monthly,USD,5000.0,0.1,7550.0,90600.0,45,BIL3793,CSM03,Entity-1,mixed,0,0.0,none,platinum,enterprise,True,ap-southeast-1,90600.0,AE08,0.63,PRD-PLAT-ENT,CSM03,2022-03-03T09:00:00Z
CTR00121,ACC0065,2024-08-16,2024-08-23,2025-08-22,12,True,active,monthly,USD,5000.0,0.0,7000.0,84000.0,30,BIL9587,CSM03,Entity-1,flat,0,0.0,none,platinum,enterprise,False,ap-southeast-1,84000.0,AE08,0.83,PRD-PLAT-ENT,CSM03,2024-08-16T09:00:00Z
CTR00122,ACC0065,2022-09-14,2022-10-01,2025-09-30,36,False,active,monthly,USD,5000.0,0.0,7000.0,84000.0,30,BIL1264,CSM03,Entity-1,flat,0,0.0,none,platinum,enterprise,False,ap-southeast-1,84000.0,AE08,0.7,PRD-PLAT-ENT,CSM03,2022-09-14T09:00:00Z
CTR00123,ACC0066,2022-04-16,2022-05-09,2024-05-08,24,True,expired,monthly,GBP,5000.0,0.05,7050.0,84600.0,30,BIL2347,CSM12,Entity-3,mixed,0,0.0,none,platinum,enterprise,True,ap-southeast-1,84600.0,AE10,0.58,PRD-PLAT-ENT,CSM12,2022-04-16T09:00:00Z
CTR00124,ACC0067,2023-10-27,2023-11-11,2025-11-10,24,False,active,monthly,USD,5000.0,0.2,6550.0,78600.0,45,BIL2688,CSM19,Entity-1,mixed,0,0.0,none,platinum,enterprise,True,eu-west-1,78600.0,AE08,0.71,PRD-PLAT-ENT,CSM19,2023-10-27T09:00:00Z
CTR00125,ACC0067,2023-11-28,2023-12-26,2024-12-25,12,False,expired,monthly,USD,5000.0,0.15,6250.0,75000.0,60,BIL9103,CSM19,Entity-3,flat,0,0.0,none,platinum,enterprise,False,eu-west-1,75000.0,AE08,0.95,PRD-PLAT-ENT,CSM19,2023-11-28T09:00:00Z
CTR00126,ACC0067,2022-03-17,2022-04-14,2023-04-13,12,True,expired,monthly,USD,5000.0,0.15,6250.0,75000.0,45,BIL6182,CSM19,Entity-2,flat,0,0.0,none,platinum,enterprise,False,eu-west-1,75000.0,AE08,0.74,PRD-PLAT-ENT,CSM19,2022-03-17T09:00:00Z
CTR00127,ACC0068,2022-03-10,2022-03-20,2024-03-19,24,True,expired,monthly,EUR,5000.0,0.0,9500.0,114000.0,30,BIL2932,CSM10,Entity-1,mixed,0,0.0,none,platinum,enterprise,True,ap-southeast-1,114000.0,AE06,0.62,PRD-PLAT-ENT,CSM10,2022-03-10T09:00:00Z
CTR00128,ACC0069,2023-01-03,2023-01-20,2025-01-19,24,True,expired,monthly,USD,5000.0,0.0,8000.0,96000.0,45,BIL9138,CSM01,Entity-2,mixed,0,0.0,none,platinum,enterprise,True,us-west-2,96000.0,AE04,0.58,PRD-PLAT-ENT,CSM01,2023-01-03T09:00:00Z
CTR00129,ACC0069,2024-08-07,2024-08-23,2025-08-22,12,True,active,monthly,USD,5000.0,0.0,7000.0,84000.0,60,BIL1943,CSM01,Entity-2,flat,0,0.0,none,platinum,enterprise,False,us-west-2,84000.0,AE04,0.85,PRD-PLAT-ENT,CSM01,2024-08-07T09:00:00Z
CTR00130,ACC0070,2022-05-28,2022-06-08,2024-06-07,24,True,expired,monthly,GBP,5000.0,0.15,6300.0,75600.0,30,BIL2350,CSM01,Entity-2,mixed,0,0.0,none,platinum,enterprise,True,eu-west-1,75600.0,AE13,0.94,PRD-PLAT-ENT,CSM01,2022-05-28T09:00:00Z
CTR00131,ACC0070,2024-09-05,2024-10-01,2027-09-30,36,False,active,monthly,GBP,5000.0,0.05,6750.0,81000.0,30,BIL5075,CSM01,Entity-5,flat,0,0.0,none,platinum,enterprise,False,eu-west-1,81000.0,AE13,0.97,PRD-PLAT-ENT,CSM01,2024-09-05T09:00:00Z
CTR00132,ACC0071,2024-02-05,2024-03-01,2027-02-28,36,False,active,monthly,EUR,5000.0,0.1,8300.0,99600.0,30,BIL9496,CSM14,Entity-3,mixed,0,0.0,none,platinum,enterprise,True,ap-southeast-1,99600.0,AE14,0.7,PRD-PLAT-ENT,CSM14,2024-02-05T09:00:00Z
CTR00133,ACC0071,2022-04-08,2022-05-07,2023-05-06,12,True,expired,monthly,EUR,5000.0,0.2,6000.0,72000.0,60,BIL6033,CSM14,Entity-3,flat,0,0.0,none,platinum,enterprise,False,ap-southeast-1,72000.0,AE14,0.88,PRD-PLAT-ENT,CSM14,2022-04-08T09:00:00Z
CTR00134,ACC0071,2022-01-10,2022-01-20,2024-01-19,24,False,expired,monthly,EUR,5000.0,0.15,6250.0,75000.0,60,BIL6290,CSM14,Entity-1,flat,0,0.0,none,platinum,enterprise,False,ap-southeast-1,75000.0,AE14,0.71,PRD-PLAT-ENT,CSM14,2022-01-10T09:00:00Z
CTR00135,ACC0072,2024-07-21,2024-08-10,2026-08-09,24,True,active,monthly,EUR,5000.0,0.05,8250.0,99000.0,60,BIL3372,CSM10,Entity-3,mixed,0,0.0,none,platinum,enterprise,True,us-west-2,99000.0,AE07,0.76,PRD-PLAT-ENT,CSM10,2024-07-21T09:00:00Z
CTR00136,ACC0073,2022-10-18,2022-11-01,2024-10-31,24,False,expired,monthly,USD,5000.0,0.1,8500.0,102000.0,30,BIL7986,CSM20,Entity-3,mixed,0,0.0,none,platinum,enterprise,True,eu-west-1,102000.0,AE13,0.76,PRD-PLAT-ENT,CSM20,2022-10-18T09:00:00Z
CTR00137,ACC0073,2024-02-07,2024-02-17,2025-02-16,12,False,expired,monthly,USD,5000.0,0.15,6250.0,75000.0,30,BIL7991,CSM20,Entity-2,flat,0,0.0,none,platinum,enterprise,False,eu-west-1,75000.0,AE13,0.86,PRD-PLAT-ENT,CSM20,2024-02-07T09:00:00Z
CTR00138,ACC0074,2022-06-26,2022-07-24,2024-07-23,24,True,expired,monthly,GBP,5000.0,0.2,7050.0,84600.0,30,BIL4552,CSM14,Entity-2,mixed,0,0.0,none,platinum,enterprise,True,ap-southeast-1,84600.0,AE10,0.86,PRD-PLAT-ENT,CSM14,2022-06-26T09:00:00Z
CTR00139,ACC0074,2023-10-27,2023-11-08,2025-11-07,24,True,active,monthly,GBP,5000.0,0.15,6250.0,75000.0,60,BIL1328,CSM14,Entity-1,flat,0,0.0,none,platinum,enterprise,False,ap-southeast-1,75000.0,AE10,0.73,PRD-PLAT-ENT,CSM14,2023-10-27T09:00:00Z
CTR00140,ACC0074,2024-01-03,2024-02-01,2025-01-31,12,False,expired,monthly,GBP,5000.0,0.05,6750.0,81000.0,30,BIL3043,CSM14,Entity-1,flat,0,0.0,none,platinum,enterprise,False,ap-southeast-1,81000.0,AE10,0.55,PRD-PLAT-ENT,CSM14,2024-01-03T09:00:00Z
CTR00141,ACC0075,2023-06-22,2023-07-01,2024-06-30,12,False,expired,monthly,EUR,5000.0,0.1,9000.0,108000.0,45,BIL2907,CSM03,Entity-1,mixed,0,0.0,none,platinum,enterprise,True,us-west-2,108000.0,AE09,0.75,PRD-PLAT-ENT,CSM03,2023-06-22T09:00:00Z
CTR00142,ACC0076,2022-04-11,2022-05-07,2025-05-06,36,True,expired,monthly,USD,5000.0,0.0,7000.0,84000.0,30,BIL4147,CSM10,Entity-3,mixed,0,0.0,none,platinum,enterprise,True,ap-southeast-1,84000.0,AE08,0.95,PRD-PLAT-ENT,CSM10,2022-04-11T09:00:00Z
CTR00143,ACC0077,2024-02-14,2024-03-05,2026-03-04,24,True,active,monthly,USD,5000.0,0.0,9050.0,108600.0,45,BIL6861,CSM12,Entity-2,mixed,0,0.0,none,platinum,enterprise,True,ap-southeast-1,108600.0,AE15,0.96,PRD-PLAT-ENT,CSM12,2024-02-14T09:00:00Z
CTR00144,ACC0078,2024-01-18,2024-02-01,2026-01-31,24,True,active,monthly,EUR,5000.0,0.05,6750.0,81000.0,30,BIL7527,CSM09,Entity-5,mixed,0,0.0,none,platinum,enterprise,True,ap-southeast-1,81000.0,AE10,0.63,PRD-PLAT-ENT,CSM09,2024-01-18T09:00:00Z
CTR00145,ACC0078,2024-12-14,2024-12-25,2025-12-24,12,True,active,monthly,EUR,5000.0,0.1,6500.0,78000.0,30,BIL6478,CSM09,Entity-5,flat,0,0.0,none,platinum,enterprise,False,ap-southeast-1,78000.0,AE10,0.89,PRD-PLAT-ENT,CSM09,2024-12-14T09:00:00Z
CTR00146,ACC0079,2024-09-30,2024-10-10,2026-10-09,24,True,active,monthly,EUR,5000.0,0.0,8000.0,96000.0,30,BIL3543,CSM08,Entity-4,mixed,0,0.0,none,platinum,enterprise,True,ap-southeast-1,96000.0,AE10,0.81,PRD-PLAT-ENT,CSM08,2024-09-30T09:00:00Z
CTR00147,ACC0079,2023-07-21,2023-08-17,2024-08-16,12,True,expired,monthly,EUR,5000.0,0.15,6250.0,75000.0,30,BIL1834,CSM08,Entity-4,flat,0,0.0,none,platinum,enterprise,False,ap-southeast-1,75000.0,AE10,0.93,PRD-PLAT-ENT,CSM08,2023-07-21T09:00:00Z
CTR00148,ACC0079,2023-02-08,2023-03-01,2026-02-28,36,True,active,monthly,EUR,5000.0,0.0,7000.0,84000.0,30,BIL7134,CSM08,Entity-2,flat,0,0.0,none,platinum,enterprise,False,ap-southeast-1,84000.0,AE10,0.79,PRD-PLAT-ENT,CSM08,2023-02-08T09:00:00Z
CTR00149,ACC0080,2022-02-12,2022-03-13,2024-03-12,24,True,expired,monthly,EUR,5000.0,0.2,8550.0,102600.0,45,BIL2658,CSM17,Entity-3,mixed,0,0.0,none,platinum,enterprise,True,us-west-2,102600.0,AE03,0.58,PRD-PLAT-ENT,CSM17,2022-02-12T09:00:00Z
CTR00150,ACC0081,2024-08-03,2024-08-21,2025-08-20,12,True,active,monthly,USD,5000.0,0.0,7350.0,88200.0,30,BIL2023,CSM15,Entity-5,mixed,0,0.0,none,platinum,enterprise,True,us-west-2,88200.0,AE02,0.71,PRD-PLAT-ENT,CSM15,2024-08-03T09:00:00Z
CTR00151,ACC0081,2024-04-19,2024-05-14,2026-05-13,24,False,active,monthly,USD,5000.0,0.15,6250.0,75000.0,30,BIL8595,CSM15,Entity-5,flat,0,0.0,none,platinum,enterprise,False,us-west-2,75000.0,AE02,0.77,PRD-PLAT-ENT,CSM15,2024-04-19T09:00:00Z
CTR00152,ACC0081,2024-07-29,2024-08-15,2025-08-14,12,True,active,monthly,USD,5000.0,0.0,7000.0,84000.0,60,BIL7317,CSM15,Entity-3,flat,0,0.0,none,platinum,enterprise,False,us-west-2,84000.0,AE02,0.68,PRD-PLAT-ENT,CSM15,2024-07-29T09:00:00Z
CTR00153,ACC0082,2024-05-01,2024-05-23,2027-05-22,36,True,active,monthly,GBP,5000.0,0.05,6800.0,81600.0,45,BIL1711,CSM08,Entity-1,mixed,0,0.0,none,platinum,enterprise,True,us-west-2,81600.0,AE02,0.92,PRD-PLAT-ENT,CSM08,2024-05-01T09:00:00Z
CTR00154,ACC0082,2022-06-27,2022-07-22,2023-07-21,12,False,expired,monthly,GBP,5000.0,0.15,6250.0,75000.0,30,BIL2829,CSM08,Entity-2,flat,0,0.0,none,platinum,enterprise,False,us-west-2,75000.0,AE02,0.61,PRD-PLAT-ENT,CSM08,2022-06-27T09:00:00Z
CTR00155,ACC0083,2022-01-18,2022-02-01,2024-01-31,24,True,expired,monthly,GBP,5000.0,0.0,9500.0,114000.0,60,BIL6470,CSM18,Entity-5,mixed,0,0.0,none,platinum,enterprise,True,us-west-2,114000.0,AE13,0.77,PRD-PLAT-ENT,CSM18,2022-01-18T09:00:00Z
CTR00156,ACC0083,2024-07-08,2024-07-19,2025-07-18,12,False,active,monthly,GBP,5000.0,0.2,6000.0,72000.0,30,BIL9950,CSM18,Entity-2,flat,0,0.0,none,platinum,enterprise,False,us-west-2,72000.0,AE13,0.62,PRD-PLAT-ENT,CSM18,2024-07-08T09:00:00Z
CTR00157,ACC0084,2022-05-20,2022-06-13,2023-06-12,12,True,expired,monthly,USD,5000.0,0.0,7850.0,94200.0,45,BIL2804,CSM15,Entity-4,mixed,0,0.0,none,platinum,enterprise,True,ap-southeast-1,94200.0,AE04,0.79,PRD-PLAT-ENT,CSM15,2022-05-20T09:00:00Z
CTR00158,ACC0085,2023-12-08,2024-01-06,2027-01-05,36,True,active,monthly,EUR,5000.0,0.1,7800.0,93600.0,45,BIL2751,CSM13,Entity-5,mixed,0,0.0,none,platinum,enterprise,True,us-east-1,93600.0,AE05,0.62,PRD-PLAT-ENT,CSM13,2023-12-08T09:00:00Z
CTR00159,ACC0085,2023-03-31,2023-04-26,2024-04-25,12,False,expired,monthly,EUR,5000.0,0.05,6750.0,81000.0,45,BIL4801,CSM13,Entity-4,flat,0,0.0,none,platinum,enterprise,False,us-east-1,81000.0,AE05,0.75,PRD-PLAT-ENT,CSM13,2023-03-31T09:00:00Z
CTR00160,ACC0086,2022-05-29,2022-06-13,2023-06-12,12,True,expired,monthly,EUR,5000.0,0.0,7000.0,84000.0,30,BIL9233,CSM16,Entity-5,mixed,0,0.0,none,platinum,enterprise,True,ap-southeast-1,84000.0,AE03,0.96,PRD-PLAT-ENT,CSM16,2022-05-29T09:00:00Z
CTR00161,ACC0086,2024-01-20,2024-02-15,2026-02-14,24,True,active,monthly,EUR,5000.0,0.05,6750.0,81000.0,30,BIL7062,CSM16,Entity-1,flat,0,0.0,none,platinum,enterprise,False,ap-southeast-1,81000.0,AE03,0.85,PRD-PLAT-ENT,CSM16,2024-01-20T09:00:00Z
CTR00162,ACC0087,2023-11-18,2023-12-09,2025-12-08,24,False,active,monthly,GBP,5000.0,0.0,8000.0,96000.0,60,BIL4336,CSM08,Entity-2,mixed,0,0.0,none,platinum,enterprise,True,eu-west-1,96000.0,AE12,0.56,PRD-PLAT-ENT,CSM08,2023-11-18T09:00:00Z
CTR00163,ACC0087,2022-03-02,2022-03-11,2024-03-10,24,True,expired,monthly,GBP,5000.0,0.2,6000.0,72000.0,30,BIL8832,CSM08,Entity-5,flat,0,0.0,none,platinum,enterprise,False,eu-west-1,72000.0,AE12,0.78,PRD-PLAT-ENT,CSM08,2022-03-02T09:00:00Z
CTR00164,ACC0088,2022-10-03,2022-10-25,2023-10-24,12,True,expired,monthly,USD,5000.0,0.1,7000.0,84000.0,30,BIL8211,CSM04,Entity-1,mixed,0,0.0,none,platinum,enterprise,True,us-east-1,84000.0,AE06,0.58,PRD-PLAT-ENT,CSM04,2022-10-03T09:00:00Z
CTR00165,ACC0089,2023-02-21,2023-03-09,2025-03-08,24,True,expired,monthly,USD,5000.0,0.0,7000.0,84000.0,30,BIL7600,CSM05,Entity-2,mixed,0,0.0,none,platinum,enterprise,True,ap-southeast-1,84000.0,AE15,0.7,PRD-PLAT-ENT,CSM05,2023-02-21T09:00:00Z
CTR00166,ACC0089,2024-07-12,2024-07-23,2026-07-22,24,False,active,monthly,USD,5000.0,0.0,7000.0,84000.0,30,BIL1208,CSM05,Entity-3,flat,0,0.0,none,platinum,enterprise,False,ap-southeast-1,84000.0,AE15,0.9,PRD-PLAT-ENT,CSM05,2024-07-12T09:00:00Z
CTR00167,ACC0090,2024-06-21,2024-07-16,2026-07-15,24,True,active,monthly,USD,5000.0,0.0,7300.0,87600.0,60,BIL2545,CSM13,Entity-3,mixed,0,0.0,none,platinum,enterprise,True,us-east-1,87600.0,AE05,0.79,PRD-PLAT-ENT,CSM13,2024-06-21T09:00:00Z
CTR00168,ACC0091,2023-10-22,2023-11-07,2024-11-06,12,True,expired,monthly,EUR,5000.0,0.0,7000.0,84000.0,30,BIL5938,CSM13,Entity-2,mixed,0,0.0,none,platinum,enterprise,True,us-east-1,84000.0,AE13,0.8,PRD-PLAT-ENT,CSM13,2023-10-22T09:00:00Z
CTR00169,ACC0091,2023-02-26,2023-03-20,2024-03-19,12,True,expired,monthly,EUR,5000.0,0.05,6750.0,81000.0,30,BIL5469,CSM13,Entity-5,flat,0,0.0,none,platinum,enterprise,False,us-east-1,81000.0,AE13,0.62,PRD-PLAT-ENT,CSM13,2023-02-26T09:00:00Z
CTR00170,ACC0091,2022-04-16,2022-05-01,2024-04-30,24,True,expired,monthly,EUR,5000.0,0.05,6750.0,81000.0,30,BIL2027,CSM13,Entity-3,flat,0,0.0,none,platinum,enterprise,False,us-east-1,81000.0,AE13,0.74,PRD-PLAT-ENT,CSM13,2022-04-16T09:00:00Z
CTR00171,ACC0092,2023-01-01,2023-01-19,2025-01-18,24,True,expired,monthly,GBP,5000.0,0.2,6350.0,76200.0,30,BIL5681,CSM09,Entity-5,mixed,0,0.0,none,platinum,enterprise,True,ap-southeast-1,76200.0,AE01,0.95,PRD-PLAT-ENT,CSM09,2023-01-01T09:00:00Z
CTR00172,ACC0092,2024-09-18,2024-10-11,2027-10-10,36,True,active,monthly,GBP,5000.0,0.1,6500.0,78000.0,45,BIL4227,CSM09,Entity-4,flat,0,0.0,none,platinum,enterprise,False,ap-southeast-1,78000.0,AE01,0.68,PRD-PLAT-ENT,CSM09,2024-09-18T09:00:00Z
CTR00173,ACC0093,2022-09-19,2022-10-01,2025-09-30,36,True,active,monthly,EUR,5000.0,0.05,6750.0,81000.0,45,BIL3520,CSM16,Entity-4,mixed,0,0.0,none,platinum,enterprise,True,ap-southeast-1,81000.0,AE15,0.7,PRD-PLAT-ENT,CSM16,2022-09-19T09:00:00Z
CTR00174,ACC0094,2024-07-11,2024-07-22,2027-07-21,36,True,active,monthly,EUR,5000.0,0.1,6500.0,78000.0,60,BIL1226,CSM13,Entity-5,mixed,0,0.0,none,platinum,enterprise,True,us-east-1,78000.0,AE10,0.89,PRD-PLAT-ENT,CSM13,2024-07-11T09:00:00Z
CTR00175,ACC0094,2024-03-22,2024-04-14,2027-04-13,36,True,active,monthly,EUR,5000.0,0.0,7000.0,84000.0,30,BIL7876,CSM13,Entity-3,flat,0,0.0,none,platinum,enterprise,False,us-east-1,84000.0,AE10,0.92,PRD-PLAT-ENT,CSM13,2024-03-22T09:00:00Z
CTR00176,ACC0095,2023-02-01,2023-02-14,2024-02-13,12,True,expired,monthly,USD,5000.0,0.15,7750.0,93000.0,30,BIL9765,CSM05,Entity-2,mixed,0,0.0,none,platinum,enterprise,True,eu-west-1,93000.0,AE06,0.93,PRD-PLAT-ENT,CSM05,2023-02-01T09:00:00Z
CTR00177,ACC0096,2024-08-10,2024-09-01,2026-08-31,24,True,active,monthly,GBP,5000.0,0.1,6800.0,81600.0,30,BIL1427,CSM01,Entity-3,mixed,0,0.0,none,platinum,enterprise,True,ap-southeast-1,81600.0,AE13,0.77,PRD-PLAT-ENT,CSM01,2024-08-10T09:00:00Z
CTR00178,ACC0096,2024-04-15,2024-05-10,2025-05-09,12,True,expired,monthly,GBP,5000.0,0.0,7000.0,84000.0,30,BIL5609,CSM01,Entity-4,flat,0,0.0,none,platinum,enterprise,False,ap-southeast-1,84000.0,AE13,0.74,PRD-PLAT-ENT,CSM01,2024-04-15T09:00:00Z
CTR00179,ACC0097,2024-09-29,2024-10-23,2026-10-22,24,False,active,monthly,USD,5000.0,0.1,6500.0,78000.0,45,BIL7926,CSM16,Entity-1,mixed,0,0.0,none,platinum,enterprise,True,ap-southeast-1,78000.0,AE04,0.89,PRD-PLAT-ENT,CSM16,2024-09-29T09:00:00Z
CTR00180,ACC0098,2023-02-19,2023-03-01,2024-02-29,12,True,expired,monthly,USD,5000.0,0.15,7100.0,85200.0,30,BIL9228,CSM17,Entity-5,mixed,0,0.0,none,platinum,enterprise,True,us-east-1,85200.0,AE01,0.88,PRD-PLAT-ENT,CSM17,2023-02-19T09:00:00Z
CTR00181,ACC0098,2022-09-25,2022-10-08,2024-10-07,24,False,expired,monthly,USD,5000.0,0.0,7000.0,84000.0,30,BIL6123,CSM17,Entity-3,flat,0,0.0,none,platinum,enterprise,False,us-east-1,84000.0,AE01,0.67,PRD-PLAT-ENT,CSM17,2022-09-25T09:00:00Z
CTR00182,ACC0099,2024-09-21,2024-10-01,2025-09-30,12,True,active,monthly,USD,5000.0,0.1,7050.0,84600.0,30,BIL5278,CSM02,Entity-4,mixed,0,0.0,none,platinum,enterprise,True,us-east-1,84600.0,AE15,0.71,PRD-PLAT-ENT,CSM02,2024-09-21T09:00:00Z
CTR00183,ACC0099,2024-12-02,2024-12-12,2026-12-11,24,False,active,monthly,USD,5000.0,0.15,6250.0,75000.0,45,BIL7564,CSM02,Entity-2,flat,0,0.0,none,platinum,enterprise,False,us-east-1,75000.0,AE15,0.83,PRD-PLAT-ENT,CSM02,2024-12-02T09:00:00Z
CTR00184,ACC0100,2024-02-20,2024-03-01,2026-02-28,24,True,active,monthly,EUR,5000.0,0.0,8550.0,102600.0,30,BIL3313,CSM04,Entity-2,mixed,0,0.0,none,platinum,enterprise,True,ap-southeast-1,102600.0,AE08,0.97,PRD-PLAT-ENT,CSM04,2024-02-20T09:00:00Z
CTR00185,ACC0101,2022-07-02,2022-07-16,2024-07-15,24,False,expired,monthly,EUR,2000.0,0.1,2300.0,27600.0,45,BIL6476,CSM16,Entity-3,flat,0,0.0,none,gold,professional,False,ap-southeast-1,27600.0,AE04,0.89,PRD-PLAT-MM,CSM16,2022-07-02T09:00:00Z
CTR00186,ACC0102,2024-05-07,2024-05-19,2025-05-18,12,True,expired,monthly,EUR,2000.0,0.15,2700.0,32400.0,60,BIL5967,CSM13,Entity-3,mixed,0,0.0,none,gold,professional,False,us-east-1,32400.0,AE11,0.71,PRD-PLAT-MM,CSM13,2024-05-07T09:00:00Z
CTR00187,ACC0103,2024-05-15,2024-06-09,2026-06-08,24,False,active,monthly,USD,2000.0,0.2,2100.0,25200.0,30,BIL2845,CSM11,Entity-3,flat,0,0.0,none,gold,professional,False,eu-west-1,25200.0,AE01,0.56,PRD-PLAT-MM,CSM11,2024-05-15T09:00:00Z
CTR00188,ACC0103,2023-03-26,2023-04-05,2025-04-04,24,False,expired,monthly,USD,2000.0,0.05,2400.0,28800.0,30,BIL6262,CSM11,Entity-2,flat,0,0.0,none,gold,professional,False,eu-west-1,28800.0,AE01,0.61,PRD-PLAT-MM,CSM11,2023-03-26T09:00:00Z
CTR00189,ACC0104,2023-05-17,2023-06-05,2024-06-04,12,False,expired,monthly,USD,2000.0,0.15,2200.0,26400.0,30,BIL9847,CSM11,Entity-4,flat,0,0.0,none,gold,professional,False,us-west-2,26400.0,AE14,0.83,PRD-PLAT-MM,CSM11,2023-05-17T09:00:00Z
CTR00190,ACC0105,2022-05-13,2022-05-21,2023-05-20,12,True,expired,monthly,USD,2000.0,0.2,2100.0,25200.0,30,BIL1310,CSM15,Entity-4,flat,0,0.0,none,gold,professional,False,ap-southeast-1,25200.0,AE11,0.66,PRD-PLAT-MM,CSM15,2022-05-13T09:00:00Z
CTR00191,ACC0106,2022-01-30,2022-02-20,2023-02-19,12,True,expired,monthly,USD,2000.0,0.0,2500.0,30000.0,30,BIL8520,CSM05,Entity-1,flat,0,0.0,none,gold,professional,False,ap-southeast-1,30000.0,AE14,0.86,PRD-PLAT-MM,CSM05,2022-01-30T09:00:00Z
CTR00192,ACC0107,2022-07-29,2022-08-19,2023-08-18,12,False,expired,monthly,USD,2000.0,0.0,3500.0,42000.0,30,BIL9149,CSM20,Entity-2,mixed,0,0.0,none,gold,professional,False,eu-west-1,42000.0,AE02,0.77,PRD-PLAT-MM,CSM20,2022-07-29T09:00:00Z
CTR00193,ACC0107,2023-04-19,2023-05-05,2024-05-04,12,True,expired,monthly,USD,2000.0,0.05,2700.0,32400.0,30,BIL2170,CSM20,Entity-2,mixed,0,0.0,none,gold,professional,False,eu-west-1,32400.0,AE02,0.98,PRD-PLAT-MM,CSM20,2023-04-19T09:00:00Z
CTR00194,ACC0108,2022-04-11,2022-04-26,2024-04-25,24,True,expired,monthly,EUR,2000.0,0.0,2500.0,30000.0,45,BIL6426,CSM16,Entity-5,flat,0,0.0,none,gold,professional,False,eu-west-1,30000.0,AE15,0.97,PRD-PLAT-MM,CSM16,2022-04-11T09:00:00Z
CTR00195,ACC0109,2022-04-27,2022-05-08,2023-05-07,12,True,expired,monthly,USD,2000.0,0.1,2300.0,27600.0,30,BIL9317,CSM09,Entity-5,flat,0,0.0,none,gold,professional,False,us-west-2,27600.0,AE03,0.95,PRD-PLAT-MM,CSM09,2022-04-27T09:00:00Z
CTR00196,ACC0110,2023-08-08,2023-08-15,2025-08-14,24,True,active,monthly,USD,2000.0,0.15,3200.0,38400.0,60,BIL4146,CSM02,Entity-2,mixed,0,0.0,none,gold,professional,False,ap-southeast-1,38400.0,AE01,0.86,PRD-PLAT-MM,CSM02,2023-08-08T09:00:00Z
CTR00197,ACC0111,2022-02-26,2022-03-19,2024-03-18,24,True,expired,monthly,USD,2000.0,0.0,2500.0,30000.0,60,BIL7991,CSM03,Entity-4,flat,0,0.0,none,gold,professional,False,ap-southeast-1,30000.0,AE01,0.89,PRD-PLAT-MM,CSM03,2022-02-26T09:00:00Z
CTR00198,ACC0111,2022-10-03,2022-10-10,2024-10-09,24,False,expired,monthly,USD,2000.0,0.05,3900.0,46800.0,30,BIL6244,CSM03,Entity-3,mixed,0,0.0,none,gold,professional,False,ap-southeast-1,46800.0,AE01,0.61,PRD-PLAT-MM,CSM03,2022-10-03T09:00:00Z
CTR00199,ACC0112,2023-01-31,2023-02-14,2025-02-13,24,True,expired,monthly,USD,2000.0,0.0,4000.0,48000.0,30,BIL5300,CSM08,Entity-3,mixed,0,0.0,none,gold,professional,False,us-east-1,48000.0,AE12,0.57,PRD-PLAT-MM,CSM08,2023-01-31T09:00:00Z
CTR00200,ACC0113,2022-08-13,2022-08-20,2024-08-19,24,True,expired,monthly,USD,2000.0,0.1,3300.0,39600.0,30,BIL1819,CSM01,Entity-3,mixed,0,0.0,none,gold,professional,False,eu-west-1,39600.0,AE02,0.57,PRD-PLAT-MM,CSM01,2022-08-13T09:00:00Z
CTR00201,ACC0114,2022-05-18,2022-06-11,2024-06-10,24,True,expired,monthly,USD,2000.0,0.2,2100.0,25200.0,30,BIL9559,CSM05,Entity-2,flat,0,0.0,none,gold,professional,False,us-west-2,25200.0,AE10,0.65,PRD-PLAT-MM,CSM05,2022-05-18T09:00:00Z
CTR00202,ACC0114,2022-07-03,2022-07-21,2024-07-20,24,False,expired,monthly,USD,2000.0,0.0,2500.0,30000.0,30,BIL8064,CSM05,Entity-4,flat,0,0.0,none,gold,professional,False,us-west-2,30000.0,AE10,0.55,PRD-PLAT-MM,CSM05,2022-07-03T09:00:00Z
CTR00203,ACC0115,2024-03-03,2024-03-23,2025-03-22,12,True,expired,monthly,EUR,2000.0,0.1,2300.0,27600.0,45,BIL5676,CSM17,Entity-4,flat,0,0.0,none,gold,professional,False,us-west-2,27600.0,AE01,0.73,PRD-PLAT-MM,CSM17,2024-03-03T09:00:00Z
CTR00204,ACC0115,2024-10-02,2024-10-12,2025-10-11,12,True,active,monthly,EUR,2000.0,0.0,2500.0,30000.0,30,BIL4532,CSM17,Entity-1,mixed,0,0.0,none,gold,professional,False,us-west-2,30000.0,AE01,0.67,PRD-PLAT-MM,CSM17,2024-10-02T09:00:00Z
CTR00205,ACC0116,2022-10-23,2022-11-13,2024-11-12,24,False,expired,monthly,USD,2000.0,0.2,2100.0,25200.0,30,BIL1711,CSM11,Entity-3,flat,0,0.0,none,gold,professional,False,eu-west-1,25200.0,AE05,0.87,PRD-PLAT-MM,CSM11,2022-10-23T09:00:00Z
CTR00206,ACC0116,2024-01-12,2024-01-19,2025-01-18,12,True,expired,monthly,USD,2000.0,0.15,2200.0,26400.0,30,BIL3135,CSM11,Entity-3,flat,0,0.0,none,gold,professional,False,eu-west-1,26400.0,AE05,0.66,PRD-PLAT-MM,CSM11,2024-01-12T09:00:00Z
CTR00207,ACC0117,2024-01-16,2024-02-10,2026-02-09,24,True,active,monthly,EUR,2000.0,0.05,2400.0,28800.0,60,BIL8967,CSM04,Entity-3,flat,0,0.0,none,gold,professional,False,eu-west-1,28800.0,AE13,0.79,PRD-PLAT-MM,CSM04,2024-01-16T09:00:00Z
CTR00208,ACC0117,2024-05-08,2024-05-18,2026-05-17,24,True,active,monthly,EUR,2000.0,0.0,2500.0,30000.0,30,BIL2598,CSM04,Entity-5,flat,0,0.0,none,gold,professional,False,eu-west-1,30000.0,AE13,0.89,PRD-PLAT-MM,CSM04,2024-05-08T09:00:00Z
CTR00209,ACC0118,2022-09-20,2022-10-05,2025-10-04,36,False,active,monthly,USD,2000.0,0.15,2200.0,26400.0,30,BIL9928,CSM02,Entity-3,flat,0,0.0,none,gold,professional,False,us-east-1,26400.0,AE07,0.68,PRD-PLAT-MM,CSM02,2022-09-20T09:00:00Z
CTR00210,ACC0119,2024-06-28,2024-07-22,2027-07-21,36,False,active,monthly,USD,2000.0,0.05,2400.0,28800.0,45,BIL6759,CSM08,Entity-3,flat,0,0.0,none,gold,professional,False,us-east-1,28800.0,AE14,0.86,PRD-PLAT-MM,CSM08,2024-06-28T09:00:00Z
CTR00211,ACC0119,2024-07-07,2024-07-26,2027-07-25,36,True,active,monthly,USD,2000.0,0.0,2500.0,30000.0,30,BIL1811,CSM08,Entity-2,flat,0,0.0,none,gold,professional,False,us-east-1,30000.0,AE14,0.83,PRD-PLAT-MM,CSM08,2024-07-07T09:00:00Z
CTR00212,ACC0120,2022-11-18,2022-12-08,2023-12-07,12,True,expired,monthly,USD,2000.0,0.0,2550.0,30600.0,45,BIL7150,CSM06,Entity-5,mixed,0,0.0,none,gold,professional,False,us-west-2,30600.0,AE07,0.8,PRD-PLAT-MM,CSM06,2022-11-18T09:00:00Z
CTR00213,ACC0120,2024-09-11,2024-10-01,2025-09-30,12,True,active,monthly,USD,2000.0,0.0,2800.0,33600.0,30,BIL3672,CSM06,Entity-5,mixed,0,0.0,none,gold,professional,False,us-west-2,33600.0,AE07,0.96,PRD-PLAT-MM,CSM06,2024-09-11T09:00:00Z
CTR00214,ACC0121,2022-03-04,2022-03-22,2025-03-21,36,True,expired,monthly,USD,2000.0,0.1,2300.0,27600.0,30,BIL5256,CSM17,Entity-3,mixed,0,0.0,none,gold,professional,False,us-east-1,27600.0,AE08,0.83,PRD-PLAT-MM,CSM17,2022-03-04T09:00:00Z
CTR00215,ACC0122,2023-01-28,2023-02-24,2025-02-23,24,True,expired,monthly,EUR,2000.0,0.0,2550.0,30600.0,45,BIL4087,CSM19,Entity-3,mixed,0,0.0,none,gold,professional,False,eu-west-1,30600.0,AE05,0.86,PRD-PLAT-MM,CSM19,2023-01-28T09:00:00Z
CTR00216,ACC0123,2024-07-21,2024-08-08,2025-08-07,12,True,active,monthly,EUR,2000.0,0.0,2500.0,30000.0,45,BIL3640,CSM11,Entity-4,flat,0,0.0,none,gold,professional,False,ap-southeast-1,30000.0,AE05,0.85,PRD-PLAT-MM,CSM11,2024-07-21T09:00:00Z
CTR00217,ACC0123,2024-09-11,2024-10-09,2025-10-08,12,True,active,monthly,EUR,2000.0,0.0,2500.0,30000.0,30,BIL3874,CSM11,Entity-3,mixed,0,0.0,none,gold,professional,False,ap-southeast-1,30000.0,AE05,0.89,PRD-PLAT-MM,CSM11,2024-09-11T09:00:00Z
CTR00218,ACC0124,2024-05-02,2024-05-25,2025-05-24,12,True,expired,monthly,USD,2000.0,0.15,2200.0,26400.0,30,BIL3111,CSM11,Entity-2,flat,0,0.0,none,gold,professional,False,ap-southeast-1,26400.0,AE15,0.72,PRD-PLAT-MM,CSM11,2024-05-02T09:00:00Z
CTR00219,ACC0125,2023-11-23,2023-12-10,2024-12-09,12,True,expired,monthly,USD,2000.0,0.15,2200.0,26400.0,45,BIL4692,CSM04,Entity-1,flat,0,0.0,none,gold,professional,False,us-east-1,26400.0,AE01,0.74,PRD-PLAT-MM,CSM04,2023-11-23T09:00:00Z
CTR00220,ACC0126,2023-03-08,2023-04-01,2024-03-31,12,True,expired,monthly,USD,2000.0,0.05,2400.0,28800.0,30,BIL5781,CSM08,Entity-5,flat,0,0.0,none,gold,professional,False,us-west-2,28800.0,AE02,0.9,PRD-PLAT-MM,CSM08,2023-03-08T09:00:00Z
CTR00221,ACC0127,2024-03-05,2024-03-18,2027-03-17,36,False,active,monthly,USD,2000.0,0.0,3000.0,36000.0,45,BIL1620,CSM06,Entity-3,mixed,0,0.0,none,gold,professional,False,eu-west-1,36000.0,AE13,0.57,PRD-PLAT-MM,CSM06,2024-03-05T09:00:00Z
CTR00222,ACC0127,2024-11-03,2024-11-20,2025-11-19,12,True,active,monthly,USD,2000.0,0.0,2500.0,30000.0,60,BIL3966,CSM06,Entity-4,flat,0,0.0,none,gold,professional,False,eu-west-1,30000.0,AE13,0.84,PRD-PLAT-MM,CSM06,2024-11-03T09:00:00Z
CTR00223,ACC0128,2023-06-17,2023-07-05,2024-07-04,12,True,expired,monthly,USD,2000.0,0.05,2400.0,28800.0,30,BIL6015,CSM01,Entity-5,flat,0,0.0,none,gold,professional,False,us-west-2,28800.0,AE02,0.69,PRD-PLAT-MM,CSM01,2023-06-17T09:00:00Z
CTR00224,ACC0128,2023-08-30,2023-09-25,2026-09-24,36,True,active,monthly,USD,2000.0,0.05,2400.0,28800.0,30,BIL1508,CSM01,Entity-1,flat,0,0.0,none,gold,professional,False,us-west-2,28800.0,AE02,0.95,PRD-PLAT-MM,CSM01,2023-08-30T09:00:00Z
CTR00225,ACC0129,2022-03-31,2022-04-18,2024-04-17,24,True,expired,monthly,USD,2000.0,0.1,2300.0,27600.0,45,BIL6371,CSM20,Entity-5,flat,0,0.0,none,gold,professional,False,us-east-1,27600.0,AE06,0.56,PRD-PLAT-MM,CSM20,2022-03-31T09:00:00Z
CTR00226,ACC0129,2024-01-28,2024-02-13,2025-02-12,12,False,expired,monthly,USD,2000.0,0.0,2500.0,30000.0,60,BIL3638,CSM20,Entity-3,mixed,0,0.0,none,gold,professional,False,us-east-1,30000.0,AE06,0.97,PRD-PLAT-MM,CSM20,2024-01-28T09:00:00Z
CTR00227,ACC0130,2024-10-18,2024-11-05,2025-11-04,12,True,active,monthly,USD,2000.0,0.0,2500.0,30000.0,30,BIL8769,CSM16,Entity-4,flat,0,0.0,none,gold,professional,False,us-west-2,30000.0,AE02,0.56,PRD-PLAT-MM,CSM16,2024-10-18T09:00:00Z
CTR00228,ACC0130,2024-05-10,2024-06-06,2025-06-05,12,True,expired,monthly,USD,2000.0,0.2,2100.0,25200.0,45,BIL6607,CSM16,Entity-4,flat,0,0.0,none,gold,professional,False,us-west-2,25200.0,AE02,0.9,PRD-PLAT-MM,CSM16,2024-05-10T09:00:00Z
CTR00229,ACC0131,2022-11-20,2022-12-01,2023-11-30,12,True,expired,monthly,EUR,2000.0,0.1,2300.0,27600.0,45,BIL7847,CSM02,Entity-4,flat,0,0.0,none,gold,professional,False,eu-west-1,27600.0,AE05,0.69,PRD-PLAT-MM,CSM02,2022-11-20T09:00:00Z
CTR00230,ACC0132,2022-05-30,2022-06-13,2023-06-12,12,True,expired,monthly,EUR,2000.0,0.0,2500.0,30000.0,30,BIL6045,CSM08,Entity-5,flat,0,0.0,none,gold,professional,False,us-east-1,30000.0,AE13,0.61,PRD-PLAT-MM,CSM08,2022-05-30T09:00:00Z
CTR00231,ACC0132,2022-08-28,2022-09-13,2023-09-12,12,True,expired,monthly,EUR,2000.0,0.0,2500.0,30000.0,60,BIL5259,CSM08,Entity-1,mixed,0,0.0,none,gold,professional,False,us-east-1,30000.0,AE13,0.8,PRD-PLAT-MM,CSM08,2022-08-28T09:00:00Z
CTR00232,ACC0133,2023-09-26,2023-10-13,2025-10-12,24,False,active,monthly,USD,2000.0,0.2,2150.0,25800.0,60,BIL8512,CSM16,Entity-3,mixed,0,0.0,none,gold,professional,False,us-west-2,25800.0,AE06,0.89,PRD-PLAT-MM,CSM16,2023-09-26T09:00:00Z
CTR00233,ACC0133,2023-03-30,2023-04-09,2024-04-08,12,True,expired,monthly,USD,2000.0,0.1,2300.0,27600.0,30,BIL4123,CSM16,Entity-4,flat,0,0.0,none,gold,professional,False,us-west-2,27600.0,AE06,0.84,PRD-PLAT-MM,CSM16,2023-03-30T09:00:00Z
CTR00234,ACC0134,2023-06-20,2023-07-07,2025-07-06,24,True,active,monthly,EUR,2000.0,0.0,2800.0,33600.0,30,BIL9064,CSM05,Entity-2,mixed,0,0.0,none,gold,professional,False,us-west-2,33600.0,AE13,0.56,PRD-PLAT-MM,CSM05,2023-06-20T09:00:00Z
CTR00235,ACC0134,2022-01-24,2022-02-18,2024-02-17,24,True,expired,monthly,EUR,2000.0,0.05,2400.0,28800.0,30,BIL9552,CSM05,Entity-2,flat,0,0.0,none,gold,professional,False,us-west-2,28800.0,AE13,0.65,PRD-PLAT-MM,CSM05,2022-01-24T09:00:00Z
CTR00236,ACC0135,2024-05-21,2024-06-09,2027-06-08,36,False,active,monthly,EUR,2000.0,0.05,2400.0,28800.0,30,BIL6162,CSM02,Entity-4,flat,0,0.0,none,gold,professional,False,ap-southeast-1,28800.0,AE10,0.86,PRD-PLAT-MM,CSM02,2024-05-21T09:00:00Z
CTR00237,ACC0136,2023-06-10,2023-06-25,2026-06-24,36,True,active,monthly,USD,2000.0,0.05,2400.0,28800.0,30,BIL4640,CSM10,Entity-5,flat,0,0.0,none,gold,professional,False,ap-southeast-1,28800.0,AE05,0.62,PRD-PLAT-MM,CSM10,2023-06-10T09:00:00Z
CTR00238,ACC0137,2024-08-08,2024-08-18,2027-08-17,36,True,active,monthly,EUR,2000.0,0.15,3200.0,38400.0,60,BIL8738,CSM18,Entity-2,mixed,0,0.0,none,gold,professional,False,eu-west-1,38400.0,AE13,0.67,PRD-PLAT-MM,CSM18,2024-08-08T09:00:00Z
CTR00239,ACC0138,2022-12-16,2023-01-07,2024-01-06,12,True,expired,monthly,USD,2000.0,0.1,2300.0,27600.0,30,BIL7751,CSM18,Entity-2,mixed,0,0.0,none,gold,professional,False,eu-west-1,27600.0,AE05,0.61,PRD-PLAT-MM,CSM18,2022-12-16T09:00:00Z
CTR00240,ACC0138,2023-05-09,2023-06-01,2024-05-31,12,True,expired,monthly,USD,2000.0,0.1,2350.0,28200.0,30,BIL1514,CSM18,Entity-2,mixed,0,0.0,none,gold,professional,False,eu-west-1,28200.0,AE05,0.6,PRD-PLAT-MM,CSM18,2023-05-09T09:00:00Z
CTR00241,ACC0139,2023-04-10,2023-05-09,2024-05-08,12,True,expired,monthly,EUR,2000.0,0.2,2100.0,25200.0,30,BIL2883,CSM05,Entity-3,flat,0,0.0,none,gold,professional,False,ap-southeast-1,25200.0,AE06,0.69,PRD-PLAT-MM,CSM05,2023-04-10T09:00:00Z
CTR00242,ACC0140,2022-08-17,2022-09-13,2023-09-12,12,True,expired,monthly,USD,2000.0,0.1,2800.0,33600.0,30,BIL2462,CSM20,Entity-2,mixed,0,0.0,none,gold,professional,False,us-west-2,33600.0,AE13,0.56,PRD-PLAT-MM,CSM20,2022-08-17T09:00:00Z
CTR00243,ACC0140,2024-03-22,2024-04-01,2027-03-31,36,True,active,monthly,USD,2000.0,0.05,2400.0,28800.0,45,BIL5086,CSM20,Entity-3,flat,0,0.0,none,gold,professional,False,us-west-2,28800.0,AE13,0.59,PRD-PLAT-MM,CSM20,2024-03-22T09:00:00Z
CTR00244,ACC0141,2024-11-08,2024-12-07,2026-12-06,24,True,active,monthly,USD,2000.0,0.1,2300.0,27600.0,45,BIL2053,CSM11,Entity-2,flat,0,0.0,none,gold,professional,False,eu-west-1,27600.0,AE14,0.77,PRD-PLAT-MM,CSM11,2024-11-08T09:00:00Z
CTR00245,ACC0142,2024-05-24,2024-06-13,2025-06-12,12,False,expired,monthly,USD,2000.0,0.0,2500.0,30000.0,30,BIL7708,CSM02,Entity-3,flat,0,0.0,none,gold,professional,False,us-east-1,30000.0,AE08,0.7,PRD-PLAT-MM,CSM02,2024-05-24T09:00:00Z
CTR00246,ACC0143,2024-11-09,2024-11-25,2025-11-24,12,True,active,monthly,USD,2000.0,0.1,2300.0,27600.0,30,BIL4882,CSM20,Entity-1,flat,0,0.0,none,gold,professional,False,ap-southeast-1,27600.0,AE11,0.55,PRD-PLAT-MM,CSM20,2024-11-09T09:00:00Z
CTR00247,ACC0144,2024-11-04,2024-12-01,2026-11-30,24,True,active,monthly,USD,2000.0,0.0,2500.0,30000.0,30,BIL3949,CSM20,Entity-2,flat,0,0.0,none,gold,professional,False,us-east-1,30000.0,AE13,0.91,PRD-PLAT-MM,CSM20,2024-11-04T09:00:00Z
CTR00248,ACC0144,2022-11-01,2022-11-26,2024-11-25,24,False,expired,monthly,USD,2000.0,0.05,3400.0,40800.0,30,BIL7891,CSM20,Entity-1,mixed,0,0.0,none,gold,professional,False,us-east-1,40800.0,AE13,0.68,PRD-PLAT-MM,CSM20,2022-11-01T09:00:00Z
CTR00249,ACC0145,2022-08-26,2022-09-19,2023-09-18,12,True,expired,monthly,USD,2000.0,0.05,2450.0,29400.0,30,BIL3276,CSM15,Entity-3,mixed,0,0.0,none,gold,professional,False,ap-southeast-1,29400.0,AE02,0.71,PRD-PLAT-MM,CSM15,2022-08-26T09:00:00Z
CTR00250,ACC0146,2023-03-09,2023-03-23,2024-03-22,12,True,expired,monthly,USD,2000.0,0.1,2300.0,27600.0,30,BIL8427,CSM09,Entity-2,flat,0,0.0,none,gold,professional,False,ap-southeast-1,27600.0,AE02,0.72,PRD-PLAT-MM,CSM09,2023-03-09T09:00:00Z
CTR00251,ACC0146,2024-07-16,2024-08-01,2025-07-31,12,False,active,monthly,USD,2000.0,0.1,2300.0,27600.0,30,BIL2944,CSM09,Entity-3,flat,0,0.0,none,gold,professional,False,ap-southeast-1,27600.0,AE02,0.92,PRD-PLAT-MM,CSM09,2024-07-16T09:00:00Z
CTR00252,ACC0147,2022-10-27,2022-11-20,2025-11-19,36,False,active,monthly,USD,2000.0,0.1,2300.0,27600.0,30,BIL2612,CSM20,Entity-1,flat,0,0.0,none,gold,professional,False,us-east-1,27600.0,AE13,0.68,PRD-PLAT-MM,CSM20,2022-10-27T09:00:00Z
CTR00253,ACC0147,2024-11-13,2024-12-01,2027-11-30,36,False,active,monthly,USD,2000.0,0.05,3900.0,46800.0,30,BIL1629,CSM20,Entity-3,mixed,0,0.0,none,gold,professional,False,us-east-1,46800.0,AE13,0.72,PRD-PLAT-MM,CSM20,2024-11-13T09:00:00Z
CTR00254,ACC0148,2024-04-28,2024-05-22,2025-05-21,12,True,expired,monthly,USD,2000.0,0.0,3500.0,42000.0,60,BIL1912,CSM20,Entity-3,mixed,0,0.0,none,gold,professional,False,ap-southeast-1,42000.0,AE07,0.89,PRD-PLAT-MM,CSM20,2024-04-28T09:00:00Z
CTR00255,ACC0149,2022-01-22,2022-02-10,2023-02-09,12,True,expired,monthly,USD,2000.0,0.05,2400.0,28800.0,30,BIL9351,CSM06,Entity-4,flat,0,0.0,none,gold,professional,False,us-west-2,28800.0,AE07,0.79,PRD-PLAT-MM,CSM06,2022-01-22T09:00:00Z
CTR00256,ACC0150,2022-10-24,2022-11-17,2025-11-16,36,False,active,monthly,EUR,2000.0,0.15,2250.0,27000.0,30,BIL2288,CSM09,Entity-2,mixed,0,0.0,none,gold,professional,False,us-east-1,27000.0,AE03,0.61,PRD-PLAT-MM,CSM09,2022-10-24T09:00:00Z
CTR00257,ACC0151,2024-05-28,2024-06-15,2025-06-14,12,True,expired,monthly,USD,2000.0,0.0,2500.0,30000.0,45,BIL9803,CSM01,Entity-2,flat,0,0.0,none,gold,professional,False,ap-southeast-1,30000.0,AE05,0.81,PRD-PLAT-MM,CSM01,2024-05-28T09:00:00Z
CTR00258,ACC0151,2023-08-03,2023-08-14,2025-08-13,24,False,active,monthly,USD,2000.0,0.1,2300.0,27600.0,30,BIL1484,CSM01,Entity-2,mixed,0,0.0,none,gold,professional,False,ap-southeast-1,27600.0,AE05,0.82,PRD-PLAT-MM,CSM01,2023-08-03T09:00:00Z
CTR00259,ACC0152,2021-12-28,2022-01-13,2024-01-12,24,False,expired,monthly,USD,2000.0,0.0,2500.0,30000.0,30,BIL5562,CSM11,Entity-2,flat,0,0.0,none,gold,professional,False,us-west-2,30000.0,AE09,0.68,PRD-PLAT-MM,CSM11,2021-12-28T09:00:00Z
CTR00260,ACC0153,2024-01-12,2024-01-19,2025-01-18,12,False,expired,monthly,USD,2000.0,0.0,2500.0,30000.0,30,BIL6675,CSM11,Entity-1,flat,0,0.0,none,gold,professional,False,ap-southeast-1,30000.0,AE03,0.85,PRD-PLAT-MM,CSM11,2024-01-12T09:00:00Z
CTR00261,ACC0153,2022-04-29,2022-05-22,2024-05-21,24,True,expired,monthly,USD,2000.0,0.15,2200.0,26400.0,60,BIL8741,CSM11,Entity-2,mixed,0,0.0,none,gold,professional,False,ap-southeast-1,26400.0,AE03,0.98,PRD-PLAT-MM,CSM11,2022-04-29T09:00:00Z
CTR00262,ACC0154,2022-05-06,2022-05-23,2023-05-22,12,True,expired,monthly,USD,2000.0,0.05,2400.0,28800.0,30,BIL8813,CSM06,Entity-5,flat,0,0.0,none,gold,professional,False,eu-west-1,28800.0,AE12,0.9,PRD-PLAT-MM,CSM06,2022-05-06T09:00:00Z
CTR00263,ACC0155,2023-12-19,2024-01-14,2026-01-13,24,True,active,monthly,USD,2000.0,0.0,2500.0,30000.0,45,BIL8864,CSM20,Entity-5,flat,0,0.0,none,gold,professional,False,eu-west-1,30000.0,AE08,0.89,PRD-PLAT-MM,CSM20,2023-12-19T09:00:00Z
CTR00264,ACC0156,2022-07-26,2022-08-14,2023-08-13,12,True,expired,monthly,USD,2000.0,0.1,2300.0,27600.0,30,BIL4475,CSM06,Entity-4,flat,0,0.0,none,gold,professional,False,eu-west-1,27600.0,AE12,0.83,PRD-PLAT-MM,CSM06,2022-07-26T09:00:00Z
CTR00265,ACC0156,2023-04-24,2023-05-06,2026-05-05,36,False,active,monthly,USD,2000.0,0.15,2200.0,26400.0,30,BIL6749,CSM06,Entity-3,flat,0,0.0,none,gold,professional,False,eu-west-1,26400.0,AE12,0.97,PRD-PLAT-MM,CSM06,2023-04-24T09:00:00Z
CTR00266,ACC0157,2023-01-01,2023-01-13,2025-01-12,24,False,expired,monthly,EUR,2000.0,0.15,3700.0,44400.0,45,BIL4965,CSM01,Entity-2,mixed,0,0.0,none,gold,professional,False,eu-west-1,44400.0,AE12,0.64,PRD-PLAT-MM,CSM01,2023-01-01T09:00:00Z
CTR00267,ACC0158,2023-08-01,2023-08-14,2025-08-13,24,True,active,monthly,USD,2000.0,0.0,2500.0,30000.0,30,BIL5659,CSM19,Entity-1,flat,0,0.0,none,gold,professional,False,ap-southeast-1,30000.0,AE06,0.85,PRD-PLAT-MM,CSM19,2023-08-01T09:00:00Z
CTR00268,ACC0159,2024-06-05,2024-06-20,2026-06-19,24,True,active,monthly,USD,2000.0,0.05,2400.0,28800.0,60,BIL6459,CSM04,Entity-5,mixed,0,0.0,none,gold,professional,False,ap-southeast-1,28800.0,AE07,0.84,PRD-PLAT-MM,CSM04,2024-06-05T09:00:00Z
CTR00269,ACC0160,2022-01-25,2022-02-05,2024-02-04,24,True,expired,monthly,USD,2000.0,0.2,2100.0,25200.0,30,BIL2678,CSM06,Entity-1,flat,0,0.0,none,gold,professional,False,eu-west-1,25200.0,AE13,0.97,PRD-PLAT-MM,CSM06,2022-01-25T09:00:00Z
CTR00270,ACC0161,2024-03-15,2024-03-25,2025-03-24,12,True,expired,monthly,EUR,2000.0,0.1,2800.0,33600.0,30,BIL1174,CSM03,Entity-2,mixed,0,0.0,none,gold,professional,False,ap-southeast-1,33600.0,AE01,0.79,PRD-PLAT-MM,CSM03,2024-03-15T09:00:00Z
CTR00271,ACC0162,2024-08-03,2024-08-12,2027-08-11,36,True,active,monthly,USD,2000.0,0.05,2400.0,28800.0,45,BIL6745,CSM19,Entity-5,flat,0,0.0,none,gold,professional,False,eu-west-1,28800.0,AE13,0.77,PRD-PLAT-MM,CSM19,2024-08-03T09:00:00Z
CTR00272,ACC0162,2023-01-04,2023-02-01,2024-01-31,12,True,expired,monthly,USD,2000.0,0.2,2100.0,25200.0,30,BIL2338,CSM19,Entity-1,flat,0,0.0,none,gold,professional,False,eu-west-1,25200.0,AE13,0.58,PRD-PLAT-MM,CSM19,2023-01-04T09:00:00Z
CTR00273,ACC0163,2024-11-16,2024-12-14,2026-12-13,24,True,active,monthly,USD,2000.0,0.1,3300.0,39600.0,45,BIL6213,CSM09,Entity-4,mixed,0,0.0,none,gold,professional,False,us-east-1,39600.0,AE08,0.86,PRD-PLAT-MM,CSM09,2024-11-16T09:00:00Z
CTR00274,ACC0164,2022-01-21,2022-02-18,2023-02-17,12,True,expired,monthly,USD,2000.0,0.15,2700.0,32400.0,60,BIL3845,CSM07,Entity-2,mixed,0,0.0,none,gold,professional,False,us-east-1,32400.0,AE05,0.61,PRD-PLAT-MM,CSM07,2022-01-21T09:00:00Z
CTR00275,ACC0165,2024-08-04,2024-08-22,2025-08-21,12,False,active,monthly,USD,2000.0,0.1,2300.0,27600.0,30,BIL1973,CSM08,Entity-2,flat,0,0.0,none,gold,professional,False,us-west-2,27600.0,AE08,0.78,PRD-PLAT-MM,CSM08,2024-08-04T09:00:00Z
CTR00276,ACC0165,2022-07-06,2022-08-01,2023-07-31,12,False,expired,monthly,USD,2000.0,0.2,2600.0,31200.0,30,BIL2899,CSM08,Entity-1,mixed,0,0.0,none,gold,professional,False,us-west-2,31200.0,AE08,0.97,PRD-PLAT-MM,CSM08,2022-07-06T09:00:00Z
CTR00277,ACC0166,2022-05-16,2022-06-05,2023-06-04,12,True,expired,monthly,USD,2000.0,0.1,2300.0,27600.0,30,BIL9614,CSM17,Entity-5,flat,0,0.0,none,gold,professional,False,ap-southeast-1,27600.0,AE13,0.6,PRD-PLAT-MM,CSM17,2022-05-16T09:00:00Z
CTR00278,ACC0166,2022-08-09,2022-08-19,2023-08-18,12,True,expired,monthly,USD,2000.0,0.05,2400.0,28800.0,30,BIL6614,CSM17,Entity-4,flat,0,0.0,none,gold,professional,False,ap-southeast-1,28800.0,AE13,0.61,PRD-PLAT-MM,CSM17,2022-08-09T09:00:00Z
CTR00279,ACC0167,2023-08-19,2023-08-26,2024-08-25,12,True,expired,monthly,USD,2000.0,0.15,2700.0,32400.0,30,BIL6690,CSM10,Entity-2,mixed,0,0.0,none,gold,professional,False,eu-west-1,32400.0,AE02,0.86,PRD-PLAT-MM,CSM10,2023-08-19T09:00:00Z
CTR00280,ACC0168,2023-01-25,2023-02-17,2025-02-16,24,True,expired,monthly,EUR,2000.0,0.0,4000.0,48000.0,30,BIL5633,CSM10,Entity-5,mixed,0,0.0,none,gold,professional,False,us-east-1,48000.0,AE11,0.9,PRD-PLAT-MM,CSM10,2023-01-25T09:00:00Z
CTR00281,ACC0169,2022-04-15,2022-04-24,2023-04-23,12,True,expired,monthly,USD,2000.0,0.1,2600.0,31200.0,45,BIL9218,CSM02,Entity-2,mixed,0,0.0,none,gold,professional,False,us-east-1,31200.0,AE05,0.63,PRD-PLAT-MM,CSM02,2022-04-15T09:00:00Z
CTR00282,ACC0169,2023-09-20,2023-10-12,2025-10-11,24,True,active,monthly,USD,2000.0,0.05,3900.0,46800.0,30,BIL6126,CSM02,Entity-5,mixed,0,0.0,none,gold,professional,False,us-east-1,46800.0,AE05,0.77,PRD-PLAT-MM,CSM02,2023-09-20T09:00:00Z
CTR00283,ACC0170,2023-12-06,2023-12-19,2025-12-18,24,True,active,monthly,USD,2000.0,0.1,2350.0,28200.0,30,BIL1465,CSM09,Entity-4,mixed,0,0.0,none,gold,professional,False,us-east-1,28200.0,AE11,0.81,PRD-PLAT-MM,CSM09,2023-12-06T09:00:00Z
CTR00284,ACC0171,2021-12-29,2022-01-08,2025-01-07,36,True,expired,monthly,USD,2000.0,0.1,2300.0,27600.0,30,BIL7305,CSM05,Entity-2,flat,0,0.0,none,gold,professional,False,eu-west-1,27600.0,AE13,0.83,PRD-PLAT-MM,CSM05,2021-12-29T09:00:00Z
CTR00285,ACC0171,2024-11-06,2024-12-01,2025-11-30,12,True,active,monthly,USD,2000.0,0.05,2400.0,28800.0,30,BIL7029,CSM05,Entity-5,flat,0,0.0,none,gold,professional,False,eu-west-1,28800.0,AE13,0.81,PRD-PLAT-MM,CSM05,2024-11-06T09:00:00Z
CTR00286,ACC0172,2024-08-28,2024-09-24,2025-09-23,12,True,active,monthly,EUR,2000.0,0.15,2200.0,26400.0,30,BIL3134,CSM02,Entity-2,flat,0,0.0,none,gold,professional,False,ap-southeast-1,26400.0,AE15,0.75,PRD-PLAT-MM,CSM02,2024-08-28T09:00:00Z
CTR00287,ACC0173,2024-09-24,2024-10-16,2027-10-15,36,False,active,monthly,USD,2000.0,0.15,2200.0,26400.0,30,BIL5864,CSM08,Entity-2,flat,0,0.0,none,gold,professional,False,us-east-1,26400.0,AE14,0.71,PRD-PLAT-MM,CSM08,2024-09-24T09:00:00Z
CTR00288,ACC0173,2023-09-17,2023-10-13,2024-10-12,12,False,expired,monthly,USD,2000.0,0.1,2300.0,27600.0,60,BIL8256,CSM08,Entity-5,flat,0,0.0,none,gold,professional,False,us-east-1,27600.0,AE14,0.67,PRD-PLAT-MM,CSM08,2023-09-17T09:00:00Z
CTR00289,ACC0174,2023-11-20,2023-12-06,2024-12-05,12,True,expired,monthly,USD,2000.0,0.1,2300.0,27600.0,30,BIL5879,CSM10,Entity-3,flat,0,0.0,none,gold,professional,False,eu-west-1,27600.0,AE08,0.56,PRD-PLAT-MM,CSM10,2023-11-20T09:00:00Z
CTR00290,ACC0174,2024-12-08,2024-12-18,2025-12-17,12,True,active,monthly,USD,2000.0,0.15,2200.0,26400.0,30,BIL1517,CSM10,Entity-3,flat,0,0.0,none,gold,professional,False,eu-west-1,26400.0,AE08,0.63,PRD-PLAT-MM,CSM10,2024-12-08T09:00:00Z
CTR00291,ACC0175,2023-12-29,2024-01-12,2025-01-11,12,True,expired,monthly,EUR,2000.0,0.05,2400.0,28800.0,30,BIL2982,CSM16,Entity-2,mixed,0,0.0,none,gold,professional,False,eu-west-1,28800.0,AE12,0.67,PRD-PLAT-MM,CSM16,2023-12-29T09:00:00Z
CTR00292,ACC0175,2024-06-25,2024-07-11,2026-07-10,24,True,active,monthly,EUR,2000.0,0.2,2100.0,25200.0,45,BIL6512,CSM16,Entity-1,flat,0,0.0,none,gold,professional,False,eu-west-1,25200.0,AE12,0.89,PRD-PLAT-MM,CSM16,2024-06-25T09:00:00Z
CTR00293,ACC0176,2024-07-23,2024-08-15,2025-08-14,12,True,active,monthly,USD,2000.0,0.15,2200.0,26400.0,60,BIL1433,CSM01,Entity-2,mixed,0,0.0,none,gold,professional,False,ap-southeast-1,26400.0,AE15,0.81,PRD-PLAT-MM,CSM01,2024-07-23T09:00:00Z
CTR00294,ACC0177,2022-02-15,2022-03-12,2025-03-11,36,True,expired,monthly,USD,2000.0,0.0,3500.0,42000.0,30,BIL9939,CSM12,Entity-4,mixed,0,0.0,none,gold,professional,False,us-east-1,42000.0,AE10,0.56,PRD-PLAT-MM,CSM12,2022-02-15T09:00:00Z
CTR00295,ACC0177,2023-05-19,2023-06-08,2025-06-07,24,False,expired,monthly,USD,2000.0,0.05,2400.0,28800.0,45,BIL1343,CSM12,Entity-4,mixed,0,0.0,none,gold,professional,False,us-east-1,28800.0,AE10,0.84,PRD-PLAT-MM,CSM12,2023-05-19T09:00:00Z
CTR00296,ACC0178,2023-10-14,2023-11-10,2026-11-09,36,False,active,monthly,EUR,2000.0,0.05,2450.0,29400.0,30,BIL6435,CSM19,Entity-1,mixed,0,0.0,none,gold,professional,False,us-west-2,29400.0,AE13,0.58,PRD-PLAT-MM,CSM19,2023-10-14T09:00:00Z
CTR00297,ACC0178,2023-08-24,2023-09-10,2024-09-09,12,True,expired,monthly,EUR,2000.0,0.1,2350.0,28200.0,30,BIL9644,CSM19,Entity-4,mixed,0,0.0,none,gold,professional,False,us-west-2,28200.0,AE13,0.85,PRD-PLAT-MM,CSM19,2023-08-24T09:00:00Z
CTR00298,ACC0179,2024-04-20,2024-05-06,2026-05-05,24,True,active,monthly,USD,2000.0,0.15,2500.0,30000.0,45,BIL2063,CSM10,Entity-2,mixed,0,0.0,none,gold,professional,False,us-west-2,30000.0,AE12,0.63,PRD-PLAT-MM,CSM10,2024-04-20T09:00:00Z
CTR00299,ACC0180,2024-05-04,2024-05-19,2026-05-18,24,False,active,monthly,USD,2000.0,0.1,3300.0,39600.0,30,BIL6567,CSM16,Entity-2,mixed,0,0.0,none,gold,professional,False,us-east-1,39600.0,AE03,0.6,PRD-PLAT-MM,CSM16,2024-05-04T09:00:00Z
CTR00300,ACC0181,2023-12-29,2024-01-09,2025-01-08,12,True,expired,monthly,USD,2000.0,0.0,3500.0,42000.0,30,BIL4632,CSM11,Entity-1,mixed,0,0.0,none,gold,professional,False,eu-west-1,42000.0,AE07,0.86,PRD-PLAT-MM,CSM11,2023-12-29T09:00:00Z
CTR00301,ACC0182,2024-02-28,2024-03-24,2025-03-23,12,True,expired,monthly,USD,2000.0,0.05,2400.0,28800.0,30,BIL3797,CSM06,Entity-4,flat,0,0.0,none,gold,professional,False,us-east-1,28800.0,AE12,0.97,PRD-PLAT-MM,CSM06,2024-02-28T09:00:00Z
CTR00302,ACC0183,2022-02-05,2022-03-05,2023-03-04,12,True,expired,monthly,USD,2000.0,0.15,2200.0,26400.0,30,BIL9207,CSM08,Entity-1,flat,0,0.0,none,gold,professional,False,us-east-1,26400.0,AE05,0.57,PRD-PLAT-MM,CSM08,2022-02-05T09:00:00Z
CTR00303,ACC0184,2023-05-23,2023-06-15,2025-06-14,24,False,expired,monthly,USD,2000.0,0.15,3200.0,38400.0,45,BIL4724,CSM02,Entity-1,mixed,0,0.0,none,gold,professional,False,us-west-2,38400.0,AE09,0.62,PRD-PLAT-MM,CSM02,2023-05-23T09:00:00Z
CTR00304,ACC0184,2023-05-18,2023-06-16,2025-06-15,24,True,expired,monthly,USD,2000.0,0.0,2550.0,30600.0,30,BIL6754,CSM02,Entity-5,mixed,0,0.0,none,gold,professional,False,us-west-2,30600.0,AE09,0.72,PRD-PLAT-MM,CSM02,2023-05-18T09:00:00Z
CTR00305,ACC0185,2023-12-27,2024-01-05,2026-01-04,24,True,active,monthly,EUR,2000.0,0.05,2900.0,34800.0,30,BIL3208,CSM12,Entity-4,mixed,0,0.0,none,gold,professional,False,us-east-1,34800.0,AE11,0.77,PRD-PLAT-MM,CSM12,2023-12-27T09:00:00Z
CTR00306,ACC0186,2022-02-03,2022-02-11,2025-02-10,36,False,expired,monthly,USD,2000.0,0.0,2500.0,30000.0,30,BIL3975,CSM19,Entity-1,flat,0,0.0,none,gold,professional,False,eu-west-1,30000.0,AE12,0.95,PRD-PLAT-MM,CSM19,2022-02-03T09:00:00Z
CTR00307,ACC0187,2024-09-28,2024-10-10,2025-10-09,12,True,active,monthly,USD,2000.0,0.05,2400.0,28800.0,60,BIL3515,CSM18,Entity-2,flat,0,0.0,none,gold,professional,False,ap-southeast-1,28800.0,AE07,0.65,PRD-PLAT-MM,CSM18,2024-09-28T09:00:00Z
CTR00308,ACC0188,2024-07-31,2024-08-12,2027-08-11,36,False,active,monthly,EUR,2000.0,0.1,2300.0,27600.0,30,BIL2398,CSM16,Entity-3,flat,0,0.0,none,gold,professional,False,us-east-1,27600.0,AE04,0.77,PRD-PLAT-MM,CSM16,2024-07-31T09:00:00Z
CTR00309,ACC0189,2024-10-31,2024-11-25,2026-11-24,24,True,active,monthly,USD,2000.0,0.15,2200.0,26400.0,60,BIL4113,CSM14,Entity-2,flat,0,0.0,none,gold,professional,False,us-east-1,26400.0,AE15,0.86,PRD-PLAT-MM,CSM14,2024-10-31T09:00:00Z
CTR00310,ACC0190,2023-07-17,2023-08-05,2025-08-04,24,True,active,monthly,USD,2000.0,0.05,2400.0,28800.0,30,BIL9405,CSM06,Entity-5,flat,0,0.0,none,gold,professional,False,eu-west-1,28800.0,AE14,0.66,PRD-PLAT-MM,CSM06,2023-07-17T09:00:00Z
CTR00311,ACC0191,2023-03-21,2023-04-11,2024-04-10,12,True,expired,monthly,USD,2000.0,0.15,2200.0,26400.0,30,BIL5806,CSM01,Entity-1,mixed,0,0.0,none,gold,professional,False,us-west-2,26400.0,AE02,0.97,PRD-PLAT-MM,CSM01,2023-03-21T09:00:00Z
CTR00312,ACC0192,2022-08-20,2022-09-05,2024-09-04,24,False,expired,monthly,USD,2000.0,0.0,2500.0,30000.0,30,BIL5493,CSM18,Entity-1,flat,0,0.0,none,gold,professional,False,eu-west-1,30000.0,AE15,0.67,PRD-PLAT-MM,CSM18,2022-08-20T09:00:00Z
CTR00313,ACC0192,2021-12-17,2022-01-11,2024-01-10,24,True,expired,monthly,USD,2000.0,0.2,3100.0,37200.0,30,BIL2793,CSM18,Entity-1,mixed,0,0.0,none,gold,professional,False,eu-west-1,37200.0,AE15,0.9,PRD-PLAT-MM,CSM18,2021-12-17T09:00:00Z
CTR00314,ACC0193,2022-08-19,2022-08-26,2025-08-25,36,True,active,monthly,USD,2000.0,0.15,2200.0,26400.0,45,BIL2734,CSM20,Entity-4,flat,0,0.0,none,gold,professional,False,us-west-2,26400.0,AE08,0.61,PRD-PLAT-MM,CSM20,2022-08-19T09:00:00Z
CTR00315,ACC0194,2022-05-03,2022-05-22,2023-05-21,12,True,expired,monthly,EUR,2000.0,0.2,2600.0,31200.0,30,BIL1090,CSM05,Entity-4,mixed,0,0.0,none,gold,professional,False,us-west-2,31200.0,AE04,0.78,PRD-PLAT-MM,CSM05,2022-05-03T09:00:00Z
CTR00316,ACC0195,2022-08-14,2022-09-01,2023-08-31,12,True,expired,monthly,USD,2000.0,0.1,2300.0,27600.0,45,BIL7384,CSM07,Entity-4,mixed,0,0.0,none,gold,professional,False,us-east-1,27600.0,AE11,0.67,PRD-PLAT-MM,CSM07,2022-08-14T09:00:00Z
CTR00317,ACC0195,2022-08-25,2022-09-01,2024-08-31,24,False,expired,monthly,USD,2000.0,0.1,2300.0,27600.0,45,BIL6777,CSM07,Entity-2,flat,0,0.0,none,gold,professional,False,us-east-1,27600.0,AE11,0.69,PRD-PLAT-MM,CSM07,2022-08-25T09:00:00Z
CTR00318,ACC0196,2023-04-22,2023-05-15,2024-05-14,12,True,expired,monthly,USD,2000.0,0.05,2400.0,28800.0,30,BIL2487,CSM20,Entity-1,mixed,0,0.0,none,gold,professional,False,ap-southeast-1,28800.0,AE13,0.86,PRD-PLAT-MM,CSM20,2023-04-22T09:00:00Z
CTR00319,ACC0197,2024-05-23,2024-06-05,2025-06-04,12,False,expired,monthly,USD,2000.0,0.05,2400.0,28800.0,30,BIL2629,CSM10,Entity-1,flat,0,0.0,none,gold,professional,False,us-west-2,28800.0,AE14,0.57,PRD-PLAT-MM,CSM10,2024-05-23T09:00:00Z
CTR00320,ACC0198,2023-05-02,2023-05-25,2025-05-24,24,True,expired,monthly,USD,2000.0,0.15,2700.0,32400.0,30,BIL8378,CSM06,Entity-2,mixed,0,0.0,none,gold,professional,False,ap-southeast-1,32400.0,AE14,0.98,PRD-PLAT-MM,CSM06,2023-05-02T09:00:00Z
CTR00321,ACC0199,2022-01-13,2022-02-01,2023-01-31,12,False,expired,monthly,USD,2000.0,0.15,2200.0,26400.0,45,BIL6191,CSM04,Entity-5,flat,0,0.0,none,gold,professional,False,eu-west-1,26400.0,AE10,0.98,PRD-PLAT-MM,CSM04,2022-01-13T09:00:00Z
CTR00322,ACC0200,2022-05-06,2022-05-24,2024-05-23,24,True,expired,monthly,USD,2000.0,0.05,3900.0,46800.0,45,BIL1956,CSM11,Entity-2,mixed,0,0.0,none,gold,professional,False,eu-west-1,46800.0,AE14,0.75,PRD-PLAT-MM,CSM11,2022-05-06T09:00:00Z
CTR00323,ACC0200,2024-08-12,2024-08-26,2026-08-25,24,False,active,monthly,USD,2000.0,0.0,2550.0,30600.0,30,BIL7212,CSM11,Entity-3,mixed,0,0.0,none,gold,professional,False,eu-west-1,30600.0,AE14,0.56,PRD-PLAT-MM,CSM11,2024-08-12T09:00:00Z
CTR00324,ACC0201,2022-09-08,2022-10-01,2025-09-30,36,True,active,monthly,EUR,2000.0,0.05,2400.0,28800.0,30,BIL6776,CSM05,Entity-5,flat,0,0.0,none,gold,professional,False,us-west-2,28800.0,AE05,0.72,PRD-PLAT-MM,CSM05,2022-09-08T09:00:00Z
CTR00325,ACC0202,2022-02-28,2022-03-19,2025-03-18,36,False,expired,monthly,EUR,2000.0,0.05,2400.0,28800.0,30,BIL3249,CSM06,Entity-3,flat,0,0.0,none,gold,professional,False,us-east-1,28800.0,AE14,0.63,PRD-PLAT-MM,CSM06,2022-02-28T09:00:00Z
CTR00326,ACC0202,2022-08-26,2022-09-13,2023-09-12,12,False,expired,monthly,EUR,2000.0,0.0,2500.0,30000.0,45,BIL5918,CSM06,Entity-4,flat,0,0.0,none,gold,professional,False,us-east-1,30000.0,AE14,0.91,PRD-PLAT-MM,CSM06,2022-08-26T09:00:00Z
CTR00327,ACC0203,2022-06-13,2022-06-22,2023-06-21,12,True,expired,monthly,USD,2000.0,0.1,2300.0,27600.0,45,BIL8782,CSM17,Entity-5,flat,0,0.0,none,gold,professional,False,us-west-2,27600.0,AE13,0.61,PRD-PLAT-MM,CSM17,2022-06-13T09:00:00Z
CTR00328,ACC0204,2023-11-20,2023-12-14,2025-12-13,24,False,active,monthly,USD,2000.0,0.1,2350.0,28200.0,60,BIL3941,CSM04,Entity-2,mixed,0,0.0,none,gold,professional,False,us-east-1,28200.0,AE09,0.71,PRD-PLAT-MM,CSM04,2023-11-20T09:00:00Z
CTR00329,ACC0205,2023-10-02,2023-10-12,2024-10-11,12,True,expired,monthly,EUR,2000.0,0.05,2400.0,28800.0,30,BIL5883,CSM18,Entity-1,flat,0,0.0,none,gold,professional,False,us-east-1,28800.0,AE08,0.65,PRD-PLAT-MM,CSM18,2023-10-02T09:00:00Z
CTR00330,ACC0206,2021-12-16,2022-01-07,2023-01-06,12,False,expired,monthly,EUR,2000.0,0.0,2500.0,30000.0,30,BIL2114,CSM05,Entity-4,flat,0,0.0,none,gold,professional,False,us-east-1,30000.0,AE03,0.76,PRD-PLAT-MM,CSM05,2021-12-16T09:00:00Z
CTR00331,ACC0207,2022-04-09,2022-04-17,2024-04-16,24,False,expired,monthly,USD,2000.0,0.1,2350.0,28200.0,30,BIL7157,CSM02,Entity-2,mixed,0,0.0,none,gold,professional,False,us-west-2,28200.0,AE14,0.61,PRD-PLAT-MM,CSM02,2022-04-09T09:00:00Z
CTR00332,ACC0207,2024-06-08,2024-07-01,2025-06-30,12,False,active,monthly,USD,2000.0,0.0,2500.0,30000.0,30,BIL7083,CSM02,Entity-2,flat,0,0.0,none,gold,professional,False,us-west-2,30000.0,AE14,0.7,PRD-PLAT-MM,CSM02,2024-06-08T09:00:00Z
CTR00333,ACC0208,2022-02-02,2022-02-12,2024-02-11,24,True,expired,monthly,USD,2000.0,0.05,2400.0,28800.0,30,BIL2318,CSM07,Entity-3,flat,0,0.0,none,gold,professional,False,eu-west-1,28800.0,AE14,0.6,PRD-PLAT-MM,CSM07,2022-02-02T09:00:00Z
CTR00334,ACC0209,2023-10-26,2023-11-24,2026-11-23,36,True,active,monthly,USD,2000.0,0.0,2500.0,30000.0,60,BIL3860,CSM13,Entity-2,flat,0,0.0,none,gold,professional,False,ap-southeast-1,30000.0,AE04,0.85,PRD-PLAT-MM,CSM13,2023-10-26T09:00:00Z
CTR00335,ACC0209,2022-04-22,2022-05-06,2023-05-05,12,True,expired,monthly,USD,2000.0,0.1,2300.0,27600.0,30,BIL6485,CSM13,Entity-2,flat,0,0.0,none,gold,professional,False,ap-southeast-1,27600.0,AE04,0.59,PRD-PLAT-MM,CSM13,2022-04-22T09:00:00Z
CTR00336,ACC0210,2022-11-28,2022-12-12,2023-12-11,12,True,expired,monthly,USD,2000.0,0.2,3100.0,37200.0,30,BIL4196,CSM19,Entity-5,mixed,0,0.0,none,gold,professional,False,us-west-2,37200.0,AE05,0.59,PRD-PLAT-MM,CSM19,2022-11-28T09:00:00Z
CTR00337,ACC0211,2024-08-01,2024-08-22,2026-08-21,24,True,active,monthly,USD,2000.0,0.05,2400.0,28800.0,45,BIL1349,CSM19,Entity-3,flat,0,0.0,none,gold,professional,False,us-west-2,28800.0,AE05,0.64,PRD-PLAT-MM,CSM19,2024-08-01T09:00:00Z
CTR00338,ACC0211,2024-04-14,2024-04-21,2025-04-20,12,True,expired,monthly,USD,2000.0,0.0,2500.0,30000.0,45,BIL1339,CSM19,Entity-4,flat,0,0.0,none,gold,professional,False,us-west-2,30000.0,AE05,0.55,PRD-PLAT-MM,CSM19,2024-04-14T09:00:00Z
CTR00339,ACC0212,2022-08-18,2022-09-10,2024-09-09,24,False,expired,monthly,USD,2000.0,0.1,2300.0,27600.0,45,BIL6468,CSM01,Entity-1,flat,0,0.0,none,gold,professional,False,eu-west-1,27600.0,AE05,0.58,PRD-PLAT-MM,CSM01,2022-08-18T09:00:00Z
CTR00340,ACC0213,2023-06-23,2023-07-14,2024-07-13,12,True,expired,monthly,EUR,2000.0,0.15,2200.0,26400.0,30,BIL8386,CSM04,Entity-4,mixed,0,0.0,none,gold,professional,False,us-west-2,26400.0,AE06,0.68,PRD-PLAT-MM,CSM04,2023-06-23T09:00:00Z
CTR00341,ACC0214,2023-02-23,2023-03-10,2024-03-09,12,False,expired,monthly,USD,2000.0,0.15,2500.0,30000.0,30,BIL1352,CSM03,Entity-4,mixed,0,0.0,none,gold,professional,False,eu-west-1,30000.0,AE15,0.97,PRD-PLAT-MM,CSM03,2023-02-23T09:00:00Z
CTR00342,ACC0215,2024-03-15,2024-04-08,2027-04-07,36,False,active,monthly,USD,2000.0,0.05,2400.0,28800.0,45,BIL9225,CSM15,Entity-1,mixed,0,0.0,none,gold,professional,False,us-west-2,28800.0,AE09,0.65,PRD-PLAT-MM,CSM15,2024-03-15T09:00:00Z
CTR00343,ACC0215,2022-10-22,2022-11-11,2023-11-10,12,False,expired,monthly,USD,2000.0,0.0,2500.0,30000.0,45,BIL3008,CSM15,Entity-5,flat,0,0.0,none,gold,professional,False,us-west-2,30000.0,AE09,0.7,PRD-PLAT-MM,CSM15,2022-10-22T09:00:00Z
CTR00344,ACC0216,2023-03-17,2023-04-07,2024-04-06,12,True,expired,monthly,USD,2000.0,0.0,2500.0,30000.0,45,BIL7041,CSM01,Entity-4,flat,0,0.0,none,gold,professional,False,eu-west-1,30000.0,AE01,0.64,PRD-PLAT-MM,CSM01,2023-03-17T09:00:00Z
CTR00345,ACC0217,2024-03-31,2024-04-24,2025-04-23,12,True,expired,monthly,USD,2000.0,0.0,2500.0,30000.0,45,BIL8353,CSM08,Entity-1,mixed,0,0.0,none,gold,professional,False,eu-west-1,30000.0,AE04,0.84,PRD-PLAT-MM,CSM08,2024-03-31T09:00:00Z
CTR00346,ACC0218,2024-05-26,2024-06-24,2025-06-23,12,False,expired,monthly,USD,2000.0,0.1,2300.0,27600.0,30,BIL4952,CSM05,Entity-4,flat,0,0.0,none,gold,professional,False,us-east-1,27600.0,AE01,0.77,PRD-PLAT-MM,CSM05,2024-05-26T09:00:00Z
CTR00347,ACC0218,2023-01-29,2023-02-08,2024-02-07,12,False,expired,monthly,USD,2000.0,0.05,2400.0,28800.0,60,BIL1716,CSM05,Entity-5,flat,0,0.0,none,gold,professional,False,us-east-1,28800.0,AE01,0.7,PRD-PLAT-MM,CSM05,2023-01-29T09:00:00Z
CTR00348,ACC0219,2023-11-29,2023-12-24,2025-12-23,24,True,active,monthly,USD,2000.0,0.0,2500.0,30000.0,30,BIL7431,CSM06,Entity-2,flat,0,0.0,none,gold,professional,False,eu-west-1,30000.0,AE02,0.63,PRD-PLAT-MM,CSM06,2023-11-29T09:00:00Z
CTR00349,ACC0220,2022-10-16,2022-11-06,2024-11-05,24,False,expired,monthly,EUR,2000.0,0.0,2800.0,33600.0,45,BIL9380,CSM09,Entity-1,mixed,0,0.0,none,gold,professional,False,us-west-2,33600.0,AE04,0.86,PRD-PLAT-MM,CSM09,2022-10-16T09:00:00Z
CTR00350,ACC0221,2022-06-09,2022-06-26,2025-06-25,36,True,expired,monthly,USD,2000.0,0.05,2400.0,28800.0,30,BIL5901,CSM15,Entity-2,flat,0,0.0,none,gold,professional,False,us-east-1,28800.0,AE14,0.66,PRD-PLAT-MM,CSM15,2022-06-09T09:00:00Z
CTR00351,ACC0221,2024-04-21,2024-05-15,2026-05-14,24,True,active,monthly,USD,2000.0,0.05,2400.0,28800.0,45,BIL5367,CSM15,Entity-5,flat,0,0.0,none,gold,professional,False,us-east-1,28800.0,AE14,0.9,PRD-PLAT-MM,CSM15,2024-04-21T09:00:00Z
CTR00352,ACC0222,2024-10-25,2024-11-09,2025-11-08,12,False,active,monthly,USD,2000.0,0.0,2500.0,30000.0,30,BIL4915,CSM01,Entity-4,flat,0,0.0,none,gold,professional,False,ap-southeast-1,30000.0,AE05,0.56,PRD-PLAT-MM,CSM01,2024-10-25T09:00:00Z
CTR00353,ACC0223,2021-12-22,2022-01-10,2024-01-09,24,True,expired,monthly,USD,2000.0,0.1,2350.0,28200.0,30,BIL5455,CSM10,Entity-4,mixed,0,0.0,none,gold,professional,False,ap-southeast-1,28200.0,AE03,0.56,PRD-PLAT-MM,CSM10,2021-12-22T09:00:00Z
CTR00354,ACC0224,2023-09-18,2023-10-07,2025-10-06,24,True,active,monthly,USD,2000.0,0.0,3500.0,42000.0,60,BIL7148,CSM07,Entity-3,mixed,0,0.0,none,gold,professional,False,us-west-2,42000.0,AE15,0.83,PRD-PLAT-MM,CSM07,2023-09-18T09:00:00Z
CTR00355,ACC0224,2023-07-25,2023-08-14,2024-08-13,12,True,expired,monthly,USD,2000.0,0.2,2100.0,25200.0,30,BIL9345,CSM07,Entity-5,flat,0,0.0,none,gold,professional,False,us-west-2,25200.0,AE15,0.64,PRD-PLAT-MM,CSM07,2023-07-25T09:00:00Z
CTR00356,ACC0225,2023-01-29,2023-02-22,2025-02-21,24,True,expired,monthly,USD,2000.0,0.0,2500.0,30000.0,30,BIL1207,CSM13,Entity-2,flat,0,0.0,none,gold,professional,False,us-west-2,30000.0,AE11,0.97,PRD-PLAT-MM,CSM13,2023-01-29T09:00:00Z
CTR00357,ACC0226,2022-08-21,2022-09-06,2024-09-05,24,True,expired,monthly,USD,2000.0,0.0,2500.0,30000.0,30,BIL4944,CSM06,Entity-3,mixed,0,0.0,none,gold,professional,False,us-west-2,30000.0,AE14,0.6,PRD-PLAT-MM,CSM06,2022-08-21T09:00:00Z
CTR00358,ACC0227,2023-06-04,2023-06-11,2025-06-10,24,False,expired,monthly,USD,2000.0,0.0,2500.0,30000.0,30,BIL2974,CSM09,Entity-2,flat,0,0.0,none,gold,professional,False,eu-west-1,30000.0,AE05,0.94,PRD-PLAT-MM,CSM09,2023-06-04T09:00:00Z
CTR00359,ACC0227,2023-11-23,2023-12-06,2024-12-05,12,True,expired,monthly,USD,2000.0,0.2,2100.0,25200.0,30,BIL7270,CSM09,Entity-5,flat,0,0.0,none,gold,professional,False,eu-west-1,25200.0,AE05,0.59,PRD-PLAT-MM,CSM09,2023-11-23T09:00:00Z
CTR00360,ACC0228,2024-04-01,2024-04-20,2026-04-19,24,True,active,monthly,USD,2000.0,0.0,2550.0,30600.0,30,BIL8021,CSM17,Entity-5,mixed,0,0.0,none,gold,professional,False,ap-southeast-1,30600.0,AE14,0.82,PRD-PLAT-MM,CSM17,2024-04-01T09:00:00Z
CTR00361,ACC0229,2023-09-10,2023-09-19,2025-09-18,24,True,active,monthly,USD,2000.0,0.0,2500.0,30000.0,30,BIL4454,CSM12,Entity-4,flat,0,0.0,none,gold,professional,False,eu-west-1,30000.0,AE14,0.65,PRD-PLAT-MM,CSM12,2023-09-10T09:00:00Z
CTR00362,ACC0229,2022-04-29,2022-05-17,2024-05-16,24,True,expired,monthly,USD,2000.0,0.05,2900.0,34800.0,30,BIL9019,CSM12,Entity-5,mixed,0,0.0,none,gold,professional,False,eu-west-1,34800.0,AE14,0.97,PRD-PLAT-MM,CSM12,2022-04-29T09:00:00Z
CTR00363,ACC0230,2023-10-09,2023-10-22,2025-10-21,24,True,active,monthly,USD,2000.0,0.0,4000.0,48000.0,45,BIL9940,CSM16,Entity-4,mixed,0,0.0,none,gold,professional,False,eu-west-1,48000.0,AE05,0.96,PRD-PLAT-MM,CSM16,2023-10-09T09:00:00Z
CTR00364,ACC0231,2023-10-04,2023-10-24,2024-10-23,12,True,expired,monthly,USD,2000.0,0.1,2300.0,27600.0,30,BIL7940,CSM18,Entity-5,flat,0,0.0,none,gold,professional,False,eu-west-1,27600.0,AE05,0.82,PRD-PLAT-MM,CSM18,2023-10-04T09:00:00Z
CTR00365,ACC0232,2022-07-14,2022-07-21,2023-07-20,12,True,expired,monthly,USD,2000.0,0.0,2500.0,30000.0,45,BIL5943,CSM01,Entity-1,flat,0,0.0,none,gold,professional,False,us-west-2,30000.0,AE14,0.95,PRD-PLAT-MM,CSM01,2022-07-14T09:00:00Z
CTR00366,ACC0232,2023-05-26,2023-06-08,2025-06-07,24,True,expired,monthly,USD,2000.0,0.1,2300.0,27600.0,45,BIL9157,CSM01,Entity-4,flat,0,0.0,none,gold,professional,False,us-west-2,27600.0,AE14,0.94,PRD-PLAT-MM,CSM01,2023-05-26T09:00:00Z
CTR00367,ACC0233,2023-08-29,2023-09-26,2024-09-25,12,False,expired,monthly,USD,2000.0,0.05,2400.0,28800.0,30,BIL1588,CSM20,Entity-2,flat,0,0.0,none,gold,professional,False,us-west-2,28800.0,AE09,0.7,PRD-PLAT-MM,CSM20,2023-08-29T09:00:00Z
CTR00368,ACC0234,2022-02-25,2022-03-22,2025-03-21,36,True,expired,monthly,EUR,2000.0,0.2,2100.0,25200.0,45,BIL2442,CSM10,Entity-5,flat,0,0.0,none,gold,professional,False,ap-southeast-1,25200.0,AE10,0.8,PRD-PLAT-MM,CSM10,2022-02-25T09:00:00Z
CTR00369,ACC0234,2023-12-16,2024-01-13,2026-01-12,24,False,active,monthly,EUR,2000.0,0.2,3600.0,43200.0,30,BIL6216,CSM10,Entity-5,mixed,0,0.0,none,gold,professional,False,ap-southeast-1,43200.0,AE10,0.72,PRD-PLAT-MM,CSM10,2023-12-16T09:00:00Z
CTR00370,ACC0235,2024-09-22,2024-10-14,2026-10-13,24,True,active,monthly,USD,2000.0,0.15,2200.0,26400.0,30,BIL6660,CSM14,Entity-4,mixed,0,0.0,none,gold,professional,False,eu-west-1,26400.0,AE15,0.69,PRD-PLAT-MM,CSM14,2024-09-22T09:00:00Z
CTR00371,ACC0236,2024-05-29,2024-06-17,2025-06-16,12,True,expired,monthly,USD,2000.0,0.05,2400.0,28800.0,45,BIL7096,CSM06,Entity-1,flat,0,0.0,none,gold,professional,False,us-east-1,28800.0,AE10,0.59,PRD-PLAT-MM,CSM06,2024-05-29T09:00:00Z
CTR00372,ACC0236,2022-03-10,2022-03-22,2024-03-21,24,False,expired,monthly,USD,2000.0,0.05,2400.0,28800.0,45,BIL7154,CSM06,Entity-4,flat,0,0.0,none,gold,professional,False,us-east-1,28800.0,AE10,0.8,PRD-PLAT-MM,CSM06,2022-03-10T09:00:00Z
CTR00373,ACC0237,2022-02-24,2022-03-22,2023-03-21,12,True,expired,monthly,USD,2000.0,0.15,2200.0,26400.0,30,BIL3049,CSM05,Entity-2,flat,0,0.0,none,gold,professional,False,ap-southeast-1,26400.0,AE12,0.86,PRD-PLAT-MM,CSM05,2022-02-24T09:00:00Z
CTR00374,ACC0238,2024-03-27,2024-04-24,2025-04-23,12,False,expired,monthly,USD,2000.0,0.0,2550.0,30600.0,60,BIL6343,CSM01,Entity-2,mixed,0,0.0,none,gold,professional,False,us-west-2,30600.0,AE11,0.63,PRD-PLAT-MM,CSM01,2024-03-27T09:00:00Z
CTR00375,ACC0238,2022-10-27,2022-11-16,2023-11-15,12,False,expired,monthly,USD,2000.0,0.05,2400.0,28800.0,60,BIL9186,CSM01,Entity-3,flat,0,0.0,none,gold,professional,False,us-west-2,28800.0,AE11,0.74,PRD-PLAT-MM,CSM01,2022-10-27T09:00:00Z
CTR00376,ACC0239,2023-06-16,2023-07-08,2024-07-07,12,True,expired,monthly,USD,2000.0,0.0,2500.0,30000.0,45,BIL9650,CSM19,Entity-2,flat,0,0.0,none,gold,professional,False,us-west-2,30000.0,AE01,0.98,PRD-PLAT-MM,CSM19,2023-06-16T09:00:00Z
CTR00377,ACC0239,2022-08-06,2022-08-14,2025-08-13,36,True,active,monthly,USD,2000.0,0.15,2200.0,26400.0,30,BIL6223,CSM19,Entity-5,flat,0,0.0,none,gold,professional,False,us-west-2,26400.0,AE01,0.89,PRD-PLAT-MM,CSM19,2022-08-06T09:00:00Z
CTR00378,ACC0240,2023-08-06,2023-08-24,2025-08-23,24,False,active,monthly,USD,2000.0,0.0,3000.0,36000.0,30,BIL7522,CSM16,Entity-3,mixed,0,0.0,none,gold,professional,False,us-west-2,36000.0,AE15,0.69,PRD-PLAT-MM,CSM16,2023-08-06T09:00:00Z
CTR00379,ACC0240,2022-10-21,2022-11-10,2024-11-09,24,False,expired,monthly,USD,2000.0,0.05,2400.0,28800.0,45,BIL2188,CSM16,Entity-2,flat,0,0.0,none,gold,professional,False,us-west-2,28800.0,AE15,0.65,PRD-PLAT-MM,CSM16,2022-10-21T09:00:00Z
CTR00380,ACC0241,2024-06-16,2024-07-11,2025-07-10,12,False,active,monthly,USD,2000.0,0.0,3500.0,42000.0,30,BIL5037,CSM15,Entity-5,mixed,0,0.0,none,gold,professional,False,eu-west-1,42000.0,AE02,0.8,PRD-PLAT-MM,CSM15,2024-06-16T09:00:00Z
CTR00381,ACC0241,2022-06-09,2022-06-18,2023-06-17,12,False,expired,monthly,USD,2000.0,0.05,2400.0,28800.0,45,BIL9598,CSM15,Entity-4,flat,0,0.0,none,gold,professional,False,eu-west-1,28800.0,AE02,0.78,PRD-PLAT-MM,CSM15,2022-06-09T09:00:00Z
CTR00382,ACC0242,2024-10-19,2024-11-11,2027-11-10,36,True,active,monthly,USD,2000.0,0.05,2450.0,29400.0,45,BIL3020,CSM08,Entity-3,mixed,0,0.0,none,gold,professional,False,eu-west-1,29400.0,AE02,0.81,PRD-PLAT-MM,CSM08,2024-10-19T09:00:00Z
CTR00383,ACC0242,2023-05-02,2023-05-24,2025-05-23,24,True,expired,monthly,USD,2000.0,0.05,2400.0,28800.0,30,BIL6226,CSM08,Entity-5,mixed,0,0.0,none,gold,professional,False,eu-west-1,28800.0,AE02,0.79,PRD-PLAT-MM,CSM08,2023-05-02T09:00:00Z
CTR00384,ACC0243,2023-09-06,2023-09-23,2024-09-22,12,True,expired,monthly,USD,2000.0,0.0,2500.0,30000.0,30,BIL6746,CSM12,Entity-4,flat,0,0.0,none,gold,professional,False,eu-west-1,30000.0,AE12,0.56,PRD-PLAT-MM,CSM12,2023-09-06T09:00:00Z
CTR00385,ACC0243,2023-07-01,2023-07-14,2024-07-13,12,False,expired,monthly,USD,2000.0,0.0,2500.0,30000.0,60,BIL1681,CSM12,Entity-4,flat,0,0.0,none,gold,professional,False,eu-west-1,30000.0,AE12,0.88,PRD-PLAT-MM,CSM12,2023-07-01T09:00:00Z
CTR00386,ACC0244,2023-06-18,2023-07-11,2026-07-10,36,True,active,monthly,USD,2000.0,0.0,2500.0,30000.0,30,BIL1263,CSM02,Entity-4,flat,0,0.0,none,gold,professional,False,eu-west-1,30000.0,AE09,0.71,PRD-PLAT-MM,CSM02,2023-06-18T09:00:00Z
CTR00387,ACC0244,2023-12-10,2023-12-17,2025-12-16,24,False,active,monthly,USD,2000.0,0.15,2200.0,26400.0,30,BIL7993,CSM02,Entity-3,flat,0,0.0,none,gold,professional,False,eu-west-1,26400.0,AE09,0.62,PRD-PLAT-MM,CSM02,2023-12-10T09:00:00Z
CTR00388,ACC0245,2022-04-06,2022-04-17,2024-04-16,24,False,expired,monthly,EUR,2000.0,0.05,2400.0,28800.0,30,BIL3935,CSM10,Entity-5,flat,0,0.0,none,gold,professional,False,us-west-2,28800.0,AE01,0.63,PRD-PLAT-MM,CSM10,2022-04-06T09:00:00Z
CTR00389,ACC0246,2023-02-12,2023-03-05,2024-03-04,12,False,expired,monthly,USD,2000.0,0.0,2500.0,30000.0,45,BIL3001,CSM11,Entity-1,flat,0,0.0,none,gold,professional,False,us-east-1,30000.0,AE09,0.68,PRD-PLAT-MM,CSM11,2023-02-12T09:00:00Z
CTR00390,ACC0246,2022-06-11,2022-06-21,2023-06-20,12,True,expired,monthly,USD,2000.0,0.15,2200.0,26400.0,45,BIL8647,CSM11,Entity-3,flat,0,0.0,none,gold,professional,False,us-east-1,26400.0,AE09,0.82,PRD-PLAT-MM,CSM11,2022-06-11T09:00:00Z
CTR00391,ACC0247,2024-02-23,2024-03-01,2027-02-28,36,False,active,monthly,USD,2000.0,0.1,2300.0,27600.0,30,BIL3508,CSM03,Entity-5,mixed,0,0.0,none,gold,professional,False,ap-southeast-1,27600.0,AE08,0.77,PRD-PLAT-MM,CSM03,2024-02-23T09:00:00Z
CTR00392,ACC0248,2022-02-11,2022-02-22,2023-02-21,12,True,expired,monthly,USD,2000.0,0.2,2100.0,25200.0,30,BIL1743,CSM20,Entity-3,flat,0,0.0,none,gold,professional,False,us-east-1,25200.0,AE05,0.58,PRD-PLAT-MM,CSM20,2022-02-11T09:00:00Z
CTR00393,ACC0248,2023-06-22,2023-07-05,2024-07-04,12,True,expired,monthly,USD,2000.0,0.0,2500.0,30000.0,30,BIL7514,CSM20,Entity-2,flat,0,0.0,none,gold,professional,False,us-east-1,30000.0,AE05,0.85,PRD-PLAT-MM,CSM20,2023-06-22T09:00:00Z
CTR00394,ACC0249,2022-12-13,2023-01-05,2024-01-04,12,True,expired,monthly,USD,2000.0,0.05,2400.0,28800.0,30,BIL6267,CSM03,Entity-3,flat,0,0.0,none,gold,professional,False,eu-west-1,28800.0,AE13,0.67,PRD-PLAT-MM,CSM03,2022-12-13T09:00:00Z
CTR00395,ACC0250,2023-09-15,2023-09-25,2024-09-24,12,True,expired,monthly,USD,2000.0,0.15,3200.0,38400.0,45,BIL3815,CSM16,Entity-1,mixed,0,0.0,none,gold,professional,False,us-east-1,38400.0,AE06,0.7,PRD-PLAT-MM,CSM16,2023-09-15T09:00:00Z
CTR00396,ACC0250,2022-02-11,2022-02-20,2024-02-19,24,True,expired,monthly,USD,2000.0,0.15,2200.0,26400.0,45,BIL3197,CSM16,Entity-4,flat,0,0.0,none,gold,professional,False,us-east-1,26400.0,AE06,0.85,PRD-PLAT-MM,CSM16,2022-02-11T09:00:00Z
CTR00397,ACC0251,2024-10-10,2024-10-22,2025-10-21,12,True,active,monthly,USD,2000.0,0.05,2400.0,28800.0,60,BIL7520,CSM14,Entity-2,flat,0,0.0,none,gold,professional,False,eu-west-1,28800.0,AE05,0.85,PRD-PLAT-MM,CSM14,2024-10-10T09:00:00Z
CTR00398,ACC0252,2023-01-27,2023-02-15,2025-02-14,24,True,expired,monthly,USD,2000.0,0.05,2400.0,28800.0,30,BIL1844,CSM07,Entity-1,mixed,0,0.0,none,gold,professional,False,ap-southeast-1,28800.0,AE08,0.85,PRD-PLAT-MM,CSM07,2023-01-27T09:00:00Z
CTR00399,ACC0252,2024-12-14,2024-12-24,2026-12-23,24,True,active,monthly,USD,2000.0,0.0,2500.0,30000.0,30,BIL7902,CSM07,Entity-3,flat,0,0.0,none,gold,professional,False,ap-southeast-1,30000.0,AE08,0.69,PRD-PLAT-MM,CSM07,2024-12-14T09:00:00Z
CTR00400,ACC0253,2024-02-16,2024-02-24,2027-02-23,36,True,active,monthly,USD,2000.0,0.15,2500.0,30000.0,45,BIL5688,CSM03,Entity-4,mixed,0,0.0,none,gold,professional,False,eu-west-1,30000.0,AE13,0.68,PRD-PLAT-MM,CSM03,2024-02-16T09:00:00Z
CTR00401,ACC0253,2021-12-26,2022-01-10,2023-01-09,12,True,expired,monthly,USD,2000.0,0.1,2300.0,27600.0,45,BIL3692,CSM03,Entity-5,flat,0,0.0,none,gold,professional,False,eu-west-1,27600.0,AE13,0.62,PRD-PLAT-MM,CSM03,2021-12-26T09:00:00Z
CTR00402,ACC0254,2022-08-23,2022-09-13,2023-09-12,12,False,expired,monthly,USD,2000.0,0.0,2500.0,30000.0,45,BIL1212,CSM12,Entity-2,flat,0,0.0,none,gold,professional,False,us-east-1,30000.0,AE05,0.81,PRD-PLAT-MM,CSM12,2022-08-23T09:00:00Z
CTR00403,ACC0255,2024-11-09,2024-12-01,2027-11-30,36,True,active,monthly,USD,2000.0,0.05,2400.0,28800.0,45,BIL3218,CSM05,Entity-3,flat,0,0.0,none,gold,professional,False,ap-southeast-1,28800.0,AE06,0.83,PRD-PLAT-MM,CSM05,2024-11-09T09:00:00Z
CTR00404,ACC0255,2022-09-08,2022-09-21,2023-09-20,12,True,expired,monthly,USD,2000.0,0.1,2300.0,27600.0,60,BIL2260,CSM05,Entity-2,flat,0,0.0,none,gold,professional,False,ap-southeast-1,27600.0,AE06,0.89,PRD-PLAT-MM,CSM05,2022-09-08T09:00:00Z
CTR00405,ACC0256,2022-07-14,2022-07-24,2024-07-23,24,False,expired,monthly,EUR,2000.0,0.1,2300.0,27600.0,45,BIL9268,CSM11,Entity-5,mixed,0,0.0,none,gold,professional,False,ap-southeast-1,27600.0,AE01,0.75,PRD-PLAT-MM,CSM11,2022-07-14T09:00:00Z
CTR00406,ACC0256,2023-05-04,2023-06-01,2026-05-31,36,True,active,monthly,EUR,2000.0,0.15,2200.0,26400.0,30,BIL9888,CSM11,Entity-5,flat,0,0.0,none,gold,professional,False,ap-southeast-1,26400.0,AE01,0.71,PRD-PLAT-MM,CSM11,2023-05-04T09:00:00Z
CTR00407,ACC0257,2022-11-16,2022-12-01,2025-11-30,36,True,active,monthly,USD,2000.0,0.1,2300.0,27600.0,30,BIL9887,CSM08,Entity-5,flat,0,0.0,none,gold,professional,False,us-east-1,27600.0,AE13,0.85,PRD-PLAT-MM,CSM08,2022-11-16T09:00:00Z
CTR00408,ACC0257,2024-09-30,2024-10-16,2026-10-15,24,False,active,monthly,USD,2000.0,0.2,2100.0,25200.0,30,BIL4641,CSM08,Entity-4,flat,0,0.0,none,gold,professional,False,us-east-1,25200.0,AE13,0.72,PRD-PLAT-MM,CSM08,2024-09-30T09:00:00Z
CTR00409,ACC0258,2024-06-03,2024-06-11,2025-06-10,12,True,expired,monthly,USD,2000.0,0.05,2400.0,28800.0,30,BIL4040,CSM20,Entity-4,flat,0,0.0,none,gold,professional,False,us-east-1,28800.0,AE07,0.86,PRD-PLAT-MM,CSM20,2024-06-03T09:00:00Z
CTR00410,ACC0258,2022-10-21,2022-11-09,2025-11-08,36,True,active,monthly,USD,2000.0,0.0,2500.0,30000.0,45,BIL6482,CSM20,Entity-3,flat,0,0.0,none,gold,professional,False,us-east-1,30000.0,AE07,0.91,PRD-PLAT-MM,CSM20,2022-10-21T09:00:00Z
CTR00411,ACC0259,2022-06-22,2022-07-12,2024-07-11,24,False,expired,monthly,USD,2000.0,0.2,2100.0,25200.0,60,BIL1368,CSM11,Entity-4,flat,0,0.0,none,gold,professional,False,us-west-2,25200.0,AE04,0.6,PRD-PLAT-MM,CSM11,2022-06-22T09:00:00Z
CTR00412,ACC0259,2024-06-02,2024-06-22,2025-06-21,12,True,expired,monthly,USD,2000.0,0.15,2200.0,26400.0,45,BIL8675,CSM11,Entity-4,flat,0,0.0,none,gold,professional,False,us-west-2,26400.0,AE04,0.8,PRD-PLAT-MM,CSM11,2024-06-02T09:00:00Z
CTR00413,ACC0260,2024-11-21,2024-12-13,2026-12-12,24,True,active,monthly,USD,2000.0,0.05,2400.0,28800.0,45,BIL9684,CSM02,Entity-4,flat,0,0.0,none,gold,professional,False,eu-west-1,28800.0,AE03,0.56,PRD-PLAT-MM,CSM02,2024-11-21T09:00:00Z
CTR00414,ACC0261,2024-04-13,2024-05-01,2025-04-30,12,False,expired,monthly,EUR,2000.0,0.0,2500.0,30000.0,30,BIL3310,CSM17,Entity-5,flat,0,0.0,none,gold,professional,False,eu-west-1,30000.0,AE15,0.77,PRD-PLAT-MM,CSM17,2024-04-13T09:00:00Z
CTR00415,ACC0261,2023-05-18,2023-06-13,2026-06-12,36,True,active,monthly,EUR,2000.0,0.05,2400.0,28800.0,30,BIL6028,CSM17,Entity-5,flat,0,0.0,none,gold,professional,False,eu-west-1,28800.0,AE15,0.93,PRD-PLAT-MM,CSM17,2023-05-18T09:00:00Z
CTR00416,ACC0262,2022-05-09,2022-05-19,2023-05-18,12,False,expired,monthly,USD,2000.0,0.15,2200.0,26400.0,30,BIL2429,CSM19,Entity-2,flat,0,0.0,none,gold,professional,False,eu-west-1,26400.0,AE04,0.66,PRD-PLAT-MM,CSM19,2022-05-09T09:00:00Z
CTR00417,ACC0263,2023-01-02,2023-01-10,2024-01-09,12,True,expired,monthly,USD,2000.0,0.0,3500.0,42000.0,60,BIL4106,CSM17,Entity-2,mixed,0,0.0,none,gold,professional,False,eu-west-1,42000.0,AE08,0.72,PRD-PLAT-MM,CSM17,2023-01-02T09:00:00Z
CTR00418,ACC0263,2023-10-10,2023-10-26,2026-10-25,36,True,active,monthly,USD,2000.0,0.05,2400.0,28800.0,30,BIL3836,CSM17,Entity-1,flat,0,0.0,none,gold,professional,False,eu-west-1,28800.0,AE08,0.87,PRD-PLAT-MM,CSM17,2023-10-10T09:00:00Z
CTR00419,ACC0264,2022-12-10,2022-12-20,2024-12-19,24,False,expired,monthly,EUR,2000.0,0.05,2400.0,28800.0,30,BIL7585,CSM08,Entity-3,flat,0,0.0,none,gold,professional,False,us-west-2,28800.0,AE06,0.79,PRD-PLAT-MM,CSM08,2022-12-10T09:00:00Z
CTR00420,ACC0264,2023-10-28,2023-11-10,2024-11-09,12,True,expired,monthly,EUR,2000.0,0.0,2500.0,30000.0,45,BIL1466,CSM08,Entity-5,flat,0,0.0,none,gold,professional,False,us-west-2,30000.0,AE06,0.92,PRD-PLAT-MM,CSM08,2023-10-28T09:00:00Z
CTR00421,ACC0265,2023-11-07,2023-11-19,2026-11-18,36,True,active,monthly,USD,2000.0,0.0,2500.0,30000.0,30,BIL5050,CSM07,Entity-1,flat,0,0.0,none,gold,professional,False,eu-west-1,30000.0,AE04,0.77,PRD-PLAT-MM,CSM07,2023-11-07T09:00:00Z
CTR00422,ACC0266,2023-09-27,2023-10-14,2024-10-13,12,False,expired,monthly,EUR,2000.0,0.0,2500.0,30000.0,45,BIL1755,CSM02,Entity-3,mixed,0,0.0,none,gold,professional,False,us-west-2,30000.0,AE08,0.84,PRD-PLAT-MM,CSM02,2023-09-27T09:00:00Z
CTR00423,ACC0267,2022-11-23,2022-12-08,2023-12-07,12,True,expired,monthly,USD,2000.0,0.0,2500.0,30000.0,30,BIL6026,CSM01,Entity-1,flat,0,0.0,none,gold,professional,False,eu-west-1,30000.0,AE01,0.97,PRD-PLAT-MM,CSM01,2022-11-23T09:00:00Z
CTR00424,ACC0268,2022-12-07,2022-12-16,2023-12-15,12,True,expired,monthly,USD,2000.0,0.0,2550.0,30600.0,45,BIL3631,CSM04,Entity-4,mixed,0,0.0,none,gold,professional,False,eu-west-1,30600.0,AE07,0.84,PRD-PLAT-MM,CSM04,2022-12-07T09:00:00Z
CTR00425,ACC0268,2022-06-27,2022-07-07,2023-07-06,12,False,expired,monthly,USD,2000.0,0.1,2300.0,27600.0,30,BIL8364,CSM04,Entity-2,mixed,0,0.0,none,gold,professional,False,eu-west-1,27600.0,AE07,0.57,PRD-PLAT-MM,CSM04,2022-06-27T09:00:00Z
CTR00426,ACC0269,2022-10-17,2022-11-11,2023-11-10,12,True,expired,monthly,EUR,2000.0,0.1,3800.0,45600.0,45,BIL9382,CSM06,Entity-5,mixed,0,0.0,none,gold,professional,False,eu-west-1,45600.0,AE03,0.93,PRD-PLAT-MM,CSM06,2022-10-17T09:00:00Z
CTR00427,ACC0269,2022-01-25,2022-02-21,2023-02-20,12,True,expired,monthly,EUR,2000.0,0.1,2300.0,27600.0,30,BIL9608,CSM06,Entity-4,flat,0,0.0,none,gold,professional,False,eu-west-1,27600.0,AE03,0.85,PRD-PLAT-MM,CSM06,2022-01-25T09:00:00Z
CTR00428,ACC0270,2023-10-30,2023-11-18,2024-11-17,12,False,expired,monthly,EUR,2000.0,0.1,2300.0,27600.0,30,BIL1593,CSM13,Entity-2,flat,0,0.0,none,gold,professional,False,us-west-2,27600.0,AE12,0.64,PRD-PLAT-MM,CSM13,2023-10-30T09:00:00Z
CTR00429,ACC0270,2023-06-29,2023-07-12,2024-07-11,12,True,expired,monthly,EUR,2000.0,0.1,2300.0,27600.0,45,BIL6828,CSM13,Entity-2,flat,0,0.0,none,gold,professional,False,us-west-2,27600.0,AE12,0.62,PRD-PLAT-MM,CSM13,2023-06-29T09:00:00Z
CTR00430,ACC0271,2022-11-11,2022-11-21,2024-11-20,24,True,expired,monthly,USD,2000.0,0.0,2500.0,30000.0,30,BIL7811,CSM02,Entity-5,mixed,0,0.0,none,gold,professional,False,eu-west-1,30000.0,AE10,0.61,PRD-PLAT-MM,CSM02,2022-11-11T09:00:00Z
CTR00431,ACC0272,2024-10-05,2024-10-13,2025-10-12,12,True,active,monthly,USD,2000.0,0.0,2500.0,30000.0,30,BIL8399,CSM17,Entity-4,flat,0,0.0,none,gold,professional,False,us-west-2,30000.0,AE03,0.71,PRD-PLAT-MM,CSM17,2024-10-05T09:00:00Z
CTR00432,ACC0272,2023-07-26,2023-08-21,2024-08-20,12,False,expired,monthly,USD,2000.0,0.0,3000.0,36000.0,45,BIL7457,CSM17,Entity-2,mixed,0,0.0,none,gold,professional,False,us-west-2,36000.0,AE03,0.98,PRD-PLAT-MM,CSM17,2023-07-26T09:00:00Z
CTR00433,ACC0273,2022-11-30,2022-12-23,2024-12-22,24,False,expired,monthly,USD,2000.0,0.05,2400.0,28800.0,30,BIL7657,CSM14,Entity-5,flat,0,0.0,none,gold,professional,False,us-east-1,28800.0,AE08,0.77,PRD-PLAT-MM,CSM14,2022-11-30T09:00:00Z
CTR00434,ACC0274,2022-11-04,2022-11-23,2023-11-22,12,False,expired,monthly,EUR,2000.0,0.05,2450.0,29400.0,30,BIL3956,CSM11,Entity-2,mixed,0,0.0,none,gold,professional,False,us-west-2,29400.0,AE14,0.64,PRD-PLAT-MM,CSM11,2022-11-04T09:00:00Z
CTR00435,ACC0274,2024-05-30,2024-06-22,2025-06-21,12,True,expired,monthly,EUR,2000.0,0.05,3900.0,46800.0,60,BIL6045,CSM11,Entity-1,mixed,0,0.0,none,gold,professional,False,us-west-2,46800.0,AE14,0.58,PRD-PLAT-MM,CSM11,2024-05-30T09:00:00Z
CTR00436,ACC0275,2022-11-03,2022-11-17,2023-11-16,12,True,expired,monthly,USD,2000.0,0.0,2800.0,33600.0,60,BIL4125,CSM11,Entity-1,mixed,0,0.0,none,gold,professional,False,ap-southeast-1,33600.0,AE11,0.7,PRD-PLAT-MM,CSM11,2022-11-03T09:00:00Z
CTR00437,ACC0276,2023-02-09,2023-02-23,2024-02-22,12,False,expired,monthly,USD,2000.0,0.1,2300.0,27600.0,30,BIL7894,CSM03,Entity-2,flat,0,0.0,none,gold,professional,False,ap-southeast-1,27600.0,AE06,0.96,PRD-PLAT-MM,CSM03,2023-02-09T09:00:00Z
CTR00438,ACC0277,2024-05-16,2024-06-11,2025-06-10,12,False,expired,monthly,USD,2000.0,0.0,2500.0,30000.0,30,BIL9924,CSM11,Entity-4,flat,0,0.0,none,gold,professional,False,us-west-2,30000.0,AE06,0.93,PRD-PLAT-MM,CSM11,2024-05-16T09:00:00Z
CTR00439,ACC0277,2024-08-23,2024-09-10,2027-09-09,36,True,active,monthly,USD,2000.0,0.2,2100.0,25200.0,45,BIL5374,CSM11,Entity-2,flat,0,0.0,none,gold,professional,False,us-west-2,25200.0,AE06,0.93,PRD-PLAT-MM,CSM11,2024-08-23T09:00:00Z
CTR00440,ACC0278,2022-02-06,2022-03-06,2024-03-05,24,True,expired,monthly,USD,2000.0,0.0,3500.0,42000.0,30,BIL3000,CSM02,Entity-1,mixed,0,0.0,none,gold,professional,False,eu-west-1,42000.0,AE14,0.66,PRD-PLAT-MM,CSM02,2022-02-06T09:00:00Z
CTR00441,ACC0279,2024-05-21,2024-06-12,2027-06-11,36,False,active,monthly,USD,2000.0,0.0,2500.0,30000.0,30,BIL9162,CSM13,Entity-5,mixed,0,0.0,none,gold,professional,False,us-west-2,30000.0,AE13,0.81,PRD-PLAT-MM,CSM13,2024-05-21T09:00:00Z
CTR00442,ACC0280,2023-04-29,2023-05-08,2024-05-07,12,True,expired,monthly,USD,2000.0,0.0,2500.0,30000.0,30,BIL5265,CSM01,Entity-4,flat,0,0.0,none,gold,professional,False,ap-southeast-1,30000.0,AE09,0.63,PRD-PLAT-MM,CSM01,2023-04-29T09:00:00Z
CTR00443,ACC0280,2022-03-21,2022-04-10,2024-04-09,24,True,expired,monthly,USD,2000.0,0.1,3300.0,39600.0,60,BIL4827,CSM01,Entity-3,mixed,0,0.0,none,gold,professional,False,ap-southeast-1,39600.0,AE09,0.57,PRD-PLAT-MM,CSM01,2022-03-21T09:00:00Z
CTR00444,ACC0281,2023-01-06,2023-01-15,2025-01-14,24,True,expired,monthly,USD,2000.0,0.2,2400.0,28800.0,45,BIL6599,CSM10,Entity-5,mixed,0,0.0,none,gold,professional,False,us-east-1,28800.0,AE10,0.68,PRD-PLAT-MM,CSM10,2023-01-06T09:00:00Z
CTR00445,ACC0282,2024-11-16,2024-12-09,2026-12-08,24,False,active,monthly,USD,2000.0,0.15,2500.0,30000.0,30,BIL4906,CSM20,Entity-5,mixed,0,0.0,none,gold,professional,False,us-west-2,30000.0,AE10,0.58,PRD-PLAT-MM,CSM20,2024-11-16T09:00:00Z
CTR00446,ACC0282,2022-02-06,2022-02-24,2024-02-23,24,True,expired,monthly,USD,2000.0,0.0,2500.0,30000.0,30,BIL2732,CSM20,Entity-2,flat,0,0.0,none,gold,professional,False,us-west-2,30000.0,AE10,0.66,PRD-PLAT-MM,CSM20,2022-02-06T09:00:00Z
CTR00447,ACC0283,2023-08-27,2023-09-20,2024-09-19,12,False,expired,monthly,USD,2000.0,0.05,2400.0,28800.0,30,BIL7322,CSM09,Entity-3,flat,0,0.0,none,gold,professional,False,us-east-1,28800.0,AE11,0.91,PRD-PLAT-MM,CSM09,2023-08-27T09:00:00Z
CTR00448,ACC0284,2024-05-19,2024-06-01,2026-05-31,24,True,active,monthly,USD,2000.0,0.1,3800.0,45600.0,45,BIL2553,CSM09,Entity-3,mixed,0,0.0,none,gold,professional,False,us-east-1,45600.0,AE04,0.71,PRD-PLAT-MM,CSM09,2024-05-19T09:00:00Z
CTR00449,ACC0284,2024-04-05,2024-04-16,2025-04-15,12,False,expired,monthly,USD,2000.0,0.0,2500.0,30000.0,60,BIL5997,CSM09,Entity-4,flat,0,0.0,none,gold,professional,False,us-east-1,30000.0,AE04,0.77,PRD-PLAT-MM,CSM09,2024-04-05T09:00:00Z
CTR00450,ACC0285,2024-05-17,2024-05-25,2025-05-24,12,False,expired,monthly,EUR,2000.0,0.1,2600.0,31200.0,45,BIL9373,CSM13,Entity-1,mixed,0,0.0,none,gold,professional,False,us-east-1,31200.0,AE04,0.58,PRD-PLAT-MM,CSM13,2024-05-17T09:00:00Z
CTR00451,ACC0285,2024-11-01,2024-11-08,2026-11-07,24,True,active,monthly,EUR,2000.0,0.15,2200.0,26400.0,30,BIL4869,CSM13,Entity-2,flat,0,0.0,none,gold,professional,False,us-east-1,26400.0,AE04,0.87,PRD-PLAT-MM,CSM13,2024-11-01T09:00:00Z
CTR00452,ACC0286,2022-04-01,2022-04-17,2023-04-16,12,True,expired,monthly,EUR,2000.0,0.0,4000.0,48000.0,30,BIL8094,CSM13,Entity-3,mixed,0,0.0,none,gold,professional,False,us-west-2,48000.0,AE14,0.91,PRD-PLAT-MM,CSM13,2022-04-01T09:00:00Z
CTR00453,ACC0286,2023-08-14,2023-08-26,2024-08-25,12,False,expired,monthly,EUR,2000.0,0.1,2600.0,31200.0,30,BIL7051,CSM13,Entity-1,mixed,0,0.0,none,gold,professional,False,us-west-2,31200.0,AE14,0.76,PRD-PLAT-MM,CSM13,2023-08-14T09:00:00Z
CTR00454,ACC0287,2024-08-09,2024-08-20,2026-08-19,24,True,active,monthly,USD,2000.0,0.05,2450.0,29400.0,45,BIL8342,CSM09,Entity-4,mixed,0,0.0,none,gold,professional,False,eu-west-1,29400.0,AE08,0.57,PRD-PLAT-MM,CSM09,2024-08-09T09:00:00Z
CTR00455,ACC0288,2023-03-13,2023-04-06,2024-04-05,12,True,expired,monthly,EUR,2000.0,0.15,2200.0,26400.0,45,BIL8609,CSM11,Entity-2,flat,0,0.0,none,gold,professional,False,us-west-2,26400.0,AE08,0.85,PRD-PLAT-MM,CSM11,2023-03-13T09:00:00Z
CTR00456,ACC0289,2022-09-13,2022-10-01,2025-09-30,36,True,active,monthly,EUR,2000.0,0.0,2500.0,30000.0,30,BIL7988,CSM16,Entity-1,flat,0,0.0,none,gold,professional,False,ap-southeast-1,30000.0,AE10,0.62,PRD-PLAT-MM,CSM16,2022-09-13T09:00:00Z
CTR00457,ACC0290,2024-04-16,2024-05-15,2026-05-14,24,True,active,monthly,EUR,2000.0,0.05,2400.0,28800.0,30,BIL8163,CSM12,Entity-4,flat,0,0.0,none,gold,professional,False,us-east-1,28800.0,AE01,0.93,PRD-PLAT-MM,CSM12,2024-04-16T09:00:00Z
CTR00458,ACC0290,2022-04-01,2022-04-15,2025-04-14,36,True,expired,monthly,EUR,2000.0,0.05,2400.0,28800.0,30,BIL9976,CSM12,Entity-5,mixed,0,0.0,none,gold,professional,False,us-east-1,28800.0,AE01,0.7,PRD-PLAT-MM,CSM12,2022-04-01T09:00:00Z
CTR00459,ACC0291,2022-07-19,2022-08-14,2024-08-13,24,False,expired,monthly,USD,2000.0,0.05,2450.0,29400.0,30,BIL1204,CSM14,Entity-4,mixed,0,0.0,none,gold,professional,False,ap-southeast-1,29400.0,AE03,0.58,PRD-PLAT-MM,CSM14,2022-07-19T09:00:00Z
CTR00460,ACC0291,2022-08-22,2022-09-16,2024-09-15,24,True,expired,monthly,USD,2000.0,0.0,3500.0,42000.0,30,BIL7544,CSM14,Entity-3,mixed,0,0.0,none,gold,professional,False,ap-southeast-1,42000.0,AE03,0.62,PRD-PLAT-MM,CSM14,2022-08-22T09:00:00Z
CTR00461,ACC0292,2023-08-01,2023-08-22,2024-08-21,12,True,expired,monthly,USD,2000.0,0.05,2400.0,28800.0,45,BIL4268,CSM14,Entity-4,flat,0,0.0,none,gold,professional,False,us-west-2,28800.0,AE07,0.67,PRD-PLAT-MM,CSM14,2023-08-01T09:00:00Z
CTR00462,ACC0292,2023-03-27,2023-04-19,2026-04-18,36,True,active,monthly,USD,2000.0,0.1,2350.0,28200.0,30,BIL3718,CSM14,Entity-5,mixed,0,0.0,none,gold,professional,False,us-west-2,28200.0,AE07,0.86,PRD-PLAT-MM,CSM14,2023-03-27T09:00:00Z
CTR00463,ACC0293,2022-10-21,2022-11-07,2023-11-06,12,False,expired,monthly,EUR,2000.0,0.0,2500.0,30000.0,30,BIL2441,CSM11,Entity-3,flat,0,0.0,none,gold,professional,False,ap-southeast-1,30000.0,AE06,0.81,PRD-PLAT-MM,CSM11,2022-10-21T09:00:00Z
CTR00464,ACC0294,2022-11-12,2022-12-09,2024-12-08,24,True,expired,monthly,USD,2000.0,0.0,2550.0,30600.0,45,BIL2971,CSM01,Entity-2,mixed,0,0.0,none,gold,professional,False,ap-southeast-1,30600.0,AE08,0.88,PRD-PLAT-MM,CSM01,2022-11-12T09:00:00Z
CTR00465,ACC0294,2023-11-22,2023-12-12,2026-12-11,36,True,active,monthly,USD,2000.0,0.2,2100.0,25200.0,30,BIL2953,CSM01,Entity-4,flat,0,0.0,none,gold,professional,False,ap-southeast-1,25200.0,AE08,0.65,PRD-PLAT-MM,CSM01,2023-11-22T09:00:00Z
CTR00466,ACC0295,2023-09-25,2023-10-19,2024-10-18,12,False,expired,monthly,USD,2000.0,0.05,2400.0,28800.0,30,BIL7423,CSM15,Entity-5,flat,0,0.0,none,gold,professional,False,us-east-1,28800.0,AE03,0.66,PRD-PLAT-MM,CSM15,2023-09-25T09:00:00Z
CTR00467,ACC0295,2022-12-17,2022-12-26,2023-12-25,12,True,expired,monthly,USD,2000.0,0.1,2600.0,31200.0,30,BIL3528,CSM15,Entity-3,mixed,0,0.0,none,gold,professional,False,us-east-1,31200.0,AE03,0.65,PRD-PLAT-MM,CSM15,2022-12-17T09:00:00Z
CTR00468,ACC0296,2022-10-28,2022-11-24,2023-11-23,12,True,expired,monthly,USD,2000.0,0.0,2500.0,30000.0,30,BIL8080,CSM20,Entity-5,mixed,0,0.0,none,gold,professional,False,us-west-2,30000.0,AE04,0.9,PRD-PLAT-MM,CSM20,2022-10-28T09:00:00Z
CTR00469,ACC0296,2024-02-20,2024-03-11,2027-03-10,36,True,active,monthly,USD,2000.0,0.05,2400.0,28800.0,30,BIL7099,CSM20,Entity-4,flat,0,0.0,none,gold,professional,False,us-west-2,28800.0,AE04,0.76,PRD-PLAT-MM,CSM20,2024-02-20T09:00:00Z
CTR00470,ACC0297,2022-02-04,2022-02-22,2025-02-21,36,True,expired,monthly,USD,2000.0,0.2,2100.0,25200.0,30,BIL1688,CSM18,Entity-1,flat,0,0.0,none,gold,professional,False,us-east-1,25200.0,AE05,0.63,PRD-PLAT-MM,CSM18,2022-02-04T09:00:00Z
CTR00471,ACC0298,2023-04-14,2023-05-12,2025-05-11,24,True,expired,monthly,USD,2000.0,0.05,2400.0,28800.0,30,BIL6065,CSM15,Entity-2,flat,0,0.0,none,gold,professional,False,eu-west-1,28800.0,AE12,0.69,PRD-PLAT-MM,CSM15,2023-04-14T09:00:00Z
CTR00472,ACC0299,2023-07-06,2023-08-01,2025-07-31,24,True,active,monthly,EUR,2000.0,0.05,3900.0,46800.0,45,BIL4489,CSM14,Entity-5,mixed,0,0.0,none,gold,professional,False,us-east-1,46800.0,AE02,0.93,PRD-PLAT-MM,CSM14,2023-07-06T09:00:00Z
CTR00473,ACC0299,2024-03-30,2024-04-15,2025-04-14,12,True,expired,monthly,EUR,2000.0,0.1,2300.0,27600.0,30,BIL7989,CSM14,Entity-2,flat,0,0.0,none,gold,professional,False,us-east-1,27600.0,AE02,0.96,PRD-PLAT-MM,CSM14,2024-03-30T09:00:00Z
CTR00474,ACC0300,2022-10-04,2022-10-13,2023-10-12,12,True,expired,monthly,USD,2000.0,0.15,2200.0,26400.0,45,BIL8596,CSM04,Entity-2,flat,0,0.0,none,gold,professional,False,us-east-1,26400.0,AE14,0.81,PRD-PLAT-MM,CSM04,2022-10-04T09:00:00Z
CTR00475,ACC0301,2022-04-29,2022-05-19,2024-05-18,24,False,expired,monthly,USD,500.0,0.0,1000.0,12000.0,30,BIL3366,CSM14,Entity-5,flat,0,0.0,none,silver,standard,False,us-west-2,12000.0,AE04,0.78,PRD-PLAT-SMB,CSM14,2022-04-29T09:00:00Z
CTR00476,ACC0302,2024-04-28,2024-05-23,2025-05-22,12,True,expired,monthly,USD,500.0,0.15,925.0,11100.0,30,BIL2855,CSM01,Entity-4,flat,0,0.0,none,silver,standard,False,ap-southeast-1,11100.0,AE12,0.77,PRD-PLAT-SMB,CSM01,2024-04-28T09:00:00Z
CTR00477,ACC0303,2023-07-10,2023-08-06,2025-08-05,24,True,active,monthly,USD,500.0,0.1,950.0,11400.0,30,BIL1489,CSM15,Entity-4,flat,0,0.0,none,silver,standard,False,eu-west-1,11400.0,AE06,0.92,PRD-PLAT-SMB,CSM15,2023-07-10T09:00:00Z
CTR00478,ACC0304,2024-10-03,2024-10-11,2026-10-10,24,True,active,monthly,USD,500.0,0.2,900.0,10800.0,30,BIL1851,CSM11,Entity-2,flat,0,0.0,none,silver,standard,False,us-west-2,10800.0,AE08,0.57,PRD-PLAT-SMB,CSM11,2024-10-03T09:00:00Z
CTR00479,ACC0305,2022-09-27,2022-10-06,2024-10-05,24,True,expired,monthly,USD,500.0,0.1,950.0,11400.0,60,BIL2628,CSM17,Entity-2,flat,0,0.0,none,silver,standard,False,eu-west-1,11400.0,AE11,0.6,PRD-PLAT-SMB,CSM17,2022-09-27T09:00:00Z
CTR00480,ACC0306,2024-02-04,2024-03-01,2026-02-28,24,False,active,monthly,USD,500.0,0.15,925.0,11100.0,30,BIL1615,CSM11,Entity-3,flat,0,0.0,none,silver,standard,False,eu-west-1,11100.0,AE05,0.73,PRD-PLAT-SMB,CSM11,2024-02-04T09:00:00Z
CTR00481,ACC0307,2024-12-07,2024-12-23,2027-12-22,36,True,active,monthly,USD,500.0,0.0,1000.0,12000.0,30,BIL6607,CSM09,Entity-4,flat,0,0.0,none,silver,standard,False,eu-west-1,12000.0,AE15,0.92,PRD-PLAT-SMB,CSM09,2024-12-07T09:00:00Z
CTR00482,ACC0308,2022-02-06,2022-02-26,2024-02-25,24,True,expired,monthly,USD,500.0,0.1,950.0,11400.0,60,BIL3499,CSM20,Entity-2,flat,0,0.0,none,silver,standard,False,us-west-2,11400.0,AE14,0.8,PRD-PLAT-SMB,CSM20,2022-02-06T09:00:00Z
CTR00483,ACC0309,2024-06-07,2024-06-15,2025-06-14,12,True,expired,monthly,USD,500.0,0.2,900.0,10800.0,30,BIL1090,CSM10,Entity-4,flat,0,0.0,none,silver,standard,False,us-west-2,10800.0,AE04,0.56,PRD-PLAT-SMB,CSM10,2024-06-07T09:00:00Z
CTR00484,ACC0310,2023-02-19,2023-03-09,2024-03-08,12,True,expired,monthly,USD,500.0,0.1,950.0,11400.0,30,BIL8961,CSM17,Entity-1,flat,0,0.0,none,silver,standard,False,us-west-2,11400.0,AE05,0.7,PRD-PLAT-SMB,CSM17,2023-02-19T09:00:00Z
CTR00485,ACC0311,2024-04-02,2024-05-01,2025-04-30,12,True,expired,monthly,USD,500.0,0.05,975.0,11700.0,45,BIL6199,CSM05,Entity-2,flat,0,0.0,none,silver,standard,False,us-east-1,11700.0,AE14,0.82,PRD-PLAT-SMB,CSM05,2024-04-02T09:00:00Z
CTR00486,ACC0312,2022-07-14,2022-08-12,2023-08-11,12,True,expired,monthly,USD,500.0,0.1,950.0,11400.0,45,BIL6628,CSM01,Entity-1,flat,0,0.0,none,silver,standard,False,eu-west-1,11400.0,AE15,0.87,PRD-PLAT-SMB,CSM01,2022-07-14T09:00:00Z
CTR00487,ACC0313,2024-04-27,2024-05-15,2025-05-14,12,False,expired,monthly,USD,500.0,0.0,1000.0,12000.0,30,BIL7873,CSM18,Entity-5,flat,0,0.0,none,silver,standard,False,eu-west-1,12000.0,AE11,0.84,PRD-PLAT-SMB,CSM18,2024-04-27T09:00:00Z
CTR00488,ACC0314,2024-03-25,2024-04-19,2026-04-18,24,True,active,monthly,USD,500.0,0.0,1000.0,12000.0,60,BIL8584,CSM10,Entity-5,flat,0,0.0,none,silver,standard,False,ap-southeast-1,12000.0,AE10,0.98,PRD-PLAT-SMB,CSM10,2024-03-25T09:00:00Z
CTR00489,ACC0315,2023-12-19,2024-01-15,2026-01-14,24,False,active,monthly,USD,500.0,0.0,1000.0,12000.0,30,BIL1423,CSM06,Entity-1,flat,0,0.0,none,silver,standard,False,us-east-1,12000.0,AE14,0.89,PRD-PLAT-SMB,CSM06,2023-12-19T09:00:00Z
CTR00490,ACC0316,2022-04-27,2022-05-19,2023-05-18,12,True,expired,monthly,USD,500.0,0.05,975.0,11700.0,30,BIL2635,CSM05,Entity-1,flat,0,0.0,none,silver,standard,False,eu-west-1,11700.0,AE04,0.64,PRD-PLAT-SMB,CSM05,2022-04-27T09:00:00Z
CTR00491,ACC0317,2022-10-21,2022-11-17,2023-11-16,12,True,expired,monthly,USD,500.0,0.15,925.0,11100.0,60,BIL5725,CSM09,Entity-4,flat,0,0.0,none,silver,standard,False,us-west-2,11100.0,AE10,0.94,PRD-PLAT-SMB,CSM09,2022-10-21T09:00:00Z
CTR00492,ACC0318,2022-04-04,2022-04-23,2024-04-22,24,True,expired,monthly,USD,500.0,0.05,975.0,11700.0,45,BIL5339,CSM19,Entity-2,flat,0,0.0,none,silver,standard,False,ap-southeast-1,11700.0,AE08,0.58,PRD-PLAT-SMB,CSM19,2022-04-04T09:00:00Z
CTR00493,ACC0319,2022-10-27,2022-11-07,2023-11-06,12,True,expired,monthly,USD,500.0,0.15,925.0,11100.0,30,BIL3151,CSM01,Entity-3,flat,0,0.0,none,silver,standard,False,us-west-2,11100.0,AE05,0.82,PRD-PLAT-SMB,CSM01,2022-10-27T09:00:00Z
CTR00494,ACC0320,2023-09-12,2023-10-01,2026-09-30,36,True,active,monthly,USD,500.0,0.15,925.0,11100.0,45,BIL7533,CSM05,Entity-3,flat,0,0.0,none,silver,standard,False,ap-southeast-1,11100.0,AE05,0.7,PRD-PLAT-SMB,CSM05,2023-09-12T09:00:00Z
CTR00495,ACC0321,2024-10-13,2024-10-24,2025-10-23,12,True,active,monthly,USD,500.0,0.1,950.0,11400.0,45,BIL6558,CSM07,Entity-3,flat,0,0.0,none,silver,standard,False,us-east-1,11400.0,AE07,0.71,PRD-PLAT-SMB,CSM07,2024-10-13T09:00:00Z
CTR00496,ACC0322,2024-09-30,2024-10-08,2026-10-07,24,True,active,monthly,USD,500.0,0.1,950.0,11400.0,45,BIL6191,CSM14,Entity-5,flat,0,0.0,none,silver,standard,False,us-east-1,11400.0,AE14,0.69,PRD-PLAT-SMB,CSM14,2024-09-30T09:00:00Z
CTR00497,ACC0323,2024-04-22,2024-05-01,2025-04-30,12,True,expired,monthly,USD,500.0,0.15,925.0,11100.0,30,BIL1104,CSM04,Entity-2,flat,0,0.0,none,silver,standard,False,ap-southeast-1,11100.0,AE09,0.89,PRD-PLAT-SMB,CSM04,2024-04-22T09:00:00Z
CTR00498,ACC0324,2023-11-08,2023-12-05,2024-12-04,12,True,expired,monthly,USD,500.0,0.0,1000.0,12000.0,60,BIL4448,CSM05,Entity-4,flat,0,0.0,none,silver,standard,False,us-west-2,12000.0,AE10,0.75,PRD-PLAT-SMB,CSM05,2023-11-08T09:00:00Z
CTR00499,ACC0325,2023-03-15,2023-04-11,2025-04-10,24,True,expired,monthly,USD,500.0,0.1,950.0,11400.0,30,BIL8314,CSM06,Entity-2,flat,0,0.0,none,silver,standard,False,ap-southeast-1,11400.0,AE12,0.92,PRD-PLAT-SMB,CSM06,2023-03-15T09:00:00Z
CTR00500,ACC0326,2024-05-06,2024-05-25,2027-05-24,36,False,active,monthly,USD,500.0,0.15,925.0,11100.0,45,BIL8152,CSM01,Entity-3,flat,0,0.0,none,silver,standard,False,ap-southeast-1,11100.0,AE11,0.87,PRD-PLAT-SMB,CSM01,2024-05-06T09:00:00Z
CTR00501,ACC0327,2023-11-21,2023-12-20,2025-12-19,24,False,active,monthly,USD,500.0,0.0,1000.0,12000.0,30,BIL4141,CSM11,Entity-3,flat,0,0.0,none,silver,standard,False,eu-west-1,12000.0,AE13,0.91,PRD-PLAT-SMB,CSM11,2023-11-21T09:00:00Z
CTR00502,ACC0328,2024-04-26,2024-05-22,2025-05-21,12,False,expired,monthly,USD,500.0,0.1,950.0,11400.0,45,BIL8982,CSM15,Entity-5,flat,0,0.0,none,silver,standard,False,ap-southeast-1,11400.0,AE01,0.7,PRD-PLAT-SMB,CSM15,2024-04-26T09:00:00Z
CTR00503,ACC0329,2024-10-04,2024-10-20,2025-10-19,12,True,active,monthly,USD,500.0,0.0,1000.0,12000.0,30,BIL3212,CSM14,Entity-2,flat,0,0.0,none,silver,standard,False,us-east-1,12000.0,AE07,0.74,PRD-PLAT-SMB,CSM14,2024-10-04T09:00:00Z
CTR00504,ACC0330,2022-08-02,2022-08-16,2025-08-15,36,False,active,monthly,USD,500.0,0.05,975.0,11700.0,60,BIL1745,CSM15,Entity-4,flat,0,0.0,none,silver,standard,False,us-west-2,11700.0,AE07,0.88,PRD-PLAT-SMB,CSM15,2022-08-02T09:00:00Z
CTR00505,ACC0331,2023-01-22,2023-02-07,2024-02-06,12,True,expired,monthly,USD,500.0,0.05,975.0,11700.0,45,BIL2601,CSM15,Entity-3,flat,0,0.0,none,silver,standard,False,us-east-1,11700.0,AE10,0.6,PRD-PLAT-SMB,CSM15,2023-01-22T09:00:00Z
CTR00506,ACC0332,2022-11-25,2022-12-20,2024-12-19,24,False,expired,monthly,USD,500.0,0.05,975.0,11700.0,30,BIL7971,CSM07,Entity-1,flat,0,0.0,none,silver,standard,False,eu-west-1,11700.0,AE02,0.59,PRD-PLAT-SMB,CSM07,2022-11-25T09:00:00Z
CTR00507,ACC0333,2022-11-19,2022-12-10,2023-12-09,12,True,expired,monthly,USD,500.0,0.0,1000.0,12000.0,30,BIL8973,CSM17,Entity-3,flat,0,0.0,none,silver,standard,False,eu-west-1,12000.0,AE12,0.63,PRD-PLAT-SMB,CSM17,2022-11-19T09:00:00Z
CTR00508,ACC0334,2023-05-18,2023-06-08,2024-06-07,12,False,expired,monthly,USD,500.0,0.0,1000.0,12000.0,45,BIL9441,CSM20,Entity-4,flat,0,0.0,none,silver,standard,False,ap-southeast-1,12000.0,AE14,0.92,PRD-PLAT-SMB,CSM20,2023-05-18T09:00:00Z
CTR00509,ACC0335,2022-08-15,2022-09-12,2024-09-11,24,True,expired,monthly,USD,500.0,0.0,1000.0,12000.0,45,BIL4643,CSM18,Entity-5,flat,0,0.0,none,silver,standard,False,us-east-1,12000.0,AE14,0.7,PRD-PLAT-SMB,CSM18,2022-08-15T09:00:00Z
CTR00510,ACC0336,2023-10-24,2023-11-01,2024-10-31,12,False,expired,monthly,USD,500.0,0.0,1000.0,12000.0,30,BIL1741,CSM09,Entity-4,flat,0,0.0,none,silver,standard,False,eu-west-1,12000.0,AE10,0.75,PRD-PLAT-SMB,CSM09,2023-10-24T09:00:00Z
CTR00511,ACC0337,2024-11-24,2024-12-21,2025-12-20,12,False,active,monthly,USD,500.0,0.05,975.0,11700.0,30,BIL1412,CSM06,Entity-5,flat,0,0.0,none,silver,standard,False,eu-west-1,11700.0,AE03,0.8,PRD-PLAT-SMB,CSM06,2024-11-24T09:00:00Z
CTR00512,ACC0338,2024-02-24,2024-03-12,2025-03-11,12,True,expired,monthly,USD,500.0,0.0,1000.0,12000.0,45,BIL7728,CSM06,Entity-5,flat,0,0.0,none,silver,standard,False,us-east-1,12000.0,AE09,0.76,PRD-PLAT-SMB,CSM06,2024-02-24T09:00:00Z
CTR00513,ACC0339,2023-05-07,2023-05-18,2025-05-17,24,True,expired,monthly,USD,500.0,0.15,925.0,11100.0,30,BIL8338,CSM18,Entity-5,flat,0,0.0,none,silver,standard,False,ap-southeast-1,11100.0,AE07,0.77,PRD-PLAT-SMB,CSM18,2023-05-07T09:00:00Z
CTR00514,ACC0340,2022-07-06,2022-07-26,2023-07-25,12,True,expired,monthly,USD,500.0,0.15,925.0,11100.0,60,BIL6697,CSM17,Entity-1,flat,0,0.0,none,silver,standard,False,eu-west-1,11100.0,AE15,0.85,PRD-PLAT-SMB,CSM17,2022-07-06T09:00:00Z
CTR00515,ACC0341,2023-07-30,2023-08-18,2025-08-17,24,True,active,monthly,USD,500.0,0.05,975.0,11700.0,30,BIL2782,CSM03,Entity-3,flat,0,0.0,none,silver,standard,False,eu-west-1,11700.0,AE11,0.95,PRD-PLAT-SMB,CSM03,2023-07-30T09:00:00Z
CTR00516,ACC0342,2024-06-24,2024-07-21,2025-07-20,12,False,active,monthly,USD,500.0,0.05,975.0,11700.0,30,BIL3018,CSM15,Entity-4,flat,0,0.0,none,silver,standard,False,us-west-2,11700.0,AE01,0.89,PRD-PLAT-SMB,CSM15,2024-06-24T09:00:00Z
CTR00517,ACC0343,2022-04-07,2022-04-17,2025-04-16,36,False,expired,monthly,USD,500.0,0.0,1000.0,12000.0,45,BIL7455,CSM20,Entity-1,flat,0,0.0,none,silver,standard,False,ap-southeast-1,12000.0,AE15,0.71,PRD-PLAT-SMB,CSM20,2022-04-07T09:00:00Z
CTR00518,ACC0344,2023-12-28,2024-01-26,2025-01-25,12,True,expired,monthly,USD,500.0,0.2,900.0,10800.0,30,BIL5461,CSM05,Entity-5,flat,0,0.0,none,silver,standard,False,us-west-2,10800.0,AE04,0.93,PRD-PLAT-SMB,CSM05,2023-12-28T09:00:00Z
CTR00519,ACC0345,2022-03-27,2022-04-23,2024-04-22,24,True,expired,monthly,USD,500.0,0.1,950.0,11400.0,30,BIL7374,CSM06,Entity-4,flat,0,0.0,none,silver,standard,False,ap-southeast-1,11400.0,AE15,0.77,PRD-PLAT-SMB,CSM06,2022-03-27T09:00:00Z
CTR00520,ACC0346,2024-02-23,2024-03-10,2025-03-09,12,True,expired,monthly,USD,500.0,0.05,975.0,11700.0,30,BIL2238,CSM05,Entity-5,flat,0,0.0,none,silver,standard,False,ap-southeast-1,11700.0,AE14,0.81,PRD-PLAT-SMB,CSM05,2024-02-23T09:00:00Z
CTR00521,ACC0347,2024-02-08,2024-02-24,2026-02-23,24,True,active,monthly,USD,500.0,0.1,950.0,11400.0,45,BIL1300,CSM02,Entity-1,flat,0,0.0,none,silver,standard,False,eu-west-1,11400.0,AE04,0.68,PRD-PLAT-SMB,CSM02,2024-02-08T09:00:00Z
CTR00522,ACC0348,2021-12-24,2022-01-09,2024-01-08,24,True,expired,monthly,USD,500.0,0.0,1000.0,12000.0,45,BIL2001,CSM09,Entity-2,flat,0,0.0,none,silver,standard,False,ap-southeast-1,12000.0,AE10,0.86,PRD-PLAT-SMB,CSM09,2021-12-24T09:00:00Z
CTR00523,ACC0349,2024-01-02,2024-01-18,2026-01-17,24,False,active,monthly,USD,500.0,0.0,1000.0,12000.0,60,BIL2663,CSM05,Entity-5,flat,0,0.0,none,silver,standard,False,us-west-2,12000.0,AE09,0.68,PRD-PLAT-SMB,CSM05,2024-01-02T09:00:00Z
CTR00524,ACC0350,2022-07-23,2022-08-19,2024-08-18,24,False,expired,monthly,USD,500.0,0.0,1000.0,12000.0,30,BIL2826,CSM20,Entity-5,flat,0,0.0,none,silver,standard,False,us-west-2,12000.0,AE14,0.77,PRD-PLAT-SMB,CSM20,2022-07-23T09:00:00Z
CTR00525,ACC0351,2024-05-10,2024-06-05,2026-06-04,24,False,active,monthly,USD,500.0,0.05,975.0,11700.0,45,BIL1484,CSM06,Entity-1,flat,0,0.0,none,silver,standard,False,us-east-1,11700.0,AE14,0.72,PRD-PLAT-SMB,CSM06,2024-05-10T09:00:00Z
CTR00526,ACC0352,2022-12-27,2023-01-20,2024-01-19,12,False,expired,monthly,USD,500.0,0.05,975.0,11700.0,30,BIL2474,CSM10,Entity-5,flat,0,0.0,none,silver,standard,False,us-east-1,11700.0,AE08,0.78,PRD-PLAT-SMB,CSM10,2022-12-27T09:00:00Z
CTR00527,ACC0353,2023-08-16,2023-09-11,2025-09-10,24,True,active,monthly,USD,500.0,0.0,1000.0,12000.0,60,BIL1150,CSM09,Entity-4,flat,0,0.0,none,silver,standard,False,eu-west-1,12000.0,AE01,0.62,PRD-PLAT-SMB,CSM09,2023-08-16T09:00:00Z
CTR00528,ACC0354,2024-09-07,2024-09-15,2025-09-14,12,True,active,monthly,USD,500.0,0.2,900.0,10800.0,30,BIL2558,CSM09,Entity-3,flat,0,0.0,none,silver,standard,False,ap-southeast-1,10800.0,AE13,0.91,PRD-PLAT-SMB,CSM09,2024-09-07T09:00:00Z
CTR00529,ACC0355,2022-03-12,2022-04-09,2023-04-08,12,True,expired,monthly,USD,500.0,0.05,975.0,11700.0,60,BIL5926,CSM01,Entity-2,flat,0,0.0,none,silver,standard,False,us-east-1,11700.0,AE13,0.68,PRD-PLAT-SMB,CSM01,2022-03-12T09:00:00Z
CTR00530,ACC0356,2022-09-02,2022-10-01,2024-09-30,24,True,expired,monthly,USD,500.0,0.1,950.0,11400.0,30,BIL4509,CSM03,Entity-1,flat,0,0.0,none,silver,standard,False,us-west-2,11400.0,AE12,0.6,PRD-PLAT-SMB,CSM03,2022-09-02T09:00:00Z
CTR00531,ACC0357,2022-06-03,2022-06-19,2023-06-18,12,True,expired,monthly,USD,500.0,0.05,975.0,11700.0,30,BIL3240,CSM06,Entity-4,flat,0,0.0,none,silver,standard,False,us-west-2,11700.0,AE13,0.78,PRD-PLAT-SMB,CSM06,2022-06-03T09:00:00Z
CTR00532,ACC0358,2022-08-03,2022-08-21,2024-08-20,24,True,expired,monthly,USD,500.0,0.1,950.0,11400.0,30,BIL9167,CSM09,Entity-1,flat,0,0.0,none,silver,standard,False,us-east-1,11400.0,AE08,0.69,PRD-PLAT-SMB,CSM09,2022-08-03T09:00:00Z
CTR00533,ACC0359,2023-06-04,2023-06-12,2025-06-11,24,True,expired,monthly,USD,500.0,0.0,1000.0,12000.0,60,BIL7071,CSM17,Entity-1,flat,0,0.0,none,silver,standard,False,ap-southeast-1,12000.0,AE13,0.73,PRD-PLAT-SMB,CSM17,2023-06-04T09:00:00Z
CTR00534,ACC0360,2022-05-18,2022-06-01,2024-05-31,24,False,expired,monthly,USD,500.0,0.1,950.0,11400.0,30,BIL1544,CSM11,Entity-4,flat,0,0.0,none,silver,standard,False,eu-west-1,11400.0,AE10,0.58,PRD-PLAT-SMB,CSM11,2022-05-18T09:00:00Z
CTR00535,ACC0361,2023-03-02,2023-03-20,2026-03-19,36,False,active,monthly,USD,500.0,0.1,950.0,11400.0,30,BIL6437,CSM14,Entity-1,flat,0,0.0,none,silver,standard,False,us-east-1,11400.0,AE07,0.58,PRD-PLAT-SMB,CSM14,2023-03-02T09:00:00Z
CTR00536,ACC0362,2022-11-03,2022-12-01,2024-11-30,24,True,expired,monthly,USD,500.0,0.0,1000.0,12000.0,45,BIL9726,CSM09,Entity-3,flat,0,0.0,none,silver,standard,False,eu-west-1,12000.0,AE15,0.77,PRD-PLAT-SMB,CSM09,2022-11-03T09:00:00Z
CTR00537,ACC0363,2022-11-04,2022-11-23,2024-11-22,24,True,expired,monthly,USD,500.0,0.05,975.0,11700.0,30,BIL7278,CSM13,Entity-3,flat,0,0.0,none,silver,standard,False,us-west-2,11700.0,AE10,0.6,PRD-PLAT-SMB,CSM13,2022-11-04T09:00:00Z
CTR00538,ACC0364,2022-10-28,2022-11-21,2023-11-20,12,True,expired,monthly,USD,500.0,0.2,900.0,10800.0,30,BIL7335,CSM12,Entity-4,flat,0,0.0,none,silver,standard,False,eu-west-1,10800.0,AE10,0.73,PRD-PLAT-SMB,CSM12,2022-10-28T09:00:00Z
CTR00539,ACC0365,2024-07-19,2024-08-15,2025-08-14,12,True,active,monthly,USD,500.0,0.1,950.0,11400.0,30,BIL1926,CSM20,Entity-2,flat,0,0.0,none,silver,standard,False,us-west-2,11400.0,AE10,0.61,PRD-PLAT-SMB,CSM20,2024-07-19T09:00:00Z
CTR00540,ACC0366,2022-09-09,2022-09-24,2023-09-23,12,False,expired,monthly,USD,500.0,0.0,1000.0,12000.0,30,BIL7619,CSM05,Entity-4,flat,0,0.0,none,silver,standard,False,us-east-1,12000.0,AE06,0.78,PRD-PLAT-SMB,CSM05,2022-09-09T09:00:00Z
CTR00541,ACC0367,2023-10-30,2023-11-19,2026-11-18,36,True,active,monthly,USD,500.0,0.2,900.0,10800.0,45,BIL3484,CSM09,Entity-2,flat,0,0.0,none,silver,standard,False,ap-southeast-1,10800.0,AE01,0.88,PRD-PLAT-SMB,CSM09,2023-10-30T09:00:00Z
CTR00542,ACC0368,2023-02-06,2023-02-25,2025-02-24,24,True,expired,monthly,USD,500.0,0.1,950.0,11400.0,45,BIL2990,CSM13,Entity-3,flat,0,0.0,none,silver,standard,False,us-west-2,11400.0,AE09,0.98,PRD-PLAT-SMB,CSM13,2023-02-06T09:00:00Z
CTR00543,ACC0369,2024-11-14,2024-12-05,2025-12-04,12,True,active,monthly,USD,500.0,0.0,1000.0,12000.0,60,BIL5087,CSM10,Entity-4,flat,0,0.0,none,silver,standard,False,us-west-2,12000.0,AE15,0.71,PRD-PLAT-SMB,CSM10,2024-11-14T09:00:00Z
CTR00544,ACC0370,2024-11-27,2024-12-12,2026-12-11,24,True,active,monthly,USD,500.0,0.05,975.0,11700.0,30,BIL9226,CSM09,Entity-1,flat,0,0.0,none,silver,standard,False,us-east-1,11700.0,AE04,0.84,PRD-PLAT-SMB,CSM09,2024-11-27T09:00:00Z
CTR00545,ACC0371,2023-09-22,2023-10-13,2025-10-12,24,True,active,monthly,USD,500.0,0.05,975.0,11700.0,30,BIL8727,CSM17,Entity-1,flat,0,0.0,none,silver,standard,False,us-west-2,11700.0,AE09,0.71,PRD-PLAT-SMB,CSM17,2023-09-22T09:00:00Z
CTR00546,ACC0372,2022-10-26,2022-11-13,2024-11-12,24,True,expired,monthly,USD,500.0,0.0,1000.0,12000.0,30,BIL3012,CSM13,Entity-2,flat,0,0.0,none,silver,standard,False,ap-southeast-1,12000.0,AE04,0.85,PRD-PLAT-SMB,CSM13,2022-10-26T09:00:00Z
CTR00547,ACC0373,2023-01-15,2023-02-11,2024-02-10,12,True,expired,monthly,USD,500.0,0.0,1000.0,12000.0,45,BIL5636,CSM05,Entity-5,flat,0,0.0,none,silver,standard,False,eu-west-1,12000.0,AE13,0.96,PRD-PLAT-SMB,CSM05,2023-01-15T09:00:00Z
CTR00548,ACC0374,2023-06-09,2023-07-07,2025-07-06,24,False,active,monthly,USD,500.0,0.05,975.0,11700.0,30,BIL2375,CSM11,Entity-5,flat,0,0.0,none,silver,standard,False,eu-west-1,11700.0,AE15,0.93,PRD-PLAT-SMB,CSM11,2023-06-09T09:00:00Z
CTR00549,ACC0375,2022-10-26,2022-11-16,2024-11-15,24,True,expired,monthly,USD,500.0,0.0,1000.0,12000.0,60,BIL4854,CSM11,Entity-5,flat,0,0.0,none,silver,standard,False,us-east-1,12000.0,AE06,0.98,PRD-PLAT-SMB,CSM11,2022-10-26T09:00:00Z
CTR00550,ACC0376,2024-02-15,2024-03-06,2025-03-05,12,False,expired,monthly,USD,500.0,0.1,950.0,11400.0,60,BIL9904,CSM12,Entity-4,flat,0,0.0,none,silver,standard,False,ap-southeast-1,11400.0,AE07,0.78,PRD-PLAT-SMB,CSM12,2024-02-15T09:00:00Z
CTR00551,ACC0377,2022-06-23,2022-07-10,2023-07-09,12,True,expired,monthly,USD,500.0,0.0,1000.0,12000.0,30,BIL1109,CSM07,Entity-1,flat,0,0.0,none,silver,standard,False,us-east-1,12000.0,AE07,0.92,PRD-PLAT-SMB,CSM07,2022-06-23T09:00:00Z
CTR00552,ACC0378,2022-04-15,2022-04-22,2024-04-21,24,True,expired,monthly,USD,500.0,0.05,975.0,11700.0,30,BIL7978,CSM10,Entity-3,flat,0,0.0,none,silver,standard,False,eu-west-1,11700.0,AE13,0.63,PRD-PLAT-SMB,CSM10,2022-04-15T09:00:00Z
CTR00553,ACC0379,2023-04-02,2023-04-17,2025-04-16,24,True,expired,monthly,USD,500.0,0.05,975.0,11700.0,45,BIL5667,CSM02,Entity-3,flat,0,0.0,none,silver,standard,False,eu-west-1,11700.0,AE07,0.71,PRD-PLAT-SMB,CSM02,2023-04-02T09:00:00Z
CTR00554,ACC0380,2021-12-19,2022-01-09,2023-01-08,12,True,expired,monthly,USD,500.0,0.1,950.0,11400.0,45,BIL7044,CSM20,Entity-2,flat,0,0.0,none,silver,standard,False,eu-west-1,11400.0,AE03,0.95,PRD-PLAT-SMB,CSM20,2021-12-19T09:00:00Z
CTR00555,ACC0381,2023-10-30,2023-11-20,2024-11-19,12,False,expired,monthly,USD,500.0,0.1,950.0,11400.0,45,BIL6324,CSM13,Entity-4,flat,0,0.0,none,silver,standard,False,eu-west-1,11400.0,AE01,0.96,PRD-PLAT-SMB,CSM13,2023-10-30T09:00:00Z
CTR00556,ACC0382,2023-12-11,2024-01-01,2026-12-31,36,True,active,monthly,USD,500.0,0.0,1000.0,12000.0,45,BIL9267,CSM02,Entity-2,flat,0,0.0,none,silver,standard,False,us-east-1,12000.0,AE15,0.68,PRD-PLAT-SMB,CSM02,2023-12-11T09:00:00Z
CTR00557,ACC0383,2024-06-14,2024-06-26,2025-06-25,12,False,expired,monthly,USD,500.0,0.1,950.0,11400.0,60,BIL6395,CSM03,Entity-3,flat,0,0.0,none,silver,standard,False,us-west-2,11400.0,AE14,0.66,PRD-PLAT-SMB,CSM03,2024-06-14T09:00:00Z
CTR00558,ACC0384,2022-10-09,2022-11-07,2024-11-06,24,True,expired,monthly,USD,500.0,0.05,975.0,11700.0,30,BIL8234,CSM01,Entity-3,flat,0,0.0,none,silver,standard,False,us-east-1,11700.0,AE12,0.73,PRD-PLAT-SMB,CSM01,2022-10-09T09:00:00Z
CTR00559,ACC0385,2024-10-30,2024-11-15,2025-11-14,12,True,active,monthly,USD,500.0,0.05,975.0,11700.0,30,BIL5291,CSM11,Entity-4,flat,0,0.0,none,silver,standard,False,eu-west-1,11700.0,AE07,0.9,PRD-PLAT-SMB,CSM11,2024-10-30T09:00:00Z
CTR00560,ACC0386,2024-05-19,2024-06-14,2026-06-13,24,False,active,monthly,USD,500.0,0.1,950.0,11400.0,30,BIL2425,CSM04,Entity-2,flat,0,0.0,none,silver,standard,False,us-west-2,11400.0,AE13,0.72,PRD-PLAT-SMB,CSM04,2024-05-19T09:00:00Z
CTR00561,ACC0387,2022-09-12,2022-10-07,2023-10-06,12,False,expired,monthly,USD,500.0,0.0,1000.0,12000.0,30,BIL6573,CSM20,Entity-4,flat,0,0.0,none,silver,standard,False,eu-west-1,12000.0,AE12,0.67,PRD-PLAT-SMB,CSM20,2022-09-12T09:00:00Z
CTR00562,ACC0388,2022-02-10,2022-02-21,2024-02-20,24,True,expired,monthly,USD,500.0,0.0,1000.0,12000.0,30,BIL6310,CSM03,Entity-3,flat,0,0.0,none,silver,standard,False,ap-southeast-1,12000.0,AE07,0.85,PRD-PLAT-SMB,CSM03,2022-02-10T09:00:00Z
CTR00563,ACC0389,2023-07-23,2023-08-21,2024-08-20,12,True,expired,monthly,USD,500.0,0.15,925.0,11100.0,45,BIL7832,CSM15,Entity-5,flat,0,0.0,none,silver,standard,False,us-west-2,11100.0,AE09,0.8,PRD-PLAT-SMB,CSM15,2023-07-23T09:00:00Z
CTR00564,ACC0390,2024-08-02,2024-08-19,2027-08-18,36,True,active,monthly,USD,500.0,0.0,1000.0,12000.0,30,BIL6619,CSM14,Entity-3,flat,0,0.0,none,silver,standard,False,eu-west-1,12000.0,AE01,0.9,PRD-PLAT-SMB,CSM14,2024-08-02T09:00:00Z
CTR00565,ACC0391,2024-07-03,2024-08-01,2025-07-31,12,False,active,monthly,USD,500.0,0.05,975.0,11700.0,30,BIL3082,CSM09,Entity-3,flat,0,0.0,none,silver,standard,False,ap-southeast-1,11700.0,AE13,0.65,PRD-PLAT-SMB,CSM09,2024-07-03T09:00:00Z
CTR00566,ACC0392,2022-04-25,2022-05-24,2023-05-23,12,True,expired,monthly,USD,500.0,0.1,950.0,11400.0,60,BIL5559,CSM10,Entity-5,flat,0,0.0,none,silver,standard,False,eu-west-1,11400.0,AE08,0.64,PRD-PLAT-SMB,CSM10,2022-04-25T09:00:00Z
CTR00567,ACC0393,2022-05-12,2022-06-10,2024-06-09,24,True,expired,monthly,USD,500.0,0.1,950.0,11400.0,30,BIL5615,CSM07,Entity-2,flat,0,0.0,none,silver,standard,False,ap-southeast-1,11400.0,AE15,0.72,PRD-PLAT-SMB,CSM07,2022-05-12T09:00:00Z
CTR00568,ACC0394,2022-10-13,2022-11-01,2023-10-31,12,False,expired,monthly,USD,500.0,0.1,950.0,11400.0,30,BIL4971,CSM14,Entity-1,flat,0,0.0,none,silver,standard,False,us-west-2,11400.0,AE15,0.83,PRD-PLAT-SMB,CSM14,2022-10-13T09:00:00Z
CTR00569,ACC0395,2024-01-29,2024-02-17,2025-02-16,12,False,expired,monthly,USD,500.0,0.05,975.0,11700.0,30,BIL3111,CSM01,Entity-2,flat,0,0.0,none,silver,standard,False,eu-west-1,11700.0,AE06,0.78,PRD-PLAT-SMB,CSM01,2024-01-29T09:00:00Z
CTR00570,ACC0396,2022-10-26,2022-11-09,2024-11-08,24,True,expired,monthly,USD,500.0,0.0,1000.0,12000.0,30,BIL4747,CSM08,Entity-4,flat,0,0.0,none,silver,standard,False,us-east-1,12000.0,AE09,0.91,PRD-PLAT-SMB,CSM08,2022-10-26T09:00:00Z
CTR00571,ACC0397,2022-03-04,2022-03-19,2024-03-18,24,True,expired,monthly,USD,500.0,0.05,975.0,11700.0,45,BIL5218,CSM13,Entity-5,flat,0,0.0,none,silver,standard,False,us-east-1,11700.0,AE04,0.73,PRD-PLAT-SMB,CSM13,2022-03-04T09:00:00Z
CTR00572,ACC0398,2023-12-31,2024-01-20,2025-01-19,12,False,expired,monthly,USD,500.0,0.0,1000.0,12000.0,30,BIL2577,CSM17,Entity-5,flat,0,0.0,none,silver,standard,False,eu-west-1,12000.0,AE04,0.7,PRD-PLAT-SMB,CSM17,2023-12-31T09:00:00Z
CTR00573,ACC0399,2023-03-07,2023-03-22,2026-03-21,36,False,active,monthly,USD,500.0,0.05,975.0,11700.0,45,BIL9531,CSM05,Entity-4,flat,0,0.0,none,silver,standard,False,eu-west-1,11700.0,AE08,0.66,PRD-PLAT-SMB,CSM05,2023-03-07T09:00:00Z
CTR00574,ACC0400,2024-08-04,2024-08-20,2027-08-19,36,True,active,monthly,USD,500.0,0.0,1000.0,12000.0,30,BIL3202,CSM13,Entity-1,flat,0,0.0,none,silver,standard,False,ap-southeast-1,12000.0,AE01,0.81,PRD-PLAT-SMB,CSM13,2024-08-04T09:00:00Z
CTR00575,ACC0401,2022-09-22,2022-10-06,2023-10-05,12,False,expired,monthly,USD,500.0,0.05,975.0,11700.0,30,BIL1126,CSM01,Entity-4,flat,0,0.0,none,silver,standard,False,eu-west-1,11700.0,AE09,0.92,PRD-PLAT-SMB,CSM01,2022-09-22T09:00:00Z
CTR00576,ACC0402,2022-10-03,2022-10-24,2024-10-23,24,True,expired,monthly,USD,500.0,0.2,900.0,10800.0,30,BIL8708,CSM04,Entity-2,flat,0,0.0,none,silver,standard,False,eu-west-1,10800.0,AE05,0.87,PRD-PLAT-SMB,CSM04,2022-10-03T09:00:00Z
CTR00577,ACC0403,2024-10-04,2024-11-01,2025-10-31,12,False,active,monthly,USD,500.0,0.0,1000.0,12000.0,45,BIL7793,CSM14,Entity-1,flat,0,0.0,none,silver,standard,False,us-west-2,12000.0,AE02,0.91,PRD-PLAT-SMB,CSM14,2024-10-04T09:00:00Z
CTR00578,ACC0404,2022-06-25,2022-07-20,2023-07-19,12,True,expired,monthly,USD,500.0,0.1,950.0,11400.0,45,BIL2425,CSM17,Entity-5,flat,0,0.0,none,silver,standard,False,eu-west-1,11400.0,AE14,0.67,PRD-PLAT-SMB,CSM17,2022-06-25T09:00:00Z
CTR00579,ACC0405,2023-07-12,2023-07-26,2025-07-25,24,True,active,monthly,USD,500.0,0.15,925.0,11100.0,60,BIL6255,CSM08,Entity-3,flat,0,0.0,none,silver,standard,False,us-east-1,11100.0,AE15,0.67,PRD-PLAT-SMB,CSM08,2023-07-12T09:00:00Z
CTR00580,ACC0406,2023-09-16,2023-10-11,2024-10-10,12,True,expired,monthly,USD,500.0,0.1,950.0,11400.0,30,BIL9573,CSM09,Entity-3,flat,0,0.0,none,silver,standard,False,us-west-2,11400.0,AE13,0.55,PRD-PLAT-SMB,CSM09,2023-09-16T09:00:00Z
CTR00581,ACC0407,2023-09-02,2023-09-22,2024-09-21,12,True,expired,monthly,USD,500.0,0.1,950.0,11400.0,30,BIL5647,CSM17,Entity-3,flat,0,0.0,none,silver,standard,False,us-west-2,11400.0,AE01,0.93,PRD-PLAT-SMB,CSM17,2023-09-02T09:00:00Z
CTR00582,ACC0408,2023-07-27,2023-08-07,2024-08-06,12,True,expired,monthly,USD,500.0,0.05,975.0,11700.0,45,BIL2201,CSM04,Entity-2,flat,0,0.0,none,silver,standard,False,us-east-1,11700.0,AE01,0.67,PRD-PLAT-SMB,CSM04,2023-07-27T09:00:00Z
CTR00583,ACC0409,2022-12-30,2023-01-15,2025-01-14,24,True,expired,monthly,USD,500.0,0.2,900.0,10800.0,60,BIL2995,CSM19,Entity-4,flat,0,0.0,none,silver,standard,False,us-east-1,10800.0,AE12,0.85,PRD-PLAT-SMB,CSM19,2022-12-30T09:00:00Z
CTR00584,ACC0410,2023-01-29,2023-02-09,2024-02-08,12,True,expired,monthly,USD,500.0,0.1,950.0,11400.0,60,BIL4749,CSM18,Entity-3,flat,0,0.0,none,silver,standard,False,ap-southeast-1,11400.0,AE04,0.61,PRD-PLAT-SMB,CSM18,2023-01-29T09:00:00Z
CTR00585,ACC0411,2024-04-11,2024-04-18,2025-04-17,12,True,expired,monthly,USD,500.0,0.0,1000.0,12000.0,30,BIL6900,CSM06,Entity-4,flat,0,0.0,none,silver,standard,False,us-east-1,12000.0,AE14,0.69,PRD-PLAT-SMB,CSM06,2024-04-11T09:00:00Z
CTR00586,ACC0412,2024-11-14,2024-12-05,2025-12-04,12,True,active,monthly,USD,500.0,0.05,975.0,11700.0,30,BIL7701,CSM09,Entity-4,flat,0,0.0,none,silver,standard,False,us-west-2,11700.0,AE14,0.68,PRD-PLAT-SMB,CSM09,2024-11-14T09:00:00Z
CTR00587,ACC0413,2023-11-11,2023-12-01,2024-11-30,12,True,expired,monthly,USD,500.0,0.05,975.0,11700.0,45,BIL4009,CSM03,Entity-4,flat,0,0.0,none,silver,standard,False,us-west-2,11700.0,AE10,0.88,PRD-PLAT-SMB,CSM03,2023-11-11T09:00:00Z
CTR00588,ACC0414,2024-06-22,2024-07-15,2026-07-14,24,False,active,monthly,USD,500.0,0.1,950.0,11400.0,30,BIL1618,CSM17,Entity-2,flat,0,0.0,none,silver,standard,False,ap-southeast-1,11400.0,AE11,0.62,PRD-PLAT-SMB,CSM17,2024-06-22T09:00:00Z
CTR00589,ACC0415,2024-04-17,2024-05-09,2025-05-08,12,True,expired,monthly,USD,500.0,0.1,950.0,11400.0,30,BIL8274,CSM20,Entity-2,flat,0,0.0,none,silver,standard,False,us-west-2,11400.0,AE10,0.77,PRD-PLAT-SMB,CSM20,2024-04-17T09:00:00Z
CTR00590,ACC0416,2024-09-06,2024-09-18,2025-09-17,12,False,active,monthly,USD,500.0,0.0,1000.0,12000.0,30,BIL1999,CSM02,Entity-1,flat,0,0.0,none,silver,standard,False,us-east-1,12000.0,AE05,0.6,PRD-PLAT-SMB,CSM02,2024-09-06T09:00:00Z
CTR00591,ACC0417,2023-10-27,2023-11-13,2025-11-12,24,True,active,monthly,USD,500.0,0.2,900.0,10800.0,30,BIL6781,CSM04,Entity-5,flat,0,0.0,none,silver,standard,False,eu-west-1,10800.0,AE14,0.89,PRD-PLAT-SMB,CSM04,2023-10-27T09:00:00Z
CTR00592,ACC0418,2024-11-10,2024-12-08,2025-12-07,12,True,active,monthly,USD,500.0,0.1,950.0,11400.0,60,BIL2526,CSM07,Entity-2,flat,0,0.0,none,silver,standard,False,eu-west-1,11400.0,AE01,0.8,PRD-PLAT-SMB,CSM07,2024-11-10T09:00:00Z
CTR00593,ACC0419,2024-10-25,2024-11-20,2025-11-19,12,False,active,monthly,USD,500.0,0.05,975.0,11700.0,30,BIL2580,CSM20,Entity-1,flat,0,0.0,none,silver,standard,False,eu-west-1,11700.0,AE04,0.8,PRD-PLAT-SMB,CSM20,2024-10-25T09:00:00Z
CTR00594,ACC0420,2023-01-05,2023-02-01,2025-01-31,24,True,expired,monthly,USD,500.0,0.0,1000.0,12000.0,30,BIL3679,CSM19,Entity-3,flat,0,0.0,none,silver,standard,False,eu-west-1,12000.0,AE01,0.79,PRD-PLAT-SMB,CSM19,2023-01-05T09:00:00Z
CTR00595,ACC0421,2024-10-05,2024-10-14,2025-10-13,12,True,active,monthly,USD,500.0,0.0,1000.0,12000.0,30,BIL1967,CSM12,Entity-2,flat,0,0.0,none,silver,standard,False,eu-west-1,12000.0,AE09,0.79,PRD-PLAT-SMB,CSM12,2024-10-05T09:00:00Z
CTR00596,ACC0422,2022-01-17,2022-02-10,2023-02-09,12,True,expired,monthly,USD,500.0,0.05,975.0,11700.0,30,BIL1470,CSM09,Entity-2,flat,0,0.0,none,silver,standard,False,us-east-1,11700.0,AE05,0.88,PRD-PLAT-SMB,CSM09,2022-01-17T09:00:00Z
CTR00597,ACC0423,2023-06-08,2023-07-07,2025-07-06,24,False,active,monthly,USD,500.0,0.05,975.0,11700.0,30,BIL6394,CSM04,Entity-5,flat,0,0.0,none,silver,standard,False,ap-southeast-1,11700.0,AE15,0.88,PRD-PLAT-SMB,CSM04,2023-06-08T09:00:00Z
CTR00598,ACC0424,2023-12-12,2024-01-10,2025-01-09,12,True,expired,monthly,USD,500.0,0.05,975.0,11700.0,30,BIL1023,CSM16,Entity-4,flat,0,0.0,none,silver,standard,False,ap-southeast-1,11700.0,AE01,0.57,PRD-PLAT-SMB,CSM16,2023-12-12T09:00:00Z
CTR00599,ACC0425,2024-05-29,2024-06-17,2027-06-16,36,True,active,monthly,USD,500.0,0.1,950.0,11400.0,30,BIL1927,CSM05,Entity-1,flat,0,0.0,none,silver,standard,False,us-east-1,11400.0,AE11,0.95,PRD-PLAT-SMB,CSM05,2024-05-29T09:00:00Z
CTR00600,ACC0426,2022-02-01,2022-03-01,2023-02-28,12,True,expired,monthly,USD,500.0,0.1,950.0,11400.0,45,BIL8802,CSM18,Entity-2,flat,0,0.0,none,silver,standard,False,ap-southeast-1,11400.0,AE06,0.64,PRD-PLAT-SMB,CSM18,2022-02-01T09:00:00Z
CTR00601,ACC0427,2023-04-03,2023-05-01,2025-04-30,24,True,expired,monthly,USD,500.0,0.0,1000.0,12000.0,30,BIL5769,CSM08,Entity-4,flat,0,0.0,none,silver,standard,False,ap-southeast-1,12000.0,AE13,0.83,PRD-PLAT-SMB,CSM08,2023-04-03T09:00:00Z
CTR00602,ACC0428,2022-07-04,2022-07-19,2025-07-18,36,True,active,monthly,USD,500.0,0.0,1000.0,12000.0,30,BIL7686,CSM11,Entity-4,flat,0,0.0,none,silver,standard,False,eu-west-1,12000.0,AE02,0.57,PRD-PLAT-SMB,CSM11,2022-07-04T09:00:00Z
CTR00603,ACC0429,2023-03-18,2023-04-08,2024-04-07,12,False,expired,monthly,USD,500.0,0.2,900.0,10800.0,30,BIL3594,CSM17,Entity-5,flat,0,0.0,none,silver,standard,False,eu-west-1,10800.0,AE12,0.73,PRD-PLAT-SMB,CSM17,2023-03-18T09:00:00Z
CTR00604,ACC0430,2023-07-07,2023-07-25,2024-07-24,12,True,expired,monthly,USD,500.0,0.05,975.0,11700.0,45,BIL4845,CSM02,Entity-4,flat,0,0.0,none,silver,standard,False,ap-southeast-1,11700.0,AE11,0.86,PRD-PLAT-SMB,CSM02,2023-07-07T09:00:00Z
CTR00605,ACC0431,2023-03-13,2023-03-26,2024-03-25,12,True,expired,monthly,USD,500.0,0.2,900.0,10800.0,30,BIL6675,CSM18,Entity-5,flat,0,0.0,none,silver,standard,False,ap-southeast-1,10800.0,AE12,0.79,PRD-PLAT-SMB,CSM18,2023-03-13T09:00:00Z
CTR00606,ACC0432,2024-03-08,2024-03-17,2025-03-16,12,True,expired,monthly,USD,500.0,0.0,1000.0,12000.0,60,BIL6523,CSM20,Entity-4,flat,0,0.0,none,silver,standard,False,ap-southeast-1,12000.0,AE01,0.62,PRD-PLAT-SMB,CSM20,2024-03-08T09:00:00Z
CTR00607,ACC0433,2024-05-22,2024-06-01,2025-05-31,12,True,expired,monthly,USD,500.0,0.0,1000.0,12000.0,45,BIL4481,CSM19,Entity-2,flat,0,0.0,none,silver,standard,False,ap-southeast-1,12000.0,AE13,0.89,PRD-PLAT-SMB,CSM19,2024-05-22T09:00:00Z
CTR00608,ACC0434,2022-03-06,2022-03-20,2023-03-19,12,False,expired,monthly,USD,500.0,0.1,950.0,11400.0,30,BIL6436,CSM05,Entity-5,flat,0,0.0,none,silver,standard,False,eu-west-1,11400.0,AE06,0.92,PRD-PLAT-SMB,CSM05,2022-03-06T09:00:00Z
CTR00609,ACC0435,2022-03-30,2022-04-26,2023-04-25,12,True,expired,monthly,USD,500.0,0.1,950.0,11400.0,45,BIL1158,CSM17,Entity-1,flat,0,0.0,none,silver,standard,False,us-east-1,11400.0,AE15,0.82,PRD-PLAT-SMB,CSM17,2022-03-30T09:00:00Z
CTR00610,ACC0436,2024-07-18,2024-08-07,2026-08-06,24,False,active,monthly,USD,500.0,0.05,975.0,11700.0,30,BIL5408,CSM13,Entity-4,flat,0,0.0,none,silver,standard,False,eu-west-1,11700.0,AE11,0.96,PRD-PLAT-SMB,CSM13,2024-07-18T09:00:00Z
CTR00611,ACC0437,2024-01-17,2024-02-10,2026-02-09,24,True,active,monthly,USD,500.0,0.05,975.0,11700.0,30,BIL2839,CSM14,Entity-2,flat,0,0.0,none,silver,standard,False,eu-west-1,11700.0,AE08,0.67,PRD-PLAT-SMB,CSM14,2024-01-17T09:00:00Z
CTR00612,ACC0438,2024-11-11,2024-12-09,2026-12-08,24,True,active,monthly,USD,500.0,0.15,925.0,11100.0,30,BIL9685,CSM04,Entity-3,flat,0,0.0,none,silver,standard,False,us-west-2,11100.0,AE08,0.95,PRD-PLAT-SMB,CSM04,2024-11-11T09:00:00Z
CTR00613,ACC0439,2023-02-20,2023-03-20,2024-03-19,12,True,expired,monthly,USD,500.0,0.1,950.0,11400.0,30,BIL6493,CSM07,Entity-3,flat,0,0.0,none,silver,standard,False,us-east-1,11400.0,AE10,0.79,PRD-PLAT-SMB,CSM07,2023-02-20T09:00:00Z
CTR00614,ACC0440,2023-06-25,2023-07-19,2026-07-18,36,True,active,monthly,USD,500.0,0.0,1000.0,12000.0,30,BIL4923,CSM06,Entity-4,flat,0,0.0,none,silver,standard,False,ap-southeast-1,12000.0,AE07,0.7,PRD-PLAT-SMB,CSM06,2023-06-25T09:00:00Z
CTR00615,ACC0441,2022-08-20,2022-09-09,2024-09-08,24,True,expired,monthly,USD,500.0,0.05,975.0,11700.0,30,BIL7951,CSM14,Entity-3,flat,0,0.0,none,silver,standard,False,us-west-2,11700.0,AE09,0.66,PRD-PLAT-SMB,CSM14,2022-08-20T09:00:00Z
CTR00616,ACC0442,2023-11-04,2023-11-13,2024-11-12,12,True,expired,monthly,USD,500.0,0.05,975.0,11700.0,60,BIL2081,CSM15,Entity-2,flat,0,0.0,none,silver,standard,False,us-east-1,11700.0,AE15,0.72,PRD-PLAT-SMB,CSM15,2023-11-04T09:00:00Z
CTR00617,ACC0443,2024-11-27,2024-12-07,2026-12-06,24,True,active,monthly,USD,500.0,0.15,925.0,11100.0,45,BIL6906,CSM16,Entity-4,flat,0,0.0,none,silver,standard,False,us-west-2,11100.0,AE05,0.8,PRD-PLAT-SMB,CSM16,2024-11-27T09:00:00Z
CTR00618,ACC0444,2022-03-05,2022-03-20,2023-03-19,12,False,expired,monthly,USD,500.0,0.05,975.0,11700.0,45,BIL8215,CSM13,Entity-1,flat,0,0.0,none,silver,standard,False,ap-southeast-1,11700.0,AE03,0.58,PRD-PLAT-SMB,CSM13,2022-03-05T09:00:00Z
CTR00619,ACC0445,2024-08-29,2024-09-08,2026-09-07,24,False,active,monthly,USD,500.0,0.0,1000.0,12000.0,30,BIL9030,CSM18,Entity-4,flat,0,0.0,none,silver,standard,False,eu-west-1,12000.0,AE04,0.72,PRD-PLAT-SMB,CSM18,2024-08-29T09:00:00Z
CTR00620,ACC0446,2022-08-09,2022-09-01,2023-08-31,12,True,expired,monthly,USD,500.0,0.1,950.0,11400.0,30,BIL2963,CSM20,Entity-3,flat,0,0.0,none,silver,standard,False,eu-west-1,11400.0,AE10,0.63,PRD-PLAT-SMB,CSM20,2022-08-09T09:00:00Z
CTR00621,ACC0447,2023-03-06,2023-03-22,2026-03-21,36,True,active,monthly,USD,500.0,0.05,975.0,11700.0,30,BIL8556,CSM12,Entity-1,flat,0,0.0,none,silver,standard,False,ap-southeast-1,11700.0,AE12,0.89,PRD-PLAT-SMB,CSM12,2023-03-06T09:00:00Z
CTR00622,ACC0448,2024-04-03,2024-04-15,2026-04-14,24,True,active,monthly,USD,500.0,0.1,950.0,11400.0,45,BIL4828,CSM01,Entity-5,flat,0,0.0,none,silver,standard,False,ap-southeast-1,11400.0,AE08,0.81,PRD-PLAT-SMB,CSM01,2024-04-03T09:00:00Z
CTR00623,ACC0449,2023-10-30,2023-11-26,2024-11-25,12,True,expired,monthly,USD,500.0,0.0,1000.0,12000.0,30,BIL7204,CSM16,Entity-2,flat,0,0.0,none,silver,standard,False,eu-west-1,12000.0,AE05,0.93,PRD-PLAT-SMB,CSM16,2023-10-30T09:00:00Z
CTR00624,ACC0450,2022-08-23,2022-09-14,2023-09-13,12,True,expired,monthly,USD,500.0,0.0,1000.0,12000.0,30,BIL1606,CSM11,Entity-2,flat,0,0.0,none,silver,standard,False,eu-west-1,12000.0,AE03,0.7,PRD-PLAT-SMB,CSM11,2022-08-23T09:00:00Z
CTR00625,ACC0451,2022-04-13,2022-05-05,2023-05-04,12,False,expired,monthly,USD,500.0,0.0,1000.0,12000.0,45,BIL1040,CSM14,Entity-5,flat,0,0.0,none,silver,standard,False,ap-southeast-1,12000.0,AE11,0.59,PRD-PLAT-SMB,CSM14,2022-04-13T09:00:00Z
CTR00626,ACC0452,2023-07-03,2023-08-01,2024-07-31,12,False,expired,monthly,USD,500.0,0.0,1000.0,12000.0,45,BIL2654,CSM04,Entity-4,flat,0,0.0,none,silver,standard,False,eu-west-1,12000.0,AE08,0.82,PRD-PLAT-SMB,CSM04,2023-07-03T09:00:00Z
CTR00627,ACC0453,2022-07-19,2022-08-01,2023-07-31,12,True,expired,monthly,USD,500.0,0.0,1000.0,12000.0,30,BIL8476,CSM02,Entity-4,flat,0,0.0,none,silver,standard,False,eu-west-1,12000.0,AE15,0.65,PRD-PLAT-SMB,CSM02,2022-07-19T09:00:00Z
CTR00628,ACC0454,2022-09-22,2022-10-05,2023-10-04,12,True,expired,monthly,USD,500.0,0.1,950.0,11400.0,60,BIL3740,CSM04,Entity-3,flat,0,0.0,none,silver,standard,False,us-east-1,11400.0,AE11,0.7,PRD-PLAT-SMB,CSM04,2022-09-22T09:00:00Z
CTR00629,ACC0455,2023-12-26,2024-01-05,2026-01-04,24,True,active,monthly,USD,500.0,0.0,1000.0,12000.0,45,BIL6627,CSM05,Entity-4,flat,0,0.0,none,silver,standard,False,ap-southeast-1,12000.0,AE13,0.65,PRD-PLAT-SMB,CSM05,2023-12-26T09:00:00Z
CTR00630,ACC0456,2023-02-05,2023-03-05,2024-03-04,12,True,expired,monthly,USD,500.0,0.15,925.0,11100.0,60,BIL7505,CSM17,Entity-3,flat,0,0.0,none,silver,standard,False,us-west-2,11100.0,AE12,0.67,PRD-PLAT-SMB,CSM17,2023-02-05T09:00:00Z
CTR00631,ACC0457,2023-10-10,2023-10-18,2025-10-17,24,False,active,monthly,USD,500.0,0.05,975.0,11700.0,60,BIL2177,CSM09,Entity-3,flat,0,0.0,none,silver,standard,False,us-west-2,11700.0,AE13,0.85,PRD-PLAT-SMB,CSM09,2023-10-10T09:00:00Z
CTR00632,ACC0458,2023-11-05,2023-11-15,2024-11-14,12,False,expired,monthly,USD,500.0,0.05,975.0,11700.0,30,BIL1520,CSM13,Entity-2,flat,0,0.0,none,silver,standard,False,us-east-1,11700.0,AE10,0.57,PRD-PLAT-SMB,CSM13,2023-11-05T09:00:00Z
CTR00633,ACC0459,2023-09-20,2023-10-08,2025-10-07,24,True,active,monthly,USD,500.0,0.05,975.0,11700.0,60,BIL7705,CSM05,Entity-2,flat,0,0.0,none,silver,standard,False,eu-west-1,11700.0,AE13,0.6,PRD-PLAT-SMB,CSM05,2023-09-20T09:00:00Z
CTR00634,ACC0460,2024-09-26,2024-10-14,2025-10-13,12,True,active,monthly,USD,500.0,0.0,1000.0,12000.0,45,BIL1942,CSM12,Entity-1,flat,0,0.0,none,silver,standard,False,us-west-2,12000.0,AE12,0.78,PRD-PLAT-SMB,CSM12,2024-09-26T09:00:00Z
CTR00635,ACC0461,2024-10-23,2024-11-18,2026-11-17,24,True,active,monthly,USD,500.0,0.05,975.0,11700.0,60,BIL9381,CSM08,Entity-5,flat,0,0.0,none,silver,standard,False,eu-west-1,11700.0,AE08,0.82,PRD-PLAT-SMB,CSM08,2024-10-23T09:00:00Z
CTR00636,ACC0462,2023-02-08,2023-02-17,2025-02-16,24,True,expired,monthly,USD,500.0,0.15,925.0,11100.0,30,BIL4106,CSM07,Entity-3,flat,0,0.0,none,silver,standard,False,eu-west-1,11100.0,AE15,0.6,PRD-PLAT-SMB,CSM07,2023-02-08T09:00:00Z
CTR00637,ACC0463,2024-04-14,2024-05-09,2026-05-08,24,False,active,monthly,USD,500.0,0.1,950.0,11400.0,30,BIL1063,CSM05,Entity-5,flat,0,0.0,none,silver,standard,False,ap-southeast-1,11400.0,AE05,0.56,PRD-PLAT-SMB,CSM05,2024-04-14T09:00:00Z
CTR00638,ACC0464,2023-06-16,2023-06-26,2025-06-25,24,True,expired,monthly,USD,500.0,0.0,1000.0,12000.0,45,BIL7636,CSM16,Entity-2,flat,0,0.0,none,silver,standard,False,ap-southeast-1,12000.0,AE11,0.94,PRD-PLAT-SMB,CSM16,2023-06-16T09:00:00Z
CTR00639,ACC0465,2023-04-29,2023-05-22,2024-05-21,12,True,expired,monthly,USD,500.0,0.15,925.0,11100.0,30,BIL1309,CSM12,Entity-2,flat,0,0.0,none,silver,standard,False,us-west-2,11100.0,AE14,0.62,PRD-PLAT-SMB,CSM12,2023-04-29T09:00:00Z
CTR00640,ACC0466,2024-01-03,2024-01-11,2025-01-10,12,False,expired,monthly,USD,500.0,0.05,975.0,11700.0,30,BIL5201,CSM08,Entity-1,flat,0,0.0,none,silver,standard,False,us-east-1,11700.0,AE12,0.92,PRD-PLAT-SMB,CSM08,2024-01-03T09:00:00Z
CTR00641,ACC0467,2022-01-18,2022-02-15,2023-02-14,12,False,expired,monthly,USD,500.0,0.05,975.0,11700.0,30,BIL4181,CSM14,Entity-4,flat,0,0.0,none,silver,standard,False,us-east-1,11700.0,AE11,0.95,PRD-PLAT-SMB,CSM14,2022-01-18T09:00:00Z
CTR00642,ACC0468,2022-12-18,2023-01-08,2025-01-07,24,True,expired,monthly,USD,500.0,0.0,1000.0,12000.0,30,BIL2664,CSM09,Entity-4,flat,0,0.0,none,silver,standard,False,ap-southeast-1,12000.0,AE08,0.67,PRD-PLAT-SMB,CSM09,2022-12-18T09:00:00Z
CTR00643,ACC0469,2024-03-01,2024-03-26,2025-03-25,12,False,expired,monthly,USD,500.0,0.05,975.0,11700.0,60,BIL5500,CSM17,Entity-3,flat,0,0.0,none,silver,standard,False,us-west-2,11700.0,AE08,0.73,PRD-PLAT-SMB,CSM17,2024-03-01T09:00:00Z
CTR00644,ACC0470,2022-11-28,2022-12-23,2024-12-22,24,True,expired,monthly,USD,500.0,0.0,1000.0,12000.0,30,BIL4714,CSM11,Entity-3,flat,0,0.0,none,silver,standard,False,us-east-1,12000.0,AE10,0.78,PRD-PLAT-SMB,CSM11,2022-11-28T09:00:00Z
CTR00645,ACC0471,2024-09-02,2024-09-24,2025-09-23,12,True,active,monthly,USD,500.0,0.05,975.0,11700.0,45,BIL4508,CSM12,Entity-5,flat,0,0.0,none,silver,standard,False,us-west-2,11700.0,AE15,0.8,PRD-PLAT-SMB,CSM12,2024-09-02T09:00:00Z
CTR00646,ACC0472,2024-05-03,2024-05-18,2026-05-17,24,True,active,monthly,USD,500.0,0.1,950.0,11400.0,30,BIL6894,CSM05,Entity-1,flat,0,0.0,none,silver,standard,False,us-west-2,11400.0,AE07,0.82,PRD-PLAT-SMB,CSM05,2024-05-03T09:00:00Z
CTR00647,ACC0473,2023-10-25,2023-11-17,2025-11-16,24,True,active,monthly,USD,500.0,0.05,975.0,11700.0,45,BIL5962,CSM02,Entity-2,flat,0,0.0,none,silver,standard,False,us-west-2,11700.0,AE07,0.64,PRD-PLAT-SMB,CSM02,2023-10-25T09:00:00Z
CTR00648,ACC0474,2024-08-17,2024-09-07,2025-09-06,12,False,active,monthly,USD,500.0,0.0,1000.0,12000.0,30,BIL2181,CSM01,Entity-1,flat,0,0.0,none,silver,standard,False,eu-west-1,12000.0,AE02,0.68,PRD-PLAT-SMB,CSM01,2024-08-17T09:00:00Z
CTR00649,ACC0475,2022-07-04,2022-08-01,2023-07-31,12,False,expired,monthly,USD,500.0,0.15,925.0,11100.0,30,BIL6053,CSM17,Entity-1,flat,0,0.0,none,silver,standard,False,us-east-1,11100.0,AE03,0.72,PRD-PLAT-SMB,CSM17,2022-07-04T09:00:00Z
CTR00650,ACC0476,2022-02-27,2022-03-06,2023-03-05,12,False,expired,monthly,USD,500.0,0.1,950.0,11400.0,30,BIL2509,CSM17,Entity-2,flat,0,0.0,none,silver,standard,False,us-west-2,11400.0,AE15,0.62,PRD-PLAT-SMB,CSM17,2022-02-27T09:00:00Z
CTR00651,ACC0477,2024-03-08,2024-03-19,2026-03-18,24,True,active,monthly,USD,500.0,0.1,950.0,11400.0,30,BIL9886,CSM07,Entity-4,flat,0,0.0,none,silver,standard,False,us-west-2,11400.0,AE01,0.68,PRD-PLAT-SMB,CSM07,2024-03-08T09:00:00Z
CTR00652,ACC0478,2023-08-07,2023-08-19,2025-08-18,24,False,active,monthly,USD,500.0,0.2,900.0,10800.0,30,BIL1250,CSM13,Entity-2,flat,0,0.0,none,silver,standard,False,eu-west-1,10800.0,AE15,0.79,PRD-PLAT-SMB,CSM13,2023-08-07T09:00:00Z
CTR00653,ACC0479,2022-03-16,2022-04-14,2023-04-13,12,False,expired,monthly,USD,500.0,0.2,900.0,10800.0,45,BIL2770,CSM09,Entity-5,flat,0,0.0,none,silver,standard,False,us-west-2,10800.0,AE02,0.79,PRD-PLAT-SMB,CSM09,2022-03-16T09:00:00Z
CTR00654,ACC0480,2024-11-28,2024-12-17,2026-12-16,24,True,active,monthly,USD,500.0,0.0,1000.0,12000.0,30,BIL8198,CSM10,Entity-3,flat,0,0.0,none,silver,standard,False,ap-southeast-1,12000.0,AE07,0.65,PRD-PLAT-SMB,CSM10,2024-11-28T09:00:00Z
CTR00655,ACC0481,2024-06-30,2024-07-22,2027-07-21,36,True,active,monthly,USD,500.0,0.2,900.0,10800.0,60,BIL6921,CSM18,Entity-2,flat,0,0.0,none,silver,standard,False,ap-southeast-1,10800.0,AE08,0.96,PRD-PLAT-SMB,CSM18,2024-06-30T09:00:00Z
CTR00656,ACC0482,2024-03-03,2024-03-17,2026-03-16,24,False,active,monthly,USD,500.0,0.1,950.0,11400.0,30,BIL5412,CSM18,Entity-1,flat,0,0.0,none,silver,standard,False,us-west-2,11400.0,AE05,0.68,PRD-PLAT-SMB,CSM18,2024-03-03T09:00:00Z
CTR00657,ACC0483,2024-03-21,2024-04-14,2025-04-13,12,False,expired,monthly,USD,500.0,0.0,1000.0,12000.0,30,BIL6605,CSM08,Entity-5,flat,0,0.0,none,silver,standard,False,us-east-1,12000.0,AE10,0.83,PRD-PLAT-SMB,CSM08,2024-03-21T09:00:00Z
CTR00658,ACC0484,2022-11-18,2022-11-26,2024-11-25,24,True,expired,monthly,USD,2000.0,0.0,2500.0,30000.0,30,BIL2260,CSM01,Entity-3,flat,0,0.0,none,gold,professional,False,us-east-1,30000.0,AE09,0.71,PRD-PLAT-MM,CSM01,2022-11-18T09:00:00Z
CTR00659,ACC0485,2024-11-01,2024-11-09,2025-11-08,12,True,active,monthly,USD,5000.0,0.0,7000.0,84000.0,30,BIL9233,CSM08,Entity-5,mixed,0,0.0,none,platinum,enterprise,True,ap-southeast-1,84000.0,AE12,0.91,PRD-PLAT-ENT,CSM08,2024-11-01T09:00:00Z
CTR00660,ACC0486,2022-10-02,2022-10-25,2024-10-24,24,False,expired,monthly,USD,500.0,0.15,925.0,11100.0,45,BIL2203,CSM14,Entity-5,flat,0,0.0,none,silver,standard,False,ap-southeast-1,11100.0,AE07,0.79,PRD-PLAT-SMB,CSM14,2022-10-02T09:00:00Z
CTR00661,ACC0487,2022-01-31,2022-02-13,2023-02-12,12,True,expired,monthly,USD,5000.0,0.0,7000.0,84000.0,60,BIL8537,CSM11,Entity-2,mixed,0,0.0,none,platinum,enterprise,True,us-east-1,84000.0,AE14,0.72,PRD-PLAT-ENT,CSM11,2022-01-31T09:00:00Z
CTR00662,ACC0488,2022-09-12,2022-09-19,2024-09-18,24,False,expired,monthly,USD,2000.0,0.0,2500.0,30000.0,60,BIL8393,CSM14,Entity-2,flat,0,0.0,none,gold,professional,False,us-east-1,30000.0,AE06,0.87,PRD-PLAT-MM,CSM14,2022-09-12T09:00:00Z
CTR00663,ACC0489,2023-10-27,2023-11-12,2024-11-11,12,False,expired,monthly,USD,5000.0,0.0,9500.0,114000.0,30,BIL9738,CSM12,Entity-3,mixed,0,0.0,none,platinum,enterprise,True,ap-southeast-1,114000.0,AE07,0.98,PRD-PLAT-ENT,CSM12,2023-10-27T09:00:00Z
CTR00664,ACC0489,2024-09-22,2024-10-16,2025-10-15,12,True,active,monthly,USD,5000.0,0.0,7000.0,84000.0,60,BIL5372,CSM12,Entity-2,flat,0,0.0,none,platinum,enterprise,False,ap-southeast-1,84000.0,AE07,0.81,PRD-PLAT-ENT,CSM12,2024-09-22T09:00:00Z
CTR00665,ACC0489,2024-02-21,2024-03-09,2025-03-08,12,True,expired,monthly,USD,5000.0,0.1,6500.0,78000.0,30,BIL6325,CSM12,Entity-1,flat,0,0.0,none,platinum,enterprise,False,ap-southeast-1,78000.0,AE07,0.81,PRD-PLAT-ENT,CSM12,2024-02-21T09:00:00Z
CTR00666,ACC0490,2023-01-31,2023-02-25,2024-02-24,12,True,expired,monthly,USD,500.0,0.1,950.0,11400.0,30,BIL9252,CSM19,Entity-2,flat,0,0.0,none,silver,standard,False,us-east-1,11400.0,AE12,0.93,PRD-PLAT-SMB,CSM19,2023-01-31T09:00:00Z
CTR00667,ACC0491,2024-04-21,2024-05-10,2025-05-09,12,True,expired,monthly,USD,500.0,0.15,925.0,11100.0,60,BIL4806,CSM14,Entity-3,flat,0,0.0,none,silver,standard,False,us-west-2,11100.0,AE07,0.7,PRD-PLAT-SMB,CSM14,2024-04-21T09:00:00Z
CTR00668,ACC0492,2022-05-18,2022-06-13,2025-06-12,36,True,expired,monthly,USD,5000.0,0.05,8250.0,99000.0,30,BIL8801,CSM19,Entity-2,mixed,0,0.0,none,platinum,enterprise,True,eu-west-1,99000.0,AE02,0.69,PRD-PLAT-ENT,CSM19,2022-05-18T09:00:00Z
CTR00669,ACC0492,2024-01-31,2024-02-09,2025-02-08,12,True,expired,monthly,USD,5000.0,0.15,6250.0,75000.0,30,BIL1407,CSM19,Entity-5,flat,0,0.0,none,platinum,enterprise,False,eu-west-1,75000.0,AE02,0.6,PRD-PLAT-ENT,CSM19,2024-01-31T09:00:00Z
CTR00670,ACC0492,2022-10-22,2022-11-07,2024-11-06,24,True,expired,monthly,USD,5000.0,0.05,6750.0,81000.0,30,BIL8336,CSM19,Entity-3,flat,0,0.0,none,platinum,enterprise,False,eu-west-1,81000.0,AE02,0.61,PRD-PLAT-ENT,CSM19,2022-10-22T09:00:00Z
CTR00671,ACC0493,2022-09-17,2022-10-05,2023-10-04,12,True,expired,monthly,USD,500.0,0.05,975.0,11700.0,30,BIL3576,CSM05,Entity-4,flat,0,0.0,none,silver,standard,False,us-west-2,11700.0,AE12,0.58,PRD-PLAT-SMB,CSM05,2022-09-17T09:00:00Z
CTR00672,ACC0494,2024-03-06,2024-03-16,2025-03-15,12,True,expired,monthly,USD,500.0,0.1,950.0,11400.0,45,BIL9441,CSM07,Entity-1,flat,0,0.0,none,silver,standard,False,us-east-1,11400.0,AE05,0.74,PRD-PLAT-SMB,CSM07,2024-03-06T09:00:00Z
CTR00673,ACC0495,2022-06-06,2022-06-16,2025-06-15,36,False,expired,monthly,USD,5000.0,0.05,7050.0,84600.0,30,BIL2162,CSM18,Entity-2,mixed,0,0.0,none,platinum,enterprise,True,eu-west-1,84600.0,AE03,0.61,PRD-PLAT-ENT,CSM18,2022-06-06T09:00:00Z
CTR00674,ACC0495,2022-06-13,2022-07-01,2023-06-30,12,True,expired,monthly,USD,5000.0,0.15,6250.0,75000.0,30,BIL8409,CSM18,Entity-4,flat,0,0.0,none,platinum,enterprise,False,eu-west-1,75000.0,AE03,0.66,PRD-PLAT-ENT,CSM18,2022-06-13T09:00:00Z
CTR00675,ACC0496,2023-05-10,2023-06-07,2025-06-06,24,True,expired,monthly,USD,2000.0,0.05,2400.0,28800.0,30,BIL3089,CSM17,Entity-1,flat,0,0.0,none,gold,professional,False,us-east-1,28800.0,AE14,0.89,PRD-PLAT-MM,CSM17,2023-05-10T09:00:00Z
CTR00676,ACC0497,2022-04-01,2022-04-23,2023-04-22,12,True,expired,monthly,USD,2000.0,0.15,2200.0,26400.0,60,BIL2808,CSM11,Entity-3,flat,0,0.0,none,gold,professional,False,us-west-2,26400.0,AE10,0.73,PRD-PLAT-MM,CSM11,2022-04-01T09:00:00Z
CTR00677,ACC0498,2022-11-28,2022-12-17,2024-12-16,24,True,expired,monthly,USD,500.0,0.05,975.0,11700.0,30,BIL3013,CSM01,Entity-4,flat,0,0.0,none,silver,standard,False,eu-west-1,11700.0,AE15,0.6,PRD-PLAT-SMB,CSM01,2022-11-28T09:00:00Z
CTR00678,ACC0499,2024-11-08,2024-11-18,2025-11-17,12,True,active,monthly,USD,5000.0,0.0,8050.0,96600.0,60,BIL7728,CSM09,Entity-5,mixed,0,0.0,none,platinum,enterprise,True,ap-southeast-1,96600.0,AE07,0.6,PRD-PLAT-ENT,CSM09,2024-11-08T09:00:00Z
CTR00679,ACC0499,2024-11-05,2024-11-26,2025-11-25,12,True,active,monthly,USD,5000.0,0.0,7000.0,84000.0,60,BIL8232,CSM09,Entity-1,flat,0,0.0,none,platinum,enterprise,False,ap-southeast-1,84000.0,AE07,0.67,PRD-PLAT-ENT,CSM09,2024-11-05T09:00:00Z
CTR00680,ACC0500,2022-11-12,2022-12-08,2023-12-07,12,True,expired,monthly,USD,500.0,0.2,900.0,10800.0,30,BIL9344,CSM04,Entity-1,flat,0,0.0,none,silver,standard,False,eu-west-1,10800.0,AE13,0.92,PRD-PLAT-SMB,CSM04,2022-11-12T09:00:00Z
