sla_id,account_id,contract_id,period_start,period_end,sla_metric,contractual_target,actual_value,is_breach,breach_severity,credit_eligible,credit_calculated,credit_applied,credit_invoice_id,measured_at,data_source,is_disputed,dispute_resolution
SLA000001,ACC0001,CTR00001,2025-05-01,2025-05-31,data_sync_lag,60.0,236.3,True,major,True,675.0,False,,2025-05-31T23:59:00Z,monitoring_platform,False,
SLA000002,ACC0001,CTR00001,2025-05-01,2025-05-31,api_response_p99,500.0,1221.5,True,minor,True,337.5,False,,2025-05-31T23:59:00Z,monitoring_platform,False,
SLA000003,ACC0001,CTR00001,2025-05-01,2025-05-31,uptime,99.9,99.455,True,minor,True,337.5,False,,2025-05-31T23:59:00Z,monitoring_platform,False,
SLA000004,ACC0001,CTR00001,2025-05-01,2025-05-31,ticket_response,4.0,7.6,True,major,True,675.0,False,,2025-05-31T23:59:00Z,monitoring_platform,False,
SLA000005,ACC0002,CTR00002,2025-01-01,2025-01-31,data_sync_lag,60.0,186.4,True,minor,True,412.5,False,,2025-01-31T23:59:00Z,monitoring_platform,False,
SLA000006,ACC0002,CTR00002,2025-05-01,2025-05-31,uptime,99.9,99.019,True,major,True,825.0,False,,2025-05-31T23:59:00Z,monitoring_platform,False,
SLA000007,ACC0003,CTR00003,2025-02-01,2025-02-28,api_response_p99,500.0,1284.3,True,critical,True,1410.0,False,,2025-02-28T23:59:00Z,monitoring_platform,False,
SLA000008,ACC0003,CTR00003,2025-03-01,2025-03-31,uptime,99.9,98.913,True,minor,True,352.5,False,,2025-03-31T23:59:00Z,monitoring_platform,False,
SLA000009,ACC0003,CTR00003,2025-03-01,2025-03-31,api_response_p99,500.0,878.5,True,minor,True,352.5,False,,2025-03-31T23:59:00Z,monitoring_platform,False,
SLA000010,ACC0004,CTR00004,2025-02-01,2025-02-28,ticket_response,4.0,23.4,True,minor,True,475.0,False,,2025-02-28T23:59:00Z,monitoring_platform,False,
SLA000011,ACC0005,CTR00005,2025-01-01,2025-01-31,api_response_p99,500.0,1414.2,True,major,True,925.0,False,,2025-01-31T23:59:00Z,monitoring_platform,False,
SLA000012,ACC0005,CTR00006,2025-03-01,2025-03-31,api_response_p99,500.0,578.6,True,major,True,675.0,False,,2025-03-31T23:59:00Z,monitoring_platform,False,
SLA000013,ACC0005,CTR00006,2025-03-01,2025-03-31,uptime,99.9,98.568,True,critical,True,1350.0,False,,2025-03-31T23:59:00Z,monitoring_platform,False,
SLA000014,ACC0005,CTR00006,2025-03-01,2025-03-31,data_sync_lag,60.0,224.7,True,major,True,675.0,False,,2025-03-31T23:59:00Z,monitoring_platform,False,
SLA000015,ACC0006,CTR00007,2025-03-01,2025-03-31,api_response_p99,500.0,741.2,True,minor,True,340.0,False,,2025-03-31T23:59:00Z,monitoring_platform,False,
SLA000016,ACC0007,CTR00008,2025-02-01,2025-02-28,data_sync_lag,60.0,118.0,True,major,True,625.0,False,,2025-02-28T23:59:00Z,monitoring_platform,False,
SLA000017,ACC0007,CTR00009,2025-03-01,2025-03-31,ticket_response,4.0,20.7,True,minor,True,337.5,False,,2025-03-31T23:59:00Z,monitoring_platform,False,
SLA000018,ACC0009,CTR00011,2025-04-01,2025-04-30,ticket_response,4.0,22.3,True,minor,True,337.5,False,,2025-04-30T23:59:00Z,monitoring_platform,False,
SLA000019,ACC0009,CTR00011,2025-06-01,2025-06-30,ticket_response,4.0,23.6,True,major,True,675.0,False,,2025-06-30T23:59:00Z,monitoring_platform,True,
SLA000020,ACC0009,CTR00011,2025-06-01,2025-06-30,api_response_p99,500.0,1417.8,True,critical,True,1350.0,False,,2025-06-30T23:59:00Z,monitoring_platform,False,
SLA000021,ACC0010,CTR00013,2025-02-01,2025-02-28,ticket_response,4.0,8.3,True,minor,True,350.0,False,,2025-02-28T23:59:00Z,monitoring_platform,False,
SLA000022,ACC0010,CTR00013,2025-02-01,2025-02-28,data_sync_lag,60.0,87.5,True,major,True,700.0,False,,2025-02-28T23:59:00Z,monitoring_platform,False,
SLA000023,ACC0010,CTR00013,2025-02-01,2025-02-28,api_response_p99,500.0,1017.9,True,minor,True,350.0,False,,2025-02-28T23:59:00Z,monitoring_platform,False,
SLA000024,ACC0010,CTR00013,2025-02-01,2025-02-28,uptime,99.9,99.174,True,major,True,700.0,False,,2025-02-28T23:59:00Z,monitoring_platform,False,
SLA000025,ACC0010,CTR00014,2025-05-01,2025-05-31,uptime,99.9,98.062,True,minor,True,350.0,False,,2025-05-31T23:59:00Z,monitoring_platform,False,
SLA000026,ACC0012,CTR00017,2025-01-01,2025-01-31,ticket_response,4.0,22.0,True,minor,True,325.0,False,,2025-01-31T23:59:00Z,monitoring_platform,False,
SLA000027,ACC0012,CTR00017,2025-01-01,2025-01-31,api_response_p99,500.0,607.3,True,minor,True,325.0,False,,2025-01-31T23:59:00Z,monitoring_platform,False,
SLA000028,ACC0012,CTR00017,2025-01-01,2025-01-31,uptime,99.9,97.517,True,major,True,650.0,False,,2025-01-31T23:59:00Z,monitoring_platform,False,
SLA000029,ACC0012,CTR00017,2025-01-01,2025-01-31,data_sync_lag,60.0,267.7,True,major,True,650.0,False,,2025-01-31T23:59:00Z,monitoring_platform,False,
SLA000030,ACC0012,CTR00018,2025-04-01,2025-04-30,uptime,99.9,97.556,True,minor,True,312.5,False,,2025-04-30T23:59:00Z,monitoring_platform,False,
SLA000031,ACC0013,CTR00019,2025-01-01,2025-01-31,uptime,99.9,97.838,True,minor,True,340.0,False,,2025-01-31T23:59:00Z,monitoring_platform,False,
SLA000032,ACC0013,CTR00019,2025-06-01,2025-06-30,ticket_response,4.0,15.8,True,major,True,680.0,False,,2025-06-30T23:59:00Z,monitoring_platform,False,
SLA000033,ACC0014,CTR00021,2025-02-01,2025-02-28,uptime,99.9,98.77,True,minor,True,367.5,False,,2025-02-28T23:59:00Z,monitoring_platform,False,
SLA000034,ACC0014,CTR00021,2025-03-01,2025-03-31,uptime,99.9,98.657,True,major,True,735.0,False,,2025-03-31T23:59:00Z,monitoring_platform,False,
SLA000035,ACC0014,CTR00021,2025-03-01,2025-03-31,data_sync_lag,60.0,71.5,True,minor,True,367.5,False,,2025-03-31T23:59:00Z,monitoring_platform,False,
SLA000036,ACC0014,CTR00021,2025-03-01,2025-03-31,api_response_p99,500.0,1083.9,True,major,True,735.0,False,,2025-03-31T23:59:00Z,monitoring_platform,True,
SLA000037,ACC0014,CTR00021,2025-03-01,2025-03-31,ticket_response,4.0,23.0,True,minor,True,367.5,False,,2025-03-31T23:59:00Z,monitoring_platform,False,
SLA000038,ACC0016,CTR00024,2025-03-01,2025-03-31,api_response_p99,500.0,1112.3,True,major,True,850.0,False,,2025-03-31T23:59:00Z,monitoring_platform,False,
SLA000039,ACC0017,CTR00025,2025-02-01,2025-02-28,data_sync_lag,60.0,212.7,True,major,True,700.0,False,,2025-02-28T23:59:00Z,monitoring_platform,False,
SLA000040,ACC0017,CTR00025,2025-05-01,2025-05-31,api_response_p99,500.0,1145.7,True,major,True,700.0,False,,2025-05-31T23:59:00Z,monitoring_platform,False,
SLA000041,ACC0017,CTR00026,2025-05-01,2025-05-31,uptime,99.9,98.662,True,major,True,650.0,False,,2025-05-31T23:59:00Z,monitoring_platform,False,
SLA000042,ACC0017,CTR00026,2025-06-01,2025-06-30,api_response_p99,500.0,1388.9,True,major,True,650.0,False,,2025-06-30T23:59:00Z,monitoring_platform,False,
SLA000043,ACC0018,CTR00027,2025-02-01,2025-02-28,data_sync_lag,60.0,101.0,True,minor,True,462.5,False,,2025-02-28T23:59:00Z,monitoring_platform,True,
SLA000044,ACC0019,CTR00028,2025-05-01,2025-05-31,ticket_response,4.0,23.8,True,major,True,925.0,False,,2025-05-31T23:59:00Z,monitoring_platform,False,
SLA000045,ACC0019,CTR00028,2025-05-01,2025-05-31,api_response_p99,500.0,1233.5,True,critical,True,1850.0,False,,2025-05-31T23:59:00Z,monitoring_platform,False,
SLA000046,ACC0019,CTR00029,2025-02-01,2025-02-28,uptime,99.9,99.174,True,minor,True,312.5,False,,2025-02-28T23:59:00Z,monitoring_platform,False,
SLA000047,ACC0019,CTR00029,2025-06-01,2025-06-30,api_response_p99,500.0,566.2,True,minor,True,312.5,False,,2025-06-30T23:59:00Z,monitoring_platform,False,
SLA000048,ACC0019,CTR00029,2025-06-01,2025-06-30,data_sync_lag,60.0,176.2,True,minor,True,312.5,False,,2025-06-30T23:59:00Z,monitoring_platform,False,
SLA000049,ACC0019,CTR00029,2025-06-01,2025-06-30,uptime,99.9,98.258,True,minor,True,312.5,False,,2025-06-30T23:59:00Z,monitoring_platform,False,
SLA000050,ACC0020,CTR00031,2025-01-01,2025-01-31,data_sync_lag,60.0,197.8,True,critical,True,1200.0,False,,2025-01-31T23:59:00Z,monitoring_platform,False,
SLA000051,ACC0020,CTR00031,2025-01-01,2025-01-31,ticket_response,4.0,16.1,True,minor,True,300.0,False,,2025-01-31T23:59:00Z,monitoring_platform,False,
SLA000052,ACC0020,CTR00031,2025-03-01,2025-03-31,api_response_p99,500.0,1256.6,True,major,True,600.0,False,,2025-03-31T23:59:00Z,monitoring_platform,False,
SLA000053,ACC0020,CTR00032,2025-04-01,2025-04-30,api_response_p99,500.0,632.6,True,major,True,625.0,False,,2025-04-30T23:59:00Z,monitoring_platform,False,
SLA000054,ACC0020,CTR00032,2025-04-01,2025-04-30,uptime,99.9,98.919,True,minor,True,312.5,False,,2025-04-30T23:59:00Z,monitoring_platform,False,
SLA000055,ACC0020,CTR00032,2025-04-01,2025-04-30,data_sync_lag,60.0,191.9,True,minor,True,312.5,False,,2025-04-30T23:59:00Z,monitoring_platform,False,
SLA000056,ACC0020,CTR00032,2025-04-01,2025-04-30,ticket_response,4.0,14.6,True,major,True,625.0,False,,2025-04-30T23:59:00Z,monitoring_platform,False,
SLA000057,ACC0020,CTR00032,2025-05-01,2025-05-31,data_sync_lag,60.0,136.5,True,minor,True,312.5,False,,2025-05-31T23:59:00Z,monitoring_platform,False,
SLA000058,ACC0020,CTR00032,2025-05-01,2025-05-31,api_response_p99,500.0,938.4,True,minor,True,312.5,False,,2025-05-31T23:59:00Z,monitoring_platform,False,
SLA000059,ACC0020,CTR00032,2025-05-01,2025-05-31,uptime,99.9,97.509,True,major,True,625.0,False,,2025-05-31T23:59:00Z,monitoring_platform,False,
SLA000060,ACC0021,CTR00033,2025-01-01,2025-01-31,data_sync_lag,60.0,147.1,True,critical,True,1350.0,False,,2025-01-31T23:59:00Z,monitoring_platform,False,
SLA000061,ACC0021,CTR00033,2025-04-01,2025-04-30,api_response_p99,500.0,721.9,True,major,True,675.0,False,,2025-04-30T23:59:00Z,monitoring_platform,False,
SLA000062,ACC0021,CTR00033,2025-04-01,2025-04-30,ticket_response,4.0,18.9,True,minor,True,337.5,False,,2025-04-30T23:59:00Z,monitoring_platform,False,
SLA000063,ACC0021,CTR00033,2025-05-01,2025-05-31,data_sync_lag,60.0,137.5,True,critical,True,1350.0,False,,2025-05-31T23:59:00Z,monitoring_platform,False,
SLA000064,ACC0021,CTR00033,2025-05-01,2025-05-31,api_response_p99,500.0,667.3,True,major,True,675.0,False,,2025-05-31T23:59:00Z,monitoring_platform,False,
SLA000065,ACC0021,CTR00033,2025-05-01,2025-05-31,uptime,99.9,99.696,True,minor,True,337.5,False,,2025-05-31T23:59:00Z,monitoring_platform,False,
SLA000066,ACC0021,CTR00034,2025-04-01,2025-04-30,uptime,99.9,99.358,True,minor,True,325.0,False,,2025-04-30T23:59:00Z,monitoring_platform,False,
SLA000067,ACC0021,CTR00035,2025-03-01,2025-03-31,ticket_response,4.0,22.5,True,critical,True,1300.0,False,,2025-03-31T23:59:00Z,monitoring_platform,False,
SLA000068,ACC0022,CTR00036,2025-03-01,2025-03-31,ticket_response,4.0,17.8,True,major,True,975.0,False,,2025-03-31T23:59:00Z,monitoring_platform,False,
SLA000069,ACC0022,CTR00036,2025-04-01,2025-04-30,ticket_response,4.0,22.7,True,minor,True,487.5,False,,2025-04-30T23:59:00Z,monitoring_platform,False,
SLA000070,ACC0022,CTR00037,2025-01-01,2025-01-31,uptime,99.9,98.736,True,minor,True,325.0,False,,2025-01-31T23:59:00Z,monitoring_platform,False,
SLA000071,ACC0023,CTR00039,2025-04-01,2025-04-30,api_response_p99,500.0,660.1,True,major,True,650.0,False,,2025-04-30T23:59:00Z,monitoring_platform,False,
SLA000072,ACC0023,CTR00039,2025-04-01,2025-04-30,ticket_response,4.0,11.0,True,major,True,650.0,False,,2025-04-30T23:59:00Z,monitoring_platform,False,
SLA000073,ACC0023,CTR00039,2025-04-01,2025-04-30,data_sync_lag,60.0,254.3,True,minor,True,325.0,False,,2025-04-30T23:59:00Z,monitoring_platform,False,
SLA000074,ACC0023,CTR00040,2025-02-01,2025-02-28,api_response_p99,500.0,898.9,True,minor,True,325.0,False,,2025-02-28T23:59:00Z,monitoring_platform,False,
SLA000075,ACC0023,CTR00041,2025-02-01,2025-02-28,uptime,99.9,97.548,True,major,True,650.0,False,,2025-02-28T23:59:00Z,monitoring_platform,False,
SLA000076,ACC0023,CTR00041,2025-02-01,2025-02-28,ticket_response,4.0,18.8,True,minor,True,325.0,False,,2025-02-28T23:59:00Z,monitoring_platform,False,
SLA000077,ACC0023,CTR00041,2025-02-01,2025-02-28,api_response_p99,500.0,676.8,True,minor,True,325.0,False,,2025-02-28T23:59:00Z,monitoring_platform,False,
SLA000078,ACC0023,CTR00041,2025-02-01,2025-02-28,data_sync_lag,60.0,82.3,True,major,True,650.0,False,,2025-02-28T23:59:00Z,monitoring_platform,False,
SLA000079,ACC0024,CTR00042,2025-03-01,2025-03-31,uptime,99.9,99.802,True,major,True,600.0,False,,2025-03-31T23:59:00Z,monitoring_platform,False,
SLA000080,ACC0024,CTR00042,2025-03-01,2025-03-31,api_response_p99,500.0,852.0,True,critical,True,1200.0,False,,2025-03-31T23:59:00Z,monitoring_platform,False,
SLA000081,ACC0025,CTR00044,2025-01-01,2025-01-31,ticket_response,4.0,17.3,True,minor,True,337.5,False,,2025-01-31T23:59:00Z,monitoring_platform,False,
SLA000082,ACC0026,CTR00045,2025-01-01,2025-01-31,ticket_response,4.0,16.7,True,minor,True,352.5,False,,2025-01-31T23:59:00Z,monitoring_platform,False,
SLA000083,ACC0026,CTR00047,2025-03-01,2025-03-31,api_response_p99,500.0,1431.1,True,minor,True,337.5,False,,2025-03-31T23:59:00Z,monitoring_platform,False,
SLA000084,ACC0026,CTR00047,2025-06-01,2025-06-30,uptime,99.9,99.043,True,minor,True,337.5,False,,2025-06-30T23:59:00Z,monitoring_platform,True,
SLA000085,ACC0028,CTR00049,2025-02-01,2025-02-28,ticket_response,4.0,8.5,True,minor,True,400.0,False,,2025-02-28T23:59:00Z,monitoring_platform,False,
SLA000086,ACC0028,CTR00049,2025-02-01,2025-02-28,api_response_p99,500.0,1481.7,True,minor,True,400.0,False,,2025-02-28T23:59:00Z,monitoring_platform,False,
SLA000087,ACC0028,CTR00049,2025-02-01,2025-02-28,data_sync_lag,60.0,251.4,True,major,True,800.0,False,,2025-02-28T23:59:00Z,monitoring_platform,True,
SLA000088,ACC0028,CTR00050,2025-06-01,2025-06-30,uptime,99.9,97.696,True,critical,True,1250.0,False,,2025-06-30T23:59:00Z,monitoring_platform,False,
SLA000089,ACC0029,CTR00052,2025-04-01,2025-04-30,api_response_p99,500.0,1145.0,True,major,True,725.0,False,,2025-04-30T23:59:00Z,monitoring_platform,False,
SLA000090,ACC0029,CTR00052,2025-04-01,2025-04-30,ticket_response,4.0,13.8,True,minor,True,362.5,False,,2025-04-30T23:59:00Z,monitoring_platform,False,
SLA000091,ACC0029,CTR00052,2025-05-01,2025-05-31,data_sync_lag,60.0,274.1,True,major,True,725.0,False,,2025-05-31T23:59:00Z,monitoring_platform,False,
SLA000092,ACC0030,CTR00053,2025-02-01,2025-02-28,ticket_response,4.0,7.4,True,major,True,850.0,False,,2025-02-28T23:59:00Z,monitoring_platform,False,
SLA000093,ACC0030,CTR00054,2025-01-01,2025-01-31,api_response_p99,500.0,601.9,True,major,True,675.0,False,,2025-01-31T23:59:00Z,monitoring_platform,False,
SLA000094,ACC0030,CTR00054,2025-01-01,2025-01-31,uptime,99.9,98.048,True,minor,True,337.5,False,,2025-01-31T23:59:00Z,monitoring_platform,False,
SLA000095,ACC0030,CTR00054,2025-01-01,2025-01-31,data_sync_lag,60.0,178.4,True,minor,True,337.5,False,,2025-01-31T23:59:00Z,monitoring_platform,False,
SLA000096,ACC0030,CTR00054,2025-05-01,2025-05-31,ticket_response,4.0,9.7,True,major,True,675.0,False,,2025-05-31T23:59:00Z,monitoring_platform,False,
SLA000097,ACC0032,CTR00057,2025-02-01,2025-02-28,api_response_p99,500.0,1274.5,True,minor,True,325.0,False,,2025-02-28T23:59:00Z,monitoring_platform,False,
SLA000098,ACC0032,CTR00057,2025-04-01,2025-04-30,ticket_response,4.0,20.4,True,major,True,650.0,False,,2025-04-30T23:59:00Z,monitoring_platform,False,
SLA000099,ACC0032,CTR00057,2025-05-01,2025-05-31,api_response_p99,500.0,1268.6,True,critical,True,1300.0,False,,2025-05-31T23:59:00Z,monitoring_platform,False,
SLA000100,ACC0033,CTR00058,2025-01-01,2025-01-31,data_sync_lag,60.0,245.2,True,critical,True,1510.0,False,,2025-01-31T23:59:00Z,monitoring_platform,False,
SLA000101,ACC0033,CTR00058,2025-06-01,2025-06-30,api_response_p99,500.0,732.7,True,critical,True,1510.0,False,,2025-06-30T23:59:00Z,monitoring_platform,False,
SLA000102,ACC0033,CTR00059,2025-03-01,2025-03-31,data_sync_lag,60.0,244.7,True,minor,True,350.0,False,,2025-03-31T23:59:00Z,monitoring_platform,False,
SLA000103,ACC0033,CTR00059,2025-05-01,2025-05-31,uptime,99.9,98.633,True,minor,True,350.0,False,,2025-05-31T23:59:00Z,monitoring_platform,False,
SLA000104,ACC0035,CTR00061,2025-03-01,2025-03-31,data_sync_lag,60.0,232.7,True,major,True,710.0,False,,2025-03-31T23:59:00Z,monitoring_platform,False,
SLA000105,ACC0035,CTR00061,2025-04-01,2025-04-30,data_sync_lag,60.0,113.1,True,major,True,710.0,False,,2025-04-30T23:59:00Z,monitoring_platform,False,
SLA000106,ACC0035,CTR00062,2025-02-01,2025-02-28,ticket_response,4.0,9.6,True,major,True,625.0,False,,2025-02-28T23:59:00Z,monitoring_platform,False,
SLA000107,ACC0035,CTR00062,2025-02-01,2025-02-28,data_sync_lag,60.0,177.2,True,critical,True,1250.0,False,,2025-02-28T23:59:00Z,monitoring_platform,False,
SLA000108,ACC0035,CTR00062,2025-02-01,2025-02-28,uptime,99.9,99.73,True,major,True,625.0,False,,2025-02-28T23:59:00Z,monitoring_platform,False,
SLA000109,ACC0035,CTR00062,2025-03-01,2025-03-31,uptime,99.9,97.928,True,minor,True,312.5,False,,2025-03-31T23:59:00Z,monitoring_platform,False,
SLA000110,ACC0036,CTR00063,2025-01-01,2025-01-31,ticket_response,4.0,12.5,True,minor,True,340.0,False,,2025-01-31T23:59:00Z,monitoring_platform,False,
SLA000111,ACC0036,CTR00063,2025-01-01,2025-01-31,uptime,99.9,98.146,True,minor,True,340.0,False,,2025-01-31T23:59:00Z,monitoring_platform,False,
SLA000112,ACC0036,CTR00063,2025-01-01,2025-01-31,api_response_p99,500.0,1385.8,True,major,True,680.0,False,,2025-01-31T23:59:00Z,monitoring_platform,False,
SLA000113,ACC0036,CTR00063,2025-02-01,2025-02-28,ticket_response,4.0,13.3,True,minor,True,340.0,False,,2025-02-28T23:59:00Z,monitoring_platform,False,
SLA000114,ACC0036,CTR00063,2025-05-01,2025-05-31,uptime,99.9,97.945,True,critical,True,1360.0,False,,2025-05-31T23:59:00Z,monitoring_platform,False,
SLA000115,ACC0037,CTR00064,2025-02-01,2025-02-28,ticket_response,4.0,15.0,True,critical,True,1800.0,False,,2025-02-28T23:59:00Z,monitoring_platform,False,
SLA000116,ACC0037,CTR00065,2025-01-01,2025-01-31,uptime,99.9,99.414,True,critical,True,1300.0,False,,2025-01-31T23:59:00Z,monitoring_platform,False,
SLA000117,ACC0038,CTR00066,2025-01-01,2025-01-31,data_sync_lag,60.0,177.5,True,minor,True,387.5,False,,2025-01-31T23:59:00Z,monitoring_platform,False,
SLA000118,ACC0038,CTR00066,2025-02-01,2025-02-28,uptime,99.9,99.306,True,critical,True,1550.0,False,,2025-02-28T23:59:00Z,monitoring_platform,False,
SLA000119,ACC0038,CTR00066,2025-02-01,2025-02-28,ticket_response,4.0,13.4,True,major,True,775.0,False,,2025-02-28T23:59:00Z,monitoring_platform,False,
SLA000120,ACC0038,CTR00066,2025-02-01,2025-02-28,api_response_p99,500.0,862.9,True,major,True,775.0,False,,2025-02-28T23:59:00Z,monitoring_platform,False,
SLA000121,ACC0038,CTR00067,2025-06-01,2025-06-30,api_response_p99,500.0,523.3,True,major,True,625.0,False,,2025-06-30T23:59:00Z,monitoring_platform,False,
SLA000122,ACC0040,CTR00069,2025-02-01,2025-02-28,ticket_response,4.0,7.0,True,critical,True,1310.0,False,,2025-02-28T23:59:00Z,monitoring_platform,False,
SLA000123,ACC0040,CTR00070,2025-01-01,2025-01-31,ticket_response,4.0,20.6,True,major,True,700.0,False,,2025-01-31T23:59:00Z,monitoring_platform,False,
SLA000124,ACC0040,CTR00070,2025-06-01,2025-06-30,ticket_response,4.0,23.2,True,minor,True,350.0,False,,2025-06-30T23:59:00Z,monitoring_platform,False,
SLA000125,ACC0040,CTR00070,2025-06-01,2025-06-30,uptime,99.9,98.492,True,minor,True,350.0,False,,2025-06-30T23:59:00Z,monitoring_platform,False,
SLA000126,ACC0040,CTR00070,2025-06-01,2025-06-30,api_response_p99,500.0,908.6,True,minor,True,350.0,False,,2025-06-30T23:59:00Z,monitoring_platform,False,
SLA000127,ACC0040,CTR00070,2025-06-01,2025-06-30,data_sync_lag,60.0,171.7,True,minor,True,350.0,False,,2025-06-30T23:59:00Z,monitoring_platform,False,
SLA000128,ACC0041,CTR00071,2025-01-01,2025-01-31,uptime,99.9,98.733,True,minor,True,400.0,False,,2025-01-31T23:59:00Z,monitoring_platform,False,
SLA000129,ACC0041,CTR00071,2025-05-01,2025-05-31,api_response_p99,500.0,1480.6,True,critical,True,1600.0,False,,2025-05-31T23:59:00Z,monitoring_platform,False,
SLA000130,ACC0041,CTR00072,2025-01-01,2025-01-31,data_sync_lag,60.0,118.3,True,minor,True,300.0,False,,2025-01-31T23:59:00Z,monitoring_platform,False,
SLA000131,ACC0041,CTR00072,2025-01-01,2025-01-31,api_response_p99,500.0,758.6,True,critical,True,1200.0,False,,2025-01-31T23:59:00Z,monitoring_platform,False,
SLA000132,ACC0041,CTR00072,2025-01-01,2025-01-31,uptime,99.9,99.385,True,major,True,600.0,False,,2025-01-31T23:59:00Z,monitoring_platform,False,
SLA000133,ACC0042,CTR00073,2025-06-01,2025-06-30,ticket_response,4.0,5.6,True,major,True,725.0,False,,2025-06-30T23:59:00Z,monitoring_platform,False,
SLA000134,ACC0042,CTR00073,2025-06-01,2025-06-30,uptime,99.9,99.119,True,minor,True,362.5,False,,2025-06-30T23:59:00Z,monitoring_platform,False,
SLA000135,ACC0042,CTR00074,2025-03-01,2025-03-31,api_response_p99,500.0,1485.5,True,critical,True,1400.0,False,,2025-03-31T23:59:00Z,monitoring_platform,False,
SLA000136,ACC0042,CTR00074,2025-03-01,2025-03-31,uptime,99.9,98.103,True,minor,True,350.0,False,,2025-03-31T23:59:00Z,monitoring_platform,False,
SLA000137,ACC0042,CTR00074,2025-06-01,2025-06-30,data_sync_lag,60.0,242.6,True,minor,True,350.0,False,,2025-06-30T23:59:00Z,monitoring_platform,False,
SLA000138,ACC0042,CTR00074,2025-06-01,2025-06-30,uptime,99.9,98.178,True,critical,True,1400.0,False,,2025-06-30T23:59:00Z,monitoring_platform,True,
SLA000139,ACC0042,CTR00074,2025-06-01,2025-06-30,api_response_p99,500.0,729.0,True,major,True,700.0,False,,2025-06-30T23:59:00Z,monitoring_platform,False,
SLA000140,ACC0042,CTR00074,2025-06-01,2025-06-30,ticket_response,4.0,15.9,True,minor,True,350.0,False,,2025-06-30T23:59:00Z,monitoring_platform,False,
SLA000141,ACC0043,CTR00076,2025-01-01,2025-01-31,uptime,99.9,98.493,True,major,True,650.0,False,,2025-01-31T23:59:00Z,monitoring_platform,False,
SLA000142,ACC0043,CTR00076,2025-04-01,2025-04-30,api_response_p99,500.0,930.3,True,minor,True,325.0,False,,2025-04-30T23:59:00Z,monitoring_platform,False,
SLA000143,ACC0043,CTR00076,2025-05-01,2025-05-31,uptime,99.9,97.937,True,critical,True,1300.0,False,,2025-05-31T23:59:00Z,monitoring_platform,False,
SLA000144,ACC0043,CTR00077,2025-01-01,2025-01-31,uptime,99.9,99.33,True,minor,True,350.0,False,,2025-01-31T23:59:00Z,monitoring_platform,False,
SLA000145,ACC0043,CTR00077,2025-02-01,2025-02-28,ticket_response,4.0,15.2,True,minor,True,350.0,False,,2025-02-28T23:59:00Z,monitoring_platform,True,
SLA000146,ACC0043,CTR00077,2025-06-01,2025-06-30,data_sync_lag,60.0,203.8,True,critical,True,1400.0,False,,2025-06-30T23:59:00Z,monitoring_platform,False,
SLA000147,ACC0043,CTR00077,2025-06-01,2025-06-30,ticket_response,4.0,7.9,True,major,True,700.0,False,,2025-06-30T23:59:00Z,monitoring_platform,False,
SLA000148,ACC0043,CTR00077,2025-06-01,2025-06-30,uptime,99.9,97.867,True,critical,True,1400.0,False,,2025-06-30T23:59:00Z,monitoring_platform,False,
SLA000149,ACC0044,CTR00079,2025-04-01,2025-04-30,data_sync_lag,60.0,124.2,True,minor,True,312.5,False,,2025-04-30T23:59:00Z,monitoring_platform,False,
SLA000150,ACC0044,CTR00080,2025-02-01,2025-02-28,data_sync_lag,60.0,187.3,True,minor,True,350.0,False,,2025-02-28T23:59:00Z,monitoring_platform,False,
SLA000151,ACC0044,CTR00080,2025-05-01,2025-05-31,uptime,99.9,99.664,True,minor,True,350.0,False,,2025-05-31T23:59:00Z,monitoring_platform,False,
SLA000152,ACC0045,CTR00081,2025-01-01,2025-01-31,ticket_response,4.0,11.0,True,minor,True,412.5,False,,2025-01-31T23:59:00Z,monitoring_platform,False,
SLA000153,ACC0045,CTR00081,2025-05-01,2025-05-31,uptime,99.9,99.005,True,minor,True,412.5,False,,2025-05-31T23:59:00Z,monitoring_platform,False,
SLA000154,ACC0045,CTR00081,2025-05-01,2025-05-31,data_sync_lag,60.0,253.8,True,minor,True,412.5,False,,2025-05-31T23:59:00Z,monitoring_platform,False,
SLA000155,ACC0045,CTR00081,2025-05-01,2025-05-31,ticket_response,4.0,18.1,True,minor,True,412.5,False,,2025-05-31T23:59:00Z,monitoring_platform,False,
SLA000156,ACC0045,CTR00081,2025-05-01,2025-05-31,api_response_p99,500.0,1064.5,True,minor,True,412.5,False,,2025-05-31T23:59:00Z,monitoring_platform,False,
SLA000157,ACC0045,CTR00081,2025-06-01,2025-06-30,ticket_response,4.0,8.3,True,minor,True,412.5,False,,2025-06-30T23:59:00Z,monitoring_platform,False,
SLA000158,ACC0045,CTR00082,2025-02-01,2025-02-28,uptime,99.9,99.639,True,critical,True,1400.0,False,,2025-02-28T23:59:00Z,monitoring_platform,False,
SLA000159,ACC0045,CTR00082,2025-03-01,2025-03-31,uptime,99.9,98.629,True,critical,True,1400.0,False,,2025-03-31T23:59:00Z,monitoring_platform,False,
SLA000160,ACC0045,CTR00082,2025-03-01,2025-03-31,data_sync_lag,60.0,121.8,True,critical,True,1400.0,False,,2025-03-31T23:59:00Z,monitoring_platform,False,
SLA000161,ACC0046,CTR00083,2025-03-01,2025-03-31,ticket_response,4.0,8.7,True,major,True,830.0,False,,2025-03-31T23:59:00Z,monitoring_platform,False,
SLA000162,ACC0046,CTR00084,2025-01-01,2025-01-31,api_response_p99,500.0,1122.6,True,major,True,600.0,False,,2025-01-31T23:59:00Z,monitoring_platform,False,
SLA000163,ACC0046,CTR00084,2025-02-01,2025-02-28,data_sync_lag,60.0,239.3,True,minor,True,300.0,False,,2025-02-28T23:59:00Z,monitoring_platform,False,
SLA000164,ACC0046,CTR00084,2025-02-01,2025-02-28,uptime,99.9,97.895,True,minor,True,300.0,False,,2025-02-28T23:59:00Z,monitoring_platform,False,
SLA000165,ACC0046,CTR00084,2025-02-01,2025-02-28,ticket_response,4.0,6.2,True,major,True,600.0,False,,2025-02-28T23:59:00Z,monitoring_platform,False,
SLA000166,ACC0046,CTR00084,2025-05-01,2025-05-31,ticket_response,4.0,21.8,True,minor,True,300.0,False,,2025-05-31T23:59:00Z,monitoring_platform,False,
SLA000167,ACC0047,CTR00085,2025-03-01,2025-03-31,uptime,99.9,99.328,True,minor,True,375.0,False,,2025-03-31T23:59:00Z,monitoring_platform,False,
SLA000168,ACC0048,CTR00086,2025-03-01,2025-03-31,data_sync_lag,60.0,78.9,True,major,True,805.0,False,,2025-03-31T23:59:00Z,monitoring_platform,False,
SLA000169,ACC0048,CTR00086,2025-03-01,2025-03-31,ticket_response,4.0,20.1,True,minor,True,402.5,False,,2025-03-31T23:59:00Z,monitoring_platform,False,
SLA000170,ACC0048,CTR00086,2025-05-01,2025-05-31,ticket_response,4.0,13.6,True,minor,True,402.5,False,,2025-05-31T23:59:00Z,monitoring_platform,False,
SLA000171,ACC0048,CTR00086,2025-05-01,2025-05-31,uptime,99.9,98.423,True,major,True,805.0,False,,2025-05-31T23:59:00Z,monitoring_platform,False,
SLA000172,ACC0048,CTR00087,2025-02-01,2025-02-28,api_response_p99,500.0,742.8,True,minor,True,350.0,False,,2025-02-28T23:59:00Z,monitoring_platform,False,
SLA000173,ACC0048,CTR00088,2025-06-01,2025-06-30,ticket_response,4.0,20.0,True,minor,True,337.5,False,,2025-06-30T23:59:00Z,monitoring_platform,False,
SLA000174,ACC0049,CTR00089,2025-04-01,2025-04-30,uptime,99.9,98.743,True,major,True,880.0,False,,2025-04-30T23:59:00Z,monitoring_platform,False,
SLA000175,ACC0049,CTR00089,2025-04-01,2025-04-30,data_sync_lag,60.0,253.9,True,minor,True,440.0,False,,2025-04-30T23:59:00Z,monitoring_platform,False,
SLA000176,ACC0049,CTR00090,2025-02-01,2025-02-28,data_sync_lag,60.0,146.2,True,major,True,650.0,False,,2025-02-28T23:59:00Z,monitoring_platform,False,
SLA000177,ACC0049,CTR00090,2025-02-01,2025-02-28,uptime,99.9,97.837,True,minor,True,325.0,False,,2025-02-28T23:59:00Z,monitoring_platform,False,
SLA000178,ACC0049,CTR00091,2025-01-01,2025-01-31,ticket_response,4.0,13.8,True,minor,True,350.0,False,,2025-01-31T23:59:00Z,monitoring_platform,False,
SLA000179,ACC0050,CTR00093,2025-05-01,2025-05-31,data_sync_lag,60.0,290.3,True,major,True,700.0,False,,2025-05-31T23:59:00Z,monitoring_platform,False,
SLA000180,ACC0050,CTR00093,2025-05-01,2025-05-31,api_response_p99,500.0,876.1,True,major,True,700.0,False,,2025-05-31T23:59:00Z,monitoring_platform,False,
SLA000181,ACC0050,CTR00093,2025-05-01,2025-05-31,uptime,99.9,97.591,True,major,True,700.0,False,,2025-05-31T23:59:00Z,monitoring_platform,False,
SLA000182,ACC0050,CTR00093,2025-05-01,2025-05-31,ticket_response,4.0,13.8,True,minor,True,350.0,False,,2025-05-31T23:59:00Z,monitoring_platform,False,
SLA000183,ACC0050,CTR00094,2025-03-01,2025-03-31,uptime,99.9,98.478,True,major,True,600.0,False,,2025-03-31T23:59:00Z,monitoring_platform,False,
SLA000184,ACC0050,CTR00094,2025-04-01,2025-04-30,ticket_response,4.0,8.0,True,major,True,600.0,False,,2025-04-30T23:59:00Z,monitoring_platform,False,
SLA000185,ACC0050,CTR00094,2025-04-01,2025-04-30,uptime,99.9,99.558,True,minor,True,300.0,False,,2025-04-30T23:59:00Z,monitoring_platform,False,
SLA000186,ACC0050,CTR00094,2025-04-01,2025-04-30,api_response_p99,500.0,869.4,True,minor,True,300.0,False,,2025-04-30T23:59:00Z,monitoring_platform,False,
SLA000187,ACC0051,CTR00096,2025-01-01,2025-01-31,data_sync_lag,60.0,247.1,True,minor,True,325.0,False,,2025-01-31T23:59:00Z,monitoring_platform,False,
SLA000188,ACC0052,CTR00097,2025-05-01,2025-05-31,uptime,99.9,98.697,True,minor,True,375.0,False,,2025-05-31T23:59:00Z,monitoring_platform,False,
SLA000189,ACC0052,CTR00097,2025-05-01,2025-05-31,api_response_p99,500.0,1304.2,True,major,True,750.0,False,,2025-05-31T23:59:00Z,monitoring_platform,False,
SLA000190,ACC0052,CTR00097,2025-06-01,2025-06-30,api_response_p99,500.0,713.4,True,minor,True,375.0,False,,2025-06-30T23:59:00Z,monitoring_platform,False,
SLA000191,ACC0052,CTR00098,2025-01-01,2025-01-31,ticket_response,4.0,16.8,True,major,True,625.0,False,,2025-01-31T23:59:00Z,monitoring_platform,False,
SLA000192,ACC0052,CTR00098,2025-03-01,2025-03-31,api_response_p99,500.0,743.1,True,major,True,625.0,False,,2025-03-31T23:59:00Z,monitoring_platform,False,
SLA000193,ACC0052,CTR00098,2025-04-01,2025-04-30,api_response_p99,500.0,1138.6,True,critical,True,1250.0,False,,2025-04-30T23:59:00Z,monitoring_platform,True,
SLA000194,ACC0052,CTR00098,2025-06-01,2025-06-30,api_response_p99,500.0,1247.5,True,critical,True,1250.0,False,,2025-06-30T23:59:00Z,monitoring_platform,False,
SLA000195,ACC0053,CTR00099,2025-01-01,2025-01-31,data_sync_lag,60.0,120.2,True,major,True,805.0,False,,2025-01-31T23:59:00Z,monitoring_platform,False,
SLA000196,ACC0053,CTR00099,2025-02-01,2025-02-28,api_response_p99,500.0,1037.1,True,minor,True,402.5,False,,2025-02-28T23:59:00Z,monitoring_platform,False,
SLA000197,ACC0053,CTR00099,2025-02-01,2025-02-28,uptime,99.9,97.792,True,major,True,805.0,False,,2025-02-28T23:59:00Z,monitoring_platform,False,
SLA000198,ACC0053,CTR00100,2025-04-01,2025-04-30,uptime,99.9,99.394,True,major,True,700.0,False,,2025-04-30T23:59:00Z,monitoring_platform,False,
SLA000199,ACC0053,CTR00100,2025-04-01,2025-04-30,ticket_response,4.0,9.7,True,critical,True,1400.0,False,,2025-04-30T23:59:00Z,monitoring_platform,False,
SLA000200,ACC0053,CTR00100,2025-04-01,2025-04-30,api_response_p99,500.0,658.4,True,minor,True,350.0,False,,2025-04-30T23:59:00Z,monitoring_platform,False,
SLA000201,ACC0053,CTR00100,2025-06-01,2025-06-30,api_response_p99,500.0,912.6,True,minor,True,350.0,False,,2025-06-30T23:59:00Z,monitoring_platform,False,
SLA000202,ACC0054,CTR00101,2025-03-01,2025-03-31,data_sync_lag,60.0,100.8,True,minor,True,375.0,False,,2025-03-31T23:59:00Z,monitoring_platform,False,
SLA000203,ACC0054,CTR00101,2025-03-01,2025-03-31,uptime,99.9,97.919,True,minor,True,375.0,False,,2025-03-31T23:59:00Z,monitoring_platform,False,
SLA000204,ACC0054,CTR00101,2025-03-01,2025-03-31,ticket_response,4.0,10.5,True,minor,True,375.0,False,,2025-03-31T23:59:00Z,monitoring_platform,False,
SLA000205,ACC0054,CTR00101,2025-04-01,2025-04-30,api_response_p99,500.0,1177.4,True,minor,True,375.0,False,,2025-04-30T23:59:00Z,monitoring_platform,False,
SLA000206,ACC0055,CTR00105,2025-04-01,2025-04-30,ticket_response,4.0,18.5,True,critical,True,1350.0,False,,2025-04-30T23:59:00Z,monitoring_platform,False,
SLA000207,ACC0056,CTR00107,2025-02-01,2025-02-28,uptime,99.9,98.39,True,minor,True,337.5,False,,2025-02-28T23:59:00Z,monitoring_platform,False,
SLA000208,ACC0056,CTR00107,2025-05-01,2025-05-31,api_response_p99,500.0,524.1,True,critical,True,1350.0,False,,2025-05-31T23:59:00Z,monitoring_platform,False,
SLA000209,ACC0056,CTR00107,2025-05-01,2025-05-31,uptime,99.9,98.636,True,critical,True,1350.0,False,,2025-05-31T23:59:00Z,monitoring_platform,False,
SLA000210,ACC0056,CTR00107,2025-05-01,2025-05-31,data_sync_lag,60.0,252.5,True,minor,True,337.5,False,,2025-05-31T23:59:00Z,monitoring_platform,False,
SLA000211,ACC0057,CTR00108,2025-02-01,2025-02-28,api_response_p99,500.0,614.9,True,minor,True,362.5,False,,2025-02-28T23:59:00Z,monitoring_platform,False,
SLA000212,ACC0058,CTR00112,2025-03-01,2025-03-31,api_response_p99,500.0,738.6,True,minor,True,300.0,False,,2025-03-31T23:59:00Z,monitoring_platform,False,
SLA000213,ACC0058,CTR00112,2025-03-01,2025-03-31,ticket_response,4.0,5.9,True,major,True,600.0,False,,2025-03-31T23:59:00Z,monitoring_platform,False,
SLA000214,ACC0058,CTR00112,2025-04-01,2025-04-30,data_sync_lag,60.0,281.7,True,minor,True,300.0,False,,2025-04-30T23:59:00Z,monitoring_platform,False,
SLA000215,ACC0059,CTR00113,2025-05-01,2025-05-31,ticket_response,4.0,17.9,True,major,True,700.0,False,,2025-05-31T23:59:00Z,monitoring_platform,False,
SLA000216,ACC0059,CTR00113,2025-05-01,2025-05-31,uptime,99.9,99.604,True,major,True,700.0,False,,2025-05-31T23:59:00Z,monitoring_platform,False,
SLA000217,ACC0059,CTR00113,2025-05-01,2025-05-31,api_response_p99,500.0,1138.9,True,major,True,700.0,False,,2025-05-31T23:59:00Z,monitoring_platform,False,
SLA000218,ACC0059,CTR00113,2025-05-01,2025-05-31,data_sync_lag,60.0,285.5,True,major,True,700.0,False,,2025-05-31T23:59:00Z,monitoring_platform,False,
SLA000219,ACC0059,CTR00113,2025-06-01,2025-06-30,ticket_response,4.0,6.5,True,major,True,700.0,False,,2025-06-30T23:59:00Z,monitoring_platform,False,
SLA000220,ACC0060,CTR00115,2025-02-01,2025-02-28,ticket_response,4.0,22.1,True,major,True,825.0,False,,2025-02-28T23:59:00Z,monitoring_platform,False,
SLA000221,ACC0060,CTR00115,2025-02-01,2025-02-28,api_response_p99,500.0,786.1,True,major,True,825.0,False,,2025-02-28T23:59:00Z,monitoring_platform,False,
SLA000222,ACC0060,CTR00115,2025-03-01,2025-03-31,data_sync_lag,60.0,211.7,True,major,True,825.0,False,,2025-03-31T23:59:00Z,monitoring_platform,False,
SLA000223,ACC0060,CTR00115,2025-03-01,2025-03-31,api_response_p99,500.0,713.0,True,minor,True,412.5,False,,2025-03-31T23:59:00Z,monitoring_platform,False,
SLA000224,ACC0061,CTR00116,2025-01-01,2025-01-31,data_sync_lag,60.0,195.4,True,minor,True,400.0,False,,2025-01-31T23:59:00Z,monitoring_platform,False,
SLA000225,ACC0061,CTR00116,2025-01-01,2025-01-31,api_response_p99,500.0,659.0,True,minor,True,400.0,False,,2025-01-31T23:59:00Z,monitoring_platform,False,
SLA000226,ACC0061,CTR00116,2025-01-01,2025-01-31,ticket_response,4.0,17.8,True,minor,True,400.0,False,,2025-01-31T23:59:00Z,monitoring_platform,False,
SLA000227,ACC0061,CTR00116,2025-01-01,2025-01-31,uptime,99.9,98.034,True,critical,True,1600.0,False,,2025-01-31T23:59:00Z,monitoring_platform,False,
SLA000228,ACC0062,CTR00117,2025-06-01,2025-06-30,ticket_response,4.0,14.7,True,major,True,675.0,False,,2025-06-30T23:59:00Z,monitoring_platform,False,
SLA000229,ACC0062,CTR00117,2025-06-01,2025-06-30,api_response_p99,500.0,729.9,True,minor,True,337.5,False,,2025-06-30T23:59:00Z,monitoring_platform,False,
SLA000230,ACC0062,CTR00117,2025-06-01,2025-06-30,data_sync_lag,60.0,227.2,True,minor,True,337.5,False,,2025-06-30T23:59:00Z,monitoring_platform,False,
SLA000231,ACC0063,CTR00118,2025-01-01,2025-01-31,api_response_p99,500.0,934.7,True,minor,True,340.0,False,,2025-01-31T23:59:00Z,monitoring_platform,False,
SLA000232,ACC0063,CTR00118,2025-01-01,2025-01-31,data_sync_lag,60.0,204.1,True,minor,True,340.0,False,,2025-01-31T23:59:00Z,monitoring_platform,False,
SLA000233,ACC0063,CTR00118,2025-03-01,2025-03-31,data_sync_lag,60.0,147.8,True,minor,True,340.0,False,,2025-03-31T23:59:00Z,monitoring_platform,False,
SLA000234,ACC0063,CTR00118,2025-06-01,2025-06-30,uptime,99.9,97.956,True,minor,True,340.0,False,,2025-06-30T23:59:00Z,monitoring_platform,False,
SLA000235,ACC0065,CTR00121,2025-05-01,2025-05-31,ticket_response,4.0,16.2,True,minor,True,350.0,False,,2025-05-31T23:59:00Z,monitoring_platform,False,
SLA000236,ACC0065,CTR00121,2025-06-01,2025-06-30,api_response_p99,500.0,1238.9,True,minor,True,350.0,False,,2025-06-30T23:59:00Z,monitoring_platform,False,
SLA000237,ACC0065,CTR00122,2025-02-01,2025-02-28,uptime,99.9,99.578,True,major,True,700.0,False,,2025-02-28T23:59:00Z,monitoring_platform,False,
SLA000238,ACC0066,CTR00123,2025-01-01,2025-01-31,uptime,99.9,98.069,True,critical,True,1410.0,False,,2025-01-31T23:59:00Z,monitoring_platform,False,
SLA000239,ACC0066,CTR00123,2025-03-01,2025-03-31,api_response_p99,500.0,760.3,True,minor,True,352.5,False,,2025-03-31T23:59:00Z,monitoring_platform,False,
SLA000240,ACC0066,CTR00123,2025-06-01,2025-06-30,ticket_response,4.0,11.0,True,minor,True,352.5,False,,2025-06-30T23:59:00Z,monitoring_platform,False,
SLA000241,ACC0066,CTR00123,2025-06-01,2025-06-30,data_sync_lag,60.0,168.7,True,minor,True,352.5,False,,2025-06-30T23:59:00Z,monitoring_platform,False,
SLA000242,ACC0066,CTR00123,2025-06-01,2025-06-30,uptime,99.9,99.43,True,minor,True,352.5,False,,2025-06-30T23:59:00Z,monitoring_platform,True,
SLA000243,ACC0067,CTR00124,2025-03-01,2025-03-31,data_sync_lag,60.0,212.4,True,major,True,655.0,False,,2025-03-31T23:59:00Z,monitoring_platform,False,
SLA000244,ACC0067,CTR00124,2025-03-01,2025-03-31,ticket_response,4.0,16.0,True,minor,True,327.5,False,,2025-03-31T23:59:00Z,monitoring_platform,False,
SLA000245,ACC0067,CTR00124,2025-03-01,2025-03-31,api_response_p99,500.0,1136.2,True,critical,True,1310.0,False,,2025-03-31T23:59:00Z,monitoring_platform,False,
SLA000246,ACC0067,CTR00125,2025-02-01,2025-02-28,uptime,99.9,97.68,True,major,True,625.0,False,,2025-02-28T23:59:00Z,monitoring_platform,False,
SLA000247,ACC0068,CTR00127,2025-06-01,2025-06-30,data_sync_lag,60.0,232.0,True,major,True,950.0,False,,2025-06-30T23:59:00Z,monitoring_platform,False,
SLA000248,ACC0068,CTR00127,2025-06-01,2025-06-30,api_response_p99,500.0,1110.6,True,minor,True,475.0,False,,2025-06-30T23:59:00Z,monitoring_platform,False,
SLA000249,ACC0069,CTR00128,2025-03-01,2025-03-31,uptime,99.9,98.641,True,major,True,800.0,False,,2025-03-31T23:59:00Z,monitoring_platform,False,
SLA000250,ACC0069,CTR00128,2025-05-01,2025-05-31,ticket_response,4.0,20.7,True,minor,True,400.0,False,,2025-05-31T23:59:00Z,monitoring_platform,False,
SLA000251,ACC0069,CTR00128,2025-06-01,2025-06-30,uptime,99.9,98.086,True,major,True,800.0,False,,2025-06-30T23:59:00Z,monitoring_platform,False,
SLA000252,ACC0069,CTR00128,2025-06-01,2025-06-30,ticket_response,4.0,15.9,True,critical,True,1600.0,False,,2025-06-30T23:59:00Z,monitoring_platform,False,
SLA000253,ACC0069,CTR00129,2025-04-01,2025-04-30,data_sync_lag,60.0,169.1,True,critical,True,1400.0,False,,2025-04-30T23:59:00Z,monitoring_platform,False,
SLA000254,ACC0070,CTR00130,2025-02-01,2025-02-28,uptime,99.9,99.161,True,minor,True,315.0,False,,2025-02-28T23:59:00Z,monitoring_platform,False,
SLA000255,ACC0071,CTR00132,2025-04-01,2025-04-30,api_response_p99,500.0,725.9,True,minor,True,415.0,False,,2025-04-30T23:59:00Z,monitoring_platform,False,
SLA000256,ACC0071,CTR00132,2025-04-01,2025-04-30,uptime,99.9,98.192,True,critical,True,1660.0,False,,2025-04-30T23:59:00Z,monitoring_platform,False,
SLA000257,ACC0071,CTR00132,2025-04-01,2025-04-30,data_sync_lag,60.0,62.2,True,major,True,830.0,False,,2025-04-30T23:59:00Z,monitoring_platform,False,
SLA000258,ACC0071,CTR00132,2025-05-01,2025-05-31,uptime,99.9,99.817,True,minor,True,415.0,False,,2025-05-31T23:59:00Z,monitoring_platform,False,
SLA000259,ACC0071,CTR00132,2025-06-01,2025-06-30,uptime,99.9,98.082,True,minor,True,415.0,False,,2025-06-30T23:59:00Z,monitoring_platform,False,
SLA000260,ACC0071,CTR00132,2025-06-01,2025-06-30,data_sync_lag,60.0,260.1,True,major,True,830.0,False,,2025-06-30T23:59:00Z,monitoring_platform,False,
SLA000261,ACC0071,CTR00133,2025-02-01,2025-02-28,api_response_p99,500.0,742.8,True,minor,True,300.0,False,,2025-02-28T23:59:00Z,monitoring_platform,False,
SLA000262,ACC0073,CTR00136,2025-04-01,2025-04-30,uptime,99.9,98.046,True,minor,True,425.0,False,,2025-04-30T23:59:00Z,monitoring_platform,False,
SLA000263,ACC0073,CTR00136,2025-04-01,2025-04-30,ticket_response,4.0,16.0,True,major,True,850.0,False,,2025-04-30T23:59:00Z,monitoring_platform,False,
SLA000264,ACC0073,CTR00136,2025-04-01,2025-04-30,api_response_p99,500.0,643.3,True,minor,True,425.0,False,,2025-04-30T23:59:00Z,monitoring_platform,False,
SLA000265,ACC0073,CTR00136,2025-06-01,2025-06-30,ticket_response,4.0,21.3,True,minor,True,425.0,False,,2025-06-30T23:59:00Z,monitoring_platform,False,
SLA000266,ACC0073,CTR00137,2025-04-01,2025-04-30,api_response_p99,500.0,930.4,True,minor,True,312.5,False,,2025-04-30T23:59:00Z,monitoring_platform,False,
SLA000267,ACC0073,CTR00137,2025-04-01,2025-04-30,uptime,99.9,97.657,True,major,True,625.0,False,,2025-04-30T23:59:00Z,monitoring_platform,False,
SLA000268,ACC0073,CTR00137,2025-06-01,2025-06-30,uptime,99.9,99.02,True,minor,True,312.5,False,,2025-06-30T23:59:00Z,monitoring_platform,False,
SLA000269,ACC0074,CTR00138,2025-05-01,2025-05-31,api_response_p99,500.0,663.8,True,critical,True,1410.0,False,,2025-05-31T23:59:00Z,monitoring_platform,False,
SLA000270,ACC0074,CTR00139,2025-04-01,2025-04-30,api_response_p99,500.0,1192.5,True,critical,True,1250.0,False,,2025-04-30T23:59:00Z,monitoring_platform,False,
SLA000271,ACC0074,CTR00139,2025-04-01,2025-04-30,ticket_response,4.0,12.1,True,major,True,625.0,False,,2025-04-30T23:59:00Z,monitoring_platform,False,
SLA000272,ACC0074,CTR00139,2025-04-01,2025-04-30,data_sync_lag,60.0,252.4,True,major,True,625.0,False,,2025-04-30T23:59:00Z,monitoring_platform,False,
SLA000273,ACC0074,CTR00139,2025-05-01,2025-05-31,data_sync_lag,60.0,192.6,True,minor,True,312.5,False,,2025-05-31T23:59:00Z,monitoring_platform,False,
SLA000274,ACC0074,CTR00139,2025-06-01,2025-06-30,ticket_response,4.0,12.7,True,minor,True,312.5,False,,2025-06-30T23:59:00Z,monitoring_platform,False,
SLA000275,ACC0074,CTR00140,2025-02-01,2025-02-28,ticket_response,4.0,21.1,True,critical,True,1350.0,False,,2025-02-28T23:59:00Z,monitoring_platform,False,
SLA000276,ACC0075,CTR00141,2025-01-01,2025-01-31,api_response_p99,500.0,939.3,True,minor,True,450.0,False,,2025-01-31T23:59:00Z,monitoring_platform,False,
SLA000277,ACC0075,CTR00141,2025-01-01,2025-01-31,ticket_response,4.0,15.3,True,major,True,900.0,False,,2025-01-31T23:59:00Z,monitoring_platform,False,
SLA000278,ACC0075,CTR00141,2025-01-01,2025-01-31,data_sync_lag,60.0,176.4,True,major,True,900.0,False,,2025-01-31T23:59:00Z,monitoring_platform,False,
SLA000279,ACC0075,CTR00141,2025-05-01,2025-05-31,data_sync_lag,60.0,259.1,True,minor,True,450.0,False,,2025-05-31T23:59:00Z,monitoring_platform,False,
SLA000280,ACC0075,CTR00141,2025-05-01,2025-05-31,uptime,99.9,98.101,True,minor,True,450.0,False,,2025-05-31T23:59:00Z,monitoring_platform,False,
SLA000281,ACC0075,CTR00141,2025-05-01,2025-05-31,ticket_response,4.0,20.1,True,major,True,900.0,False,,2025-05-31T23:59:00Z,monitoring_platform,False,
SLA000282,ACC0075,CTR00141,2025-05-01,2025-05-31,api_response_p99,500.0,1293.6,True,minor,True,450.0,False,,2025-05-31T23:59:00Z,monitoring_platform,True,
SLA000283,ACC0076,CTR00142,2025-04-01,2025-04-30,ticket_response,4.0,4.8,True,critical,True,1400.0,False,,2025-04-30T23:59:00Z,monitoring_platform,False,
SLA000284,ACC0077,CTR00143,2025-01-01,2025-01-31,data_sync_lag,60.0,174.1,True,minor,True,452.5,False,,2025-01-31T23:59:00Z,monitoring_platform,False,
SLA000285,ACC0077,CTR00143,2025-03-01,2025-03-31,uptime,99.9,99.556,True,minor,True,452.5,False,,2025-03-31T23:59:00Z,monitoring_platform,False,
SLA000286,ACC0077,CTR00143,2025-03-01,2025-03-31,data_sync_lag,60.0,116.8,True,minor,True,452.5,False,,2025-03-31T23:59:00Z,monitoring_platform,False,
SLA000287,ACC0077,CTR00143,2025-03-01,2025-03-31,api_response_p99,500.0,533.0,True,major,True,905.0,False,,2025-03-31T23:59:00Z,monitoring_platform,False,
SLA000288,ACC0078,CTR00144,2025-03-01,2025-03-31,api_response_p99,500.0,912.0,True,minor,True,337.5,False,,2025-03-31T23:59:00Z,monitoring_platform,False,
SLA000289,ACC0078,CTR00144,2025-03-01,2025-03-31,uptime,99.9,99.699,True,major,True,675.0,False,,2025-03-31T23:59:00Z,monitoring_platform,False,
SLA000290,ACC0078,CTR00144,2025-03-01,2025-03-31,ticket_response,4.0,19.7,True,major,True,675.0,False,,2025-03-31T23:59:00Z,monitoring_platform,False,
SLA000291,ACC0078,CTR00144,2025-05-01,2025-05-31,ticket_response,4.0,20.6,True,minor,True,337.5,False,,2025-05-31T23:59:00Z,monitoring_platform,False,
SLA000292,ACC0078,CTR00144,2025-05-01,2025-05-31,uptime,99.9,97.838,True,major,True,675.0,False,,2025-05-31T23:59:00Z,monitoring_platform,False,
SLA000293,ACC0078,CTR00144,2025-06-01,2025-06-30,data_sync_lag,60.0,265.5,True,minor,True,337.5,False,,2025-06-30T23:59:00Z,monitoring_platform,False,
SLA000294,ACC0078,CTR00145,2025-04-01,2025-04-30,api_response_p99,500.0,779.6,True,critical,True,1300.0,False,,2025-04-30T23:59:00Z,monitoring_platform,False,
SLA000295,ACC0078,CTR00145,2025-05-01,2025-05-31,uptime,99.9,99.847,True,minor,True,325.0,False,,2025-05-31T23:59:00Z,monitoring_platform,False,
SLA000296,ACC0079,CTR00148,2025-05-01,2025-05-31,uptime,99.9,98.084,True,critical,True,1400.0,False,,2025-05-31T23:59:00Z,monitoring_platform,False,
SLA000297,ACC0079,CTR00148,2025-05-01,2025-05-31,data_sync_lag,60.0,161.3,True,major,True,700.0,False,,2025-05-31T23:59:00Z,monitoring_platform,False,
SLA000298,ACC0079,CTR00148,2025-05-01,2025-05-31,ticket_response,4.0,12.5,True,minor,True,350.0,False,,2025-05-31T23:59:00Z,monitoring_platform,False,
SLA000299,ACC0079,CTR00148,2025-05-01,2025-05-31,api_response_p99,500.0,1398.3,True,minor,True,350.0,False,,2025-05-31T23:59:00Z,monitoring_platform,False,
SLA000300,ACC0080,CTR00149,2025-01-01,2025-01-31,uptime,99.9,98.645,True,minor,True,427.5,False,,2025-01-31T23:59:00Z,monitoring_platform,False,
SLA000301,ACC0080,CTR00149,2025-02-01,2025-02-28,ticket_response,4.0,21.8,True,minor,True,427.5,False,,2025-02-28T23:59:00Z,monitoring_platform,False,
SLA000302,ACC0081,CTR00151,2025-02-01,2025-02-28,api_response_p99,500.0,1499.9,True,major,True,625.0,False,,2025-02-28T23:59:00Z,monitoring_platform,False,
SLA000303,ACC0081,CTR00151,2025-06-01,2025-06-30,data_sync_lag,60.0,158.5,True,minor,True,312.5,False,,2025-06-30T23:59:00Z,monitoring_platform,False,
SLA000304,ACC0082,CTR00153,2025-01-01,2025-01-31,ticket_response,4.0,10.3,True,major,True,680.0,False,,2025-01-31T23:59:00Z,monitoring_platform,False,
SLA000305,ACC0082,CTR00153,2025-01-01,2025-01-31,api_response_p99,500.0,1059.9,True,major,True,680.0,False,,2025-01-31T23:59:00Z,monitoring_platform,False,
SLA000306,ACC0082,CTR00153,2025-02-01,2025-02-28,uptime,99.9,97.944,True,major,True,680.0,False,,2025-02-28T23:59:00Z,monitoring_platform,False,
SLA000307,ACC0082,CTR00153,2025-05-01,2025-05-31,data_sync_lag,60.0,270.8,True,minor,True,340.0,False,,2025-05-31T23:59:00Z,monitoring_platform,False,
SLA000308,ACC0082,CTR00153,2025-06-01,2025-06-30,ticket_response,4.0,10.0,True,major,True,680.0,False,,2025-06-30T23:59:00Z,monitoring_platform,False,
SLA000309,ACC0082,CTR00154,2025-02-01,2025-02-28,api_response_p99,500.0,601.7,True,minor,True,312.5,False,,2025-02-28T23:59:00Z,monitoring_platform,False,
SLA000310,ACC0082,CTR00154,2025-05-01,2025-05-31,ticket_response,4.0,5.5,True,major,True,625.0,False,,2025-05-31T23:59:00Z,monitoring_platform,False,
SLA000311,ACC0082,CTR00154,2025-05-01,2025-05-31,uptime,99.9,99.348,True,critical,True,1250.0,False,,2025-05-31T23:59:00Z,monitoring_platform,False,
SLA000312,ACC0082,CTR00154,2025-06-01,2025-06-30,api_response_p99,500.0,1264.5,True,minor,True,312.5,False,,2025-06-30T23:59:00Z,monitoring_platform,False,
SLA000313,ACC0083,CTR00155,2025-01-01,2025-01-31,ticket_response,4.0,23.8,True,critical,True,1900.0,False,,2025-01-31T23:59:00Z,monitoring_platform,False,
SLA000314,ACC0083,CTR00155,2025-03-01,2025-03-31,ticket_response,4.0,9.8,True,major,True,950.0,False,,2025-03-31T23:59:00Z,monitoring_platform,False,
SLA000315,ACC0083,CTR00156,2025-02-01,2025-02-28,uptime,99.9,98.358,True,minor,True,300.0,False,,2025-02-28T23:59:00Z,monitoring_platform,False,
SLA000316,ACC0083,CTR00156,2025-02-01,2025-02-28,ticket_response,4.0,21.0,True,major,True,600.0,False,,2025-02-28T23:59:00Z,monitoring_platform,False,
SLA000317,ACC0084,CTR00157,2025-01-01,2025-01-31,uptime,99.9,99.415,True,major,True,785.0,False,,2025-01-31T23:59:00Z,monitoring_platform,False,
SLA000318,ACC0084,CTR00157,2025-01-01,2025-01-31,api_response_p99,500.0,594.1,True,major,True,785.0,False,,2025-01-31T23:59:00Z,monitoring_platform,False,
SLA000319,ACC0084,CTR00157,2025-01-01,2025-01-31,ticket_response,4.0,21.9,True,major,True,785.0,False,,2025-01-31T23:59:00Z,monitoring_platform,False,
SLA000320,ACC0084,CTR00157,2025-01-01,2025-01-31,data_sync_lag,60.0,166.1,True,critical,True,1570.0,False,,2025-01-31T23:59:00Z,monitoring_platform,False,
SLA000321,ACC0084,CTR00157,2025-04-01,2025-04-30,ticket_response,4.0,21.1,True,minor,True,392.5,False,,2025-04-30T23:59:00Z,monitoring_platform,True,
SLA000322,ACC0085,CTR00159,2025-06-01,2025-06-30,data_sync_lag,60.0,274.8,True,major,True,675.0,False,,2025-06-30T23:59:00Z,monitoring_platform,False,
SLA000323,ACC0086,CTR00160,2025-01-01,2025-01-31,uptime,99.9,98.973,True,minor,True,350.0,False,,2025-01-31T23:59:00Z,monitoring_platform,False,
SLA000324,ACC0086,CTR00160,2025-01-01,2025-01-31,api_response_p99,500.0,820.5,True,minor,True,350.0,False,,2025-01-31T23:59:00Z,monitoring_platform,False,
SLA000325,ACC0086,CTR00160,2025-01-01,2025-01-31,data_sync_lag,60.0,221.1,True,major,True,700.0,False,,2025-01-31T23:59:00Z,monitoring_platform,False,
SLA000326,ACC0086,CTR00160,2025-01-01,2025-01-31,ticket_response,4.0,10.3,True,critical,True,1400.0,False,,2025-01-31T23:59:00Z,monitoring_platform,False,
SLA000327,ACC0086,CTR00160,2025-02-01,2025-02-28,data_sync_lag,60.0,201.4,True,minor,True,350.0,False,,2025-02-28T23:59:00Z,monitoring_platform,False,
SLA000328,ACC0086,CTR00161,2025-03-01,2025-03-31,data_sync_lag,60.0,114.7,True,major,True,675.0,False,,2025-03-31T23:59:00Z,monitoring_platform,False,
SLA000329,ACC0086,CTR00161,2025-06-01,2025-06-30,ticket_response,4.0,20.1,True,minor,True,337.5,False,,2025-06-30T23:59:00Z,monitoring_platform,False,
SLA000330,ACC0087,CTR00162,2025-04-01,2025-04-30,ticket_response,4.0,14.6,True,major,True,800.0,False,,2025-04-30T23:59:00Z,monitoring_platform,False,
SLA000331,ACC0087,CTR00162,2025-04-01,2025-04-30,data_sync_lag,60.0,76.8,True,minor,True,400.0,False,,2025-04-30T23:59:00Z,monitoring_platform,False,
SLA000332,ACC0087,CTR00163,2025-01-01,2025-01-31,api_response_p99,500.0,1117.7,True,minor,True,300.0,False,,2025-01-31T23:59:00Z,monitoring_platform,False,
SLA000333,ACC0089,CTR00165,2025-03-01,2025-03-31,api_response_p99,500.0,537.3,True,minor,True,350.0,False,,2025-03-31T23:59:00Z,monitoring_platform,False,
SLA000334,ACC0089,CTR00165,2025-06-01,2025-06-30,ticket_response,4.0,17.2,True,minor,True,350.0,False,,2025-06-30T23:59:00Z,monitoring_platform,False,
SLA000335,ACC0089,CTR00165,2025-06-01,2025-06-30,data_sync_lag,60.0,276.4,True,critical,True,1400.0,False,,2025-06-30T23:59:00Z,monitoring_platform,False,
SLA000336,ACC0089,CTR00165,2025-06-01,2025-06-30,api_response_p99,500.0,687.9,True,major,True,700.0,False,,2025-06-30T23:59:00Z,monitoring_platform,False,
SLA000337,ACC0089,CTR00166,2025-04-01,2025-04-30,uptime,99.9,98.257,True,major,True,700.0,False,,2025-04-30T23:59:00Z,monitoring_platform,False,
SLA000338,ACC0089,CTR00166,2025-06-01,2025-06-30,ticket_response,4.0,6.3,True,minor,True,350.0,False,,2025-06-30T23:59:00Z,monitoring_platform,False,
SLA000339,ACC0089,CTR00166,2025-06-01,2025-06-30,api_response_p99,500.0,1011.8,True,minor,True,350.0,False,,2025-06-30T23:59:00Z,monitoring_platform,False,
SLA000340,ACC0089,CTR00166,2025-06-01,2025-06-30,data_sync_lag,60.0,291.3,True,minor,True,350.0,False,,2025-06-30T23:59:00Z,monitoring_platform,False,
SLA000341,ACC0091,CTR00168,2025-02-01,2025-02-28,api_response_p99,500.0,1442.7,True,major,True,700.0,False,,2025-02-28T23:59:00Z,monitoring_platform,False,
SLA000342,ACC0091,CTR00168,2025-06-01,2025-06-30,api_response_p99,500.0,1396.1,True,minor,True,350.0,False,,2025-06-30T23:59:00Z,monitoring_platform,False,
SLA000343,ACC0091,CTR00170,2025-05-01,2025-05-31,ticket_response,4.0,23.3,True,minor,True,337.5,False,,2025-05-31T23:59:00Z,monitoring_platform,False,
SLA000344,ACC0092,CTR00171,2025-01-01,2025-01-31,data_sync_lag,60.0,165.4,True,critical,True,1270.0,False,,2025-01-31T23:59:00Z,monitoring_platform,False,
SLA000345,ACC0092,CTR00172,2025-04-01,2025-04-30,uptime,99.9,99.749,True,major,True,650.0,False,,2025-04-30T23:59:00Z,monitoring_platform,False,
SLA000346,ACC0096,CTR00178,2025-03-01,2025-03-31,ticket_response,4.0,15.2,True,major,True,700.0,False,,2025-03-31T23:59:00Z,monitoring_platform,False,
SLA000347,ACC0097,CTR00179,2025-05-01,2025-05-31,data_sync_lag,60.0,95.0,True,major,True,650.0,False,,2025-05-31T23:59:00Z,monitoring_platform,False,
SLA000348,ACC0097,CTR00179,2025-05-01,2025-05-31,uptime,99.9,99.029,True,major,True,650.0,False,,2025-05-31T23:59:00Z,monitoring_platform,False,
SLA000349,ACC0097,CTR00179,2025-05-01,2025-05-31,api_response_p99,500.0,1274.4,True,major,True,650.0,False,,2025-05-31T23:59:00Z,monitoring_platform,False,
SLA000350,ACC0098,CTR00180,2025-05-01,2025-05-31,data_sync_lag,60.0,165.1,True,major,True,710.0,False,,2025-05-31T23:59:00Z,monitoring_platform,False,
SLA000351,ACC0098,CTR00181,2025-04-01,2025-04-30,uptime,99.9,99.654,True,major,True,700.0,False,,2025-04-30T23:59:00Z,monitoring_platform,False,
SLA000352,ACC0099,CTR00182,2025-02-01,2025-02-28,uptime,99.9,99.772,True,critical,True,1410.0,False,,2025-02-28T23:59:00Z,monitoring_platform,False,
SLA000353,ACC0099,CTR00182,2025-04-01,2025-04-30,api_response_p99,500.0,712.5,True,major,True,705.0,False,,2025-04-30T23:59:00Z,monitoring_platform,False,
SLA000354,ACC0099,CTR00182,2025-04-01,2025-04-30,ticket_response,4.0,19.7,True,minor,True,352.5,False,,2025-04-30T23:59:00Z,monitoring_platform,False,
SLA000355,ACC0099,CTR00182,2025-04-01,2025-04-30,uptime,99.9,98.326,True,minor,True,352.5,False,,2025-04-30T23:59:00Z,monitoring_platform,False,
SLA000356,ACC0099,CTR00182,2025-04-01,2025-04-30,data_sync_lag,60.0,149.2,True,major,True,705.0,False,,2025-04-30T23:59:00Z,monitoring_platform,False,
SLA000357,ACC0099,CTR00182,2025-05-01,2025-05-31,uptime,99.9,98.079,True,minor,True,352.5,False,,2025-05-31T23:59:00Z,monitoring_platform,False,
SLA000358,ACC0099,CTR00183,2025-01-01,2025-01-31,uptime,99.9,99.07,True,critical,True,1250.0,False,,2025-01-31T23:59:00Z,monitoring_platform,False,
SLA000359,ACC0099,CTR00183,2025-04-01,2025-04-30,ticket_response,4.0,17.6,True,minor,True,312.5,False,,2025-04-30T23:59:00Z,monitoring_platform,False,
SLA000360,ACC0099,CTR00183,2025-04-01,2025-04-30,api_response_p99,500.0,1094.8,True,major,True,625.0,False,,2025-04-30T23:59:00Z,monitoring_platform,False,
SLA000361,ACC0100,CTR00184,2025-04-01,2025-04-30,uptime,99.9,98.807,True,minor,True,427.5,False,,2025-04-30T23:59:00Z,monitoring_platform,False,
SLA000362,ACC0100,CTR00184,2025-04-01,2025-04-30,data_sync_lag,60.0,180.9,True,minor,True,427.5,False,,2025-04-30T23:59:00Z,monitoring_platform,False,
SLA000363,ACC0100,CTR00184,2025-04-01,2025-04-30,api_response_p99,500.0,894.2,True,minor,True,427.5,False,,2025-04-30T23:59:00Z,monitoring_platform,False,
SLA000364,ACC0101,CTR00185,2025-01-01,2025-01-31,ticket_response,4.0,6.9,True,minor,True,115.0,False,,2025-01-31T23:59:00Z,monitoring_platform,False,
SLA000365,ACC0104,CTR00189,2025-02-01,2025-02-28,api_response_p99,500.0,768.1,True,minor,True,110.0,False,,2025-02-28T23:59:00Z,monitoring_platform,False,
SLA000366,ACC0104,CTR00189,2025-05-01,2025-05-31,uptime,99.9,98.324,True,minor,True,110.0,False,,2025-05-31T23:59:00Z,monitoring_platform,False,
SLA000367,ACC0106,CTR00191,2025-01-01,2025-01-31,data_sync_lag,60.0,72.1,True,major,True,250.0,False,,2025-01-31T23:59:00Z,monitoring_platform,False,
SLA000368,ACC0106,CTR00191,2025-05-01,2025-05-31,ticket_response,4.0,5.4,True,major,True,250.0,False,,2025-05-31T23:59:00Z,monitoring_platform,False,
SLA000369,ACC0107,CTR00192,2025-06-01,2025-06-30,ticket_response,4.0,19.8,True,minor,True,175.0,False,,2025-06-30T23:59:00Z,monitoring_platform,False,
SLA000370,ACC0107,CTR00193,2025-01-01,2025-01-31,api_response_p99,500.0,1005.0,True,minor,True,135.0,False,,2025-01-31T23:59:00Z,monitoring_platform,False,
SLA000371,ACC0107,CTR00193,2025-02-01,2025-02-28,uptime,99.9,99.179,True,major,True,270.0,False,,2025-02-28T23:59:00Z,monitoring_platform,False,
SLA000372,ACC0107,CTR00193,2025-03-01,2025-03-31,data_sync_lag,60.0,141.2,True,minor,True,135.0,False,,2025-03-31T23:59:00Z,monitoring_platform,False,
SLA000373,ACC0108,CTR00194,2025-01-01,2025-01-31,uptime,99.9,97.957,True,critical,True,500.0,False,,2025-01-31T23:59:00Z,monitoring_platform,False,
SLA000374,ACC0108,CTR00194,2025-06-01,2025-06-30,api_response_p99,500.0,1428.7,True,minor,True,125.0,False,,2025-06-30T23:59:00Z,monitoring_platform,False,
SLA000375,ACC0110,CTR00196,2025-01-01,2025-01-31,api_response_p99,500.0,926.6,True,major,True,320.0,False,,2025-01-31T23:59:00Z,monitoring_platform,False,
SLA000376,ACC0110,CTR00196,2025-02-01,2025-02-28,uptime,99.9,98.371,True,major,True,320.0,False,,2025-02-28T23:59:00Z,monitoring_platform,False,
SLA000377,ACC0110,CTR00196,2025-05-01,2025-05-31,data_sync_lag,60.0,249.2,True,major,True,320.0,False,,2025-05-31T23:59:00Z,monitoring_platform,False,
SLA000378,ACC0110,CTR00196,2025-06-01,2025-06-30,data_sync_lag,60.0,227.2,True,major,True,320.0,False,,2025-06-30T23:59:00Z,monitoring_platform,False,
SLA000379,ACC0114,CTR00201,2025-04-01,2025-04-30,data_sync_lag,60.0,65.5,True,minor,True,105.0,False,,2025-04-30T23:59:00Z,monitoring_platform,False,
SLA000380,ACC0114,CTR00201,2025-05-01,2025-05-31,api_response_p99,500.0,1387.8,True,minor,True,105.0,False,,2025-05-31T23:59:00Z,monitoring_platform,False,
SLA000381,ACC0114,CTR00202,2025-01-01,2025-01-31,ticket_response,4.0,10.6,True,major,True,250.0,False,,2025-01-31T23:59:00Z,monitoring_platform,False,
SLA000382,ACC0115,CTR00204,2025-01-01,2025-01-31,data_sync_lag,60.0,146.6,True,minor,True,125.0,False,,2025-01-31T23:59:00Z,monitoring_platform,True,
SLA000383,ACC0116,CTR00205,2025-06-01,2025-06-30,uptime,99.9,97.999,True,major,True,210.0,False,,2025-06-30T23:59:00Z,monitoring_platform,False,
SLA000384,ACC0116,CTR00206,2025-03-01,2025-03-31,data_sync_lag,60.0,91.4,True,major,True,220.0,False,,2025-03-31T23:59:00Z,monitoring_platform,False,
SLA000385,ACC0117,CTR00207,2025-06-01,2025-06-30,api_response_p99,500.0,1080.6,True,minor,True,120.0,False,,2025-06-30T23:59:00Z,monitoring_platform,False,
SLA000386,ACC0117,CTR00208,2025-01-01,2025-01-31,data_sync_lag,60.0,269.6,True,minor,True,125.0,False,,2025-01-31T23:59:00Z,monitoring_platform,False,
SLA000387,ACC0117,CTR00208,2025-03-01,2025-03-31,uptime,99.9,97.925,True,major,True,250.0,False,,2025-03-31T23:59:00Z,monitoring_platform,False,
SLA000388,ACC0117,CTR00208,2025-04-01,2025-04-30,data_sync_lag,60.0,188.2,True,critical,True,500.0,False,,2025-04-30T23:59:00Z,monitoring_platform,False,
SLA000389,ACC0119,CTR00210,2025-02-01,2025-02-28,ticket_response,4.0,15.8,True,minor,True,120.0,False,,2025-02-28T23:59:00Z,monitoring_platform,False,
SLA000390,ACC0119,CTR00210,2025-05-01,2025-05-31,api_response_p99,500.0,723.0,True,minor,True,120.0,False,,2025-05-31T23:59:00Z,monitoring_platform,False,
SLA000391,ACC0120,CTR00212,2025-04-01,2025-04-30,api_response_p99,500.0,1027.9,True,critical,True,510.0,False,,2025-04-30T23:59:00Z,monitoring_platform,False,
SLA000392,ACC0120,CTR00213,2025-05-01,2025-05-31,uptime,99.9,98.337,True,critical,True,560.0,False,,2025-05-31T23:59:00Z,monitoring_platform,False,
SLA000393,ACC0120,CTR00213,2025-06-01,2025-06-30,api_response_p99,500.0,1162.9,True,minor,True,140.0,False,,2025-06-30T23:59:00Z,monitoring_platform,False,
SLA000394,ACC0121,CTR00214,2025-04-01,2025-04-30,uptime,99.9,99.678,True,minor,True,115.0,False,,2025-04-30T23:59:00Z,monitoring_platform,False,
SLA000395,ACC0122,CTR00215,2025-03-01,2025-03-31,ticket_response,4.0,16.8,True,minor,True,127.5,False,,2025-03-31T23:59:00Z,monitoring_platform,False,
SLA000396,ACC0122,CTR00215,2025-04-01,2025-04-30,ticket_response,4.0,23.3,True,major,True,255.0,False,,2025-04-30T23:59:00Z,monitoring_platform,False,
SLA000397,ACC0122,CTR00215,2025-05-01,2025-05-31,data_sync_lag,60.0,240.7,True,critical,True,510.0,False,,2025-05-31T23:59:00Z,monitoring_platform,False,
SLA000398,ACC0123,CTR00216,2025-04-01,2025-04-30,uptime,99.9,98.929,True,minor,True,125.0,False,,2025-04-30T23:59:00Z,monitoring_platform,False,
SLA000399,ACC0123,CTR00216,2025-06-01,2025-06-30,data_sync_lag,60.0,181.3,True,minor,True,125.0,False,,2025-06-30T23:59:00Z,monitoring_platform,False,
SLA000400,ACC0123,CTR00217,2025-02-01,2025-02-28,api_response_p99,500.0,940.8,True,major,True,250.0,False,,2025-02-28T23:59:00Z,monitoring_platform,False,
SLA000401,ACC0123,CTR00217,2025-03-01,2025-03-31,data_sync_lag,60.0,199.1,True,minor,True,125.0,False,,2025-03-31T23:59:00Z,monitoring_platform,False,
SLA000402,ACC0123,CTR00217,2025-05-01,2025-05-31,data_sync_lag,60.0,159.4,True,major,True,250.0,False,,2025-05-31T23:59:00Z,monitoring_platform,False,
SLA000403,ACC0123,CTR00217,2025-06-01,2025-06-30,ticket_response,4.0,9.3,True,minor,True,125.0,False,,2025-06-30T23:59:00Z,monitoring_platform,False,
SLA000404,ACC0124,CTR00218,2025-01-01,2025-01-31,uptime,99.9,98.295,True,critical,True,440.0,False,,2025-01-31T23:59:00Z,monitoring_platform,False,
SLA000405,ACC0124,CTR00218,2025-06-01,2025-06-30,api_response_p99,500.0,641.9,True,minor,True,110.0,False,,2025-06-30T23:59:00Z,monitoring_platform,False,
SLA000406,ACC0126,CTR00220,2025-03-01,2025-03-31,data_sync_lag,60.0,288.1,True,major,True,240.0,False,,2025-03-31T23:59:00Z,monitoring_platform,False,
SLA000407,ACC0126,CTR00220,2025-06-01,2025-06-30,ticket_response,4.0,21.9,True,minor,True,120.0,False,,2025-06-30T23:59:00Z,monitoring_platform,False,
SLA000408,ACC0127,CTR00221,2025-06-01,2025-06-30,uptime,99.9,99.048,True,major,True,300.0,False,,2025-06-30T23:59:00Z,monitoring_platform,False,
SLA000409,ACC0127,CTR00222,2025-02-01,2025-02-28,uptime,99.9,98.368,True,minor,True,125.0,False,,2025-02-28T23:59:00Z,monitoring_platform,False,
SLA000410,ACC0127,CTR00222,2025-05-01,2025-05-31,uptime,99.9,99.627,True,major,True,250.0,False,,2025-05-31T23:59:00Z,monitoring_platform,False,
SLA000411,ACC0128,CTR00223,2025-02-01,2025-02-28,ticket_response,4.0,21.5,True,major,True,240.0,False,,2025-02-28T23:59:00Z,monitoring_platform,False,
SLA000412,ACC0128,CTR00223,2025-04-01,2025-04-30,data_sync_lag,60.0,91.2,True,minor,True,120.0,False,,2025-04-30T23:59:00Z,monitoring_platform,False,
SLA000413,ACC0128,CTR00224,2025-04-01,2025-04-30,api_response_p99,500.0,586.6,True,major,True,240.0,False,,2025-04-30T23:59:00Z,monitoring_platform,False,
SLA000414,ACC0129,CTR00225,2025-01-01,2025-01-31,data_sync_lag,60.0,176.4,True,minor,True,115.0,False,,2025-01-31T23:59:00Z,monitoring_platform,False,
SLA000415,ACC0129,CTR00225,2025-05-01,2025-05-31,data_sync_lag,60.0,206.6,True,minor,True,115.0,False,,2025-05-31T23:59:00Z,monitoring_platform,False,
SLA000416,ACC0130,CTR00228,2025-03-01,2025-03-31,ticket_response,4.0,5.0,True,minor,True,105.0,False,,2025-03-31T23:59:00Z,monitoring_platform,False,
SLA000417,ACC0131,CTR00229,2025-01-01,2025-01-31,api_response_p99,500.0,1414.3,True,major,True,230.0,False,,2025-01-31T23:59:00Z,monitoring_platform,False,
SLA000418,ACC0131,CTR00229,2025-02-01,2025-02-28,api_response_p99,500.0,904.9,True,minor,True,115.0,False,,2025-02-28T23:59:00Z,monitoring_platform,False,
SLA000419,ACC0131,CTR00229,2025-03-01,2025-03-31,ticket_response,4.0,11.1,True,critical,True,460.0,False,,2025-03-31T23:59:00Z,monitoring_platform,False,
SLA000420,ACC0132,CTR00230,2025-01-01,2025-01-31,ticket_response,4.0,19.1,True,major,True,250.0,False,,2025-01-31T23:59:00Z,monitoring_platform,False,
SLA000421,ACC0132,CTR00230,2025-03-01,2025-03-31,uptime,99.9,98.518,True,critical,True,500.0,False,,2025-03-31T23:59:00Z,monitoring_platform,False,
SLA000422,ACC0132,CTR00231,2025-02-01,2025-02-28,uptime,99.9,98.179,True,minor,True,125.0,False,,2025-02-28T23:59:00Z,monitoring_platform,False,
SLA000423,ACC0133,CTR00233,2025-04-01,2025-04-30,data_sync_lag,60.0,205.9,True,minor,True,115.0,False,,2025-04-30T23:59:00Z,monitoring_platform,False,
SLA000424,ACC0135,CTR00236,2025-02-01,2025-02-28,ticket_response,4.0,6.3,True,minor,True,120.0,False,,2025-02-28T23:59:00Z,monitoring_platform,False,
SLA000425,ACC0135,CTR00236,2025-05-01,2025-05-31,data_sync_lag,60.0,186.1,True,major,True,240.0,False,,2025-05-31T23:59:00Z,monitoring_platform,False,
SLA000426,ACC0136,CTR00237,2025-03-01,2025-03-31,data_sync_lag,60.0,78.9,True,major,True,240.0,False,,2025-03-31T23:59:00Z,monitoring_platform,False,
SLA000427,ACC0138,CTR00240,2025-03-01,2025-03-31,uptime,99.9,99.04,True,minor,True,117.5,False,,2025-03-31T23:59:00Z,monitoring_platform,False,
SLA000428,ACC0139,CTR00241,2025-02-01,2025-02-28,uptime,99.9,99.401,True,minor,True,105.0,False,,2025-02-28T23:59:00Z,monitoring_platform,True,
SLA000429,ACC0140,CTR00242,2025-04-01,2025-04-30,api_response_p99,500.0,1477.5,True,critical,True,560.0,False,,2025-04-30T23:59:00Z,monitoring_platform,False,
SLA000430,ACC0140,CTR00243,2025-06-01,2025-06-30,api_response_p99,500.0,1107.9,True,minor,True,120.0,False,,2025-06-30T23:59:00Z,monitoring_platform,False,
SLA000431,ACC0141,CTR00244,2025-01-01,2025-01-31,api_response_p99,500.0,1413.8,True,minor,True,115.0,False,,2025-01-31T23:59:00Z,monitoring_platform,False,
SLA000432,ACC0141,CTR00244,2025-03-01,2025-03-31,api_response_p99,500.0,1416.3,True,minor,True,115.0,False,,2025-03-31T23:59:00Z,monitoring_platform,False,
SLA000433,ACC0141,CTR00244,2025-05-01,2025-05-31,data_sync_lag,60.0,93.7,True,major,True,230.0,False,,2025-05-31T23:59:00Z,monitoring_platform,False,
SLA000434,ACC0141,CTR00244,2025-06-01,2025-06-30,ticket_response,4.0,7.6,True,major,True,230.0,False,,2025-06-30T23:59:00Z,monitoring_platform,False,
SLA000435,ACC0142,CTR00245,2025-02-01,2025-02-28,data_sync_lag,60.0,150.2,True,minor,True,125.0,False,,2025-02-28T23:59:00Z,monitoring_platform,False,
SLA000436,ACC0143,CTR00246,2025-01-01,2025-01-31,data_sync_lag,60.0,192.7,True,major,True,230.0,False,,2025-01-31T23:59:00Z,monitoring_platform,False,
SLA000437,ACC0144,CTR00247,2025-01-01,2025-01-31,uptime,99.9,98.457,True,major,True,250.0,False,,2025-01-31T23:59:00Z,monitoring_platform,False,
SLA000438,ACC0144,CTR00247,2025-02-01,2025-02-28,data_sync_lag,60.0,201.7,True,major,True,250.0,False,,2025-02-28T23:59:00Z,monitoring_platform,False,
SLA000439,ACC0144,CTR00248,2025-01-01,2025-01-31,ticket_response,4.0,21.2,True,critical,True,680.0,False,,2025-01-31T23:59:00Z,monitoring_platform,False,
SLA000440,ACC0144,CTR00248,2025-06-01,2025-06-30,data_sync_lag,60.0,208.1,True,major,True,340.0,False,,2025-06-30T23:59:00Z,monitoring_platform,False,
SLA000441,ACC0145,CTR00249,2025-06-01,2025-06-30,data_sync_lag,60.0,192.3,True,major,True,245.0,False,,2025-06-30T23:59:00Z,monitoring_platform,False,
SLA000442,ACC0146,CTR00250,2025-02-01,2025-02-28,data_sync_lag,60.0,208.0,True,critical,True,460.0,False,,2025-02-28T23:59:00Z,monitoring_platform,False,
SLA000443,ACC0146,CTR00250,2025-05-01,2025-05-31,data_sync_lag,60.0,260.4,True,minor,True,115.0,False,,2025-05-31T23:59:00Z,monitoring_platform,False,
SLA000444,ACC0147,CTR00252,2025-03-01,2025-03-31,ticket_response,4.0,21.8,True,major,True,230.0,False,,2025-03-31T23:59:00Z,monitoring_platform,False,
SLA000445,ACC0147,CTR00252,2025-04-01,2025-04-30,api_response_p99,500.0,1317.4,True,minor,True,115.0,False,,2025-04-30T23:59:00Z,monitoring_platform,False,
SLA000446,ACC0147,CTR00252,2025-05-01,2025-05-31,api_response_p99,500.0,1061.9,True,minor,True,115.0,False,,2025-05-31T23:59:00Z,monitoring_platform,False,
SLA000447,ACC0147,CTR00253,2025-03-01,2025-03-31,data_sync_lag,60.0,167.6,True,major,True,390.0,False,,2025-03-31T23:59:00Z,monitoring_platform,False,
SLA000448,ACC0148,CTR00254,2025-01-01,2025-01-31,api_response_p99,500.0,1203.5,True,minor,True,175.0,False,,2025-01-31T23:59:00Z,monitoring_platform,False,
SLA000449,ACC0150,CTR00256,2025-05-01,2025-05-31,ticket_response,4.0,21.8,True,minor,True,112.5,False,,2025-05-31T23:59:00Z,monitoring_platform,False,
SLA000450,ACC0151,CTR00257,2025-01-01,2025-01-31,data_sync_lag,60.0,225.7,True,major,True,250.0,False,,2025-01-31T23:59:00Z,monitoring_platform,False,
SLA000451,ACC0151,CTR00257,2025-02-01,2025-02-28,ticket_response,4.0,16.5,True,minor,True,125.0,False,,2025-02-28T23:59:00Z,monitoring_platform,False,
SLA000452,ACC0151,CTR00257,2025-05-01,2025-05-31,api_response_p99,500.0,831.4,True,major,True,250.0,False,,2025-05-31T23:59:00Z,monitoring_platform,False,
SLA000453,ACC0151,CTR00258,2025-01-01,2025-01-31,data_sync_lag,60.0,251.4,True,major,True,230.0,False,,2025-01-31T23:59:00Z,monitoring_platform,False,
SLA000454,ACC0151,CTR00258,2025-04-01,2025-04-30,data_sync_lag,60.0,266.0,True,minor,True,115.0,False,,2025-04-30T23:59:00Z,monitoring_platform,False,
SLA000455,ACC0152,CTR00259,2025-01-01,2025-01-31,api_response_p99,500.0,1455.3,True,minor,True,125.0,False,,2025-01-31T23:59:00Z,monitoring_platform,False,
SLA000456,ACC0152,CTR00259,2025-02-01,2025-02-28,ticket_response,4.0,11.3,True,critical,True,500.0,False,,2025-02-28T23:59:00Z,monitoring_platform,False,
SLA000457,ACC0152,CTR00259,2025-03-01,2025-03-31,api_response_p99,500.0,653.7,True,major,True,250.0,False,,2025-03-31T23:59:00Z,monitoring_platform,False,
SLA000458,ACC0153,CTR00261,2025-04-01,2025-04-30,uptime,99.9,98.131,True,minor,True,110.0,False,,2025-04-30T23:59:00Z,monitoring_platform,False,
SLA000459,ACC0156,CTR00264,2025-02-01,2025-02-28,uptime,99.9,98.117,True,major,True,230.0,False,,2025-02-28T23:59:00Z,monitoring_platform,False,
SLA000460,ACC0156,CTR00265,2025-03-01,2025-03-31,ticket_response,4.0,9.5,True,minor,True,110.0,False,,2025-03-31T23:59:00Z,monitoring_platform,False,
SLA000461,ACC0157,CTR00266,2025-04-01,2025-04-30,uptime,99.9,99.692,True,minor,True,185.0,False,,2025-04-30T23:59:00Z,monitoring_platform,False,
SLA000462,ACC0158,CTR00267,2025-02-01,2025-02-28,api_response_p99,500.0,1098.9,True,major,True,250.0,False,,2025-02-28T23:59:00Z,monitoring_platform,False,
SLA000463,ACC0161,CTR00270,2025-01-01,2025-01-31,api_response_p99,500.0,1326.0,True,minor,True,140.0,False,,2025-01-31T23:59:00Z,monitoring_platform,False,
SLA000464,ACC0161,CTR00270,2025-02-01,2025-02-28,uptime,99.9,97.845,True,critical,True,560.0,False,,2025-02-28T23:59:00Z,monitoring_platform,False,
SLA000465,ACC0162,CTR00271,2025-01-01,2025-01-31,data_sync_lag,60.0,235.4,True,minor,True,120.0,False,,2025-01-31T23:59:00Z,monitoring_platform,False,
SLA000466,ACC0162,CTR00271,2025-04-01,2025-04-30,uptime,99.9,99.639,True,critical,True,480.0,False,,2025-04-30T23:59:00Z,monitoring_platform,False,
SLA000467,ACC0162,CTR00271,2025-06-01,2025-06-30,api_response_p99,500.0,527.5,True,minor,True,120.0,False,,2025-06-30T23:59:00Z,monitoring_platform,False,
SLA000468,ACC0162,CTR00272,2025-02-01,2025-02-28,api_response_p99,500.0,559.8,True,minor,True,105.0,False,,2025-02-28T23:59:00Z,monitoring_platform,False,
SLA000469,ACC0165,CTR00275,2025-04-01,2025-04-30,data_sync_lag,60.0,177.4,True,minor,True,115.0,False,,2025-04-30T23:59:00Z,monitoring_platform,False,
SLA000470,ACC0167,CTR00279,2025-06-01,2025-06-30,ticket_response,4.0,16.0,True,minor,True,135.0,False,,2025-06-30T23:59:00Z,monitoring_platform,False,
SLA000471,ACC0168,CTR00280,2025-05-01,2025-05-31,api_response_p99,500.0,785.8,True,major,True,400.0,False,,2025-05-31T23:59:00Z,monitoring_platform,False,
SLA000472,ACC0168,CTR00280,2025-06-01,2025-06-30,ticket_response,4.0,6.4,True,major,True,400.0,False,,2025-06-30T23:59:00Z,monitoring_platform,False,
SLA000473,ACC0169,CTR00281,2025-01-01,2025-01-31,data_sync_lag,60.0,106.6,True,minor,True,130.0,False,,2025-01-31T23:59:00Z,monitoring_platform,False,
SLA000474,ACC0169,CTR00281,2025-04-01,2025-04-30,data_sync_lag,60.0,294.9,True,major,True,260.0,False,,2025-04-30T23:59:00Z,monitoring_platform,False,
SLA000475,ACC0169,CTR00281,2025-05-01,2025-05-31,ticket_response,4.0,22.6,True,minor,True,130.0,False,,2025-05-31T23:59:00Z,monitoring_platform,False,
SLA000476,ACC0169,CTR00281,2025-06-01,2025-06-30,api_response_p99,500.0,880.7,True,minor,True,130.0,False,,2025-06-30T23:59:00Z,monitoring_platform,True,
SLA000477,ACC0169,CTR00282,2025-03-01,2025-03-31,data_sync_lag,60.0,161.3,True,major,True,390.0,False,,2025-03-31T23:59:00Z,monitoring_platform,False,
SLA000478,ACC0170,CTR00283,2025-01-01,2025-01-31,api_response_p99,500.0,992.2,True,minor,True,117.5,False,,2025-01-31T23:59:00Z,monitoring_platform,False,
SLA000479,ACC0170,CTR00283,2025-04-01,2025-04-30,data_sync_lag,60.0,65.1,True,major,True,235.0,False,,2025-04-30T23:59:00Z,monitoring_platform,False,
SLA000480,ACC0172,CTR00286,2025-04-01,2025-04-30,api_response_p99,500.0,1043.7,True,minor,True,110.0,False,,2025-04-30T23:59:00Z,monitoring_platform,False,
SLA000481,ACC0172,CTR00286,2025-05-01,2025-05-31,api_response_p99,500.0,1246.7,True,minor,True,110.0,False,,2025-05-31T23:59:00Z,monitoring_platform,False,
SLA000482,ACC0172,CTR00286,2025-06-01,2025-06-30,api_response_p99,500.0,1461.3,True,minor,True,110.0,False,,2025-06-30T23:59:00Z,monitoring_platform,False,
SLA000483,ACC0173,CTR00288,2025-04-01,2025-04-30,ticket_response,4.0,22.1,True,minor,True,115.0,False,,2025-04-30T23:59:00Z,monitoring_platform,False,
SLA000484,ACC0174,CTR00289,2025-01-01,2025-01-31,ticket_response,4.0,16.4,True,critical,True,460.0,False,,2025-01-31T23:59:00Z,monitoring_platform,False,
SLA000485,ACC0174,CTR00289,2025-04-01,2025-04-30,uptime,99.9,97.741,True,minor,True,115.0,False,,2025-04-30T23:59:00Z,monitoring_platform,False,
SLA000486,ACC0174,CTR00290,2025-01-01,2025-01-31,uptime,99.9,97.677,True,minor,True,110.0,False,,2025-01-31T23:59:00Z,monitoring_platform,True,
SLA000487,ACC0175,CTR00291,2025-01-01,2025-01-31,ticket_response,4.0,17.1,True,critical,True,480.0,False,,2025-01-31T23:59:00Z,monitoring_platform,False,
SLA000488,ACC0175,CTR00292,2025-05-01,2025-05-31,data_sync_lag,60.0,128.9,True,major,True,210.0,False,,2025-05-31T23:59:00Z,monitoring_platform,False,
SLA000489,ACC0176,CTR00293,2025-06-01,2025-06-30,uptime,99.9,98.056,True,minor,True,110.0,False,,2025-06-30T23:59:00Z,monitoring_platform,False,
SLA000490,ACC0177,CTR00295,2025-01-01,2025-01-31,data_sync_lag,60.0,250.1,True,major,True,240.0,False,,2025-01-31T23:59:00Z,monitoring_platform,False,
SLA000491,ACC0177,CTR00295,2025-03-01,2025-03-31,ticket_response,4.0,18.7,True,minor,True,120.0,False,,2025-03-31T23:59:00Z,monitoring_platform,False,
SLA000492,ACC0177,CTR00295,2025-05-01,2025-05-31,ticket_response,4.0,14.5,True,major,True,240.0,False,,2025-05-31T23:59:00Z,monitoring_platform,False,
SLA000493,ACC0178,CTR00296,2025-04-01,2025-04-30,ticket_response,4.0,19.4,True,major,True,245.0,False,,2025-04-30T23:59:00Z,monitoring_platform,False,
SLA000494,ACC0178,CTR00297,2025-04-01,2025-04-30,data_sync_lag,60.0,264.5,True,major,True,235.0,False,,2025-04-30T23:59:00Z,monitoring_platform,False,
SLA000495,ACC0180,CTR00299,2025-03-01,2025-03-31,data_sync_lag,60.0,94.1,True,minor,True,165.0,False,,2025-03-31T23:59:00Z,monitoring_platform,False,
SLA000496,ACC0180,CTR00299,2025-04-01,2025-04-30,uptime,99.9,99.519,True,minor,True,165.0,False,,2025-04-30T23:59:00Z,monitoring_platform,False,
SLA000497,ACC0182,CTR00301,2025-03-01,2025-03-31,api_response_p99,500.0,519.6,True,major,True,240.0,False,,2025-03-31T23:59:00Z,monitoring_platform,False,
SLA000498,ACC0183,CTR00302,2025-03-01,2025-03-31,api_response_p99,500.0,1445.7,True,major,True,220.0,False,,2025-03-31T23:59:00Z,monitoring_platform,False,
SLA000499,ACC0184,CTR00304,2025-03-01,2025-03-31,uptime,99.9,99.316,True,minor,True,127.5,False,,2025-03-31T23:59:00Z,monitoring_platform,False,
SLA000500,ACC0185,CTR00305,2025-03-01,2025-03-31,api_response_p99,500.0,1345.1,True,major,True,290.0,False,,2025-03-31T23:59:00Z,monitoring_platform,False,
SLA000501,ACC0185,CTR00305,2025-06-01,2025-06-30,ticket_response,4.0,14.9,True,minor,True,145.0,False,,2025-06-30T23:59:00Z,monitoring_platform,False,
SLA000502,ACC0186,CTR00306,2025-01-01,2025-01-31,ticket_response,4.0,8.4,True,minor,True,125.0,False,,2025-01-31T23:59:00Z,monitoring_platform,False,
SLA000503,ACC0186,CTR00306,2025-02-01,2025-02-28,ticket_response,4.0,15.1,True,minor,True,125.0,False,,2025-02-28T23:59:00Z,monitoring_platform,False,
SLA000504,ACC0187,CTR00307,2025-06-01,2025-06-30,data_sync_lag,60.0,156.0,True,minor,True,120.0,False,,2025-06-30T23:59:00Z,monitoring_platform,False,
SLA000505,ACC0188,CTR00308,2025-02-01,2025-02-28,api_response_p99,500.0,697.6,True,minor,True,115.0,False,,2025-02-28T23:59:00Z,monitoring_platform,False,
SLA000506,ACC0191,CTR00311,2025-01-01,2025-01-31,api_response_p99,500.0,887.2,True,critical,True,440.0,False,,2025-01-31T23:59:00Z,monitoring_platform,False,
SLA000507,ACC0192,CTR00313,2025-06-01,2025-06-30,data_sync_lag,60.0,225.7,True,minor,True,155.0,False,,2025-06-30T23:59:00Z,monitoring_platform,False,
SLA000508,ACC0193,CTR00314,2025-06-01,2025-06-30,data_sync_lag,60.0,72.6,True,major,True,220.0,False,,2025-06-30T23:59:00Z,monitoring_platform,False,
SLA000509,ACC0194,CTR00315,2025-04-01,2025-04-30,api_response_p99,500.0,656.0,True,major,True,260.0,False,,2025-04-30T23:59:00Z,monitoring_platform,False,
SLA000510,ACC0194,CTR00315,2025-06-01,2025-06-30,data_sync_lag,60.0,109.1,True,minor,True,130.0,False,,2025-06-30T23:59:00Z,monitoring_platform,False,
SLA000511,ACC0195,CTR00316,2025-02-01,2025-02-28,data_sync_lag,60.0,189.3,True,critical,True,460.0,False,,2025-02-28T23:59:00Z,monitoring_platform,False,
SLA000512,ACC0195,CTR00317,2025-03-01,2025-03-31,ticket_response,4.0,5.8,True,major,True,230.0,False,,2025-03-31T23:59:00Z,monitoring_platform,False,
SLA000513,ACC0196,CTR00318,2025-04-01,2025-04-30,api_response_p99,500.0,1035.0,True,major,True,240.0,False,,2025-04-30T23:59:00Z,monitoring_platform,False,
SLA000514,ACC0197,CTR00319,2025-01-01,2025-01-31,api_response_p99,500.0,770.4,True,minor,True,120.0,False,,2025-01-31T23:59:00Z,monitoring_platform,False,
SLA000515,ACC0197,CTR00319,2025-06-01,2025-06-30,data_sync_lag,60.0,64.3,True,minor,True,120.0,False,,2025-06-30T23:59:00Z,monitoring_platform,False,
SLA000516,ACC0198,CTR00320,2025-01-01,2025-01-31,uptime,99.9,98.829,True,minor,True,135.0,False,,2025-01-31T23:59:00Z,monitoring_platform,False,
SLA000517,ACC0198,CTR00320,2025-02-01,2025-02-28,uptime,99.9,97.892,True,major,True,270.0,False,,2025-02-28T23:59:00Z,monitoring_platform,False,
SLA000518,ACC0199,CTR00321,2025-05-01,2025-05-31,uptime,99.9,98.849,True,major,True,220.0,False,,2025-05-31T23:59:00Z,monitoring_platform,False,
SLA000519,ACC0200,CTR00322,2025-03-01,2025-03-31,data_sync_lag,60.0,145.2,True,major,True,390.0,False,,2025-03-31T23:59:00Z,monitoring_platform,False,
SLA000520,ACC0200,CTR00322,2025-06-01,2025-06-30,uptime,99.9,98.029,True,minor,True,195.0,False,,2025-06-30T23:59:00Z,monitoring_platform,True,
SLA000521,ACC0200,CTR00323,2025-02-01,2025-02-28,api_response_p99,500.0,1078.3,True,minor,True,127.5,False,,2025-02-28T23:59:00Z,monitoring_platform,False,
SLA000522,ACC0202,CTR00325,2025-03-01,2025-03-31,data_sync_lag,60.0,76.0,True,major,True,240.0,False,,2025-03-31T23:59:00Z,monitoring_platform,False,
SLA000523,ACC0202,CTR00325,2025-06-01,2025-06-30,data_sync_lag,60.0,93.1,True,minor,True,120.0,False,,2025-06-30T23:59:00Z,monitoring_platform,False,
SLA000524,ACC0203,CTR00327,2025-04-01,2025-04-30,ticket_response,4.0,8.1,True,critical,True,460.0,False,,2025-04-30T23:59:00Z,monitoring_platform,False,
SLA000525,ACC0204,CTR00328,2025-05-01,2025-05-31,data_sync_lag,60.0,128.6,True,minor,True,117.5,False,,2025-05-31T23:59:00Z,monitoring_platform,False,
SLA000526,ACC0205,CTR00329,2025-05-01,2025-05-31,ticket_response,4.0,16.3,True,major,True,240.0,False,,2025-05-31T23:59:00Z,monitoring_platform,False,
SLA000527,ACC0206,CTR00330,2025-04-01,2025-04-30,uptime,99.9,99.152,True,minor,True,125.0,False,,2025-04-30T23:59:00Z,monitoring_platform,False,
SLA000528,ACC0207,CTR00332,2025-02-01,2025-02-28,uptime,99.9,97.866,True,minor,True,125.0,False,,2025-02-28T23:59:00Z,monitoring_platform,False,
SLA000529,ACC0208,CTR00333,2025-06-01,2025-06-30,api_response_p99,500.0,1121.6,True,major,True,240.0,False,,2025-06-30T23:59:00Z,monitoring_platform,False,
SLA000530,ACC0209,CTR00335,2025-01-01,2025-01-31,api_response_p99,500.0,967.2,True,minor,True,115.0,False,,2025-01-31T23:59:00Z,monitoring_platform,True,
SLA000531,ACC0210,CTR00336,2025-01-01,2025-01-31,uptime,99.9,99.82,True,minor,True,155.0,False,,2025-01-31T23:59:00Z,monitoring_platform,False,
SLA000532,ACC0211,CTR00337,2025-01-01,2025-01-31,uptime,99.9,98.582,True,minor,True,120.0,False,,2025-01-31T23:59:00Z,monitoring_platform,False,
SLA000533,ACC0212,CTR00339,2025-01-01,2025-01-31,api_response_p99,500.0,1176.8,True,major,True,230.0,False,,2025-01-31T23:59:00Z,monitoring_platform,False,
SLA000534,ACC0212,CTR00339,2025-06-01,2025-06-30,uptime,99.9,98.755,True,major,True,230.0,False,,2025-06-30T23:59:00Z,monitoring_platform,False,
SLA000535,ACC0213,CTR00340,2025-04-01,2025-04-30,ticket_response,4.0,22.5,True,critical,True,440.0,False,,2025-04-30T23:59:00Z,monitoring_platform,False,
SLA000536,ACC0214,CTR00341,2025-01-01,2025-01-31,api_response_p99,500.0,1207.1,True,major,True,250.0,False,,2025-01-31T23:59:00Z,monitoring_platform,False,
SLA000537,ACC0214,CTR00341,2025-03-01,2025-03-31,uptime,99.9,99.467,True,minor,True,125.0,False,,2025-03-31T23:59:00Z,monitoring_platform,False,
SLA000538,ACC0214,CTR00341,2025-04-01,2025-04-30,ticket_response,4.0,12.8,True,major,True,250.0,False,,2025-04-30T23:59:00Z,monitoring_platform,False,
SLA000539,ACC0217,CTR00345,2025-01-01,2025-01-31,ticket_response,4.0,14.6,True,major,True,250.0,False,,2025-01-31T23:59:00Z,monitoring_platform,False,
SLA000540,ACC0218,CTR00346,2025-02-01,2025-02-28,data_sync_lag,60.0,69.9,True,minor,True,115.0,False,,2025-02-28T23:59:00Z,monitoring_platform,False,
SLA000541,ACC0218,CTR00347,2025-01-01,2025-01-31,api_response_p99,500.0,727.2,True,major,True,240.0,False,,2025-01-31T23:59:00Z,monitoring_platform,True,
SLA000542,ACC0218,CTR00347,2025-04-01,2025-04-30,api_response_p99,500.0,552.3,True,minor,True,120.0,False,,2025-04-30T23:59:00Z,monitoring_platform,False,
SLA000543,ACC0219,CTR00348,2025-01-01,2025-01-31,api_response_p99,500.0,1342.2,True,major,True,250.0,False,,2025-01-31T23:59:00Z,monitoring_platform,False,
SLA000544,ACC0219,CTR00348,2025-03-01,2025-03-31,data_sync_lag,60.0,252.7,True,critical,True,500.0,False,,2025-03-31T23:59:00Z,monitoring_platform,False,
SLA000545,ACC0219,CTR00348,2025-05-01,2025-05-31,data_sync_lag,60.0,162.2,True,minor,True,125.0,False,,2025-05-31T23:59:00Z,monitoring_platform,False,
SLA000546,ACC0220,CTR00349,2025-02-01,2025-02-28,uptime,99.9,99.388,True,critical,True,560.0,False,,2025-02-28T23:59:00Z,monitoring_platform,True,
SLA000547,ACC0221,CTR00350,2025-04-01,2025-04-30,uptime,99.9,97.72,True,minor,True,120.0,False,,2025-04-30T23:59:00Z,monitoring_platform,False,
SLA000548,ACC0221,CTR00350,2025-05-01,2025-05-31,ticket_response,4.0,17.5,True,minor,True,120.0,False,,2025-05-31T23:59:00Z,monitoring_platform,False,
SLA000549,ACC0221,CTR00351,2025-02-01,2025-02-28,api_response_p99,500.0,853.1,True,critical,True,480.0,False,,2025-02-28T23:59:00Z,monitoring_platform,False,
SLA000550,ACC0221,CTR00351,2025-04-01,2025-04-30,api_response_p99,500.0,1449.0,True,minor,True,120.0,False,,2025-04-30T23:59:00Z,monitoring_platform,False,
SLA000551,ACC0222,CTR00352,2025-06-01,2025-06-30,ticket_response,4.0,11.9,True,major,True,250.0,False,,2025-06-30T23:59:00Z,monitoring_platform,False,
SLA000552,ACC0223,CTR00353,2025-01-01,2025-01-31,data_sync_lag,60.0,266.3,True,minor,True,117.5,False,,2025-01-31T23:59:00Z,monitoring_platform,False,
SLA000553,ACC0225,CTR00356,2025-03-01,2025-03-31,data_sync_lag,60.0,91.1,True,minor,True,125.0,False,,2025-03-31T23:59:00Z,monitoring_platform,False,
SLA000554,ACC0226,CTR00357,2025-02-01,2025-02-28,uptime,99.9,97.545,True,major,True,250.0,False,,2025-02-28T23:59:00Z,monitoring_platform,False,
SLA000555,ACC0226,CTR00357,2025-06-01,2025-06-30,data_sync_lag,60.0,233.7,True,minor,True,125.0,False,,2025-06-30T23:59:00Z,monitoring_platform,False,
SLA000556,ACC0227,CTR00359,2025-02-01,2025-02-28,data_sync_lag,60.0,241.1,True,major,True,210.0,False,,2025-02-28T23:59:00Z,monitoring_platform,False,
SLA000557,ACC0228,CTR00360,2025-03-01,2025-03-31,data_sync_lag,60.0,171.3,True,minor,True,127.5,False,,2025-03-31T23:59:00Z,monitoring_platform,False,
SLA000558,ACC0228,CTR00360,2025-05-01,2025-05-31,ticket_response,4.0,8.1,True,minor,True,127.5,False,,2025-05-31T23:59:00Z,monitoring_platform,False,
SLA000559,ACC0228,CTR00360,2025-06-01,2025-06-30,ticket_response,4.0,10.3,True,critical,True,510.0,False,,2025-06-30T23:59:00Z,monitoring_platform,False,
SLA000560,ACC0229,CTR00361,2025-02-01,2025-02-28,ticket_response,4.0,21.2,True,minor,True,125.0,False,,2025-02-28T23:59:00Z,monitoring_platform,False,
SLA000561,ACC0229,CTR00362,2025-02-01,2025-02-28,uptime,99.9,98.982,True,major,True,290.0,False,,2025-02-28T23:59:00Z,monitoring_platform,False,
SLA000562,ACC0230,CTR00363,2025-03-01,2025-03-31,ticket_response,4.0,14.0,True,minor,True,200.0,False,,2025-03-31T23:59:00Z,monitoring_platform,False,
SLA000563,ACC0230,CTR00363,2025-06-01,2025-06-30,api_response_p99,500.0,722.8,True,critical,True,800.0,False,,2025-06-30T23:59:00Z,monitoring_platform,False,
SLA000564,ACC0231,CTR00364,2025-03-01,2025-03-31,data_sync_lag,60.0,272.5,True,minor,True,115.0,False,,2025-03-31T23:59:00Z,monitoring_platform,False,
SLA000565,ACC0231,CTR00364,2025-04-01,2025-04-30,uptime,99.9,98.467,True,critical,True,460.0,False,,2025-04-30T23:59:00Z,monitoring_platform,False,
SLA000566,ACC0232,CTR00365,2025-03-01,2025-03-31,uptime,99.9,97.852,True,minor,True,125.0,False,,2025-03-31T23:59:00Z,monitoring_platform,True,
SLA000567,ACC0232,CTR00365,2025-05-01,2025-05-31,ticket_response,4.0,9.4,True,critical,True,500.0,False,,2025-05-31T23:59:00Z,monitoring_platform,False,
SLA000568,ACC0232,CTR00366,2025-04-01,2025-04-30,data_sync_lag,60.0,248.8,True,critical,True,460.0,False,,2025-04-30T23:59:00Z,monitoring_platform,False,
SLA000569,ACC0233,CTR00367,2025-06-01,2025-06-30,api_response_p99,500.0,1002.9,True,minor,True,120.0,False,,2025-06-30T23:59:00Z,monitoring_platform,True,
SLA000570,ACC0234,CTR00368,2025-03-01,2025-03-31,uptime,99.9,97.797,True,major,True,210.0,False,,2025-03-31T23:59:00Z,monitoring_platform,False,
SLA000571,ACC0234,CTR00368,2025-05-01,2025-05-31,ticket_response,4.0,24.0,True,minor,True,105.0,False,,2025-05-31T23:59:00Z,monitoring_platform,False,
SLA000572,ACC0235,CTR00370,2025-01-01,2025-01-31,uptime,99.9,98.825,True,major,True,220.0,False,,2025-01-31T23:59:00Z,monitoring_platform,False,
SLA000573,ACC0235,CTR00370,2025-03-01,2025-03-31,api_response_p99,500.0,736.5,True,minor,True,110.0,False,,2025-03-31T23:59:00Z,monitoring_platform,False,
SLA000574,ACC0235,CTR00370,2025-06-01,2025-06-30,uptime,99.9,99.635,True,major,True,220.0,False,,2025-06-30T23:59:00Z,monitoring_platform,False,
SLA000575,ACC0236,CTR00371,2025-05-01,2025-05-31,ticket_response,4.0,16.7,True,minor,True,120.0,False,,2025-05-31T23:59:00Z,monitoring_platform,False,
SLA000576,ACC0236,CTR00371,2025-06-01,2025-06-30,data_sync_lag,60.0,286.4,True,minor,True,120.0,False,,2025-06-30T23:59:00Z,monitoring_platform,False,
SLA000577,ACC0236,CTR00372,2025-06-01,2025-06-30,ticket_response,4.0,6.5,True,minor,True,120.0,False,,2025-06-30T23:59:00Z,monitoring_platform,False,
SLA000578,ACC0237,CTR00373,2025-01-01,2025-01-31,api_response_p99,500.0,1466.0,True,critical,True,440.0,False,,2025-01-31T23:59:00Z,monitoring_platform,True,
SLA000579,ACC0237,CTR00373,2025-04-01,2025-04-30,data_sync_lag,60.0,90.6,True,major,True,220.0,False,,2025-04-30T23:59:00Z,monitoring_platform,False,
SLA000580,ACC0238,CTR00374,2025-04-01,2025-04-30,api_response_p99,500.0,1357.6,True,minor,True,127.5,False,,2025-04-30T23:59:00Z,monitoring_platform,False,
SLA000581,ACC0238,CTR00374,2025-06-01,2025-06-30,api_response_p99,500.0,965.8,True,major,True,255.0,False,,2025-06-30T23:59:00Z,monitoring_platform,False,
SLA000582,ACC0238,CTR00375,2025-06-01,2025-06-30,api_response_p99,500.0,1248.3,True,major,True,240.0,False,,2025-06-30T23:59:00Z,monitoring_platform,False,
SLA000583,ACC0239,CTR00377,2025-05-01,2025-05-31,ticket_response,4.0,14.9,True,minor,True,110.0,False,,2025-05-31T23:59:00Z,monitoring_platform,False,
SLA000584,ACC0240,CTR00378,2025-06-01,2025-06-30,api_response_p99,500.0,612.0,True,major,True,300.0,False,,2025-06-30T23:59:00Z,monitoring_platform,False,
SLA000585,ACC0240,CTR00379,2025-01-01,2025-01-31,ticket_response,4.0,13.1,True,minor,True,120.0,False,,2025-01-31T23:59:00Z,monitoring_platform,False,
SLA000586,ACC0240,CTR00379,2025-03-01,2025-03-31,uptime,99.9,98.704,True,minor,True,120.0,False,,2025-03-31T23:59:00Z,monitoring_platform,False,
SLA000587,ACC0241,CTR00380,2025-02-01,2025-02-28,data_sync_lag,60.0,191.8,True,major,True,350.0,False,,2025-02-28T23:59:00Z,monitoring_platform,False,
SLA000588,ACC0241,CTR00380,2025-04-01,2025-04-30,api_response_p99,500.0,576.1,True,minor,True,175.0,False,,2025-04-30T23:59:00Z,monitoring_platform,False,
SLA000589,ACC0241,CTR00381,2025-04-01,2025-04-30,ticket_response,4.0,20.9,True,minor,True,120.0,False,,2025-04-30T23:59:00Z,monitoring_platform,False,
SLA000590,ACC0241,CTR00381,2025-05-01,2025-05-31,ticket_response,4.0,8.4,True,major,True,240.0,False,,2025-05-31T23:59:00Z,monitoring_platform,False,
SLA000591,ACC0241,CTR00381,2025-06-01,2025-06-30,ticket_response,4.0,12.7,True,minor,True,120.0,False,,2025-06-30T23:59:00Z,monitoring_platform,False,
SLA000592,ACC0242,CTR00382,2025-03-01,2025-03-31,api_response_p99,500.0,917.8,True,minor,True,122.5,False,,2025-03-31T23:59:00Z,monitoring_platform,False,
SLA000593,ACC0242,CTR00382,2025-05-01,2025-05-31,data_sync_lag,60.0,194.0,True,major,True,245.0,False,,2025-05-31T23:59:00Z,monitoring_platform,False,
SLA000594,ACC0242,CTR00382,2025-06-01,2025-06-30,uptime,99.9,98.51,True,critical,True,490.0,False,,2025-06-30T23:59:00Z,monitoring_platform,False,
SLA000595,ACC0242,CTR00383,2025-06-01,2025-06-30,api_response_p99,500.0,1497.7,True,minor,True,120.0,False,,2025-06-30T23:59:00Z,monitoring_platform,False,
SLA000596,ACC0243,CTR00384,2025-03-01,2025-03-31,api_response_p99,500.0,1183.4,True,critical,True,500.0,False,,2025-03-31T23:59:00Z,monitoring_platform,False,
SLA000597,ACC0243,CTR00385,2025-02-01,2025-02-28,api_response_p99,500.0,1325.8,True,critical,True,500.0,False,,2025-02-28T23:59:00Z,monitoring_platform,False,
SLA000598,ACC0243,CTR00385,2025-03-01,2025-03-31,api_response_p99,500.0,513.0,True,major,True,250.0,False,,2025-03-31T23:59:00Z,monitoring_platform,False,
SLA000599,ACC0244,CTR00386,2025-04-01,2025-04-30,data_sync_lag,60.0,273.7,True,minor,True,125.0,False,,2025-04-30T23:59:00Z,monitoring_platform,False,
SLA000600,ACC0244,CTR00386,2025-06-01,2025-06-30,ticket_response,4.0,15.8,True,minor,True,125.0,False,,2025-06-30T23:59:00Z,monitoring_platform,False,
SLA000601,ACC0244,CTR00387,2025-02-01,2025-02-28,data_sync_lag,60.0,130.8,True,critical,True,440.0,False,,2025-02-28T23:59:00Z,monitoring_platform,False,
SLA000602,ACC0244,CTR00387,2025-03-01,2025-03-31,api_response_p99,500.0,1166.3,True,minor,True,110.0,False,,2025-03-31T23:59:00Z,monitoring_platform,False,
SLA000603,ACC0244,CTR00387,2025-05-01,2025-05-31,ticket_response,4.0,5.4,True,major,True,220.0,False,,2025-05-31T23:59:00Z,monitoring_platform,False,
SLA000604,ACC0245,CTR00388,2025-01-01,2025-01-31,ticket_response,4.0,9.2,True,critical,True,480.0,False,,2025-01-31T23:59:00Z,monitoring_platform,False,
SLA000605,ACC0245,CTR00388,2025-03-01,2025-03-31,ticket_response,4.0,22.3,True,major,True,240.0,False,,2025-03-31T23:59:00Z,monitoring_platform,False,
SLA000606,ACC0245,CTR00388,2025-05-01,2025-05-31,data_sync_lag,60.0,276.6,True,minor,True,120.0,False,,2025-05-31T23:59:00Z,monitoring_platform,False,
SLA000607,ACC0246,CTR00389,2025-01-01,2025-01-31,data_sync_lag,60.0,165.8,True,minor,True,125.0,False,,2025-01-31T23:59:00Z,monitoring_platform,False,
SLA000608,ACC0246,CTR00390,2025-05-01,2025-05-31,data_sync_lag,60.0,136.2,True,minor,True,110.0,False,,2025-05-31T23:59:00Z,monitoring_platform,False,
SLA000609,ACC0247,CTR00391,2025-01-01,2025-01-31,ticket_response,4.0,6.6,True,critical,True,460.0,False,,2025-01-31T23:59:00Z,monitoring_platform,False,
SLA000610,ACC0247,CTR00391,2025-04-01,2025-04-30,uptime,99.9,97.884,True,minor,True,115.0,False,,2025-04-30T23:59:00Z,monitoring_platform,False,
SLA000611,ACC0247,CTR00391,2025-06-01,2025-06-30,api_response_p99,500.0,1084.0,True,minor,True,115.0,False,,2025-06-30T23:59:00Z,monitoring_platform,True,
SLA000612,ACC0248,CTR00392,2025-04-01,2025-04-30,api_response_p99,500.0,981.5,True,minor,True,105.0,False,,2025-04-30T23:59:00Z,monitoring_platform,False,
SLA000613,ACC0250,CTR00396,2025-05-01,2025-05-31,uptime,99.9,98.747,True,major,True,220.0,False,,2025-05-31T23:59:00Z,monitoring_platform,False,
SLA000614,ACC0251,CTR00397,2025-02-01,2025-02-28,uptime,99.9,97.523,True,major,True,240.0,False,,2025-02-28T23:59:00Z,monitoring_platform,False,
SLA000615,ACC0251,CTR00397,2025-04-01,2025-04-30,api_response_p99,500.0,688.9,True,critical,True,480.0,False,,2025-04-30T23:59:00Z,monitoring_platform,False,
SLA000616,ACC0251,CTR00397,2025-05-01,2025-05-31,uptime,99.9,99.478,True,minor,True,120.0,False,,2025-05-31T23:59:00Z,monitoring_platform,False,
SLA000617,ACC0252,CTR00398,2025-04-01,2025-04-30,ticket_response,4.0,11.6,True,critical,True,480.0,False,,2025-04-30T23:59:00Z,monitoring_platform,False,
SLA000618,ACC0252,CTR00399,2025-03-01,2025-03-31,api_response_p99,500.0,925.9,True,critical,True,500.0,False,,2025-03-31T23:59:00Z,monitoring_platform,False,
SLA000619,ACC0252,CTR00399,2025-04-01,2025-04-30,api_response_p99,500.0,562.1,True,minor,True,125.0,False,,2025-04-30T23:59:00Z,monitoring_platform,False,
SLA000620,ACC0252,CTR00399,2025-05-01,2025-05-31,data_sync_lag,60.0,95.4,True,minor,True,125.0,False,,2025-05-31T23:59:00Z,monitoring_platform,False,
SLA000621,ACC0253,CTR00400,2025-04-01,2025-04-30,ticket_response,4.0,11.3,True,major,True,250.0,False,,2025-04-30T23:59:00Z,monitoring_platform,False,
SLA000622,ACC0253,CTR00401,2025-03-01,2025-03-31,ticket_response,4.0,18.0,True,minor,True,115.0,False,,2025-03-31T23:59:00Z,monitoring_platform,False,
SLA000623,ACC0253,CTR00401,2025-04-01,2025-04-30,ticket_response,4.0,21.0,True,minor,True,115.0,False,,2025-04-30T23:59:00Z,monitoring_platform,False,
SLA000624,ACC0254,CTR00402,2025-02-01,2025-02-28,ticket_response,4.0,8.7,True,minor,True,125.0,False,,2025-02-28T23:59:00Z,monitoring_platform,False,
SLA000625,ACC0255,CTR00403,2025-05-01,2025-05-31,ticket_response,4.0,20.0,True,minor,True,120.0,False,,2025-05-31T23:59:00Z,monitoring_platform,False,
SLA000626,ACC0255,CTR00404,2025-01-01,2025-01-31,uptime,99.9,99.325,True,minor,True,115.0,False,,2025-01-31T23:59:00Z,monitoring_platform,False,
SLA000627,ACC0255,CTR00404,2025-03-01,2025-03-31,data_sync_lag,60.0,250.6,True,major,True,230.0,False,,2025-03-31T23:59:00Z,monitoring_platform,False,
SLA000628,ACC0256,CTR00406,2025-06-01,2025-06-30,data_sync_lag,60.0,200.1,True,major,True,220.0,False,,2025-06-30T23:59:00Z,monitoring_platform,False,
SLA000629,ACC0257,CTR00407,2025-04-01,2025-04-30,uptime,99.9,98.646,True,major,True,230.0,False,,2025-04-30T23:59:00Z,monitoring_platform,False,
SLA000630,ACC0257,CTR00407,2025-05-01,2025-05-31,ticket_response,4.0,15.8,True,minor,True,115.0,False,,2025-05-31T23:59:00Z,monitoring_platform,False,
SLA000631,ACC0257,CTR00408,2025-03-01,2025-03-31,api_response_p99,500.0,1237.7,True,major,True,210.0,False,,2025-03-31T23:59:00Z,monitoring_platform,False,
SLA000632,ACC0258,CTR00409,2025-01-01,2025-01-31,api_response_p99,500.0,658.1,True,minor,True,120.0,False,,2025-01-31T23:59:00Z,monitoring_platform,False,
SLA000633,ACC0258,CTR00409,2025-02-01,2025-02-28,uptime,99.9,98.94,True,minor,True,120.0,False,,2025-02-28T23:59:00Z,monitoring_platform,False,
SLA000634,ACC0258,CTR00409,2025-03-01,2025-03-31,uptime,99.9,99.649,True,minor,True,120.0,False,,2025-03-31T23:59:00Z,monitoring_platform,False,
SLA000635,ACC0258,CTR00410,2025-05-01,2025-05-31,ticket_response,4.0,14.8,True,minor,True,125.0,False,,2025-05-31T23:59:00Z,monitoring_platform,False,
SLA000636,ACC0258,CTR00410,2025-06-01,2025-06-30,ticket_response,4.0,16.7,True,minor,True,125.0,False,,2025-06-30T23:59:00Z,monitoring_platform,False,
SLA000637,ACC0260,CTR00413,2025-04-01,2025-04-30,uptime,99.9,99.305,True,major,True,240.0,False,,2025-04-30T23:59:00Z,monitoring_platform,False,
SLA000638,ACC0260,CTR00413,2025-06-01,2025-06-30,data_sync_lag,60.0,97.2,True,minor,True,120.0,False,,2025-06-30T23:59:00Z,monitoring_platform,True,
SLA000639,ACC0261,CTR00414,2025-04-01,2025-04-30,ticket_response,4.0,16.1,True,major,True,250.0,False,,2025-04-30T23:59:00Z,monitoring_platform,False,
SLA000640,ACC0262,CTR00416,2025-01-01,2025-01-31,ticket_response,4.0,13.6,True,minor,True,110.0,False,,2025-01-31T23:59:00Z,monitoring_platform,False,
SLA000641,ACC0263,CTR00417,2025-05-01,2025-05-31,uptime,99.9,99.769,True,major,True,350.0,False,,2025-05-31T23:59:00Z,monitoring_platform,False,
SLA000642,ACC0263,CTR00418,2025-05-01,2025-05-31,uptime,99.9,97.945,True,minor,True,120.0,False,,2025-05-31T23:59:00Z,monitoring_platform,False,
SLA000643,ACC0264,CTR00420,2025-01-01,2025-01-31,uptime,99.9,98.733,True,major,True,250.0,False,,2025-01-31T23:59:00Z,monitoring_platform,False,
SLA000644,ACC0264,CTR00420,2025-06-01,2025-06-30,data_sync_lag,60.0,137.0,True,major,True,250.0,False,,2025-06-30T23:59:00Z,monitoring_platform,False,
SLA000645,ACC0265,CTR00421,2025-01-01,2025-01-31,api_response_p99,500.0,1498.4,True,major,True,250.0,False,,2025-01-31T23:59:00Z,monitoring_platform,False,
SLA000646,ACC0266,CTR00422,2025-02-01,2025-02-28,ticket_response,4.0,13.1,True,critical,True,500.0,False,,2025-02-28T23:59:00Z,monitoring_platform,False,
SLA000647,ACC0266,CTR00422,2025-03-01,2025-03-31,uptime,99.9,97.623,True,minor,True,125.0,False,,2025-03-31T23:59:00Z,monitoring_platform,False,
SLA000648,ACC0267,CTR00423,2025-01-01,2025-01-31,ticket_response,4.0,20.2,True,major,True,250.0,False,,2025-01-31T23:59:00Z,monitoring_platform,False,
SLA000649,ACC0267,CTR00423,2025-06-01,2025-06-30,api_response_p99,500.0,881.1,True,minor,True,125.0,False,,2025-06-30T23:59:00Z,monitoring_platform,False,
SLA000650,ACC0268,CTR00425,2025-03-01,2025-03-31,uptime,99.9,99.803,True,major,True,230.0,False,,2025-03-31T23:59:00Z,monitoring_platform,False,
SLA000651,ACC0268,CTR00425,2025-05-01,2025-05-31,uptime,99.9,97.549,True,major,True,230.0,False,,2025-05-31T23:59:00Z,monitoring_platform,False,
SLA000652,ACC0269,CTR00426,2025-04-01,2025-04-30,api_response_p99,500.0,1071.2,True,critical,True,760.0,False,,2025-04-30T23:59:00Z,monitoring_platform,False,
SLA000653,ACC0270,CTR00428,2025-05-01,2025-05-31,ticket_response,4.0,18.0,True,major,True,230.0,False,,2025-05-31T23:59:00Z,monitoring_platform,False,
SLA000654,ACC0270,CTR00429,2025-01-01,2025-01-31,api_response_p99,500.0,943.8,True,critical,True,460.0,False,,2025-01-31T23:59:00Z,monitoring_platform,False,
SLA000655,ACC0270,CTR00429,2025-02-01,2025-02-28,uptime,99.9,98.736,True,minor,True,115.0,False,,2025-02-28T23:59:00Z,monitoring_platform,False,
SLA000656,ACC0270,CTR00429,2025-06-01,2025-06-30,ticket_response,4.0,10.7,True,minor,True,115.0,False,,2025-06-30T23:59:00Z,monitoring_platform,False,
SLA000657,ACC0271,CTR00430,2025-02-01,2025-02-28,data_sync_lag,60.0,187.7,True,major,True,250.0,False,,2025-02-28T23:59:00Z,monitoring_platform,False,
SLA000658,ACC0272,CTR00431,2025-04-01,2025-04-30,uptime,99.9,97.884,True,major,True,250.0,False,,2025-04-30T23:59:00Z,monitoring_platform,False,
SLA000659,ACC0272,CTR00431,2025-05-01,2025-05-31,uptime,99.9,98.807,True,minor,True,125.0,False,,2025-05-31T23:59:00Z,monitoring_platform,False,
SLA000660,ACC0272,CTR00431,2025-06-01,2025-06-30,data_sync_lag,60.0,169.6,True,minor,True,125.0,False,,2025-06-30T23:59:00Z,monitoring_platform,False,
SLA000661,ACC0272,CTR00432,2025-01-01,2025-01-31,ticket_response,4.0,19.2,True,major,True,300.0,False,,2025-01-31T23:59:00Z,monitoring_platform,False,
SLA000662,ACC0272,CTR00432,2025-04-01,2025-04-30,api_response_p99,500.0,975.0,True,minor,True,150.0,False,,2025-04-30T23:59:00Z,monitoring_platform,False,
SLA000663,ACC0273,CTR00433,2025-01-01,2025-01-31,api_response_p99,500.0,1016.1,True,major,True,240.0,False,,2025-01-31T23:59:00Z,monitoring_platform,False,
SLA000664,ACC0274,CTR00434,2025-06-01,2025-06-30,api_response_p99,500.0,1304.6,True,critical,True,490.0,False,,2025-06-30T23:59:00Z,monitoring_platform,False,
SLA000665,ACC0274,CTR00435,2025-01-01,2025-01-31,data_sync_lag,60.0,288.5,True,major,True,390.0,False,,2025-01-31T23:59:00Z,monitoring_platform,False,
SLA000666,ACC0275,CTR00436,2025-06-01,2025-06-30,data_sync_lag,60.0,269.1,True,major,True,280.0,False,,2025-06-30T23:59:00Z,monitoring_platform,False,
SLA000667,ACC0276,CTR00437,2025-03-01,2025-03-31,uptime,99.9,99.252,True,minor,True,115.0,False,,2025-03-31T23:59:00Z,monitoring_platform,False,
SLA000668,ACC0277,CTR00438,2025-01-01,2025-01-31,data_sync_lag,60.0,273.9,True,critical,True,500.0,False,,2025-01-31T23:59:00Z,monitoring_platform,False,
SLA000669,ACC0278,CTR00440,2025-01-01,2025-01-31,ticket_response,4.0,22.7,True,minor,True,175.0,False,,2025-01-31T23:59:00Z,monitoring_platform,False,
SLA000670,ACC0278,CTR00440,2025-04-01,2025-04-30,api_response_p99,500.0,995.5,True,minor,True,175.0,False,,2025-04-30T23:59:00Z,monitoring_platform,False,
SLA000671,ACC0278,CTR00440,2025-05-01,2025-05-31,data_sync_lag,60.0,236.0,True,critical,True,700.0,False,,2025-05-31T23:59:00Z,monitoring_platform,False,
SLA000672,ACC0278,CTR00440,2025-06-01,2025-06-30,ticket_response,4.0,13.7,True,critical,True,700.0,False,,2025-06-30T23:59:00Z,monitoring_platform,False,
SLA000673,ACC0279,CTR00441,2025-05-01,2025-05-31,ticket_response,4.0,23.0,True,critical,True,500.0,False,,2025-05-31T23:59:00Z,monitoring_platform,False,
SLA000674,ACC0280,CTR00443,2025-01-01,2025-01-31,uptime,99.9,97.556,True,critical,True,660.0,False,,2025-01-31T23:59:00Z,monitoring_platform,False,
SLA000675,ACC0280,CTR00443,2025-02-01,2025-02-28,data_sync_lag,60.0,112.9,True,major,True,330.0,False,,2025-02-28T23:59:00Z,monitoring_platform,False,
SLA000676,ACC0281,CTR00444,2025-02-01,2025-02-28,data_sync_lag,60.0,170.2,True,critical,True,480.0,False,,2025-02-28T23:59:00Z,monitoring_platform,False,
SLA000677,ACC0282,CTR00445,2025-02-01,2025-02-28,api_response_p99,500.0,823.0,True,minor,True,125.0,False,,2025-02-28T23:59:00Z,monitoring_platform,False,
SLA000678,ACC0282,CTR00445,2025-04-01,2025-04-30,uptime,99.9,97.945,True,major,True,250.0,False,,2025-04-30T23:59:00Z,monitoring_platform,False,
SLA000679,ACC0282,CTR00446,2025-02-01,2025-02-28,data_sync_lag,60.0,142.8,True,major,True,250.0,False,,2025-02-28T23:59:00Z,monitoring_platform,False,
SLA000680,ACC0282,CTR00446,2025-05-01,2025-05-31,data_sync_lag,60.0,134.3,True,major,True,250.0,False,,2025-05-31T23:59:00Z,monitoring_platform,False,
SLA000681,ACC0284,CTR00449,2025-01-01,2025-01-31,uptime,99.9,98.911,True,major,True,250.0,False,,2025-01-31T23:59:00Z,monitoring_platform,False,
SLA000682,ACC0284,CTR00449,2025-05-01,2025-05-31,api_response_p99,500.0,511.8,True,minor,True,125.0,False,,2025-05-31T23:59:00Z,monitoring_platform,False,
SLA000683,ACC0285,CTR00451,2025-05-01,2025-05-31,api_response_p99,500.0,1239.4,True,major,True,220.0,False,,2025-05-31T23:59:00Z,monitoring_platform,False,
SLA000684,ACC0287,CTR00454,2025-02-01,2025-02-28,uptime,99.9,97.763,True,critical,True,490.0,False,,2025-02-28T23:59:00Z,monitoring_platform,False,
SLA000685,ACC0288,CTR00455,2025-06-01,2025-06-30,uptime,99.9,98.472,True,critical,True,440.0,False,,2025-06-30T23:59:00Z,monitoring_platform,False,
SLA000686,ACC0290,CTR00457,2025-02-01,2025-02-28,api_response_p99,500.0,960.6,True,critical,True,480.0,False,,2025-02-28T23:59:00Z,monitoring_platform,False,
SLA000687,ACC0290,CTR00457,2025-04-01,2025-04-30,api_response_p99,500.0,924.9,True,major,True,240.0,False,,2025-04-30T23:59:00Z,monitoring_platform,False,
SLA000688,ACC0290,CTR00457,2025-05-01,2025-05-31,api_response_p99,500.0,847.7,True,critical,True,480.0,False,,2025-05-31T23:59:00Z,monitoring_platform,False,
SLA000689,ACC0290,CTR00457,2025-06-01,2025-06-30,api_response_p99,500.0,1285.0,True,major,True,240.0,False,,2025-06-30T23:59:00Z,monitoring_platform,False,
SLA000690,ACC0290,CTR00458,2025-02-01,2025-02-28,ticket_response,4.0,7.2,True,major,True,240.0,False,,2025-02-28T23:59:00Z,monitoring_platform,False,
SLA000691,ACC0291,CTR00460,2025-05-01,2025-05-31,data_sync_lag,60.0,65.7,True,major,True,350.0,False,,2025-05-31T23:59:00Z,monitoring_platform,False,
SLA000692,ACC0292,CTR00461,2025-02-01,2025-02-28,api_response_p99,500.0,658.1,True,major,True,240.0,False,,2025-02-28T23:59:00Z,monitoring_platform,False,
SLA000693,ACC0292,CTR00461,2025-03-01,2025-03-31,api_response_p99,500.0,549.1,True,critical,True,480.0,False,,2025-03-31T23:59:00Z,monitoring_platform,False,
SLA000694,ACC0292,CTR00461,2025-04-01,2025-04-30,uptime,99.9,99.803,True,major,True,240.0,False,,2025-04-30T23:59:00Z,monitoring_platform,False,
SLA000695,ACC0292,CTR00461,2025-06-01,2025-06-30,data_sync_lag,60.0,239.7,True,major,True,240.0,False,,2025-06-30T23:59:00Z,monitoring_platform,False,
SLA000696,ACC0293,CTR00463,2025-02-01,2025-02-28,data_sync_lag,60.0,232.6,True,minor,True,125.0,False,,2025-02-28T23:59:00Z,monitoring_platform,False,
SLA000697,ACC0293,CTR00463,2025-06-01,2025-06-30,data_sync_lag,60.0,299.1,True,major,True,250.0,False,,2025-06-30T23:59:00Z,monitoring_platform,False,
SLA000698,ACC0294,CTR00464,2025-03-01,2025-03-31,api_response_p99,500.0,1234.9,True,major,True,255.0,False,,2025-03-31T23:59:00Z,monitoring_platform,False,
SLA000699,ACC0294,CTR00464,2025-04-01,2025-04-30,api_response_p99,500.0,772.4,True,major,True,255.0,False,,2025-04-30T23:59:00Z,monitoring_platform,False,
SLA000700,ACC0294,CTR00465,2025-02-01,2025-02-28,api_response_p99,500.0,1125.0,True,critical,True,420.0,False,,2025-02-28T23:59:00Z,monitoring_platform,False,
SLA000701,ACC0295,CTR00467,2025-01-01,2025-01-31,api_response_p99,500.0,628.3,True,minor,True,130.0,False,,2025-01-31T23:59:00Z,monitoring_platform,False,
SLA000702,ACC0295,CTR00467,2025-03-01,2025-03-31,ticket_response,4.0,16.4,True,major,True,260.0,False,,2025-03-31T23:59:00Z,monitoring_platform,False,
SLA000703,ACC0295,CTR00467,2025-05-01,2025-05-31,ticket_response,4.0,4.8,True,minor,True,130.0,False,,2025-05-31T23:59:00Z,monitoring_platform,False,
SLA000704,ACC0296,CTR00468,2025-03-01,2025-03-31,uptime,99.9,99.017,True,minor,True,125.0,False,,2025-03-31T23:59:00Z,monitoring_platform,False,
SLA000705,ACC0296,CTR00469,2025-04-01,2025-04-30,ticket_response,4.0,5.5,True,major,True,240.0,False,,2025-04-30T23:59:00Z,monitoring_platform,False,
SLA000706,ACC0297,CTR00470,2025-06-01,2025-06-30,uptime,99.9,98.079,True,critical,True,420.0,False,,2025-06-30T23:59:00Z,monitoring_platform,False,
SLA000707,ACC0299,CTR00473,2025-02-01,2025-02-28,ticket_response,4.0,19.4,True,critical,True,460.0,False,,2025-02-28T23:59:00Z,monitoring_platform,False,
SLA000708,ACC0299,CTR00473,2025-04-01,2025-04-30,ticket_response,4.0,21.5,True,major,True,230.0,False,,2025-04-30T23:59:00Z,monitoring_platform,True,
SLA000709,ACC0299,CTR00473,2025-06-01,2025-06-30,ticket_response,4.0,24.0,True,minor,True,115.0,False,,2025-06-30T23:59:00Z,monitoring_platform,False,
SLA000710,ACC0300,CTR00474,2025-05-01,2025-05-31,uptime,99.9,97.713,True,major,True,220.0,False,,2025-05-31T23:59:00Z,monitoring_platform,False,
