customer_id,customer_name,region,segment,account_manager,credit_terms,onboarding_date,primary_contact_email,billing_address_line1,billing_address_city,billing_address_state,billing_address_zip,industry_code,source_system,created_at
CUST-00001,Customer Account 00001 Inc,West,Enterprise,AM-014,Net45,2016-04-15,contact00001@customer00001.example.com,8498 Commerce St,West City 2,XX,59161,RTL,CRM-Legacy,2020-12-29
CUST-00002,Customer Account 00002 Inc,Central,Mid-Market,AM-002,Prepaid,2016-06-23,contact00002@customer00002.example.com,1866 Commerce St,Central City 16,XX,39304,MFG,CRM-NextGen,2020-12-27
CUST-00003,Customer Account 00003 Inc,North,SMB,AM-041,Net45,2017-11-04,contact00003@customer00003.example.com,2044 Commerce St,North City 34,XX,55188,CON,CRM-Legacy,2016-06-18
CUST-00004,Customer Account 00004 Inc,North,SMB,AM-027,Prepaid,2018-07-21,contact00004@customer00004.example.com,4391 Commerce St,North City 15,XX,70756,CON,CRM-NextGen,2016-06-15
CUST-00005,Customer Account 00005 Inc,South,Enterprise,AM-058,Net30,2016-03-21,contact00005@customer00005.example.com,7829 Commerce St,South City 1,XX,63650,HLC,CRM-Legacy,2023-04-06
CUST-00006,Customer Account 00006 Inc,West,SMB,AM-049,Net60,2020-05-20,contact00006@customer00006.example.com,6999 Commerce St,West City 18,XX,26318,HLC,CRM-NextGen,2016-05-19
CUST-00007,Customer Account 00007 Inc,Central,Mid-Market,AM-054,Prepaid,2019-09-27,contact00007@customer00007.example.com,6911 Commerce St,Central City 21,XX,34401,AGR,CRM-Legacy,2017-11-04
CUST-00008,Customer Account 00008 Inc,West,SMB,AM-042,Net30,2022-12-23,contact00008@customer00008.example.com,4197 Commerce St,West City 1,XX,62113,RTL,CRM-NextGen,2019-11-14
CUST-00009,Customer Account 00009 Inc,North,SMB,AM-051,Net45,2020-11-19,contact00009@customer00009.example.com,8141 Commerce St,North City 9,XX,91805,RTL,Manual-Import,2021-04-02
CUST-00010,Customer Account 00010 Inc,East,Mid-Market,AM-013,Prepaid,2022-11-09,contact00010@customer00010.example.com,4880 Commerce St,East City 16,XX,44837,HLC,CRM-Legacy,2016-04-18
CUST-00011,Customer Account 00011 Inc,West,SMB,AM-015,Net60,2018-12-17,contact00011@customer00011.example.com,7548 Commerce St,West City 7,XX,52537,MFG,CRM-NextGen,2016-10-12
CUST-00012,Customer Account 00012 Inc,Central,Mid-Market,AM-039,Net45,2020-04-04,contact00012@customer00012.example.com,1756 Commerce St,Central City 20,XX,19609,RTL,CRM-NextGen,2020-02-10
CUST-00013,Customer Account 00013 Inc,South,SMB,AM-004,Net60,2016-06-23,contact00013@customer00013.example.com,9384 Commerce St,South City 17,XX,61821,MFG,CRM-Legacy,2022-06-16
CUST-00014,Customer Account 00014 Inc,South,SMB,AM-010,Prepaid,2016-05-11,contact00014@customer00014.example.com,9258 Commerce St,South City 33,XX,42392,CON,CRM-Legacy,2018-01-19
CUST-00015,Customer Account 00015 Inc,West,Mid-Market,AM-012,Net30,2022-10-21,contact00015@customer00015.example.com,6770 Commerce St,West City 34,XX,57152,RTL,CRM-Legacy,2018-11-26
CUST-00016,Customer Account 00016 Inc,Central,Enterprise,AM-015,Prepaid,2021-04-23,contact00016@customer00016.example.com,4363 Commerce St,Central City 14,XX,41909,RTL,CRM-NextGen,2023-02-10
CUST-00017,Customer Account 00017 Inc,South,SMB,AM-045,Prepaid,2016-04-27,contact00017@customer00017.example.com,310 Commerce St,South City 36,XX,23988,CON,Manual-Import,2020-02-20
CUST-00018,Customer Account 00018 Inc,North,SMB,AM-001,Net45,2020-06-19,contact00018@customer00018.example.com,9343 Commerce St,North City 33,XX,58645,CON,Manual-Import,2022-07-18
CUST-00019,Customer Account 00019 Inc,East,SMB,AM-041,Net30,2017-11-07,contact00019@customer00019.example.com,3525 Commerce St,East City 8,XX,63554,CON,Manual-Import,2020-02-13
CUST-00020,Customer Account 00020 Inc,West,SMB,AM-036,Net30,2020-06-30,contact00020@customer00020.example.com,9997 Commerce St,West City 31,XX,55582,HLC,Manual-Import,2023-01-20
CUST-00021,Customer Account 00021 Inc,South,Mid-Market,AM-007,Prepaid,2023-04-24,contact00021@customer00021.example.com,2367 Commerce St,South City 10,XX,99728,HLC,CRM-NextGen,2018-07-05
CUST-00022,Customer Account 00022 Inc,South,Mid-Market,AM-034,Net45,2016-11-19,contact00022@customer00022.example.com,7887 Commerce St,South City 35,XX,54281,RTL,CRM-NextGen,2020-05-21
CUST-00023,Customer Account 00023 Inc,East,Enterprise,AM-036,Net30,2016-10-14,contact00023@customer00023.example.com,1630 Commerce St,East City 38,XX,75701,CON,Manual-Import,2016-04-10
CUST-00024,Customer Account 00024 Inc,South,Mid-Market,AM-047,Prepaid,2016-08-13,contact00024@customer00024.example.com,8005 Commerce St,South City 27,XX,46324,TEC,CRM-Legacy,2017-09-06
CUST-00025,Customer Account 00025 Inc,South,Mid-Market,AM-052,Net30,2018-05-03,contact00025@customer00025.example.com,205 Commerce St,South City 11,XX,75136,AGR,CRM-NextGen,2021-10-19
CUST-00026,Customer Account 00026 Inc,West,Mid-Market,AM-054,Net60,2022-06-17,contact00026@customer00026.example.com,3125 Commerce St,West City 23,XX,46022,HLC,CRM-Legacy,2016-04-16
CUST-00027,Customer Account 00027 Inc,West,Mid-Market,AM-049,Net30,2021-03-10,contact00027@customer00027.example.com,2078 Commerce St,West City 22,XX,97319,MFG,CRM-NextGen,2024-03-02
CUST-00028,Customer Account 00028 Inc,South,Mid-Market,AM-049,Net45,2021-08-03,contact00028@customer00028.example.com,6231 Commerce St,South City 19,XX,27345,AGR,CRM-Legacy,2017-02-06
CUST-00029,Customer Account 00029 Inc,North,Mid-Market,AM-027,Net30,2019-10-10,contact00029@customer00029.example.com,7797 Commerce St,North City 18,XX,60138,RTL,CRM-Legacy,2024-01-08
CUST-00030,Customer Account 00030 Inc,West,Enterprise,AM-001,Net30,2019-01-25,contact00030@customer00030.example.com,6598 Commerce St,West City 25,XX,81188,RTL,CRM-Legacy,2020-05-18
CUST-00031,Customer Account 00031 Inc,Central,Enterprise,AM-043,Prepaid,2024-02-01,contact00031@customer00031.example.com,5864 Commerce St,Central City 14,XX,69628,CON,Manual-Import,2016-11-28
CUST-00032,Customer Account 00032 Inc,East,SMB,AM-042,Net30,2016-11-11,contact00032@customer00032.example.com,7928 Commerce St,East City 5,XX,47664,RTL,Manual-Import,2016-02-05
CUST-00033,Customer Account 00033 Inc,South,Mid-Market,AM-059,Prepaid,2020-12-27,contact00033@customer00033.example.com,7573 Commerce St,South City 38,XX,65547,AGR,CRM-NextGen,2022-09-08
CUST-00034,Customer Account 00034 Inc,West,Mid-Market,AM-021,Net45,2018-05-25,contact00034@customer00034.example.com,4961 Commerce St,West City 14,XX,66341,HLC,CRM-NextGen,2017-02-24
CUST-00035,Customer Account 00035 Inc,South,Mid-Market,AM-022,Net30,2018-07-17,contact00035@customer00035.example.com,7320 Commerce St,South City 7,XX,24668,HLC,CRM-NextGen,2019-12-13
CUST-00036,Customer Account 00036 Inc,North,SMB,AM-043,Net60,2017-08-31,contact00036@customer00036.example.com,4747 Commerce St,North City 2,XX,73161,HLC,CRM-NextGen,2017-04-16
CUST-00037,Customer Account 00037 Inc,South,SMB,AM-024,Net45,2017-06-27,contact00037@customer00037.example.com,5526 Commerce St,South City 13,XX,50856,AGR,CRM-Legacy,2020-03-07
CUST-00038,Customer Account 00038 Inc,North,Enterprise,AM-003,Net45,2023-09-06,contact00038@customer00038.example.com,9070 Commerce St,North City 5,XX,99204,CON,CRM-NextGen,2022-07-04
CUST-00039,Customer Account 00039 Inc,East,SMB,AM-016,Net60,2017-05-24,contact00039@customer00039.example.com,9386 Commerce St,East City 12,XX,83796,HLC,CRM-Legacy,2024-03-08
CUST-00040,Customer Account 00040 Inc,East,Enterprise,AM-013,Net30,2023-08-09,contact00040@customer00040.example.com,1852 Commerce St,East City 7,XX,85401,LOG,CRM-Legacy,2021-05-05
CUST-00041,Customer Account 00041 Inc,East,SMB,AM-035,Prepaid,2021-12-17,contact00041@customer00041.example.com,9040 Commerce St,East City 5,XX,69134,LOG,CRM-NextGen,2023-09-26
CUST-00042,Customer Account 00042 Inc,South,Mid-Market,AM-053,Net60,2020-04-17,contact00042@customer00042.example.com,3237 Commerce St,South City 21,XX,96618,MFG,CRM-Legacy,2020-02-07
CUST-00043,Customer Account 00043 Inc,South,SMB,AM-037,Net30,2018-09-23,contact00043@customer00043.example.com,6958 Commerce St,South City 19,XX,74230,CON,CRM-Legacy,2019-07-08
CUST-00044,Customer Account 00044 Inc,Central,SMB,AM-057,Net45,2016-01-04,contact00044@customer00044.example.com,6377 Commerce St,Central City 1,XX,38692,CON,Manual-Import,2019-05-22
CUST-00045,Customer Account 00045 Inc,Central,Enterprise,AM-050,Net60,2016-02-11,contact00045@customer00045.example.com,8941 Commerce St,Central City 16,XX,78401,AGR,CRM-NextGen,2023-12-25
CUST-00046,Customer Account 00046 Inc,West,Mid-Market,AM-053,Prepaid,2022-09-04,contact00046@customer00046.example.com,4595 Commerce St,West City 3,XX,35399,CON,CRM-NextGen,2023-08-04
CUST-00047,Customer Account 00047 Inc,North,SMB,AM-024,Net30,2017-10-24,contact00047@customer00047.example.com,3048 Commerce St,North City 5,XX,67911,TEC,CRM-NextGen,2023-06-14
CUST-00048,Customer Account 00048 Inc,East,SMB,AM-019,Net60,2017-05-22,contact00048@customer00048.example.com,6928 Commerce St,East City 30,XX,32493,TEC,CRM-NextGen,2017-06-09
CUST-00049,Customer Account 00049 Inc,North,SMB,AM-043,Net45,2020-03-26,contact00049@customer00049.example.com,9817 Commerce St,North City 9,XX,68752,MFG,CRM-Legacy,2023-11-11
CUST-00050,Customer Account 00050 Inc,North,SMB,AM-039,Net60,2021-09-21,contact00050@customer00050.example.com,8951 Commerce St,North City 33,XX,74966,RTL,CRM-Legacy,2020-01-30
CUST-00051,Customer Account 00051 Inc,West,Enterprise,AM-040,Net30,2017-03-25,contact00051@customer00051.example.com,5455 Commerce St,West City 25,XX,20398,LOG,CRM-Legacy,2021-06-04
CUST-00052,Customer Account 00052 Inc,West,SMB,AM-003,Prepaid,2017-02-22,contact00052@customer00052.example.com,3986 Commerce St,West City 10,XX,50571,LOG,Manual-Import,2022-05-02
CUST-00053,Customer Account 00053 Inc,East,SMB,AM-056,Prepaid,2021-05-09,contact00053@customer00053.example.com,1043 Commerce St,East City 12,XX,79190,HLC,CRM-Legacy,2023-10-12
CUST-00054,Customer Account 00054 Inc,East,Mid-Market,AM-051,Net45,2019-01-24,contact00054@customer00054.example.com,4431 Commerce St,East City 12,XX,83277,HLC,CRM-NextGen,2023-01-26
CUST-00055,Customer Account 00055 Inc,East,Mid-Market,AM-001,Net60,2023-09-29,contact00055@customer00055.example.com,1394 Commerce St,East City 22,XX,36004,TEC,CRM-NextGen,2018-07-26
CUST-00056,Customer Account 00056 Inc,North,Mid-Market,AM-005,Net45,2016-09-28,contact00056@customer00056.example.com,591 Commerce St,North City 5,XX,43953,RTL,CRM-Legacy,2018-06-25
CUST-00057,Customer Account 00057 Inc,South,SMB,AM-001,Net60,2017-01-06,contact00057@customer00057.example.com,2908 Commerce St,South City 15,XX,91509,LOG,Manual-Import,2016-11-15
CUST-00058,Customer Account 00058 Inc,East,SMB,AM-029,Net45,2020-07-28,contact00058@customer00058.example.com,2711 Commerce St,East City 9,XX,38198,AGR,CRM-NextGen,2021-08-06
CUST-00059,Customer Account 00059 Inc,West,Enterprise,AM-022,Prepaid,2016-01-24,contact00059@customer00059.example.com,3884 Commerce St,West City 33,XX,71581,HLC,Manual-Import,2017-02-17
CUST-00060,Customer Account 00060 Inc,West,SMB,AM-031,Prepaid,2016-01-26,contact00060@customer00060.example.com,959 Commerce St,West City 3,XX,47386,HLC,Manual-Import,2021-07-20
CUST-00061,Customer Account 00061 Inc,North,SMB,AM-029,Net45,2016-05-12,contact00061@customer00061.example.com,1613 Commerce St,North City 14,XX,49885,HLC,CRM-Legacy,2018-10-17
CUST-00062,Customer Account 00062 Inc,South,SMB,AM-029,Net45,2018-08-11,contact00062@customer00062.example.com,9073 Commerce St,South City 30,XX,22315,RTL,CRM-Legacy,2020-08-09
CUST-00063,Customer Account 00063 Inc,South,Mid-Market,AM-023,Net30,2016-11-19,contact00063@customer00063.example.com,7911 Commerce St,South City 38,XX,85343,LOG,CRM-NextGen,2022-10-15
CUST-00064,Customer Account 00064 Inc,Central,Enterprise,AM-053,Net45,2020-02-20,contact00064@customer00064.example.com,9584 Commerce St,Central City 13,XX,84837,LOG,Manual-Import,2017-07-22
CUST-00065,Customer Account 00065 Inc,South,SMB,AM-013,Net45,2016-09-23,contact00065@customer00065.example.com,5255 Commerce St,South City 29,XX,52688,RTL,CRM-NextGen,2021-06-05
CUST-00066,Customer Account 00066 Inc,East,Mid-Market,AM-052,Prepaid,2017-09-30,contact00066@customer00066.example.com,2887 Commerce St,East City 2,XX,43747,MFG,Manual-Import,2016-09-23
CUST-00067,Customer Account 00067 Inc,West,Mid-Market,AM-035,Net45,2017-12-30,contact00067@customer00067.example.com,5418 Commerce St,West City 9,XX,20205,LOG,Manual-Import,2016-12-22
CUST-00068,Customer Account 00068 Inc,West,Mid-Market,AM-018,Prepaid,2016-01-02,contact00068@customer00068.example.com,3616 Commerce St,West City 36,XX,45489,MFG,CRM-NextGen,2021-08-09
CUST-00069,Customer Account 00069 Inc,Central,SMB,AM-038,Prepaid,2021-05-08,contact00069@customer00069.example.com,8974 Commerce St,Central City 31,XX,30899,HLC,CRM-NextGen,2020-01-06
CUST-00070,Customer Account 00070 Inc,West,Mid-Market,AM-042,Net30,2020-03-14,contact00070@customer00070.example.com,4279 Commerce St,West City 9,XX,99172,RTL,CRM-Legacy,2018-12-11
CUST-00071,Customer Account 00071 Inc,West,Mid-Market,AM-001,Prepaid,2016-01-09,contact00071@customer00071.example.com,271 Commerce St,West City 23,XX,26143,CON,CRM-Legacy,2020-08-13
CUST-00072,Customer Account 00072 Inc,North,Enterprise,AM-041,Net45,2016-06-27,contact00072@customer00072.example.com,543 Commerce St,North City 28,XX,48509,AGR,CRM-Legacy,2021-11-23
CUST-00073,Customer Account 00073 Inc,West,SMB,AM-040,Net60,2022-01-27,contact00073@customer00073.example.com,4524 Commerce St,West City 29,XX,85794,AGR,CRM-NextGen,2016-08-10
CUST-00074,Customer Account 00074 Inc,East,Mid-Market,AM-004,Net45,2020-05-01,contact00074@customer00074.example.com,9011 Commerce St,East City 30,XX,48059,HLC,Manual-Import,2018-04-05
CUST-00075,Customer Account 00075 Inc,Central,Mid-Market,AM-047,Net60,2022-09-28,contact00075@customer00075.example.com,812 Commerce St,Central City 7,XX,56367,HLC,Manual-Import,2019-04-18
CUST-00076,Customer Account 00076 Inc,Central,Enterprise,AM-018,Net30,2017-12-07,contact00076@customer00076.example.com,7650 Commerce St,Central City 14,XX,28311,HLC,CRM-NextGen,2022-06-14
CUST-00077,Customer Account 00077 Inc,Central,Mid-Market,AM-003,Prepaid,2016-04-22,contact00077@customer00077.example.com,6297 Commerce St,Central City 37,XX,13521,AGR,CRM-Legacy,2024-01-25
CUST-00078,Customer Account 00078 Inc,West,Mid-Market,AM-054,Net45,2021-09-05,contact00078@customer00078.example.com,1831 Commerce St,West City 12,XX,18913,LOG,CRM-Legacy,2019-05-17
CUST-00079,Customer Account 00079 Inc,East,SMB,AM-023,Net60,2022-11-15,contact00079@customer00079.example.com,1197 Commerce St,East City 38,XX,20430,MFG,CRM-Legacy,2017-12-31
CUST-00080,Customer Account 00080 Inc,Central,Mid-Market,AM-018,Net30,2019-11-20,contact00080@customer00080.example.com,2400 Commerce St,Central City 12,XX,56552,AGR,CRM-NextGen,2017-10-31
CUST-00081,Customer Account 00081 Inc,West,SMB,AM-042,Prepaid,2020-12-16,contact00081@customer00081.example.com,3031 Commerce St,West City 14,XX,49548,RTL,CRM-Legacy,2017-02-07
CUST-00082,Customer Account 00082 Inc,North,Mid-Market,AM-044,Net45,2016-05-18,contact00082@customer00082.example.com,8329 Commerce St,North City 39,XX,67456,CON,CRM-Legacy,2022-12-07
CUST-00083,Customer Account 00083 Inc,West,SMB,AM-026,Net60,2017-08-21,contact00083@customer00083.example.com,3371 Commerce St,West City 8,XX,39836,LOG,CRM-Legacy,2023-04-29
CUST-00084,Customer Account 00084 Inc,South,Enterprise,AM-030,Net30,2018-07-04,contact00084@customer00084.example.com,693 Commerce St,South City 30,XX,59160,AGR,Manual-Import,2018-11-08
CUST-00085,Customer Account 00085 Inc,Central,SMB,AM-004,Net45,2022-01-27,contact00085@customer00085.example.com,8599 Commerce St,Central City 17,XX,34700,CON,Manual-Import,2024-02-10
CUST-00086,Customer Account 00086 Inc,Central,Mid-Market,AM-015,Net45,2021-01-06,contact00086@customer00086.example.com,9240 Commerce St,Central City 22,XX,41998,LOG,CRM-NextGen,2020-12-20
CUST-00087,Customer Account 00087 Inc,North,Enterprise,AM-030,Net30,2021-10-10,contact00087@customer00087.example.com,1887 Commerce St,North City 6,XX,15179,MFG,CRM-NextGen,2020-01-05
CUST-00088,Customer Account 00088 Inc,West,SMB,AM-034,Net30,2021-11-06,contact00088@customer00088.example.com,888 Commerce St,West City 34,XX,42639,HLC,CRM-Legacy,2020-03-06
CUST-00089,Customer Account 00089 Inc,South,Mid-Market,AM-058,Prepaid,2022-08-18,contact00089@customer00089.example.com,7667 Commerce St,South City 21,XX,88590,RTL,Manual-Import,2020-10-07
CUST-00090,Customer Account 00090 Inc,South,Enterprise,AM-013,Net60,2017-12-08,contact00090@customer00090.example.com,3952 Commerce St,South City 8,XX,51884,HLC,CRM-Legacy,2023-04-19
CUST-00091,Customer Account 00091 Inc,West,SMB,AM-023,Net60,2020-07-24,contact00091@customer00091.example.com,6085 Commerce St,West City 1,XX,52646,RTL,CRM-NextGen,2023-08-25
CUST-00092,Customer Account 00092 Inc,East,SMB,AM-036,Net30,2018-07-19,contact00092@customer00092.example.com,2756 Commerce St,East City 28,XX,50310,AGR,CRM-NextGen,2024-01-06
CUST-00093,Customer Account 00093 Inc,West,SMB,AM-002,Net30,2019-03-20,contact00093@customer00093.example.com,9707 Commerce St,West City 33,XX,52144,TEC,CRM-Legacy,2020-08-20
CUST-00094,Customer Account 00094 Inc,West,SMB,AM-022,Net45,2018-03-03,contact00094@customer00094.example.com,3810 Commerce St,West City 20,XX,33354,TEC,Manual-Import,2022-02-05
CUST-00095,Customer Account 00095 Inc,South,SMB,AM-028,Prepaid,2019-12-26,contact00095@customer00095.example.com,3218 Commerce St,South City 26,XX,21317,CON,Manual-Import,2021-10-29
CUST-00096,Customer Account 00096 Inc,East,Mid-Market,AM-049,Prepaid,2017-08-02,contact00096@customer00096.example.com,7818 Commerce St,East City 27,XX,57612,MFG,Manual-Import,2017-10-18
CUST-00097,Customer Account 00097 Inc,Central,Mid-Market,AM-047,Net30,2020-02-03,contact00097@customer00097.example.com,673 Commerce St,Central City 39,XX,67610,RTL,Manual-Import,2016-02-28
CUST-00098,Customer Account 00098 Inc,East,Mid-Market,AM-007,Net45,2021-12-17,contact00098@customer00098.example.com,8918 Commerce St,East City 31,XX,76587,TEC,CRM-NextGen,2018-02-04
CUST-00099,Customer Account 00099 Inc,Central,Enterprise,AM-031,Net45,2021-08-07,contact00099@customer00099.example.com,5001 Commerce St,Central City 24,XX,82872,MFG,Manual-Import,2022-09-17
CUST-00100,Customer Account 00100 Inc,East,Mid-Market,AM-046,Net30,2021-03-21,contact00100@customer00100.example.com,8575 Commerce St,East City 24,XX,74039,RTL,Manual-Import,2017-08-02
CUST-00101,Customer Account 00101 Inc,East,SMB,AM-041,Net60,2020-09-24,contact00101@customer00101.example.com,4229 Commerce St,East City 23,XX,70735,CON,CRM-NextGen,2019-08-14
CUST-00102,Customer Account 00102 Inc,North,Mid-Market,AM-004,Net60,2023-05-24,contact00102@customer00102.example.com,7044 Commerce St,North City 32,XX,62029,LOG,Manual-Import,2017-04-03
CUST-00103,Customer Account 00103 Inc,West,Mid-Market,AM-030,Net30,2017-09-21,contact00103@customer00103.example.com,1382 Commerce St,West City 8,XX,18622,AGR,CRM-NextGen,2021-07-08
CUST-00104,Customer Account 00104 Inc,Central,Mid-Market,AM-039,Prepaid,2020-02-29,contact00104@customer00104.example.com,7592 Commerce St,Central City 1,XX,24681,MFG,Manual-Import,2020-04-03
CUST-00105,Customer Account 00105 Inc,South,SMB,AM-019,Prepaid,2019-11-15,contact00105@customer00105.example.com,6737 Commerce St,South City 4,XX,95088,MFG,CRM-NextGen,2021-12-15
CUST-00106,Customer Account 00106 Inc,Central,Enterprise,AM-011,Net30,2019-06-25,contact00106@customer00106.example.com,5807 Commerce St,Central City 11,XX,97575,CON,CRM-NextGen,2019-12-28
CUST-00107,Customer Account 00107 Inc,East,SMB,AM-007,Net45,2019-07-01,contact00107@customer00107.example.com,9112 Commerce St,East City 24,XX,36803,MFG,Manual-Import,2021-02-22
CUST-00108,Customer Account 00108 Inc,West,Mid-Market,AM-017,Prepaid,2018-06-12,contact00108@customer00108.example.com,5317 Commerce St,West City 39,XX,29742,RTL,CRM-Legacy,2023-07-01
CUST-00109,Customer Account 00109 Inc,East,Mid-Market,AM-055,Net30,2018-07-01,contact00109@customer00109.example.com,5482 Commerce St,East City 15,XX,10203,LOG,CRM-Legacy,2021-01-30
CUST-00110,Customer Account 00110 Inc,Central,Enterprise,AM-033,Net60,2022-12-18,contact00110@customer00110.example.com,9190 Commerce St,Central City 4,XX,30553,MFG,Manual-Import,2018-04-04
CUST-00111,Customer Account 00111 Inc,East,SMB,AM-029,Net45,2022-06-28,contact00111@customer00111.example.com,2980 Commerce St,East City 8,XX,19562,HLC,CRM-NextGen,2022-05-29
CUST-00112,Customer Account 00112 Inc,Central,Enterprise,AM-032,Prepaid,2019-04-03,contact00112@customer00112.example.com,7669 Commerce St,Central City 25,XX,93831,LOG,Manual-Import,2021-06-08
CUST-00113,Customer Account 00113 Inc,North,SMB,AM-001,Net60,2018-01-22,contact00113@customer00113.example.com,5081 Commerce St,North City 34,XX,18613,HLC,Manual-Import,2017-08-21
CUST-00114,Customer Account 00114 Inc,South,Mid-Market,AM-028,Prepaid,2017-12-08,contact00114@customer00114.example.com,3745 Commerce St,South City 23,XX,11087,AGR,Manual-Import,2022-11-09
CUST-00115,Customer Account 00115 Inc,South,Enterprise,AM-024,Net45,2019-12-22,contact00115@customer00115.example.com,4529 Commerce St,South City 17,XX,77254,RTL,Manual-Import,2023-05-12
CUST-00116,Customer Account 00116 Inc,North,Enterprise,AM-058,Net45,2022-07-15,contact00116@customer00116.example.com,8460 Commerce St,North City 26,XX,83006,RTL,Manual-Import,2021-03-20
CUST-00117,Customer Account 00117 Inc,North,Enterprise,AM-008,Net45,2024-02-28,contact00117@customer00117.example.com,2476 Commerce St,North City 25,XX,97976,RTL,Manual-Import,2019-09-12
CUST-00118,Customer Account 00118 Inc,South,Mid-Market,AM-057,Prepaid,2023-05-25,contact00118@customer00118.example.com,7835 Commerce St,South City 34,XX,38980,HLC,CRM-Legacy,2021-09-19
CUST-00119,Customer Account 00119 Inc,Central,SMB,AM-039,Net30,2019-01-02,contact00119@customer00119.example.com,7098 Commerce St,Central City 3,XX,91979,RTL,Manual-Import,2021-01-23
CUST-00120,Customer Account 00120 Inc,Central,SMB,AM-046,Net45,2020-10-17,contact00120@customer00120.example.com,9158 Commerce St,Central City 4,XX,42021,MFG,CRM-NextGen,2022-06-04
CUST-00121,Customer Account 00121 Inc,North,SMB,AM-033,Net30,2017-05-03,contact00121@customer00121.example.com,1037 Commerce St,North City 16,XX,53877,LOG,CRM-NextGen,2017-05-29
CUST-00122,Customer Account 00122 Inc,West,SMB,AM-004,Net45,2020-11-18,contact00122@customer00122.example.com,4587 Commerce St,West City 38,XX,35870,LOG,CRM-NextGen,2022-02-26
CUST-00123,Customer Account 00123 Inc,North,Mid-Market,AM-002,Net45,2023-05-12,contact00123@customer00123.example.com,3331 Commerce St,North City 17,XX,75177,LOG,Manual-Import,2021-05-11
CUST-00124,Customer Account 00124 Inc,North,Mid-Market,AM-007,Net30,2021-09-17,contact00124@customer00124.example.com,9427 Commerce St,North City 3,XX,84307,HLC,CRM-NextGen,2021-11-21
CUST-00125,Customer Account 00125 Inc,South,Mid-Market,AM-010,Net30,2021-08-31,contact00125@customer00125.example.com,2245 Commerce St,South City 31,XX,16342,TEC,CRM-NextGen,2023-11-10
CUST-00126,Customer Account 00126 Inc,East,Mid-Market,AM-055,Prepaid,2017-04-25,contact00126@customer00126.example.com,9283 Commerce St,East City 31,XX,70918,RTL,Manual-Import,2022-12-03
CUST-00127,Customer Account 00127 Inc,South,Mid-Market,AM-035,Net30,2020-07-27,contact00127@customer00127.example.com,5532 Commerce St,South City 21,XX,70943,LOG,CRM-Legacy,2017-10-05
CUST-00128,Customer Account 00128 Inc,South,Enterprise,AM-055,Net30,2022-04-26,contact00128@customer00128.example.com,5837 Commerce St,South City 36,XX,28385,HLC,CRM-NextGen,2016-08-07
CUST-00129,Customer Account 00129 Inc,Central,SMB,AM-048,Net45,2018-10-05,contact00129@customer00129.example.com,9465 Commerce St,Central City 21,XX,30447,AGR,Manual-Import,2017-07-30
CUST-00130,Customer Account 00130 Inc,West,Mid-Market,AM-038,Prepaid,2017-06-07,contact00130@customer00130.example.com,7250 Commerce St,West City 33,XX,94306,HLC,CRM-Legacy,2023-09-04
CUST-00131,Customer Account 00131 Inc,East,Mid-Market,AM-034,Net60,2019-06-23,contact00131@customer00131.example.com,3980 Commerce St,East City 16,XX,69067,AGR,CRM-NextGen,2021-07-25
CUST-00132,Customer Account 00132 Inc,East,Mid-Market,AM-046,Net30,2018-02-23,contact00132@customer00132.example.com,7409 Commerce St,East City 4,XX,30157,AGR,Manual-Import,2019-05-30
CUST-00133,Customer Account 00133 Inc,East,Mid-Market,AM-031,Net30,2019-07-17,contact00133@customer00133.example.com,2620 Commerce St,East City 27,XX,22843,CON,CRM-Legacy,2023-12-26
CUST-00134,Customer Account 00134 Inc,West,Mid-Market,AM-009,Net60,2016-07-08,contact00134@customer00134.example.com,1958 Commerce St,West City 32,XX,52083,CON,Manual-Import,2019-07-09
CUST-00135,Customer Account 00135 Inc,South,Mid-Market,AM-048,Prepaid,2017-11-14,contact00135@customer00135.example.com,3109 Commerce St,South City 19,XX,16686,MFG,CRM-Legacy,2023-05-17
CUST-00136,Customer Account 00136 Inc,South,SMB,AM-044,Net45,2023-03-08,contact00136@customer00136.example.com,3770 Commerce St,South City 31,XX,84826,TEC,Manual-Import,2016-12-21
CUST-00137,Customer Account 00137 Inc,East,SMB,AM-023,Prepaid,2023-10-18,contact00137@customer00137.example.com,9760 Commerce St,East City 30,XX,63443,RTL,Manual-Import,2017-08-06
CUST-00138,Customer Account 00138 Inc,North,Enterprise,AM-052,Net60,2020-10-18,contact00138@customer00138.example.com,551 Commerce St,North City 15,XX,30272,HLC,CRM-Legacy,2021-07-25
CUST-00139,Customer Account 00139 Inc,East,SMB,AM-057,Prepaid,2019-12-29,contact00139@customer00139.example.com,7022 Commerce St,East City 18,XX,63552,LOG,CRM-NextGen,2020-09-30
CUST-00140,Customer Account 00140 Inc,Central,SMB,AM-030,Net60,2017-12-12,contact00140@customer00140.example.com,7313 Commerce St,Central City 3,XX,38799,AGR,CRM-NextGen,2020-12-26
CUST-00141,Customer Account 00141 Inc,West,Mid-Market,AM-010,Prepaid,2024-02-17,contact00141@customer00141.example.com,2484 Commerce St,West City 25,XX,13809,CON,CRM-NextGen,2016-08-04
CUST-00142,Customer Account 00142 Inc,West,SMB,AM-058,Prepaid,2020-07-01,contact00142@customer00142.example.com,9022 Commerce St,West City 13,XX,74806,CON,CRM-NextGen,2022-11-05
CUST-00143,Customer Account 00143 Inc,Central,SMB,AM-047,Net60,2021-03-25,contact00143@customer00143.example.com,1969 Commerce St,Central City 13,XX,91421,TEC,CRM-NextGen,2022-09-14
CUST-00144,Customer Account 00144 Inc,South,Mid-Market,AM-016,Net60,2021-12-14,contact00144@customer00144.example.com,3358 Commerce St,South City 18,XX,29948,AGR,CRM-NextGen,2017-03-07
CUST-00145,Customer Account 00145 Inc,West,Mid-Market,AM-020,Prepaid,2021-09-24,contact00145@customer00145.example.com,1440 Commerce St,West City 30,XX,74852,TEC,CRM-Legacy,2019-12-05
CUST-00146,Customer Account 00146 Inc,West,SMB,AM-008,Net60,2024-02-24,contact00146@customer00146.example.com,2245 Commerce St,West City 31,XX,48289,RTL,Manual-Import,2021-02-12
CUST-00147,Customer Account 00147 Inc,East,Enterprise,AM-018,Net30,2017-06-23,contact00147@customer00147.example.com,6564 Commerce St,East City 5,XX,81743,RTL,Manual-Import,2022-07-14
CUST-00148,Customer Account 00148 Inc,Central,SMB,AM-018,Net45,2023-10-17,contact00148@customer00148.example.com,1962 Commerce St,Central City 23,XX,20722,TEC,CRM-Legacy,2022-02-28
CUST-00149,Customer Account 00149 Inc,West,Mid-Market,AM-006,Net60,2020-02-05,contact00149@customer00149.example.com,4643 Commerce St,West City 33,XX,56715,AGR,Manual-Import,2022-12-19
CUST-00150,Customer Account 00150 Inc,Central,Mid-Market,AM-042,Net30,2022-10-19,contact00150@customer00150.example.com,6962 Commerce St,Central City 35,XX,73133,TEC,CRM-Legacy,2024-02-04
CUST-00151,Customer Account 00151 Inc,West,Mid-Market,AM-052,Net30,2016-07-26,contact00151@customer00151.example.com,7096 Commerce St,West City 9,XX,17380,AGR,CRM-NextGen,2016-11-29
CUST-00152,Customer Account 00152 Inc,East,Mid-Market,AM-028,Net45,2023-03-20,contact00152@customer00152.example.com,1245 Commerce St,East City 34,XX,10578,AGR,Manual-Import,2019-05-08
CUST-00153,Customer Account 00153 Inc,South,SMB,AM-009,Net60,2017-06-27,contact00153@customer00153.example.com,210 Commerce St,South City 22,XX,62270,LOG,Manual-Import,2020-07-08
CUST-00154,Customer Account 00154 Inc,East,SMB,AM-039,Net30,2022-10-27,contact00154@customer00154.example.com,8629 Commerce St,East City 17,XX,51100,TEC,Manual-Import,2017-06-11
CUST-00155,Customer Account 00155 Inc,South,Mid-Market,AM-037,Net30,2020-03-02,contact00155@customer00155.example.com,6421 Commerce St,South City 30,XX,10267,MFG,CRM-NextGen,2020-08-18
CUST-00156,Customer Account 00156 Inc,North,Mid-Market,AM-011,Net60,2016-04-14,contact00156@customer00156.example.com,8893 Commerce St,North City 7,XX,49657,LOG,CRM-NextGen,2024-03-14
CUST-00157,Customer Account 00157 Inc,North,Mid-Market,AM-043,Net45,2022-05-20,contact00157@customer00157.example.com,1330 Commerce St,North City 35,XX,53267,TEC,CRM-NextGen,2016-04-15
CUST-00158,Customer Account 00158 Inc,South,SMB,AM-042,Net60,2018-02-13,contact00158@customer00158.example.com,4827 Commerce St,South City 19,XX,45751,HLC,Manual-Import,2019-03-17
CUST-00159,Customer Account 00159 Inc,North,Mid-Market,AM-043,Net60,2023-09-24,contact00159@customer00159.example.com,9250 Commerce St,North City 31,XX,62500,MFG,CRM-NextGen,2022-09-21
CUST-00160,Customer Account 00160 Inc,Central,Mid-Market,AM-046,Net30,2020-01-30,contact00160@customer00160.example.com,3254 Commerce St,Central City 33,XX,79941,HLC,CRM-NextGen,2017-04-23
CUST-00161,Customer Account 00161 Inc,North,Mid-Market,AM-019,Prepaid,2021-08-05,contact00161@customer00161.example.com,5558 Commerce St,North City 7,XX,85702,CON,CRM-NextGen,2019-10-29
CUST-00162,Customer Account 00162 Inc,East,Mid-Market,AM-050,Net60,2023-08-21,contact00162@customer00162.example.com,3329 Commerce St,East City 36,XX,64610,RTL,Manual-Import,2021-08-20
CUST-00163,Customer Account 00163 Inc,South,SMB,AM-013,Net30,2021-03-22,contact00163@customer00163.example.com,1234 Commerce St,South City 12,XX,61121,RTL,CRM-NextGen,2019-07-12
CUST-00164,Customer Account 00164 Inc,East,SMB,AM-048,Net30,2016-04-10,contact00164@customer00164.example.com,4519 Commerce St,East City 12,XX,26607,HLC,Manual-Import,2020-10-22
CUST-00165,Customer Account 00165 Inc,West,Mid-Market,AM-009,Prepaid,2023-04-10,contact00165@customer00165.example.com,1107 Commerce St,West City 19,XX,45685,AGR,CRM-Legacy,2019-12-25
CUST-00166,Customer Account 00166 Inc,Central,Mid-Market,AM-028,Net60,2018-02-17,contact00166@customer00166.example.com,9924 Commerce St,Central City 10,XX,93788,LOG,CRM-NextGen,2023-02-19
CUST-00167,Customer Account 00167 Inc,West,Enterprise,AM-044,Net30,2016-03-31,contact00167@customer00167.example.com,8375 Commerce St,West City 7,XX,10570,LOG,CRM-Legacy,2022-09-14
CUST-00168,Customer Account 00168 Inc,Central,SMB,AM-031,Net30,2017-03-15,contact00168@customer00168.example.com,3762 Commerce St,Central City 22,XX,80742,RTL,CRM-Legacy,2018-07-08
CUST-00169,Customer Account 00169 Inc,South,SMB,AM-056,Net30,2016-11-01,contact00169@customer00169.example.com,8054 Commerce St,South City 10,XX,17435,CON,CRM-Legacy,2016-07-03
CUST-00170,Customer Account 00170 Inc,East,Mid-Market,AM-033,Net30,2018-05-22,contact00170@customer00170.example.com,3499 Commerce St,East City 12,XX,60313,RTL,CRM-NextGen,2023-09-08
CUST-00171,Customer Account 00171 Inc,West,Mid-Market,AM-023,Net60,2018-06-23,contact00171@customer00171.example.com,480 Commerce St,West City 28,XX,69538,MFG,CRM-NextGen,2016-08-02
CUST-00172,Customer Account 00172 Inc,West,SMB,AM-044,Net30,2018-03-06,contact00172@customer00172.example.com,7077 Commerce St,West City 14,XX,97932,LOG,Manual-Import,2016-11-08
CUST-00173,Customer Account 00173 Inc,North,Mid-Market,AM-011,Net60,2018-04-26,contact00173@customer00173.example.com,2077 Commerce St,North City 26,XX,65553,CON,CRM-Legacy,2020-04-28
CUST-00174,Customer Account 00174 Inc,Central,Mid-Market,AM-037,Net30,2022-03-31,contact00174@customer00174.example.com,4658 Commerce St,Central City 2,XX,22485,HLC,CRM-Legacy,2021-08-15
CUST-00175,Customer Account 00175 Inc,West,Enterprise,AM-020,Prepaid,2018-11-01,contact00175@customer00175.example.com,1162 Commerce St,West City 28,XX,88296,MFG,Manual-Import,2021-12-13
CUST-00176,Customer Account 00176 Inc,South,Mid-Market,AM-046,Net30,2018-01-02,contact00176@customer00176.example.com,7756 Commerce St,South City 32,XX,10983,RTL,CRM-NextGen,2023-06-10
CUST-00177,Customer Account 00177 Inc,West,Enterprise,AM-042,Prepaid,2022-07-25,contact00177@customer00177.example.com,4488 Commerce St,West City 20,XX,31154,TEC,CRM-Legacy,2019-06-15
CUST-00178,Customer Account 00178 Inc,North,SMB,AM-036,Net60,2023-05-11,contact00178@customer00178.example.com,2289 Commerce St,North City 11,XX,31873,CON,CRM-Legacy,2021-08-21
CUST-00179,Customer Account 00179 Inc,Central,Mid-Market,AM-040,Net60,2019-03-19,contact00179@customer00179.example.com,4716 Commerce St,Central City 30,XX,85114,HLC,CRM-Legacy,2017-09-16
CUST-00180,Customer Account 00180 Inc,East,Mid-Market,AM-033,Net30,2016-04-09,contact00180@customer00180.example.com,1029 Commerce St,East City 3,XX,28663,CON,Manual-Import,2023-12-29
CUST-00181,Customer Account 00181 Inc,East,Enterprise,AM-027,Net60,2022-09-20,contact00181@customer00181.example.com,5074 Commerce St,East City 11,XX,65877,LOG,CRM-Legacy,2020-08-16
CUST-00182,Customer Account 00182 Inc,North,Mid-Market,AM-014,Net30,2018-10-03,contact00182@customer00182.example.com,1297 Commerce St,North City 31,XX,94857,MFG,CRM-Legacy,2023-01-15
CUST-00183,Customer Account 00183 Inc,Central,SMB,AM-046,Net45,2023-05-08,contact00183@customer00183.example.com,8876 Commerce St,Central City 9,XX,16570,TEC,Manual-Import,2022-12-24
CUST-00184,Customer Account 00184 Inc,North,Enterprise,AM-023,Net60,2018-05-24,contact00184@customer00184.example.com,322 Commerce St,North City 10,XX,76763,LOG,CRM-Legacy,2019-10-23
CUST-00185,Customer Account 00185 Inc,South,SMB,AM-041,Net45,2018-06-16,contact00185@customer00185.example.com,3167 Commerce St,South City 30,XX,50056,MFG,Manual-Import,2016-11-08
CUST-00186,Customer Account 00186 Inc,Central,Mid-Market,AM-010,Net60,2019-04-23,contact00186@customer00186.example.com,3736 Commerce St,Central City 19,XX,97374,RTL,CRM-Legacy,2016-07-17
CUST-00187,Customer Account 00187 Inc,West,Enterprise,AM-040,Prepaid,2022-08-25,contact00187@customer00187.example.com,9454 Commerce St,West City 37,XX,33685,CON,CRM-NextGen,2020-11-22
CUST-00188,Customer Account 00188 Inc,South,SMB,AM-039,Prepaid,2023-08-27,contact00188@customer00188.example.com,1276 Commerce St,South City 38,XX,83643,HLC,CRM-NextGen,2021-01-25
CUST-00189,Customer Account 00189 Inc,West,Enterprise,AM-048,Net30,2020-04-30,contact00189@customer00189.example.com,8506 Commerce St,West City 26,XX,22229,AGR,CRM-NextGen,2019-01-11
CUST-00190,Customer Account 00190 Inc,West,Enterprise,AM-018,Net45,2020-07-31,contact00190@customer00190.example.com,6271 Commerce St,West City 36,XX,36130,LOG,Manual-Import,2018-12-15
CUST-00191,Customer Account 00191 Inc,North,SMB,AM-016,Net60,2021-12-14,contact00191@customer00191.example.com,1106 Commerce St,North City 20,XX,88639,HLC,Manual-Import,2017-01-06
CUST-00192,Customer Account 00192 Inc,Central,Mid-Market,AM-047,Prepaid,2019-02-04,contact00192@customer00192.example.com,1732 Commerce St,Central City 36,XX,19248,CON,CRM-Legacy,2023-08-19
CUST-00193,Customer Account 00193 Inc,Central,Mid-Market,AM-028,Net45,2023-09-12,contact00193@customer00193.example.com,2942 Commerce St,Central City 38,XX,68537,LOG,CRM-NextGen,2022-09-22
CUST-00194,Customer Account 00194 Inc,East,Mid-Market,AM-028,Net30,2019-02-24,contact00194@customer00194.example.com,9877 Commerce St,East City 37,XX,72119,HLC,CRM-NextGen,2022-03-20
CUST-00195,Customer Account 00195 Inc,North,SMB,AM-055,Net30,2023-10-14,contact00195@customer00195.example.com,6173 Commerce St,North City 22,XX,26157,TEC,CRM-NextGen,2024-02-10
CUST-00196,Customer Account 00196 Inc,South,Enterprise,AM-013,Prepaid,2023-11-29,contact00196@customer00196.example.com,3142 Commerce St,South City 27,XX,81706,TEC,Manual-Import,2017-01-31
CUST-00197,Customer Account 00197 Inc,East,SMB,AM-031,Prepaid,2020-12-13,contact00197@customer00197.example.com,4092 Commerce St,East City 16,XX,11814,TEC,CRM-Legacy,2023-04-12
CUST-00198,Customer Account 00198 Inc,West,Mid-Market,AM-054,Net45,2020-12-29,contact00198@customer00198.example.com,4361 Commerce St,West City 11,XX,73641,TEC,Manual-Import,2017-10-21
CUST-00199,Customer Account 00199 Inc,East,Mid-Market,AM-032,Net30,2018-10-10,contact00199@customer00199.example.com,8871 Commerce St,East City 11,XX,40657,RTL,Manual-Import,2017-02-22
CUST-00200,Customer Account 00200 Inc,South,Mid-Market,AM-042,Net45,2016-12-19,contact00200@customer00200.example.com,4434 Commerce St,South City 39,XX,37379,RTL,CRM-NextGen,2023-05-12
CUST-00201,Customer Account 00201 Inc,East,SMB,AM-036,Net60,2020-08-09,contact00201@customer00201.example.com,5378 Commerce St,East City 8,XX,47289,AGR,CRM-Legacy,2022-10-19
CUST-00202,Customer Account 00202 Inc,East,SMB,AM-021,Net30,2020-06-17,contact00202@customer00202.example.com,1707 Commerce St,East City 36,XX,26407,AGR,CRM-NextGen,2016-05-02
CUST-00203,Customer Account 00203 Inc,West,SMB,AM-052,Prepaid,2022-02-04,contact00203@customer00203.example.com,3426 Commerce St,West City 5,XX,48639,AGR,CRM-NextGen,2021-04-26
CUST-00204,Customer Account 00204 Inc,West,SMB,AM-020,Net60,2020-08-23,contact00204@customer00204.example.com,5774 Commerce St,West City 34,XX,79235,CON,Manual-Import,2018-05-15
CUST-00205,Customer Account 00205 Inc,West,Mid-Market,AM-058,Net60,2020-03-30,contact00205@customer00205.example.com,9690 Commerce St,West City 16,XX,29606,MFG,Manual-Import,2021-08-20
CUST-00206,Customer Account 00206 Inc,East,SMB,AM-026,Net60,2023-12-05,contact00206@customer00206.example.com,8034 Commerce St,East City 30,XX,59826,RTL,CRM-NextGen,2021-11-17
CUST-00207,Customer Account 00207 Inc,East,SMB,AM-002,Net45,2020-01-20,contact00207@customer00207.example.com,1321 Commerce St,East City 37,XX,30756,HLC,CRM-NextGen,2018-02-28
CUST-00208,Customer Account 00208 Inc,West,Mid-Market,AM-059,Net30,2023-02-02,contact00208@customer00208.example.com,2641 Commerce St,West City 36,XX,45588,TEC,CRM-NextGen,2019-09-29
CUST-00209,Customer Account 00209 Inc,North,SMB,AM-033,Net45,2023-12-03,contact00209@customer00209.example.com,3036 Commerce St,North City 13,XX,13305,AGR,CRM-Legacy,2018-05-06
CUST-00210,Customer Account 00210 Inc,Central,SMB,AM-037,Prepaid,2023-04-13,contact00210@customer00210.example.com,6685 Commerce St,Central City 18,XX,21759,HLC,Manual-Import,2018-01-30
CUST-00211,Customer Account 00211 Inc,West,Mid-Market,AM-008,Net30,2023-02-28,contact00211@customer00211.example.com,3844 Commerce St,West City 17,XX,46314,HLC,Manual-Import,2022-01-26
CUST-00212,Customer Account 00212 Inc,North,Mid-Market,AM-013,Net60,2023-09-08,contact00212@customer00212.example.com,4867 Commerce St,North City 4,XX,14264,HLC,CRM-Legacy,2020-09-26
CUST-00213,Customer Account 00213 Inc,North,Mid-Market,AM-014,Net45,2017-10-27,contact00213@customer00213.example.com,609 Commerce St,North City 14,XX,39674,LOG,Manual-Import,2019-07-18
CUST-00214,Customer Account 00214 Inc,South,Mid-Market,AM-025,Prepaid,2023-12-02,contact00214@customer00214.example.com,4092 Commerce St,South City 5,XX,20873,LOG,CRM-NextGen,2018-09-08
CUST-00215,Customer Account 00215 Inc,West,Mid-Market,AM-057,Prepaid,2016-09-05,contact00215@customer00215.example.com,8457 Commerce St,West City 21,XX,11814,RTL,Manual-Import,2022-03-08
CUST-00216,Customer Account 00216 Inc,North,SMB,AM-039,Net60,2017-08-03,contact00216@customer00216.example.com,6410 Commerce St,North City 28,XX,19957,HLC,Manual-Import,2024-03-15
CUST-00217,Customer Account 00217 Inc,North,Mid-Market,AM-044,Net60,2023-02-14,contact00217@customer00217.example.com,4506 Commerce St,North City 23,XX,70233,TEC,Manual-Import,2017-12-12
CUST-00218,Customer Account 00218 Inc,Central,Mid-Market,AM-041,Net45,2016-05-09,contact00218@customer00218.example.com,9246 Commerce St,Central City 32,XX,36667,MFG,Manual-Import,2021-07-09
CUST-00219,Customer Account 00219 Inc,East,Mid-Market,AM-010,Net60,2023-01-21,contact00219@customer00219.example.com,5527 Commerce St,East City 4,XX,89893,CON,Manual-Import,2021-01-11
CUST-00220,Customer Account 00220 Inc,Central,Enterprise,AM-052,Net30,2022-07-27,contact00220@customer00220.example.com,2479 Commerce St,Central City 18,XX,80916,TEC,CRM-Legacy,2018-12-21
CUST-00221,Customer Account 00221 Inc,North,Mid-Market,AM-023,Net60,2016-11-16,contact00221@customer00221.example.com,7525 Commerce St,North City 17,XX,35829,CON,CRM-Legacy,2020-02-03
CUST-00222,Customer Account 00222 Inc,East,Mid-Market,AM-010,Net30,2019-08-21,contact00222@customer00222.example.com,9668 Commerce St,East City 27,XX,67306,LOG,CRM-Legacy,2020-07-09
CUST-00223,Customer Account 00223 Inc,South,Enterprise,AM-040,Net30,2023-11-03,contact00223@customer00223.example.com,4969 Commerce St,South City 13,XX,23701,HLC,CRM-Legacy,2017-10-30
CUST-00224,Customer Account 00224 Inc,North,SMB,AM-005,Prepaid,2017-12-22,contact00224@customer00224.example.com,2955 Commerce St,North City 12,XX,60265,RTL,CRM-Legacy,2024-01-03
CUST-00225,Customer Account 00225 Inc,South,SMB,AM-047,Net60,2023-01-29,contact00225@customer00225.example.com,5211 Commerce St,South City 36,XX,42638,TEC,CRM-Legacy,2017-05-26
CUST-00226,Customer Account 00226 Inc,West,Mid-Market,AM-020,Net45,2021-11-21,contact00226@customer00226.example.com,995 Commerce St,West City 2,XX,75169,MFG,CRM-NextGen,2021-08-10
CUST-00227,Customer Account 00227 Inc,East,Enterprise,AM-008,Net30,2016-11-23,contact00227@customer00227.example.com,5174 Commerce St,East City 27,XX,68490,MFG,CRM-NextGen,2017-03-14
CUST-00228,Customer Account 00228 Inc,South,SMB,AM-014,Prepaid,2017-08-24,contact00228@customer00228.example.com,233 Commerce St,South City 2,XX,85912,LOG,CRM-Legacy,2023-03-13
CUST-00229,Customer Account 00229 Inc,East,Mid-Market,AM-011,Prepaid,2017-07-19,contact00229@customer00229.example.com,1912 Commerce St,East City 29,XX,37197,RTL,Manual-Import,2023-08-26
CUST-00230,Customer Account 00230 Inc,East,Mid-Market,AM-049,Prepaid,2016-01-27,contact00230@customer00230.example.com,449 Commerce St,East City 35,XX,22638,AGR,CRM-NextGen,2022-06-21
CUST-00231,Customer Account 00231 Inc,West,SMB,AM-005,Prepaid,2022-08-10,contact00231@customer00231.example.com,8928 Commerce St,West City 38,XX,90478,CON,CRM-NextGen,2020-03-04
CUST-00232,Customer Account 00232 Inc,West,SMB,AM-026,Net30,2023-07-25,contact00232@customer00232.example.com,8477 Commerce St,West City 24,XX,27469,RTL,Manual-Import,2016-02-22
CUST-00233,Customer Account 00233 Inc,East,SMB,AM-037,Net60,2016-07-16,contact00233@customer00233.example.com,3269 Commerce St,East City 16,XX,30052,LOG,CRM-NextGen,2020-02-14
CUST-00234,Customer Account 00234 Inc,East,Mid-Market,AM-014,Net30,2019-05-09,contact00234@customer00234.example.com,5879 Commerce St,East City 5,XX,80143,CON,CRM-Legacy,2020-11-11
CUST-00235,Customer Account 00235 Inc,South,Mid-Market,AM-039,Net30,2016-02-20,contact00235@customer00235.example.com,2617 Commerce St,South City 7,XX,54164,RTL,CRM-Legacy,2016-10-20
CUST-00236,Customer Account 00236 Inc,Central,Enterprise,AM-044,Prepaid,2021-06-27,contact00236@customer00236.example.com,8869 Commerce St,Central City 7,XX,42289,MFG,CRM-NextGen,2017-05-02
CUST-00237,Customer Account 00237 Inc,North,Mid-Market,AM-030,Prepaid,2022-09-01,contact00237@customer00237.example.com,9724 Commerce St,North City 6,XX,32567,CON,Manual-Import,2022-05-10
CUST-00238,Customer Account 00238 Inc,West,Enterprise,AM-019,Net45,2017-04-12,contact00238@customer00238.example.com,9386 Commerce St,West City 4,XX,42706,LOG,Manual-Import,2019-02-04
CUST-00239,Customer Account 00239 Inc,East,SMB,AM-031,Net60,2019-01-19,contact00239@customer00239.example.com,3786 Commerce St,East City 26,XX,85173,MFG,Manual-Import,2019-12-13
CUST-00240,Customer Account 00240 Inc,North,Mid-Market,AM-006,Net30,2018-05-30,contact00240@customer00240.example.com,8352 Commerce St,North City 28,XX,28813,CON,CRM-NextGen,2022-02-19
CUST-00241,Customer Account 00241 Inc,South,SMB,AM-004,Net60,2016-06-12,contact00241@customer00241.example.com,9755 Commerce St,South City 33,XX,58932,AGR,CRM-Legacy,2020-11-10
CUST-00242,Customer Account 00242 Inc,Central,SMB,AM-026,Net60,2022-01-28,contact00242@customer00242.example.com,6518 Commerce St,Central City 6,XX,20308,AGR,Manual-Import,2016-08-23
CUST-00243,Customer Account 00243 Inc,East,Mid-Market,AM-030,Prepaid,2022-10-01,contact00243@customer00243.example.com,1615 Commerce St,East City 19,XX,94214,RTL,Manual-Import,2020-01-11
CUST-00244,Customer Account 00244 Inc,East,Mid-Market,AM-015,Net60,2019-10-19,contact00244@customer00244.example.com,984 Commerce St,East City 31,XX,39572,RTL,Manual-Import,2017-08-22
CUST-00245,Customer Account 00245 Inc,West,Enterprise,AM-028,Prepaid,2017-11-19,contact00245@customer00245.example.com,8718 Commerce St,West City 14,XX,10629,TEC,CRM-Legacy,2018-03-19
CUST-00246,Customer Account 00246 Inc,West,SMB,AM-034,Net45,2020-06-19,contact00246@customer00246.example.com,676 Commerce St,West City 12,XX,75180,MFG,CRM-NextGen,2017-02-13
CUST-00247,Customer Account 00247 Inc,Central,SMB,AM-034,Net30,2016-05-29,contact00247@customer00247.example.com,4037 Commerce St,Central City 8,XX,38979,HLC,Manual-Import,2018-08-17
CUST-00248,Customer Account 00248 Inc,North,Mid-Market,AM-057,Net45,2016-07-06,contact00248@customer00248.example.com,9003 Commerce St,North City 14,XX,80401,MFG,CRM-NextGen,2017-01-14
CUST-00249,Customer Account 00249 Inc,South,Mid-Market,AM-025,Prepaid,2016-10-02,contact00249@customer00249.example.com,2589 Commerce St,South City 24,XX,52142,TEC,Manual-Import,2016-08-19
CUST-00250,Customer Account 00250 Inc,West,Mid-Market,AM-051,Net45,2023-11-24,contact00250@customer00250.example.com,7920 Commerce St,West City 37,XX,92212,TEC,CRM-Legacy,2017-11-16
CUST-00251,Customer Account 00251 Inc,South,Mid-Market,AM-050,Prepaid,2017-05-05,contact00251@customer00251.example.com,6669 Commerce St,South City 22,XX,98599,TEC,CRM-NextGen,2022-12-25
CUST-00252,Customer Account 00252 Inc,Central,SMB,AM-044,Prepaid,2022-01-13,contact00252@customer00252.example.com,2994 Commerce St,Central City 26,XX,31256,TEC,CRM-NextGen,2024-02-10
CUST-00253,Customer Account 00253 Inc,East,SMB,AM-057,Net30,2022-05-14,contact00253@customer00253.example.com,2589 Commerce St,East City 23,XX,53753,RTL,Manual-Import,2023-03-11
CUST-00254,Customer Account 00254 Inc,East,Mid-Market,AM-001,Prepaid,2019-04-26,contact00254@customer00254.example.com,562 Commerce St,East City 23,XX,95538,TEC,CRM-NextGen,2017-06-11
CUST-00255,Customer Account 00255 Inc,Central,Mid-Market,AM-007,Net30,2018-11-12,contact00255@customer00255.example.com,149 Commerce St,Central City 1,XX,26782,CON,Manual-Import,2018-01-13
CUST-00256,Customer Account 00256 Inc,West,Mid-Market,AM-021,Prepaid,2020-03-15,contact00256@customer00256.example.com,5111 Commerce St,West City 34,XX,69152,RTL,CRM-Legacy,2018-10-19
CUST-00257,Customer Account 00257 Inc,North,Enterprise,AM-041,Net45,2022-10-25,contact00257@customer00257.example.com,9078 Commerce St,North City 38,XX,93031,CON,Manual-Import,2023-11-09
CUST-00258,Customer Account 00258 Inc,West,Mid-Market,AM-025,Net30,2016-11-14,contact00258@customer00258.example.com,5717 Commerce St,West City 2,XX,20674,RTL,CRM-NextGen,2019-12-05
CUST-00259,Customer Account 00259 Inc,East,Mid-Market,AM-030,Net45,2021-01-12,contact00259@customer00259.example.com,2811 Commerce St,East City 8,XX,14198,HLC,CRM-Legacy,2017-08-10
CUST-00260,Customer Account 00260 Inc,South,Mid-Market,AM-042,Net30,2022-01-17,contact00260@customer00260.example.com,1604 Commerce St,South City 3,XX,61160,HLC,CRM-Legacy,2023-12-10
CUST-00261,Customer Account 00261 Inc,North,Mid-Market,AM-004,Prepaid,2016-05-01,contact00261@customer00261.example.com,4251 Commerce St,North City 6,XX,13706,TEC,Manual-Import,2017-04-17
CUST-00262,Customer Account 00262 Inc,Central,SMB,AM-031,Net45,2017-08-24,contact00262@customer00262.example.com,7883 Commerce St,Central City 5,XX,88487,AGR,Manual-Import,2019-10-12
CUST-00263,Customer Account 00263 Inc,West,Mid-Market,AM-053,Net45,2021-02-25,contact00263@customer00263.example.com,6823 Commerce St,West City 37,XX,54039,RTL,CRM-Legacy,2022-07-30
CUST-00264,Customer Account 00264 Inc,East,SMB,AM-038,Net30,2017-05-27,contact00264@customer00264.example.com,7361 Commerce St,East City 17,XX,83420,MFG,CRM-Legacy,2023-11-20
CUST-00265,Customer Account 00265 Inc,Central,Enterprise,AM-004,Net30,2023-05-18,contact00265@customer00265.example.com,1347 Commerce St,Central City 12,XX,22181,CON,CRM-Legacy,2018-05-12
CUST-00266,Customer Account 00266 Inc,South,Enterprise,AM-039,Net45,2019-10-08,contact00266@customer00266.example.com,3601 Commerce St,South City 21,XX,39352,HLC,Manual-Import,2018-01-25
CUST-00267,Customer Account 00267 Inc,South,SMB,AM-009,Net60,2017-05-19,contact00267@customer00267.example.com,4570 Commerce St,South City 12,XX,78732,HLC,CRM-NextGen,2019-09-25
CUST-00268,Customer Account 00268 Inc,West,Mid-Market,AM-042,Prepaid,2023-02-26,contact00268@customer00268.example.com,5286 Commerce St,West City 27,XX,91859,AGR,CRM-Legacy,2021-11-19
CUST-00269,Customer Account 00269 Inc,East,SMB,AM-009,Prepaid,2022-06-17,contact00269@customer00269.example.com,9903 Commerce St,East City 23,XX,78180,RTL,CRM-Legacy,2017-06-02
CUST-00270,Customer Account 00270 Inc,Central,Mid-Market,AM-037,Net45,2021-07-20,contact00270@customer00270.example.com,5721 Commerce St,Central City 15,XX,38582,TEC,CRM-Legacy,2017-07-17
CUST-00271,Customer Account 00271 Inc,North,Enterprise,AM-010,Net30,2022-09-24,contact00271@customer00271.example.com,1908 Commerce St,North City 22,XX,18869,LOG,CRM-Legacy,2022-02-26
CUST-00272,Customer Account 00272 Inc,West,Mid-Market,AM-046,Prepaid,2022-09-12,contact00272@customer00272.example.com,3860 Commerce St,West City 37,XX,98873,AGR,Manual-Import,2016-11-12
CUST-00273,Customer Account 00273 Inc,East,Enterprise,AM-039,Prepaid,2016-08-19,contact00273@customer00273.example.com,3644 Commerce St,East City 28,XX,36187,AGR,Manual-Import,2017-04-21
CUST-00274,Customer Account 00274 Inc,South,SMB,AM-005,Net60,2017-01-31,contact00274@customer00274.example.com,1819 Commerce St,South City 2,XX,54098,AGR,CRM-Legacy,2022-12-18
CUST-00275,Customer Account 00275 Inc,South,Mid-Market,AM-031,Net45,2018-10-07,contact00275@customer00275.example.com,4356 Commerce St,South City 10,XX,36506,AGR,Manual-Import,2022-12-22
CUST-00276,Customer Account 00276 Inc,South,Mid-Market,AM-019,Net60,2018-03-14,contact00276@customer00276.example.com,7360 Commerce St,South City 2,XX,47063,RTL,CRM-NextGen,2016-03-17
CUST-00277,Customer Account 00277 Inc,East,Mid-Market,AM-047,Net45,2021-09-01,contact00277@customer00277.example.com,4690 Commerce St,East City 22,XX,40735,AGR,CRM-NextGen,2023-11-21
CUST-00278,Customer Account 00278 Inc,West,Enterprise,AM-022,Net60,2022-02-26,contact00278@customer00278.example.com,3606 Commerce St,West City 1,XX,84297,RTL,CRM-NextGen,2016-06-08
CUST-00279,Customer Account 00279 Inc,North,Enterprise,AM-053,Net30,2020-01-18,contact00279@customer00279.example.com,6834 Commerce St,North City 17,XX,88546,CON,CRM-NextGen,2018-05-19
CUST-00280,Customer Account 00280 Inc,West,SMB,AM-052,Prepaid,2019-07-20,contact00280@customer00280.example.com,7681 Commerce St,West City 14,XX,27358,AGR,CRM-Legacy,2022-03-21
CUST-00281,Customer Account 00281 Inc,South,Mid-Market,AM-024,Prepaid,2016-04-26,contact00281@customer00281.example.com,215 Commerce St,South City 4,XX,33063,MFG,CRM-NextGen,2016-03-14
CUST-00282,Customer Account 00282 Inc,West,SMB,AM-010,Net60,2022-07-22,contact00282@customer00282.example.com,7771 Commerce St,West City 33,XX,59983,CON,CRM-NextGen,2021-02-15
CUST-00283,Customer Account 00283 Inc,South,SMB,AM-008,Net60,2018-04-20,contact00283@customer00283.example.com,7730 Commerce St,South City 21,XX,16898,LOG,Manual-Import,2023-02-24
CUST-00284,Customer Account 00284 Inc,East,SMB,AM-014,Prepaid,2016-11-08,contact00284@customer00284.example.com,6874 Commerce St,East City 2,XX,79893,MFG,Manual-Import,2017-05-25
CUST-00285,Customer Account 00285 Inc,East,Mid-Market,AM-042,Prepaid,2016-02-17,contact00285@customer00285.example.com,4766 Commerce St,East City 39,XX,34669,TEC,CRM-NextGen,2019-03-27
CUST-00286,Customer Account 00286 Inc,West,Mid-Market,AM-031,Prepaid,2019-11-11,contact00286@customer00286.example.com,7980 Commerce St,West City 24,XX,82125,LOG,CRM-Legacy,2018-06-24
CUST-00287,Customer Account 00287 Inc,South,Enterprise,AM-029,Prepaid,2023-01-23,contact00287@customer00287.example.com,6049 Commerce St,South City 12,XX,84391,RTL,CRM-Legacy,2024-03-11
CUST-00288,Customer Account 00288 Inc,Central,Enterprise,AM-035,Prepaid,2018-03-07,contact00288@customer00288.example.com,6845 Commerce St,Central City 14,XX,54698,LOG,CRM-NextGen,2019-07-15
CUST-00289,Customer Account 00289 Inc,East,Mid-Market,AM-014,Net30,2019-04-29,contact00289@customer00289.example.com,6482 Commerce St,East City 3,XX,97868,LOG,CRM-NextGen,2016-02-17
CUST-00290,Customer Account 00290 Inc,East,SMB,AM-054,Prepaid,2016-08-15,contact00290@customer00290.example.com,2380 Commerce St,East City 29,XX,92043,AGR,CRM-NextGen,2020-12-11
CUST-00291,Customer Account 00291 Inc,East,Enterprise,AM-035,Net30,2016-06-27,contact00291@customer00291.example.com,7982 Commerce St,East City 29,XX,14779,MFG,CRM-Legacy,2017-12-26
CUST-00292,Customer Account 00292 Inc,East,Enterprise,AM-030,Net60,2022-06-27,contact00292@customer00292.example.com,6438 Commerce St,East City 32,XX,92254,AGR,CRM-NextGen,2016-05-28
CUST-00293,Customer Account 00293 Inc,South,SMB,AM-026,Net60,2018-12-25,contact00293@customer00293.example.com,7897 Commerce St,South City 28,XX,81822,CON,CRM-NextGen,2018-11-07
CUST-00294,Customer Account 00294 Inc,South,SMB,AM-017,Net45,2017-02-04,contact00294@customer00294.example.com,447 Commerce St,South City 34,XX,49178,CON,Manual-Import,2016-11-30
CUST-00295,Customer Account 00295 Inc,Central,Mid-Market,AM-042,Net60,2017-09-04,contact00295@customer00295.example.com,3090 Commerce St,Central City 38,XX,34821,AGR,Manual-Import,2020-11-13
CUST-00296,Customer Account 00296 Inc,South,Mid-Market,AM-051,Net30,2019-08-17,contact00296@customer00296.example.com,4372 Commerce St,South City 8,XX,46189,RTL,Manual-Import,2019-07-19
CUST-00297,Customer Account 00297 Inc,West,SMB,AM-027,Net30,2019-08-19,contact00297@customer00297.example.com,7523 Commerce St,West City 24,XX,29949,AGR,CRM-Legacy,2024-02-28
CUST-00298,Customer Account 00298 Inc,West,SMB,AM-020,Net60,2022-08-15,contact00298@customer00298.example.com,8332 Commerce St,West City 3,XX,71540,HLC,Manual-Import,2017-10-19
CUST-00299,Customer Account 00299 Inc,North,Mid-Market,AM-040,Net45,2020-01-24,contact00299@customer00299.example.com,9644 Commerce St,North City 30,XX,98638,HLC,Manual-Import,2019-02-22
CUST-00300,Customer Account 00300 Inc,Central,SMB,AM-052,Net60,2022-05-18,contact00300@customer00300.example.com,5831 Commerce St,Central City 9,XX,98626,MFG,Manual-Import,2017-09-19
CUST-00301,Customer Account 00301 Inc,West,Mid-Market,AM-025,Net45,2023-05-27,contact00301@customer00301.example.com,7716 Commerce St,West City 27,XX,66683,HLC,Manual-Import,2018-04-01
CUST-00302,Customer Account 00302 Inc,Central,Mid-Market,AM-023,Net60,2021-11-11,contact00302@customer00302.example.com,7689 Commerce St,Central City 4,XX,24495,AGR,Manual-Import,2017-01-17
CUST-00303,Customer Account 00303 Inc,Central,SMB,AM-016,Net60,2017-07-24,contact00303@customer00303.example.com,7902 Commerce St,Central City 4,XX,40081,CON,CRM-Legacy,2019-03-25
CUST-00304,Customer Account 00304 Inc,West,Enterprise,AM-006,Net60,2016-08-25,contact00304@customer00304.example.com,2881 Commerce St,West City 21,XX,29306,RTL,Manual-Import,2022-05-21
CUST-00305,Customer Account 00305 Inc,North,Enterprise,AM-051,Prepaid,2018-10-08,contact00305@customer00305.example.com,3324 Commerce St,North City 6,XX,89764,HLC,CRM-NextGen,2017-12-18
CUST-00306,Customer Account 00306 Inc,Central,Mid-Market,AM-047,Net60,2020-01-26,contact00306@customer00306.example.com,9414 Commerce St,Central City 27,XX,12446,AGR,CRM-Legacy,2018-06-22
CUST-00307,Customer Account 00307 Inc,East,SMB,AM-013,Net30,2018-08-18,contact00307@customer00307.example.com,3770 Commerce St,East City 27,XX,63799,CON,CRM-Legacy,2020-03-22
CUST-00308,Customer Account 00308 Inc,South,Enterprise,AM-014,Net30,2020-01-01,contact00308@customer00308.example.com,7383 Commerce St,South City 20,XX,24520,AGR,CRM-NextGen,2021-10-30
CUST-00309,Customer Account 00309 Inc,South,SMB,AM-054,Net45,2021-12-23,contact00309@customer00309.example.com,5069 Commerce St,South City 3,XX,18844,HLC,CRM-Legacy,2020-12-31
CUST-00310,Customer Account 00310 Inc,North,Enterprise,AM-035,Net45,2020-10-14,contact00310@customer00310.example.com,4054 Commerce St,North City 14,XX,40620,HLC,CRM-NextGen,2022-11-07
CUST-00311,Customer Account 00311 Inc,East,Mid-Market,AM-025,Prepaid,2020-08-15,contact00311@customer00311.example.com,2238 Commerce St,East City 22,XX,79622,RTL,CRM-Legacy,2020-12-03
CUST-00312,Customer Account 00312 Inc,Central,SMB,AM-020,Net60,2017-03-13,contact00312@customer00312.example.com,4012 Commerce St,Central City 39,XX,89966,AGR,CRM-Legacy,2019-06-05
CUST-00313,Customer Account 00313 Inc,North,Mid-Market,AM-018,Net30,2021-12-03,contact00313@customer00313.example.com,7613 Commerce St,North City 26,XX,82810,CON,CRM-NextGen,2023-04-20
CUST-00314,Customer Account 00314 Inc,South,SMB,AM-027,Net45,2019-08-17,contact00314@customer00314.example.com,1736 Commerce St,South City 25,XX,21127,TEC,CRM-NextGen,2022-05-18
CUST-00315,Customer Account 00315 Inc,East,Mid-Market,AM-001,Net45,2018-06-08,contact00315@customer00315.example.com,1749 Commerce St,East City 37,XX,32820,TEC,Manual-Import,2018-12-29
CUST-00316,Customer Account 00316 Inc,Central,Mid-Market,AM-024,Net30,2023-02-16,contact00316@customer00316.example.com,8653 Commerce St,Central City 38,XX,21151,AGR,CRM-NextGen,2022-11-29
CUST-00317,Customer Account 00317 Inc,Central,Mid-Market,AM-012,Net45,2020-11-23,contact00317@customer00317.example.com,4182 Commerce St,Central City 26,XX,70694,RTL,CRM-Legacy,2022-02-16
CUST-00318,Customer Account 00318 Inc,North,Mid-Market,AM-012,Net30,2018-07-09,contact00318@customer00318.example.com,5273 Commerce St,North City 33,XX,98980,AGR,Manual-Import,2020-05-11
CUST-00319,Customer Account 00319 Inc,East,SMB,AM-049,Prepaid,2019-03-15,contact00319@customer00319.example.com,6370 Commerce St,East City 31,XX,80514,RTL,Manual-Import,2020-02-18
CUST-00320,Customer Account 00320 Inc,North,Mid-Market,AM-007,Net30,2020-04-10,contact00320@customer00320.example.com,6034 Commerce St,North City 4,XX,41509,TEC,Manual-Import,2021-05-09
CUST-00321,Customer Account 00321 Inc,North,Enterprise,AM-037,Prepaid,2016-10-13,contact00321@customer00321.example.com,6263 Commerce St,North City 14,XX,75770,AGR,Manual-Import,2023-02-22
CUST-00322,Customer Account 00322 Inc,Central,SMB,AM-019,Net30,2020-09-28,contact00322@customer00322.example.com,5348 Commerce St,Central City 39,XX,14474,MFG,CRM-Legacy,2020-07-01
CUST-00323,Customer Account 00323 Inc,East,Mid-Market,AM-035,Net45,2016-05-20,contact00323@customer00323.example.com,7548 Commerce St,East City 3,XX,70020,TEC,Manual-Import,2021-09-08
CUST-00324,Customer Account 00324 Inc,East,Enterprise,AM-042,Net45,2023-01-17,contact00324@customer00324.example.com,8217 Commerce St,East City 15,XX,35529,LOG,CRM-NextGen,2016-12-20
CUST-00325,Customer Account 00325 Inc,South,SMB,AM-050,Net30,2022-10-04,contact00325@customer00325.example.com,1208 Commerce St,South City 32,XX,89333,HLC,CRM-Legacy,2021-11-10
CUST-00326,Customer Account 00326 Inc,North,Mid-Market,AM-035,Prepaid,2024-02-27,contact00326@customer00326.example.com,4081 Commerce St,North City 12,XX,85097,HLC,CRM-Legacy,2023-06-01
CUST-00327,Customer Account 00327 Inc,Central,Enterprise,AM-018,Net60,2018-07-18,contact00327@customer00327.example.com,6268 Commerce St,Central City 30,XX,10512,LOG,CRM-Legacy,2016-12-09
CUST-00328,Customer Account 00328 Inc,West,Mid-Market,AM-037,Net45,2021-06-29,contact00328@customer00328.example.com,7643 Commerce St,West City 27,XX,43352,LOG,CRM-Legacy,2018-11-05
CUST-00329,Customer Account 00329 Inc,South,Mid-Market,AM-018,Net60,2019-07-12,contact00329@customer00329.example.com,9234 Commerce St,South City 19,XX,52029,MFG,Manual-Import,2017-03-20
CUST-00330,Customer Account 00330 Inc,North,Enterprise,AM-056,Net45,2020-11-05,contact00330@customer00330.example.com,199 Commerce St,North City 30,XX,70166,MFG,CRM-NextGen,2017-10-30
CUST-00331,Customer Account 00331 Inc,West,Mid-Market,AM-023,Net45,2018-10-21,contact00331@customer00331.example.com,8795 Commerce St,West City 26,XX,53866,RTL,CRM-NextGen,2016-03-17
CUST-00332,Customer Account 00332 Inc,Central,Mid-Market,AM-001,Net60,2018-12-20,contact00332@customer00332.example.com,358 Commerce St,Central City 37,XX,78938,MFG,CRM-Legacy,2020-05-09
CUST-00333,Customer Account 00333 Inc,Central,SMB,AM-035,Net45,2021-03-31,contact00333@customer00333.example.com,3567 Commerce St,Central City 1,XX,11651,CON,CRM-NextGen,2018-08-25
CUST-00334,Customer Account 00334 Inc,North,Enterprise,AM-046,Net45,2021-11-18,contact00334@customer00334.example.com,9950 Commerce St,North City 25,XX,96434,CON,Manual-Import,2017-06-11
CUST-00335,Customer Account 00335 Inc,North,SMB,AM-040,Net45,2020-01-08,contact00335@customer00335.example.com,1210 Commerce St,North City 14,XX,71462,RTL,CRM-NextGen,2018-05-19
CUST-00336,Customer Account 00336 Inc,East,Mid-Market,AM-046,Prepaid,2021-10-09,contact00336@customer00336.example.com,9224 Commerce St,East City 29,XX,59572,CON,CRM-Legacy,2021-07-13
CUST-00337,Customer Account 00337 Inc,West,Mid-Market,AM-037,Net60,2017-08-16,contact00337@customer00337.example.com,7894 Commerce St,West City 33,XX,58484,LOG,Manual-Import,2019-10-31
CUST-00338,Customer Account 00338 Inc,Central,SMB,AM-056,Net30,2019-12-29,contact00338@customer00338.example.com,9384 Commerce St,Central City 29,XX,34009,CON,CRM-Legacy,2017-12-12
CUST-00339,Customer Account 00339 Inc,Central,Mid-Market,AM-003,Net30,2022-06-19,contact00339@customer00339.example.com,577 Commerce St,Central City 13,XX,31670,AGR,CRM-NextGen,2021-05-18
CUST-00340,Customer Account 00340 Inc,North,Mid-Market,AM-042,Prepaid,2019-11-11,contact00340@customer00340.example.com,6704 Commerce St,North City 8,XX,93954,RTL,CRM-NextGen,2016-09-26
CUST-00341,Customer Account 00341 Inc,North,Mid-Market,AM-008,Prepaid,2020-10-06,contact00341@customer00341.example.com,977 Commerce St,North City 18,XX,53133,RTL,CRM-NextGen,2023-01-27
CUST-00342,Customer Account 00342 Inc,Central,SMB,AM-031,Net30,2021-03-19,contact00342@customer00342.example.com,7754 Commerce St,Central City 1,XX,64306,LOG,CRM-Legacy,2023-01-16
CUST-00343,Customer Account 00343 Inc,Central,Mid-Market,AM-038,Net45,2019-09-20,contact00343@customer00343.example.com,5271 Commerce St,Central City 19,XX,84344,AGR,CRM-NextGen,2020-03-19
CUST-00344,Customer Account 00344 Inc,South,Enterprise,AM-011,Prepaid,2017-01-13,contact00344@customer00344.example.com,3332 Commerce St,South City 10,XX,28614,HLC,Manual-Import,2023-05-01
CUST-00345,Customer Account 00345 Inc,North,Mid-Market,AM-015,Prepaid,2017-10-31,contact00345@customer00345.example.com,4083 Commerce St,North City 22,XX,44335,CON,Manual-Import,2020-05-15
CUST-00346,Customer Account 00346 Inc,East,SMB,AM-057,Net30,2022-11-17,contact00346@customer00346.example.com,8996 Commerce St,East City 32,XX,77459,HLC,Manual-Import,2020-10-05
CUST-00347,Customer Account 00347 Inc,Central,SMB,AM-021,Prepaid,2017-05-30,contact00347@customer00347.example.com,8650 Commerce St,Central City 9,XX,94336,MFG,CRM-Legacy,2020-12-31
CUST-00348,Customer Account 00348 Inc,East,Enterprise,AM-041,Net60,2020-03-12,contact00348@customer00348.example.com,5135 Commerce St,East City 15,XX,90145,AGR,CRM-Legacy,2016-04-26
CUST-00349,Customer Account 00349 Inc,North,Mid-Market,AM-003,Net45,2020-11-09,contact00349@customer00349.example.com,8101 Commerce St,North City 33,XX,49106,CON,CRM-NextGen,2023-10-19
CUST-00350,Customer Account 00350 Inc,West,Mid-Market,AM-019,Prepaid,2024-01-12,contact00350@customer00350.example.com,8107 Commerce St,West City 5,XX,28512,AGR,CRM-Legacy,2016-02-04
CUST-00351,Customer Account 00351 Inc,South,Enterprise,AM-029,Net45,2020-12-01,contact00351@customer00351.example.com,5489 Commerce St,South City 32,XX,98266,MFG,Manual-Import,2017-05-06
CUST-00352,Customer Account 00352 Inc,South,Mid-Market,AM-021,Prepaid,2019-02-23,contact00352@customer00352.example.com,8168 Commerce St,South City 38,XX,55957,MFG,Manual-Import,2019-06-23
CUST-00353,Customer Account 00353 Inc,South,Mid-Market,AM-027,Prepaid,2018-04-15,contact00353@customer00353.example.com,4640 Commerce St,South City 28,XX,29884,CON,Manual-Import,2022-09-04
CUST-00354,Customer Account 00354 Inc,North,Mid-Market,AM-024,Net45,2023-05-04,contact00354@customer00354.example.com,1837 Commerce St,North City 34,XX,40806,LOG,CRM-Legacy,2018-03-17
CUST-00355,Customer Account 00355 Inc,South,SMB,AM-059,Net60,2022-07-12,contact00355@customer00355.example.com,6305 Commerce St,South City 27,XX,85348,LOG,CRM-NextGen,2019-08-17
CUST-00356,Customer Account 00356 Inc,West,SMB,AM-044,Prepaid,2022-01-05,contact00356@customer00356.example.com,9520 Commerce St,West City 30,XX,89644,RTL,Manual-Import,2018-11-13
CUST-00357,Customer Account 00357 Inc,West,SMB,AM-024,Net60,2021-11-18,contact00357@customer00357.example.com,882 Commerce St,West City 33,XX,46760,AGR,CRM-Legacy,2020-11-23
CUST-00358,Customer Account 00358 Inc,East,Mid-Market,AM-009,Prepaid,2023-04-15,contact00358@customer00358.example.com,3906 Commerce St,East City 26,XX,25721,LOG,Manual-Import,2024-03-16
CUST-00359,Customer Account 00359 Inc,East,SMB,AM-022,Net30,2020-06-07,contact00359@customer00359.example.com,6472 Commerce St,East City 18,XX,43405,RTL,CRM-NextGen,2018-01-07
CUST-00360,Customer Account 00360 Inc,South,Mid-Market,AM-011,Net45,2017-03-02,contact00360@customer00360.example.com,8030 Commerce St,South City 17,XX,62542,TEC,CRM-NextGen,2019-08-07
CUST-00361,Customer Account 00361 Inc,West,Mid-Market,AM-051,Net45,2016-09-05,contact00361@customer00361.example.com,4482 Commerce St,West City 39,XX,33422,AGR,Manual-Import,2021-06-03
CUST-00362,Customer Account 00362 Inc,East,Enterprise,AM-045,Net30,2022-04-16,contact00362@customer00362.example.com,4376 Commerce St,East City 9,XX,14039,TEC,CRM-NextGen,2017-06-17
CUST-00363,Customer Account 00363 Inc,North,Mid-Market,AM-045,Net45,2018-01-29,contact00363@customer00363.example.com,4147 Commerce St,North City 5,XX,95162,AGR,Manual-Import,2018-06-06
CUST-00364,Customer Account 00364 Inc,Central,Mid-Market,AM-031,Prepaid,2022-05-13,contact00364@customer00364.example.com,7229 Commerce St,Central City 9,XX,68298,LOG,CRM-Legacy,2018-08-22
CUST-00365,Customer Account 00365 Inc,North,Mid-Market,AM-007,Net30,2016-08-09,contact00365@customer00365.example.com,9810 Commerce St,North City 19,XX,81223,RTL,CRM-NextGen,2023-04-12
CUST-00366,Customer Account 00366 Inc,West,Mid-Market,AM-031,Net60,2019-09-15,contact00366@customer00366.example.com,559 Commerce St,West City 8,XX,48880,RTL,CRM-NextGen,2018-06-20
CUST-00367,Customer Account 00367 Inc,South,Enterprise,AM-007,Net60,2023-09-15,contact00367@customer00367.example.com,9130 Commerce St,South City 27,XX,82669,LOG,Manual-Import,2018-02-09
CUST-00368,Customer Account 00368 Inc,East,Mid-Market,AM-051,Net30,2017-03-08,contact00368@customer00368.example.com,3832 Commerce St,East City 32,XX,59733,MFG,Manual-Import,2019-04-29
CUST-00369,Customer Account 00369 Inc,South,Mid-Market,AM-049,Prepaid,2020-04-03,contact00369@customer00369.example.com,6179 Commerce St,South City 14,XX,90159,MFG,CRM-Legacy,2024-02-20
CUST-00370,Customer Account 00370 Inc,East,Mid-Market,AM-011,Net60,2017-12-08,contact00370@customer00370.example.com,4052 Commerce St,East City 36,XX,17413,AGR,CRM-Legacy,2019-10-03
CUST-00371,Customer Account 00371 Inc,West,Enterprise,AM-057,Prepaid,2023-05-05,contact00371@customer00371.example.com,5693 Commerce St,West City 3,XX,55059,HLC,CRM-NextGen,2016-06-11
CUST-00372,Customer Account 00372 Inc,South,SMB,AM-059,Net60,2020-10-20,contact00372@customer00372.example.com,9340 Commerce St,South City 9,XX,98595,RTL,CRM-NextGen,2019-09-10
CUST-00373,Customer Account 00373 Inc,West,Enterprise,AM-020,Net60,2021-05-22,contact00373@customer00373.example.com,5391 Commerce St,West City 24,XX,77290,LOG,CRM-Legacy,2019-12-01
CUST-00374,Customer Account 00374 Inc,East,Mid-Market,AM-021,Net60,2017-08-07,contact00374@customer00374.example.com,4215 Commerce St,East City 25,XX,48550,AGR,CRM-Legacy,2017-04-05
CUST-00375,Customer Account 00375 Inc,South,SMB,AM-019,Net45,2020-02-25,contact00375@customer00375.example.com,3013 Commerce St,South City 21,XX,73581,AGR,Manual-Import,2020-09-29
CUST-00376,Customer Account 00376 Inc,South,SMB,AM-005,Net60,2023-07-31,contact00376@customer00376.example.com,3237 Commerce St,South City 3,XX,66982,MFG,CRM-Legacy,2021-10-06
CUST-00377,Customer Account 00377 Inc,East,Mid-Market,AM-036,Net60,2020-06-05,contact00377@customer00377.example.com,5841 Commerce St,East City 28,XX,44234,TEC,CRM-NextGen,2017-02-24
CUST-00378,Customer Account 00378 Inc,South,Mid-Market,AM-006,Prepaid,2023-07-31,contact00378@customer00378.example.com,7651 Commerce St,South City 22,XX,28227,HLC,Manual-Import,2023-06-19
CUST-00379,Customer Account 00379 Inc,Central,Mid-Market,AM-023,Net30,2016-12-15,contact00379@customer00379.example.com,547 Commerce St,Central City 29,XX,30191,CON,CRM-NextGen,2022-07-10
CUST-00380,Customer Account 00380 Inc,North,Mid-Market,AM-020,Net60,2017-05-20,contact00380@customer00380.example.com,6702 Commerce St,North City 38,XX,13895,MFG,Manual-Import,2021-05-01
CUST-00381,Customer Account 00381 Inc,Central,Enterprise,AM-042,Net60,2018-12-31,contact00381@customer00381.example.com,8352 Commerce St,Central City 2,XX,11635,TEC,Manual-Import,2024-03-03
CUST-00382,Customer Account 00382 Inc,East,SMB,AM-026,Net30,2017-01-13,contact00382@customer00382.example.com,5132 Commerce St,East City 16,XX,54622,LOG,CRM-Legacy,2023-03-15
CUST-00383,Customer Account 00383 Inc,South,SMB,AM-020,Prepaid,2023-04-12,contact00383@customer00383.example.com,1757 Commerce St,South City 30,XX,22720,CON,Manual-Import,2017-04-02
CUST-00384,Customer Account 00384 Inc,North,Mid-Market,AM-005,Net30,2020-02-09,contact00384@customer00384.example.com,7977 Commerce St,North City 10,XX,64506,HLC,CRM-Legacy,2019-03-22
CUST-00385,Customer Account 00385 Inc,South,Mid-Market,AM-030,Net60,2019-03-07,contact00385@customer00385.example.com,6597 Commerce St,South City 5,XX,22389,LOG,CRM-NextGen,2021-01-01
CUST-00386,Customer Account 00386 Inc,West,Mid-Market,AM-009,Prepaid,2019-06-04,contact00386@customer00386.example.com,4114 Commerce St,West City 24,XX,27180,CON,Manual-Import,2021-04-19
CUST-00387,Customer Account 00387 Inc,North,Enterprise,AM-042,Net45,2018-07-03,contact00387@customer00387.example.com,135 Commerce St,North City 1,XX,81030,TEC,CRM-Legacy,2019-07-12
CUST-00388,Customer Account 00388 Inc,West,Enterprise,AM-044,Prepaid,2021-03-09,contact00388@customer00388.example.com,9830 Commerce St,West City 12,XX,20013,HLC,CRM-Legacy,2021-11-27
CUST-00389,Customer Account 00389 Inc,West,Mid-Market,AM-005,Net60,2019-03-19,contact00389@customer00389.example.com,5419 Commerce St,West City 28,XX,36404,RTL,Manual-Import,2023-10-13
CUST-00390,Customer Account 00390 Inc,East,SMB,AM-059,Prepaid,2018-06-18,contact00390@customer00390.example.com,1563 Commerce St,East City 26,XX,88244,MFG,CRM-NextGen,2023-02-26
CUST-00391,Customer Account 00391 Inc,North,Enterprise,AM-031,Net45,2018-09-09,contact00391@customer00391.example.com,942 Commerce St,North City 32,XX,28266,LOG,CRM-Legacy,2020-04-08
CUST-00392,Customer Account 00392 Inc,West,SMB,AM-029,Net30,2022-10-14,contact00392@customer00392.example.com,6929 Commerce St,West City 30,XX,47886,HLC,CRM-NextGen,2021-04-09
CUST-00393,Customer Account 00393 Inc,Central,Enterprise,AM-051,Prepaid,2019-03-10,contact00393@customer00393.example.com,5844 Commerce St,Central City 3,XX,19416,HLC,Manual-Import,2022-05-05
CUST-00394,Customer Account 00394 Inc,Central,Mid-Market,AM-012,Net60,2016-04-19,contact00394@customer00394.example.com,4526 Commerce St,Central City 36,XX,24750,AGR,CRM-NextGen,2020-04-22
CUST-00395,Customer Account 00395 Inc,West,Enterprise,AM-042,Net45,2022-12-10,contact00395@customer00395.example.com,497 Commerce St,West City 28,XX,56842,MFG,CRM-Legacy,2024-01-21
CUST-00396,Customer Account 00396 Inc,North,Mid-Market,AM-002,Prepaid,2017-05-30,contact00396@customer00396.example.com,7977 Commerce St,North City 29,XX,30679,MFG,CRM-NextGen,2016-08-31
CUST-00397,Customer Account 00397 Inc,North,SMB,AM-028,Net60,2018-04-09,contact00397@customer00397.example.com,3349 Commerce St,North City 24,XX,25588,TEC,Manual-Import,2022-12-01
CUST-00398,Customer Account 00398 Inc,North,Mid-Market,AM-018,Net30,2023-10-22,contact00398@customer00398.example.com,9178 Commerce St,North City 13,XX,46638,TEC,CRM-Legacy,2023-04-20
CUST-00399,Customer Account 00399 Inc,West,Mid-Market,AM-020,Net30,2018-07-01,contact00399@customer00399.example.com,1160 Commerce St,West City 32,XX,68929,LOG,CRM-Legacy,2021-03-08
CUST-00400,Customer Account 00400 Inc,East,Mid-Market,AM-037,Net30,2016-02-07,contact00400@customer00400.example.com,4970 Commerce St,East City 7,XX,22699,RTL,CRM-Legacy,2016-12-13
CUST-00401,Customer Account 00401 Inc,East,Enterprise,AM-039,Net60,2016-09-13,contact00401@customer00401.example.com,7401 Commerce St,East City 15,XX,46895,RTL,CRM-Legacy,2017-03-13
CUST-00402,Customer Account 00402 Inc,East,Mid-Market,AM-009,Net60,2020-05-29,contact00402@customer00402.example.com,6370 Commerce St,East City 30,XX,60453,AGR,CRM-Legacy,2022-03-04
CUST-00403,Customer Account 00403 Inc,South,SMB,AM-038,Net45,2020-04-08,contact00403@customer00403.example.com,1728 Commerce St,South City 25,XX,13320,HLC,CRM-Legacy,2018-09-09
CUST-00404,Customer Account 00404 Inc,East,Enterprise,AM-020,Net60,2022-07-17,contact00404@customer00404.example.com,4601 Commerce St,East City 3,XX,15616,CON,Manual-Import,2023-02-06
CUST-00405,Customer Account 00405 Inc,East,Enterprise,AM-030,Prepaid,2019-07-09,contact00405@customer00405.example.com,5018 Commerce St,East City 14,XX,38183,LOG,Manual-Import,2021-09-04
CUST-00406,Customer Account 00406 Inc,South,Mid-Market,AM-043,Net30,2021-10-29,contact00406@customer00406.example.com,698 Commerce St,South City 29,XX,64330,MFG,CRM-NextGen,2017-10-29
CUST-00407,Customer Account 00407 Inc,East,Mid-Market,AM-001,Net45,2023-03-12,contact00407@customer00407.example.com,6484 Commerce St,East City 24,XX,23240,TEC,Manual-Import,2023-08-09
CUST-00408,Customer Account 00408 Inc,West,Enterprise,AM-011,Net45,2023-07-14,contact00408@customer00408.example.com,8036 Commerce St,West City 36,XX,41718,CON,Manual-Import,2018-01-07
CUST-00409,Customer Account 00409 Inc,Central,SMB,AM-058,Net45,2021-07-14,contact00409@customer00409.example.com,5588 Commerce St,Central City 9,XX,18636,TEC,Manual-Import,2022-10-03
CUST-00410,Customer Account 00410 Inc,South,Mid-Market,AM-051,Net45,2020-04-17,contact00410@customer00410.example.com,5340 Commerce St,South City 28,XX,52467,TEC,CRM-NextGen,2019-06-07
CUST-00411,Customer Account 00411 Inc,East,Enterprise,AM-006,Prepaid,2022-03-30,contact00411@customer00411.example.com,9480 Commerce St,East City 1,XX,29544,MFG,CRM-NextGen,2023-06-06
CUST-00412,Customer Account 00412 Inc,West,Enterprise,AM-042,Prepaid,2018-07-25,contact00412@customer00412.example.com,6939 Commerce St,West City 30,XX,71716,HLC,CRM-NextGen,2019-11-07
CUST-00413,Customer Account 00413 Inc,West,Mid-Market,AM-028,Net45,2021-12-04,contact00413@customer00413.example.com,8714 Commerce St,West City 5,XX,26451,TEC,Manual-Import,2017-05-24
CUST-00414,Customer Account 00414 Inc,South,Enterprise,AM-003,Net60,2023-02-21,contact00414@customer00414.example.com,5038 Commerce St,South City 7,XX,92928,RTL,CRM-Legacy,2017-02-18
CUST-00415,Customer Account 00415 Inc,South,Mid-Market,AM-044,Net45,2023-10-01,contact00415@customer00415.example.com,6866 Commerce St,South City 26,XX,49385,TEC,Manual-Import,2021-05-23
CUST-00416,Customer Account 00416 Inc,Central,SMB,AM-003,Net60,2023-11-09,contact00416@customer00416.example.com,5720 Commerce St,Central City 11,XX,64565,CON,CRM-Legacy,2017-08-28
CUST-00417,Customer Account 00417 Inc,South,SMB,AM-033,Net30,2023-09-20,contact00417@customer00417.example.com,6789 Commerce St,South City 14,XX,43528,CON,CRM-Legacy,2021-11-19
CUST-00418,Customer Account 00418 Inc,East,Mid-Market,AM-014,Net30,2021-05-20,contact00418@customer00418.example.com,4170 Commerce St,East City 30,XX,54289,LOG,Manual-Import,2016-04-30
CUST-00419,Customer Account 00419 Inc,East,Enterprise,AM-012,Net60,2017-04-08,contact00419@customer00419.example.com,6268 Commerce St,East City 18,XX,99370,LOG,CRM-NextGen,2019-09-08
CUST-00420,Customer Account 00420 Inc,West,Mid-Market,AM-040,Prepaid,2018-08-16,contact00420@customer00420.example.com,231 Commerce St,West City 33,XX,93954,CON,CRM-NextGen,2018-11-18
CUST-00421,Customer Account 00421 Inc,South,Mid-Market,AM-054,Net45,2017-07-18,contact00421@customer00421.example.com,207 Commerce St,South City 19,XX,59846,CON,Manual-Import,2019-01-06
CUST-00422,Customer Account 00422 Inc,North,Mid-Market,AM-050,Net30,2019-11-04,contact00422@customer00422.example.com,6230 Commerce St,North City 34,XX,55736,TEC,CRM-NextGen,2019-05-28
CUST-00423,Customer Account 00423 Inc,North,Mid-Market,AM-007,Prepaid,2019-04-06,contact00423@customer00423.example.com,9967 Commerce St,North City 8,XX,26925,CON,Manual-Import,2017-03-07
CUST-00424,Customer Account 00424 Inc,East,Mid-Market,AM-014,Net60,2018-03-17,contact00424@customer00424.example.com,2959 Commerce St,East City 25,XX,41763,CON,CRM-Legacy,2018-06-22
CUST-00425,Customer Account 00425 Inc,North,Mid-Market,AM-006,Net30,2016-10-05,contact00425@customer00425.example.com,8784 Commerce St,North City 21,XX,74401,AGR,CRM-Legacy,2021-02-03
CUST-00426,Customer Account 00426 Inc,Central,SMB,AM-027,Net60,2016-11-01,contact00426@customer00426.example.com,6212 Commerce St,Central City 35,XX,62137,AGR,CRM-NextGen,2019-06-13
CUST-00427,Customer Account 00427 Inc,Central,Enterprise,AM-010,Net60,2023-07-28,contact00427@customer00427.example.com,9977 Commerce St,Central City 10,XX,75484,LOG,Manual-Import,2020-02-18
CUST-00428,Customer Account 00428 Inc,North,Mid-Market,AM-028,Net45,2017-10-07,contact00428@customer00428.example.com,6552 Commerce St,North City 17,XX,52487,LOG,CRM-Legacy,2017-12-15
CUST-00429,Customer Account 00429 Inc,Central,SMB,AM-055,Net30,2016-06-04,contact00429@customer00429.example.com,3140 Commerce St,Central City 21,XX,10541,RTL,Manual-Import,2021-02-08
CUST-00430,Customer Account 00430 Inc,West,SMB,AM-059,Net45,2023-08-06,contact00430@customer00430.example.com,7852 Commerce St,West City 9,XX,28844,TEC,CRM-NextGen,2017-12-05
CUST-00431,Customer Account 00431 Inc,South,Enterprise,AM-054,Net60,2017-04-06,contact00431@customer00431.example.com,4505 Commerce St,South City 1,XX,68429,RTL,CRM-Legacy,2017-07-23
CUST-00432,Customer Account 00432 Inc,North,SMB,AM-005,Net45,2022-05-28,contact00432@customer00432.example.com,5480 Commerce St,North City 10,XX,15551,AGR,CRM-Legacy,2019-06-20
CUST-00433,Customer Account 00433 Inc,North,Mid-Market,AM-046,Net45,2020-08-20,contact00433@customer00433.example.com,5069 Commerce St,North City 15,XX,42928,RTL,CRM-Legacy,2020-10-22
CUST-00434,Customer Account 00434 Inc,West,SMB,AM-045,Net60,2018-12-04,contact00434@customer00434.example.com,3597 Commerce St,West City 21,XX,37688,AGR,CRM-Legacy,2016-06-12
CUST-00435,Customer Account 00435 Inc,East,Mid-Market,AM-005,Net30,2017-11-01,contact00435@customer00435.example.com,5492 Commerce St,East City 15,XX,90671,MFG,Manual-Import,2020-11-11
CUST-00436,Customer Account 00436 Inc,West,SMB,AM-040,Net45,2021-05-05,contact00436@customer00436.example.com,3009 Commerce St,West City 16,XX,73002,LOG,Manual-Import,2021-12-18
CUST-00437,Customer Account 00437 Inc,East,Mid-Market,AM-032,Prepaid,2021-04-30,contact00437@customer00437.example.com,6199 Commerce St,East City 24,XX,83122,CON,CRM-Legacy,2022-06-01
CUST-00438,Customer Account 00438 Inc,West,SMB,AM-054,Net30,2021-03-05,contact00438@customer00438.example.com,9349 Commerce St,West City 38,XX,59436,LOG,Manual-Import,2016-01-08
CUST-00439,Customer Account 00439 Inc,Central,Enterprise,AM-038,Prepaid,2018-06-04,contact00439@customer00439.example.com,4236 Commerce St,Central City 12,XX,97266,TEC,CRM-Legacy,2016-02-02
CUST-00440,Customer Account 00440 Inc,Central,Enterprise,AM-014,Prepaid,2021-05-05,contact00440@customer00440.example.com,2324 Commerce St,Central City 35,XX,36803,LOG,CRM-NextGen,2019-09-07
CUST-00441,Customer Account 00441 Inc,North,SMB,AM-016,Net30,2016-12-05,contact00441@customer00441.example.com,1332 Commerce St,North City 38,XX,97349,AGR,CRM-Legacy,2020-02-20
CUST-00442,Customer Account 00442 Inc,Central,Enterprise,AM-006,Prepaid,2020-06-21,contact00442@customer00442.example.com,8889 Commerce St,Central City 17,XX,80678,AGR,CRM-Legacy,2021-04-10
CUST-00443,Customer Account 00443 Inc,East,Mid-Market,AM-026,Net30,2019-12-12,contact00443@customer00443.example.com,8233 Commerce St,East City 7,XX,40619,CON,CRM-NextGen,2020-12-22
CUST-00444,Customer Account 00444 Inc,East,Mid-Market,AM-048,Net45,2018-04-15,contact00444@customer00444.example.com,4492 Commerce St,East City 33,XX,55148,CON,CRM-NextGen,2021-10-21
CUST-00445,Customer Account 00445 Inc,West,SMB,AM-032,Net30,2017-11-14,contact00445@customer00445.example.com,9551 Commerce St,West City 16,XX,37935,AGR,CRM-NextGen,2017-02-02
CUST-00446,Customer Account 00446 Inc,North,Mid-Market,AM-048,Prepaid,2017-01-11,contact00446@customer00446.example.com,8702 Commerce St,North City 4,XX,67245,AGR,CRM-NextGen,2022-05-24
CUST-00447,Customer Account 00447 Inc,South,Enterprise,AM-017,Net45,2018-01-11,contact00447@customer00447.example.com,7590 Commerce St,South City 9,XX,24936,AGR,CRM-NextGen,2017-10-08
CUST-00448,Customer Account 00448 Inc,West,Enterprise,AM-013,Net60,2020-11-25,contact00448@customer00448.example.com,3790 Commerce St,West City 27,XX,44174,CON,CRM-Legacy,2020-09-01
CUST-00449,Customer Account 00449 Inc,West,Mid-Market,AM-057,Net45,2023-01-24,contact00449@customer00449.example.com,9628 Commerce St,West City 26,XX,83992,MFG,Manual-Import,2022-08-27
CUST-00450,Customer Account 00450 Inc,West,SMB,AM-035,Prepaid,2017-06-24,contact00450@customer00450.example.com,6686 Commerce St,West City 18,XX,88146,LOG,Manual-Import,2017-10-08
CUST-00451,Customer Account 00451 Inc,East,Mid-Market,AM-001,Net60,2020-01-02,contact00451@customer00451.example.com,9054 Commerce St,East City 33,XX,79922,CON,CRM-Legacy,2023-07-20
CUST-00452,Customer Account 00452 Inc,North,Mid-Market,AM-027,Prepaid,2017-11-25,contact00452@customer00452.example.com,5841 Commerce St,North City 9,XX,92038,AGR,CRM-NextGen,2016-08-29
CUST-00453,Customer Account 00453 Inc,North,SMB,AM-015,Net30,2020-09-26,contact00453@customer00453.example.com,3538 Commerce St,North City 2,XX,65738,CON,Manual-Import,2020-02-29
CUST-00454,Customer Account 00454 Inc,South,SMB,AM-051,Prepaid,2016-01-14,contact00454@customer00454.example.com,9258 Commerce St,South City 9,XX,53341,RTL,CRM-Legacy,2021-10-07
CUST-00455,Customer Account 00455 Inc,East,SMB,AM-031,Prepaid,2020-03-18,contact00455@customer00455.example.com,1640 Commerce St,East City 13,XX,54642,MFG,CRM-Legacy,2017-08-30
CUST-00456,Customer Account 00456 Inc,Central,Mid-Market,AM-024,Net60,2023-09-16,contact00456@customer00456.example.com,6949 Commerce St,Central City 10,XX,35347,CON,CRM-Legacy,2017-04-02
CUST-00457,Customer Account 00457 Inc,North,Enterprise,AM-043,Net60,2021-05-21,contact00457@customer00457.example.com,7213 Commerce St,North City 7,XX,88743,RTL,CRM-NextGen,2020-08-03
CUST-00458,Customer Account 00458 Inc,South,Mid-Market,AM-023,Net60,2018-07-15,contact00458@customer00458.example.com,5423 Commerce St,South City 38,XX,31115,HLC,CRM-Legacy,2020-06-14
CUST-00459,Customer Account 00459 Inc,South,SMB,AM-051,Net30,2018-08-26,contact00459@customer00459.example.com,1794 Commerce St,South City 22,XX,12499,MFG,CRM-NextGen,2020-06-25
CUST-00460,Customer Account 00460 Inc,South,SMB,AM-026,Net45,2022-12-18,contact00460@customer00460.example.com,2248 Commerce St,South City 8,XX,46334,MFG,Manual-Import,2019-03-17
CUST-00461,Customer Account 00461 Inc,South,Mid-Market,AM-032,Prepaid,2021-02-28,contact00461@customer00461.example.com,5781 Commerce St,South City 20,XX,52184,LOG,Manual-Import,2019-05-13
CUST-00462,Customer Account 00462 Inc,Central,Mid-Market,AM-005,Net60,2020-12-22,contact00462@customer00462.example.com,4778 Commerce St,Central City 10,XX,55617,RTL,CRM-NextGen,2018-10-15
CUST-00463,Customer Account 00463 Inc,Central,SMB,AM-045,Net60,2018-11-17,contact00463@customer00463.example.com,5351 Commerce St,Central City 8,XX,14214,HLC,Manual-Import,2018-11-21
CUST-00464,Customer Account 00464 Inc,South,Mid-Market,AM-059,Net30,2021-07-30,contact00464@customer00464.example.com,7174 Commerce St,South City 36,XX,95323,CON,CRM-Legacy,2018-01-18
CUST-00465,Customer Account 00465 Inc,West,Mid-Market,AM-036,Net60,2019-06-21,contact00465@customer00465.example.com,1632 Commerce St,West City 39,XX,41444,RTL,CRM-Legacy,2019-11-07
CUST-00466,Customer Account 00466 Inc,Central,Enterprise,AM-010,Net30,2020-12-15,contact00466@customer00466.example.com,3051 Commerce St,Central City 30,XX,46057,CON,CRM-Legacy,2018-09-14
CUST-00467,Customer Account 00467 Inc,East,Mid-Market,AM-004,Net45,2020-02-21,contact00467@customer00467.example.com,7991 Commerce St,East City 31,XX,11269,CON,Manual-Import,2023-02-26
CUST-00468,Customer Account 00468 Inc,South,Mid-Market,AM-047,Prepaid,2021-03-11,contact00468@customer00468.example.com,7535 Commerce St,South City 30,XX,80320,LOG,Manual-Import,2019-06-21
CUST-00469,Customer Account 00469 Inc,East,Mid-Market,AM-039,Net45,2022-01-22,contact00469@customer00469.example.com,9545 Commerce St,East City 36,XX,23315,LOG,Manual-Import,2017-04-16
CUST-00470,Customer Account 00470 Inc,North,SMB,AM-013,Net60,2021-03-08,contact00470@customer00470.example.com,4191 Commerce St,North City 36,XX,24060,HLC,CRM-Legacy,2022-12-19
CUST-00471,Customer Account 00471 Inc,East,Enterprise,AM-041,Prepaid,2017-01-14,contact00471@customer00471.example.com,7566 Commerce St,East City 28,XX,84286,RTL,Manual-Import,2022-07-10
CUST-00472,Customer Account 00472 Inc,North,Mid-Market,AM-033,Net45,2018-04-06,contact00472@customer00472.example.com,5207 Commerce St,North City 39,XX,64675,AGR,Manual-Import,2022-05-23
CUST-00473,Customer Account 00473 Inc,East,Mid-Market,AM-046,Net45,2023-09-20,contact00473@customer00473.example.com,7327 Commerce St,East City 23,XX,50635,TEC,Manual-Import,2018-04-01
CUST-00474,Customer Account 00474 Inc,Central,SMB,AM-017,Net60,2018-10-01,contact00474@customer00474.example.com,6522 Commerce St,Central City 29,XX,80904,LOG,Manual-Import,2019-08-10
CUST-00475,Customer Account 00475 Inc,South,SMB,AM-006,Net60,2016-01-29,contact00475@customer00475.example.com,7042 Commerce St,South City 31,XX,74957,TEC,CRM-Legacy,2020-01-09
CUST-00476,Customer Account 00476 Inc,West,Mid-Market,AM-034,Net60,2018-08-29,contact00476@customer00476.example.com,6088 Commerce St,West City 11,XX,54232,HLC,Manual-Import,2023-05-08
CUST-00477,Customer Account 00477 Inc,West,Mid-Market,AM-008,Net30,2017-07-30,contact00477@customer00477.example.com,9992 Commerce St,West City 17,XX,28154,MFG,CRM-NextGen,2022-04-01
CUST-00478,Customer Account 00478 Inc,South,SMB,AM-007,Net30,2018-03-14,contact00478@customer00478.example.com,119 Commerce St,South City 19,XX,25348,RTL,CRM-Legacy,2021-12-30
CUST-00479,Customer Account 00479 Inc,East,Mid-Market,AM-056,Net30,2023-10-30,contact00479@customer00479.example.com,5937 Commerce St,East City 13,XX,68874,TEC,CRM-Legacy,2021-10-05
CUST-00480,Customer Account 00480 Inc,North,Mid-Market,AM-012,Net30,2016-07-22,contact00480@customer00480.example.com,5976 Commerce St,North City 28,XX,28274,HLC,CRM-NextGen,2023-04-28
CUST-00481,Customer Account 00481 Inc,West,SMB,AM-017,Net45,2017-02-27,contact00481@customer00481.example.com,3053 Commerce St,West City 24,XX,99305,HLC,CRM-Legacy,2017-06-29
CUST-00482,Customer Account 00482 Inc,East,SMB,AM-006,Prepaid,2017-11-30,contact00482@customer00482.example.com,5273 Commerce St,East City 23,XX,70083,LOG,Manual-Import,2018-08-05
CUST-00483,Customer Account 00483 Inc,Central,Enterprise,AM-003,Net30,2016-12-23,contact00483@customer00483.example.com,1307 Commerce St,Central City 19,XX,67614,AGR,CRM-Legacy,2018-06-08
CUST-00484,Customer Account 00484 Inc,North,Mid-Market,AM-009,Net30,2018-06-22,contact00484@customer00484.example.com,9255 Commerce St,North City 23,XX,31493,LOG,CRM-Legacy,2018-05-24
CUST-00485,Customer Account 00485 Inc,West,SMB,AM-031,Net30,2021-09-06,contact00485@customer00485.example.com,3409 Commerce St,West City 30,XX,90829,AGR,Manual-Import,2020-06-07
CUST-00486,Customer Account 00486 Inc,North,SMB,AM-032,Net30,2021-09-23,contact00486@customer00486.example.com,4471 Commerce St,North City 27,XX,47778,HLC,CRM-Legacy,2022-10-21
CUST-00487,Customer Account 00487 Inc,North,Enterprise,AM-014,Prepaid,2018-11-01,contact00487@customer00487.example.com,2499 Commerce St,North City 10,XX,27250,CON,CRM-NextGen,2017-11-24
CUST-00488,Customer Account 00488 Inc,Central,Mid-Market,AM-039,Net60,2017-04-02,contact00488@customer00488.example.com,8102 Commerce St,Central City 11,XX,12662,TEC,Manual-Import,2022-01-08
CUST-00489,Customer Account 00489 Inc,South,Mid-Market,AM-024,Prepaid,2018-06-04,contact00489@customer00489.example.com,2244 Commerce St,South City 4,XX,72393,MFG,Manual-Import,2023-12-29
CUST-00490,Customer Account 00490 Inc,North,Enterprise,AM-006,Net45,2023-02-25,contact00490@customer00490.example.com,1475 Commerce St,North City 26,XX,44434,TEC,Manual-Import,2021-05-01
CUST-00491,Customer Account 00491 Inc,South,Enterprise,AM-056,Net45,2018-01-01,contact00491@customer00491.example.com,6459 Commerce St,South City 34,XX,13519,AGR,Manual-Import,2024-03-01
CUST-00492,Customer Account 00492 Inc,West,SMB,AM-019,Net45,2018-10-28,contact00492@customer00492.example.com,7365 Commerce St,West City 28,XX,82841,LOG,Manual-Import,2017-05-27
CUST-00493,Customer Account 00493 Inc,North,Mid-Market,AM-013,Prepaid,2022-12-06,contact00493@customer00493.example.com,8151 Commerce St,North City 4,XX,72603,AGR,Manual-Import,2018-10-26
CUST-00494,Customer Account 00494 Inc,West,Mid-Market,AM-024,Net45,2023-06-27,contact00494@customer00494.example.com,1838 Commerce St,West City 6,XX,62178,CON,CRM-NextGen,2017-03-20
CUST-00495,Customer Account 00495 Inc,East,SMB,AM-055,Net30,2017-12-02,contact00495@customer00495.example.com,8990 Commerce St,East City 12,XX,57016,HLC,CRM-NextGen,2019-05-01
CUST-00496,Customer Account 00496 Inc,East,Mid-Market,AM-049,Prepaid,2019-07-07,contact00496@customer00496.example.com,8252 Commerce St,East City 29,XX,89535,TEC,CRM-NextGen,2017-01-19
CUST-00497,Customer Account 00497 Inc,North,Mid-Market,AM-007,Net45,2020-12-13,contact00497@customer00497.example.com,4043 Commerce St,North City 6,XX,60169,TEC,CRM-Legacy,2018-03-19
CUST-00498,Customer Account 00498 Inc,South,Enterprise,AM-042,Net45,2019-11-08,contact00498@customer00498.example.com,7716 Commerce St,South City 3,XX,89308,HLC,CRM-NextGen,2016-02-16
CUST-00499,Customer Account 00499 Inc,South,SMB,AM-028,Net60,2016-10-27,contact00499@customer00499.example.com,3974 Commerce St,South City 29,XX,67558,CON,CRM-NextGen,2020-02-22
CUST-00500,Customer Account 00500 Inc,Central,Mid-Market,AM-036,Net45,2021-11-01,contact00500@customer00500.example.com,8593 Commerce St,Central City 31,XX,69609,AGR,CRM-Legacy,2018-03-19
CUST-00501,Customer Account 00501 Inc,South,Enterprise,AM-039,Net30,2020-01-26,contact00501@customer00501.example.com,9685 Commerce St,South City 1,XX,89150,RTL,CRM-Legacy,2021-03-10
CUST-00502,Customer Account 00502 Inc,West,Enterprise,AM-052,Net45,2020-08-02,contact00502@customer00502.example.com,2682 Commerce St,West City 25,XX,33871,LOG,CRM-Legacy,2021-05-19
CUST-00503,Customer Account 00503 Inc,East,Enterprise,AM-007,Net60,2021-03-22,contact00503@customer00503.example.com,814 Commerce St,East City 9,XX,36612,LOG,CRM-Legacy,2023-07-25
CUST-00504,Customer Account 00504 Inc,East,Mid-Market,AM-056,Net60,2021-11-20,contact00504@customer00504.example.com,875 Commerce St,East City 26,XX,51369,MFG,Manual-Import,2018-03-07
CUST-00505,Customer Account 00505 Inc,Central,Mid-Market,AM-013,Prepaid,2023-10-30,contact00505@customer00505.example.com,7722 Commerce St,Central City 33,XX,79201,HLC,Manual-Import,2020-05-09
CUST-00506,Customer Account 00506 Inc,South,Mid-Market,AM-012,Net60,2016-07-14,contact00506@customer00506.example.com,6383 Commerce St,South City 26,XX,57224,CON,Manual-Import,2022-11-20
CUST-00507,Customer Account 00507 Inc,East,Enterprise,AM-052,Net45,2022-02-07,contact00507@customer00507.example.com,5197 Commerce St,East City 6,XX,52525,HLC,Manual-Import,2020-03-26
CUST-00508,Customer Account 00508 Inc,North,Enterprise,AM-003,Prepaid,2018-03-24,contact00508@customer00508.example.com,6380 Commerce St,North City 5,XX,49753,LOG,CRM-NextGen,2018-05-14
CUST-00509,Customer Account 00509 Inc,West,SMB,AM-030,Prepaid,2020-08-26,contact00509@customer00509.example.com,428 Commerce St,West City 17,XX,56256,LOG,Manual-Import,2017-10-29
CUST-00510,Customer Account 00510 Inc,East,Mid-Market,AM-011,Net60,2019-07-05,contact00510@customer00510.example.com,4428 Commerce St,East City 32,XX,55527,MFG,Manual-Import,2021-01-27
CUST-00511,Customer Account 00511 Inc,West,SMB,AM-042,Prepaid,2017-03-13,contact00511@customer00511.example.com,2267 Commerce St,West City 10,XX,96979,LOG,CRM-Legacy,2021-03-06
CUST-00512,Customer Account 00512 Inc,South,Enterprise,AM-003,Prepaid,2022-06-14,contact00512@customer00512.example.com,1924 Commerce St,South City 23,XX,28463,TEC,Manual-Import,2023-03-24
CUST-00513,Customer Account 00513 Inc,Central,Enterprise,AM-015,Net30,2021-01-15,contact00513@customer00513.example.com,6617 Commerce St,Central City 35,XX,18130,RTL,Manual-Import,2021-08-05
CUST-00514,Customer Account 00514 Inc,East,Enterprise,AM-009,Net60,2023-05-28,contact00514@customer00514.example.com,2037 Commerce St,East City 5,XX,76386,MFG,Manual-Import,2022-05-13
CUST-00515,Customer Account 00515 Inc,East,Mid-Market,AM-022,Prepaid,2022-07-27,contact00515@customer00515.example.com,2125 Commerce St,East City 8,XX,58649,CON,Manual-Import,2018-07-29
CUST-00516,Customer Account 00516 Inc,East,SMB,AM-007,Net45,2018-08-13,contact00516@customer00516.example.com,4676 Commerce St,East City 34,XX,64369,LOG,CRM-Legacy,2022-12-22
CUST-00517,Customer Account 00517 Inc,North,Mid-Market,AM-020,Prepaid,2023-05-02,contact00517@customer00517.example.com,5754 Commerce St,North City 18,XX,78557,CON,CRM-NextGen,2022-10-17
CUST-00518,Customer Account 00518 Inc,North,Enterprise,AM-017,Net30,2021-02-17,contact00518@customer00518.example.com,8568 Commerce St,North City 24,XX,50086,RTL,CRM-Legacy,2020-10-20
CUST-00519,Customer Account 00519 Inc,North,Mid-Market,AM-047,Net30,2017-12-27,contact00519@customer00519.example.com,232 Commerce St,North City 29,XX,54088,AGR,CRM-NextGen,2023-11-02
CUST-00520,Customer Account 00520 Inc,West,SMB,AM-009,Net45,2022-04-14,contact00520@customer00520.example.com,6322 Commerce St,West City 28,XX,34010,HLC,CRM-NextGen,2016-03-07
CUST-00521,Customer Account 00521 Inc,South,Mid-Market,AM-030,Prepaid,2018-05-19,contact00521@customer00521.example.com,9033 Commerce St,South City 37,XX,70649,RTL,CRM-Legacy,2023-09-03
CUST-00522,Customer Account 00522 Inc,North,SMB,AM-030,Prepaid,2018-04-30,contact00522@customer00522.example.com,5074 Commerce St,North City 25,XX,96865,TEC,CRM-Legacy,2023-08-04
CUST-00523,Customer Account 00523 Inc,East,Mid-Market,AM-011,Net60,2023-10-17,contact00523@customer00523.example.com,4469 Commerce St,East City 4,XX,89963,CON,CRM-NextGen,2016-06-30
CUST-00524,Customer Account 00524 Inc,Central,Mid-Market,AM-005,Net60,2020-07-12,contact00524@customer00524.example.com,4038 Commerce St,Central City 23,XX,42745,TEC,Manual-Import,2022-02-05
CUST-00525,Customer Account 00525 Inc,North,Mid-Market,AM-059,Net45,2018-08-28,contact00525@customer00525.example.com,3583 Commerce St,North City 13,XX,49241,AGR,Manual-Import,2018-11-10
CUST-00526,Customer Account 00526 Inc,South,Mid-Market,AM-040,Net30,2020-12-28,contact00526@customer00526.example.com,874 Commerce St,South City 33,XX,34299,TEC,CRM-NextGen,2019-11-26
CUST-00527,Customer Account 00527 Inc,East,Mid-Market,AM-016,Net30,2018-02-26,contact00527@customer00527.example.com,4441 Commerce St,East City 33,XX,96522,HLC,CRM-NextGen,2017-01-22
CUST-00528,Customer Account 00528 Inc,East,Mid-Market,AM-015,Net30,2023-07-11,contact00528@customer00528.example.com,8171 Commerce St,East City 12,XX,20811,RTL,CRM-NextGen,2019-05-04
CUST-00529,Customer Account 00529 Inc,Central,SMB,AM-058,Net30,2017-03-25,contact00529@customer00529.example.com,9089 Commerce St,Central City 24,XX,31214,AGR,CRM-Legacy,2022-04-23
CUST-00530,Customer Account 00530 Inc,Central,SMB,AM-029,Prepaid,2020-10-16,contact00530@customer00530.example.com,3005 Commerce St,Central City 8,XX,41998,MFG,Manual-Import,2019-01-13
CUST-00531,Customer Account 00531 Inc,West,Mid-Market,AM-004,Net30,2022-10-22,contact00531@customer00531.example.com,6015 Commerce St,West City 33,XX,82166,MFG,Manual-Import,2016-07-27
CUST-00532,Customer Account 00532 Inc,Central,Mid-Market,AM-040,Net30,2017-03-24,contact00532@customer00532.example.com,1275 Commerce St,Central City 32,XX,58021,RTL,CRM-Legacy,2016-08-22
CUST-00533,Customer Account 00533 Inc,South,Mid-Market,AM-045,Prepaid,2019-03-29,contact00533@customer00533.example.com,3391 Commerce St,South City 28,XX,22120,LOG,Manual-Import,2016-04-12
CUST-00534,Customer Account 00534 Inc,North,Mid-Market,AM-038,Net60,2019-11-23,contact00534@customer00534.example.com,6784 Commerce St,North City 17,XX,50881,HLC,CRM-Legacy,2017-07-25
CUST-00535,Customer Account 00535 Inc,North,Mid-Market,AM-048,Prepaid,2023-04-15,contact00535@customer00535.example.com,2416 Commerce St,North City 14,XX,47056,AGR,Manual-Import,2020-06-21
CUST-00536,Customer Account 00536 Inc,South,SMB,AM-023,Prepaid,2022-06-17,contact00536@customer00536.example.com,3161 Commerce St,South City 19,XX,96183,HLC,Manual-Import,2020-09-28
CUST-00537,Customer Account 00537 Inc,East,Mid-Market,AM-035,Net45,2022-03-22,contact00537@customer00537.example.com,6161 Commerce St,East City 16,XX,84024,TEC,Manual-Import,2020-12-20
CUST-00538,Customer Account 00538 Inc,Central,Mid-Market,AM-059,Prepaid,2017-11-26,contact00538@customer00538.example.com,7545 Commerce St,Central City 7,XX,88285,CON,CRM-NextGen,2019-09-09
CUST-00539,Customer Account 00539 Inc,West,Mid-Market,AM-023,Net30,2023-04-27,contact00539@customer00539.example.com,7516 Commerce St,West City 18,XX,84854,CON,CRM-NextGen,2016-12-03
CUST-00540,Customer Account 00540 Inc,East,Enterprise,AM-007,Net60,2019-01-07,contact00540@customer00540.example.com,1395 Commerce St,East City 19,XX,28060,RTL,Manual-Import,2018-11-15
CUST-00541,Customer Account 00541 Inc,East,Mid-Market,AM-001,Net60,2016-12-23,contact00541@customer00541.example.com,9304 Commerce St,East City 6,XX,68751,MFG,Manual-Import,2021-09-20
CUST-00542,Customer Account 00542 Inc,Central,Mid-Market,AM-055,Prepaid,2016-10-15,contact00542@customer00542.example.com,6486 Commerce St,Central City 39,XX,43947,LOG,CRM-NextGen,2019-11-05
CUST-00543,Customer Account 00543 Inc,South,SMB,AM-007,Net45,2023-11-24,contact00543@customer00543.example.com,1919 Commerce St,South City 31,XX,50698,CON,CRM-Legacy,2021-01-06
CUST-00544,Customer Account 00544 Inc,West,Enterprise,AM-058,Net30,2017-03-24,contact00544@customer00544.example.com,3064 Commerce St,West City 33,XX,27566,RTL,CRM-Legacy,2019-02-23
CUST-00545,Customer Account 00545 Inc,West,Mid-Market,AM-017,Prepaid,2016-03-18,contact00545@customer00545.example.com,2086 Commerce St,West City 23,XX,85817,HLC,CRM-Legacy,2020-07-12
CUST-00546,Customer Account 00546 Inc,South,SMB,AM-018,Net45,2020-11-09,contact00546@customer00546.example.com,5453 Commerce St,South City 38,XX,95158,HLC,CRM-Legacy,2016-01-07
CUST-00547,Customer Account 00547 Inc,North,SMB,AM-047,Net30,2016-06-25,contact00547@customer00547.example.com,1786 Commerce St,North City 25,XX,10809,CON,Manual-Import,2017-03-13
CUST-00548,Customer Account 00548 Inc,West,Mid-Market,AM-033,Net30,2016-02-19,contact00548@customer00548.example.com,7080 Commerce St,West City 34,XX,11690,TEC,Manual-Import,2022-06-03
CUST-00549,Customer Account 00549 Inc,Central,SMB,AM-043,Prepaid,2019-08-06,contact00549@customer00549.example.com,4129 Commerce St,Central City 17,XX,95563,RTL,Manual-Import,2021-02-18
CUST-00550,Customer Account 00550 Inc,North,SMB,AM-029,Net45,2018-12-05,contact00550@customer00550.example.com,749 Commerce St,North City 6,XX,78761,LOG,CRM-Legacy,2022-10-20
CUST-00551,Customer Account 00551 Inc,East,SMB,AM-021,Prepaid,2020-01-17,contact00551@customer00551.example.com,3531 Commerce St,East City 30,XX,57258,HLC,CRM-NextGen,2020-05-25
CUST-00552,Customer Account 00552 Inc,North,Enterprise,AM-004,Net60,2022-06-03,contact00552@customer00552.example.com,2228 Commerce St,North City 15,XX,98045,MFG,Manual-Import,2017-05-17
CUST-00553,Customer Account 00553 Inc,Central,SMB,AM-025,Net30,2018-12-26,contact00553@customer00553.example.com,5072 Commerce St,Central City 30,XX,47703,LOG,CRM-NextGen,2018-10-20
CUST-00554,Customer Account 00554 Inc,South,Enterprise,AM-048,Prepaid,2019-05-30,contact00554@customer00554.example.com,3553 Commerce St,South City 4,XX,99838,MFG,Manual-Import,2016-07-12
CUST-00555,Customer Account 00555 Inc,East,SMB,AM-007,Net60,2020-06-19,contact00555@customer00555.example.com,1277 Commerce St,East City 37,XX,43784,TEC,Manual-Import,2021-03-01
CUST-00556,Customer Account 00556 Inc,West,Mid-Market,AM-011,Net30,2019-03-01,contact00556@customer00556.example.com,8330 Commerce St,West City 37,XX,84101,LOG,Manual-Import,2017-08-18
CUST-00557,Customer Account 00557 Inc,Central,Mid-Market,AM-037,Net30,2020-08-14,contact00557@customer00557.example.com,7627 Commerce St,Central City 5,XX,55405,CON,CRM-NextGen,2022-07-25
CUST-00558,Customer Account 00558 Inc,North,Mid-Market,AM-021,Net30,2016-12-14,contact00558@customer00558.example.com,5971 Commerce St,North City 37,XX,14424,MFG,CRM-NextGen,2017-09-17
CUST-00559,Customer Account 00559 Inc,North,SMB,AM-018,Net45,2021-10-02,contact00559@customer00559.example.com,8248 Commerce St,North City 1,XX,86753,RTL,Manual-Import,2022-02-28
CUST-00560,Customer Account 00560 Inc,Central,Enterprise,AM-024,Net45,2023-12-01,contact00560@customer00560.example.com,1669 Commerce St,Central City 6,XX,73010,TEC,CRM-NextGen,2018-01-14
CUST-00561,Customer Account 00561 Inc,North,SMB,AM-044,Net45,2019-04-06,contact00561@customer00561.example.com,2377 Commerce St,North City 26,XX,35617,LOG,CRM-NextGen,2022-09-10
CUST-00562,Customer Account 00562 Inc,East,Mid-Market,AM-025,Net45,2023-04-14,contact00562@customer00562.example.com,7059 Commerce St,East City 2,XX,15240,MFG,Manual-Import,2017-09-09
CUST-00563,Customer Account 00563 Inc,South,Enterprise,AM-049,Net30,2018-05-05,contact00563@customer00563.example.com,987 Commerce St,South City 25,XX,76308,RTL,CRM-NextGen,2018-06-28
CUST-00564,Customer Account 00564 Inc,North,Mid-Market,AM-028,Prepaid,2024-02-25,contact00564@customer00564.example.com,657 Commerce St,North City 7,XX,36046,AGR,CRM-Legacy,2019-11-11
CUST-00565,Customer Account 00565 Inc,East,Enterprise,AM-008,Net30,2020-02-09,contact00565@customer00565.example.com,9371 Commerce St,East City 14,XX,33104,RTL,Manual-Import,2023-11-16
CUST-00566,Customer Account 00566 Inc,West,SMB,AM-028,Net30,2017-05-06,contact00566@customer00566.example.com,6817 Commerce St,West City 8,XX,19740,CON,CRM-Legacy,2018-03-20
CUST-00567,Customer Account 00567 Inc,West,Enterprise,AM-011,Net60,2016-08-16,contact00567@customer00567.example.com,7343 Commerce St,West City 30,XX,81533,RTL,CRM-Legacy,2024-01-14
CUST-00568,Customer Account 00568 Inc,West,Mid-Market,AM-011,Net60,2019-01-29,contact00568@customer00568.example.com,8095 Commerce St,West City 20,XX,99215,LOG,CRM-NextGen,2022-11-09
CUST-00569,Customer Account 00569 Inc,East,Mid-Market,AM-001,Prepaid,2022-10-19,contact00569@customer00569.example.com,1551 Commerce St,East City 1,XX,57590,TEC,Manual-Import,2018-02-17
CUST-00570,Customer Account 00570 Inc,Central,Mid-Market,AM-025,Prepaid,2019-03-21,contact00570@customer00570.example.com,5649 Commerce St,Central City 35,XX,11645,TEC,Manual-Import,2023-06-04
CUST-00571,Customer Account 00571 Inc,North,Mid-Market,AM-043,Net60,2020-01-20,contact00571@customer00571.example.com,6614 Commerce St,North City 16,XX,25946,AGR,CRM-Legacy,2017-07-16
CUST-00572,Customer Account 00572 Inc,Central,Mid-Market,AM-056,Net45,2021-01-09,contact00572@customer00572.example.com,6130 Commerce St,Central City 21,XX,68961,TEC,Manual-Import,2021-06-26
CUST-00573,Customer Account 00573 Inc,South,Mid-Market,AM-039,Prepaid,2020-10-13,contact00573@customer00573.example.com,632 Commerce St,South City 14,XX,98580,CON,Manual-Import,2020-07-01
CUST-00574,Customer Account 00574 Inc,North,SMB,AM-011,Prepaid,2019-10-03,contact00574@customer00574.example.com,7271 Commerce St,North City 22,XX,76582,CON,CRM-NextGen,2021-05-12
CUST-00575,Customer Account 00575 Inc,South,Mid-Market,AM-045,Net60,2016-11-27,contact00575@customer00575.example.com,3836 Commerce St,South City 27,XX,34966,RTL,CRM-NextGen,2016-12-09
CUST-00576,Customer Account 00576 Inc,West,Mid-Market,AM-008,Prepaid,2024-02-23,contact00576@customer00576.example.com,885 Commerce St,West City 7,XX,75896,HLC,CRM-NextGen,2023-07-25
CUST-00577,Customer Account 00577 Inc,North,Mid-Market,AM-057,Net60,2023-03-26,contact00577@customer00577.example.com,5582 Commerce St,North City 6,XX,32402,AGR,CRM-NextGen,2016-02-09
CUST-00578,Customer Account 00578 Inc,East,Mid-Market,AM-024,Prepaid,2021-10-13,contact00578@customer00578.example.com,800 Commerce St,East City 1,XX,41134,TEC,CRM-NextGen,2021-09-21
CUST-00579,Customer Account 00579 Inc,North,SMB,AM-003,Net30,2018-12-19,contact00579@customer00579.example.com,6303 Commerce St,North City 7,XX,87394,RTL,CRM-NextGen,2018-10-13
CUST-00580,Customer Account 00580 Inc,West,Mid-Market,AM-012,Prepaid,2021-03-13,contact00580@customer00580.example.com,7579 Commerce St,West City 17,XX,22610,HLC,Manual-Import,2022-06-03
CUST-00581,Customer Account 00581 Inc,West,Mid-Market,AM-018,Net60,2023-05-02,contact00581@customer00581.example.com,6846 Commerce St,West City 9,XX,29940,CON,Manual-Import,2023-10-14
CUST-00582,Customer Account 00582 Inc,West,SMB,AM-032,Net30,2018-07-19,contact00582@customer00582.example.com,3404 Commerce St,West City 23,XX,36539,HLC,CRM-Legacy,2016-01-12
CUST-00583,Customer Account 00583 Inc,East,Mid-Market,AM-059,Net45,2023-12-29,contact00583@customer00583.example.com,6671 Commerce St,East City 26,XX,27043,LOG,CRM-Legacy,2023-12-11
CUST-00584,Customer Account 00584 Inc,Central,SMB,AM-034,Net60,2022-04-20,contact00584@customer00584.example.com,5946 Commerce St,Central City 21,XX,40121,CON,CRM-Legacy,2017-08-05
CUST-00585,Customer Account 00585 Inc,South,Mid-Market,AM-001,Prepaid,2019-07-28,contact00585@customer00585.example.com,3460 Commerce St,South City 9,XX,83863,TEC,CRM-NextGen,2021-05-27
CUST-00586,Customer Account 00586 Inc,Central,SMB,AM-039,Prepaid,2023-12-08,contact00586@customer00586.example.com,1000 Commerce St,Central City 35,XX,27385,CON,CRM-NextGen,2017-09-09
CUST-00587,Customer Account 00587 Inc,North,Enterprise,AM-056,Net60,2017-03-30,contact00587@customer00587.example.com,5708 Commerce St,North City 13,XX,77649,CON,CRM-NextGen,2021-08-06
CUST-00588,Customer Account 00588 Inc,East,SMB,AM-001,Net45,2017-06-09,contact00588@customer00588.example.com,177 Commerce St,East City 12,XX,79123,HLC,Manual-Import,2018-09-24
CUST-00589,Customer Account 00589 Inc,East,Enterprise,AM-045,Net30,2017-08-12,contact00589@customer00589.example.com,8728 Commerce St,East City 1,XX,16444,AGR,CRM-NextGen,2024-01-30
CUST-00590,Customer Account 00590 Inc,South,Mid-Market,AM-039,Net30,2023-06-17,contact00590@customer00590.example.com,4217 Commerce St,South City 10,XX,98604,MFG,Manual-Import,2020-03-09
CUST-00591,Customer Account 00591 Inc,West,Mid-Market,AM-016,Net45,2019-09-30,contact00591@customer00591.example.com,3033 Commerce St,West City 13,XX,22608,TEC,CRM-NextGen,2019-02-14
CUST-00592,Customer Account 00592 Inc,Central,SMB,AM-007,Net30,2021-10-04,contact00592@customer00592.example.com,2170 Commerce St,Central City 2,XX,87489,MFG,CRM-Legacy,2016-10-16
CUST-00593,Customer Account 00593 Inc,North,Enterprise,AM-004,Prepaid,2017-04-16,contact00593@customer00593.example.com,9156 Commerce St,North City 34,XX,66649,AGR,CRM-Legacy,2022-06-07
CUST-00594,Customer Account 00594 Inc,South,SMB,AM-037,Net45,2022-01-24,contact00594@customer00594.example.com,8843 Commerce St,South City 35,XX,76524,AGR,Manual-Import,2022-01-18
CUST-00595,Customer Account 00595 Inc,North,Mid-Market,AM-048,Net45,2017-10-01,contact00595@customer00595.example.com,2890 Commerce St,North City 4,XX,49568,HLC,CRM-NextGen,2016-10-02
CUST-00596,Customer Account 00596 Inc,West,Enterprise,AM-010,Net30,2018-06-19,contact00596@customer00596.example.com,4137 Commerce St,West City 38,XX,57276,HLC,Manual-Import,2017-12-23
CUST-00597,Customer Account 00597 Inc,Central,Mid-Market,AM-024,Net30,2021-07-14,contact00597@customer00597.example.com,5814 Commerce St,Central City 25,XX,68663,MFG,Manual-Import,2020-03-13
CUST-00598,Customer Account 00598 Inc,West,SMB,AM-003,Net45,2023-09-08,contact00598@customer00598.example.com,6541 Commerce St,West City 36,XX,83944,RTL,Manual-Import,2022-02-05
CUST-00599,Customer Account 00599 Inc,North,SMB,AM-047,Net30,2018-02-17,contact00599@customer00599.example.com,3541 Commerce St,North City 18,XX,66817,RTL,Manual-Import,2016-03-13
CUST-00600,Customer Account 00600 Inc,South,Mid-Market,AM-039,Net60,2018-01-14,contact00600@customer00600.example.com,9646 Commerce St,South City 34,XX,97391,TEC,CRM-NextGen,2024-03-02
CUST-00601,Customer Account 00601 Inc,West,SMB,AM-047,Net60,2022-05-08,contact00601@customer00601.example.com,8266 Commerce St,West City 5,XX,18916,MFG,CRM-NextGen,2023-07-08
CUST-00602,Customer Account 00602 Inc,North,Mid-Market,AM-009,Net30,2021-01-03,contact00602@customer00602.example.com,9062 Commerce St,North City 9,XX,10254,RTL,CRM-Legacy,2019-10-30
CUST-00603,Customer Account 00603 Inc,North,SMB,AM-022,Net45,2016-08-13,contact00603@customer00603.example.com,532 Commerce St,North City 20,XX,63261,RTL,CRM-Legacy,2020-12-25
CUST-00604,Customer Account 00604 Inc,East,Enterprise,AM-007,Prepaid,2022-08-08,contact00604@customer00604.example.com,3188 Commerce St,East City 10,XX,22117,AGR,Manual-Import,2018-03-30
CUST-00605,Customer Account 00605 Inc,West,Mid-Market,AM-014,Net30,2023-03-27,contact00605@customer00605.example.com,9459 Commerce St,West City 16,XX,91655,RTL,CRM-Legacy,2020-05-28
CUST-00606,Customer Account 00606 Inc,West,SMB,AM-023,Net30,2024-02-19,contact00606@customer00606.example.com,1675 Commerce St,West City 21,XX,48073,TEC,CRM-Legacy,2018-10-26
CUST-00607,Customer Account 00607 Inc,North,Mid-Market,AM-058,Net30,2017-06-17,contact00607@customer00607.example.com,3962 Commerce St,North City 38,XX,53036,LOG,Manual-Import,2019-07-31
CUST-00608,Customer Account 00608 Inc,Central,SMB,AM-021,Net60,2022-10-22,contact00608@customer00608.example.com,1712 Commerce St,Central City 20,XX,69824,HLC,Manual-Import,2018-06-23
CUST-00609,Customer Account 00609 Inc,South,Enterprise,AM-020,Net30,2022-05-24,contact00609@customer00609.example.com,2152 Commerce St,South City 5,XX,33728,HLC,CRM-Legacy,2022-11-09
CUST-00610,Customer Account 00610 Inc,North,Mid-Market,AM-024,Net30,2023-10-15,contact00610@customer00610.example.com,9378 Commerce St,North City 5,XX,27755,LOG,CRM-NextGen,2016-07-05
CUST-00611,Customer Account 00611 Inc,North,Mid-Market,AM-025,Net30,2019-01-15,contact00611@customer00611.example.com,2684 Commerce St,North City 21,XX,38929,RTL,Manual-Import,2020-09-03
CUST-00612,Customer Account 00612 Inc,East,SMB,AM-008,Prepaid,2020-10-17,contact00612@customer00612.example.com,486 Commerce St,East City 19,XX,35217,MFG,CRM-Legacy,2020-02-08
CUST-00613,Customer Account 00613 Inc,East,Mid-Market,AM-034,Net45,2021-07-25,contact00613@customer00613.example.com,2051 Commerce St,East City 3,XX,86820,RTL,CRM-Legacy,2022-01-21
CUST-00614,Customer Account 00614 Inc,East,Mid-Market,AM-009,Net60,2021-05-06,contact00614@customer00614.example.com,8312 Commerce St,East City 29,XX,73274,MFG,Manual-Import,2017-01-14
CUST-00615,Customer Account 00615 Inc,South,Mid-Market,AM-027,Net30,2019-09-23,contact00615@customer00615.example.com,3559 Commerce St,South City 26,XX,56781,AGR,CRM-Legacy,2023-10-19
CUST-00616,Customer Account 00616 Inc,South,Enterprise,AM-021,Prepaid,2018-03-03,contact00616@customer00616.example.com,9280 Commerce St,South City 6,XX,87777,HLC,CRM-NextGen,2023-03-02
CUST-00617,Customer Account 00617 Inc,North,Enterprise,AM-021,Net30,2020-04-16,contact00617@customer00617.example.com,344 Commerce St,North City 39,XX,91336,RTL,CRM-Legacy,2022-05-22
CUST-00618,Customer Account 00618 Inc,East,Mid-Market,AM-049,Net45,2021-02-01,contact00618@customer00618.example.com,6386 Commerce St,East City 17,XX,36913,RTL,CRM-NextGen,2019-07-02
CUST-00619,Customer Account 00619 Inc,East,SMB,AM-006,Prepaid,2022-10-23,contact00619@customer00619.example.com,6225 Commerce St,East City 12,XX,68855,TEC,Manual-Import,2017-11-27
CUST-00620,Customer Account 00620 Inc,North,SMB,AM-008,Net30,2017-02-06,contact00620@customer00620.example.com,4029 Commerce St,North City 31,XX,48200,RTL,CRM-Legacy,2022-09-21
CUST-00621,Customer Account 00621 Inc,East,Mid-Market,AM-022,Net45,2022-03-01,contact00621@customer00621.example.com,3341 Commerce St,East City 20,XX,69818,RTL,CRM-Legacy,2022-12-26
CUST-00622,Customer Account 00622 Inc,South,Enterprise,AM-021,Net30,2019-06-02,contact00622@customer00622.example.com,9684 Commerce St,South City 23,XX,62061,CON,Manual-Import,2022-11-11
CUST-00623,Customer Account 00623 Inc,North,Mid-Market,AM-032,Prepaid,2018-02-23,contact00623@customer00623.example.com,8354 Commerce St,North City 4,XX,64160,AGR,CRM-NextGen,2016-11-13
CUST-00624,Customer Account 00624 Inc,North,Mid-Market,AM-036,Net30,2022-06-14,contact00624@customer00624.example.com,4645 Commerce St,North City 3,XX,43110,RTL,Manual-Import,2023-06-21
CUST-00625,Customer Account 00625 Inc,North,Mid-Market,AM-034,Net30,2022-02-21,contact00625@customer00625.example.com,813 Commerce St,North City 36,XX,30802,RTL,Manual-Import,2023-05-28
CUST-00626,Customer Account 00626 Inc,North,SMB,AM-007,Net45,2017-05-09,contact00626@customer00626.example.com,1611 Commerce St,North City 11,XX,71683,MFG,CRM-NextGen,2022-08-08
CUST-00627,Customer Account 00627 Inc,North,Mid-Market,AM-059,Net30,2018-09-03,contact00627@customer00627.example.com,2657 Commerce St,North City 11,XX,93241,RTL,CRM-Legacy,2022-06-20
CUST-00628,Customer Account 00628 Inc,North,SMB,AM-004,Prepaid,2023-08-13,contact00628@customer00628.example.com,8652 Commerce St,North City 5,XX,46088,TEC,CRM-Legacy,2024-02-26
CUST-00629,Customer Account 00629 Inc,West,SMB,AM-051,Net30,2016-03-08,contact00629@customer00629.example.com,6441 Commerce St,West City 3,XX,34855,AGR,CRM-NextGen,2019-02-03
CUST-00630,Customer Account 00630 Inc,South,SMB,AM-040,Net45,2019-06-20,contact00630@customer00630.example.com,1120 Commerce St,South City 6,XX,34136,HLC,Manual-Import,2023-02-26
CUST-00631,Customer Account 00631 Inc,North,Enterprise,AM-020,Net45,2023-11-17,contact00631@customer00631.example.com,1932 Commerce St,North City 27,XX,45336,TEC,Manual-Import,2022-10-23
CUST-00632,Customer Account 00632 Inc,Central,SMB,AM-025,Prepaid,2023-01-16,contact00632@customer00632.example.com,4824 Commerce St,Central City 11,XX,25712,HLC,CRM-NextGen,2018-04-07
CUST-00633,Customer Account 00633 Inc,Central,Mid-Market,AM-039,Net60,2020-04-16,contact00633@customer00633.example.com,9471 Commerce St,Central City 38,XX,48893,TEC,CRM-Legacy,2022-06-09
CUST-00634,Customer Account 00634 Inc,Central,Mid-Market,AM-039,Prepaid,2016-05-06,contact00634@customer00634.example.com,5942 Commerce St,Central City 26,XX,58307,CON,Manual-Import,2017-01-09
CUST-00635,Customer Account 00635 Inc,East,Mid-Market,AM-047,Prepaid,2018-08-30,contact00635@customer00635.example.com,4462 Commerce St,East City 33,XX,49536,HLC,CRM-NextGen,2021-02-08
CUST-00636,Customer Account 00636 Inc,Central,Enterprise,AM-037,Prepaid,2019-06-22,contact00636@customer00636.example.com,2094 Commerce St,Central City 9,XX,19549,RTL,Manual-Import,2021-05-18
CUST-00637,Customer Account 00637 Inc,East,SMB,AM-001,Prepaid,2019-04-01,contact00637@customer00637.example.com,6042 Commerce St,East City 12,XX,89973,LOG,CRM-Legacy,2019-12-31
CUST-00638,Customer Account 00638 Inc,South,SMB,AM-037,Prepaid,2023-02-27,contact00638@customer00638.example.com,1903 Commerce St,South City 6,XX,83319,MFG,CRM-NextGen,2024-02-29
CUST-00639,Customer Account 00639 Inc,East,SMB,AM-001,Net45,2021-01-07,contact00639@customer00639.example.com,6160 Commerce St,East City 22,XX,96482,AGR,CRM-Legacy,2024-02-25
CUST-00640,Customer Account 00640 Inc,Central,Mid-Market,AM-003,Prepaid,2021-11-20,contact00640@customer00640.example.com,5782 Commerce St,Central City 12,XX,18699,LOG,CRM-NextGen,2019-10-02
CUST-00641,Customer Account 00641 Inc,Central,SMB,AM-010,Net45,2023-09-29,contact00641@customer00641.example.com,8591 Commerce St,Central City 4,XX,51194,AGR,CRM-NextGen,2017-10-07
CUST-00642,Customer Account 00642 Inc,North,Mid-Market,AM-001,Net45,2023-01-08,contact00642@customer00642.example.com,5134 Commerce St,North City 6,XX,17491,MFG,CRM-Legacy,2022-01-26
CUST-00643,Customer Account 00643 Inc,North,Enterprise,AM-024,Net30,2017-11-21,contact00643@customer00643.example.com,1602 Commerce St,North City 31,XX,92500,CON,Manual-Import,2022-04-01
CUST-00644,Customer Account 00644 Inc,Central,Mid-Market,AM-006,Net60,2022-07-19,contact00644@customer00644.example.com,4987 Commerce St,Central City 11,XX,11711,RTL,CRM-Legacy,2019-02-19
CUST-00645,Customer Account 00645 Inc,West,Enterprise,AM-020,Net60,2023-11-01,contact00645@customer00645.example.com,3222 Commerce St,West City 19,XX,96666,CON,CRM-NextGen,2016-12-29
CUST-00646,Customer Account 00646 Inc,Central,Mid-Market,AM-036,Prepaid,2023-08-27,contact00646@customer00646.example.com,2037 Commerce St,Central City 17,XX,98776,AGR,CRM-NextGen,2018-07-01
CUST-00647,Customer Account 00647 Inc,West,SMB,AM-035,Net45,2021-02-18,contact00647@customer00647.example.com,531 Commerce St,West City 28,XX,59248,LOG,CRM-Legacy,2023-08-08
CUST-00648,Customer Account 00648 Inc,East,Enterprise,AM-013,Net45,2020-07-09,contact00648@customer00648.example.com,8694 Commerce St,East City 39,XX,71038,TEC,CRM-NextGen,2018-09-19
CUST-00649,Customer Account 00649 Inc,South,Enterprise,AM-032,Net30,2017-06-15,contact00649@customer00649.example.com,2178 Commerce St,South City 6,XX,21716,MFG,CRM-NextGen,2021-12-06
CUST-00650,Customer Account 00650 Inc,North,Enterprise,AM-020,Prepaid,2020-03-16,contact00650@customer00650.example.com,7268 Commerce St,North City 13,XX,39211,HLC,CRM-Legacy,2018-08-04
CUST-00651,Customer Account 00651 Inc,Central,SMB,AM-001,Net30,2016-11-28,contact00651@customer00651.example.com,5569 Commerce St,Central City 9,XX,98024,RTL,CRM-Legacy,2018-09-21
CUST-00652,Customer Account 00652 Inc,South,Mid-Market,AM-010,Net60,2017-12-30,contact00652@customer00652.example.com,1054 Commerce St,South City 3,XX,14752,LOG,CRM-Legacy,2018-07-05
CUST-00653,Customer Account 00653 Inc,East,Mid-Market,AM-006,Prepaid,2017-01-04,contact00653@customer00653.example.com,269 Commerce St,East City 31,XX,43304,MFG,CRM-NextGen,2019-10-25
CUST-00654,Customer Account 00654 Inc,Central,Enterprise,AM-056,Net60,2017-08-27,contact00654@customer00654.example.com,8395 Commerce St,Central City 24,XX,41897,LOG,CRM-NextGen,2019-03-03
CUST-00655,Customer Account 00655 Inc,North,Enterprise,AM-039,Net30,2021-04-08,contact00655@customer00655.example.com,9217 Commerce St,North City 10,XX,29561,CON,CRM-Legacy,2016-09-22
CUST-00656,Customer Account 00656 Inc,West,Mid-Market,AM-031,Net30,2021-08-07,contact00656@customer00656.example.com,6689 Commerce St,West City 30,XX,18936,AGR,CRM-Legacy,2024-02-25
CUST-00657,Customer Account 00657 Inc,Central,SMB,AM-028,Prepaid,2016-02-25,contact00657@customer00657.example.com,929 Commerce St,Central City 36,XX,80326,CON,CRM-Legacy,2019-06-18
CUST-00658,Customer Account 00658 Inc,South,SMB,AM-026,Net45,2022-11-05,contact00658@customer00658.example.com,995 Commerce St,South City 32,XX,70881,TEC,CRM-NextGen,2019-01-18
CUST-00659,Customer Account 00659 Inc,South,Mid-Market,AM-056,Prepaid,2020-06-18,contact00659@customer00659.example.com,6427 Commerce St,South City 24,XX,55521,CON,Manual-Import,2021-11-09
CUST-00660,Customer Account 00660 Inc,Central,SMB,AM-033,Net30,2023-01-23,contact00660@customer00660.example.com,6897 Commerce St,Central City 18,XX,79674,RTL,Manual-Import,2020-09-25
CUST-00661,Customer Account 00661 Inc,Central,Mid-Market,AM-037,Net60,2023-04-25,contact00661@customer00661.example.com,7872 Commerce St,Central City 4,XX,57915,HLC,CRM-Legacy,2023-02-10
CUST-00662,Customer Account 00662 Inc,Central,Mid-Market,AM-056,Prepaid,2017-07-31,contact00662@customer00662.example.com,637 Commerce St,Central City 17,XX,66630,TEC,CRM-Legacy,2020-04-07
CUST-00663,Customer Account 00663 Inc,Central,Mid-Market,AM-017,Net45,2021-05-20,contact00663@customer00663.example.com,3808 Commerce St,Central City 25,XX,11773,CON,CRM-Legacy,2019-02-05
CUST-00664,Customer Account 00664 Inc,Central,Mid-Market,AM-020,Prepaid,2023-10-24,contact00664@customer00664.example.com,9098 Commerce St,Central City 16,XX,38574,CON,Manual-Import,2020-04-17
CUST-00665,Customer Account 00665 Inc,West,Mid-Market,AM-052,Net30,2019-07-26,contact00665@customer00665.example.com,5793 Commerce St,West City 33,XX,37056,RTL,CRM-Legacy,2020-11-17
CUST-00666,Customer Account 00666 Inc,South,SMB,AM-024,Net60,2021-12-04,contact00666@customer00666.example.com,5250 Commerce St,South City 1,XX,33750,AGR,CRM-NextGen,2021-10-10
CUST-00667,Customer Account 00667 Inc,West,Mid-Market,AM-034,Net30,2017-03-23,contact00667@customer00667.example.com,3045 Commerce St,West City 25,XX,93558,TEC,CRM-NextGen,2023-01-28
CUST-00668,Customer Account 00668 Inc,West,Mid-Market,AM-016,Net45,2018-01-16,contact00668@customer00668.example.com,5959 Commerce St,West City 25,XX,32797,MFG,Manual-Import,2019-03-21
CUST-00669,Customer Account 00669 Inc,West,Mid-Market,AM-011,Net30,2018-08-08,contact00669@customer00669.example.com,7216 Commerce St,West City 31,XX,41766,MFG,CRM-Legacy,2020-07-26
CUST-00670,Customer Account 00670 Inc,West,Enterprise,AM-036,Net30,2016-04-17,contact00670@customer00670.example.com,4675 Commerce St,West City 13,XX,16389,CON,CRM-NextGen,2023-11-27
CUST-00671,Customer Account 00671 Inc,East,SMB,AM-006,Prepaid,2021-09-09,contact00671@customer00671.example.com,3681 Commerce St,East City 27,XX,81832,TEC,Manual-Import,2023-12-10
CUST-00672,Customer Account 00672 Inc,West,SMB,AM-030,Prepaid,2018-02-26,contact00672@customer00672.example.com,196 Commerce St,West City 32,XX,31242,LOG,CRM-Legacy,2023-06-23
CUST-00673,Customer Account 00673 Inc,West,SMB,AM-018,Net30,2016-10-12,contact00673@customer00673.example.com,7920 Commerce St,West City 27,XX,21467,HLC,CRM-NextGen,2021-05-30
CUST-00674,Customer Account 00674 Inc,South,Enterprise,AM-025,Prepaid,2017-11-24,contact00674@customer00674.example.com,9277 Commerce St,South City 2,XX,99081,HLC,Manual-Import,2022-11-25
CUST-00675,Customer Account 00675 Inc,South,SMB,AM-044,Prepaid,2022-08-18,contact00675@customer00675.example.com,7305 Commerce St,South City 15,XX,19781,TEC,CRM-Legacy,2020-03-05
CUST-00676,Customer Account 00676 Inc,Central,Mid-Market,AM-007,Net30,2021-11-30,contact00676@customer00676.example.com,100 Commerce St,Central City 24,XX,55671,AGR,CRM-NextGen,2016-12-22
CUST-00677,Customer Account 00677 Inc,South,Mid-Market,AM-045,Net45,2023-03-15,contact00677@customer00677.example.com,3198 Commerce St,South City 10,XX,84836,TEC,CRM-NextGen,2020-01-01
CUST-00678,Customer Account 00678 Inc,West,Mid-Market,AM-016,Net60,2017-07-10,contact00678@customer00678.example.com,211 Commerce St,West City 23,XX,22487,LOG,Manual-Import,2018-08-07
CUST-00679,Customer Account 00679 Inc,South,SMB,AM-030,Net30,2019-09-19,contact00679@customer00679.example.com,1970 Commerce St,South City 33,XX,22984,TEC,Manual-Import,2019-08-13
CUST-00680,Customer Account 00680 Inc,North,Enterprise,AM-010,Net45,2021-01-08,contact00680@customer00680.example.com,3856 Commerce St,North City 33,XX,71904,MFG,Manual-Import,2023-06-23
CUST-00681,Customer Account 00681 Inc,South,Mid-Market,AM-022,Net45,2023-05-07,contact00681@customer00681.example.com,6547 Commerce St,South City 35,XX,41543,TEC,CRM-Legacy,2018-04-10
CUST-00682,Customer Account 00682 Inc,East,Mid-Market,AM-011,Net30,2022-05-30,contact00682@customer00682.example.com,991 Commerce St,East City 13,XX,27887,CON,Manual-Import,2017-08-08
CUST-00683,Customer Account 00683 Inc,East,Mid-Market,AM-029,Net60,2020-02-19,contact00683@customer00683.example.com,212 Commerce St,East City 23,XX,61106,LOG,CRM-NextGen,2023-05-23
CUST-00684,Customer Account 00684 Inc,South,Enterprise,AM-042,Net60,2023-07-20,contact00684@customer00684.example.com,5603 Commerce St,South City 35,XX,47788,LOG,CRM-NextGen,2019-12-08
CUST-00685,Customer Account 00685 Inc,South,SMB,AM-011,Net45,2019-03-11,contact00685@customer00685.example.com,4720 Commerce St,South City 14,XX,82643,HLC,CRM-NextGen,2020-08-04
CUST-00686,Customer Account 00686 Inc,West,SMB,AM-020,Net60,2021-04-27,contact00686@customer00686.example.com,5481 Commerce St,West City 20,XX,95376,MFG,CRM-Legacy,2023-09-10
CUST-00687,Customer Account 00687 Inc,Central,Mid-Market,AM-025,Prepaid,2019-09-30,contact00687@customer00687.example.com,7622 Commerce St,Central City 15,XX,44318,CON,CRM-NextGen,2016-02-11
CUST-00688,Customer Account 00688 Inc,North,Enterprise,AM-052,Prepaid,2024-03-18,contact00688@customer00688.example.com,5046 Commerce St,North City 25,XX,77942,MFG,CRM-Legacy,2020-08-14
CUST-00689,Customer Account 00689 Inc,East,SMB,AM-020,Net60,2022-03-16,contact00689@customer00689.example.com,4428 Commerce St,East City 20,XX,50007,TEC,Manual-Import,2024-03-06
CUST-00690,Customer Account 00690 Inc,West,Mid-Market,AM-040,Prepaid,2019-04-08,contact00690@customer00690.example.com,5538 Commerce St,West City 13,XX,27204,CON,CRM-Legacy,2020-10-29
CUST-00691,Customer Account 00691 Inc,East,Mid-Market,AM-051,Net30,2020-10-12,contact00691@customer00691.example.com,8857 Commerce St,East City 19,XX,60822,AGR,CRM-NextGen,2019-05-29
CUST-00692,Customer Account 00692 Inc,East,Mid-Market,AM-051,Net60,2021-09-08,contact00692@customer00692.example.com,9135 Commerce St,East City 35,XX,80487,AGR,CRM-NextGen,2018-10-24
CUST-00693,Customer Account 00693 Inc,East,Mid-Market,AM-042,Net30,2016-06-23,contact00693@customer00693.example.com,4319 Commerce St,East City 31,XX,81090,AGR,Manual-Import,2016-03-09
CUST-00694,Customer Account 00694 Inc,Central,Mid-Market,AM-056,Net30,2023-06-08,contact00694@customer00694.example.com,1933 Commerce St,Central City 31,XX,96889,LOG,CRM-NextGen,2022-11-05
CUST-00695,Customer Account 00695 Inc,Central,Mid-Market,AM-058,Prepaid,2017-11-12,contact00695@customer00695.example.com,2332 Commerce St,Central City 16,XX,42400,AGR,Manual-Import,2017-04-15
CUST-00696,Customer Account 00696 Inc,South,Mid-Market,AM-055,Net60,2023-03-12,contact00696@customer00696.example.com,3800 Commerce St,South City 19,XX,65221,AGR,CRM-NextGen,2023-11-14
CUST-00697,Customer Account 00697 Inc,West,SMB,AM-025,Net30,2017-11-11,contact00697@customer00697.example.com,2458 Commerce St,West City 32,XX,84025,AGR,CRM-Legacy,2018-06-04
CUST-00698,Customer Account 00698 Inc,South,Mid-Market,AM-002,Prepaid,2017-05-25,contact00698@customer00698.example.com,8615 Commerce St,South City 32,XX,24247,RTL,CRM-NextGen,2023-10-02
CUST-00699,Customer Account 00699 Inc,West,SMB,AM-058,Prepaid,2020-12-03,contact00699@customer00699.example.com,1625 Commerce St,West City 11,XX,21582,AGR,CRM-Legacy,2021-10-05
CUST-00700,Customer Account 00700 Inc,South,Mid-Market,AM-058,Net45,2016-06-25,contact00700@customer00700.example.com,1453 Commerce St,South City 39,XX,83430,AGR,CRM-NextGen,2017-10-26
CUST-00701,Customer Account 00701 Inc,North,Enterprise,AM-043,Net30,2020-07-31,contact00701@customer00701.example.com,8416 Commerce St,North City 15,XX,99983,HLC,Manual-Import,2018-01-03
CUST-00702,Customer Account 00702 Inc,West,Mid-Market,AM-017,Net30,2018-01-14,contact00702@customer00702.example.com,3586 Commerce St,West City 19,XX,34322,CON,Manual-Import,2021-11-03
CUST-00703,Customer Account 00703 Inc,South,Mid-Market,AM-040,Net30,2016-04-27,contact00703@customer00703.example.com,8437 Commerce St,South City 33,XX,47233,LOG,CRM-NextGen,2024-01-15
CUST-00704,Customer Account 00704 Inc,Central,Mid-Market,AM-057,Net30,2023-05-06,contact00704@customer00704.example.com,3248 Commerce St,Central City 18,XX,63486,AGR,Manual-Import,2023-11-06
CUST-00705,Customer Account 00705 Inc,West,Mid-Market,AM-047,Prepaid,2019-02-07,contact00705@customer00705.example.com,6240 Commerce St,West City 12,XX,53414,HLC,CRM-Legacy,2022-09-27
CUST-00706,Customer Account 00706 Inc,West,Mid-Market,AM-042,Net30,2021-11-04,contact00706@customer00706.example.com,8934 Commerce St,West City 15,XX,39728,TEC,Manual-Import,2019-01-16
CUST-00707,Customer Account 00707 Inc,South,SMB,AM-031,Net60,2022-01-02,contact00707@customer00707.example.com,249 Commerce St,South City 30,XX,18786,HLC,CRM-NextGen,2021-09-02
CUST-00708,Customer Account 00708 Inc,South,Mid-Market,AM-015,Net60,2020-10-15,contact00708@customer00708.example.com,6236 Commerce St,South City 27,XX,70082,LOG,Manual-Import,2018-07-03
CUST-00709,Customer Account 00709 Inc,North,Mid-Market,AM-050,Net30,2020-07-13,contact00709@customer00709.example.com,5169 Commerce St,North City 33,XX,77375,AGR,CRM-NextGen,2023-02-01
CUST-00710,Customer Account 00710 Inc,Central,Mid-Market,AM-049,Net30,2024-02-26,contact00710@customer00710.example.com,7352 Commerce St,Central City 37,XX,80886,TEC,CRM-Legacy,2016-05-21
CUST-00711,Customer Account 00711 Inc,West,SMB,AM-018,Net45,2023-10-23,contact00711@customer00711.example.com,5510 Commerce St,West City 33,XX,21333,HLC,CRM-Legacy,2016-06-18
CUST-00712,Customer Account 00712 Inc,Central,Mid-Market,AM-031,Net30,2017-01-03,contact00712@customer00712.example.com,9141 Commerce St,Central City 5,XX,44621,RTL,Manual-Import,2017-09-09
CUST-00713,Customer Account 00713 Inc,South,Mid-Market,AM-045,Net60,2019-08-03,contact00713@customer00713.example.com,2963 Commerce St,South City 24,XX,42873,LOG,CRM-NextGen,2022-03-19
CUST-00714,Customer Account 00714 Inc,South,SMB,AM-039,Net45,2021-11-27,contact00714@customer00714.example.com,679 Commerce St,South City 27,XX,77809,TEC,CRM-Legacy,2020-08-27
CUST-00715,Customer Account 00715 Inc,West,Mid-Market,AM-028,Prepaid,2018-03-23,contact00715@customer00715.example.com,5340 Commerce St,West City 14,XX,74111,HLC,CRM-NextGen,2020-10-04
CUST-00716,Customer Account 00716 Inc,East,Enterprise,AM-030,Net60,2018-10-16,contact00716@customer00716.example.com,6166 Commerce St,East City 15,XX,86856,CON,CRM-NextGen,2018-09-25
CUST-00717,Customer Account 00717 Inc,West,Enterprise,AM-001,Net45,2020-01-30,contact00717@customer00717.example.com,2999 Commerce St,West City 8,XX,38166,TEC,CRM-Legacy,2020-09-18
CUST-00718,Customer Account 00718 Inc,South,SMB,AM-056,Net60,2016-04-03,contact00718@customer00718.example.com,6262 Commerce St,South City 15,XX,36093,AGR,CRM-Legacy,2018-02-20
CUST-00719,Customer Account 00719 Inc,West,Mid-Market,AM-055,Prepaid,2016-10-04,contact00719@customer00719.example.com,4861 Commerce St,West City 10,XX,52911,LOG,CRM-NextGen,2024-02-22
CUST-00720,Customer Account 00720 Inc,East,Mid-Market,AM-051,Net45,2022-04-25,contact00720@customer00720.example.com,5178 Commerce St,East City 9,XX,25553,HLC,CRM-Legacy,2021-09-22
CUST-00721,Customer Account 00721 Inc,Central,Mid-Market,AM-058,Net60,2020-01-27,contact00721@customer00721.example.com,4586 Commerce St,Central City 9,XX,20074,HLC,CRM-Legacy,2016-07-08
CUST-00722,Customer Account 00722 Inc,East,Enterprise,AM-051,Prepaid,2021-08-12,contact00722@customer00722.example.com,3100 Commerce St,East City 11,XX,90959,TEC,CRM-Legacy,2018-04-24
CUST-00723,Customer Account 00723 Inc,South,Mid-Market,AM-024,Net45,2021-04-06,contact00723@customer00723.example.com,4977 Commerce St,South City 37,XX,84529,HLC,CRM-Legacy,2020-10-20
CUST-00724,Customer Account 00724 Inc,South,Mid-Market,AM-054,Net45,2023-02-08,contact00724@customer00724.example.com,1213 Commerce St,South City 38,XX,31009,AGR,CRM-NextGen,2020-09-05
CUST-00725,Customer Account 00725 Inc,South,Mid-Market,AM-043,Net45,2020-11-26,contact00725@customer00725.example.com,4770 Commerce St,South City 39,XX,13725,RTL,Manual-Import,2022-07-05
CUST-00726,Customer Account 00726 Inc,South,Enterprise,AM-030,Prepaid,2021-04-14,contact00726@customer00726.example.com,482 Commerce St,South City 31,XX,46319,TEC,Manual-Import,2022-11-17
CUST-00727,Customer Account 00727 Inc,North,SMB,AM-022,Prepaid,2021-04-28,contact00727@customer00727.example.com,679 Commerce St,North City 32,XX,60481,RTL,CRM-NextGen,2019-08-31
CUST-00728,Customer Account 00728 Inc,South,Enterprise,AM-054,Prepaid,2019-04-26,contact00728@customer00728.example.com,8017 Commerce St,South City 31,XX,63899,AGR,Manual-Import,2022-12-29
CUST-00729,Customer Account 00729 Inc,East,SMB,AM-044,Net30,2020-02-03,contact00729@customer00729.example.com,5149 Commerce St,East City 25,XX,68233,AGR,CRM-NextGen,2021-10-06
CUST-00730,Customer Account 00730 Inc,Central,Mid-Market,AM-007,Prepaid,2020-07-15,contact00730@customer00730.example.com,6067 Commerce St,Central City 30,XX,31779,TEC,Manual-Import,2022-05-21
CUST-00731,Customer Account 00731 Inc,South,Mid-Market,AM-050,Prepaid,2021-01-22,contact00731@customer00731.example.com,5467 Commerce St,South City 22,XX,97229,RTL,CRM-Legacy,2020-01-09
CUST-00732,Customer Account 00732 Inc,Central,SMB,AM-033,Prepaid,2019-10-14,contact00732@customer00732.example.com,4632 Commerce St,Central City 4,XX,17227,TEC,Manual-Import,2022-11-18
CUST-00733,Customer Account 00733 Inc,East,Mid-Market,AM-034,Net30,2023-07-25,contact00733@customer00733.example.com,5505 Commerce St,East City 7,XX,32678,HLC,CRM-Legacy,2019-08-04
CUST-00734,Customer Account 00734 Inc,Central,SMB,AM-044,Net45,2016-06-24,contact00734@customer00734.example.com,1601 Commerce St,Central City 31,XX,40627,AGR,CRM-NextGen,2023-05-07
CUST-00735,Customer Account 00735 Inc,East,SMB,AM-054,Net60,2017-07-24,contact00735@customer00735.example.com,2416 Commerce St,East City 13,XX,23937,LOG,CRM-Legacy,2020-11-29
CUST-00736,Customer Account 00736 Inc,East,SMB,AM-032,Prepaid,2023-03-07,contact00736@customer00736.example.com,4650 Commerce St,East City 29,XX,26729,LOG,CRM-Legacy,2016-12-07
CUST-00737,Customer Account 00737 Inc,Central,SMB,AM-045,Net30,2016-05-26,contact00737@customer00737.example.com,9561 Commerce St,Central City 9,XX,31130,AGR,CRM-NextGen,2020-04-09
CUST-00738,Customer Account 00738 Inc,Central,Mid-Market,AM-006,Net60,2018-08-30,contact00738@customer00738.example.com,3001 Commerce St,Central City 13,XX,60312,LOG,CRM-Legacy,2021-06-09
CUST-00739,Customer Account 00739 Inc,Central,Enterprise,AM-044,Net45,2019-07-06,contact00739@customer00739.example.com,5402 Commerce St,Central City 13,XX,32787,AGR,CRM-Legacy,2023-11-01
CUST-00740,Customer Account 00740 Inc,North,SMB,AM-025,Prepaid,2016-02-13,contact00740@customer00740.example.com,7510 Commerce St,North City 13,XX,87389,AGR,CRM-Legacy,2018-12-16
CUST-00741,Customer Account 00741 Inc,Central,Mid-Market,AM-055,Net45,2022-07-15,contact00741@customer00741.example.com,6023 Commerce St,Central City 8,XX,35704,RTL,CRM-NextGen,2019-08-30
CUST-00742,Customer Account 00742 Inc,East,Mid-Market,AM-056,Net45,2021-03-20,contact00742@customer00742.example.com,9557 Commerce St,East City 1,XX,41479,MFG,CRM-Legacy,2016-07-19
CUST-00743,Customer Account 00743 Inc,East,Mid-Market,AM-049,Net60,2018-09-13,contact00743@customer00743.example.com,3226 Commerce St,East City 24,XX,71109,CON,CRM-Legacy,2019-05-16
CUST-00744,Customer Account 00744 Inc,South,Mid-Market,AM-001,Net30,2022-01-25,contact00744@customer00744.example.com,656 Commerce St,South City 10,XX,98710,CON,CRM-NextGen,2016-02-15
CUST-00745,Customer Account 00745 Inc,North,SMB,AM-054,Prepaid,2016-01-08,contact00745@customer00745.example.com,8074 Commerce St,North City 18,XX,72310,HLC,Manual-Import,2022-11-30
CUST-00746,Customer Account 00746 Inc,Central,Mid-Market,AM-032,Net45,2017-08-30,contact00746@customer00746.example.com,7272 Commerce St,Central City 4,XX,46285,CON,Manual-Import,2021-02-05
CUST-00747,Customer Account 00747 Inc,Central,SMB,AM-050,Net45,2021-03-08,contact00747@customer00747.example.com,2087 Commerce St,Central City 21,XX,71151,LOG,Manual-Import,2022-07-31
CUST-00748,Customer Account 00748 Inc,East,SMB,AM-053,Net30,2019-04-25,contact00748@customer00748.example.com,9084 Commerce St,East City 28,XX,86481,CON,CRM-NextGen,2017-06-06
CUST-00749,Customer Account 00749 Inc,Central,Mid-Market,AM-038,Prepaid,2019-09-13,contact00749@customer00749.example.com,1984 Commerce St,Central City 8,XX,72856,AGR,CRM-Legacy,2021-09-24
CUST-00750,Customer Account 00750 Inc,Central,Enterprise,AM-032,Net45,2020-07-28,contact00750@customer00750.example.com,3643 Commerce St,Central City 4,XX,51241,HLC,CRM-Legacy,2019-01-22
CUST-00751,Customer Account 00751 Inc,East,Mid-Market,AM-053,Net45,2020-11-30,contact00751@customer00751.example.com,2828 Commerce St,East City 35,XX,47686,HLC,CRM-Legacy,2023-04-05
CUST-00752,Customer Account 00752 Inc,East,Mid-Market,AM-009,Prepaid,2016-10-11,contact00752@customer00752.example.com,1293 Commerce St,East City 22,XX,54910,LOG,Manual-Import,2021-05-24
CUST-00753,Customer Account 00753 Inc,South,Mid-Market,AM-037,Net45,2023-08-25,contact00753@customer00753.example.com,5425 Commerce St,South City 19,XX,81697,RTL,CRM-Legacy,2024-02-11
CUST-00754,Customer Account 00754 Inc,Central,Mid-Market,AM-025,Net60,2016-04-14,contact00754@customer00754.example.com,7005 Commerce St,Central City 7,XX,31722,AGR,CRM-Legacy,2019-12-19
CUST-00755,Customer Account 00755 Inc,Central,Enterprise,AM-057,Net45,2021-01-21,contact00755@customer00755.example.com,3435 Commerce St,Central City 29,XX,99324,CON,CRM-NextGen,2020-05-08
CUST-00756,Customer Account 00756 Inc,North,SMB,AM-035,Prepaid,2023-02-02,contact00756@customer00756.example.com,3935 Commerce St,North City 14,XX,97291,TEC,Manual-Import,2021-03-22
CUST-00757,Customer Account 00757 Inc,North,Enterprise,AM-019,Prepaid,2023-12-08,contact00757@customer00757.example.com,9665 Commerce St,North City 8,XX,50455,RTL,CRM-Legacy,2021-01-30
CUST-00758,Customer Account 00758 Inc,Central,Enterprise,AM-005,Prepaid,2016-07-11,contact00758@customer00758.example.com,4412 Commerce St,Central City 5,XX,47093,TEC,CRM-NextGen,2022-10-23
CUST-00759,Customer Account 00759 Inc,Central,Mid-Market,AM-021,Net30,2020-12-05,contact00759@customer00759.example.com,7254 Commerce St,Central City 12,XX,63071,TEC,CRM-Legacy,2019-03-04
CUST-00760,Customer Account 00760 Inc,East,Mid-Market,AM-021,Net60,2016-02-03,contact00760@customer00760.example.com,3201 Commerce St,East City 35,XX,90320,LOG,CRM-Legacy,2023-01-31
CUST-00761,Customer Account 00761 Inc,South,SMB,AM-001,Net60,2020-09-15,contact00761@customer00761.example.com,8830 Commerce St,South City 4,XX,17445,LOG,CRM-NextGen,2022-05-17
CUST-00762,Customer Account 00762 Inc,East,SMB,AM-009,Net30,2017-01-13,contact00762@customer00762.example.com,3531 Commerce St,East City 18,XX,66590,RTL,Manual-Import,2017-03-26
CUST-00763,Customer Account 00763 Inc,South,Mid-Market,AM-058,Net45,2018-02-16,contact00763@customer00763.example.com,5116 Commerce St,South City 31,XX,11029,LOG,CRM-Legacy,2023-07-15
CUST-00764,Customer Account 00764 Inc,Central,SMB,AM-056,Prepaid,2021-03-31,contact00764@customer00764.example.com,8929 Commerce St,Central City 14,XX,85120,LOG,CRM-NextGen,2017-01-02
CUST-00765,Customer Account 00765 Inc,South,Mid-Market,AM-010,Prepaid,2018-04-30,contact00765@customer00765.example.com,1738 Commerce St,South City 25,XX,22507,LOG,CRM-Legacy,2020-01-13
CUST-00766,Customer Account 00766 Inc,Central,Mid-Market,AM-033,Prepaid,2021-10-23,contact00766@customer00766.example.com,5184 Commerce St,Central City 4,XX,97384,MFG,CRM-NextGen,2021-04-08
CUST-00767,Customer Account 00767 Inc,West,Mid-Market,AM-032,Prepaid,2018-09-28,contact00767@customer00767.example.com,8559 Commerce St,West City 3,XX,69344,CON,Manual-Import,2019-06-18
CUST-00768,Customer Account 00768 Inc,West,SMB,AM-027,Net60,2022-01-21,contact00768@customer00768.example.com,9691 Commerce St,West City 9,XX,62915,CON,Manual-Import,2017-01-31
CUST-00769,Customer Account 00769 Inc,West,SMB,AM-012,Net45,2017-01-12,contact00769@customer00769.example.com,6785 Commerce St,West City 11,XX,84365,LOG,CRM-NextGen,2022-01-23
CUST-00770,Customer Account 00770 Inc,South,SMB,AM-055,Prepaid,2018-07-26,contact00770@customer00770.example.com,8261 Commerce St,South City 25,XX,70259,HLC,CRM-Legacy,2021-09-22
CUST-00771,Customer Account 00771 Inc,North,Enterprise,AM-021,Net30,2016-10-08,contact00771@customer00771.example.com,9402 Commerce St,North City 31,XX,99039,MFG,Manual-Import,2020-12-03
CUST-00772,Customer Account 00772 Inc,West,SMB,AM-051,Net60,2019-05-25,contact00772@customer00772.example.com,4968 Commerce St,West City 9,XX,26663,LOG,Manual-Import,2020-08-26
CUST-00773,Customer Account 00773 Inc,West,SMB,AM-024,Prepaid,2017-10-07,contact00773@customer00773.example.com,8038 Commerce St,West City 18,XX,73718,MFG,CRM-NextGen,2017-01-09
CUST-00774,Customer Account 00774 Inc,Central,SMB,AM-024,Prepaid,2018-10-13,contact00774@customer00774.example.com,7205 Commerce St,Central City 27,XX,54092,AGR,CRM-Legacy,2023-03-17
CUST-00775,Customer Account 00775 Inc,East,SMB,AM-003,Prepaid,2017-03-17,contact00775@customer00775.example.com,7530 Commerce St,East City 28,XX,91245,HLC,Manual-Import,2021-10-24
CUST-00776,Customer Account 00776 Inc,South,Mid-Market,AM-013,Net30,2017-01-11,contact00776@customer00776.example.com,8292 Commerce St,South City 7,XX,29708,CON,Manual-Import,2018-10-07
CUST-00777,Customer Account 00777 Inc,West,SMB,AM-042,Net30,2021-02-07,contact00777@customer00777.example.com,134 Commerce St,West City 29,XX,81308,AGR,CRM-Legacy,2023-06-27
CUST-00778,Customer Account 00778 Inc,East,Mid-Market,AM-005,Net45,2022-02-24,contact00778@customer00778.example.com,5482 Commerce St,East City 9,XX,65810,RTL,CRM-Legacy,2018-03-11
CUST-00779,Customer Account 00779 Inc,Central,Mid-Market,AM-034,Prepaid,2021-06-21,contact00779@customer00779.example.com,7759 Commerce St,Central City 24,XX,99297,CON,CRM-NextGen,2018-01-26
CUST-00780,Customer Account 00780 Inc,North,SMB,AM-046,Net45,2017-01-26,contact00780@customer00780.example.com,6474 Commerce St,North City 8,XX,65990,HLC,Manual-Import,2023-09-09
CUST-00781,Customer Account 00781 Inc,South,Enterprise,AM-020,Net60,2017-02-28,contact00781@customer00781.example.com,4385 Commerce St,South City 2,XX,22642,HLC,CRM-Legacy,2022-07-19
CUST-00782,Customer Account 00782 Inc,East,SMB,AM-027,Prepaid,2016-05-22,contact00782@customer00782.example.com,6882 Commerce St,East City 19,XX,80459,AGR,Manual-Import,2021-07-17
CUST-00783,Customer Account 00783 Inc,South,Mid-Market,AM-051,Net30,2020-02-11,contact00783@customer00783.example.com,3493 Commerce St,South City 27,XX,46581,RTL,CRM-NextGen,2022-09-13
CUST-00784,Customer Account 00784 Inc,Central,Enterprise,AM-019,Prepaid,2022-04-16,contact00784@customer00784.example.com,504 Commerce St,Central City 28,XX,54460,LOG,CRM-Legacy,2023-04-30
CUST-00785,Customer Account 00785 Inc,Central,Mid-Market,AM-017,Net30,2024-03-16,contact00785@customer00785.example.com,1990 Commerce St,Central City 10,XX,55062,TEC,CRM-Legacy,2023-06-23
CUST-00786,Customer Account 00786 Inc,South,SMB,AM-007,Net30,2020-01-04,contact00786@customer00786.example.com,9115 Commerce St,South City 35,XX,25374,CON,Manual-Import,2021-07-07
CUST-00787,Customer Account 00787 Inc,West,Enterprise,AM-046,Net60,2021-02-26,contact00787@customer00787.example.com,8528 Commerce St,West City 37,XX,40396,LOG,CRM-Legacy,2023-12-14
CUST-00788,Customer Account 00788 Inc,North,Mid-Market,AM-039,Prepaid,2020-07-15,contact00788@customer00788.example.com,1401 Commerce St,North City 24,XX,36178,CON,CRM-NextGen,2016-05-07
CUST-00789,Customer Account 00789 Inc,West,Mid-Market,AM-006,Prepaid,2018-07-31,contact00789@customer00789.example.com,3054 Commerce St,West City 12,XX,61760,RTL,CRM-NextGen,2022-07-31
CUST-00790,Customer Account 00790 Inc,North,Mid-Market,AM-057,Net60,2023-10-07,contact00790@customer00790.example.com,6679 Commerce St,North City 35,XX,35736,RTL,CRM-NextGen,2017-04-05
CUST-00791,Customer Account 00791 Inc,North,Enterprise,AM-013,Net60,2020-10-14,contact00791@customer00791.example.com,2083 Commerce St,North City 12,XX,93681,LOG,CRM-Legacy,2021-01-14
CUST-00792,Customer Account 00792 Inc,South,SMB,AM-022,Net60,2023-10-30,contact00792@customer00792.example.com,8220 Commerce St,South City 31,XX,81127,AGR,CRM-Legacy,2024-01-10
CUST-00793,Customer Account 00793 Inc,Central,SMB,AM-036,Net30,2016-07-13,contact00793@customer00793.example.com,9956 Commerce St,Central City 22,XX,74987,TEC,CRM-NextGen,2016-04-23
CUST-00794,Customer Account 00794 Inc,South,Enterprise,AM-006,Prepaid,2018-06-01,contact00794@customer00794.example.com,7436 Commerce St,South City 3,XX,12998,HLC,Manual-Import,2022-09-04
CUST-00795,Customer Account 00795 Inc,East,SMB,AM-037,Net60,2016-04-04,contact00795@customer00795.example.com,4345 Commerce St,East City 33,XX,49579,RTL,CRM-NextGen,2018-06-26
CUST-00796,Customer Account 00796 Inc,East,SMB,AM-031,Net60,2024-03-13,contact00796@customer00796.example.com,287 Commerce St,East City 31,XX,47539,AGR,CRM-Legacy,2020-05-02
CUST-00797,Customer Account 00797 Inc,North,Enterprise,AM-040,Net30,2018-03-18,contact00797@customer00797.example.com,9600 Commerce St,North City 39,XX,17233,LOG,CRM-NextGen,2018-08-26
CUST-00798,Customer Account 00798 Inc,Central,Mid-Market,AM-015,Net30,2019-12-25,contact00798@customer00798.example.com,1491 Commerce St,Central City 9,XX,43422,CON,Manual-Import,2016-08-12
CUST-00799,Customer Account 00799 Inc,West,Mid-Market,AM-007,Prepaid,2022-05-21,contact00799@customer00799.example.com,3310 Commerce St,West City 13,XX,38538,TEC,CRM-NextGen,2021-05-23
CUST-00800,Customer Account 00800 Inc,East,Mid-Market,AM-047,Net45,2022-01-01,contact00800@customer00800.example.com,1491 Commerce St,East City 12,XX,38052,CON,CRM-Legacy,2019-09-14
CUST-00801,Customer Account 00801 Inc,West,SMB,AM-055,Net60,2022-05-11,contact00801@customer00801.example.com,2504 Commerce St,West City 36,XX,33325,MFG,CRM-Legacy,2021-05-17
CUST-00802,Customer Account 00802 Inc,West,Mid-Market,AM-012,Net60,2020-04-17,contact00802@customer00802.example.com,5963 Commerce St,West City 29,XX,93462,AGR,Manual-Import,2023-02-21
CUST-00803,Customer Account 00803 Inc,South,SMB,AM-033,Prepaid,2023-04-17,contact00803@customer00803.example.com,7450 Commerce St,South City 34,XX,81465,RTL,CRM-Legacy,2020-05-13
CUST-00804,Customer Account 00804 Inc,East,SMB,AM-044,Prepaid,2016-02-04,contact00804@customer00804.example.com,3470 Commerce St,East City 13,XX,67019,HLC,Manual-Import,2018-05-15
CUST-00805,Customer Account 00805 Inc,East,Enterprise,AM-049,Net45,2018-12-14,contact00805@customer00805.example.com,6159 Commerce St,East City 28,XX,59384,HLC,CRM-NextGen,2017-03-08
CUST-00806,Customer Account 00806 Inc,North,Mid-Market,AM-037,Net30,2024-01-24,contact00806@customer00806.example.com,3308 Commerce St,North City 30,XX,90792,LOG,CRM-Legacy,2017-07-13
CUST-00807,Customer Account 00807 Inc,West,Mid-Market,AM-045,Net30,2021-11-07,contact00807@customer00807.example.com,6716 Commerce St,West City 19,XX,67384,RTL,Manual-Import,2016-05-17
CUST-00808,Customer Account 00808 Inc,Central,SMB,AM-050,Prepaid,2017-05-02,contact00808@customer00808.example.com,5491 Commerce St,Central City 26,XX,94841,AGR,CRM-NextGen,2020-07-30
CUST-00809,Customer Account 00809 Inc,North,SMB,AM-019,Prepaid,2021-04-11,contact00809@customer00809.example.com,1149 Commerce St,North City 29,XX,51304,CON,CRM-NextGen,2021-12-03
CUST-00810,Customer Account 00810 Inc,South,SMB,AM-009,Net30,2018-05-07,contact00810@customer00810.example.com,3490 Commerce St,South City 33,XX,42330,LOG,Manual-Import,2021-05-07
CUST-00811,Customer Account 00811 Inc,South,Enterprise,AM-036,Prepaid,2019-08-01,contact00811@customer00811.example.com,8472 Commerce St,South City 24,XX,87473,MFG,CRM-Legacy,2016-11-30
CUST-00812,Customer Account 00812 Inc,Central,Mid-Market,AM-059,Net45,2018-11-15,contact00812@customer00812.example.com,8189 Commerce St,Central City 10,XX,59263,CON,CRM-NextGen,2019-11-20
CUST-00813,Customer Account 00813 Inc,West,Mid-Market,AM-047,Net30,2016-02-16,contact00813@customer00813.example.com,6486 Commerce St,West City 19,XX,33346,MFG,Manual-Import,2022-10-16
CUST-00814,Customer Account 00814 Inc,Central,Mid-Market,AM-007,Net30,2019-10-11,contact00814@customer00814.example.com,6489 Commerce St,Central City 8,XX,45700,TEC,CRM-Legacy,2019-10-14
CUST-00815,Customer Account 00815 Inc,East,Enterprise,AM-057,Prepaid,2020-09-26,contact00815@customer00815.example.com,4773 Commerce St,East City 29,XX,98306,MFG,Manual-Import,2021-03-24
CUST-00816,Customer Account 00816 Inc,East,SMB,AM-051,Net60,2023-09-06,contact00816@customer00816.example.com,4730 Commerce St,East City 29,XX,54758,HLC,CRM-NextGen,2023-07-24
CUST-00817,Customer Account 00817 Inc,Central,Mid-Market,AM-014,Net30,2022-04-15,contact00817@customer00817.example.com,1706 Commerce St,Central City 35,XX,50903,LOG,CRM-NextGen,2016-09-11
CUST-00818,Customer Account 00818 Inc,West,Mid-Market,AM-043,Prepaid,2022-05-26,contact00818@customer00818.example.com,3048 Commerce St,West City 28,XX,31671,RTL,CRM-NextGen,2022-11-03
CUST-00819,Customer Account 00819 Inc,Central,Mid-Market,AM-028,Net60,2023-12-24,contact00819@customer00819.example.com,1210 Commerce St,Central City 26,XX,56108,CON,CRM-Legacy,2016-02-20
CUST-00820,Customer Account 00820 Inc,West,Enterprise,AM-012,Prepaid,2018-09-26,contact00820@customer00820.example.com,4566 Commerce St,West City 14,XX,47650,TEC,CRM-NextGen,2021-08-31
CUST-00821,Customer Account 00821 Inc,Central,Mid-Market,AM-011,Net45,2023-07-13,contact00821@customer00821.example.com,7097 Commerce St,Central City 8,XX,25731,CON,Manual-Import,2016-05-16
CUST-00822,Customer Account 00822 Inc,West,SMB,AM-032,Prepaid,2016-04-12,contact00822@customer00822.example.com,7665 Commerce St,West City 14,XX,59800,LOG,Manual-Import,2017-11-07
CUST-00823,Customer Account 00823 Inc,South,Mid-Market,AM-043,Net30,2017-05-06,contact00823@customer00823.example.com,7518 Commerce St,South City 29,XX,90683,TEC,CRM-NextGen,2016-12-02
CUST-00824,Customer Account 00824 Inc,West,Mid-Market,AM-057,Net45,2022-02-13,contact00824@customer00824.example.com,7658 Commerce St,West City 9,XX,95680,MFG,Manual-Import,2022-02-01
CUST-00825,Customer Account 00825 Inc,North,Mid-Market,AM-040,Net30,2022-02-16,contact00825@customer00825.example.com,8094 Commerce St,North City 20,XX,79832,HLC,CRM-NextGen,2022-06-18
CUST-00826,Customer Account 00826 Inc,East,Mid-Market,AM-037,Prepaid,2022-05-08,contact00826@customer00826.example.com,3070 Commerce St,East City 22,XX,65769,LOG,Manual-Import,2022-09-20
CUST-00827,Customer Account 00827 Inc,West,Mid-Market,AM-022,Net45,2023-11-11,contact00827@customer00827.example.com,8765 Commerce St,West City 35,XX,64678,RTL,CRM-Legacy,2018-04-02
CUST-00828,Customer Account 00828 Inc,West,SMB,AM-022,Net45,2023-08-14,contact00828@customer00828.example.com,5167 Commerce St,West City 32,XX,15382,RTL,Manual-Import,2023-04-15
CUST-00829,Customer Account 00829 Inc,East,Mid-Market,AM-002,Prepaid,2019-02-06,contact00829@customer00829.example.com,8851 Commerce St,East City 21,XX,22132,TEC,CRM-NextGen,2017-11-07
CUST-00830,Customer Account 00830 Inc,West,SMB,AM-013,Prepaid,2016-08-16,contact00830@customer00830.example.com,9610 Commerce St,West City 20,XX,75964,RTL,Manual-Import,2018-08-16
CUST-00831,Customer Account 00831 Inc,West,SMB,AM-017,Net45,2019-09-30,contact00831@customer00831.example.com,102 Commerce St,West City 12,XX,81030,AGR,Manual-Import,2016-09-14
CUST-00832,Customer Account 00832 Inc,South,Mid-Market,AM-046,Net45,2023-07-17,contact00832@customer00832.example.com,8592 Commerce St,South City 1,XX,85651,TEC,Manual-Import,2021-02-09
CUST-00833,Customer Account 00833 Inc,West,SMB,AM-035,Net60,2016-12-02,contact00833@customer00833.example.com,1021 Commerce St,West City 17,XX,52602,LOG,CRM-Legacy,2023-04-20
CUST-00834,Customer Account 00834 Inc,North,Mid-Market,AM-030,Net30,2022-04-10,contact00834@customer00834.example.com,1429 Commerce St,North City 31,XX,61016,LOG,Manual-Import,2022-12-06
CUST-00835,Customer Account 00835 Inc,East,Mid-Market,AM-025,Prepaid,2019-12-20,contact00835@customer00835.example.com,4679 Commerce St,East City 5,XX,25204,AGR,Manual-Import,2020-12-10
CUST-00836,Customer Account 00836 Inc,South,SMB,AM-004,Net60,2018-04-29,contact00836@customer00836.example.com,1968 Commerce St,South City 3,XX,71414,CON,CRM-Legacy,2022-01-05
CUST-00837,Customer Account 00837 Inc,Central,Enterprise,AM-031,Prepaid,2020-09-26,contact00837@customer00837.example.com,3539 Commerce St,Central City 1,XX,83262,LOG,CRM-NextGen,2018-03-12
CUST-00838,Customer Account 00838 Inc,West,Enterprise,AM-052,Net30,2016-10-18,contact00838@customer00838.example.com,4170 Commerce St,West City 18,XX,58193,AGR,CRM-Legacy,2023-09-28
CUST-00839,Customer Account 00839 Inc,South,Mid-Market,AM-031,Prepaid,2016-05-13,contact00839@customer00839.example.com,4883 Commerce St,South City 23,XX,61292,HLC,CRM-NextGen,2023-06-20
CUST-00840,Customer Account 00840 Inc,South,SMB,AM-029,Prepaid,2022-12-19,contact00840@customer00840.example.com,940 Commerce St,South City 4,XX,43787,TEC,CRM-Legacy,2023-05-05
CUST-00841,Customer Account 00841 Inc,Central,Mid-Market,AM-026,Net60,2023-03-04,contact00841@customer00841.example.com,1010 Commerce St,Central City 10,XX,48526,LOG,CRM-NextGen,2019-04-06
CUST-00842,Customer Account 00842 Inc,North,Mid-Market,AM-035,Prepaid,2020-04-30,contact00842@customer00842.example.com,1473 Commerce St,North City 2,XX,44942,MFG,CRM-NextGen,2019-05-29
CUST-00843,Customer Account 00843 Inc,Central,Mid-Market,AM-020,Net60,2016-04-23,contact00843@customer00843.example.com,929 Commerce St,Central City 7,XX,79926,RTL,Manual-Import,2019-08-14
CUST-00844,Customer Account 00844 Inc,Central,Enterprise,AM-015,Prepaid,2020-11-27,contact00844@customer00844.example.com,849 Commerce St,Central City 30,XX,89848,CON,Manual-Import,2018-04-08
CUST-00845,Customer Account 00845 Inc,East,Mid-Market,AM-051,Prepaid,2021-01-18,contact00845@customer00845.example.com,1351 Commerce St,East City 9,XX,80065,RTL,CRM-NextGen,2019-11-25
CUST-00846,Customer Account 00846 Inc,West,SMB,AM-015,Net30,2018-07-14,contact00846@customer00846.example.com,9980 Commerce St,West City 6,XX,61982,RTL,Manual-Import,2017-01-16
CUST-00847,Customer Account 00847 Inc,East,Enterprise,AM-026,Net60,2020-06-15,contact00847@customer00847.example.com,2482 Commerce St,East City 12,XX,73578,TEC,CRM-NextGen,2023-09-07
CUST-00848,Customer Account 00848 Inc,East,Mid-Market,AM-052,Net30,2019-06-08,contact00848@customer00848.example.com,561 Commerce St,East City 28,XX,34622,LOG,CRM-NextGen,2020-01-08
CUST-00849,Customer Account 00849 Inc,North,SMB,AM-006,Net45,2016-02-01,contact00849@customer00849.example.com,3266 Commerce St,North City 30,XX,62217,MFG,CRM-Legacy,2016-11-15
CUST-00850,Customer Account 00850 Inc,West,SMB,AM-047,Net30,2020-08-12,contact00850@customer00850.example.com,2793 Commerce St,West City 33,XX,53981,AGR,CRM-NextGen,2019-10-04
CUST-00851,Customer Account 00851 Inc,Central,Mid-Market,AM-059,Net60,2017-05-29,contact00851@customer00851.example.com,3924 Commerce St,Central City 33,XX,90720,HLC,CRM-NextGen,2023-03-08
CUST-00852,Customer Account 00852 Inc,South,Enterprise,AM-004,Prepaid,2016-04-30,contact00852@customer00852.example.com,3390 Commerce St,South City 24,XX,64826,AGR,Manual-Import,2019-04-22
CUST-00853,Customer Account 00853 Inc,South,Mid-Market,AM-006,Prepaid,2018-11-10,contact00853@customer00853.example.com,7584 Commerce St,South City 26,XX,74204,CON,CRM-Legacy,2016-11-05
CUST-00854,Customer Account 00854 Inc,North,Mid-Market,AM-025,Net60,2018-02-15,contact00854@customer00854.example.com,4912 Commerce St,North City 16,XX,22267,CON,CRM-NextGen,2019-04-23
CUST-00855,Customer Account 00855 Inc,East,Mid-Market,AM-002,Net60,2022-05-17,contact00855@customer00855.example.com,1624 Commerce St,East City 10,XX,47114,AGR,CRM-NextGen,2019-11-01
CUST-00856,Customer Account 00856 Inc,Central,SMB,AM-028,Net30,2019-02-23,contact00856@customer00856.example.com,348 Commerce St,Central City 10,XX,12027,MFG,CRM-Legacy,2021-07-08
CUST-00857,Customer Account 00857 Inc,East,SMB,AM-028,Net60,2019-10-05,contact00857@customer00857.example.com,6533 Commerce St,East City 17,XX,49819,HLC,CRM-Legacy,2017-08-21
CUST-00858,Customer Account 00858 Inc,West,Enterprise,AM-049,Net60,2023-05-30,contact00858@customer00858.example.com,5322 Commerce St,West City 2,XX,17376,TEC,Manual-Import,2016-06-23
CUST-00859,Customer Account 00859 Inc,West,Mid-Market,AM-046,Net30,2020-08-24,contact00859@customer00859.example.com,1830 Commerce St,West City 36,XX,18202,CON,Manual-Import,2017-06-18
CUST-00860,Customer Account 00860 Inc,South,Mid-Market,AM-048,Net45,2016-02-09,contact00860@customer00860.example.com,4570 Commerce St,South City 19,XX,41244,AGR,CRM-Legacy,2019-07-13
CUST-00861,Customer Account 00861 Inc,North,SMB,AM-045,Net30,2019-10-02,contact00861@customer00861.example.com,601 Commerce St,North City 13,XX,95071,AGR,CRM-Legacy,2019-01-11
CUST-00862,Customer Account 00862 Inc,Central,Mid-Market,AM-011,Net45,2023-03-15,contact00862@customer00862.example.com,6757 Commerce St,Central City 12,XX,10792,RTL,CRM-NextGen,2017-02-04
CUST-00863,Customer Account 00863 Inc,Central,SMB,AM-004,Net45,2020-05-29,contact00863@customer00863.example.com,827 Commerce St,Central City 29,XX,97972,AGR,CRM-Legacy,2018-11-22
CUST-00864,Customer Account 00864 Inc,West,SMB,AM-048,Net30,2022-02-03,contact00864@customer00864.example.com,5014 Commerce St,West City 28,XX,63641,TEC,Manual-Import,2022-11-28
CUST-00865,Customer Account 00865 Inc,Central,SMB,AM-006,Prepaid,2018-12-21,contact00865@customer00865.example.com,7430 Commerce St,Central City 23,XX,29853,LOG,CRM-NextGen,2020-12-20
CUST-00866,Customer Account 00866 Inc,South,SMB,AM-002,Net45,2023-08-19,contact00866@customer00866.example.com,7526 Commerce St,South City 26,XX,82598,LOG,Manual-Import,2022-10-11
CUST-00867,Customer Account 00867 Inc,West,Mid-Market,AM-051,Prepaid,2019-11-23,contact00867@customer00867.example.com,247 Commerce St,West City 34,XX,69003,LOG,CRM-Legacy,2017-03-16
CUST-00868,Customer Account 00868 Inc,East,Mid-Market,AM-011,Net30,2022-04-29,contact00868@customer00868.example.com,484 Commerce St,East City 35,XX,23840,CON,Manual-Import,2016-12-05
CUST-00869,Customer Account 00869 Inc,Central,SMB,AM-018,Net30,2018-11-08,contact00869@customer00869.example.com,8621 Commerce St,Central City 5,XX,19769,HLC,CRM-NextGen,2022-08-17
CUST-00870,Customer Account 00870 Inc,East,Enterprise,AM-030,Prepaid,2018-07-26,contact00870@customer00870.example.com,2831 Commerce St,East City 38,XX,68131,TEC,CRM-Legacy,2019-08-17
CUST-00871,Customer Account 00871 Inc,West,Mid-Market,AM-010,Net45,2022-09-10,contact00871@customer00871.example.com,2186 Commerce St,West City 31,XX,91689,TEC,Manual-Import,2023-05-04
CUST-00872,Customer Account 00872 Inc,West,SMB,AM-023,Net45,2016-04-04,contact00872@customer00872.example.com,7199 Commerce St,West City 14,XX,94210,AGR,CRM-Legacy,2023-05-27
CUST-00873,Customer Account 00873 Inc,Central,SMB,AM-045,Prepaid,2022-09-12,contact00873@customer00873.example.com,4367 Commerce St,Central City 28,XX,44725,RTL,Manual-Import,2019-10-30
CUST-00874,Customer Account 00874 Inc,South,Mid-Market,AM-039,Net45,2023-04-09,contact00874@customer00874.example.com,8520 Commerce St,South City 19,XX,73940,RTL,Manual-Import,2017-10-05
CUST-00875,Customer Account 00875 Inc,Central,Enterprise,AM-050,Net60,2023-02-20,contact00875@customer00875.example.com,7191 Commerce St,Central City 3,XX,68090,HLC,Manual-Import,2022-07-28
CUST-00876,Customer Account 00876 Inc,West,SMB,AM-025,Net30,2016-10-27,contact00876@customer00876.example.com,715 Commerce St,West City 20,XX,16791,CON,CRM-Legacy,2023-04-26
CUST-00877,Customer Account 00877 Inc,East,Mid-Market,AM-006,Net45,2021-06-01,contact00877@customer00877.example.com,9559 Commerce St,East City 39,XX,49194,AGR,CRM-Legacy,2022-12-14
CUST-00878,Customer Account 00878 Inc,Central,Mid-Market,AM-031,Net30,2023-01-19,contact00878@customer00878.example.com,7401 Commerce St,Central City 34,XX,20379,AGR,CRM-NextGen,2022-09-21
CUST-00879,Customer Account 00879 Inc,Central,Enterprise,AM-052,Net45,2018-05-27,contact00879@customer00879.example.com,5185 Commerce St,Central City 39,XX,71723,TEC,Manual-Import,2017-06-13
CUST-00880,Customer Account 00880 Inc,West,Mid-Market,AM-030,Prepaid,2022-10-20,contact00880@customer00880.example.com,8446 Commerce St,West City 32,XX,52203,MFG,Manual-Import,2019-09-22
CUST-00881,Customer Account 00881 Inc,West,SMB,AM-002,Prepaid,2017-06-05,contact00881@customer00881.example.com,8444 Commerce St,West City 25,XX,23149,TEC,CRM-NextGen,2021-02-19
CUST-00882,Customer Account 00882 Inc,North,SMB,AM-034,Prepaid,2021-02-21,contact00882@customer00882.example.com,7042 Commerce St,North City 4,XX,81808,HLC,CRM-NextGen,2020-06-27
CUST-00883,Customer Account 00883 Inc,Central,SMB,AM-020,Net60,2018-08-11,contact00883@customer00883.example.com,3508 Commerce St,Central City 33,XX,85226,RTL,CRM-NextGen,2022-04-27
CUST-00884,Customer Account 00884 Inc,North,Mid-Market,AM-011,Net45,2018-08-19,contact00884@customer00884.example.com,1446 Commerce St,North City 25,XX,82655,RTL,CRM-NextGen,2022-07-14
CUST-00885,Customer Account 00885 Inc,East,SMB,AM-034,Prepaid,2021-11-05,contact00885@customer00885.example.com,9036 Commerce St,East City 24,XX,69509,AGR,CRM-Legacy,2017-10-21
CUST-00886,Customer Account 00886 Inc,South,Mid-Market,AM-038,Net45,2022-02-09,contact00886@customer00886.example.com,5221 Commerce St,South City 1,XX,71801,HLC,CRM-Legacy,2021-05-09
CUST-00887,Customer Account 00887 Inc,South,Mid-Market,AM-028,Prepaid,2019-10-25,contact00887@customer00887.example.com,9331 Commerce St,South City 34,XX,84902,RTL,Manual-Import,2019-01-06
CUST-00888,Customer Account 00888 Inc,Central,SMB,AM-059,Net60,2016-04-11,contact00888@customer00888.example.com,8751 Commerce St,Central City 21,XX,13962,MFG,Manual-Import,2023-08-03
CUST-00889,Customer Account 00889 Inc,West,Mid-Market,AM-027,Net45,2018-03-29,contact00889@customer00889.example.com,1370 Commerce St,West City 23,XX,29654,RTL,CRM-Legacy,2022-07-24
CUST-00890,Customer Account 00890 Inc,East,Mid-Market,AM-029,Net45,2022-11-27,contact00890@customer00890.example.com,7329 Commerce St,East City 8,XX,83543,RTL,CRM-Legacy,2019-06-16
CUST-00891,Customer Account 00891 Inc,South,Enterprise,AM-047,Net45,2022-07-13,contact00891@customer00891.example.com,7357 Commerce St,South City 20,XX,65417,TEC,CRM-Legacy,2020-08-20
CUST-00892,Customer Account 00892 Inc,West,Mid-Market,AM-004,Net30,2022-03-15,contact00892@customer00892.example.com,3959 Commerce St,West City 17,XX,66188,TEC,CRM-NextGen,2023-10-05
CUST-00893,Customer Account 00893 Inc,West,Mid-Market,AM-003,Net45,2018-12-19,contact00893@customer00893.example.com,1925 Commerce St,West City 5,XX,23045,LOG,CRM-NextGen,2023-11-24
CUST-00894,Customer Account 00894 Inc,South,SMB,AM-019,Net60,2016-04-15,contact00894@customer00894.example.com,2787 Commerce St,South City 39,XX,23909,AGR,Manual-Import,2017-10-04
CUST-00895,Customer Account 00895 Inc,East,SMB,AM-036,Net30,2018-08-15,contact00895@customer00895.example.com,9405 Commerce St,East City 14,XX,32136,CON,CRM-Legacy,2017-03-17
CUST-00896,Customer Account 00896 Inc,West,Mid-Market,AM-007,Net30,2022-02-01,contact00896@customer00896.example.com,1847 Commerce St,West City 15,XX,41605,TEC,CRM-NextGen,2017-08-09
CUST-00897,Customer Account 00897 Inc,South,SMB,AM-012,Net45,2016-11-21,contact00897@customer00897.example.com,3379 Commerce St,South City 27,XX,35665,HLC,Manual-Import,2021-07-06
CUST-00898,Customer Account 00898 Inc,West,SMB,AM-023,Prepaid,2016-06-15,contact00898@customer00898.example.com,8395 Commerce St,West City 35,XX,94822,RTL,CRM-NextGen,2016-05-07
CUST-00899,Customer Account 00899 Inc,North,Mid-Market,AM-034,Net45,2019-10-09,contact00899@customer00899.example.com,1613 Commerce St,North City 32,XX,70123,AGR,Manual-Import,2020-12-06
CUST-00900,Customer Account 00900 Inc,South,Mid-Market,AM-058,Net45,2016-04-28,contact00900@customer00900.example.com,9562 Commerce St,South City 32,XX,72953,RTL,Manual-Import,2017-06-12
CUST-00901,Customer Account 00901 Inc,South,Mid-Market,AM-005,Prepaid,2018-09-05,contact00901@customer00901.example.com,9560 Commerce St,South City 12,XX,57210,CON,Manual-Import,2022-03-04
CUST-00902,Customer Account 00902 Inc,Central,Enterprise,AM-056,Net45,2017-03-27,contact00902@customer00902.example.com,4985 Commerce St,Central City 24,XX,34873,MFG,Manual-Import,2019-01-17
CUST-00903,Customer Account 00903 Inc,Central,SMB,AM-037,Net45,2017-10-14,contact00903@customer00903.example.com,9967 Commerce St,Central City 27,XX,36300,CON,CRM-NextGen,2023-01-22
CUST-00904,Customer Account 00904 Inc,East,SMB,AM-019,Net45,2022-03-05,contact00904@customer00904.example.com,2417 Commerce St,East City 10,XX,84386,CON,CRM-Legacy,2021-07-18
CUST-00905,Customer Account 00905 Inc,South,Mid-Market,AM-017,Prepaid,2019-07-31,contact00905@customer00905.example.com,3036 Commerce St,South City 31,XX,58842,MFG,CRM-NextGen,2020-02-12
CUST-00906,Customer Account 00906 Inc,East,Mid-Market,AM-011,Net60,2021-08-03,contact00906@customer00906.example.com,9975 Commerce St,East City 20,XX,48691,TEC,CRM-Legacy,2018-08-03
CUST-00907,Customer Account 00907 Inc,West,SMB,AM-019,Prepaid,2017-01-30,contact00907@customer00907.example.com,3696 Commerce St,West City 31,XX,48625,CON,Manual-Import,2023-04-07
CUST-00908,Customer Account 00908 Inc,South,Mid-Market,AM-016,Prepaid,2016-04-26,contact00908@customer00908.example.com,2527 Commerce St,South City 36,XX,65318,CON,CRM-Legacy,2021-02-11
CUST-00909,Customer Account 00909 Inc,South,Mid-Market,AM-044,Net60,2020-12-16,contact00909@customer00909.example.com,8418 Commerce St,South City 32,XX,11299,MFG,CRM-NextGen,2023-11-16
CUST-00910,Customer Account 00910 Inc,East,SMB,AM-053,Net30,2022-08-22,contact00910@customer00910.example.com,8780 Commerce St,East City 12,XX,37074,CON,Manual-Import,2016-12-26
CUST-00911,Customer Account 00911 Inc,South,Enterprise,AM-045,Prepaid,2023-02-13,contact00911@customer00911.example.com,8691 Commerce St,South City 10,XX,70223,RTL,CRM-Legacy,2016-07-31
CUST-00912,Customer Account 00912 Inc,East,Enterprise,AM-042,Net45,2017-08-16,contact00912@customer00912.example.com,8344 Commerce St,East City 7,XX,35064,HLC,CRM-Legacy,2023-09-24
CUST-00913,Customer Account 00913 Inc,South,Mid-Market,AM-029,Net45,2017-05-26,contact00913@customer00913.example.com,4879 Commerce St,South City 1,XX,49511,HLC,CRM-NextGen,2016-11-26
CUST-00914,Customer Account 00914 Inc,Central,Enterprise,AM-002,Prepaid,2018-08-13,contact00914@customer00914.example.com,4366 Commerce St,Central City 30,XX,14541,MFG,CRM-Legacy,2021-07-29
CUST-00915,Customer Account 00915 Inc,Central,SMB,AM-037,Net45,2017-07-05,contact00915@customer00915.example.com,1685 Commerce St,Central City 31,XX,70247,LOG,CRM-NextGen,2024-01-08
CUST-00916,Customer Account 00916 Inc,Central,Enterprise,AM-048,Net60,2023-10-12,contact00916@customer00916.example.com,2992 Commerce St,Central City 32,XX,41500,RTL,Manual-Import,2017-05-10
CUST-00917,Customer Account 00917 Inc,East,Enterprise,AM-056,Prepaid,2022-05-20,contact00917@customer00917.example.com,4669 Commerce St,East City 16,XX,96758,AGR,Manual-Import,2016-10-02
CUST-00918,Customer Account 00918 Inc,East,Mid-Market,AM-043,Net30,2023-05-25,contact00918@customer00918.example.com,6840 Commerce St,East City 8,XX,56930,MFG,Manual-Import,2017-08-11
CUST-00919,Customer Account 00919 Inc,West,SMB,AM-005,Net45,2017-01-03,contact00919@customer00919.example.com,7028 Commerce St,West City 8,XX,63046,AGR,Manual-Import,2018-01-10
CUST-00920,Customer Account 00920 Inc,South,SMB,AM-014,Net60,2019-04-11,contact00920@customer00920.example.com,714 Commerce St,South City 33,XX,69414,CON,CRM-Legacy,2018-05-14
CUST-00921,Customer Account 00921 Inc,South,SMB,AM-036,Net60,2018-12-29,contact00921@customer00921.example.com,4139 Commerce St,South City 29,XX,38627,HLC,Manual-Import,2020-06-17
CUST-00922,Customer Account 00922 Inc,East,Enterprise,AM-044,Prepaid,2019-09-26,contact00922@customer00922.example.com,3321 Commerce St,East City 4,XX,93367,AGR,CRM-Legacy,2020-12-28
CUST-00923,Customer Account 00923 Inc,East,Enterprise,AM-020,Prepaid,2023-08-09,contact00923@customer00923.example.com,8717 Commerce St,East City 13,XX,99717,RTL,Manual-Import,2016-10-30
CUST-00924,Customer Account 00924 Inc,South,Mid-Market,AM-035,Net45,2022-12-03,contact00924@customer00924.example.com,4775 Commerce St,South City 27,XX,47648,MFG,CRM-Legacy,2020-08-24
CUST-00925,Customer Account 00925 Inc,North,Enterprise,AM-014,Net30,2021-02-01,contact00925@customer00925.example.com,5673 Commerce St,North City 8,XX,15363,LOG,CRM-NextGen,2020-09-16
CUST-00926,Customer Account 00926 Inc,North,SMB,AM-013,Prepaid,2020-06-27,contact00926@customer00926.example.com,6839 Commerce St,North City 7,XX,98940,TEC,CRM-NextGen,2023-11-18
CUST-00927,Customer Account 00927 Inc,North,Mid-Market,AM-026,Net45,2019-10-15,contact00927@customer00927.example.com,7049 Commerce St,North City 11,XX,14608,RTL,Manual-Import,2020-10-02
CUST-00928,Customer Account 00928 Inc,Central,SMB,AM-053,Net30,2016-10-15,contact00928@customer00928.example.com,7951 Commerce St,Central City 16,XX,99789,MFG,CRM-NextGen,2018-07-12
CUST-00929,Customer Account 00929 Inc,Central,Mid-Market,AM-040,Prepaid,2022-11-26,contact00929@customer00929.example.com,7861 Commerce St,Central City 19,XX,92975,CON,CRM-Legacy,2023-04-05
CUST-00930,Customer Account 00930 Inc,North,SMB,AM-041,Net60,2022-08-21,contact00930@customer00930.example.com,7027 Commerce St,North City 23,XX,87736,HLC,CRM-NextGen,2018-06-13
CUST-00931,Customer Account 00931 Inc,North,Enterprise,AM-052,Prepaid,2023-09-25,contact00931@customer00931.example.com,6650 Commerce St,North City 13,XX,87348,AGR,CRM-Legacy,2018-09-17
CUST-00932,Customer Account 00932 Inc,Central,Enterprise,AM-057,Net30,2018-11-25,contact00932@customer00932.example.com,5405 Commerce St,Central City 34,XX,86341,RTL,CRM-Legacy,2018-04-06
CUST-00933,Customer Account 00933 Inc,South,SMB,AM-054,Net60,2016-11-13,contact00933@customer00933.example.com,6881 Commerce St,South City 23,XX,10336,RTL,CRM-NextGen,2017-10-07
CUST-00934,Customer Account 00934 Inc,East,Enterprise,AM-037,Net60,2019-11-10,contact00934@customer00934.example.com,2723 Commerce St,East City 10,XX,13528,AGR,Manual-Import,2020-07-21
CUST-00935,Customer Account 00935 Inc,South,SMB,AM-013,Net30,2022-10-04,contact00935@customer00935.example.com,3114 Commerce St,South City 11,XX,82878,LOG,Manual-Import,2018-03-14
CUST-00936,Customer Account 00936 Inc,East,Mid-Market,AM-018,Net30,2017-05-09,contact00936@customer00936.example.com,5995 Commerce St,East City 27,XX,34342,TEC,Manual-Import,2023-05-07
CUST-00937,Customer Account 00937 Inc,East,Enterprise,AM-015,Net30,2018-12-11,contact00937@customer00937.example.com,3355 Commerce St,East City 6,XX,14712,LOG,Manual-Import,2021-11-22
CUST-00938,Customer Account 00938 Inc,North,SMB,AM-047,Net45,2017-12-29,contact00938@customer00938.example.com,2695 Commerce St,North City 6,XX,84670,TEC,Manual-Import,2022-10-23
CUST-00939,Customer Account 00939 Inc,North,Enterprise,AM-020,Prepaid,2021-06-03,contact00939@customer00939.example.com,4571 Commerce St,North City 8,XX,63184,TEC,CRM-Legacy,2016-02-14
CUST-00940,Customer Account 00940 Inc,East,Mid-Market,AM-031,Net30,2023-03-26,contact00940@customer00940.example.com,4194 Commerce St,East City 29,XX,13884,MFG,CRM-Legacy,2022-06-26
CUST-00941,Customer Account 00941 Inc,South,SMB,AM-047,Prepaid,2023-08-19,contact00941@customer00941.example.com,7253 Commerce St,South City 32,XX,64311,RTL,CRM-Legacy,2019-02-18
CUST-00942,Customer Account 00942 Inc,East,Mid-Market,AM-021,Net45,2023-11-01,contact00942@customer00942.example.com,9546 Commerce St,East City 25,XX,86540,HLC,Manual-Import,2023-09-25
CUST-00943,Customer Account 00943 Inc,North,Mid-Market,AM-042,Net45,2023-06-12,contact00943@customer00943.example.com,9249 Commerce St,North City 14,XX,51561,TEC,Manual-Import,2019-12-08
CUST-00944,Customer Account 00944 Inc,South,Mid-Market,AM-055,Net45,2018-09-26,contact00944@customer00944.example.com,5595 Commerce St,South City 26,XX,22090,LOG,CRM-Legacy,2016-12-10
CUST-00945,Customer Account 00945 Inc,West,SMB,AM-013,Net60,2022-05-20,contact00945@customer00945.example.com,4997 Commerce St,West City 14,XX,65191,HLC,Manual-Import,2019-11-09
CUST-00946,Customer Account 00946 Inc,East,Mid-Market,AM-040,Prepaid,2022-05-17,contact00946@customer00946.example.com,2326 Commerce St,East City 3,XX,27478,AGR,CRM-Legacy,2016-06-23
CUST-00947,Customer Account 00947 Inc,East,Enterprise,AM-052,Net30,2017-01-18,contact00947@customer00947.example.com,2124 Commerce St,East City 8,XX,67330,RTL,CRM-NextGen,2019-04-20
CUST-00948,Customer Account 00948 Inc,West,SMB,AM-039,Net30,2020-04-22,contact00948@customer00948.example.com,4002 Commerce St,West City 21,XX,22597,HLC,Manual-Import,2022-07-30
CUST-00949,Customer Account 00949 Inc,East,Mid-Market,AM-007,Net45,2016-10-17,contact00949@customer00949.example.com,2961 Commerce St,East City 9,XX,13059,CON,Manual-Import,2017-01-12
CUST-00950,Customer Account 00950 Inc,North,SMB,AM-006,Net45,2016-12-20,contact00950@customer00950.example.com,1049 Commerce St,North City 24,XX,42105,HLC,CRM-Legacy,2023-05-13
CUST-00951,Customer Account 00951 Inc,South,Enterprise,AM-042,Net30,2023-05-10,contact00951@customer00951.example.com,8839 Commerce St,South City 17,XX,24058,HLC,Manual-Import,2021-07-11
CUST-00952,Customer Account 00952 Inc,North,Mid-Market,AM-043,Net45,2018-11-20,contact00952@customer00952.example.com,7012 Commerce St,North City 7,XX,88934,CON,CRM-Legacy,2023-11-10
CUST-00953,Customer Account 00953 Inc,East,SMB,AM-025,Prepaid,2017-06-13,contact00953@customer00953.example.com,9481 Commerce St,East City 32,XX,47881,LOG,CRM-NextGen,2021-08-26
CUST-00954,Customer Account 00954 Inc,North,Mid-Market,AM-007,Prepaid,2016-09-13,contact00954@customer00954.example.com,7651 Commerce St,North City 24,XX,89105,LOG,Manual-Import,2019-01-29
CUST-00955,Customer Account 00955 Inc,West,Mid-Market,AM-010,Net45,2020-09-08,contact00955@customer00955.example.com,1356 Commerce St,West City 23,XX,46081,RTL,CRM-NextGen,2022-03-02
CUST-00956,Customer Account 00956 Inc,West,Mid-Market,AM-006,Net60,2019-07-01,contact00956@customer00956.example.com,1039 Commerce St,West City 5,XX,39870,CON,Manual-Import,2021-07-12
CUST-00957,Customer Account 00957 Inc,South,SMB,AM-026,Net45,2020-03-07,contact00957@customer00957.example.com,4550 Commerce St,South City 12,XX,25137,LOG,CRM-Legacy,2023-10-03
CUST-00958,Customer Account 00958 Inc,North,SMB,AM-006,Prepaid,2022-05-15,contact00958@customer00958.example.com,4976 Commerce St,North City 5,XX,63240,TEC,Manual-Import,2016-04-14
CUST-00959,Customer Account 00959 Inc,North,SMB,AM-035,Net60,2019-01-09,contact00959@customer00959.example.com,4772 Commerce St,North City 20,XX,65717,RTL,CRM-NextGen,2020-06-10
CUST-00960,Customer Account 00960 Inc,Central,Mid-Market,AM-048,Net45,2020-07-18,contact00960@customer00960.example.com,9679 Commerce St,Central City 14,XX,92650,AGR,CRM-NextGen,2021-10-07
CUST-00961,Customer Account 00961 Inc,West,Mid-Market,AM-042,Net45,2020-12-02,contact00961@customer00961.example.com,8450 Commerce St,West City 26,XX,98904,CON,CRM-NextGen,2020-09-21
CUST-00962,Customer Account 00962 Inc,West,Mid-Market,AM-052,Net30,2016-06-16,contact00962@customer00962.example.com,6781 Commerce St,West City 38,XX,65234,MFG,CRM-NextGen,2023-06-01
CUST-00963,Customer Account 00963 Inc,North,SMB,AM-037,Net60,2020-08-21,contact00963@customer00963.example.com,7249 Commerce St,North City 33,XX,56399,AGR,Manual-Import,2020-04-24
CUST-00964,Customer Account 00964 Inc,West,Enterprise,AM-022,Net60,2018-01-22,contact00964@customer00964.example.com,8156 Commerce St,West City 38,XX,88826,RTL,CRM-NextGen,2022-03-05
CUST-00965,Customer Account 00965 Inc,East,Mid-Market,AM-031,Net60,2024-02-21,contact00965@customer00965.example.com,2267 Commerce St,East City 2,XX,15061,CON,CRM-Legacy,2019-10-16
CUST-00966,Customer Account 00966 Inc,Central,Mid-Market,AM-005,Net45,2021-09-13,contact00966@customer00966.example.com,1914 Commerce St,Central City 5,XX,17721,AGR,CRM-Legacy,2021-02-18
CUST-00967,Customer Account 00967 Inc,East,Mid-Market,AM-006,Net60,2017-02-15,contact00967@customer00967.example.com,6710 Commerce St,East City 32,XX,10284,TEC,CRM-NextGen,2016-01-09
CUST-00968,Customer Account 00968 Inc,West,Mid-Market,AM-033,Net60,2021-04-13,contact00968@customer00968.example.com,7788 Commerce St,West City 2,XX,80859,MFG,CRM-NextGen,2018-11-14
CUST-00969,Customer Account 00969 Inc,North,SMB,AM-041,Net45,2018-04-14,contact00969@customer00969.example.com,6283 Commerce St,North City 9,XX,83090,CON,Manual-Import,2016-03-22
CUST-00970,Customer Account 00970 Inc,East,Mid-Market,AM-033,Prepaid,2017-12-18,contact00970@customer00970.example.com,8555 Commerce St,East City 21,XX,94949,RTL,CRM-Legacy,2020-08-19
CUST-00971,Customer Account 00971 Inc,East,Mid-Market,AM-009,Net30,2020-03-11,contact00971@customer00971.example.com,7007 Commerce St,East City 2,XX,92831,CON,CRM-Legacy,2022-02-28
CUST-00972,Customer Account 00972 Inc,Central,Mid-Market,AM-057,Net30,2017-09-18,contact00972@customer00972.example.com,8767 Commerce St,Central City 12,XX,39729,LOG,CRM-Legacy,2019-05-05
CUST-00973,Customer Account 00973 Inc,South,SMB,AM-018,Net45,2016-04-23,contact00973@customer00973.example.com,6429 Commerce St,South City 22,XX,69315,TEC,Manual-Import,2021-02-17
CUST-00974,Customer Account 00974 Inc,West,Mid-Market,AM-044,Net60,2021-03-24,contact00974@customer00974.example.com,5757 Commerce St,West City 21,XX,40866,MFG,CRM-NextGen,2023-03-30
CUST-00975,Customer Account 00975 Inc,West,SMB,AM-045,Net30,2021-12-01,contact00975@customer00975.example.com,788 Commerce St,West City 10,XX,12646,TEC,CRM-Legacy,2019-03-06
CUST-00976,Customer Account 00976 Inc,North,Mid-Market,AM-003,Net45,2018-11-02,contact00976@customer00976.example.com,4151 Commerce St,North City 1,XX,53022,AGR,CRM-Legacy,2017-03-07
CUST-00977,Customer Account 00977 Inc,West,SMB,AM-030,Net45,2020-12-18,contact00977@customer00977.example.com,5603 Commerce St,West City 7,XX,77949,CON,CRM-Legacy,2022-03-22
CUST-00978,Customer Account 00978 Inc,West,Mid-Market,AM-051,Prepaid,2016-04-11,contact00978@customer00978.example.com,3407 Commerce St,West City 24,XX,58124,RTL,CRM-Legacy,2022-05-31
CUST-00979,Customer Account 00979 Inc,Central,SMB,AM-041,Net30,2023-12-12,contact00979@customer00979.example.com,1337 Commerce St,Central City 23,XX,40695,LOG,CRM-Legacy,2021-04-09
CUST-00980,Customer Account 00980 Inc,North,SMB,AM-011,Net45,2021-09-12,contact00980@customer00980.example.com,5755 Commerce St,North City 39,XX,37065,RTL,Manual-Import,2018-09-26
CUST-00981,Customer Account 00981 Inc,South,Enterprise,AM-049,Prepaid,2021-03-14,contact00981@customer00981.example.com,2860 Commerce St,South City 21,XX,31477,RTL,CRM-Legacy,2017-05-10
CUST-00982,Customer Account 00982 Inc,East,Enterprise,AM-048,Net45,2022-02-18,contact00982@customer00982.example.com,8368 Commerce St,East City 29,XX,43247,CON,CRM-Legacy,2019-05-13
CUST-00983,Customer Account 00983 Inc,East,SMB,AM-002,Net30,2017-01-12,contact00983@customer00983.example.com,5960 Commerce St,East City 11,XX,98143,LOG,Manual-Import,2018-06-24
CUST-00984,Customer Account 00984 Inc,Central,SMB,AM-016,Net60,2016-09-14,contact00984@customer00984.example.com,8876 Commerce St,Central City 7,XX,71312,TEC,CRM-Legacy,2022-06-21
CUST-00985,Customer Account 00985 Inc,West,SMB,AM-053,Prepaid,2024-01-07,contact00985@customer00985.example.com,5649 Commerce St,West City 1,XX,41126,CON,CRM-Legacy,2016-12-15
CUST-00986,Customer Account 00986 Inc,South,SMB,AM-054,Prepaid,2018-06-28,contact00986@customer00986.example.com,2387 Commerce St,South City 33,XX,78041,CON,Manual-Import,2016-10-28
CUST-00987,Customer Account 00987 Inc,South,SMB,AM-036,Net60,2018-07-13,contact00987@customer00987.example.com,2467 Commerce St,South City 1,XX,63337,LOG,CRM-Legacy,2019-05-26
CUST-00988,Customer Account 00988 Inc,West,SMB,AM-026,Prepaid,2020-12-18,contact00988@customer00988.example.com,7126 Commerce St,West City 12,XX,23575,MFG,CRM-Legacy,2022-10-18
CUST-00989,Customer Account 00989 Inc,North,SMB,AM-029,Net30,2023-01-25,contact00989@customer00989.example.com,4429 Commerce St,North City 1,XX,21948,LOG,Manual-Import,2022-03-05
CUST-00990,Customer Account 00990 Inc,South,Mid-Market,AM-056,Prepaid,2018-08-25,contact00990@customer00990.example.com,5247 Commerce St,South City 26,XX,24948,LOG,CRM-Legacy,2024-02-26
CUST-00991,Customer Account 00991 Inc,South,Mid-Market,AM-025,Net30,2017-05-26,contact00991@customer00991.example.com,5241 Commerce St,South City 28,XX,96647,AGR,Manual-Import,2022-07-23
CUST-00992,Customer Account 00992 Inc,West,SMB,AM-021,Net60,2016-12-27,contact00992@customer00992.example.com,522 Commerce St,West City 20,XX,67135,TEC,Manual-Import,2020-05-28
CUST-00993,Customer Account 00993 Inc,West,Mid-Market,AM-045,Net60,2016-08-19,contact00993@customer00993.example.com,6458 Commerce St,West City 8,XX,43186,TEC,CRM-Legacy,2021-09-14
CUST-00994,Customer Account 00994 Inc,South,Mid-Market,AM-031,Net45,2016-06-02,contact00994@customer00994.example.com,2033 Commerce St,South City 31,XX,20968,TEC,CRM-Legacy,2020-06-04
CUST-00995,Customer Account 00995 Inc,West,Mid-Market,AM-028,Net60,2018-04-09,contact00995@customer00995.example.com,5138 Commerce St,West City 3,XX,34216,CON,Manual-Import,2018-03-26
CUST-00996,Customer Account 00996 Inc,South,SMB,AM-018,Net60,2019-03-03,contact00996@customer00996.example.com,4673 Commerce St,South City 20,XX,59768,HLC,Manual-Import,2018-05-20
CUST-00997,Customer Account 00997 Inc,East,SMB,AM-001,Prepaid,2019-11-20,contact00997@customer00997.example.com,1480 Commerce St,East City 29,XX,67649,LOG,CRM-NextGen,2016-01-09
CUST-00998,Customer Account 00998 Inc,Central,Enterprise,AM-040,Net45,2019-10-05,contact00998@customer00998.example.com,2748 Commerce St,Central City 34,XX,26923,MFG,CRM-Legacy,2024-02-16
CUST-00999,Customer Account 00999 Inc,North,Mid-Market,AM-035,Net60,2016-02-28,contact00999@customer00999.example.com,2487 Commerce St,North City 23,XX,11305,TEC,CRM-NextGen,2017-10-07
CUST-01000,Customer Account 01000 Inc,North,Enterprise,AM-029,Net45,2024-03-17,contact01000@customer01000.example.com,3423 Commerce St,North City 13,XX,76390,TEC,CRM-NextGen,2022-06-12
CUST-01001,Customer Account 01001 Inc,North,SMB,AM-043,Net60,2023-09-24,contact01001@customer01001.example.com,1374 Commerce St,North City 8,XX,91280,HLC,Manual-Import,2021-08-22
CUST-01002,Customer Account 01002 Inc,East,SMB,AM-003,Net30,2016-01-15,contact01002@customer01002.example.com,2273 Commerce St,East City 36,XX,66384,AGR,CRM-NextGen,2020-08-23
CUST-01003,Customer Account 01003 Inc,South,SMB,AM-026,Prepaid,2022-01-18,contact01003@customer01003.example.com,8150 Commerce St,South City 32,XX,70095,AGR,CRM-Legacy,2016-03-06
CUST-01004,Customer Account 01004 Inc,East,Enterprise,AM-004,Prepaid,2021-05-19,contact01004@customer01004.example.com,515 Commerce St,East City 25,XX,75921,HLC,Manual-Import,2023-12-28
CUST-01005,Customer Account 01005 Inc,Central,SMB,AM-006,Net45,2019-12-13,contact01005@customer01005.example.com,3350 Commerce St,Central City 17,XX,72508,MFG,Manual-Import,2021-12-23
CUST-01006,Customer Account 01006 Inc,North,Mid-Market,AM-046,Net45,2020-03-30,contact01006@customer01006.example.com,2184 Commerce St,North City 24,XX,66629,HLC,CRM-NextGen,2021-01-20
CUST-01007,Customer Account 01007 Inc,East,SMB,AM-026,Net45,2021-11-25,contact01007@customer01007.example.com,8119 Commerce St,East City 5,XX,63261,AGR,CRM-Legacy,2018-10-09
CUST-01008,Customer Account 01008 Inc,West,Mid-Market,AM-056,Net30,2016-03-23,contact01008@customer01008.example.com,8129 Commerce St,West City 29,XX,27445,MFG,CRM-Legacy,2023-03-16
CUST-01009,Customer Account 01009 Inc,West,SMB,AM-056,Prepaid,2020-05-17,contact01009@customer01009.example.com,7762 Commerce St,West City 24,XX,10630,TEC,CRM-Legacy,2016-09-07
CUST-01010,Customer Account 01010 Inc,East,Mid-Market,AM-055,Net60,2018-07-27,contact01010@customer01010.example.com,1253 Commerce St,East City 8,XX,12218,LOG,CRM-NextGen,2023-09-28
CUST-01011,Customer Account 01011 Inc,West,Mid-Market,AM-021,Net30,2022-08-13,contact01011@customer01011.example.com,5577 Commerce St,West City 17,XX,62935,LOG,CRM-Legacy,2023-05-27
CUST-01012,Customer Account 01012 Inc,Central,Enterprise,AM-045,Net30,2021-10-07,contact01012@customer01012.example.com,4059 Commerce St,Central City 39,XX,10565,HLC,CRM-Legacy,2023-03-29
CUST-01013,Customer Account 01013 Inc,North,SMB,AM-025,Prepaid,2021-05-14,contact01013@customer01013.example.com,1713 Commerce St,North City 4,XX,46995,TEC,CRM-NextGen,2016-05-29
CUST-01014,Customer Account 01014 Inc,West,SMB,AM-024,Net45,2017-11-27,contact01014@customer01014.example.com,4974 Commerce St,West City 38,XX,84220,MFG,Manual-Import,2021-06-17
CUST-01015,Customer Account 01015 Inc,Central,SMB,AM-057,Net45,2023-05-21,contact01015@customer01015.example.com,9435 Commerce St,Central City 39,XX,95917,CON,Manual-Import,2022-06-04
CUST-01016,Customer Account 01016 Inc,South,Mid-Market,AM-002,Prepaid,2018-05-14,contact01016@customer01016.example.com,3669 Commerce St,South City 33,XX,57284,CON,CRM-Legacy,2021-01-17
CUST-01017,Customer Account 01017 Inc,East,Enterprise,AM-055,Net60,2023-11-01,contact01017@customer01017.example.com,8839 Commerce St,East City 4,XX,99869,HLC,Manual-Import,2021-03-05
CUST-01018,Customer Account 01018 Inc,Central,SMB,AM-021,Net30,2022-05-15,contact01018@customer01018.example.com,1519 Commerce St,Central City 33,XX,21365,RTL,CRM-NextGen,2017-06-30
CUST-01019,Customer Account 01019 Inc,North,Mid-Market,AM-004,Net30,2017-02-16,contact01019@customer01019.example.com,6154 Commerce St,North City 13,XX,78199,AGR,CRM-Legacy,2023-10-16
CUST-01020,Customer Account 01020 Inc,West,Enterprise,AM-049,Prepaid,2020-08-31,contact01020@customer01020.example.com,467 Commerce St,West City 7,XX,28543,HLC,CRM-NextGen,2019-07-07
CUST-01021,Customer Account 01021 Inc,Central,Mid-Market,AM-056,Prepaid,2018-03-13,contact01021@customer01021.example.com,5625 Commerce St,Central City 26,XX,35696,LOG,CRM-Legacy,2016-06-26
CUST-01022,Customer Account 01022 Inc,South,Mid-Market,AM-049,Prepaid,2017-04-04,contact01022@customer01022.example.com,1671 Commerce St,South City 36,XX,38919,MFG,CRM-NextGen,2022-02-01
CUST-01023,Customer Account 01023 Inc,West,Mid-Market,AM-006,Net60,2021-02-05,contact01023@customer01023.example.com,3444 Commerce St,West City 34,XX,17022,AGR,Manual-Import,2021-08-17
CUST-01024,Customer Account 01024 Inc,East,Enterprise,AM-023,Net30,2021-03-22,contact01024@customer01024.example.com,5546 Commerce St,East City 20,XX,52732,MFG,Manual-Import,2023-11-06
CUST-01025,Customer Account 01025 Inc,South,Enterprise,AM-019,Net30,2023-05-29,contact01025@customer01025.example.com,1807 Commerce St,South City 23,XX,89410,AGR,CRM-Legacy,2017-04-02
CUST-01026,Customer Account 01026 Inc,West,Mid-Market,AM-024,Net30,2018-01-22,contact01026@customer01026.example.com,7469 Commerce St,West City 28,XX,76767,RTL,CRM-Legacy,2017-09-19
CUST-01027,Customer Account 01027 Inc,West,Mid-Market,AM-001,Net45,2018-01-10,contact01027@customer01027.example.com,4309 Commerce St,West City 30,XX,27860,TEC,CRM-Legacy,2017-06-17
CUST-01028,Customer Account 01028 Inc,West,Mid-Market,AM-034,Net30,2019-06-30,contact01028@customer01028.example.com,1376 Commerce St,West City 35,XX,34114,AGR,CRM-Legacy,2021-05-07
CUST-01029,Customer Account 01029 Inc,South,Enterprise,AM-017,Net30,2022-03-08,contact01029@customer01029.example.com,3521 Commerce St,South City 23,XX,68184,CON,CRM-NextGen,2024-01-04
CUST-01030,Customer Account 01030 Inc,West,SMB,AM-021,Net45,2020-08-03,contact01030@customer01030.example.com,8167 Commerce St,West City 10,XX,30016,MFG,CRM-Legacy,2021-01-22
CUST-01031,Customer Account 01031 Inc,East,SMB,AM-018,Net30,2021-10-03,contact01031@customer01031.example.com,9057 Commerce St,East City 18,XX,54528,TEC,CRM-Legacy,2021-02-22
CUST-01032,Customer Account 01032 Inc,South,SMB,AM-028,Net45,2016-08-15,contact01032@customer01032.example.com,7841 Commerce St,South City 39,XX,56796,MFG,Manual-Import,2017-09-16
CUST-01033,Customer Account 01033 Inc,South,Enterprise,AM-042,Net60,2018-02-25,contact01033@customer01033.example.com,8629 Commerce St,South City 7,XX,91558,AGR,CRM-Legacy,2020-10-02
CUST-01034,Customer Account 01034 Inc,Central,Mid-Market,AM-004,Prepaid,2017-09-17,contact01034@customer01034.example.com,7222 Commerce St,Central City 38,XX,40944,MFG,CRM-NextGen,2020-11-29
CUST-01035,Customer Account 01035 Inc,West,Mid-Market,AM-029,Net60,2023-11-09,contact01035@customer01035.example.com,9397 Commerce St,West City 14,XX,35749,AGR,CRM-NextGen,2019-09-04
CUST-01036,Customer Account 01036 Inc,West,Mid-Market,AM-039,Prepaid,2017-11-12,contact01036@customer01036.example.com,9375 Commerce St,West City 4,XX,77521,MFG,Manual-Import,2023-11-18
CUST-01037,Customer Account 01037 Inc,Central,Mid-Market,AM-047,Prepaid,2020-05-06,contact01037@customer01037.example.com,8182 Commerce St,Central City 28,XX,73103,HLC,CRM-NextGen,2019-08-12
CUST-01038,Customer Account 01038 Inc,West,Mid-Market,AM-043,Net30,2020-04-28,contact01038@customer01038.example.com,6720 Commerce St,West City 9,XX,74063,MFG,Manual-Import,2021-09-01
CUST-01039,Customer Account 01039 Inc,West,SMB,AM-042,Net60,2017-06-27,contact01039@customer01039.example.com,9230 Commerce St,West City 29,XX,37979,LOG,CRM-Legacy,2021-04-17
CUST-01040,Customer Account 01040 Inc,West,SMB,AM-057,Net45,2022-08-01,contact01040@customer01040.example.com,2529 Commerce St,West City 39,XX,78733,CON,CRM-Legacy,2020-01-31
CUST-01041,Customer Account 01041 Inc,North,SMB,AM-055,Prepaid,2016-11-26,contact01041@customer01041.example.com,7615 Commerce St,North City 12,XX,19789,RTL,CRM-NextGen,2023-01-09
CUST-01042,Customer Account 01042 Inc,West,Mid-Market,AM-014,Net60,2020-04-05,contact01042@customer01042.example.com,336 Commerce St,West City 3,XX,16806,LOG,CRM-NextGen,2020-01-13
CUST-01043,Customer Account 01043 Inc,West,Mid-Market,AM-012,Net30,2022-07-22,contact01043@customer01043.example.com,8201 Commerce St,West City 25,XX,91897,TEC,CRM-Legacy,2018-09-21
CUST-01044,Customer Account 01044 Inc,North,SMB,AM-054,Net45,2021-11-24,contact01044@customer01044.example.com,3371 Commerce St,North City 18,XX,68663,LOG,CRM-NextGen,2021-10-31
CUST-01045,Customer Account 01045 Inc,East,SMB,AM-025,Net45,2023-05-11,contact01045@customer01045.example.com,4566 Commerce St,East City 29,XX,56537,AGR,Manual-Import,2019-06-24
CUST-01046,Customer Account 01046 Inc,West,Enterprise,AM-030,Net60,2020-11-21,contact01046@customer01046.example.com,4568 Commerce St,West City 15,XX,73149,HLC,CRM-Legacy,2023-10-15
CUST-01047,Customer Account 01047 Inc,East,SMB,AM-010,Net45,2018-04-24,contact01047@customer01047.example.com,4923 Commerce St,East City 2,XX,60422,MFG,Manual-Import,2019-07-11
CUST-01048,Customer Account 01048 Inc,South,Mid-Market,AM-027,Net30,2021-06-29,contact01048@customer01048.example.com,9762 Commerce St,South City 19,XX,18873,MFG,Manual-Import,2018-11-10
CUST-01049,Customer Account 01049 Inc,South,Enterprise,AM-007,Prepaid,2017-09-16,contact01049@customer01049.example.com,783 Commerce St,South City 28,XX,41875,CON,CRM-Legacy,2023-01-28
CUST-01050,Customer Account 01050 Inc,South,Mid-Market,AM-045,Net45,2018-07-26,contact01050@customer01050.example.com,6894 Commerce St,South City 1,XX,23219,CON,CRM-Legacy,2018-05-19
CUST-01051,Customer Account 01051 Inc,West,SMB,AM-015,Net30,2017-06-06,contact01051@customer01051.example.com,9082 Commerce St,West City 2,XX,53798,LOG,CRM-NextGen,2018-07-07
CUST-01052,Customer Account 01052 Inc,North,Enterprise,AM-024,Net60,2019-04-27,contact01052@customer01052.example.com,3325 Commerce St,North City 38,XX,90430,CON,CRM-NextGen,2019-11-22
CUST-01053,Customer Account 01053 Inc,North,Mid-Market,AM-019,Net45,2021-01-07,contact01053@customer01053.example.com,3613 Commerce St,North City 10,XX,73900,RTL,CRM-Legacy,2021-09-19
CUST-01054,Customer Account 01054 Inc,East,SMB,AM-052,Net60,2022-11-29,contact01054@customer01054.example.com,1774 Commerce St,East City 21,XX,95006,AGR,CRM-NextGen,2023-08-11
CUST-01055,Customer Account 01055 Inc,South,Mid-Market,AM-002,Net30,2017-09-04,contact01055@customer01055.example.com,812 Commerce St,South City 39,XX,86292,LOG,CRM-Legacy,2022-08-03
CUST-01056,Customer Account 01056 Inc,East,SMB,AM-018,Net45,2016-03-28,contact01056@customer01056.example.com,8439 Commerce St,East City 8,XX,26431,CON,Manual-Import,2022-07-07
CUST-01057,Customer Account 01057 Inc,Central,Mid-Market,AM-053,Net60,2019-03-18,contact01057@customer01057.example.com,7187 Commerce St,Central City 18,XX,50625,MFG,CRM-NextGen,2023-02-04
CUST-01058,Customer Account 01058 Inc,Central,Enterprise,AM-020,Net60,2019-05-12,contact01058@customer01058.example.com,9273 Commerce St,Central City 28,XX,16597,LOG,Manual-Import,2017-10-08
CUST-01059,Customer Account 01059 Inc,South,SMB,AM-011,Prepaid,2020-07-10,contact01059@customer01059.example.com,3685 Commerce St,South City 15,XX,96124,RTL,Manual-Import,2024-03-04
CUST-01060,Customer Account 01060 Inc,Central,Mid-Market,AM-043,Prepaid,2016-09-30,contact01060@customer01060.example.com,236 Commerce St,Central City 8,XX,64803,RTL,CRM-NextGen,2016-11-29
CUST-01061,Customer Account 01061 Inc,West,Enterprise,AM-014,Prepaid,2019-02-07,contact01061@customer01061.example.com,6086 Commerce St,West City 19,XX,63576,TEC,CRM-Legacy,2022-10-23
CUST-01062,Customer Account 01062 Inc,West,SMB,AM-015,Net45,2023-06-17,contact01062@customer01062.example.com,7681 Commerce St,West City 38,XX,69390,RTL,CRM-Legacy,2018-01-07
CUST-01063,Customer Account 01063 Inc,East,Enterprise,AM-037,Net60,2016-09-13,contact01063@customer01063.example.com,4865 Commerce St,East City 3,XX,43649,CON,Manual-Import,2022-08-11
CUST-01064,Customer Account 01064 Inc,East,SMB,AM-016,Prepaid,2022-07-03,contact01064@customer01064.example.com,7800 Commerce St,East City 4,XX,61530,HLC,CRM-Legacy,2016-07-23
CUST-01065,Customer Account 01065 Inc,South,SMB,AM-054,Net30,2021-08-21,contact01065@customer01065.example.com,1355 Commerce St,South City 27,XX,13030,RTL,CRM-Legacy,2023-09-01
CUST-01066,Customer Account 01066 Inc,East,SMB,AM-055,Net45,2019-11-07,contact01066@customer01066.example.com,8744 Commerce St,East City 2,XX,94974,MFG,CRM-NextGen,2017-02-18
CUST-01067,Customer Account 01067 Inc,East,SMB,AM-036,Prepaid,2023-10-16,contact01067@customer01067.example.com,4550 Commerce St,East City 7,XX,24011,RTL,CRM-NextGen,2016-06-11
CUST-01068,Customer Account 01068 Inc,Central,SMB,AM-059,Net60,2019-12-13,contact01068@customer01068.example.com,7372 Commerce St,Central City 23,XX,39131,TEC,CRM-Legacy,2018-02-02
CUST-01069,Customer Account 01069 Inc,Central,Mid-Market,AM-011,Net45,2018-01-11,contact01069@customer01069.example.com,5730 Commerce St,Central City 22,XX,65585,HLC,CRM-NextGen,2021-12-26
CUST-01070,Customer Account 01070 Inc,West,Mid-Market,AM-034,Net60,2023-10-24,contact01070@customer01070.example.com,3832 Commerce St,West City 13,XX,77488,CON,CRM-NextGen,2016-01-01
CUST-01071,Customer Account 01071 Inc,West,Mid-Market,AM-044,Net60,2017-09-17,contact01071@customer01071.example.com,4650 Commerce St,West City 1,XX,55064,CON,Manual-Import,2021-06-11
CUST-01072,Customer Account 01072 Inc,Central,Mid-Market,AM-040,Net60,2021-04-01,contact01072@customer01072.example.com,5767 Commerce St,Central City 23,XX,80366,RTL,CRM-Legacy,2020-04-05
CUST-01073,Customer Account 01073 Inc,West,SMB,AM-031,Net60,2019-07-24,contact01073@customer01073.example.com,8792 Commerce St,West City 18,XX,24535,LOG,CRM-NextGen,2023-05-07
CUST-01074,Customer Account 01074 Inc,East,SMB,AM-015,Prepaid,2017-02-17,contact01074@customer01074.example.com,9871 Commerce St,East City 34,XX,68293,RTL,CRM-NextGen,2019-06-30
CUST-01075,Customer Account 01075 Inc,North,Enterprise,AM-059,Net45,2022-11-24,contact01075@customer01075.example.com,4477 Commerce St,North City 20,XX,22822,MFG,Manual-Import,2023-10-28
CUST-01076,Customer Account 01076 Inc,North,SMB,AM-033,Net60,2023-02-20,contact01076@customer01076.example.com,1296 Commerce St,North City 1,XX,51840,RTL,Manual-Import,2018-10-07
CUST-01077,Customer Account 01077 Inc,East,Enterprise,AM-032,Net60,2019-03-12,contact01077@customer01077.example.com,456 Commerce St,East City 32,XX,92257,RTL,Manual-Import,2021-10-04
CUST-01078,Customer Account 01078 Inc,West,Enterprise,AM-028,Net30,2017-06-16,contact01078@customer01078.example.com,5325 Commerce St,West City 6,XX,71793,CON,CRM-NextGen,2016-09-18
CUST-01079,Customer Account 01079 Inc,East,SMB,AM-049,Net45,2016-08-28,contact01079@customer01079.example.com,6534 Commerce St,East City 35,XX,89525,LOG,CRM-Legacy,2016-05-10
CUST-01080,Customer Account 01080 Inc,East,Mid-Market,AM-057,Net45,2021-06-17,contact01080@customer01080.example.com,9143 Commerce St,East City 7,XX,97808,AGR,CRM-Legacy,2022-11-30
CUST-01081,Customer Account 01081 Inc,West,SMB,AM-058,Net30,2016-08-15,contact01081@customer01081.example.com,4531 Commerce St,West City 26,XX,25022,RTL,CRM-NextGen,2017-01-11
CUST-01082,Customer Account 01082 Inc,North,SMB,AM-009,Net60,2021-08-12,contact01082@customer01082.example.com,1457 Commerce St,North City 2,XX,43928,LOG,CRM-NextGen,2022-08-20
CUST-01083,Customer Account 01083 Inc,South,Mid-Market,AM-019,Net60,2021-12-19,contact01083@customer01083.example.com,7297 Commerce St,South City 27,XX,82847,TEC,CRM-Legacy,2020-03-17
CUST-01084,Customer Account 01084 Inc,South,Mid-Market,AM-003,Net60,2018-10-17,contact01084@customer01084.example.com,7281 Commerce St,South City 12,XX,68281,RTL,Manual-Import,2021-04-30
CUST-01085,Customer Account 01085 Inc,East,Mid-Market,AM-026,Prepaid,2017-04-22,contact01085@customer01085.example.com,8219 Commerce St,East City 38,XX,31833,RTL,Manual-Import,2019-05-03
CUST-01086,Customer Account 01086 Inc,West,SMB,AM-012,Prepaid,2019-08-01,contact01086@customer01086.example.com,843 Commerce St,West City 17,XX,67861,LOG,Manual-Import,2022-03-28
CUST-01087,Customer Account 01087 Inc,North,Mid-Market,AM-031,Prepaid,2023-11-19,contact01087@customer01087.example.com,2181 Commerce St,North City 38,XX,86184,CON,CRM-NextGen,2022-03-30
CUST-01088,Customer Account 01088 Inc,East,SMB,AM-054,Net45,2016-09-03,contact01088@customer01088.example.com,4970 Commerce St,East City 39,XX,68953,CON,CRM-NextGen,2020-11-13
CUST-01089,Customer Account 01089 Inc,North,Mid-Market,AM-025,Net60,2022-08-09,contact01089@customer01089.example.com,2313 Commerce St,North City 26,XX,30382,RTL,Manual-Import,2021-01-03
CUST-01090,Customer Account 01090 Inc,North,Mid-Market,AM-009,Net30,2020-10-16,contact01090@customer01090.example.com,4393 Commerce St,North City 25,XX,28674,RTL,CRM-Legacy,2016-10-13
CUST-01091,Customer Account 01091 Inc,North,Mid-Market,AM-016,Net45,2023-08-27,contact01091@customer01091.example.com,7633 Commerce St,North City 31,XX,90869,AGR,Manual-Import,2018-09-17
CUST-01092,Customer Account 01092 Inc,Central,SMB,AM-007,Net30,2020-02-11,contact01092@customer01092.example.com,3471 Commerce St,Central City 4,XX,31233,TEC,CRM-NextGen,2021-07-19
CUST-01093,Customer Account 01093 Inc,North,Enterprise,AM-019,Net45,2021-02-07,contact01093@customer01093.example.com,3770 Commerce St,North City 2,XX,29796,TEC,CRM-NextGen,2022-10-10
CUST-01094,Customer Account 01094 Inc,East,Mid-Market,AM-059,Net30,2016-03-01,contact01094@customer01094.example.com,9246 Commerce St,East City 20,XX,69382,RTL,CRM-Legacy,2023-05-02
CUST-01095,Customer Account 01095 Inc,West,Mid-Market,AM-042,Net45,2022-04-05,contact01095@customer01095.example.com,2349 Commerce St,West City 14,XX,37669,TEC,Manual-Import,2023-07-31
CUST-01096,Customer Account 01096 Inc,East,Mid-Market,AM-012,Net45,2023-04-10,contact01096@customer01096.example.com,2706 Commerce St,East City 19,XX,92508,HLC,CRM-NextGen,2016-04-21
CUST-01097,Customer Account 01097 Inc,Central,Mid-Market,AM-025,Net45,2019-05-03,contact01097@customer01097.example.com,275 Commerce St,Central City 11,XX,44258,HLC,CRM-Legacy,2021-04-11
CUST-01098,Customer Account 01098 Inc,Central,Mid-Market,AM-053,Net45,2021-04-22,contact01098@customer01098.example.com,1410 Commerce St,Central City 32,XX,58147,RTL,CRM-NextGen,2018-06-22
CUST-01099,Customer Account 01099 Inc,South,Mid-Market,AM-003,Net45,2024-03-15,contact01099@customer01099.example.com,2699 Commerce St,South City 13,XX,92367,LOG,CRM-Legacy,2016-09-14
CUST-01100,Customer Account 01100 Inc,North,Mid-Market,AM-028,Net30,2017-08-27,contact01100@customer01100.example.com,6183 Commerce St,North City 15,XX,21119,CON,CRM-NextGen,2020-01-10
CUST-01101,Customer Account 01101 Inc,Central,SMB,AM-050,Net30,2019-12-16,contact01101@customer01101.example.com,9025 Commerce St,Central City 39,XX,12031,MFG,CRM-Legacy,2018-04-09
CUST-01102,Customer Account 01102 Inc,South,Mid-Market,AM-025,Prepaid,2020-06-25,contact01102@customer01102.example.com,3385 Commerce St,South City 23,XX,65838,LOG,Manual-Import,2018-04-12
CUST-01103,Customer Account 01103 Inc,Central,Mid-Market,AM-049,Net30,2020-01-11,contact01103@customer01103.example.com,542 Commerce St,Central City 12,XX,62927,HLC,CRM-Legacy,2019-03-11
CUST-01104,Customer Account 01104 Inc,East,Mid-Market,AM-046,Net30,2017-04-06,contact01104@customer01104.example.com,1307 Commerce St,East City 30,XX,92756,CON,CRM-NextGen,2023-10-18
CUST-01105,Customer Account 01105 Inc,East,SMB,AM-032,Net45,2019-12-08,contact01105@customer01105.example.com,3247 Commerce St,East City 27,XX,70511,TEC,Manual-Import,2017-02-17
CUST-01106,Customer Account 01106 Inc,East,SMB,AM-059,Prepaid,2020-12-30,contact01106@customer01106.example.com,6659 Commerce St,East City 19,XX,84359,CON,CRM-NextGen,2017-01-15
CUST-01107,Customer Account 01107 Inc,Central,Enterprise,AM-020,Net30,2017-01-13,contact01107@customer01107.example.com,1064 Commerce St,Central City 1,XX,36523,AGR,Manual-Import,2017-11-12
CUST-01108,Customer Account 01108 Inc,East,SMB,AM-050,Net45,2017-05-20,contact01108@customer01108.example.com,1517 Commerce St,East City 28,XX,12364,TEC,CRM-NextGen,2023-07-19
CUST-01109,Customer Account 01109 Inc,Central,Mid-Market,AM-029,Prepaid,2018-06-02,contact01109@customer01109.example.com,7468 Commerce St,Central City 36,XX,25451,RTL,CRM-NextGen,2022-10-19
CUST-01110,Customer Account 01110 Inc,West,Mid-Market,AM-012,Prepaid,2019-09-15,contact01110@customer01110.example.com,837 Commerce St,West City 5,XX,12588,MFG,CRM-NextGen,2018-04-24
CUST-01111,Customer Account 01111 Inc,South,SMB,AM-046,Net60,2017-09-07,contact01111@customer01111.example.com,9486 Commerce St,South City 19,XX,85245,MFG,Manual-Import,2021-11-17
CUST-01112,Customer Account 01112 Inc,South,SMB,AM-047,Net30,2023-04-11,contact01112@customer01112.example.com,7643 Commerce St,South City 14,XX,41536,RTL,CRM-NextGen,2023-05-13
CUST-01113,Customer Account 01113 Inc,Central,Enterprise,AM-009,Net60,2018-07-31,contact01113@customer01113.example.com,7631 Commerce St,Central City 30,XX,27793,CON,Manual-Import,2024-02-09
CUST-01114,Customer Account 01114 Inc,West,Mid-Market,AM-022,Prepaid,2019-02-08,contact01114@customer01114.example.com,9355 Commerce St,West City 31,XX,63971,RTL,CRM-Legacy,2023-10-14
CUST-01115,Customer Account 01115 Inc,Central,SMB,AM-031,Net45,2022-10-17,contact01115@customer01115.example.com,7979 Commerce St,Central City 19,XX,11753,AGR,CRM-NextGen,2018-12-30
CUST-01116,Customer Account 01116 Inc,West,SMB,AM-048,Net45,2020-08-25,contact01116@customer01116.example.com,8697 Commerce St,West City 9,XX,29884,LOG,CRM-NextGen,2023-10-11
CUST-01117,Customer Account 01117 Inc,South,SMB,AM-037,Net60,2020-02-17,contact01117@customer01117.example.com,4716 Commerce St,South City 15,XX,49606,TEC,Manual-Import,2016-05-17
CUST-01118,Customer Account 01118 Inc,East,SMB,AM-033,Net45,2016-11-24,contact01118@customer01118.example.com,3783 Commerce St,East City 10,XX,28370,AGR,CRM-NextGen,2022-07-08
CUST-01119,Customer Account 01119 Inc,North,Mid-Market,AM-059,Net45,2022-11-29,contact01119@customer01119.example.com,7128 Commerce St,North City 7,XX,99110,MFG,CRM-Legacy,2021-12-27
CUST-01120,Customer Account 01120 Inc,East,SMB,AM-027,Prepaid,2018-04-27,contact01120@customer01120.example.com,8520 Commerce St,East City 9,XX,82528,TEC,CRM-NextGen,2016-12-11
CUST-01121,Customer Account 01121 Inc,Central,Enterprise,AM-017,Prepaid,2018-08-18,contact01121@customer01121.example.com,7650 Commerce St,Central City 30,XX,59526,MFG,CRM-Legacy,2021-01-09
CUST-01122,Customer Account 01122 Inc,East,Mid-Market,AM-035,Net30,2019-12-23,contact01122@customer01122.example.com,1004 Commerce St,East City 26,XX,61011,AGR,CRM-NextGen,2017-05-01
CUST-01123,Customer Account 01123 Inc,South,Enterprise,AM-049,Net60,2019-12-17,contact01123@customer01123.example.com,2652 Commerce St,South City 20,XX,94220,RTL,Manual-Import,2016-09-26
CUST-01124,Customer Account 01124 Inc,West,Enterprise,AM-005,Prepaid,2020-09-16,contact01124@customer01124.example.com,6933 Commerce St,West City 7,XX,92931,AGR,CRM-NextGen,2023-05-20
CUST-01125,Customer Account 01125 Inc,North,Enterprise,AM-018,Prepaid,2019-05-13,contact01125@customer01125.example.com,6488 Commerce St,North City 35,XX,78761,HLC,CRM-NextGen,2016-11-21
CUST-01126,Customer Account 01126 Inc,Central,Mid-Market,AM-059,Prepaid,2018-10-24,contact01126@customer01126.example.com,4124 Commerce St,Central City 35,XX,44141,LOG,CRM-Legacy,2020-01-30
CUST-01127,Customer Account 01127 Inc,East,Mid-Market,AM-019,Prepaid,2017-10-19,contact01127@customer01127.example.com,3554 Commerce St,East City 19,XX,60758,RTL,CRM-Legacy,2021-02-09
CUST-01128,Customer Account 01128 Inc,South,SMB,AM-045,Net30,2022-12-02,contact01128@customer01128.example.com,4952 Commerce St,South City 4,XX,73463,RTL,CRM-Legacy,2020-05-14
CUST-01129,Customer Account 01129 Inc,West,Enterprise,AM-016,Net30,2022-03-14,contact01129@customer01129.example.com,227 Commerce St,West City 14,XX,55705,MFG,Manual-Import,2020-03-06
CUST-01130,Customer Account 01130 Inc,South,SMB,AM-058,Net30,2017-04-21,contact01130@customer01130.example.com,547 Commerce St,South City 21,XX,85271,LOG,CRM-NextGen,2016-06-11
CUST-01131,Customer Account 01131 Inc,West,SMB,AM-038,Net60,2021-10-13,contact01131@customer01131.example.com,4914 Commerce St,West City 6,XX,17195,LOG,CRM-NextGen,2018-08-24
CUST-01132,Customer Account 01132 Inc,South,Enterprise,AM-004,Net30,2019-10-04,contact01132@customer01132.example.com,3644 Commerce St,South City 2,XX,39623,AGR,CRM-Legacy,2023-02-10
CUST-01133,Customer Account 01133 Inc,South,SMB,AM-001,Net45,2024-01-22,contact01133@customer01133.example.com,7908 Commerce St,South City 2,XX,38123,AGR,CRM-Legacy,2024-03-16
CUST-01134,Customer Account 01134 Inc,North,Mid-Market,AM-048,Prepaid,2023-04-08,contact01134@customer01134.example.com,7369 Commerce St,North City 28,XX,44975,HLC,Manual-Import,2017-11-03
CUST-01135,Customer Account 01135 Inc,East,Mid-Market,AM-031,Net60,2018-09-15,contact01135@customer01135.example.com,9887 Commerce St,East City 7,XX,45009,AGR,CRM-NextGen,2021-10-16
CUST-01136,Customer Account 01136 Inc,West,Mid-Market,AM-020,Net60,2017-01-19,contact01136@customer01136.example.com,6970 Commerce St,West City 5,XX,88193,CON,CRM-Legacy,2016-11-22
CUST-01137,Customer Account 01137 Inc,North,Mid-Market,AM-057,Net45,2016-03-18,contact01137@customer01137.example.com,2111 Commerce St,North City 34,XX,63895,HLC,CRM-Legacy,2018-10-25
CUST-01138,Customer Account 01138 Inc,South,SMB,AM-007,Prepaid,2018-12-12,contact01138@customer01138.example.com,2831 Commerce St,South City 33,XX,41535,CON,Manual-Import,2023-03-24
CUST-01139,Customer Account 01139 Inc,South,SMB,AM-037,Net30,2021-09-20,contact01139@customer01139.example.com,2168 Commerce St,South City 19,XX,16870,CON,CRM-NextGen,2021-06-13
CUST-01140,Customer Account 01140 Inc,South,SMB,AM-001,Net60,2018-02-25,contact01140@customer01140.example.com,7193 Commerce St,South City 22,XX,28917,MFG,CRM-Legacy,2016-03-10
CUST-01141,Customer Account 01141 Inc,West,Enterprise,AM-001,Net45,2016-02-29,contact01141@customer01141.example.com,6335 Commerce St,West City 6,XX,82287,TEC,CRM-Legacy,2019-04-15
CUST-01142,Customer Account 01142 Inc,North,SMB,AM-058,Net45,2017-03-16,contact01142@customer01142.example.com,2425 Commerce St,North City 17,XX,79347,TEC,Manual-Import,2018-12-22
CUST-01143,Customer Account 01143 Inc,South,SMB,AM-030,Net30,2021-04-06,contact01143@customer01143.example.com,3886 Commerce St,South City 14,XX,64975,CON,Manual-Import,2018-05-18
CUST-01144,Customer Account 01144 Inc,Central,SMB,AM-050,Prepaid,2018-06-03,contact01144@customer01144.example.com,6975 Commerce St,Central City 31,XX,36230,AGR,Manual-Import,2020-01-12
CUST-01145,Customer Account 01145 Inc,Central,SMB,AM-006,Net30,2019-05-07,contact01145@customer01145.example.com,5218 Commerce St,Central City 9,XX,89139,CON,CRM-Legacy,2019-08-03
CUST-01146,Customer Account 01146 Inc,North,SMB,AM-006,Net45,2018-01-03,contact01146@customer01146.example.com,6869 Commerce St,North City 20,XX,22549,CON,CRM-Legacy,2016-12-11
CUST-01147,Customer Account 01147 Inc,East,Mid-Market,AM-044,Net30,2020-01-21,contact01147@customer01147.example.com,7157 Commerce St,East City 21,XX,31566,LOG,CRM-Legacy,2023-06-25
CUST-01148,Customer Account 01148 Inc,West,Mid-Market,AM-007,Prepaid,2020-03-30,contact01148@customer01148.example.com,2654 Commerce St,West City 36,XX,20619,AGR,Manual-Import,2019-03-05
CUST-01149,Customer Account 01149 Inc,North,Mid-Market,AM-053,Net30,2018-03-24,contact01149@customer01149.example.com,1450 Commerce St,North City 24,XX,56672,HLC,CRM-NextGen,2021-02-10
CUST-01150,Customer Account 01150 Inc,North,SMB,AM-025,Prepaid,2023-11-02,contact01150@customer01150.example.com,707 Commerce St,North City 11,XX,51345,TEC,Manual-Import,2021-12-13
CUST-01151,Customer Account 01151 Inc,West,SMB,AM-010,Prepaid,2020-10-14,contact01151@customer01151.example.com,974 Commerce St,West City 6,XX,76882,LOG,Manual-Import,2019-07-04
CUST-01152,Customer Account 01152 Inc,East,Enterprise,AM-011,Prepaid,2022-06-14,contact01152@customer01152.example.com,606 Commerce St,East City 37,XX,81649,HLC,CRM-NextGen,2016-08-24
CUST-01153,Customer Account 01153 Inc,Central,SMB,AM-006,Prepaid,2019-01-17,contact01153@customer01153.example.com,8966 Commerce St,Central City 17,XX,41507,HLC,Manual-Import,2019-10-28
CUST-01154,Customer Account 01154 Inc,East,Mid-Market,AM-038,Net45,2017-05-07,contact01154@customer01154.example.com,9945 Commerce St,East City 20,XX,97501,TEC,CRM-NextGen,2020-06-25
CUST-01155,Customer Account 01155 Inc,Central,Enterprise,AM-007,Prepaid,2020-05-09,contact01155@customer01155.example.com,9237 Commerce St,Central City 11,XX,24659,CON,CRM-Legacy,2019-01-23
CUST-01156,Customer Account 01156 Inc,South,SMB,AM-014,Prepaid,2019-03-27,contact01156@customer01156.example.com,2881 Commerce St,South City 7,XX,70932,AGR,CRM-NextGen,2019-07-19
CUST-01157,Customer Account 01157 Inc,West,Enterprise,AM-054,Net45,2023-03-14,contact01157@customer01157.example.com,6364 Commerce St,West City 32,XX,99624,MFG,CRM-NextGen,2020-05-14
CUST-01158,Customer Account 01158 Inc,South,Mid-Market,AM-039,Net45,2019-03-16,contact01158@customer01158.example.com,6179 Commerce St,South City 37,XX,95268,CON,CRM-Legacy,2023-12-07
CUST-01159,Customer Account 01159 Inc,Central,SMB,AM-050,Prepaid,2021-12-16,contact01159@customer01159.example.com,6419 Commerce St,Central City 26,XX,45078,LOG,CRM-NextGen,2021-01-14
CUST-01160,Customer Account 01160 Inc,West,Mid-Market,AM-005,Prepaid,2016-11-04,contact01160@customer01160.example.com,2412 Commerce St,West City 38,XX,72354,CON,CRM-NextGen,2020-07-24
CUST-01161,Customer Account 01161 Inc,East,Mid-Market,AM-012,Net45,2018-10-24,contact01161@customer01161.example.com,7701 Commerce St,East City 27,XX,52292,CON,CRM-Legacy,2020-02-06
CUST-01162,Customer Account 01162 Inc,East,Mid-Market,AM-015,Prepaid,2019-10-17,contact01162@customer01162.example.com,9023 Commerce St,East City 34,XX,77026,LOG,CRM-NextGen,2022-03-27
CUST-01163,Customer Account 01163 Inc,North,Enterprise,AM-019,Prepaid,2023-08-08,contact01163@customer01163.example.com,1142 Commerce St,North City 39,XX,17934,MFG,Manual-Import,2021-08-18
CUST-01164,Customer Account 01164 Inc,Central,Enterprise,AM-026,Net60,2024-03-13,contact01164@customer01164.example.com,6008 Commerce St,Central City 37,XX,45420,LOG,CRM-NextGen,2017-03-07
CUST-01165,Customer Account 01165 Inc,South,SMB,AM-030,Net30,2021-07-18,contact01165@customer01165.example.com,9206 Commerce St,South City 17,XX,64839,TEC,Manual-Import,2016-04-25
CUST-01166,Customer Account 01166 Inc,South,SMB,AM-037,Net60,2016-01-09,contact01166@customer01166.example.com,220 Commerce St,South City 7,XX,69750,TEC,CRM-NextGen,2020-08-09
CUST-01167,Customer Account 01167 Inc,East,Enterprise,AM-021,Net60,2022-02-08,contact01167@customer01167.example.com,2473 Commerce St,East City 10,XX,46707,CON,CRM-NextGen,2020-08-04
CUST-01168,Customer Account 01168 Inc,North,Mid-Market,AM-026,Prepaid,2021-09-16,contact01168@customer01168.example.com,9006 Commerce St,North City 23,XX,61235,TEC,CRM-Legacy,2019-08-01
CUST-01169,Customer Account 01169 Inc,North,Mid-Market,AM-026,Prepaid,2019-09-18,contact01169@customer01169.example.com,7411 Commerce St,North City 18,XX,91531,RTL,Manual-Import,2021-12-14
CUST-01170,Customer Account 01170 Inc,Central,SMB,AM-008,Net45,2021-02-17,contact01170@customer01170.example.com,5907 Commerce St,Central City 2,XX,57274,CON,CRM-Legacy,2018-12-20
CUST-01171,Customer Account 01171 Inc,East,SMB,AM-055,Prepaid,2022-12-12,contact01171@customer01171.example.com,571 Commerce St,East City 23,XX,43179,LOG,Manual-Import,2021-05-03
CUST-01172,Customer Account 01172 Inc,North,Enterprise,AM-052,Prepaid,2023-06-05,contact01172@customer01172.example.com,5015 Commerce St,North City 26,XX,64938,HLC,Manual-Import,2024-03-12
CUST-01173,Customer Account 01173 Inc,Central,SMB,AM-041,Prepaid,2016-01-17,contact01173@customer01173.example.com,3449 Commerce St,Central City 22,XX,62004,CON,CRM-NextGen,2016-02-11
CUST-01174,Customer Account 01174 Inc,North,SMB,AM-045,Net45,2018-04-04,contact01174@customer01174.example.com,3149 Commerce St,North City 27,XX,55385,MFG,CRM-NextGen,2022-10-08
CUST-01175,Customer Account 01175 Inc,East,Mid-Market,AM-052,Prepaid,2020-03-02,contact01175@customer01175.example.com,1437 Commerce St,East City 16,XX,68289,HLC,CRM-NextGen,2023-03-03
CUST-01176,Customer Account 01176 Inc,East,Mid-Market,AM-018,Prepaid,2018-06-18,contact01176@customer01176.example.com,4758 Commerce St,East City 26,XX,93514,AGR,CRM-Legacy,2017-05-08
CUST-01177,Customer Account 01177 Inc,West,Enterprise,AM-016,Prepaid,2017-04-25,contact01177@customer01177.example.com,3868 Commerce St,West City 16,XX,13831,AGR,CRM-NextGen,2020-06-12
CUST-01178,Customer Account 01178 Inc,North,Mid-Market,AM-004,Net60,2022-07-13,contact01178@customer01178.example.com,8022 Commerce St,North City 16,XX,10120,RTL,Manual-Import,2022-04-10
CUST-01179,Customer Account 01179 Inc,East,SMB,AM-002,Net30,2022-08-09,contact01179@customer01179.example.com,6432 Commerce St,East City 35,XX,66383,MFG,CRM-NextGen,2016-11-19
CUST-01180,Customer Account 01180 Inc,South,Mid-Market,AM-052,Net45,2019-03-23,contact01180@customer01180.example.com,2497 Commerce St,South City 23,XX,47906,MFG,CRM-NextGen,2021-04-15
CUST-01181,Customer Account 01181 Inc,West,SMB,AM-056,Net30,2019-10-25,contact01181@customer01181.example.com,4401 Commerce St,West City 38,XX,52692,CON,CRM-NextGen,2016-06-19
CUST-01182,Customer Account 01182 Inc,Central,Enterprise,AM-040,Prepaid,2018-07-10,contact01182@customer01182.example.com,269 Commerce St,Central City 25,XX,11474,RTL,Manual-Import,2016-04-24
CUST-01183,Customer Account 01183 Inc,West,Mid-Market,AM-037,Net45,2020-05-17,contact01183@customer01183.example.com,8913 Commerce St,West City 11,XX,63120,CON,CRM-Legacy,2023-05-11
CUST-01184,Customer Account 01184 Inc,Central,SMB,AM-006,Prepaid,2017-04-13,contact01184@customer01184.example.com,9181 Commerce St,Central City 13,XX,36419,HLC,Manual-Import,2017-09-10
CUST-01185,Customer Account 01185 Inc,East,SMB,AM-005,Net45,2022-07-08,contact01185@customer01185.example.com,7402 Commerce St,East City 39,XX,22381,LOG,Manual-Import,2019-07-27
CUST-01186,Customer Account 01186 Inc,North,Enterprise,AM-008,Net30,2020-05-13,contact01186@customer01186.example.com,5674 Commerce St,North City 34,XX,97698,RTL,CRM-Legacy,2017-08-19
CUST-01187,Customer Account 01187 Inc,South,SMB,AM-026,Prepaid,2019-09-17,contact01187@customer01187.example.com,6606 Commerce St,South City 29,XX,31881,TEC,CRM-NextGen,2019-01-23
CUST-01188,Customer Account 01188 Inc,East,SMB,AM-027,Prepaid,2022-03-13,contact01188@customer01188.example.com,9342 Commerce St,East City 17,XX,15025,RTL,Manual-Import,2017-02-21
CUST-01189,Customer Account 01189 Inc,East,Enterprise,AM-001,Net30,2017-05-08,contact01189@customer01189.example.com,5428 Commerce St,East City 27,XX,35934,AGR,CRM-NextGen,2022-01-19
CUST-01190,Customer Account 01190 Inc,East,SMB,AM-043,Net60,2023-11-27,contact01190@customer01190.example.com,7043 Commerce St,East City 11,XX,94174,RTL,CRM-NextGen,2017-04-04
CUST-01191,Customer Account 01191 Inc,West,Enterprise,AM-053,Net45,2018-10-17,contact01191@customer01191.example.com,1244 Commerce St,West City 21,XX,13061,CON,CRM-NextGen,2020-11-22
CUST-01192,Customer Account 01192 Inc,Central,Mid-Market,AM-047,Prepaid,2022-12-28,contact01192@customer01192.example.com,6466 Commerce St,Central City 4,XX,49115,LOG,CRM-Legacy,2020-11-05
CUST-01193,Customer Account 01193 Inc,East,SMB,AM-014,Net60,2023-09-20,contact01193@customer01193.example.com,4765 Commerce St,East City 33,XX,65785,LOG,CRM-Legacy,2019-02-20
CUST-01194,Customer Account 01194 Inc,North,Enterprise,AM-014,Net45,2023-03-06,contact01194@customer01194.example.com,3847 Commerce St,North City 33,XX,83319,LOG,CRM-NextGen,2022-12-19
CUST-01195,Customer Account 01195 Inc,East,Enterprise,AM-038,Net30,2017-05-09,contact01195@customer01195.example.com,7238 Commerce St,East City 19,XX,35199,AGR,CRM-Legacy,2017-06-03
CUST-01196,Customer Account 01196 Inc,East,SMB,AM-055,Net60,2018-07-25,contact01196@customer01196.example.com,4533 Commerce St,East City 35,XX,75661,CON,CRM-Legacy,2022-01-08
CUST-01197,Customer Account 01197 Inc,South,Mid-Market,AM-023,Net60,2016-02-07,contact01197@customer01197.example.com,1931 Commerce St,South City 21,XX,96193,AGR,CRM-NextGen,2023-12-16
CUST-01198,Customer Account 01198 Inc,South,Enterprise,AM-053,Net30,2024-01-20,contact01198@customer01198.example.com,6457 Commerce St,South City 6,XX,99277,MFG,CRM-NextGen,2022-02-24
CUST-01199,Customer Account 01199 Inc,North,SMB,AM-054,Prepaid,2022-10-10,contact01199@customer01199.example.com,2352 Commerce St,North City 8,XX,31795,RTL,CRM-NextGen,2016-06-25
CUST-01200,Customer Account 01200 Inc,East,Mid-Market,AM-035,Net30,2016-11-23,contact01200@customer01200.example.com,9882 Commerce St,East City 19,XX,63541,TEC,CRM-NextGen,2021-12-08
