product_id,product_name,category,subcategory,unit_of_measure,unit_weight_kg,unit_cost,list_price,supplier_id,hazmat_flag,created_at
PRD-00001,Desks Item 00001,Furniture,Desks,EA,5.63,73.51,108.79,SUP-0170,True,2023-04-10
PRD-00002,Accessories Item 00002,Apparel,Accessories,CS,31.24,176.88,303.0,SUP-0126,False,2022-05-03
PRD-00003,Paper Goods Item 00003,Office Supplies,Paper Goods,CS,22.63,167.76,333.59,SUP-0118,False,2022-04-28
PRD-00004,Boxes Item 00004,Packaging,Boxes,CS,1.28,77.38,131.01,SUP-0245,False,2020-11-17
PRD-00005,Storage Units Item 00005,Furniture,Storage Units,PLT,11.29,60.02,93.89,SUP-0015,False,2020-07-08
PRD-00006,Tape Item 00006,Packaging,Tape,PLT,16.29,166.75,338.94,SUP-0080,True,2020-09-07
PRD-00007,Cables Item 00007,Electronics,Cables,PLT,6.49,181.15,317.18,SUP-0116,False,2022-01-15
PRD-00008,Footwear Item 00008,Apparel,Footwear,CS,12.1,96.49,180.17,SUP-0152,False,2021-06-26
PRD-00009,Fasteners Item 00009,Industrial Parts,Fasteners,CS,28.0,240.55,370.27,SUP-0227,False,2021-01-30
PRD-00010,Outerwear Item 00010,Apparel,Outerwear,PLT,10.93,113.44,157.31,SUP-0112,False,2023-09-15
PRD-00011,Outerwear Item 00011,Apparel,Outerwear,PLT,7.11,77.88,161.29,SUP-0145,False,2022-01-09
PRD-00012,Footwear Item 00012,Apparel,Footwear,CS,23.38,157.57,297.0,SUP-0157,False,2020-05-06
PRD-00013,Outerwear Item 00013,Apparel,Outerwear,EA,5.82,124.51,173.45,SUP-0083,False,2023-04-05
PRD-00014,Paper Goods Item 00014,Office Supplies,Paper Goods,PLT,13.91,146.1,267.63,SUP-0074,False,2020-02-04
PRD-00015,Bearings Item 00015,Industrial Parts,Bearings,EA,19.49,196.12,341.57,SUP-0021,False,2020-08-29
PRD-00016,Tape Item 00016,Packaging,Tape,CS,13.3,68.21,120.64,SUP-0212,True,2021-10-20
PRD-00017,Seals Item 00017,Industrial Parts,Seals,CS,22.18,224.25,313.44,SUP-0035,False,2020-06-27
PRD-00018,Paper Goods Item 00018,Office Supplies,Paper Goods,CS,30.76,182.29,254.65,SUP-0154,False,2023-10-06
PRD-00019,Paper Goods Item 00019,Office Supplies,Paper Goods,CS,33.2,139.6,283.03,SUP-0093,False,2020-10-31
PRD-00020,Desks Item 00020,Furniture,Desks,EA,10.28,129.73,277.94,SUP-0045,True,2020-09-03
PRD-00021,Writing Item 00021,Office Supplies,Writing,EA,29.96,248.11,521.46,SUP-0223,False,2020-06-22
PRD-00022,Tape Item 00022,Packaging,Tape,EA,26.48,193.46,316.56,SUP-0221,False,2020-05-21
PRD-00023,Fasteners Item 00023,Industrial Parts,Fasteners,PLT,4.95,234.33,479.91,SUP-0061,False,2023-01-25
PRD-00024,Writing Item 00024,Office Supplies,Writing,CS,7.9,218.89,345.69,SUP-0249,False,2023-03-12
PRD-00025,Bearings Item 00025,Industrial Parts,Bearings,PLT,9.22,37.69,53.47,SUP-0004,False,2023-12-24
PRD-00026,Cables Item 00026,Electronics,Cables,CS,23.27,174.18,257.75,SUP-0216,False,2023-04-21
PRD-00027,Displays Item 00027,Electronics,Displays,CS,37.11,34.5,57.19,SUP-0031,False,2020-07-17
PRD-00028,Bearings Item 00028,Industrial Parts,Bearings,CS,11.49,238.99,509.6,SUP-0125,False,2020-02-07
PRD-00029,Adapters Item 00029,Electronics,Adapters,PLT,16.79,28.26,61.31,SUP-0035,False,2020-09-29
PRD-00030,Storage Units Item 00030,Furniture,Storage Units,PLT,31.4,117.91,155.18,SUP-0166,False,2020-06-12
PRD-00031,Storage Item 00031,Office Supplies,Storage,CS,24.26,59.69,124.21,SUP-0133,False,2021-03-10
PRD-00032,Fasteners Item 00032,Industrial Parts,Fasteners,CS,26.09,107.62,223.93,SUP-0069,False,2021-11-11
PRD-00033,Paper Goods Item 00033,Office Supplies,Paper Goods,PLT,4.26,187.01,254.32,SUP-0204,False,2021-06-20
PRD-00034,Cables Item 00034,Electronics,Cables,PLT,5.8,78.96,168.1,SUP-0150,False,2020-09-05
PRD-00035,Boxes Item 00035,Packaging,Boxes,CS,2.26,30.64,44.65,SUP-0006,False,2021-10-05
PRD-00036,Tape Item 00036,Packaging,Tape,PLT,12.75,99.62,174.74,SUP-0184,False,2023-08-05
PRD-00037,Boxes Item 00037,Packaging,Boxes,PLT,10.01,47.01,85.28,SUP-0059,False,2021-02-27
PRD-00038,Cables Item 00038,Electronics,Cables,CS,4.11,131.89,270.39,SUP-0027,False,2020-03-18
PRD-00039,Outerwear Item 00039,Apparel,Outerwear,PLT,39.18,211.21,427.03,SUP-0225,False,2022-07-30
PRD-00040,Tape Item 00040,Packaging,Tape,PLT,21.47,35.37,62.35,SUP-0241,False,2023-07-10
PRD-00041,Footwear Item 00041,Apparel,Footwear,EA,5.63,160.61,277.87,SUP-0067,False,2022-06-25
PRD-00042,Writing Item 00042,Office Supplies,Writing,CS,13.13,92.87,152.45,SUP-0046,False,2022-10-25
PRD-00043,Accessories Item 00043,Apparel,Accessories,PLT,13.17,229.25,408.5,SUP-0120,False,2022-01-03
PRD-00044,Boxes Item 00044,Packaging,Boxes,PLT,25.34,134.12,209.14,SUP-0045,False,2023-01-07
PRD-00045,Void Fill Item 00045,Packaging,Void Fill,PLT,24.59,215.46,298.54,SUP-0033,False,2022-05-21
PRD-00046,Adapters Item 00046,Electronics,Adapters,PLT,38.36,36.08,72.91,SUP-0102,False,2022-06-09
PRD-00047,Storage Units Item 00047,Furniture,Storage Units,EA,23.62,236.61,327.83,SUP-0064,False,2020-09-08
PRD-00048,Paper Goods Item 00048,Office Supplies,Paper Goods,CS,18.67,143.96,254.86,SUP-0182,False,2023-02-19
PRD-00049,Tape Item 00049,Packaging,Tape,EA,4.83,150.7,211.79,SUP-0232,False,2022-01-02
PRD-00050,Void Fill Item 00050,Packaging,Void Fill,CS,26.87,194.03,310.5,SUP-0184,False,2023-09-09
PRD-00051,Boxes Item 00051,Packaging,Boxes,CS,6.35,92.32,132.3,SUP-0079,False,2022-04-12
PRD-00052,Seals Item 00052,Industrial Parts,Seals,CS,22.14,182.96,392.0,SUP-0090,False,2023-03-16
PRD-00053,Adapters Item 00053,Electronics,Adapters,EA,38.05,246.68,346.99,SUP-0179,False,2023-08-09
PRD-00054,Boxes Item 00054,Packaging,Boxes,EA,27.46,147.89,193.89,SUP-0024,False,2021-11-12
PRD-00055,Fasteners Item 00055,Industrial Parts,Fasteners,EA,12.11,115.72,246.09,SUP-0111,False,2022-03-28
PRD-00056,Adapters Item 00056,Electronics,Adapters,PLT,11.39,220.04,451.79,SUP-0011,False,2020-06-08
PRD-00057,Adapters Item 00057,Electronics,Adapters,CS,35.89,163.23,216.46,SUP-0023,False,2021-11-10
PRD-00058,Displays Item 00058,Electronics,Displays,PLT,36.43,51.15,96.71,SUP-0227,True,2020-02-24
PRD-00059,Cables Item 00059,Electronics,Cables,PLT,9.58,152.27,314.36,SUP-0200,False,2022-09-30
PRD-00060,Accessories Item 00060,Apparel,Accessories,PLT,27.94,193.48,397.44,SUP-0112,False,2020-03-01
PRD-00061,Cables Item 00061,Electronics,Cables,CS,25.22,127.12,262.63,SUP-0186,False,2023-05-04
PRD-00062,Outerwear Item 00062,Apparel,Outerwear,EA,28.41,69.15,150.9,SUP-0187,False,2022-07-06
PRD-00063,Adapters Item 00063,Electronics,Adapters,EA,28.4,12.5,18.2,SUP-0221,False,2023-03-01
PRD-00064,Writing Item 00064,Office Supplies,Writing,PLT,31.37,115.72,216.72,SUP-0218,False,2022-05-08
PRD-00065,Storage Item 00065,Office Supplies,Storage,CS,28.01,76.73,144.58,SUP-0144,False,2020-08-24
PRD-00066,Adapters Item 00066,Electronics,Adapters,CS,18.99,102.2,143.83,SUP-0243,False,2020-07-20
PRD-00067,Cables Item 00067,Electronics,Cables,PLT,25.4,108.12,180.63,SUP-0153,False,2023-06-14
PRD-00068,Storage Item 00068,Office Supplies,Storage,CS,1.49,80.63,135.18,SUP-0119,False,2021-12-12
PRD-00069,Adapters Item 00069,Electronics,Adapters,CS,25.94,142.31,268.57,SUP-0175,False,2021-01-04
PRD-00070,Footwear Item 00070,Apparel,Footwear,CS,25.06,108.99,177.06,SUP-0240,False,2022-02-08
PRD-00071,Void Fill Item 00071,Packaging,Void Fill,PLT,20.83,230.42,465.42,SUP-0126,False,2022-02-17
PRD-00072,Desks Item 00072,Furniture,Desks,CS,2.93,30.73,63.24,SUP-0205,False,2020-03-24
PRD-00073,Tape Item 00073,Packaging,Tape,PLT,29.72,44.9,58.96,SUP-0079,False,2022-11-25
PRD-00074,Desks Item 00074,Furniture,Desks,CS,24.05,40.1,56.45,SUP-0127,False,2021-07-01
PRD-00075,Displays Item 00075,Electronics,Displays,CS,27.52,193.48,374.36,SUP-0078,False,2023-10-20
PRD-00076,Tape Item 00076,Packaging,Tape,EA,21.03,53.85,77.94,SUP-0178,False,2020-09-05
PRD-00077,Storage Units Item 00077,Furniture,Storage Units,EA,39.61,139.88,199.67,SUP-0209,False,2023-06-18
PRD-00078,Fasteners Item 00078,Industrial Parts,Fasteners,EA,17.38,189.32,326.08,SUP-0229,False,2020-08-14
PRD-00079,Storage Item 00079,Office Supplies,Storage,CS,11.72,13.07,22.76,SUP-0058,False,2022-12-20
PRD-00080,Fasteners Item 00080,Industrial Parts,Fasteners,EA,33.75,62.43,116.98,SUP-0139,False,2022-08-31
PRD-00081,Accessories Item 00081,Apparel,Accessories,PLT,21.6,16.41,26.33,SUP-0092,False,2021-05-11
PRD-00082,Bearings Item 00082,Industrial Parts,Bearings,PLT,20.22,213.3,451.9,SUP-0076,False,2022-05-30
PRD-00083,Bearings Item 00083,Industrial Parts,Bearings,PLT,4.24,125.71,208.51,SUP-0133,False,2022-08-01
PRD-00084,Tape Item 00084,Packaging,Tape,EA,7.7,86.04,113.77,SUP-0152,False,2023-10-23
PRD-00085,Fasteners Item 00085,Industrial Parts,Fasteners,CS,11.16,150.42,290.72,SUP-0002,False,2022-12-06
PRD-00086,Storage Units Item 00086,Furniture,Storage Units,CS,30.47,120.42,254.45,SUP-0129,False,2022-12-17
PRD-00087,Void Fill Item 00087,Packaging,Void Fill,EA,29.31,216.97,368.0,SUP-0029,False,2023-12-13
PRD-00088,Tape Item 00088,Packaging,Tape,PLT,11.56,246.18,482.61,SUP-0242,False,2023-01-29
PRD-00089,Cables Item 00089,Electronics,Cables,CS,19.61,12.15,26.57,SUP-0194,False,2021-05-02
PRD-00090,Seating Item 00090,Furniture,Seating,CS,3.44,198.83,357.88,SUP-0135,False,2023-04-18
PRD-00091,Seals Item 00091,Industrial Parts,Seals,EA,2.0,11.17,15.62,SUP-0093,False,2023-02-18
PRD-00092,Footwear Item 00092,Apparel,Footwear,PLT,29.59,216.63,437.76,SUP-0096,False,2020-03-14
PRD-00093,Adapters Item 00093,Electronics,Adapters,CS,20.61,214.82,410.21,SUP-0002,True,2023-02-13
PRD-00094,Seals Item 00094,Industrial Parts,Seals,PLT,9.54,168.56,348.5,SUP-0131,False,2021-06-06
PRD-00095,Seating Item 00095,Furniture,Seating,CS,11.03,148.4,311.33,SUP-0099,False,2022-10-15
PRD-00096,Displays Item 00096,Electronics,Displays,CS,32.31,179.97,395.73,SUP-0159,False,2021-03-20
PRD-00097,Boxes Item 00097,Packaging,Boxes,EA,28.05,144.57,265.39,SUP-0249,False,2022-01-13
PRD-00098,Seating Item 00098,Furniture,Seating,CS,14.65,35.32,48.05,SUP-0088,True,2020-10-29
PRD-00099,Writing Item 00099,Office Supplies,Writing,PLT,16.84,159.37,344.76,SUP-0086,False,2022-01-24
PRD-00100,Void Fill Item 00100,Packaging,Void Fill,EA,9.44,224.46,357.52,SUP-0222,False,2023-09-25
PRD-00101,Storage Units Item 00101,Furniture,Storage Units,CS,12.01,148.5,225.31,SUP-0163,False,2020-09-23
PRD-00102,Adapters Item 00102,Electronics,Adapters,PLT,22.48,72.25,145.42,SUP-0146,False,2023-03-21
PRD-00103,Desks Item 00103,Furniture,Desks,CS,32.59,248.69,525.31,SUP-0168,False,2021-12-06
PRD-00104,Paper Goods Item 00104,Office Supplies,Paper Goods,CS,26.13,27.27,58.9,SUP-0195,False,2022-02-08
PRD-00105,Cables Item 00105,Electronics,Cables,PLT,1.69,240.02,365.18,SUP-0026,False,2024-01-16
PRD-00106,Fasteners Item 00106,Industrial Parts,Fasteners,CS,2.09,79.52,111.36,SUP-0159,False,2021-07-30
PRD-00107,Storage Units Item 00107,Furniture,Storage Units,PLT,15.8,53.34,89.34,SUP-0076,True,2021-03-10
PRD-00108,Adapters Item 00108,Electronics,Adapters,PLT,20.35,2.31,4.02,SUP-0008,False,2021-05-14
PRD-00109,Void Fill Item 00109,Packaging,Void Fill,CS,12.93,210.62,319.77,SUP-0065,False,2023-07-18
PRD-00110,Footwear Item 00110,Apparel,Footwear,EA,37.22,84.02,112.9,SUP-0124,False,2021-11-22
PRD-00111,Paper Goods Item 00111,Office Supplies,Paper Goods,EA,36.76,13.75,17.99,SUP-0035,False,2023-05-09
PRD-00112,Cables Item 00112,Electronics,Cables,EA,9.7,155.8,282.35,SUP-0058,False,2022-06-04
PRD-00113,Fasteners Item 00113,Industrial Parts,Fasteners,CS,6.55,213.64,426.35,SUP-0155,False,2021-03-12
PRD-00114,Paper Goods Item 00114,Office Supplies,Paper Goods,PLT,24.16,114.71,250.78,SUP-0020,False,2021-06-26
PRD-00115,Cables Item 00115,Electronics,Cables,EA,8.69,200.2,334.86,SUP-0150,False,2023-05-19
PRD-00116,Displays Item 00116,Electronics,Displays,EA,0.81,87.93,127.41,SUP-0165,False,2022-12-23
PRD-00117,Storage Item 00117,Office Supplies,Storage,EA,23.77,80.65,113.99,SUP-0222,False,2022-10-02
PRD-00118,Outerwear Item 00118,Apparel,Outerwear,EA,39.67,127.81,166.61,SUP-0231,False,2020-01-25
PRD-00119,Tape Item 00119,Packaging,Tape,CS,35.22,33.47,59.66,SUP-0224,False,2020-09-30
PRD-00120,Storage Item 00120,Office Supplies,Storage,EA,11.83,149.45,283.55,SUP-0244,True,2023-06-08
PRD-00121,Adapters Item 00121,Electronics,Adapters,PLT,10.18,59.36,109.8,SUP-0218,False,2022-02-26
PRD-00122,Seals Item 00122,Industrial Parts,Seals,PLT,22.7,181.99,360.81,SUP-0179,False,2024-01-15
PRD-00123,Desks Item 00123,Furniture,Desks,EA,20.83,5.09,8.49,SUP-0199,False,2023-03-04
PRD-00124,Desks Item 00124,Furniture,Desks,CS,6.02,171.28,370.89,SUP-0067,False,2020-09-24
PRD-00125,Storage Units Item 00125,Furniture,Storage Units,EA,18.82,228.32,447.54,SUP-0053,False,2022-08-26
PRD-00126,Bearings Item 00126,Industrial Parts,Bearings,CS,29.26,185.95,372.77,SUP-0237,False,2022-05-04
PRD-00127,Accessories Item 00127,Apparel,Accessories,PLT,4.04,216.66,321.51,SUP-0199,False,2021-11-14
PRD-00128,Cables Item 00128,Electronics,Cables,PLT,28.79,95.53,200.5,SUP-0157,False,2021-08-14
PRD-00129,Bearings Item 00129,Industrial Parts,Bearings,CS,24.09,146.09,312.9,SUP-0102,False,2020-04-11
PRD-00130,Writing Item 00130,Office Supplies,Writing,CS,5.29,99.74,144.28,SUP-0077,False,2022-10-23
PRD-00131,Displays Item 00131,Electronics,Displays,EA,30.15,62.41,130.62,SUP-0025,False,2021-12-18
PRD-00132,Storage Item 00132,Office Supplies,Storage,EA,18.76,131.46,201.59,SUP-0032,False,2020-03-08
PRD-00133,Displays Item 00133,Electronics,Displays,PLT,4.47,163.82,250.18,SUP-0124,False,2021-04-14
PRD-00134,Outerwear Item 00134,Apparel,Outerwear,PLT,39.38,225.61,492.76,SUP-0089,False,2023-11-30
PRD-00135,Fasteners Item 00135,Industrial Parts,Fasteners,EA,3.92,77.51,159.76,SUP-0138,False,2021-08-26
PRD-00136,Tape Item 00136,Packaging,Tape,EA,6.45,64.81,133.95,SUP-0094,False,2022-05-26
PRD-00137,Outerwear Item 00137,Apparel,Outerwear,PLT,30.41,94.07,187.68,SUP-0101,False,2022-06-24
PRD-00138,Desks Item 00138,Furniture,Desks,EA,4.06,224.24,344.9,SUP-0045,False,2023-06-23
PRD-00139,Tape Item 00139,Packaging,Tape,EA,28.42,113.57,234.66,SUP-0062,False,2023-01-25
PRD-00140,Bearings Item 00140,Industrial Parts,Bearings,CS,9.83,63.6,91.91,SUP-0010,False,2023-11-11
PRD-00141,Displays Item 00141,Electronics,Displays,EA,21.21,130.38,232.46,SUP-0123,False,2021-06-26
PRD-00142,Adapters Item 00142,Electronics,Adapters,EA,19.31,238.16,513.92,SUP-0037,False,2020-09-02
PRD-00143,Seating Item 00143,Furniture,Seating,PLT,4.8,64.79,137.69,SUP-0008,False,2023-10-05
PRD-00144,Boxes Item 00144,Packaging,Boxes,CS,21.3,101.31,148.78,SUP-0210,False,2024-01-22
PRD-00145,Accessories Item 00145,Apparel,Accessories,PLT,36.83,118.25,190.06,SUP-0039,False,2023-10-29
PRD-00146,Fasteners Item 00146,Industrial Parts,Fasteners,PLT,30.05,156.43,315.09,SUP-0207,False,2020-11-13
PRD-00147,Tape Item 00147,Packaging,Tape,PLT,39.74,160.48,249.19,SUP-0001,False,2021-08-19
PRD-00148,Seals Item 00148,Industrial Parts,Seals,EA,25.31,39.78,65.78,SUP-0039,False,2023-10-14
PRD-00149,Seals Item 00149,Industrial Parts,Seals,EA,24.01,116.35,200.76,SUP-0165,False,2022-02-27
PRD-00150,Bearings Item 00150,Industrial Parts,Bearings,EA,33.85,170.17,227.39,SUP-0247,False,2021-11-05
PRD-00151,Accessories Item 00151,Apparel,Accessories,CS,26.42,247.97,389.87,SUP-0133,False,2022-12-07
PRD-00152,Seals Item 00152,Industrial Parts,Seals,PLT,22.49,101.98,198.64,SUP-0147,False,2022-02-02
PRD-00153,Writing Item 00153,Office Supplies,Writing,CS,16.36,162.47,275.56,SUP-0086,False,2023-05-25
PRD-00154,Cables Item 00154,Electronics,Cables,PLT,26.53,164.57,216.87,SUP-0221,False,2021-05-04
PRD-00155,Displays Item 00155,Electronics,Displays,PLT,26.73,215.44,305.15,SUP-0062,False,2023-02-22
PRD-00156,Cables Item 00156,Electronics,Cables,EA,36.42,169.33,250.99,SUP-0240,False,2022-03-24
PRD-00157,Accessories Item 00157,Apparel,Accessories,PLT,25.04,153.29,243.49,SUP-0064,False,2022-02-18
PRD-00158,Bearings Item 00158,Industrial Parts,Bearings,PLT,16.03,7.76,16.2,SUP-0240,False,2022-07-04
PRD-00159,Storage Item 00159,Office Supplies,Storage,EA,21.8,213.79,372.17,SUP-0081,False,2023-05-04
PRD-00160,Seals Item 00160,Industrial Parts,Seals,EA,36.96,228.34,470.15,SUP-0234,False,2024-01-07
PRD-00161,Storage Units Item 00161,Furniture,Storage Units,EA,18.29,191.12,289.78,SUP-0120,False,2022-08-08
PRD-00162,Paper Goods Item 00162,Office Supplies,Paper Goods,EA,16.43,147.32,220.53,SUP-0164,False,2023-05-09
PRD-00163,Boxes Item 00163,Packaging,Boxes,EA,31.91,3.86,7.93,SUP-0084,False,2022-11-15
PRD-00164,Footwear Item 00164,Apparel,Footwear,EA,39.94,98.74,145.48,SUP-0236,False,2020-08-18
PRD-00165,Bearings Item 00165,Industrial Parts,Bearings,EA,2.83,233.36,332.35,SUP-0245,False,2021-01-09
PRD-00166,Writing Item 00166,Office Supplies,Writing,PLT,4.52,166.54,341.29,SUP-0144,False,2020-09-21
PRD-00167,Tape Item 00167,Packaging,Tape,EA,26.12,126.19,276.71,SUP-0171,False,2020-02-17
PRD-00168,Boxes Item 00168,Packaging,Boxes,EA,39.07,182.51,289.55,SUP-0074,False,2021-11-22
PRD-00169,Paper Goods Item 00169,Office Supplies,Paper Goods,PLT,31.51,168.72,345.69,SUP-0088,False,2023-11-05
PRD-00170,Bearings Item 00170,Industrial Parts,Bearings,EA,32.07,187.71,327.02,SUP-0056,False,2023-09-01
PRD-00171,Void Fill Item 00171,Packaging,Void Fill,EA,21.38,25.83,35.15,SUP-0039,False,2020-12-06
PRD-00172,Cables Item 00172,Electronics,Cables,CS,1.44,194.11,366.29,SUP-0186,False,2023-05-19
PRD-00173,Cables Item 00173,Electronics,Cables,EA,21.58,215.48,438.99,SUP-0205,False,2021-09-27
PRD-00174,Bearings Item 00174,Industrial Parts,Bearings,PLT,30.11,65.85,115.49,SUP-0135,False,2023-01-30
PRD-00175,Writing Item 00175,Office Supplies,Writing,CS,30.07,56.36,79.3,SUP-0052,False,2021-05-20
PRD-00176,Paper Goods Item 00176,Office Supplies,Paper Goods,EA,15.97,206.13,451.7,SUP-0213,False,2020-07-24
PRD-00177,Writing Item 00177,Office Supplies,Writing,EA,39.03,99.44,207.39,SUP-0218,False,2022-07-14
PRD-00178,Writing Item 00178,Office Supplies,Writing,CS,29.4,73.69,133.36,SUP-0186,False,2022-04-06
PRD-00179,Seals Item 00179,Industrial Parts,Seals,CS,24.08,8.59,14.93,SUP-0013,False,2021-03-08
PRD-00180,Fasteners Item 00180,Industrial Parts,Fasteners,PLT,22.47,207.0,340.89,SUP-0188,False,2021-02-10
PRD-00181,Cables Item 00181,Electronics,Cables,CS,2.69,141.9,184.61,SUP-0169,False,2022-06-16
PRD-00182,Storage Units Item 00182,Furniture,Storage Units,CS,35.62,44.65,76.93,SUP-0207,False,2021-12-15
PRD-00183,Fasteners Item 00183,Industrial Parts,Fasteners,CS,7.86,55.36,105.82,SUP-0146,False,2023-08-31
PRD-00184,Adapters Item 00184,Electronics,Adapters,EA,7.09,106.84,151.84,SUP-0163,False,2023-07-14
PRD-00185,Bearings Item 00185,Industrial Parts,Bearings,CS,10.63,15.71,29.05,SUP-0089,False,2023-04-16
PRD-00186,Seating Item 00186,Furniture,Seating,PLT,4.34,26.76,37.57,SUP-0115,False,2022-07-18
PRD-00187,Storage Item 00187,Office Supplies,Storage,EA,21.07,189.06,415.37,SUP-0205,True,2020-11-10
PRD-00188,Fasteners Item 00188,Industrial Parts,Fasteners,EA,23.1,237.26,480.59,SUP-0231,False,2020-09-12
PRD-00189,Writing Item 00189,Office Supplies,Writing,EA,15.26,124.43,206.28,SUP-0242,False,2021-12-06
PRD-00190,Adapters Item 00190,Electronics,Adapters,EA,4.18,49.92,103.81,SUP-0008,False,2022-06-02
PRD-00191,Footwear Item 00191,Apparel,Footwear,PLT,37.07,109.02,233.25,SUP-0158,False,2023-03-05
PRD-00192,Paper Goods Item 00192,Office Supplies,Paper Goods,CS,18.5,142.85,270.4,SUP-0088,False,2022-04-11
PRD-00193,Desks Item 00193,Furniture,Desks,CS,6.68,95.89,187.06,SUP-0024,False,2023-07-18
PRD-00194,Storage Item 00194,Office Supplies,Storage,CS,10.33,189.37,387.09,SUP-0242,False,2023-10-23
PRD-00195,Displays Item 00195,Electronics,Displays,CS,15.73,15.04,32.06,SUP-0236,False,2024-01-08
PRD-00196,Adapters Item 00196,Electronics,Adapters,EA,22.53,170.74,226.04,SUP-0084,False,2023-01-20
PRD-00197,Writing Item 00197,Office Supplies,Writing,CS,31.48,117.51,187.74,SUP-0002,False,2024-01-22
PRD-00198,Seals Item 00198,Industrial Parts,Seals,CS,6.47,69.04,137.9,SUP-0038,False,2022-01-14
PRD-00199,Storage Item 00199,Office Supplies,Storage,PLT,7.54,240.97,442.14,SUP-0214,False,2022-05-19
PRD-00200,Fasteners Item 00200,Industrial Parts,Fasteners,EA,19.3,203.12,367.23,SUP-0159,False,2024-01-13
PRD-00201,Desks Item 00201,Furniture,Desks,EA,4.78,93.76,188.95,SUP-0104,False,2020-04-13
PRD-00202,Storage Item 00202,Office Supplies,Storage,EA,1.01,218.83,386.98,SUP-0127,False,2021-11-26
PRD-00203,Boxes Item 00203,Packaging,Boxes,EA,24.77,167.75,224.13,SUP-0094,False,2023-12-12
PRD-00204,Void Fill Item 00204,Packaging,Void Fill,EA,7.58,36.63,58.96,SUP-0047,False,2020-05-25
PRD-00205,Writing Item 00205,Office Supplies,Writing,CS,3.28,202.62,382.24,SUP-0243,False,2023-08-19
PRD-00206,Tape Item 00206,Packaging,Tape,CS,1.48,108.91,193.98,SUP-0092,False,2024-01-30
PRD-00207,Boxes Item 00207,Packaging,Boxes,CS,36.12,177.04,237.34,SUP-0076,False,2023-02-16
PRD-00208,Storage Units Item 00208,Furniture,Storage Units,EA,33.4,16.84,24.25,SUP-0180,False,2022-03-13
PRD-00209,Desks Item 00209,Furniture,Desks,PLT,2.57,100.51,218.3,SUP-0111,False,2023-04-01
PRD-00210,Writing Item 00210,Office Supplies,Writing,EA,3.82,241.16,501.75,SUP-0032,False,2022-11-27
PRD-00211,Displays Item 00211,Electronics,Displays,CS,5.12,210.85,425.12,SUP-0235,False,2021-08-05
PRD-00212,Void Fill Item 00212,Packaging,Void Fill,PLT,28.21,243.01,421.54,SUP-0114,False,2021-11-15
PRD-00213,Writing Item 00213,Office Supplies,Writing,EA,3.14,99.09,198.37,SUP-0023,False,2020-10-17
PRD-00214,Storage Units Item 00214,Furniture,Storage Units,CS,6.34,10.72,15.92,SUP-0071,False,2024-01-03
PRD-00215,Bearings Item 00215,Industrial Parts,Bearings,PLT,9.49,234.17,314.77,SUP-0244,False,2023-10-31
PRD-00216,Cables Item 00216,Electronics,Cables,EA,36.5,143.01,255.06,SUP-0165,False,2022-07-27
PRD-00217,Void Fill Item 00217,Packaging,Void Fill,CS,37.96,155.21,250.37,SUP-0216,False,2021-12-08
PRD-00218,Writing Item 00218,Office Supplies,Writing,CS,15.16,236.53,471.57,SUP-0031,False,2022-03-21
PRD-00219,Boxes Item 00219,Packaging,Boxes,EA,17.42,163.99,246.93,SUP-0168,False,2023-09-15
PRD-00220,Storage Item 00220,Office Supplies,Storage,PLT,4.34,48.6,84.95,SUP-0133,False,2022-02-18
PRD-00221,Desks Item 00221,Furniture,Desks,EA,19.14,248.71,417.73,SUP-0122,False,2023-01-05
PRD-00222,Boxes Item 00222,Packaging,Boxes,EA,2.08,160.13,349.6,SUP-0005,False,2021-12-04
PRD-00223,Writing Item 00223,Office Supplies,Writing,PLT,25.94,16.96,33.98,SUP-0205,False,2021-11-15
PRD-00224,Boxes Item 00224,Packaging,Boxes,PLT,13.94,158.5,300.56,SUP-0194,False,2022-10-04
PRD-00225,Footwear Item 00225,Apparel,Footwear,CS,20.26,107.42,210.86,SUP-0203,False,2022-03-09
PRD-00226,Writing Item 00226,Office Supplies,Writing,PLT,7.98,34.53,64.37,SUP-0029,False,2023-01-25
PRD-00227,Outerwear Item 00227,Apparel,Outerwear,EA,6.22,29.46,43.54,SUP-0239,False,2021-05-07
PRD-00228,Boxes Item 00228,Packaging,Boxes,PLT,28.34,190.62,277.86,SUP-0188,False,2021-06-20
PRD-00229,Outerwear Item 00229,Apparel,Outerwear,EA,5.13,69.81,125.32,SUP-0077,False,2020-08-11
PRD-00230,Adapters Item 00230,Electronics,Adapters,CS,29.93,195.99,398.56,SUP-0052,False,2021-11-03
PRD-00231,Paper Goods Item 00231,Office Supplies,Paper Goods,EA,18.73,91.48,151.2,SUP-0044,False,2023-09-26
PRD-00232,Outerwear Item 00232,Apparel,Outerwear,EA,5.28,69.66,118.07,SUP-0175,False,2021-03-30
PRD-00233,Seating Item 00233,Furniture,Seating,EA,19.94,191.26,359.32,SUP-0232,False,2022-07-24
PRD-00234,Desks Item 00234,Furniture,Desks,CS,36.35,222.67,448.08,SUP-0090,False,2021-11-22
PRD-00235,Outerwear Item 00235,Apparel,Outerwear,CS,16.32,120.35,218.0,SUP-0124,False,2022-08-21
PRD-00236,Storage Units Item 00236,Furniture,Storage Units,EA,31.73,57.84,119.33,SUP-0192,False,2024-02-01
PRD-00237,Displays Item 00237,Electronics,Displays,EA,10.76,79.96,147.58,SUP-0101,False,2021-10-09
PRD-00238,Seals Item 00238,Industrial Parts,Seals,CS,6.83,75.48,111.38,SUP-0186,False,2020-03-27
PRD-00239,Footwear Item 00239,Apparel,Footwear,EA,7.72,208.86,304.5,SUP-0170,False,2024-01-08
PRD-00240,Storage Item 00240,Office Supplies,Storage,PLT,27.12,36.73,74.67,SUP-0105,False,2020-12-18
PRD-00241,Seals Item 00241,Industrial Parts,Seals,EA,17.33,67.62,103.31,SUP-0108,False,2022-07-01
PRD-00242,Footwear Item 00242,Apparel,Footwear,CS,8.56,209.11,272.65,SUP-0143,False,2022-05-06
PRD-00243,Seating Item 00243,Furniture,Seating,PLT,32.41,53.58,73.95,SUP-0130,False,2021-05-22
PRD-00244,Outerwear Item 00244,Apparel,Outerwear,CS,7.86,48.83,81.5,SUP-0109,False,2021-12-20
PRD-00245,Tape Item 00245,Packaging,Tape,EA,16.5,173.22,288.07,SUP-0245,False,2020-04-17
PRD-00246,Storage Item 00246,Office Supplies,Storage,PLT,3.96,189.13,325.57,SUP-0033,False,2020-10-27
PRD-00247,Bearings Item 00247,Industrial Parts,Bearings,EA,36.31,73.78,149.22,SUP-0199,False,2022-06-21
PRD-00248,Paper Goods Item 00248,Office Supplies,Paper Goods,EA,37.75,35.49,58.98,SUP-0232,False,2020-12-03
PRD-00249,Tape Item 00249,Packaging,Tape,EA,25.59,10.71,21.47,SUP-0041,False,2021-08-12
PRD-00250,Desks Item 00250,Furniture,Desks,PLT,9.15,212.4,285.78,SUP-0214,False,2023-07-25
PRD-00251,Adapters Item 00251,Electronics,Adapters,CS,31.24,190.47,408.49,SUP-0032,False,2024-01-02
PRD-00252,Fasteners Item 00252,Industrial Parts,Fasteners,PLT,29.8,132.81,270.73,SUP-0041,False,2023-01-29
PRD-00253,Fasteners Item 00253,Industrial Parts,Fasteners,EA,20.24,61.11,111.49,SUP-0126,False,2023-06-02
PRD-00254,Accessories Item 00254,Apparel,Accessories,PLT,29.47,63.19,120.7,SUP-0063,False,2022-02-23
PRD-00255,Seals Item 00255,Industrial Parts,Seals,EA,36.72,240.24,525.11,SUP-0180,False,2021-06-17
PRD-00256,Tape Item 00256,Packaging,Tape,CS,3.8,246.68,412.24,SUP-0154,False,2023-08-06
PRD-00257,Void Fill Item 00257,Packaging,Void Fill,CS,35.35,96.93,152.3,SUP-0245,False,2020-11-07
PRD-00258,Fasteners Item 00258,Industrial Parts,Fasteners,CS,33.19,165.3,218.53,SUP-0114,False,2020-11-26
PRD-00259,Writing Item 00259,Office Supplies,Writing,CS,13.96,124.91,259.64,SUP-0014,True,2023-06-15
PRD-00260,Bearings Item 00260,Industrial Parts,Bearings,PLT,30.0,14.62,22.4,SUP-0131,False,2023-07-23
PRD-00261,Accessories Item 00261,Apparel,Accessories,CS,31.18,55.55,84.5,SUP-0133,False,2021-09-03
PRD-00262,Adapters Item 00262,Electronics,Adapters,PLT,25.44,178.08,350.75,SUP-0232,False,2022-03-08
PRD-00263,Adapters Item 00263,Electronics,Adapters,EA,35.53,160.83,326.58,SUP-0051,False,2023-12-28
PRD-00264,Boxes Item 00264,Packaging,Boxes,EA,36.12,243.14,517.82,SUP-0206,False,2021-05-13
PRD-00265,Paper Goods Item 00265,Office Supplies,Paper Goods,EA,2.9,24.32,53.28,SUP-0030,False,2020-02-15
PRD-00266,Adapters Item 00266,Electronics,Adapters,PLT,30.99,145.9,272.52,SUP-0102,False,2023-08-16
PRD-00267,Bearings Item 00267,Industrial Parts,Bearings,CS,13.88,178.76,307.63,SUP-0112,False,2021-09-23
PRD-00268,Accessories Item 00268,Apparel,Accessories,EA,9.89,40.08,82.48,SUP-0172,False,2021-05-10
PRD-00269,Void Fill Item 00269,Packaging,Void Fill,PLT,12.34,21.28,31.81,SUP-0191,False,2022-09-02
PRD-00270,Seating Item 00270,Furniture,Seating,EA,11.63,143.07,257.36,SUP-0071,False,2022-07-21
PRD-00271,Adapters Item 00271,Electronics,Adapters,EA,27.01,35.5,67.96,SUP-0173,False,2023-01-31
PRD-00272,Fasteners Item 00272,Industrial Parts,Fasteners,CS,8.93,23.5,39.88,SUP-0208,False,2023-01-19
PRD-00273,Storage Units Item 00273,Furniture,Storage Units,EA,18.93,137.36,240.28,SUP-0190,False,2022-12-18
PRD-00274,Storage Units Item 00274,Furniture,Storage Units,CS,24.1,133.11,261.4,SUP-0030,False,2020-04-17
PRD-00275,Footwear Item 00275,Apparel,Footwear,CS,18.76,230.58,499.43,SUP-0123,False,2022-06-02
PRD-00276,Writing Item 00276,Office Supplies,Writing,EA,0.07,25.61,43.25,SUP-0092,False,2023-02-27
PRD-00277,Outerwear Item 00277,Apparel,Outerwear,PLT,37.65,143.36,207.96,SUP-0039,False,2020-10-19
PRD-00278,Writing Item 00278,Office Supplies,Writing,CS,30.4,104.24,157.15,SUP-0063,False,2023-09-20
PRD-00279,Displays Item 00279,Electronics,Displays,CS,9.0,212.73,331.48,SUP-0249,False,2022-10-20
PRD-00280,Writing Item 00280,Office Supplies,Writing,CS,39.61,248.39,440.67,SUP-0085,False,2022-08-16
PRD-00281,Seals Item 00281,Industrial Parts,Seals,CS,33.32,52.56,82.67,SUP-0132,False,2020-12-28
PRD-00282,Desks Item 00282,Furniture,Desks,PLT,31.95,226.71,349.64,SUP-0010,False,2021-04-26
PRD-00283,Adapters Item 00283,Electronics,Adapters,CS,16.36,127.36,251.44,SUP-0159,False,2021-09-28
PRD-00284,Writing Item 00284,Office Supplies,Writing,EA,34.03,48.8,83.04,SUP-0015,False,2020-12-07
PRD-00285,Desks Item 00285,Furniture,Desks,PLT,7.12,7.25,13.7,SUP-0079,False,2022-10-27
PRD-00286,Cables Item 00286,Electronics,Cables,EA,0.92,146.27,301.89,SUP-0026,False,2020-08-21
PRD-00287,Writing Item 00287,Office Supplies,Writing,CS,32.12,111.83,235.26,SUP-0018,True,2022-04-02
PRD-00288,Writing Item 00288,Office Supplies,Writing,PLT,6.04,138.27,204.99,SUP-0202,False,2022-09-16
PRD-00289,Writing Item 00289,Office Supplies,Writing,PLT,12.05,238.38,412.28,SUP-0124,False,2023-01-15
PRD-00290,Storage Item 00290,Office Supplies,Storage,EA,28.47,89.35,117.64,SUP-0082,False,2021-10-20
PRD-00291,Writing Item 00291,Office Supplies,Writing,CS,28.48,194.61,271.0,SUP-0202,False,2022-07-20
PRD-00292,Void Fill Item 00292,Packaging,Void Fill,EA,8.98,12.55,21.45,SUP-0041,False,2021-09-12
PRD-00293,Displays Item 00293,Electronics,Displays,CS,37.19,231.57,304.76,SUP-0051,False,2022-02-16
PRD-00294,Desks Item 00294,Furniture,Desks,EA,38.81,191.23,404.51,SUP-0058,False,2023-12-27
PRD-00295,Outerwear Item 00295,Apparel,Outerwear,EA,24.61,212.75,356.47,SUP-0153,False,2022-01-22
PRD-00296,Adapters Item 00296,Electronics,Adapters,PLT,29.2,20.6,42.52,SUP-0131,False,2021-12-09
PRD-00297,Boxes Item 00297,Packaging,Boxes,EA,14.79,242.43,353.3,SUP-0183,False,2022-12-28
PRD-00298,Bearings Item 00298,Industrial Parts,Bearings,PLT,8.65,184.07,381.69,SUP-0164,False,2021-07-21
PRD-00299,Outerwear Item 00299,Apparel,Outerwear,CS,10.35,155.43,298.99,SUP-0231,False,2022-03-24
PRD-00300,Adapters Item 00300,Electronics,Adapters,EA,13.62,169.2,230.81,SUP-0104,False,2021-12-13
PRD-00301,Cables Item 00301,Electronics,Cables,EA,20.83,85.09,175.15,SUP-0211,False,2023-04-16
PRD-00302,Seating Item 00302,Furniture,Seating,CS,35.41,30.74,53.5,SUP-0071,False,2020-07-31
PRD-00303,Storage Item 00303,Office Supplies,Storage,CS,5.63,13.75,23.33,SUP-0072,False,2022-03-23
PRD-00304,Boxes Item 00304,Packaging,Boxes,EA,24.59,9.95,16.28,SUP-0082,False,2022-09-04
PRD-00305,Fasteners Item 00305,Industrial Parts,Fasteners,CS,15.79,63.58,129.02,SUP-0114,False,2023-06-24
PRD-00306,Boxes Item 00306,Packaging,Boxes,CS,20.63,7.41,11.93,SUP-0213,False,2021-09-23
PRD-00307,Displays Item 00307,Electronics,Displays,EA,24.07,235.72,468.48,SUP-0006,False,2023-02-28
PRD-00308,Footwear Item 00308,Apparel,Footwear,CS,39.24,232.43,311.02,SUP-0092,False,2021-10-29
PRD-00309,Boxes Item 00309,Packaging,Boxes,EA,0.7,85.4,145.8,SUP-0246,False,2022-02-07
PRD-00310,Paper Goods Item 00310,Office Supplies,Paper Goods,CS,19.02,244.56,346.74,SUP-0052,False,2020-03-18
PRD-00311,Seating Item 00311,Furniture,Seating,EA,16.98,127.01,271.43,SUP-0023,False,2024-01-20
PRD-00312,Storage Units Item 00312,Furniture,Storage Units,EA,34.39,127.13,216.56,SUP-0033,False,2021-02-23
PRD-00313,Desks Item 00313,Furniture,Desks,PLT,7.5,133.62,209.95,SUP-0244,True,2021-08-27
PRD-00314,Bearings Item 00314,Industrial Parts,Bearings,EA,7.29,170.65,325.49,SUP-0093,False,2021-01-30
PRD-00315,Bearings Item 00315,Industrial Parts,Bearings,CS,14.48,179.75,371.61,SUP-0117,False,2021-02-02
PRD-00316,Paper Goods Item 00316,Office Supplies,Paper Goods,PLT,1.61,86.98,151.79,SUP-0138,False,2020-07-04
PRD-00317,Accessories Item 00317,Apparel,Accessories,EA,37.48,34.43,63.55,SUP-0201,False,2021-09-15
PRD-00318,Accessories Item 00318,Apparel,Accessories,PLT,6.56,86.7,153.22,SUP-0206,False,2022-03-10
PRD-00319,Bearings Item 00319,Industrial Parts,Bearings,EA,10.62,5.5,7.35,SUP-0231,False,2023-02-13
PRD-00320,Writing Item 00320,Office Supplies,Writing,EA,11.21,10.14,14.94,SUP-0228,False,2021-07-21
PRD-00321,Desks Item 00321,Furniture,Desks,EA,1.06,83.33,123.49,SUP-0023,False,2022-06-18
PRD-00322,Desks Item 00322,Furniture,Desks,PLT,21.3,127.05,201.14,SUP-0009,False,2023-03-06
PRD-00323,Accessories Item 00323,Apparel,Accessories,EA,30.69,224.09,453.95,SUP-0109,False,2020-04-12
PRD-00324,Desks Item 00324,Furniture,Desks,EA,30.82,248.58,344.02,SUP-0069,True,2022-09-11
PRD-00325,Accessories Item 00325,Apparel,Accessories,PLT,34.28,200.21,277.91,SUP-0151,False,2024-01-08
PRD-00326,Seals Item 00326,Industrial Parts,Seals,EA,10.65,113.16,187.11,SUP-0212,False,2021-09-29
PRD-00327,Paper Goods Item 00327,Office Supplies,Paper Goods,PLT,13.15,223.65,391.89,SUP-0107,False,2021-12-02
PRD-00328,Writing Item 00328,Office Supplies,Writing,CS,14.11,39.65,71.74,SUP-0138,False,2021-09-12
PRD-00329,Seating Item 00329,Furniture,Seating,EA,38.71,242.5,498.17,SUP-0196,False,2023-10-21
PRD-00330,Tape Item 00330,Packaging,Tape,EA,23.39,204.92,314.98,SUP-0042,False,2023-10-26
PRD-00331,Bearings Item 00331,Industrial Parts,Bearings,EA,23.93,180.82,367.84,SUP-0015,False,2022-02-02
PRD-00332,Boxes Item 00332,Packaging,Boxes,EA,4.79,166.41,356.67,SUP-0066,False,2023-09-04
PRD-00333,Paper Goods Item 00333,Office Supplies,Paper Goods,CS,17.73,147.73,212.83,SUP-0179,False,2022-12-18
PRD-00334,Storage Units Item 00334,Furniture,Storage Units,CS,19.32,218.39,465.2,SUP-0230,False,2020-05-11
PRD-00335,Void Fill Item 00335,Packaging,Void Fill,CS,14.24,236.98,404.57,SUP-0079,False,2021-04-06
PRD-00336,Writing Item 00336,Office Supplies,Writing,PLT,28.23,64.82,88.18,SUP-0148,False,2020-02-28
PRD-00337,Adapters Item 00337,Electronics,Adapters,CS,38.0,164.55,324.77,SUP-0024,False,2022-01-02
PRD-00338,Displays Item 00338,Electronics,Displays,EA,21.51,93.35,146.3,SUP-0209,False,2020-03-31
PRD-00339,Boxes Item 00339,Packaging,Boxes,EA,10.51,97.71,182.16,SUP-0050,False,2021-01-01
PRD-00340,Seals Item 00340,Industrial Parts,Seals,CS,15.19,193.42,353.72,SUP-0067,False,2023-12-20
PRD-00341,Displays Item 00341,Electronics,Displays,CS,17.19,198.83,383.44,SUP-0015,False,2023-04-15
PRD-00342,Fasteners Item 00342,Industrial Parts,Fasteners,EA,5.11,141.38,279.42,SUP-0008,False,2022-01-31
PRD-00343,Storage Units Item 00343,Furniture,Storage Units,PLT,30.2,157.98,325.16,SUP-0153,False,2020-03-08
PRD-00344,Cables Item 00344,Electronics,Cables,CS,34.42,55.63,104.78,SUP-0122,False,2021-09-22
PRD-00345,Desks Item 00345,Furniture,Desks,EA,3.79,176.54,370.6,SUP-0051,False,2020-05-04
PRD-00346,Paper Goods Item 00346,Office Supplies,Paper Goods,EA,28.34,243.07,449.55,SUP-0054,False,2021-04-06
PRD-00347,Outerwear Item 00347,Apparel,Outerwear,CS,0.24,182.66,357.38,SUP-0011,False,2021-04-14
PRD-00348,Outerwear Item 00348,Apparel,Outerwear,CS,17.47,122.54,195.11,SUP-0196,False,2022-02-21
PRD-00349,Writing Item 00349,Office Supplies,Writing,CS,3.2,224.73,369.95,SUP-0248,False,2023-02-17
PRD-00350,Fasteners Item 00350,Industrial Parts,Fasteners,EA,30.57,45.29,79.11,SUP-0154,True,2023-10-10
PRD-00351,Seating Item 00351,Furniture,Seating,PLT,10.55,102.01,223.14,SUP-0020,False,2020-07-02
PRD-00352,Paper Goods Item 00352,Office Supplies,Paper Goods,CS,23.24,125.5,205.7,SUP-0078,False,2023-05-25
PRD-00353,Footwear Item 00353,Apparel,Footwear,EA,14.81,173.06,313.41,SUP-0217,False,2021-05-02
PRD-00354,Storage Item 00354,Office Supplies,Storage,EA,11.56,182.51,356.14,SUP-0001,False,2020-04-09
PRD-00355,Accessories Item 00355,Apparel,Accessories,EA,2.3,24.05,49.74,SUP-0006,False,2021-12-06
PRD-00356,Void Fill Item 00356,Packaging,Void Fill,CS,19.58,199.29,348.88,SUP-0222,False,2024-01-23
PRD-00357,Void Fill Item 00357,Packaging,Void Fill,EA,35.46,14.83,28.16,SUP-0119,False,2023-02-18
PRD-00358,Storage Item 00358,Office Supplies,Storage,CS,20.88,92.91,159.43,SUP-0107,False,2021-05-05
PRD-00359,Outerwear Item 00359,Apparel,Outerwear,EA,34.89,92.53,170.43,SUP-0038,False,2021-11-08
PRD-00360,Accessories Item 00360,Apparel,Accessories,PLT,6.07,60.91,79.66,SUP-0029,False,2020-03-11
PRD-00361,Storage Item 00361,Office Supplies,Storage,CS,2.92,13.13,24.07,SUP-0187,False,2023-06-20
PRD-00362,Bearings Item 00362,Industrial Parts,Bearings,EA,39.65,149.61,229.18,SUP-0099,False,2020-10-11
PRD-00363,Bearings Item 00363,Industrial Parts,Bearings,EA,30.14,149.92,315.32,SUP-0198,False,2020-11-01
PRD-00364,Writing Item 00364,Office Supplies,Writing,CS,13.22,75.76,162.03,SUP-0135,False,2022-10-19
PRD-00365,Bearings Item 00365,Industrial Parts,Bearings,PLT,4.34,135.28,204.68,SUP-0122,False,2020-07-24
PRD-00366,Displays Item 00366,Electronics,Displays,PLT,7.96,32.71,65.05,SUP-0209,False,2020-05-25
PRD-00367,Storage Units Item 00367,Furniture,Storage Units,EA,25.28,19.02,37.69,SUP-0173,False,2023-08-30
PRD-00368,Accessories Item 00368,Apparel,Accessories,CS,27.91,81.97,177.16,SUP-0015,False,2022-05-31
PRD-00369,Bearings Item 00369,Industrial Parts,Bearings,CS,6.46,189.52,280.9,SUP-0249,False,2021-05-21
PRD-00370,Seals Item 00370,Industrial Parts,Seals,CS,16.2,14.17,25.86,SUP-0189,False,2022-05-27
PRD-00371,Void Fill Item 00371,Packaging,Void Fill,EA,25.01,161.1,287.36,SUP-0197,False,2023-03-12
PRD-00372,Cables Item 00372,Electronics,Cables,EA,34.93,132.8,253.8,SUP-0083,False,2020-05-15
PRD-00373,Paper Goods Item 00373,Office Supplies,Paper Goods,PLT,23.76,184.04,337.2,SUP-0207,False,2022-12-26
PRD-00374,Seals Item 00374,Industrial Parts,Seals,PLT,20.81,181.38,295.9,SUP-0083,False,2020-03-16
PRD-00375,Fasteners Item 00375,Industrial Parts,Fasteners,PLT,20.23,94.6,142.97,SUP-0236,False,2020-12-04
PRD-00376,Fasteners Item 00376,Industrial Parts,Fasteners,PLT,30.91,97.07,196.32,SUP-0143,False,2020-06-15
PRD-00377,Storage Units Item 00377,Furniture,Storage Units,EA,36.94,101.73,213.15,SUP-0013,False,2024-01-27
PRD-00378,Tape Item 00378,Packaging,Tape,EA,19.97,205.22,273.04,SUP-0157,False,2022-10-21
PRD-00379,Seals Item 00379,Industrial Parts,Seals,PLT,37.62,70.75,151.64,SUP-0014,False,2023-03-16
PRD-00380,Void Fill Item 00380,Packaging,Void Fill,CS,4.82,106.1,147.17,SUP-0175,False,2020-12-15
PRD-00381,Fasteners Item 00381,Industrial Parts,Fasteners,PLT,8.64,58.22,84.24,SUP-0137,False,2023-04-27
PRD-00382,Seals Item 00382,Industrial Parts,Seals,CS,6.08,228.23,484.32,SUP-0013,False,2023-09-15
PRD-00383,Writing Item 00383,Office Supplies,Writing,CS,27.64,155.8,204.85,SUP-0160,False,2023-09-25
PRD-00384,Boxes Item 00384,Packaging,Boxes,PLT,0.55,95.57,168.08,SUP-0079,False,2022-01-30
PRD-00385,Tape Item 00385,Packaging,Tape,EA,15.04,63.96,138.98,SUP-0132,False,2022-07-12
PRD-00386,Storage Item 00386,Office Supplies,Storage,EA,20.0,136.74,256.98,SUP-0189,False,2023-11-26
PRD-00387,Void Fill Item 00387,Packaging,Void Fill,EA,18.58,8.21,10.9,SUP-0066,False,2022-07-11
PRD-00388,Outerwear Item 00388,Apparel,Outerwear,PLT,24.18,130.11,215.52,SUP-0119,False,2020-03-02
PRD-00389,Bearings Item 00389,Industrial Parts,Bearings,CS,22.33,248.9,491.8,SUP-0004,False,2021-07-09
PRD-00390,Boxes Item 00390,Packaging,Boxes,CS,34.37,174.79,246.46,SUP-0035,True,2023-10-21
PRD-00391,Storage Item 00391,Office Supplies,Storage,PLT,0.21,21.03,35.77,SUP-0049,False,2020-11-02
PRD-00392,Cables Item 00392,Electronics,Cables,CS,30.72,101.79,214.15,SUP-0195,False,2022-09-05
PRD-00393,Outerwear Item 00393,Apparel,Outerwear,CS,16.3,228.5,490.88,SUP-0023,False,2021-10-16
PRD-00394,Seals Item 00394,Industrial Parts,Seals,PLT,30.15,115.27,153.13,SUP-0026,False,2020-08-04
PRD-00395,Outerwear Item 00395,Apparel,Outerwear,EA,35.47,167.18,340.6,SUP-0088,False,2021-04-12
PRD-00396,Outerwear Item 00396,Apparel,Outerwear,EA,7.94,124.58,258.48,SUP-0139,False,2023-05-19
PRD-00397,Seals Item 00397,Industrial Parts,Seals,CS,37.28,239.98,435.35,SUP-0057,False,2022-12-07
PRD-00398,Tape Item 00398,Packaging,Tape,CS,9.69,73.56,101.09,SUP-0147,False,2022-01-14
PRD-00399,Tape Item 00399,Packaging,Tape,EA,18.6,131.2,195.27,SUP-0107,False,2021-07-20
PRD-00400,Storage Item 00400,Office Supplies,Storage,PLT,23.02,190.48,395.56,SUP-0066,False,2021-03-12
PRD-00401,Seals Item 00401,Industrial Parts,Seals,EA,33.86,200.09,438.96,SUP-0166,False,2020-12-17
PRD-00402,Footwear Item 00402,Apparel,Footwear,PLT,37.08,114.31,189.18,SUP-0102,False,2022-04-28
PRD-00403,Outerwear Item 00403,Apparel,Outerwear,PLT,15.79,210.49,320.24,SUP-0099,False,2022-04-24
PRD-00404,Footwear Item 00404,Apparel,Footwear,PLT,23.01,19.39,33.36,SUP-0076,False,2022-07-10
PRD-00405,Writing Item 00405,Office Supplies,Writing,EA,20.06,119.03,205.32,SUP-0145,False,2022-11-08
PRD-00406,Outerwear Item 00406,Apparel,Outerwear,CS,34.15,200.54,288.41,SUP-0022,False,2022-05-24
PRD-00407,Accessories Item 00407,Apparel,Accessories,PLT,10.24,61.22,107.75,SUP-0168,False,2021-08-05
PRD-00408,Fasteners Item 00408,Industrial Parts,Fasteners,PLT,35.0,246.76,357.62,SUP-0200,True,2023-05-14
PRD-00409,Desks Item 00409,Furniture,Desks,PLT,21.33,217.94,359.4,SUP-0172,False,2022-04-19
PRD-00410,Outerwear Item 00410,Apparel,Outerwear,CS,9.24,223.34,324.59,SUP-0140,False,2022-08-22
PRD-00411,Cables Item 00411,Electronics,Cables,PLT,34.43,63.92,96.12,SUP-0035,False,2022-02-27
PRD-00412,Desks Item 00412,Furniture,Desks,EA,20.52,140.01,283.76,SUP-0063,False,2021-06-16
PRD-00413,Fasteners Item 00413,Industrial Parts,Fasteners,PLT,5.51,185.72,307.2,SUP-0196,False,2023-09-10
PRD-00414,Displays Item 00414,Electronics,Displays,EA,13.4,139.65,215.74,SUP-0148,False,2021-11-21
PRD-00415,Adapters Item 00415,Electronics,Adapters,EA,3.77,177.26,365.15,SUP-0144,False,2020-11-15
PRD-00416,Accessories Item 00416,Apparel,Accessories,CS,8.29,196.12,287.9,SUP-0192,True,2022-01-15
PRD-00417,Seating Item 00417,Furniture,Seating,CS,3.28,181.56,380.16,SUP-0209,False,2023-09-21
PRD-00418,Desks Item 00418,Furniture,Desks,PLT,21.03,169.19,319.35,SUP-0188,False,2023-10-10
PRD-00419,Boxes Item 00419,Packaging,Boxes,CS,17.84,19.97,38.1,SUP-0236,False,2023-05-09
PRD-00420,Seating Item 00420,Furniture,Seating,EA,35.5,200.28,269.17,SUP-0055,False,2023-02-05
PRD-00421,Tape Item 00421,Packaging,Tape,EA,5.45,129.48,181.95,SUP-0065,False,2020-05-18
PRD-00422,Boxes Item 00422,Packaging,Boxes,CS,27.69,55.73,106.9,SUP-0178,False,2022-03-19
PRD-00423,Bearings Item 00423,Industrial Parts,Bearings,PLT,29.61,209.29,458.26,SUP-0019,False,2020-05-02
PRD-00424,Tape Item 00424,Packaging,Tape,CS,27.2,89.62,178.64,SUP-0084,False,2024-02-06
PRD-00425,Boxes Item 00425,Packaging,Boxes,CS,9.83,149.77,239.02,SUP-0030,False,2023-04-10
PRD-00426,Storage Item 00426,Office Supplies,Storage,EA,34.94,13.15,25.3,SUP-0105,True,2020-02-29
PRD-00427,Bearings Item 00427,Industrial Parts,Bearings,PLT,17.41,72.07,153.58,SUP-0149,False,2022-10-09
PRD-00428,Footwear Item 00428,Apparel,Footwear,EA,39.23,239.05,469.77,SUP-0015,False,2021-11-28
PRD-00429,Accessories Item 00429,Apparel,Accessories,EA,18.08,184.62,316.9,SUP-0056,False,2023-02-11
PRD-00430,Footwear Item 00430,Apparel,Footwear,CS,10.86,163.16,266.69,SUP-0153,False,2020-03-09
PRD-00431,Bearings Item 00431,Industrial Parts,Bearings,PLT,8.42,110.68,202.44,SUP-0062,False,2022-05-31
PRD-00432,Cables Item 00432,Electronics,Cables,PLT,15.24,95.36,160.99,SUP-0078,False,2023-05-07
PRD-00433,Void Fill Item 00433,Packaging,Void Fill,CS,17.3,235.01,463.68,SUP-0165,False,2024-01-09
PRD-00434,Seals Item 00434,Industrial Parts,Seals,CS,4.21,80.8,135.21,SUP-0208,False,2020-07-04
PRD-00435,Tape Item 00435,Packaging,Tape,EA,24.88,232.82,398.58,SUP-0010,True,2021-10-11
PRD-00436,Storage Item 00436,Office Supplies,Storage,EA,11.02,55.76,92.63,SUP-0083,True,2022-03-04
PRD-00437,Cables Item 00437,Electronics,Cables,EA,13.2,25.2,45.2,SUP-0137,False,2021-09-06
PRD-00438,Adapters Item 00438,Electronics,Adapters,PLT,5.12,28.86,41.32,SUP-0221,False,2024-01-11
PRD-00439,Tape Item 00439,Packaging,Tape,PLT,38.98,246.7,366.01,SUP-0023,False,2022-04-23
PRD-00440,Fasteners Item 00440,Industrial Parts,Fasteners,CS,6.01,232.95,511.88,SUP-0121,False,2021-07-22
PRD-00441,Storage Item 00441,Office Supplies,Storage,CS,22.73,16.29,31.5,SUP-0230,False,2022-02-14
PRD-00442,Boxes Item 00442,Packaging,Boxes,PLT,6.24,115.15,174.99,SUP-0064,True,2023-07-05
PRD-00443,Storage Item 00443,Office Supplies,Storage,CS,6.48,249.85,476.4,SUP-0002,False,2020-09-10
PRD-00444,Boxes Item 00444,Packaging,Boxes,PLT,14.64,147.86,285.01,SUP-0129,False,2022-06-10
PRD-00445,Desks Item 00445,Furniture,Desks,PLT,18.9,220.71,350.8,SUP-0167,False,2023-10-03
PRD-00446,Writing Item 00446,Office Supplies,Writing,EA,8.94,246.68,501.6,SUP-0247,False,2020-09-09
PRD-00447,Footwear Item 00447,Apparel,Footwear,CS,38.31,82.45,172.14,SUP-0199,False,2020-05-20
PRD-00448,Outerwear Item 00448,Apparel,Outerwear,EA,20.74,228.52,366.26,SUP-0172,True,2020-08-23
PRD-00449,Paper Goods Item 00449,Office Supplies,Paper Goods,EA,38.79,228.68,318.02,SUP-0199,False,2020-06-18
PRD-00450,Storage Item 00450,Office Supplies,Storage,CS,11.37,81.47,147.99,SUP-0248,False,2020-10-01
PRD-00451,Writing Item 00451,Office Supplies,Writing,EA,20.25,33.79,68.85,SUP-0232,False,2022-10-17
PRD-00452,Outerwear Item 00452,Apparel,Outerwear,PLT,24.56,219.02,339.57,SUP-0186,False,2020-05-29
PRD-00453,Paper Goods Item 00453,Office Supplies,Paper Goods,CS,21.98,61.84,89.32,SUP-0016,False,2022-06-25
PRD-00454,Accessories Item 00454,Apparel,Accessories,PLT,21.98,78.77,142.31,SUP-0013,False,2021-12-10
PRD-00455,Cables Item 00455,Electronics,Cables,PLT,33.18,244.85,449.22,SUP-0025,False,2021-02-25
PRD-00456,Outerwear Item 00456,Apparel,Outerwear,EA,23.62,194.06,271.62,SUP-0083,False,2020-04-29
PRD-00457,Paper Goods Item 00457,Office Supplies,Paper Goods,CS,27.94,222.55,345.12,SUP-0190,False,2023-02-28
PRD-00458,Seating Item 00458,Furniture,Seating,EA,9.43,82.89,137.09,SUP-0088,False,2023-01-18
PRD-00459,Adapters Item 00459,Electronics,Adapters,CS,10.71,79.91,165.71,SUP-0036,False,2022-08-18
PRD-00460,Bearings Item 00460,Industrial Parts,Bearings,PLT,10.19,17.99,27.11,SUP-0038,False,2024-01-18
PRD-00461,Footwear Item 00461,Apparel,Footwear,EA,25.44,3.24,5.32,SUP-0046,False,2022-10-06
PRD-00462,Footwear Item 00462,Apparel,Footwear,CS,39.02,187.88,322.19,SUP-0079,False,2022-08-21
PRD-00463,Outerwear Item 00463,Apparel,Outerwear,CS,25.96,221.87,444.75,SUP-0025,False,2023-07-21
PRD-00464,Bearings Item 00464,Industrial Parts,Bearings,CS,8.66,39.61,61.11,SUP-0058,False,2022-06-15
PRD-00465,Cables Item 00465,Electronics,Cables,EA,17.87,220.94,368.69,SUP-0094,False,2020-08-02
PRD-00466,Outerwear Item 00466,Apparel,Outerwear,CS,38.56,6.03,12.27,SUP-0135,False,2022-12-21
PRD-00467,Displays Item 00467,Electronics,Displays,EA,24.37,85.7,132.03,SUP-0153,False,2020-12-03
PRD-00468,Cables Item 00468,Electronics,Cables,CS,30.45,195.67,310.07,SUP-0232,False,2020-11-03
PRD-00469,Footwear Item 00469,Apparel,Footwear,CS,36.65,229.93,474.86,SUP-0218,False,2020-07-12
PRD-00470,Seals Item 00470,Industrial Parts,Seals,EA,15.64,22.72,34.81,SUP-0040,False,2020-09-11
PRD-00471,Paper Goods Item 00471,Office Supplies,Paper Goods,PLT,25.66,239.93,457.89,SUP-0190,False,2022-12-01
PRD-00472,Tape Item 00472,Packaging,Tape,EA,12.11,234.55,358.78,SUP-0094,False,2022-12-02
PRD-00473,Adapters Item 00473,Electronics,Adapters,EA,26.95,158.85,245.19,SUP-0040,False,2022-09-03
PRD-00474,Displays Item 00474,Electronics,Displays,EA,18.19,84.15,123.82,SUP-0171,False,2020-10-16
PRD-00475,Paper Goods Item 00475,Office Supplies,Paper Goods,PLT,17.1,172.85,364.89,SUP-0236,False,2022-11-04
PRD-00476,Cables Item 00476,Electronics,Cables,PLT,33.73,190.73,257.7,SUP-0018,False,2023-03-11
PRD-00477,Cables Item 00477,Electronics,Cables,CS,2.59,44.91,91.81,SUP-0249,False,2020-02-20
PRD-00478,Outerwear Item 00478,Apparel,Outerwear,PLT,7.39,214.89,279.52,SUP-0042,False,2022-06-16
PRD-00479,Outerwear Item 00479,Apparel,Outerwear,CS,2.86,48.16,65.07,SUP-0083,False,2021-11-29
PRD-00480,Storage Item 00480,Office Supplies,Storage,PLT,5.75,241.16,468.68,SUP-0020,False,2022-06-20
PRD-00481,Paper Goods Item 00481,Office Supplies,Paper Goods,CS,24.19,48.76,106.68,SUP-0020,False,2020-09-17
PRD-00482,Footwear Item 00482,Apparel,Footwear,PLT,1.66,170.15,353.96,SUP-0184,True,2021-07-01
PRD-00483,Adapters Item 00483,Electronics,Adapters,PLT,19.69,234.38,341.35,SUP-0065,False,2024-01-26
PRD-00484,Displays Item 00484,Electronics,Displays,PLT,5.77,216.29,337.3,SUP-0073,True,2020-10-19
PRD-00485,Writing Item 00485,Office Supplies,Writing,EA,15.55,175.58,315.96,SUP-0162,False,2022-04-27
PRD-00486,Adapters Item 00486,Electronics,Adapters,PLT,36.91,190.85,405.56,SUP-0185,False,2022-09-01
PRD-00487,Desks Item 00487,Furniture,Desks,EA,4.42,2.9,4.02,SUP-0016,False,2020-09-18
PRD-00488,Accessories Item 00488,Apparel,Accessories,PLT,5.9,148.37,292.75,SUP-0064,True,2021-06-16
PRD-00489,Outerwear Item 00489,Apparel,Outerwear,PLT,32.48,83.99,166.63,SUP-0069,False,2020-10-09
PRD-00490,Displays Item 00490,Electronics,Displays,PLT,7.83,169.94,320.05,SUP-0087,False,2021-12-26
PRD-00491,Paper Goods Item 00491,Office Supplies,Paper Goods,CS,6.61,130.54,185.27,SUP-0025,False,2020-12-28
PRD-00492,Paper Goods Item 00492,Office Supplies,Paper Goods,CS,35.94,81.88,147.93,SUP-0178,False,2023-10-10
PRD-00493,Cables Item 00493,Electronics,Cables,EA,32.09,139.94,292.68,SUP-0087,False,2020-07-01
PRD-00494,Desks Item 00494,Furniture,Desks,CS,19.58,69.19,92.27,SUP-0069,False,2023-04-21
PRD-00495,Outerwear Item 00495,Apparel,Outerwear,EA,3.22,142.2,273.95,SUP-0011,False,2020-01-22
PRD-00496,Seals Item 00496,Industrial Parts,Seals,CS,7.59,58.56,116.36,SUP-0086,False,2023-11-28
PRD-00497,Storage Units Item 00497,Furniture,Storage Units,EA,28.41,149.5,289.09,SUP-0160,False,2020-09-26
PRD-00498,Bearings Item 00498,Industrial Parts,Bearings,CS,4.26,82.31,156.24,SUP-0119,False,2020-02-20
PRD-00499,Cables Item 00499,Electronics,Cables,PLT,25.16,49.3,82.77,SUP-0160,False,2020-07-17
PRD-00500,Bearings Item 00500,Industrial Parts,Bearings,CS,23.18,180.67,314.8,SUP-0060,False,2021-12-31
PRD-00501,Seals Item 00501,Industrial Parts,Seals,PLT,1.11,125.25,269.07,SUP-0120,False,2021-10-31
PRD-00502,Storage Item 00502,Office Supplies,Storage,PLT,1.94,180.24,244.35,SUP-0052,False,2020-02-08
PRD-00503,Paper Goods Item 00503,Office Supplies,Paper Goods,PLT,21.86,233.48,433.1,SUP-0234,False,2021-12-29
PRD-00504,Cables Item 00504,Electronics,Cables,PLT,3.47,27.24,43.04,SUP-0082,False,2020-01-19
PRD-00505,Accessories Item 00505,Apparel,Accessories,CS,33.88,200.73,334.39,SUP-0151,False,2023-08-24
PRD-00506,Tape Item 00506,Packaging,Tape,EA,11.04,236.15,312.56,SUP-0020,False,2020-12-30
PRD-00507,Writing Item 00507,Office Supplies,Writing,CS,11.73,132.12,233.68,SUP-0220,False,2023-01-17
PRD-00508,Footwear Item 00508,Apparel,Footwear,EA,20.14,27.67,52.7,SUP-0207,False,2023-04-08
PRD-00509,Storage Units Item 00509,Furniture,Storage Units,PLT,4.69,99.39,132.67,SUP-0009,False,2020-10-27
PRD-00510,Fasteners Item 00510,Industrial Parts,Fasteners,CS,19.25,141.03,269.39,SUP-0044,False,2022-09-27
PRD-00511,Writing Item 00511,Office Supplies,Writing,PLT,12.62,147.12,234.99,SUP-0149,False,2021-05-08
PRD-00512,Tape Item 00512,Packaging,Tape,EA,35.71,111.38,148.43,SUP-0217,False,2023-07-06
PRD-00513,Bearings Item 00513,Industrial Parts,Bearings,CS,36.62,107.24,183.32,SUP-0003,False,2020-02-19
PRD-00514,Paper Goods Item 00514,Office Supplies,Paper Goods,PLT,22.3,230.75,342.07,SUP-0140,False,2022-10-24
PRD-00515,Storage Units Item 00515,Furniture,Storage Units,EA,5.57,110.94,213.98,SUP-0067,False,2022-09-01
PRD-00516,Cables Item 00516,Electronics,Cables,PLT,3.04,231.88,324.44,SUP-0020,False,2022-11-03
PRD-00517,Seating Item 00517,Furniture,Seating,CS,36.29,208.94,436.72,SUP-0131,False,2021-09-10
PRD-00518,Tape Item 00518,Packaging,Tape,EA,4.08,127.48,241.31,SUP-0249,False,2020-07-19
PRD-00519,Boxes Item 00519,Packaging,Boxes,CS,24.82,76.28,153.18,SUP-0058,False,2020-04-07
PRD-00520,Seating Item 00520,Furniture,Seating,PLT,26.38,86.88,144.43,SUP-0087,False,2020-08-19
PRD-00521,Outerwear Item 00521,Apparel,Outerwear,PLT,32.87,219.86,397.13,SUP-0231,False,2023-09-14
PRD-00522,Desks Item 00522,Furniture,Desks,EA,22.5,20.84,33.26,SUP-0111,True,2021-04-28
PRD-00523,Tape Item 00523,Packaging,Tape,PLT,1.67,67.48,109.85,SUP-0047,False,2020-08-10
PRD-00524,Fasteners Item 00524,Industrial Parts,Fasteners,PLT,13.16,189.62,386.73,SUP-0010,False,2022-11-03
PRD-00525,Boxes Item 00525,Packaging,Boxes,EA,31.3,10.7,22.94,SUP-0247,False,2020-02-16
PRD-00526,Cables Item 00526,Electronics,Cables,PLT,31.59,113.88,148.73,SUP-0097,False,2021-03-08
PRD-00527,Displays Item 00527,Electronics,Displays,CS,12.45,155.69,337.86,SUP-0076,False,2022-01-24
PRD-00528,Seals Item 00528,Industrial Parts,Seals,CS,22.13,103.56,174.92,SUP-0201,False,2023-05-25
PRD-00529,Storage Item 00529,Office Supplies,Storage,EA,28.22,141.95,291.64,SUP-0111,False,2022-03-31
PRD-00530,Outerwear Item 00530,Apparel,Outerwear,PLT,29.86,169.75,252.55,SUP-0154,False,2022-01-17
PRD-00531,Seating Item 00531,Furniture,Seating,CS,5.21,214.28,436.0,SUP-0152,False,2023-01-27
PRD-00532,Footwear Item 00532,Apparel,Footwear,CS,16.59,213.84,387.79,SUP-0096,False,2020-01-01
PRD-00533,Storage Units Item 00533,Furniture,Storage Units,PLT,32.41,142.64,272.9,SUP-0124,False,2022-02-17
PRD-00534,Desks Item 00534,Furniture,Desks,PLT,38.85,247.01,525.39,SUP-0223,False,2023-02-07
PRD-00535,Seating Item 00535,Furniture,Seating,PLT,20.86,136.75,284.63,SUP-0191,False,2022-06-12
PRD-00536,Seals Item 00536,Industrial Parts,Seals,CS,4.39,109.22,157.08,SUP-0095,False,2023-06-10
PRD-00537,Fasteners Item 00537,Industrial Parts,Fasteners,EA,6.62,6.09,11.78,SUP-0118,False,2022-06-30
PRD-00538,Storage Item 00538,Office Supplies,Storage,CS,12.18,40.3,84.63,SUP-0183,False,2022-03-27
PRD-00539,Fasteners Item 00539,Industrial Parts,Fasteners,CS,19.23,83.85,184.29,SUP-0118,False,2021-01-01
PRD-00540,Desks Item 00540,Furniture,Desks,PLT,13.79,139.19,245.99,SUP-0070,False,2021-03-14
PRD-00541,Desks Item 00541,Furniture,Desks,CS,20.6,231.61,449.31,SUP-0156,False,2020-04-23
PRD-00542,Storage Units Item 00542,Furniture,Storage Units,EA,32.5,243.39,504.95,SUP-0004,False,2021-12-25
PRD-00543,Paper Goods Item 00543,Office Supplies,Paper Goods,PLT,12.32,190.96,324.85,SUP-0035,False,2022-06-16
PRD-00544,Fasteners Item 00544,Industrial Parts,Fasteners,PLT,29.82,65.66,89.71,SUP-0012,False,2023-02-22
PRD-00545,Tape Item 00545,Packaging,Tape,CS,32.04,181.17,299.18,SUP-0228,False,2023-01-23
PRD-00546,Footwear Item 00546,Apparel,Footwear,EA,13.16,201.36,407.83,SUP-0117,True,2020-05-10
PRD-00547,Seals Item 00547,Industrial Parts,Seals,PLT,38.05,217.63,368.77,SUP-0220,False,2021-01-31
PRD-00548,Cables Item 00548,Electronics,Cables,CS,37.43,56.57,73.74,SUP-0125,False,2020-08-02
PRD-00549,Boxes Item 00549,Packaging,Boxes,CS,13.13,57.99,107.49,SUP-0164,False,2023-10-06
PRD-00550,Tape Item 00550,Packaging,Tape,PLT,6.43,92.64,147.16,SUP-0071,False,2023-12-17
PRD-00551,Paper Goods Item 00551,Office Supplies,Paper Goods,EA,26.75,113.83,205.42,SUP-0209,False,2020-11-07
PRD-00552,Accessories Item 00552,Apparel,Accessories,CS,4.3,49.06,106.39,SUP-0129,False,2022-06-17
PRD-00553,Bearings Item 00553,Industrial Parts,Bearings,CS,8.7,17.33,35.08,SUP-0205,False,2022-08-25
PRD-00554,Storage Item 00554,Office Supplies,Storage,EA,7.1,204.33,275.16,SUP-0168,False,2023-02-07
PRD-00555,Writing Item 00555,Office Supplies,Writing,CS,11.93,63.27,94.22,SUP-0214,False,2022-03-21
PRD-00556,Storage Item 00556,Office Supplies,Storage,EA,6.38,22.57,37.81,SUP-0168,False,2023-08-12
PRD-00557,Paper Goods Item 00557,Office Supplies,Paper Goods,CS,27.19,227.27,344.64,SUP-0222,False,2021-05-24
PRD-00558,Writing Item 00558,Office Supplies,Writing,EA,23.05,96.24,156.29,SUP-0211,False,2022-07-05
PRD-00559,Adapters Item 00559,Electronics,Adapters,PLT,12.92,198.09,359.41,SUP-0219,False,2023-08-08
PRD-00560,Cables Item 00560,Electronics,Cables,PLT,17.06,44.41,77.2,SUP-0023,False,2020-10-03
PRD-00561,Tape Item 00561,Packaging,Tape,CS,15.29,238.17,317.96,SUP-0154,False,2022-07-24
PRD-00562,Displays Item 00562,Electronics,Displays,CS,16.97,188.48,295.81,SUP-0148,True,2020-03-12
PRD-00563,Adapters Item 00563,Electronics,Adapters,EA,22.98,221.07,423.54,SUP-0061,False,2020-05-01
PRD-00564,Adapters Item 00564,Electronics,Adapters,EA,17.59,168.18,329.76,SUP-0179,False,2023-07-25
PRD-00565,Storage Units Item 00565,Furniture,Storage Units,PLT,33.3,189.08,370.07,SUP-0213,False,2023-04-30
PRD-00566,Desks Item 00566,Furniture,Desks,CS,20.62,160.3,331.17,SUP-0038,False,2021-10-09
PRD-00567,Accessories Item 00567,Apparel,Accessories,CS,28.4,240.55,476.58,SUP-0062,False,2020-11-13
PRD-00568,Desks Item 00568,Furniture,Desks,CS,6.73,145.63,317.1,SUP-0055,False,2021-01-17
PRD-00569,Storage Units Item 00569,Furniture,Storage Units,CS,7.6,111.42,230.73,SUP-0053,False,2020-01-22
PRD-00570,Cables Item 00570,Electronics,Cables,PLT,35.06,64.04,101.09,SUP-0145,False,2020-10-27
PRD-00571,Footwear Item 00571,Apparel,Footwear,EA,18.61,113.78,183.12,SUP-0188,False,2021-02-27
PRD-00572,Paper Goods Item 00572,Office Supplies,Paper Goods,PLT,39.53,42.94,68.46,SUP-0101,False,2020-05-12
PRD-00573,Outerwear Item 00573,Apparel,Outerwear,PLT,13.51,197.93,375.24,SUP-0128,False,2022-09-10
PRD-00574,Desks Item 00574,Furniture,Desks,PLT,32.72,170.81,343.87,SUP-0089,False,2022-01-06
PRD-00575,Boxes Item 00575,Packaging,Boxes,EA,3.44,189.99,389.96,SUP-0240,False,2021-09-19
PRD-00576,Writing Item 00576,Office Supplies,Writing,CS,38.41,232.11,328.46,SUP-0231,False,2021-06-07
PRD-00577,Cables Item 00577,Electronics,Cables,EA,6.18,82.54,149.08,SUP-0006,False,2022-03-27
PRD-00578,Tape Item 00578,Packaging,Tape,PLT,10.98,104.99,137.96,SUP-0069,False,2020-11-05
PRD-00579,Boxes Item 00579,Packaging,Boxes,EA,26.66,7.0,13.07,SUP-0040,False,2021-01-18
PRD-00580,Accessories Item 00580,Apparel,Accessories,CS,22.58,36.11,48.94,SUP-0180,False,2021-10-08
PRD-00581,Desks Item 00581,Furniture,Desks,EA,33.65,71.4,142.2,SUP-0171,False,2020-06-09
PRD-00582,Tape Item 00582,Packaging,Tape,EA,21.82,181.29,279.85,SUP-0033,False,2021-05-06
PRD-00583,Tape Item 00583,Packaging,Tape,CS,16.58,120.03,206.83,SUP-0155,False,2020-04-28
PRD-00584,Seals Item 00584,Industrial Parts,Seals,PLT,31.81,11.91,18.52,SUP-0089,False,2022-10-20
PRD-00585,Tape Item 00585,Packaging,Tape,EA,20.36,152.82,299.39,SUP-0239,False,2022-02-12
PRD-00586,Paper Goods Item 00586,Office Supplies,Paper Goods,EA,11.14,107.16,174.68,SUP-0211,False,2021-08-09
PRD-00587,Paper Goods Item 00587,Office Supplies,Paper Goods,EA,28.26,201.46,276.66,SUP-0109,False,2023-04-30
PRD-00588,Displays Item 00588,Electronics,Displays,PLT,37.97,87.24,138.86,SUP-0070,False,2022-04-25
PRD-00589,Adapters Item 00589,Electronics,Adapters,EA,8.19,117.83,165.01,SUP-0093,False,2022-05-22
PRD-00590,Desks Item 00590,Furniture,Desks,CS,38.12,2.48,3.27,SUP-0204,False,2021-09-19
PRD-00591,Void Fill Item 00591,Packaging,Void Fill,PLT,38.98,178.8,238.77,SUP-0116,False,2020-05-09
PRD-00592,Storage Units Item 00592,Furniture,Storage Units,PLT,5.74,65.18,123.65,SUP-0121,False,2022-02-12
PRD-00593,Storage Units Item 00593,Furniture,Storage Units,PLT,16.03,155.78,221.23,SUP-0078,False,2021-10-05
PRD-00594,Displays Item 00594,Electronics,Displays,PLT,21.24,176.81,289.43,SUP-0126,False,2022-09-29
PRD-00595,Seals Item 00595,Industrial Parts,Seals,PLT,20.48,137.66,237.75,SUP-0205,False,2021-03-01
PRD-00596,Bearings Item 00596,Industrial Parts,Bearings,CS,20.77,77.62,138.97,SUP-0097,False,2022-09-17
PRD-00597,Fasteners Item 00597,Industrial Parts,Fasteners,EA,36.92,216.98,322.57,SUP-0087,False,2021-01-08
PRD-00598,Void Fill Item 00598,Packaging,Void Fill,PLT,36.4,36.44,64.8,SUP-0197,False,2022-05-29
PRD-00599,Outerwear Item 00599,Apparel,Outerwear,EA,13.74,125.28,236.05,SUP-0066,False,2023-04-12
PRD-00600,Adapters Item 00600,Electronics,Adapters,EA,7.68,48.04,88.75,SUP-0208,False,2020-09-23
PRD-00601,Paper Goods Item 00601,Office Supplies,Paper Goods,PLT,11.85,24.6,41.4,SUP-0219,False,2022-08-05
PRD-00602,Storage Units Item 00602,Furniture,Storage Units,PLT,23.75,19.1,41.83,SUP-0034,False,2023-11-21
PRD-00603,Adapters Item 00603,Electronics,Adapters,CS,27.81,80.25,124.1,SUP-0033,False,2021-05-18
PRD-00604,Adapters Item 00604,Electronics,Adapters,CS,17.31,41.23,58.92,SUP-0157,False,2023-12-01
PRD-00605,Desks Item 00605,Furniture,Desks,CS,8.13,50.85,68.61,SUP-0020,False,2022-10-27
PRD-00606,Seals Item 00606,Industrial Parts,Seals,CS,17.67,23.66,43.14,SUP-0053,False,2020-12-17
PRD-00607,Paper Goods Item 00607,Office Supplies,Paper Goods,EA,39.62,56.59,124.31,SUP-0117,False,2022-03-25
PRD-00608,Seals Item 00608,Industrial Parts,Seals,EA,9.55,82.25,107.97,SUP-0167,False,2020-05-22
PRD-00609,Footwear Item 00609,Apparel,Footwear,CS,14.32,46.73,96.58,SUP-0179,False,2021-03-28
PRD-00610,Tape Item 00610,Packaging,Tape,EA,6.14,124.83,180.43,SUP-0061,False,2022-07-07
PRD-00611,Seating Item 00611,Furniture,Seating,CS,22.63,232.58,417.12,SUP-0011,False,2023-05-03
PRD-00612,Seals Item 00612,Industrial Parts,Seals,EA,8.91,180.87,266.61,SUP-0104,False,2021-04-17
PRD-00613,Accessories Item 00613,Apparel,Accessories,CS,26.53,236.83,410.2,SUP-0163,False,2021-08-07
PRD-00614,Boxes Item 00614,Packaging,Boxes,CS,21.87,160.81,227.0,SUP-0016,False,2021-08-12
PRD-00615,Accessories Item 00615,Apparel,Accessories,EA,17.72,95.95,189.8,SUP-0205,False,2022-10-05
PRD-00616,Storage Units Item 00616,Furniture,Storage Units,CS,9.7,66.43,102.21,SUP-0084,False,2021-07-04
PRD-00617,Seals Item 00617,Industrial Parts,Seals,EA,17.97,167.92,343.46,SUP-0137,False,2020-10-04
PRD-00618,Paper Goods Item 00618,Office Supplies,Paper Goods,PLT,32.01,99.99,216.99,SUP-0185,False,2022-11-21
PRD-00619,Bearings Item 00619,Industrial Parts,Bearings,EA,11.29,31.46,60.58,SUP-0197,False,2023-08-16
PRD-00620,Storage Item 00620,Office Supplies,Storage,CS,16.82,162.49,236.8,SUP-0025,False,2020-02-13
PRD-00621,Bearings Item 00621,Industrial Parts,Bearings,EA,18.06,144.35,235.65,SUP-0039,False,2021-03-16
PRD-00622,Outerwear Item 00622,Apparel,Outerwear,EA,36.93,135.96,242.74,SUP-0006,False,2022-07-14
PRD-00623,Outerwear Item 00623,Apparel,Outerwear,PLT,33.45,27.04,39.69,SUP-0191,False,2020-10-27
PRD-00624,Paper Goods Item 00624,Office Supplies,Paper Goods,CS,27.49,156.21,330.33,SUP-0110,False,2021-03-18
PRD-00625,Bearings Item 00625,Industrial Parts,Bearings,EA,3.86,77.85,151.09,SUP-0226,False,2022-06-03
PRD-00626,Desks Item 00626,Furniture,Desks,CS,33.12,81.76,163.01,SUP-0152,False,2022-01-20
PRD-00627,Paper Goods Item 00627,Office Supplies,Paper Goods,CS,12.75,148.2,257.16,SUP-0216,False,2022-04-02
PRD-00628,Footwear Item 00628,Apparel,Footwear,PLT,39.86,97.54,140.2,SUP-0011,False,2022-02-17
PRD-00629,Void Fill Item 00629,Packaging,Void Fill,CS,25.09,227.34,383.0,SUP-0183,False,2020-08-02
PRD-00630,Tape Item 00630,Packaging,Tape,EA,34.25,126.76,245.7,SUP-0043,False,2023-04-08
PRD-00631,Adapters Item 00631,Electronics,Adapters,EA,19.0,10.3,15.76,SUP-0096,True,2020-05-28
PRD-00632,Accessories Item 00632,Apparel,Accessories,CS,10.04,105.09,187.49,SUP-0083,False,2021-10-19
PRD-00633,Footwear Item 00633,Apparel,Footwear,CS,2.89,3.57,6.09,SUP-0227,False,2022-09-24
PRD-00634,Tape Item 00634,Packaging,Tape,EA,15.88,215.28,403.62,SUP-0009,True,2021-01-08
PRD-00635,Desks Item 00635,Furniture,Desks,CS,38.48,135.05,261.48,SUP-0115,False,2021-01-14
PRD-00636,Storage Item 00636,Office Supplies,Storage,PLT,24.49,139.78,305.74,SUP-0233,False,2022-09-07
PRD-00637,Storage Item 00637,Office Supplies,Storage,PLT,19.4,33.59,71.44,SUP-0175,False,2022-09-05
PRD-00638,Displays Item 00638,Electronics,Displays,EA,19.76,19.26,26.44,SUP-0103,False,2022-12-21
PRD-00639,Void Fill Item 00639,Packaging,Void Fill,PLT,4.74,71.39,149.64,SUP-0130,False,2023-09-04
PRD-00640,Displays Item 00640,Electronics,Displays,EA,4.28,201.95,374.21,SUP-0008,False,2023-01-24
PRD-00641,Paper Goods Item 00641,Office Supplies,Paper Goods,CS,8.14,17.28,33.34,SUP-0112,False,2020-04-09
PRD-00642,Fasteners Item 00642,Industrial Parts,Fasteners,EA,7.46,142.75,272.81,SUP-0085,False,2020-04-16
PRD-00643,Storage Item 00643,Office Supplies,Storage,EA,13.41,47.07,67.66,SUP-0004,False,2022-04-29
PRD-00644,Storage Units Item 00644,Furniture,Storage Units,CS,22.29,45.76,70.02,SUP-0186,True,2024-01-04
PRD-00645,Seals Item 00645,Industrial Parts,Seals,PLT,6.92,193.7,318.81,SUP-0017,False,2021-11-23
PRD-00646,Tape Item 00646,Packaging,Tape,CS,33.13,196.19,339.15,SUP-0115,False,2022-02-02
PRD-00647,Fasteners Item 00647,Industrial Parts,Fasteners,EA,7.87,213.91,432.14,SUP-0006,False,2021-02-24
PRD-00648,Cables Item 00648,Electronics,Cables,EA,33.85,133.63,182.22,SUP-0210,False,2020-02-15
PRD-00649,Void Fill Item 00649,Packaging,Void Fill,CS,35.51,71.19,110.69,SUP-0239,False,2023-10-25
PRD-00650,Accessories Item 00650,Apparel,Accessories,CS,32.63,106.88,215.23,SUP-0007,False,2023-02-09
PRD-00651,Bearings Item 00651,Industrial Parts,Bearings,PLT,8.5,202.12,270.41,SUP-0215,False,2023-11-10
PRD-00652,Storage Units Item 00652,Furniture,Storage Units,EA,0.34,175.6,284.44,SUP-0032,False,2022-07-12
PRD-00653,Displays Item 00653,Electronics,Displays,PLT,8.69,40.76,89.46,SUP-0227,False,2020-10-22
PRD-00654,Cables Item 00654,Electronics,Cables,EA,23.62,20.58,41.75,SUP-0103,False,2021-08-27
PRD-00655,Writing Item 00655,Office Supplies,Writing,EA,18.9,134.19,260.66,SUP-0172,False,2021-04-21
PRD-00656,Seals Item 00656,Industrial Parts,Seals,EA,22.16,33.16,53.38,SUP-0193,False,2023-11-10
PRD-00657,Adapters Item 00657,Electronics,Adapters,EA,32.8,199.91,260.43,SUP-0065,False,2021-10-27
PRD-00658,Storage Units Item 00658,Furniture,Storage Units,PLT,15.91,213.7,436.34,SUP-0226,False,2022-04-06
PRD-00659,Outerwear Item 00659,Apparel,Outerwear,PLT,2.4,51.98,102.26,SUP-0138,False,2020-12-11
PRD-00660,Storage Units Item 00660,Furniture,Storage Units,EA,2.75,235.05,405.85,SUP-0007,False,2023-06-14
PRD-00661,Paper Goods Item 00661,Office Supplies,Paper Goods,PLT,32.47,8.19,11.59,SUP-0128,False,2022-10-20
PRD-00662,Boxes Item 00662,Packaging,Boxes,EA,37.99,183.09,364.24,SUP-0114,False,2023-08-08
PRD-00663,Seals Item 00663,Industrial Parts,Seals,PLT,26.26,47.36,63.78,SUP-0018,False,2020-12-25
PRD-00664,Accessories Item 00664,Apparel,Accessories,PLT,19.47,79.84,157.09,SUP-0177,False,2020-12-30
PRD-00665,Desks Item 00665,Furniture,Desks,PLT,4.77,244.74,422.86,SUP-0186,False,2021-10-20
PRD-00666,Displays Item 00666,Electronics,Displays,CS,4.8,72.43,127.54,SUP-0021,False,2020-09-05
PRD-00667,Paper Goods Item 00667,Office Supplies,Paper Goods,PLT,35.86,181.45,240.17,SUP-0049,False,2023-03-10
PRD-00668,Paper Goods Item 00668,Office Supplies,Paper Goods,EA,33.69,118.96,252.64,SUP-0126,False,2021-03-30
PRD-00669,Accessories Item 00669,Apparel,Accessories,CS,30.42,146.34,258.59,SUP-0051,False,2020-03-14
PRD-00670,Bearings Item 00670,Industrial Parts,Bearings,CS,30.27,46.72,67.34,SUP-0212,False,2023-03-13
PRD-00671,Accessories Item 00671,Apparel,Accessories,CS,18.76,6.82,12.52,SUP-0069,False,2021-12-13
PRD-00672,Bearings Item 00672,Industrial Parts,Bearings,PLT,14.88,42.53,57.29,SUP-0178,False,2023-01-18
PRD-00673,Boxes Item 00673,Packaging,Boxes,PLT,0.61,194.26,252.93,SUP-0134,False,2021-03-07
PRD-00674,Writing Item 00674,Office Supplies,Writing,EA,9.18,154.17,282.59,SUP-0064,False,2021-07-22
PRD-00675,Boxes Item 00675,Packaging,Boxes,EA,12.36,60.74,128.27,SUP-0008,False,2020-05-30
PRD-00676,Seals Item 00676,Industrial Parts,Seals,CS,33.16,142.71,215.87,SUP-0078,False,2021-03-20
PRD-00677,Fasteners Item 00677,Industrial Parts,Fasteners,EA,36.48,80.04,111.95,SUP-0219,False,2022-10-23
PRD-00678,Bearings Item 00678,Industrial Parts,Bearings,CS,0.86,139.57,287.24,SUP-0142,False,2023-12-31
PRD-00679,Desks Item 00679,Furniture,Desks,EA,6.0,132.94,242.7,SUP-0084,True,2022-11-22
PRD-00680,Accessories Item 00680,Apparel,Accessories,CS,13.12,104.86,227.8,SUP-0166,False,2020-09-19
PRD-00681,Boxes Item 00681,Packaging,Boxes,PLT,9.46,165.31,349.64,SUP-0247,False,2020-01-29
PRD-00682,Boxes Item 00682,Packaging,Boxes,EA,26.2,124.92,222.69,SUP-0224,False,2020-12-22
PRD-00683,Seals Item 00683,Industrial Parts,Seals,PLT,31.63,115.88,175.83,SUP-0159,False,2022-07-13
PRD-00684,Paper Goods Item 00684,Office Supplies,Paper Goods,PLT,11.57,29.8,53.05,SUP-0249,False,2022-02-26
PRD-00685,Storage Item 00685,Office Supplies,Storage,EA,14.34,28.59,49.49,SUP-0068,False,2020-11-24
PRD-00686,Seating Item 00686,Furniture,Seating,PLT,18.23,6.68,12.4,SUP-0197,False,2021-11-21
PRD-00687,Bearings Item 00687,Industrial Parts,Bearings,PLT,30.26,104.09,165.43,SUP-0047,False,2023-03-13
PRD-00688,Void Fill Item 00688,Packaging,Void Fill,PLT,4.61,32.26,50.66,SUP-0161,False,2021-10-08
PRD-00689,Void Fill Item 00689,Packaging,Void Fill,PLT,16.58,62.83,125.41,SUP-0022,False,2021-09-08
PRD-00690,Outerwear Item 00690,Apparel,Outerwear,CS,27.27,181.6,274.38,SUP-0248,False,2022-04-06
PRD-00691,Boxes Item 00691,Packaging,Boxes,PLT,20.15,164.19,226.75,SUP-0120,False,2021-09-20
PRD-00692,Storage Units Item 00692,Furniture,Storage Units,EA,1.99,92.79,123.1,SUP-0104,False,2024-01-24
PRD-00693,Adapters Item 00693,Electronics,Adapters,PLT,10.13,70.17,137.05,SUP-0245,False,2020-11-24
PRD-00694,Adapters Item 00694,Electronics,Adapters,PLT,27.05,2.4,3.66,SUP-0039,False,2023-01-24
PRD-00695,Void Fill Item 00695,Packaging,Void Fill,CS,39.61,8.07,12.25,SUP-0176,False,2023-08-07
PRD-00696,Outerwear Item 00696,Apparel,Outerwear,EA,30.21,165.82,221.11,SUP-0158,False,2022-04-10
PRD-00697,Boxes Item 00697,Packaging,Boxes,PLT,14.6,219.33,452.65,SUP-0041,False,2021-04-06
PRD-00698,Accessories Item 00698,Apparel,Accessories,EA,3.06,123.33,235.57,SUP-0166,False,2023-03-31
PRD-00699,Accessories Item 00699,Apparel,Accessories,CS,20.26,168.66,357.81,SUP-0192,False,2020-10-03
PRD-00700,Storage Units Item 00700,Furniture,Storage Units,EA,29.21,125.19,185.59,SUP-0101,False,2020-11-13
PRD-00701,Desks Item 00701,Furniture,Desks,PLT,15.93,47.09,87.62,SUP-0083,False,2022-08-23
PRD-00702,Desks Item 00702,Furniture,Desks,CS,12.91,175.58,363.7,SUP-0223,False,2020-11-22
PRD-00703,Displays Item 00703,Electronics,Displays,CS,27.02,216.31,372.12,SUP-0076,False,2022-04-07
PRD-00704,Writing Item 00704,Office Supplies,Writing,EA,17.89,138.23,243.42,SUP-0071,False,2020-11-19
PRD-00705,Footwear Item 00705,Apparel,Footwear,CS,24.93,225.1,464.72,SUP-0028,False,2021-12-16
PRD-00706,Paper Goods Item 00706,Office Supplies,Paper Goods,EA,17.92,69.69,111.04,SUP-0133,False,2021-02-10
PRD-00707,Seating Item 00707,Furniture,Seating,EA,7.08,86.41,129.51,SUP-0172,False,2020-07-04
PRD-00708,Cables Item 00708,Electronics,Cables,CS,10.95,11.66,25.6,SUP-0173,False,2023-10-09
PRD-00709,Outerwear Item 00709,Apparel,Outerwear,EA,32.12,117.0,165.39,SUP-0211,False,2022-09-21
PRD-00710,Seals Item 00710,Industrial Parts,Seals,PLT,4.34,220.76,401.09,SUP-0113,False,2020-08-21
PRD-00711,Accessories Item 00711,Apparel,Accessories,EA,23.19,114.78,191.41,SUP-0021,False,2023-11-08
PRD-00712,Bearings Item 00712,Industrial Parts,Bearings,PLT,6.34,69.88,110.12,SUP-0248,False,2020-02-22
PRD-00713,Adapters Item 00713,Electronics,Adapters,EA,5.34,37.29,51.08,SUP-0028,False,2022-12-11
PRD-00714,Storage Units Item 00714,Furniture,Storage Units,EA,29.5,190.5,418.57,SUP-0083,False,2021-06-05
PRD-00715,Writing Item 00715,Office Supplies,Writing,PLT,18.89,214.43,325.96,SUP-0182,False,2023-04-06
PRD-00716,Desks Item 00716,Furniture,Desks,CS,16.04,167.81,290.42,SUP-0060,False,2022-02-26
PRD-00717,Seals Item 00717,Industrial Parts,Seals,PLT,14.97,112.2,159.38,SUP-0086,False,2023-05-04
PRD-00718,Adapters Item 00718,Electronics,Adapters,CS,13.89,43.5,87.62,SUP-0116,False,2021-01-03
PRD-00719,Seals Item 00719,Industrial Parts,Seals,EA,13.82,142.6,261.15,SUP-0049,False,2021-06-03
PRD-00720,Adapters Item 00720,Electronics,Adapters,CS,10.73,136.68,253.02,SUP-0193,False,2020-04-15
PRD-00721,Accessories Item 00721,Apparel,Accessories,EA,16.43,66.3,105.07,SUP-0151,False,2020-07-05
PRD-00722,Bearings Item 00722,Industrial Parts,Bearings,EA,29.85,227.51,435.37,SUP-0047,False,2020-03-15
PRD-00723,Writing Item 00723,Office Supplies,Writing,EA,31.18,53.94,84.0,SUP-0057,False,2020-12-04
PRD-00724,Adapters Item 00724,Electronics,Adapters,CS,34.76,155.05,217.03,SUP-0230,False,2020-10-22
PRD-00725,Adapters Item 00725,Electronics,Adapters,PLT,21.82,121.67,203.63,SUP-0231,False,2021-08-30
PRD-00726,Displays Item 00726,Electronics,Displays,PLT,20.18,126.41,269.22,SUP-0207,False,2022-01-30
PRD-00727,Outerwear Item 00727,Apparel,Outerwear,EA,8.61,165.39,320.6,SUP-0142,False,2021-01-24
PRD-00728,Bearings Item 00728,Industrial Parts,Bearings,EA,0.29,112.75,154.19,SUP-0122,False,2021-10-07
PRD-00729,Outerwear Item 00729,Apparel,Outerwear,CS,39.91,164.56,349.64,SUP-0077,False,2021-08-19
PRD-00730,Storage Units Item 00730,Furniture,Storage Units,PLT,30.0,81.09,115.4,SUP-0035,False,2022-10-23
PRD-00731,Outerwear Item 00731,Apparel,Outerwear,PLT,12.67,70.01,102.45,SUP-0238,False,2021-10-31
PRD-00732,Seals Item 00732,Industrial Parts,Seals,PLT,17.5,189.98,282.66,SUP-0108,False,2020-03-10
PRD-00733,Seals Item 00733,Industrial Parts,Seals,EA,23.81,182.96,309.68,SUP-0102,False,2020-09-25
PRD-00734,Boxes Item 00734,Packaging,Boxes,PLT,37.63,127.91,215.56,SUP-0008,False,2020-01-24
PRD-00735,Footwear Item 00735,Apparel,Footwear,PLT,28.6,136.06,210.51,SUP-0138,False,2021-07-17
PRD-00736,Accessories Item 00736,Apparel,Accessories,CS,7.2,101.74,170.17,SUP-0210,False,2023-03-26
PRD-00737,Writing Item 00737,Office Supplies,Writing,EA,29.62,76.24,121.91,SUP-0170,False,2023-08-21
PRD-00738,Adapters Item 00738,Electronics,Adapters,EA,6.28,32.5,67.96,SUP-0110,False,2021-09-29
PRD-00739,Footwear Item 00739,Apparel,Footwear,EA,5.56,99.92,188.88,SUP-0076,False,2023-01-26
PRD-00740,Outerwear Item 00740,Apparel,Outerwear,EA,32.23,183.38,259.08,SUP-0215,False,2020-05-10
PRD-00741,Tape Item 00741,Packaging,Tape,CS,11.18,158.3,277.79,SUP-0006,False,2021-03-02
PRD-00742,Storage Item 00742,Office Supplies,Storage,PLT,4.66,166.23,259.99,SUP-0100,False,2020-12-22
PRD-00743,Desks Item 00743,Furniture,Desks,CS,27.85,109.49,199.93,SUP-0061,False,2021-03-13
PRD-00744,Void Fill Item 00744,Packaging,Void Fill,EA,15.53,170.75,277.83,SUP-0149,False,2020-08-12
PRD-00745,Footwear Item 00745,Apparel,Footwear,PLT,33.83,86.39,120.79,SUP-0215,False,2023-06-18
PRD-00746,Bearings Item 00746,Industrial Parts,Bearings,PLT,11.26,57.81,98.16,SUP-0131,False,2021-02-07
PRD-00747,Writing Item 00747,Office Supplies,Writing,PLT,35.56,56.78,114.31,SUP-0127,False,2022-08-06
PRD-00748,Storage Item 00748,Office Supplies,Storage,EA,28.42,219.84,399.0,SUP-0085,False,2023-08-12
PRD-00749,Storage Item 00749,Office Supplies,Storage,PLT,18.65,55.74,91.9,SUP-0031,False,2023-07-31
PRD-00750,Paper Goods Item 00750,Office Supplies,Paper Goods,PLT,26.73,187.71,399.51,SUP-0026,False,2021-09-03
PRD-00751,Boxes Item 00751,Packaging,Boxes,CS,19.0,70.39,113.13,SUP-0220,False,2022-09-11
PRD-00752,Fasteners Item 00752,Industrial Parts,Fasteners,PLT,30.32,73.1,136.46,SUP-0165,False,2023-03-27
PRD-00753,Bearings Item 00753,Industrial Parts,Bearings,PLT,28.99,40.13,74.98,SUP-0091,False,2021-08-20
PRD-00754,Desks Item 00754,Furniture,Desks,EA,39.35,149.61,266.06,SUP-0139,False,2023-04-16
PRD-00755,Seals Item 00755,Industrial Parts,Seals,CS,9.15,164.59,323.85,SUP-0173,False,2023-08-09
PRD-00756,Desks Item 00756,Furniture,Desks,EA,34.35,60.7,92.18,SUP-0020,False,2021-06-25
PRD-00757,Paper Goods Item 00757,Office Supplies,Paper Goods,EA,9.79,41.45,62.68,SUP-0122,True,2020-01-18
PRD-00758,Fasteners Item 00758,Industrial Parts,Fasteners,EA,24.87,9.73,18.14,SUP-0202,False,2020-04-16
PRD-00759,Accessories Item 00759,Apparel,Accessories,CS,18.63,146.38,217.73,SUP-0103,False,2021-03-29
PRD-00760,Seating Item 00760,Furniture,Seating,PLT,12.46,57.54,83.12,SUP-0061,False,2021-04-05
PRD-00761,Tape Item 00761,Packaging,Tape,EA,4.17,49.03,64.04,SUP-0229,False,2021-02-05
PRD-00762,Footwear Item 00762,Apparel,Footwear,CS,8.98,149.68,217.27,SUP-0239,False,2021-12-07
PRD-00763,Tape Item 00763,Packaging,Tape,CS,30.69,56.1,81.34,SUP-0166,True,2022-09-07
PRD-00764,Bearings Item 00764,Industrial Parts,Bearings,PLT,28.09,163.39,271.64,SUP-0051,False,2020-12-18
PRD-00765,Cables Item 00765,Electronics,Cables,PLT,11.69,182.1,319.75,SUP-0050,False,2022-01-05
PRD-00766,Void Fill Item 00766,Packaging,Void Fill,CS,33.61,230.03,481.04,SUP-0117,False,2022-08-02
PRD-00767,Writing Item 00767,Office Supplies,Writing,CS,23.7,109.85,145.33,SUP-0081,True,2023-06-29
PRD-00768,Seating Item 00768,Furniture,Seating,EA,24.62,132.15,195.36,SUP-0092,False,2023-09-05
PRD-00769,Void Fill Item 00769,Packaging,Void Fill,EA,6.07,191.22,303.01,SUP-0060,False,2021-09-23
PRD-00770,Paper Goods Item 00770,Office Supplies,Paper Goods,PLT,33.23,58.95,85.08,SUP-0160,False,2024-01-10
PRD-00771,Desks Item 00771,Furniture,Desks,PLT,32.68,140.52,217.41,SUP-0030,False,2022-11-21
PRD-00772,Void Fill Item 00772,Packaging,Void Fill,CS,6.79,15.76,22.77,SUP-0226,False,2021-03-29
PRD-00773,Storage Item 00773,Office Supplies,Storage,PLT,14.33,129.21,200.1,SUP-0156,False,2021-07-19
PRD-00774,Writing Item 00774,Office Supplies,Writing,CS,20.25,114.28,249.8,SUP-0153,False,2020-11-30
PRD-00775,Fasteners Item 00775,Industrial Parts,Fasteners,PLT,7.02,88.8,161.9,SUP-0179,False,2021-06-23
PRD-00776,Displays Item 00776,Electronics,Displays,PLT,31.37,104.57,175.12,SUP-0187,False,2023-11-07
PRD-00777,Footwear Item 00777,Apparel,Footwear,PLT,14.61,190.2,417.55,SUP-0086,False,2020-01-23
PRD-00778,Accessories Item 00778,Apparel,Accessories,CS,34.48,207.33,374.63,SUP-0204,True,2021-03-17
PRD-00779,Desks Item 00779,Furniture,Desks,EA,6.63,206.72,322.33,SUP-0113,False,2022-10-26
PRD-00780,Desks Item 00780,Furniture,Desks,EA,30.15,153.81,329.53,SUP-0021,False,2020-06-24
PRD-00781,Writing Item 00781,Office Supplies,Writing,PLT,20.27,192.14,357.45,SUP-0014,False,2020-06-08
PRD-00782,Fasteners Item 00782,Industrial Parts,Fasteners,CS,1.72,139.03,235.73,SUP-0031,False,2020-11-16
PRD-00783,Void Fill Item 00783,Packaging,Void Fill,PLT,8.82,76.31,132.01,SUP-0044,False,2023-12-30
PRD-00784,Tape Item 00784,Packaging,Tape,EA,9.13,11.89,24.48,SUP-0178,False,2022-07-21
PRD-00785,Boxes Item 00785,Packaging,Boxes,EA,33.41,232.5,489.72,SUP-0083,False,2022-05-25
PRD-00786,Storage Units Item 00786,Furniture,Storage Units,EA,3.56,165.29,285.38,SUP-0163,False,2020-11-21
PRD-00787,Fasteners Item 00787,Industrial Parts,Fasteners,CS,18.24,82.54,129.72,SUP-0147,False,2021-12-29
PRD-00788,Desks Item 00788,Furniture,Desks,EA,25.97,104.95,205.72,SUP-0125,False,2021-07-03
PRD-00789,Paper Goods Item 00789,Office Supplies,Paper Goods,CS,25.05,84.29,173.09,SUP-0179,True,2023-01-19
PRD-00790,Storage Item 00790,Office Supplies,Storage,EA,0.22,49.64,87.06,SUP-0242,False,2022-03-03
PRD-00791,Tape Item 00791,Packaging,Tape,EA,2.22,2.8,5.82,SUP-0168,True,2022-12-29
PRD-00792,Tape Item 00792,Packaging,Tape,PLT,24.36,143.98,275.5,SUP-0186,False,2020-07-02
PRD-00793,Displays Item 00793,Electronics,Displays,PLT,13.81,243.61,481.86,SUP-0111,False,2024-01-29
PRD-00794,Storage Item 00794,Office Supplies,Storage,EA,18.39,44.22,64.26,SUP-0160,False,2020-01-30
PRD-00795,Seals Item 00795,Industrial Parts,Seals,PLT,18.07,20.09,30.55,SUP-0019,False,2023-02-17
PRD-00796,Seating Item 00796,Furniture,Seating,CS,15.04,113.29,151.14,SUP-0084,False,2021-03-15
PRD-00797,Fasteners Item 00797,Industrial Parts,Fasteners,PLT,4.16,141.09,244.43,SUP-0025,False,2023-11-04
PRD-00798,Cables Item 00798,Electronics,Cables,EA,9.47,49.86,100.73,SUP-0005,False,2023-10-05
PRD-00799,Writing Item 00799,Office Supplies,Writing,CS,7.41,178.7,249.63,SUP-0157,False,2022-08-13
PRD-00800,Boxes Item 00800,Packaging,Boxes,EA,12.27,74.73,114.72,SUP-0246,False,2021-11-22
PRD-00801,Adapters Item 00801,Electronics,Adapters,CS,32.88,51.96,89.96,SUP-0026,False,2021-08-06
PRD-00802,Paper Goods Item 00802,Office Supplies,Paper Goods,PLT,35.04,188.43,347.07,SUP-0088,False,2021-09-26
PRD-00803,Boxes Item 00803,Packaging,Boxes,EA,6.24,163.4,342.67,SUP-0146,False,2021-01-19
PRD-00804,Displays Item 00804,Electronics,Displays,EA,36.68,217.72,379.13,SUP-0119,False,2023-12-05
PRD-00805,Void Fill Item 00805,Packaging,Void Fill,CS,30.27,215.21,391.6,SUP-0096,False,2023-01-18
PRD-00806,Writing Item 00806,Office Supplies,Writing,PLT,12.14,239.48,523.87,SUP-0045,False,2021-07-21
PRD-00807,Outerwear Item 00807,Apparel,Outerwear,CS,12.32,196.67,363.37,SUP-0139,False,2022-08-08
PRD-00808,Bearings Item 00808,Industrial Parts,Bearings,PLT,30.51,167.71,306.09,SUP-0071,False,2024-01-27
PRD-00809,Paper Goods Item 00809,Office Supplies,Paper Goods,PLT,24.55,24.95,48.74,SUP-0138,False,2020-09-02
PRD-00810,Adapters Item 00810,Electronics,Adapters,CS,11.82,249.68,365.92,SUP-0239,False,2021-02-26
PRD-00811,Seating Item 00811,Furniture,Seating,EA,13.83,88.05,145.85,SUP-0159,True,2020-04-27
PRD-00812,Seating Item 00812,Furniture,Seating,CS,3.51,83.38,155.98,SUP-0213,True,2023-07-19
PRD-00813,Fasteners Item 00813,Industrial Parts,Fasteners,PLT,36.85,38.3,64.88,SUP-0150,False,2022-05-26
PRD-00814,Outerwear Item 00814,Apparel,Outerwear,PLT,6.48,63.2,102.51,SUP-0070,False,2023-03-09
PRD-00815,Footwear Item 00815,Apparel,Footwear,EA,13.62,207.7,277.92,SUP-0070,False,2022-11-29
PRD-00816,Void Fill Item 00816,Packaging,Void Fill,EA,28.95,19.22,37.94,SUP-0032,False,2022-09-26
PRD-00817,Seals Item 00817,Industrial Parts,Seals,CS,26.06,188.78,399.07,SUP-0164,False,2022-07-30
PRD-00818,Boxes Item 00818,Packaging,Boxes,CS,32.77,92.21,173.37,SUP-0008,False,2020-04-25
PRD-00819,Accessories Item 00819,Apparel,Accessories,CS,17.14,221.36,443.97,SUP-0238,False,2020-02-05
PRD-00820,Writing Item 00820,Office Supplies,Writing,EA,1.26,249.26,458.04,SUP-0017,False,2022-09-02
PRD-00821,Paper Goods Item 00821,Office Supplies,Paper Goods,EA,33.17,180.95,270.92,SUP-0054,False,2023-09-15
PRD-00822,Accessories Item 00822,Apparel,Accessories,EA,31.18,61.02,84.05,SUP-0050,False,2020-10-13
PRD-00823,Storage Item 00823,Office Supplies,Storage,CS,39.14,141.35,242.75,SUP-0097,False,2022-07-14
PRD-00824,Fasteners Item 00824,Industrial Parts,Fasteners,EA,27.53,82.77,110.64,SUP-0129,False,2022-10-19
PRD-00825,Tape Item 00825,Packaging,Tape,EA,29.19,38.34,62.08,SUP-0138,False,2023-02-07
PRD-00826,Writing Item 00826,Office Supplies,Writing,PLT,31.0,68.38,109.28,SUP-0148,False,2020-10-10
PRD-00827,Writing Item 00827,Office Supplies,Writing,EA,5.95,9.76,15.79,SUP-0240,False,2024-02-08
PRD-00828,Seals Item 00828,Industrial Parts,Seals,PLT,37.3,3.51,6.6,SUP-0231,False,2023-11-26
PRD-00829,Void Fill Item 00829,Packaging,Void Fill,EA,17.74,151.05,285.82,SUP-0089,False,2021-07-05
PRD-00830,Outerwear Item 00830,Apparel,Outerwear,EA,8.21,207.84,446.76,SUP-0190,False,2020-08-21
PRD-00831,Seals Item 00831,Industrial Parts,Seals,EA,38.42,205.04,316.48,SUP-0184,False,2021-08-27
PRD-00832,Seals Item 00832,Industrial Parts,Seals,CS,0.28,112.51,204.43,SUP-0128,False,2023-01-26
PRD-00833,Storage Units Item 00833,Furniture,Storage Units,EA,25.86,133.54,196.67,SUP-0045,False,2022-08-19
PRD-00834,Footwear Item 00834,Apparel,Footwear,EA,29.61,28.34,38.25,SUP-0080,False,2023-04-29
PRD-00835,Fasteners Item 00835,Industrial Parts,Fasteners,PLT,25.32,130.56,177.12,SUP-0025,False,2023-03-25
PRD-00836,Storage Item 00836,Office Supplies,Storage,PLT,8.42,33.82,57.69,SUP-0131,False,2022-05-09
PRD-00837,Outerwear Item 00837,Apparel,Outerwear,CS,14.68,2.08,4.36,SUP-0088,False,2023-03-07
PRD-00838,Storage Units Item 00838,Furniture,Storage Units,EA,29.85,104.2,164.78,SUP-0229,False,2022-09-21
PRD-00839,Seating Item 00839,Furniture,Seating,CS,38.57,215.39,339.38,SUP-0063,True,2022-04-09
PRD-00840,Storage Item 00840,Office Supplies,Storage,EA,4.55,127.69,237.94,SUP-0085,False,2023-08-05
PRD-00841,Cables Item 00841,Electronics,Cables,PLT,23.68,101.21,140.79,SUP-0196,False,2020-05-11
PRD-00842,Seals Item 00842,Industrial Parts,Seals,EA,39.25,29.32,42.76,SUP-0121,False,2020-10-16
PRD-00843,Tape Item 00843,Packaging,Tape,EA,17.21,112.03,213.55,SUP-0063,False,2023-07-02
PRD-00844,Storage Units Item 00844,Furniture,Storage Units,EA,38.18,51.15,103.81,SUP-0182,False,2021-05-29
PRD-00845,Footwear Item 00845,Apparel,Footwear,CS,30.1,87.99,137.98,SUP-0210,False,2021-12-20
PRD-00846,Seals Item 00846,Industrial Parts,Seals,EA,22.01,240.53,442.24,SUP-0109,False,2022-06-18
PRD-00847,Boxes Item 00847,Packaging,Boxes,PLT,26.85,242.95,415.28,SUP-0155,False,2023-12-29
PRD-00848,Cables Item 00848,Electronics,Cables,CS,26.5,45.67,95.5,SUP-0217,False,2021-03-30
PRD-00849,Seals Item 00849,Industrial Parts,Seals,EA,14.59,39.02,54.28,SUP-0232,False,2023-10-18
PRD-00850,Storage Units Item 00850,Furniture,Storage Units,EA,6.29,166.24,245.15,SUP-0142,False,2023-08-11
PRD-00851,Outerwear Item 00851,Apparel,Outerwear,CS,13.07,126.31,178.77,SUP-0215,False,2022-06-14
PRD-00852,Outerwear Item 00852,Apparel,Outerwear,PLT,27.94,188.53,310.34,SUP-0149,False,2021-05-01
PRD-00853,Accessories Item 00853,Apparel,Accessories,EA,11.82,237.75,413.82,SUP-0142,False,2021-09-09
PRD-00854,Bearings Item 00854,Industrial Parts,Bearings,PLT,0.43,146.98,266.45,SUP-0061,False,2022-08-08
PRD-00855,Adapters Item 00855,Electronics,Adapters,CS,21.29,144.47,196.56,SUP-0119,False,2021-11-08
PRD-00856,Desks Item 00856,Furniture,Desks,CS,2.35,140.03,257.4,SUP-0138,False,2021-10-05
PRD-00857,Boxes Item 00857,Packaging,Boxes,PLT,26.09,178.3,332.42,SUP-0072,False,2020-08-13
PRD-00858,Fasteners Item 00858,Industrial Parts,Fasteners,PLT,2.8,152.19,258.51,SUP-0070,False,2021-04-12
PRD-00859,Adapters Item 00859,Electronics,Adapters,PLT,29.41,4.58,9.12,SUP-0152,False,2022-08-21
PRD-00860,Paper Goods Item 00860,Office Supplies,Paper Goods,CS,16.86,46.58,63.54,SUP-0214,False,2020-06-18
PRD-00861,Boxes Item 00861,Packaging,Boxes,CS,22.53,178.43,294.82,SUP-0012,False,2022-08-03
PRD-00862,Outerwear Item 00862,Apparel,Outerwear,CS,9.14,156.43,285.07,SUP-0206,False,2020-05-01
PRD-00863,Paper Goods Item 00863,Office Supplies,Paper Goods,EA,23.65,221.08,359.11,SUP-0111,False,2023-12-12
PRD-00864,Storage Item 00864,Office Supplies,Storage,PLT,5.37,200.27,394.94,SUP-0185,True,2021-09-19
PRD-00865,Writing Item 00865,Office Supplies,Writing,EA,27.86,34.25,52.45,SUP-0053,False,2021-06-12
PRD-00866,Void Fill Item 00866,Packaging,Void Fill,PLT,34.76,154.57,251.26,SUP-0157,False,2022-04-03
PRD-00867,Void Fill Item 00867,Packaging,Void Fill,PLT,30.19,42.9,70.06,SUP-0144,False,2022-02-24
PRD-00868,Seals Item 00868,Industrial Parts,Seals,EA,16.85,146.84,192.9,SUP-0189,False,2020-04-14
PRD-00869,Storage Units Item 00869,Furniture,Storage Units,EA,4.27,223.23,397.57,SUP-0136,False,2020-09-04
PRD-00870,Outerwear Item 00870,Apparel,Outerwear,EA,36.03,32.72,67.69,SUP-0148,False,2020-03-21
PRD-00871,Cables Item 00871,Electronics,Cables,PLT,21.48,17.69,29.6,SUP-0189,False,2021-11-01
PRD-00872,Storage Units Item 00872,Furniture,Storage Units,EA,30.9,154.79,277.92,SUP-0080,False,2024-01-14
PRD-00873,Boxes Item 00873,Packaging,Boxes,CS,39.87,51.18,71.06,SUP-0206,False,2023-01-07
PRD-00874,Outerwear Item 00874,Apparel,Outerwear,EA,35.56,19.0,38.39,SUP-0193,False,2023-08-15
PRD-00875,Seating Item 00875,Furniture,Seating,EA,11.06,226.77,475.71,SUP-0075,False,2023-02-23
PRD-00876,Storage Units Item 00876,Furniture,Storage Units,EA,24.53,238.17,452.82,SUP-0017,False,2023-10-03
PRD-00877,Storage Item 00877,Office Supplies,Storage,PLT,35.88,160.8,307.46,SUP-0197,False,2020-01-05
PRD-00878,Storage Item 00878,Office Supplies,Storage,PLT,38.7,242.23,322.92,SUP-0189,False,2021-07-27
PRD-00879,Storage Item 00879,Office Supplies,Storage,EA,5.76,23.31,40.65,SUP-0152,False,2020-01-27
PRD-00880,Displays Item 00880,Electronics,Displays,EA,29.8,227.9,487.4,SUP-0205,False,2021-12-05
PRD-00881,Desks Item 00881,Furniture,Desks,CS,29.86,154.84,312.96,SUP-0088,False,2023-06-16
PRD-00882,Storage Item 00882,Office Supplies,Storage,CS,1.55,57.41,111.21,SUP-0167,False,2022-04-03
PRD-00883,Seating Item 00883,Furniture,Seating,PLT,18.63,248.89,517.56,SUP-0248,False,2020-05-15
PRD-00884,Accessories Item 00884,Apparel,Accessories,PLT,32.48,204.04,350.28,SUP-0189,False,2023-05-14
PRD-00885,Fasteners Item 00885,Industrial Parts,Fasteners,PLT,25.04,30.32,53.59,SUP-0193,False,2022-02-17
PRD-00886,Tape Item 00886,Packaging,Tape,CS,24.23,104.66,207.67,SUP-0184,False,2022-04-26
PRD-00887,Seals Item 00887,Industrial Parts,Seals,PLT,2.55,176.91,350.19,SUP-0207,False,2023-03-13
PRD-00888,Adapters Item 00888,Electronics,Adapters,PLT,20.97,179.7,361.99,SUP-0062,False,2021-03-26
PRD-00889,Bearings Item 00889,Industrial Parts,Bearings,CS,33.83,103.69,202.07,SUP-0174,False,2021-11-11
PRD-00890,Bearings Item 00890,Industrial Parts,Bearings,EA,9.96,172.31,305.48,SUP-0129,False,2023-04-02
PRD-00891,Seating Item 00891,Furniture,Seating,CS,22.0,84.55,117.25,SUP-0163,False,2023-08-23
PRD-00892,Void Fill Item 00892,Packaging,Void Fill,CS,15.11,51.21,81.91,SUP-0153,False,2021-02-10
PRD-00893,Adapters Item 00893,Electronics,Adapters,PLT,8.82,222.52,309.32,SUP-0235,False,2022-10-17
PRD-00894,Storage Units Item 00894,Furniture,Storage Units,PLT,10.09,7.88,10.55,SUP-0156,False,2023-05-16
PRD-00895,Tape Item 00895,Packaging,Tape,PLT,24.09,139.5,185.2,SUP-0063,False,2022-11-07
PRD-00896,Accessories Item 00896,Apparel,Accessories,PLT,33.06,84.37,164.01,SUP-0031,False,2020-07-11
PRD-00897,Tape Item 00897,Packaging,Tape,CS,6.24,73.78,106.91,SUP-0030,False,2022-03-29
PRD-00898,Tape Item 00898,Packaging,Tape,EA,11.28,178.7,282.42,SUP-0054,False,2020-12-01
PRD-00899,Accessories Item 00899,Apparel,Accessories,CS,10.46,124.14,179.04,SUP-0011,False,2023-12-12
PRD-00900,Cables Item 00900,Electronics,Cables,PLT,20.73,147.95,305.16,SUP-0132,False,2020-02-11
PRD-00901,Paper Goods Item 00901,Office Supplies,Paper Goods,CS,2.49,210.51,431.53,SUP-0132,True,2022-11-20
PRD-00902,Displays Item 00902,Electronics,Displays,PLT,35.26,117.29,219.55,SUP-0034,False,2022-07-24
PRD-00903,Outerwear Item 00903,Apparel,Outerwear,CS,21.18,240.37,371.45,SUP-0027,False,2022-04-16
PRD-00904,Tape Item 00904,Packaging,Tape,PLT,34.76,194.74,304.5,SUP-0133,True,2021-11-29
PRD-00905,Displays Item 00905,Electronics,Displays,EA,6.81,76.98,156.84,SUP-0140,False,2022-08-23
PRD-00906,Seating Item 00906,Furniture,Seating,EA,9.95,248.13,391.67,SUP-0149,False,2021-01-09
PRD-00907,Writing Item 00907,Office Supplies,Writing,CS,26.24,61.47,126.16,SUP-0099,False,2022-07-29
PRD-00908,Void Fill Item 00908,Packaging,Void Fill,EA,1.54,204.4,314.32,SUP-0042,False,2020-03-26
PRD-00909,Tape Item 00909,Packaging,Tape,PLT,18.26,163.71,280.3,SUP-0087,True,2022-03-02
PRD-00910,Fasteners Item 00910,Industrial Parts,Fasteners,CS,3.06,137.42,261.27,SUP-0079,True,2021-04-08
PRD-00911,Cables Item 00911,Electronics,Cables,EA,27.79,125.39,190.16,SUP-0078,False,2020-07-25
PRD-00912,Writing Item 00912,Office Supplies,Writing,CS,15.45,200.21,268.71,SUP-0184,False,2022-03-14
PRD-00913,Storage Item 00913,Office Supplies,Storage,PLT,13.83,56.81,82.05,SUP-0189,False,2023-09-21
PRD-00914,Boxes Item 00914,Packaging,Boxes,CS,13.49,207.19,393.74,SUP-0170,True,2021-07-03
PRD-00915,Bearings Item 00915,Industrial Parts,Bearings,PLT,4.37,237.61,455.98,SUP-0121,False,2021-11-30
PRD-00916,Storage Units Item 00916,Furniture,Storage Units,CS,23.25,95.32,193.91,SUP-0016,False,2023-07-15
PRD-00917,Tape Item 00917,Packaging,Tape,CS,6.3,31.48,42.65,SUP-0142,False,2022-07-14
PRD-00918,Void Fill Item 00918,Packaging,Void Fill,PLT,34.3,196.14,389.15,SUP-0242,True,2022-11-20
PRD-00919,Writing Item 00919,Office Supplies,Writing,PLT,6.3,31.88,65.07,SUP-0015,False,2022-11-21
PRD-00920,Desks Item 00920,Furniture,Desks,PLT,5.36,223.53,467.3,SUP-0032,False,2023-06-11
PRD-00921,Outerwear Item 00921,Apparel,Outerwear,CS,6.99,30.96,50.52,SUP-0231,False,2021-01-24
PRD-00922,Cables Item 00922,Electronics,Cables,EA,35.07,248.53,527.16,SUP-0044,False,2021-03-02
PRD-00923,Footwear Item 00923,Apparel,Footwear,PLT,31.18,114.42,251.38,SUP-0002,False,2021-11-30
PRD-00924,Seals Item 00924,Industrial Parts,Seals,CS,10.68,25.83,45.25,SUP-0179,False,2021-10-09
PRD-00925,Displays Item 00925,Electronics,Displays,EA,1.58,57.86,82.2,SUP-0007,False,2020-12-21
PRD-00926,Outerwear Item 00926,Apparel,Outerwear,PLT,16.16,159.51,229.54,SUP-0231,False,2021-08-25
PRD-00927,Storage Units Item 00927,Furniture,Storage Units,PLT,11.59,122.71,174.59,SUP-0057,False,2020-04-22
PRD-00928,Adapters Item 00928,Electronics,Adapters,EA,32.44,47.38,83.92,SUP-0176,False,2022-07-27
PRD-00929,Seating Item 00929,Furniture,Seating,EA,1.37,214.33,389.1,SUP-0048,False,2023-11-14
PRD-00930,Displays Item 00930,Electronics,Displays,PLT,9.7,123.92,199.98,SUP-0009,False,2022-12-29
PRD-00931,Cables Item 00931,Electronics,Cables,EA,38.9,154.83,253.47,SUP-0152,False,2020-03-23
PRD-00932,Boxes Item 00932,Packaging,Boxes,CS,22.14,36.62,54.12,SUP-0137,False,2023-06-21
PRD-00933,Footwear Item 00933,Apparel,Footwear,EA,5.21,241.75,394.28,SUP-0244,False,2022-07-13
PRD-00934,Adapters Item 00934,Electronics,Adapters,CS,38.08,66.77,111.53,SUP-0019,False,2023-02-18
PRD-00935,Outerwear Item 00935,Apparel,Outerwear,CS,2.28,216.06,351.73,SUP-0001,False,2020-09-21
PRD-00936,Seals Item 00936,Industrial Parts,Seals,EA,9.84,80.82,105.46,SUP-0237,False,2022-03-13
PRD-00937,Cables Item 00937,Electronics,Cables,EA,10.58,161.02,257.03,SUP-0181,False,2021-02-13
PRD-00938,Desks Item 00938,Furniture,Desks,EA,17.83,47.43,69.74,SUP-0188,False,2020-08-23
PRD-00939,Bearings Item 00939,Industrial Parts,Bearings,PLT,30.94,153.8,245.11,SUP-0162,False,2023-05-10
PRD-00940,Accessories Item 00940,Apparel,Accessories,PLT,14.37,180.8,281.1,SUP-0211,False,2021-09-25
PRD-00941,Tape Item 00941,Packaging,Tape,EA,37.26,12.7,24.39,SUP-0001,False,2023-10-13
PRD-00942,Fasteners Item 00942,Industrial Parts,Fasteners,CS,26.11,223.11,411.02,SUP-0184,False,2021-11-21
PRD-00943,Displays Item 00943,Electronics,Displays,CS,15.72,245.28,413.37,SUP-0106,False,2020-12-03
PRD-00944,Desks Item 00944,Furniture,Desks,PLT,14.89,91.08,153.72,SUP-0006,False,2020-02-25
PRD-00945,Seals Item 00945,Industrial Parts,Seals,PLT,29.13,165.82,322.94,SUP-0050,False,2022-11-27
PRD-00946,Void Fill Item 00946,Packaging,Void Fill,CS,5.49,210.27,310.22,SUP-0134,True,2021-12-29
PRD-00947,Adapters Item 00947,Electronics,Adapters,CS,18.42,197.48,432.64,SUP-0038,False,2021-09-25
PRD-00948,Fasteners Item 00948,Industrial Parts,Fasteners,CS,5.93,48.13,91.91,SUP-0097,False,2021-08-16
PRD-00949,Seating Item 00949,Furniture,Seating,CS,30.01,211.82,348.19,SUP-0009,False,2023-09-16
PRD-00950,Paper Goods Item 00950,Office Supplies,Paper Goods,EA,27.84,134.28,198.19,SUP-0135,False,2021-10-16
PRD-00951,Seating Item 00951,Furniture,Seating,EA,20.41,142.13,199.28,SUP-0037,False,2020-08-20
PRD-00952,Paper Goods Item 00952,Office Supplies,Paper Goods,CS,36.32,109.57,190.76,SUP-0240,False,2023-05-12
PRD-00953,Bearings Item 00953,Industrial Parts,Bearings,CS,26.76,20.62,42.36,SUP-0105,False,2023-12-19
PRD-00954,Boxes Item 00954,Packaging,Boxes,EA,31.68,11.23,16.29,SUP-0126,False,2020-05-16
PRD-00955,Void Fill Item 00955,Packaging,Void Fill,EA,33.34,154.83,229.81,SUP-0095,False,2021-04-15
PRD-00956,Fasteners Item 00956,Industrial Parts,Fasteners,PLT,26.05,230.1,322.06,SUP-0237,False,2021-12-24
PRD-00957,Displays Item 00957,Electronics,Displays,CS,28.19,36.32,62.03,SUP-0014,False,2020-10-04
PRD-00958,Cables Item 00958,Electronics,Cables,PLT,1.17,11.26,19.31,SUP-0017,False,2020-11-27
PRD-00959,Outerwear Item 00959,Apparel,Outerwear,CS,8.45,10.78,20.38,SUP-0182,False,2021-09-25
PRD-00960,Adapters Item 00960,Electronics,Adapters,PLT,15.61,68.57,94.49,SUP-0249,False,2023-06-11
PRD-00961,Footwear Item 00961,Apparel,Footwear,EA,35.64,242.2,471.74,SUP-0084,False,2023-07-08
PRD-00962,Storage Units Item 00962,Furniture,Storage Units,PLT,31.85,34.66,70.15,SUP-0233,False,2022-08-24
PRD-00963,Seals Item 00963,Industrial Parts,Seals,PLT,20.88,52.7,76.19,SUP-0125,False,2023-06-17
PRD-00964,Cables Item 00964,Electronics,Cables,PLT,14.01,212.46,411.85,SUP-0214,False,2020-08-23
PRD-00965,Displays Item 00965,Electronics,Displays,EA,20.26,39.87,70.9,SUP-0173,False,2023-08-14
PRD-00966,Bearings Item 00966,Industrial Parts,Bearings,CS,15.17,59.26,123.18,SUP-0070,False,2020-06-13
PRD-00967,Fasteners Item 00967,Industrial Parts,Fasteners,PLT,16.15,211.94,323.18,SUP-0145,False,2020-04-30
PRD-00968,Seating Item 00968,Furniture,Seating,CS,29.86,118.43,194.36,SUP-0067,False,2021-10-03
PRD-00969,Fasteners Item 00969,Industrial Parts,Fasteners,CS,36.23,179.02,374.64,SUP-0218,False,2021-09-09
PRD-00970,Storage Item 00970,Office Supplies,Storage,CS,29.1,238.77,416.74,SUP-0185,False,2022-10-30
PRD-00971,Void Fill Item 00971,Packaging,Void Fill,CS,10.98,191.28,334.72,SUP-0108,False,2021-09-23
PRD-00972,Seating Item 00972,Furniture,Seating,CS,13.96,119.07,223.31,SUP-0230,False,2022-02-19
PRD-00973,Storage Units Item 00973,Furniture,Storage Units,CS,8.27,91.04,163.7,SUP-0108,False,2021-11-17
PRD-00974,Seating Item 00974,Furniture,Seating,EA,28.17,243.39,378.68,SUP-0161,False,2020-11-02
PRD-00975,Accessories Item 00975,Apparel,Accessories,PLT,28.24,74.26,154.82,SUP-0116,False,2021-10-10
PRD-00976,Footwear Item 00976,Apparel,Footwear,EA,11.06,219.6,310.85,SUP-0230,False,2024-01-04
PRD-00977,Fasteners Item 00977,Industrial Parts,Fasteners,PLT,5.38,157.25,289.5,SUP-0080,False,2021-11-21
PRD-00978,Footwear Item 00978,Apparel,Footwear,EA,32.56,140.1,202.44,SUP-0079,True,2020-11-07
PRD-00979,Adapters Item 00979,Electronics,Adapters,EA,38.49,50.28,74.81,SUP-0181,False,2020-07-14
PRD-00980,Writing Item 00980,Office Supplies,Writing,EA,17.39,190.12,409.16,SUP-0130,False,2022-03-12
PRD-00981,Adapters Item 00981,Electronics,Adapters,EA,27.65,52.32,84.08,SUP-0219,False,2022-11-08
PRD-00982,Footwear Item 00982,Apparel,Footwear,PLT,0.95,21.88,30.7,SUP-0058,False,2021-08-15
PRD-00983,Seating Item 00983,Furniture,Seating,CS,4.41,103.97,220.94,SUP-0110,False,2022-08-23
PRD-00984,Fasteners Item 00984,Industrial Parts,Fasteners,CS,34.18,79.92,145.26,SUP-0187,False,2022-01-12
PRD-00985,Void Fill Item 00985,Packaging,Void Fill,PLT,6.17,203.57,391.08,SUP-0057,False,2020-01-14
PRD-00986,Footwear Item 00986,Apparel,Footwear,PLT,11.42,75.24,131.05,SUP-0110,False,2021-02-14
PRD-00987,Storage Units Item 00987,Furniture,Storage Units,EA,20.44,119.07,231.18,SUP-0181,False,2020-08-27
PRD-00988,Outerwear Item 00988,Apparel,Outerwear,PLT,22.26,68.12,140.99,SUP-0090,False,2021-01-09
PRD-00989,Void Fill Item 00989,Packaging,Void Fill,PLT,24.31,216.83,475.42,SUP-0100,False,2022-05-13
PRD-00990,Cables Item 00990,Electronics,Cables,EA,16.97,198.0,301.38,SUP-0106,False,2021-06-05
PRD-00991,Adapters Item 00991,Electronics,Adapters,PLT,38.96,217.39,456.44,SUP-0183,False,2020-01-21
PRD-00992,Tape Item 00992,Packaging,Tape,EA,10.48,247.79,470.38,SUP-0083,False,2023-06-27
PRD-00993,Storage Item 00993,Office Supplies,Storage,CS,18.91,5.04,8.25,SUP-0111,False,2022-10-07
PRD-00994,Seating Item 00994,Furniture,Seating,EA,35.1,145.66,290.69,SUP-0050,False,2020-03-02
PRD-00995,Paper Goods Item 00995,Office Supplies,Paper Goods,PLT,31.47,148.01,212.19,SUP-0144,False,2020-11-05
PRD-00996,Outerwear Item 00996,Apparel,Outerwear,EA,29.28,118.42,223.35,SUP-0189,False,2020-11-11
PRD-00997,Displays Item 00997,Electronics,Displays,CS,8.82,113.27,182.16,SUP-0012,False,2020-10-10
PRD-00998,Paper Goods Item 00998,Office Supplies,Paper Goods,EA,3.39,129.2,199.83,SUP-0106,False,2024-01-28
PRD-00999,Outerwear Item 00999,Apparel,Outerwear,CS,4.96,113.27,207.1,SUP-0043,False,2023-10-21
PRD-01000,Outerwear Item 01000,Apparel,Outerwear,PLT,36.92,63.18,111.59,SUP-0167,False,2021-01-23
PRD-01001,Seating Item 01001,Furniture,Seating,EA,11.24,140.76,292.38,SUP-0180,False,2020-05-06
PRD-01002,Storage Units Item 01002,Furniture,Storage Units,EA,15.27,41.66,86.18,SUP-0175,False,2020-08-04
PRD-01003,Boxes Item 01003,Packaging,Boxes,CS,4.77,114.22,245.56,SUP-0088,False,2023-10-28
PRD-01004,Accessories Item 01004,Apparel,Accessories,CS,24.68,126.43,266.58,SUP-0074,False,2022-11-14
PRD-01005,Desks Item 01005,Furniture,Desks,CS,25.01,152.39,258.94,SUP-0108,False,2021-09-13
PRD-01006,Seating Item 01006,Furniture,Seating,PLT,24.09,205.54,405.82,SUP-0060,False,2020-09-24
PRD-01007,Outerwear Item 01007,Apparel,Outerwear,EA,34.56,2.87,5.06,SUP-0241,False,2023-01-21
PRD-01008,Footwear Item 01008,Apparel,Footwear,CS,39.98,201.23,324.82,SUP-0195,False,2021-01-01
PRD-01009,Fasteners Item 01009,Industrial Parts,Fasteners,CS,4.62,99.72,154.02,SUP-0005,False,2023-05-21
PRD-01010,Outerwear Item 01010,Apparel,Outerwear,EA,8.88,216.77,302.99,SUP-0076,False,2020-01-16
PRD-01011,Fasteners Item 01011,Industrial Parts,Fasteners,EA,39.41,128.36,181.35,SUP-0028,False,2020-09-28
PRD-01012,Storage Units Item 01012,Furniture,Storage Units,EA,32.35,68.21,105.45,SUP-0062,False,2020-01-05
PRD-01013,Boxes Item 01013,Packaging,Boxes,PLT,23.34,227.63,337.22,SUP-0160,False,2022-09-20
PRD-01014,Footwear Item 01014,Apparel,Footwear,EA,23.2,220.45,443.81,SUP-0113,False,2021-01-29
PRD-01015,Storage Units Item 01015,Furniture,Storage Units,EA,1.0,198.88,405.0,SUP-0097,False,2023-01-28
PRD-01016,Seals Item 01016,Industrial Parts,Seals,CS,2.93,26.79,35.45,SUP-0234,False,2023-10-06
PRD-01017,Footwear Item 01017,Apparel,Footwear,CS,21.03,247.33,437.48,SUP-0167,False,2020-07-18
PRD-01018,Void Fill Item 01018,Packaging,Void Fill,PLT,17.0,197.43,315.73,SUP-0179,False,2023-08-18
PRD-01019,Accessories Item 01019,Apparel,Accessories,PLT,32.26,65.26,112.85,SUP-0179,False,2023-08-22
PRD-01020,Seating Item 01020,Furniture,Seating,CS,20.43,81.53,137.91,SUP-0160,False,2022-10-21
PRD-01021,Bearings Item 01021,Industrial Parts,Bearings,CS,18.32,223.14,422.73,SUP-0009,False,2022-01-09
PRD-01022,Boxes Item 01022,Packaging,Boxes,PLT,14.14,57.23,122.93,SUP-0200,False,2023-08-21
PRD-01023,Bearings Item 01023,Industrial Parts,Bearings,PLT,35.7,113.86,231.86,SUP-0015,False,2020-02-07
PRD-01024,Storage Item 01024,Office Supplies,Storage,CS,28.89,32.54,58.6,SUP-0228,False,2020-12-17
PRD-01025,Seals Item 01025,Industrial Parts,Seals,CS,19.79,32.35,46.91,SUP-0115,False,2022-05-25
PRD-01026,Tape Item 01026,Packaging,Tape,EA,34.26,40.37,63.79,SUP-0020,False,2022-08-03
PRD-01027,Seals Item 01027,Industrial Parts,Seals,CS,25.03,185.49,316.17,SUP-0210,False,2020-02-02
PRD-01028,Bearings Item 01028,Industrial Parts,Bearings,CS,16.99,34.07,56.23,SUP-0080,False,2020-02-21
PRD-01029,Displays Item 01029,Electronics,Displays,CS,21.73,145.33,300.64,SUP-0201,False,2021-11-24
PRD-01030,Adapters Item 01030,Electronics,Adapters,PLT,23.89,5.66,11.4,SUP-0099,False,2021-05-12
PRD-01031,Adapters Item 01031,Electronics,Adapters,PLT,3.84,17.03,23.65,SUP-0003,False,2020-05-11
PRD-01032,Void Fill Item 01032,Packaging,Void Fill,CS,0.72,173.6,268.02,SUP-0008,False,2023-03-12
PRD-01033,Bearings Item 01033,Industrial Parts,Bearings,CS,35.41,22.21,37.14,SUP-0199,False,2023-12-23
PRD-01034,Cables Item 01034,Electronics,Cables,CS,27.13,227.65,360.94,SUP-0201,False,2022-08-22
PRD-01035,Bearings Item 01035,Industrial Parts,Bearings,EA,13.97,205.3,374.61,SUP-0098,False,2023-09-30
PRD-01036,Seating Item 01036,Furniture,Seating,CS,15.83,97.52,174.87,SUP-0051,False,2021-06-16
PRD-01037,Writing Item 01037,Office Supplies,Writing,CS,2.48,97.27,183.82,SUP-0154,False,2020-05-22
PRD-01038,Bearings Item 01038,Industrial Parts,Bearings,PLT,33.86,190.05,311.17,SUP-0197,False,2021-05-05
PRD-01039,Tape Item 01039,Packaging,Tape,EA,30.92,158.69,233.44,SUP-0139,False,2023-11-28
PRD-01040,Adapters Item 01040,Electronics,Adapters,CS,19.75,166.67,273.61,SUP-0006,False,2023-08-20
PRD-01041,Footwear Item 01041,Apparel,Footwear,PLT,31.53,237.61,344.81,SUP-0106,False,2020-04-27
PRD-01042,Fasteners Item 01042,Industrial Parts,Fasteners,EA,7.73,126.45,236.56,SUP-0146,False,2020-10-12
PRD-01043,Displays Item 01043,Electronics,Displays,PLT,19.62,165.24,219.78,SUP-0234,False,2021-07-11
PRD-01044,Void Fill Item 01044,Packaging,Void Fill,EA,24.82,215.59,424.76,SUP-0187,False,2022-01-10
PRD-01045,Cables Item 01045,Electronics,Cables,EA,6.53,243.49,328.79,SUP-0100,False,2021-06-06
PRD-01046,Storage Units Item 01046,Furniture,Storage Units,PLT,39.62,176.12,343.53,SUP-0035,False,2021-05-23
PRD-01047,Outerwear Item 01047,Apparel,Outerwear,EA,8.11,56.98,122.97,SUP-0104,False,2023-06-05
PRD-01048,Bearings Item 01048,Industrial Parts,Bearings,PLT,5.62,103.13,165.34,SUP-0199,False,2020-12-16
PRD-01049,Boxes Item 01049,Packaging,Boxes,EA,36.23,29.86,41.11,SUP-0055,False,2021-11-26
PRD-01050,Boxes Item 01050,Packaging,Boxes,CS,1.78,130.37,245.58,SUP-0168,False,2022-04-25
PRD-01051,Bearings Item 01051,Industrial Parts,Bearings,EA,9.1,110.6,193.56,SUP-0088,True,2023-09-09
PRD-01052,Storage Item 01052,Office Supplies,Storage,PLT,2.56,28.96,54.65,SUP-0120,False,2021-08-19
PRD-01053,Accessories Item 01053,Apparel,Accessories,PLT,10.61,239.35,442.26,SUP-0106,False,2021-02-19
PRD-01054,Tape Item 01054,Packaging,Tape,EA,8.44,17.81,25.63,SUP-0026,False,2020-07-04
PRD-01055,Boxes Item 01055,Packaging,Boxes,CS,14.43,151.26,268.39,SUP-0236,False,2023-06-13
PRD-01056,Paper Goods Item 01056,Office Supplies,Paper Goods,CS,29.83,204.64,414.93,SUP-0202,False,2024-01-21
PRD-01057,Seals Item 01057,Industrial Parts,Seals,CS,29.61,151.49,299.16,SUP-0166,False,2023-10-16
PRD-01058,Fasteners Item 01058,Industrial Parts,Fasteners,CS,23.8,71.51,141.31,SUP-0042,False,2023-04-01
PRD-01059,Bearings Item 01059,Industrial Parts,Bearings,EA,10.46,84.79,179.83,SUP-0043,False,2020-03-14
PRD-01060,Storage Units Item 01060,Furniture,Storage Units,EA,22.98,181.32,349.44,SUP-0171,False,2022-08-23
PRD-01061,Displays Item 01061,Electronics,Displays,CS,10.87,141.74,274.61,SUP-0017,False,2022-01-31
PRD-01062,Boxes Item 01062,Packaging,Boxes,CS,30.97,96.89,189.05,SUP-0230,False,2022-12-07
PRD-01063,Storage Units Item 01063,Furniture,Storage Units,PLT,4.81,149.66,279.68,SUP-0241,False,2020-02-18
PRD-01064,Fasteners Item 01064,Industrial Parts,Fasteners,EA,14.62,138.41,293.18,SUP-0073,False,2021-06-19
PRD-01065,Footwear Item 01065,Apparel,Footwear,PLT,22.62,100.21,178.78,SUP-0024,False,2022-02-24
PRD-01066,Void Fill Item 01066,Packaging,Void Fill,CS,14.49,193.86,295.42,SUP-0211,False,2023-11-27
PRD-01067,Outerwear Item 01067,Apparel,Outerwear,PLT,31.45,205.54,397.65,SUP-0049,False,2020-03-05
PRD-01068,Desks Item 01068,Furniture,Desks,EA,12.71,192.08,358.47,SUP-0048,False,2022-06-15
PRD-01069,Cables Item 01069,Electronics,Cables,PLT,10.34,16.33,34.56,SUP-0032,False,2023-03-06
PRD-01070,Outerwear Item 01070,Apparel,Outerwear,PLT,15.69,184.27,382.82,SUP-0130,False,2023-01-18
PRD-01071,Displays Item 01071,Electronics,Displays,EA,35.61,150.47,257.16,SUP-0132,False,2020-06-27
PRD-01072,Cables Item 01072,Electronics,Cables,EA,2.99,133.02,289.84,SUP-0148,False,2020-01-09
PRD-01073,Outerwear Item 01073,Apparel,Outerwear,CS,1.14,241.95,320.4,SUP-0096,False,2022-02-05
PRD-01074,Desks Item 01074,Furniture,Desks,PLT,19.33,85.64,119.07,SUP-0053,False,2022-02-22
PRD-01075,Cables Item 01075,Electronics,Cables,PLT,0.09,153.8,231.63,SUP-0225,False,2021-11-14
PRD-01076,Adapters Item 01076,Electronics,Adapters,EA,4.15,157.23,308.91,SUP-0066,False,2023-08-23
PRD-01077,Adapters Item 01077,Electronics,Adapters,CS,9.32,50.95,110.35,SUP-0022,False,2020-08-19
PRD-01078,Fasteners Item 01078,Industrial Parts,Fasteners,EA,11.7,128.48,280.3,SUP-0083,False,2020-11-27
PRD-01079,Desks Item 01079,Furniture,Desks,EA,34.28,33.02,47.1,SUP-0096,False,2021-04-05
PRD-01080,Bearings Item 01080,Industrial Parts,Bearings,EA,10.97,5.06,6.86,SUP-0096,False,2021-07-19
PRD-01081,Storage Units Item 01081,Furniture,Storage Units,CS,28.33,236.95,449.92,SUP-0107,False,2022-07-07
PRD-01082,Writing Item 01082,Office Supplies,Writing,CS,18.5,199.57,300.35,SUP-0113,False,2024-01-30
PRD-01083,Storage Item 01083,Office Supplies,Storage,EA,31.81,202.64,301.4,SUP-0209,False,2023-01-01
PRD-01084,Outerwear Item 01084,Apparel,Outerwear,PLT,7.29,69.35,110.63,SUP-0097,False,2021-12-20
PRD-01085,Void Fill Item 01085,Packaging,Void Fill,PLT,10.58,192.72,333.6,SUP-0169,False,2020-04-27
PRD-01086,Storage Item 01086,Office Supplies,Storage,EA,10.28,86.19,156.41,SUP-0213,False,2020-04-03
PRD-01087,Fasteners Item 01087,Industrial Parts,Fasteners,PLT,13.53,161.07,230.75,SUP-0142,False,2022-04-25
PRD-01088,Void Fill Item 01088,Packaging,Void Fill,PLT,32.27,133.77,281.82,SUP-0146,False,2021-07-28
PRD-01089,Seating Item 01089,Furniture,Seating,PLT,0.32,163.66,353.5,SUP-0100,False,2020-11-22
PRD-01090,Storage Item 01090,Office Supplies,Storage,PLT,18.38,80.65,166.63,SUP-0109,False,2021-04-01
PRD-01091,Bearings Item 01091,Industrial Parts,Bearings,PLT,12.41,34.36,65.6,SUP-0106,False,2022-01-02
PRD-01092,Paper Goods Item 01092,Office Supplies,Paper Goods,PLT,16.91,40.74,79.1,SUP-0062,False,2023-02-22
PRD-01093,Accessories Item 01093,Apparel,Accessories,EA,30.56,181.55,355.02,SUP-0085,False,2020-11-10
PRD-01094,Boxes Item 01094,Packaging,Boxes,PLT,23.16,249.82,506.6,SUP-0036,False,2023-01-21
PRD-01095,Storage Units Item 01095,Furniture,Storage Units,EA,23.47,49.88,85.01,SUP-0042,False,2021-09-30
PRD-01096,Outerwear Item 01096,Apparel,Outerwear,PLT,28.73,105.52,155.87,SUP-0123,True,2022-03-12
PRD-01097,Writing Item 01097,Office Supplies,Writing,EA,26.0,137.24,222.68,SUP-0184,True,2021-06-24
PRD-01098,Displays Item 01098,Electronics,Displays,PLT,13.04,230.74,353.72,SUP-0210,False,2021-10-16
PRD-01099,Bearings Item 01099,Industrial Parts,Bearings,EA,10.46,18.69,29.76,SUP-0101,False,2022-04-25
PRD-01100,Tape Item 01100,Packaging,Tape,CS,22.18,69.17,120.59,SUP-0097,False,2023-04-08
PRD-01101,Boxes Item 01101,Packaging,Boxes,EA,27.72,221.21,362.09,SUP-0176,False,2023-08-11
PRD-01102,Adapters Item 01102,Electronics,Adapters,PLT,16.12,152.41,272.72,SUP-0012,False,2020-03-01
PRD-01103,Bearings Item 01103,Industrial Parts,Bearings,PLT,26.37,129.54,238.52,SUP-0196,False,2023-07-27
PRD-01104,Displays Item 01104,Electronics,Displays,PLT,11.04,179.47,264.91,SUP-0063,False,2020-11-16
PRD-01105,Adapters Item 01105,Electronics,Adapters,CS,4.25,35.64,47.19,SUP-0165,False,2023-07-03
PRD-01106,Storage Item 01106,Office Supplies,Storage,PLT,8.92,77.14,113.94,SUP-0161,False,2021-07-14
PRD-01107,Void Fill Item 01107,Packaging,Void Fill,CS,19.31,92.41,190.54,SUP-0156,False,2020-06-04
PRD-01108,Writing Item 01108,Office Supplies,Writing,PLT,18.64,205.38,449.47,SUP-0036,False,2023-08-11
PRD-01109,Storage Units Item 01109,Furniture,Storage Units,CS,20.58,151.04,312.36,SUP-0134,False,2022-09-30
PRD-01110,Tape Item 01110,Packaging,Tape,EA,36.33,113.18,219.63,SUP-0088,False,2020-03-17
PRD-01111,Seals Item 01111,Industrial Parts,Seals,EA,22.52,137.58,185.61,SUP-0006,False,2021-05-05
PRD-01112,Tape Item 01112,Packaging,Tape,PLT,34.41,90.73,192.94,SUP-0086,False,2020-02-01
PRD-01113,Storage Units Item 01113,Furniture,Storage Units,EA,26.29,189.7,351.12,SUP-0098,False,2020-08-28
PRD-01114,Outerwear Item 01114,Apparel,Outerwear,EA,5.35,41.25,88.24,SUP-0045,False,2023-10-02
PRD-01115,Seating Item 01115,Furniture,Seating,PLT,14.77,144.42,222.46,SUP-0047,False,2023-04-10
PRD-01116,Adapters Item 01116,Electronics,Adapters,CS,27.5,246.01,337.36,SUP-0155,False,2023-09-23
PRD-01117,Writing Item 01117,Office Supplies,Writing,EA,19.11,165.6,294.47,SUP-0219,False,2020-02-15
PRD-01118,Displays Item 01118,Electronics,Displays,PLT,15.81,33.35,54.97,SUP-0140,False,2021-02-24
PRD-01119,Footwear Item 01119,Apparel,Footwear,CS,34.78,79.22,172.2,SUP-0043,False,2022-09-27
PRD-01120,Paper Goods Item 01120,Office Supplies,Paper Goods,EA,15.75,11.14,23.81,SUP-0204,False,2023-01-01
PRD-01121,Displays Item 01121,Electronics,Displays,EA,17.08,108.33,161.45,SUP-0069,False,2021-10-10
PRD-01122,Fasteners Item 01122,Industrial Parts,Fasteners,CS,36.07,98.48,184.96,SUP-0242,False,2022-01-02
PRD-01123,Accessories Item 01123,Apparel,Accessories,CS,35.12,137.61,185.64,SUP-0071,False,2022-12-26
PRD-01124,Boxes Item 01124,Packaging,Boxes,CS,10.61,120.23,170.37,SUP-0021,False,2020-02-25
PRD-01125,Void Fill Item 01125,Packaging,Void Fill,EA,15.4,144.7,280.37,SUP-0122,False,2020-01-26
PRD-01126,Paper Goods Item 01126,Office Supplies,Paper Goods,CS,30.82,120.81,254.59,SUP-0090,False,2023-05-20
PRD-01127,Cables Item 01127,Electronics,Cables,PLT,36.56,44.02,93.89,SUP-0196,False,2020-03-06
PRD-01128,Storage Units Item 01128,Furniture,Storage Units,CS,21.96,206.05,294.92,SUP-0016,False,2020-04-28
PRD-01129,Bearings Item 01129,Industrial Parts,Bearings,CS,15.19,88.93,191.24,SUP-0089,False,2022-02-28
PRD-01130,Cables Item 01130,Electronics,Cables,PLT,5.19,138.25,184.01,SUP-0125,False,2020-12-02
PRD-01131,Paper Goods Item 01131,Office Supplies,Paper Goods,EA,34.22,55.59,117.21,SUP-0184,False,2022-08-31
PRD-01132,Writing Item 01132,Office Supplies,Writing,PLT,21.52,192.8,294.85,SUP-0042,False,2021-04-26
PRD-01133,Writing Item 01133,Office Supplies,Writing,EA,23.05,5.39,9.87,SUP-0239,False,2023-04-30
PRD-01134,Outerwear Item 01134,Apparel,Outerwear,PLT,23.82,25.6,48.44,SUP-0093,False,2023-06-07
PRD-01135,Displays Item 01135,Electronics,Displays,EA,4.27,116.45,172.12,SUP-0025,False,2022-11-15
PRD-01136,Fasteners Item 01136,Industrial Parts,Fasteners,PLT,39.71,48.31,69.83,SUP-0078,False,2022-06-18
PRD-01137,Storage Units Item 01137,Furniture,Storage Units,PLT,5.41,162.68,212.9,SUP-0179,False,2024-02-03
PRD-01138,Adapters Item 01138,Electronics,Adapters,CS,36.66,57.49,120.27,SUP-0183,False,2023-05-13
PRD-01139,Outerwear Item 01139,Apparel,Outerwear,PLT,25.71,14.0,22.85,SUP-0163,False,2021-05-25
PRD-01140,Bearings Item 01140,Industrial Parts,Bearings,EA,16.76,79.91,147.26,SUP-0183,False,2023-12-04
PRD-01141,Void Fill Item 01141,Packaging,Void Fill,PLT,26.14,202.14,350.49,SUP-0029,False,2023-01-15
PRD-01142,Adapters Item 01142,Electronics,Adapters,PLT,0.19,238.29,355.41,SUP-0003,False,2020-09-27
PRD-01143,Writing Item 01143,Office Supplies,Writing,PLT,14.17,45.98,78.85,SUP-0203,False,2021-11-01
PRD-01144,Boxes Item 01144,Packaging,Boxes,CS,17.01,70.1,148.44,SUP-0132,False,2022-01-24
PRD-01145,Adapters Item 01145,Electronics,Adapters,CS,31.63,192.67,296.31,SUP-0074,True,2021-12-04
PRD-01146,Cables Item 01146,Electronics,Cables,EA,40.0,236.87,470.43,SUP-0023,False,2020-06-11
PRD-01147,Accessories Item 01147,Apparel,Accessories,PLT,26.49,84.4,111.55,SUP-0126,False,2022-05-04
PRD-01148,Footwear Item 01148,Apparel,Footwear,EA,21.32,112.06,219.86,SUP-0091,False,2023-12-17
PRD-01149,Footwear Item 01149,Apparel,Footwear,EA,21.83,146.74,198.6,SUP-0151,False,2021-12-17
PRD-01150,Accessories Item 01150,Apparel,Accessories,CS,26.91,217.86,354.33,SUP-0155,False,2020-01-30
PRD-01151,Tape Item 01151,Packaging,Tape,PLT,7.61,116.6,175.74,SUP-0042,False,2022-11-01
PRD-01152,Accessories Item 01152,Apparel,Accessories,CS,4.48,44.75,61.68,SUP-0054,True,2021-08-09
PRD-01153,Writing Item 01153,Office Supplies,Writing,CS,32.91,240.46,340.57,SUP-0127,False,2021-11-23
PRD-01154,Desks Item 01154,Furniture,Desks,CS,39.05,162.8,292.34,SUP-0225,False,2021-04-03
PRD-01155,Paper Goods Item 01155,Office Supplies,Paper Goods,PLT,35.37,29.87,56.88,SUP-0002,False,2022-08-06
PRD-01156,Writing Item 01156,Office Supplies,Writing,PLT,12.0,230.04,365.63,SUP-0155,False,2023-07-05
PRD-01157,Storage Units Item 01157,Furniture,Storage Units,EA,17.63,74.7,116.99,SUP-0030,False,2023-11-06
PRD-01158,Adapters Item 01158,Electronics,Adapters,CS,39.07,226.73,427.41,SUP-0033,False,2023-11-25
PRD-01159,Writing Item 01159,Office Supplies,Writing,PLT,36.11,4.16,5.51,SUP-0245,True,2023-05-09
PRD-01160,Fasteners Item 01160,Industrial Parts,Fasteners,EA,6.46,212.04,426.54,SUP-0103,False,2022-04-11
PRD-01161,Cables Item 01161,Electronics,Cables,PLT,17.6,249.43,407.57,SUP-0154,False,2023-10-15
PRD-01162,Outerwear Item 01162,Apparel,Outerwear,PLT,35.52,154.82,242.97,SUP-0130,False,2022-11-21
PRD-01163,Bearings Item 01163,Industrial Parts,Bearings,EA,20.53,249.54,453.28,SUP-0246,False,2020-01-25
PRD-01164,Storage Units Item 01164,Furniture,Storage Units,PLT,12.94,18.17,38.28,SUP-0107,False,2023-02-26
PRD-01165,Displays Item 01165,Electronics,Displays,EA,32.37,104.99,164.25,SUP-0101,False,2020-09-30
PRD-01166,Accessories Item 01166,Apparel,Accessories,PLT,29.69,81.33,113.52,SUP-0169,False,2020-07-26
PRD-01167,Fasteners Item 01167,Industrial Parts,Fasteners,CS,2.0,237.03,486.97,SUP-0225,False,2022-05-05
PRD-01168,Accessories Item 01168,Apparel,Accessories,PLT,4.7,145.09,188.95,SUP-0174,False,2022-01-15
PRD-01169,Tape Item 01169,Packaging,Tape,EA,36.6,94.49,150.66,SUP-0008,False,2023-01-07
PRD-01170,Outerwear Item 01170,Apparel,Outerwear,EA,15.43,17.82,28.25,SUP-0242,False,2022-11-16
PRD-01171,Seating Item 01171,Furniture,Seating,PLT,8.61,133.0,264.08,SUP-0011,False,2024-01-30
PRD-01172,Outerwear Item 01172,Apparel,Outerwear,EA,16.94,138.66,303.99,SUP-0226,False,2022-09-08
PRD-01173,Fasteners Item 01173,Industrial Parts,Fasteners,PLT,14.75,113.82,212.76,SUP-0193,False,2022-03-08
PRD-01174,Seating Item 01174,Furniture,Seating,EA,16.09,233.97,402.71,SUP-0014,False,2022-03-03
PRD-01175,Void Fill Item 01175,Packaging,Void Fill,CS,39.88,228.05,433.94,SUP-0243,False,2022-02-26
PRD-01176,Storage Units Item 01176,Furniture,Storage Units,EA,19.92,208.93,398.2,SUP-0166,False,2021-07-15
PRD-01177,Cables Item 01177,Electronics,Cables,CS,9.03,107.1,163.07,SUP-0102,False,2021-04-09
PRD-01178,Storage Item 01178,Office Supplies,Storage,PLT,23.13,29.62,42.77,SUP-0011,False,2022-03-03
PRD-01179,Desks Item 01179,Furniture,Desks,PLT,7.28,108.0,185.41,SUP-0127,False,2021-05-23
PRD-01180,Boxes Item 01180,Packaging,Boxes,CS,17.07,195.28,295.3,SUP-0053,True,2021-02-14
PRD-01181,Adapters Item 01181,Electronics,Adapters,PLT,17.54,208.06,307.2,SUP-0192,False,2021-01-19
PRD-01182,Adapters Item 01182,Electronics,Adapters,CS,15.76,214.44,301.52,SUP-0093,False,2021-02-02
PRD-01183,Fasteners Item 01183,Industrial Parts,Fasteners,PLT,13.41,164.42,249.4,SUP-0110,False,2022-03-06
PRD-01184,Bearings Item 01184,Industrial Parts,Bearings,PLT,3.72,111.21,188.66,SUP-0136,False,2022-01-31
PRD-01185,Void Fill Item 01185,Packaging,Void Fill,EA,23.33,227.89,407.31,SUP-0196,False,2020-01-08
PRD-01186,Writing Item 01186,Office Supplies,Writing,PLT,10.73,214.5,453.14,SUP-0147,False,2023-06-27
PRD-01187,Displays Item 01187,Electronics,Displays,CS,13.95,31.87,57.65,SUP-0007,False,2023-01-07
PRD-01188,Storage Units Item 01188,Furniture,Storage Units,EA,25.41,71.74,93.51,SUP-0209,False,2022-12-27
PRD-01189,Storage Item 01189,Office Supplies,Storage,CS,3.75,173.47,239.28,SUP-0014,False,2021-04-06
PRD-01190,Accessories Item 01190,Apparel,Accessories,CS,34.95,51.72,76.62,SUP-0132,False,2022-11-26
PRD-01191,Paper Goods Item 01191,Office Supplies,Paper Goods,PLT,15.19,127.22,275.89,SUP-0056,False,2023-10-07
PRD-01192,Storage Units Item 01192,Furniture,Storage Units,CS,28.53,61.28,107.27,SUP-0213,False,2020-09-22
PRD-01193,Desks Item 01193,Furniture,Desks,EA,35.05,184.36,302.64,SUP-0061,False,2023-12-22
PRD-01194,Writing Item 01194,Office Supplies,Writing,PLT,19.36,89.83,134.79,SUP-0187,False,2022-10-26
PRD-01195,Footwear Item 01195,Apparel,Footwear,PLT,5.36,236.38,432.55,SUP-0008,False,2022-06-26
PRD-01196,Storage Item 01196,Office Supplies,Storage,CS,22.19,80.96,153.29,SUP-0091,False,2023-12-30
PRD-01197,Footwear Item 01197,Apparel,Footwear,PLT,10.16,145.35,318.18,SUP-0080,False,2023-10-14
PRD-01198,Footwear Item 01198,Apparel,Footwear,EA,7.47,201.48,437.3,SUP-0112,False,2022-10-25
PRD-01199,Seals Item 01199,Industrial Parts,Seals,CS,10.47,151.7,295.34,SUP-0085,False,2021-04-11
PRD-01200,Storage Item 01200,Office Supplies,Storage,PLT,2.84,68.67,126.34,SUP-0169,False,2020-06-09
PRD-01201,Adapters Item 01201,Electronics,Adapters,CS,28.14,73.02,130.87,SUP-0054,False,2020-10-05
PRD-01202,Void Fill Item 01202,Packaging,Void Fill,CS,31.69,66.79,98.66,SUP-0073,False,2020-12-29
PRD-01203,Displays Item 01203,Electronics,Displays,PLT,5.13,153.99,269.48,SUP-0010,False,2023-01-28
PRD-01204,Fasteners Item 01204,Industrial Parts,Fasteners,EA,23.57,47.7,91.81,SUP-0214,True,2020-02-20
PRD-01205,Seating Item 01205,Furniture,Seating,CS,4.99,22.71,42.77,SUP-0135,False,2020-02-27
PRD-01206,Desks Item 01206,Furniture,Desks,PLT,1.22,69.79,111.42,SUP-0184,False,2022-11-28
PRD-01207,Tape Item 01207,Packaging,Tape,CS,28.26,75.91,143.71,SUP-0055,False,2021-11-18
PRD-01208,Desks Item 01208,Furniture,Desks,EA,15.37,39.12,73.95,SUP-0116,False,2022-05-26
PRD-01209,Accessories Item 01209,Apparel,Accessories,CS,24.96,77.66,167.02,SUP-0090,False,2022-01-20
PRD-01210,Desks Item 01210,Furniture,Desks,EA,33.16,155.46,273.32,SUP-0040,False,2021-06-27
PRD-01211,Cables Item 01211,Electronics,Cables,CS,36.02,103.91,226.77,SUP-0218,False,2022-03-21
PRD-01212,Displays Item 01212,Electronics,Displays,PLT,26.08,108.19,179.04,SUP-0213,False,2023-05-05
PRD-01213,Displays Item 01213,Electronics,Displays,EA,17.64,50.06,65.29,SUP-0047,False,2023-04-06
PRD-01214,Paper Goods Item 01214,Office Supplies,Paper Goods,CS,6.87,19.36,36.02,SUP-0013,False,2021-04-03
PRD-01215,Outerwear Item 01215,Apparel,Outerwear,EA,6.75,55.28,89.91,SUP-0156,False,2020-11-10
PRD-01216,Tape Item 01216,Packaging,Tape,CS,37.31,64.22,107.41,SUP-0220,False,2021-03-06
PRD-01217,Desks Item 01217,Furniture,Desks,EA,2.39,154.26,316.84,SUP-0221,False,2021-07-18
PRD-01218,Bearings Item 01218,Industrial Parts,Bearings,EA,37.65,27.99,39.96,SUP-0072,False,2021-01-24
PRD-01219,Storage Units Item 01219,Furniture,Storage Units,EA,20.44,41.87,86.4,SUP-0203,False,2021-08-15
PRD-01220,Adapters Item 01220,Electronics,Adapters,CS,21.02,39.21,51.47,SUP-0062,False,2023-03-15
PRD-01221,Accessories Item 01221,Apparel,Accessories,CS,17.79,239.67,397.5,SUP-0225,False,2021-11-10
PRD-01222,Desks Item 01222,Furniture,Desks,PLT,8.12,192.54,414.05,SUP-0165,False,2023-11-21
PRD-01223,Seals Item 01223,Industrial Parts,Seals,PLT,3.8,141.17,293.29,SUP-0236,False,2020-06-28
PRD-01224,Bearings Item 01224,Industrial Parts,Bearings,EA,9.33,120.83,260.61,SUP-0249,False,2022-04-18
PRD-01225,Seating Item 01225,Furniture,Seating,PLT,28.11,8.44,15.12,SUP-0194,False,2021-08-29
PRD-01226,Seating Item 01226,Furniture,Seating,CS,28.8,241.55,461.16,SUP-0026,True,2021-06-26
PRD-01227,Boxes Item 01227,Packaging,Boxes,EA,13.27,191.45,356.68,SUP-0177,False,2022-05-19
PRD-01228,Paper Goods Item 01228,Office Supplies,Paper Goods,PLT,9.84,104.47,181.61,SUP-0180,False,2021-08-03
PRD-01229,Storage Item 01229,Office Supplies,Storage,EA,14.63,148.75,268.96,SUP-0148,False,2021-11-15
PRD-01230,Displays Item 01230,Electronics,Displays,PLT,19.71,108.5,149.2,SUP-0054,False,2023-06-09
PRD-01231,Adapters Item 01231,Electronics,Adapters,PLT,37.25,210.39,313.14,SUP-0114,False,2020-12-16
PRD-01232,Seating Item 01232,Furniture,Seating,CS,15.76,173.66,343.19,SUP-0238,False,2023-09-25
PRD-01233,Accessories Item 01233,Apparel,Accessories,EA,12.22,147.99,286.9,SUP-0144,False,2020-05-26
PRD-01234,Boxes Item 01234,Packaging,Boxes,EA,30.25,136.94,293.79,SUP-0094,False,2020-08-22
PRD-01235,Bearings Item 01235,Industrial Parts,Bearings,EA,17.0,33.15,59.02,SUP-0245,False,2021-07-09
PRD-01236,Seals Item 01236,Industrial Parts,Seals,PLT,0.4,123.19,187.04,SUP-0130,False,2024-01-07
PRD-01237,Boxes Item 01237,Packaging,Boxes,EA,23.12,154.59,218.49,SUP-0020,False,2023-08-29
PRD-01238,Seating Item 01238,Furniture,Seating,EA,4.13,116.75,187.41,SUP-0185,False,2020-04-07
PRD-01239,Storage Units Item 01239,Furniture,Storage Units,EA,3.14,13.06,23.2,SUP-0214,False,2020-12-03
PRD-01240,Storage Units Item 01240,Furniture,Storage Units,EA,29.96,46.56,90.94,SUP-0057,True,2022-11-14
PRD-01241,Outerwear Item 01241,Apparel,Outerwear,EA,24.11,210.29,329.38,SUP-0150,False,2023-09-23
PRD-01242,Seating Item 01242,Furniture,Seating,PLT,37.51,33.46,61.04,SUP-0199,False,2021-05-15
PRD-01243,Seals Item 01243,Industrial Parts,Seals,PLT,28.43,95.32,140.68,SUP-0145,False,2020-03-02
PRD-01244,Bearings Item 01244,Industrial Parts,Bearings,CS,24.37,175.23,297.21,SUP-0232,False,2022-09-01
PRD-01245,Displays Item 01245,Electronics,Displays,PLT,16.81,206.42,371.23,SUP-0065,True,2021-10-17
PRD-01246,Outerwear Item 01246,Apparel,Outerwear,EA,10.41,72.08,112.09,SUP-0170,False,2021-05-22
PRD-01247,Tape Item 01247,Packaging,Tape,PLT,33.06,65.42,90.51,SUP-0052,False,2020-11-26
PRD-01248,Void Fill Item 01248,Packaging,Void Fill,CS,24.98,221.64,482.35,SUP-0063,False,2023-07-31
PRD-01249,Outerwear Item 01249,Apparel,Outerwear,PLT,22.14,87.5,132.06,SUP-0098,False,2023-10-10
PRD-01250,Bearings Item 01250,Industrial Parts,Bearings,PLT,39.05,172.66,255.91,SUP-0040,False,2021-08-12
PRD-01251,Accessories Item 01251,Apparel,Accessories,EA,3.07,148.89,313.27,SUP-0135,False,2020-12-25
PRD-01252,Void Fill Item 01252,Packaging,Void Fill,CS,10.22,99.19,196.38,SUP-0222,True,2022-02-03
PRD-01253,Tape Item 01253,Packaging,Tape,PLT,16.56,232.29,432.42,SUP-0094,False,2020-10-11
PRD-01254,Accessories Item 01254,Apparel,Accessories,PLT,36.99,30.26,63.96,SUP-0038,False,2022-02-17
PRD-01255,Outerwear Item 01255,Apparel,Outerwear,PLT,0.93,113.09,246.85,SUP-0051,False,2022-11-19
PRD-01256,Void Fill Item 01256,Packaging,Void Fill,EA,15.94,93.91,150.4,SUP-0210,False,2022-08-14
PRD-01257,Footwear Item 01257,Apparel,Footwear,PLT,24.31,243.39,368.34,SUP-0167,False,2022-12-29
PRD-01258,Seating Item 01258,Furniture,Seating,CS,32.49,104.77,165.49,SUP-0237,False,2023-03-21
PRD-01259,Displays Item 01259,Electronics,Displays,CS,27.94,68.46,99.03,SUP-0035,False,2021-10-15
PRD-01260,Boxes Item 01260,Packaging,Boxes,EA,36.96,53.79,99.35,SUP-0229,False,2023-09-02
PRD-01261,Storage Units Item 01261,Furniture,Storage Units,CS,14.95,130.97,177.23,SUP-0167,False,2020-09-22
PRD-01262,Seating Item 01262,Furniture,Seating,CS,6.75,236.08,339.77,SUP-0197,False,2020-04-19
PRD-01263,Cables Item 01263,Electronics,Cables,EA,29.23,99.87,204.74,SUP-0035,False,2023-02-02
PRD-01264,Writing Item 01264,Office Supplies,Writing,PLT,30.39,63.88,115.66,SUP-0126,False,2021-07-04
PRD-01265,Accessories Item 01265,Apparel,Accessories,PLT,38.58,235.03,503.13,SUP-0166,False,2022-09-18
PRD-01266,Accessories Item 01266,Apparel,Accessories,CS,6.32,122.9,267.59,SUP-0179,False,2022-12-25
PRD-01267,Tape Item 01267,Packaging,Tape,PLT,37.03,106.78,169.71,SUP-0187,False,2020-04-06
PRD-01268,Tape Item 01268,Packaging,Tape,CS,4.27,127.04,184.32,SUP-0037,False,2021-08-24
PRD-01269,Adapters Item 01269,Electronics,Adapters,PLT,37.97,63.95,109.56,SUP-0185,True,2021-11-09
PRD-01270,Accessories Item 01270,Apparel,Accessories,CS,11.14,169.06,220.14,SUP-0027,False,2021-05-31
PRD-01271,Adapters Item 01271,Electronics,Adapters,CS,30.11,56.36,79.33,SUP-0116,False,2021-09-20
PRD-01272,Footwear Item 01272,Apparel,Footwear,CS,35.79,242.64,384.47,SUP-0081,False,2020-02-16
PRD-01273,Seating Item 01273,Furniture,Seating,CS,34.82,137.72,216.94,SUP-0229,False,2023-12-26
PRD-01274,Cables Item 01274,Electronics,Cables,CS,37.55,17.72,36.86,SUP-0189,False,2020-11-17
PRD-01275,Adapters Item 01275,Electronics,Adapters,PLT,7.71,200.74,376.56,SUP-0119,False,2022-11-20
PRD-01276,Boxes Item 01276,Packaging,Boxes,EA,33.13,171.86,240.36,SUP-0024,False,2021-08-23
PRD-01277,Fasteners Item 01277,Industrial Parts,Fasteners,CS,14.22,142.5,291.95,SUP-0168,False,2021-04-02
PRD-01278,Void Fill Item 01278,Packaging,Void Fill,EA,2.08,7.74,16.36,SUP-0103,False,2023-08-16
PRD-01279,Outerwear Item 01279,Apparel,Outerwear,CS,27.0,132.31,185.76,SUP-0199,False,2020-02-06
PRD-01280,Displays Item 01280,Electronics,Displays,EA,19.41,225.45,368.75,SUP-0095,False,2022-04-10
PRD-01281,Seating Item 01281,Furniture,Seating,CS,4.73,189.72,318.68,SUP-0084,False,2021-02-13
PRD-01282,Storage Item 01282,Office Supplies,Storage,CS,23.08,159.65,311.45,SUP-0048,False,2023-06-08
PRD-01283,Bearings Item 01283,Industrial Parts,Bearings,EA,4.38,125.18,197.96,SUP-0142,False,2021-05-23
PRD-01284,Fasteners Item 01284,Industrial Parts,Fasteners,PLT,17.2,146.52,265.1,SUP-0020,False,2022-09-30
PRD-01285,Bearings Item 01285,Industrial Parts,Bearings,CS,21.63,175.95,315.41,SUP-0016,False,2023-07-31
PRD-01286,Storage Units Item 01286,Furniture,Storage Units,PLT,6.82,126.94,232.23,SUP-0130,False,2023-06-05
PRD-01287,Storage Units Item 01287,Furniture,Storage Units,EA,35.21,48.86,93.47,SUP-0178,False,2020-07-30
PRD-01288,Tape Item 01288,Packaging,Tape,CS,3.6,75.01,153.39,SUP-0164,False,2023-11-15
PRD-01289,Writing Item 01289,Office Supplies,Writing,EA,33.72,25.2,47.63,SUP-0070,False,2020-08-08
PRD-01290,Fasteners Item 01290,Industrial Parts,Fasteners,CS,9.4,197.93,429.05,SUP-0145,True,2022-06-07
PRD-01291,Paper Goods Item 01291,Office Supplies,Paper Goods,CS,30.53,220.79,442.82,SUP-0161,False,2021-08-21
PRD-01292,Footwear Item 01292,Apparel,Footwear,PLT,30.58,44.7,70.49,SUP-0003,False,2021-04-27
PRD-01293,Storage Units Item 01293,Furniture,Storage Units,EA,27.22,7.47,10.45,SUP-0109,False,2024-01-19
PRD-01294,Desks Item 01294,Furniture,Desks,EA,38.97,39.93,59.02,SUP-0126,False,2020-04-28
PRD-01295,Storage Item 01295,Office Supplies,Storage,PLT,36.77,164.62,311.13,SUP-0138,False,2021-06-16
PRD-01296,Seating Item 01296,Furniture,Seating,CS,15.62,126.91,222.45,SUP-0172,False,2022-02-22
PRD-01297,Writing Item 01297,Office Supplies,Writing,PLT,1.07,200.86,312.28,SUP-0104,False,2022-02-07
PRD-01298,Footwear Item 01298,Apparel,Footwear,CS,32.44,71.52,94.21,SUP-0207,False,2020-09-18
PRD-01299,Footwear Item 01299,Apparel,Footwear,PLT,37.68,193.87,263.1,SUP-0209,False,2020-06-23
PRD-01300,Footwear Item 01300,Apparel,Footwear,EA,16.2,233.06,489.16,SUP-0224,False,2022-06-26
PRD-01301,Cables Item 01301,Electronics,Cables,EA,0.29,228.75,301.14,SUP-0139,False,2023-04-05
PRD-01302,Displays Item 01302,Electronics,Displays,CS,11.21,170.91,309.75,SUP-0150,False,2020-12-26
PRD-01303,Void Fill Item 01303,Packaging,Void Fill,EA,20.05,73.43,158.9,SUP-0132,False,2020-01-15
PRD-01304,Tape Item 01304,Packaging,Tape,PLT,22.04,42.38,59.12,SUP-0119,False,2022-07-15
PRD-01305,Accessories Item 01305,Apparel,Accessories,CS,33.37,105.02,214.11,SUP-0034,False,2023-11-28
PRD-01306,Accessories Item 01306,Apparel,Accessories,EA,1.57,161.23,238.17,SUP-0243,False,2023-10-30
PRD-01307,Boxes Item 01307,Packaging,Boxes,EA,4.53,29.62,45.36,SUP-0237,False,2022-05-07
PRD-01308,Cables Item 01308,Electronics,Cables,EA,13.71,243.6,427.24,SUP-0215,False,2023-01-23
PRD-01309,Storage Units Item 01309,Furniture,Storage Units,CS,26.0,166.09,335.38,SUP-0152,False,2020-11-28
PRD-01310,Accessories Item 01310,Apparel,Accessories,EA,29.49,170.06,266.99,SUP-0227,False,2023-08-04
PRD-01311,Fasteners Item 01311,Industrial Parts,Fasteners,EA,16.65,217.04,354.02,SUP-0062,False,2023-10-07
PRD-01312,Seals Item 01312,Industrial Parts,Seals,PLT,25.13,198.92,427.54,SUP-0237,False,2023-04-18
PRD-01313,Seals Item 01313,Industrial Parts,Seals,PLT,10.44,132.09,245.63,SUP-0006,False,2021-11-13
PRD-01314,Boxes Item 01314,Packaging,Boxes,CS,0.12,134.53,277.61,SUP-0146,False,2021-06-26
PRD-01315,Writing Item 01315,Office Supplies,Writing,PLT,21.01,122.57,164.14,SUP-0159,False,2021-06-19
PRD-01316,Fasteners Item 01316,Industrial Parts,Fasteners,EA,26.42,193.66,364.95,SUP-0165,False,2021-10-02
PRD-01317,Desks Item 01317,Furniture,Desks,EA,39.52,14.55,27.59,SUP-0075,False,2023-12-20
PRD-01318,Paper Goods Item 01318,Office Supplies,Paper Goods,PLT,6.54,66.55,95.77,SUP-0047,False,2022-12-29
PRD-01319,Seating Item 01319,Furniture,Seating,PLT,22.87,30.53,58.54,SUP-0158,False,2023-07-31
PRD-01320,Outerwear Item 01320,Apparel,Outerwear,PLT,7.89,151.06,288.76,SUP-0172,True,2021-05-29
PRD-01321,Seating Item 01321,Furniture,Seating,EA,34.59,226.59,398.3,SUP-0103,False,2021-07-22
PRD-01322,Displays Item 01322,Electronics,Displays,CS,19.18,28.74,44.1,SUP-0186,False,2021-08-11
PRD-01323,Paper Goods Item 01323,Office Supplies,Paper Goods,CS,2.34,72.58,115.22,SUP-0247,False,2023-12-24
PRD-01324,Bearings Item 01324,Industrial Parts,Bearings,PLT,18.44,63.44,119.29,SUP-0075,False,2021-04-28
PRD-01325,Storage Units Item 01325,Furniture,Storage Units,EA,8.36,31.68,46.51,SUP-0086,False,2020-02-26
PRD-01326,Void Fill Item 01326,Packaging,Void Fill,CS,11.18,69.59,152.6,SUP-0086,False,2023-10-17
PRD-01327,Bearings Item 01327,Industrial Parts,Bearings,CS,23.9,115.31,242.19,SUP-0172,False,2020-02-26
PRD-01328,Bearings Item 01328,Industrial Parts,Bearings,PLT,5.14,47.21,92.35,SUP-0009,False,2023-03-12
PRD-01329,Accessories Item 01329,Apparel,Accessories,EA,24.35,174.04,347.94,SUP-0034,False,2021-11-04
PRD-01330,Storage Item 01330,Office Supplies,Storage,EA,10.3,195.71,260.05,SUP-0023,False,2023-05-22
PRD-01331,Boxes Item 01331,Packaging,Boxes,PLT,31.72,4.83,8.41,SUP-0009,False,2021-11-30
PRD-01332,Bearings Item 01332,Industrial Parts,Bearings,EA,11.09,29.99,53.82,SUP-0124,False,2020-11-11
PRD-01333,Bearings Item 01333,Industrial Parts,Bearings,CS,1.6,106.17,141.41,SUP-0033,False,2022-07-10
PRD-01334,Footwear Item 01334,Apparel,Footwear,EA,28.64,197.17,257.02,SUP-0173,False,2020-02-10
PRD-01335,Boxes Item 01335,Packaging,Boxes,PLT,32.12,133.77,233.25,SUP-0010,False,2021-03-15
PRD-01336,Accessories Item 01336,Apparel,Accessories,CS,39.61,231.49,375.78,SUP-0028,False,2020-07-07
PRD-01337,Cables Item 01337,Electronics,Cables,CS,19.24,133.69,265.62,SUP-0095,False,2023-02-05
PRD-01338,Void Fill Item 01338,Packaging,Void Fill,CS,25.6,196.67,257.18,SUP-0182,False,2022-09-17
PRD-01339,Accessories Item 01339,Apparel,Accessories,PLT,27.78,142.7,295.52,SUP-0100,False,2023-04-03
PRD-01340,Tape Item 01340,Packaging,Tape,PLT,31.57,104.65,214.13,SUP-0082,False,2020-07-24
PRD-01341,Paper Goods Item 01341,Office Supplies,Paper Goods,EA,7.76,43.19,79.3,SUP-0098,False,2023-05-05
PRD-01342,Paper Goods Item 01342,Office Supplies,Paper Goods,CS,16.89,100.84,203.51,SUP-0229,False,2024-01-16
PRD-01343,Boxes Item 01343,Packaging,Boxes,EA,27.19,27.52,54.41,SUP-0242,False,2020-04-09
PRD-01344,Writing Item 01344,Office Supplies,Writing,CS,34.66,199.92,302.6,SUP-0074,False,2022-06-12
PRD-01345,Void Fill Item 01345,Packaging,Void Fill,CS,9.28,64.55,119.7,SUP-0181,False,2021-09-30
PRD-01346,Storage Item 01346,Office Supplies,Storage,PLT,34.21,221.57,354.01,SUP-0139,False,2023-01-21
PRD-01347,Bearings Item 01347,Industrial Parts,Bearings,CS,5.47,120.4,200.82,SUP-0150,False,2023-11-27
PRD-01348,Storage Item 01348,Office Supplies,Storage,EA,31.29,54.7,98.18,SUP-0196,False,2020-02-05
PRD-01349,Storage Item 01349,Office Supplies,Storage,PLT,39.69,220.35,402.75,SUP-0205,False,2022-06-06
PRD-01350,Desks Item 01350,Furniture,Desks,EA,31.71,216.13,431.88,SUP-0183,False,2023-09-06
PRD-01351,Adapters Item 01351,Electronics,Adapters,PLT,35.2,160.73,335.65,SUP-0184,False,2022-02-22
PRD-01352,Desks Item 01352,Furniture,Desks,EA,2.61,237.68,427.84,SUP-0137,False,2020-05-15
PRD-01353,Desks Item 01353,Furniture,Desks,CS,29.26,22.24,32.4,SUP-0162,False,2020-01-28
PRD-01354,Writing Item 01354,Office Supplies,Writing,EA,23.98,38.55,77.14,SUP-0005,False,2022-06-14
PRD-01355,Writing Item 01355,Office Supplies,Writing,EA,15.67,199.74,286.62,SUP-0244,False,2023-01-04
PRD-01356,Tape Item 01356,Packaging,Tape,CS,35.29,47.69,103.06,SUP-0241,False,2021-01-14
PRD-01357,Boxes Item 01357,Packaging,Boxes,PLT,23.86,98.08,133.47,SUP-0213,False,2021-08-20
PRD-01358,Displays Item 01358,Electronics,Displays,CS,25.95,102.07,183.17,SUP-0042,True,2023-08-05
PRD-01359,Displays Item 01359,Electronics,Displays,PLT,35.19,7.62,14.64,SUP-0076,False,2021-05-29
PRD-01360,Fasteners Item 01360,Industrial Parts,Fasteners,PLT,25.39,234.46,310.0,SUP-0037,False,2022-01-19
PRD-01361,Outerwear Item 01361,Apparel,Outerwear,PLT,1.49,150.43,301.65,SUP-0194,False,2022-11-21
PRD-01362,Outerwear Item 01362,Apparel,Outerwear,EA,4.83,99.61,150.91,SUP-0140,False,2021-03-30
PRD-01363,Seating Item 01363,Furniture,Seating,CS,31.37,48.8,78.57,SUP-0225,False,2022-12-07
PRD-01364,Storage Item 01364,Office Supplies,Storage,CS,17.74,203.75,307.9,SUP-0212,False,2021-07-06
PRD-01365,Writing Item 01365,Office Supplies,Writing,PLT,10.59,102.59,182.8,SUP-0108,False,2020-10-22
PRD-01366,Storage Units Item 01366,Furniture,Storage Units,PLT,29.9,103.75,135.53,SUP-0019,False,2021-05-31
PRD-01367,Tape Item 01367,Packaging,Tape,PLT,15.23,187.69,303.22,SUP-0240,False,2023-06-05
PRD-01368,Paper Goods Item 01368,Office Supplies,Paper Goods,EA,32.39,240.46,520.03,SUP-0235,True,2020-11-22
PRD-01369,Tape Item 01369,Packaging,Tape,CS,4.73,233.54,318.09,SUP-0035,False,2023-08-03
PRD-01370,Footwear Item 01370,Apparel,Footwear,PLT,28.95,15.22,25.93,SUP-0110,False,2020-08-24
PRD-01371,Adapters Item 01371,Electronics,Adapters,EA,19.02,83.75,136.93,SUP-0242,False,2023-03-01
PRD-01372,Tape Item 01372,Packaging,Tape,EA,9.79,155.38,254.47,SUP-0068,False,2022-11-25
PRD-01373,Tape Item 01373,Packaging,Tape,PLT,12.81,43.52,92.33,SUP-0126,False,2021-12-14
PRD-01374,Storage Units Item 01374,Furniture,Storage Units,CS,2.31,207.2,324.95,SUP-0190,True,2020-04-27
PRD-01375,Storage Item 01375,Office Supplies,Storage,EA,21.32,179.78,325.87,SUP-0156,False,2023-11-15
PRD-01376,Footwear Item 01376,Apparel,Footwear,CS,11.28,187.65,408.91,SUP-0018,False,2020-02-17
PRD-01377,Displays Item 01377,Electronics,Displays,PLT,14.65,46.77,78.82,SUP-0036,False,2020-06-30
PRD-01378,Seating Item 01378,Furniture,Seating,CS,25.71,243.3,507.6,SUP-0036,False,2021-01-04
PRD-01379,Fasteners Item 01379,Industrial Parts,Fasteners,PLT,4.78,4.2,7.53,SUP-0176,False,2022-09-11
PRD-01380,Displays Item 01380,Electronics,Displays,CS,35.59,171.67,269.4,SUP-0054,False,2024-01-01
PRD-01381,Writing Item 01381,Office Supplies,Writing,CS,32.66,99.2,156.04,SUP-0178,False,2022-07-01
PRD-01382,Desks Item 01382,Furniture,Desks,CS,20.98,181.26,359.77,SUP-0008,True,2023-05-25
PRD-01383,Boxes Item 01383,Packaging,Boxes,CS,15.96,85.44,179.32,SUP-0229,False,2020-05-18
PRD-01384,Writing Item 01384,Office Supplies,Writing,PLT,14.45,141.05,189.0,SUP-0227,False,2020-06-15
PRD-01385,Footwear Item 01385,Apparel,Footwear,EA,2.67,152.62,234.78,SUP-0077,False,2021-11-08
PRD-01386,Desks Item 01386,Furniture,Desks,CS,23.27,24.12,51.32,SUP-0129,False,2023-03-26
PRD-01387,Seals Item 01387,Industrial Parts,Seals,EA,1.38,159.86,327.93,SUP-0248,False,2022-04-09
PRD-01388,Desks Item 01388,Furniture,Desks,CS,7.84,197.36,363.7,SUP-0068,False,2021-06-21
PRD-01389,Accessories Item 01389,Apparel,Accessories,CS,12.9,88.07,167.12,SUP-0054,False,2020-10-18
PRD-01390,Footwear Item 01390,Apparel,Footwear,EA,27.54,204.99,272.11,SUP-0232,False,2021-05-18
PRD-01391,Tape Item 01391,Packaging,Tape,PLT,1.03,31.12,43.06,SUP-0052,False,2022-06-15
PRD-01392,Outerwear Item 01392,Apparel,Outerwear,CS,26.5,107.28,191.75,SUP-0096,False,2020-07-16
PRD-01393,Cables Item 01393,Electronics,Cables,PLT,15.53,150.79,271.57,SUP-0115,False,2021-07-19
PRD-01394,Storage Item 01394,Office Supplies,Storage,CS,28.68,121.13,237.08,SUP-0235,False,2022-12-29
PRD-01395,Tape Item 01395,Packaging,Tape,PLT,39.37,203.17,330.82,SUP-0096,False,2023-04-02
PRD-01396,Fasteners Item 01396,Industrial Parts,Fasteners,CS,6.25,211.72,383.4,SUP-0248,False,2022-07-16
PRD-01397,Tape Item 01397,Packaging,Tape,PLT,13.98,240.09,497.93,SUP-0218,False,2022-11-07
PRD-01398,Writing Item 01398,Office Supplies,Writing,CS,26.0,71.89,99.52,SUP-0011,False,2023-01-06
PRD-01399,Adapters Item 01399,Electronics,Adapters,CS,19.86,8.41,15.67,SUP-0174,False,2023-11-14
PRD-01400,Adapters Item 01400,Electronics,Adapters,CS,9.15,236.11,450.56,SUP-0136,False,2020-03-15
PRD-01401,Fasteners Item 01401,Industrial Parts,Fasteners,EA,4.56,113.98,183.62,SUP-0092,False,2022-10-31
PRD-01402,Boxes Item 01402,Packaging,Boxes,PLT,36.58,118.56,203.38,SUP-0041,False,2020-06-10
PRD-01403,Writing Item 01403,Office Supplies,Writing,PLT,27.16,82.69,150.54,SUP-0216,False,2020-11-15
PRD-01404,Seals Item 01404,Industrial Parts,Seals,CS,6.54,32.9,51.75,SUP-0070,False,2020-09-13
PRD-01405,Fasteners Item 01405,Industrial Parts,Fasteners,CS,39.9,41.72,72.54,SUP-0225,False,2022-05-15
PRD-01406,Footwear Item 01406,Apparel,Footwear,EA,4.04,107.9,179.2,SUP-0185,False,2024-01-15
PRD-01407,Displays Item 01407,Electronics,Displays,PLT,30.18,187.02,354.06,SUP-0152,False,2020-06-24
PRD-01408,Storage Item 01408,Office Supplies,Storage,CS,19.49,66.11,94.64,SUP-0099,False,2022-04-28
PRD-01409,Paper Goods Item 01409,Office Supplies,Paper Goods,CS,38.5,125.76,214.07,SUP-0041,False,2020-02-10
PRD-01410,Displays Item 01410,Electronics,Displays,PLT,16.69,157.21,239.11,SUP-0059,False,2023-01-22
PRD-01411,Footwear Item 01411,Apparel,Footwear,CS,0.3,35.45,69.82,SUP-0028,False,2023-12-18
PRD-01412,Seating Item 01412,Furniture,Seating,PLT,39.11,42.22,67.34,SUP-0019,False,2021-05-15
PRD-01413,Fasteners Item 01413,Industrial Parts,Fasteners,PLT,31.01,206.79,414.31,SUP-0249,False,2023-10-25
PRD-01414,Adapters Item 01414,Electronics,Adapters,PLT,36.38,150.1,210.8,SUP-0061,False,2021-04-02
PRD-01415,Storage Item 01415,Office Supplies,Storage,CS,11.85,197.36,344.25,SUP-0240,True,2023-02-17
PRD-01416,Storage Item 01416,Office Supplies,Storage,CS,18.86,149.26,243.0,SUP-0100,False,2022-07-25
PRD-01417,Paper Goods Item 01417,Office Supplies,Paper Goods,CS,31.13,87.03,177.79,SUP-0176,False,2021-06-21
PRD-01418,Boxes Item 01418,Packaging,Boxes,PLT,17.22,99.2,216.88,SUP-0109,False,2020-06-18
PRD-01419,Storage Item 01419,Office Supplies,Storage,EA,18.82,39.4,81.46,SUP-0178,False,2021-03-29
PRD-01420,Seating Item 01420,Furniture,Seating,EA,36.87,189.7,352.69,SUP-0176,True,2022-06-20
PRD-01421,Accessories Item 01421,Apparel,Accessories,CS,37.04,13.51,29.11,SUP-0079,False,2021-11-01
PRD-01422,Fasteners Item 01422,Industrial Parts,Fasteners,EA,4.14,123.01,256.51,SUP-0018,False,2022-04-20
PRD-01423,Paper Goods Item 01423,Office Supplies,Paper Goods,EA,28.15,102.5,140.86,SUP-0216,False,2022-03-08
PRD-01424,Seals Item 01424,Industrial Parts,Seals,EA,26.11,233.64,323.67,SUP-0073,False,2023-03-28
PRD-01425,Cables Item 01425,Electronics,Cables,CS,18.64,143.36,295.24,SUP-0004,False,2022-04-19
PRD-01426,Seals Item 01426,Industrial Parts,Seals,CS,22.43,58.25,89.04,SUP-0228,False,2022-05-07
PRD-01427,Storage Item 01427,Office Supplies,Storage,PLT,31.08,221.96,307.63,SUP-0084,False,2020-08-02
PRD-01428,Writing Item 01428,Office Supplies,Writing,EA,18.82,170.19,302.45,SUP-0117,False,2022-02-19
PRD-01429,Boxes Item 01429,Packaging,Boxes,EA,1.93,151.09,247.88,SUP-0156,False,2021-07-16
PRD-01430,Boxes Item 01430,Packaging,Boxes,PLT,21.95,106.34,193.61,SUP-0161,False,2021-04-13
PRD-01431,Seating Item 01431,Furniture,Seating,CS,25.23,209.36,380.9,SUP-0050,False,2021-04-01
PRD-01432,Storage Units Item 01432,Furniture,Storage Units,PLT,31.08,7.64,13.42,SUP-0173,False,2021-06-04
PRD-01433,Storage Item 01433,Office Supplies,Storage,PLT,25.97,79.03,145.83,SUP-0245,False,2023-01-13
PRD-01434,Paper Goods Item 01434,Office Supplies,Paper Goods,CS,20.53,158.4,314.7,SUP-0009,False,2021-01-28
PRD-01435,Seals Item 01435,Industrial Parts,Seals,EA,35.55,191.73,263.77,SUP-0192,False,2020-08-02
PRD-01436,Desks Item 01436,Furniture,Desks,CS,39.95,55.89,81.44,SUP-0037,False,2021-05-18
PRD-01437,Desks Item 01437,Furniture,Desks,PLT,37.12,105.88,183.22,SUP-0123,False,2023-07-26
PRD-01438,Desks Item 01438,Furniture,Desks,PLT,0.57,61.45,114.7,SUP-0103,False,2023-06-21
PRD-01439,Cables Item 01439,Electronics,Cables,EA,22.62,185.86,386.03,SUP-0167,False,2023-12-04
PRD-01440,Outerwear Item 01440,Apparel,Outerwear,CS,21.03,166.23,285.5,SUP-0193,False,2022-11-30
PRD-01441,Footwear Item 01441,Apparel,Footwear,CS,25.86,33.41,53.72,SUP-0175,False,2020-03-19
PRD-01442,Writing Item 01442,Office Supplies,Writing,PLT,22.46,215.33,357.77,SUP-0111,False,2023-01-10
PRD-01443,Seals Item 01443,Industrial Parts,Seals,CS,22.77,15.67,23.24,SUP-0009,False,2023-11-28
PRD-01444,Footwear Item 01444,Apparel,Footwear,EA,27.56,111.27,228.16,SUP-0067,False,2022-01-14
PRD-01445,Footwear Item 01445,Apparel,Footwear,PLT,22.25,114.72,177.99,SUP-0193,False,2021-02-13
PRD-01446,Tape Item 01446,Packaging,Tape,EA,37.94,141.64,274.07,SUP-0099,False,2021-03-24
PRD-01447,Fasteners Item 01447,Industrial Parts,Fasteners,PLT,9.93,136.59,220.33,SUP-0132,False,2021-05-09
PRD-01448,Writing Item 01448,Office Supplies,Writing,PLT,21.33,167.51,238.49,SUP-0148,False,2020-11-02
PRD-01449,Footwear Item 01449,Apparel,Footwear,CS,1.06,243.4,376.38,SUP-0219,False,2021-07-29
PRD-01450,Seating Item 01450,Furniture,Seating,EA,24.85,51.93,93.5,SUP-0148,False,2020-12-04
PRD-01451,Seating Item 01451,Furniture,Seating,PLT,14.63,6.8,14.81,SUP-0021,False,2023-08-26
PRD-01452,Footwear Item 01452,Apparel,Footwear,EA,38.65,180.4,292.61,SUP-0236,False,2024-02-07
PRD-01453,Void Fill Item 01453,Packaging,Void Fill,PLT,20.46,64.54,139.46,SUP-0161,False,2022-06-22
PRD-01454,Bearings Item 01454,Industrial Parts,Bearings,PLT,23.64,221.43,304.22,SUP-0038,False,2020-08-29
PRD-01455,Boxes Item 01455,Packaging,Boxes,CS,27.65,244.28,457.51,SUP-0053,False,2020-11-22
PRD-01456,Storage Item 01456,Office Supplies,Storage,CS,22.84,157.13,230.6,SUP-0116,False,2022-12-20
PRD-01457,Adapters Item 01457,Electronics,Adapters,EA,32.31,110.19,160.69,SUP-0063,False,2023-05-22
PRD-01458,Desks Item 01458,Furniture,Desks,CS,5.54,77.68,165.05,SUP-0211,True,2022-07-30
PRD-01459,Footwear Item 01459,Apparel,Footwear,PLT,20.38,23.28,32.0,SUP-0143,False,2020-06-11
PRD-01460,Writing Item 01460,Office Supplies,Writing,CS,38.49,160.48,279.95,SUP-0021,False,2023-10-07
PRD-01461,Seals Item 01461,Industrial Parts,Seals,EA,3.59,60.48,132.3,SUP-0177,False,2021-02-19
PRD-01462,Bearings Item 01462,Industrial Parts,Bearings,CS,11.04,150.25,286.53,SUP-0224,False,2022-11-13
PRD-01463,Boxes Item 01463,Packaging,Boxes,EA,25.19,229.96,320.28,SUP-0029,False,2020-04-13
PRD-01464,Displays Item 01464,Electronics,Displays,CS,20.89,160.62,306.32,SUP-0156,False,2022-10-09
PRD-01465,Boxes Item 01465,Packaging,Boxes,PLT,22.29,157.09,238.96,SUP-0163,False,2021-04-26
PRD-01466,Cables Item 01466,Electronics,Cables,CS,26.2,31.86,53.4,SUP-0066,False,2022-12-13
PRD-01467,Adapters Item 01467,Electronics,Adapters,EA,4.84,37.93,51.82,SUP-0170,False,2020-11-29
PRD-01468,Displays Item 01468,Electronics,Displays,EA,32.4,206.53,427.25,SUP-0004,False,2021-05-04
PRD-01469,Storage Units Item 01469,Furniture,Storage Units,PLT,3.94,35.97,76.33,SUP-0181,False,2023-11-19
PRD-01470,Fasteners Item 01470,Industrial Parts,Fasteners,CS,13.87,46.98,91.82,SUP-0137,False,2022-03-22
PRD-01471,Outerwear Item 01471,Apparel,Outerwear,PLT,7.35,173.21,372.3,SUP-0098,False,2020-08-20
PRD-01472,Tape Item 01472,Packaging,Tape,PLT,37.72,92.87,178.81,SUP-0219,False,2022-08-07
PRD-01473,Paper Goods Item 01473,Office Supplies,Paper Goods,EA,2.89,110.57,202.98,SUP-0003,False,2020-02-18
PRD-01474,Storage Item 01474,Office Supplies,Storage,PLT,29.74,237.53,476.54,SUP-0037,False,2022-11-17
PRD-01475,Adapters Item 01475,Electronics,Adapters,CS,31.57,237.42,515.63,SUP-0165,False,2022-12-26
PRD-01476,Paper Goods Item 01476,Office Supplies,Paper Goods,CS,22.87,8.04,16.3,SUP-0158,False,2022-07-04
PRD-01477,Accessories Item 01477,Apparel,Accessories,PLT,4.08,38.22,79.39,SUP-0223,False,2022-02-01
PRD-01478,Fasteners Item 01478,Industrial Parts,Fasteners,CS,18.33,51.65,106.64,SUP-0222,False,2023-04-16
PRD-01479,Void Fill Item 01479,Packaging,Void Fill,CS,17.05,214.5,288.13,SUP-0205,False,2022-03-21
PRD-01480,Bearings Item 01480,Industrial Parts,Bearings,CS,10.6,190.36,390.48,SUP-0132,False,2020-04-24
PRD-01481,Storage Item 01481,Office Supplies,Storage,CS,34.84,248.95,386.12,SUP-0231,False,2022-01-23
PRD-01482,Desks Item 01482,Furniture,Desks,CS,4.42,101.72,186.31,SUP-0062,False,2022-11-16
PRD-01483,Adapters Item 01483,Electronics,Adapters,EA,38.32,144.18,225.05,SUP-0007,False,2023-09-20
PRD-01484,Adapters Item 01484,Electronics,Adapters,PLT,3.86,216.08,310.51,SUP-0015,False,2021-11-02
PRD-01485,Seals Item 01485,Industrial Parts,Seals,PLT,15.34,16.39,28.17,SUP-0137,False,2020-04-12
PRD-01486,Cables Item 01486,Electronics,Cables,EA,4.66,18.07,39.39,SUP-0002,False,2021-02-23
PRD-01487,Paper Goods Item 01487,Office Supplies,Paper Goods,CS,31.6,189.28,350.42,SUP-0231,False,2022-01-21
PRD-01488,Fasteners Item 01488,Industrial Parts,Fasteners,PLT,0.12,200.03,347.86,SUP-0060,False,2021-01-31
PRD-01489,Void Fill Item 01489,Packaging,Void Fill,EA,39.53,3.97,6.88,SUP-0182,False,2021-04-06
PRD-01490,Void Fill Item 01490,Packaging,Void Fill,PLT,10.07,61.58,113.71,SUP-0185,False,2023-11-10
PRD-01491,Writing Item 01491,Office Supplies,Writing,CS,3.12,248.35,454.67,SUP-0044,True,2021-10-17
PRD-01492,Writing Item 01492,Office Supplies,Writing,CS,20.44,165.56,272.41,SUP-0032,False,2022-05-14
PRD-01493,Accessories Item 01493,Apparel,Accessories,EA,35.77,198.6,407.97,SUP-0166,False,2020-12-25
PRD-01494,Storage Units Item 01494,Furniture,Storage Units,PLT,0.86,81.59,150.42,SUP-0158,False,2021-10-19
PRD-01495,Adapters Item 01495,Electronics,Adapters,PLT,35.31,20.97,27.97,SUP-0061,False,2023-10-28
PRD-01496,Storage Item 01496,Office Supplies,Storage,CS,10.04,133.69,252.24,SUP-0099,False,2022-11-06
PRD-01497,Desks Item 01497,Furniture,Desks,EA,21.81,186.61,373.2,SUP-0180,False,2021-09-08
PRD-01498,Cables Item 01498,Electronics,Cables,CS,32.59,173.95,254.48,SUP-0189,False,2022-02-14
PRD-01499,Outerwear Item 01499,Apparel,Outerwear,EA,8.62,130.2,213.27,SUP-0159,False,2022-10-11
PRD-01500,Desks Item 01500,Furniture,Desks,EA,1.45,31.97,42.85,SUP-0137,False,2020-10-14
