order_id,order_date,region,category,revenue,cogs
ORD-10000,2025-12-11,APAC,Electronics,199.78,117.49
ORD-10001,2025-11-08,EU,Home,476.34,273.85
ORD-10002,2025-11-02,EU,Apparel,371.36,125.63
ORD-10003,2025-12-18,EU,Electronics,307.36,205.63
ORD-10004,2025-11-18,NA,Electronics,94.89,50.04
ORD-10005,2025-11-16,EU,Toys,94.88,42.27
ORD-10006,2025-11-15,NA,Home,47.88,28.85
ORD-10007,2025-11-09,LATAM,Toys,435.76,175.59
ORD-10008,2025-12-18,EU,Apparel,308.54,178.15
ORD-10009,2025-11-07,EU,Apparel,359.87,113.68
ORD-10010,2025-12-14,EU,Home,29.88,19.0
ORD-10011,2025-12-18,NA,Electronics,485.56,232.71
ORD-10012,2025-12-28,NA,Apparel,419.57,232.73
ORD-10013,2025-12-05,EU,Electronics,121.92,47.37
ORD-10014,2025-11-06,NA,Apparel,107.28,61.24
ORD-10015,2025-12-08,EU,Home,108.03,65.78
ORD-10016,2025-11-28,NA,Toys,166.04,81.24
ORD-10017,2025-11-03,EU,Apparel,271.88,148.74
ORD-10018,2025-11-02,NA,Electronics,227.33,109.69
ORD-10019,2025-11-06,EU,Apparel,159.79,105.08
ORD-10020,2025-11-14,EU,Electronics,313.69,156.58
ORD-10021,2025-11-15,NA,Toys,86.96,55.37
ORD-10022,2025-12-03,EU,Home,160.23,99.43
ORD-10023,2025-12-09,NA,Apparel,195.85,90.91
ORD-10024,2025-11-02,APAC,Toys,238.91,93.66
ORD-10025,2025-12-06,NA,Home,396.88,183.53
ORD-10026,2025-11-13,APAC,Electronics,115.84,73.04
ORD-10027,2025-12-16,NA,Home,266.83,104.34
ORD-10028,2025-12-12,NA,Toys,304.36,155.15
ORD-10029,2025-12-15,NA,Electronics,42.3,26.33
ORD-10030,2025-12-05,EU,Apparel,311.62,137.55
ORD-10031,2025-11-27,NA,Electronics,101.85,56.72
ORD-10032,2025-11-15,NA,Toys,51.22,20.4
ORD-10033,2025-11-29,NA,Home,475.47,163.42
ORD-10034,2025-12-08,NA,Electronics,483.5,298.68
ORD-10035,2025-11-18,EU,Apparel,408.03,138.56
ORD-10036,2025-12-22,NA,Electronics,166.21,67.91
ORD-10037,2025-12-26,NA,Toys,66.88,42.94
ORD-10038,2025-11-01,LATAM,Home,348.43,152.82
ORD-10039,2025-12-19,NA,Toys,231.27,159.4
ORD-10040,2025-12-22,APAC,Toys,78.58,54.37
ORD-10041,2025-11-11,NA,Electronics,257.68,104.96
ORD-10042,2025-12-15,EU,Home,36.51,11.55
ORD-10043,2025-11-28,LATAM,Electronics,456.47,265.68
ORD-10044,2025-11-22,APAC,Electronics,144.21,69.28
ORD-10045,2025-11-18,EU,Apparel,338.01,115.03
ORD-10046,2025-11-10,APAC,Toys,169.62,98.89
ORD-10047,2025-11-14,APAC,Toys,269.63,84.25
ORD-10048,2025-12-19,NA,Home,282.42,183.03
ORD-10049,2025-11-22,EU,Home,108.73,38.65
ORD-10050,2025-11-07,EU,Toys,485.4,170.34
ORD-10051,2025-11-06,NA,Home,392.06,145.17
ORD-10052,2025-11-25,EU,Toys,470.96,322.19
ORD-10053,2025-11-07,NA,Electronics,449.52,259.49
ORD-10054,2025-11-23,APAC,Electronics,306.99,190.5
ORD-10055,2025-12-25,EU,Toys,462.5,212.31
ORD-10056,2025-11-23,EU,Electronics,62.48,27.15
ORD-10057,2025-12-09,EU,Electronics,114.07,44.92
ORD-10058,2025-11-17,NA,Home,41.71,20.53
ORD-10059,2025-12-22,NA,Toys,176.16,91.73
ORD-10060,2025-11-03,EU,Toys,206.57,114.17
ORD-10061,2025-12-17,LATAM,Toys,150.25,60.53
ORD-10062,2025-11-30,NA,Apparel,417.79,283.87
ORD-10063,2025-12-05,NA,Apparel,191.24,70.36
ORD-10064,2025-11-08,NA,Apparel,154.85,106.27
ORD-10065,2025-12-30,APAC,Electronics,280.49,85.81
ORD-10066,2025-11-25,LATAM,Home,87.64,43.16
ORD-10067,2025-11-06,NA,Toys,405.05,175.53
ORD-10068,2025-12-06,EU,Apparel,55.78,26.75
ORD-10069,2025-11-19,EU,Home,493.71,260.81
ORD-10070,2025-12-24,NA,Toys,390.68,185.27
ORD-10071,2025-12-11,APAC,Toys,115.38,53.76
ORD-10072,2025-12-10,NA,Toys,22.65,13.43
ORD-10073,2025-12-27,EU,Toys,411.42,236.3
ORD-10074,2025-12-26,EU,Home,359.29,227.54
ORD-10075,2025-11-24,APAC,Apparel,369.92,147.96
ORD-10076,2025-12-07,APAC,Apparel,390.21,212.2
ORD-10077,2025-11-13,NA,Electronics,55.54,29.66
ORD-10078,2025-12-16,NA,Home,192.06,86.02
ORD-10079,2025-11-05,EU,Apparel,75.62,37.39
ORD-10080,2025-11-03,NA,Apparel,434.29,184.8
ORD-10081,2025-12-13,NA,Electronics,319.18,113.86
ORD-10082,2025-11-15,APAC,Toys,178.83,68.94
ORD-10083,2025-12-20,NA,Electronics,50.51,17.28
ORD-10084,2025-11-19,EU,Apparel,169.27,97.03
ORD-10085,2025-11-06,EU,Apparel,176.09,99.37
ORD-10086,2025-12-25,APAC,Toys,370.21,251.83
ORD-10087,2025-11-15,NA,Toys,326.03,192.97
ORD-10088,2025-12-26,NA,Toys,445.86,143.04
ORD-10089,2025-11-07,NA,Toys,246.66,161.24
ORD-10090,2025-11-25,NA,Home,77.41,49.93
ORD-10091,2025-11-18,NA,Toys,362.36,172.96
ORD-10092,2025-11-30,NA,Electronics,385.18,205.82
ORD-10093,2025-12-11,EU,Home,289.41,199.82
ORD-10094,2025-12-24,NA,Home,390.06,200.07
ORD-10095,2025-11-24,EU,Apparel,257.02,170.18
ORD-10096,2025-11-11,APAC,Home,270.91,90.27
ORD-10097,2025-11-24,NA,Home,225.22,84.78
ORD-10098,2025-11-23,EU,Home,32.2,15.34
ORD-10099,2025-11-14,LATAM,Apparel,71.79,38.33
ORD-10100,2025-12-13,EU,Home,35.09,21.98
ORD-10101,2025-11-18,NA,Electronics,325.48,226.31
ORD-10102,2025-12-15,NA,Apparel,170.89,77.85
ORD-10103,2025-12-30,APAC,Apparel,264.11,84.24
ORD-10104,2025-12-14,EU,Electronics,455.63,282.7
ORD-10105,2025-12-12,LATAM,Toys,139.66,75.66
ORD-10106,2025-11-05,APAC,Apparel,216.98,82.33
ORD-10107,2025-12-09,NA,Apparel,382.66,190.54
ORD-10108,2025-12-11,NA,Electronics,129.82,77.49
ORD-10109,2025-11-11,NA,Electronics,56.95,34.63
ORD-10110,2025-12-05,NA,Electronics,159.08,79.52
ORD-10111,2025-12-17,APAC,Home,97.39,41.11
ORD-10112,2025-11-16,EU,Home,466.25,321.48
ORD-10113,2025-11-11,NA,Apparel,407.9,230.6
ORD-10114,2025-11-30,NA,Toys,324.03,150.12
ORD-10115,2025-11-25,APAC,Toys,438.3,180.66
ORD-10116,2025-11-18,NA,Toys,405.76,240.39
ORD-10117,2025-12-30,NA,Home,109.55,43.48
ORD-10118,2025-12-11,NA,Home,448.43,165.33
ORD-10119,2025-12-15,EU,Electronics,278.88,142.77
ORD-10120,2025-12-06,APAC,Toys,407.57,169.55
ORD-10121,2025-11-15,NA,Apparel,450.12,248.27
ORD-10122,2025-12-14,NA,Home,172.64,59.94
ORD-10123,2025-11-21,NA,Toys,72.82,40.92
ORD-10124,2025-12-24,EU,Home,129.41,53.49
ORD-10125,2025-12-20,NA,Home,225.01,67.52
ORD-10126,2025-12-20,APAC,Home,412.65,144.75
ORD-10127,2025-11-04,NA,Home,433.15,291.7
ORD-10128,2025-11-15,EU,Electronics,23.34,15.1
ORD-10129,2025-12-23,APAC,Apparel,265.16,104.33
ORD-10130,2025-11-03,NA,Electronics,220.36,134.72
ORD-10131,2025-12-22,EU,Toys,126.61,68.8
ORD-10132,2025-11-21,LATAM,Electronics,77.54,53.38
ORD-10133,2025-11-26,EU,Toys,182.06,81.83
ORD-10134,2025-11-18,NA,Toys,472.6,270.6
ORD-10135,2025-11-05,EU,Home,175.14,56.99
ORD-10136,2025-11-14,LATAM,Home,269.02,123.35
ORD-10137,2025-12-29,EU,Electronics,357.45,245.04
ORD-10138,2025-12-31,NA,Apparel,194.54,100.3
ORD-10139,2025-12-07,EU,Home,486.46,201.95
ORD-10140,2025-12-27,EU,Toys,481.97,167.78
ORD-10141,2025-12-16,EU,Electronics,140.86,81.9
ORD-10142,2025-11-21,EU,Toys,258.68,144.33
ORD-10143,2025-11-14,EU,Toys,164.42,73.92
ORD-10144,2025-12-12,EU,Home,156.72,106.63
ORD-10145,2025-12-02,NA,Electronics,37.71,11.65
ORD-10146,2025-11-26,NA,Electronics,312.59,131.75
ORD-10147,2025-12-27,EU,Electronics,261.29,174.65
ORD-10148,2025-12-29,APAC,Home,44.71,19.15
ORD-10149,2025-12-12,EU,Electronics,153.75,61.64
ORD-10150,2025-11-30,NA,Toys,455.97,234.23
ORD-10151,2025-11-10,NA,Electronics,134.99,84.98
ORD-10152,2025-11-17,NA,Home,89.55,30.56
ORD-10153,2025-11-09,NA,Toys,254.94,172.65
ORD-10154,2025-11-16,APAC,Electronics,493.11,304.76
ORD-10155,2025-12-18,APAC,Electronics,136.19,50.73
ORD-10156,2025-12-06,NA,Toys,342.63,200.37
ORD-10157,2025-12-05,EU,Toys,385.58,175.05
ORD-10158,2025-11-17,NA,Toys,134.07,61.8
ORD-10159,2025-12-18,LATAM,Toys,369.54,226.64
ORD-10160,2025-12-08,LATAM,Toys,196.54,134.65
ORD-10161,2025-11-28,EU,Apparel,323.51,113.44
ORD-10162,2025-12-28,NA,Toys,324.09,151.76
ORD-10163,2025-12-08,EU,Electronics,277.17,136.47
ORD-10164,2025-11-26,NA,Electronics,63.34,28.54
ORD-10165,2025-11-24,NA,Electronics,420.95,187.44
ORD-10166,2025-11-15,NA,Home,173.97,55.83
ORD-10167,2025-11-09,NA,Toys,109.53,62.89
ORD-10168,2025-12-03,EU,Apparel,39.57,18.78
ORD-10169,2025-12-02,EU,Home,303.63,114.75
ORD-10170,2025-11-06,NA,Toys,345.23,216.26
ORD-10171,2025-12-19,NA,Home,27.96,17.36
ORD-10172,2025-11-04,APAC,Electronics,265.8,131.45
ORD-10173,2025-12-26,NA,Toys,128.72,53.98
ORD-10174,2025-11-08,NA,Home,329.68,183.05
ORD-10175,2025-11-10,NA,Apparel,103.7,43.06
ORD-10176,2025-12-11,EU,Home,351.65,138.69
ORD-10177,2025-11-11,NA,Apparel,205.63,121.78
ORD-10178,2025-12-21,APAC,Apparel,469.63,148.46
ORD-10179,2025-12-14,LATAM,Apparel,86.01,29.06
ORD-10180,2025-11-28,APAC,Toys,183.71,55.61
ORD-10181,2025-12-09,EU,Toys,74.47,26.9
ORD-10182,2025-11-05,NA,Apparel,463.85,151.96
ORD-10183,2025-11-25,APAC,Home,441.12,308.04
ORD-10184,2025-11-25,APAC,Home,143.81,59.76
ORD-10185,2025-12-09,EU,Apparel,336.79,121.15
ORD-10186,2025-11-30,APAC,Home,412.27,163.42
ORD-10187,2025-12-04,NA,Apparel,286.5,193.23
ORD-10188,2025-11-17,NA,Home,274.23,139.33
ORD-10189,2025-12-06,EU,Electronics,136.09,60.69
ORD-10190,2025-12-26,EU,Home,64.69,42.01
ORD-10191,2025-12-31,NA,Electronics,450.66,206.4
ORD-10192,2025-11-01,EU,Toys,452.2,196.26
ORD-10193,2025-12-14,NA,Apparel,323.89,124.02
ORD-10194,2025-12-17,NA,Electronics,182.73,82.43
ORD-10195,2025-11-08,NA,Apparel,187.62,80.05
ORD-10196,2025-12-14,EU,Toys,368.46,210.36
ORD-10197,2025-12-27,NA,Apparel,450.61,187.38
ORD-10198,2025-12-05,NA,Home,445.8,236.67
ORD-10199,2025-12-19,NA,Toys,394.34,128.7
ORD-10200,2025-11-18,APAC,Apparel,328.18,123.56
ORD-10201,2025-12-20,APAC,Home,60.39,27.96
ORD-10202,2025-12-12,NA,Apparel,97.58,65.85
ORD-10203,2025-11-22,NA,Home,451.31,203.5
ORD-10204,2025-11-08,EU,Electronics,311.09,175.96
ORD-10205,2025-11-19,NA,Electronics,24.41,9.81
ORD-10206,2025-11-28,NA,Toys,68.71,24.1
ORD-10207,2025-11-11,APAC,Toys,338.48,109.47
ORD-10208,2025-11-30,LATAM,Toys,22.43,9.47
ORD-10209,2025-11-01,EU,Home,97.19,35.29
ORD-10210,2025-12-17,APAC,Apparel,283.39,104.74
ORD-10211,2025-12-27,NA,Electronics,352.11,212.78
ORD-10212,2025-12-17,APAC,Toys,332.94,101.99
ORD-10213,2025-11-17,LATAM,Apparel,127.65,66.78
ORD-10214,2025-12-03,NA,Electronics,361.85,163.48
ORD-10215,2025-12-19,APAC,Electronics,133.88,67.29
ORD-10216,2025-11-12,NA,Toys,176.19,92.52
ORD-10217,2025-12-03,EU,Electronics,378.32,160.92
ORD-10218,2025-12-29,NA,Toys,331.82,138.72
ORD-10219,2025-11-07,APAC,Toys,427.63,253.74
ORD-10220,2025-12-26,APAC,Electronics,335.65,217.67
ORD-10221,2025-12-11,APAC,Home,292.79,110.39
ORD-10222,2025-11-20,NA,Apparel,64.96,22.02
ORD-10223,2025-12-24,APAC,Electronics,196.5,129.52
ORD-10224,2025-12-11,NA,Home,147.3,64.81
ORD-10225,2025-12-03,APAC,Electronics,137.12,71.37
ORD-10226,2025-12-09,EU,Toys,487.05,216.16
ORD-10227,2025-11-13,APAC,Toys,208.69,73.11
ORD-10228,2025-11-10,NA,Electronics,448.18,240.1
ORD-10229,2025-11-24,EU,Electronics,322.95,164.72
ORD-10230,2025-12-19,APAC,Apparel,401.51,153.05
ORD-10231,2025-11-11,EU,Home,261.27,125.6
ORD-10232,2025-12-05,LATAM,Toys,296.91,183.72
ORD-10233,2025-12-20,EU,Apparel,256.41,137.48
ORD-10234,2025-12-30,EU,Toys,113.72,38.52
ORD-10235,2025-12-04,NA,Toys,366.78,190.44
ORD-10236,2025-12-29,NA,Apparel,154.77,89.94
ORD-10237,2025-11-01,EU,Electronics,31.67,19.54
ORD-10238,2025-12-09,NA,Home,329.83,181.95
ORD-10239,2025-11-21,LATAM,Apparel,105.01,37.92
ORD-10240,2025-12-02,EU,Electronics,471.42,275.34
ORD-10241,2025-11-02,NA,Apparel,477.89,272.84
ORD-10242,2025-11-08,EU,Electronics,459.13,142.23
ORD-10243,2025-12-30,NA,Electronics,197.68,91.86
ORD-10244,2025-11-24,APAC,Electronics,27.42,11.88
ORD-10245,2025-12-27,APAC,Home,465.59,264.35
ORD-10246,2025-12-24,NA,Apparel,225.53,87.16
ORD-10247,2025-12-22,NA,Toys,483.99,259.59
ORD-10248,2025-11-20,EU,Electronics,482.54,321.03
ORD-10249,2025-11-16,NA,Electronics,429.44,265.88
ORD-10250,2025-11-04,NA,Home,161.34,107.87
ORD-10251,2025-11-16,NA,Home,204.85,141.63
ORD-10252,2025-12-27,NA,Electronics,428.55,130.39
ORD-10253,2025-12-07,APAC,Toys,172.12,94.51
ORD-10254,2025-12-31,NA,Electronics,101.36,47.15
ORD-10255,2025-11-06,NA,Home,287.26,184.98
ORD-10256,2025-11-06,APAC,Apparel,469.35,188.08
ORD-10257,2025-12-17,EU,Home,354.09,245.18
ORD-10258,2025-12-02,EU,Home,293.63,160.17
ORD-10259,2025-12-23,NA,Electronics,66.64,41.14
ORD-10260,2025-11-05,NA,Toys,315.2,105.35
ORD-10261,2025-12-19,NA,Apparel,495.23,184.91
ORD-10262,2025-12-05,NA,Electronics,87.24,52.64
ORD-10263,2025-12-20,EU,Electronics,268.8,83.0
ORD-10264,2025-11-09,LATAM,Electronics,441.14,276.49
ORD-10265,2025-11-09,LATAM,Apparel,375.57,114.77
ORD-10266,2025-12-13,EU,Home,354.57,199.57
ORD-10267,2025-12-01,NA,Toys,357.19,159.32
ORD-10268,2025-12-31,EU,Toys,192.56,104.87
ORD-10269,2025-12-06,APAC,Electronics,160.92,93.08
ORD-10270,2025-11-11,APAC,Electronics,408.49,178.51
ORD-10271,2025-11-17,NA,Home,408.85,140.31
ORD-10272,2025-12-04,NA,Home,436.19,143.01
ORD-10273,2025-12-26,LATAM,Electronics,458.36,245.49
ORD-10274,2025-12-09,APAC,Home,265.44,134.91
ORD-10275,2025-11-28,APAC,Toys,260.73,155.62
ORD-10276,2025-11-14,APAC,Toys,403.18,203.16
ORD-10277,2025-12-30,EU,Home,331.98,155.69
ORD-10278,2025-12-05,NA,Apparel,356.94,163.92
ORD-10279,2025-12-19,EU,Home,401.98,124.85
ORD-10280,2025-12-17,NA,Apparel,447.2,194.18
ORD-10281,2025-12-15,NA,Home,182.24,125.82
ORD-10282,2025-11-13,APAC,Home,200.28,130.07
ORD-10283,2025-12-16,EU,Home,65.11,28.11
ORD-10284,2025-11-20,EU,Apparel,297.57,159.24
ORD-10285,2025-11-26,NA,Toys,37.25,23.8
ORD-10286,2025-12-13,EU,Apparel,243.49,116.03
ORD-10287,2025-12-12,NA,Toys,280.47,86.16
ORD-10288,2025-11-24,NA,Electronics,157.54,51.96
ORD-10289,2025-11-29,NA,Home,303.6,153.06
ORD-10290,2025-12-28,APAC,Apparel,34.64,23.82
ORD-10291,2025-12-04,NA,Electronics,37.93,21.9
ORD-10292,2025-11-29,APAC,Home,414.85,136.22
ORD-10293,2025-11-08,LATAM,Electronics,192.89,72.48
ORD-10294,2025-11-16,EU,Toys,80.99,49.28
ORD-10295,2025-11-15,NA,Toys,270.68,172.31
ORD-10296,2025-11-05,NA,Toys,389.6,213.14
ORD-10297,2025-11-22,NA,Apparel,123.59,68.93
ORD-10298,2025-11-02,NA,Electronics,318.99,99.31
ORD-10299,2025-12-08,NA,Toys,60.97,38.5
ORD-10300,2025-12-06,NA,Electronics,44.81,27.57
ORD-10301,2025-11-15,EU,Apparel,275.05,111.01
ORD-10302,2025-12-08,NA,Home,279.5,163.08
ORD-10303,2025-11-15,NA,Home,325.97,125.81
ORD-10304,2025-11-01,NA,Electronics,368.52,116.5
ORD-10305,2025-11-05,APAC,Apparel,488.41,185.82
ORD-10306,2025-12-16,APAC,Toys,267.82,99.48
ORD-10307,2025-12-11,NA,Apparel,175.02,76.15
ORD-10308,2025-11-04,APAC,Toys,401.69,187.74
ORD-10309,2025-11-15,EU,Apparel,150.0,75.51
ORD-10310,2025-11-05,EU,Apparel,230.71,113.21
ORD-10311,2025-12-28,NA,Home,57.66,23.54
ORD-10312,2025-11-03,EU,Apparel,32.17,10.03
ORD-10313,2025-12-26,EU,Apparel,482.07,261.3
ORD-10314,2025-11-22,EU,Apparel,421.27,193.07
ORD-10315,2025-11-05,EU,Apparel,354.07,148.52
ORD-10316,2025-12-03,NA,Apparel,216.3,139.9
ORD-10317,2025-11-16,EU,Home,103.18,61.77
ORD-10318,2025-11-18,NA,Electronics,95.09,61.15
ORD-10319,2025-12-13,EU,Electronics,140.12,69.78
ORD-10320,2025-12-02,NA,Electronics,283.63,99.94
ORD-10321,2025-11-14,APAC,Electronics,363.01,210.0
ORD-10322,2025-12-05,NA,Toys,336.89,128.84
ORD-10323,2025-11-09,APAC,Home,154.37,73.56
ORD-10324,2025-12-17,NA,Home,478.34,155.94
ORD-10325,2025-12-30,EU,Toys,374.19,235.79
ORD-10326,2025-12-27,NA,Home,286.09,100.24
ORD-10327,2025-12-07,EU,Toys,313.63,207.38
ORD-10328,2025-12-07,APAC,Apparel,221.41,142.96
ORD-10329,2025-12-01,EU,Home,138.91,67.49
ORD-10330,2025-11-16,EU,Electronics,190.87,114.09
ORD-10331,2025-12-21,APAC,Electronics,383.77,210.22
ORD-10332,2025-12-01,NA,Electronics,26.91,16.72
ORD-10333,2025-12-22,NA,Home,75.71,35.79
ORD-10334,2025-11-27,EU,Apparel,42.08,25.85
ORD-10335,2025-11-13,NA,Toys,39.55,19.18
ORD-10336,2025-11-07,LATAM,Toys,430.62,291.27
ORD-10337,2025-11-07,NA,Home,357.76,176.93
ORD-10338,2025-12-13,EU,Electronics,247.6,120.1
ORD-10339,2025-11-28,APAC,Electronics,66.96,41.12
ORD-10340,2025-11-23,NA,Home,255.98,160.92
ORD-10341,2025-11-28,APAC,Electronics,247.27,129.02
ORD-10342,2025-11-27,NA,Apparel,103.14,38.36
ORD-10343,2025-11-30,EU,Home,228.25,111.18
ORD-10344,2025-12-26,LATAM,Electronics,211.28,145.2
ORD-10345,2025-12-17,EU,Apparel,315.61,189.74
ORD-10346,2025-11-04,NA,Home,324.84,202.85
ORD-10347,2025-12-14,APAC,Apparel,41.75,13.07
ORD-10348,2025-12-12,APAC,Home,199.81,97.34
ORD-10349,2025-12-12,NA,Apparel,320.41,179.0
ORD-10350,2025-11-07,NA,Home,261.51,165.28
ORD-10351,2025-11-04,NA,Home,431.12,137.83
ORD-10352,2025-11-26,NA,Electronics,336.17,215.48
ORD-10353,2025-12-17,LATAM,Apparel,98.21,51.01
ORD-10354,2025-11-22,LATAM,Toys,53.87,20.41
ORD-10355,2025-12-22,NA,Electronics,328.36,140.18
ORD-10356,2025-12-26,APAC,Apparel,32.73,13.51
ORD-10357,2025-11-07,EU,Apparel,301.17,154.3
ORD-10358,2025-11-16,NA,Toys,471.31,151.14
ORD-10359,2025-11-13,EU,Electronics,296.23,107.65
ORD-10360,2025-11-13,NA,Toys,206.32,128.97
ORD-10361,2025-12-05,EU,Apparel,328.78,116.07
ORD-10362,2025-11-29,NA,Toys,239.96,94.39
ORD-10363,2025-11-09,APAC,Home,281.9,135.69
ORD-10364,2025-11-28,EU,Home,471.9,239.18
ORD-10365,2025-11-12,NA,Toys,205.33,124.32
ORD-10366,2025-11-18,EU,Home,481.37,230.54
ORD-10367,2025-11-30,NA,Toys,454.57,279.99
ORD-10368,2025-11-16,EU,Electronics,113.98,62.39
ORD-10369,2025-12-26,EU,Electronics,53.29,18.4
ORD-10370,2025-12-30,APAC,Toys,68.37,24.79
ORD-10371,2025-11-05,NA,Electronics,28.75,13.65
ORD-10372,2025-11-29,NA,Toys,65.33,29.97
ORD-10373,2025-12-22,EU,Apparel,347.84,207.81
ORD-10374,2025-12-26,NA,Toys,54.17,28.83
ORD-10375,2025-12-25,NA,Electronics,173.11,78.81
ORD-10376,2025-12-06,LATAM,Electronics,425.54,156.73
ORD-10377,2025-11-07,EU,Electronics,31.17,12.18
ORD-10378,2025-11-04,NA,Toys,410.94,217.88
ORD-10379,2025-12-12,NA,Apparel,155.29,72.89
ORD-10380,2025-12-05,LATAM,Toys,76.72,38.82
ORD-10381,2025-12-24,NA,Home,354.43,130.53
ORD-10382,2025-11-01,NA,Toys,321.89,181.92
ORD-10383,2025-11-06,APAC,Apparel,441.19,282.81
ORD-10384,2025-12-30,EU,Home,372.83,150.32
ORD-10385,2025-12-19,APAC,Apparel,405.67,201.46
ORD-10386,2025-12-25,EU,Electronics,155.38,107.24
ORD-10387,2025-11-16,EU,Home,105.17,45.57
ORD-10388,2025-11-11,NA,Toys,380.3,204.61
ORD-10389,2025-11-27,APAC,Electronics,407.28,136.88
ORD-10390,2025-12-02,LATAM,Apparel,495.44,268.73
ORD-10391,2025-12-01,NA,Home,218.06,73.24
ORD-10392,2025-11-14,LATAM,Home,198.57,135.76
ORD-10393,2025-12-26,EU,Electronics,392.68,230.21
ORD-10394,2025-11-26,NA,Home,183.59,112.96
ORD-10395,2025-12-28,APAC,Apparel,466.76,271.49
ORD-10396,2025-11-04,LATAM,Toys,432.04,231.53
ORD-10397,2025-11-11,EU,Home,225.92,108.43
ORD-10398,2025-11-25,EU,Toys,380.42,244.74
ORD-10399,2025-11-01,LATAM,Toys,382.18,260.93
ORD-10400,2025-11-25,NA,Home,69.5,34.72
ORD-10401,2025-11-17,NA,Electronics,453.23,304.85
ORD-10402,2025-12-30,NA,Apparel,262.52,140.01
ORD-10403,2025-12-21,APAC,Toys,416.7,214.75
ORD-10404,2025-12-21,NA,Electronics,173.62,83.65
ORD-10405,2025-11-30,APAC,Apparel,449.85,172.61
ORD-10406,2025-11-19,EU,Apparel,206.82,62.35
ORD-10407,2025-11-28,NA,Electronics,25.2,9.99
ORD-10408,2025-12-15,EU,Electronics,454.58,229.06
ORD-10409,2025-12-17,EU,Home,63.82,28.85
ORD-10410,2025-12-21,LATAM,Toys,173.27,83.06
ORD-10411,2025-12-06,NA,Toys,476.03,329.54
ORD-10412,2025-12-13,NA,Home,476.29,209.62
ORD-10413,2025-12-16,NA,Electronics,295.25,141.98
ORD-10414,2025-12-02,NA,Toys,323.28,114.25
ORD-10415,2025-11-10,NA,Toys,235.25,75.09
ORD-10416,2025-11-13,EU,Toys,160.74,98.08
ORD-10417,2025-11-19,NA,Home,177.76,93.91
ORD-10418,2025-11-14,APAC,Toys,342.81,207.15
ORD-10419,2025-11-04,NA,Toys,381.14,137.19
ORD-10420,2025-12-08,NA,Toys,399.96,211.47
ORD-10421,2025-12-18,LATAM,Electronics,399.02,160.19
ORD-10422,2025-12-05,APAC,Electronics,63.78,24.95
ORD-10423,2025-11-04,APAC,Apparel,257.32,78.38
ORD-10424,2025-12-18,APAC,Apparel,47.63,16.77
ORD-10425,2025-11-21,NA,Electronics,283.77,120.24
ORD-10426,2025-11-04,APAC,Toys,231.93,80.42
ORD-10427,2025-11-04,EU,Toys,446.1,309.75
ORD-10428,2025-12-08,EU,Home,188.44,79.8
ORD-10429,2025-12-01,LATAM,Toys,76.19,26.83
ORD-10430,2025-12-03,EU,Apparel,88.64,33.65
ORD-10431,2025-12-29,NA,Home,385.53,206.29
ORD-10432,2025-12-25,APAC,Toys,316.74,103.14
ORD-10433,2025-12-04,EU,Electronics,68.54,44.21
ORD-10434,2025-11-11,NA,Home,60.37,41.33
ORD-10435,2025-11-04,NA,Toys,356.47,142.12
ORD-10436,2025-12-03,APAC,Electronics,54.93,26.37
ORD-10437,2025-11-06,NA,Toys,414.49,128.02
ORD-10438,2025-12-25,APAC,Apparel,359.0,199.71
ORD-10439,2025-11-12,EU,Electronics,59.05,27.49
ORD-10440,2025-11-05,APAC,Toys,60.72,24.78
ORD-10441,2025-12-09,APAC,Electronics,493.59,188.91
ORD-10442,2025-11-05,NA,Apparel,199.65,112.13
ORD-10443,2025-12-14,EU,Home,197.91,92.32
ORD-10444,2025-12-26,EU,Toys,410.14,152.52
ORD-10445,2025-11-16,NA,Apparel,474.68,273.25
ORD-10446,2025-11-26,APAC,Toys,493.28,259.48
ORD-10447,2025-11-08,NA,Electronics,381.62,245.56
ORD-10448,2025-12-31,NA,Electronics,200.6,69.61
ORD-10449,2025-12-27,NA,Apparel,60.08,36.91
ORD-10450,2025-12-07,EU,Apparel,393.03,223.79
ORD-10451,2025-11-16,NA,Apparel,288.03,99.66
ORD-10452,2025-12-08,EU,Electronics,223.63,129.24
ORD-10453,2025-12-09,NA,Home,455.05,216.89
ORD-10454,2025-11-03,NA,Toys,73.37,49.74
ORD-10455,2025-12-10,APAC,Apparel,256.46,91.47
ORD-10456,2025-11-06,NA,Electronics,25.45,14.18
ORD-10457,2025-11-27,EU,Home,244.96,110.92
ORD-10458,2025-12-13,EU,Electronics,47.03,32.11
ORD-10459,2025-12-08,EU,Toys,77.03,33.28
ORD-10460,2025-12-07,NA,Home,76.41,52.33
ORD-10461,2025-12-04,NA,Home,331.62,219.07
ORD-10462,2025-11-21,NA,Electronics,378.1,154.32
ORD-10463,2025-12-30,NA,Apparel,300.02,186.44
ORD-10464,2025-11-17,NA,Toys,481.84,336.44
ORD-10465,2025-11-14,EU,Apparel,199.94,80.19
ORD-10466,2025-12-13,NA,Electronics,157.14,74.6
ORD-10467,2025-12-16,NA,Home,436.93,221.99
ORD-10468,2025-11-21,NA,Home,127.33,53.22
ORD-10469,2025-11-16,EU,Apparel,482.35,147.65
ORD-10470,2025-11-17,APAC,Toys,25.83,10.02
ORD-10471,2025-11-26,NA,Toys,485.54,200.42
ORD-10472,2025-11-09,NA,Toys,40.72,19.44
ORD-10473,2025-12-13,EU,Apparel,447.75,164.97
ORD-10474,2025-12-12,EU,Apparel,273.3,177.45
ORD-10475,2025-11-20,EU,Toys,496.62,289.02
ORD-10476,2025-11-30,NA,Home,55.42,18.51
ORD-10477,2025-11-21,EU,Home,285.85,160.09
ORD-10478,2025-12-30,APAC,Apparel,485.27,272.46
ORD-10479,2025-12-19,NA,Apparel,271.09,185.02
ORD-10480,2025-12-30,NA,Toys,322.11,97.02
ORD-10481,2025-11-05,APAC,Toys,353.96,141.29
ORD-10482,2025-11-01,NA,Electronics,238.18,159.85
ORD-10483,2025-11-30,LATAM,Home,321.23,216.14
ORD-10484,2025-12-10,NA,Apparel,300.47,176.75
ORD-10485,2025-12-07,EU,Home,452.56,274.39
ORD-10486,2025-11-07,EU,Electronics,41.81,14.07
ORD-10487,2025-11-05,NA,Toys,154.86,78.29
ORD-10488,2025-12-05,NA,Toys,476.2,186.97
ORD-10489,2025-11-14,EU,Electronics,447.33,166.62
ORD-10490,2025-12-03,NA,Electronics,238.72,148.99
ORD-10491,2025-11-17,NA,Apparel,317.66,112.46
ORD-10492,2025-11-09,LATAM,Electronics,153.14,74.65
ORD-10493,2025-12-30,EU,Toys,110.3,74.5
ORD-10494,2025-11-23,LATAM,Toys,242.58,90.81
ORD-10495,2025-12-27,EU,Toys,189.61,131.06
ORD-10496,2025-11-05,NA,Electronics,300.15,209.42
ORD-10497,2025-12-27,NA,Electronics,57.31,29.93
ORD-10498,2025-11-16,APAC,Toys,487.71,179.51
ORD-10499,2025-11-24,NA,Toys,493.38,210.4
ORD-10500,2025-11-19,NA,Home,355.12,166.83
ORD-10501,2025-11-11,APAC,Electronics,277.33,117.51
ORD-10502,2025-11-29,APAC,Home,168.57,69.49
ORD-10503,2025-12-24,NA,Toys,410.62,282.87
ORD-10504,2025-12-05,NA,Apparel,348.67,125.99
ORD-10505,2025-12-16,LATAM,Toys,98.06,58.18
ORD-10506,2025-11-20,LATAM,Toys,457.25,137.25
ORD-10507,2025-12-10,APAC,Electronics,414.82,223.37
ORD-10508,2025-12-22,APAC,Electronics,475.9,317.13
ORD-10509,2025-12-12,NA,Home,368.35,152.93
ORD-10510,2025-12-04,EU,Electronics,314.44,117.67
ORD-10511,2025-11-01,NA,Home,220.76,123.77
ORD-10512,2025-12-13,EU,Electronics,467.71,273.63
ORD-10513,2025-12-23,NA,Electronics,435.71,250.63
ORD-10514,2025-12-06,NA,Toys,41.7,17.84
ORD-10515,2025-11-20,EU,Electronics,32.66,13.09
ORD-10516,2025-12-30,NA,Toys,200.7,136.95
ORD-10517,2025-12-13,EU,Electronics,409.07,273.8
ORD-10518,2025-11-07,NA,Electronics,493.89,238.51
ORD-10519,2025-12-31,EU,Electronics,92.2,58.87
ORD-10520,2025-12-27,APAC,Apparel,305.18,146.77
ORD-10521,2025-11-09,NA,Home,202.83,95.28
ORD-10522,2025-11-17,EU,Apparel,485.56,176.12
ORD-10523,2025-11-08,NA,Electronics,424.22,199.62
ORD-10524,2025-12-27,EU,Toys,422.4,217.52
ORD-10525,2025-11-07,EU,Home,244.97,75.7
ORD-10526,2025-12-18,NA,Electronics,219.11,104.66
ORD-10527,2025-12-06,NA,Apparel,151.24,92.64
ORD-10528,2025-11-10,NA,Home,47.06,26.92
ORD-10529,2025-11-18,APAC,Toys,435.07,241.06
ORD-10530,2025-11-19,EU,Electronics,410.19,272.29
ORD-10531,2025-12-09,NA,Electronics,499.86,153.56
ORD-10532,2025-11-14,EU,Electronics,498.39,260.57
ORD-10533,2025-12-16,NA,Electronics,286.61,176.25
ORD-10534,2025-11-22,NA,Electronics,389.11,200.99
ORD-10535,2025-11-14,NA,Electronics,473.49,203.39
ORD-10536,2025-12-14,APAC,Home,427.83,151.67
ORD-10537,2025-12-11,EU,Toys,138.73,90.87
ORD-10538,2025-12-25,APAC,Home,236.26,115.37
ORD-10539,2025-11-17,NA,Home,82.0,53.4
ORD-10540,2025-12-03,APAC,Electronics,477.94,255.38
ORD-10541,2025-12-02,EU,Electronics,310.96,177.15
ORD-10542,2025-11-17,NA,Apparel,129.75,80.67
ORD-10543,2025-12-28,NA,Toys,342.42,193.01
ORD-10544,2025-12-29,LATAM,Electronics,316.7,145.44
ORD-10545,2025-12-25,NA,Home,191.92,97.01
ORD-10546,2025-11-04,NA,Home,74.51,46.29
ORD-10547,2025-11-06,APAC,Home,342.36,153.88
ORD-10548,2025-12-11,EU,Home,269.75,122.8
ORD-10549,2025-11-28,NA,Apparel,390.71,132.17
ORD-10550,2025-12-24,EU,Apparel,269.68,179.56
ORD-10551,2025-11-18,EU,Toys,429.05,144.34
ORD-10552,2025-11-03,LATAM,Home,284.92,159.35
ORD-10553,2025-11-01,NA,Home,289.25,134.58
ORD-10554,2025-11-22,NA,Home,440.79,203.75
ORD-10555,2025-12-20,EU,Toys,213.67,122.18
ORD-10556,2025-11-09,NA,Apparel,84.33,27.56
ORD-10557,2025-12-11,NA,Toys,33.82,18.18
ORD-10558,2025-11-17,NA,Electronics,382.47,232.85
ORD-10559,2025-11-11,NA,Electronics,317.75,200.59
ORD-10560,2025-12-18,NA,Apparel,357.96,131.81
ORD-10561,2025-11-29,EU,Home,122.22,80.54
ORD-10562,2025-12-06,NA,Home,85.46,48.07
ORD-10563,2025-12-16,LATAM,Toys,26.98,17.61
ORD-10564,2025-11-28,EU,Electronics,188.28,93.03
ORD-10565,2025-12-06,APAC,Toys,303.16,156.68
ORD-10566,2025-11-01,EU,Home,208.28,139.05
ORD-10567,2025-11-08,APAC,Electronics,229.99,151.79
ORD-10568,2025-11-05,APAC,Home,454.0,217.59
ORD-10569,2025-12-31,APAC,Electronics,187.16,76.69
ORD-10570,2025-12-27,NA,Home,266.71,121.96
ORD-10571,2025-12-15,EU,Toys,396.15,180.29
ORD-10572,2025-12-28,NA,Apparel,210.34,87.24
ORD-10573,2025-11-10,NA,Home,318.6,129.81
ORD-10574,2025-12-05,APAC,Home,433.93,279.64
ORD-10575,2025-11-03,EU,Electronics,475.77,156.03
ORD-10576,2025-12-24,NA,Apparel,90.6,51.74
ORD-10577,2025-11-24,NA,Toys,464.76,171.56
ORD-10578,2025-12-08,LATAM,Apparel,256.22,112.17
ORD-10579,2025-12-06,EU,Home,143.96,46.73
ORD-10580,2025-11-10,EU,Apparel,240.39,98.08
ORD-10581,2025-11-28,NA,Apparel,490.42,297.87
ORD-10582,2025-11-09,NA,Toys,256.46,167.73
ORD-10583,2025-11-03,NA,Apparel,177.8,69.1
ORD-10584,2025-11-20,LATAM,Toys,324.03,157.29
ORD-10585,2025-11-24,LATAM,Electronics,135.27,66.03
ORD-10586,2025-12-28,NA,Home,56.41,36.63
ORD-10587,2025-12-30,EU,Electronics,81.86,49.54
ORD-10588,2025-12-21,NA,Apparel,81.46,41.16
ORD-10589,2025-12-26,NA,Apparel,92.91,52.8
ORD-10590,2025-11-03,EU,Apparel,86.64,55.36
ORD-10591,2025-12-28,APAC,Toys,327.62,99.54
ORD-10592,2025-11-23,APAC,Toys,107.3,49.48
ORD-10593,2025-11-14,NA,Toys,185.92,123.25
ORD-10594,2025-12-14,APAC,Apparel,450.46,268.53
ORD-10595,2025-11-16,EU,Toys,247.5,127.99
ORD-10596,2025-12-13,NA,Apparel,340.43,174.25
ORD-10597,2025-11-07,LATAM,Electronics,102.71,45.1
ORD-10598,2025-11-23,LATAM,Toys,112.3,57.07
ORD-10599,2025-12-20,NA,Apparel,39.62,22.27
ORD-10600,2025-12-06,LATAM,Electronics,101.09,47.24
ORD-10601,2025-12-27,LATAM,Electronics,153.72,90.03
ORD-10602,2025-12-26,NA,Apparel,104.97,67.65
ORD-10603,2025-11-27,EU,Toys,62.58,22.65
ORD-10604,2025-12-10,LATAM,Home,77.91,37.45
ORD-10605,2025-12-18,NA,Apparel,241.17,111.71
ORD-10606,2025-11-10,NA,Electronics,119.04,68.45
ORD-10607,2025-12-30,APAC,Toys,194.85,77.93
ORD-10608,2025-12-30,APAC,Home,261.64,145.5
ORD-10609,2025-11-16,APAC,Electronics,351.39,228.75
ORD-10610,2025-12-26,APAC,Home,38.87,18.16
ORD-10611,2025-11-11,EU,Electronics,403.72,268.23
ORD-10612,2025-12-22,EU,Electronics,321.39,224.09
ORD-10613,2025-12-22,EU,Apparel,59.24,20.29
ORD-10614,2025-11-12,LATAM,Electronics,439.32,172.75
ORD-10615,2025-12-27,APAC,Apparel,462.02,314.24
ORD-10616,2025-11-27,LATAM,Electronics,49.32,33.7
ORD-10617,2025-11-02,NA,Apparel,152.9,51.85
ORD-10618,2025-11-12,APAC,Apparel,406.98,124.54
ORD-10619,2025-12-18,NA,Toys,379.16,138.18
ORD-10620,2025-12-30,NA,Home,108.57,75.83
ORD-10621,2025-11-22,APAC,Electronics,120.49,44.82
ORD-10622,2025-12-21,EU,Apparel,197.83,99.12
ORD-10623,2025-12-30,NA,Home,252.57,161.48
ORD-10624,2025-11-27,EU,Apparel,316.76,97.61
ORD-10625,2025-12-22,NA,Toys,197.08,106.78
ORD-10626,2025-12-13,NA,Electronics,242.02,99.42
ORD-10627,2025-12-26,EU,Toys,378.79,244.29
ORD-10628,2025-12-18,NA,Electronics,37.61,15.55
ORD-10629,2025-12-22,EU,Toys,141.17,81.13
ORD-10630,2025-11-16,EU,Electronics,362.41,206.46
ORD-10631,2025-11-18,EU,Apparel,449.7,174.75
ORD-10632,2025-11-11,EU,Apparel,265.61,83.38
ORD-10633,2025-12-21,APAC,Apparel,275.41,127.71
ORD-10634,2025-12-15,NA,Electronics,71.44,29.7
ORD-10635,2025-11-07,APAC,Toys,234.76,146.39
ORD-10636,2025-11-25,EU,Toys,275.66,170.95
ORD-10637,2025-12-26,NA,Apparel,136.39,65.85
ORD-10638,2025-11-03,NA,Electronics,149.24,80.98
ORD-10639,2025-12-25,NA,Apparel,201.1,108.94
ORD-10640,2025-12-01,APAC,Electronics,29.63,18.69
ORD-10641,2025-11-15,NA,Home,174.6,82.06
ORD-10642,2025-11-13,NA,Home,121.5,49.84
ORD-10643,2025-12-23,EU,Apparel,177.2,71.95
ORD-10644,2025-12-29,APAC,Electronics,77.49,39.87
ORD-10645,2025-11-30,LATAM,Electronics,447.45,214.62
ORD-10646,2025-11-23,APAC,Apparel,304.92,145.16
ORD-10647,2025-11-20,NA,Home,345.97,116.4
ORD-10648,2025-12-23,LATAM,Toys,398.8,234.27
ORD-10649,2025-12-21,LATAM,Toys,259.25,99.94
ORD-10650,2025-12-26,APAC,Apparel,61.72,23.38
ORD-10651,2025-11-15,EU,Toys,277.81,129.21
ORD-10652,2025-11-15,NA,Electronics,301.68,117.99
ORD-10653,2025-11-02,EU,Apparel,377.81,201.58
ORD-10654,2025-12-13,NA,Apparel,227.2,101.92
ORD-10655,2025-11-13,EU,Electronics,81.24,38.96
ORD-10656,2025-11-26,NA,Apparel,156.21,80.43
ORD-10657,2025-11-22,APAC,Electronics,194.28,74.1
ORD-10658,2025-11-18,NA,Toys,330.04,119.57
ORD-10659,2025-12-26,NA,Apparel,293.97,191.72
ORD-10660,2025-11-05,EU,Toys,190.93,90.4
ORD-10661,2025-12-20,APAC,Toys,493.53,229.41
ORD-10662,2025-11-18,EU,Toys,310.77,97.66
ORD-10663,2025-11-23,EU,Home,133.87,66.83
ORD-10664,2025-12-12,APAC,Home,68.86,35.92
ORD-10665,2025-12-03,APAC,Apparel,93.37,48.88
ORD-10666,2025-11-26,EU,Electronics,138.06,80.46
ORD-10667,2025-12-14,EU,Electronics,97.13,36.03
ORD-10668,2025-12-24,APAC,Apparel,109.55,43.92
ORD-10669,2025-12-05,NA,Home,156.85,97.92
ORD-10670,2025-11-22,LATAM,Toys,103.22,70.07
ORD-10671,2025-12-31,EU,Electronics,450.45,159.63
ORD-10672,2025-11-02,NA,Home,58.51,29.2
ORD-10673,2025-11-08,APAC,Electronics,271.77,104.81
ORD-10674,2025-12-27,EU,Toys,216.99,70.31
ORD-10675,2025-11-17,EU,Apparel,491.54,211.46
ORD-10676,2025-11-12,EU,Apparel,73.78,26.37
ORD-10677,2025-12-08,NA,Electronics,210.97,123.2
ORD-10678,2025-11-17,NA,Home,485.35,249.22
ORD-10679,2025-11-03,NA,Electronics,435.44,155.68
ORD-10680,2025-11-07,NA,Toys,412.19,125.18
ORD-10681,2025-12-09,APAC,Home,143.79,89.62
ORD-10682,2025-11-28,EU,Electronics,102.03,37.8
ORD-10683,2025-11-23,EU,Apparel,340.95,184.96
ORD-10684,2025-12-17,EU,Home,466.1,202.65
ORD-10685,2025-12-21,NA,Toys,287.25,153.45
ORD-10686,2025-11-21,EU,Toys,294.37,125.48
ORD-10687,2025-11-28,NA,Apparel,154.39,51.69
ORD-10688,2025-12-09,APAC,Apparel,389.36,151.53
ORD-10689,2025-12-03,EU,Toys,109.78,41.19
ORD-10690,2025-11-08,APAC,Toys,175.37,82.64
ORD-10691,2025-11-25,NA,Apparel,224.21,126.3
ORD-10692,2025-12-28,APAC,Electronics,263.65,106.92
ORD-10693,2025-12-07,LATAM,Toys,136.36,41.57
ORD-10694,2025-11-13,EU,Electronics,75.12,38.13
ORD-10695,2025-11-17,NA,Electronics,313.1,169.8
ORD-10696,2025-11-03,EU,Home,158.54,108.62
ORD-10697,2025-12-16,EU,Apparel,298.99,160.2
ORD-10698,2025-11-28,NA,Toys,94.09,45.96
ORD-10699,2025-11-01,EU,Apparel,250.95,132.84
ORD-10700,2025-12-04,APAC,Electronics,275.64,185.0
ORD-10701,2025-12-30,NA,Apparel,44.88,28.34
ORD-10702,2025-12-22,EU,Apparel,181.57,77.93
ORD-10703,2025-12-05,NA,Toys,84.52,33.38
ORD-10704,2025-12-14,EU,Home,50.42,20.42
ORD-10705,2025-12-17,LATAM,Home,495.18,248.47
ORD-10706,2025-12-31,APAC,Toys,174.73,104.42
ORD-10707,2025-12-18,APAC,Home,408.74,204.9
ORD-10708,2025-12-18,NA,Toys,142.23,46.53
ORD-10709,2025-12-13,NA,Home,347.12,204.6
ORD-10710,2025-11-13,EU,Electronics,384.91,239.56
ORD-10711,2025-11-24,NA,Home,305.91,127.2
ORD-10712,2025-11-28,EU,Home,246.36,139.35
ORD-10713,2025-11-05,NA,Electronics,217.68,102.45
ORD-10714,2025-12-31,APAC,Toys,187.46,122.91
ORD-10715,2025-12-13,EU,Apparel,466.17,297.46
ORD-10716,2025-12-29,LATAM,Toys,418.7,213.61
ORD-10717,2025-11-22,NA,Apparel,483.21,278.62
ORD-10718,2025-12-10,NA,Toys,79.66,52.05
ORD-10719,2025-11-21,APAC,Electronics,370.82,184.77
ORD-10720,2025-12-13,LATAM,Apparel,470.4,200.06
ORD-10721,2025-12-25,EU,Electronics,106.99,64.35
ORD-10722,2025-11-08,EU,Electronics,51.92,20.15
ORD-10723,2025-12-17,NA,Home,375.74,171.12
ORD-10724,2025-12-28,APAC,Toys,295.75,191.14
ORD-10725,2025-11-20,NA,Electronics,424.08,250.11
ORD-10726,2025-12-03,APAC,Apparel,87.09,40.19
ORD-10727,2025-11-20,EU,Toys,401.73,155.03
ORD-10728,2025-12-13,NA,Electronics,116.78,51.66
ORD-10729,2025-11-27,APAC,Home,98.55,40.76
ORD-10730,2025-11-21,EU,Home,98.85,36.62
ORD-10731,2025-11-26,EU,Home,411.0,245.5
ORD-10732,2025-12-15,NA,Toys,339.29,136.0
ORD-10733,2025-11-19,NA,Electronics,271.07,130.57
ORD-10734,2025-12-06,NA,Apparel,192.24,87.34
ORD-10735,2025-11-09,EU,Apparel,441.06,305.58
ORD-10736,2025-11-13,NA,Home,208.37,95.11
ORD-10737,2025-11-27,EU,Apparel,411.97,136.77
ORD-10738,2025-12-13,APAC,Electronics,230.78,77.53
ORD-10739,2025-12-31,EU,Electronics,200.93,107.76
ORD-10740,2025-11-25,NA,Toys,242.09,130.67
ORD-10741,2025-12-14,APAC,Electronics,164.66,76.98
ORD-10742,2025-12-18,NA,Toys,378.85,179.1
ORD-10743,2025-12-28,EU,Home,261.31,84.03
ORD-10744,2025-11-12,EU,Apparel,131.46,66.6
ORD-10745,2025-12-10,EU,Apparel,451.8,226.76
ORD-10746,2025-12-07,NA,Home,204.27,73.5
ORD-10747,2025-11-20,EU,Home,280.91,95.94
ORD-10748,2025-11-26,NA,Home,455.11,159.03
ORD-10749,2025-12-06,EU,Home,319.63,108.81
ORD-10750,2025-12-24,EU,Apparel,76.11,41.39
ORD-10751,2025-11-01,EU,Apparel,471.12,178.36
ORD-10752,2025-11-20,APAC,Toys,321.3,128.7
ORD-10753,2025-11-19,NA,Electronics,180.75,66.77
ORD-10754,2025-11-14,NA,Apparel,86.85,59.33
ORD-10755,2025-11-28,EU,Home,401.13,257.46
ORD-10756,2025-12-21,NA,Home,317.63,124.57
ORD-10757,2025-12-08,APAC,Toys,276.06,118.99
ORD-10758,2025-12-09,EU,Electronics,449.07,172.42
ORD-10759,2025-12-12,APAC,Home,398.53,197.97
ORD-10760,2025-11-21,NA,Electronics,92.8,28.57
ORD-10761,2025-11-30,LATAM,Electronics,169.63,96.44
ORD-10762,2025-11-29,NA,Electronics,139.27,70.93
ORD-10763,2025-11-29,EU,Electronics,377.09,248.67
ORD-10764,2025-12-14,NA,Home,36.1,13.2
ORD-10765,2025-11-14,EU,Toys,293.55,182.48
ORD-10766,2025-12-03,EU,Electronics,385.98,238.07
ORD-10767,2025-12-01,EU,Toys,440.85,154.68
ORD-10768,2025-12-21,EU,Toys,184.2,84.63
ORD-10769,2025-12-28,APAC,Apparel,414.2,152.45
ORD-10770,2025-12-21,NA,Apparel,73.1,29.38
ORD-10771,2025-12-18,EU,Toys,426.3,172.78
ORD-10772,2025-11-11,EU,Apparel,81.19,42.42
ORD-10773,2025-12-13,LATAM,Home,210.7,97.88
ORD-10774,2025-11-06,NA,Home,402.7,273.47
ORD-10775,2025-11-19,NA,Home,91.96,32.24
ORD-10776,2025-12-03,NA,Apparel,130.04,89.66
ORD-10777,2025-12-13,NA,Electronics,366.68,143.83
ORD-10778,2025-12-11,NA,Toys,365.62,222.72
ORD-10779,2025-12-10,EU,Toys,327.75,142.76
ORD-10780,2025-11-22,EU,Apparel,353.1,126.14
ORD-10781,2025-11-06,NA,Electronics,280.51,180.41
ORD-10782,2025-12-23,NA,Toys,140.86,59.66
ORD-10783,2025-12-31,EU,Apparel,185.93,104.78
ORD-10784,2025-12-19,NA,Electronics,107.17,56.43
ORD-10785,2025-11-16,EU,Home,456.06,222.88
ORD-10786,2025-12-14,EU,Home,300.03,149.51
ORD-10787,2025-11-20,EU,Electronics,212.41,125.94
ORD-10788,2025-11-15,EU,Toys,241.76,81.02
ORD-10789,2025-12-22,NA,Electronics,474.7,269.28
ORD-10790,2025-11-13,APAC,Electronics,93.61,61.63
ORD-10791,2025-11-10,EU,Electronics,301.39,97.38
ORD-10792,2025-11-02,LATAM,Electronics,262.83,93.64
ORD-10793,2025-11-03,EU,Electronics,313.5,183.92
ORD-10794,2025-11-16,EU,Toys,28.69,13.63
ORD-10795,2025-12-01,LATAM,Home,438.62,202.39
ORD-10796,2025-12-10,LATAM,Apparel,467.42,165.83
ORD-10797,2025-12-25,NA,Toys,291.26,146.42
ORD-10798,2025-12-20,EU,Home,354.39,124.26
ORD-10799,2025-11-05,NA,Electronics,462.8,227.07
ORD-10800,2025-11-30,EU,Toys,359.47,217.64
ORD-10801,2025-11-27,LATAM,Apparel,93.22,37.6
ORD-10802,2025-12-27,NA,Home,296.62,146.03
ORD-10803,2025-12-11,NA,Home,311.22,216.86
ORD-10804,2025-12-07,EU,Home,223.58,128.48
ORD-10805,2025-11-13,EU,Electronics,373.49,237.74
ORD-10806,2025-12-16,EU,Home,468.5,218.29
ORD-10807,2025-12-15,EU,Electronics,464.27,281.88
ORD-10808,2025-11-25,NA,Home,236.4,74.75
ORD-10809,2025-12-02,EU,Electronics,74.35,25.96
ORD-10810,2025-11-26,APAC,Home,492.72,187.84
ORD-10811,2025-11-16,LATAM,Home,422.67,194.76
ORD-10812,2025-11-10,NA,Apparel,79.84,50.96
ORD-10813,2025-12-12,NA,Toys,462.0,202.59
ORD-10814,2025-12-15,EU,Electronics,437.55,245.84
ORD-10815,2025-11-01,NA,Electronics,269.04,157.05
ORD-10816,2025-12-28,APAC,Home,303.81,162.38
ORD-10817,2025-12-19,APAC,Toys,211.52,93.68
ORD-10818,2025-12-26,LATAM,Home,46.29,24.57
ORD-10819,2025-12-20,EU,Apparel,180.89,79.03
ORD-10820,2025-12-27,NA,Home,405.37,135.21
ORD-10821,2025-11-07,EU,Home,22.22,15.49
ORD-10822,2025-12-20,EU,Electronics,180.08,63.19
ORD-10823,2025-11-28,NA,Electronics,211.12,69.45
ORD-10824,2025-11-15,NA,Home,277.95,181.06
ORD-10825,2025-11-12,NA,Apparel,461.53,194.18
ORD-10826,2025-12-22,APAC,Apparel,186.25,104.32
ORD-10827,2025-12-15,NA,Apparel,186.54,80.51
ORD-10828,2025-12-04,EU,Electronics,374.0,170.76
ORD-10829,2025-11-30,NA,Apparel,237.06,95.97
ORD-10830,2025-11-04,NA,Electronics,127.81,55.88
ORD-10831,2025-12-06,EU,Home,237.17,110.11
ORD-10832,2025-11-16,NA,Home,87.61,51.53
ORD-10833,2025-12-29,APAC,Home,104.67,52.82
ORD-10834,2025-12-25,EU,Apparel,259.22,175.6
ORD-10835,2025-11-08,NA,Electronics,221.08,70.03
ORD-10836,2025-11-30,NA,Electronics,459.13,230.13
ORD-10837,2025-11-09,NA,Toys,193.95,103.51
ORD-10838,2025-12-22,NA,Home,298.68,199.54
ORD-10839,2025-11-30,EU,Toys,323.49,103.41
ORD-10840,2025-12-13,LATAM,Electronics,26.29,13.92
ORD-10841,2025-12-04,APAC,Home,338.5,217.13
ORD-10842,2025-12-06,EU,Home,105.46,41.84
ORD-10843,2025-12-09,EU,Toys,481.31,313.1
ORD-10844,2025-11-21,EU,Home,91.36,28.1
ORD-10845,2025-12-31,APAC,Toys,219.02,129.87
ORD-10846,2025-12-19,EU,Toys,60.97,41.05
ORD-10847,2025-12-28,NA,Apparel,498.5,280.6
ORD-10848,2025-11-29,APAC,Electronics,261.05,124.16
ORD-10849,2025-12-10,EU,Home,305.78,97.22
ORD-10850,2025-12-23,APAC,Home,52.2,34.87
ORD-10851,2025-12-17,APAC,Toys,379.98,185.48
ORD-10852,2025-12-28,NA,Apparel,120.75,37.63
ORD-10853,2025-12-03,APAC,Home,451.07,259.78
ORD-10854,2025-11-28,NA,Apparel,118.47,58.37
ORD-10855,2025-12-24,EU,Electronics,111.53,39.01
ORD-10856,2025-12-29,NA,Electronics,37.54,14.48
ORD-10857,2025-12-06,EU,Apparel,246.59,80.34
ORD-10858,2025-11-29,APAC,Apparel,291.12,154.21
ORD-10859,2025-12-28,APAC,Home,51.54,28.29
ORD-10860,2025-11-11,NA,Home,392.25,197.03
ORD-10861,2025-12-18,LATAM,Apparel,237.58,148.92
ORD-10862,2025-12-26,NA,Apparel,271.71,175.09
ORD-10863,2025-12-01,NA,Toys,231.57,126.5
ORD-10864,2025-11-29,LATAM,Toys,212.37,64.79
ORD-10865,2025-11-17,EU,Apparel,288.63,166.85
ORD-10866,2025-12-19,APAC,Home,94.52,44.16
ORD-10867,2025-11-16,EU,Toys,107.33,56.48
ORD-10868,2025-12-24,NA,Home,433.66,242.69
ORD-10869,2025-12-11,EU,Toys,474.14,208.67
ORD-10870,2025-11-18,APAC,Electronics,199.19,132.83
ORD-10871,2025-12-20,APAC,Electronics,149.96,53.02
ORD-10872,2025-12-20,APAC,Electronics,329.12,187.14
ORD-10873,2025-12-04,NA,Electronics,216.19,65.23
ORD-10874,2025-12-02,NA,Electronics,32.19,21.56
ORD-10875,2025-12-11,EU,Electronics,94.95,32.76
ORD-10876,2025-11-16,EU,Apparel,363.67,122.9
ORD-10877,2025-11-18,NA,Electronics,336.28,145.68
ORD-10878,2025-11-29,EU,Apparel,33.01,14.84
ORD-10879,2025-11-05,LATAM,Home,126.55,48.81
ORD-10880,2025-12-16,NA,Toys,130.92,69.92
ORD-10881,2025-11-19,NA,Electronics,342.51,163.43
ORD-10882,2025-11-16,NA,Apparel,29.46,9.24
ORD-10883,2025-11-18,APAC,Home,69.97,29.94
ORD-10884,2025-11-22,APAC,Toys,403.96,252.14
ORD-10885,2025-11-21,LATAM,Home,105.7,60.87
ORD-10886,2025-12-28,EU,Apparel,333.32,196.64
ORD-10887,2025-12-05,NA,Apparel,134.33,77.81
ORD-10888,2025-11-06,EU,Home,67.73,28.74
ORD-10889,2025-11-09,EU,Apparel,136.72,46.47
ORD-10890,2025-11-10,NA,Electronics,366.69,149.97
ORD-10891,2025-11-15,LATAM,Electronics,430.73,272.53
ORD-10892,2025-11-25,APAC,Electronics,418.51,289.69
ORD-10893,2025-12-15,EU,Apparel,210.65,104.81
ORD-10894,2025-11-10,APAC,Toys,340.68,103.53
ORD-10895,2025-12-16,NA,Toys,118.39,42.15
ORD-10896,2025-11-14,APAC,Toys,160.71,68.92
ORD-10897,2025-11-05,APAC,Electronics,450.24,239.27
ORD-10898,2025-11-27,LATAM,Home,26.24,8.66
ORD-10899,2025-11-27,EU,Toys,61.04,41.35
ORD-10900,2025-11-22,NA,Toys,119.79,53.43
ORD-10901,2025-12-05,APAC,Toys,32.74,21.77
ORD-10902,2025-11-30,EU,Toys,107.09,65.56
ORD-10903,2025-11-27,APAC,Electronics,299.86,180.57
ORD-10904,2025-11-04,EU,Electronics,222.28,120.63
ORD-10905,2025-11-14,NA,Home,448.48,246.98
ORD-10906,2025-12-24,LATAM,Apparel,412.37,228.95
ORD-10907,2025-11-27,EU,Toys,184.07,101.51
ORD-10908,2025-11-25,EU,Home,144.52,75.37
ORD-10909,2025-12-28,NA,Apparel,202.25,140.48
ORD-10910,2025-12-20,EU,Electronics,303.34,179.86
ORD-10911,2025-12-08,NA,Home,148.67,90.8
ORD-10912,2025-12-31,EU,Electronics,319.59,207.41
ORD-10913,2025-12-15,EU,Home,216.52,83.63
ORD-10914,2025-11-02,NA,Electronics,284.98,95.05
ORD-10915,2025-12-25,EU,Apparel,229.34,113.1
ORD-10916,2025-12-27,NA,Apparel,161.34,81.58
ORD-10917,2025-12-19,APAC,Electronics,475.26,300.21
ORD-10918,2025-12-07,NA,Apparel,386.53,184.57
ORD-10919,2025-11-25,NA,Apparel,87.25,46.1
ORD-10920,2025-12-01,NA,Electronics,436.86,223.16
ORD-10921,2025-11-01,NA,Electronics,253.97,80.07
ORD-10922,2025-12-31,EU,Toys,449.39,245.41
ORD-10923,2025-11-23,NA,Home,403.93,254.97
ORD-10924,2025-11-20,NA,Toys,224.1,81.35
ORD-10925,2025-12-19,NA,Toys,30.79,16.56
ORD-10926,2025-11-25,NA,Home,148.97,80.06
ORD-10927,2025-12-25,EU,Home,279.98,102.38
ORD-10928,2025-12-28,EU,Electronics,324.07,113.23
ORD-10929,2025-12-24,NA,Apparel,143.79,99.51
ORD-10930,2025-11-27,NA,Home,86.89,39.75
ORD-10931,2025-12-05,NA,Toys,420.77,164.51
ORD-10932,2025-12-18,NA,Electronics,492.51,181.5
ORD-10933,2025-12-18,APAC,Home,272.33,154.42
ORD-10934,2025-12-05,NA,Toys,102.41,55.69
ORD-10935,2025-12-22,NA,Toys,150.71,84.01
ORD-10936,2025-12-09,NA,Electronics,28.83,9.66
ORD-10937,2025-12-28,EU,Home,458.86,301.66
ORD-10938,2025-11-15,NA,Toys,76.52,34.87
ORD-10939,2025-12-02,EU,Home,296.73,126.21
ORD-10940,2025-11-15,NA,Home,151.55,73.49
ORD-10941,2025-11-18,EU,Toys,286.01,130.43
ORD-10942,2025-11-28,EU,Home,332.68,214.72
ORD-10943,2025-12-02,NA,Home,418.28,280.96
ORD-10944,2025-11-02,NA,Apparel,119.08,50.18
ORD-10945,2025-11-25,EU,Electronics,25.28,16.32
ORD-10946,2025-11-22,NA,Apparel,85.71,52.51
ORD-10947,2025-12-13,EU,Toys,452.01,303.9
ORD-10948,2025-12-14,EU,Home,439.47,175.04
ORD-10949,2025-12-22,APAC,Apparel,306.76,162.82
ORD-10950,2025-11-26,EU,Toys,308.25,126.33
ORD-10951,2025-12-17,EU,Home,339.22,213.59
ORD-10952,2025-11-11,NA,Home,104.18,31.48
ORD-10953,2025-12-24,APAC,Apparel,458.92,241.36
ORD-10954,2025-11-30,APAC,Home,221.01,96.29
ORD-10955,2025-12-29,EU,Apparel,203.91,87.49
ORD-10956,2025-11-09,EU,Home,269.08,150.14
ORD-10957,2025-12-10,LATAM,Apparel,42.54,27.25
ORD-10958,2025-12-05,APAC,Toys,99.82,54.27
ORD-10959,2025-11-02,EU,Toys,374.26,240.0
ORD-10960,2025-12-29,NA,Electronics,59.74,24.24
ORD-10961,2025-11-26,APAC,Home,309.51,157.17
ORD-10962,2025-12-08,LATAM,Toys,137.77,66.16
ORD-10963,2025-12-07,EU,Home,206.86,63.02
ORD-10964,2025-12-13,EU,Apparel,158.57,82.89
ORD-10965,2025-11-02,EU,Toys,190.72,107.68
ORD-10966,2025-11-06,APAC,Electronics,365.14,195.99
ORD-10967,2025-12-12,EU,Apparel,162.62,96.68
ORD-10968,2025-11-28,NA,Electronics,291.87,154.26
ORD-10969,2025-11-09,NA,Toys,248.5,81.18
ORD-10970,2025-12-26,APAC,Home,338.56,117.34
ORD-10971,2025-11-30,EU,Apparel,469.68,252.96
ORD-10972,2025-11-12,LATAM,Home,371.63,152.37
ORD-10973,2025-11-04,NA,Home,123.17,40.87
ORD-10974,2025-11-17,EU,Toys,34.97,16.5
ORD-10975,2025-11-25,EU,Apparel,145.89,76.12
ORD-10976,2025-11-21,APAC,Toys,305.64,131.88
ORD-10977,2025-11-14,APAC,Toys,44.68,26.28
ORD-10978,2025-11-30,EU,Electronics,258.26,143.98
ORD-10979,2025-11-21,NA,Apparel,306.48,132.74
ORD-10980,2025-11-22,EU,Home,180.44,108.62
ORD-10981,2025-12-19,NA,Home,390.04,218.22
ORD-10982,2025-12-27,EU,Toys,71.17,39.5
ORD-10983,2025-11-25,NA,Home,56.07,29.23
ORD-10984,2025-11-18,APAC,Toys,369.53,112.54
ORD-10985,2025-12-19,EU,Toys,257.84,149.19
ORD-10986,2025-12-31,NA,Toys,350.43,157.84
ORD-10987,2025-12-24,NA,Apparel,228.72,154.85
ORD-10988,2025-11-27,APAC,Toys,138.27,86.72
ORD-10989,2025-11-17,APAC,Toys,413.17,221.08
ORD-10990,2025-12-24,NA,Toys,403.72,161.84
ORD-10991,2025-11-06,EU,Home,353.45,134.84
ORD-10992,2025-12-01,APAC,Home,150.63,65.7
ORD-10993,2025-11-02,EU,Home,303.31,148.81
ORD-10994,2025-12-18,EU,Apparel,193.27,80.87
ORD-10995,2025-12-05,EU,Home,63.96,32.36
ORD-10996,2025-11-04,EU,Toys,460.31,168.54
ORD-10997,2025-12-31,EU,Home,85.67,59.21
ORD-10998,2025-11-23,LATAM,Home,476.11,163.39
ORD-10999,2025-11-15,NA,Toys,234.08,157.48
ORD-11000,2025-12-12,NA,Apparel,108.86,72.44
ORD-11001,2025-11-05,APAC,Apparel,280.11,142.9
ORD-11002,2025-12-20,EU,Toys,439.01,259.0
ORD-11003,2025-12-12,APAC,Apparel,371.47,176.23
ORD-11004,2025-11-03,EU,Toys,407.15,224.75
ORD-11005,2025-12-19,APAC,Home,336.22,146.67
ORD-11006,2025-11-02,EU,Toys,352.29,148.13
ORD-11007,2025-12-31,NA,Electronics,427.61,227.19
ORD-11008,2025-11-16,EU,Apparel,139.84,69.82
ORD-11009,2025-11-13,NA,Apparel,254.92,135.57
ORD-11010,2025-12-24,LATAM,Toys,126.18,52.32
ORD-11011,2025-11-02,EU,Electronics,494.08,220.75
ORD-11012,2025-12-10,EU,Home,473.15,157.82
ORD-11013,2025-11-10,EU,Apparel,38.92,12.49
ORD-11014,2025-11-16,EU,Toys,358.68,143.97
ORD-11015,2025-11-09,EU,Toys,464.12,153.02
ORD-11016,2025-12-01,APAC,Electronics,106.68,36.43
ORD-11017,2025-12-13,NA,Electronics,292.61,182.93
ORD-11018,2025-11-08,LATAM,Toys,459.43,144.97
ORD-11019,2025-12-07,NA,Home,36.29,20.45
ORD-11020,2025-12-31,NA,Electronics,354.76,145.11
ORD-11021,2025-11-14,APAC,Electronics,162.73,105.55
ORD-11022,2025-11-30,APAC,Electronics,463.71,229.07
ORD-11023,2025-12-15,NA,Toys,486.11,205.25
ORD-11024,2025-11-17,EU,Electronics,473.25,239.96
ORD-11025,2025-12-20,EU,Apparel,247.62,112.12
ORD-11026,2025-11-24,NA,Toys,433.78,228.05
ORD-11027,2025-11-11,APAC,Home,425.38,147.1
ORD-11028,2025-12-09,APAC,Electronics,173.17,121.01
ORD-11029,2025-12-09,LATAM,Toys,417.88,196.5
ORD-11030,2025-12-18,EU,Electronics,37.76,16.59
ORD-11031,2025-12-16,NA,Electronics,306.21,178.85
ORD-11032,2025-11-08,NA,Electronics,130.4,58.1
ORD-11033,2025-12-20,NA,Electronics,77.87,49.32
ORD-11034,2025-12-23,EU,Toys,56.94,27.43
ORD-11035,2025-11-11,NA,Electronics,354.22,208.22
ORD-11036,2025-11-20,EU,Apparel,183.14,62.81
ORD-11037,2025-11-07,NA,Toys,367.89,234.88
ORD-11038,2025-12-08,EU,Apparel,51.37,30.53
ORD-11039,2025-11-02,NA,Apparel,171.34,65.91
ORD-11040,2025-12-30,EU,Apparel,278.96,99.9
ORD-11041,2025-11-20,LATAM,Home,399.55,170.41
ORD-11042,2025-12-07,NA,Apparel,173.0,119.44
ORD-11043,2025-12-14,LATAM,Apparel,320.43,129.05
ORD-11044,2025-12-29,EU,Electronics,445.27,214.82
ORD-11045,2025-11-25,LATAM,Apparel,315.61,98.47
ORD-11046,2025-11-26,NA,Home,131.82,60.49
ORD-11047,2025-12-31,NA,Apparel,31.71,16.76
ORD-11048,2025-12-16,NA,Home,437.65,298.15
ORD-11049,2025-11-13,LATAM,Electronics,30.21,15.31
ORD-11050,2025-11-05,EU,Apparel,439.86,276.08
ORD-11051,2025-12-08,NA,Electronics,273.89,142.11
ORD-11052,2025-12-15,NA,Apparel,470.75,148.9
ORD-11053,2025-12-24,NA,Electronics,403.42,171.86
ORD-11054,2025-12-11,EU,Home,499.01,264.58
ORD-11055,2025-11-16,NA,Toys,188.34,128.12
ORD-11056,2025-11-07,APAC,Apparel,388.25,249.9
ORD-11057,2025-12-15,APAC,Home,212.93,83.33
ORD-11058,2025-12-20,NA,Electronics,250.34,97.14
ORD-11059,2025-11-20,APAC,Home,321.2,122.21
ORD-11060,2025-12-25,APAC,Home,439.37,293.94
ORD-11061,2025-12-14,NA,Apparel,492.36,315.64
ORD-11062,2025-12-09,APAC,Toys,388.77,237.13
ORD-11063,2025-12-22,NA,Apparel,220.53,100.8
ORD-11064,2025-11-08,NA,Electronics,222.25,111.51
ORD-11065,2025-12-21,NA,Electronics,374.04,181.68
ORD-11066,2025-12-07,NA,Apparel,134.61,54.03
ORD-11067,2025-12-21,EU,Toys,73.03,36.66
ORD-11068,2025-11-03,EU,Apparel,190.22,59.39
ORD-11069,2025-11-23,EU,Home,157.87,55.68
ORD-11070,2025-12-05,NA,Electronics,162.23,106.2
ORD-11071,2025-11-28,NA,Home,132.13,79.37
ORD-11072,2025-12-13,LATAM,Home,40.2,18.86
ORD-11073,2025-11-24,APAC,Toys,28.58,14.49
ORD-11074,2025-11-05,NA,Apparel,494.11,221.36
ORD-11075,2025-12-03,LATAM,Home,225.33,134.37
ORD-11076,2025-12-12,EU,Electronics,204.48,125.48
ORD-11077,2025-11-22,NA,Toys,346.23,209.58
ORD-11078,2025-11-01,NA,Electronics,124.76,73.49
ORD-11079,2025-12-25,NA,Apparel,475.98,181.73
ORD-11080,2025-11-27,APAC,Toys,397.45,172.97
ORD-11081,2025-12-23,EU,Toys,62.92,30.7
ORD-11082,2025-12-02,EU,Electronics,220.44,95.3
ORD-11083,2025-11-07,LATAM,Apparel,441.98,266.06
ORD-11084,2025-11-28,NA,Electronics,473.47,204.42
ORD-11085,2025-11-24,EU,Electronics,244.35,86.82
ORD-11086,2025-12-11,EU,Toys,314.44,144.52
ORD-11087,2025-12-28,EU,Toys,100.18,69.32
ORD-11088,2025-12-24,APAC,Toys,495.76,193.52
ORD-11089,2025-11-30,EU,Apparel,131.2,71.49
ORD-11090,2025-12-16,EU,Home,472.51,223.59
ORD-11091,2025-11-10,NA,Apparel,331.83,108.98
ORD-11092,2025-11-28,EU,Home,311.71,154.34
ORD-11093,2025-11-12,EU,Apparel,266.09,154.56
ORD-11094,2025-12-17,EU,Toys,130.72,66.05
ORD-11095,2025-12-04,NA,Home,104.73,67.95
ORD-11096,2025-12-12,NA,Electronics,125.83,52.29
ORD-11097,2025-11-18,EU,Home,109.49,36.62
ORD-11098,2025-12-10,EU,Home,394.2,265.94
ORD-11099,2025-12-22,APAC,Apparel,188.06,84.87
ORD-11100,2025-12-29,NA,Toys,47.76,25.34
ORD-11101,2025-12-05,EU,Apparel,485.17,299.25
ORD-11102,2025-12-20,EU,Electronics,444.22,190.89
ORD-11103,2025-12-01,EU,Apparel,465.32,272.89
ORD-11104,2025-11-30,NA,Apparel,497.56,176.22
ORD-11105,2025-11-28,LATAM,Electronics,103.47,43.1
ORD-11106,2025-12-23,EU,Electronics,210.2,75.23
ORD-11107,2025-12-17,APAC,Toys,383.95,239.77
ORD-11108,2025-12-08,NA,Electronics,354.09,137.76
ORD-11109,2025-11-18,EU,Apparel,93.87,55.1
ORD-11110,2025-11-21,EU,Electronics,411.6,278.78
ORD-11111,2025-12-25,NA,Toys,127.73,65.28
ORD-11112,2025-11-16,APAC,Toys,127.43,65.76
ORD-11113,2025-12-24,LATAM,Toys,277.75,134.55
ORD-11114,2025-12-30,LATAM,Toys,304.61,131.09
ORD-11115,2025-11-06,APAC,Electronics,298.44,146.31
ORD-11116,2025-11-18,EU,Electronics,63.91,34.58
ORD-11117,2025-12-27,NA,Apparel,441.18,306.35
ORD-11118,2025-11-29,APAC,Home,147.49,99.57
ORD-11119,2025-11-16,NA,Toys,82.17,52.99
ORD-11120,2025-12-19,EU,Electronics,446.6,292.81
ORD-11121,2025-11-30,APAC,Apparel,478.71,233.2
ORD-11122,2025-12-07,LATAM,Home,433.82,244.23
ORD-11123,2025-12-10,NA,Toys,408.57,268.85
ORD-11124,2025-12-13,EU,Electronics,334.52,152.94
ORD-11125,2025-11-25,APAC,Electronics,284.41,194.74
ORD-11126,2025-11-22,NA,Home,61.75,28.79
ORD-11127,2025-11-02,NA,Toys,216.06,116.77
ORD-11128,2025-12-02,NA,Home,198.89,116.14
ORD-11129,2025-12-25,APAC,Apparel,144.68,98.42
ORD-11130,2025-11-21,EU,Apparel,367.24,146.11
ORD-11131,2025-11-12,EU,Home,258.02,154.41
ORD-11132,2025-12-02,EU,Electronics,58.9,29.94
ORD-11133,2025-11-14,APAC,Home,125.69,51.21
ORD-11134,2025-11-23,EU,Home,347.96,212.48
ORD-11135,2025-12-22,LATAM,Home,56.54,29.45
ORD-11136,2025-11-17,APAC,Electronics,428.58,241.89
ORD-11137,2025-11-22,NA,Apparel,257.67,110.58
ORD-11138,2025-11-18,NA,Apparel,250.68,123.46
ORD-11139,2025-12-27,LATAM,Home,304.36,166.47
ORD-11140,2025-12-09,APAC,Apparel,415.85,192.11
ORD-11141,2025-12-15,APAC,Electronics,186.95,70.92
ORD-11142,2025-12-27,EU,Apparel,345.45,236.51
ORD-11143,2025-11-18,NA,Toys,291.55,147.11
ORD-11144,2025-12-06,EU,Apparel,148.17,87.95
ORD-11145,2025-11-01,NA,Apparel,441.74,205.15
ORD-11146,2025-12-04,NA,Toys,402.76,178.04
ORD-11147,2025-12-31,LATAM,Toys,336.06,155.55
ORD-11148,2025-11-13,APAC,Toys,428.28,198.58
ORD-11149,2025-11-06,EU,Electronics,436.3,225.86
ORD-11150,2025-11-16,NA,Electronics,360.01,186.26
ORD-11151,2025-12-17,NA,Home,421.77,210.4
ORD-11152,2025-11-27,EU,Home,354.79,125.57
ORD-11153,2025-12-02,APAC,Apparel,346.47,172.69
ORD-11154,2025-12-06,NA,Toys,316.93,116.52
ORD-11155,2025-12-19,NA,Apparel,381.3,133.63
ORD-11156,2025-11-16,NA,Apparel,96.13,64.7
ORD-11157,2025-12-15,APAC,Electronics,442.82,240.0
ORD-11158,2025-12-01,NA,Toys,438.48,247.21
ORD-11159,2025-12-12,NA,Electronics,34.04,15.68
ORD-11160,2025-12-16,NA,Apparel,416.39,276.31
ORD-11161,2025-12-02,EU,Home,81.86,45.45
ORD-11162,2025-11-29,NA,Electronics,180.86,109.9
ORD-11163,2025-12-21,EU,Electronics,376.88,168.63
ORD-11164,2025-11-02,APAC,Electronics,97.16,66.46
ORD-11165,2025-11-06,NA,Home,412.62,259.2
ORD-11166,2025-11-19,APAC,Electronics,419.42,269.09
ORD-11167,2025-11-15,EU,Electronics,263.58,97.23
ORD-11168,2025-11-26,APAC,Toys,23.07,9.42
ORD-11169,2025-12-15,APAC,Electronics,157.78,65.36
ORD-11170,2025-11-16,NA,Home,316.12,129.09
ORD-11171,2025-11-20,NA,Home,490.97,315.28
ORD-11172,2025-12-13,NA,Electronics,323.27,101.1
ORD-11173,2025-12-08,LATAM,Toys,144.71,47.82
ORD-11174,2025-11-24,NA,Electronics,324.32,132.83
ORD-11175,2025-12-01,EU,Toys,279.19,106.08
ORD-11176,2025-12-06,LATAM,Toys,394.33,154.87
ORD-11177,2025-12-04,APAC,Toys,71.35,44.18
ORD-11178,2025-11-23,NA,Electronics,385.29,202.37
ORD-11179,2025-11-28,EU,Apparel,279.81,84.59
ORD-11180,2025-12-18,EU,Apparel,482.24,227.49
ORD-11181,2025-12-06,NA,Electronics,184.1,85.27
ORD-11182,2025-11-22,APAC,Apparel,323.66,111.85
ORD-11183,2025-11-23,NA,Home,467.37,266.61
ORD-11184,2025-12-15,EU,Home,69.2,40.19
ORD-11185,2025-11-30,APAC,Toys,469.87,276.45
ORD-11186,2025-11-18,NA,Electronics,350.19,207.1
ORD-11187,2025-11-20,NA,Electronics,52.56,15.77
ORD-11188,2025-11-17,NA,Home,164.46,112.09
ORD-11189,2025-11-15,NA,Toys,359.92,225.2
ORD-11190,2025-11-08,APAC,Electronics,52.33,34.62
ORD-11191,2025-12-17,APAC,Home,299.44,91.71
ORD-11192,2025-11-13,EU,Toys,186.02,125.29
ORD-11193,2025-11-21,NA,Home,318.04,198.43
ORD-11194,2025-11-08,APAC,Electronics,41.96,26.64
ORD-11195,2025-12-18,EU,Toys,438.34,147.86
ORD-11196,2025-12-05,NA,Toys,487.27,290.17
ORD-11197,2025-12-31,APAC,Apparel,485.06,331.76
ORD-11198,2025-12-19,NA,Electronics,379.83,217.04
ORD-11199,2025-12-15,LATAM,Apparel,82.44,43.55
ORD-11200,2025-11-12,EU,Electronics,383.97,260.43
ORD-11201,2025-11-13,EU,Apparel,31.8,15.17
ORD-11202,2025-11-14,LATAM,Toys,30.62,16.53
ORD-11203,2025-12-18,EU,Toys,175.33,86.01
ORD-11204,2025-12-01,NA,Electronics,254.55,171.35
ORD-11205,2025-11-18,LATAM,Home,389.8,128.8
ORD-11206,2025-12-17,EU,Toys,347.98,174.15
ORD-11207,2025-12-08,LATAM,Apparel,234.03,134.52
ORD-11208,2025-12-19,EU,Home,151.34,93.34
ORD-11209,2025-12-04,LATAM,Toys,498.62,265.87
ORD-11210,2025-12-09,APAC,Home,224.57,149.02
ORD-11211,2025-11-19,NA,Electronics,236.67,160.18
ORD-11212,2025-11-07,NA,Home,98.54,32.1
ORD-11213,2025-12-24,NA,Toys,401.51,185.08
ORD-11214,2025-11-13,EU,Toys,352.97,109.2
ORD-11215,2025-11-19,NA,Home,125.97,54.39
ORD-11216,2025-11-15,APAC,Toys,59.54,30.65
ORD-11217,2025-11-24,APAC,Electronics,346.64,230.28
ORD-11218,2025-11-12,APAC,Home,334.17,213.41
ORD-11219,2025-11-20,EU,Apparel,151.16,53.06
ORD-11220,2025-11-01,NA,Toys,476.41,160.65
ORD-11221,2025-12-16,NA,Apparel,92.51,49.56
ORD-11222,2025-12-05,EU,Electronics,227.52,116.68
ORD-11223,2025-11-09,NA,Electronics,472.94,192.27
ORD-11224,2025-11-18,EU,Electronics,221.47,146.12
ORD-11225,2025-11-03,EU,Toys,326.49,219.06
ORD-11226,2025-11-04,APAC,Electronics,210.85,97.21
ORD-11227,2025-12-06,NA,Home,151.62,99.48
ORD-11228,2025-11-19,NA,Apparel,492.31,223.3
ORD-11229,2025-12-15,NA,Apparel,216.48,128.75
ORD-11230,2025-12-31,EU,Apparel,449.17,220.26
ORD-11231,2025-11-09,NA,Toys,130.38,45.51
ORD-11232,2025-12-11,NA,Toys,122.29,82.08
ORD-11233,2025-12-26,NA,Apparel,34.94,16.83
ORD-11234,2025-12-19,NA,Home,332.8,197.61
ORD-11235,2025-12-02,NA,Apparel,196.89,87.98
ORD-11236,2025-11-07,LATAM,Apparel,434.89,133.75
ORD-11237,2025-12-26,EU,Toys,247.14,84.08
ORD-11238,2025-11-01,APAC,Home,484.73,241.63
ORD-11239,2025-12-07,LATAM,Apparel,109.05,62.81
ORD-11240,2025-11-19,EU,Toys,436.94,189.59
ORD-11241,2025-12-01,APAC,Home,392.77,227.1
ORD-11242,2025-12-01,NA,Home,390.04,226.01
ORD-11243,2025-11-29,APAC,Toys,425.5,247.46
ORD-11244,2025-11-22,NA,Home,385.29,191.49
ORD-11245,2025-11-12,EU,Home,320.59,213.5
ORD-11246,2025-11-04,APAC,Home,83.0,41.14
ORD-11247,2025-11-17,EU,Apparel,35.61,17.1
ORD-11248,2025-12-31,LATAM,Electronics,462.01,175.45
ORD-11249,2025-12-26,APAC,Apparel,315.99,133.68
ORD-11250,2025-12-01,EU,Apparel,402.34,127.52
ORD-11251,2025-11-08,NA,Home,251.13,138.98
ORD-11252,2025-12-23,EU,Home,76.31,30.48
ORD-11253,2025-11-05,LATAM,Apparel,80.09,33.77
ORD-11254,2025-11-26,EU,Apparel,349.07,212.35
ORD-11255,2025-12-02,LATAM,Apparel,226.55,97.62
ORD-11256,2025-11-05,NA,Apparel,116.25,46.14
ORD-11257,2025-12-07,EU,Home,255.97,94.1
ORD-11258,2025-12-11,LATAM,Apparel,50.82,31.0
ORD-11259,2025-12-14,APAC,Toys,299.35,105.34
ORD-11260,2025-11-04,NA,Toys,149.12,71.8
ORD-11261,2025-11-10,NA,Home,402.83,202.53
ORD-11262,2025-11-10,NA,Apparel,168.97,97.15
ORD-11263,2025-12-22,APAC,Apparel,238.51,131.97
ORD-11264,2025-12-07,NA,Toys,25.58,15.97
ORD-11265,2025-12-31,NA,Home,54.77,17.41
ORD-11266,2025-11-20,NA,Apparel,208.4,87.23
ORD-11267,2025-11-06,LATAM,Apparel,250.37,103.17
ORD-11268,2025-11-16,NA,Apparel,308.01,110.39
ORD-11269,2025-11-08,EU,Home,160.0,66.51
ORD-11270,2025-12-06,EU,Toys,353.59,149.89
ORD-11271,2025-12-19,LATAM,Toys,432.86,220.22
ORD-11272,2025-11-27,EU,Electronics,394.33,222.99
ORD-11273,2025-12-09,NA,Toys,39.02,17.65
ORD-11274,2025-12-09,EU,Apparel,250.64,147.32
ORD-11275,2025-12-21,NA,Home,70.37,30.57
ORD-11276,2025-12-10,APAC,Apparel,136.18,56.67
ORD-11277,2025-11-15,NA,Home,493.6,254.93
ORD-11278,2025-12-20,EU,Apparel,88.4,27.36
ORD-11279,2025-12-04,LATAM,Toys,259.47,86.12
ORD-11280,2025-11-25,APAC,Home,316.71,147.96
ORD-11281,2025-11-29,NA,Electronics,357.18,241.87
ORD-11282,2025-12-29,NA,Home,288.63,169.89
ORD-11283,2025-11-29,EU,Toys,24.69,8.28
ORD-11284,2025-11-20,NA,Home,176.7,112.83
ORD-11285,2025-12-26,EU,Electronics,268.5,159.2
ORD-11286,2025-12-08,APAC,Toys,62.18,33.85
ORD-11287,2025-11-28,NA,Toys,188.3,118.27
ORD-11288,2025-11-20,EU,Electronics,35.94,16.59
ORD-11289,2025-12-07,LATAM,Home,57.72,22.43
ORD-11290,2025-12-10,EU,Apparel,210.52,106.27
ORD-11291,2025-11-04,NA,Electronics,83.7,43.49
ORD-11292,2025-12-10,APAC,Apparel,292.42,150.69
ORD-11293,2025-12-18,LATAM,Apparel,350.94,184.6
ORD-11294,2025-11-07,EU,Home,404.28,274.7
ORD-11295,2025-12-31,EU,Home,116.07,76.71
ORD-11296,2025-12-19,LATAM,Electronics,100.39,65.28
ORD-11297,2025-11-14,EU,Home,70.19,43.56
ORD-11298,2025-12-11,EU,Apparel,325.49,220.48
ORD-11299,2025-11-14,APAC,Toys,359.11,121.88
ORD-11300,2025-11-17,APAC,Toys,35.16,14.28
ORD-11301,2025-12-13,APAC,Toys,469.38,233.76
ORD-11302,2025-11-06,EU,Electronics,44.95,28.71
ORD-11303,2025-11-11,NA,Electronics,279.82,140.49
ORD-11304,2025-11-16,LATAM,Toys,360.35,215.93
ORD-11305,2025-11-12,APAC,Toys,438.07,155.77
ORD-11306,2025-12-06,EU,Apparel,362.76,145.45
ORD-11307,2025-11-05,EU,Toys,404.83,239.95
ORD-11308,2025-11-11,LATAM,Home,182.94,66.94
ORD-11309,2025-11-01,NA,Apparel,411.12,181.12
ORD-11310,2025-11-27,EU,Home,58.46,23.73
ORD-11311,2025-11-29,EU,Electronics,449.51,197.76
ORD-11312,2025-12-15,EU,Electronics,282.84,164.99
ORD-11313,2025-12-09,LATAM,Apparel,412.3,184.36
ORD-11314,2025-12-01,NA,Toys,237.11,123.8
ORD-11315,2025-11-19,EU,Home,328.92,111.82
ORD-11316,2025-11-03,LATAM,Apparel,272.67,169.6
ORD-11317,2025-11-15,NA,Apparel,371.16,166.26
ORD-11318,2025-11-19,EU,Electronics,59.18,33.11
ORD-11319,2025-12-16,APAC,Electronics,48.97,28.9
ORD-11320,2025-11-19,EU,Apparel,138.61,53.21
ORD-11321,2025-12-15,NA,Toys,96.58,63.15
ORD-11322,2025-12-26,NA,Electronics,438.46,239.61
ORD-11323,2025-11-30,NA,Toys,125.22,59.04
ORD-11324,2025-11-05,NA,Apparel,488.42,182.15
ORD-11325,2025-12-14,EU,Home,181.71,123.0
ORD-11326,2025-11-15,APAC,Apparel,107.42,64.67
ORD-11327,2025-12-30,EU,Toys,399.06,152.92
ORD-11328,2025-11-17,NA,Toys,336.18,146.27
ORD-11329,2025-12-21,NA,Home,259.13,161.66
ORD-11330,2025-12-21,EU,Electronics,286.57,165.72
ORD-11331,2025-12-11,APAC,Toys,365.22,221.44
ORD-11332,2025-12-08,NA,Home,129.66,61.78
ORD-11333,2025-12-13,NA,Electronics,498.24,292.26
ORD-11334,2025-12-22,APAC,Apparel,487.9,221.8
ORD-11335,2025-12-30,EU,Home,332.16,127.72
ORD-11336,2025-11-13,EU,Apparel,115.78,64.03
ORD-11337,2025-11-28,NA,Apparel,346.51,239.23
ORD-11338,2025-11-08,EU,Electronics,54.66,23.19
ORD-11339,2025-12-05,NA,Home,34.71,16.81
ORD-11340,2025-11-15,EU,Home,143.69,81.85
ORD-11341,2025-12-12,APAC,Apparel,242.06,125.05
ORD-11342,2025-11-10,EU,Home,436.77,278.38
ORD-11343,2025-12-29,LATAM,Toys,369.04,223.16
ORD-11344,2025-11-18,NA,Electronics,376.5,121.73
ORD-11345,2025-12-23,NA,Home,224.24,156.83
ORD-11346,2025-11-10,APAC,Apparel,186.05,111.81
ORD-11347,2025-11-05,NA,Electronics,198.1,127.89
ORD-11348,2025-11-04,NA,Toys,494.07,276.92
ORD-11349,2025-11-11,APAC,Toys,39.25,25.22
ORD-11350,2025-12-21,EU,Electronics,436.18,150.46
ORD-11351,2025-11-20,EU,Home,297.76,130.74
ORD-11352,2025-12-09,EU,Toys,230.54,149.98
ORD-11353,2025-12-18,APAC,Electronics,368.12,140.13
ORD-11354,2025-12-23,NA,Home,253.6,84.02
ORD-11355,2025-12-07,EU,Toys,439.24,270.24
ORD-11356,2025-12-29,LATAM,Apparel,452.34,286.87
ORD-11357,2025-11-19,NA,Apparel,222.43,81.2
ORD-11358,2025-11-29,NA,Electronics,152.88,98.11
ORD-11359,2025-11-08,EU,Toys,304.33,174.9
ORD-11360,2025-11-30,EU,Electronics,457.93,232.64
ORD-11361,2025-12-15,LATAM,Apparel,121.12,76.56
ORD-11362,2025-11-20,NA,Electronics,319.02,149.21
ORD-11363,2025-12-15,APAC,Electronics,323.15,122.02
ORD-11364,2025-11-26,NA,Electronics,371.89,153.94
ORD-11365,2025-12-31,NA,Electronics,83.15,41.75
ORD-11366,2025-11-18,NA,Electronics,363.6,186.36
ORD-11367,2025-12-03,NA,Apparel,456.34,283.95
ORD-11368,2025-12-05,APAC,Home,106.25,65.51
ORD-11369,2025-12-02,EU,Home,134.02,71.37
ORD-11370,2025-11-29,NA,Apparel,486.27,297.75
ORD-11371,2025-11-06,EU,Electronics,106.87,40.26
ORD-11372,2025-12-09,APAC,Electronics,430.1,137.64
ORD-11373,2025-11-03,NA,Electronics,256.29,166.45
ORD-11374,2025-12-27,EU,Home,138.67,45.79
ORD-11375,2025-11-28,APAC,Apparel,437.96,174.6
ORD-11376,2025-12-18,NA,Home,233.75,135.14
ORD-11377,2025-11-21,APAC,Apparel,267.11,123.88
ORD-11378,2025-12-09,EU,Home,192.43,125.18
ORD-11379,2025-11-17,APAC,Apparel,304.62,127.69
ORD-11380,2025-11-02,LATAM,Home,98.49,30.01
ORD-11381,2025-11-06,EU,Apparel,207.72,87.3
ORD-11382,2025-11-15,NA,Toys,485.32,257.82
ORD-11383,2025-12-14,LATAM,Apparel,143.9,64.81
ORD-11384,2025-12-24,EU,Toys,335.23,172.29
ORD-11385,2025-12-26,NA,Home,176.09,114.57
ORD-11386,2025-12-07,APAC,Apparel,391.27,260.19
ORD-11387,2025-12-08,APAC,Apparel,82.82,33.66
ORD-11388,2025-12-31,APAC,Home,485.51,235.4
ORD-11389,2025-11-02,EU,Toys,237.82,123.58
ORD-11390,2025-12-19,NA,Home,133.3,90.6
ORD-11391,2025-12-14,NA,Apparel,55.28,38.67
ORD-11392,2025-12-23,NA,Home,101.48,40.0
ORD-11393,2025-11-18,EU,Home,269.49,159.21
ORD-11394,2025-12-07,EU,Home,181.76,82.01
ORD-11395,2025-11-03,EU,Apparel,417.86,126.71
ORD-11396,2025-12-19,EU,Toys,226.83,68.89
ORD-11397,2025-12-19,LATAM,Electronics,139.38,67.49
ORD-11398,2025-11-12,NA,Apparel,316.23,156.64
ORD-11399,2025-12-01,NA,Apparel,359.25,111.02
ORD-11400,2025-12-04,APAC,Electronics,100.18,57.58
ORD-11401,2025-12-12,EU,Apparel,100.46,41.95
ORD-11402,2025-11-29,APAC,Electronics,37.6,19.7
ORD-11403,2025-12-29,NA,Home,373.47,156.99
ORD-11404,2025-11-18,EU,Apparel,338.63,124.23
ORD-11405,2025-11-12,NA,Electronics,247.82,114.71
ORD-11406,2025-12-08,NA,Toys,425.2,167.07
ORD-11407,2025-11-28,NA,Electronics,406.72,209.02
ORD-11408,2025-12-11,EU,Home,300.97,114.23
ORD-11409,2025-12-23,APAC,Apparel,436.77,219.85
ORD-11410,2025-12-02,EU,Toys,118.8,43.12
ORD-11411,2025-11-06,APAC,Apparel,73.72,41.9
ORD-11412,2025-12-01,APAC,Apparel,149.48,89.92
ORD-11413,2025-11-23,EU,Apparel,47.4,16.31
ORD-11414,2025-11-27,NA,Apparel,274.96,133.94
ORD-11415,2025-11-22,EU,Home,469.57,154.18
ORD-11416,2025-11-21,EU,Toys,38.88,20.97
ORD-11417,2025-12-13,EU,Electronics,78.61,31.9
ORD-11418,2025-11-07,LATAM,Apparel,237.06,121.15
ORD-11419,2025-12-25,EU,Electronics,468.26,237.4
ORD-11420,2025-11-11,NA,Apparel,171.75,115.03
ORD-11421,2025-11-22,NA,Toys,263.47,136.91
ORD-11422,2025-11-27,EU,Apparel,39.95,21.3
ORD-11423,2025-12-15,LATAM,Electronics,91.2,42.01
ORD-11424,2025-12-02,EU,Toys,493.58,335.45
ORD-11425,2025-11-19,APAC,Home,483.26,295.21
ORD-11426,2025-12-13,NA,Home,22.37,9.26
ORD-11427,2025-12-31,NA,Toys,476.87,304.09
ORD-11428,2025-11-26,NA,Toys,326.78,154.55
ORD-11429,2025-12-23,NA,Toys,436.6,275.7
ORD-11430,2025-12-19,EU,Apparel,238.28,149.92
ORD-11431,2025-12-06,NA,Toys,267.49,100.46
ORD-11432,2025-11-03,NA,Electronics,254.65,147.81
ORD-11433,2025-11-30,APAC,Toys,340.09,141.56
ORD-11434,2025-11-06,EU,Electronics,87.03,36.47
ORD-11435,2025-11-21,NA,Home,34.39,14.39
ORD-11436,2025-11-17,APAC,Electronics,167.81,99.05
ORD-11437,2025-11-21,EU,Electronics,358.25,140.41
ORD-11438,2025-11-08,NA,Toys,116.89,35.11
ORD-11439,2025-12-20,NA,Apparel,343.25,201.18
ORD-11440,2025-11-26,APAC,Apparel,485.56,178.92
ORD-11441,2025-12-26,EU,Toys,65.07,22.24
ORD-11442,2025-12-03,LATAM,Apparel,342.85,135.43
ORD-11443,2025-12-23,EU,Toys,233.0,105.31
ORD-11444,2025-11-01,NA,Electronics,436.71,214.15
ORD-11445,2025-12-13,EU,Apparel,105.03,33.38
ORD-11446,2025-12-26,NA,Home,352.46,242.57
ORD-11447,2025-12-05,EU,Electronics,422.3,247.65
ORD-11448,2025-11-30,NA,Electronics,473.41,203.22
ORD-11449,2025-11-27,EU,Electronics,347.96,148.75
ORD-11450,2025-11-04,NA,Home,258.64,124.0
ORD-11451,2025-11-13,APAC,Toys,316.57,174.27
ORD-11452,2025-12-04,APAC,Toys,437.07,156.71
ORD-11453,2025-11-24,NA,Toys,293.89,110.38
ORD-11454,2025-12-10,APAC,Electronics,34.59,22.27
ORD-11455,2025-12-19,LATAM,Home,466.86,187.91
ORD-11456,2025-12-02,NA,Toys,350.97,158.67
ORD-11457,2025-12-11,APAC,Toys,344.73,223.56
ORD-11458,2025-11-29,EU,Electronics,123.52,69.82
ORD-11459,2025-12-19,NA,Toys,336.27,146.84
ORD-11460,2025-11-04,APAC,Electronics,209.05,119.89
ORD-11461,2025-11-14,APAC,Home,332.59,102.4
ORD-11462,2025-11-18,EU,Electronics,71.16,42.29
ORD-11463,2025-12-06,NA,Electronics,335.77,166.14
ORD-11464,2025-11-09,NA,Toys,499.72,312.46
ORD-11465,2025-12-30,EU,Electronics,43.14,29.42
ORD-11466,2025-11-19,NA,Electronics,489.04,327.81
ORD-11467,2025-11-29,APAC,Apparel,215.32,142.91
ORD-11468,2025-12-27,NA,Toys,437.96,221.11
ORD-11469,2025-12-15,NA,Home,395.55,175.65
ORD-11470,2025-12-02,APAC,Electronics,292.17,142.0
ORD-11471,2025-11-08,APAC,Toys,374.46,215.67
ORD-11472,2025-11-02,NA,Electronics,441.69,288.69
ORD-11473,2025-12-11,NA,Electronics,213.99,81.91
ORD-11474,2025-12-09,EU,Toys,176.98,118.09
ORD-11475,2025-12-22,EU,Toys,340.44,213.14
ORD-11476,2025-11-16,APAC,Home,407.77,281.99
ORD-11477,2025-12-16,NA,Electronics,385.9,251.65
ORD-11478,2025-11-11,LATAM,Home,402.95,166.01
ORD-11479,2025-11-20,EU,Electronics,229.08,78.43
ORD-11480,2025-12-06,NA,Electronics,412.56,142.29
ORD-11481,2025-11-01,NA,Electronics,77.7,32.36
ORD-11482,2025-12-06,APAC,Electronics,281.35,153.53
ORD-11483,2025-11-27,EU,Electronics,22.76,14.15
ORD-11484,2025-11-06,LATAM,Toys,175.8,115.98
ORD-11485,2025-11-15,NA,Toys,195.9,107.65
ORD-11486,2025-12-24,NA,Home,210.16,63.52
ORD-11487,2025-12-29,EU,Apparel,353.82,132.52
ORD-11488,2025-11-08,NA,Electronics,206.51,70.19
ORD-11489,2025-11-30,NA,Electronics,235.37,104.82
ORD-11490,2025-12-31,APAC,Electronics,134.02,67.08
ORD-11491,2025-11-08,EU,Electronics,199.16,63.21
ORD-11492,2025-12-12,NA,Home,129.09,56.72
ORD-11493,2025-12-24,NA,Toys,55.13,20.49
ORD-11494,2025-11-10,APAC,Electronics,309.66,173.05
ORD-11495,2025-12-02,EU,Apparel,340.74,165.5
ORD-11496,2025-12-30,APAC,Electronics,317.36,158.09
ORD-11497,2025-12-16,EU,Apparel,242.48,114.23
ORD-11498,2025-11-19,EU,Toys,202.3,138.05
ORD-11499,2025-12-03,NA,Home,434.4,167.63
ORD-11500,2025-12-16,LATAM,Apparel,269.16,136.37
ORD-11501,2025-11-18,APAC,Home,250.01,148.61
ORD-11502,2025-11-27,NA,Apparel,32.31,16.89
ORD-11503,2025-12-24,APAC,Home,183.8,123.44
ORD-11504,2025-12-01,EU,Toys,202.49,91.36
ORD-11505,2025-12-01,LATAM,Toys,211.43,102.64
ORD-11506,2025-11-16,EU,Apparel,298.48,100.11
ORD-11507,2025-11-30,APAC,Home,276.13,150.1
ORD-11508,2025-12-06,NA,Home,311.79,129.48
ORD-11509,2025-11-10,APAC,Home,387.14,140.97
ORD-11510,2025-11-25,APAC,Toys,410.23,212.42
ORD-11511,2025-11-13,NA,Home,364.7,187.06
ORD-11512,2025-12-29,NA,Apparel,478.65,158.12
ORD-11513,2025-12-09,EU,Home,28.75,16.65
ORD-11514,2025-12-03,APAC,Apparel,113.97,62.63
ORD-11515,2025-12-18,EU,Toys,23.63,8.88
ORD-11516,2025-12-27,NA,Electronics,330.79,161.35
ORD-11517,2025-11-09,EU,Home,451.05,265.28
ORD-11518,2025-12-26,NA,Apparel,136.87,70.05
ORD-11519,2025-11-05,LATAM,Apparel,464.98,213.05
ORD-11520,2025-11-18,NA,Home,48.93,20.99
ORD-11521,2025-12-20,EU,Apparel,468.53,254.95
ORD-11522,2025-12-21,APAC,Apparel,188.78,127.55
ORD-11523,2025-12-25,NA,Apparel,68.68,39.06
ORD-11524,2025-11-27,EU,Apparel,253.22,83.54
ORD-11525,2025-11-22,EU,Electronics,143.25,69.37
ORD-11526,2025-12-30,APAC,Electronics,156.74,102.87
ORD-11527,2025-12-21,APAC,Apparel,167.5,56.58
ORD-11528,2025-12-03,EU,Home,405.45,282.01
ORD-11529,2025-11-18,NA,Electronics,278.8,189.48
ORD-11530,2025-12-23,EU,Toys,169.43,56.13
ORD-11531,2025-11-01,NA,Toys,312.96,210.74
ORD-11532,2025-11-19,APAC,Home,363.75,161.96
ORD-11533,2025-12-17,LATAM,Home,150.86,96.23
ORD-11534,2025-11-20,NA,Apparel,218.5,102.12
ORD-11535,2025-12-24,NA,Electronics,78.51,37.4
ORD-11536,2025-12-08,EU,Electronics,106.95,59.22
ORD-11537,2025-12-08,NA,Electronics,346.94,211.56
ORD-11538,2025-12-13,EU,Apparel,107.09,33.57
ORD-11539,2025-12-02,NA,Apparel,272.08,146.18
ORD-11540,2025-12-26,APAC,Apparel,360.34,135.02
ORD-11541,2025-11-10,APAC,Apparel,71.3,31.26
ORD-11542,2025-11-29,APAC,Toys,292.31,128.38
ORD-11543,2025-12-05,NA,Apparel,143.15,69.8
ORD-11544,2025-12-01,EU,Apparel,482.2,209.11
ORD-11545,2025-11-23,APAC,Electronics,252.1,86.46
ORD-11546,2025-11-22,APAC,Toys,406.88,145.77
ORD-11547,2025-12-06,EU,Toys,284.11,89.03
ORD-11548,2025-12-19,APAC,Toys,40.84,19.93
ORD-11549,2025-12-05,NA,Apparel,323.91,220.84
ORD-11550,2025-11-25,EU,Electronics,476.67,165.06
ORD-11551,2025-11-30,EU,Apparel,308.77,209.5
ORD-11552,2025-12-30,APAC,Apparel,413.21,245.18
ORD-11553,2025-11-21,NA,Home,444.42,246.65
ORD-11554,2025-12-26,APAC,Apparel,129.48,72.26
ORD-11555,2025-11-13,NA,Home,121.78,76.81
ORD-11556,2025-12-15,NA,Apparel,313.27,107.38
ORD-11557,2025-11-16,EU,Home,217.29,109.06
ORD-11558,2025-12-07,NA,Apparel,423.13,244.92
ORD-11559,2025-11-25,LATAM,Toys,452.01,241.7
ORD-11560,2025-11-15,EU,Toys,189.64,120.06
ORD-11561,2025-12-25,APAC,Apparel,133.7,43.98
ORD-11562,2025-12-20,APAC,Apparel,394.65,227.43
ORD-11563,2025-11-27,NA,Electronics,151.91,78.02
ORD-11564,2025-11-03,APAC,Toys,414.85,187.37
ORD-11565,2025-11-21,APAC,Electronics,223.39,97.42
ORD-11566,2025-12-18,NA,Toys,340.42,186.66
ORD-11567,2025-12-01,LATAM,Electronics,65.86,43.23
ORD-11568,2025-12-16,EU,Home,319.45,159.24
ORD-11569,2025-12-29,APAC,Apparel,236.85,149.19
ORD-11570,2025-12-22,NA,Electronics,301.57,138.98
ORD-11571,2025-11-25,NA,Electronics,100.65,34.32
ORD-11572,2025-11-25,EU,Home,373.7,121.3
ORD-11573,2025-12-13,NA,Electronics,434.14,139.16
ORD-11574,2025-12-21,NA,Apparel,124.04,56.07
ORD-11575,2025-12-23,EU,Toys,65.94,28.68
ORD-11576,2025-12-12,NA,Apparel,31.35,18.41
ORD-11577,2025-11-10,APAC,Home,328.15,195.95
ORD-11578,2025-12-02,NA,Apparel,311.41,99.76
ORD-11579,2025-11-03,LATAM,Electronics,282.41,109.7
ORD-11580,2025-11-09,NA,Home,131.33,53.81
ORD-11581,2025-12-03,NA,Electronics,207.63,107.77
ORD-11582,2025-12-08,EU,Apparel,305.35,109.26
ORD-11583,2025-11-22,LATAM,Apparel,258.45,91.38
ORD-11584,2025-12-26,EU,Toys,494.14,334.79
ORD-11585,2025-11-07,LATAM,Electronics,85.49,53.15
ORD-11586,2025-12-26,NA,Toys,353.67,131.66
ORD-11587,2025-12-25,APAC,Home,214.07,99.03
ORD-11588,2025-11-29,NA,Home,225.54,99.74
ORD-11589,2025-11-07,NA,Electronics,364.45,224.65
ORD-11590,2025-12-04,NA,Toys,352.37,177.62
ORD-11591,2025-12-29,EU,Toys,495.8,174.1
ORD-11592,2025-11-30,NA,Apparel,81.63,48.62
ORD-11593,2025-11-01,NA,Home,69.97,32.1
ORD-11594,2025-12-17,NA,Apparel,367.68,148.97
ORD-11595,2025-11-10,EU,Home,297.63,133.99
ORD-11596,2025-11-27,EU,Apparel,151.6,75.66
ORD-11597,2025-12-26,NA,Electronics,58.12,25.41
ORD-11598,2025-12-12,APAC,Toys,61.12,24.25
ORD-11599,2025-11-10,EU,Electronics,449.21,206.37
ORD-11600,2025-11-05,EU,Apparel,112.1,34.49
ORD-11601,2025-12-01,NA,Apparel,175.22,106.71
ORD-11602,2025-12-21,EU,Electronics,128.8,47.45
ORD-11603,2025-11-17,APAC,Apparel,190.4,60.46
ORD-11604,2025-11-22,LATAM,Toys,53.32,29.94
ORD-11605,2025-12-10,APAC,Electronics,269.15,164.07
ORD-11606,2025-12-15,LATAM,Home,52.45,32.81
ORD-11607,2025-11-26,NA,Apparel,404.17,201.04
ORD-11608,2025-12-12,APAC,Toys,132.18,50.51
ORD-11609,2025-11-06,EU,Electronics,279.21,166.1
ORD-11610,2025-12-25,NA,Home,442.44,256.56
ORD-11611,2025-11-22,APAC,Apparel,332.42,132.47
ORD-11612,2025-12-25,NA,Toys,275.82,182.42
ORD-11613,2025-12-14,LATAM,Electronics,175.68,60.04
ORD-11614,2025-12-25,NA,Electronics,179.84,124.64
ORD-11615,2025-12-05,NA,Toys,341.35,219.86
ORD-11616,2025-11-25,EU,Apparel,497.19,285.96
ORD-11617,2025-11-21,EU,Apparel,337.68,228.1
ORD-11618,2025-12-11,APAC,Electronics,287.74,169.46
ORD-11619,2025-12-16,EU,Apparel,370.71,139.45
ORD-11620,2025-12-27,EU,Toys,243.3,116.02
ORD-11621,2025-12-19,NA,Toys,48.87,16.06
ORD-11622,2025-12-02,LATAM,Apparel,289.9,132.15
ORD-11623,2025-12-26,EU,Electronics,479.66,286.18
ORD-11624,2025-12-05,NA,Apparel,104.15,47.34
ORD-11625,2025-11-03,NA,Toys,351.2,151.76
ORD-11626,2025-12-10,EU,Home,116.45,62.67
ORD-11627,2025-11-05,EU,Toys,277.2,179.87
ORD-11628,2025-11-16,NA,Toys,66.4,21.18
ORD-11629,2025-12-11,NA,Toys,236.18,107.27
ORD-11630,2025-12-14,APAC,Apparel,382.96,139.13
ORD-11631,2025-12-29,NA,Home,186.83,108.01
ORD-11632,2025-11-19,LATAM,Toys,339.16,116.09
ORD-11633,2025-11-15,EU,Toys,401.82,227.4
ORD-11634,2025-12-18,EU,Apparel,465.05,192.75
ORD-11635,2025-11-06,NA,Home,132.63,50.34
ORD-11636,2025-11-28,EU,Home,211.67,142.78
ORD-11637,2025-11-07,NA,Home,93.16,28.64
ORD-11638,2025-12-19,EU,Toys,496.39,235.84
ORD-11639,2025-12-11,EU,Home,464.96,143.51
ORD-11640,2025-12-16,APAC,Home,279.18,137.76
ORD-11641,2025-12-26,EU,Toys,424.18,212.27
ORD-11642,2025-11-07,NA,Toys,270.06,115.77
ORD-11643,2025-11-29,NA,Electronics,319.32,112.68
ORD-11644,2025-11-11,APAC,Toys,62.78,28.29
ORD-11645,2025-12-15,NA,Apparel,382.53,217.62
ORD-11646,2025-11-20,NA,Apparel,81.3,49.83
ORD-11647,2025-12-28,EU,Toys,416.51,213.38
ORD-11648,2025-11-02,LATAM,Apparel,395.37,211.89
ORD-11649,2025-11-03,APAC,Toys,360.2,136.96
ORD-11650,2025-11-21,NA,Toys,37.36,15.5
ORD-11651,2025-12-21,NA,Electronics,165.5,60.37
ORD-11652,2025-11-04,EU,Home,146.29,58.47
ORD-11653,2025-11-19,NA,Toys,192.87,75.21
ORD-11654,2025-11-23,LATAM,Apparel,62.07,31.52
ORD-11655,2025-11-24,APAC,Toys,469.74,246.65
ORD-11656,2025-11-28,NA,Home,285.83,193.79
ORD-11657,2025-11-10,LATAM,Toys,166.65,63.03
ORD-11658,2025-11-16,APAC,Electronics,210.55,117.21
ORD-11659,2025-12-04,EU,Toys,234.66,147.11
ORD-11660,2025-11-27,EU,Apparel,308.29,161.57
ORD-11661,2025-12-07,NA,Electronics,267.53,107.55
ORD-11662,2025-12-14,NA,Electronics,461.31,186.84
ORD-11663,2025-12-21,NA,Home,258.54,81.62
ORD-11664,2025-11-12,NA,Apparel,496.24,209.5
ORD-11665,2025-11-11,NA,Home,428.68,256.28
ORD-11666,2025-11-12,NA,Apparel,120.09,38.31
ORD-11667,2025-11-06,NA,Apparel,466.69,180.94
ORD-11668,2025-12-10,EU,Electronics,75.86,44.19
ORD-11669,2025-12-26,NA,Electronics,412.38,252.81
ORD-11670,2025-11-25,NA,Apparel,202.7,97.73
ORD-11671,2025-12-10,NA,Toys,441.43,255.69
ORD-11672,2025-12-14,NA,Electronics,436.67,198.76
ORD-11673,2025-11-16,EU,Apparel,406.84,148.08
ORD-11674,2025-12-02,NA,Toys,399.21,183.34
ORD-11675,2025-12-29,NA,Apparel,166.25,88.44
ORD-11676,2025-12-08,LATAM,Toys,58.84,39.97
ORD-11677,2025-11-10,EU,Electronics,213.43,69.9
ORD-11678,2025-11-15,EU,Apparel,103.29,51.95
ORD-11679,2025-11-30,NA,Electronics,353.58,152.59
ORD-11680,2025-12-11,EU,Toys,186.13,93.68
ORD-11681,2025-11-17,NA,Electronics,488.29,151.17
ORD-11682,2025-11-30,NA,Electronics,327.67,139.33
ORD-11683,2025-11-17,APAC,Toys,414.79,260.47
ORD-11684,2025-12-13,LATAM,Apparel,83.61,43.61
ORD-11685,2025-11-01,NA,Toys,433.77,208.31
ORD-11686,2025-12-28,APAC,Home,462.92,191.75
ORD-11687,2025-12-22,EU,Apparel,253.79,106.39
ORD-11688,2025-11-30,NA,Toys,311.0,140.96
ORD-11689,2025-12-28,LATAM,Apparel,387.11,245.52
ORD-11690,2025-11-19,LATAM,Home,103.92,71.38
ORD-11691,2025-12-14,EU,Electronics,261.23,124.2
ORD-11692,2025-12-05,NA,Electronics,211.36,96.66
ORD-11693,2025-11-11,EU,Apparel,90.26,57.64
ORD-11694,2025-11-05,LATAM,Apparel,196.42,92.47
ORD-11695,2025-11-29,EU,Electronics,52.72,27.46
ORD-11696,2025-12-31,EU,Electronics,32.39,12.71
ORD-11697,2025-11-23,APAC,Toys,84.88,50.71
ORD-11698,2025-12-08,LATAM,Electronics,482.3,247.32
ORD-11699,2025-11-20,NA,Home,283.77,176.96
ORD-11700,2025-12-11,EU,Apparel,483.59,296.1
ORD-11701,2025-11-28,NA,Electronics,227.6,87.85
ORD-11702,2025-12-15,EU,Toys,169.67,99.47
ORD-11703,2025-11-17,APAC,Toys,262.95,163.03
ORD-11704,2025-11-30,EU,Home,230.97,101.27
ORD-11705,2025-12-25,NA,Toys,70.72,26.1
ORD-11706,2025-11-20,NA,Electronics,327.6,98.62
ORD-11707,2025-11-13,EU,Electronics,123.7,59.42
ORD-11708,2025-11-25,EU,Electronics,317.4,139.96
ORD-11709,2025-12-25,NA,Toys,332.1,173.34
ORD-11710,2025-12-01,LATAM,Apparel,92.97,34.88
ORD-11711,2025-11-07,NA,Home,49.45,31.84
ORD-11712,2025-11-16,NA,Toys,394.77,159.13
ORD-11713,2025-11-25,EU,Apparel,240.7,94.01
ORD-11714,2025-12-07,EU,Home,47.92,23.59
ORD-11715,2025-11-23,EU,Electronics,497.54,248.54
ORD-11716,2025-12-07,NA,Toys,47.73,18.43
ORD-11717,2025-11-19,EU,Apparel,353.62,144.54
ORD-11718,2025-12-15,NA,Electronics,492.17,181.06
ORD-11719,2025-11-19,NA,Home,134.81,79.19
ORD-11720,2025-11-02,EU,Toys,88.28,53.68
ORD-11721,2025-12-24,LATAM,Home,78.26,37.95
ORD-11722,2025-12-13,LATAM,Toys,165.57,96.96
ORD-11723,2025-11-26,NA,Electronics,68.5,40.71
ORD-11724,2025-11-18,NA,Electronics,352.24,125.15
ORD-11725,2025-11-01,APAC,Apparel,49.9,34.25
ORD-11726,2025-12-07,NA,Toys,264.52,166.23
ORD-11727,2025-12-26,NA,Electronics,498.41,190.29
ORD-11728,2025-12-14,NA,Home,410.71,153.8
ORD-11729,2025-12-20,NA,Home,315.31,110.44
ORD-11730,2025-12-18,LATAM,Home,167.0,59.34
ORD-11731,2025-11-04,APAC,Toys,319.47,191.45
ORD-11732,2025-12-29,NA,Apparel,272.98,133.18
ORD-11733,2025-12-09,APAC,Electronics,224.52,137.67
ORD-11734,2025-12-18,EU,Home,82.74,49.52
ORD-11735,2025-12-02,LATAM,Apparel,445.57,241.43
ORD-11736,2025-12-24,APAC,Home,235.9,135.54
ORD-11737,2025-12-28,NA,Home,113.42,34.86
ORD-11738,2025-12-28,APAC,Electronics,196.52,83.46
ORD-11739,2025-11-19,LATAM,Home,218.78,121.45
ORD-11740,2025-12-20,EU,Home,417.22,126.73
ORD-11741,2025-12-22,APAC,Electronics,372.13,116.55
ORD-11742,2025-11-15,NA,Toys,389.27,249.43
ORD-11743,2025-12-09,EU,Home,25.3,14.51
ORD-11744,2025-12-22,NA,Home,219.75,89.25
ORD-11745,2025-11-23,NA,Toys,251.05,144.4
ORD-11746,2025-11-15,EU,Apparel,29.21,18.02
ORD-11747,2025-12-11,APAC,Home,144.71,61.17
ORD-11748,2025-11-13,LATAM,Apparel,384.94,121.03
ORD-11749,2025-12-10,NA,Home,85.81,57.76
ORD-11750,2025-11-17,LATAM,Apparel,276.95,121.32
ORD-11751,2025-12-14,APAC,Toys,123.3,42.24
ORD-11752,2025-12-19,NA,Electronics,25.82,12.83
ORD-11753,2025-12-17,EU,Toys,135.78,82.47
ORD-11754,2025-12-20,LATAM,Apparel,488.42,189.83
ORD-11755,2025-12-13,EU,Apparel,404.74,165.05
ORD-11756,2025-12-14,EU,Electronics,480.6,190.84
ORD-11757,2025-12-24,APAC,Electronics,254.17,177.07
ORD-11758,2025-11-09,APAC,Electronics,72.67,27.54
ORD-11759,2025-12-11,NA,Electronics,283.02,150.06
ORD-11760,2025-11-07,NA,Home,238.1,159.55
ORD-11761,2025-12-28,NA,Electronics,425.29,152.58
ORD-11762,2025-12-11,EU,Electronics,67.08,46.17
ORD-11763,2025-12-12,NA,Apparel,254.36,172.71
ORD-11764,2025-11-03,APAC,Electronics,92.02,60.17
ORD-11765,2025-11-20,APAC,Electronics,175.84,67.84
ORD-11766,2025-12-21,NA,Toys,373.93,207.02
ORD-11767,2025-11-29,EU,Home,248.49,150.18
ORD-11768,2025-11-03,EU,Home,200.43,139.18
ORD-11769,2025-12-08,NA,Home,209.35,77.91
ORD-11770,2025-11-24,NA,Apparel,240.53,145.86
ORD-11771,2025-12-17,NA,Electronics,396.81,172.82
ORD-11772,2025-11-09,LATAM,Home,448.2,165.95
ORD-11773,2025-11-06,APAC,Toys,478.56,224.23
ORD-11774,2025-12-29,EU,Home,397.71,245.6
ORD-11775,2025-11-19,EU,Home,171.4,83.29
ORD-11776,2025-11-21,APAC,Toys,350.3,180.41
ORD-11777,2025-12-18,EU,Electronics,230.05,160.59
ORD-11778,2025-11-27,EU,Apparel,142.24,65.38
ORD-11779,2025-11-12,EU,Electronics,423.62,231.36
ORD-11780,2025-11-13,NA,Electronics,38.44,17.15
ORD-11781,2025-11-09,NA,Electronics,452.85,207.0
ORD-11782,2025-12-21,NA,Electronics,241.51,139.65
ORD-11783,2025-12-05,LATAM,Electronics,325.86,220.01
ORD-11784,2025-12-27,NA,Toys,336.49,173.95
ORD-11785,2025-11-24,APAC,Apparel,449.66,273.11
ORD-11786,2025-12-04,EU,Electronics,325.6,109.3
ORD-11787,2025-12-03,EU,Apparel,314.69,120.99
ORD-11788,2025-12-29,APAC,Home,51.99,26.04
ORD-11789,2025-11-18,EU,Apparel,268.84,82.8
ORD-11790,2025-12-24,EU,Home,92.08,36.94
ORD-11791,2025-11-11,EU,Apparel,373.97,189.59
ORD-11792,2025-11-17,NA,Electronics,265.87,81.35
ORD-11793,2025-12-29,EU,Apparel,346.51,140.62
ORD-11794,2025-12-23,EU,Toys,40.0,20.22
ORD-11795,2025-12-31,APAC,Apparel,60.7,32.13
ORD-11796,2025-12-01,NA,Apparel,363.84,243.88
ORD-11797,2025-12-22,NA,Toys,54.6,30.47
ORD-11798,2025-11-19,NA,Home,54.2,25.25
ORD-11799,2025-12-18,APAC,Home,25.81,17.35
ORD-11800,2025-12-26,NA,Electronics,479.12,294.16
ORD-11801,2025-11-22,NA,Toys,374.0,142.12
ORD-11802,2025-12-22,NA,Toys,189.56,66.79
ORD-11803,2025-11-08,EU,Apparel,162.34,92.59
ORD-11804,2025-11-30,LATAM,Apparel,187.86,98.43
ORD-11805,2025-11-05,NA,Toys,391.83,241.32
ORD-11806,2025-11-10,NA,Electronics,337.46,200.96
ORD-11807,2025-12-19,EU,Toys,108.89,59.9
ORD-11808,2025-11-15,LATAM,Electronics,103.57,71.93
ORD-11809,2025-12-26,EU,Home,67.23,34.52
ORD-11810,2025-12-14,APAC,Toys,336.95,116.33
ORD-11811,2025-12-17,NA,Toys,386.9,244.25
ORD-11812,2025-12-14,NA,Home,147.22,59.0
ORD-11813,2025-11-26,APAC,Apparel,30.05,18.36
ORD-11814,2025-12-25,EU,Toys,59.44,40.59
ORD-11815,2025-12-22,APAC,Home,484.57,280.43
ORD-11816,2025-12-06,APAC,Home,161.81,87.12
ORD-11817,2025-11-24,EU,Toys,389.23,188.45
ORD-11818,2025-11-06,NA,Apparel,319.84,142.57
ORD-11819,2025-12-21,EU,Electronics,203.33,89.71
ORD-11820,2025-11-26,EU,Apparel,118.73,65.84
ORD-11821,2025-11-01,NA,Toys,78.27,47.0
ORD-11822,2025-11-17,EU,Home,315.21,180.11
ORD-11823,2025-12-05,APAC,Electronics,391.82,148.64
ORD-11824,2025-11-08,NA,Apparel,329.07,163.74
ORD-11825,2025-11-30,EU,Home,274.55,169.3
ORD-11826,2025-11-24,NA,Home,40.14,19.68
ORD-11827,2025-12-14,EU,Home,484.87,249.54
ORD-11828,2025-12-18,NA,Home,403.38,245.44
ORD-11829,2025-12-14,LATAM,Toys,160.55,90.63
ORD-11830,2025-11-17,NA,Toys,490.39,227.41
ORD-11831,2025-12-08,NA,Home,308.9,203.31
ORD-11832,2025-11-25,NA,Home,299.56,109.35
ORD-11833,2025-12-23,NA,Apparel,379.08,264.68
ORD-11834,2025-12-11,APAC,Toys,409.65,142.37
ORD-11835,2025-12-31,EU,Toys,335.11,102.54
ORD-11836,2025-11-24,APAC,Apparel,81.49,53.46
ORD-11837,2025-11-07,EU,Home,182.37,72.58
ORD-11838,2025-12-14,EU,Home,465.48,275.51
ORD-11839,2025-11-15,EU,Home,127.82,79.81
ORD-11840,2025-12-01,APAC,Toys,198.64,127.84
ORD-11841,2025-11-02,NA,Electronics,227.4,158.42
ORD-11842,2025-12-10,EU,Apparel,230.91,96.43
ORD-11843,2025-12-27,NA,Apparel,314.21,183.53
ORD-11844,2025-12-31,APAC,Home,472.68,163.62
ORD-11845,2025-12-06,LATAM,Toys,135.53,62.71
ORD-11846,2025-11-21,EU,Apparel,78.32,50.06
ORD-11847,2025-12-29,NA,Toys,114.79,51.32
ORD-11848,2025-12-10,NA,Toys,445.72,239.1
ORD-11849,2025-11-15,APAC,Toys,329.99,165.49
ORD-11850,2025-12-12,APAC,Home,157.24,87.8
ORD-11851,2025-11-05,EU,Electronics,411.65,283.69
ORD-11852,2025-12-11,APAC,Apparel,433.46,139.7
ORD-11853,2025-12-23,NA,Home,426.33,225.78
ORD-11854,2025-11-30,APAC,Apparel,461.08,297.49
ORD-11855,2025-12-29,NA,Apparel,141.08,69.49
ORD-11856,2025-12-15,APAC,Home,382.42,126.74
ORD-11857,2025-11-20,NA,Electronics,241.06,126.37
ORD-11858,2025-12-12,APAC,Electronics,424.16,183.59
ORD-11859,2025-11-27,NA,Toys,369.68,133.82
ORD-11860,2025-11-08,NA,Apparel,392.69,251.17
ORD-11861,2025-11-09,NA,Apparel,334.96,170.37
ORD-11862,2025-11-03,NA,Home,105.17,70.81
ORD-11863,2025-12-31,NA,Electronics,281.61,175.28
ORD-11864,2025-11-03,EU,Toys,492.64,284.35
ORD-11865,2025-11-20,APAC,Apparel,469.95,141.93
ORD-11866,2025-12-02,NA,Apparel,40.72,19.18
ORD-11867,2025-11-08,APAC,Apparel,99.11,37.56
ORD-11868,2025-11-07,APAC,Toys,83.23,55.29
ORD-11869,2025-11-16,NA,Toys,368.47,136.27
ORD-11870,2025-12-27,NA,Apparel,412.54,170.97
ORD-11871,2025-12-05,APAC,Toys,122.49,62.07
ORD-11872,2025-11-09,EU,Home,262.81,106.53
ORD-11873,2025-11-25,NA,Apparel,423.54,162.62
ORD-11874,2025-11-30,NA,Home,371.74,200.61
ORD-11875,2025-11-24,NA,Toys,280.27,94.05
ORD-11876,2025-12-13,NA,Toys,303.37,98.07
ORD-11877,2025-12-31,EU,Home,264.01,118.51
ORD-11878,2025-12-18,APAC,Apparel,162.82,95.78
ORD-11879,2025-12-15,APAC,Home,291.21,151.99
ORD-11880,2025-12-31,LATAM,Electronics,350.66,164.51
ORD-11881,2025-12-05,NA,Toys,439.19,231.15
ORD-11882,2025-11-27,LATAM,Electronics,325.42,145.2
ORD-11883,2025-12-08,NA,Home,385.34,259.9
ORD-11884,2025-12-18,NA,Apparel,96.83,31.18
ORD-11885,2025-12-17,NA,Electronics,241.55,137.53
ORD-11886,2025-11-10,APAC,Electronics,24.48,16.07
ORD-11887,2025-12-27,LATAM,Toys,138.41,86.03
ORD-11888,2025-11-27,LATAM,Home,368.7,137.75
ORD-11889,2025-12-12,NA,Apparel,496.07,207.54
ORD-11890,2025-11-07,NA,Home,67.61,39.67
ORD-11891,2025-12-24,EU,Electronics,212.72,70.99
ORD-11892,2025-12-02,APAC,Home,404.03,252.42
ORD-11893,2025-12-10,NA,Electronics,117.94,69.3
ORD-11894,2025-11-27,EU,Home,286.44,169.53
ORD-11895,2025-12-31,NA,Toys,371.87,126.47
ORD-11896,2025-12-31,EU,Electronics,315.67,185.33
ORD-11897,2025-11-18,NA,Electronics,110.25,63.05
ORD-11898,2025-11-03,NA,Home,190.58,120.52
ORD-11899,2025-12-15,NA,Apparel,396.22,125.46
ORD-11900,2025-11-24,NA,Home,286.03,88.45
ORD-11901,2025-11-14,LATAM,Home,22.51,10.11
ORD-11902,2025-11-29,EU,Apparel,385.28,138.51
ORD-11903,2025-11-29,LATAM,Toys,36.95,19.34
ORD-11904,2025-12-31,NA,Electronics,377.95,252.07
ORD-11905,2025-11-16,NA,Electronics,117.19,53.51
ORD-11906,2025-12-25,EU,Electronics,479.88,306.15
ORD-11907,2025-11-24,APAC,Toys,196.61,59.0
ORD-11908,2025-11-07,NA,Apparel,176.93,65.01
ORD-11909,2025-12-14,EU,Home,91.47,28.55
ORD-11910,2025-11-24,EU,Home,166.69,71.89
ORD-11911,2025-12-05,LATAM,Electronics,440.79,292.37
ORD-11912,2025-12-28,NA,Toys,498.24,168.79
ORD-11913,2025-12-12,NA,Toys,196.79,106.77
ORD-11914,2025-11-23,NA,Toys,235.33,113.1
ORD-11915,2025-11-04,NA,Electronics,366.59,247.59
ORD-11916,2025-11-26,NA,Electronics,445.37,155.44
ORD-11917,2025-11-18,NA,Toys,304.66,117.24
ORD-11918,2025-11-13,LATAM,Toys,207.93,64.84
ORD-11919,2025-11-08,NA,Toys,218.06,103.27
ORD-11920,2025-12-31,NA,Toys,353.9,145.5
ORD-11921,2025-12-25,NA,Electronics,21.54,13.96
ORD-11922,2025-12-23,APAC,Apparel,317.4,172.02
ORD-11923,2025-11-30,APAC,Electronics,190.64,104.02
ORD-11924,2025-11-06,EU,Toys,401.21,205.73
ORD-11925,2025-12-13,NA,Toys,64.64,21.77
ORD-11926,2025-11-14,NA,Apparel,302.34,144.52
ORD-11927,2025-12-12,NA,Electronics,250.87,175.56
ORD-11928,2025-12-11,NA,Home,328.32,208.18
ORD-11929,2025-12-09,EU,Apparel,51.13,33.61
ORD-11930,2025-11-02,NA,Electronics,298.39,187.77
ORD-11931,2025-11-04,LATAM,Toys,289.51,98.79
ORD-11932,2025-12-21,EU,Apparel,289.12,113.04
ORD-11933,2025-11-22,EU,Apparel,309.67,93.29
ORD-11934,2025-11-16,NA,Electronics,344.7,145.26
ORD-11935,2025-11-09,APAC,Toys,406.39,139.57
ORD-11936,2025-12-21,NA,Home,149.51,73.13
ORD-11937,2025-12-07,NA,Toys,416.02,237.49
ORD-11938,2025-11-14,APAC,Home,259.16,168.4
ORD-11939,2025-11-05,EU,Toys,56.99,34.18
ORD-11940,2025-12-24,EU,Toys,48.1,32.49
ORD-11941,2025-12-19,NA,Toys,180.43,58.02
ORD-11942,2025-12-06,LATAM,Electronics,396.75,120.96
ORD-11943,2025-11-14,EU,Apparel,359.69,203.06
ORD-11944,2025-12-08,NA,Home,398.54,165.69
ORD-11945,2025-11-14,EU,Home,268.29,107.69
ORD-11946,2025-12-23,EU,Electronics,231.3,100.0
ORD-11947,2025-12-26,NA,Toys,90.78,37.03
ORD-11948,2025-11-15,NA,Toys,177.53,89.58
ORD-11949,2025-11-22,EU,Apparel,228.33,108.7
ORD-11950,2025-12-20,EU,Apparel,62.53,31.58
ORD-11951,2025-11-10,NA,Apparel,125.89,71.64
ORD-11952,2025-12-21,LATAM,Toys,307.15,139.71
ORD-11953,2025-12-28,LATAM,Electronics,373.12,149.44
ORD-11954,2025-12-09,NA,Home,499.21,182.95
ORD-11955,2025-11-01,LATAM,Toys,467.89,205.77
ORD-11956,2025-11-18,NA,Electronics,328.43,195.98
ORD-11957,2025-12-25,EU,Electronics,222.2,133.92
ORD-11958,2025-11-10,LATAM,Home,325.37,184.41
ORD-11959,2025-11-09,NA,Toys,397.11,156.31
ORD-11960,2025-12-05,APAC,Home,76.8,41.11
ORD-11961,2025-11-17,APAC,Electronics,216.75,114.5
ORD-11962,2025-12-22,NA,Toys,423.11,208.89
ORD-11963,2025-11-12,APAC,Electronics,204.24,106.2
ORD-11964,2025-11-08,EU,Home,294.5,146.28
ORD-11965,2025-12-13,NA,Toys,302.13,158.98
ORD-11966,2025-12-26,APAC,Apparel,108.55,63.63
ORD-11967,2025-11-02,EU,Toys,193.87,66.66
ORD-11968,2025-11-09,EU,Apparel,180.57,108.31
ORD-11969,2025-11-01,EU,Home,32.57,11.54
ORD-11970,2025-11-23,EU,Electronics,31.61,10.33
ORD-11971,2025-12-21,EU,Electronics,419.21,289.44
ORD-11972,2025-12-21,EU,Apparel,151.07,103.15
ORD-11973,2025-11-16,NA,Electronics,268.68,87.1
ORD-11974,2025-12-08,APAC,Apparel,163.39,77.99
ORD-11975,2025-11-21,NA,Toys,471.53,176.59
ORD-11976,2025-11-02,NA,Toys,144.46,71.38
ORD-11977,2025-11-12,EU,Home,226.24,143.0
ORD-11978,2025-11-17,EU,Apparel,438.91,298.57
ORD-11979,2025-11-04,NA,Toys,424.13,234.84
ORD-11980,2025-11-09,NA,Toys,109.33,48.28
ORD-11981,2025-12-18,NA,Toys,405.27,219.38
ORD-11982,2025-11-27,NA,Electronics,239.93,101.92
ORD-11983,2025-12-04,EU,Toys,251.83,167.2
ORD-11984,2025-11-08,LATAM,Home,84.07,54.49
ORD-11985,2025-12-18,NA,Home,58.69,30.71
ORD-11986,2025-11-05,EU,Electronics,369.41,158.82
ORD-11987,2025-12-01,NA,Electronics,258.3,107.8
ORD-11988,2025-11-29,EU,Apparel,229.69,71.98
ORD-11989,2025-12-20,NA,Toys,370.16,231.84
ORD-11990,2025-11-24,NA,Home,387.45,186.04
ORD-11991,2025-12-03,APAC,Apparel,96.28,41.41
ORD-11992,2025-12-08,APAC,Home,312.91,152.84
ORD-11993,2025-11-07,APAC,Electronics,84.97,53.32
ORD-11994,2025-11-29,NA,Toys,380.66,133.17
ORD-11995,2025-12-03,EU,Apparel,335.34,215.64
ORD-11996,2025-11-15,EU,Apparel,479.18,315.78
ORD-11997,2025-12-31,NA,Toys,53.1,36.04
ORD-11998,2025-12-10,NA,Apparel,47.39,21.75
ORD-11999,2025-11-03,APAC,Toys,155.45,60.14
ORD-12000,2025-12-17,EU,Electronics,145.62,65.45
ORD-12001,2025-12-21,LATAM,Apparel,138.55,60.01
ORD-12002,2025-12-29,NA,Toys,455.0,168.56
ORD-12003,2025-12-26,EU,Electronics,139.78,75.89
ORD-12004,2025-12-13,LATAM,Apparel,150.54,73.86
ORD-12005,2025-12-04,NA,Apparel,384.51,248.5
ORD-12006,2025-11-20,NA,Electronics,235.88,73.79
ORD-12007,2025-11-30,NA,Apparel,392.82,219.02
ORD-12008,2025-12-12,EU,Apparel,51.38,31.09
ORD-12009,2025-11-02,NA,Electronics,254.03,153.38
ORD-12010,2025-11-04,EU,Home,36.13,23.64
ORD-12011,2025-12-01,APAC,Electronics,50.07,29.62
ORD-12012,2025-12-25,NA,Apparel,455.09,305.42
ORD-12013,2025-11-26,APAC,Apparel,86.84,37.61
ORD-12014,2025-11-28,EU,Electronics,275.56,138.13
ORD-12015,2025-12-14,NA,Toys,217.33,66.42
ORD-12016,2025-11-07,APAC,Apparel,186.72,56.54
ORD-12017,2025-12-02,EU,Home,451.92,178.98
ORD-12018,2025-12-16,NA,Toys,30.48,10.37
ORD-12019,2025-12-29,EU,Toys,338.62,136.83
ORD-12020,2025-11-29,EU,Home,482.43,178.89
ORD-12021,2025-11-05,EU,Toys,288.88,89.96
ORD-12022,2025-12-28,EU,Apparel,469.67,311.73
ORD-12023,2025-11-06,EU,Electronics,45.08,13.67
ORD-12024,2025-11-21,APAC,Apparel,221.02,131.38
ORD-12025,2025-12-09,EU,Apparel,144.88,52.28
ORD-12026,2025-11-10,NA,Toys,370.79,246.54
ORD-12027,2025-11-05,EU,Electronics,491.02,322.66
ORD-12028,2025-11-09,LATAM,Electronics,143.13,80.38
ORD-12029,2025-11-18,EU,Toys,334.0,190.01
ORD-12030,2025-12-10,NA,Electronics,115.09,34.77
ORD-12031,2025-12-11,LATAM,Apparel,291.36,202.19
ORD-12032,2025-12-08,NA,Toys,242.69,158.02
ORD-12033,2025-12-06,NA,Home,486.56,320.18
ORD-12034,2025-12-16,NA,Home,312.09,175.92
ORD-12035,2025-11-21,APAC,Toys,187.76,82.22
ORD-12036,2025-11-25,NA,Toys,74.77,49.16
ORD-12037,2025-12-09,APAC,Home,92.6,38.58
ORD-12038,2025-12-04,NA,Home,128.15,67.29
ORD-12039,2025-11-19,APAC,Home,140.46,47.74
ORD-12040,2025-11-30,NA,Apparel,428.3,286.44
ORD-12041,2025-12-03,NA,Home,289.39,103.11
ORD-12042,2025-12-09,NA,Apparel,271.23,105.77
ORD-12043,2025-11-28,NA,Toys,75.09,39.29
ORD-12044,2025-11-07,NA,Toys,432.87,262.16
ORD-12045,2025-12-21,EU,Electronics,366.95,200.99
ORD-12046,2025-12-15,NA,Toys,52.48,20.62
ORD-12047,2025-11-08,EU,Apparel,359.76,108.06
ORD-12048,2025-12-25,EU,Home,280.9,169.34
ORD-12049,2025-12-12,LATAM,Apparel,59.23,41.11
ORD-12050,2025-12-12,NA,Electronics,239.98,149.74
ORD-12051,2025-12-27,NA,Electronics,252.65,122.3
ORD-12052,2025-12-20,NA,Toys,99.57,65.87
ORD-12053,2025-12-06,NA,Home,473.94,219.88
ORD-12054,2025-12-17,NA,Electronics,427.99,218.26
ORD-12055,2025-12-26,EU,Apparel,341.13,167.44
ORD-12056,2025-11-14,APAC,Apparel,241.9,115.88
ORD-12057,2025-11-28,EU,Apparel,217.65,132.78
ORD-12058,2025-11-29,LATAM,Home,332.47,169.79
ORD-12059,2025-12-27,NA,Apparel,281.81,120.24
ORD-12060,2025-11-15,EU,Home,49.89,20.12
ORD-12061,2025-11-27,EU,Home,266.0,83.82
ORD-12062,2025-11-22,LATAM,Toys,407.07,217.08
ORD-12063,2025-12-23,NA,Electronics,240.44,94.25
ORD-12064,2025-11-30,NA,Electronics,44.94,16.14
ORD-12065,2025-11-26,EU,Home,397.41,223.16
ORD-12066,2025-11-27,APAC,Home,116.65,66.78
ORD-12067,2025-12-17,NA,Toys,144.14,86.61
ORD-12068,2025-11-07,EU,Home,99.06,49.67
ORD-12069,2025-11-21,NA,Electronics,178.5,117.39
ORD-12070,2025-11-28,EU,Electronics,383.24,258.51
ORD-12071,2025-11-21,APAC,Home,269.31,167.77
ORD-12072,2025-12-13,NA,Electronics,118.34,65.59
ORD-12073,2025-11-17,EU,Toys,441.36,186.03
ORD-12074,2025-11-24,NA,Toys,442.2,306.52
ORD-12075,2025-11-10,EU,Home,437.88,179.38
ORD-12076,2025-12-14,EU,Toys,134.62,51.3
ORD-12077,2025-12-30,APAC,Electronics,236.59,112.82
ORD-12078,2025-12-01,APAC,Home,492.8,159.04
ORD-12079,2025-11-05,APAC,Apparel,390.57,270.04
ORD-12080,2025-11-06,EU,Toys,33.04,17.69
ORD-12081,2025-12-24,NA,Toys,51.3,26.82
ORD-12082,2025-11-06,NA,Electronics,242.69,136.47
ORD-12083,2025-11-06,LATAM,Home,456.43,227.67
ORD-12084,2025-11-28,EU,Electronics,278.58,87.15
ORD-12085,2025-11-07,NA,Electronics,258.95,141.11
ORD-12086,2025-12-18,APAC,Home,70.63,41.42
ORD-12087,2025-12-18,NA,Electronics,335.25,156.46
ORD-12088,2025-11-24,APAC,Home,414.61,249.98
ORD-12089,2025-12-22,NA,Apparel,202.6,79.18
ORD-12090,2025-11-09,NA,Apparel,392.29,152.41
ORD-12091,2025-12-06,NA,Home,482.95,176.07
ORD-12092,2025-11-04,APAC,Toys,117.81,52.87
ORD-12093,2025-12-08,EU,Apparel,271.2,173.24
ORD-12094,2025-12-06,NA,Electronics,157.83,99.62
ORD-12095,2025-12-06,APAC,Toys,400.57,181.51
ORD-12096,2025-11-22,EU,Electronics,297.24,159.22
ORD-12097,2025-12-13,NA,Apparel,324.6,190.97
ORD-12098,2025-11-08,APAC,Home,403.0,159.78
ORD-12099,2025-11-27,EU,Apparel,210.07,77.15
ORD-12100,2025-11-23,EU,Toys,459.24,316.34
ORD-12101,2025-12-26,NA,Apparel,275.85,150.9
ORD-12102,2025-12-13,EU,Electronics,95.82,66.36
ORD-12103,2025-12-31,EU,Apparel,354.03,154.04
ORD-12104,2025-12-19,EU,Electronics,400.77,232.93
ORD-12105,2025-11-28,APAC,Electronics,172.05,66.93
ORD-12106,2025-12-26,NA,Home,431.45,174.51
ORD-12107,2025-12-29,NA,Electronics,454.95,229.64
ORD-12108,2025-12-17,APAC,Home,152.91,65.42
ORD-12109,2025-11-04,APAC,Electronics,492.09,180.62
ORD-12110,2025-11-19,EU,Electronics,87.54,35.47
ORD-12111,2025-12-09,NA,Toys,116.97,36.76
ORD-12112,2025-11-20,LATAM,Home,108.43,63.08
ORD-12113,2025-11-23,APAC,Home,449.12,223.14
ORD-12114,2025-11-07,EU,Home,334.06,112.81
ORD-12115,2025-12-07,LATAM,Electronics,93.01,34.29
ORD-12116,2025-12-03,EU,Electronics,231.36,78.9
ORD-12117,2025-11-14,EU,Toys,315.34,171.87
ORD-12118,2025-11-10,APAC,Home,60.06,20.28
ORD-12119,2025-12-13,EU,Home,443.56,266.9
ORD-12120,2025-12-01,EU,Home,405.73,125.05
ORD-12121,2025-11-15,EU,Toys,262.5,104.93
ORD-12122,2025-12-25,EU,Electronics,484.22,317.78
ORD-12123,2025-11-07,NA,Electronics,220.53,129.54
ORD-12124,2025-11-23,NA,Electronics,492.37,162.08
ORD-12125,2025-12-25,NA,Electronics,340.6,214.05
ORD-12126,2025-12-06,EU,Home,324.64,161.42
ORD-12127,2025-11-24,NA,Toys,99.66,63.65
ORD-12128,2025-11-08,EU,Toys,443.33,239.53
ORD-12129,2025-12-19,NA,Apparel,225.2,128.98
ORD-12130,2025-11-18,APAC,Apparel,97.87,68.25
ORD-12131,2025-12-07,NA,Home,26.05,10.24
ORD-12132,2025-11-15,NA,Home,288.68,158.65
ORD-12133,2025-12-22,EU,Apparel,273.15,132.24
ORD-12134,2025-11-28,APAC,Electronics,365.29,115.35
ORD-12135,2025-12-25,EU,Home,447.32,136.79
ORD-12136,2025-12-06,NA,Electronics,58.12,20.21
ORD-12137,2025-12-20,EU,Apparel,371.12,207.69
ORD-12138,2025-12-23,EU,Toys,109.96,57.93
ORD-12139,2025-12-10,NA,Toys,431.92,225.19
ORD-12140,2025-12-10,NA,Home,413.15,129.21
ORD-12141,2025-12-14,NA,Apparel,279.58,136.36
ORD-12142,2025-12-12,APAC,Toys,360.92,241.76
ORD-12143,2025-12-06,EU,Apparel,170.89,78.44
ORD-12144,2025-11-02,EU,Apparel,246.16,135.38
ORD-12145,2025-12-09,EU,Apparel,414.39,253.58
ORD-12146,2025-12-30,EU,Electronics,240.45,147.53
ORD-12147,2025-12-13,NA,Toys,191.74,97.35
ORD-12148,2025-12-24,NA,Toys,257.22,165.44
ORD-12149,2025-12-15,NA,Home,417.56,190.64
ORD-12150,2025-11-18,NA,Home,180.9,118.58
ORD-12151,2025-11-02,APAC,Electronics,103.41,40.96
ORD-12152,2025-11-12,EU,Electronics,361.77,149.08
ORD-12153,2025-11-18,NA,Apparel,416.47,133.79
ORD-12154,2025-12-15,APAC,Apparel,68.31,42.23
ORD-12155,2025-12-19,LATAM,Electronics,135.14,63.09
ORD-12156,2025-11-20,EU,Toys,88.15,34.52
ORD-12157,2025-12-29,NA,Apparel,187.01,73.44
ORD-12158,2025-11-22,APAC,Toys,236.17,156.0
ORD-12159,2025-11-23,NA,Electronics,379.44,240.4
ORD-12160,2025-11-01,EU,Apparel,332.55,173.4
ORD-12161,2025-11-12,APAC,Apparel,318.05,173.8
ORD-12162,2025-12-26,LATAM,Electronics,189.14,92.63
ORD-12163,2025-11-10,EU,Electronics,423.89,193.58
ORD-12164,2025-12-07,NA,Toys,246.22,164.03
ORD-12165,2025-12-13,EU,Toys,489.97,171.61
ORD-12166,2025-11-26,NA,Toys,324.39,151.61
ORD-12167,2025-11-05,LATAM,Apparel,80.61,35.29
ORD-12168,2025-11-10,APAC,Apparel,344.57,172.03
ORD-12169,2025-12-18,NA,Apparel,176.05,85.04
ORD-12170,2025-12-11,NA,Electronics,349.44,177.36
ORD-12171,2025-11-02,APAC,Toys,53.43,19.02
ORD-12172,2025-11-06,LATAM,Home,103.94,52.52
ORD-12173,2025-12-18,EU,Apparel,430.75,170.99
ORD-12174,2025-12-04,APAC,Toys,129.05,48.23
ORD-12175,2025-11-14,LATAM,Home,421.78,137.47
ORD-12176,2025-11-25,LATAM,Home,154.05,93.21
ORD-12177,2025-11-27,NA,Electronics,328.58,154.75
ORD-12178,2025-11-30,APAC,Apparel,353.19,194.49
ORD-12179,2025-11-22,NA,Apparel,266.07,157.26
ORD-12180,2025-11-11,NA,Apparel,166.55,95.22
ORD-12181,2025-11-24,APAC,Electronics,122.07,59.59
ORD-12182,2025-11-20,NA,Toys,35.93,16.35
ORD-12183,2025-12-17,EU,Home,165.89,74.71
ORD-12184,2025-11-21,NA,Apparel,333.52,185.44
ORD-12185,2025-12-20,APAC,Apparel,470.39,234.22
ORD-12186,2025-12-31,NA,Electronics,438.18,280.28
ORD-12187,2025-12-07,EU,Toys,387.71,251.97
ORD-12188,2025-12-09,NA,Electronics,398.45,146.72
ORD-12189,2025-11-06,NA,Toys,339.19,120.24
ORD-12190,2025-12-27,LATAM,Apparel,144.94,80.03
ORD-12191,2025-11-04,EU,Electronics,455.45,191.51
ORD-12192,2025-11-10,NA,Toys,341.95,105.13
ORD-12193,2025-11-11,EU,Toys,289.01,189.43
ORD-12194,2025-12-19,EU,Toys,73.27,28.63
ORD-12195,2025-12-10,NA,Home,234.59,157.58
ORD-12196,2025-11-04,LATAM,Toys,240.97,141.44
ORD-12197,2025-12-14,NA,Toys,434.99,263.2
ORD-12198,2025-11-06,EU,Home,282.39,107.47
ORD-12199,2025-11-18,EU,Toys,202.59,79.76
ORD-12200,2025-11-29,LATAM,Electronics,488.86,248.59
ORD-12201,2025-12-13,APAC,Toys,73.15,26.98
ORD-12202,2025-11-28,LATAM,Apparel,222.82,94.07
ORD-12203,2025-12-02,NA,Home,40.17,17.22
ORD-12204,2025-12-09,APAC,Home,375.15,136.5
ORD-12205,2025-11-29,APAC,Home,460.68,176.01
ORD-12206,2025-11-27,NA,Electronics,154.42,95.03
ORD-12207,2025-11-18,LATAM,Electronics,432.0,158.49
ORD-12208,2025-11-14,EU,Electronics,160.26,49.9
ORD-12209,2025-12-19,APAC,Apparel,457.17,252.24
ORD-12210,2025-12-03,EU,Toys,381.9,263.66
ORD-12211,2025-11-08,LATAM,Apparel,406.36,175.74
ORD-12212,2025-11-23,EU,Toys,28.64,9.95
ORD-12213,2025-11-28,APAC,Home,482.15,254.65
ORD-12214,2025-11-08,NA,Home,368.8,244.35
ORD-12215,2025-11-19,EU,Home,166.28,102.03
ORD-12216,2025-12-14,NA,Toys,418.11,229.55
ORD-12217,2025-12-14,LATAM,Home,155.13,66.09
ORD-12218,2025-12-08,NA,Apparel,438.92,226.81
ORD-12219,2025-12-02,APAC,Apparel,74.04,24.91
ORD-12220,2025-12-04,NA,Home,357.77,204.49
ORD-12221,2025-12-13,APAC,Toys,279.54,164.94
ORD-12222,2025-11-20,APAC,Apparel,66.34,45.51
ORD-12223,2025-11-03,NA,Toys,136.11,55.01
ORD-12224,2025-11-15,LATAM,Apparel,25.95,7.98
ORD-12225,2025-11-26,NA,Toys,245.01,126.97
ORD-12226,2025-12-09,LATAM,Home,164.61,95.92
ORD-12227,2025-11-04,NA,Apparel,307.21,189.29
ORD-12228,2025-11-01,NA,Apparel,162.67,61.41
ORD-12229,2025-11-14,APAC,Home,163.96,66.35
ORD-12230,2025-11-20,NA,Home,376.73,190.26
ORD-12231,2025-12-31,NA,Electronics,43.11,18.63
ORD-12232,2025-11-14,APAC,Toys,453.39,292.08
ORD-12233,2025-12-20,LATAM,Electronics,429.09,210.04
ORD-12234,2025-11-09,EU,Toys,340.55,211.08
ORD-12235,2025-12-19,APAC,Electronics,304.75,162.2
ORD-12236,2025-11-17,APAC,Apparel,448.31,273.13
ORD-12237,2025-11-19,EU,Toys,108.96,47.19
ORD-12238,2025-11-21,NA,Electronics,57.91,36.63
ORD-12239,2025-11-08,APAC,Home,134.96,55.31
ORD-12240,2025-11-01,APAC,Toys,401.4,208.1
ORD-12241,2025-12-02,LATAM,Apparel,36.64,14.13
ORD-12242,2025-12-18,EU,Electronics,299.75,146.94
ORD-12243,2025-11-28,EU,Home,497.81,212.7
ORD-12244,2025-11-12,APAC,Electronics,430.73,175.17
ORD-12245,2025-11-09,APAC,Electronics,270.29,185.63
ORD-12246,2025-11-25,APAC,Apparel,50.55,18.4
ORD-12247,2025-12-05,APAC,Toys,419.06,257.69
ORD-12248,2025-12-16,APAC,Apparel,307.51,213.31
ORD-12249,2025-11-15,EU,Toys,75.17,23.15
ORD-12250,2025-12-03,EU,Home,65.05,37.7
ORD-12251,2025-12-06,NA,Toys,456.62,183.18
ORD-12252,2025-12-24,EU,Toys,341.22,107.89
ORD-12253,2025-12-13,APAC,Electronics,418.06,192.79
ORD-12254,2025-12-22,APAC,Toys,441.91,297.89
ORD-12255,2025-11-23,EU,Home,294.45,89.72
ORD-12256,2025-11-05,NA,Electronics,268.37,143.62
ORD-12257,2025-11-26,NA,Apparel,226.61,113.43
ORD-12258,2025-12-26,EU,Home,172.13,111.77
ORD-12259,2025-12-18,EU,Home,228.61,76.26
ORD-12260,2025-11-03,APAC,Toys,391.46,224.15
ORD-12261,2025-11-28,NA,Electronics,308.92,176.72
ORD-12262,2025-11-02,EU,Apparel,448.41,254.53
ORD-12263,2025-11-30,EU,Apparel,232.82,157.6
ORD-12264,2025-12-29,NA,Electronics,311.4,195.94
ORD-12265,2025-11-05,NA,Toys,323.03,102.33
ORD-12266,2025-12-26,NA,Home,304.01,148.49
ORD-12267,2025-11-21,EU,Toys,357.26,164.05
ORD-12268,2025-12-07,LATAM,Apparel,133.97,56.81
ORD-12269,2025-11-28,APAC,Toys,265.93,127.79
ORD-12270,2025-12-07,APAC,Toys,70.03,31.77
ORD-12271,2025-11-26,APAC,Toys,204.57,96.75
ORD-12272,2025-12-16,EU,Electronics,254.08,175.75
ORD-12273,2025-12-11,APAC,Home,333.07,111.73
ORD-12274,2025-11-27,NA,Electronics,476.25,318.56
ORD-12275,2025-11-19,EU,Home,308.31,151.72
ORD-12276,2025-11-08,APAC,Electronics,376.93,207.12
ORD-12277,2025-11-26,NA,Home,263.01,166.24
ORD-12278,2025-11-02,EU,Toys,324.37,144.08
ORD-12279,2025-11-21,APAC,Toys,54.05,25.52
ORD-12280,2025-11-11,APAC,Home,142.11,65.91
ORD-12281,2025-12-22,NA,Electronics,193.69,87.14
ORD-12282,2025-12-31,EU,Home,246.8,165.41
ORD-12283,2025-12-10,NA,Toys,41.91,26.47
ORD-12284,2025-11-30,APAC,Home,87.21,29.97
ORD-12285,2025-12-24,LATAM,Home,152.87,52.47
ORD-12286,2025-12-15,APAC,Electronics,486.34,229.14
ORD-12287,2025-12-29,NA,Toys,179.05,60.78
ORD-12288,2025-11-24,LATAM,Electronics,251.38,137.67
ORD-12289,2025-11-06,LATAM,Electronics,114.13,40.8
ORD-12290,2025-11-28,EU,Electronics,313.17,159.39
ORD-12291,2025-12-25,EU,Toys,154.73,46.87
ORD-12292,2025-11-07,LATAM,Electronics,119.36,50.92
ORD-12293,2025-11-16,LATAM,Apparel,267.95,152.97
ORD-12294,2025-11-28,NA,Electronics,22.64,11.18
ORD-12295,2025-12-08,APAC,Apparel,23.68,16.37
ORD-12296,2025-11-26,NA,Home,125.15,81.3
ORD-12297,2025-12-04,EU,Electronics,37.63,16.69
ORD-12298,2025-11-06,EU,Home,71.85,22.86
ORD-12299,2025-11-26,NA,Home,182.65,116.58
ORD-12300,2025-12-26,NA,Apparel,405.24,269.28
ORD-12301,2025-11-20,NA,Toys,294.58,185.07
ORD-12302,2025-12-18,LATAM,Toys,266.08,93.44
ORD-12303,2025-11-22,NA,Toys,160.87,112.47
ORD-12304,2025-11-15,APAC,Apparel,467.24,188.5
ORD-12305,2025-11-22,EU,Home,210.57,124.17
ORD-12306,2025-12-20,LATAM,Toys,61.8,40.99
ORD-12307,2025-11-11,EU,Electronics,316.19,124.67
ORD-12308,2025-11-05,EU,Apparel,74.64,49.51
ORD-12309,2025-12-03,NA,Electronics,185.71,78.7
ORD-12310,2025-12-11,APAC,Electronics,263.56,182.01
ORD-12311,2025-11-08,NA,Electronics,439.63,181.35
ORD-12312,2025-12-04,APAC,Toys,256.9,175.05
ORD-12313,2025-12-03,APAC,Apparel,357.08,114.77
ORD-12314,2025-11-13,NA,Electronics,496.55,289.84
ORD-12315,2025-12-28,EU,Electronics,83.11,42.62
ORD-12316,2025-12-20,NA,Electronics,151.87,74.59
ORD-12317,2025-11-23,APAC,Apparel,209.4,81.54
ORD-12318,2025-11-23,EU,Apparel,222.48,129.54
ORD-12319,2025-12-17,LATAM,Home,217.29,81.77
ORD-12320,2025-12-23,NA,Electronics,455.65,237.46
ORD-12321,2025-12-12,EU,Home,362.74,145.57
ORD-12322,2025-12-23,EU,Home,311.79,212.72
ORD-12323,2025-11-10,EU,Toys,168.5,52.48
ORD-12324,2025-11-16,NA,Home,415.42,157.81
ORD-12325,2025-11-07,NA,Toys,478.43,189.9
ORD-12326,2025-11-10,NA,Home,414.18,192.85
ORD-12327,2025-11-17,EU,Toys,20.75,8.16
ORD-12328,2025-11-13,LATAM,Home,325.47,161.61
ORD-12329,2025-11-12,NA,Apparel,44.54,28.91
ORD-12330,2025-12-09,EU,Apparel,143.65,84.01
ORD-12331,2025-11-10,EU,Toys,48.57,25.84
ORD-12332,2025-12-19,NA,Home,309.82,103.98
ORD-12333,2025-12-19,NA,Home,349.56,201.9
ORD-12334,2025-12-12,NA,Electronics,74.95,27.47
ORD-12335,2025-11-05,EU,Apparel,204.24,125.52
ORD-12336,2025-11-12,EU,Electronics,238.99,95.6
ORD-12337,2025-12-31,APAC,Toys,197.15,92.03
ORD-12338,2025-12-20,APAC,Apparel,78.09,34.37
ORD-12339,2025-12-11,APAC,Apparel,221.09,142.28
ORD-12340,2025-12-02,NA,Home,380.57,133.43
ORD-12341,2025-11-30,NA,Toys,54.08,28.46
ORD-12342,2025-12-19,NA,Toys,58.49,20.87
ORD-12343,2025-12-07,NA,Toys,190.29,110.73
ORD-12344,2025-12-19,NA,Electronics,472.03,312.5
ORD-12345,2025-12-08,LATAM,Apparel,340.91,161.54
ORD-12346,2025-11-29,LATAM,Toys,345.76,171.23
ORD-12347,2025-12-14,LATAM,Apparel,193.72,129.98
ORD-12348,2025-12-30,LATAM,Electronics,304.96,155.04
ORD-12349,2025-12-27,EU,Home,24.86,12.31
ORD-12350,2025-12-07,APAC,Toys,325.33,172.86
ORD-12351,2025-12-12,NA,Electronics,458.38,263.89
ORD-12352,2025-12-11,NA,Electronics,314.04,107.64
ORD-12353,2025-12-10,EU,Home,439.38,276.13
ORD-12354,2025-11-21,NA,Home,367.51,174.27
ORD-12355,2025-12-26,NA,Toys,77.87,25.61
ORD-12356,2025-12-11,NA,Home,453.18,278.47
ORD-12357,2025-11-21,LATAM,Apparel,51.89,23.39
ORD-12358,2025-11-10,EU,Home,276.3,93.98
ORD-12359,2025-11-29,EU,Home,88.23,48.84
ORD-12360,2025-11-05,NA,Toys,25.62,16.71
ORD-12361,2025-12-01,EU,Electronics,222.58,145.81
ORD-12362,2025-11-29,LATAM,Electronics,161.62,110.4
ORD-12363,2025-12-11,APAC,Toys,253.28,163.89
ORD-12364,2025-11-20,NA,Toys,297.06,89.37
ORD-12365,2025-12-21,NA,Electronics,40.99,18.53
ORD-12366,2025-11-18,EU,Electronics,79.04,49.59
ORD-12367,2025-12-08,NA,Toys,288.15,128.66
ORD-12368,2025-11-04,NA,Home,184.72,99.86
ORD-12369,2025-11-23,NA,Electronics,370.0,200.73
ORD-12370,2025-12-03,NA,Home,333.1,148.57
ORD-12371,2025-11-05,APAC,Electronics,425.89,281.85
ORD-12372,2025-11-20,APAC,Home,352.4,176.66
ORD-12373,2025-11-30,APAC,Electronics,226.37,110.0
ORD-12374,2025-11-29,LATAM,Apparel,343.02,239.77
ORD-12375,2025-11-03,NA,Home,152.18,75.69
ORD-12376,2025-11-04,APAC,Toys,167.03,62.03
ORD-12377,2025-11-24,EU,Electronics,398.71,201.44
ORD-12378,2025-12-24,APAC,Apparel,234.28,146.57
ORD-12379,2025-11-19,NA,Toys,403.22,246.26
ORD-12380,2025-11-05,NA,Electronics,414.76,255.26
ORD-12381,2025-12-12,APAC,Toys,431.63,251.73
ORD-12382,2025-12-26,NA,Home,459.98,184.77
ORD-12383,2025-12-25,LATAM,Electronics,226.87,146.29
ORD-12384,2025-11-06,APAC,Electronics,173.06,113.77
ORD-12385,2025-12-10,NA,Apparel,299.46,113.09
ORD-12386,2025-12-09,APAC,Apparel,198.16,69.79
ORD-12387,2025-12-03,EU,Home,308.52,212.95
ORD-12388,2025-11-25,APAC,Electronics,358.68,232.18
ORD-12389,2025-11-30,NA,Toys,350.43,230.34
ORD-12390,2025-12-08,NA,Apparel,199.79,130.77
ORD-12391,2025-12-06,NA,Home,100.09,51.71
ORD-12392,2025-12-21,NA,Toys,226.65,126.6
ORD-12393,2025-12-18,NA,Apparel,88.45,45.83
ORD-12394,2025-12-28,APAC,Electronics,447.25,143.34
ORD-12395,2025-11-03,EU,Electronics,186.02,111.28
ORD-12396,2025-11-29,LATAM,Electronics,94.14,47.27
ORD-12397,2025-12-29,LATAM,Home,32.21,18.01
ORD-12398,2025-12-22,NA,Electronics,329.99,165.34
ORD-12399,2025-12-07,NA,Toys,325.71,161.79
ORD-12400,2025-12-12,APAC,Electronics,183.49,67.66
ORD-12401,2025-11-13,EU,Apparel,54.42,22.39
ORD-12402,2025-11-21,EU,Toys,216.62,78.75
ORD-12403,2025-12-09,APAC,Toys,169.38,64.07
ORD-12404,2025-12-01,APAC,Home,345.02,237.78
ORD-12405,2025-12-03,NA,Electronics,310.77,112.26
ORD-12406,2025-11-10,NA,Electronics,195.0,79.5
ORD-12407,2025-11-04,APAC,Toys,124.59,66.81
ORD-12408,2025-11-29,NA,Electronics,494.26,268.91
ORD-12409,2025-11-07,NA,Toys,237.92,86.03
ORD-12410,2025-12-22,EU,Home,350.37,216.35
ORD-12411,2025-12-28,NA,Apparel,87.47,53.71
ORD-12412,2025-12-24,APAC,Toys,253.08,99.95
ORD-12413,2025-11-22,EU,Home,33.22,13.8
ORD-12414,2025-12-16,EU,Home,262.62,177.32
ORD-12415,2025-11-06,LATAM,Home,482.73,304.25
ORD-12416,2025-12-03,EU,Toys,204.42,118.38
ORD-12417,2025-12-12,EU,Apparel,38.72,12.89
ORD-12418,2025-11-12,EU,Home,34.86,16.29
ORD-12419,2025-11-03,NA,Toys,206.23,108.01
ORD-12420,2025-11-16,APAC,Home,96.81,36.3
ORD-12421,2025-12-16,EU,Apparel,31.21,14.96
ORD-12422,2025-11-29,APAC,Apparel,382.98,206.97
ORD-12423,2025-11-29,NA,Electronics,240.09,103.47
ORD-12424,2025-12-04,EU,Home,158.84,97.27
ORD-12425,2025-12-04,EU,Electronics,452.04,287.58
ORD-12426,2025-12-10,NA,Home,75.75,32.53
ORD-12427,2025-11-11,EU,Home,478.84,304.29
ORD-12428,2025-11-24,LATAM,Apparel,170.7,58.28
ORD-12429,2025-11-24,APAC,Home,446.43,283.52
ORD-12430,2025-12-29,NA,Toys,309.41,111.73
ORD-12431,2025-11-19,NA,Electronics,416.82,138.87
ORD-12432,2025-11-25,APAC,Toys,492.33,274.09
ORD-12433,2025-11-27,EU,Apparel,158.43,77.44
ORD-12434,2025-12-20,EU,Home,481.35,319.21
ORD-12435,2025-11-22,LATAM,Electronics,206.95,92.15
ORD-12436,2025-12-14,EU,Apparel,205.05,85.07
ORD-12437,2025-12-09,NA,Electronics,183.39,91.75
ORD-12438,2025-11-04,LATAM,Apparel,279.88,135.01
ORD-12439,2025-12-21,EU,Electronics,93.99,41.15
ORD-12440,2025-12-11,LATAM,Home,285.78,165.04
ORD-12441,2025-12-12,NA,Electronics,280.02,169.08
ORD-12442,2025-11-22,APAC,Apparel,385.71,247.31
ORD-12443,2025-11-05,APAC,Electronics,420.15,289.54
ORD-12444,2025-11-22,LATAM,Apparel,231.41,94.11
ORD-12445,2025-11-07,EU,Apparel,165.12,96.83
ORD-12446,2025-12-06,NA,Apparel,144.48,66.13
ORD-12447,2025-12-14,NA,Home,113.42,64.74
ORD-12448,2025-11-25,EU,Home,47.67,23.38
ORD-12449,2025-11-19,NA,Apparel,184.38,128.61
ORD-12450,2025-11-17,NA,Home,149.72,88.57
ORD-12451,2025-12-17,NA,Electronics,483.88,329.52
ORD-12452,2025-12-25,LATAM,Electronics,287.7,182.4
ORD-12453,2025-12-13,NA,Apparel,186.69,123.43
ORD-12454,2025-12-29,NA,Electronics,298.62,186.87
ORD-12455,2025-12-09,NA,Apparel,86.81,41.99
ORD-12456,2025-12-26,LATAM,Home,233.14,93.42
ORD-12457,2025-11-10,APAC,Apparel,320.59,143.67
ORD-12458,2025-11-22,NA,Toys,254.67,78.46
ORD-12459,2025-11-06,APAC,Toys,212.85,108.47
ORD-12460,2025-12-08,NA,Apparel,497.05,249.53
ORD-12461,2025-12-13,APAC,Electronics,442.55,225.74
ORD-12462,2025-11-10,NA,Home,319.23,220.14
ORD-12463,2025-12-29,APAC,Home,293.3,194.92
ORD-12464,2025-11-23,EU,Electronics,317.92,115.94
ORD-12465,2025-11-20,NA,Electronics,116.63,52.2
ORD-12466,2025-12-12,EU,Apparel,209.67,98.46
ORD-12467,2025-12-15,EU,Toys,38.94,17.3
ORD-12468,2025-12-13,APAC,Home,248.26,153.77
ORD-12469,2025-11-26,NA,Home,280.65,143.02
ORD-12470,2025-11-09,EU,Toys,129.32,68.39
ORD-12471,2025-12-09,NA,Electronics,482.73,309.53
ORD-12472,2025-12-16,EU,Home,456.54,284.14
ORD-12473,2025-12-31,APAC,Home,366.63,129.38
ORD-12474,2025-11-06,EU,Toys,276.03,161.63
ORD-12475,2025-11-20,EU,Toys,437.59,207.49
ORD-12476,2025-12-06,APAC,Electronics,82.71,34.56
ORD-12477,2025-11-25,EU,Electronics,399.44,127.82
ORD-12478,2025-12-12,EU,Apparel,79.91,39.55
ORD-12479,2025-12-21,EU,Electronics,401.22,177.41
ORD-12480,2025-11-22,APAC,Electronics,152.37,61.04
ORD-12481,2025-12-23,APAC,Apparel,441.0,254.84
ORD-12482,2025-11-09,EU,Toys,473.14,287.57
ORD-12483,2025-12-13,EU,Electronics,91.42,36.38
ORD-12484,2025-12-15,EU,Home,242.08,77.41
ORD-12485,2025-12-24,NA,Home,490.87,313.91
ORD-12486,2025-12-31,NA,Electronics,252.04,76.62
ORD-12487,2025-12-18,EU,Home,434.5,293.22
ORD-12488,2025-12-14,NA,Apparel,302.59,166.74
ORD-12489,2025-12-29,EU,Toys,200.16,85.82
ORD-12490,2025-12-04,NA,Electronics,157.18,62.65
ORD-12491,2025-11-06,EU,Toys,117.55,35.69
ORD-12492,2025-12-12,EU,Apparel,385.66,152.02
ORD-12493,2025-12-13,EU,Toys,205.54,72.99
ORD-12494,2025-11-28,NA,Home,265.41,144.61
ORD-12495,2025-12-03,EU,Apparel,256.32,93.97
ORD-12496,2025-11-24,LATAM,Toys,297.09,151.95
ORD-12497,2025-11-02,EU,Home,435.48,233.44
ORD-12498,2025-11-24,NA,Electronics,490.75,205.73
ORD-12499,2025-11-20,NA,Apparel,215.64,67.72
ORD-12500,2025-11-12,LATAM,Electronics,417.21,131.38
ORD-12501,2025-12-31,APAC,Electronics,386.97,120.17
ORD-12502,2025-11-14,EU,Home,295.29,175.89
ORD-12503,2025-11-22,NA,Home,478.9,204.59
ORD-12504,2025-12-31,NA,Apparel,116.23,71.89
ORD-12505,2025-12-20,NA,Electronics,72.45,34.25
ORD-12506,2025-12-02,NA,Home,429.9,206.87
ORD-12507,2025-11-13,NA,Home,230.79,116.58
ORD-12508,2025-11-15,EU,Home,426.55,249.62
ORD-12509,2025-11-09,NA,Apparel,448.68,183.69
ORD-12510,2025-11-10,EU,Electronics,49.98,17.42
ORD-12511,2025-11-05,EU,Electronics,444.06,231.99
ORD-12512,2025-11-19,NA,Apparel,235.19,101.32
ORD-12513,2025-12-25,NA,Home,265.01,126.41
ORD-12514,2025-12-21,NA,Apparel,320.76,179.23
ORD-12515,2025-11-07,EU,Home,464.66,231.24
ORD-12516,2025-12-03,NA,Home,29.18,15.99
ORD-12517,2025-12-20,EU,Electronics,248.88,128.84
ORD-12518,2025-12-05,NA,Apparel,350.11,208.64
ORD-12519,2025-12-24,NA,Toys,366.9,213.67
ORD-12520,2025-12-18,NA,Electronics,352.42,181.03
ORD-12521,2025-12-27,NA,Toys,84.53,48.31
ORD-12522,2025-12-04,APAC,Toys,163.71,106.32
ORD-12523,2025-11-03,NA,Apparel,192.18,90.88
ORD-12524,2025-12-13,EU,Toys,406.13,188.89
ORD-12525,2025-11-22,EU,Apparel,153.8,93.16
ORD-12526,2025-12-27,EU,Apparel,121.14,64.57
ORD-12527,2025-12-20,EU,Toys,479.58,157.5
ORD-12528,2025-12-10,NA,Toys,24.25,15.93
ORD-12529,2025-11-09,LATAM,Toys,498.95,155.83
ORD-12530,2025-12-09,APAC,Electronics,344.87,206.7
ORD-12531,2025-11-25,NA,Apparel,417.67,252.07
ORD-12532,2025-11-10,NA,Electronics,161.42,109.97
ORD-12533,2025-11-11,APAC,Home,26.87,8.64
ORD-12534,2025-11-12,EU,Apparel,374.18,201.59
ORD-12535,2025-12-24,APAC,Home,420.39,198.06
ORD-12536,2025-12-15,NA,Apparel,375.43,162.28
ORD-12537,2025-12-20,EU,Toys,88.57,29.77
ORD-12538,2025-12-10,NA,Toys,381.65,200.39
ORD-12539,2025-12-22,NA,Electronics,389.08,191.28
ORD-12540,2025-12-28,NA,Electronics,336.1,114.89
ORD-12541,2025-11-11,EU,Apparel,387.74,211.32
ORD-12542,2025-12-17,EU,Apparel,426.04,253.57
ORD-12543,2025-11-29,APAC,Apparel,314.53,190.89
ORD-12544,2025-11-03,LATAM,Apparel,62.53,41.4
ORD-12545,2025-11-27,EU,Home,254.06,117.83
ORD-12546,2025-11-24,EU,Toys,57.27,39.01
ORD-12547,2025-12-14,EU,Home,215.62,139.33
ORD-12548,2025-12-17,LATAM,Toys,215.41,90.17
ORD-12549,2025-11-16,NA,Toys,51.68,18.8
ORD-12550,2025-11-29,EU,Home,187.43,88.87
ORD-12551,2025-12-10,EU,Apparel,73.28,33.76
ORD-12552,2025-11-19,NA,Home,407.95,216.33
ORD-12553,2025-12-19,NA,Home,474.89,253.28
ORD-12554,2025-12-18,NA,Electronics,54.71,32.83
ORD-12555,2025-12-21,NA,Toys,478.46,241.12
ORD-12556,2025-11-29,NA,Apparel,270.84,92.61
ORD-12557,2025-11-15,NA,Toys,163.79,105.37
ORD-12558,2025-12-05,LATAM,Apparel,56.89,24.12
ORD-12559,2025-11-16,APAC,Toys,260.3,179.22
ORD-12560,2025-11-20,NA,Electronics,401.37,139.33
ORD-12561,2025-12-22,EU,Home,359.4,245.58
ORD-12562,2025-12-21,EU,Electronics,44.11,14.84
ORD-12563,2025-12-01,EU,Home,54.99,21.58
ORD-12564,2025-12-28,EU,Electronics,213.38,67.99
ORD-12565,2025-12-24,APAC,Toys,161.74,94.14
ORD-12566,2025-11-13,NA,Electronics,131.54,84.2
ORD-12567,2025-11-24,NA,Toys,154.88,73.36
ORD-12568,2025-12-14,EU,Electronics,405.67,272.37
ORD-12569,2025-12-31,EU,Toys,466.03,249.85
ORD-12570,2025-12-07,NA,Apparel,214.45,118.38
ORD-12571,2025-11-29,NA,Toys,454.93,290.32
ORD-12572,2025-11-30,NA,Apparel,174.32,72.99
ORD-12573,2025-12-20,APAC,Apparel,248.69,109.85
ORD-12574,2025-11-19,LATAM,Home,128.49,85.11
ORD-12575,2025-12-20,EU,Apparel,327.43,216.23
ORD-12576,2025-11-25,APAC,Electronics,489.91,338.33
ORD-12577,2025-12-03,EU,Electronics,309.68,204.62
ORD-12578,2025-12-04,NA,Electronics,191.75,67.29
ORD-12579,2025-11-27,EU,Electronics,330.95,208.33
ORD-12580,2025-11-11,APAC,Home,79.0,36.65
ORD-12581,2025-12-23,NA,Home,446.56,310.95
ORD-12582,2025-11-13,NA,Home,261.48,127.84
ORD-12583,2025-12-22,EU,Toys,235.69,122.92
ORD-12584,2025-12-09,APAC,Home,301.22,154.2
ORD-12585,2025-11-09,LATAM,Home,319.9,137.14
ORD-12586,2025-12-26,APAC,Electronics,54.45,17.97
ORD-12587,2025-11-17,APAC,Home,347.66,228.85
ORD-12588,2025-11-04,EU,Home,136.13,84.55
ORD-12589,2025-12-12,EU,Electronics,362.7,129.05
ORD-12590,2025-12-01,NA,Electronics,414.82,253.33
ORD-12591,2025-12-26,EU,Apparel,405.9,223.38
ORD-12592,2025-11-24,EU,Apparel,285.2,132.24
ORD-12593,2025-12-06,EU,Electronics,269.68,108.31
ORD-12594,2025-12-30,EU,Toys,88.58,57.04
ORD-12595,2025-11-07,EU,Toys,392.17,227.49
ORD-12596,2025-12-16,APAC,Home,150.28,78.01
ORD-12597,2025-12-25,EU,Toys,258.41,140.53
ORD-12598,2025-12-04,APAC,Toys,156.45,52.63
ORD-12599,2025-12-25,EU,Home,84.24,41.24
ORD-12600,2025-11-08,EU,Home,322.19,121.62
ORD-12601,2025-11-19,NA,Toys,46.08,17.66
ORD-12602,2025-11-06,NA,Apparel,379.35,214.15
ORD-12603,2025-12-19,APAC,Apparel,172.44,114.59
ORD-12604,2025-11-11,EU,Apparel,20.06,9.26
ORD-12605,2025-11-18,EU,Home,265.34,101.65
ORD-12606,2025-11-29,EU,Apparel,42.49,23.77
ORD-12607,2025-12-28,LATAM,Home,152.56,98.93
ORD-12608,2025-12-03,NA,Toys,359.35,215.37
ORD-12609,2025-11-10,EU,Toys,50.09,32.43
ORD-12610,2025-12-24,NA,Electronics,422.88,217.62
ORD-12611,2025-11-28,NA,Electronics,21.83,13.11
ORD-12612,2025-11-06,NA,Toys,138.48,49.3
ORD-12613,2025-12-31,NA,Toys,375.63,165.02
ORD-12614,2025-12-29,NA,Electronics,171.81,78.31
ORD-12615,2025-11-15,NA,Electronics,68.91,34.77
ORD-12616,2025-12-23,LATAM,Toys,192.91,129.56
ORD-12617,2025-11-29,NA,Electronics,149.79,97.32
ORD-12618,2025-12-27,EU,Electronics,424.5,150.19
ORD-12619,2025-11-23,APAC,Home,170.41,62.9
ORD-12620,2025-12-30,EU,Toys,398.69,176.64
ORD-12621,2025-11-02,NA,Electronics,448.1,186.54
ORD-12622,2025-11-27,NA,Apparel,228.23,124.59
ORD-12623,2025-11-04,APAC,Apparel,456.77,301.98
ORD-12624,2025-11-26,LATAM,Home,201.11,137.74
ORD-12625,2025-12-03,APAC,Apparel,482.76,271.04
ORD-12626,2025-11-24,EU,Apparel,62.86,39.93
ORD-12627,2025-11-16,APAC,Toys,349.77,178.41
ORD-12628,2025-11-25,APAC,Electronics,257.03,98.53
ORD-12629,2025-11-06,APAC,Home,206.07,105.07
ORD-12630,2025-11-24,APAC,Apparel,323.7,168.98
ORD-12631,2025-11-15,EU,Electronics,357.85,213.63
ORD-12632,2025-11-02,NA,Home,22.09,8.57
ORD-12633,2025-11-21,APAC,Electronics,100.14,44.8
ORD-12634,2025-12-30,EU,Apparel,362.26,161.43
ORD-12635,2025-11-07,NA,Toys,339.86,232.39
ORD-12636,2025-12-24,NA,Electronics,483.7,231.0
ORD-12637,2025-12-16,EU,Electronics,385.3,231.97
ORD-12638,2025-12-12,NA,Apparel,476.37,285.98
ORD-12639,2025-11-22,EU,Electronics,357.22,145.11
ORD-12640,2025-12-21,LATAM,Electronics,163.07,86.22
ORD-12641,2025-11-10,NA,Home,70.58,46.42
ORD-12642,2025-11-09,NA,Toys,395.28,193.72
ORD-12643,2025-11-03,NA,Apparel,329.19,223.21
ORD-12644,2025-11-19,NA,Home,43.13,16.64
ORD-12645,2025-12-29,APAC,Electronics,192.82,63.57
ORD-12646,2025-12-24,NA,Apparel,479.26,314.67
ORD-12647,2025-12-01,NA,Apparel,260.19,166.28
ORD-12648,2025-12-15,APAC,Toys,227.71,158.72
ORD-12649,2025-12-24,APAC,Home,239.7,137.05
ORD-12650,2025-11-09,NA,Toys,120.26,81.14
ORD-12651,2025-12-19,NA,Apparel,196.98,124.25
ORD-12652,2025-12-16,EU,Electronics,197.51,125.97
ORD-12653,2025-12-01,EU,Home,45.13,23.81
ORD-12654,2025-11-29,NA,Toys,388.43,175.94
ORD-12655,2025-12-10,NA,Home,219.92,148.19
ORD-12656,2025-11-01,NA,Home,414.65,196.07
ORD-12657,2025-12-28,NA,Electronics,428.17,220.73
ORD-12658,2025-11-06,NA,Apparel,121.76,58.26
ORD-12659,2025-11-02,NA,Apparel,335.53,176.46
ORD-12660,2025-11-17,APAC,Apparel,246.7,120.44
ORD-12661,2025-11-14,NA,Electronics,442.48,141.23
ORD-12662,2025-12-24,NA,Toys,123.56,80.66
ORD-12663,2025-11-10,EU,Home,345.35,164.99
ORD-12664,2025-12-06,EU,Toys,311.72,166.95
ORD-12665,2025-12-31,EU,Apparel,161.74,57.53
ORD-12666,2025-12-17,APAC,Home,85.57,25.79
ORD-12667,2025-12-09,LATAM,Apparel,332.79,132.49
ORD-12668,2025-12-04,EU,Home,374.53,217.91
ORD-12669,2025-11-28,EU,Toys,171.5,58.25
ORD-12670,2025-11-08,APAC,Home,329.52,218.65
ORD-12671,2025-12-20,NA,Toys,209.66,80.93
ORD-12672,2025-11-19,NA,Apparel,362.34,138.35
ORD-12673,2025-11-16,EU,Apparel,115.62,43.08
ORD-12674,2025-11-20,APAC,Apparel,447.3,136.69
ORD-12675,2025-11-08,LATAM,Apparel,157.96,96.15
ORD-12676,2025-11-04,APAC,Toys,196.54,127.75
ORD-12677,2025-11-16,NA,Electronics,47.88,26.13
ORD-12678,2025-11-27,NA,Home,73.53,27.59
ORD-12679,2025-12-11,EU,Electronics,267.61,110.82
ORD-12680,2025-12-21,APAC,Electronics,148.44,72.79
ORD-12681,2025-12-10,LATAM,Toys,421.03,287.03
ORD-12682,2025-11-30,NA,Electronics,27.05,10.79
ORD-12683,2025-11-05,NA,Electronics,201.97,119.7
ORD-12684,2025-11-08,EU,Electronics,181.93,86.56
ORD-12685,2025-12-24,EU,Toys,29.28,12.27
ORD-12686,2025-12-28,APAC,Home,79.7,38.44
ORD-12687,2025-12-02,NA,Electronics,218.55,71.79
ORD-12688,2025-12-09,EU,Apparel,256.58,158.94
ORD-12689,2025-12-05,NA,Toys,214.06,85.05
ORD-12690,2025-11-02,NA,Electronics,274.85,162.21
ORD-12691,2025-12-11,APAC,Toys,305.66,100.05
ORD-12692,2025-12-03,EU,Electronics,24.76,16.89
ORD-12693,2025-12-07,EU,Electronics,242.77,91.57
ORD-12694,2025-11-16,APAC,Apparel,482.48,315.11
ORD-12695,2025-12-16,NA,Apparel,269.14,167.89
ORD-12696,2025-11-10,APAC,Home,345.22,237.22
ORD-12697,2025-11-19,NA,Electronics,169.69,83.34
ORD-12698,2025-11-28,EU,Electronics,391.52,231.37
ORD-12699,2025-11-01,NA,Electronics,391.0,175.28
ORD-12700,2025-12-10,NA,Toys,270.22,100.99
ORD-12701,2025-11-23,APAC,Apparel,488.49,233.12
ORD-12702,2025-11-16,NA,Toys,80.26,29.4
ORD-12703,2025-12-07,EU,Home,28.13,19.49
ORD-12704,2025-11-27,NA,Electronics,389.68,131.91
ORD-12705,2025-11-12,APAC,Home,407.43,218.25
ORD-12706,2025-12-13,EU,Apparel,77.7,42.78
ORD-12707,2025-12-13,NA,Toys,147.48,75.99
ORD-12708,2025-11-06,APAC,Apparel,28.43,16.06
ORD-12709,2025-12-04,EU,Home,160.79,55.71
ORD-12710,2025-11-24,EU,Toys,391.11,204.16
ORD-12711,2025-11-05,EU,Home,268.62,111.45
ORD-12712,2025-12-04,APAC,Toys,187.09,126.49
ORD-12713,2025-12-05,APAC,Toys,198.43,120.02
ORD-12714,2025-12-03,NA,Apparel,20.65,14.23
ORD-12715,2025-12-21,NA,Toys,163.9,51.63
ORD-12716,2025-12-03,NA,Electronics,330.3,136.76
ORD-12717,2025-12-06,NA,Apparel,487.61,184.4
ORD-12718,2025-11-02,APAC,Home,426.59,129.88
ORD-12719,2025-11-25,LATAM,Toys,31.33,12.44
ORD-12720,2025-12-26,NA,Toys,451.31,257.93
ORD-12721,2025-12-01,NA,Toys,395.94,155.38
ORD-12722,2025-11-03,LATAM,Apparel,394.58,198.71
ORD-12723,2025-12-11,NA,Electronics,239.84,157.13
ORD-12724,2025-11-25,NA,Toys,211.04,121.88
ORD-12725,2025-11-24,APAC,Toys,165.4,75.73
ORD-12726,2025-11-17,EU,Home,51.53,23.14
ORD-12727,2025-12-18,EU,Home,129.55,62.48
ORD-12728,2025-11-02,LATAM,Apparel,138.37,51.31
ORD-12729,2025-11-23,NA,Electronics,252.36,139.71
ORD-12730,2025-12-21,EU,Home,378.77,168.8
ORD-12731,2025-11-05,APAC,Home,247.43,158.59
ORD-12732,2025-11-23,EU,Electronics,47.77,28.79
ORD-12733,2025-11-16,EU,Electronics,479.74,261.08
ORD-12734,2025-12-17,NA,Apparel,472.51,210.59
ORD-12735,2025-12-13,EU,Home,396.89,152.39
ORD-12736,2025-12-11,EU,Electronics,495.84,302.69
ORD-12737,2025-11-07,EU,Toys,281.35,139.15
ORD-12738,2025-12-20,NA,Home,482.13,187.98
ORD-12739,2025-12-08,APAC,Toys,56.29,21.28
ORD-12740,2025-12-18,LATAM,Home,195.53,71.6
ORD-12741,2025-12-19,NA,Electronics,128.18,78.3
ORD-12742,2025-11-22,NA,Apparel,114.0,44.64
ORD-12743,2025-11-09,EU,Home,87.59,44.73
ORD-12744,2025-11-03,LATAM,Toys,318.76,153.2
ORD-12745,2025-11-23,APAC,Home,395.03,210.09
ORD-12746,2025-12-05,EU,Apparel,297.58,193.68
ORD-12747,2025-11-22,NA,Apparel,90.54,58.59
ORD-12748,2025-12-23,EU,Toys,409.34,196.66
ORD-12749,2025-12-12,APAC,Apparel,325.26,99.58
ORD-12750,2025-11-12,EU,Home,206.32,97.09
ORD-12751,2025-12-24,EU,Home,343.58,186.38
ORD-12752,2025-12-20,APAC,Toys,144.75,75.72
ORD-12753,2025-12-14,APAC,Apparel,185.69,104.09
ORD-12754,2025-11-30,EU,Home,460.39,166.49
ORD-12755,2025-12-15,NA,Toys,159.44,89.07
ORD-12756,2025-12-01,NA,Toys,245.59,91.62
ORD-12757,2025-12-11,NA,Home,447.27,268.46
ORD-12758,2025-11-12,NA,Toys,359.71,156.7
ORD-12759,2025-12-22,APAC,Home,49.86,29.12
ORD-12760,2025-11-09,APAC,Toys,90.71,28.95
ORD-12761,2025-11-05,NA,Home,23.76,11.0
ORD-12762,2025-12-16,LATAM,Home,322.84,187.9
ORD-12763,2025-12-20,NA,Toys,234.88,91.78
ORD-12764,2025-12-31,NA,Toys,84.45,52.2
ORD-12765,2025-11-30,EU,Electronics,479.81,265.0
ORD-12766,2025-11-03,EU,Home,274.24,146.73
ORD-12767,2025-11-19,APAC,Electronics,136.11,60.08
ORD-12768,2025-11-13,NA,Toys,260.29,128.32
ORD-12769,2025-11-03,NA,Home,346.22,186.59
ORD-12770,2025-12-21,APAC,Home,56.59,27.67
ORD-12771,2025-11-13,EU,Home,151.86,87.98
ORD-12772,2025-12-27,NA,Electronics,407.34,192.87
ORD-12773,2025-11-03,APAC,Home,240.64,91.66
ORD-12774,2025-11-21,APAC,Apparel,282.36,108.87
ORD-12775,2025-12-30,LATAM,Toys,227.75,68.85
ORD-12776,2025-11-20,NA,Toys,41.07,17.27
ORD-12777,2025-12-03,NA,Home,99.56,59.69
ORD-12778,2025-11-26,NA,Toys,233.86,144.45
ORD-12779,2025-12-23,EU,Toys,120.41,45.87
ORD-12780,2025-12-05,NA,Toys,43.99,30.07
ORD-12781,2025-12-01,NA,Toys,424.95,212.88
ORD-12782,2025-11-17,EU,Electronics,490.97,327.37
ORD-12783,2025-11-03,NA,Toys,400.71,233.5
ORD-12784,2025-12-19,NA,Toys,429.82,253.15
ORD-12785,2025-12-12,APAC,Electronics,136.15,45.48
ORD-12786,2025-11-13,EU,Toys,481.1,186.67
ORD-12787,2025-11-19,LATAM,Toys,114.52,34.76
ORD-12788,2025-11-23,APAC,Apparel,476.69,279.56
ORD-12789,2025-12-26,LATAM,Home,497.51,217.8
ORD-12790,2025-12-20,EU,Toys,361.63,222.28
ORD-12791,2025-11-04,APAC,Electronics,490.95,213.85
ORD-12792,2025-12-26,EU,Home,293.38,184.16
ORD-12793,2025-12-12,EU,Electronics,144.58,50.93
ORD-12794,2025-11-22,EU,Home,229.76,84.86
ORD-12795,2025-11-18,NA,Electronics,304.91,133.05
ORD-12796,2025-11-08,NA,Home,55.08,25.52
ORD-12797,2025-12-22,APAC,Apparel,318.72,140.07
ORD-12798,2025-11-24,APAC,Apparel,490.97,297.26
ORD-12799,2025-11-28,EU,Toys,111.25,37.69
ORD-12800,2025-12-27,APAC,Home,400.45,176.39
ORD-12801,2025-11-26,EU,Electronics,455.79,289.38
ORD-12802,2025-12-18,NA,Electronics,472.98,154.53
ORD-12803,2025-11-29,NA,Home,480.87,325.52
ORD-12804,2025-12-28,EU,Toys,270.3,187.73
ORD-12805,2025-11-25,APAC,Electronics,489.11,164.06
ORD-12806,2025-11-22,NA,Home,383.51,159.74
ORD-12807,2025-11-12,NA,Apparel,97.6,43.82
ORD-12808,2025-12-02,APAC,Home,248.91,151.97
ORD-12809,2025-12-15,APAC,Toys,364.8,196.4
ORD-12810,2025-12-02,NA,Home,138.72,77.37
ORD-12811,2025-11-24,NA,Toys,327.5,197.48
ORD-12812,2025-12-30,APAC,Home,339.97,118.03
ORD-12813,2025-12-22,EU,Home,98.1,62.13
ORD-12814,2025-12-04,EU,Home,291.24,169.57
ORD-12815,2025-11-18,NA,Electronics,390.38,207.27
ORD-12816,2025-12-22,EU,Toys,259.47,170.18
ORD-12817,2025-11-06,EU,Apparel,25.81,14.97
ORD-12818,2025-12-17,EU,Electronics,24.34,9.27
ORD-12819,2025-11-28,NA,Apparel,191.37,90.31
ORD-12820,2025-11-06,NA,Apparel,464.57,231.18
ORD-12821,2025-11-28,EU,Home,129.76,41.79
ORD-12822,2025-12-09,EU,Toys,324.49,221.26
ORD-12823,2025-12-23,EU,Toys,126.6,44.49
ORD-12824,2025-11-12,LATAM,Home,174.4,100.97
ORD-12825,2025-12-05,EU,Apparel,427.06,214.59
ORD-12826,2025-11-19,LATAM,Electronics,369.85,114.75
ORD-12827,2025-11-21,APAC,Toys,65.79,44.07
ORD-12828,2025-11-07,NA,Toys,225.78,144.67
ORD-12829,2025-11-06,NA,Apparel,34.0,17.33
ORD-12830,2025-11-21,APAC,Toys,250.83,98.22
ORD-12831,2025-12-13,NA,Home,337.97,117.83
ORD-12832,2025-11-19,APAC,Electronics,76.88,34.24
ORD-12833,2025-11-20,APAC,Home,158.66,63.81
ORD-12834,2025-11-29,NA,Electronics,210.96,106.04
ORD-12835,2025-12-09,NA,Home,461.37,316.76
ORD-12836,2025-12-16,EU,Home,496.76,263.27
ORD-12837,2025-11-28,APAC,Apparel,41.56,27.26
ORD-12838,2025-11-11,LATAM,Home,385.28,215.89
ORD-12839,2025-12-15,NA,Toys,198.43,97.25
ORD-12840,2025-11-29,LATAM,Electronics,208.38,133.75
ORD-12841,2025-11-23,EU,Home,382.05,186.65
ORD-12842,2025-11-29,EU,Toys,460.84,298.37
ORD-12843,2025-11-03,NA,Electronics,476.45,198.5
ORD-12844,2025-12-17,EU,Toys,297.02,104.41
ORD-12845,2025-12-26,NA,Toys,191.42,122.92
ORD-12846,2025-12-29,NA,Toys,398.02,212.93
ORD-12847,2025-11-23,NA,Toys,140.48,92.1
ORD-12848,2025-12-10,LATAM,Apparel,290.76,196.3
ORD-12849,2025-11-28,NA,Apparel,192.12,61.76
ORD-12850,2025-11-18,EU,Toys,335.18,167.72
ORD-12851,2025-12-11,APAC,Electronics,135.39,60.92
ORD-12852,2025-12-21,NA,Toys,111.96,61.62
ORD-12853,2025-12-31,EU,Toys,460.75,284.48
ORD-12854,2025-11-04,NA,Apparel,68.87,28.39
ORD-12855,2025-11-05,APAC,Electronics,262.86,137.4
ORD-12856,2025-12-13,APAC,Home,126.01,73.53
ORD-12857,2025-12-11,NA,Toys,38.69,13.69
ORD-12858,2025-11-26,APAC,Toys,37.29,23.33
ORD-12859,2025-11-24,EU,Apparel,104.11,56.47
ORD-12860,2025-12-03,NA,Toys,436.05,296.43
ORD-12861,2025-12-22,NA,Toys,155.59,67.81
ORD-12862,2025-12-18,APAC,Toys,476.22,163.47
ORD-12863,2025-12-14,EU,Electronics,299.18,150.37
ORD-12864,2025-11-11,EU,Toys,229.57,76.75
ORD-12865,2025-12-31,EU,Electronics,298.44,205.27
ORD-12866,2025-11-02,LATAM,Home,268.02,84.55
ORD-12867,2025-11-10,APAC,Home,384.21,231.06
ORD-12868,2025-12-25,EU,Home,155.6,79.36
ORD-12869,2025-12-09,APAC,Toys,189.46,84.77
ORD-12870,2025-12-14,EU,Apparel,449.17,146.58
ORD-12871,2025-12-21,APAC,Toys,474.3,260.33
ORD-12872,2025-11-29,EU,Electronics,448.43,239.5
ORD-12873,2025-11-03,EU,Toys,221.34,91.27
ORD-12874,2025-11-09,EU,Apparel,394.58,262.04
ORD-12875,2025-11-05,EU,Electronics,248.64,104.84
ORD-12876,2025-11-16,APAC,Electronics,258.82,124.21
ORD-12877,2025-12-20,NA,Electronics,118.25,61.19
ORD-12878,2025-12-12,APAC,Home,303.74,103.3
ORD-12879,2025-11-24,EU,Toys,109.35,73.58
ORD-12880,2025-11-24,EU,Toys,179.15,80.58
ORD-12881,2025-11-25,NA,Electronics,430.41,143.03
ORD-12882,2025-12-31,NA,Toys,119.4,54.32
ORD-12883,2025-12-07,EU,Apparel,54.16,29.25
ORD-12884,2025-11-03,LATAM,Electronics,53.12,26.85
ORD-12885,2025-12-09,APAC,Home,471.58,272.49
ORD-12886,2025-11-10,APAC,Electronics,263.32,84.84
ORD-12887,2025-12-14,EU,Home,216.52,89.6
ORD-12888,2025-11-29,APAC,Electronics,409.22,256.86
ORD-12889,2025-12-31,APAC,Home,421.2,139.82
ORD-12890,2025-11-24,EU,Electronics,179.45,115.24
ORD-12891,2025-11-24,APAC,Apparel,352.94,118.86
ORD-12892,2025-11-29,APAC,Electronics,390.14,247.26
ORD-12893,2025-12-19,EU,Home,334.23,148.5
ORD-12894,2025-11-05,NA,Electronics,92.77,50.55
ORD-12895,2025-12-07,EU,Home,440.42,159.06
ORD-12896,2025-11-09,NA,Apparel,278.77,91.01
ORD-12897,2025-12-04,EU,Apparel,155.59,60.12
ORD-12898,2025-11-24,EU,Electronics,224.11,78.69
ORD-12899,2025-11-26,NA,Home,38.03,16.16
ORD-12900,2025-11-21,EU,Electronics,81.38,41.16
ORD-12901,2025-12-12,NA,Apparel,387.46,207.49
ORD-12902,2025-11-18,EU,Electronics,20.01,12.33
ORD-12903,2025-11-16,APAC,Apparel,219.95,123.72
ORD-12904,2025-11-08,NA,Apparel,270.8,147.18
ORD-12905,2025-11-02,LATAM,Apparel,46.22,21.48
ORD-12906,2025-12-18,NA,Electronics,487.08,238.44
ORD-12907,2025-11-12,NA,Home,128.54,59.88
ORD-12908,2025-12-02,APAC,Apparel,166.02,105.73
ORD-12909,2025-12-04,NA,Electronics,165.89,65.03
ORD-12910,2025-11-25,APAC,Apparel,130.6,39.48
ORD-12911,2025-12-29,APAC,Toys,20.71,11.61
ORD-12912,2025-12-06,EU,Home,370.09,141.0
ORD-12913,2025-11-08,APAC,Home,484.09,317.59
ORD-12914,2025-11-17,EU,Apparel,127.66,82.16
ORD-12915,2025-12-20,EU,Home,338.26,111.86
ORD-12916,2025-11-17,NA,Electronics,376.11,128.84
ORD-12917,2025-12-16,APAC,Toys,427.24,212.79
ORD-12918,2025-11-29,NA,Home,222.86,121.17
ORD-12919,2025-11-14,EU,Toys,165.41,67.81
ORD-12920,2025-12-10,EU,Toys,176.14,103.34
ORD-12921,2025-11-19,APAC,Toys,362.06,194.78
ORD-12922,2025-12-15,NA,Toys,412.05,177.15
ORD-12923,2025-12-29,NA,Home,107.17,33.24
ORD-12924,2025-12-02,NA,Toys,198.05,118.84
ORD-12925,2025-11-13,NA,Electronics,452.93,174.79
ORD-12926,2025-11-08,NA,Toys,407.21,258.09
ORD-12927,2025-11-09,NA,Electronics,492.73,230.65
ORD-12928,2025-12-25,NA,Toys,382.04,202.8
ORD-12929,2025-11-05,NA,Home,208.73,135.5
ORD-12930,2025-11-29,NA,Apparel,303.51,195.9
ORD-12931,2025-11-12,EU,Toys,337.29,151.31
ORD-12932,2025-12-28,NA,Electronics,57.66,22.12
ORD-12933,2025-12-16,EU,Apparel,281.36,171.65
ORD-12934,2025-11-29,NA,Electronics,360.47,170.59
ORD-12935,2025-11-06,NA,Electronics,100.31,37.8
ORD-12936,2025-12-22,NA,Toys,394.7,261.2
ORD-12937,2025-12-14,NA,Apparel,300.21,113.85
ORD-12938,2025-12-25,NA,Toys,477.07,148.05
ORD-12939,2025-11-21,EU,Electronics,40.36,12.44
ORD-12940,2025-12-13,NA,Toys,147.36,80.89
ORD-12941,2025-11-23,NA,Apparel,308.75,174.34
ORD-12942,2025-12-16,APAC,Apparel,162.35,68.9
ORD-12943,2025-11-05,NA,Toys,362.92,155.33
ORD-12944,2025-12-06,NA,Apparel,384.32,167.49
ORD-12945,2025-12-05,APAC,Electronics,69.21,39.59
ORD-12946,2025-11-19,EU,Toys,266.65,86.2
ORD-12947,2025-12-28,EU,Toys,264.27,177.5
ORD-12948,2025-11-20,APAC,Home,197.25,76.73
ORD-12949,2025-12-25,NA,Electronics,467.8,327.4
ORD-12950,2025-11-11,NA,Electronics,417.2,153.78
ORD-12951,2025-12-16,NA,Apparel,354.66,215.85
ORD-12952,2025-12-16,EU,Electronics,362.88,141.29
ORD-12953,2025-12-30,EU,Apparel,241.62,80.3
ORD-12954,2025-12-15,EU,Toys,462.08,300.34
ORD-12955,2025-12-11,EU,Toys,353.41,227.42
ORD-12956,2025-11-12,NA,Apparel,369.91,170.69
ORD-12957,2025-12-21,APAC,Apparel,433.61,251.91
ORD-12958,2025-11-24,NA,Home,151.55,79.23
ORD-12959,2025-12-03,LATAM,Toys,407.39,261.21
ORD-12960,2025-11-15,EU,Apparel,113.72,48.45
ORD-12961,2025-11-08,NA,Electronics,185.76,94.64
ORD-12962,2025-11-13,EU,Apparel,181.09,89.49
ORD-12963,2025-12-21,APAC,Toys,489.69,216.23
ORD-12964,2025-11-09,NA,Home,431.14,283.08
ORD-12965,2025-11-16,EU,Apparel,356.56,130.63
ORD-12966,2025-12-21,NA,Home,368.99,132.76
ORD-12967,2025-12-02,EU,Home,289.79,153.81
ORD-12968,2025-11-02,NA,Electronics,474.6,267.2
ORD-12969,2025-11-24,LATAM,Home,258.2,97.56
ORD-12970,2025-12-06,NA,Electronics,202.65,92.47
ORD-12971,2025-12-07,LATAM,Toys,98.26,66.68
ORD-12972,2025-11-24,APAC,Apparel,397.38,158.41
ORD-12973,2025-11-30,EU,Electronics,372.53,211.35
ORD-12974,2025-12-22,EU,Toys,204.49,121.89
ORD-12975,2025-12-06,LATAM,Apparel,32.09,15.38
ORD-12976,2025-11-09,EU,Apparel,422.72,285.34
ORD-12977,2025-12-10,NA,Electronics,25.48,15.15
ORD-12978,2025-12-27,EU,Apparel,357.78,172.87
ORD-12979,2025-11-06,APAC,Home,485.72,256.33
ORD-12980,2025-11-05,NA,Toys,230.08,132.77
ORD-12981,2025-11-20,LATAM,Apparel,132.79,71.29
ORD-12982,2025-11-26,NA,Home,358.34,233.45
ORD-12983,2025-12-16,LATAM,Toys,412.22,182.51
ORD-12984,2025-12-17,EU,Toys,282.29,118.55
ORD-12985,2025-12-01,EU,Home,484.18,186.67
ORD-12986,2025-12-04,APAC,Apparel,44.8,14.12
ORD-12987,2025-11-27,NA,Home,262.3,83.2
ORD-12988,2025-12-20,NA,Toys,364.86,236.44
ORD-12989,2025-11-27,EU,Electronics,434.07,248.01
ORD-12990,2025-12-23,EU,Toys,106.04,59.83
ORD-12991,2025-12-07,EU,Home,404.0,220.53
ORD-12992,2025-11-05,NA,Toys,285.3,182.5
ORD-12993,2025-11-09,APAC,Toys,210.35,103.51
ORD-12994,2025-11-21,EU,Home,83.22,53.94
ORD-12995,2025-12-12,NA,Toys,435.34,193.19
ORD-12996,2025-11-05,NA,Electronics,95.49,64.04
ORD-12997,2025-11-29,NA,Electronics,168.7,97.76
ORD-12998,2025-11-30,NA,Home,159.22,64.15
ORD-12999,2025-12-14,EU,Toys,438.28,230.37
ORD-13000,2025-12-04,NA,Electronics,342.9,175.98
ORD-13001,2025-11-23,EU,Home,402.41,142.92
ORD-13002,2025-11-09,EU,Home,140.22,75.23
ORD-13003,2025-12-27,LATAM,Apparel,319.94,136.27
ORD-13004,2025-12-24,NA,Home,294.44,94.5
ORD-13005,2025-12-20,EU,Home,419.76,285.21
ORD-13006,2025-12-06,NA,Electronics,454.92,253.21
ORD-13007,2025-12-11,NA,Apparel,25.84,16.82
ORD-13008,2025-12-08,APAC,Toys,343.53,195.96
ORD-13009,2025-11-12,EU,Toys,44.88,19.87
ORD-13010,2025-12-20,NA,Home,283.45,143.16
ORD-13011,2025-11-09,LATAM,Toys,158.06,90.14
ORD-13012,2025-11-28,NA,Toys,167.25,114.42
ORD-13013,2025-12-03,EU,Electronics,189.42,76.05
ORD-13014,2025-12-29,EU,Home,318.22,206.84
ORD-13015,2025-12-26,NA,Apparel,180.34,120.76
ORD-13016,2025-11-04,EU,Electronics,371.7,211.19
ORD-13017,2025-12-24,EU,Electronics,214.17,144.03
ORD-13018,2025-11-08,NA,Toys,52.81,24.25
ORD-13019,2025-12-04,EU,Toys,396.2,269.89
ORD-13020,2025-11-10,LATAM,Electronics,157.16,91.33
ORD-13021,2025-11-20,EU,Toys,227.73,72.15
ORD-13022,2025-11-11,EU,Home,349.01,231.31
ORD-13023,2025-11-11,APAC,Home,179.58,88.67
ORD-13024,2025-11-21,APAC,Apparel,47.16,22.83
ORD-13025,2025-12-30,APAC,Home,199.48,105.04
ORD-13026,2025-12-16,EU,Toys,473.34,170.29
ORD-13027,2025-11-15,APAC,Apparel,328.03,159.97
ORD-13028,2025-11-23,EU,Home,342.31,216.49
ORD-13029,2025-12-31,NA,Apparel,323.5,99.05
ORD-13030,2025-12-31,NA,Toys,115.52,47.27
ORD-13031,2025-12-04,APAC,Electronics,220.8,66.46
ORD-13032,2025-12-28,EU,Apparel,380.45,177.4
ORD-13033,2025-11-19,EU,Toys,68.66,40.6
ORD-13034,2025-12-25,NA,Electronics,153.37,95.01
ORD-13035,2025-11-06,APAC,Toys,152.63,103.49
ORD-13036,2025-11-17,APAC,Apparel,227.37,123.55
ORD-13037,2025-11-13,NA,Electronics,490.58,197.14
ORD-13038,2025-12-11,NA,Home,52.4,35.09
ORD-13039,2025-12-06,APAC,Electronics,268.98,164.11
ORD-13040,2025-11-18,EU,Toys,106.1,56.21
ORD-13041,2025-11-09,NA,Electronics,485.92,280.99
ORD-13042,2025-12-11,EU,Home,74.39,49.82
ORD-13043,2025-11-20,LATAM,Apparel,213.73,125.02
ORD-13044,2025-12-10,EU,Electronics,374.18,167.39
ORD-13045,2025-12-05,NA,Toys,358.19,209.62
ORD-13046,2025-11-06,NA,Home,222.91,70.46
ORD-13047,2025-12-03,NA,Home,186.33,84.7
ORD-13048,2025-12-12,LATAM,Electronics,210.85,97.52
ORD-13049,2025-11-11,NA,Apparel,146.85,53.86
ORD-13050,2025-12-08,NA,Toys,118.56,36.66
ORD-13051,2025-12-31,EU,Toys,251.86,89.0
ORD-13052,2025-12-08,NA,Home,148.9,83.66
ORD-13053,2025-11-10,APAC,Apparel,157.98,98.09
ORD-13054,2025-11-11,NA,Electronics,335.24,233.09
ORD-13055,2025-12-13,EU,Electronics,484.9,212.65
ORD-13056,2025-12-10,NA,Home,309.75,167.19
ORD-13057,2025-12-17,NA,Toys,56.95,38.43
ORD-13058,2025-12-28,LATAM,Electronics,56.28,20.64
ORD-13059,2025-12-09,APAC,Home,476.68,279.84
ORD-13060,2025-11-22,NA,Apparel,162.7,97.94
ORD-13061,2025-12-24,NA,Apparel,64.19,21.54
ORD-13062,2025-12-30,APAC,Apparel,307.54,198.21
ORD-13063,2025-12-07,NA,Home,319.35,199.67
ORD-13064,2025-11-03,APAC,Electronics,331.28,103.81
ORD-13065,2025-12-23,EU,Home,148.35,49.91
ORD-13066,2025-12-26,EU,Toys,27.25,8.71
ORD-13067,2025-11-02,EU,Apparel,483.21,209.66
ORD-13068,2025-11-06,EU,Apparel,140.43,70.74
ORD-13069,2025-11-03,EU,Home,344.49,176.7
ORD-13070,2025-12-31,EU,Apparel,359.18,146.21
ORD-13071,2025-12-12,EU,Home,312.8,207.9
ORD-13072,2025-12-20,NA,Electronics,170.2,76.13
ORD-13073,2025-12-07,NA,Electronics,150.13,47.77
ORD-13074,2025-11-17,NA,Toys,306.88,128.92
ORD-13075,2025-12-12,NA,Electronics,435.73,223.29
ORD-13076,2025-11-14,EU,Apparel,474.43,219.8
ORD-13077,2025-12-20,NA,Electronics,70.83,29.01
ORD-13078,2025-12-07,EU,Home,94.32,33.25
ORD-13079,2025-11-27,APAC,Home,473.47,297.18
ORD-13080,2025-12-10,NA,Home,373.54,260.9
ORD-13081,2025-12-11,EU,Home,443.84,191.66
ORD-13082,2025-11-02,LATAM,Toys,117.26,53.08
ORD-13083,2025-12-02,EU,Home,302.04,165.28
ORD-13084,2025-12-27,EU,Home,356.55,209.43
ORD-13085,2025-12-11,NA,Home,346.45,158.26
ORD-13086,2025-12-05,EU,Apparel,215.91,142.93
ORD-13087,2025-11-19,EU,Electronics,27.39,14.35
ORD-13088,2025-12-12,LATAM,Toys,299.8,143.95
ORD-13089,2025-11-20,EU,Apparel,141.49,79.05
ORD-13090,2025-12-01,LATAM,Home,236.12,160.83
ORD-13091,2025-11-16,NA,Home,479.64,296.33
ORD-13092,2025-12-22,LATAM,Home,211.54,66.85
ORD-13093,2025-12-22,EU,Home,423.1,183.17
ORD-13094,2025-12-14,LATAM,Apparel,110.5,53.95
ORD-13095,2025-11-26,NA,Apparel,342.78,145.96
ORD-13096,2025-11-20,EU,Home,488.96,283.63
ORD-13097,2025-11-30,EU,Apparel,68.91,43.45
ORD-13098,2025-11-05,NA,Toys,23.99,14.21
ORD-13099,2025-12-15,APAC,Toys,228.12,158.71
ORD-13100,2025-11-04,APAC,Home,64.46,26.37
ORD-13101,2025-11-11,NA,Apparel,379.22,246.49
ORD-13102,2025-11-29,NA,Apparel,458.98,278.44
ORD-13103,2025-11-27,EU,Electronics,228.33,101.58
ORD-13104,2025-12-01,EU,Toys,144.18,85.59
ORD-13105,2025-11-30,NA,Apparel,228.51,78.07
ORD-13106,2025-11-14,NA,Apparel,367.25,226.13
ORD-13107,2025-11-22,NA,Electronics,24.35,12.49
ORD-13108,2025-12-09,EU,Toys,302.94,126.3
ORD-13109,2025-11-10,NA,Home,314.38,176.78
ORD-13110,2025-11-21,APAC,Electronics,326.09,181.52
ORD-13111,2025-12-26,LATAM,Home,136.17,52.26
ORD-13112,2025-12-16,EU,Apparel,362.75,113.24
ORD-13113,2025-11-21,NA,Toys,63.87,30.24
ORD-13114,2025-12-17,NA,Toys,115.65,61.04
ORD-13115,2025-12-26,NA,Electronics,441.19,287.06
ORD-13116,2025-11-23,NA,Home,374.59,251.46
ORD-13117,2025-11-26,EU,Toys,26.6,13.61
ORD-13118,2025-11-09,NA,Apparel,139.22,83.74
ORD-13119,2025-12-19,EU,Home,122.92,58.48
ORD-13120,2025-11-24,APAC,Apparel,149.99,89.76
ORD-13121,2025-12-03,EU,Electronics,138.83,53.02
ORD-13122,2025-12-06,EU,Home,50.01,22.43
ORD-13123,2025-11-07,NA,Toys,240.29,133.05
ORD-13124,2025-11-21,NA,Home,371.71,114.21
ORD-13125,2025-11-16,NA,Home,311.23,183.31
ORD-13126,2025-11-30,NA,Electronics,342.98,217.52
ORD-13127,2025-11-08,NA,Toys,58.95,27.1
ORD-13128,2025-11-18,NA,Apparel,476.72,228.43
ORD-13129,2025-11-29,NA,Home,422.48,270.6
ORD-13130,2025-11-16,APAC,Apparel,406.44,248.03
ORD-13131,2025-11-10,LATAM,Home,415.03,172.35
ORD-13132,2025-11-07,APAC,Toys,467.7,200.92
ORD-13133,2025-11-04,EU,Home,281.24,160.74
ORD-13134,2025-11-19,APAC,Home,116.14,61.01
ORD-13135,2025-12-31,EU,Electronics,316.06,115.33
ORD-13136,2025-11-25,EU,Home,376.58,159.66
ORD-13137,2025-12-26,NA,Home,374.2,246.97
ORD-13138,2025-12-10,NA,Toys,270.3,155.5
ORD-13139,2025-11-27,NA,Apparel,52.86,36.71
ORD-13140,2025-11-16,NA,Home,198.13,120.23
ORD-13141,2025-12-26,APAC,Toys,461.97,312.66
ORD-13142,2025-12-28,NA,Home,300.54,116.15
ORD-13143,2025-11-11,NA,Toys,278.4,169.43
ORD-13144,2025-12-23,LATAM,Toys,149.05,45.92
ORD-13145,2025-11-21,EU,Apparel,196.86,111.88
ORD-13146,2025-12-30,NA,Home,449.77,219.36
ORD-13147,2025-12-07,EU,Apparel,339.9,149.12
ORD-13148,2025-12-17,NA,Apparel,397.95,256.66
ORD-13149,2025-11-21,EU,Electronics,238.09,152.78
ORD-13150,2025-11-13,EU,Home,322.52,99.63
ORD-13151,2025-12-19,NA,Electronics,139.22,75.71
ORD-13152,2025-11-11,NA,Toys,358.62,160.35
ORD-13153,2025-12-02,NA,Electronics,225.25,105.03
ORD-13154,2025-12-03,APAC,Home,232.42,147.08
ORD-13155,2025-11-30,NA,Toys,331.67,140.61
ORD-13156,2025-12-02,EU,Apparel,469.41,317.89
ORD-13157,2025-12-27,EU,Electronics,50.72,18.86
ORD-13158,2025-11-20,NA,Home,415.88,235.01
ORD-13159,2025-12-02,NA,Apparel,160.34,91.21
ORD-13160,2025-11-02,APAC,Apparel,233.08,93.44
ORD-13161,2025-11-06,APAC,Electronics,30.52,13.12
ORD-13162,2025-12-31,EU,Toys,164.5,104.28
ORD-13163,2025-11-26,NA,Home,261.26,157.99
ORD-13164,2025-12-03,LATAM,Electronics,46.96,20.27
ORD-13165,2025-11-30,APAC,Electronics,255.73,131.34
ORD-13166,2025-11-16,EU,Toys,465.01,150.98
ORD-13167,2025-11-14,NA,Home,70.59,27.07
ORD-13168,2025-12-08,NA,Home,386.93,191.27
ORD-13169,2025-11-23,NA,Toys,216.64,72.44
ORD-13170,2025-11-04,EU,Toys,334.48,213.18
ORD-13171,2025-11-04,NA,Toys,144.91,85.09
ORD-13172,2025-11-19,APAC,Electronics,96.56,65.41
ORD-13173,2025-12-02,NA,Toys,97.02,56.02
ORD-13174,2025-12-09,EU,Home,53.84,36.4
ORD-13175,2025-12-27,EU,Toys,109.11,56.93
ORD-13176,2025-12-24,NA,Home,338.83,183.0
ORD-13177,2025-12-12,EU,Electronics,443.21,306.16
ORD-13178,2025-12-14,APAC,Apparel,410.78,228.74
ORD-13179,2025-12-01,EU,Apparel,348.86,108.95
ORD-13180,2025-11-19,NA,Home,73.01,43.04
ORD-13181,2025-12-05,APAC,Toys,158.81,105.16
ORD-13182,2025-11-01,NA,Electronics,168.71,104.3
ORD-13183,2025-12-25,NA,Toys,139.98,74.68
ORD-13184,2025-11-07,EU,Home,267.2,151.91
ORD-13185,2025-11-28,LATAM,Toys,277.07,192.86
ORD-13186,2025-11-09,APAC,Electronics,191.31,64.33
ORD-13187,2025-12-27,NA,Toys,189.82,107.61
ORD-13188,2025-11-17,APAC,Apparel,417.71,172.66
ORD-13189,2025-12-17,APAC,Toys,398.86,221.78
ORD-13190,2025-11-24,NA,Electronics,167.74,91.09
ORD-13191,2025-12-19,NA,Toys,458.62,165.74
ORD-13192,2025-11-26,NA,Electronics,477.35,182.68
ORD-13193,2025-11-24,NA,Home,176.84,97.02
ORD-13194,2025-11-03,NA,Apparel,190.12,66.79
ORD-13195,2025-11-26,EU,Home,262.7,106.68
ORD-13196,2025-11-04,EU,Home,471.74,299.13
ORD-13197,2025-12-07,NA,Electronics,440.63,189.84
ORD-13198,2025-12-06,EU,Toys,69.23,34.28
ORD-13199,2025-11-13,APAC,Toys,208.51,141.05
ORD-13200,2025-11-24,APAC,Electronics,285.62,111.64
ORD-13201,2025-12-06,EU,Home,261.5,119.2
ORD-13202,2025-11-19,NA,Apparel,113.05,61.34
ORD-13203,2025-11-05,NA,Electronics,432.23,260.26
ORD-13204,2025-11-25,LATAM,Home,344.93,227.88
ORD-13205,2025-12-03,APAC,Home,422.2,281.27
ORD-13206,2025-11-29,NA,Toys,432.21,263.93
ORD-13207,2025-12-19,EU,Toys,379.21,148.4
ORD-13208,2025-12-06,EU,Home,230.82,71.54
ORD-13209,2025-11-18,LATAM,Electronics,313.06,141.98
ORD-13210,2025-12-23,EU,Apparel,96.98,34.58
ORD-13211,2025-12-10,NA,Apparel,343.35,200.57
ORD-13212,2025-12-14,EU,Home,106.04,59.85
ORD-13213,2025-12-10,LATAM,Toys,353.1,112.14
ORD-13214,2025-11-08,EU,Electronics,130.21,82.64
ORD-13215,2025-11-09,EU,Electronics,76.42,30.53
ORD-13216,2025-11-07,NA,Home,99.34,46.98
ORD-13217,2025-11-26,EU,Electronics,20.96,11.89
ORD-13218,2025-11-24,APAC,Home,365.0,172.2
ORD-13219,2025-12-21,NA,Home,371.55,177.05
ORD-13220,2025-11-22,NA,Home,267.17,87.16
ORD-13221,2025-12-06,NA,Toys,97.45,44.88
ORD-13222,2025-12-31,NA,Electronics,60.11,36.42
ORD-13223,2025-11-24,NA,Apparel,29.18,19.44
ORD-13224,2025-12-19,EU,Apparel,99.56,46.34
ORD-13225,2025-11-10,NA,Electronics,447.61,210.12
ORD-13226,2025-11-13,APAC,Home,135.94,78.99
ORD-13227,2025-12-09,LATAM,Home,190.05,128.68
ORD-13228,2025-12-03,NA,Home,70.57,28.71
ORD-13229,2025-11-26,APAC,Apparel,126.73,60.33
ORD-13230,2025-12-03,NA,Electronics,269.23,166.49
ORD-13231,2025-11-03,NA,Toys,311.72,169.54
ORD-13232,2025-11-03,LATAM,Electronics,137.77,47.43
ORD-13233,2025-11-03,NA,Apparel,47.71,26.29
ORD-13234,2025-11-09,NA,Apparel,207.7,77.82
ORD-13235,2025-12-16,NA,Apparel,132.42,66.75
ORD-13236,2025-11-22,NA,Apparel,125.39,64.15
ORD-13237,2025-12-22,NA,Apparel,480.73,312.71
ORD-13238,2025-12-01,NA,Electronics,315.82,153.17
ORD-13239,2025-12-04,EU,Home,287.3,118.3
ORD-13240,2025-11-30,APAC,Apparel,219.57,86.16
ORD-13241,2025-11-10,NA,Toys,225.89,146.76
ORD-13242,2025-12-09,NA,Toys,279.63,103.02
ORD-13243,2025-12-28,NA,Apparel,354.29,166.64
ORD-13244,2025-12-03,NA,Toys,357.03,133.84
ORD-13245,2025-11-09,APAC,Home,102.41,62.4
ORD-13246,2025-11-21,APAC,Electronics,260.05,127.36
ORD-13247,2025-12-30,NA,Apparel,217.74,95.91
ORD-13248,2025-12-10,EU,Toys,437.85,194.6
ORD-13249,2025-11-21,NA,Electronics,323.08,207.06
ORD-13250,2025-11-11,NA,Toys,275.6,143.73
ORD-13251,2025-11-26,APAC,Apparel,75.39,44.27
ORD-13252,2025-12-10,LATAM,Toys,310.71,204.7
ORD-13253,2025-12-18,NA,Home,76.26,50.38
ORD-13254,2025-12-24,EU,Home,181.86,78.46
ORD-13255,2025-11-20,NA,Electronics,88.56,60.31
ORD-13256,2025-12-08,APAC,Toys,352.2,109.16
ORD-13257,2025-11-22,NA,Toys,119.0,53.64
ORD-13258,2025-12-03,LATAM,Electronics,208.09,136.99
ORD-13259,2025-12-24,NA,Apparel,449.92,184.4
ORD-13260,2025-12-03,NA,Apparel,118.07,48.32
ORD-13261,2025-12-05,APAC,Home,263.75,111.05
ORD-13262,2025-12-02,EU,Toys,221.25,120.56
ORD-13263,2025-12-16,LATAM,Electronics,28.7,13.64
ORD-13264,2025-12-07,LATAM,Home,400.52,236.58
ORD-13265,2025-11-20,LATAM,Apparel,53.14,34.96
ORD-13266,2025-12-01,APAC,Electronics,247.64,141.08
ORD-13267,2025-12-23,APAC,Home,289.13,110.39
ORD-13268,2025-11-02,NA,Electronics,321.64,216.49
ORD-13269,2025-11-24,NA,Apparel,350.54,142.25
ORD-13270,2025-11-22,LATAM,Apparel,141.57,50.96
ORD-13271,2025-12-14,APAC,Electronics,24.79,8.33
ORD-13272,2025-11-08,NA,Toys,367.25,192.94
ORD-13273,2025-11-27,NA,Home,277.12,95.75
ORD-13274,2025-12-08,NA,Toys,421.34,149.79
ORD-13275,2025-11-20,EU,Apparel,414.27,174.0
ORD-13276,2025-12-21,LATAM,Electronics,424.8,175.3
ORD-13277,2025-12-28,NA,Electronics,252.85,136.97
ORD-13278,2025-12-17,NA,Apparel,180.14,112.89
ORD-13279,2025-12-26,EU,Toys,399.95,241.79
ORD-13280,2025-12-15,NA,Toys,236.62,95.83
ORD-13281,2025-12-11,EU,Apparel,108.05,43.02
ORD-13282,2025-11-02,APAC,Electronics,430.39,295.38
ORD-13283,2025-12-09,NA,Apparel,443.63,134.55
ORD-13284,2025-12-01,NA,Toys,243.83,158.95
ORD-13285,2025-11-17,APAC,Home,56.34,21.4
ORD-13286,2025-12-12,APAC,Toys,206.16,139.96
ORD-13287,2025-12-21,APAC,Apparel,405.7,177.26
ORD-13288,2025-12-20,LATAM,Apparel,452.85,215.62
ORD-13289,2025-12-08,APAC,Apparel,117.67,68.58
ORD-13290,2025-12-07,NA,Electronics,52.15,27.9
ORD-13291,2025-11-15,NA,Apparel,441.13,188.44
ORD-13292,2025-12-17,EU,Apparel,206.91,107.91
ORD-13293,2025-11-04,EU,Apparel,280.05,165.87
ORD-13294,2025-12-08,NA,Home,484.67,153.61
ORD-13295,2025-12-01,EU,Home,51.95,15.82
ORD-13296,2025-11-11,APAC,Home,331.19,160.04
ORD-13297,2025-12-04,EU,Apparel,55.57,19.6
ORD-13298,2025-12-11,EU,Home,200.23,113.28
ORD-13299,2025-12-17,EU,Toys,405.83,156.5
ORD-13300,2025-12-10,EU,Toys,228.07,107.91
ORD-13301,2025-12-20,NA,Apparel,498.65,189.02
ORD-13302,2025-12-24,NA,Home,288.35,149.77
ORD-13303,2025-11-25,EU,Home,174.16,60.33
ORD-13304,2025-11-10,APAC,Electronics,125.65,38.86
ORD-13305,2025-12-23,EU,Electronics,188.25,60.33
ORD-13306,2025-12-14,NA,Toys,198.82,135.54
ORD-13307,2025-11-16,EU,Toys,52.98,18.91
ORD-13308,2025-11-03,LATAM,Toys,197.4,115.16
ORD-13309,2025-12-07,EU,Toys,242.83,79.45
ORD-13310,2025-12-31,NA,Apparel,366.91,125.95
ORD-13311,2025-12-15,NA,Apparel,335.23,168.81
ORD-13312,2025-11-08,NA,Electronics,360.21,175.04
ORD-13313,2025-11-13,APAC,Toys,24.01,16.34
ORD-13314,2025-11-02,NA,Toys,124.48,84.39
ORD-13315,2025-11-29,NA,Electronics,337.61,206.56
ORD-13316,2025-11-21,APAC,Toys,252.31,136.46
ORD-13317,2025-11-27,EU,Apparel,22.55,10.87
ORD-13318,2025-11-10,LATAM,Electronics,406.16,179.71
ORD-13319,2025-11-27,NA,Home,390.95,265.39
ORD-13320,2025-12-15,EU,Electronics,283.24,153.28
ORD-13321,2025-11-14,NA,Toys,51.9,27.59
ORD-13322,2025-11-27,NA,Electronics,387.93,152.36
ORD-13323,2025-12-03,EU,Toys,300.18,95.66
ORD-13324,2025-12-20,NA,Toys,395.34,268.07
ORD-13325,2025-12-10,EU,Toys,380.84,162.05
ORD-13326,2025-12-29,EU,Toys,405.44,193.41
ORD-13327,2025-12-01,EU,Toys,268.64,92.91
ORD-13328,2025-12-26,EU,Electronics,87.36,55.45
ORD-13329,2025-12-25,EU,Electronics,342.16,106.43
ORD-13330,2025-12-18,EU,Apparel,317.83,201.38
ORD-13331,2025-12-17,APAC,Electronics,376.28,134.0
ORD-13332,2025-11-04,NA,Electronics,101.54,66.47
ORD-13333,2025-12-16,NA,Home,113.59,67.23
ORD-13334,2025-11-09,NA,Home,447.4,163.69
ORD-13335,2025-12-04,NA,Electronics,379.99,200.0
ORD-13336,2025-11-14,EU,Electronics,455.95,193.81
ORD-13337,2025-12-06,NA,Apparel,384.18,142.64
ORD-13338,2025-11-21,NA,Toys,306.63,197.37
ORD-13339,2025-12-13,APAC,Home,333.98,154.1
ORD-13340,2025-12-01,EU,Apparel,446.78,205.26
ORD-13341,2025-12-04,EU,Home,297.83,109.59
ORD-13342,2025-11-25,APAC,Toys,323.55,146.64
ORD-13343,2025-11-21,LATAM,Apparel,95.11,61.69
ORD-13344,2025-11-12,NA,Apparel,247.48,110.19
ORD-13345,2025-11-30,NA,Toys,363.87,247.66
ORD-13346,2025-12-29,NA,Toys,150.05,101.81
ORD-13347,2025-12-05,NA,Electronics,117.08,41.91
ORD-13348,2025-11-22,NA,Apparel,170.64,63.29
ORD-13349,2025-12-05,NA,Home,135.92,87.68
ORD-13350,2025-11-23,NA,Apparel,123.16,56.3
ORD-13351,2025-12-14,APAC,Toys,223.93,67.57
ORD-13352,2025-12-20,EU,Home,455.76,186.66
ORD-13353,2025-12-26,NA,Electronics,263.39,141.98
ORD-13354,2025-12-17,APAC,Electronics,110.2,68.29
ORD-13355,2025-12-14,LATAM,Apparel,56.95,20.12
ORD-13356,2025-12-12,LATAM,Home,354.15,121.9
ORD-13357,2025-12-22,APAC,Home,203.74,136.27
ORD-13358,2025-12-15,APAC,Electronics,414.48,248.88
ORD-13359,2025-11-17,LATAM,Apparel,336.57,180.37
ORD-13360,2025-12-10,NA,Electronics,402.2,244.41
ORD-13361,2025-12-01,NA,Toys,150.53,70.98
ORD-13362,2025-11-13,APAC,Home,352.33,212.59
ORD-13363,2025-11-16,APAC,Toys,146.75,65.85
ORD-13364,2025-11-18,EU,Electronics,470.75,187.19
ORD-13365,2025-12-06,EU,Home,325.46,192.54
ORD-13366,2025-11-20,EU,Toys,175.77,82.24
ORD-13367,2025-11-15,EU,Home,149.37,103.45
ORD-13368,2025-12-31,EU,Electronics,111.64,49.1
ORD-13369,2025-11-20,EU,Electronics,353.43,236.34
ORD-13370,2025-12-20,APAC,Electronics,124.98,84.13
ORD-13371,2025-11-19,NA,Electronics,305.75,121.3
ORD-13372,2025-12-16,NA,Toys,147.02,91.05
ORD-13373,2025-11-14,NA,Electronics,337.75,159.83
ORD-13374,2025-12-15,APAC,Apparel,411.17,274.25
ORD-13375,2025-12-16,EU,Electronics,393.45,188.88
ORD-13376,2025-12-02,EU,Apparel,385.21,230.25
ORD-13377,2025-11-21,APAC,Electronics,110.11,53.6
ORD-13378,2025-12-01,APAC,Electronics,62.42,24.41
ORD-13379,2025-11-23,APAC,Electronics,355.5,135.0
ORD-13380,2025-12-06,EU,Apparel,196.81,92.53
ORD-13381,2025-12-30,APAC,Electronics,227.53,137.02
ORD-13382,2025-12-30,NA,Home,34.95,18.94
ORD-13383,2025-12-21,NA,Apparel,144.6,83.21
ORD-13384,2025-12-17,APAC,Electronics,36.16,14.93
ORD-13385,2025-11-18,EU,Electronics,442.01,217.72
ORD-13386,2025-11-19,NA,Apparel,136.83,43.48
ORD-13387,2025-11-08,EU,Home,287.52,180.28
ORD-13388,2025-12-07,EU,Electronics,38.71,26.94
ORD-13389,2025-12-14,NA,Apparel,340.09,157.38
ORD-13390,2025-12-05,EU,Toys,175.05,53.28
ORD-13391,2025-11-25,NA,Toys,451.0,165.93
ORD-13392,2025-12-28,LATAM,Apparel,446.3,250.38
ORD-13393,2025-11-26,NA,Apparel,176.14,95.97
ORD-13394,2025-12-23,APAC,Home,452.46,278.33
ORD-13395,2025-11-23,APAC,Apparel,498.16,200.04
ORD-13396,2025-12-20,NA,Home,416.2,251.99
ORD-13397,2025-12-22,EU,Apparel,425.54,244.77
ORD-13398,2025-11-10,EU,Apparel,139.52,59.87
ORD-13399,2025-11-19,EU,Toys,296.82,153.81
ORD-13400,2025-11-03,APAC,Toys,52.28,18.76
ORD-13401,2025-11-19,EU,Apparel,65.56,31.54
ORD-13402,2025-12-16,NA,Home,499.47,325.89
ORD-13403,2025-11-06,NA,Home,176.79,82.82
ORD-13404,2025-11-23,APAC,Toys,379.13,241.06
ORD-13405,2025-12-30,LATAM,Home,407.2,218.3
ORD-13406,2025-11-29,NA,Apparel,431.85,162.7
ORD-13407,2025-12-12,LATAM,Toys,498.86,265.61
ORD-13408,2025-11-17,NA,Home,135.92,68.29
ORD-13409,2025-12-18,EU,Home,39.37,18.09
ORD-13410,2025-12-01,EU,Apparel,217.37,75.61
ORD-13411,2025-11-14,EU,Home,82.44,38.47
ORD-13412,2025-11-13,APAC,Electronics,30.76,10.12
ORD-13413,2025-12-23,LATAM,Apparel,193.0,65.52
ORD-13414,2025-12-05,NA,Electronics,396.19,184.77
ORD-13415,2025-11-18,NA,Apparel,291.77,123.17
ORD-13416,2025-12-30,EU,Electronics,170.13,114.02
ORD-13417,2025-12-06,NA,Home,334.08,150.43
ORD-13418,2025-12-15,NA,Electronics,131.37,79.23
ORD-13419,2025-11-18,EU,Toys,26.9,13.78
ORD-13420,2025-11-09,EU,Home,386.89,225.03
ORD-13421,2025-11-07,APAC,Toys,319.4,129.05
ORD-13422,2025-12-10,NA,Home,385.91,261.17
ORD-13423,2025-12-18,NA,Toys,38.69,19.81
ORD-13424,2025-12-08,EU,Toys,421.82,266.81
ORD-13425,2025-11-16,NA,Toys,317.37,141.55
ORD-13426,2025-11-16,EU,Apparel,290.43,98.77
ORD-13427,2025-11-04,EU,Electronics,319.81,182.13
ORD-13428,2025-12-13,NA,Home,434.93,131.83
ORD-13429,2025-12-28,NA,Home,301.73,147.88
ORD-13430,2025-12-04,LATAM,Home,298.86,112.71
ORD-13431,2025-11-15,NA,Home,495.53,273.01
ORD-13432,2025-12-11,NA,Toys,383.23,265.11
ORD-13433,2025-11-15,EU,Toys,232.3,112.84
ORD-13434,2025-11-04,NA,Home,359.55,225.44
ORD-13435,2025-11-07,NA,Toys,206.83,104.06
ORD-13436,2025-11-27,EU,Home,129.86,64.71
ORD-13437,2025-11-22,NA,Home,306.49,206.01
ORD-13438,2025-12-16,APAC,Home,465.53,305.38
ORD-13439,2025-12-01,EU,Electronics,465.99,286.27
ORD-13440,2025-11-07,NA,Home,184.11,77.05
ORD-13441,2025-12-14,NA,Electronics,273.29,141.57
ORD-13442,2025-12-20,EU,Electronics,121.59,47.37
ORD-13443,2025-11-09,EU,Home,497.9,237.78
ORD-13444,2025-11-01,NA,Home,490.94,242.37
ORD-13445,2025-12-06,LATAM,Electronics,331.76,209.89
ORD-13446,2025-12-30,APAC,Home,406.12,267.39
ORD-13447,2025-11-11,NA,Toys,363.25,169.22
ORD-13448,2025-11-27,NA,Electronics,304.72,93.57
ORD-13449,2025-12-12,EU,Home,45.61,29.41
ORD-13450,2025-12-30,APAC,Apparel,238.29,88.1
ORD-13451,2025-12-27,EU,Apparel,343.9,188.72
ORD-13452,2025-12-27,EU,Apparel,345.22,107.01
ORD-13453,2025-12-01,LATAM,Home,199.1,91.55
ORD-13454,2025-12-01,EU,Home,472.01,327.76
ORD-13455,2025-12-12,EU,Toys,100.33,34.14
ORD-13456,2025-11-13,EU,Electronics,260.17,122.14
ORD-13457,2025-12-19,NA,Toys,351.62,148.69
ORD-13458,2025-11-19,NA,Apparel,354.63,234.78
ORD-13459,2025-11-21,NA,Toys,331.35,214.63
ORD-13460,2025-11-19,NA,Home,152.14,60.11
ORD-13461,2025-12-12,NA,Apparel,94.98,31.58
ORD-13462,2025-11-04,APAC,Apparel,325.25,179.17
ORD-13463,2025-12-29,EU,Toys,307.67,133.7
ORD-13464,2025-12-20,LATAM,Toys,106.09,60.35
ORD-13465,2025-11-06,APAC,Home,358.47,112.15
ORD-13466,2025-12-12,EU,Home,238.48,84.27
ORD-13467,2025-12-07,EU,Electronics,340.53,195.65
ORD-13468,2025-11-15,APAC,Apparel,421.94,162.43
ORD-13469,2025-12-05,NA,Toys,101.47,65.25
ORD-13470,2025-12-18,APAC,Toys,29.19,9.44
ORD-13471,2025-12-17,EU,Apparel,393.97,152.15
ORD-13472,2025-12-25,APAC,Electronics,312.65,218.67
ORD-13473,2025-12-30,APAC,Electronics,355.83,168.39
ORD-13474,2025-11-03,NA,Electronics,422.31,245.44
ORD-13475,2025-12-29,EU,Electronics,405.35,151.22
ORD-13476,2025-12-29,APAC,Electronics,481.24,261.77
ORD-13477,2025-11-12,NA,Toys,277.25,163.7
ORD-13478,2025-11-27,NA,Apparel,254.48,108.36
ORD-13479,2025-12-27,APAC,Home,212.91,134.47
ORD-13480,2025-12-24,APAC,Apparel,93.77,50.76
ORD-13481,2025-11-12,EU,Electronics,294.85,134.35
ORD-13482,2025-12-30,LATAM,Apparel,152.97,80.01
ORD-13483,2025-12-29,NA,Toys,462.23,245.31
ORD-13484,2025-11-03,EU,Apparel,299.93,109.84
ORD-13485,2025-12-24,NA,Home,304.56,140.43
ORD-13486,2025-11-26,LATAM,Home,190.36,83.26
ORD-13487,2025-12-21,NA,Toys,44.95,20.69
ORD-13488,2025-12-02,APAC,Electronics,35.24,21.3
ORD-13489,2025-11-12,NA,Electronics,223.2,110.04
ORD-13490,2025-12-30,EU,Toys,60.59,40.97
ORD-13491,2025-12-18,NA,Toys,311.29,129.95
ORD-13492,2025-12-26,LATAM,Electronics,442.87,206.5
ORD-13493,2025-12-30,EU,Toys,443.8,272.84
ORD-13494,2025-11-19,APAC,Apparel,336.34,174.36
ORD-13495,2025-12-27,NA,Toys,121.39,62.98
ORD-13496,2025-11-03,EU,Toys,434.24,139.54
ORD-13497,2025-11-01,LATAM,Home,445.32,204.6
ORD-13498,2025-11-20,EU,Electronics,114.39,46.7
ORD-13499,2025-12-07,LATAM,Toys,373.96,261.67
ORD-13500,2025-12-09,NA,Apparel,157.53,66.69
ORD-13501,2025-11-07,NA,Home,405.27,264.96
ORD-13502,2025-12-30,APAC,Home,498.67,284.49
ORD-13503,2025-11-22,NA,Toys,34.41,15.02
ORD-13504,2025-11-19,EU,Toys,450.74,233.22
ORD-13505,2025-11-30,NA,Home,318.86,202.86
ORD-13506,2025-12-12,EU,Home,487.22,318.32
ORD-13507,2025-12-05,EU,Home,243.2,88.56
ORD-13508,2025-12-04,NA,Apparel,426.75,185.99
ORD-13509,2025-12-02,EU,Electronics,49.95,21.68
ORD-13510,2025-12-27,APAC,Home,180.93,57.32
ORD-13511,2025-12-31,NA,Home,52.17,28.14
ORD-13512,2025-11-09,APAC,Apparel,488.16,313.36
ORD-13513,2025-12-25,APAC,Home,412.15,186.55
ORD-13514,2025-12-03,NA,Electronics,429.22,255.82
ORD-13515,2025-11-30,NA,Home,470.22,259.13
ORD-13516,2025-11-18,NA,Apparel,60.85,27.4
ORD-13517,2025-11-13,LATAM,Electronics,205.09,73.1
ORD-13518,2025-12-22,NA,Toys,54.1,31.58
ORD-13519,2025-11-08,APAC,Toys,121.18,77.78
ORD-13520,2025-11-22,EU,Toys,130.1,74.72
ORD-13521,2025-11-11,NA,Toys,245.17,75.3
ORD-13522,2025-12-17,EU,Electronics,148.91,57.55
ORD-13523,2025-11-30,NA,Apparel,68.47,22.44
ORD-13524,2025-12-12,LATAM,Apparel,100.4,53.03
ORD-13525,2025-11-17,NA,Toys,90.69,54.65
ORD-13526,2025-12-16,APAC,Home,487.08,167.67
ORD-13527,2025-11-12,APAC,Toys,384.46,244.26
ORD-13528,2025-11-01,NA,Toys,484.53,253.02
ORD-13529,2025-12-18,NA,Home,231.08,133.1
ORD-13530,2025-11-22,NA,Electronics,153.62,105.78
ORD-13531,2025-12-21,NA,Electronics,403.18,134.45
ORD-13532,2025-11-19,EU,Toys,176.6,116.64
ORD-13533,2025-12-07,NA,Electronics,163.7,57.37
ORD-13534,2025-12-14,NA,Electronics,131.6,60.17
ORD-13535,2025-12-19,APAC,Home,82.25,52.69
ORD-13536,2025-11-13,EU,Toys,143.1,94.8
ORD-13537,2025-11-12,NA,Toys,190.55,95.76
ORD-13538,2025-12-10,NA,Electronics,343.52,184.69
ORD-13539,2025-12-25,NA,Electronics,50.03,29.18
ORD-13540,2025-12-11,NA,Home,121.04,76.63
ORD-13541,2025-12-28,EU,Toys,408.33,142.35
ORD-13542,2025-11-26,NA,Home,90.52,56.49
ORD-13543,2025-12-23,EU,Home,184.47,90.85
ORD-13544,2025-11-28,APAC,Apparel,435.04,208.93
ORD-13545,2025-12-03,APAC,Electronics,94.36,44.31
ORD-13546,2025-11-21,EU,Apparel,59.71,30.08
ORD-13547,2025-11-06,APAC,Apparel,252.58,171.25
ORD-13548,2025-11-26,APAC,Home,165.16,85.76
ORD-13549,2025-12-13,NA,Home,290.44,197.87
ORD-13550,2025-11-07,NA,Electronics,405.83,151.02
ORD-13551,2025-11-12,NA,Home,85.83,50.61
ORD-13552,2025-11-09,NA,Electronics,298.74,186.68
ORD-13553,2025-12-01,APAC,Electronics,262.64,150.14
ORD-13554,2025-11-21,APAC,Apparel,89.16,48.39
ORD-13555,2025-12-30,LATAM,Apparel,319.52,168.04
ORD-13556,2025-11-16,NA,Electronics,151.35,97.53
ORD-13557,2025-11-01,NA,Home,254.16,159.78
ORD-13558,2025-11-17,NA,Electronics,59.49,20.76
ORD-13559,2025-11-25,EU,Toys,240.6,153.85
ORD-13560,2025-11-16,LATAM,Electronics,167.1,77.81
ORD-13561,2025-11-29,NA,Electronics,414.74,166.51
ORD-13562,2025-12-19,NA,Electronics,47.35,30.68
ORD-13563,2025-11-18,EU,Electronics,220.93,104.46
ORD-13564,2025-11-22,NA,Electronics,240.05,149.63
ORD-13565,2025-11-20,APAC,Electronics,368.0,149.17
ORD-13566,2025-12-08,APAC,Home,295.66,89.16
ORD-13567,2025-12-17,APAC,Home,340.26,169.51
ORD-13568,2025-12-07,NA,Apparel,392.98,133.65
ORD-13569,2025-11-01,NA,Apparel,433.86,261.08
ORD-13570,2025-11-17,EU,Home,170.66,70.04
ORD-13571,2025-12-12,NA,Electronics,278.25,132.85
ORD-13572,2025-11-24,NA,Home,423.25,141.71
ORD-13573,2025-12-15,EU,Home,494.94,205.23
ORD-13574,2025-11-16,NA,Electronics,446.97,273.81
ORD-13575,2025-11-04,NA,Electronics,198.3,71.51
ORD-13576,2025-12-13,EU,Apparel,113.68,63.53
ORD-13577,2025-11-08,LATAM,Electronics,254.91,170.02
ORD-13578,2025-11-30,NA,Electronics,375.99,215.04
ORD-13579,2025-11-20,NA,Electronics,256.43,160.12
ORD-13580,2025-11-11,NA,Home,251.93,86.56
ORD-13581,2025-11-26,NA,Apparel,422.35,169.06
ORD-13582,2025-12-14,EU,Home,193.47,127.27
ORD-13583,2025-12-03,NA,Home,432.7,253.58
ORD-13584,2025-12-30,NA,Toys,215.27,119.65
ORD-13585,2025-12-28,EU,Toys,177.55,100.41
ORD-13586,2025-12-27,NA,Toys,237.92,110.79
ORD-13587,2025-12-16,APAC,Electronics,385.97,122.67
ORD-13588,2025-12-20,EU,Home,80.48,49.4
ORD-13589,2025-11-20,NA,Home,114.28,65.31
ORD-13590,2025-12-15,NA,Electronics,476.69,233.16
ORD-13591,2025-11-08,NA,Home,104.24,68.79
ORD-13592,2025-12-11,NA,Apparel,292.51,127.09
ORD-13593,2025-12-29,EU,Apparel,298.07,124.51
ORD-13594,2025-12-31,LATAM,Home,255.02,165.54
ORD-13595,2025-11-19,NA,Home,329.48,203.88
ORD-13596,2025-11-24,EU,Apparel,130.32,65.94
ORD-13597,2025-12-10,LATAM,Toys,285.28,100.5
ORD-13598,2025-11-15,APAC,Toys,198.64,76.68
ORD-13599,2025-11-15,NA,Toys,337.6,189.9
ORD-13600,2025-11-09,LATAM,Electronics,87.79,39.86
ORD-13601,2025-12-01,EU,Toys,294.02,186.58
ORD-13602,2025-11-10,LATAM,Apparel,108.93,74.07
ORD-13603,2025-11-30,EU,Electronics,153.75,95.67
ORD-13604,2025-12-18,EU,Apparel,124.98,56.37
ORD-13605,2025-12-09,LATAM,Toys,107.76,66.32
ORD-13606,2025-11-24,EU,Home,416.34,183.43
ORD-13607,2025-11-27,NA,Home,157.14,57.65
ORD-13608,2025-12-15,EU,Electronics,465.02,145.72
ORD-13609,2025-12-06,APAC,Apparel,485.56,220.58
ORD-13610,2025-12-29,NA,Electronics,294.21,194.6
ORD-13611,2025-12-01,APAC,Home,88.64,35.07
ORD-13612,2025-12-19,EU,Toys,199.78,76.44
ORD-13613,2025-12-05,NA,Electronics,402.91,277.17
ORD-13614,2025-12-22,EU,Apparel,196.35,60.87
ORD-13615,2025-12-13,EU,Electronics,61.77,37.95
ORD-13616,2025-12-23,NA,Toys,287.26,123.1
ORD-13617,2025-11-14,EU,Home,425.66,134.08
ORD-13618,2025-12-19,NA,Home,402.04,268.21
ORD-13619,2025-11-16,EU,Apparel,104.06,37.03
ORD-13620,2025-12-14,LATAM,Toys,342.93,178.57
ORD-13621,2025-12-19,NA,Home,125.84,51.55
ORD-13622,2025-12-09,EU,Toys,124.74,40.67
ORD-13623,2025-12-26,APAC,Electronics,439.55,140.64
ORD-13624,2025-12-21,NA,Home,139.84,48.42
ORD-13625,2025-11-06,APAC,Home,146.36,48.09
ORD-13626,2025-12-04,APAC,Toys,20.31,12.27
ORD-13627,2025-11-29,EU,Electronics,437.92,216.43
ORD-13628,2025-12-04,NA,Home,400.45,175.06
ORD-13629,2025-12-16,NA,Home,321.12,150.07
ORD-13630,2025-11-24,NA,Electronics,380.13,255.29
ORD-13631,2025-11-05,NA,Home,92.98,61.77
ORD-13632,2025-12-29,NA,Apparel,240.0,140.7
ORD-13633,2025-12-07,NA,Electronics,188.59,123.31
ORD-13634,2025-11-08,LATAM,Electronics,65.01,27.82
ORD-13635,2025-11-04,EU,Toys,253.34,114.62
ORD-13636,2025-12-24,LATAM,Electronics,461.96,251.99
ORD-13637,2025-12-06,APAC,Apparel,39.23,21.55
ORD-13638,2025-12-28,NA,Apparel,159.9,78.78
ORD-13639,2025-12-03,NA,Apparel,119.62,55.06
ORD-13640,2025-11-13,EU,Apparel,134.31,93.27
ORD-13641,2025-12-07,APAC,Apparel,456.05,286.6
ORD-13642,2025-12-05,EU,Apparel,244.67,115.97
ORD-13643,2025-11-10,LATAM,Toys,243.82,144.08
ORD-13644,2025-11-11,EU,Electronics,385.08,157.05
ORD-13645,2025-11-21,NA,Electronics,94.16,32.02
ORD-13646,2025-12-25,NA,Toys,253.89,111.96
ORD-13647,2025-12-04,APAC,Toys,226.39,104.41
ORD-13648,2025-11-29,NA,Toys,306.52,93.98
ORD-13649,2025-11-08,NA,Electronics,499.79,312.83
ORD-13650,2025-12-14,EU,Toys,389.34,172.74
ORD-13651,2025-11-14,LATAM,Toys,210.98,112.28
ORD-13652,2025-12-16,EU,Apparel,417.23,137.51
ORD-13653,2025-12-08,NA,Apparel,101.94,37.72
ORD-13654,2025-12-02,EU,Electronics,34.62,22.71
ORD-13655,2025-11-06,APAC,Electronics,118.14,64.21
ORD-13656,2025-12-28,EU,Apparel,183.4,124.73
ORD-13657,2025-12-03,NA,Electronics,265.08,185.42
ORD-13658,2025-11-29,NA,Home,315.26,141.47
ORD-13659,2025-12-22,EU,Electronics,457.09,191.76
ORD-13660,2025-11-04,NA,Home,264.73,170.31
ORD-13661,2025-11-30,APAC,Toys,260.61,182.28
ORD-13662,2025-11-09,NA,Apparel,44.12,24.35
ORD-13663,2025-12-03,NA,Toys,36.76,22.72
ORD-13664,2025-11-27,EU,Electronics,284.56,174.35
ORD-13665,2025-11-30,NA,Electronics,230.33,101.84
ORD-13666,2025-12-07,NA,Electronics,422.81,223.97
ORD-13667,2025-11-04,NA,Apparel,97.13,61.5
ORD-13668,2025-12-06,EU,Home,31.99,18.4
ORD-13669,2025-11-30,APAC,Toys,235.54,72.66
ORD-13670,2025-12-14,LATAM,Apparel,133.99,58.24
ORD-13671,2025-12-22,NA,Apparel,43.81,15.67
ORD-13672,2025-11-20,NA,Toys,367.81,144.62
ORD-13673,2025-12-17,APAC,Toys,73.56,48.71
ORD-13674,2025-11-02,NA,Home,311.99,98.2
ORD-13675,2025-11-26,APAC,Home,154.9,60.09
ORD-13676,2025-11-17,NA,Electronics,103.28,43.77
ORD-13677,2025-12-23,NA,Home,202.28,110.6
ORD-13678,2025-11-01,NA,Apparel,404.69,207.87
ORD-13679,2025-12-18,NA,Electronics,208.2,80.64
ORD-13680,2025-11-14,EU,Electronics,380.37,139.1
ORD-13681,2025-12-08,EU,Home,80.23,31.67
ORD-13682,2025-11-05,NA,Toys,390.93,195.86
ORD-13683,2025-11-03,APAC,Apparel,133.73,54.62
ORD-13684,2025-11-28,NA,Apparel,345.15,234.37
ORD-13685,2025-11-23,LATAM,Toys,291.58,141.58
ORD-13686,2025-12-15,NA,Home,465.99,150.76
ORD-13687,2025-11-05,NA,Apparel,205.91,121.84
ORD-13688,2025-12-05,EU,Toys,51.76,22.34
ORD-13689,2025-11-04,EU,Apparel,29.19,16.39
ORD-13690,2025-12-30,APAC,Electronics,416.89,171.69
ORD-13691,2025-12-28,APAC,Apparel,271.87,143.63
ORD-13692,2025-11-05,APAC,Home,392.12,238.75
ORD-13693,2025-12-30,APAC,Toys,132.52,88.95
ORD-13694,2025-12-01,NA,Apparel,185.64,75.08
ORD-13695,2025-11-03,NA,Apparel,34.45,14.95
ORD-13696,2025-11-19,APAC,Electronics,481.52,233.88
ORD-13697,2025-11-27,APAC,Electronics,340.58,228.48
ORD-13698,2025-11-12,LATAM,Apparel,467.94,309.1
ORD-13699,2025-12-20,EU,Electronics,147.44,49.53
ORD-13700,2025-11-09,NA,Toys,313.5,110.59
ORD-13701,2025-12-20,APAC,Apparel,345.68,172.22
ORD-13702,2025-12-12,NA,Apparel,172.42,59.08
ORD-13703,2025-12-17,EU,Electronics,427.09,187.16
ORD-13704,2025-12-12,EU,Home,474.64,170.56
ORD-13705,2025-11-27,NA,Toys,444.73,246.57
ORD-13706,2025-11-24,EU,Toys,374.75,254.75
ORD-13707,2025-12-28,NA,Home,153.18,107.03
ORD-13708,2025-11-25,NA,Electronics,155.18,69.85
ORD-13709,2025-11-29,EU,Electronics,482.41,260.31
ORD-13710,2025-12-26,NA,Toys,24.94,16.02
ORD-13711,2025-12-29,NA,Toys,363.7,126.2
ORD-13712,2025-12-29,NA,Home,359.0,206.72
ORD-13713,2025-11-25,EU,Electronics,318.89,147.82
ORD-13714,2025-11-25,APAC,Apparel,495.25,189.41
ORD-13715,2025-11-06,EU,Toys,169.7,78.25
ORD-13716,2025-12-14,LATAM,Electronics,183.19,60.52
ORD-13717,2025-12-13,LATAM,Electronics,57.89,33.47
ORD-13718,2025-12-26,LATAM,Home,232.54,93.27
ORD-13719,2025-12-05,NA,Home,145.3,61.69
ORD-13720,2025-11-09,EU,Home,184.83,64.4
ORD-13721,2025-12-12,EU,Toys,420.59,271.64
ORD-13722,2025-12-26,EU,Home,469.03,233.29
ORD-13723,2025-11-23,EU,Apparel,109.15,57.72
ORD-13724,2025-11-08,NA,Electronics,198.8,104.92
ORD-13725,2025-11-12,LATAM,Electronics,465.74,216.2
ORD-13726,2025-12-05,NA,Home,49.67,18.73
ORD-13727,2025-11-26,EU,Toys,64.33,38.47
ORD-13728,2025-12-04,NA,Home,98.14,34.43
ORD-13729,2025-11-09,EU,Apparel,305.7,104.41
ORD-13730,2025-12-17,NA,Electronics,92.23,53.87
ORD-13731,2025-11-15,LATAM,Electronics,484.68,185.89
ORD-13732,2025-12-24,APAC,Apparel,234.42,99.09
ORD-13733,2025-11-01,EU,Electronics,260.73,127.78
ORD-13734,2025-12-19,EU,Apparel,138.4,66.4
ORD-13735,2025-11-02,EU,Electronics,246.06,143.56
ORD-13736,2025-11-20,EU,Electronics,337.72,185.53
ORD-13737,2025-11-30,EU,Electronics,380.57,212.27
ORD-13738,2025-12-14,LATAM,Toys,381.86,223.63
ORD-13739,2025-12-17,APAC,Apparel,297.39,124.03
ORD-13740,2025-12-05,NA,Home,454.09,194.77
ORD-13741,2025-11-28,NA,Apparel,412.36,195.95
ORD-13742,2025-12-05,APAC,Apparel,383.38,162.16
ORD-13743,2025-11-25,EU,Toys,46.69,32.4
ORD-13744,2025-12-23,EU,Electronics,23.3,14.58
ORD-13745,2025-11-15,EU,Home,121.97,44.62
ORD-13746,2025-11-16,EU,Electronics,338.49,102.3
ORD-13747,2025-11-30,NA,Home,217.37,68.93
ORD-13748,2025-11-23,EU,Electronics,213.16,84.76
ORD-13749,2025-11-10,EU,Home,444.6,153.71
ORD-13750,2025-11-18,NA,Home,449.87,230.93
ORD-13751,2025-11-13,EU,Apparel,456.4,293.56
ORD-13752,2025-12-30,LATAM,Apparel,170.66,101.49
ORD-13753,2025-12-27,APAC,Apparel,351.71,135.85
ORD-13754,2025-12-17,NA,Apparel,150.38,69.13
ORD-13755,2025-12-19,APAC,Electronics,111.49,56.1
ORD-13756,2025-11-08,EU,Electronics,108.62,67.79
ORD-13757,2025-11-03,LATAM,Electronics,184.21,117.09
ORD-13758,2025-12-22,NA,Electronics,226.38,150.29
ORD-13759,2025-12-13,EU,Home,418.86,210.98
ORD-13760,2025-11-27,LATAM,Toys,77.55,44.8
ORD-13761,2025-12-10,EU,Electronics,372.76,128.5
ORD-13762,2025-12-20,NA,Apparel,275.1,144.73
ORD-13763,2025-12-30,EU,Toys,158.21,63.2
ORD-13764,2025-12-27,APAC,Toys,256.55,121.27
ORD-13765,2025-12-27,NA,Apparel,163.97,90.78
ORD-13766,2025-11-02,NA,Apparel,306.12,123.3
ORD-13767,2025-11-16,LATAM,Apparel,228.25,73.24
ORD-13768,2025-11-14,EU,Apparel,98.91,30.08
ORD-13769,2025-11-05,NA,Toys,75.96,23.46
ORD-13770,2025-11-07,NA,Electronics,282.41,85.67
ORD-13771,2025-12-09,EU,Home,453.16,155.95
ORD-13772,2025-11-03,APAC,Home,185.1,73.26
ORD-13773,2025-11-29,APAC,Toys,371.84,144.46
ORD-13774,2025-12-09,NA,Home,336.16,233.54
ORD-13775,2025-12-14,EU,Apparel,467.15,197.33
ORD-13776,2025-12-16,APAC,Electronics,414.07,145.33
ORD-13777,2025-12-26,NA,Toys,291.97,151.31
ORD-13778,2025-11-04,NA,Apparel,335.37,215.7
ORD-13779,2025-11-16,APAC,Apparel,451.23,257.75
ORD-13780,2025-12-18,LATAM,Apparel,211.77,88.61
ORD-13781,2025-11-03,NA,Apparel,176.86,92.79
ORD-13782,2025-11-26,NA,Home,25.19,14.76
ORD-13783,2025-11-29,LATAM,Toys,416.74,246.39
ORD-13784,2025-11-15,APAC,Toys,404.47,229.18
ORD-13785,2025-12-05,NA,Electronics,70.14,45.47
ORD-13786,2025-11-14,NA,Home,296.89,192.4
ORD-13787,2025-12-19,EU,Home,242.71,129.02
ORD-13788,2025-12-26,EU,Electronics,76.98,36.33
ORD-13789,2025-12-20,EU,Apparel,490.67,273.12
ORD-13790,2025-11-04,APAC,Electronics,123.05,77.19
ORD-13791,2025-11-09,NA,Home,52.27,15.8
ORD-13792,2025-12-03,NA,Home,305.53,212.89
ORD-13793,2025-11-19,APAC,Home,374.66,139.81
ORD-13794,2025-11-15,NA,Toys,35.57,17.36
ORD-13795,2025-12-23,NA,Electronics,336.18,218.12
ORD-13796,2025-12-29,LATAM,Home,275.5,107.45
ORD-13797,2025-12-17,EU,Toys,69.57,34.14
ORD-13798,2025-12-07,APAC,Toys,102.81,36.3
ORD-13799,2025-11-21,NA,Home,292.63,134.03
ORD-13800,2025-12-07,NA,Apparel,162.25,60.17
ORD-13801,2025-12-09,NA,Electronics,470.39,209.54
ORD-13802,2025-12-20,APAC,Electronics,413.0,185.6
ORD-13803,2025-12-14,NA,Toys,492.11,343.13
ORD-13804,2025-12-23,LATAM,Electronics,144.64,100.95
ORD-13805,2025-11-21,EU,Toys,485.47,167.93
ORD-13806,2025-11-16,EU,Electronics,226.99,134.01
ORD-13807,2025-11-20,EU,Home,186.81,59.91
ORD-13808,2025-12-27,APAC,Home,44.17,13.78
ORD-13809,2025-11-10,NA,Toys,45.33,15.51
ORD-13810,2025-12-13,NA,Apparel,352.17,241.66
ORD-13811,2025-12-04,NA,Toys,239.81,162.19
ORD-13812,2025-11-15,NA,Toys,128.73,48.6
ORD-13813,2025-11-27,NA,Toys,314.71,114.76
ORD-13814,2025-11-20,EU,Apparel,141.37,56.01
ORD-13815,2025-11-18,EU,Home,297.26,150.48
ORD-13816,2025-11-04,EU,Toys,192.42,101.58
ORD-13817,2025-12-06,NA,Home,415.31,161.4
ORD-13818,2025-12-31,NA,Home,413.93,249.45
ORD-13819,2025-12-08,APAC,Electronics,249.13,105.59
ORD-13820,2025-12-27,NA,Home,188.39,126.01
ORD-13821,2025-12-18,EU,Home,194.03,109.18
ORD-13822,2025-12-29,LATAM,Toys,406.74,193.01
ORD-13823,2025-11-12,NA,Apparel,177.53,109.35
ORD-13824,2025-12-11,EU,Home,120.35,75.48
ORD-13825,2025-12-14,NA,Apparel,60.65,25.24
ORD-13826,2025-11-28,EU,Apparel,244.01,106.36
ORD-13827,2025-12-06,LATAM,Apparel,251.42,169.55
ORD-13828,2025-12-02,APAC,Electronics,423.64,155.01
ORD-13829,2025-11-04,LATAM,Electronics,126.19,39.98
ORD-13830,2025-11-23,EU,Apparel,202.88,97.71
ORD-13831,2025-12-31,NA,Electronics,408.03,253.18
ORD-13832,2025-12-12,EU,Apparel,415.34,252.8
ORD-13833,2025-12-13,NA,Apparel,204.61,136.64
ORD-13834,2025-11-25,APAC,Electronics,240.38,123.38
ORD-13835,2025-12-21,LATAM,Electronics,165.58,56.3
ORD-13836,2025-12-04,APAC,Apparel,467.63,250.4
ORD-13837,2025-11-21,LATAM,Electronics,76.95,47.04
ORD-13838,2025-12-15,EU,Home,468.2,157.94
ORD-13839,2025-11-27,NA,Toys,348.26,128.53
ORD-13840,2025-11-27,NA,Home,275.15,83.9
ORD-13841,2025-11-10,NA,Home,35.68,19.18
ORD-13842,2025-11-20,NA,Home,248.29,162.55
ORD-13843,2025-11-25,NA,Toys,215.72,122.59
ORD-13844,2025-11-12,EU,Toys,97.39,67.47
ORD-13845,2025-12-19,EU,Apparel,335.08,108.97
ORD-13846,2025-12-05,APAC,Electronics,486.15,321.44
ORD-13847,2025-12-01,APAC,Home,289.85,181.34
ORD-13848,2025-11-16,NA,Toys,363.08,154.56
ORD-13849,2025-12-25,EU,Electronics,52.86,36.44
ORD-13850,2025-11-15,APAC,Apparel,220.48,91.54
ORD-13851,2025-11-20,NA,Toys,75.85,49.74
ORD-13852,2025-12-25,EU,Home,314.14,204.91
ORD-13853,2025-12-16,APAC,Electronics,470.47,283.72
ORD-13854,2025-11-10,NA,Apparel,337.65,177.4
ORD-13855,2025-12-22,EU,Home,56.87,19.79
ORD-13856,2025-11-30,EU,Toys,190.24,97.55
ORD-13857,2025-12-29,EU,Home,284.32,125.87
ORD-13858,2025-11-04,EU,Electronics,213.54,131.73
ORD-13859,2025-12-06,NA,Electronics,420.15,253.46
ORD-13860,2025-11-27,LATAM,Electronics,411.04,273.03
ORD-13861,2025-11-27,LATAM,Electronics,313.68,95.96
ORD-13862,2025-12-06,APAC,Home,199.26,124.27
ORD-13863,2025-12-04,NA,Electronics,142.56,96.28
ORD-13864,2025-11-09,NA,Toys,70.82,43.61
ORD-13865,2025-11-25,NA,Home,190.35,67.02
ORD-13866,2025-11-16,APAC,Electronics,218.32,72.59
ORD-13867,2025-11-17,NA,Toys,344.4,106.19
ORD-13868,2025-11-14,EU,Toys,335.92,185.26
ORD-13869,2025-11-22,EU,Toys,53.65,29.61
ORD-13870,2025-12-12,EU,Toys,209.72,145.71
ORD-13871,2025-11-06,EU,Electronics,107.25,49.25
ORD-13872,2025-12-30,NA,Home,95.27,41.23
ORD-13873,2025-11-29,EU,Toys,417.11,229.31
ORD-13874,2025-12-25,LATAM,Home,40.12,25.29
ORD-13875,2025-11-24,LATAM,Home,221.21,149.25
ORD-13876,2025-11-06,LATAM,Toys,100.74,62.58
ORD-13877,2025-12-05,APAC,Toys,442.08,208.07
ORD-13878,2025-12-17,LATAM,Apparel,287.38,159.2
ORD-13879,2025-12-24,APAC,Electronics,131.06,84.21
ORD-13880,2025-11-13,NA,Electronics,261.17,129.6
ORD-13881,2025-11-04,NA,Toys,371.11,143.5
ORD-13882,2025-11-18,NA,Toys,479.9,176.55
ORD-13883,2025-11-25,EU,Home,125.81,37.75
ORD-13884,2025-12-14,EU,Home,445.37,261.56
ORD-13885,2025-12-09,APAC,Home,468.47,161.36
ORD-13886,2025-12-09,EU,Toys,459.88,182.82
ORD-13887,2025-11-03,NA,Toys,325.0,136.22
ORD-13888,2025-12-26,APAC,Home,322.31,168.94
ORD-13889,2025-11-05,NA,Toys,213.54,98.05
ORD-13890,2025-11-13,EU,Toys,381.15,217.21
ORD-13891,2025-12-22,EU,Toys,275.02,88.63
ORD-13892,2025-12-19,APAC,Toys,345.17,120.66
ORD-13893,2025-12-08,NA,Toys,225.66,112.76
ORD-13894,2025-12-17,EU,Apparel,371.12,161.36
ORD-13895,2025-12-13,NA,Electronics,415.75,173.92
ORD-13896,2025-12-06,EU,Toys,90.29,29.51
ORD-13897,2025-11-14,NA,Apparel,419.81,276.36
ORD-13898,2025-12-01,NA,Toys,279.34,161.1
ORD-13899,2025-11-14,APAC,Apparel,425.44,148.33
ORD-13900,2025-12-26,EU,Home,227.02,74.01
ORD-13901,2025-12-29,NA,Toys,201.94,139.33
ORD-13902,2025-11-22,EU,Home,459.23,262.89
ORD-13903,2025-11-20,APAC,Apparel,140.56,65.64
ORD-13904,2025-12-29,NA,Home,425.22,246.92
ORD-13905,2025-11-01,LATAM,Apparel,252.33,152.04
ORD-13906,2025-11-14,LATAM,Electronics,266.77,163.26
ORD-13907,2025-12-30,APAC,Electronics,168.06,82.54
ORD-13908,2025-11-13,NA,Toys,295.06,139.25
ORD-13909,2025-12-18,NA,Apparel,176.1,53.61
ORD-13910,2025-11-08,EU,Electronics,38.85,26.05
ORD-13911,2025-12-18,APAC,Apparel,150.56,81.5
ORD-13912,2025-12-19,NA,Apparel,23.06,8.79
ORD-13913,2025-12-01,NA,Electronics,489.61,326.98
ORD-13914,2025-12-29,EU,Toys,483.56,322.04
ORD-13915,2025-11-16,APAC,Toys,209.67,145.86
ORD-13916,2025-12-15,NA,Apparel,369.62,240.11
ORD-13917,2025-12-09,EU,Electronics,185.99,130.03
ORD-13918,2025-12-16,APAC,Home,342.12,136.12
ORD-13919,2025-11-14,LATAM,Electronics,406.61,258.97
ORD-13920,2025-11-26,APAC,Home,474.44,298.52
ORD-13921,2025-12-29,EU,Electronics,212.1,83.22
ORD-13922,2025-11-16,EU,Electronics,395.98,134.39
ORD-13923,2025-12-06,NA,Toys,147.65,102.14
ORD-13924,2025-11-21,APAC,Home,495.36,207.26
ORD-13925,2025-12-20,APAC,Home,32.37,20.99
ORD-13926,2025-11-19,NA,Toys,309.69,93.42
ORD-13927,2025-11-25,EU,Home,336.56,103.8
ORD-13928,2025-11-30,EU,Apparel,350.26,170.35
ORD-13929,2025-12-05,APAC,Toys,77.79,30.76
ORD-13930,2025-12-12,APAC,Electronics,470.49,270.97
ORD-13931,2025-11-23,NA,Home,106.97,56.29
ORD-13932,2025-11-20,NA,Apparel,318.92,105.56
ORD-13933,2025-11-17,NA,Toys,126.88,46.32
ORD-13934,2025-11-24,NA,Home,167.46,76.23
ORD-13935,2025-12-03,APAC,Toys,282.3,105.65
ORD-13936,2025-12-27,LATAM,Home,220.25,135.87
ORD-13937,2025-12-02,APAC,Electronics,96.91,45.2
ORD-13938,2025-11-30,NA,Electronics,102.05,34.43
ORD-13939,2025-11-07,NA,Apparel,220.71,108.97
ORD-13940,2025-12-22,APAC,Home,383.5,128.98
ORD-13941,2025-12-17,LATAM,Apparel,451.02,158.57
ORD-13942,2025-12-01,EU,Toys,60.38,23.9
ORD-13943,2025-12-19,NA,Toys,208.69,134.36
ORD-13944,2025-12-24,NA,Apparel,68.12,45.63
ORD-13945,2025-11-21,EU,Apparel,27.96,17.63
ORD-13946,2025-12-29,APAC,Electronics,337.62,146.4
ORD-13947,2025-11-14,LATAM,Toys,309.18,126.45
ORD-13948,2025-11-24,NA,Home,98.25,51.06
ORD-13949,2025-11-21,NA,Electronics,132.23,77.85
ORD-13950,2025-11-27,EU,Apparel,31.38,21.88
ORD-13951,2025-11-03,APAC,Toys,420.77,148.38
ORD-13952,2025-12-07,EU,Home,487.85,155.97
ORD-13953,2025-12-26,EU,Home,85.02,49.12
ORD-13954,2025-11-15,NA,Apparel,131.11,82.98
ORD-13955,2025-12-18,NA,Apparel,436.84,278.94
ORD-13956,2025-11-10,EU,Electronics,464.7,265.52
ORD-13957,2025-11-02,EU,Toys,221.42,150.92
ORD-13958,2025-11-17,NA,Home,44.3,22.35
ORD-13959,2025-12-06,LATAM,Toys,38.91,25.9
ORD-13960,2025-12-30,APAC,Home,295.5,203.05
ORD-13961,2025-12-08,EU,Home,208.59,133.26
ORD-13962,2025-12-08,EU,Electronics,33.75,14.31
ORD-13963,2025-12-17,EU,Home,299.96,113.53
ORD-13964,2025-11-27,NA,Toys,25.43,13.2
ORD-13965,2025-11-19,EU,Toys,397.94,191.49
ORD-13966,2025-11-10,APAC,Home,167.09,108.79
ORD-13967,2025-11-13,APAC,Apparel,39.32,13.37
ORD-13968,2025-11-22,EU,Home,302.41,121.9
ORD-13969,2025-11-15,NA,Apparel,210.89,126.69
ORD-13970,2025-11-25,LATAM,Electronics,487.42,164.75
ORD-13971,2025-12-07,NA,Apparel,281.22,120.45
ORD-13972,2025-12-24,LATAM,Home,152.11,69.19
ORD-13973,2025-11-16,APAC,Electronics,360.53,197.94
ORD-13974,2025-12-02,EU,Apparel,150.32,54.6
ORD-13975,2025-12-06,APAC,Apparel,454.04,292.51
ORD-13976,2025-12-12,EU,Electronics,199.87,95.74
ORD-13977,2025-12-31,APAC,Electronics,283.94,189.33
ORD-13978,2025-12-14,NA,Home,44.28,21.57
ORD-13979,2025-11-22,LATAM,Electronics,224.54,92.07
ORD-13980,2025-11-17,NA,Electronics,419.53,149.66
ORD-13981,2025-12-19,APAC,Toys,406.71,122.62
ORD-13982,2025-12-23,NA,Apparel,127.67,65.48
ORD-13983,2025-12-02,APAC,Toys,128.52,44.06
ORD-13984,2025-12-17,APAC,Toys,412.31,188.3
ORD-13985,2025-12-12,APAC,Apparel,466.59,249.96
ORD-13986,2025-12-18,NA,Home,65.77,26.98
ORD-13987,2025-12-02,APAC,Electronics,236.03,87.35
ORD-13988,2025-11-30,NA,Home,181.98,110.99
ORD-13989,2025-11-11,EU,Home,437.93,297.23
ORD-13990,2025-12-17,NA,Toys,60.09,20.44
ORD-13991,2025-12-21,LATAM,Electronics,121.34,43.95
ORD-13992,2025-11-23,EU,Home,381.18,260.73
ORD-13993,2025-11-11,APAC,Home,44.62,14.06
ORD-13994,2025-11-09,LATAM,Home,256.42,177.2
ORD-13995,2025-12-17,EU,Home,232.21,70.09
ORD-13996,2025-12-05,NA,Toys,180.51,117.24
ORD-13997,2025-12-02,EU,Electronics,209.39,88.56
ORD-13998,2025-11-12,LATAM,Apparel,274.37,185.32
ORD-13999,2025-12-29,APAC,Apparel,97.46,41.59
ORD-14000,2025-12-27,NA,Toys,294.56,165.46
ORD-14001,2025-12-05,EU,Toys,406.61,135.0
ORD-14002,2025-12-12,NA,Apparel,384.88,152.77
ORD-14003,2025-11-04,EU,Home,93.87,57.21
ORD-14004,2025-12-04,NA,Apparel,91.64,46.87
ORD-14005,2025-11-03,APAC,Home,148.72,99.82
ORD-14006,2025-12-24,NA,Electronics,193.32,91.15
ORD-14007,2025-12-25,NA,Apparel,216.06,139.99
ORD-14008,2025-11-05,APAC,Electronics,346.25,166.06
ORD-14009,2025-12-31,EU,Toys,47.21,32.66
ORD-14010,2025-12-23,APAC,Home,36.64,25.06
ORD-14011,2025-12-13,APAC,Toys,208.12,89.84
ORD-14012,2025-11-04,APAC,Home,354.64,232.07
ORD-14013,2025-12-19,EU,Apparel,112.85,72.12
ORD-14014,2025-11-01,NA,Toys,327.92,126.01
ORD-14015,2025-11-27,NA,Home,144.72,79.55
ORD-14016,2025-11-09,EU,Toys,445.32,146.54
ORD-14017,2025-12-24,NA,Toys,449.93,285.56
ORD-14018,2025-12-11,NA,Toys,162.7,60.17
ORD-14019,2025-11-15,NA,Home,130.4,42.81
ORD-14020,2025-11-05,APAC,Electronics,217.43,100.04
ORD-14021,2025-12-16,APAC,Electronics,135.46,71.9
ORD-14022,2025-11-10,NA,Home,342.74,220.03
ORD-14023,2025-11-01,APAC,Toys,416.51,287.27
ORD-14024,2025-11-14,EU,Apparel,343.08,163.24
ORD-14025,2025-12-03,EU,Toys,415.69,134.76
ORD-14026,2025-11-30,LATAM,Electronics,210.56,126.26
ORD-14027,2025-11-24,NA,Apparel,95.03,49.99
ORD-14028,2025-11-04,LATAM,Home,374.22,179.31
ORD-14029,2025-12-10,EU,Electronics,193.03,81.79
ORD-14030,2025-12-11,APAC,Apparel,342.21,171.43
ORD-14031,2025-12-13,LATAM,Toys,149.91,65.28
ORD-14032,2025-12-30,NA,Electronics,58.99,35.56
ORD-14033,2025-12-10,LATAM,Electronics,496.44,256.94
ORD-14034,2025-12-29,NA,Toys,94.98,61.81
ORD-14035,2025-12-01,NA,Apparel,494.44,255.83
ORD-14036,2025-12-13,LATAM,Apparel,489.09,193.34
ORD-14037,2025-12-02,EU,Electronics,401.03,256.83
ORD-14038,2025-11-02,EU,Electronics,336.52,175.96
ORD-14039,2025-11-01,LATAM,Electronics,297.35,113.81
ORD-14040,2025-12-05,EU,Apparel,435.73,239.39
ORD-14041,2025-12-06,EU,Electronics,158.93,70.42
ORD-14042,2025-11-27,NA,Electronics,244.49,155.93
ORD-14043,2025-11-01,NA,Apparel,317.31,152.73
ORD-14044,2025-11-02,EU,Electronics,217.37,128.37
ORD-14045,2025-12-04,EU,Home,225.19,76.16
ORD-14046,2025-12-17,LATAM,Apparel,178.54,81.84
ORD-14047,2025-11-18,EU,Electronics,290.83,201.63
ORD-14048,2025-12-05,NA,Toys,428.28,266.98
ORD-14049,2025-11-19,EU,Apparel,116.73,42.49
ORD-14050,2025-11-02,APAC,Toys,468.53,192.62
ORD-14051,2025-12-03,EU,Home,350.76,151.5
ORD-14052,2025-12-23,APAC,Toys,415.17,232.56
ORD-14053,2025-12-15,APAC,Electronics,286.97,172.98
ORD-14054,2025-12-14,EU,Apparel,394.17,236.43
ORD-14055,2025-11-28,NA,Home,27.78,14.0
ORD-14056,2025-12-22,EU,Toys,412.82,257.74
ORD-14057,2025-12-31,NA,Home,39.27,18.65
ORD-14058,2025-12-29,NA,Home,447.16,156.31
ORD-14059,2025-11-12,NA,Toys,496.14,260.86
ORD-14060,2025-11-07,EU,Home,161.15,109.73
ORD-14061,2025-12-29,EU,Toys,120.95,74.65
ORD-14062,2025-11-07,EU,Apparel,387.37,205.88
ORD-14063,2025-12-04,NA,Home,141.45,79.03
ORD-14064,2025-11-10,EU,Electronics,435.47,292.73
ORD-14065,2025-11-16,EU,Electronics,69.36,32.69
ORD-14066,2025-11-13,NA,Apparel,80.46,34.8
ORD-14067,2025-12-10,APAC,Home,489.99,338.53
ORD-14068,2025-12-04,APAC,Toys,343.44,221.65
ORD-14069,2025-11-17,NA,Toys,426.51,183.07
ORD-14070,2025-12-23,EU,Toys,175.68,85.29
ORD-14071,2025-11-23,EU,Home,344.71,160.65
ORD-14072,2025-11-18,EU,Toys,305.24,109.78
ORD-14073,2025-12-21,EU,Home,309.51,211.43
ORD-14074,2025-11-26,NA,Toys,347.62,160.5
ORD-14075,2025-11-06,NA,Home,296.17,192.55
ORD-14076,2025-11-24,LATAM,Home,225.95,84.9
ORD-14077,2025-11-26,APAC,Home,152.44,79.14
ORD-14078,2025-11-30,NA,Toys,388.92,120.4
ORD-14079,2025-12-07,APAC,Electronics,128.61,77.9
ORD-14080,2025-11-16,NA,Toys,352.33,187.57
ORD-14081,2025-12-15,EU,Apparel,132.0,72.63
ORD-14082,2025-11-15,EU,Home,320.16,102.67
ORD-14083,2025-11-20,APAC,Apparel,378.6,145.54
ORD-14084,2025-12-14,EU,Toys,124.98,41.21
ORD-14085,2025-12-23,EU,Apparel,48.77,20.27
ORD-14086,2025-12-25,EU,Apparel,82.87,45.66
ORD-14087,2025-11-06,APAC,Toys,310.88,163.67
ORD-14088,2025-12-12,APAC,Electronics,427.73,233.05
ORD-14089,2025-12-25,NA,Apparel,41.6,21.62
ORD-14090,2025-12-12,APAC,Apparel,372.39,152.39
ORD-14091,2025-12-19,LATAM,Apparel,183.83,73.13
ORD-14092,2025-11-03,APAC,Home,249.69,88.6
ORD-14093,2025-11-06,NA,Electronics,465.85,297.97
ORD-14094,2025-11-26,EU,Home,179.35,98.03
ORD-14095,2025-11-25,NA,Home,243.36,91.16
ORD-14096,2025-11-25,EU,Home,26.57,9.85
ORD-14097,2025-12-06,APAC,Electronics,59.17,38.41
ORD-14098,2025-12-01,NA,Home,144.12,86.05
ORD-14099,2025-11-04,NA,Apparel,33.37,18.81
ORD-14100,2025-12-11,NA,Apparel,323.06,149.49
ORD-14101,2025-11-01,NA,Home,224.67,90.94
ORD-14102,2025-12-15,EU,Apparel,283.11,195.85
ORD-14103,2025-11-11,APAC,Home,103.83,64.26
ORD-14104,2025-11-06,NA,Apparel,162.05,68.18
ORD-14105,2025-12-02,LATAM,Electronics,338.64,216.4
ORD-14106,2025-12-25,EU,Electronics,483.35,291.74
ORD-14107,2025-11-28,NA,Home,44.2,18.51
ORD-14108,2025-12-12,EU,Electronics,447.38,210.55
ORD-14109,2025-12-21,EU,Toys,296.9,111.15
ORD-14110,2025-11-22,LATAM,Home,290.68,100.12
ORD-14111,2025-12-07,NA,Toys,260.13,153.24
ORD-14112,2025-12-25,NA,Toys,53.31,21.7
ORD-14113,2025-11-07,LATAM,Electronics,63.14,39.65
ORD-14114,2025-12-28,EU,Apparel,308.44,215.37
ORD-14115,2025-12-04,APAC,Apparel,183.66,60.73
ORD-14116,2025-12-29,EU,Home,460.29,225.18
ORD-14117,2025-11-03,EU,Electronics,215.16,133.58
ORD-14118,2025-11-15,EU,Home,88.78,54.65
ORD-14119,2025-11-14,EU,Apparel,363.07,219.29
ORD-14120,2025-12-28,EU,Apparel,160.81,70.69
ORD-14121,2025-12-26,LATAM,Electronics,272.23,131.09
ORD-14122,2025-12-15,NA,Apparel,354.96,190.96
ORD-14123,2025-12-27,EU,Electronics,452.13,311.78
ORD-14124,2025-12-07,NA,Home,400.25,172.52
ORD-14125,2025-12-01,NA,Home,344.65,230.66
ORD-14126,2025-11-18,APAC,Apparel,346.22,141.17
ORD-14127,2025-11-03,NA,Electronics,474.04,329.76
ORD-14128,2025-12-30,NA,Home,162.0,92.03
ORD-14129,2025-11-05,NA,Home,20.53,9.97
ORD-14130,2025-12-14,APAC,Electronics,150.54,82.1
ORD-14131,2025-12-30,LATAM,Apparel,124.59,50.96
ORD-14132,2025-11-18,EU,Apparel,337.68,138.34
ORD-14133,2025-12-28,NA,Apparel,324.18,111.98
ORD-14134,2025-12-05,NA,Toys,304.86,105.37
ORD-14135,2025-12-07,NA,Toys,27.8,12.21
ORD-14136,2025-12-13,EU,Home,369.81,223.79
ORD-14137,2025-11-03,NA,Home,175.29,95.22
ORD-14138,2025-11-12,NA,Apparel,339.23,115.69
ORD-14139,2025-12-30,NA,Apparel,287.16,184.04
ORD-14140,2025-12-25,LATAM,Electronics,184.51,99.74
ORD-14141,2025-11-21,EU,Toys,84.6,57.9
ORD-14142,2025-11-02,NA,Apparel,65.32,37.11
ORD-14143,2025-11-14,NA,Electronics,419.13,155.11
ORD-14144,2025-12-08,EU,Toys,460.83,225.58
ORD-14145,2025-11-10,EU,Apparel,331.9,185.66
ORD-14146,2025-12-19,EU,Apparel,69.65,21.68
ORD-14147,2025-12-23,NA,Apparel,212.97,65.16
ORD-14148,2025-12-16,APAC,Toys,369.89,130.11
ORD-14149,2025-12-23,LATAM,Apparel,394.31,157.99
ORD-14150,2025-11-26,EU,Toys,76.74,36.21
ORD-14151,2025-12-30,NA,Home,20.01,9.9
ORD-14152,2025-11-05,NA,Toys,361.83,128.53
ORD-14153,2025-11-20,EU,Apparel,191.17,108.84
ORD-14154,2025-11-11,APAC,Apparel,142.15,76.54
ORD-14155,2025-12-07,EU,Electronics,26.19,10.94
ORD-14156,2025-11-16,EU,Toys,279.34,85.33
ORD-14157,2025-12-07,NA,Toys,428.55,141.88
ORD-14158,2025-12-24,LATAM,Electronics,479.66,219.05
ORD-14159,2025-12-25,EU,Electronics,291.56,105.43
ORD-14160,2025-11-25,NA,Toys,266.94,120.32
ORD-14161,2025-12-14,EU,Apparel,60.83,33.53
ORD-14162,2025-12-28,NA,Toys,283.46,147.09
ORD-14163,2025-12-05,NA,Toys,202.39,79.43
ORD-14164,2025-11-22,NA,Toys,311.42,136.26
ORD-14165,2025-11-25,EU,Toys,206.59,112.72
ORD-14166,2025-12-19,NA,Electronics,135.34,87.21
ORD-14167,2025-12-18,EU,Apparel,65.58,39.43
ORD-14168,2025-11-09,NA,Home,171.16,89.24
ORD-14169,2025-12-21,NA,Electronics,66.39,29.54
ORD-14170,2025-12-15,NA,Apparel,104.91,46.79
ORD-14171,2025-12-17,APAC,Apparel,493.92,321.92
ORD-14172,2025-11-06,NA,Home,233.17,73.61
ORD-14173,2025-12-03,NA,Electronics,275.3,191.39
ORD-14174,2025-12-18,NA,Electronics,439.34,248.56
ORD-14175,2025-11-23,LATAM,Home,497.87,285.01
ORD-14176,2025-11-04,NA,Home,299.7,94.47
ORD-14177,2025-11-07,NA,Electronics,409.99,222.3
ORD-14178,2025-11-28,LATAM,Electronics,176.93,87.39
ORD-14179,2025-11-15,NA,Electronics,166.76,57.08
ORD-14180,2025-12-24,APAC,Apparel,213.3,87.7
ORD-14181,2025-11-05,NA,Toys,342.8,224.92
ORD-14182,2025-11-22,APAC,Toys,347.45,180.67
ORD-14183,2025-12-09,EU,Apparel,171.31,79.72
ORD-14184,2025-12-20,EU,Toys,83.94,27.62
ORD-14185,2025-12-10,APAC,Home,323.55,189.49
ORD-14186,2025-12-09,APAC,Apparel,81.6,47.42
ORD-14187,2025-11-26,EU,Apparel,297.68,162.42
ORD-14188,2025-12-20,EU,Toys,352.84,177.87
ORD-14189,2025-11-21,APAC,Home,356.29,168.71
ORD-14190,2025-11-02,NA,Apparel,381.67,205.07
ORD-14191,2025-12-11,LATAM,Electronics,438.97,172.67
ORD-14192,2025-11-18,NA,Electronics,259.98,175.88
ORD-14193,2025-12-21,NA,Home,370.52,198.42
ORD-14194,2025-11-29,APAC,Electronics,317.2,134.64
ORD-14195,2025-12-02,LATAM,Apparel,109.59,52.59
ORD-14196,2025-11-15,EU,Toys,32.33,20.12
ORD-14197,2025-11-23,EU,Home,156.58,57.1
ORD-14198,2025-12-06,APAC,Toys,232.66,97.05
ORD-14199,2025-12-31,EU,Home,316.21,180.81
ORD-14200,2025-11-25,NA,Home,427.98,182.4
ORD-14201,2025-11-28,NA,Apparel,114.2,70.46
ORD-14202,2025-11-12,EU,Electronics,80.26,28.27
ORD-14203,2025-12-14,NA,Toys,482.47,291.93
ORD-14204,2025-12-08,NA,Toys,71.86,23.52
ORD-14205,2025-12-13,NA,Electronics,249.68,76.16
ORD-14206,2025-11-25,APAC,Apparel,301.07,198.49
ORD-14207,2025-11-06,NA,Home,279.86,149.04
ORD-14208,2025-12-20,APAC,Apparel,61.3,27.02
ORD-14209,2025-12-10,LATAM,Home,47.37,18.62
ORD-14210,2025-11-19,APAC,Toys,70.63,38.62
ORD-14211,2025-12-22,NA,Electronics,301.08,151.62
ORD-14212,2025-11-16,EU,Toys,281.29,195.96
ORD-14213,2025-12-16,APAC,Electronics,132.2,91.65
ORD-14214,2025-11-05,NA,Home,326.13,180.68
ORD-14215,2025-11-06,LATAM,Toys,413.63,197.36
ORD-14216,2025-11-18,APAC,Apparel,39.96,19.84
ORD-14217,2025-11-10,EU,Toys,259.1,148.46
ORD-14218,2025-11-25,NA,Electronics,350.87,119.52
ORD-14219,2025-12-16,EU,Toys,141.11,60.87
ORD-14220,2025-12-21,LATAM,Apparel,167.73,55.37
ORD-14221,2025-12-11,APAC,Toys,314.55,103.6
ORD-14222,2025-11-10,APAC,Apparel,451.01,170.63
ORD-14223,2025-12-18,NA,Apparel,408.76,201.97
ORD-14224,2025-11-25,APAC,Electronics,299.9,184.11
ORD-14225,2025-11-21,LATAM,Toys,370.51,183.11
ORD-14226,2025-11-24,EU,Electronics,195.11,84.71
ORD-14227,2025-11-07,NA,Home,327.66,109.09
ORD-14228,2025-11-06,NA,Toys,243.77,126.79
ORD-14229,2025-11-01,NA,Electronics,111.17,45.41
ORD-14230,2025-12-31,APAC,Home,356.83,194.82
ORD-14231,2025-11-20,LATAM,Electronics,287.1,198.35
ORD-14232,2025-11-29,NA,Toys,192.14,66.2
ORD-14233,2025-11-24,NA,Apparel,457.44,176.05
ORD-14234,2025-12-19,APAC,Electronics,30.05,14.7
ORD-14235,2025-11-18,EU,Apparel,171.57,117.95
ORD-14236,2025-11-07,EU,Home,47.3,28.79
ORD-14237,2025-11-09,APAC,Apparel,387.93,255.76
ORD-14238,2025-11-06,LATAM,Toys,357.01,154.76
ORD-14239,2025-11-12,EU,Electronics,179.05,124.76
ORD-14240,2025-11-28,EU,Home,344.32,117.46
ORD-14241,2025-11-29,APAC,Toys,210.05,67.47
ORD-14242,2025-12-06,EU,Home,383.0,245.98
ORD-14243,2025-12-06,EU,Apparel,238.01,159.68
ORD-14244,2025-12-03,LATAM,Apparel,217.89,73.26
ORD-14245,2025-11-27,APAC,Home,468.67,161.87
ORD-14246,2025-11-07,EU,Apparel,140.42,43.99
ORD-14247,2025-11-02,EU,Electronics,77.81,26.6
ORD-14248,2025-11-06,EU,Home,300.58,115.35
ORD-14249,2025-11-23,LATAM,Toys,485.27,333.88
ORD-14250,2025-12-06,APAC,Home,201.36,114.2
ORD-14251,2025-11-06,APAC,Toys,49.78,30.44
ORD-14252,2025-12-09,APAC,Apparel,182.87,111.63
ORD-14253,2025-12-09,APAC,Toys,262.85,135.11
ORD-14254,2025-12-21,NA,Toys,97.72,60.49
ORD-14255,2025-11-21,APAC,Electronics,335.89,180.82
ORD-14256,2025-12-26,LATAM,Home,498.92,212.45
ORD-14257,2025-11-25,APAC,Apparel,236.83,124.2
ORD-14258,2025-11-01,APAC,Apparel,190.27,97.69
ORD-14259,2025-11-19,EU,Apparel,212.34,133.64
ORD-14260,2025-11-27,EU,Home,75.27,52.14
ORD-14261,2025-11-25,EU,Apparel,443.97,206.19
ORD-14262,2025-12-20,LATAM,Electronics,219.12,132.65
ORD-14263,2025-11-06,EU,Electronics,205.89,69.98
ORD-14264,2025-12-17,APAC,Toys,336.65,205.6
ORD-14265,2025-12-28,EU,Electronics,232.18,104.15
ORD-14266,2025-12-06,NA,Toys,331.15,104.56
ORD-14267,2025-12-28,NA,Electronics,49.49,22.04
ORD-14268,2025-11-16,APAC,Home,410.59,223.47
ORD-14269,2025-12-07,EU,Apparel,471.44,163.92
ORD-14270,2025-12-04,LATAM,Toys,331.41,221.92
ORD-14271,2025-11-11,EU,Home,478.19,158.31
ORD-14272,2025-12-14,NA,Home,92.69,62.29
ORD-14273,2025-11-25,NA,Toys,249.16,145.22
ORD-14274,2025-11-11,NA,Home,308.87,133.4
ORD-14275,2025-11-09,LATAM,Home,299.23,136.54
ORD-14276,2025-11-18,NA,Toys,212.7,126.84
ORD-14277,2025-11-20,EU,Electronics,182.28,98.54
ORD-14278,2025-11-18,APAC,Apparel,80.88,45.99
ORD-14279,2025-12-02,NA,Toys,208.04,94.8
ORD-14280,2025-11-10,NA,Toys,98.08,48.56
ORD-14281,2025-11-05,NA,Electronics,372.5,259.24
ORD-14282,2025-11-11,NA,Apparel,120.24,46.36
ORD-14283,2025-11-28,APAC,Home,48.11,22.47
ORD-14284,2025-11-18,EU,Home,285.14,118.83
ORD-14285,2025-11-27,NA,Apparel,305.71,185.27
ORD-14286,2025-11-20,NA,Electronics,438.52,265.57
ORD-14287,2025-12-01,LATAM,Toys,296.95,123.82
ORD-14288,2025-12-21,EU,Home,185.83,61.8
ORD-14289,2025-11-05,APAC,Apparel,405.45,123.49
ORD-14290,2025-11-24,NA,Electronics,279.33,131.56
ORD-14291,2025-11-17,EU,Electronics,58.05,26.94
ORD-14292,2025-12-31,EU,Apparel,291.61,202.77
ORD-14293,2025-11-16,EU,Home,455.85,222.42
ORD-14294,2025-12-17,NA,Home,210.23,84.63
ORD-14295,2025-12-11,EU,Electronics,162.24,106.51
ORD-14296,2025-12-02,NA,Toys,88.87,44.12
ORD-14297,2025-12-09,NA,Home,92.69,50.02
ORD-14298,2025-12-10,NA,Apparel,227.73,77.03
ORD-14299,2025-11-13,APAC,Electronics,305.93,138.64
ORD-14300,2025-11-30,NA,Electronics,58.7,39.78
ORD-14301,2025-11-07,NA,Apparel,470.99,252.36
ORD-14302,2025-11-09,NA,Home,382.46,167.44
ORD-14303,2025-11-20,EU,Electronics,301.58,165.95
ORD-14304,2025-11-01,NA,Home,417.65,277.39
ORD-14305,2025-12-31,EU,Toys,58.49,23.96
ORD-14306,2025-11-26,NA,Electronics,248.88,124.95
ORD-14307,2025-11-22,NA,Home,322.44,220.38
ORD-14308,2025-12-24,EU,Home,417.75,154.13
ORD-14309,2025-12-10,NA,Electronics,396.07,232.84
ORD-14310,2025-11-25,EU,Home,152.99,83.5
ORD-14311,2025-12-22,NA,Electronics,471.62,269.71
ORD-14312,2025-12-26,NA,Toys,79.69,35.1
ORD-14313,2025-11-22,NA,Toys,440.06,187.27
ORD-14314,2025-11-29,EU,Electronics,486.05,278.84
ORD-14315,2025-11-22,NA,Toys,105.03,40.56
ORD-14316,2025-11-28,APAC,Toys,366.59,171.51
ORD-14317,2025-12-23,NA,Toys,39.34,14.76
ORD-14318,2025-12-23,EU,Home,214.6,65.09
ORD-14319,2025-12-26,APAC,Home,267.82,184.27
ORD-14320,2025-12-12,NA,Home,298.71,141.19
ORD-14321,2025-12-09,NA,Apparel,469.25,322.72
ORD-14322,2025-11-09,EU,Apparel,342.68,122.04
ORD-14323,2025-11-20,NA,Apparel,251.01,134.28
ORD-14324,2025-11-21,APAC,Toys,408.64,155.44
ORD-14325,2025-12-09,NA,Toys,476.26,293.39
ORD-14326,2025-12-31,NA,Apparel,30.59,18.77
ORD-14327,2025-12-15,NA,Electronics,491.61,169.63
ORD-14328,2025-11-13,NA,Apparel,61.34,40.78
ORD-14329,2025-12-01,APAC,Toys,410.91,155.26
ORD-14330,2025-11-21,LATAM,Toys,154.56,84.26
ORD-14331,2025-11-12,NA,Apparel,83.45,57.94
ORD-14332,2025-11-26,NA,Apparel,231.13,150.92
ORD-14333,2025-11-21,EU,Toys,329.1,224.65
ORD-14334,2025-11-19,EU,Electronics,202.86,88.66
ORD-14335,2025-12-18,NA,Home,46.19,15.81
ORD-14336,2025-12-15,EU,Apparel,307.74,115.51
ORD-14337,2025-12-11,EU,Electronics,453.15,226.66
ORD-14338,2025-12-02,APAC,Home,203.94,125.89
ORD-14339,2025-12-07,APAC,Electronics,123.84,44.59
ORD-14340,2025-12-21,NA,Home,232.44,131.07
ORD-14341,2025-11-16,APAC,Home,43.21,18.56
ORD-14342,2025-11-21,APAC,Electronics,413.83,180.63
ORD-14343,2025-11-25,EU,Home,416.64,235.3
ORD-14344,2025-11-18,LATAM,Toys,302.24,147.13
ORD-14345,2025-12-23,APAC,Toys,189.49,118.4
ORD-14346,2025-12-21,NA,Home,403.9,146.36
ORD-14347,2025-11-26,NA,Electronics,286.25,176.32
ORD-14348,2025-11-24,NA,Home,416.45,135.64
ORD-14349,2025-11-08,NA,Electronics,323.1,122.01
ORD-14350,2025-12-30,NA,Apparel,396.51,223.02
ORD-14351,2025-12-07,EU,Home,307.31,197.28
ORD-14352,2025-11-13,APAC,Home,218.79,87.75
ORD-14353,2025-12-08,NA,Toys,479.81,206.74
ORD-14354,2025-12-05,EU,Home,279.73,144.02
ORD-14355,2025-11-12,NA,Toys,310.44,119.4
ORD-14356,2025-12-14,LATAM,Home,125.83,78.58
ORD-14357,2025-12-20,APAC,Apparel,320.31,195.21
ORD-14358,2025-12-06,EU,Home,294.37,105.42
ORD-14359,2025-11-02,NA,Home,108.72,52.79
ORD-14360,2025-12-31,EU,Electronics,48.6,29.64
ORD-14361,2025-12-17,APAC,Toys,310.09,134.87
ORD-14362,2025-11-30,NA,Home,386.57,213.87
ORD-14363,2025-12-31,NA,Electronics,271.23,86.82
ORD-14364,2025-12-16,EU,Toys,128.85,70.03
ORD-14365,2025-11-14,NA,Apparel,339.93,122.74
ORD-14366,2025-11-29,APAC,Home,58.45,36.95
ORD-14367,2025-12-22,APAC,Electronics,232.08,102.62
ORD-14368,2025-11-19,LATAM,Apparel,98.42,40.61
ORD-14369,2025-12-24,NA,Apparel,108.54,69.07
ORD-14370,2025-12-15,APAC,Apparel,117.1,37.48
ORD-14371,2025-11-05,NA,Electronics,205.62,94.31
ORD-14372,2025-12-23,APAC,Apparel,44.55,19.96
ORD-14373,2025-12-25,APAC,Electronics,210.94,87.31
ORD-14374,2025-12-21,APAC,Electronics,265.62,176.56
ORD-14375,2025-12-21,EU,Home,251.98,151.28
ORD-14376,2025-11-27,NA,Home,203.74,66.33
ORD-14377,2025-12-14,LATAM,Home,422.79,247.7
ORD-14378,2025-12-02,EU,Apparel,89.76,45.86
ORD-14379,2025-11-09,EU,Apparel,262.73,173.49
ORD-14380,2025-12-11,NA,Apparel,49.78,21.17
ORD-14381,2025-11-20,NA,Toys,54.15,28.68
ORD-14382,2025-11-16,NA,Toys,295.46,147.82
ORD-14383,2025-11-17,LATAM,Home,291.69,144.63
ORD-14384,2025-12-13,LATAM,Home,441.46,212.98
ORD-14385,2025-11-10,EU,Electronics,287.78,110.0
ORD-14386,2025-12-16,EU,Electronics,480.7,289.52
ORD-14387,2025-11-28,NA,Home,43.37,20.84
ORD-14388,2025-12-21,NA,Electronics,67.04,45.82
ORD-14389,2025-11-25,EU,Toys,41.15,16.64
ORD-14390,2025-11-05,NA,Toys,108.93,62.43
ORD-14391,2025-11-29,EU,Home,279.81,189.23
ORD-14392,2025-12-09,NA,Apparel,329.87,186.5
ORD-14393,2025-12-01,NA,Apparel,41.88,27.16
ORD-14394,2025-12-08,EU,Toys,474.07,299.13
ORD-14395,2025-11-26,EU,Toys,424.24,188.38
ORD-14396,2025-12-05,EU,Home,162.37,87.69
ORD-14397,2025-12-03,NA,Toys,57.05,20.68
ORD-14398,2025-12-30,NA,Home,101.55,52.22
ORD-14399,2025-12-29,NA,Home,80.93,31.74
ORD-14400,2025-12-26,NA,Electronics,79.18,47.31
ORD-14401,2025-12-15,EU,Home,268.91,137.47
ORD-14402,2025-11-27,NA,Toys,138.01,64.1
ORD-14403,2025-12-05,NA,Electronics,191.91,78.21
ORD-14404,2025-11-03,NA,Electronics,494.96,346.21
ORD-14405,2025-12-21,NA,Toys,348.47,114.54
ORD-14406,2025-11-24,APAC,Electronics,475.51,150.94
ORD-14407,2025-12-15,NA,Electronics,88.43,34.21
ORD-14408,2025-12-28,EU,Toys,203.43,140.05
ORD-14409,2025-12-22,LATAM,Electronics,286.27,198.01
ORD-14410,2025-12-05,NA,Home,56.84,31.94
ORD-14411,2025-12-09,NA,Apparel,22.01,14.35
ORD-14412,2025-12-11,LATAM,Apparel,341.81,131.8
ORD-14413,2025-12-29,NA,Electronics,328.07,225.98
ORD-14414,2025-11-06,NA,Toys,217.18,77.56
ORD-14415,2025-11-07,NA,Home,255.03,86.82
ORD-14416,2025-12-20,NA,Home,219.41,75.67
ORD-14417,2025-11-16,EU,Home,31.52,16.68
ORD-14418,2025-12-13,APAC,Home,180.98,110.83
ORD-14419,2025-12-13,NA,Toys,105.0,46.9
ORD-14420,2025-11-23,APAC,Apparel,67.24,46.47
ORD-14421,2025-11-11,NA,Apparel,479.23,227.04
ORD-14422,2025-12-12,APAC,Electronics,307.69,110.82
ORD-14423,2025-12-10,EU,Electronics,369.76,179.85
ORD-14424,2025-11-03,NA,Apparel,171.37,97.96
ORD-14425,2025-12-07,EU,Apparel,208.71,132.09
ORD-14426,2025-12-12,NA,Toys,133.72,64.65
ORD-14427,2025-12-14,NA,Apparel,66.54,35.76
ORD-14428,2025-12-12,APAC,Toys,105.94,43.11
ORD-14429,2025-11-26,NA,Electronics,402.81,224.92
ORD-14430,2025-12-19,APAC,Home,345.22,239.72
ORD-14431,2025-11-22,NA,Toys,282.53,90.3
ORD-14432,2025-12-21,EU,Home,248.04,162.37
ORD-14433,2025-11-28,LATAM,Home,462.77,242.91
ORD-14434,2025-11-07,EU,Electronics,54.91,22.01
ORD-14435,2025-11-01,NA,Home,154.69,105.49
ORD-14436,2025-11-07,APAC,Electronics,187.97,92.73
ORD-14437,2025-11-17,LATAM,Apparel,395.56,171.15
ORD-14438,2025-11-15,NA,Apparel,496.41,184.96
ORD-14439,2025-12-03,EU,Toys,135.52,53.91
ORD-14440,2025-12-18,NA,Toys,439.67,278.37
ORD-14441,2025-12-04,APAC,Home,418.7,228.51
ORD-14442,2025-12-06,LATAM,Electronics,127.84,85.05
ORD-14443,2025-12-08,NA,Apparel,211.68,83.15
ORD-14444,2025-12-15,APAC,Toys,216.64,75.49
ORD-14445,2025-12-07,NA,Home,489.55,148.06
ORD-14446,2025-11-15,NA,Toys,106.83,53.75
ORD-14447,2025-11-29,EU,Toys,403.6,282.25
ORD-14448,2025-11-24,NA,Electronics,180.41,104.27
ORD-14449,2025-11-26,APAC,Electronics,370.82,156.99
ORD-14450,2025-11-30,APAC,Toys,221.61,144.21
ORD-14451,2025-12-20,LATAM,Electronics,297.61,182.34
ORD-14452,2025-12-14,LATAM,Toys,419.65,128.48
ORD-14453,2025-12-08,APAC,Apparel,406.0,254.46
ORD-14454,2025-12-15,EU,Electronics,435.88,183.16
ORD-14455,2025-12-03,APAC,Apparel,48.62,17.5
ORD-14456,2025-11-10,LATAM,Toys,352.18,137.54
ORD-14457,2025-11-23,NA,Toys,87.19,42.5
ORD-14458,2025-11-02,EU,Toys,219.59,103.2
ORD-14459,2025-12-01,LATAM,Home,283.32,117.74
ORD-14460,2025-11-07,EU,Apparel,213.31,78.69
ORD-14461,2025-11-19,NA,Electronics,269.41,162.96
ORD-14462,2025-11-27,EU,Electronics,498.33,346.86
ORD-14463,2025-12-29,EU,Home,84.9,51.88
ORD-14464,2025-11-06,NA,Apparel,344.22,144.01
ORD-14465,2025-11-08,NA,Toys,210.08,83.6
ORD-14466,2025-12-24,EU,Home,83.84,32.45
ORD-14467,2025-12-31,APAC,Apparel,96.19,34.12
ORD-14468,2025-12-17,EU,Electronics,475.65,247.59
ORD-14469,2025-11-10,APAC,Electronics,442.21,239.75
ORD-14470,2025-11-23,NA,Home,455.38,265.12
ORD-14471,2025-11-20,EU,Toys,495.94,283.72
ORD-14472,2025-11-22,APAC,Apparel,119.99,50.03
ORD-14473,2025-11-30,LATAM,Electronics,190.61,82.37
ORD-14474,2025-12-21,NA,Electronics,341.23,195.39
ORD-14475,2025-11-14,APAC,Toys,252.23,110.93
ORD-14476,2025-12-04,NA,Toys,220.83,85.03
ORD-14477,2025-12-01,APAC,Electronics,191.75,86.24
ORD-14478,2025-11-23,EU,Apparel,305.01,124.7
ORD-14479,2025-12-01,NA,Toys,296.28,99.35
ORD-14480,2025-11-07,NA,Home,97.5,61.63
ORD-14481,2025-11-29,NA,Electronics,246.44,158.03
ORD-14482,2025-12-17,NA,Home,285.67,110.81
ORD-14483,2025-12-15,EU,Toys,293.74,95.73
ORD-14484,2025-11-29,APAC,Home,120.85,71.97
ORD-14485,2025-11-21,APAC,Toys,376.29,144.73
ORD-14486,2025-11-05,EU,Apparel,32.1,14.68
ORD-14487,2025-11-20,APAC,Home,190.32,61.98
ORD-14488,2025-11-03,EU,Electronics,394.5,154.06
ORD-14489,2025-12-22,NA,Toys,290.67,179.39
ORD-14490,2025-12-16,NA,Toys,145.36,90.38
ORD-14491,2025-11-08,APAC,Apparel,353.58,135.36
ORD-14492,2025-11-02,EU,Home,292.35,126.99
ORD-14493,2025-12-25,NA,Apparel,402.2,142.26
ORD-14494,2025-11-22,NA,Electronics,372.81,122.9
ORD-14495,2025-12-12,NA,Home,312.85,218.02
ORD-14496,2025-11-07,NA,Home,254.33,142.99
ORD-14497,2025-12-14,NA,Home,83.93,43.38
ORD-14498,2025-12-22,APAC,Electronics,145.44,88.17
ORD-14499,2025-11-11,LATAM,Home,221.17,140.67
ORD-14500,2025-12-30,NA,Toys,307.66,191.58
ORD-14501,2025-12-18,APAC,Home,266.58,81.74
ORD-14502,2025-11-16,EU,Home,158.33,59.33
ORD-14503,2025-12-04,NA,Home,23.1,12.98
ORD-14504,2025-11-12,APAC,Home,258.19,116.26
ORD-14505,2025-12-06,EU,Home,157.1,108.87
ORD-14506,2025-11-11,NA,Electronics,372.61,210.96
ORD-14507,2025-11-22,NA,Home,31.49,21.5
ORD-14508,2025-12-06,EU,Home,300.72,114.45
ORD-14509,2025-11-28,NA,Home,471.91,304.66
ORD-14510,2025-11-30,NA,Toys,103.72,44.45
ORD-14511,2025-11-15,APAC,Electronics,246.39,171.44
ORD-14512,2025-12-22,EU,Electronics,63.88,23.19
ORD-14513,2025-11-26,APAC,Toys,320.33,162.26
ORD-14514,2025-12-11,EU,Apparel,284.26,175.43
ORD-14515,2025-11-12,EU,Apparel,215.54,101.96
ORD-14516,2025-11-12,NA,Toys,270.26,131.68
ORD-14517,2025-12-11,NA,Home,450.36,312.79
ORD-14518,2025-12-13,APAC,Toys,114.22,53.7
ORD-14519,2025-11-28,APAC,Electronics,30.83,16.7
ORD-14520,2025-11-26,NA,Home,433.6,139.54
ORD-14521,2025-11-02,LATAM,Electronics,297.02,189.17
ORD-14522,2025-12-18,NA,Toys,447.52,250.28
ORD-14523,2025-12-10,LATAM,Electronics,306.53,141.5
ORD-14524,2025-12-27,EU,Toys,408.88,125.31
ORD-14525,2025-11-13,LATAM,Toys,226.24,121.42
ORD-14526,2025-11-29,APAC,Apparel,379.93,115.9
ORD-14527,2025-12-08,APAC,Toys,458.26,137.7
ORD-14528,2025-11-28,NA,Home,294.62,160.99
ORD-14529,2025-11-25,APAC,Home,106.78,40.11
ORD-14530,2025-11-01,NA,Toys,149.02,56.14
ORD-14531,2025-12-16,EU,Electronics,115.35,64.75
ORD-14532,2025-11-14,APAC,Electronics,138.49,44.52
ORD-14533,2025-11-14,EU,Toys,167.08,71.07
ORD-14534,2025-11-18,EU,Home,286.46,103.06
ORD-14535,2025-12-19,APAC,Electronics,302.24,160.81
ORD-14536,2025-12-16,NA,Toys,224.72,126.9
ORD-14537,2025-12-22,NA,Toys,315.4,185.6
ORD-14538,2025-12-21,EU,Apparel,59.16,23.79
ORD-14539,2025-11-05,APAC,Electronics,62.14,20.86
ORD-14540,2025-12-07,APAC,Electronics,102.48,33.97
ORD-14541,2025-11-07,NA,Apparel,268.68,126.4
ORD-14542,2025-12-22,NA,Apparel,122.72,83.25
ORD-14543,2025-12-26,APAC,Apparel,155.98,60.38
ORD-14544,2025-12-05,NA,Toys,212.15,85.43
ORD-14545,2025-11-12,LATAM,Apparel,409.7,139.44
ORD-14546,2025-11-24,NA,Apparel,26.65,14.45
ORD-14547,2025-11-21,NA,Home,331.7,189.72
ORD-14548,2025-11-13,NA,Home,341.06,190.03
ORD-14549,2025-11-30,APAC,Electronics,403.35,259.94
ORD-14550,2025-11-08,NA,Apparel,467.72,231.32
ORD-14551,2025-11-17,EU,Home,29.67,10.5
ORD-14552,2025-12-13,APAC,Toys,93.82,39.01
ORD-14553,2025-12-26,EU,Electronics,445.36,251.62
ORD-14554,2025-12-02,NA,Home,240.09,130.91
ORD-14555,2025-12-04,NA,Toys,291.0,149.11
ORD-14556,2025-12-11,NA,Home,338.25,193.88
ORD-14557,2025-11-21,NA,Apparel,345.95,191.99
ORD-14558,2025-12-09,EU,Home,467.24,304.89
ORD-14559,2025-11-25,NA,Home,498.54,266.42
ORD-14560,2025-12-10,NA,Toys,365.68,223.59
ORD-14561,2025-11-26,NA,Apparel,157.87,63.07
ORD-14562,2025-12-08,LATAM,Electronics,442.28,252.66
ORD-14563,2025-11-08,LATAM,Electronics,43.63,28.83
ORD-14564,2025-11-23,NA,Toys,130.92,59.48
ORD-14565,2025-11-23,EU,Apparel,450.75,275.7
ORD-14566,2025-12-25,APAC,Home,142.97,84.34
ORD-14567,2025-11-30,APAC,Apparel,125.91,40.77
ORD-14568,2025-12-10,EU,Toys,86.3,45.96
ORD-14569,2025-11-12,NA,Toys,432.37,152.23
ORD-14570,2025-12-23,NA,Toys,260.03,178.62
ORD-14571,2025-12-14,APAC,Apparel,343.95,214.82
ORD-14572,2025-12-16,APAC,Home,134.75,46.34
ORD-14573,2025-12-22,EU,Apparel,383.86,133.85
ORD-14574,2025-11-20,NA,Electronics,384.8,206.94
ORD-14575,2025-12-29,NA,Toys,170.05,74.47
ORD-14576,2025-12-10,NA,Apparel,217.13,68.17
ORD-14577,2025-12-08,NA,Apparel,120.65,62.33
ORD-14578,2025-11-06,EU,Apparel,488.75,222.45
ORD-14579,2025-12-14,NA,Toys,329.89,112.3
ORD-14580,2025-11-09,LATAM,Apparel,468.58,290.88
ORD-14581,2025-11-21,LATAM,Toys,165.63,110.31
ORD-14582,2025-11-08,NA,Electronics,395.31,238.23
ORD-14583,2025-11-16,APAC,Toys,387.61,243.79
ORD-14584,2025-11-20,NA,Electronics,351.99,136.08
ORD-14585,2025-11-08,APAC,Toys,483.51,196.03
ORD-14586,2025-11-12,NA,Apparel,208.91,80.1
ORD-14587,2025-11-24,EU,Toys,82.74,50.14
ORD-14588,2025-12-15,EU,Home,342.42,232.56
ORD-14589,2025-11-10,EU,Electronics,370.07,217.13
ORD-14590,2025-12-03,NA,Home,296.03,193.19
ORD-14591,2025-11-25,NA,Electronics,119.27,66.25
ORD-14592,2025-11-27,NA,Apparel,262.14,119.29
ORD-14593,2025-12-09,NA,Toys,169.85,79.88
ORD-14594,2025-11-09,EU,Toys,225.18,74.34
ORD-14595,2025-12-07,EU,Apparel,329.7,103.06
ORD-14596,2025-11-25,NA,Toys,377.7,218.38
ORD-14597,2025-11-28,APAC,Apparel,131.47,62.5
ORD-14598,2025-11-12,NA,Electronics,214.56,111.76
ORD-14599,2025-12-02,NA,Electronics,149.2,78.04
ORD-14600,2025-12-11,EU,Toys,115.34,47.4
ORD-14601,2025-12-05,APAC,Apparel,396.03,194.2
ORD-14602,2025-12-15,NA,Electronics,456.44,222.88
ORD-14603,2025-12-29,LATAM,Electronics,197.71,90.03
ORD-14604,2025-12-12,NA,Home,380.61,239.13
ORD-14605,2025-12-30,EU,Apparel,450.56,216.48
ORD-14606,2025-11-12,NA,Home,426.14,230.74
ORD-14607,2025-12-06,EU,Toys,107.75,70.92
ORD-14608,2025-11-11,NA,Electronics,479.02,309.68
ORD-14609,2025-12-02,APAC,Electronics,200.8,131.76
ORD-14610,2025-11-19,NA,Home,182.84,74.6
ORD-14611,2025-11-09,APAC,Toys,49.97,15.69
ORD-14612,2025-11-12,APAC,Toys,253.36,102.47
ORD-14613,2025-11-21,NA,Electronics,72.33,29.76
ORD-14614,2025-12-24,NA,Home,139.3,92.46
ORD-14615,2025-11-29,NA,Home,172.13,96.34
ORD-14616,2025-12-10,NA,Electronics,408.24,135.81
ORD-14617,2025-11-04,LATAM,Electronics,440.23,155.91
ORD-14618,2025-12-26,NA,Apparel,165.18,59.84
ORD-14619,2025-11-23,EU,Apparel,432.18,238.64
ORD-14620,2025-12-31,NA,Toys,431.47,256.36
ORD-14621,2025-11-01,LATAM,Toys,387.03,249.19
ORD-14622,2025-12-02,LATAM,Toys,90.41,61.14
ORD-14623,2025-11-09,APAC,Apparel,351.35,133.75
ORD-14624,2025-11-13,EU,Apparel,473.61,200.77
ORD-14625,2025-12-23,NA,Electronics,347.62,137.7
ORD-14626,2025-11-25,EU,Apparel,179.18,79.47
ORD-14627,2025-12-06,EU,Home,260.28,173.31
ORD-14628,2025-12-03,EU,Home,329.95,174.89
ORD-14629,2025-12-12,NA,Toys,265.07,157.79
ORD-14630,2025-12-02,EU,Electronics,77.58,38.48
ORD-14631,2025-11-27,NA,Home,169.79,52.9
ORD-14632,2025-12-14,APAC,Toys,405.15,131.95
ORD-14633,2025-12-02,NA,Home,433.48,223.32
ORD-14634,2025-11-27,NA,Toys,85.9,50.47
ORD-14635,2025-12-16,LATAM,Toys,477.15,184.24
ORD-14636,2025-12-24,EU,Electronics,177.83,104.7
ORD-14637,2025-11-29,LATAM,Toys,337.91,210.95
ORD-14638,2025-12-02,APAC,Electronics,380.88,177.02
ORD-14639,2025-11-11,APAC,Electronics,409.73,245.25
ORD-14640,2025-11-06,NA,Electronics,473.96,218.79
ORD-14641,2025-12-07,NA,Toys,170.2,97.24
ORD-14642,2025-11-02,LATAM,Home,432.08,261.67
ORD-14643,2025-12-21,NA,Electronics,83.21,57.98
ORD-14644,2025-12-19,EU,Toys,358.42,157.04
ORD-14645,2025-11-15,NA,Toys,376.15,174.69
ORD-14646,2025-11-19,NA,Electronics,345.31,126.47
ORD-14647,2025-11-03,APAC,Home,141.11,53.85
ORD-14648,2025-11-18,APAC,Electronics,439.06,253.49
ORD-14649,2025-11-15,EU,Electronics,101.05,67.38
ORD-14650,2025-12-05,NA,Electronics,45.74,20.94
ORD-14651,2025-11-19,EU,Apparel,364.38,135.53
ORD-14652,2025-11-11,LATAM,Apparel,248.23,102.78
ORD-14653,2025-12-20,NA,Electronics,427.57,206.1
ORD-14654,2025-11-30,NA,Toys,204.03,84.93
ORD-14655,2025-12-07,LATAM,Apparel,100.77,39.65
ORD-14656,2025-12-18,NA,Home,421.49,250.53
ORD-14657,2025-12-20,NA,Toys,283.48,85.93
ORD-14658,2025-12-20,NA,Electronics,110.81,57.14
ORD-14659,2025-12-02,EU,Home,365.78,225.87
ORD-14660,2025-12-06,EU,Toys,265.33,107.85
ORD-14661,2025-12-03,EU,Home,310.07,167.85
ORD-14662,2025-11-08,APAC,Apparel,241.23,136.91
ORD-14663,2025-12-07,NA,Apparel,417.78,234.8
ORD-14664,2025-11-08,APAC,Toys,418.19,200.04
ORD-14665,2025-11-18,EU,Electronics,360.51,158.13
ORD-14666,2025-12-20,NA,Home,70.59,44.78
ORD-14667,2025-12-05,EU,Apparel,422.65,255.02
ORD-14668,2025-12-23,EU,Home,342.09,146.59
ORD-14669,2025-11-24,EU,Home,354.57,120.98
ORD-14670,2025-12-05,EU,Toys,194.23,63.85
ORD-14671,2025-12-23,APAC,Apparel,442.05,149.28
ORD-14672,2025-12-19,NA,Electronics,368.18,196.29
ORD-14673,2025-11-03,EU,Apparel,74.04,23.74
ORD-14674,2025-12-19,EU,Toys,215.73,93.79
ORD-14675,2025-12-17,EU,Toys,445.46,267.85
ORD-14676,2025-11-29,EU,Apparel,42.65,17.82
ORD-14677,2025-12-05,APAC,Home,481.48,291.45
ORD-14678,2025-11-14,APAC,Toys,346.0,206.97
ORD-14679,2025-11-28,NA,Toys,323.06,128.68
ORD-14680,2025-11-07,NA,Home,149.87,88.65
ORD-14681,2025-12-18,LATAM,Electronics,139.42,83.53
ORD-14682,2025-12-24,NA,Apparel,472.19,216.73
ORD-14683,2025-12-12,EU,Toys,163.17,62.68
ORD-14684,2025-12-19,LATAM,Toys,392.24,199.46
ORD-14685,2025-11-16,LATAM,Electronics,208.7,139.53
ORD-14686,2025-11-20,NA,Toys,86.84,48.27
ORD-14687,2025-12-26,NA,Home,25.14,9.28
ORD-14688,2025-11-03,APAC,Electronics,281.24,161.18
ORD-14689,2025-11-29,APAC,Apparel,488.37,229.96
ORD-14690,2025-11-17,APAC,Electronics,197.19,105.81
ORD-14691,2025-11-23,NA,Apparel,191.45,113.65
ORD-14692,2025-12-26,NA,Home,185.16,93.69
ORD-14693,2025-12-23,APAC,Home,269.86,168.82
ORD-14694,2025-11-06,LATAM,Electronics,231.52,136.33
ORD-14695,2025-11-29,LATAM,Electronics,442.36,241.54
ORD-14696,2025-12-26,NA,Apparel,262.65,94.64
ORD-14697,2025-11-08,APAC,Apparel,263.72,167.3
ORD-14698,2025-12-20,NA,Toys,86.42,58.28
ORD-14699,2025-12-22,NA,Toys,491.71,174.45
ORD-14700,2025-11-16,LATAM,Home,139.99,69.34
ORD-14701,2025-11-14,APAC,Apparel,55.21,22.28
ORD-14702,2025-12-22,NA,Home,338.31,203.6
ORD-14703,2025-12-18,NA,Toys,305.78,180.0
ORD-14704,2025-12-08,LATAM,Electronics,219.27,78.14
ORD-14705,2025-12-15,NA,Toys,222.65,144.9
ORD-14706,2025-11-23,APAC,Electronics,396.83,147.78
ORD-14707,2025-12-26,EU,Home,113.94,70.52
ORD-14708,2025-12-16,NA,Apparel,413.72,199.74
ORD-14709,2025-12-10,APAC,Apparel,331.4,142.94
ORD-14710,2025-12-11,APAC,Home,221.11,80.33
ORD-14711,2025-11-28,NA,Electronics,239.85,88.04
ORD-14712,2025-11-11,NA,Apparel,143.19,80.87
ORD-14713,2025-12-10,NA,Electronics,381.01,198.19
ORD-14714,2025-11-09,NA,Home,266.18,92.85
ORD-14715,2025-12-21,EU,Toys,174.01,60.05
ORD-14716,2025-11-14,APAC,Toys,306.1,100.68
ORD-14717,2025-12-23,NA,Toys,497.95,297.53
ORD-14718,2025-11-14,NA,Toys,228.93,133.87
ORD-14719,2025-12-22,APAC,Home,461.93,149.38
ORD-14720,2025-11-04,APAC,Home,185.61,97.28
ORD-14721,2025-12-07,EU,Toys,46.27,15.45
ORD-14722,2025-11-23,NA,Apparel,118.04,78.08
ORD-14723,2025-12-05,EU,Electronics,220.97,146.47
ORD-14724,2025-11-18,NA,Toys,125.42,72.65
ORD-14725,2025-12-09,APAC,Toys,20.11,13.48
ORD-14726,2025-12-05,EU,Home,459.2,286.81
ORD-14727,2025-11-11,NA,Toys,425.06,268.39
ORD-14728,2025-11-21,NA,Apparel,376.3,198.64
ORD-14729,2025-12-16,APAC,Electronics,100.55,42.47
ORD-14730,2025-11-19,NA,Electronics,77.77,30.11
ORD-14731,2025-11-19,APAC,Apparel,52.45,22.6
ORD-14732,2025-12-07,EU,Apparel,367.53,202.66
ORD-14733,2025-11-18,NA,Apparel,465.83,171.92
ORD-14734,2025-12-31,APAC,Apparel,226.66,91.45
ORD-14735,2025-12-25,EU,Electronics,77.19,37.61
ORD-14736,2025-12-03,APAC,Apparel,265.95,104.58
ORD-14737,2025-12-28,EU,Home,187.44,100.37
ORD-14738,2025-12-14,APAC,Apparel,199.92,133.8
ORD-14739,2025-12-23,LATAM,Apparel,318.24,190.7
ORD-14740,2025-11-07,EU,Apparel,364.98,206.79
ORD-14741,2025-11-09,APAC,Electronics,73.09,38.96
ORD-14742,2025-12-19,EU,Electronics,37.08,18.36
ORD-14743,2025-12-21,NA,Toys,497.28,186.29
ORD-14744,2025-11-27,LATAM,Home,131.71,86.65
ORD-14745,2025-12-29,EU,Home,45.84,18.31
ORD-14746,2025-11-04,LATAM,Apparel,111.14,37.4
ORD-14747,2025-11-18,NA,Toys,38.7,23.22
ORD-14748,2025-12-26,NA,Electronics,208.07,77.04
ORD-14749,2025-12-12,EU,Apparel,405.15,181.81
ORD-14750,2025-11-09,NA,Home,183.8,57.22
ORD-14751,2025-12-15,NA,Home,233.21,82.75
ORD-14752,2025-12-26,APAC,Home,344.28,127.14
ORD-14753,2025-11-09,EU,Home,264.27,85.03
ORD-14754,2025-11-16,APAC,Toys,433.49,243.91
ORD-14755,2025-11-10,APAC,Electronics,435.7,276.58
ORD-14756,2025-12-16,EU,Electronics,24.76,11.13
ORD-14757,2025-11-21,NA,Electronics,393.46,255.68
ORD-14758,2025-12-24,EU,Toys,241.15,92.92
ORD-14759,2025-11-16,APAC,Toys,494.64,212.77
ORD-14760,2025-12-19,NA,Electronics,251.95,90.78
ORD-14761,2025-12-24,APAC,Toys,493.71,270.66
ORD-14762,2025-12-14,EU,Electronics,382.19,178.84
ORD-14763,2025-11-26,NA,Apparel,139.33,75.98
ORD-14764,2025-12-02,NA,Apparel,278.43,168.36
ORD-14765,2025-11-10,NA,Toys,496.23,257.19
ORD-14766,2025-12-07,EU,Home,431.61,237.84
ORD-14767,2025-12-11,APAC,Electronics,66.74,44.99
ORD-14768,2025-11-18,NA,Home,359.06,150.67
ORD-14769,2025-12-11,NA,Electronics,185.88,82.47
ORD-14770,2025-11-27,EU,Electronics,23.35,13.71
ORD-14771,2025-11-25,NA,Home,213.67,116.35
ORD-14772,2025-11-29,EU,Apparel,132.68,49.28
ORD-14773,2025-11-05,APAC,Electronics,413.06,186.07
ORD-14774,2025-12-11,NA,Toys,181.92,88.62
ORD-14775,2025-12-21,EU,Toys,417.21,195.15
ORD-14776,2025-12-27,EU,Home,20.29,7.53
ORD-14777,2025-12-20,NA,Electronics,167.75,112.35
ORD-14778,2025-11-06,NA,Electronics,135.76,82.12
ORD-14779,2025-11-26,LATAM,Electronics,132.11,65.07
ORD-14780,2025-12-03,EU,Electronics,52.73,30.16
ORD-14781,2025-12-18,EU,Electronics,109.82,72.36
ORD-14782,2025-11-18,APAC,Apparel,286.66,101.61
ORD-14783,2025-12-15,NA,Apparel,159.85,63.96
ORD-14784,2025-12-30,NA,Toys,220.35,113.94
ORD-14785,2025-12-27,LATAM,Home,200.9,124.48
ORD-14786,2025-11-24,NA,Toys,440.43,138.52
ORD-14787,2025-11-30,NA,Electronics,454.54,315.27
ORD-14788,2025-12-31,NA,Electronics,256.62,123.68
ORD-14789,2025-12-02,NA,Apparel,178.47,79.19
ORD-14790,2025-11-21,NA,Toys,71.26,29.72
ORD-14791,2025-12-08,APAC,Toys,477.63,176.6
ORD-14792,2025-11-01,APAC,Electronics,48.91,30.16
ORD-14793,2025-12-26,LATAM,Electronics,162.87,111.1
ORD-14794,2025-12-20,APAC,Electronics,163.07,75.9
ORD-14795,2025-12-25,NA,Home,173.79,118.35
ORD-14796,2025-12-17,EU,Electronics,98.86,62.23
ORD-14797,2025-11-06,APAC,Toys,395.92,194.96
ORD-14798,2025-12-17,NA,Toys,78.8,44.89
ORD-14799,2025-11-30,APAC,Home,324.76,153.93
ORD-14800,2025-12-11,NA,Home,79.45,41.59
ORD-14801,2025-12-13,EU,Apparel,53.86,17.41
ORD-14802,2025-12-15,NA,Home,456.53,264.11
ORD-14803,2025-11-23,EU,Home,111.26,35.73
ORD-14804,2025-12-25,APAC,Electronics,414.2,259.63
ORD-14805,2025-11-05,NA,Apparel,281.42,177.29
ORD-14806,2025-12-21,NA,Toys,57.37,22.65
ORD-14807,2025-12-05,EU,Apparel,478.62,205.55
ORD-14808,2025-11-26,APAC,Toys,138.54,68.23
ORD-14809,2025-11-14,NA,Home,432.63,233.04
ORD-14810,2025-11-28,APAC,Toys,101.03,41.92
ORD-14811,2025-12-23,APAC,Apparel,429.89,230.85
ORD-14812,2025-11-14,APAC,Home,26.35,11.04
ORD-14813,2025-12-02,EU,Toys,265.65,85.59
ORD-14814,2025-11-18,APAC,Home,389.33,117.19
ORD-14815,2025-11-21,NA,Home,468.7,159.57
ORD-14816,2025-12-24,LATAM,Apparel,456.42,281.57
ORD-14817,2025-11-19,EU,Electronics,413.42,283.02
ORD-14818,2025-11-22,APAC,Electronics,446.33,210.13
ORD-14819,2025-12-06,EU,Toys,115.63,58.4
ORD-14820,2025-12-07,LATAM,Electronics,156.41,56.11
ORD-14821,2025-11-09,NA,Electronics,158.7,82.59
ORD-14822,2025-12-07,APAC,Apparel,200.99,71.93
ORD-14823,2025-12-25,NA,Toys,208.79,113.68
ORD-14824,2025-12-02,NA,Home,281.39,189.46
ORD-14825,2025-12-21,APAC,Toys,96.74,36.59
ORD-14826,2025-11-22,EU,Toys,351.8,213.13
ORD-14827,2025-12-28,APAC,Electronics,100.43,31.07
ORD-14828,2025-12-14,APAC,Home,168.95,76.06
ORD-14829,2025-12-19,NA,Home,261.61,90.07
ORD-14830,2025-11-04,NA,Electronics,402.29,177.41
ORD-14831,2025-11-03,EU,Apparel,374.95,138.51
ORD-14832,2025-11-07,NA,Toys,329.86,148.21
ORD-14833,2025-12-11,NA,Toys,94.77,44.26
ORD-14834,2025-12-21,EU,Apparel,282.58,118.75
ORD-14835,2025-12-24,EU,Home,61.97,34.87
ORD-14836,2025-11-30,APAC,Home,201.13,134.26
ORD-14837,2025-11-02,NA,Toys,218.49,100.56
ORD-14838,2025-11-08,APAC,Electronics,39.11,14.74
ORD-14839,2025-12-30,EU,Home,151.51,61.86
ORD-14840,2025-12-25,LATAM,Home,478.71,307.14
ORD-14841,2025-11-11,APAC,Toys,477.74,252.56
ORD-14842,2025-11-29,NA,Toys,189.12,91.16
ORD-14843,2025-11-30,NA,Toys,40.69,14.64
ORD-14844,2025-11-01,NA,Apparel,105.97,50.85
ORD-14845,2025-11-28,LATAM,Home,208.26,85.68
ORD-14846,2025-11-13,NA,Toys,474.93,321.65
ORD-14847,2025-12-15,NA,Toys,87.78,57.38
ORD-14848,2025-12-29,NA,Apparel,386.49,128.92
ORD-14849,2025-11-09,NA,Toys,72.17,36.57
ORD-14850,2025-12-27,NA,Electronics,491.0,191.5
ORD-14851,2025-12-12,APAC,Apparel,203.18,94.34
ORD-14852,2025-11-20,NA,Home,392.11,255.16
ORD-14853,2025-11-11,EU,Electronics,184.44,94.25
ORD-14854,2025-12-26,NA,Apparel,321.28,139.33
ORD-14855,2025-12-30,APAC,Electronics,112.17,42.98
ORD-14856,2025-12-27,EU,Electronics,90.09,55.87
ORD-14857,2025-11-18,NA,Toys,470.27,258.56
ORD-14858,2025-11-06,NA,Home,460.47,224.35
ORD-14859,2025-12-12,EU,Home,445.99,172.6
ORD-14860,2025-11-24,NA,Home,320.21,138.87
ORD-14861,2025-11-17,APAC,Apparel,407.97,279.03
ORD-14862,2025-11-06,EU,Apparel,53.14,27.0
ORD-14863,2025-11-24,APAC,Toys,180.7,83.17
ORD-14864,2025-12-13,LATAM,Toys,170.58,86.75
ORD-14865,2025-12-28,NA,Electronics,325.11,198.84
ORD-14866,2025-12-12,NA,Home,190.86,83.22
ORD-14867,2025-11-11,APAC,Home,91.28,33.91
ORD-14868,2025-11-04,LATAM,Apparel,306.3,163.56
ORD-14869,2025-11-26,NA,Electronics,410.9,232.6
ORD-14870,2025-12-11,EU,Home,203.42,119.02
ORD-14871,2025-11-20,EU,Electronics,83.49,54.5
ORD-14872,2025-12-17,NA,Apparel,114.41,51.31
ORD-14873,2025-12-15,APAC,Apparel,133.99,44.24
ORD-14874,2025-12-19,EU,Home,163.95,112.03
ORD-14875,2025-11-15,EU,Home,328.54,155.73
ORD-14876,2025-11-28,EU,Toys,308.45,169.43
ORD-14877,2025-12-12,APAC,Home,354.12,200.62
ORD-14878,2025-11-06,NA,Home,194.0,100.61
ORD-14879,2025-12-16,APAC,Apparel,415.52,158.77
ORD-14880,2025-11-07,NA,Home,117.96,71.02
ORD-14881,2025-11-01,APAC,Toys,245.14,152.35
ORD-14882,2025-11-14,NA,Apparel,404.45,210.8
ORD-14883,2025-12-01,NA,Electronics,106.48,52.75
ORD-14884,2025-11-05,NA,Electronics,72.73,25.13
ORD-14885,2025-11-09,NA,Apparel,444.17,148.17
ORD-14886,2025-12-08,NA,Apparel,184.61,80.46
ORD-14887,2025-11-15,EU,Toys,348.26,147.78
ORD-14888,2025-12-04,NA,Electronics,32.17,21.92
ORD-14889,2025-12-14,EU,Apparel,351.22,215.46
ORD-14890,2025-11-29,EU,Electronics,171.73,96.85
ORD-14891,2025-11-01,LATAM,Home,46.76,23.71
ORD-14892,2025-11-01,EU,Toys,312.71,114.75
ORD-14893,2025-12-15,NA,Electronics,135.59,93.74
ORD-14894,2025-11-22,APAC,Electronics,205.67,92.55
ORD-14895,2025-12-23,LATAM,Apparel,58.68,20.11
ORD-14896,2025-11-08,LATAM,Apparel,90.64,45.1
ORD-14897,2025-12-26,APAC,Toys,163.03,105.9
ORD-14898,2025-11-28,NA,Electronics,63.08,41.31
ORD-14899,2025-12-15,NA,Electronics,457.2,139.17
ORD-14900,2025-11-09,NA,Home,22.9,14.99
ORD-14901,2025-12-01,LATAM,Electronics,252.25,103.07
ORD-14902,2025-11-05,EU,Electronics,79.16,24.98
ORD-14903,2025-11-15,APAC,Electronics,167.69,107.17
ORD-14904,2025-11-25,EU,Toys,464.51,299.86
ORD-14905,2025-11-06,NA,Home,97.61,52.56
ORD-14906,2025-12-17,NA,Electronics,483.6,256.2
ORD-14907,2025-12-22,NA,Toys,118.78,74.27
ORD-14908,2025-11-07,EU,Apparel,375.95,231.03
ORD-14909,2025-11-07,EU,Toys,282.41,185.27
ORD-14910,2025-11-21,NA,Electronics,444.55,231.65
ORD-14911,2025-11-24,NA,Home,285.92,196.44
ORD-14912,2025-12-27,EU,Electronics,276.59,193.19
ORD-14913,2025-11-20,NA,Electronics,113.82,39.45
ORD-14914,2025-11-09,LATAM,Toys,99.79,63.85
ORD-14915,2025-11-25,NA,Apparel,459.91,229.92
ORD-14916,2025-12-20,EU,Home,177.36,80.7
ORD-14917,2025-12-23,EU,Apparel,198.6,108.28
ORD-14918,2025-12-19,NA,Electronics,384.72,124.03
ORD-14919,2025-12-26,APAC,Toys,182.64,91.79
ORD-14920,2025-11-09,LATAM,Home,476.99,309.26
ORD-14921,2025-12-12,EU,Toys,374.21,144.21
ORD-14922,2025-12-14,NA,Home,306.77,144.35
ORD-14923,2025-11-10,EU,Electronics,442.83,299.26
ORD-14924,2025-11-05,NA,Electronics,43.81,20.65
ORD-14925,2025-12-04,NA,Toys,143.39,63.57
ORD-14926,2025-12-07,EU,Electronics,243.22,115.82
ORD-14927,2025-11-01,NA,Apparel,128.95,65.48
ORD-14928,2025-12-10,APAC,Electronics,377.07,208.44
ORD-14929,2025-12-12,APAC,Electronics,461.22,286.08
ORD-14930,2025-11-11,EU,Toys,223.41,107.42
ORD-14931,2025-11-29,EU,Apparel,184.22,115.5
ORD-14932,2025-11-23,NA,Home,481.54,247.27
ORD-14933,2025-12-17,APAC,Toys,233.53,101.68
ORD-14934,2025-11-14,NA,Toys,254.74,143.46
ORD-14935,2025-12-11,LATAM,Apparel,188.79,110.84
ORD-14936,2025-12-18,NA,Toys,456.58,238.89
ORD-14937,2025-11-10,APAC,Toys,293.1,94.57
ORD-14938,2025-12-29,NA,Home,385.84,141.97
ORD-14939,2025-11-27,NA,Toys,409.67,169.65
ORD-14940,2025-12-10,EU,Apparel,184.09,76.04
ORD-14941,2025-12-14,EU,Toys,228.17,129.91
ORD-14942,2025-11-29,EU,Toys,427.27,131.32
ORD-14943,2025-12-26,NA,Electronics,194.36,117.06
ORD-14944,2025-11-14,EU,Home,401.09,162.9
ORD-14945,2025-11-06,NA,Home,471.68,200.0
ORD-14946,2025-12-28,EU,Apparel,319.14,163.13
ORD-14947,2025-11-07,NA,Electronics,375.98,145.27
ORD-14948,2025-11-09,NA,Electronics,406.45,265.73
ORD-14949,2025-12-19,APAC,Toys,425.62,142.22
ORD-14950,2025-11-08,EU,Electronics,209.63,100.15
ORD-14951,2025-12-08,NA,Home,44.61,28.54
ORD-14952,2025-12-17,EU,Toys,212.9,116.32
ORD-14953,2025-11-25,EU,Toys,343.4,143.17
ORD-14954,2025-11-23,NA,Toys,236.17,110.6
ORD-14955,2025-11-28,LATAM,Electronics,379.5,221.13
ORD-14956,2025-11-21,LATAM,Apparel,191.35,131.9
ORD-14957,2025-12-21,APAC,Home,324.68,213.4
ORD-14958,2025-11-09,APAC,Electronics,109.48,47.84
ORD-14959,2025-11-16,NA,Apparel,379.7,265.52
ORD-14960,2025-11-18,NA,Apparel,281.93,84.97
ORD-14961,2025-12-12,EU,Electronics,117.95,36.69
ORD-14962,2025-11-06,NA,Home,160.12,100.8
ORD-14963,2025-11-16,APAC,Electronics,379.33,144.06
ORD-14964,2025-12-06,NA,Apparel,251.65,81.61
ORD-14965,2025-12-09,LATAM,Electronics,123.7,48.84
ORD-14966,2025-12-09,EU,Apparel,484.29,227.83
ORD-14967,2025-12-17,EU,Electronics,363.26,215.13
ORD-14968,2025-12-09,NA,Home,479.42,263.55
ORD-14969,2025-11-19,EU,Home,225.01,88.89
ORD-14970,2025-12-20,APAC,Electronics,248.05,124.35
ORD-14971,2025-12-31,NA,Apparel,451.02,302.4
ORD-14972,2025-12-15,EU,Toys,272.02,170.29
ORD-14973,2025-11-02,LATAM,Electronics,359.49,154.32
ORD-14974,2025-12-25,NA,Toys,141.04,97.73
ORD-14975,2025-12-25,NA,Home,234.43,136.78
ORD-14976,2025-12-13,LATAM,Electronics,79.26,25.76
ORD-14977,2025-12-27,EU,Apparel,118.87,37.33
ORD-14978,2025-11-20,EU,Toys,20.45,7.51
ORD-14979,2025-11-14,NA,Toys,38.85,22.97
ORD-14980,2025-12-04,NA,Home,489.1,182.68
ORD-14981,2025-12-09,NA,Toys,136.33,68.79
ORD-14982,2025-12-03,LATAM,Home,338.39,114.14
ORD-14983,2025-11-13,LATAM,Home,422.77,282.56
ORD-14984,2025-12-18,EU,Home,284.32,124.41
ORD-14985,2025-11-26,NA,Apparel,93.51,62.02
ORD-14986,2025-11-19,APAC,Toys,369.5,250.5
ORD-14987,2025-12-12,NA,Home,308.12,93.19
ORD-14988,2025-11-04,APAC,Electronics,371.0,180.18
ORD-14989,2025-12-21,EU,Apparel,389.48,120.69
ORD-14990,2025-12-28,APAC,Home,488.2,323.91
ORD-14991,2025-12-21,EU,Electronics,295.31,149.83
ORD-14992,2025-11-16,EU,Home,183.99,60.71
ORD-14993,2025-12-02,EU,Apparel,331.26,113.99
ORD-14994,2025-11-25,EU,Home,52.85,23.96
ORD-14995,2025-11-08,NA,Home,450.75,304.75
ORD-14996,2025-11-16,EU,Apparel,77.3,44.61
ORD-14997,2025-12-02,EU,Home,177.36,114.76
ORD-14998,2025-12-11,APAC,Electronics,411.56,183.8
ORD-14999,2025-12-09,NA,Home,306.71,97.31
ORD-15000,2025-11-05,NA,Electronics,208.95,144.12
ORD-15001,2025-12-04,EU,Electronics,247.25,75.87
ORD-15002,2025-12-27,NA,Toys,430.18,292.12
ORD-15003,2025-11-01,EU,Apparel,183.2,81.98
ORD-15004,2025-11-24,EU,Electronics,437.43,132.99
ORD-15005,2025-12-30,NA,Home,62.3,35.86
ORD-15006,2025-11-21,APAC,Toys,392.86,271.94
ORD-15007,2025-11-09,EU,Home,426.82,292.91
ORD-15008,2025-11-25,EU,Electronics,107.27,39.09
ORD-15009,2025-12-26,NA,Home,226.57,84.4
ORD-15010,2025-12-24,EU,Apparel,99.44,52.33
ORD-15011,2025-12-07,LATAM,Toys,359.17,199.31
ORD-15012,2025-11-27,APAC,Home,276.97,165.01
ORD-15013,2025-11-24,LATAM,Home,324.96,121.02
ORD-15014,2025-12-05,APAC,Toys,114.31,78.14
ORD-15015,2025-12-14,NA,Toys,121.64,67.57
ORD-15016,2025-11-12,EU,Apparel,39.92,25.5
ORD-15017,2025-12-19,EU,Toys,174.59,90.09
ORD-15018,2025-12-01,EU,Apparel,288.68,134.44
ORD-15019,2025-12-20,EU,Electronics,431.81,298.33
ORD-15020,2025-11-05,APAC,Electronics,340.13,181.24
ORD-15021,2025-11-02,LATAM,Home,228.99,148.1
ORD-15022,2025-12-08,NA,Electronics,477.5,325.33
ORD-15023,2025-11-05,EU,Toys,365.24,208.24
ORD-15024,2025-11-01,EU,Electronics,466.48,242.37
ORD-15025,2025-11-17,NA,Electronics,273.24,82.36
ORD-15026,2025-11-14,NA,Home,144.27,45.59
ORD-15027,2025-11-03,EU,Home,45.36,17.25
ORD-15028,2025-12-30,NA,Home,368.52,137.98
ORD-15029,2025-11-04,EU,Home,78.23,31.44
ORD-15030,2025-12-31,NA,Toys,165.33,69.76
ORD-15031,2025-12-21,NA,Electronics,275.59,122.37
ORD-15032,2025-11-26,EU,Home,290.92,136.21
ORD-15033,2025-12-03,NA,Electronics,308.28,104.68
ORD-15034,2025-11-19,LATAM,Apparel,99.8,31.63
ORD-15035,2025-12-11,LATAM,Apparel,202.27,115.21
ORD-15036,2025-12-16,EU,Apparel,316.25,162.85
ORD-15037,2025-12-03,APAC,Apparel,485.51,231.91
ORD-15038,2025-12-20,APAC,Electronics,369.26,204.49
ORD-15039,2025-11-27,APAC,Electronics,462.85,292.09
ORD-15040,2025-11-28,NA,Home,385.86,181.77
ORD-15041,2025-12-15,NA,Home,304.02,169.17
ORD-15042,2025-11-26,NA,Electronics,112.17,76.44
ORD-15043,2025-11-06,NA,Apparel,340.01,216.2
ORD-15044,2025-12-11,APAC,Toys,319.22,150.16
ORD-15045,2025-12-05,NA,Apparel,309.19,172.49
ORD-15046,2025-12-05,APAC,Home,255.1,94.6
ORD-15047,2025-12-10,APAC,Electronics,273.76,143.51
ORD-15048,2025-11-10,EU,Electronics,180.53,125.02
ORD-15049,2025-11-18,NA,Electronics,269.27,136.61
ORD-15050,2025-11-06,LATAM,Home,114.83,77.06
ORD-15051,2025-11-20,EU,Electronics,406.48,188.17
ORD-15052,2025-11-06,NA,Electronics,109.17,76.37
ORD-15053,2025-12-03,NA,Electronics,60.78,32.32
ORD-15054,2025-12-29,NA,Electronics,229.4,72.7
ORD-15055,2025-11-14,APAC,Toys,335.99,179.65
ORD-15056,2025-12-22,APAC,Home,230.1,94.3
ORD-15057,2025-11-10,EU,Electronics,152.84,47.84
ORD-15058,2025-12-05,NA,Electronics,287.92,180.91
ORD-15059,2025-11-21,LATAM,Home,186.56,76.54
ORD-15060,2025-11-26,LATAM,Apparel,467.78,289.38
ORD-15061,2025-12-08,NA,Toys,462.87,192.22
ORD-15062,2025-12-11,LATAM,Electronics,261.14,98.64
ORD-15063,2025-12-19,NA,Toys,177.38,122.32
ORD-15064,2025-12-24,EU,Electronics,373.82,166.22
ORD-15065,2025-12-12,APAC,Home,37.62,20.34
ORD-15066,2025-12-14,APAC,Electronics,247.89,134.85
ORD-15067,2025-12-12,EU,Toys,181.44,95.11
ORD-15068,2025-11-05,NA,Electronics,461.86,307.54
ORD-15069,2025-11-20,EU,Electronics,25.76,14.68
ORD-15070,2025-12-15,LATAM,Apparel,285.35,131.69
ORD-15071,2025-11-28,NA,Electronics,375.52,242.19
ORD-15072,2025-12-17,LATAM,Apparel,252.81,94.15
ORD-15073,2025-12-25,EU,Electronics,60.99,31.57
ORD-15074,2025-11-16,EU,Home,486.78,331.12
ORD-15075,2025-11-04,NA,Toys,268.65,147.8
ORD-15076,2025-11-16,APAC,Apparel,314.81,197.32
ORD-15077,2025-11-06,EU,Toys,133.57,74.99
ORD-15078,2025-12-30,EU,Electronics,252.08,160.26
ORD-15079,2025-11-28,APAC,Toys,225.99,153.17
ORD-15080,2025-11-08,APAC,Apparel,55.95,22.89
ORD-15081,2025-11-30,EU,Apparel,70.96,26.1
ORD-15082,2025-12-10,NA,Toys,421.99,208.29
ORD-15083,2025-12-09,EU,Electronics,135.11,78.46
ORD-15084,2025-11-04,LATAM,Home,113.58,44.4
ORD-15085,2025-11-20,NA,Electronics,262.36,79.14
ORD-15086,2025-12-13,NA,Electronics,389.0,170.06
ORD-15087,2025-12-18,EU,Electronics,49.73,34.19
ORD-15088,2025-12-13,EU,Electronics,296.87,171.59
ORD-15089,2025-12-18,EU,Home,77.22,35.56
ORD-15090,2025-11-12,NA,Apparel,37.5,14.14
ORD-15091,2025-11-08,APAC,Toys,45.32,20.05
ORD-15092,2025-11-01,LATAM,Home,420.4,154.68
ORD-15093,2025-12-16,NA,Home,76.63,26.25
ORD-15094,2025-11-09,NA,Apparel,41.67,27.61
ORD-15095,2025-12-15,APAC,Apparel,230.19,160.92
ORD-15096,2025-11-01,NA,Home,425.12,155.44
ORD-15097,2025-11-11,EU,Toys,145.96,46.97
ORD-15098,2025-12-02,EU,Electronics,222.42,96.06
ORD-15099,2025-12-31,NA,Home,39.16,18.98
ORD-15100,2025-11-23,NA,Home,235.56,89.97
ORD-15101,2025-12-04,APAC,Electronics,297.25,125.01
ORD-15102,2025-12-04,NA,Toys,294.04,111.84
ORD-15103,2025-12-21,EU,Apparel,179.56,109.48
ORD-15104,2025-12-23,NA,Toys,171.46,100.31
ORD-15105,2025-12-17,APAC,Home,71.18,39.43
ORD-15106,2025-11-17,APAC,Toys,196.06,89.19
ORD-15107,2025-11-11,APAC,Electronics,67.76,44.97
ORD-15108,2025-11-24,EU,Apparel,387.97,266.85
ORD-15109,2025-11-09,NA,Electronics,483.81,178.75
ORD-15110,2025-12-18,LATAM,Home,485.64,189.01
ORD-15111,2025-12-20,EU,Toys,435.23,222.08
ORD-15112,2025-12-26,EU,Electronics,308.38,103.77
ORD-15113,2025-11-18,EU,Electronics,356.42,169.15
ORD-15114,2025-12-17,NA,Apparel,156.9,83.58
ORD-15115,2025-12-27,EU,Home,322.77,164.23
ORD-15116,2025-11-08,EU,Apparel,238.71,103.21
ORD-15117,2025-12-20,NA,Home,251.37,129.95
ORD-15118,2025-12-28,NA,Apparel,383.73,262.29
ORD-15119,2025-11-02,APAC,Toys,155.32,59.4
ORD-15120,2025-11-22,NA,Toys,172.66,97.02
ORD-15121,2025-12-22,EU,Toys,463.83,147.2
ORD-15122,2025-11-28,NA,Apparel,46.99,15.35
ORD-15123,2025-11-18,APAC,Toys,253.1,131.8
ORD-15124,2025-12-04,NA,Toys,458.14,156.67
ORD-15125,2025-11-05,EU,Apparel,312.97,96.69
ORD-15126,2025-11-17,NA,Home,282.28,104.05
ORD-15127,2025-12-16,NA,Toys,139.88,73.57
ORD-15128,2025-12-07,LATAM,Electronics,184.77,107.41
ORD-15129,2025-12-11,NA,Home,428.98,163.44
ORD-15130,2025-11-05,EU,Apparel,288.42,163.62
ORD-15131,2025-12-02,NA,Apparel,267.08,99.62
ORD-15132,2025-11-30,NA,Apparel,67.8,36.98
ORD-15133,2025-12-03,LATAM,Apparel,27.69,12.87
ORD-15134,2025-11-24,APAC,Toys,482.57,270.97
ORD-15135,2025-11-04,NA,Apparel,200.95,140.27
ORD-15136,2025-12-02,NA,Home,309.54,208.98
ORD-15137,2025-12-25,NA,Apparel,58.26,17.58
ORD-15138,2025-12-07,EU,Apparel,347.89,227.58
ORD-15139,2025-11-11,EU,Toys,467.63,152.73
ORD-15140,2025-11-24,NA,Home,296.32,201.86
ORD-15141,2025-11-11,LATAM,Home,80.54,33.24
ORD-15142,2025-11-17,LATAM,Electronics,299.23,135.5
ORD-15143,2025-12-20,EU,Electronics,387.85,130.57
ORD-15144,2025-11-07,EU,Apparel,215.08,74.18
ORD-15145,2025-12-28,EU,Electronics,442.32,261.28
ORD-15146,2025-12-07,NA,Home,331.37,224.58
ORD-15147,2025-12-14,APAC,Apparel,451.64,245.83
ORD-15148,2025-12-17,LATAM,Apparel,319.28,187.21
ORD-15149,2025-11-08,NA,Electronics,83.02,50.21
ORD-15150,2025-11-15,NA,Electronics,168.65,68.32
ORD-15151,2025-12-18,NA,Electronics,116.86,37.17
ORD-15152,2025-12-03,EU,Toys,456.24,137.21
ORD-15153,2025-11-01,NA,Electronics,384.99,169.5
ORD-15154,2025-11-03,APAC,Apparel,344.67,136.69
ORD-15155,2025-12-25,NA,Electronics,164.46,53.44
ORD-15156,2025-12-26,NA,Electronics,108.34,40.28
ORD-15157,2025-11-01,NA,Apparel,383.1,134.01
ORD-15158,2025-11-16,NA,Electronics,247.6,164.89
ORD-15159,2025-11-03,APAC,Toys,128.38,45.72
ORD-15160,2025-12-01,LATAM,Apparel,315.98,162.75
ORD-15161,2025-11-24,NA,Home,39.36,21.15
ORD-15162,2025-11-25,EU,Home,176.56,91.35
ORD-15163,2025-12-29,LATAM,Apparel,244.91,83.18
ORD-15164,2025-11-10,NA,Electronics,91.02,38.91
ORD-15165,2025-11-12,EU,Home,492.63,157.89
ORD-15166,2025-12-30,NA,Toys,120.37,55.16
ORD-15167,2025-12-25,APAC,Home,82.57,31.0
ORD-15168,2025-11-03,EU,Toys,117.7,61.75
ORD-15169,2025-12-06,EU,Home,389.15,224.59
ORD-15170,2025-12-22,NA,Apparel,224.24,115.0
ORD-15171,2025-12-29,NA,Toys,291.4,138.03
ORD-15172,2025-12-16,NA,Toys,30.08,13.68
ORD-15173,2025-12-18,EU,Home,36.53,23.26
ORD-15174,2025-12-12,APAC,Home,234.0,90.73
ORD-15175,2025-11-27,NA,Toys,411.99,244.59
ORD-15176,2025-11-15,NA,Electronics,444.91,268.28
ORD-15177,2025-11-21,EU,Electronics,61.62,28.82
ORD-15178,2025-11-16,APAC,Apparel,278.41,116.63
ORD-15179,2025-11-27,NA,Toys,458.35,223.77
ORD-15180,2025-12-29,APAC,Electronics,206.23,69.56
ORD-15181,2025-12-17,LATAM,Home,418.19,133.14
ORD-15182,2025-11-21,EU,Home,84.17,29.01
ORD-15183,2025-11-18,APAC,Apparel,468.99,175.8
ORD-15184,2025-12-23,EU,Electronics,380.68,190.98
ORD-15185,2025-11-05,APAC,Apparel,471.84,301.81
ORD-15186,2025-12-07,APAC,Electronics,344.78,135.93
ORD-15187,2025-11-24,EU,Electronics,194.43,131.06
ORD-15188,2025-11-08,EU,Toys,470.33,320.75
ORD-15189,2025-12-03,EU,Toys,152.27,104.09
ORD-15190,2025-12-14,EU,Toys,179.44,113.95
ORD-15191,2025-12-28,NA,Toys,356.39,158.78
ORD-15192,2025-11-04,EU,Electronics,387.35,127.47
ORD-15193,2025-11-12,NA,Apparel,466.11,245.89
ORD-15194,2025-11-15,NA,Electronics,118.31,61.93
ORD-15195,2025-12-22,NA,Home,403.04,257.94
ORD-15196,2025-12-04,EU,Electronics,374.5,261.55
ORD-15197,2025-11-03,EU,Apparel,50.62,25.48
ORD-15198,2025-11-26,NA,Electronics,205.87,90.19
ORD-15199,2025-11-05,APAC,Toys,155.73,58.3
ORD-15200,2025-12-27,EU,Toys,166.16,50.17
ORD-15201,2025-11-30,LATAM,Electronics,491.81,247.7
ORD-15202,2025-12-26,NA,Electronics,328.53,171.56
ORD-15203,2025-11-19,NA,Toys,364.48,229.61
ORD-15204,2025-12-20,NA,Toys,488.78,245.28
ORD-15205,2025-12-25,NA,Home,201.06,134.02
ORD-15206,2025-11-20,APAC,Apparel,404.88,223.18
ORD-15207,2025-11-21,NA,Apparel,228.57,145.4
ORD-15208,2025-11-06,NA,Home,437.38,157.16
ORD-15209,2025-12-06,EU,Apparel,106.72,68.53
ORD-15210,2025-11-30,NA,Apparel,474.89,270.71
ORD-15211,2025-11-01,APAC,Home,125.01,46.02
ORD-15212,2025-11-24,NA,Toys,176.59,66.38
ORD-15213,2025-11-13,NA,Home,382.97,256.82
ORD-15214,2025-11-19,NA,Apparel,209.0,65.39
ORD-15215,2025-12-07,NA,Apparel,311.94,151.3
ORD-15216,2025-12-21,EU,Apparel,233.4,99.29
ORD-15217,2025-11-20,APAC,Home,376.34,213.02
ORD-15218,2025-12-18,APAC,Toys,129.6,82.41
ORD-15219,2025-12-10,EU,Toys,48.06,21.35
ORD-15220,2025-11-16,NA,Apparel,163.97,77.19
ORD-15221,2025-11-30,EU,Toys,247.67,171.58
ORD-15222,2025-11-24,EU,Toys,100.65,61.76
ORD-15223,2025-12-08,NA,Home,190.3,125.39
ORD-15224,2025-12-02,NA,Toys,211.99,100.8
ORD-15225,2025-12-20,EU,Apparel,47.55,18.72
ORD-15226,2025-12-20,APAC,Electronics,299.99,139.42
ORD-15227,2025-11-13,APAC,Apparel,444.48,260.66
ORD-15228,2025-12-17,NA,Apparel,92.84,31.92
ORD-15229,2025-12-28,APAC,Toys,306.95,125.29
ORD-15230,2025-12-05,EU,Apparel,339.07,108.05
ORD-15231,2025-12-19,APAC,Toys,221.28,104.65
ORD-15232,2025-12-21,NA,Home,356.53,224.96
ORD-15233,2025-11-16,NA,Home,217.15,67.29
ORD-15234,2025-11-10,NA,Toys,262.23,149.51
ORD-15235,2025-11-01,APAC,Electronics,23.53,15.84
ORD-15236,2025-12-30,EU,Electronics,352.03,138.97
ORD-15237,2025-11-27,LATAM,Apparel,337.44,194.86
ORD-15238,2025-11-02,EU,Electronics,38.43,26.52
ORD-15239,2025-11-15,NA,Apparel,196.76,134.76
ORD-15240,2025-12-05,NA,Apparel,489.94,193.02
ORD-15241,2025-11-23,NA,Home,221.95,75.49
ORD-15242,2025-12-11,NA,Toys,260.93,93.76
ORD-15243,2025-12-24,EU,Home,456.77,265.3
ORD-15244,2025-12-15,NA,Toys,364.29,215.04
ORD-15245,2025-12-27,EU,Toys,299.39,170.56
ORD-15246,2025-11-01,APAC,Toys,402.95,175.05
ORD-15247,2025-12-31,LATAM,Apparel,434.9,160.0
ORD-15248,2025-11-22,LATAM,Electronics,239.31,127.39
ORD-15249,2025-11-01,NA,Apparel,248.05,122.41
ORD-15250,2025-12-19,APAC,Toys,205.3,121.44
ORD-15251,2025-12-13,EU,Home,484.02,230.66
ORD-15252,2025-11-25,APAC,Apparel,354.64,154.43
ORD-15253,2025-12-25,LATAM,Toys,59.95,25.02
ORD-15254,2025-12-18,NA,Home,434.22,167.0
ORD-15255,2025-12-17,EU,Apparel,250.67,101.85
ORD-15256,2025-11-20,NA,Toys,53.0,17.91
ORD-15257,2025-11-07,NA,Electronics,283.86,124.54
ORD-15258,2025-11-14,APAC,Toys,220.24,69.29
ORD-15259,2025-12-04,APAC,Electronics,441.32,165.3
ORD-15260,2025-11-16,NA,Apparel,117.92,70.6
ORD-15261,2025-11-27,APAC,Toys,416.7,179.26
ORD-15262,2025-12-02,EU,Electronics,287.69,163.21
ORD-15263,2025-11-04,EU,Apparel,46.21,27.11
ORD-15264,2025-11-10,NA,Home,486.49,259.04
ORD-15265,2025-12-16,EU,Toys,266.06,181.85
ORD-15266,2025-11-18,NA,Apparel,159.62,49.25
ORD-15267,2025-11-06,EU,Apparel,245.32,146.08
ORD-15268,2025-11-03,EU,Toys,431.77,295.12
ORD-15269,2025-12-29,APAC,Apparel,166.35,107.28
ORD-15270,2025-11-15,LATAM,Toys,112.48,41.3
ORD-15271,2025-12-28,NA,Toys,81.95,35.3
ORD-15272,2025-12-25,NA,Home,162.97,60.13
ORD-15273,2025-12-04,EU,Home,394.42,213.19
ORD-15274,2025-11-27,NA,Electronics,246.38,144.1
ORD-15275,2025-12-15,NA,Toys,129.19,55.14
ORD-15276,2025-12-28,NA,Toys,99.77,51.46
ORD-15277,2025-11-24,NA,Toys,179.71,103.58
ORD-15278,2025-11-30,NA,Apparel,471.16,220.76
ORD-15279,2025-12-18,EU,Apparel,184.65,118.47
ORD-15280,2025-11-06,EU,Apparel,494.3,300.84
ORD-15281,2025-12-08,NA,Home,252.91,82.41
ORD-15282,2025-11-07,NA,Electronics,106.0,58.14
ORD-15283,2025-12-03,LATAM,Home,447.75,176.47
ORD-15284,2025-11-09,NA,Electronics,240.97,126.03
ORD-15285,2025-12-11,LATAM,Toys,360.64,246.23
ORD-15286,2025-12-23,LATAM,Electronics,492.18,320.72
ORD-15287,2025-11-26,LATAM,Toys,44.08,20.36
ORD-15288,2025-11-05,APAC,Home,66.41,27.67
ORD-15289,2025-12-08,NA,Electronics,365.82,144.05
ORD-15290,2025-12-07,APAC,Home,155.28,79.66
ORD-15291,2025-11-04,NA,Home,108.46,37.49
ORD-15292,2025-11-28,LATAM,Electronics,38.89,20.21
ORD-15293,2025-12-13,NA,Toys,30.49,9.16
ORD-15294,2025-11-09,NA,Toys,391.75,168.27
ORD-15295,2025-11-16,EU,Toys,84.53,32.8
ORD-15296,2025-11-19,APAC,Electronics,244.51,168.34
ORD-15297,2025-11-17,NA,Electronics,310.83,183.67
ORD-15298,2025-12-25,NA,Apparel,225.61,99.24
ORD-15299,2025-11-21,NA,Home,33.01,11.13
ORD-15300,2025-12-30,EU,Electronics,396.08,200.7
ORD-15301,2025-12-22,NA,Toys,25.05,9.65
ORD-15302,2025-11-26,APAC,Apparel,385.71,198.48
ORD-15303,2025-12-15,APAC,Electronics,448.79,284.6
ORD-15304,2025-12-24,APAC,Apparel,227.76,124.43
ORD-15305,2025-12-18,LATAM,Toys,277.06,153.36
ORD-15306,2025-11-21,EU,Apparel,248.95,128.56
ORD-15307,2025-11-21,EU,Toys,206.82,138.76
ORD-15308,2025-11-29,NA,Apparel,445.96,300.02
ORD-15309,2025-11-18,EU,Toys,449.09,226.83
ORD-15310,2025-11-15,EU,Toys,181.19,76.52
ORD-15311,2025-11-05,EU,Apparel,315.23,152.52
ORD-15312,2025-12-31,LATAM,Toys,464.92,174.17
ORD-15313,2025-11-13,NA,Home,481.79,267.17
ORD-15314,2025-11-09,APAC,Home,264.3,132.16
ORD-15315,2025-12-20,NA,Electronics,237.36,81.02
ORD-15316,2025-12-20,NA,Apparel,153.77,58.29
ORD-15317,2025-12-08,NA,Home,480.26,236.22
ORD-15318,2025-11-07,NA,Electronics,88.55,58.0
ORD-15319,2025-11-10,EU,Home,298.32,157.08
ORD-15320,2025-11-07,APAC,Toys,155.62,89.11
ORD-15321,2025-11-11,EU,Electronics,153.92,67.05
ORD-15322,2025-11-29,APAC,Home,214.38,113.31
ORD-15323,2025-11-30,NA,Toys,499.42,239.2
ORD-15324,2025-11-21,NA,Toys,46.38,26.14
ORD-15325,2025-11-27,LATAM,Toys,297.7,95.33
ORD-15326,2025-11-08,NA,Electronics,59.63,29.66
ORD-15327,2025-12-05,NA,Apparel,94.17,39.4
ORD-15328,2025-11-23,NA,Apparel,230.99,99.44
ORD-15329,2025-12-20,APAC,Home,265.02,181.37
ORD-15330,2025-11-14,NA,Apparel,144.22,53.81
ORD-15331,2025-11-29,NA,Apparel,171.9,72.97
ORD-15332,2025-11-20,NA,Electronics,61.74,31.11
ORD-15333,2025-11-30,EU,Apparel,165.55,106.81
ORD-15334,2025-11-17,EU,Electronics,483.95,225.84
ORD-15335,2025-12-25,APAC,Toys,473.46,282.91
ORD-15336,2025-11-08,APAC,Home,180.74,116.13
ORD-15337,2025-11-06,NA,Electronics,294.01,124.66
ORD-15338,2025-11-11,EU,Toys,456.61,208.72
ORD-15339,2025-12-22,NA,Home,22.97,10.17
ORD-15340,2025-12-14,EU,Toys,409.13,259.04
ORD-15341,2025-11-20,LATAM,Toys,475.22,151.0
ORD-15342,2025-12-23,NA,Toys,63.84,27.03
ORD-15343,2025-12-16,NA,Electronics,97.49,55.74
ORD-15344,2025-12-15,LATAM,Toys,481.16,253.18
ORD-15345,2025-12-09,APAC,Apparel,278.02,131.92
ORD-15346,2025-11-03,EU,Home,26.81,13.83
ORD-15347,2025-11-14,APAC,Home,143.66,54.45
ORD-15348,2025-12-24,NA,Electronics,235.97,111.45
ORD-15349,2025-12-25,NA,Electronics,352.6,176.54
ORD-15350,2025-11-21,NA,Electronics,371.92,245.64
ORD-15351,2025-11-10,NA,Toys,497.8,201.28
ORD-15352,2025-11-06,APAC,Electronics,158.01,102.25
ORD-15353,2025-12-16,EU,Electronics,278.35,155.23
ORD-15354,2025-11-16,NA,Apparel,276.0,85.05
ORD-15355,2025-11-23,APAC,Apparel,214.71,126.65
ORD-15356,2025-11-26,APAC,Home,101.2,31.8
ORD-15357,2025-12-03,NA,Toys,489.18,341.91
ORD-15358,2025-11-04,APAC,Electronics,429.59,278.83
ORD-15359,2025-12-14,NA,Electronics,259.2,108.59
ORD-15360,2025-11-20,NA,Apparel,309.56,124.74
ORD-15361,2025-11-17,EU,Toys,129.09,58.42
ORD-15362,2025-12-23,EU,Home,281.02,124.34
ORD-15363,2025-11-12,NA,Electronics,353.59,158.74
ORD-15364,2025-11-02,LATAM,Toys,267.28,114.21
ORD-15365,2025-12-31,NA,Toys,495.34,271.67
ORD-15366,2025-11-26,EU,Home,313.44,114.63
ORD-15367,2025-12-25,NA,Home,198.07,126.45
ORD-15368,2025-11-29,EU,Electronics,390.63,244.13
ORD-15369,2025-12-06,EU,Toys,101.82,49.95
ORD-15370,2025-12-18,NA,Toys,204.57,131.15
ORD-15371,2025-12-06,NA,Electronics,186.54,74.4
ORD-15372,2025-11-16,NA,Electronics,227.27,69.78
ORD-15373,2025-11-07,EU,Home,395.25,216.47
ORD-15374,2025-11-30,APAC,Apparel,252.4,121.95
ORD-15375,2025-11-07,EU,Electronics,401.13,211.34
ORD-15376,2025-12-22,NA,Toys,296.71,195.75
ORD-15377,2025-12-21,EU,Electronics,184.19,126.72
ORD-15378,2025-11-09,EU,Home,408.79,226.38
ORD-15379,2025-11-08,EU,Home,134.38,81.38
ORD-15380,2025-11-01,EU,Electronics,127.7,42.59
ORD-15381,2025-11-04,EU,Home,262.16,95.5
ORD-15382,2025-12-24,EU,Toys,145.21,86.15
ORD-15383,2025-12-20,EU,Toys,24.36,11.51
ORD-15384,2025-11-15,LATAM,Apparel,331.18,158.43
ORD-15385,2025-11-09,NA,Home,265.33,112.35
ORD-15386,2025-11-13,NA,Toys,233.85,126.97
ORD-15387,2025-12-23,NA,Apparel,484.14,181.1
ORD-15388,2025-11-26,NA,Toys,294.18,162.02
ORD-15389,2025-11-24,NA,Home,434.45,160.54
ORD-15390,2025-12-14,NA,Electronics,86.94,28.3
ORD-15391,2025-12-11,NA,Electronics,293.22,126.71
ORD-15392,2025-12-31,EU,Electronics,436.63,171.36
ORD-15393,2025-12-12,APAC,Home,299.89,196.61
ORD-15394,2025-11-06,NA,Toys,364.65,117.41
ORD-15395,2025-12-08,NA,Apparel,198.58,73.6
ORD-15396,2025-12-08,APAC,Home,64.38,33.44
ORD-15397,2025-11-17,APAC,Electronics,239.79,118.08
ORD-15398,2025-12-29,NA,Home,209.35,66.64
ORD-15399,2025-12-23,NA,Home,436.19,132.12
ORD-15400,2025-11-05,APAC,Electronics,137.12,95.33
ORD-15401,2025-11-02,NA,Apparel,484.03,272.77
ORD-15402,2025-11-05,NA,Apparel,479.91,214.12
ORD-15403,2025-11-13,EU,Home,138.86,67.79
ORD-15404,2025-12-28,APAC,Toys,187.06,76.06
ORD-15405,2025-12-12,NA,Toys,449.87,197.02
ORD-15406,2025-11-29,EU,Toys,483.98,270.84
ORD-15407,2025-12-22,APAC,Electronics,232.85,152.08
ORD-15408,2025-11-09,EU,Electronics,174.08,65.05
ORD-15409,2025-11-06,NA,Apparel,272.53,173.37
ORD-15410,2025-12-28,LATAM,Home,350.13,122.06
ORD-15411,2025-12-25,NA,Toys,151.27,58.39
ORD-15412,2025-12-24,NA,Apparel,373.51,117.61
ORD-15413,2025-12-22,NA,Electronics,44.8,15.96
ORD-15414,2025-11-22,NA,Electronics,43.66,29.12
ORD-15415,2025-11-08,APAC,Toys,205.42,99.38
ORD-15416,2025-11-03,NA,Electronics,189.67,62.79
ORD-15417,2025-12-31,NA,Electronics,171.5,117.29
ORD-15418,2025-11-30,EU,Home,255.69,166.61
ORD-15419,2025-11-04,NA,Toys,173.95,104.7
ORD-15420,2025-11-11,NA,Electronics,112.28,75.61
ORD-15421,2025-12-30,NA,Home,168.55,65.41
ORD-15422,2025-12-07,NA,Electronics,487.95,309.63
ORD-15423,2025-11-28,EU,Toys,217.33,125.18
ORD-15424,2025-12-23,APAC,Apparel,233.46,151.26
ORD-15425,2025-12-17,EU,Electronics,296.74,183.61
ORD-15426,2025-11-26,LATAM,Apparel,492.0,215.79
ORD-15427,2025-12-02,EU,Electronics,135.97,82.91
ORD-15428,2025-11-02,EU,Electronics,347.02,140.54
ORD-15429,2025-11-25,NA,Home,363.67,156.9
ORD-15430,2025-12-14,NA,Toys,311.52,106.9
ORD-15431,2025-11-28,APAC,Toys,62.52,42.14
ORD-15432,2025-11-12,EU,Electronics,344.9,143.62
ORD-15433,2025-11-23,LATAM,Toys,50.77,25.8
ORD-15434,2025-11-14,APAC,Home,306.15,139.77
ORD-15435,2025-12-29,EU,Home,375.0,256.49
ORD-15436,2025-11-12,NA,Electronics,121.27,52.63
ORD-15437,2025-11-18,NA,Electronics,423.98,259.23
ORD-15438,2025-11-18,NA,Toys,34.57,22.2
ORD-15439,2025-11-29,NA,Home,425.03,201.57
ORD-15440,2025-12-27,APAC,Toys,240.96,108.74
ORD-15441,2025-11-10,EU,Apparel,124.44,74.55
ORD-15442,2025-11-03,APAC,Home,84.21,56.01
ORD-15443,2025-12-10,LATAM,Apparel,477.59,287.5
ORD-15444,2025-12-10,NA,Toys,54.88,21.45
ORD-15445,2025-12-10,EU,Toys,115.56,75.73
ORD-15446,2025-11-16,NA,Apparel,186.95,85.07
ORD-15447,2025-12-12,NA,Apparel,317.71,168.54
ORD-15448,2025-11-19,NA,Toys,281.5,178.07
ORD-15449,2025-12-02,APAC,Electronics,80.31,30.14
ORD-15450,2025-11-27,APAC,Electronics,159.07,97.64
ORD-15451,2025-12-27,APAC,Toys,134.6,72.48
ORD-15452,2025-12-06,APAC,Electronics,122.5,80.52
ORD-15453,2025-12-01,LATAM,Home,217.35,80.16
ORD-15454,2025-11-04,EU,Electronics,357.94,167.61
ORD-15455,2025-11-06,NA,Toys,124.38,78.75
ORD-15456,2025-11-18,EU,Toys,196.01,60.31
ORD-15457,2025-11-25,APAC,Home,207.64,71.61
ORD-15458,2025-11-09,NA,Home,488.7,340.25
ORD-15459,2025-11-27,LATAM,Toys,478.24,197.11
ORD-15460,2025-11-13,APAC,Apparel,404.07,278.9
ORD-15461,2025-12-12,EU,Toys,136.0,50.73
ORD-15462,2025-12-27,NA,Apparel,52.66,23.4
ORD-15463,2025-12-22,EU,Toys,172.11,103.46
ORD-15464,2025-12-04,NA,Toys,148.06,83.37
ORD-15465,2025-11-16,APAC,Home,262.84,139.95
ORD-15466,2025-12-11,LATAM,Home,393.31,201.36
ORD-15467,2025-12-22,NA,Home,432.0,275.35
ORD-15468,2025-12-05,APAC,Home,425.53,167.65
ORD-15469,2025-12-21,NA,Toys,192.64,91.89
ORD-15470,2025-11-02,LATAM,Electronics,349.87,126.72
ORD-15471,2025-11-25,EU,Toys,170.16,91.61
ORD-15472,2025-12-21,LATAM,Apparel,49.23,19.7
ORD-15473,2025-12-16,APAC,Apparel,356.75,154.66
ORD-15474,2025-11-23,EU,Toys,24.72,12.08
ORD-15475,2025-12-01,APAC,Home,216.41,67.24
ORD-15476,2025-12-05,EU,Toys,178.1,59.98
ORD-15477,2025-12-21,LATAM,Electronics,352.82,202.65
ORD-15478,2025-12-02,EU,Home,387.8,182.88
ORD-15479,2025-11-23,NA,Toys,165.97,107.2
ORD-15480,2025-12-29,EU,Electronics,409.58,236.68
ORD-15481,2025-12-07,APAC,Toys,161.08,48.85
ORD-15482,2025-12-03,NA,Toys,234.24,128.06
ORD-15483,2025-11-21,EU,Apparel,368.97,124.52
ORD-15484,2025-11-25,LATAM,Toys,352.6,215.92
ORD-15485,2025-11-18,NA,Electronics,493.94,344.08
ORD-15486,2025-11-12,NA,Home,128.08,65.64
ORD-15487,2025-11-02,EU,Home,337.91,193.66
ORD-15488,2025-11-21,NA,Apparel,312.65,123.47
ORD-15489,2025-12-09,EU,Home,459.25,218.16
ORD-15490,2025-11-15,EU,Apparel,95.05,61.06
ORD-15491,2025-11-02,EU,Electronics,380.86,139.76
ORD-15492,2025-12-28,LATAM,Electronics,292.77,118.93
ORD-15493,2025-12-22,APAC,Apparel,151.84,72.61
ORD-15494,2025-12-20,NA,Apparel,247.73,144.9
ORD-15495,2025-11-18,LATAM,Toys,180.21,81.16
ORD-15496,2025-11-04,EU,Toys,298.07,200.03
ORD-15497,2025-12-22,EU,Toys,446.72,150.89
ORD-15498,2025-12-01,EU,Home,293.27,131.48
ORD-15499,2025-12-04,NA,Apparel,323.23,188.63
ORD-15500,2025-11-23,LATAM,Electronics,269.0,105.02
ORD-15501,2025-12-20,EU,Home,44.56,25.07
ORD-15502,2025-12-08,EU,Electronics,131.77,48.19
ORD-15503,2025-11-15,NA,Apparel,256.16,82.58
ORD-15504,2025-11-11,NA,Apparel,168.91,58.85
ORD-15505,2025-11-07,APAC,Electronics,107.25,72.07
ORD-15506,2025-11-16,NA,Toys,261.98,136.41
ORD-15507,2025-12-13,NA,Home,174.95,108.21
ORD-15508,2025-11-16,NA,Electronics,143.89,62.31
ORD-15509,2025-11-18,EU,Toys,242.71,130.35
ORD-15510,2025-12-05,NA,Apparel,83.98,41.82
ORD-15511,2025-12-23,NA,Apparel,465.32,315.62
ORD-15512,2025-12-21,EU,Electronics,436.5,261.48
ORD-15513,2025-12-29,EU,Home,359.66,213.0
ORD-15514,2025-12-18,NA,Toys,70.98,22.61
ORD-15515,2025-11-04,NA,Electronics,392.42,204.01
ORD-15516,2025-12-19,NA,Apparel,407.82,198.53
ORD-15517,2025-12-31,NA,Home,388.53,260.76
ORD-15518,2025-11-15,APAC,Toys,74.7,30.1
ORD-15519,2025-12-07,EU,Toys,329.08,134.24
ORD-15520,2025-12-25,APAC,Home,420.48,195.33
ORD-15521,2025-12-22,NA,Apparel,297.13,118.06
ORD-15522,2025-11-25,NA,Apparel,330.28,116.15
ORD-15523,2025-11-23,NA,Home,240.01,154.32
ORD-15524,2025-12-30,LATAM,Electronics,273.78,143.27
ORD-15525,2025-12-24,NA,Home,36.5,23.53
ORD-15526,2025-12-25,EU,Toys,326.7,206.62
ORD-15527,2025-11-12,NA,Apparel,59.09,24.39
ORD-15528,2025-11-12,NA,Apparel,228.81,118.77
ORD-15529,2025-11-16,EU,Electronics,160.47,53.48
ORD-15530,2025-12-08,NA,Toys,281.81,187.71
ORD-15531,2025-11-21,APAC,Electronics,84.04,38.8
ORD-15532,2025-12-22,EU,Home,351.99,161.03
ORD-15533,2025-12-18,EU,Home,401.61,169.12
ORD-15534,2025-12-15,LATAM,Electronics,98.41,47.66
ORD-15535,2025-11-23,NA,Apparel,70.07,28.08
ORD-15536,2025-12-29,NA,Home,89.85,40.43
ORD-15537,2025-12-08,NA,Apparel,441.02,273.42
ORD-15538,2025-11-02,NA,Electronics,273.53,173.34
ORD-15539,2025-12-16,EU,Apparel,244.29,103.01
ORD-15540,2025-12-15,EU,Electronics,71.22,34.73
ORD-15541,2025-11-23,NA,Electronics,331.79,215.51
ORD-15542,2025-12-31,EU,Apparel,436.64,140.19
ORD-15543,2025-12-07,EU,Apparel,417.53,273.76
ORD-15544,2025-12-07,NA,Electronics,320.51,124.25
ORD-15545,2025-11-10,NA,Electronics,56.13,32.07
ORD-15546,2025-12-07,EU,Home,73.95,39.42
ORD-15547,2025-12-31,NA,Home,43.67,22.76
ORD-15548,2025-11-13,NA,Electronics,143.59,92.44
ORD-15549,2025-12-24,EU,Home,85.12,28.99
ORD-15550,2025-12-22,EU,Electronics,144.82,63.55
ORD-15551,2025-12-27,EU,Apparel,204.83,105.55
ORD-15552,2025-12-02,NA,Toys,472.63,295.16
ORD-15553,2025-12-05,APAC,Home,312.98,120.99
ORD-15554,2025-11-20,EU,Toys,420.79,261.38
ORD-15555,2025-11-12,NA,Apparel,360.97,165.99
ORD-15556,2025-12-02,EU,Toys,74.0,27.79
ORD-15557,2025-11-03,NA,Apparel,373.24,225.29
ORD-15558,2025-11-06,LATAM,Home,152.05,51.14
ORD-15559,2025-11-04,APAC,Home,326.77,165.32
ORD-15560,2025-11-15,EU,Apparel,183.66,59.79
ORD-15561,2025-12-09,EU,Home,498.88,220.79
ORD-15562,2025-11-15,EU,Home,146.5,79.17
ORD-15563,2025-11-02,EU,Electronics,153.98,80.45
ORD-15564,2025-12-04,NA,Electronics,466.72,215.56
ORD-15565,2025-12-01,EU,Apparel,31.83,15.01
ORD-15566,2025-11-01,LATAM,Apparel,354.41,138.47
ORD-15567,2025-11-22,EU,Electronics,368.16,177.58
ORD-15568,2025-12-29,APAC,Home,421.46,287.14
ORD-15569,2025-12-10,EU,Toys,487.73,312.24
ORD-15570,2025-11-13,NA,Electronics,488.29,174.85
ORD-15571,2025-12-22,NA,Home,51.33,16.01
ORD-15572,2025-11-09,EU,Home,414.48,279.11
ORD-15573,2025-11-22,NA,Electronics,330.23,168.65
ORD-15574,2025-12-16,EU,Toys,330.72,170.37
ORD-15575,2025-11-12,EU,Home,81.61,49.97
ORD-15576,2025-12-29,NA,Toys,332.09,141.43
ORD-15577,2025-12-22,APAC,Home,491.59,242.24
ORD-15578,2025-12-25,NA,Apparel,457.67,314.63
ORD-15579,2025-12-26,EU,Home,230.78,131.28
ORD-15580,2025-11-21,NA,Apparel,39.18,14.16
ORD-15581,2025-11-04,APAC,Toys,193.9,68.5
ORD-15582,2025-11-02,APAC,Toys,416.67,159.05
ORD-15583,2025-11-10,EU,Toys,356.72,216.42
ORD-15584,2025-12-08,NA,Home,240.48,100.56
ORD-15585,2025-12-16,NA,Toys,46.45,14.33
ORD-15586,2025-12-29,APAC,Home,224.91,152.41
ORD-15587,2025-11-10,EU,Apparel,245.13,90.18
ORD-15588,2025-12-20,NA,Electronics,465.71,141.49
ORD-15589,2025-11-08,NA,Electronics,327.72,129.4
ORD-15590,2025-12-25,NA,Toys,169.59,66.82
ORD-15591,2025-12-04,EU,Apparel,272.15,127.58
ORD-15592,2025-12-26,NA,Electronics,51.71,34.55
ORD-15593,2025-11-24,NA,Toys,486.83,317.25
ORD-15594,2025-11-05,APAC,Home,192.83,93.09
ORD-15595,2025-11-24,EU,Toys,249.38,115.8
ORD-15596,2025-12-16,APAC,Home,190.54,99.46
ORD-15597,2025-12-31,NA,Electronics,347.61,138.13
ORD-15598,2025-12-13,NA,Electronics,337.87,108.41
ORD-15599,2025-11-26,NA,Electronics,363.35,245.51
ORD-15600,2025-12-08,APAC,Electronics,148.71,55.72
ORD-15601,2025-11-07,EU,Electronics,171.52,65.07
ORD-15602,2025-11-22,NA,Toys,80.12,39.18
ORD-15603,2025-11-20,EU,Toys,334.64,166.2
ORD-15604,2025-11-21,APAC,Apparel,39.1,12.02
ORD-15605,2025-11-09,NA,Apparel,306.89,110.23
ORD-15606,2025-11-11,NA,Toys,437.45,197.4
ORD-15607,2025-12-17,LATAM,Home,447.6,256.7
ORD-15608,2025-12-31,NA,Apparel,235.54,92.18
ORD-15609,2025-11-28,EU,Toys,240.47,112.83
ORD-15610,2025-12-21,EU,Apparel,56.95,29.78
ORD-15611,2025-12-11,NA,Home,341.97,224.14
ORD-15612,2025-12-02,NA,Electronics,414.2,178.28
ORD-15613,2025-12-12,EU,Apparel,137.43,48.57
ORD-15614,2025-11-21,NA,Home,222.22,110.16
ORD-15615,2025-11-12,NA,Apparel,422.64,253.03
ORD-15616,2025-12-16,NA,Apparel,441.02,151.69
ORD-15617,2025-12-06,EU,Home,136.73,64.25
ORD-15618,2025-12-15,APAC,Apparel,284.27,87.3
ORD-15619,2025-12-27,EU,Apparel,112.4,35.23
ORD-15620,2025-12-30,NA,Home,68.9,33.98
ORD-15621,2025-12-10,NA,Home,457.34,191.75
ORD-15622,2025-12-21,EU,Toys,413.84,264.05
ORD-15623,2025-11-23,LATAM,Toys,384.82,208.13
ORD-15624,2025-11-15,APAC,Electronics,43.41,20.91
ORD-15625,2025-12-13,APAC,Toys,424.99,196.84
ORD-15626,2025-12-08,EU,Apparel,230.26,114.88
ORD-15627,2025-12-23,APAC,Apparel,184.35,58.29
ORD-15628,2025-11-12,EU,Home,282.31,185.51
ORD-15629,2025-11-25,APAC,Electronics,63.85,44.65
ORD-15630,2025-11-20,EU,Toys,383.19,142.77
ORD-15631,2025-12-17,EU,Electronics,299.57,104.3
ORD-15632,2025-12-15,EU,Apparel,109.56,39.16
ORD-15633,2025-11-19,NA,Apparel,110.35,62.28
ORD-15634,2025-11-09,APAC,Home,108.44,61.22
ORD-15635,2025-11-12,EU,Apparel,47.36,30.27
ORD-15636,2025-12-17,NA,Electronics,302.14,181.5
ORD-15637,2025-11-01,APAC,Home,423.37,203.17
ORD-15638,2025-12-31,EU,Toys,28.4,15.48
ORD-15639,2025-12-15,EU,Home,43.52,25.04
ORD-15640,2025-12-31,NA,Home,294.93,148.97
ORD-15641,2025-12-07,EU,Toys,413.36,202.65
ORD-15642,2025-11-26,LATAM,Apparel,176.83,98.68
ORD-15643,2025-12-25,EU,Electronics,187.81,98.22
ORD-15644,2025-12-20,EU,Home,306.25,170.76
ORD-15645,2025-12-07,NA,Home,151.62,82.65
ORD-15646,2025-11-03,EU,Electronics,32.77,19.26
ORD-15647,2025-11-12,NA,Home,372.91,207.76
ORD-15648,2025-12-09,EU,Electronics,320.31,162.68
ORD-15649,2025-11-21,EU,Electronics,298.76,171.11
ORD-15650,2025-12-29,NA,Home,376.01,180.41
ORD-15651,2025-12-22,EU,Home,344.11,136.5
ORD-15652,2025-12-10,EU,Home,118.82,35.71
ORD-15653,2025-11-15,NA,Electronics,189.19,99.13
ORD-15654,2025-12-11,NA,Apparel,80.53,43.19
ORD-15655,2025-12-07,EU,Electronics,82.33,56.71
ORD-15656,2025-11-07,APAC,Electronics,344.57,153.19
ORD-15657,2025-12-30,EU,Apparel,432.13,197.77
ORD-15658,2025-12-02,NA,Electronics,482.11,183.55
ORD-15659,2025-11-10,LATAM,Apparel,321.61,105.56
ORD-15660,2025-11-22,LATAM,Toys,108.37,66.01
ORD-15661,2025-12-18,EU,Toys,70.71,28.27
ORD-15662,2025-11-05,APAC,Home,410.17,222.95
ORD-15663,2025-11-16,NA,Toys,297.8,171.27
ORD-15664,2025-11-23,LATAM,Home,316.78,154.75
ORD-15665,2025-11-21,NA,Home,395.1,257.03
ORD-15666,2025-11-11,APAC,Home,357.57,170.75
ORD-15667,2025-12-11,EU,Apparel,420.54,174.09
ORD-15668,2025-12-27,NA,Apparel,46.98,30.93
ORD-15669,2025-11-06,APAC,Toys,378.81,244.19
ORD-15670,2025-12-23,NA,Apparel,428.41,156.63
ORD-15671,2025-12-16,NA,Apparel,157.34,48.84
ORD-15672,2025-12-13,EU,Apparel,327.41,110.01
ORD-15673,2025-12-11,NA,Apparel,170.8,70.82
ORD-15674,2025-12-17,APAC,Apparel,479.83,330.56
ORD-15675,2025-12-27,NA,Toys,36.04,18.86
ORD-15676,2025-11-22,APAC,Toys,298.3,134.03
ORD-15677,2025-11-29,APAC,Home,99.92,65.5
ORD-15678,2025-11-01,NA,Apparel,361.87,174.15
ORD-15679,2025-11-17,APAC,Apparel,104.43,44.5
ORD-15680,2025-11-14,NA,Electronics,132.98,89.96
ORD-15681,2025-11-16,NA,Toys,257.3,164.62
ORD-15682,2025-12-15,LATAM,Home,459.12,292.67
ORD-15683,2025-11-05,EU,Apparel,121.62,61.41
ORD-15684,2025-11-23,NA,Toys,89.24,54.95
ORD-15685,2025-11-17,EU,Home,384.31,142.86
ORD-15686,2025-12-21,EU,Toys,260.3,137.77
ORD-15687,2025-11-07,EU,Electronics,457.66,317.4
ORD-15688,2025-12-17,LATAM,Home,90.37,37.63
ORD-15689,2025-11-01,APAC,Toys,330.05,203.89
ORD-15690,2025-11-04,EU,Apparel,131.78,65.39
ORD-15691,2025-11-25,NA,Apparel,95.25,30.09
ORD-15692,2025-11-29,NA,Electronics,348.05,210.64
ORD-15693,2025-12-17,LATAM,Toys,304.97,112.05
ORD-15694,2025-11-27,NA,Toys,382.32,211.27
ORD-15695,2025-11-11,EU,Apparel,168.54,56.34
ORD-15696,2025-12-27,EU,Home,235.03,159.53
ORD-15697,2025-11-27,NA,Home,214.63,89.43
ORD-15698,2025-12-02,APAC,Home,492.36,192.31
ORD-15699,2025-12-27,NA,Home,160.28,56.36
ORD-15700,2025-11-25,NA,Electronics,161.51,109.57
ORD-15701,2025-11-23,NA,Electronics,190.18,111.21
ORD-15702,2025-12-05,LATAM,Apparel,291.01,173.64
ORD-15703,2025-11-25,EU,Apparel,141.11,70.52
ORD-15704,2025-11-07,APAC,Home,459.34,225.03
ORD-15705,2025-12-24,LATAM,Apparel,147.53,50.75
ORD-15706,2025-12-01,APAC,Toys,449.99,235.77
ORD-15707,2025-12-21,APAC,Toys,69.67,27.78
ORD-15708,2025-12-26,NA,Home,335.15,231.54
ORD-15709,2025-12-07,APAC,Home,455.35,281.69
ORD-15710,2025-12-12,NA,Toys,101.0,46.98
ORD-15711,2025-12-19,APAC,Home,484.8,174.79
ORD-15712,2025-12-14,APAC,Toys,237.38,145.78
ORD-15713,2025-11-15,EU,Apparel,473.94,165.32
ORD-15714,2025-11-11,NA,Electronics,344.87,129.58
ORD-15715,2025-11-29,EU,Electronics,164.76,63.37
ORD-15716,2025-11-05,NA,Electronics,110.39,57.71
ORD-15717,2025-12-22,APAC,Toys,165.79,101.93
ORD-15718,2025-12-25,NA,Home,64.65,27.52
ORD-15719,2025-11-03,APAC,Electronics,89.06,29.73
ORD-15720,2025-11-19,EU,Home,70.24,34.12
ORD-15721,2025-11-02,APAC,Electronics,223.01,133.64
ORD-15722,2025-11-21,LATAM,Apparel,401.88,156.2
ORD-15723,2025-11-17,NA,Electronics,87.86,34.09
ORD-15724,2025-12-31,EU,Apparel,82.55,56.04
ORD-15725,2025-11-07,NA,Toys,328.85,224.16
ORD-15726,2025-11-05,LATAM,Home,114.65,79.82
ORD-15727,2025-11-22,EU,Electronics,66.85,41.65
ORD-15728,2025-11-11,NA,Home,100.09,37.56
ORD-15729,2025-12-27,NA,Toys,463.39,178.31
ORD-15730,2025-11-25,EU,Apparel,414.31,180.68
ORD-15731,2025-11-11,NA,Apparel,189.95,81.16
ORD-15732,2025-12-17,NA,Home,334.79,228.53
ORD-15733,2025-11-05,NA,Toys,277.89,171.08
ORD-15734,2025-12-06,APAC,Electronics,345.02,203.43
ORD-15735,2025-12-31,APAC,Electronics,347.68,130.17
ORD-15736,2025-12-28,NA,Electronics,321.79,213.61
ORD-15737,2025-11-06,EU,Apparel,147.73,93.24
ORD-15738,2025-11-22,EU,Apparel,38.72,14.15
ORD-15739,2025-12-09,EU,Apparel,238.67,154.77
ORD-15740,2025-12-10,NA,Toys,447.67,183.05
ORD-15741,2025-12-28,APAC,Electronics,293.36,97.5
ORD-15742,2025-12-01,APAC,Home,419.55,236.09
ORD-15743,2025-12-16,NA,Home,495.98,278.5
ORD-15744,2025-11-02,EU,Toys,98.54,33.3
ORD-15745,2025-11-28,EU,Electronics,352.05,150.52
ORD-15746,2025-12-31,NA,Home,343.66,239.57
ORD-15747,2025-12-12,NA,Apparel,490.38,280.19
ORD-15748,2025-11-11,APAC,Electronics,493.09,291.92
ORD-15749,2025-12-09,LATAM,Electronics,349.61,134.66
ORD-15750,2025-12-27,EU,Home,136.94,45.4
ORD-15751,2025-11-28,EU,Apparel,403.31,165.66
ORD-15752,2025-11-11,APAC,Toys,71.37,28.52
ORD-15753,2025-11-04,EU,Toys,394.74,155.46
ORD-15754,2025-11-07,EU,Home,456.89,172.29
ORD-15755,2025-11-22,NA,Home,203.76,107.97
ORD-15756,2025-11-14,EU,Electronics,322.7,139.16
ORD-15757,2025-11-13,EU,Home,226.47,142.25
ORD-15758,2025-11-27,NA,Home,230.13,85.97
ORD-15759,2025-12-15,NA,Toys,168.98,82.1
ORD-15760,2025-12-06,EU,Toys,385.82,117.85
ORD-15761,2025-12-17,NA,Home,469.36,231.24
ORD-15762,2025-12-30,NA,Apparel,471.56,152.0
ORD-15763,2025-12-17,NA,Toys,103.9,71.8
ORD-15764,2025-12-05,APAC,Toys,439.88,271.07
ORD-15765,2025-11-17,NA,Home,373.97,185.51
ORD-15766,2025-12-13,NA,Toys,141.36,47.3
ORD-15767,2025-11-19,NA,Apparel,52.3,28.08
ORD-15768,2025-11-20,EU,Apparel,148.64,89.71
ORD-15769,2025-11-16,NA,Apparel,457.86,172.29
ORD-15770,2025-11-07,NA,Apparel,323.93,170.8
ORD-15771,2025-11-04,LATAM,Apparel,366.11,229.07
ORD-15772,2025-11-26,LATAM,Apparel,143.43,87.1
ORD-15773,2025-12-07,NA,Electronics,365.31,226.93
ORD-15774,2025-12-06,APAC,Electronics,33.5,21.83
ORD-15775,2025-12-24,NA,Home,200.15,135.12
ORD-15776,2025-12-02,APAC,Apparel,320.84,148.29
ORD-15777,2025-11-10,LATAM,Toys,90.13,47.54
ORD-15778,2025-11-04,NA,Apparel,415.04,255.77
ORD-15779,2025-11-24,EU,Electronics,132.82,76.88
ORD-15780,2025-11-01,APAC,Toys,333.09,232.57
ORD-15781,2025-11-28,LATAM,Electronics,214.49,65.52
ORD-15782,2025-11-06,EU,Home,306.1,135.31
ORD-15783,2025-11-19,NA,Electronics,71.58,29.52
ORD-15784,2025-12-23,NA,Toys,28.12,11.39
ORD-15785,2025-12-13,EU,Electronics,456.59,177.62
ORD-15786,2025-12-11,NA,Apparel,149.42,87.21
ORD-15787,2025-12-09,EU,Electronics,413.44,138.05
ORD-15788,2025-12-01,LATAM,Apparel,499.69,298.14
ORD-15789,2025-11-13,NA,Home,121.49,70.14
ORD-15790,2025-11-07,NA,Electronics,147.28,58.96
ORD-15791,2025-11-02,NA,Electronics,338.17,135.65
ORD-15792,2025-11-14,NA,Apparel,483.42,266.63
ORD-15793,2025-11-11,NA,Home,459.59,277.99
ORD-15794,2025-12-11,APAC,Home,261.38,170.05
ORD-15795,2025-11-19,NA,Home,401.65,257.4
ORD-15796,2025-11-06,EU,Toys,85.16,58.42
ORD-15797,2025-12-01,APAC,Apparel,489.17,260.51
ORD-15798,2025-12-25,LATAM,Toys,482.89,320.38
ORD-15799,2025-11-08,EU,Toys,98.59,61.46
ORD-15800,2025-11-20,APAC,Electronics,163.72,107.71
ORD-15801,2025-12-21,NA,Toys,68.07,20.74
ORD-15802,2025-11-26,NA,Toys,150.42,103.24
ORD-15803,2025-12-01,LATAM,Home,411.66,201.47
ORD-15804,2025-12-02,LATAM,Home,201.59,124.84
ORD-15805,2025-12-28,APAC,Toys,62.43,21.91
ORD-15806,2025-12-13,APAC,Home,184.27,84.47
ORD-15807,2025-11-17,NA,Apparel,491.06,200.64
ORD-15808,2025-11-06,LATAM,Toys,322.25,134.27
ORD-15809,2025-12-12,LATAM,Toys,219.76,76.76
ORD-15810,2025-12-05,EU,Electronics,99.94,62.19
ORD-15811,2025-11-25,EU,Toys,493.36,149.83
ORD-15812,2025-11-12,NA,Electronics,414.01,175.96
ORD-15813,2025-11-24,EU,Home,155.11,57.35
ORD-15814,2025-12-27,LATAM,Apparel,53.63,28.73
ORD-15815,2025-11-25,NA,Toys,47.18,18.95
ORD-15816,2025-11-24,NA,Electronics,77.78,31.39
ORD-15817,2025-11-12,NA,Apparel,298.77,147.99
ORD-15818,2025-11-29,EU,Toys,465.81,261.35
ORD-15819,2025-11-03,EU,Apparel,258.44,90.07
ORD-15820,2025-11-17,EU,Toys,424.61,157.19
ORD-15821,2025-11-29,NA,Electronics,234.03,93.35
ORD-15822,2025-11-30,APAC,Electronics,360.12,248.3
ORD-15823,2025-11-17,LATAM,Toys,371.3,170.38
ORD-15824,2025-11-15,NA,Toys,103.5,55.85
ORD-15825,2025-12-24,NA,Toys,193.38,76.7
ORD-15826,2025-11-18,APAC,Electronics,325.91,161.71
ORD-15827,2025-12-07,APAC,Toys,53.93,17.78
ORD-15828,2025-11-04,EU,Home,193.54,60.75
ORD-15829,2025-11-10,APAC,Apparel,276.7,134.89
ORD-15830,2025-12-19,EU,Apparel,498.19,228.9
ORD-15831,2025-12-15,APAC,Electronics,247.78,87.9
ORD-15832,2025-12-13,EU,Toys,411.71,236.75
ORD-15833,2025-11-07,NA,Home,227.39,158.53
ORD-15834,2025-11-06,APAC,Toys,402.27,184.34
ORD-15835,2025-12-13,EU,Toys,305.8,168.14
ORD-15836,2025-11-23,EU,Electronics,445.57,305.3
ORD-15837,2025-12-22,EU,Electronics,217.25,137.44
ORD-15838,2025-12-05,NA,Toys,310.07,150.51
ORD-15839,2025-11-27,EU,Home,322.41,191.83
ORD-15840,2025-12-19,APAC,Electronics,220.34,77.4
ORD-15841,2025-12-08,LATAM,Electronics,89.27,45.07
ORD-15842,2025-11-15,NA,Electronics,64.91,26.72
ORD-15843,2025-12-06,NA,Apparel,28.0,10.21
ORD-15844,2025-11-04,EU,Toys,439.3,206.7
ORD-15845,2025-12-24,NA,Electronics,133.51,47.05
ORD-15846,2025-11-25,NA,Toys,121.52,70.43
ORD-15847,2025-12-23,EU,Electronics,373.3,180.12
ORD-15848,2025-12-04,NA,Electronics,173.61,88.97
ORD-15849,2025-11-27,APAC,Apparel,262.9,94.26
ORD-15850,2025-12-05,APAC,Apparel,98.01,34.88
ORD-15851,2025-12-14,APAC,Electronics,480.68,256.38
ORD-15852,2025-12-26,EU,Home,428.76,297.56
ORD-15853,2025-12-30,LATAM,Home,434.62,147.12
ORD-15854,2025-12-01,NA,Apparel,215.25,89.18
ORD-15855,2025-12-07,APAC,Apparel,385.93,250.0
ORD-15856,2025-12-27,APAC,Toys,89.06,29.29
ORD-15857,2025-11-16,NA,Electronics,24.14,15.7
ORD-15858,2025-12-01,NA,Toys,29.59,15.08
ORD-15859,2025-11-20,NA,Electronics,301.57,139.72
ORD-15860,2025-11-06,NA,Apparel,238.59,101.13
ORD-15861,2025-11-26,NA,Home,268.65,112.52
ORD-15862,2025-12-28,EU,Toys,23.58,9.96
ORD-15863,2025-12-25,NA,Apparel,222.89,145.75
ORD-15864,2025-12-16,NA,Toys,364.67,214.98
ORD-15865,2025-11-03,EU,Electronics,232.49,132.03
ORD-15866,2025-12-03,EU,Apparel,371.47,230.13
ORD-15867,2025-12-07,NA,Apparel,131.85,53.12
ORD-15868,2025-12-28,NA,Electronics,410.31,224.53
ORD-15869,2025-12-04,NA,Toys,302.45,146.39
ORD-15870,2025-12-22,EU,Electronics,121.17,74.27
ORD-15871,2025-12-07,EU,Electronics,133.63,56.62
ORD-15872,2025-12-14,APAC,Home,321.45,179.13
ORD-15873,2025-12-10,NA,Toys,418.37,273.15
ORD-15874,2025-11-10,LATAM,Toys,219.5,101.16
ORD-15875,2025-11-08,NA,Electronics,143.98,47.03
ORD-15876,2025-12-31,APAC,Electronics,436.17,220.89
ORD-15877,2025-12-19,LATAM,Apparel,341.25,149.6
ORD-15878,2025-11-29,APAC,Toys,235.08,133.73
ORD-15879,2025-11-12,NA,Toys,254.19,172.95
ORD-15880,2025-12-31,EU,Electronics,118.04,58.34
ORD-15881,2025-11-11,EU,Home,320.87,156.1
ORD-15882,2025-11-14,NA,Apparel,192.2,107.98
ORD-15883,2025-12-22,EU,Toys,497.91,169.99
ORD-15884,2025-11-13,EU,Toys,250.49,100.55
ORD-15885,2025-11-09,NA,Toys,253.23,169.05
ORD-15886,2025-11-03,LATAM,Toys,291.61,165.63
ORD-15887,2025-11-28,APAC,Toys,460.04,140.49
ORD-15888,2025-11-06,EU,Electronics,404.39,154.42
ORD-15889,2025-12-14,NA,Apparel,236.54,135.57
ORD-15890,2025-11-28,NA,Electronics,364.98,221.09
ORD-15891,2025-11-13,NA,Electronics,301.39,191.67
ORD-15892,2025-12-23,LATAM,Toys,256.34,106.86
ORD-15893,2025-12-11,NA,Apparel,112.31,75.52
ORD-15894,2025-11-10,APAC,Toys,242.69,126.48
ORD-15895,2025-12-24,NA,Electronics,137.99,79.84
ORD-15896,2025-12-09,NA,Toys,459.12,247.33
ORD-15897,2025-11-17,APAC,Home,181.0,63.19
ORD-15898,2025-11-21,NA,Toys,477.09,326.92
ORD-15899,2025-12-29,LATAM,Apparel,275.87,96.32
ORD-15900,2025-12-17,EU,Toys,323.14,129.89
ORD-15901,2025-12-29,EU,Apparel,280.61,175.51
ORD-15902,2025-12-22,EU,Toys,82.1,44.94
ORD-15903,2025-11-05,NA,Electronics,200.39,127.3
ORD-15904,2025-11-06,EU,Toys,67.59,34.22
ORD-15905,2025-11-25,NA,Home,319.02,143.81
ORD-15906,2025-12-06,NA,Home,234.5,156.82
ORD-15907,2025-11-26,NA,Apparel,393.43,123.73
ORD-15908,2025-12-06,APAC,Apparel,125.83,80.84
ORD-15909,2025-11-21,NA,Electronics,98.99,38.84
ORD-15910,2025-12-25,NA,Toys,215.04,137.52
ORD-15911,2025-11-18,EU,Home,464.76,165.31
ORD-15912,2025-12-04,EU,Toys,361.0,192.08
ORD-15913,2025-11-30,APAC,Toys,221.08,144.86
ORD-15914,2025-12-29,NA,Electronics,268.29,131.31
ORD-15915,2025-12-26,NA,Apparel,60.42,36.17
ORD-15916,2025-11-01,NA,Home,492.6,306.33
ORD-15917,2025-12-21,NA,Home,339.88,202.09
ORD-15918,2025-12-15,EU,Toys,156.99,105.2
ORD-15919,2025-12-10,NA,Electronics,301.19,144.19
ORD-15920,2025-12-08,NA,Home,72.55,26.79
ORD-15921,2025-12-04,EU,Home,483.6,154.33
ORD-15922,2025-12-21,NA,Apparel,103.9,41.41
ORD-15923,2025-11-27,NA,Toys,331.05,118.28
ORD-15924,2025-11-08,EU,Electronics,137.82,72.1
ORD-15925,2025-11-27,APAC,Electronics,364.43,136.29
ORD-15926,2025-11-10,LATAM,Home,392.87,123.98
ORD-15927,2025-11-10,LATAM,Toys,343.24,107.91
ORD-15928,2025-12-07,APAC,Home,314.96,199.25
ORD-15929,2025-12-08,EU,Home,448.39,240.6
ORD-15930,2025-12-08,APAC,Apparel,57.74,25.59
ORD-15931,2025-12-19,NA,Toys,178.84,117.62
ORD-15932,2025-12-31,APAC,Apparel,139.18,45.66
ORD-15933,2025-11-07,EU,Apparel,494.25,342.08
ORD-15934,2025-12-30,EU,Home,206.91,113.08
ORD-15935,2025-11-07,APAC,Home,371.65,138.77
ORD-15936,2025-12-07,APAC,Toys,348.67,199.31
ORD-15937,2025-12-20,NA,Apparel,121.8,73.73
ORD-15938,2025-11-07,NA,Home,134.72,63.55
ORD-15939,2025-12-21,NA,Apparel,155.02,99.93
ORD-15940,2025-11-19,APAC,Toys,217.34,78.31
ORD-15941,2025-12-26,EU,Electronics,132.48,54.52
ORD-15942,2025-12-05,APAC,Electronics,29.43,9.93
ORD-15943,2025-12-27,LATAM,Electronics,442.11,169.93
ORD-15944,2025-11-23,EU,Electronics,483.49,191.22
ORD-15945,2025-12-27,EU,Electronics,183.95,122.7
ORD-15946,2025-11-27,EU,Home,182.48,60.45
ORD-15947,2025-11-17,EU,Toys,23.4,11.02
ORD-15948,2025-11-25,NA,Electronics,346.52,177.75
ORD-15949,2025-12-12,NA,Home,416.21,274.48
ORD-15950,2025-12-02,APAC,Toys,90.37,63.18
ORD-15951,2025-12-07,LATAM,Home,96.64,58.11
ORD-15952,2025-12-09,NA,Toys,399.24,274.8
ORD-15953,2025-12-01,NA,Home,315.82,194.18
ORD-15954,2025-11-03,APAC,Electronics,41.53,28.46
ORD-15955,2025-11-12,LATAM,Toys,318.82,185.84
ORD-15956,2025-11-18,NA,Toys,168.28,55.85
ORD-15957,2025-11-26,NA,Electronics,196.99,90.77
ORD-15958,2025-11-10,EU,Toys,389.47,217.57
ORD-15959,2025-12-10,NA,Toys,409.25,180.19
ORD-15960,2025-12-09,NA,Apparel,212.17,86.85
ORD-15961,2025-12-14,EU,Home,474.63,252.01
ORD-15962,2025-12-15,NA,Toys,215.1,144.85
ORD-15963,2025-11-26,EU,Toys,390.48,122.61
ORD-15964,2025-11-03,APAC,Home,252.26,153.3
ORD-15965,2025-11-26,APAC,Apparel,450.82,265.57
ORD-15966,2025-12-27,EU,Home,455.73,312.44
ORD-15967,2025-12-27,NA,Home,61.96,41.65
ORD-15968,2025-11-22,EU,Apparel,469.52,284.01
ORD-15969,2025-12-15,NA,Apparel,416.26,211.53
ORD-15970,2025-11-16,NA,Home,399.83,152.62
ORD-15971,2025-11-04,NA,Home,116.44,60.33
ORD-15972,2025-12-18,EU,Toys,406.46,246.37
ORD-15973,2025-12-01,EU,Electronics,428.06,281.78
ORD-15974,2025-12-29,EU,Electronics,158.79,97.8
ORD-15975,2025-11-18,LATAM,Electronics,477.08,180.39
ORD-15976,2025-12-28,EU,Toys,43.93,23.72
ORD-15977,2025-11-24,APAC,Toys,91.96,39.81
ORD-15978,2025-11-02,NA,Home,278.04,84.44
ORD-15979,2025-11-22,NA,Electronics,296.38,112.65
ORD-15980,2025-12-23,LATAM,Home,329.67,113.83
ORD-15981,2025-12-21,NA,Electronics,28.15,17.93
ORD-15982,2025-11-20,EU,Electronics,480.98,194.03
ORD-15983,2025-11-20,NA,Toys,41.4,17.13
ORD-15984,2025-11-18,NA,Electronics,88.67,60.65
ORD-15985,2025-12-24,NA,Electronics,26.73,12.07
ORD-15986,2025-12-02,APAC,Electronics,292.09,88.75
ORD-15987,2025-12-25,NA,Home,467.49,193.33
ORD-15988,2025-12-15,APAC,Home,339.65,118.1
ORD-15989,2025-12-14,NA,Apparel,414.88,141.53
ORD-15990,2025-11-07,EU,Toys,26.37,8.73
ORD-15991,2025-12-26,NA,Apparel,280.17,150.54
ORD-15992,2025-11-15,EU,Toys,240.59,90.4
ORD-15993,2025-11-09,NA,Toys,259.5,115.35
ORD-15994,2025-11-20,NA,Home,54.66,35.25
ORD-15995,2025-12-18,NA,Electronics,348.53,163.72
ORD-15996,2025-11-29,EU,Home,261.55,174.26
ORD-15997,2025-12-20,APAC,Electronics,387.27,193.32
ORD-15998,2025-12-23,EU,Toys,252.94,116.23
ORD-15999,2025-11-21,NA,Apparel,91.7,55.03
ORD-16000,2025-11-18,APAC,Apparel,331.16,109.04
ORD-16001,2025-12-17,NA,Toys,102.75,34.5
ORD-16002,2025-11-27,APAC,Electronics,438.75,246.05
ORD-16003,2025-12-09,NA,Home,314.3,155.51
ORD-16004,2025-12-12,NA,Home,95.46,58.82
ORD-16005,2025-11-06,EU,Home,481.92,321.2
ORD-16006,2025-11-13,APAC,Home,268.82,122.41
ORD-16007,2025-11-29,NA,Apparel,54.99,29.62
ORD-16008,2025-11-14,APAC,Apparel,320.88,160.53
ORD-16009,2025-12-29,EU,Electronics,141.54,98.04
ORD-16010,2025-12-23,NA,Electronics,405.77,256.62
ORD-16011,2025-11-27,NA,Toys,412.55,274.22
ORD-16012,2025-12-18,EU,Home,489.89,196.81
ORD-16013,2025-12-02,EU,Apparel,260.9,158.89
ORD-16014,2025-12-19,NA,Home,238.38,96.83
ORD-16015,2025-12-04,NA,Apparel,381.67,146.37
ORD-16016,2025-12-26,NA,Home,83.59,56.65
ORD-16017,2025-11-24,APAC,Toys,282.52,86.94
ORD-16018,2025-12-23,EU,Electronics,282.2,193.63
ORD-16019,2025-11-04,EU,Home,62.95,22.64
ORD-16020,2025-12-03,APAC,Apparel,220.63,138.51
ORD-16021,2025-12-21,NA,Home,429.58,176.29
ORD-16022,2025-11-11,NA,Toys,430.95,189.74
ORD-16023,2025-11-05,APAC,Apparel,67.63,26.15
ORD-16024,2025-11-20,NA,Home,63.55,33.95
ORD-16025,2025-12-16,EU,Electronics,146.09,64.17
ORD-16026,2025-12-03,EU,Toys,439.89,247.64
ORD-16027,2025-11-26,EU,Home,81.87,25.07
ORD-16028,2025-11-09,LATAM,Apparel,365.6,119.09
ORD-16029,2025-12-20,EU,Electronics,68.56,23.3
ORD-16030,2025-12-25,NA,Electronics,319.11,149.22
ORD-16031,2025-12-04,NA,Toys,190.91,119.49
ORD-16032,2025-12-27,LATAM,Apparel,398.68,261.24
ORD-16033,2025-12-07,LATAM,Toys,132.17,52.59
ORD-16034,2025-11-02,NA,Electronics,326.82,173.13
ORD-16035,2025-11-12,EU,Apparel,133.13,80.86
ORD-16036,2025-11-13,APAC,Electronics,362.56,150.66
ORD-16037,2025-12-27,EU,Apparel,439.37,203.69
ORD-16038,2025-12-24,APAC,Toys,80.86,41.21
ORD-16039,2025-11-13,EU,Apparel,435.97,154.31
ORD-16040,2025-12-24,EU,Electronics,304.92,94.65
ORD-16041,2025-11-04,NA,Toys,81.01,29.25
ORD-16042,2025-11-16,NA,Electronics,225.22,124.04
ORD-16043,2025-11-03,APAC,Home,97.21,32.03
ORD-16044,2025-11-30,NA,Home,356.17,133.88
ORD-16045,2025-11-04,APAC,Toys,384.26,167.21
ORD-16046,2025-12-29,NA,Electronics,70.78,23.44
ORD-16047,2025-11-24,LATAM,Apparel,262.95,99.05
ORD-16048,2025-12-16,NA,Electronics,411.02,273.13
ORD-16049,2025-11-13,NA,Toys,469.36,144.43
ORD-16050,2025-11-18,LATAM,Toys,266.49,149.6
ORD-16051,2025-11-24,NA,Toys,476.13,216.05
ORD-16052,2025-12-23,EU,Electronics,277.13,157.7
ORD-16053,2025-11-30,EU,Electronics,209.21,112.03
ORD-16054,2025-12-03,EU,Apparel,427.14,166.33
ORD-16055,2025-11-26,EU,Toys,256.63,163.96
ORD-16056,2025-12-11,APAC,Home,246.51,122.46
ORD-16057,2025-12-30,APAC,Apparel,255.35,160.62
ORD-16058,2025-11-08,EU,Apparel,426.46,197.2
ORD-16059,2025-12-14,NA,Apparel,419.33,290.96
ORD-16060,2025-11-02,EU,Home,213.69,129.97
ORD-16061,2025-11-16,EU,Electronics,179.98,123.53
ORD-16062,2025-11-24,EU,Apparel,256.13,129.53
ORD-16063,2025-12-02,NA,Toys,294.93,144.36
ORD-16064,2025-12-09,APAC,Home,134.4,80.93
ORD-16065,2025-11-29,NA,Home,401.1,261.56
ORD-16066,2025-11-12,NA,Toys,253.51,173.82
ORD-16067,2025-12-26,NA,Electronics,180.34,77.51
ORD-16068,2025-12-01,APAC,Apparel,71.27,44.15
ORD-16069,2025-12-08,NA,Apparel,134.65,51.74
ORD-16070,2025-12-06,EU,Apparel,475.65,246.5
ORD-16071,2025-11-23,APAC,Home,166.45,61.91
ORD-16072,2025-11-23,NA,Home,101.05,44.36
ORD-16073,2025-11-11,NA,Home,241.12,162.16
ORD-16074,2025-12-24,APAC,Electronics,167.4,60.0
ORD-16075,2025-12-28,APAC,Electronics,36.88,20.39
ORD-16076,2025-11-17,NA,Electronics,175.11,94.07
ORD-16077,2025-12-18,NA,Home,281.17,97.93
ORD-16078,2025-12-24,EU,Toys,284.82,122.58
ORD-16079,2025-12-15,LATAM,Electronics,191.15,100.39
ORD-16080,2025-11-06,EU,Apparel,234.71,87.99
ORD-16081,2025-11-19,EU,Home,483.45,299.86
ORD-16082,2025-11-02,EU,Toys,201.13,138.55
ORD-16083,2025-11-25,EU,Home,143.95,55.55
ORD-16084,2025-11-04,EU,Electronics,136.86,51.29
ORD-16085,2025-11-11,APAC,Toys,239.73,115.54
ORD-16086,2025-12-25,NA,Electronics,384.57,230.4
ORD-16087,2025-12-07,EU,Toys,118.87,49.05
ORD-16088,2025-12-20,APAC,Electronics,360.46,111.0
ORD-16089,2025-11-14,EU,Toys,30.15,15.57
ORD-16090,2025-12-25,EU,Toys,221.09,150.92
ORD-16091,2025-11-15,NA,Apparel,392.42,179.14
ORD-16092,2025-12-12,NA,Apparel,182.59,85.46
ORD-16093,2025-11-15,NA,Home,290.59,199.8
ORD-16094,2025-12-14,NA,Toys,118.39,68.41
ORD-16095,2025-11-14,NA,Home,376.16,221.06
ORD-16096,2025-11-18,EU,Home,45.09,23.68
ORD-16097,2025-12-12,LATAM,Toys,429.22,296.09
ORD-16098,2025-11-27,EU,Home,115.13,66.26
ORD-16099,2025-12-03,EU,Home,439.71,289.33
ORD-16100,2025-11-02,APAC,Toys,189.21,109.69
ORD-16101,2025-12-26,APAC,Apparel,366.89,217.95
ORD-16102,2025-12-20,APAC,Electronics,173.23,72.09
ORD-16103,2025-12-20,NA,Toys,454.84,191.67
ORD-16104,2025-12-14,NA,Electronics,80.79,49.54
ORD-16105,2025-11-01,NA,Apparel,105.69,44.25
ORD-16106,2025-12-01,EU,Home,256.65,134.77
ORD-16107,2025-12-29,LATAM,Electronics,59.33,23.72
ORD-16108,2025-11-09,APAC,Apparel,114.07,71.5
ORD-16109,2025-12-12,NA,Apparel,473.01,162.81
ORD-16110,2025-11-12,NA,Electronics,488.72,308.76
ORD-16111,2025-12-09,EU,Toys,200.6,108.54
ORD-16112,2025-12-22,EU,Electronics,463.18,173.58
ORD-16113,2025-11-01,LATAM,Toys,281.52,145.49
ORD-16114,2025-11-15,NA,Electronics,149.48,61.74
ORD-16115,2025-11-17,APAC,Toys,357.15,153.36
ORD-16116,2025-12-09,LATAM,Toys,336.27,148.16
ORD-16117,2025-12-22,LATAM,Apparel,494.78,160.97
ORD-16118,2025-12-31,NA,Home,147.22,102.23
ORD-16119,2025-11-20,EU,Apparel,342.59,107.1
ORD-16120,2025-12-16,EU,Toys,44.97,25.41
ORD-16121,2025-12-16,APAC,Home,74.55,33.44
ORD-16122,2025-12-12,NA,Toys,21.88,12.22
ORD-16123,2025-11-18,APAC,Toys,499.74,221.13
ORD-16124,2025-11-28,APAC,Home,405.09,230.7
ORD-16125,2025-12-28,EU,Apparel,397.63,235.28
ORD-16126,2025-11-25,EU,Toys,264.67,152.51
ORD-16127,2025-12-25,LATAM,Home,164.03,56.69
ORD-16128,2025-11-23,NA,Toys,92.61,52.12
ORD-16129,2025-11-30,APAC,Electronics,156.64,64.53
ORD-16130,2025-11-17,NA,Apparel,200.47,62.45
ORD-16131,2025-11-14,EU,Electronics,383.03,178.47
ORD-16132,2025-11-30,EU,Apparel,279.04,132.1
ORD-16133,2025-11-20,EU,Electronics,57.19,27.84
ORD-16134,2025-12-14,APAC,Home,28.65,16.67
ORD-16135,2025-12-04,NA,Home,69.12,29.27
ORD-16136,2025-12-23,EU,Apparel,217.04,92.48
ORD-16137,2025-12-10,NA,Electronics,467.93,151.71
ORD-16138,2025-11-26,NA,Electronics,325.95,187.33
ORD-16139,2025-12-08,APAC,Electronics,404.88,213.42
ORD-16140,2025-11-07,LATAM,Apparel,243.86,107.24
ORD-16141,2025-11-01,LATAM,Electronics,193.6,112.69
ORD-16142,2025-12-03,NA,Apparel,72.03,37.09
ORD-16143,2025-12-13,APAC,Home,440.45,214.81
ORD-16144,2025-12-24,EU,Home,395.92,199.75
ORD-16145,2025-12-24,NA,Toys,100.7,55.84
ORD-16146,2025-11-24,EU,Electronics,265.89,149.96
ORD-16147,2025-12-06,NA,Home,253.94,105.53
ORD-16148,2025-12-12,EU,Toys,320.04,114.03
ORD-16149,2025-12-09,EU,Toys,474.17,171.96
ORD-16150,2025-12-09,EU,Home,298.29,165.78
ORD-16151,2025-11-19,LATAM,Toys,279.3,181.31
ORD-16152,2025-11-20,NA,Toys,44.16,20.48
ORD-16153,2025-12-14,NA,Electronics,50.2,18.46
ORD-16154,2025-11-07,NA,Toys,109.93,66.25
ORD-16155,2025-12-01,EU,Apparel,35.59,22.53
ORD-16156,2025-11-05,APAC,Toys,376.81,245.77
ORD-16157,2025-11-22,EU,Apparel,367.2,199.29
ORD-16158,2025-11-18,APAC,Home,85.31,54.96
ORD-16159,2025-12-11,EU,Toys,421.32,128.99
ORD-16160,2025-11-21,NA,Apparel,94.3,32.33
ORD-16161,2025-12-26,NA,Home,164.56,55.46
ORD-16162,2025-11-18,NA,Electronics,139.51,81.62
ORD-16163,2025-11-17,NA,Electronics,198.71,65.14
ORD-16164,2025-12-12,APAC,Home,142.24,70.91
ORD-16165,2025-12-16,APAC,Electronics,254.7,124.57
ORD-16166,2025-12-31,LATAM,Home,215.56,91.46
ORD-16167,2025-12-28,NA,Electronics,493.55,319.9
ORD-16168,2025-12-12,EU,Toys,46.84,17.25
ORD-16169,2025-11-20,EU,Apparel,88.25,38.92
ORD-16170,2025-11-13,EU,Electronics,45.36,27.65
ORD-16171,2025-11-10,NA,Home,320.4,100.02
ORD-16172,2025-12-04,NA,Electronics,46.16,26.27
ORD-16173,2025-12-19,NA,Electronics,421.49,264.09
ORD-16174,2025-11-16,NA,Electronics,265.73,178.81
ORD-16175,2025-12-28,EU,Toys,272.96,177.57
ORD-16176,2025-11-04,APAC,Home,289.57,123.86
ORD-16177,2025-12-22,NA,Home,101.99,54.52
ORD-16178,2025-12-25,LATAM,Electronics,114.89,38.02
ORD-16179,2025-12-22,LATAM,Apparel,173.03,69.76
ORD-16180,2025-12-22,APAC,Toys,304.88,102.95
ORD-16181,2025-12-09,LATAM,Electronics,120.86,51.5
ORD-16182,2025-11-26,EU,Home,75.84,49.3
ORD-16183,2025-12-13,NA,Apparel,485.66,213.14
ORD-16184,2025-11-21,NA,Electronics,30.55,16.03
ORD-16185,2025-12-14,APAC,Electronics,405.29,191.84
ORD-16186,2025-11-09,APAC,Home,398.26,192.59
ORD-16187,2025-12-17,NA,Electronics,162.66,111.88
ORD-16188,2025-11-02,LATAM,Home,85.1,35.61
ORD-16189,2025-12-12,LATAM,Toys,89.9,49.53
ORD-16190,2025-12-02,EU,Home,354.77,166.04
ORD-16191,2025-11-19,APAC,Electronics,328.55,106.6
ORD-16192,2025-11-17,NA,Apparel,395.72,196.17
ORD-16193,2025-12-29,APAC,Toys,469.99,293.9
ORD-16194,2025-11-27,NA,Electronics,352.13,119.55
ORD-16195,2025-11-26,NA,Toys,94.81,31.08
ORD-16196,2025-11-25,LATAM,Toys,136.85,49.46
ORD-16197,2025-12-18,EU,Electronics,424.25,256.99
ORD-16198,2025-11-03,APAC,Apparel,120.47,71.03
ORD-16199,2025-12-08,EU,Home,54.81,28.83
ORD-16200,2025-12-16,APAC,Apparel,357.57,174.24
ORD-16201,2025-12-07,NA,Toys,213.21,139.72
ORD-16202,2025-12-23,NA,Toys,461.62,280.06
ORD-16203,2025-11-13,APAC,Toys,332.12,207.5
ORD-16204,2025-11-22,APAC,Toys,63.4,39.64
ORD-16205,2025-12-17,EU,Electronics,474.97,264.6
ORD-16206,2025-12-16,EU,Home,144.11,69.63
ORD-16207,2025-11-15,NA,Toys,181.86,117.46
ORD-16208,2025-12-14,APAC,Toys,213.08,142.85
ORD-16209,2025-12-05,LATAM,Home,44.59,13.8
ORD-16210,2025-12-11,APAC,Toys,258.33,82.83
ORD-16211,2025-12-21,NA,Home,79.19,54.13
ORD-16212,2025-12-01,NA,Toys,212.47,87.3
ORD-16213,2025-12-29,NA,Electronics,188.34,122.3
ORD-16214,2025-12-31,APAC,Toys,390.96,178.09
ORD-16215,2025-12-13,APAC,Apparel,405.52,140.97
ORD-16216,2025-11-23,NA,Home,93.64,31.11
ORD-16217,2025-12-03,EU,Home,195.94,71.05
ORD-16218,2025-11-20,NA,Home,199.21,79.68
ORD-16219,2025-12-25,EU,Toys,92.68,45.91
ORD-16220,2025-11-11,EU,Toys,403.26,234.13
ORD-16221,2025-12-24,APAC,Toys,359.47,249.67
ORD-16222,2025-12-13,APAC,Toys,111.38,53.08
ORD-16223,2025-12-27,NA,Toys,196.03,99.44
ORD-16224,2025-12-06,LATAM,Electronics,70.79,36.01
ORD-16225,2025-11-12,EU,Apparel,321.54,165.84
ORD-16226,2025-11-19,LATAM,Electronics,78.26,39.69
ORD-16227,2025-11-07,APAC,Home,493.25,149.71
ORD-16228,2025-12-01,NA,Toys,394.73,118.69
ORD-16229,2025-11-09,APAC,Electronics,207.31,70.29
ORD-16230,2025-12-18,EU,Toys,297.71,101.41
ORD-16231,2025-11-17,APAC,Electronics,457.44,266.21
ORD-16232,2025-12-17,NA,Home,285.97,109.23
ORD-16233,2025-12-22,EU,Toys,103.76,68.26
ORD-16234,2025-12-06,NA,Electronics,201.78,135.48
ORD-16235,2025-12-19,NA,Electronics,424.71,293.2
ORD-16236,2025-12-29,NA,Home,329.22,222.43
ORD-16237,2025-11-12,LATAM,Electronics,332.35,135.85
ORD-16238,2025-12-31,EU,Home,436.07,219.74
ORD-16239,2025-12-14,NA,Home,449.11,166.25
ORD-16240,2025-12-28,NA,Toys,461.5,287.28
ORD-16241,2025-11-22,APAC,Apparel,65.53,42.95
ORD-16242,2025-12-12,APAC,Electronics,281.18,180.1
ORD-16243,2025-11-06,NA,Home,375.44,177.71
ORD-16244,2025-11-15,NA,Home,383.32,231.32
ORD-16245,2025-11-23,APAC,Electronics,311.22,105.51
ORD-16246,2025-11-15,LATAM,Apparel,100.06,31.63
ORD-16247,2025-12-18,APAC,Home,402.76,242.18
ORD-16248,2025-12-26,APAC,Toys,365.65,171.91
ORD-16249,2025-11-20,NA,Toys,61.35,42.84
ORD-16250,2025-11-27,NA,Electronics,242.63,82.23
ORD-16251,2025-12-21,EU,Toys,103.51,66.48
ORD-16252,2025-12-27,NA,Apparel,181.99,89.54
ORD-16253,2025-11-22,NA,Apparel,28.68,18.09
ORD-16254,2025-11-24,EU,Home,212.16,132.99
ORD-16255,2025-11-17,NA,Apparel,283.94,189.22
ORD-16256,2025-12-08,NA,Home,317.4,133.04
ORD-16257,2025-11-19,EU,Apparel,338.48,230.14
ORD-16258,2025-11-30,EU,Home,421.42,151.99
ORD-16259,2025-12-25,EU,Electronics,123.42,41.07
ORD-16260,2025-11-08,EU,Toys,77.83,36.79
ORD-16261,2025-12-01,NA,Home,428.74,270.68
ORD-16262,2025-11-04,NA,Electronics,95.17,46.57
ORD-16263,2025-12-26,NA,Home,487.88,308.2
ORD-16264,2025-12-11,NA,Apparel,424.42,251.2
ORD-16265,2025-12-08,EU,Toys,260.42,99.94
ORD-16266,2025-12-08,APAC,Home,491.08,333.71
ORD-16267,2025-12-31,NA,Apparel,66.74,21.64
ORD-16268,2025-12-10,NA,Apparel,165.47,109.1
ORD-16269,2025-11-05,EU,Apparel,326.35,137.65
ORD-16270,2025-12-01,NA,Apparel,188.0,94.01
ORD-16271,2025-12-27,NA,Home,465.62,218.35
ORD-16272,2025-11-13,APAC,Electronics,51.5,18.99
ORD-16273,2025-12-03,APAC,Toys,283.72,125.76
ORD-16274,2025-11-08,NA,Apparel,303.62,114.52
ORD-16275,2025-12-26,LATAM,Toys,333.31,127.18
ORD-16276,2025-12-14,NA,Home,142.72,53.49
ORD-16277,2025-11-25,EU,Home,194.99,96.64
ORD-16278,2025-12-04,NA,Apparel,424.97,263.13
ORD-16279,2025-11-20,EU,Home,113.57,59.92
ORD-16280,2025-11-27,NA,Electronics,416.9,274.02
ORD-16281,2025-11-04,NA,Home,290.07,160.88
ORD-16282,2025-12-26,EU,Toys,385.85,222.15
ORD-16283,2025-12-25,APAC,Toys,362.53,205.57
ORD-16284,2025-11-10,APAC,Electronics,119.61,57.39
ORD-16285,2025-11-09,EU,Apparel,293.03,168.71
ORD-16286,2025-11-13,APAC,Apparel,436.51,143.12
ORD-16287,2025-11-22,EU,Toys,227.42,146.44
ORD-16288,2025-11-27,EU,Apparel,483.96,295.76
ORD-16289,2025-12-07,NA,Apparel,237.06,94.37
ORD-16290,2025-12-28,NA,Electronics,88.54,53.76
ORD-16291,2025-12-29,EU,Toys,206.93,63.13
ORD-16292,2025-11-30,APAC,Home,476.82,184.48
ORD-16293,2025-11-10,APAC,Electronics,173.47,56.56
ORD-16294,2025-11-21,NA,Apparel,436.69,267.29
ORD-16295,2025-12-26,APAC,Electronics,443.0,266.84
ORD-16296,2025-12-16,NA,Home,188.09,117.64
ORD-16297,2025-11-12,NA,Home,59.96,18.1
ORD-16298,2025-12-20,NA,Toys,367.79,184.08
ORD-16299,2025-11-06,EU,Electronics,169.53,98.66
ORD-16300,2025-12-02,NA,Apparel,395.8,143.34
ORD-16301,2025-11-22,LATAM,Home,232.47,130.16
ORD-16302,2025-12-11,NA,Home,252.93,84.39
ORD-16303,2025-11-12,APAC,Home,393.4,146.55
ORD-16304,2025-11-21,NA,Electronics,203.53,99.79
ORD-16305,2025-12-11,APAC,Apparel,232.7,130.64
ORD-16306,2025-11-04,NA,Apparel,200.57,71.87
ORD-16307,2025-11-01,EU,Electronics,196.32,73.44
ORD-16308,2025-11-29,EU,Toys,272.45,104.02
ORD-16309,2025-11-18,NA,Electronics,408.22,161.44
ORD-16310,2025-11-14,NA,Apparel,193.65,75.64
ORD-16311,2025-12-19,EU,Apparel,271.64,124.43
ORD-16312,2025-12-20,LATAM,Toys,341.95,192.01
ORD-16313,2025-11-11,EU,Apparel,149.33,70.96
ORD-16314,2025-12-07,NA,Home,153.21,93.52
ORD-16315,2025-12-19,EU,Toys,468.04,275.07
ORD-16316,2025-11-11,NA,Electronics,367.3,128.78
ORD-16317,2025-12-02,APAC,Apparel,297.05,94.92
ORD-16318,2025-12-21,APAC,Home,330.91,215.48
ORD-16319,2025-12-19,NA,Apparel,34.06,11.31
ORD-16320,2025-12-20,APAC,Home,316.69,113.8
ORD-16321,2025-11-06,LATAM,Home,264.56,81.71
ORD-16322,2025-11-09,APAC,Home,281.96,155.45
ORD-16323,2025-12-10,EU,Apparel,192.52,102.6
ORD-16324,2025-11-28,EU,Home,59.11,41.07
ORD-16325,2025-12-11,EU,Apparel,112.8,73.86
ORD-16326,2025-11-28,NA,Apparel,476.36,221.19
ORD-16327,2025-11-26,NA,Home,216.18,96.99
ORD-16328,2025-11-28,NA,Home,244.01,102.18
ORD-16329,2025-12-01,EU,Apparel,45.3,16.35
ORD-16330,2025-11-25,APAC,Electronics,38.03,13.51
ORD-16331,2025-11-01,NA,Home,364.25,128.55
ORD-16332,2025-11-03,APAC,Toys,278.29,96.19
ORD-16333,2025-12-05,LATAM,Toys,264.18,104.67
ORD-16334,2025-11-13,NA,Toys,136.7,57.78
ORD-16335,2025-12-17,NA,Electronics,377.48,258.43
ORD-16336,2025-11-24,APAC,Apparel,100.75,53.54
ORD-16337,2025-12-31,LATAM,Apparel,111.17,77.27
ORD-16338,2025-11-01,NA,Apparel,241.14,108.27
ORD-16339,2025-12-28,NA,Toys,157.41,76.04
ORD-16340,2025-11-21,LATAM,Apparel,138.78,59.65
ORD-16341,2025-12-19,NA,Apparel,329.71,123.03
ORD-16342,2025-12-24,NA,Home,332.47,118.78
ORD-16343,2025-12-04,EU,Toys,415.77,281.91
ORD-16344,2025-11-13,NA,Electronics,220.5,153.19
ORD-16345,2025-11-02,NA,Apparel,55.08,17.51
ORD-16346,2025-12-14,NA,Toys,151.36,54.51
ORD-16347,2025-11-01,APAC,Home,490.4,230.2
ORD-16348,2025-12-11,NA,Apparel,306.2,114.68
ORD-16349,2025-12-17,NA,Apparel,360.67,160.7
ORD-16350,2025-11-16,NA,Toys,23.53,8.27
ORD-16351,2025-11-15,APAC,Electronics,268.74,129.7
ORD-16352,2025-12-15,EU,Home,38.01,15.53
ORD-16353,2025-12-27,NA,Toys,293.23,129.24
ORD-16354,2025-11-23,APAC,Toys,461.97,156.02
ORD-16355,2025-11-20,NA,Apparel,484.84,228.48
ORD-16356,2025-11-09,NA,Electronics,279.47,193.76
ORD-16357,2025-11-07,NA,Toys,239.94,103.54
ORD-16358,2025-11-25,APAC,Toys,473.61,308.12
ORD-16359,2025-12-03,APAC,Electronics,343.33,218.8
ORD-16360,2025-12-08,EU,Electronics,51.15,34.82
ORD-16361,2025-11-20,NA,Apparel,243.55,150.04
ORD-16362,2025-11-11,APAC,Apparel,135.32,76.3
ORD-16363,2025-11-05,EU,Apparel,245.51,157.77
ORD-16364,2025-12-23,NA,Home,238.62,78.81
ORD-16365,2025-11-03,APAC,Electronics,299.43,145.26
ORD-16366,2025-11-20,APAC,Toys,191.25,133.05
ORD-16367,2025-12-31,NA,Electronics,98.85,60.08
ORD-16368,2025-11-19,EU,Home,261.79,179.28
ORD-16369,2025-11-30,NA,Apparel,418.5,256.06
ORD-16370,2025-12-17,NA,Home,338.73,220.16
ORD-16371,2025-12-04,EU,Toys,182.42,106.28
ORD-16372,2025-12-09,NA,Electronics,469.05,283.4
ORD-16373,2025-12-04,NA,Toys,457.86,233.17
ORD-16374,2025-11-22,NA,Home,120.49,80.69
ORD-16375,2025-11-28,NA,Electronics,38.92,24.52
ORD-16376,2025-12-27,EU,Home,375.83,239.61
ORD-16377,2025-12-14,EU,Electronics,417.25,237.5
ORD-16378,2025-11-09,NA,Apparel,484.57,204.41
ORD-16379,2025-11-22,NA,Home,447.12,140.51
ORD-16380,2025-12-28,LATAM,Home,308.26,207.85
ORD-16381,2025-12-02,EU,Electronics,274.43,146.67
ORD-16382,2025-11-23,EU,Home,33.36,13.99
ORD-16383,2025-12-19,LATAM,Apparel,138.4,49.78
ORD-16384,2025-11-13,EU,Toys,240.62,152.03
ORD-16385,2025-11-11,NA,Home,321.68,204.14
ORD-16386,2025-12-31,NA,Electronics,287.48,179.91
ORD-16387,2025-12-29,EU,Apparel,376.47,210.08
ORD-16388,2025-12-29,NA,Toys,154.29,68.88
ORD-16389,2025-12-22,NA,Electronics,291.18,122.77
ORD-16390,2025-11-26,EU,Electronics,62.31,18.91
ORD-16391,2025-11-02,NA,Toys,218.56,138.45
ORD-16392,2025-11-15,NA,Toys,380.08,127.32
ORD-16393,2025-11-15,LATAM,Toys,352.83,194.87
ORD-16394,2025-12-17,NA,Electronics,495.51,248.56
ORD-16395,2025-11-09,NA,Electronics,153.39,78.33
ORD-16396,2025-11-14,NA,Home,259.13,173.79
ORD-16397,2025-12-17,EU,Home,178.17,55.7
ORD-16398,2025-11-02,EU,Toys,231.49,141.06
ORD-16399,2025-12-08,NA,Apparel,431.34,138.38
ORD-16400,2025-12-03,APAC,Home,348.42,109.84
ORD-16401,2025-11-11,LATAM,Toys,443.57,209.33
ORD-16402,2025-11-08,NA,Home,117.69,38.28
ORD-16403,2025-11-24,NA,Home,439.21,270.4
ORD-16404,2025-12-16,APAC,Electronics,48.69,24.92
ORD-16405,2025-12-12,EU,Toys,446.53,139.15
ORD-16406,2025-12-21,NA,Apparel,177.96,56.27
ORD-16407,2025-11-03,NA,Apparel,171.0,93.21
ORD-16408,2025-11-25,EU,Home,265.8,165.45
ORD-16409,2025-12-27,EU,Toys,471.53,224.03
ORD-16410,2025-12-11,APAC,Electronics,42.94,22.41
ORD-16411,2025-11-17,EU,Apparel,189.07,117.21
ORD-16412,2025-12-20,NA,Home,431.15,234.63
ORD-16413,2025-12-05,APAC,Toys,210.11,81.92
ORD-16414,2025-12-10,NA,Toys,115.6,63.03
ORD-16415,2025-11-04,NA,Apparel,223.9,123.44
ORD-16416,2025-12-09,NA,Home,205.07,121.74
ORD-16417,2025-11-04,NA,Home,459.4,251.91
ORD-16418,2025-12-13,NA,Apparel,385.73,265.27
ORD-16419,2025-11-07,EU,Home,262.46,99.45
ORD-16420,2025-12-12,EU,Electronics,494.42,336.42
ORD-16421,2025-12-24,NA,Electronics,243.33,125.4
ORD-16422,2025-11-02,EU,Apparel,47.95,27.27
ORD-16423,2025-11-04,APAC,Apparel,145.89,49.57
ORD-16424,2025-12-15,APAC,Home,229.31,103.7
ORD-16425,2025-11-08,EU,Electronics,95.31,57.92
ORD-16426,2025-11-27,NA,Electronics,474.83,276.71
ORD-16427,2025-11-29,EU,Toys,388.09,122.66
ORD-16428,2025-11-25,NA,Apparel,148.78,77.16
ORD-16429,2025-11-08,APAC,Toys,303.59,101.8
ORD-16430,2025-12-06,EU,Electronics,366.3,255.8
ORD-16431,2025-11-17,APAC,Electronics,471.81,310.88
ORD-16432,2025-12-01,LATAM,Toys,443.18,136.69
ORD-16433,2025-12-15,NA,Apparel,267.29,171.99
ORD-16434,2025-11-10,NA,Toys,391.83,261.65
ORD-16435,2025-11-14,EU,Electronics,289.83,127.94
ORD-16436,2025-12-15,NA,Home,285.3,167.7
ORD-16437,2025-12-14,APAC,Electronics,75.08,35.8
ORD-16438,2025-12-11,NA,Apparel,80.55,45.28
ORD-16439,2025-11-01,APAC,Home,274.18,119.58
ORD-16440,2025-11-20,NA,Toys,149.05,63.95
ORD-16441,2025-11-27,EU,Home,30.1,14.14
ORD-16442,2025-12-13,LATAM,Toys,366.96,131.46
ORD-16443,2025-11-07,NA,Toys,35.59,22.51
ORD-16444,2025-12-13,EU,Apparel,305.73,134.36
ORD-16445,2025-12-04,NA,Apparel,278.81,128.27
ORD-16446,2025-11-18,APAC,Electronics,485.03,318.97
ORD-16447,2025-12-10,EU,Electronics,252.42,125.87
ORD-16448,2025-12-09,APAC,Toys,50.53,26.16
ORD-16449,2025-12-15,EU,Electronics,284.81,194.41
ORD-16450,2025-11-09,NA,Toys,423.73,277.41
ORD-16451,2025-11-27,NA,Home,498.49,183.34
ORD-16452,2025-12-24,EU,Apparel,226.56,110.85
ORD-16453,2025-12-28,NA,Apparel,173.74,119.62
ORD-16454,2025-11-07,LATAM,Apparel,455.19,204.36
ORD-16455,2025-12-03,EU,Apparel,111.8,50.16
ORD-16456,2025-12-17,EU,Electronics,315.41,119.23
ORD-16457,2025-12-10,EU,Toys,214.74,74.24
ORD-16458,2025-11-08,NA,Electronics,39.72,23.68
ORD-16459,2025-11-19,EU,Home,186.7,113.52
ORD-16460,2025-11-08,NA,Apparel,147.31,101.29
ORD-16461,2025-12-21,EU,Electronics,349.32,212.86
ORD-16462,2025-11-07,NA,Home,475.42,188.9
ORD-16463,2025-12-02,EU,Home,148.66,46.98
ORD-16464,2025-11-13,APAC,Apparel,409.5,284.26
ORD-16465,2025-12-09,EU,Electronics,46.57,20.31
ORD-16466,2025-11-13,NA,Apparel,278.3,118.22
ORD-16467,2025-12-20,EU,Apparel,53.86,35.68
ORD-16468,2025-11-17,LATAM,Apparel,468.34,250.11
ORD-16469,2025-12-24,LATAM,Home,387.85,149.69
ORD-16470,2025-12-04,APAC,Home,335.82,220.18
ORD-16471,2025-11-13,APAC,Apparel,415.47,289.73
ORD-16472,2025-11-23,NA,Home,330.81,110.71
ORD-16473,2025-12-16,EU,Home,485.09,312.83
ORD-16474,2025-11-27,APAC,Apparel,362.7,165.47
ORD-16475,2025-11-19,NA,Electronics,463.84,236.39
ORD-16476,2025-11-11,EU,Toys,268.22,178.61
ORD-16477,2025-11-03,NA,Electronics,76.19,52.52
ORD-16478,2025-12-06,NA,Electronics,273.53,110.74
ORD-16479,2025-12-02,LATAM,Electronics,80.9,31.16
ORD-16480,2025-12-29,NA,Toys,304.4,101.12
ORD-16481,2025-11-14,NA,Toys,251.6,132.02
ORD-16482,2025-12-15,EU,Apparel,318.84,97.39
ORD-16483,2025-12-30,EU,Home,24.82,11.54
ORD-16484,2025-12-01,NA,Electronics,113.52,37.39
ORD-16485,2025-11-22,NA,Electronics,255.84,118.22
ORD-16486,2025-11-16,EU,Toys,476.24,150.48
ORD-16487,2025-11-01,NA,Toys,204.13,129.44
ORD-16488,2025-11-01,NA,Electronics,223.7,85.88
ORD-16489,2025-12-13,EU,Home,363.05,156.59
ORD-16490,2025-11-06,NA,Apparel,309.82,200.77
ORD-16491,2025-12-29,EU,Home,163.48,97.84
ORD-16492,2025-11-08,LATAM,Toys,217.19,84.19
ORD-16493,2025-12-24,NA,Toys,124.5,40.93
ORD-16494,2025-12-07,APAC,Electronics,483.69,283.57
ORD-16495,2025-12-13,APAC,Home,82.7,37.73
ORD-16496,2025-12-02,EU,Apparel,198.48,120.36
ORD-16497,2025-11-10,NA,Toys,32.4,15.49
ORD-16498,2025-12-31,EU,Home,126.45,55.44
ORD-16499,2025-11-06,EU,Home,394.63,189.61
ORD-16500,2025-12-20,NA,Apparel,116.56,69.87
ORD-16501,2025-12-03,EU,Electronics,58.43,38.62
ORD-16502,2025-11-05,EU,Toys,247.74,79.25
ORD-16503,2025-12-17,NA,Home,24.79,12.63
ORD-16504,2025-12-17,NA,Home,60.69,19.0
ORD-16505,2025-11-07,APAC,Electronics,407.66,198.68
ORD-16506,2025-12-28,NA,Apparel,390.31,255.31
ORD-16507,2025-11-17,NA,Apparel,459.27,204.21
ORD-16508,2025-12-12,NA,Home,430.17,289.5
ORD-16509,2025-11-15,APAC,Home,347.92,192.14
ORD-16510,2025-11-30,EU,Electronics,45.12,30.4
ORD-16511,2025-11-19,APAC,Home,395.77,238.6
ORD-16512,2025-11-17,NA,Apparel,425.85,145.37
ORD-16513,2025-11-30,APAC,Home,403.56,158.38
ORD-16514,2025-11-04,EU,Apparel,264.07,120.86
ORD-16515,2025-11-07,NA,Home,131.79,48.5
ORD-16516,2025-12-23,APAC,Apparel,425.76,212.01
ORD-16517,2025-11-12,APAC,Apparel,369.04,180.29
ORD-16518,2025-12-26,EU,Toys,490.77,334.95
ORD-16519,2025-11-03,EU,Apparel,94.73,44.85
ORD-16520,2025-12-25,NA,Apparel,128.32,78.82
ORD-16521,2025-11-19,APAC,Electronics,121.66,82.34
ORD-16522,2025-11-24,LATAM,Electronics,400.42,260.59
ORD-16523,2025-12-22,NA,Apparel,109.72,42.07
ORD-16524,2025-12-14,APAC,Electronics,52.0,25.92
ORD-16525,2025-11-21,NA,Toys,499.31,219.24
ORD-16526,2025-11-28,NA,Electronics,31.91,14.68
ORD-16527,2025-12-18,APAC,Apparel,420.92,187.02
ORD-16528,2025-11-08,NA,Electronics,195.38,123.2
ORD-16529,2025-11-07,APAC,Apparel,423.98,203.87
ORD-16530,2025-12-25,NA,Apparel,286.22,145.82
ORD-16531,2025-12-19,EU,Apparel,452.78,313.77
ORD-16532,2025-12-27,EU,Toys,464.57,150.52
ORD-16533,2025-11-03,EU,Home,24.37,12.07
ORD-16534,2025-11-01,NA,Apparel,56.2,34.26
ORD-16535,2025-12-25,EU,Electronics,140.17,50.53
ORD-16536,2025-11-09,NA,Apparel,341.27,185.86
ORD-16537,2025-12-13,EU,Home,446.37,176.67
ORD-16538,2025-12-12,NA,Home,240.77,155.77
ORD-16539,2025-11-11,NA,Home,311.35,134.14
ORD-16540,2025-11-22,EU,Electronics,110.48,47.69
ORD-16541,2025-11-23,NA,Toys,406.38,219.15
ORD-16542,2025-12-28,EU,Apparel,484.32,180.86
ORD-16543,2025-11-29,EU,Apparel,148.93,61.65
ORD-16544,2025-12-10,APAC,Apparel,257.52,120.17
ORD-16545,2025-11-18,APAC,Toys,61.34,27.08
ORD-16546,2025-12-27,LATAM,Home,288.39,147.06
ORD-16547,2025-12-17,LATAM,Electronics,261.34,141.09
ORD-16548,2025-11-06,APAC,Apparel,89.33,47.05
ORD-16549,2025-11-24,APAC,Toys,232.19,130.41
ORD-16550,2025-12-23,APAC,Electronics,180.37,76.31
ORD-16551,2025-11-22,EU,Apparel,270.48,94.82
ORD-16552,2025-11-12,EU,Apparel,301.11,181.97
ORD-16553,2025-11-08,APAC,Home,24.08,15.42
ORD-16554,2025-11-26,EU,Electronics,385.28,155.19
ORD-16555,2025-11-26,EU,Electronics,362.25,167.66
ORD-16556,2025-11-30,EU,Electronics,195.82,97.8
ORD-16557,2025-11-18,NA,Electronics,45.41,23.31
ORD-16558,2025-12-24,NA,Toys,382.37,215.58
ORD-16559,2025-11-25,NA,Home,478.48,151.51
ORD-16560,2025-12-15,EU,Electronics,135.27,79.62
ORD-16561,2025-12-25,EU,Home,175.29,56.93
ORD-16562,2025-12-01,APAC,Toys,108.23,52.74
ORD-16563,2025-12-22,NA,Toys,296.93,187.38
ORD-16564,2025-11-27,EU,Apparel,94.32,45.32
ORD-16565,2025-12-12,LATAM,Electronics,190.97,68.68
ORD-16566,2025-12-27,LATAM,Apparel,354.57,246.08
ORD-16567,2025-12-22,NA,Home,288.86,189.41
ORD-16568,2025-11-11,NA,Electronics,205.5,125.05
ORD-16569,2025-11-08,APAC,Toys,221.72,103.01
ORD-16570,2025-11-09,NA,Electronics,289.81,108.26
ORD-16571,2025-12-15,EU,Toys,22.82,15.44
ORD-16572,2025-12-17,EU,Apparel,57.68,29.59
ORD-16573,2025-11-04,NA,Apparel,443.0,283.94
ORD-16574,2025-12-31,NA,Electronics,57.38,25.07
ORD-16575,2025-12-25,NA,Toys,359.27,155.96
ORD-16576,2025-11-11,NA,Apparel,461.62,320.46
ORD-16577,2025-11-07,NA,Apparel,149.93,76.27
ORD-16578,2025-11-27,LATAM,Electronics,197.84,70.49
ORD-16579,2025-12-29,EU,Electronics,293.08,113.68
ORD-16580,2025-12-08,NA,Apparel,443.22,218.41
ORD-16581,2025-12-01,NA,Apparel,472.11,149.65
ORD-16582,2025-12-22,EU,Apparel,374.99,181.88
ORD-16583,2025-12-07,NA,Home,61.58,28.79
ORD-16584,2025-12-14,EU,Toys,341.19,208.72
ORD-16585,2025-11-29,NA,Home,216.95,95.89
ORD-16586,2025-11-12,EU,Apparel,245.94,170.44
ORD-16587,2025-12-10,LATAM,Toys,43.59,16.23
ORD-16588,2025-11-25,APAC,Home,111.71,59.92
ORD-16589,2025-12-20,APAC,Electronics,399.45,134.17
ORD-16590,2025-11-23,LATAM,Home,237.9,141.2
ORD-16591,2025-12-10,LATAM,Electronics,164.8,115.01
ORD-16592,2025-11-02,EU,Apparel,204.33,128.25
ORD-16593,2025-12-26,EU,Apparel,430.11,224.64
ORD-16594,2025-12-14,EU,Apparel,379.52,187.44
ORD-16595,2025-12-27,APAC,Toys,150.71,95.55
ORD-16596,2025-12-24,APAC,Apparel,76.4,51.52
ORD-16597,2025-12-17,APAC,Home,140.96,98.06
ORD-16598,2025-12-28,NA,Apparel,461.96,211.86
ORD-16599,2025-11-09,NA,Apparel,299.16,208.33
ORD-16600,2025-12-01,APAC,Electronics,276.07,100.04
ORD-16601,2025-12-29,NA,Toys,306.27,122.94
ORD-16602,2025-12-02,APAC,Home,195.69,65.67
ORD-16603,2025-11-08,APAC,Electronics,407.41,166.51
ORD-16604,2025-12-27,NA,Apparel,271.18,164.65
ORD-16605,2025-11-27,EU,Electronics,76.04,48.75
ORD-16606,2025-11-29,APAC,Apparel,81.95,50.12
ORD-16607,2025-11-03,NA,Home,277.69,153.4
ORD-16608,2025-11-05,EU,Home,469.55,237.4
ORD-16609,2025-11-17,NA,Toys,168.01,98.03
ORD-16610,2025-12-12,NA,Home,437.38,199.59
ORD-16611,2025-11-21,EU,Apparel,386.77,246.19
ORD-16612,2025-11-01,LATAM,Toys,138.95,79.32
ORD-16613,2025-12-16,NA,Apparel,37.44,21.68
ORD-16614,2025-12-26,EU,Home,68.89,35.44
ORD-16615,2025-12-14,NA,Home,369.68,241.8
ORD-16616,2025-12-04,APAC,Toys,115.84,46.43
ORD-16617,2025-12-20,APAC,Home,198.21,89.68
ORD-16618,2025-12-18,NA,Electronics,260.82,159.38
ORD-16619,2025-12-07,APAC,Home,368.22,183.04
ORD-16620,2025-12-17,LATAM,Home,74.35,48.75
ORD-16621,2025-12-07,EU,Apparel,215.06,94.32
ORD-16622,2025-11-15,LATAM,Home,252.83,113.2
ORD-16623,2025-12-13,EU,Home,279.6,183.28
ORD-16624,2025-12-26,LATAM,Electronics,412.81,200.52
ORD-16625,2025-11-22,EU,Toys,102.41,51.87
ORD-16626,2025-12-04,APAC,Home,407.76,176.6
ORD-16627,2025-12-04,EU,Electronics,352.58,144.79
ORD-16628,2025-12-15,NA,Home,286.82,161.3
ORD-16629,2025-12-15,APAC,Home,355.77,123.79
ORD-16630,2025-12-10,EU,Apparel,217.77,141.92
ORD-16631,2025-11-07,APAC,Home,86.43,52.87
ORD-16632,2025-11-28,NA,Toys,339.57,127.78
ORD-16633,2025-12-13,EU,Electronics,271.84,157.02
ORD-16634,2025-12-17,NA,Apparel,326.9,176.87
ORD-16635,2025-11-16,NA,Apparel,182.24,68.12
ORD-16636,2025-12-01,EU,Toys,455.3,186.35
ORD-16637,2025-11-23,NA,Toys,301.94,139.98
ORD-16638,2025-12-13,APAC,Apparel,60.99,35.36
ORD-16639,2025-12-14,APAC,Toys,235.91,131.05
ORD-16640,2025-12-12,NA,Toys,383.05,196.46
ORD-16641,2025-11-25,NA,Home,401.18,243.66
ORD-16642,2025-11-10,NA,Home,257.41,155.26
ORD-16643,2025-12-24,NA,Home,449.48,245.93
ORD-16644,2025-12-23,EU,Apparel,148.48,91.28
ORD-16645,2025-12-06,EU,Home,217.09,94.15
ORD-16646,2025-12-28,EU,Toys,451.33,294.49
ORD-16647,2025-12-10,EU,Toys,450.2,245.79
ORD-16648,2025-11-04,NA,Toys,349.14,219.59
ORD-16649,2025-11-01,NA,Apparel,432.31,224.16
ORD-16650,2025-12-12,APAC,Home,62.61,24.25
ORD-16651,2025-12-30,NA,Apparel,435.2,224.98
ORD-16652,2025-11-11,EU,Home,173.9,77.98
ORD-16653,2025-12-03,LATAM,Toys,105.6,61.14
ORD-16654,2025-12-25,APAC,Home,134.9,66.14
ORD-16655,2025-12-01,APAC,Toys,220.62,139.97
ORD-16656,2025-12-25,NA,Electronics,140.57,80.3
ORD-16657,2025-12-02,NA,Electronics,173.87,99.77
ORD-16658,2025-12-26,NA,Apparel,84.79,32.8
ORD-16659,2025-11-11,APAC,Home,162.16,112.49
ORD-16660,2025-11-05,NA,Home,294.7,187.63
ORD-16661,2025-12-19,APAC,Home,232.09,142.88
ORD-16662,2025-12-02,EU,Toys,186.43,80.55
ORD-16663,2025-11-21,LATAM,Toys,378.3,194.54
ORD-16664,2025-11-16,NA,Toys,448.88,159.28
ORD-16665,2025-11-22,APAC,Toys,383.26,197.53
ORD-16666,2025-11-18,NA,Apparel,179.36,64.27
ORD-16667,2025-11-04,NA,Home,377.33,196.67
ORD-16668,2025-12-03,APAC,Home,92.95,52.0
ORD-16669,2025-11-15,NA,Toys,82.55,37.65
ORD-16670,2025-12-06,NA,Apparel,185.9,92.84
ORD-16671,2025-12-12,NA,Electronics,407.7,265.11
ORD-16672,2025-11-25,NA,Electronics,138.25,47.48
ORD-16673,2025-11-26,NA,Apparel,50.36,31.06
ORD-16674,2025-12-23,APAC,Home,83.22,30.65
ORD-16675,2025-11-16,NA,Apparel,432.2,136.01
ORD-16676,2025-11-06,NA,Toys,324.22,121.33
ORD-16677,2025-11-30,EU,Toys,141.54,85.78
ORD-16678,2025-11-29,NA,Toys,286.54,132.4
ORD-16679,2025-12-22,EU,Toys,273.24,177.34
ORD-16680,2025-12-07,EU,Toys,334.61,170.61
ORD-16681,2025-11-29,NA,Electronics,131.93,40.75
ORD-16682,2025-11-06,EU,Apparel,434.91,255.16
ORD-16683,2025-12-25,EU,Toys,168.5,57.98
ORD-16684,2025-12-02,EU,Home,353.18,217.47
ORD-16685,2025-11-29,APAC,Apparel,27.74,10.19
ORD-16686,2025-11-21,NA,Home,198.88,87.14
ORD-16687,2025-11-08,APAC,Electronics,188.82,114.14
ORD-16688,2025-12-02,NA,Home,280.87,191.47
ORD-16689,2025-12-18,EU,Home,54.91,24.63
ORD-16690,2025-12-12,NA,Electronics,399.26,252.24
ORD-16691,2025-11-02,APAC,Home,124.53,46.86
ORD-16692,2025-11-07,NA,Toys,344.98,214.88
ORD-16693,2025-11-26,APAC,Toys,405.54,228.32
ORD-16694,2025-11-27,APAC,Electronics,289.7,109.25
ORD-16695,2025-11-03,NA,Electronics,375.62,158.14
ORD-16696,2025-12-06,EU,Electronics,337.69,119.11
ORD-16697,2025-12-06,EU,Toys,190.65,86.4
ORD-16698,2025-11-01,APAC,Apparel,408.25,155.73
ORD-16699,2025-12-23,APAC,Home,161.46,90.03
ORD-16700,2025-11-06,NA,Apparel,294.18,205.28
ORD-16701,2025-12-21,APAC,Toys,377.79,115.15
ORD-16702,2025-12-09,NA,Home,201.9,104.25
ORD-16703,2025-12-10,EU,Toys,165.33,87.54
ORD-16704,2025-12-11,NA,Electronics,240.49,160.09
ORD-16705,2025-11-20,NA,Toys,412.62,207.3
ORD-16706,2025-12-27,EU,Home,466.36,241.33
ORD-16707,2025-12-03,NA,Toys,281.64,137.63
ORD-16708,2025-12-06,NA,Toys,337.5,137.55
ORD-16709,2025-11-14,EU,Home,453.57,146.24
ORD-16710,2025-12-12,NA,Toys,67.3,31.19
ORD-16711,2025-12-13,NA,Toys,131.4,42.18
ORD-16712,2025-11-30,EU,Apparel,360.27,187.41
ORD-16713,2025-12-31,NA,Home,415.4,175.68
ORD-16714,2025-11-22,APAC,Apparel,431.37,221.48
ORD-16715,2025-11-24,EU,Electronics,219.25,77.55
ORD-16716,2025-12-23,APAC,Toys,62.88,42.32
ORD-16717,2025-11-04,NA,Toys,230.14,151.39
ORD-16718,2025-12-23,EU,Home,130.75,49.16
ORD-16719,2025-11-15,NA,Electronics,159.77,69.88
ORD-16720,2025-12-25,EU,Toys,390.69,213.08
ORD-16721,2025-11-30,NA,Electronics,56.25,19.03
ORD-16722,2025-11-22,LATAM,Toys,417.24,184.35
ORD-16723,2025-12-06,NA,Apparel,225.28,90.21
ORD-16724,2025-12-20,EU,Home,306.11,203.93
ORD-16725,2025-12-10,NA,Toys,63.03,40.4
ORD-16726,2025-12-09,NA,Toys,181.93,96.77
ORD-16727,2025-12-01,APAC,Apparel,63.06,32.04
ORD-16728,2025-12-16,EU,Home,481.54,323.73
ORD-16729,2025-12-13,EU,Toys,407.49,274.23
ORD-16730,2025-11-24,EU,Home,240.62,165.48
ORD-16731,2025-12-16,NA,Electronics,127.33,44.58
ORD-16732,2025-11-29,APAC,Home,468.06,170.48
ORD-16733,2025-11-08,NA,Electronics,185.41,105.81
ORD-16734,2025-11-07,NA,Home,97.27,50.25
ORD-16735,2025-12-19,NA,Electronics,290.32,89.24
ORD-16736,2025-12-13,EU,Electronics,473.01,153.63
ORD-16737,2025-11-15,NA,Home,21.84,14.31
ORD-16738,2025-11-01,LATAM,Electronics,134.3,86.97
ORD-16739,2025-11-22,APAC,Toys,470.45,208.37
ORD-16740,2025-11-23,APAC,Home,102.12,67.03
ORD-16741,2025-12-24,LATAM,Toys,74.36,39.97
ORD-16742,2025-12-11,EU,Toys,293.69,182.78
ORD-16743,2025-12-22,EU,Apparel,433.69,204.26
ORD-16744,2025-11-19,APAC,Home,249.01,86.0
ORD-16745,2025-12-06,LATAM,Apparel,497.39,235.51
ORD-16746,2025-12-04,EU,Electronics,346.0,167.09
ORD-16747,2025-11-24,NA,Home,55.56,28.91
ORD-16748,2025-12-15,EU,Electronics,496.56,169.94
ORD-16749,2025-11-07,LATAM,Electronics,215.79,150.31
ORD-16750,2025-11-03,APAC,Home,157.95,62.81
ORD-16751,2025-12-28,LATAM,Toys,287.78,109.19
ORD-16752,2025-11-11,LATAM,Toys,166.07,84.82
ORD-16753,2025-12-02,NA,Toys,61.5,31.67
ORD-16754,2025-11-09,LATAM,Home,20.69,9.85
ORD-16755,2025-12-23,APAC,Electronics,235.8,143.54
ORD-16756,2025-12-16,NA,Apparel,421.69,213.65
ORD-16757,2025-12-18,NA,Toys,294.71,160.29
ORD-16758,2025-12-17,LATAM,Apparel,499.62,294.53
ORD-16759,2025-11-27,LATAM,Home,157.69,48.89
ORD-16760,2025-11-07,NA,Electronics,154.62,81.68
ORD-16761,2025-11-17,APAC,Electronics,96.68,63.2
ORD-16762,2025-12-10,APAC,Apparel,98.75,30.31
ORD-16763,2025-11-13,EU,Home,156.89,72.49
ORD-16764,2025-11-13,NA,Toys,400.56,268.57
ORD-16765,2025-11-08,NA,Apparel,454.76,200.67
ORD-16766,2025-12-30,NA,Apparel,488.04,235.96
ORD-16767,2025-12-25,APAC,Apparel,131.5,91.08
ORD-16768,2025-11-26,NA,Toys,443.02,168.23
ORD-16769,2025-11-14,NA,Electronics,177.56,57.9
ORD-16770,2025-11-30,NA,Home,74.16,47.74
ORD-16771,2025-12-23,NA,Home,437.61,283.3
ORD-16772,2025-12-21,NA,Home,325.33,159.03
ORD-16773,2025-11-13,NA,Home,99.07,50.1
ORD-16774,2025-12-16,EU,Electronics,226.32,143.56
ORD-16775,2025-11-22,APAC,Electronics,157.88,94.01
ORD-16776,2025-11-07,NA,Home,373.66,151.73
ORD-16777,2025-12-19,EU,Home,237.64,72.9
ORD-16778,2025-11-27,NA,Home,494.85,243.41
ORD-16779,2025-11-03,EU,Home,46.28,29.78
ORD-16780,2025-12-30,EU,Toys,190.41,125.35
ORD-16781,2025-12-11,EU,Toys,251.31,171.52
ORD-16782,2025-12-24,LATAM,Toys,261.5,170.45
ORD-16783,2025-12-14,EU,Apparel,171.65,91.32
ORD-16784,2025-12-08,APAC,Apparel,370.04,176.82
ORD-16785,2025-11-08,APAC,Toys,439.88,268.3
ORD-16786,2025-12-20,APAC,Apparel,470.59,280.44
ORD-16787,2025-12-28,NA,Electronics,406.44,209.42
ORD-16788,2025-11-29,NA,Home,428.28,143.44
ORD-16789,2025-11-30,APAC,Toys,284.26,190.58
ORD-16790,2025-12-13,NA,Toys,416.43,200.82
ORD-16791,2025-12-08,APAC,Electronics,165.68,73.78
ORD-16792,2025-12-03,APAC,Apparel,211.27,116.58
ORD-16793,2025-11-09,APAC,Electronics,172.12,98.03
ORD-16794,2025-12-02,APAC,Apparel,244.35,93.9
ORD-16795,2025-11-01,EU,Toys,157.08,99.71
ORD-16796,2025-12-04,NA,Electronics,481.57,200.32
ORD-16797,2025-12-18,NA,Apparel,170.17,63.76
ORD-16798,2025-11-04,EU,Apparel,67.06,31.02
ORD-16799,2025-12-06,APAC,Home,272.87,161.6
ORD-16800,2025-12-30,EU,Electronics,47.41,32.53
ORD-16801,2025-11-28,NA,Electronics,73.06,45.57
ORD-16802,2025-12-24,EU,Home,125.31,84.73
ORD-16803,2025-12-08,APAC,Electronics,242.89,86.53
ORD-16804,2025-12-01,NA,Apparel,227.96,74.88
ORD-16805,2025-12-30,NA,Apparel,403.85,211.25
ORD-16806,2025-12-03,APAC,Toys,374.95,156.02
ORD-16807,2025-12-20,EU,Home,224.63,141.79
ORD-16808,2025-12-29,APAC,Apparel,180.18,102.49
ORD-16809,2025-12-29,LATAM,Toys,171.91,118.32
ORD-16810,2025-11-12,EU,Apparel,391.52,157.36
ORD-16811,2025-12-15,NA,Electronics,44.99,22.24
ORD-16812,2025-12-08,NA,Toys,26.15,13.09
ORD-16813,2025-11-12,NA,Apparel,401.86,159.0
ORD-16814,2025-12-17,EU,Home,249.03,133.49
ORD-16815,2025-12-23,NA,Apparel,82.82,39.53
ORD-16816,2025-11-09,EU,Apparel,133.07,63.7
ORD-16817,2025-11-07,EU,Electronics,467.6,208.13
ORD-16818,2025-11-25,NA,Home,432.56,132.7
ORD-16819,2025-12-13,NA,Apparel,360.7,183.54
ORD-16820,2025-12-09,APAC,Electronics,251.47,109.16
ORD-16821,2025-12-09,NA,Electronics,269.76,81.07
ORD-16822,2025-12-27,LATAM,Toys,488.12,206.56
ORD-16823,2025-11-21,EU,Apparel,483.57,198.97
ORD-16824,2025-12-03,NA,Toys,123.33,56.41
ORD-16825,2025-12-27,EU,Home,409.33,144.39
ORD-16826,2025-11-25,APAC,Electronics,114.68,57.69
ORD-16827,2025-11-27,EU,Home,122.5,70.68
ORD-16828,2025-12-09,NA,Toys,344.52,190.2
ORD-16829,2025-12-29,EU,Toys,214.4,133.25
ORD-16830,2025-12-15,NA,Apparel,467.14,224.6
ORD-16831,2025-12-19,APAC,Apparel,62.72,31.84
ORD-16832,2025-11-16,APAC,Toys,265.53,165.73
ORD-16833,2025-11-18,NA,Toys,460.89,217.12
ORD-16834,2025-11-26,NA,Electronics,453.97,263.59
ORD-16835,2025-11-22,EU,Home,95.13,45.08
ORD-16836,2025-11-19,NA,Home,195.99,91.55
ORD-16837,2025-11-29,EU,Electronics,317.18,191.6
ORD-16838,2025-12-22,EU,Toys,96.51,35.7
ORD-16839,2025-11-09,LATAM,Electronics,484.65,211.03
ORD-16840,2025-11-09,EU,Electronics,459.08,178.89
ORD-16841,2025-11-27,APAC,Apparel,100.14,44.43
ORD-16842,2025-12-09,NA,Apparel,78.15,30.65
ORD-16843,2025-12-15,NA,Toys,61.0,32.44
ORD-16844,2025-12-27,EU,Home,456.53,282.71
ORD-16845,2025-12-18,EU,Electronics,112.94,69.42
ORD-16846,2025-12-03,APAC,Home,219.82,98.0
ORD-16847,2025-11-20,EU,Home,235.45,163.76
ORD-16848,2025-12-24,NA,Apparel,307.53,165.31
ORD-16849,2025-12-15,EU,Home,54.43,25.02
ORD-16850,2025-12-06,NA,Home,128.84,81.71
ORD-16851,2025-12-26,EU,Home,467.12,276.51
ORD-16852,2025-11-21,NA,Toys,456.04,273.49
ORD-16853,2025-12-16,APAC,Toys,395.02,149.5
ORD-16854,2025-12-18,LATAM,Home,29.31,14.28
ORD-16855,2025-12-30,EU,Home,176.96,114.09
ORD-16856,2025-12-06,NA,Electronics,321.42,161.23
ORD-16857,2025-12-11,EU,Apparel,152.09,87.21
ORD-16858,2025-11-14,NA,Apparel,456.6,244.36
ORD-16859,2025-11-13,NA,Toys,324.27,206.54
ORD-16860,2025-11-14,LATAM,Toys,54.52,22.56
ORD-16861,2025-12-10,EU,Toys,456.32,241.94
ORD-16862,2025-12-16,NA,Home,479.73,167.57
ORD-16863,2025-11-19,APAC,Home,57.3,33.01
ORD-16864,2025-12-14,APAC,Electronics,275.53,163.33
ORD-16865,2025-11-23,EU,Electronics,165.61,52.52
ORD-16866,2025-12-29,NA,Home,208.56,118.95
ORD-16867,2025-12-14,NA,Toys,106.23,49.49
ORD-16868,2025-11-09,NA,Apparel,297.47,104.01
ORD-16869,2025-12-16,EU,Home,479.83,224.54
ORD-16870,2025-12-12,NA,Apparel,261.47,98.76
ORD-16871,2025-11-12,APAC,Apparel,59.8,27.88
ORD-16872,2025-12-03,EU,Apparel,317.6,144.11
ORD-16873,2025-12-05,NA,Toys,183.31,109.13
ORD-16874,2025-12-15,NA,Electronics,430.84,262.68
ORD-16875,2025-12-11,NA,Home,228.65,124.11
ORD-16876,2025-11-21,APAC,Toys,112.56,34.79
ORD-16877,2025-12-16,EU,Toys,111.73,75.13
ORD-16878,2025-11-08,NA,Home,389.01,223.48
ORD-16879,2025-12-19,NA,Toys,147.48,46.26
ORD-16880,2025-11-23,NA,Electronics,388.27,243.65
ORD-16881,2025-12-06,NA,Apparel,118.83,45.17
ORD-16882,2025-12-01,EU,Apparel,174.41,92.73
ORD-16883,2025-12-08,EU,Toys,243.43,118.47
ORD-16884,2025-12-07,NA,Electronics,472.73,221.21
ORD-16885,2025-12-31,NA,Toys,467.23,306.45
ORD-16886,2025-12-13,APAC,Toys,119.3,56.66
ORD-16887,2025-12-16,NA,Toys,191.95,63.37
ORD-16888,2025-11-27,NA,Toys,91.71,62.24
ORD-16889,2025-12-14,NA,Toys,264.79,176.94
ORD-16890,2025-12-18,APAC,Toys,241.08,138.33
ORD-16891,2025-12-28,EU,Toys,452.36,220.37
ORD-16892,2025-12-24,EU,Toys,466.4,157.24
ORD-16893,2025-12-05,NA,Toys,204.11,125.79
ORD-16894,2025-11-19,LATAM,Toys,256.03,84.54
ORD-16895,2025-12-27,EU,Electronics,450.19,147.41
ORD-16896,2025-12-25,NA,Apparel,407.22,209.7
ORD-16897,2025-11-28,APAC,Electronics,21.76,7.92
ORD-16898,2025-12-22,APAC,Home,173.63,52.63
ORD-16899,2025-11-01,APAC,Home,222.45,104.38
ORD-16900,2025-12-04,EU,Electronics,130.26,46.23
ORD-16901,2025-11-07,EU,Apparel,115.79,42.17
ORD-16902,2025-11-02,NA,Home,38.14,12.62
ORD-16903,2025-11-25,NA,Apparel,328.82,125.62
ORD-16904,2025-11-10,NA,Home,146.0,85.58
ORD-16905,2025-11-04,LATAM,Toys,45.13,28.14
ORD-16906,2025-12-13,EU,Electronics,130.87,62.95
ORD-16907,2025-11-04,APAC,Electronics,404.92,203.52
ORD-16908,2025-11-13,NA,Apparel,428.71,134.21
ORD-16909,2025-11-18,LATAM,Toys,251.87,82.54
ORD-16910,2025-12-19,NA,Apparel,219.71,88.55
ORD-16911,2025-12-21,LATAM,Toys,489.37,253.28
ORD-16912,2025-11-11,APAC,Electronics,116.27,69.28
ORD-16913,2025-11-19,EU,Home,123.37,66.87
ORD-16914,2025-12-14,NA,Home,160.1,73.14
ORD-16915,2025-11-17,LATAM,Home,102.92,35.75
ORD-16916,2025-11-10,NA,Electronics,202.1,123.75
ORD-16917,2025-12-24,EU,Toys,457.2,203.69
ORD-16918,2025-11-04,APAC,Electronics,315.37,187.46
ORD-16919,2025-12-15,APAC,Toys,217.73,110.0
ORD-16920,2025-12-21,EU,Toys,468.52,278.99
ORD-16921,2025-11-19,NA,Toys,43.26,28.68
ORD-16922,2025-11-14,NA,Electronics,120.93,80.83
ORD-16923,2025-12-19,NA,Electronics,291.63,149.91
ORD-16924,2025-12-05,NA,Electronics,315.47,159.19
ORD-16925,2025-11-03,EU,Apparel,38.99,15.84
ORD-16926,2025-11-23,APAC,Electronics,213.46,143.94
ORD-16927,2025-12-23,NA,Electronics,331.59,160.21
ORD-16928,2025-11-29,APAC,Apparel,355.07,124.64
ORD-16929,2025-11-07,NA,Home,326.31,154.37
ORD-16930,2025-12-10,EU,Electronics,173.87,61.0
ORD-16931,2025-12-26,APAC,Toys,64.89,32.51
ORD-16932,2025-12-14,EU,Toys,225.01,118.02
ORD-16933,2025-12-18,APAC,Home,81.8,35.59
ORD-16934,2025-12-06,APAC,Home,474.86,156.07
ORD-16935,2025-12-26,NA,Apparel,248.08,168.05
ORD-16936,2025-11-15,EU,Apparel,172.28,104.98
ORD-16937,2025-12-18,EU,Electronics,387.83,246.49
ORD-16938,2025-12-12,LATAM,Toys,259.02,115.72
ORD-16939,2025-12-06,EU,Electronics,168.82,102.02
ORD-16940,2025-11-25,NA,Electronics,409.74,202.47
ORD-16941,2025-11-16,EU,Home,436.23,165.96
ORD-16942,2025-12-03,NA,Home,343.04,119.98
ORD-16943,2025-12-21,EU,Toys,42.54,18.63
ORD-16944,2025-12-21,NA,Apparel,291.83,103.61
ORD-16945,2025-12-22,NA,Home,386.38,270.2
ORD-16946,2025-12-15,EU,Electronics,85.52,27.34
ORD-16947,2025-11-19,LATAM,Apparel,129.76,61.83
ORD-16948,2025-12-15,NA,Toys,443.6,213.3
ORD-16949,2025-12-13,NA,Toys,29.66,12.46
ORD-16950,2025-11-04,NA,Home,381.31,201.54
ORD-16951,2025-12-30,NA,Electronics,247.41,89.07
ORD-16952,2025-11-25,NA,Apparel,234.45,143.85
ORD-16953,2025-11-25,NA,Home,23.41,10.14
ORD-16954,2025-11-27,APAC,Electronics,413.31,221.76
ORD-16955,2025-12-21,APAC,Home,192.72,112.98
ORD-16956,2025-12-14,EU,Electronics,279.57,183.29
ORD-16957,2025-11-21,EU,Toys,345.1,218.9
ORD-16958,2025-12-06,NA,Home,357.26,194.11
ORD-16959,2025-11-04,NA,Apparel,478.87,218.06
ORD-16960,2025-11-01,LATAM,Home,275.04,137.87
ORD-16961,2025-12-18,NA,Home,211.87,128.71
ORD-16962,2025-11-17,NA,Apparel,477.78,311.04
ORD-16963,2025-11-13,NA,Home,328.21,112.09
ORD-16964,2025-12-10,EU,Toys,163.11,74.04
ORD-16965,2025-12-26,EU,Toys,80.7,49.26
ORD-16966,2025-12-20,APAC,Home,424.43,200.61
ORD-16967,2025-12-26,NA,Electronics,193.85,83.92
ORD-16968,2025-12-26,EU,Electronics,337.03,156.56
ORD-16969,2025-11-29,EU,Electronics,245.99,133.11
ORD-16970,2025-12-24,NA,Apparel,115.49,80.83
ORD-16971,2025-11-15,NA,Apparel,308.81,153.54
ORD-16972,2025-12-29,APAC,Electronics,49.13,18.84
ORD-16973,2025-12-11,LATAM,Apparel,218.4,79.75
ORD-16974,2025-12-16,EU,Apparel,282.38,89.5
ORD-16975,2025-12-16,EU,Toys,229.3,120.04
ORD-16976,2025-12-12,NA,Home,379.36,196.44
ORD-16977,2025-11-24,NA,Electronics,417.4,159.49
ORD-16978,2025-12-19,LATAM,Apparel,390.2,225.59
ORD-16979,2025-12-08,NA,Electronics,38.63,23.04
ORD-16980,2025-12-05,NA,Toys,113.18,45.68
ORD-16981,2025-12-18,NA,Electronics,277.57,121.48
ORD-16982,2025-12-09,EU,Electronics,468.71,326.31
ORD-16983,2025-11-13,NA,Apparel,420.78,189.23
ORD-16984,2025-12-20,EU,Apparel,424.42,256.49
ORD-16985,2025-12-17,NA,Home,165.54,79.64
ORD-16986,2025-11-13,NA,Electronics,226.13,139.6
ORD-16987,2025-11-19,EU,Apparel,245.94,149.44
ORD-16988,2025-11-29,LATAM,Electronics,95.54,54.18
ORD-16989,2025-11-12,NA,Apparel,34.91,22.41
ORD-16990,2025-12-14,LATAM,Home,474.51,320.62
ORD-16991,2025-11-05,EU,Electronics,135.54,72.11
ORD-16992,2025-11-12,EU,Toys,135.18,53.39
ORD-16993,2025-11-12,NA,Electronics,60.02,27.58
ORD-16994,2025-12-18,LATAM,Electronics,465.68,280.96
ORD-16995,2025-12-03,NA,Home,298.27,167.14
ORD-16996,2025-11-08,EU,Toys,340.18,126.25
ORD-16997,2025-11-25,APAC,Electronics,457.56,146.65
ORD-16998,2025-11-03,NA,Toys,185.9,106.56
ORD-16999,2025-11-28,NA,Apparel,318.32,127.47
ORD-17000,2025-11-18,LATAM,Electronics,38.62,19.3
ORD-17001,2025-12-06,EU,Home,109.65,65.65
ORD-17002,2025-11-17,NA,Electronics,419.0,220.0
ORD-17003,2025-11-09,NA,Toys,388.05,129.35
ORD-17004,2025-11-11,APAC,Home,188.31,70.47
ORD-17005,2025-12-08,APAC,Electronics,200.87,77.88
ORD-17006,2025-12-25,EU,Apparel,276.11,111.31
ORD-17007,2025-11-17,EU,Home,20.12,10.59
ORD-17008,2025-11-01,APAC,Electronics,135.8,68.12
ORD-17009,2025-11-22,EU,Electronics,119.95,45.73
ORD-17010,2025-11-30,EU,Electronics,140.23,45.86
ORD-17011,2025-12-16,NA,Apparel,406.83,149.95
ORD-17012,2025-12-30,NA,Toys,154.24,107.0
ORD-17013,2025-11-10,NA,Toys,111.93,54.56
ORD-17014,2025-11-03,APAC,Electronics,262.05,169.53
ORD-17015,2025-11-10,LATAM,Apparel,435.51,278.51
ORD-17016,2025-12-30,APAC,Home,135.85,68.55
ORD-17017,2025-11-21,NA,Electronics,57.7,33.62
ORD-17018,2025-12-09,EU,Toys,191.07,72.05
ORD-17019,2025-11-04,NA,Electronics,378.87,217.99
ORD-17020,2025-12-20,APAC,Apparel,284.33,116.28
ORD-17021,2025-12-30,EU,Electronics,412.06,260.76
ORD-17022,2025-12-11,EU,Electronics,480.6,160.28
ORD-17023,2025-12-10,APAC,Home,400.48,243.99
ORD-17024,2025-12-24,EU,Apparel,309.83,105.33
ORD-17025,2025-12-13,LATAM,Electronics,256.8,167.56
ORD-17026,2025-11-20,NA,Home,39.23,16.54
ORD-17027,2025-12-02,NA,Toys,492.47,276.65
ORD-17028,2025-12-21,EU,Home,204.07,101.01
ORD-17029,2025-12-07,NA,Apparel,93.07,41.56
ORD-17030,2025-12-06,EU,Electronics,340.02,189.79
ORD-17031,2025-11-23,NA,Electronics,156.46,106.24
ORD-17032,2025-11-05,LATAM,Toys,301.17,95.32
ORD-17033,2025-12-21,NA,Apparel,301.65,201.36
ORD-17034,2025-12-16,EU,Toys,233.95,127.18
ORD-17035,2025-11-21,LATAM,Toys,421.34,262.46
ORD-17036,2025-12-04,EU,Home,147.18,66.75
ORD-17037,2025-11-15,EU,Toys,235.34,115.02
ORD-17038,2025-11-12,EU,Toys,278.09,180.07
ORD-17039,2025-12-04,NA,Electronics,338.54,157.74
ORD-17040,2025-11-05,EU,Electronics,396.31,203.65
ORD-17041,2025-12-21,LATAM,Toys,209.51,64.55
ORD-17042,2025-12-03,EU,Toys,330.1,119.97
ORD-17043,2025-11-11,APAC,Apparel,92.29,51.38
ORD-17044,2025-11-27,LATAM,Electronics,467.67,274.42
ORD-17045,2025-12-05,NA,Apparel,203.87,108.67
ORD-17046,2025-12-05,NA,Electronics,370.17,132.27
ORD-17047,2025-11-26,EU,Electronics,29.76,14.23
ORD-17048,2025-11-06,EU,Toys,118.49,52.38
ORD-17049,2025-11-23,NA,Toys,253.8,126.46
ORD-17050,2025-11-15,NA,Toys,441.56,286.19
ORD-17051,2025-12-27,APAC,Apparel,273.08,166.67
ORD-17052,2025-11-14,APAC,Toys,466.34,155.57
ORD-17053,2025-12-13,EU,Toys,252.22,165.49
ORD-17054,2025-11-22,EU,Electronics,255.42,124.83
ORD-17055,2025-11-22,APAC,Electronics,77.48,46.3
ORD-17056,2025-11-24,APAC,Home,405.27,144.28
ORD-17057,2025-11-19,NA,Electronics,138.54,78.73
ORD-17058,2025-11-14,NA,Apparel,451.81,178.25
ORD-17059,2025-12-31,APAC,Electronics,457.2,217.33
ORD-17060,2025-12-19,NA,Home,472.79,145.03
ORD-17061,2025-12-10,LATAM,Toys,269.71,97.27
ORD-17062,2025-12-04,LATAM,Electronics,345.01,116.21
ORD-17063,2025-12-01,NA,Home,393.69,155.86
ORD-17064,2025-12-06,NA,Toys,82.89,28.18
ORD-17065,2025-12-23,APAC,Home,308.46,177.91
ORD-17066,2025-12-19,NA,Home,36.46,11.36
ORD-17067,2025-12-12,EU,Apparel,258.83,141.6
ORD-17068,2025-11-01,NA,Toys,94.32,33.6
ORD-17069,2025-11-08,EU,Toys,107.8,73.1
ORD-17070,2025-12-13,LATAM,Apparel,195.22,131.43
ORD-17071,2025-11-23,APAC,Electronics,227.57,88.8
ORD-17072,2025-11-29,LATAM,Home,319.12,174.17
ORD-17073,2025-11-16,EU,Electronics,55.73,17.34
ORD-17074,2025-12-28,NA,Electronics,261.77,176.1
ORD-17075,2025-12-12,EU,Home,107.66,54.82
ORD-17076,2025-12-10,NA,Apparel,295.51,93.76
ORD-17077,2025-12-29,LATAM,Electronics,325.95,142.44
ORD-17078,2025-12-10,NA,Toys,287.22,95.0
ORD-17079,2025-11-16,EU,Apparel,374.38,171.16
ORD-17080,2025-11-03,LATAM,Electronics,181.09,102.85
ORD-17081,2025-12-14,NA,Apparel,387.25,188.96
ORD-17082,2025-12-27,NA,Toys,227.73,103.27
ORD-17083,2025-11-21,EU,Home,252.41,87.75
ORD-17084,2025-11-25,APAC,Electronics,331.09,131.77
ORD-17085,2025-12-29,LATAM,Toys,28.81,9.8
ORD-17086,2025-12-21,APAC,Electronics,333.92,208.03
ORD-17087,2025-12-31,NA,Toys,316.92,112.22
ORD-17088,2025-11-08,EU,Toys,168.73,90.8
ORD-17089,2025-11-25,NA,Apparel,61.18,26.74
ORD-17090,2025-11-17,APAC,Home,63.65,24.85
ORD-17091,2025-12-05,NA,Electronics,463.15,257.41
ORD-17092,2025-12-17,APAC,Electronics,350.85,169.39
ORD-17093,2025-11-19,EU,Electronics,81.01,37.27
ORD-17094,2025-11-02,EU,Home,191.23,102.72
ORD-17095,2025-12-29,NA,Electronics,304.39,151.13
ORD-17096,2025-12-04,EU,Toys,421.07,177.44
ORD-17097,2025-12-23,APAC,Home,40.96,21.45
ORD-17098,2025-12-20,NA,Toys,133.58,75.85
ORD-17099,2025-11-24,NA,Electronics,447.08,138.9
ORD-17100,2025-12-03,APAC,Toys,24.4,11.87
ORD-17101,2025-12-22,APAC,Home,116.67,37.69
ORD-17102,2025-12-03,NA,Apparel,480.33,179.91
ORD-17103,2025-11-29,APAC,Toys,314.43,164.83
ORD-17104,2025-12-02,EU,Apparel,145.6,94.13
ORD-17105,2025-11-03,EU,Home,52.16,34.07
ORD-17106,2025-11-19,EU,Home,33.53,11.0
ORD-17107,2025-12-28,NA,Apparel,137.48,64.29
ORD-17108,2025-12-12,NA,Apparel,443.11,236.27
ORD-17109,2025-11-13,NA,Apparel,219.64,78.81
ORD-17110,2025-11-21,APAC,Toys,365.76,221.71
ORD-17111,2025-12-03,APAC,Toys,460.78,275.41
ORD-17112,2025-11-06,NA,Home,215.86,142.76
ORD-17113,2025-12-31,NA,Electronics,111.81,33.92
ORD-17114,2025-11-07,EU,Apparel,268.22,103.71
ORD-17115,2025-11-11,NA,Toys,455.88,287.6
ORD-17116,2025-12-20,LATAM,Toys,406.1,230.76
ORD-17117,2025-12-05,APAC,Home,51.6,33.94
ORD-17118,2025-12-05,NA,Apparel,352.43,113.79
ORD-17119,2025-11-01,NA,Apparel,294.51,158.68
ORD-17120,2025-12-11,EU,Electronics,455.58,240.37
ORD-17121,2025-11-05,NA,Home,78.79,24.76
ORD-17122,2025-11-14,APAC,Apparel,276.34,139.66
ORD-17123,2025-12-13,EU,Home,442.14,240.44
ORD-17124,2025-12-11,NA,Toys,216.81,81.63
ORD-17125,2025-12-20,NA,Toys,251.36,102.89
ORD-17126,2025-11-14,NA,Electronics,53.82,29.93
ORD-17127,2025-12-26,EU,Electronics,153.51,74.81
ORD-17128,2025-12-14,APAC,Apparel,175.76,113.05
ORD-17129,2025-11-28,EU,Toys,473.66,206.97
ORD-17130,2025-12-24,EU,Electronics,155.68,63.31
ORD-17131,2025-11-07,EU,Apparel,241.22,167.39
ORD-17132,2025-11-14,APAC,Electronics,342.23,227.4
ORD-17133,2025-12-05,NA,Apparel,97.85,30.49
ORD-17134,2025-12-24,NA,Home,253.49,154.2
ORD-17135,2025-12-15,NA,Toys,374.5,128.88
ORD-17136,2025-12-27,NA,Toys,436.09,135.62
ORD-17137,2025-12-18,NA,Toys,320.6,131.28
ORD-17138,2025-12-20,NA,Toys,341.15,139.1
ORD-17139,2025-11-28,LATAM,Electronics,80.62,50.61
ORD-17140,2025-12-12,NA,Home,473.97,276.92
ORD-17141,2025-12-23,EU,Home,83.64,57.93
ORD-17142,2025-12-31,EU,Electronics,391.84,229.07
ORD-17143,2025-11-05,EU,Electronics,147.11,68.74
ORD-17144,2025-12-18,NA,Apparel,468.12,271.31
ORD-17145,2025-12-14,APAC,Electronics,365.58,255.83
ORD-17146,2025-11-10,EU,Home,381.83,223.01
ORD-17147,2025-11-02,NA,Home,125.15,75.67
ORD-17148,2025-11-30,NA,Apparel,232.66,157.13
ORD-17149,2025-12-16,NA,Toys,316.55,109.36
ORD-17150,2025-11-22,EU,Electronics,389.59,226.71
ORD-17151,2025-11-03,NA,Electronics,69.9,44.76
ORD-17152,2025-11-06,NA,Electronics,481.94,328.56
ORD-17153,2025-11-05,NA,Toys,447.31,171.94
ORD-17154,2025-11-04,EU,Apparel,149.77,75.12
ORD-17155,2025-11-12,NA,Apparel,414.92,237.43
ORD-17156,2025-12-21,APAC,Electronics,268.8,107.25
ORD-17157,2025-11-17,APAC,Home,241.67,130.55
ORD-17158,2025-12-06,LATAM,Electronics,170.93,68.89
ORD-17159,2025-11-05,EU,Electronics,298.86,129.52
ORD-17160,2025-12-07,EU,Electronics,370.35,176.51
ORD-17161,2025-12-23,NA,Home,217.25,111.16
ORD-17162,2025-11-15,NA,Apparel,322.03,154.49
ORD-17163,2025-12-29,NA,Toys,355.67,176.87
ORD-17164,2025-11-17,APAC,Electronics,361.34,151.56
ORD-17165,2025-11-27,NA,Electronics,44.94,16.34
ORD-17166,2025-11-25,NA,Toys,432.68,138.0
ORD-17167,2025-11-29,APAC,Electronics,239.96,90.8
ORD-17168,2025-12-11,EU,Electronics,145.96,77.76
ORD-17169,2025-11-26,NA,Electronics,136.05,83.6
ORD-17170,2025-11-28,EU,Electronics,251.85,92.61
ORD-17171,2025-11-21,NA,Electronics,445.68,153.06
ORD-17172,2025-11-02,APAC,Home,201.61,120.91
ORD-17173,2025-11-25,NA,Electronics,379.87,160.33
ORD-17174,2025-12-14,LATAM,Apparel,66.47,45.24
ORD-17175,2025-11-08,NA,Home,248.51,145.56
ORD-17176,2025-12-05,NA,Apparel,496.01,213.63
ORD-17177,2025-11-01,NA,Electronics,389.81,162.09
ORD-17178,2025-12-12,NA,Electronics,121.05,61.67
ORD-17179,2025-12-17,APAC,Electronics,260.69,86.46
ORD-17180,2025-12-10,APAC,Home,132.14,45.86
ORD-17181,2025-11-05,EU,Home,216.59,80.21
ORD-17182,2025-12-19,NA,Toys,394.44,240.56
ORD-17183,2025-12-18,EU,Toys,390.19,197.26
ORD-17184,2025-12-08,LATAM,Electronics,129.49,39.39
ORD-17185,2025-11-03,LATAM,Electronics,462.67,263.45
ORD-17186,2025-12-15,APAC,Toys,304.43,142.92
ORD-17187,2025-12-25,APAC,Electronics,202.36,102.06
ORD-17188,2025-11-05,APAC,Toys,260.93,100.63
ORD-17189,2025-11-23,EU,Toys,310.43,161.64
ORD-17190,2025-12-30,NA,Apparel,288.75,199.72
ORD-17191,2025-12-03,NA,Toys,253.47,83.49
ORD-17192,2025-11-07,EU,Home,262.37,108.51
ORD-17193,2025-11-19,NA,Toys,104.68,41.58
ORD-17194,2025-12-21,NA,Electronics,410.11,163.81
ORD-17195,2025-12-14,NA,Apparel,280.04,126.43
ORD-17196,2025-11-20,NA,Toys,82.92,52.01
ORD-17197,2025-12-09,EU,Home,387.76,257.92
ORD-17198,2025-11-06,EU,Home,467.57,178.09
ORD-17199,2025-11-19,APAC,Home,474.71,245.51
ORD-17200,2025-12-19,APAC,Toys,197.13,109.36
ORD-17201,2025-12-30,LATAM,Home,85.05,43.27
ORD-17202,2025-11-29,NA,Home,268.83,127.33
ORD-17203,2025-11-25,EU,Home,74.05,27.9
ORD-17204,2025-11-26,NA,Apparel,468.31,231.95
ORD-17205,2025-12-23,NA,Home,108.12,49.79
ORD-17206,2025-12-13,APAC,Home,141.33,87.37
ORD-17207,2025-11-02,EU,Apparel,215.19,130.29
ORD-17208,2025-12-01,EU,Toys,203.92,72.11
ORD-17209,2025-11-11,NA,Toys,401.44,134.65
ORD-17210,2025-12-05,EU,Toys,239.03,158.54
ORD-17211,2025-11-15,EU,Toys,101.97,52.43
ORD-17212,2025-11-09,NA,Home,148.26,95.35
ORD-17213,2025-12-18,EU,Apparel,264.37,85.46
ORD-17214,2025-11-26,EU,Apparel,90.78,46.35
ORD-17215,2025-12-21,NA,Electronics,313.59,161.74
ORD-17216,2025-12-22,NA,Electronics,291.56,187.85
ORD-17217,2025-12-25,APAC,Toys,363.06,123.09
ORD-17218,2025-12-05,NA,Toys,470.1,186.24
ORD-17219,2025-11-19,LATAM,Toys,457.88,211.82
ORD-17220,2025-12-11,EU,Home,474.12,306.44
ORD-17221,2025-11-10,NA,Home,137.46,92.86
ORD-17222,2025-11-20,NA,Electronics,83.15,57.96
ORD-17223,2025-12-14,EU,Electronics,165.09,112.87
ORD-17224,2025-12-27,EU,Electronics,449.64,135.96
ORD-17225,2025-12-29,EU,Toys,486.59,155.26
ORD-17226,2025-12-21,EU,Toys,432.48,155.28
ORD-17227,2025-12-26,APAC,Electronics,72.81,32.0
ORD-17228,2025-12-17,NA,Electronics,474.77,300.04
ORD-17229,2025-12-12,EU,Toys,223.21,146.66
ORD-17230,2025-11-24,NA,Apparel,24.47,9.17
ORD-17231,2025-12-31,NA,Home,232.35,127.3
ORD-17232,2025-11-01,NA,Home,42.11,28.09
ORD-17233,2025-12-06,NA,Apparel,281.06,136.45
ORD-17234,2025-12-26,EU,Apparel,182.51,62.31
ORD-17235,2025-12-06,NA,Home,247.25,119.45
ORD-17236,2025-11-10,EU,Toys,314.32,141.54
ORD-17237,2025-11-08,EU,Toys,437.02,232.09
ORD-17238,2025-11-03,EU,Apparel,337.71,160.57
ORD-17239,2025-11-01,APAC,Toys,228.34,70.09
ORD-17240,2025-12-07,NA,Electronics,413.33,288.34
ORD-17241,2025-12-09,APAC,Apparel,454.68,235.26
ORD-17242,2025-11-26,APAC,Toys,77.48,37.92
ORD-17243,2025-12-05,NA,Electronics,275.33,187.73
ORD-17244,2025-12-06,APAC,Apparel,156.57,56.73
ORD-17245,2025-12-31,EU,Apparel,42.59,16.0
ORD-17246,2025-11-06,EU,Electronics,340.9,212.45
ORD-17247,2025-11-20,NA,Apparel,434.13,175.53
ORD-17248,2025-11-14,APAC,Electronics,98.19,60.85
ORD-17249,2025-12-18,EU,Apparel,409.96,167.52
ORD-17250,2025-12-18,EU,Toys,429.63,134.59
ORD-17251,2025-12-28,NA,Home,458.88,232.56
ORD-17252,2025-12-17,EU,Apparel,147.34,55.79
ORD-17253,2025-11-23,EU,Home,453.9,273.76
ORD-17254,2025-11-14,LATAM,Home,173.92,96.78
ORD-17255,2025-11-27,NA,Toys,285.12,190.87
ORD-17256,2025-12-28,APAC,Apparel,44.24,27.13
ORD-17257,2025-12-12,NA,Electronics,41.06,15.29
ORD-17258,2025-12-25,NA,Electronics,365.78,226.81
ORD-17259,2025-12-03,EU,Electronics,233.35,129.9
ORD-17260,2025-11-10,NA,Electronics,143.02,81.18
ORD-17261,2025-11-11,EU,Toys,111.4,70.51
ORD-17262,2025-11-12,LATAM,Home,341.58,180.88
ORD-17263,2025-11-15,LATAM,Toys,20.19,9.82
ORD-17264,2025-12-10,EU,Home,406.83,225.65
ORD-17265,2025-12-24,NA,Home,58.04,24.33
ORD-17266,2025-11-17,LATAM,Electronics,111.92,41.75
ORD-17267,2025-11-13,EU,Home,205.39,112.27
ORD-17268,2025-11-08,NA,Toys,252.73,99.46
ORD-17269,2025-11-12,NA,Home,190.4,63.21
ORD-17270,2025-12-13,EU,Home,173.94,52.22
ORD-17271,2025-12-22,NA,Home,482.68,262.25
ORD-17272,2025-12-07,LATAM,Toys,327.96,145.9
ORD-17273,2025-12-25,EU,Toys,31.25,18.78
ORD-17274,2025-11-04,EU,Electronics,226.48,101.93
ORD-17275,2025-12-25,EU,Toys,440.0,217.54
ORD-17276,2025-12-19,NA,Electronics,164.7,76.23
ORD-17277,2025-12-30,APAC,Home,65.39,36.63
ORD-17278,2025-12-06,APAC,Home,384.02,169.91
ORD-17279,2025-11-30,NA,Electronics,310.89,213.12
ORD-17280,2025-12-12,EU,Apparel,293.75,198.12
ORD-17281,2025-12-06,NA,Apparel,45.72,29.22
ORD-17282,2025-11-05,EU,Electronics,87.44,58.42
ORD-17283,2025-11-19,NA,Electronics,318.82,152.92
ORD-17284,2025-12-13,NA,Toys,119.76,61.63
ORD-17285,2025-11-05,EU,Home,261.95,156.34
ORD-17286,2025-11-17,EU,Electronics,281.54,162.86
ORD-17287,2025-11-07,NA,Apparel,156.08,102.43
ORD-17288,2025-11-13,NA,Toys,475.24,278.74
ORD-17289,2025-12-17,APAC,Electronics,424.38,296.71
ORD-17290,2025-12-08,APAC,Toys,366.74,161.15
ORD-17291,2025-12-02,APAC,Electronics,57.44,36.37
ORD-17292,2025-12-31,EU,Apparel,70.94,41.08
ORD-17293,2025-11-22,NA,Electronics,256.54,147.91
ORD-17294,2025-11-23,LATAM,Electronics,97.14,41.8
ORD-17295,2025-11-09,LATAM,Toys,489.57,300.71
ORD-17296,2025-12-13,EU,Toys,96.09,63.43
ORD-17297,2025-12-12,APAC,Home,253.98,98.4
ORD-17298,2025-11-16,APAC,Apparel,194.78,107.17
ORD-17299,2025-11-07,NA,Home,326.91,149.35
ORD-17300,2025-11-19,LATAM,Home,81.94,57.02
ORD-17301,2025-12-10,EU,Toys,226.55,111.36
ORD-17302,2025-11-05,APAC,Home,151.86,59.43
ORD-17303,2025-12-28,NA,Toys,446.12,201.98
ORD-17304,2025-11-13,NA,Toys,39.48,22.17
ORD-17305,2025-11-21,NA,Apparel,458.59,151.53
ORD-17306,2025-12-02,NA,Electronics,419.84,227.32
ORD-17307,2025-11-29,APAC,Home,162.83,109.5
ORD-17308,2025-11-22,EU,Toys,398.86,255.33
ORD-17309,2025-12-10,EU,Electronics,34.98,11.44
ORD-17310,2025-12-13,NA,Electronics,484.1,337.59
ORD-17311,2025-11-20,EU,Apparel,272.77,158.07
ORD-17312,2025-12-15,APAC,Electronics,165.57,60.42
ORD-17313,2025-12-08,EU,Electronics,194.04,59.18
ORD-17314,2025-11-10,LATAM,Apparel,51.87,19.11
ORD-17315,2025-12-07,NA,Electronics,494.89,314.39
ORD-17316,2025-12-07,APAC,Electronics,38.86,11.99
ORD-17317,2025-11-24,LATAM,Home,334.36,131.49
ORD-17318,2025-12-22,APAC,Home,232.51,140.19
ORD-17319,2025-11-21,NA,Apparel,475.48,254.12
ORD-17320,2025-11-28,APAC,Electronics,138.08,84.66
ORD-17321,2025-11-11,NA,Home,275.4,164.82
ORD-17322,2025-11-01,APAC,Home,251.53,80.55
ORD-17323,2025-11-21,NA,Electronics,357.38,234.8
ORD-17324,2025-11-16,NA,Toys,52.64,20.57
ORD-17325,2025-12-21,NA,Electronics,113.02,58.92
ORD-17326,2025-11-15,APAC,Home,122.99,68.59
ORD-17327,2025-12-16,NA,Toys,374.31,137.54
ORD-17328,2025-12-18,EU,Apparel,110.79,76.5
ORD-17329,2025-12-12,NA,Apparel,295.28,146.24
ORD-17330,2025-11-28,NA,Electronics,123.32,39.84
ORD-17331,2025-11-18,EU,Home,433.58,292.63
ORD-17332,2025-12-24,APAC,Apparel,472.25,252.42
ORD-17333,2025-11-24,NA,Home,268.88,155.86
ORD-17334,2025-11-09,NA,Apparel,189.11,96.46
ORD-17335,2025-12-14,NA,Apparel,132.35,83.9
ORD-17336,2025-12-17,EU,Apparel,43.89,13.75
ORD-17337,2025-11-22,APAC,Toys,148.88,60.65
ORD-17338,2025-12-27,EU,Electronics,334.03,162.96
ORD-17339,2025-12-01,LATAM,Toys,276.14,91.3
ORD-17340,2025-11-30,NA,Toys,473.14,275.54
ORD-17341,2025-11-29,EU,Toys,210.21,96.16
ORD-17342,2025-11-23,EU,Toys,353.05,144.42
ORD-17343,2025-12-20,LATAM,Apparel,254.87,76.81
ORD-17344,2025-11-20,EU,Home,266.04,156.41
ORD-17345,2025-12-02,NA,Toys,148.53,94.1
ORD-17346,2025-12-06,EU,Apparel,238.38,109.18
ORD-17347,2025-11-07,NA,Electronics,245.98,129.31
ORD-17348,2025-11-12,NA,Electronics,359.19,140.47
ORD-17349,2025-12-12,EU,Apparel,471.51,258.8
ORD-17350,2025-12-09,NA,Toys,178.07,54.29
ORD-17351,2025-11-06,NA,Toys,40.26,19.95
ORD-17352,2025-12-24,LATAM,Apparel,258.22,144.0
ORD-17353,2025-11-18,NA,Toys,281.34,187.73
ORD-17354,2025-12-25,NA,Electronics,100.85,45.64
ORD-17355,2025-12-23,APAC,Home,385.02,233.35
ORD-17356,2025-11-09,NA,Apparel,492.77,265.64
ORD-17357,2025-12-28,APAC,Electronics,473.97,317.94
ORD-17358,2025-12-05,EU,Apparel,114.61,52.65
ORD-17359,2025-11-13,NA,Home,440.17,188.23
ORD-17360,2025-11-17,NA,Home,358.16,234.54
ORD-17361,2025-12-17,NA,Electronics,237.85,76.04
ORD-17362,2025-12-27,NA,Home,279.49,99.09
ORD-17363,2025-12-11,NA,Apparel,427.81,142.44
ORD-17364,2025-11-05,NA,Electronics,250.46,159.6
ORD-17365,2025-12-17,EU,Electronics,199.14,60.59
ORD-17366,2025-11-05,APAC,Home,256.76,165.52
ORD-17367,2025-12-28,NA,Apparel,297.98,143.18
ORD-17368,2025-11-02,EU,Apparel,110.76,33.41
ORD-17369,2025-12-25,NA,Apparel,452.44,208.42
ORD-17370,2025-12-03,NA,Electronics,343.61,128.76
ORD-17371,2025-12-11,APAC,Toys,323.97,178.11
ORD-17372,2025-11-02,NA,Toys,67.76,38.74
ORD-17373,2025-12-23,APAC,Home,310.0,153.45
ORD-17374,2025-12-08,APAC,Electronics,78.06,24.68
ORD-17375,2025-12-08,NA,Apparel,57.77,32.49
ORD-17376,2025-11-26,APAC,Toys,273.11,173.92
ORD-17377,2025-12-20,LATAM,Apparel,213.34,125.47
ORD-17378,2025-12-08,EU,Toys,302.63,191.26
ORD-17379,2025-11-14,APAC,Home,62.83,23.89
ORD-17380,2025-12-29,NA,Toys,226.87,148.73
ORD-17381,2025-11-03,EU,Home,103.9,44.56
ORD-17382,2025-12-06,EU,Apparel,493.81,150.79
ORD-17383,2025-11-17,NA,Apparel,289.35,184.42
ORD-17384,2025-12-05,EU,Home,349.97,236.83
ORD-17385,2025-12-28,APAC,Apparel,176.2,99.06
ORD-17386,2025-12-05,NA,Electronics,65.47,25.7
ORD-17387,2025-12-01,APAC,Electronics,488.42,195.71
ORD-17388,2025-12-12,NA,Toys,157.4,76.6
ORD-17389,2025-12-20,NA,Toys,223.43,147.27
ORD-17390,2025-11-10,EU,Home,331.93,119.44
ORD-17391,2025-11-24,NA,Apparel,31.85,20.08
ORD-17392,2025-11-26,EU,Toys,408.92,170.32
ORD-17393,2025-11-15,NA,Toys,277.56,173.04
ORD-17394,2025-12-28,EU,Apparel,153.54,102.58
ORD-17395,2025-12-20,LATAM,Toys,49.57,23.35
ORD-17396,2025-12-08,EU,Apparel,98.0,43.71
ORD-17397,2025-12-17,NA,Home,449.62,279.16
ORD-17398,2025-12-25,EU,Apparel,349.29,178.76
ORD-17399,2025-11-19,NA,Toys,139.95,80.3
ORD-17400,2025-11-09,EU,Home,51.49,28.27
ORD-17401,2025-11-30,APAC,Home,351.5,126.95
ORD-17402,2025-12-03,APAC,Home,294.76,188.03
ORD-17403,2025-12-03,EU,Apparel,214.17,81.02
ORD-17404,2025-11-06,EU,Electronics,194.53,130.9
ORD-17405,2025-11-26,EU,Toys,124.07,49.66
ORD-17406,2025-11-24,APAC,Electronics,341.41,202.64
ORD-17407,2025-12-03,EU,Home,485.92,201.1
ORD-17408,2025-11-01,LATAM,Home,104.34,44.57
ORD-17409,2025-12-13,APAC,Apparel,306.62,130.01
ORD-17410,2025-11-16,EU,Apparel,223.61,133.98
ORD-17411,2025-12-25,APAC,Electronics,234.41,122.53
ORD-17412,2025-12-22,APAC,Electronics,141.99,92.75
ORD-17413,2025-12-10,NA,Toys,416.06,175.97
ORD-17414,2025-12-14,LATAM,Toys,252.92,145.88
ORD-17415,2025-11-11,EU,Apparel,280.83,168.83
ORD-17416,2025-12-19,LATAM,Apparel,166.29,59.96
ORD-17417,2025-12-03,APAC,Apparel,107.27,49.37
ORD-17418,2025-11-09,APAC,Home,61.24,30.2
ORD-17419,2025-11-29,EU,Apparel,362.78,160.45
ORD-17420,2025-11-11,NA,Electronics,114.19,48.97
ORD-17421,2025-11-12,EU,Electronics,351.24,201.81
ORD-17422,2025-12-07,APAC,Electronics,207.38,80.12
ORD-17423,2025-12-31,APAC,Toys,219.57,128.18
ORD-17424,2025-12-07,EU,Apparel,245.21,165.28
ORD-17425,2025-12-13,NA,Apparel,196.5,103.37
ORD-17426,2025-12-26,EU,Home,68.3,37.19
ORD-17427,2025-11-10,NA,Apparel,168.62,55.24
ORD-17428,2025-12-18,EU,Apparel,338.59,218.66
ORD-17429,2025-12-17,EU,Home,339.58,140.65
ORD-17430,2025-12-01,APAC,Electronics,157.39,85.94
ORD-17431,2025-12-31,EU,Toys,240.85,166.58
ORD-17432,2025-11-23,NA,Home,112.85,60.74
ORD-17433,2025-11-03,EU,Apparel,120.98,71.36
ORD-17434,2025-11-15,NA,Apparel,31.06,14.85
ORD-17435,2025-12-19,APAC,Toys,450.44,146.01
ORD-17436,2025-12-02,NA,Toys,121.14,74.99
ORD-17437,2025-11-15,NA,Electronics,129.22,40.58
ORD-17438,2025-11-05,EU,Home,154.21,89.48
ORD-17439,2025-11-17,NA,Apparel,81.16,25.09
ORD-17440,2025-11-24,NA,Electronics,326.85,210.79
ORD-17441,2025-11-15,EU,Home,56.07,20.36
ORD-17442,2025-11-03,NA,Home,84.42,42.69
ORD-17443,2025-12-13,EU,Apparel,329.48,177.54
ORD-17444,2025-11-14,EU,Electronics,183.04,88.41
ORD-17445,2025-12-04,APAC,Home,359.81,156.99
ORD-17446,2025-12-29,EU,Electronics,287.56,140.08
ORD-17447,2025-12-21,NA,Electronics,142.89,60.67
ORD-17448,2025-11-24,APAC,Home,332.4,157.97
ORD-17449,2025-11-25,APAC,Toys,75.81,33.63
ORD-17450,2025-12-01,NA,Home,277.48,146.09
ORD-17451,2025-12-29,APAC,Toys,229.83,90.82
ORD-17452,2025-11-30,NA,Toys,148.58,103.33
ORD-17453,2025-12-27,NA,Home,309.92,155.07
ORD-17454,2025-11-03,NA,Home,438.24,165.51
ORD-17455,2025-11-03,EU,Apparel,499.47,245.15
ORD-17456,2025-12-12,APAC,Toys,311.73,201.55
ORD-17457,2025-11-21,APAC,Home,214.26,66.15
ORD-17458,2025-11-07,EU,Toys,128.1,73.25
ORD-17459,2025-12-16,LATAM,Apparel,143.41,74.46
ORD-17460,2025-12-04,NA,Toys,250.14,92.01
ORD-17461,2025-12-11,NA,Electronics,196.29,123.07
ORD-17462,2025-12-24,NA,Toys,458.63,205.26
ORD-17463,2025-11-18,NA,Toys,196.78,82.16
ORD-17464,2025-12-24,NA,Toys,199.25,125.78
ORD-17465,2025-12-18,EU,Electronics,204.1,113.36
ORD-17466,2025-11-17,NA,Electronics,421.58,277.95
ORD-17467,2025-12-08,LATAM,Toys,332.38,183.46
ORD-17468,2025-12-05,NA,Apparel,314.8,187.72
ORD-17469,2025-12-07,NA,Home,180.39,114.47
ORD-17470,2025-11-12,NA,Apparel,412.59,132.81
ORD-17471,2025-11-25,APAC,Toys,38.41,23.45
ORD-17472,2025-12-12,EU,Electronics,437.98,238.91
ORD-17473,2025-11-25,APAC,Toys,266.12,87.23
ORD-17474,2025-11-24,NA,Electronics,211.16,106.3
ORD-17475,2025-12-08,EU,Apparel,258.64,86.12
ORD-17476,2025-12-12,APAC,Apparel,340.36,202.3
ORD-17477,2025-12-28,APAC,Home,26.13,13.55
ORD-17478,2025-12-24,NA,Home,438.34,298.7
ORD-17479,2025-11-05,EU,Electronics,234.43,87.5
ORD-17480,2025-12-04,NA,Toys,184.62,100.14
ORD-17481,2025-11-17,NA,Apparel,86.36,33.22
ORD-17482,2025-11-25,NA,Electronics,230.94,126.01
ORD-17483,2025-12-29,APAC,Home,258.23,152.11
ORD-17484,2025-11-15,NA,Toys,213.75,125.88
ORD-17485,2025-12-04,NA,Apparel,345.76,216.46
ORD-17486,2025-11-26,LATAM,Toys,222.03,142.41
ORD-17487,2025-11-23,APAC,Electronics,481.48,159.33
ORD-17488,2025-12-23,NA,Electronics,307.65,134.54
ORD-17489,2025-12-26,APAC,Home,407.59,234.3
ORD-17490,2025-11-23,NA,Electronics,72.49,36.2
ORD-17491,2025-12-02,EU,Apparel,210.7,79.28
ORD-17492,2025-12-21,EU,Toys,181.69,94.68
ORD-17493,2025-12-01,APAC,Home,293.35,135.81
ORD-17494,2025-12-27,NA,Toys,433.33,197.61
ORD-17495,2025-12-09,NA,Electronics,57.6,35.94
ORD-17496,2025-11-01,LATAM,Electronics,54.84,25.39
ORD-17497,2025-12-03,APAC,Apparel,428.15,132.98
ORD-17498,2025-12-27,NA,Toys,122.17,39.49
ORD-17499,2025-11-09,NA,Electronics,341.0,219.09
ORD-17500,2025-11-29,NA,Toys,280.58,191.98
ORD-17501,2025-11-11,EU,Apparel,419.79,241.53
ORD-17502,2025-11-15,NA,Electronics,80.04,35.68
ORD-17503,2025-11-05,APAC,Electronics,82.3,55.59
ORD-17504,2025-12-03,EU,Home,287.27,162.34
ORD-17505,2025-12-12,APAC,Home,474.26,302.45
ORD-17506,2025-11-18,NA,Home,219.2,132.91
ORD-17507,2025-11-14,LATAM,Apparel,176.93,79.91
ORD-17508,2025-11-10,APAC,Home,311.21,152.95
ORD-17509,2025-11-12,EU,Apparel,466.62,174.73
ORD-17510,2025-11-11,APAC,Toys,421.73,175.78
ORD-17511,2025-11-24,NA,Electronics,497.83,304.3
ORD-17512,2025-12-09,LATAM,Home,30.83,20.27
ORD-17513,2025-12-16,NA,Apparel,74.17,43.74
ORD-17514,2025-12-23,EU,Toys,312.54,151.92
ORD-17515,2025-11-08,NA,Toys,413.88,138.49
ORD-17516,2025-12-13,EU,Toys,156.92,50.65
ORD-17517,2025-11-15,LATAM,Home,134.82,60.63
ORD-17518,2025-11-27,NA,Home,397.75,193.12
ORD-17519,2025-12-22,EU,Toys,47.06,25.58
ORD-17520,2025-11-22,NA,Electronics,197.3,59.7
ORD-17521,2025-12-17,NA,Home,262.79,182.87
ORD-17522,2025-11-08,NA,Electronics,288.97,128.76
ORD-17523,2025-12-01,EU,Home,369.74,236.35
ORD-17524,2025-12-14,NA,Toys,190.33,97.83
ORD-17525,2025-12-01,NA,Home,314.09,110.61
ORD-17526,2025-12-01,EU,Toys,300.98,186.31
ORD-17527,2025-11-14,APAC,Apparel,282.86,165.17
ORD-17528,2025-12-08,NA,Apparel,327.43,167.31
ORD-17529,2025-11-11,APAC,Electronics,144.54,73.11
ORD-17530,2025-12-12,APAC,Electronics,60.63,20.31
ORD-17531,2025-12-24,EU,Electronics,77.25,43.44
ORD-17532,2025-11-27,NA,Apparel,127.8,84.92
ORD-17533,2025-11-02,EU,Electronics,260.1,87.73
ORD-17534,2025-11-16,NA,Home,423.41,171.65
ORD-17535,2025-11-03,NA,Home,356.62,235.7
ORD-17536,2025-11-09,LATAM,Electronics,398.74,164.97
ORD-17537,2025-12-07,LATAM,Toys,188.47,105.84
ORD-17538,2025-12-08,APAC,Home,214.23,110.1
ORD-17539,2025-11-11,APAC,Home,208.97,112.54
ORD-17540,2025-11-09,NA,Toys,112.1,52.27
ORD-17541,2025-12-11,APAC,Home,49.38,20.74
ORD-17542,2025-12-03,NA,Electronics,303.64,96.99
ORD-17543,2025-11-03,NA,Electronics,494.82,295.76
ORD-17544,2025-12-28,EU,Apparel,100.08,59.89
ORD-17545,2025-12-07,NA,Toys,42.41,24.1
ORD-17546,2025-11-10,EU,Home,394.18,219.74
ORD-17547,2025-11-04,LATAM,Apparel,141.24,56.14
ORD-17548,2025-11-11,NA,Toys,418.23,129.21
ORD-17549,2025-11-17,NA,Electronics,357.89,223.14
ORD-17550,2025-12-30,APAC,Electronics,473.92,235.28
ORD-17551,2025-11-12,NA,Home,216.29,91.43
ORD-17552,2025-12-04,APAC,Electronics,337.75,115.1
ORD-17553,2025-11-26,NA,Home,243.13,79.04
ORD-17554,2025-12-09,APAC,Toys,322.68,141.83
ORD-17555,2025-12-07,LATAM,Electronics,235.81,146.65
ORD-17556,2025-12-11,NA,Toys,110.54,73.78
ORD-17557,2025-11-02,NA,Home,263.79,173.76
ORD-17558,2025-12-27,EU,Toys,273.72,182.85
ORD-17559,2025-12-17,EU,Home,409.09,271.26
ORD-17560,2025-12-17,NA,Toys,373.05,190.59
ORD-17561,2025-12-13,NA,Apparel,338.62,131.31
ORD-17562,2025-12-23,APAC,Apparel,74.43,46.09
ORD-17563,2025-11-19,NA,Electronics,365.9,141.05
ORD-17564,2025-12-31,LATAM,Electronics,260.15,105.85
ORD-17565,2025-11-06,NA,Apparel,449.17,176.66
ORD-17566,2025-11-14,EU,Electronics,461.54,233.54
ORD-17567,2025-11-29,LATAM,Apparel,46.48,19.93
ORD-17568,2025-12-09,APAC,Apparel,413.91,149.7
ORD-17569,2025-12-01,EU,Toys,38.09,18.33
ORD-17570,2025-12-26,NA,Toys,196.24,127.47
ORD-17571,2025-12-01,EU,Electronics,280.3,148.06
ORD-17572,2025-11-11,EU,Toys,91.09,59.33
ORD-17573,2025-11-15,NA,Home,378.23,143.1
ORD-17574,2025-12-24,EU,Home,24.01,8.81
ORD-17575,2025-11-27,LATAM,Home,100.93,53.52
ORD-17576,2025-12-09,NA,Apparel,298.78,145.01
ORD-17577,2025-11-10,EU,Apparel,362.91,204.71
ORD-17578,2025-12-21,NA,Toys,459.99,284.21
ORD-17579,2025-12-08,EU,Home,358.64,215.37
ORD-17580,2025-12-23,APAC,Electronics,342.45,231.81
ORD-17581,2025-12-20,EU,Home,209.28,96.12
ORD-17582,2025-11-12,APAC,Home,20.62,7.89
ORD-17583,2025-12-10,APAC,Apparel,77.68,40.42
ORD-17584,2025-12-13,NA,Toys,276.59,95.23
ORD-17585,2025-12-03,NA,Electronics,344.06,142.97
ORD-17586,2025-11-17,NA,Toys,220.38,84.44
ORD-17587,2025-11-11,LATAM,Toys,370.73,170.03
ORD-17588,2025-12-17,NA,Electronics,270.49,93.18
ORD-17589,2025-12-14,NA,Toys,55.6,17.39
ORD-17590,2025-11-22,NA,Apparel,112.17,63.12
ORD-17591,2025-12-30,EU,Electronics,423.2,230.26
ORD-17592,2025-11-30,APAC,Toys,367.96,214.65
ORD-17593,2025-12-09,NA,Home,449.49,253.58
ORD-17594,2025-12-08,NA,Toys,76.43,26.42
ORD-17595,2025-11-05,NA,Home,495.31,206.26
ORD-17596,2025-11-15,EU,Toys,120.52,42.4
ORD-17597,2025-11-25,NA,Apparel,25.65,16.34
ORD-17598,2025-11-25,LATAM,Home,498.76,298.64
ORD-17599,2025-11-09,EU,Electronics,154.92,58.96
ORD-17600,2025-11-07,EU,Toys,340.65,148.7
ORD-17601,2025-11-02,EU,Home,104.81,71.97
ORD-17602,2025-11-13,APAC,Apparel,298.51,160.5
ORD-17603,2025-12-04,APAC,Apparel,453.94,281.65
ORD-17604,2025-12-26,NA,Home,173.69,70.49
ORD-17605,2025-12-29,EU,Electronics,341.72,131.23
ORD-17606,2025-12-03,EU,Toys,110.19,67.61
ORD-17607,2025-12-14,EU,Toys,319.9,183.73
ORD-17608,2025-11-27,LATAM,Apparel,181.5,103.89
ORD-17609,2025-12-23,NA,Home,121.38,63.25
ORD-17610,2025-11-10,LATAM,Toys,170.33,89.5
ORD-17611,2025-12-09,NA,Electronics,105.84,62.9
ORD-17612,2025-11-07,NA,Apparel,452.92,184.79
ORD-17613,2025-11-12,NA,Home,210.65,92.92
ORD-17614,2025-12-01,NA,Toys,137.73,89.34
ORD-17615,2025-12-28,NA,Toys,235.24,99.63
ORD-17616,2025-12-10,NA,Toys,173.86,90.15
ORD-17617,2025-12-09,APAC,Apparel,377.32,219.24
ORD-17618,2025-11-03,NA,Electronics,486.19,340.32
ORD-17619,2025-12-27,NA,Toys,230.26,109.17
ORD-17620,2025-12-21,EU,Electronics,433.3,204.19
ORD-17621,2025-12-05,EU,Apparel,291.61,185.77
ORD-17622,2025-12-03,NA,Toys,95.47,59.4
ORD-17623,2025-12-19,EU,Toys,351.5,208.24
ORD-17624,2025-11-08,APAC,Home,266.45,129.31
ORD-17625,2025-11-06,EU,Toys,332.29,142.74
ORD-17626,2025-12-01,EU,Toys,447.05,242.97
ORD-17627,2025-12-13,NA,Electronics,231.41,150.53
ORD-17628,2025-11-09,EU,Toys,452.57,295.76
ORD-17629,2025-12-28,EU,Home,380.32,130.6
ORD-17630,2025-12-09,NA,Home,254.53,119.97
ORD-17631,2025-12-05,NA,Home,309.55,150.41
ORD-17632,2025-12-23,APAC,Toys,176.28,121.82
ORD-17633,2025-11-01,LATAM,Home,492.13,281.1
ORD-17634,2025-12-28,NA,Apparel,340.33,157.54
ORD-17635,2025-12-31,APAC,Toys,41.05,12.74
ORD-17636,2025-12-20,NA,Home,176.78,93.01
ORD-17637,2025-12-14,APAC,Electronics,319.19,108.02
ORD-17638,2025-12-12,EU,Electronics,47.04,29.81
ORD-17639,2025-11-28,EU,Toys,31.46,18.91
ORD-17640,2025-12-04,EU,Home,236.01,114.28
ORD-17641,2025-11-27,EU,Home,179.69,84.76
ORD-17642,2025-11-24,NA,Toys,230.38,151.81
ORD-17643,2025-12-26,EU,Toys,146.09,60.68
ORD-17644,2025-11-03,NA,Apparel,99.06,39.59
ORD-17645,2025-12-15,NA,Electronics,350.79,237.02
ORD-17646,2025-12-04,EU,Electronics,266.99,166.52
ORD-17647,2025-11-28,LATAM,Apparel,116.07,72.92
ORD-17648,2025-11-15,NA,Electronics,173.4,65.56
ORD-17649,2025-12-31,NA,Apparel,304.07,108.65
ORD-17650,2025-12-22,EU,Apparel,54.67,16.97
ORD-17651,2025-12-01,NA,Toys,90.78,35.84
ORD-17652,2025-12-21,EU,Home,55.16,33.63
ORD-17653,2025-12-20,NA,Apparel,409.91,162.33
ORD-17654,2025-11-25,APAC,Apparel,381.16,225.51
ORD-17655,2025-11-23,NA,Home,381.59,152.93
ORD-17656,2025-12-08,EU,Electronics,363.84,166.68
ORD-17657,2025-12-22,LATAM,Home,341.31,236.62
ORD-17658,2025-12-18,NA,Toys,248.96,99.07
ORD-17659,2025-12-29,APAC,Toys,328.29,147.91
ORD-17660,2025-12-19,EU,Electronics,38.41,16.15
ORD-17661,2025-12-24,NA,Home,318.3,109.45
ORD-17662,2025-12-15,LATAM,Electronics,393.38,195.1
ORD-17663,2025-12-07,LATAM,Apparel,260.17,117.46
ORD-17664,2025-11-07,NA,Toys,191.61,110.74
ORD-17665,2025-11-28,APAC,Toys,153.16,96.04
ORD-17666,2025-11-09,NA,Apparel,328.54,170.09
ORD-17667,2025-11-17,NA,Apparel,352.54,110.3
ORD-17668,2025-12-01,APAC,Apparel,438.06,239.87
ORD-17669,2025-12-20,NA,Toys,184.32,59.38
ORD-17670,2025-11-15,EU,Apparel,389.49,212.87
ORD-17671,2025-12-29,NA,Toys,289.45,166.15
ORD-17672,2025-12-25,APAC,Home,443.76,168.23
ORD-17673,2025-11-06,EU,Apparel,273.35,171.59
ORD-17674,2025-11-19,APAC,Toys,268.46,178.37
ORD-17675,2025-12-09,NA,Apparel,297.38,185.93
ORD-17676,2025-12-27,NA,Electronics,379.67,160.24
ORD-17677,2025-12-05,LATAM,Apparel,483.05,258.27
ORD-17678,2025-11-27,EU,Home,55.31,36.83
ORD-17679,2025-11-17,NA,Toys,45.65,19.55
ORD-17680,2025-11-13,NA,Electronics,470.02,295.18
ORD-17681,2025-11-01,NA,Home,274.34,83.34
ORD-17682,2025-12-16,EU,Electronics,315.15,95.0
ORD-17683,2025-12-18,EU,Apparel,251.56,151.91
ORD-17684,2025-12-21,APAC,Apparel,64.96,39.27
ORD-17685,2025-11-01,APAC,Toys,388.68,239.27
ORD-17686,2025-12-07,NA,Electronics,378.67,254.47
ORD-17687,2025-12-04,LATAM,Home,169.62,58.89
ORD-17688,2025-11-08,EU,Toys,166.99,65.59
ORD-17689,2025-12-04,APAC,Apparel,422.16,279.25
ORD-17690,2025-11-01,NA,Electronics,54.73,20.3
ORD-17691,2025-11-25,LATAM,Apparel,442.93,253.75
ORD-17692,2025-12-12,LATAM,Electronics,143.2,73.34
ORD-17693,2025-11-14,NA,Toys,304.63,101.53
ORD-17694,2025-12-15,LATAM,Home,469.28,194.33
ORD-17695,2025-12-22,LATAM,Toys,345.5,175.57
ORD-17696,2025-11-21,APAC,Toys,218.93,140.32
ORD-17697,2025-11-27,EU,Apparel,350.98,204.63
ORD-17698,2025-11-24,NA,Electronics,185.11,101.58
ORD-17699,2025-11-07,LATAM,Apparel,153.08,76.3
ORD-17700,2025-11-10,NA,Electronics,498.41,209.07
ORD-17701,2025-11-28,NA,Toys,380.38,132.26
ORD-17702,2025-12-12,EU,Apparel,329.47,152.75
ORD-17703,2025-12-08,NA,Home,190.54,59.34
ORD-17704,2025-11-17,LATAM,Toys,43.6,16.76
ORD-17705,2025-11-17,EU,Toys,34.91,16.51
ORD-17706,2025-12-25,LATAM,Apparel,286.01,133.69
ORD-17707,2025-12-05,NA,Apparel,385.78,122.57
ORD-17708,2025-11-28,EU,Electronics,277.94,148.87
ORD-17709,2025-12-07,NA,Apparel,423.58,220.21
ORD-17710,2025-11-24,APAC,Apparel,36.04,11.94
ORD-17711,2025-12-10,APAC,Electronics,196.04,132.77
ORD-17712,2025-11-18,APAC,Electronics,133.79,45.46
ORD-17713,2025-12-14,LATAM,Toys,234.69,150.66
ORD-17714,2025-11-26,NA,Apparel,54.74,16.43
ORD-17715,2025-12-19,APAC,Apparel,477.98,312.08
ORD-17716,2025-11-14,EU,Toys,127.16,39.15
ORD-17717,2025-11-27,NA,Toys,462.71,279.07
ORD-17718,2025-12-06,NA,Apparel,224.43,99.8
ORD-17719,2025-12-21,APAC,Toys,493.05,293.51
ORD-17720,2025-12-06,NA,Toys,285.95,131.74
ORD-17721,2025-12-01,LATAM,Apparel,466.8,153.28
ORD-17722,2025-11-12,NA,Home,22.57,13.7
ORD-17723,2025-11-24,APAC,Electronics,379.15,124.55
ORD-17724,2025-12-06,NA,Apparel,453.46,303.3
ORD-17725,2025-12-06,APAC,Apparel,87.07,27.9
ORD-17726,2025-12-01,LATAM,Electronics,66.14,32.52
ORD-17727,2025-11-17,NA,Electronics,223.79,131.86
ORD-17728,2025-11-20,EU,Electronics,468.17,214.09
ORD-17729,2025-12-07,EU,Apparel,280.35,108.47
ORD-17730,2025-11-23,APAC,Toys,273.18,164.9
ORD-17731,2025-12-20,NA,Toys,87.74,53.85
ORD-17732,2025-12-16,NA,Home,20.38,13.64
ORD-17733,2025-11-26,NA,Apparel,408.87,184.18
ORD-17734,2025-12-18,NA,Apparel,62.04,31.18
ORD-17735,2025-11-09,EU,Electronics,324.25,144.37
ORD-17736,2025-12-25,EU,Electronics,459.02,184.91
ORD-17737,2025-12-26,EU,Home,120.15,72.14
ORD-17738,2025-12-13,NA,Apparel,339.33,147.9
ORD-17739,2025-11-08,NA,Toys,57.78,27.23
ORD-17740,2025-12-18,APAC,Apparel,309.8,142.96
ORD-17741,2025-11-15,EU,Home,98.69,57.74
ORD-17742,2025-11-29,NA,Toys,373.26,249.01
ORD-17743,2025-12-21,LATAM,Toys,164.59,93.27
ORD-17744,2025-12-15,LATAM,Electronics,242.43,118.46
ORD-17745,2025-12-31,NA,Home,307.73,188.23
ORD-17746,2025-11-11,NA,Apparel,102.21,56.87
ORD-17747,2025-11-07,LATAM,Electronics,375.99,121.91
ORD-17748,2025-11-14,NA,Apparel,165.27,55.91
ORD-17749,2025-12-03,APAC,Apparel,337.94,106.51
ORD-17750,2025-11-26,NA,Electronics,95.98,46.33
ORD-17751,2025-12-21,EU,Home,350.3,220.81
ORD-17752,2025-11-22,EU,Apparel,81.53,34.67
ORD-17753,2025-12-22,APAC,Electronics,224.17,101.7
ORD-17754,2025-12-06,EU,Apparel,138.66,92.04
ORD-17755,2025-12-10,APAC,Electronics,379.22,240.71
ORD-17756,2025-12-15,APAC,Toys,145.78,82.51
ORD-17757,2025-12-14,NA,Electronics,443.22,180.27
ORD-17758,2025-12-16,NA,Apparel,448.07,155.4
ORD-17759,2025-11-04,LATAM,Home,114.29,35.02
ORD-17760,2025-11-11,EU,Toys,314.65,107.86
ORD-17761,2025-11-25,EU,Apparel,62.1,25.9
ORD-17762,2025-12-11,NA,Apparel,207.94,108.28
ORD-17763,2025-11-01,APAC,Electronics,362.39,117.99
ORD-17764,2025-12-22,EU,Home,336.52,119.29
ORD-17765,2025-11-06,APAC,Electronics,319.86,119.13
ORD-17766,2025-12-23,LATAM,Home,155.62,86.03
ORD-17767,2025-11-10,EU,Home,201.45,110.06
ORD-17768,2025-12-01,EU,Toys,69.41,36.11
ORD-17769,2025-12-30,APAC,Home,365.13,146.13
ORD-17770,2025-12-09,NA,Apparel,261.87,117.44
ORD-17771,2025-11-28,APAC,Home,360.21,121.99
ORD-17772,2025-11-06,NA,Electronics,139.49,54.48
ORD-17773,2025-11-05,NA,Apparel,175.73,115.82
ORD-17774,2025-11-17,EU,Toys,180.42,124.83
ORD-17775,2025-11-15,EU,Home,32.36,18.09
ORD-17776,2025-11-24,APAC,Apparel,183.7,122.48
ORD-17777,2025-11-06,LATAM,Home,405.59,225.95
ORD-17778,2025-12-09,NA,Electronics,450.7,141.19
ORD-17779,2025-11-03,NA,Home,268.74,187.77
ORD-17780,2025-12-17,APAC,Toys,238.64,81.04
ORD-17781,2025-11-25,NA,Toys,34.8,19.94
ORD-17782,2025-12-30,EU,Apparel,442.02,177.31
ORD-17783,2025-11-26,EU,Apparel,26.24,11.99
ORD-17784,2025-12-10,EU,Electronics,473.48,264.38
ORD-17785,2025-12-12,NA,Home,254.82,120.94
ORD-17786,2025-12-04,APAC,Toys,184.13,73.69
ORD-17787,2025-11-19,APAC,Toys,463.62,201.11
ORD-17788,2025-12-16,EU,Apparel,31.71,13.85
ORD-17789,2025-12-09,APAC,Home,299.08,204.49
ORD-17790,2025-11-04,NA,Home,283.49,175.61
ORD-17791,2025-12-31,EU,Toys,125.27,60.56
ORD-17792,2025-12-20,LATAM,Apparel,225.87,85.81
ORD-17793,2025-12-23,NA,Toys,333.09,207.98
ORD-17794,2025-11-12,EU,Apparel,369.02,133.91
ORD-17795,2025-12-11,EU,Apparel,20.34,7.81
ORD-17796,2025-12-02,APAC,Electronics,469.69,209.67
ORD-17797,2025-11-29,LATAM,Electronics,98.97,64.54
ORD-17798,2025-11-01,EU,Home,132.12,46.6
ORD-17799,2025-11-13,NA,Apparel,146.47,51.1
ORD-17800,2025-12-25,APAC,Apparel,38.15,18.98
ORD-17801,2025-12-13,NA,Home,79.07,32.46
ORD-17802,2025-12-30,EU,Home,493.45,260.29
ORD-17803,2025-12-22,LATAM,Toys,171.3,82.34
ORD-17804,2025-12-04,EU,Apparel,75.34,35.71
ORD-17805,2025-11-19,NA,Apparel,71.36,24.6
ORD-17806,2025-11-13,APAC,Apparel,365.34,130.21
ORD-17807,2025-11-03,NA,Apparel,430.19,270.34
ORD-17808,2025-12-21,APAC,Electronics,143.34,93.79
ORD-17809,2025-12-09,APAC,Home,30.04,11.83
ORD-17810,2025-12-03,EU,Electronics,127.08,43.89
ORD-17811,2025-12-04,EU,Toys,47.13,15.15
ORD-17812,2025-12-15,LATAM,Home,69.63,37.83
ORD-17813,2025-11-15,APAC,Electronics,227.12,133.12
ORD-17814,2025-12-10,EU,Electronics,130.36,58.55
ORD-17815,2025-11-11,APAC,Electronics,267.65,153.06
ORD-17816,2025-12-14,EU,Apparel,141.68,82.91
ORD-17817,2025-11-03,NA,Toys,471.46,317.83
ORD-17818,2025-11-24,EU,Apparel,454.85,148.26
ORD-17819,2025-11-16,NA,Electronics,292.07,110.09
ORD-17820,2025-12-12,LATAM,Electronics,190.12,62.25
ORD-17821,2025-11-01,NA,Electronics,202.95,131.35
ORD-17822,2025-11-11,LATAM,Toys,217.69,134.32
ORD-17823,2025-11-06,APAC,Electronics,369.24,195.64
ORD-17824,2025-11-18,APAC,Electronics,236.79,78.96
ORD-17825,2025-12-20,APAC,Toys,431.23,176.51
ORD-17826,2025-11-26,NA,Toys,473.17,198.3
ORD-17827,2025-11-23,APAC,Toys,181.25,95.03
ORD-17828,2025-12-13,NA,Home,289.13,116.58
ORD-17829,2025-11-26,LATAM,Apparel,65.63,21.6
ORD-17830,2025-11-26,NA,Home,116.23,68.84
ORD-17831,2025-12-08,EU,Toys,218.46,91.67
ORD-17832,2025-11-13,NA,Electronics,118.98,57.22
ORD-17833,2025-12-04,EU,Electronics,440.75,154.73
ORD-17834,2025-11-01,LATAM,Toys,95.98,59.61
ORD-17835,2025-12-18,NA,Electronics,238.72,125.62
ORD-17836,2025-12-16,APAC,Toys,310.74,205.29
ORD-17837,2025-11-05,NA,Apparel,352.09,175.41
ORD-17838,2025-12-29,APAC,Apparel,203.87,137.93
ORD-17839,2025-11-06,EU,Toys,437.17,287.11
ORD-17840,2025-12-06,NA,Apparel,292.79,155.35
ORD-17841,2025-11-19,EU,Home,230.96,155.56
ORD-17842,2025-12-17,NA,Electronics,52.28,22.44
ORD-17843,2025-12-24,APAC,Electronics,243.05,108.46
ORD-17844,2025-12-06,APAC,Electronics,413.95,131.72
ORD-17845,2025-12-29,APAC,Apparel,314.98,168.73
ORD-17846,2025-12-08,NA,Home,419.44,246.95
ORD-17847,2025-11-23,EU,Electronics,257.13,156.7
ORD-17848,2025-11-23,APAC,Toys,76.86,27.66
ORD-17849,2025-12-23,APAC,Electronics,26.55,12.68
ORD-17850,2025-11-18,NA,Electronics,165.55,61.38
ORD-17851,2025-11-15,APAC,Electronics,355.04,200.54
ORD-17852,2025-12-09,NA,Apparel,399.32,145.02
ORD-17853,2025-11-13,APAC,Toys,161.96,107.16
ORD-17854,2025-11-30,EU,Home,257.91,101.17
ORD-17855,2025-12-30,NA,Home,222.14,92.53
ORD-17856,2025-11-26,EU,Electronics,217.05,138.99
ORD-17857,2025-12-07,NA,Toys,131.05,63.35
ORD-17858,2025-11-01,NA,Apparel,85.46,26.46
ORD-17859,2025-11-17,NA,Home,114.41,56.96
ORD-17860,2025-11-12,APAC,Apparel,46.56,15.54
ORD-17861,2025-11-27,NA,Toys,115.1,79.9
ORD-17862,2025-12-03,APAC,Electronics,24.42,13.07
ORD-17863,2025-11-07,APAC,Home,321.08,129.27
ORD-17864,2025-12-06,APAC,Toys,171.86,90.31
ORD-17865,2025-11-05,LATAM,Apparel,487.11,161.11
ORD-17866,2025-12-03,NA,Toys,112.98,70.04
ORD-17867,2025-11-19,NA,Toys,186.0,124.64
ORD-17868,2025-11-22,EU,Toys,191.76,124.6
ORD-17869,2025-12-31,LATAM,Toys,24.06,10.51
ORD-17870,2025-11-08,APAC,Electronics,422.82,181.94
ORD-17871,2025-12-22,EU,Toys,35.36,11.1
ORD-17872,2025-12-03,APAC,Apparel,471.29,264.19
ORD-17873,2025-11-17,EU,Toys,448.2,230.36
ORD-17874,2025-12-27,NA,Toys,277.05,134.02
ORD-17875,2025-12-05,EU,Home,280.93,186.27
ORD-17876,2025-12-23,NA,Toys,333.81,122.56
ORD-17877,2025-12-21,NA,Apparel,205.78,62.53
ORD-17878,2025-12-07,EU,Electronics,330.67,108.9
ORD-17879,2025-11-17,APAC,Electronics,41.49,16.15
ORD-17880,2025-12-15,EU,Toys,45.94,14.39
ORD-17881,2025-11-29,NA,Electronics,239.47,120.01
ORD-17882,2025-11-25,APAC,Toys,283.82,120.8
ORD-17883,2025-12-07,EU,Apparel,446.15,166.05
ORD-17884,2025-12-01,NA,Electronics,70.24,42.15
ORD-17885,2025-12-20,LATAM,Electronics,414.87,158.39
ORD-17886,2025-11-16,NA,Toys,120.82,69.48
ORD-17887,2025-12-19,LATAM,Electronics,209.16,91.97
ORD-17888,2025-11-22,APAC,Apparel,171.97,86.8
ORD-17889,2025-12-20,APAC,Apparel,212.07,142.84
ORD-17890,2025-11-30,NA,Toys,92.24,29.05
ORD-17891,2025-12-14,EU,Toys,261.71,130.88
ORD-17892,2025-11-30,NA,Electronics,404.79,259.78
ORD-17893,2025-12-28,LATAM,Electronics,231.94,124.13
ORD-17894,2025-12-08,EU,Home,255.49,104.94
ORD-17895,2025-12-26,NA,Home,427.41,196.21
ORD-17896,2025-11-02,EU,Toys,358.91,205.33
ORD-17897,2025-12-01,EU,Apparel,255.42,167.64
ORD-17898,2025-11-08,NA,Electronics,143.69,45.47
ORD-17899,2025-11-17,EU,Toys,444.76,146.16
ORD-17900,2025-11-05,APAC,Home,296.97,127.7
ORD-17901,2025-11-25,LATAM,Home,126.15,49.59
ORD-17902,2025-12-11,NA,Toys,149.18,60.56
ORD-17903,2025-12-21,NA,Apparel,405.5,157.54
ORD-17904,2025-11-15,EU,Home,41.19,15.58
ORD-17905,2025-12-14,NA,Electronics,496.2,174.79
ORD-17906,2025-12-15,NA,Home,82.57,55.62
ORD-17907,2025-11-15,NA,Electronics,402.11,143.83
ORD-17908,2025-12-22,NA,Home,209.49,79.98
ORD-17909,2025-11-21,EU,Toys,256.26,102.12
ORD-17910,2025-11-27,APAC,Apparel,442.71,298.04
ORD-17911,2025-11-23,EU,Home,218.2,131.42
ORD-17912,2025-12-04,EU,Electronics,278.0,171.21
ORD-17913,2025-12-05,EU,Toys,43.66,14.93
ORD-17914,2025-11-01,EU,Electronics,21.13,13.41
ORD-17915,2025-12-15,APAC,Apparel,137.5,63.7
ORD-17916,2025-12-24,EU,Apparel,346.68,140.45
ORD-17917,2025-11-17,EU,Electronics,78.21,41.47
ORD-17918,2025-11-16,APAC,Toys,74.61,46.92
ORD-17919,2025-11-19,LATAM,Home,217.26,132.85
ORD-17920,2025-11-06,APAC,Apparel,330.96,217.11
ORD-17921,2025-11-26,APAC,Electronics,361.79,242.85
ORD-17922,2025-12-14,LATAM,Apparel,105.66,41.76
ORD-17923,2025-12-18,APAC,Apparel,58.2,27.33
ORD-17924,2025-12-23,NA,Apparel,471.39,144.18
ORD-17925,2025-11-22,NA,Apparel,145.12,94.58
ORD-17926,2025-11-05,LATAM,Electronics,429.61,155.45
ORD-17927,2025-12-06,LATAM,Toys,434.48,280.06
ORD-17928,2025-12-30,NA,Home,390.81,168.73
ORD-17929,2025-11-12,NA,Apparel,101.04,45.19
ORD-17930,2025-12-01,LATAM,Toys,414.46,130.83
ORD-17931,2025-11-21,NA,Home,389.24,167.67
ORD-17932,2025-11-23,APAC,Apparel,306.43,200.82
ORD-17933,2025-11-14,LATAM,Home,181.86,56.42
ORD-17934,2025-12-28,NA,Home,146.0,67.53
ORD-17935,2025-12-07,EU,Electronics,78.51,24.54
ORD-17936,2025-11-18,NA,Home,264.68,118.67
ORD-17937,2025-11-12,LATAM,Home,300.93,111.06
ORD-17938,2025-12-31,APAC,Home,192.48,77.16
ORD-17939,2025-12-18,EU,Apparel,248.17,161.57
ORD-17940,2025-12-14,EU,Electronics,194.49,92.27
ORD-17941,2025-12-30,NA,Home,327.68,134.19
ORD-17942,2025-12-29,APAC,Toys,452.6,242.47
ORD-17943,2025-11-13,EU,Toys,98.68,35.21
ORD-17944,2025-12-02,APAC,Toys,203.08,81.99
ORD-17945,2025-12-18,APAC,Electronics,87.62,45.43
ORD-17946,2025-11-13,EU,Electronics,319.97,126.39
ORD-17947,2025-11-16,EU,Electronics,369.86,211.43
ORD-17948,2025-12-18,LATAM,Home,467.32,232.07
ORD-17949,2025-11-16,EU,Electronics,153.86,93.67
ORD-17950,2025-12-26,EU,Toys,476.1,323.41
ORD-17951,2025-11-17,NA,Toys,50.37,17.44
ORD-17952,2025-11-14,EU,Home,309.45,134.26
ORD-17953,2025-11-15,EU,Electronics,47.42,20.29
ORD-17954,2025-11-13,EU,Toys,449.01,161.86
ORD-17955,2025-12-24,LATAM,Toys,274.31,171.2
ORD-17956,2025-11-16,NA,Toys,341.29,206.12
ORD-17957,2025-12-24,EU,Toys,419.16,206.97
ORD-17958,2025-12-10,EU,Toys,92.15,47.47
ORD-17959,2025-11-23,NA,Electronics,38.52,12.47
ORD-17960,2025-11-10,NA,Electronics,441.86,230.74
ORD-17961,2025-12-20,APAC,Apparel,171.17,105.53
ORD-17962,2025-11-07,NA,Home,81.91,43.37
ORD-17963,2025-11-08,EU,Electronics,244.86,99.44
ORD-17964,2025-12-29,NA,Electronics,307.19,174.18
ORD-17965,2025-11-06,APAC,Toys,34.87,15.5
ORD-17966,2025-12-14,EU,Apparel,151.95,78.7
ORD-17967,2025-12-13,LATAM,Electronics,35.74,17.69
ORD-17968,2025-12-02,APAC,Electronics,221.76,100.34
ORD-17969,2025-12-10,APAC,Electronics,449.65,264.19
ORD-17970,2025-11-01,EU,Electronics,491.67,321.33
ORD-17971,2025-12-19,APAC,Apparel,325.78,98.41
ORD-17972,2025-12-25,LATAM,Electronics,97.59,65.72
ORD-17973,2025-12-05,LATAM,Toys,454.81,229.5
ORD-17974,2025-11-03,NA,Toys,267.8,155.4
ORD-17975,2025-12-25,EU,Toys,93.8,60.24
ORD-17976,2025-12-01,EU,Apparel,462.43,225.13
ORD-17977,2025-11-24,EU,Toys,383.59,243.19
ORD-17978,2025-12-10,NA,Electronics,371.22,137.74
ORD-17979,2025-11-21,EU,Toys,360.41,131.07
ORD-17980,2025-12-02,APAC,Electronics,116.16,65.4
ORD-17981,2025-12-28,LATAM,Apparel,121.28,78.6
ORD-17982,2025-12-27,NA,Apparel,350.38,230.19
ORD-17983,2025-12-28,EU,Home,125.47,69.95
ORD-17984,2025-12-07,EU,Toys,230.56,117.63
ORD-17985,2025-12-26,NA,Electronics,395.36,171.02
ORD-17986,2025-11-18,NA,Apparel,396.3,274.24
ORD-17987,2025-12-02,EU,Home,237.57,101.65
ORD-17988,2025-11-12,APAC,Home,400.25,239.22
ORD-17989,2025-12-19,NA,Home,422.54,216.68
ORD-17990,2025-12-29,NA,Home,334.29,181.65
ORD-17991,2025-12-03,LATAM,Electronics,129.64,59.3
ORD-17992,2025-11-18,EU,Electronics,151.53,103.94
ORD-17993,2025-11-26,EU,Toys,171.12,90.47
ORD-17994,2025-11-15,APAC,Electronics,76.07,51.36
ORD-17995,2025-12-19,APAC,Electronics,151.12,45.79
ORD-17996,2025-12-07,NA,Toys,120.57,63.79
ORD-17997,2025-11-09,EU,Apparel,238.56,140.0
ORD-17998,2025-11-04,APAC,Electronics,456.05,272.73
ORD-17999,2025-12-04,NA,Apparel,70.15,46.44
