deal_id,rep_id,close_date,deal_value,currency,stage
D00001,R039,2023-12-15,92323.03,EUR,closed_won
D00002,R046,2023-12-29,160188.48,USD,closed_won
D00003,R012,2024-01-06,60375.36,USD,closed_won
D00004,R025,2024-01-18,331591.54,GBP,closed_won
D00005,R032,2023-12-27,195972.02,GBP,closed_won
D00006,R003,2024-01-25,251634.8,USD,closed_won
D00007,R043,2023-12-05,456585.08,EUR,closed_won
D00008,R026,2023-12-06,259432.14,GBP,closed_won
D00009,R018,2023-11-03,460322.08,USD,closed_won
D00010,R020,2023-11-01,111969.44,USD,closed_won
D00011,R047,2023-12-09,307269.05,USD,closed_won
D00012,R014,2023-12-19,491266.85,USD,closed_won
D00013,R032,2024-01-30,453597.38,EUR,closed_won
D00014,R039,2023-12-28,436064.69,GBP,closed_won
D00015,R037,2023-12-30,333969.16,EUR,closed_won
D00016,R028,2023-11-15,372201.68,GBP,closed_won
D00017,R015,2023-11-01,39654.54,USD,closed_won
D00018,R007,2024-01-20,243187.26,USD,closed_won
D00019,R050,2023-11-07,60713.25,USD,closed_won
D00020,R040,2023-11-25,414839.88,GBP,closed_won
D00021,R019,2023-12-04,344146.7,USD,closed_won
D00022,R006,2023-11-01,374927.1,USD,closed_won
D00023,R044,2024-01-23,318510.93,USD,closed_won
D00024,R012,2024-01-27,345097.95,USD,closed_won
D00025,R021,2023-12-27,134076.01,GBP,closed_won
D00026,R034,2024-01-11,163492.95,EUR,closed_won
D00027,R043,2023-11-11,445547.63,USD,closed_won
D00028,R005,2023-12-12,407567.17,USD,closed_won
D00029,R036,2024-01-11,85674.21,EUR,closed_won
D00030,R021,2024-01-18,305702.16,GBP,closed_won
D00031,R036,2023-11-21,84496.12,GBP,closed_won
D00032,R025,2023-12-03,28481.01,USD,closed_won
D00033,R011,2024-01-21,221783.25,USD,closed_won
D00034,R018,2023-12-17,156579.62,USD,closed_won
D00035,R028,2023-12-22,456351.11,EUR,closed_won
D00036,R017,2023-11-20,333650.82,USD,closed_won
D00037,R030,2023-11-28,94611.95,EUR,closed_won
D00038,R017,2023-11-06,400147.72,USD,closed_won
D00039,R029,2024-01-19,497456.84,EUR,closed_won
D00040,R024,2024-01-01,398043.12,GBP,closed_won
D00041,R029,2023-12-10,478567.73,USD,closed_won
D00042,R033,2023-11-13,480691.77,EUR,closed_won
D00043,R003,2023-12-23,238456.56,USD,closed_won
D00044,R004,2023-11-05,73568.18,USD,closed_won
D00045,R003,2024-01-22,119369.86,USD,closed_won
D00046,R035,2023-11-22,20797.14,EUR,closed_won
D00047,R044,2023-11-11,254960.96,USD,closed_won
D00048,R026,2023-12-21,423777.78,EUR,closed_won
D00049,R040,2023-12-25,250334.43,EUR,closed_won
D00050,R013,2024-01-08,466584.62,USD,closed_won
D00051,R024,2023-11-18,42739.53,GBP,closed_won
D00052,R046,2024-01-25,35016.09,USD,closed_won
D00053,R032,2023-11-09,303293.78,EUR,closed_won
D00054,R029,2023-11-26,317177.16,USD,closed_won
D00055,R039,2023-11-27,461020.97,GBP,closed_won
D00056,R013,2024-01-23,193537.32,USD,closed_won
D00057,R050,2023-12-21,308352.28,USD,closed_won
D00058,R040,2023-12-29,57492.03,EUR,closed_won
D00059,R018,2024-01-04,368087.99,USD,closed_won
D00060,R009,2024-01-15,447209.34,USD,closed_won
D00061,R016,2024-01-11,352685.8,USD,closed_won
D00062,R026,2023-11-25,27958.3,GBP,closed_won
D00063,R001,2023-12-06,450705.06,USD,closed_won
D00064,R007,2023-11-16,151129.85,USD,closed_won
D00065,R030,2023-12-02,421397.68,EUR,closed_won
D00066,R030,2024-01-17,141758.96,EUR,closed_won
D00067,R044,2023-12-19,345257.97,USD,closed_won
D00068,R020,2023-11-25,492040.2,USD,closed_won
D00069,R038,2024-01-26,402093.71,EUR,closed_won
D00070,R001,2024-01-26,447035.08,USD,closed_won
D00071,R005,2023-12-14,481543.82,USD,closed_won
D00072,R010,2024-01-30,121830.76,USD,closed_won
D00073,R046,2023-12-30,201945.29,EUR,closed_won
D00074,R044,2023-12-31,395820.86,EUR,closed_won
D00075,R037,2024-01-11,435474.82,USD,closed_won
D00076,R046,2023-11-01,376928.18,USD,closed_won
D00077,R049,2024-01-14,446034.12,USD,closed_won
D00078,R036,2023-12-03,298874.9,EUR,closed_won
D00079,R031,2023-12-23,244467.32,EUR,closed_won
D00080,R019,2024-01-10,98178.32,USD,closed_won
D00081,R007,2023-11-03,136926.44,USD,closed_won
D00082,R038,2023-12-02,117002.29,GBP,closed_won
D00083,R027,2023-12-12,41683.1,EUR,closed_won
D00084,R013,2023-11-23,257843.15,EUR,closed_won
D00085,R013,2023-11-29,440821.18,USD,closed_won
D00086,R039,2023-12-27,477439.58,GBP,closed_won
D00087,R007,2023-11-21,66549.39,USD,closed_won
D00088,R028,2023-12-08,99349.44,EUR,closed_won
D00089,R028,2023-11-10,300429.37,EUR,closed_won
D00090,R043,2024-01-18,214330.38,USD,closed_won
D00091,R019,2023-11-04,471938.65,USD,closed_won
D00092,R045,2023-12-06,426309.7,USD,closed_won
D00093,R021,2023-11-18,360917.7,EUR,closed_won
D00094,R013,2024-01-08,274808.19,USD,closed_won
D00095,R017,2023-11-28,471209.13,USD,closed_won
D00096,R009,2023-12-01,255491.8,USD,closed_won
D00097,R026,2024-01-15,83242.32,EUR,closed_won
D00098,R048,2024-01-16,98516.9,USD,closed_won
D00099,R048,2023-11-16,34426.2,USD,closed_won
D00100,R046,2024-01-24,243206.78,USD,closed_won
D00101,R031,2023-12-31,494529.87,EUR,closed_won
D00102,R010,2023-12-05,93381.02,USD,closed_won
D00103,R024,2023-12-22,184353.76,EUR,closed_won
D00104,R003,2023-11-05,400944.98,USD,closed_won
D00105,R038,2023-12-19,326726.55,GBP,closed_won
D00106,R050,2024-01-20,239965.78,USD,closed_won
D00107,R008,2023-12-16,462489.18,USD,closed_won
D00108,R020,2024-01-06,336776.62,USD,closed_won
D00109,R024,2023-12-27,184502.55,EUR,closed_won
D00110,R034,2023-12-24,235823.69,GBP,closed_won
D00111,R003,2023-11-26,275078.63,USD,closed_won
D00112,R050,2023-12-04,195841.03,USD,closed_won
D00113,R048,2024-01-22,365495.62,USD,closed_won
D00114,R029,2023-12-01,330594.46,GBP,closed_won
D00115,R021,2023-12-13,80387.37,EUR,closed_won
D00116,R034,2024-01-07,29487.89,EUR,closed_won
D00117,R034,2023-11-15,433102.59,EUR,closed_won
D00118,R039,2023-11-16,152073.21,EUR,closed_won
D00119,R015,2024-01-24,117210.76,USD,closed_won
D00120,R046,2024-01-10,312829.03,EUR,closed_won
D00121,R048,2023-11-06,488541.63,EUR,closed_won
D00122,R017,2023-12-21,212029.49,USD,closed_won
D00123,R002,2023-12-04,469250.0,USD,closed_won
D00124,R023,2024-01-18,255115.64,EUR,closed_won
D00125,R028,2024-01-14,458082.48,EUR,closed_won
D00126,R013,2024-01-26,377595.93,USD,closed_won
D00127,R049,2023-11-10,239097.05,EUR,closed_won
D00128,R025,2023-12-29,143748.04,EUR,closed_won
D00129,R015,2023-11-27,411706.89,USD,closed_won
D00130,R011,2023-12-04,181342.38,USD,closed_won
D00131,R001,2023-11-22,391681.23,USD,closed_won
D00132,R020,2023-11-27,93902.52,GBP,closed_won
D00133,R010,2024-01-20,490794.15,USD,closed_won
D00134,R007,2023-11-23,444727.55,USD,closed_won
D00135,R014,2024-01-05,104651.06,USD,closed_won
D00136,R042,2023-11-23,349358.2,USD,closed_won
D00137,R026,2023-11-03,267900.51,GBP,closed_won
D00138,R037,2023-11-30,241380.27,GBP,closed_won
D00139,R016,2023-12-04,189602.09,USD,closed_won
D00140,R034,2024-01-23,219999.68,GBP,closed_won
D00141,R042,2024-01-05,255803.57,EUR,closed_won
D00142,R041,2023-12-23,66125.71,USD,closed_won
D00143,R027,2023-12-17,20249.0,USD,closed_won
D00144,R003,2023-11-10,333083.65,USD,closed_won
D00145,R002,2023-11-03,433184.47,USD,closed_won
D00146,R008,2023-12-12,64522.92,USD,closed_won
D00147,R041,2023-12-25,381117.88,EUR,closed_won
D00148,R013,2024-01-05,196594.08,USD,closed_won
D00149,R024,2023-12-30,77076.97,EUR,closed_won
D00150,R009,2023-11-05,211283.18,USD,closed_won
D00151,R042,2024-01-30,235390.16,USD,closed_won
D00152,R033,2024-01-27,438972.3,GBP,closed_won
D00153,R012,2024-01-27,372668.06,USD,closed_won
D00154,R015,2023-12-06,361055.73,USD,closed_won
D00155,R003,2023-12-05,144888.63,USD,closed_won
D00156,R025,2023-11-10,289387.07,GBP,closed_won
D00157,R042,2023-11-13,171079.82,USD,closed_won
D00158,R027,2024-01-17,20512.38,EUR,closed_won
D00159,R004,2024-01-11,102540.97,USD,closed_won
D00160,R033,2024-01-16,469060.13,EUR,closed_won
D00161,R011,2023-12-13,346172.96,USD,closed_won
D00162,R010,2023-12-09,222912.34,USD,closed_won
D00163,R007,2023-11-17,193164.17,USD,closed_won
D00164,R018,2024-01-25,118587.34,USD,closed_won
D00165,R031,2024-01-04,71553.42,GBP,closed_won
D00166,R031,2023-11-19,382050.33,USD,closed_won
D00167,R043,2023-11-14,41204.05,USD,closed_won
D00168,R050,2023-12-14,296893.26,USD,closed_won
D00169,R048,2024-01-13,259346.98,USD,closed_won
D00170,R049,2024-01-27,210812.01,GBP,closed_won
D00171,R020,2023-12-31,112739.99,USD,closed_won
D00172,R044,2023-12-24,216161.3,USD,closed_won
D00173,R018,2023-12-05,467734.22,USD,closed_won
D00174,R047,2023-11-25,292608.43,USD,closed_won
D00175,R023,2023-12-03,173943.46,EUR,closed_won
D00176,R028,2023-12-19,99710.06,EUR,closed_won
D00177,R005,2024-01-19,290082.76,USD,closed_won
D00178,R011,2023-12-19,465202.33,USD,closed_won
D00179,R042,2024-01-31,473849.55,EUR,closed_won
D00180,R003,2024-01-24,22217.02,USD,closed_won
D00181,R035,2023-11-08,376860.78,EUR,closed_won
D00182,R002,2023-11-19,22627.09,USD,closed_won
D00183,R024,2024-01-21,199069.08,EUR,closed_won
D00184,R044,2024-01-01,391955.79,USD,closed_won
D00185,R009,2023-11-23,482518.36,USD,closed_won
D00186,R049,2024-01-25,441510.76,USD,closed_won
D00187,R030,2023-12-06,251246.5,USD,closed_won
D00188,R041,2024-01-07,223990.11,GBP,closed_won
D00189,R031,2023-11-12,401480.27,EUR,closed_won
D00190,R006,2024-01-04,439680.44,USD,closed_won
D00191,R027,2023-12-10,98428.02,EUR,closed_won
D00192,R035,2024-01-12,39245.6,EUR,closed_won
D00193,R031,2024-01-25,87019.35,EUR,closed_won
D00194,R018,2023-12-18,214397.15,USD,closed_won
D00195,R048,2023-11-23,332801.34,GBP,closed_won
D00196,R005,2023-12-04,226916.65,USD,closed_won
D00197,R027,2023-12-15,39391.63,GBP,closed_won
D00198,R048,2023-12-19,41655.08,USD,closed_won
D00199,R046,2024-01-23,48715.68,EUR,closed_won
D00200,R006,2024-01-06,459557.53,USD,closed_won
D00201,R027,2024-01-12,50296.24,EUR,closed_won
D00202,R023,2024-01-12,157302.7,EUR,closed_won
D00203,R010,2024-01-02,359765.07,USD,closed_won
D00204,R044,2023-12-27,472823.53,GBP,closed_won
D00205,R040,2023-12-06,451482.36,EUR,closed_won
D00206,R028,2024-01-10,239073.85,GBP,closed_won
D00207,R025,2023-11-18,63081.55,EUR,closed_won
D00208,R039,2023-11-18,313866.08,EUR,closed_won
D00209,R008,2023-11-27,124978.03,USD,closed_won
D00210,R049,2024-01-20,133453.01,GBP,closed_won
D00211,R008,2023-11-14,292913.46,USD,closed_won
D00212,R010,2023-12-31,116896.28,USD,closed_won
D00213,R032,2023-12-30,475444.69,EUR,closed_won
D00214,R044,2023-12-14,230163.95,USD,closed_won
D00215,R012,2023-11-30,279428.81,USD,closed_won
D00216,R017,2023-11-17,228684.68,USD,closed_won
D00217,R034,2024-01-23,469601.45,GBP,closed_won
D00218,R006,2023-12-19,263932.6,USD,closed_won
D00219,R026,2023-11-10,249414.36,GBP,closed_won
D00220,R025,2024-01-07,129424.53,USD,closed_won
D00221,R030,2023-12-26,245122.44,USD,closed_won
D00222,R050,2024-01-05,414662.5,USD,closed_won
D00223,R004,2024-01-23,326209.64,USD,closed_won
D00224,R022,2023-11-28,338014.21,EUR,closed_won
D00225,R018,2024-01-04,224039.25,EUR,closed_won
D00226,R019,2023-11-05,240660.54,USD,closed_won
D00227,R037,2023-12-03,115320.16,GBP,closed_won
D00228,R007,2023-11-21,150841.52,USD,closed_won
D00229,R048,2023-11-27,159838.14,USD,closed_won
D00230,R010,2024-01-06,359915.63,USD,closed_won
D00231,R018,2024-01-13,151246.26,USD,closed_won
D00232,R008,2024-01-05,358413.53,USD,closed_won
D00233,R025,2023-12-24,411235.09,GBP,closed_won
D00234,R038,2023-11-26,193189.07,GBP,closed_won
D00235,R024,2024-01-06,380854.74,EUR,closed_won
D00236,R013,2023-12-04,230634.42,USD,closed_won
D00237,R007,2024-01-22,386314.64,USD,closed_won
D00238,R012,2023-12-28,436242.69,USD,closed_won
D00239,R033,2023-12-11,456131.96,EUR,closed_won
D00240,R045,2024-01-09,27586.67,USD,closed_won
D00241,R005,2023-12-16,292720.33,USD,closed_won
D00242,R021,2024-01-31,128085.28,GBP,closed_won
D00243,R006,2024-01-10,438997.77,USD,closed_won
D00244,R050,2023-11-12,148680.85,USD,closed_won
D00245,R021,2023-12-10,287360.86,GBP,closed_won
D00246,R018,2023-11-21,47813.77,USD,closed_won
D00247,R010,2023-11-06,347038.15,USD,closed_won
D00248,R009,2024-01-30,458376.89,USD,closed_won
D00249,R034,2023-12-09,152579.53,GBP,closed_won
D00250,R012,2023-11-01,227607.48,USD,closed_won
D00251,R022,2023-12-26,201592.65,GBP,closed_won
D00252,R039,2024-01-02,294160.33,EUR,closed_won
D00253,R001,2023-11-20,269079.03,USD,closed_won
D00254,R011,2023-11-13,378596.38,USD,closed_won
D00255,R020,2023-11-16,216823.42,USD,closed_won
D00256,R010,2023-12-19,351392.94,USD,closed_won
D00257,R033,2023-12-31,463206.54,EUR,closed_won
D00258,R021,2023-11-09,66938.24,GBP,closed_won
D00259,R038,2023-11-16,242637.49,EUR,closed_won
D00260,R010,2023-11-20,405305.89,USD,closed_won
D00261,R046,2023-11-11,84818.29,USD,closed_won
D00262,R013,2024-01-25,426402.1,USD,closed_won
D00263,R012,2023-11-08,326840.16,USD,closed_won
D00264,R009,2023-12-07,428478.62,USD,closed_won
D00265,R046,2023-12-19,436363.3,USD,closed_won
D00266,R003,2023-12-20,81580.76,USD,closed_won
D00267,R038,2023-11-10,231786.92,GBP,closed_won
D00268,R037,2024-01-30,413842.85,EUR,closed_won
D00269,R038,2023-12-09,134402.49,EUR,closed_won
D00270,R006,2023-12-17,209648.88,USD,closed_won
D00271,R030,2024-01-13,373531.14,GBP,closed_won
D00272,R013,2024-01-13,401711.48,USD,closed_won
D00273,R010,2024-01-14,492408.93,USD,closed_won
D00274,R046,2023-12-31,493581.8,EUR,closed_won
D00275,R021,2023-11-09,398140.57,GBP,closed_won
D00276,R015,2023-12-15,164633.77,EUR,closed_won
D00277,R045,2023-11-22,336070.77,USD,closed_won
D00278,R031,2023-12-12,361720.55,USD,closed_won
D00279,R012,2023-12-14,187172.42,USD,closed_won
D00280,R003,2024-01-17,473671.18,USD,closed_won
D00281,R038,2023-12-19,378112.63,EUR,closed_won
D00282,R044,2023-12-21,394049.57,USD,closed_won
D00283,R027,2023-12-08,480087.34,EUR,closed_won
D00284,R002,2023-12-05,275174.2,USD,closed_won
D00285,R038,2023-11-06,116736.79,EUR,closed_won
D00286,R033,2023-11-06,297732.46,GBP,closed_won
D00287,R049,2024-01-02,179438.26,GBP,closed_won
D00288,R011,2023-11-18,54226.18,USD,closed_won
D00289,R007,2023-11-03,417082.21,USD,closed_won
D00290,R007,2023-11-04,443444.03,USD,closed_won
D00291,R032,2024-01-26,234748.52,EUR,closed_won
D00292,R036,2023-11-07,402354.43,EUR,closed_won
D00293,R009,2024-01-09,424193.67,USD,closed_won
D00294,R013,2023-12-30,57317.44,USD,closed_won
D00295,R043,2024-01-09,350672.7,USD,closed_won
D00296,R011,2024-01-30,159120.37,USD,closed_won
D00297,R029,2023-12-11,319302.26,EUR,closed_won
D00298,R035,2023-12-22,55553.87,EUR,closed_won
D00299,R035,2023-12-11,126736.61,EUR,closed_won
D00300,R005,2024-01-10,418279.96,USD,closed_won
D00301,R012,2024-01-28,259613.23,USD,closed_won
D00302,R024,2024-01-25,273755.62,GBP,closed_won
D00303,R025,2023-11-12,267529.97,GBP,closed_won
D00304,R004,2023-12-01,244793.86,USD,closed_won
D00305,R025,2023-12-25,124119.74,EUR,closed_won
D00306,R001,2023-12-04,372063.89,USD,closed_won
D00307,R029,2023-11-10,100335.2,EUR,closed_won
D00308,R048,2023-12-07,217884.13,USD,closed_won
D00309,R033,2023-11-23,260100.63,EUR,closed_won
D00310,R046,2023-12-04,127493.92,EUR,closed_won
D00311,R050,2024-01-02,299573.48,USD,closed_won
D00312,R014,2023-11-11,326733.06,GBP,closed_won
D00313,R027,2023-11-30,273700.03,GBP,closed_won
D00314,R011,2024-01-26,493098.13,USD,closed_won
D00315,R022,2023-12-24,149182.64,GBP,closed_won
D00316,R040,2023-11-08,262641.35,EUR,closed_won
D00317,R029,2024-01-02,180103.96,EUR,closed_won
D00318,R038,2023-12-10,428250.02,USD,closed_won
D00319,R010,2023-11-10,285910.94,USD,closed_won
D00320,R016,2023-11-24,152014.9,USD,closed_won
D00321,R003,2024-01-14,427420.21,USD,closed_won
D00322,R031,2024-01-02,54462.63,EUR,closed_won
D00323,R023,2023-11-12,105730.0,GBP,closed_won
D00324,R001,2024-01-02,117339.42,USD,closed_won
D00325,R008,2023-11-19,477511.22,USD,closed_won
D00326,R030,2024-01-24,192639.82,EUR,closed_won
D00327,R024,2023-11-10,361476.49,USD,closed_won
D00328,R022,2023-11-23,392791.25,EUR,closed_won
D00329,R031,2023-11-05,248010.77,GBP,closed_won
D00330,R006,2023-11-17,127323.35,USD,closed_won
D00331,R003,2023-11-08,415719.46,USD,closed_won
D00332,R009,2023-12-26,28573.26,USD,closed_won
D00333,R047,2023-12-17,386249.26,GBP,closed_won
D00334,R001,2023-11-22,284155.28,USD,closed_won
D00335,R043,2024-01-26,220281.73,EUR,closed_won
D00336,R031,2023-12-31,56008.31,EUR,closed_won
D00337,R037,2023-12-19,264718.58,GBP,closed_won
D00338,R024,2023-11-12,197114.51,GBP,closed_won
D00339,R011,2023-12-25,372390.25,USD,closed_won
D00340,R048,2023-12-31,428826.65,EUR,closed_won
D00341,R019,2023-12-14,143789.12,USD,closed_won
D00342,R047,2023-12-20,62433.1,GBP,closed_won
D00343,R008,2023-11-29,248146.7,USD,closed_won
D00344,R004,2023-12-18,425935.71,USD,closed_won
D00345,R017,2023-11-04,477428.08,USD,closed_won
D00346,R023,2023-12-03,254847.29,USD,closed_won
D00347,R008,2023-11-13,157565.01,USD,closed_won
D00348,R023,2023-12-20,154225.44,EUR,closed_won
D00349,R031,2023-12-01,72160.15,EUR,closed_won
D00350,R013,2023-11-30,408945.23,USD,closed_won
D00351,R020,2023-11-19,30479.07,USD,closed_won
D00352,R030,2024-01-18,68137.95,EUR,closed_won
D00353,R022,2023-11-30,308658.93,GBP,closed_won
D00354,R002,2024-01-10,323530.42,USD,closed_won
D00355,R040,2024-01-07,233570.13,GBP,closed_won
D00356,R003,2024-01-13,494070.77,USD,closed_won
D00357,R023,2023-12-18,250303.28,GBP,closed_won
D00358,R017,2023-11-02,44826.32,USD,closed_won
D00359,R007,2024-01-12,63536.85,USD,closed_won
D00360,R026,2024-01-07,486144.87,GBP,closed_won
D00361,R026,2024-01-06,235161.13,EUR,closed_won
D00362,R043,2024-01-19,274747.18,EUR,closed_won
D00363,R020,2024-01-05,34913.41,USD,closed_won
D00364,R016,2024-01-05,107034.3,USD,closed_won
D00365,R035,2023-12-17,187453.11,EUR,closed_won
D00366,R018,2023-12-31,429258.91,USD,closed_won
D00367,R019,2023-11-04,184472.14,USD,closed_won
D00368,R025,2024-01-27,378613.22,USD,closed_won
D00369,R041,2023-11-21,360972.41,GBP,closed_won
D00370,R031,2023-12-15,98171.14,GBP,closed_won
D00371,R018,2024-01-11,314292.52,USD,closed_won
D00372,R047,2023-11-24,71959.73,USD,closed_won
D00373,R002,2024-01-15,154090.31,USD,closed_won
D00374,R019,2024-01-30,177403.46,USD,closed_won
D00375,R002,2023-11-27,495588.69,USD,closed_won
D00376,R038,2024-01-13,170999.15,EUR,closed_won
D00377,R027,2024-01-07,449842.2,GBP,closed_won
D00378,R043,2024-01-05,168060.62,EUR,closed_won
D00379,R041,2024-01-25,389643.54,USD,closed_won
D00380,R033,2024-01-01,403627.0,USD,closed_won
D00381,R039,2023-12-03,152443.44,GBP,closed_won
D00382,R005,2023-12-31,147302.46,USD,closed_won
D00383,R023,2023-11-05,149763.67,EUR,closed_won
D00384,R044,2024-01-09,261205.78,USD,closed_won
D00385,R017,2023-12-05,92864.83,USD,closed_won
D00386,R026,2023-12-21,415477.93,EUR,closed_won
D00387,R021,2023-11-01,484444.65,GBP,closed_won
D00388,R040,2024-01-25,101589.69,USD,closed_won
D00389,R027,2023-11-30,466207.51,EUR,closed_won
D00390,R029,2023-11-24,306970.9,GBP,closed_won
D00391,R003,2023-12-17,144107.45,USD,closed_won
D00392,R026,2023-12-07,449469.72,USD,closed_won
D00393,R017,2023-12-01,232474.89,USD,closed_won
D00394,R006,2024-01-10,438815.24,GBP,closed_won
D00395,R023,2024-01-24,74729.21,GBP,closed_won
D00396,R005,2023-12-02,190479.15,USD,closed_won
D00397,R016,2023-11-29,451220.18,USD,closed_won
D00398,R010,2023-12-27,38600.64,USD,closed_won
D00399,R004,2023-12-25,65130.18,USD,closed_won
D00400,R033,2023-12-08,85505.87,GBP,closed_won
D00401,R044,2024-04-19,162496.87,USD,closed_won
D00402,R019,2024-03-31,114540.58,USD,closed_won
D00403,R020,2024-03-01,185784.03,USD,closed_won
D00404,R020,2024-02-02,302009.36,USD,closed_won
D00405,R019,2024-02-12,400962.86,USD,closed_won
D00406,R022,2024-03-20,240020.62,EUR,closed_won
D00407,R029,2024-04-04,263684.96,USD,closed_won
D00408,R038,2024-03-25,313970.88,GBP,closed_won
D00409,R032,2024-03-19,37486.49,GBP,closed_won
D00410,R044,2024-02-15,331230.89,USD,closed_won
D00411,R044,2024-04-21,357813.29,USD,closed_won
D00412,R017,2024-03-16,386820.97,USD,closed_won
D00413,R015,2024-02-15,313050.56,EUR,closed_won
D00414,R036,2024-04-03,369671.3,EUR,closed_won
D00415,R001,2024-04-29,383121.46,USD,closed_won
D00416,R048,2024-04-19,175828.96,USD,closed_won
D00417,R022,2024-02-27,451097.64,EUR,closed_won
D00418,R030,2024-03-07,106738.97,USD,closed_won
D00419,R020,2024-02-25,386756.51,USD,closed_won
D00420,R009,2024-04-16,52149.45,USD,closed_won
D00421,R002,2024-02-27,493294.28,USD,closed_won
D00422,R014,2024-02-12,259039.18,USD,closed_won
D00423,R029,2024-02-29,86518.66,EUR,closed_won
D00424,R042,2024-02-19,197394.37,EUR,closed_won
D00425,R044,2024-03-01,53186.32,USD,closed_won
D00426,R009,2024-02-01,51871.17,USD,closed_won
D00427,R037,2024-02-07,31403.12,GBP,closed_won
D00428,R043,2024-03-14,224597.22,USD,closed_won
D00429,R028,2024-02-03,494764.13,EUR,closed_won
D00430,R042,2024-02-27,445440.72,USD,closed_won
D00431,R024,2024-04-09,220915.9,EUR,closed_won
D00432,R014,2024-02-24,176911.21,USD,closed_won
D00433,R024,2024-04-18,91971.91,EUR,closed_won
D00434,R019,2024-03-23,353052.48,USD,closed_won
D00435,R007,2024-03-11,24136.28,USD,closed_won
D00436,R039,2024-02-25,379074.06,GBP,closed_won
D00437,R030,2024-04-16,25248.67,GBP,closed_won
D00438,R018,2024-04-28,110955.81,GBP,closed_won
D00439,R028,2024-02-20,381475.17,EUR,closed_won
D00440,R040,2024-02-19,286821.15,GBP,closed_won
D00441,R013,2024-03-20,347310.03,USD,closed_won
D00442,R047,2024-02-18,253815.4,USD,closed_won
D00443,R012,2024-02-13,467101.73,USD,closed_won
D00444,R010,2024-04-16,452133.49,USD,closed_won
D00445,R005,2024-02-06,323181.7,USD,closed_won
D00446,R035,2024-04-21,301364.62,GBP,closed_won
D00447,R036,2024-02-18,302010.45,EUR,closed_won
D00448,R048,2024-04-01,498880.35,USD,closed_won
D00449,R011,2024-03-02,294353.5,USD,closed_won
D00450,R021,2024-04-09,335520.3,EUR,closed_won
D00451,R030,2024-02-26,319885.1,EUR,closed_won
D00452,R040,2024-04-10,151115.14,EUR,closed_won
D00453,R006,2024-03-21,63395.88,USD,closed_won
D00454,R034,2024-02-02,417171.61,EUR,closed_won
D00455,R037,2024-02-27,234200.01,EUR,closed_won
D00456,R017,2024-03-05,196751.55,USD,closed_won
D00457,R008,2024-02-15,473188.95,USD,closed_won
D00458,R019,2024-04-26,182386.65,USD,closed_won
D00459,R006,2024-04-16,405298.39,USD,closed_won
D00460,R031,2024-02-17,44453.16,GBP,closed_won
D00461,R021,2024-03-30,285081.5,GBP,closed_won
D00462,R027,2024-04-02,36261.34,GBP,closed_won
D00463,R025,2024-03-16,153055.11,GBP,closed_won
D00464,R048,2024-02-06,328312.36,GBP,closed_won
D00465,R027,2024-04-19,66441.39,EUR,closed_won
D00466,R006,2024-03-04,128815.35,USD,closed_won
D00467,R008,2024-03-03,290391.8,USD,closed_won
D00468,R009,2024-02-27,92476.7,USD,closed_won
D00469,R046,2024-04-26,323017.24,GBP,closed_won
D00470,R042,2024-03-18,27911.46,EUR,closed_won
D00471,R035,2024-02-16,201095.28,EUR,closed_won
D00472,R026,2024-02-01,183064.19,EUR,closed_won
D00473,R022,2024-04-20,485567.3,EUR,closed_won
D00474,R016,2024-03-21,259654.52,USD,closed_won
D00475,R028,2024-03-01,352530.35,GBP,closed_won
D00476,R014,2024-04-19,316481.34,USD,closed_won
D00477,R002,2024-02-23,309893.44,USD,closed_won
D00478,R026,2024-04-06,334398.04,USD,closed_won
D00479,R005,2024-03-31,380484.2,USD,closed_won
D00480,R028,2024-02-15,354427.97,EUR,closed_won
D00481,R031,2024-02-13,32488.35,USD,closed_won
D00482,R047,2024-04-05,21869.19,USD,closed_won
D00483,R010,2024-02-19,236523.28,USD,closed_won
D00484,R009,2024-03-29,333232.28,USD,closed_won
D00485,R015,2024-03-16,215290.8,USD,closed_won
D00486,R005,2024-03-11,340350.51,EUR,closed_won
D00487,R021,2024-03-16,89195.43,GBP,closed_won
D00488,R002,2024-04-11,188587.01,USD,closed_won
D00489,R034,2024-03-19,390989.64,GBP,closed_won
D00490,R025,2024-02-27,433225.36,EUR,closed_won
D00491,R010,2024-03-03,480606.21,USD,closed_won
D00492,R044,2024-04-22,222797.64,GBP,closed_won
D00493,R029,2024-02-06,135830.88,EUR,closed_won
D00494,R025,2024-03-20,270068.3,GBP,closed_won
D00495,R032,2024-03-27,415009.22,EUR,closed_won
D00496,R036,2024-04-30,434204.66,GBP,closed_won
D00497,R029,2024-03-02,403399.92,GBP,closed_won
D00498,R037,2024-02-07,221678.17,GBP,closed_won
D00499,R050,2024-02-07,464935.52,EUR,closed_won
D00500,R023,2024-03-20,128372.09,EUR,closed_won
D00501,R006,2024-04-23,138070.89,USD,closed_won
D00502,R020,2024-03-07,53654.93,USD,closed_won
D00503,R045,2024-02-28,234692.33,USD,closed_won
D00504,R031,2024-02-28,260471.94,EUR,closed_won
D00505,R030,2024-04-03,183861.68,GBP,closed_won
D00506,R038,2024-02-25,299687.58,GBP,closed_won
D00507,R008,2024-03-04,342273.69,USD,closed_won
D00508,R012,2024-02-15,203027.62,USD,closed_won
D00509,R048,2024-03-16,99615.69,GBP,closed_won
D00510,R044,2024-04-25,437952.02,USD,closed_won
D00511,R020,2024-02-03,409902.53,USD,closed_won
D00512,R020,2024-03-17,130375.05,USD,closed_won
D00513,R033,2024-02-07,139841.78,GBP,closed_won
D00514,R044,2024-03-01,495618.79,USD,closed_won
D00515,R028,2024-04-24,190535.14,EUR,closed_won
D00516,R041,2024-02-23,396660.28,USD,closed_won
D00517,R020,2024-04-21,163404.35,USD,closed_won
D00518,R001,2024-03-21,240817.99,USD,closed_won
D00519,R027,2024-02-09,64692.48,GBP,closed_won
D00520,R029,2024-02-20,193071.25,EUR,closed_won
D00521,R039,2024-04-10,258572.41,EUR,closed_won
D00522,R012,2024-03-19,58776.97,USD,closed_won
D00523,R042,2024-04-22,355245.71,EUR,closed_won
D00524,R044,2024-03-11,461172.64,USD,closed_won
D00525,R016,2024-03-25,233727.42,USD,closed_won
D00526,R048,2024-04-14,97655.58,EUR,closed_won
D00527,R050,2024-02-14,381963.47,EUR,closed_won
D00528,R003,2024-03-21,144676.28,USD,closed_won
D00529,R006,2024-02-09,188677.21,USD,closed_won
D00530,R032,2024-02-22,278800.78,EUR,closed_won
D00531,R035,2024-03-20,56066.92,EUR,closed_won
D00532,R042,2024-04-13,298239.07,GBP,closed_won
D00533,R043,2024-03-20,389789.78,USD,closed_won
D00534,R034,2024-03-26,306011.82,EUR,closed_won
D00535,R013,2024-03-23,108227.9,USD,closed_won
D00536,R003,2024-02-19,39174.3,USD,closed_won
D00537,R028,2024-04-09,228610.0,EUR,closed_won
D00538,R030,2024-04-01,45946.07,EUR,closed_won
D00539,R034,2024-04-24,243301.99,GBP,closed_won
D00540,R037,2024-03-18,126537.94,GBP,closed_won
D00541,R037,2024-02-19,348245.45,EUR,closed_won
D00542,R042,2024-03-16,198421.4,EUR,closed_won
D00543,R040,2024-03-20,137771.01,EUR,closed_won
D00544,R022,2024-04-20,50820.25,EUR,closed_won
D00545,R012,2024-03-28,227032.78,USD,closed_won
D00546,R020,2024-03-20,470981.52,USD,closed_won
D00547,R038,2024-02-18,239790.74,EUR,closed_won
D00548,R038,2024-02-20,70040.1,EUR,closed_won
D00549,R016,2024-04-16,287328.19,USD,closed_won
D00550,R021,2024-04-08,239712.89,USD,closed_won
D00551,R013,2024-04-20,151793.72,USD,closed_won
D00552,R011,2024-03-20,97697.29,USD,closed_won
D00553,R028,2024-03-14,126475.19,EUR,closed_won
D00554,R048,2024-04-04,90342.48,USD,closed_won
D00555,R007,2024-03-30,493615.14,USD,closed_won
D00556,R049,2024-04-19,221640.11,USD,closed_won
D00557,R032,2024-02-28,498593.13,GBP,closed_won
D00558,R008,2024-02-27,47648.5,USD,closed_won
D00559,R049,2024-03-27,91608.41,USD,closed_won
D00560,R036,2024-02-11,94392.89,EUR,closed_won
D00561,R023,2024-04-19,360253.8,GBP,closed_won
D00562,R002,2024-04-19,343589.26,USD,closed_won
D00563,R030,2024-03-09,195288.66,EUR,closed_won
D00564,R030,2024-03-23,290305.06,EUR,closed_won
D00565,R011,2024-04-11,174360.37,USD,closed_won
D00566,R013,2024-02-15,126791.48,USD,closed_won
D00567,R050,2024-03-31,220773.11,USD,closed_won
D00568,R015,2024-02-02,440141.35,USD,closed_won
D00569,R039,2024-03-14,268581.72,USD,closed_won
D00570,R046,2024-03-19,139014.56,USD,closed_won
D00571,R001,2024-03-31,68365.53,USD,closed_won
D00572,R049,2024-04-24,173818.35,USD,closed_won
D00573,R028,2024-04-30,245184.05,EUR,closed_won
D00574,R010,2024-02-24,262747.86,USD,closed_won
D00575,R047,2024-04-02,363742.85,EUR,closed_won
D00576,R036,2024-04-15,67764.63,EUR,closed_won
D00577,R014,2024-04-08,49139.45,USD,closed_won
D00578,R013,2024-02-19,399615.26,USD,closed_won
D00579,R031,2024-04-23,290245.16,EUR,closed_won
D00580,R028,2024-02-12,490036.76,EUR,closed_won
D00581,R042,2024-03-14,377924.0,USD,closed_won
D00582,R039,2024-03-20,58162.67,EUR,closed_won
D00583,R006,2024-02-29,385795.05,USD,closed_won
D00584,R045,2024-04-19,475110.89,USD,closed_won
D00585,R017,2024-03-07,376319.67,USD,closed_won
D00586,R020,2024-02-16,87818.85,USD,closed_won
D00587,R016,2024-02-01,201434.56,USD,closed_won
D00588,R031,2024-03-05,130449.51,USD,closed_won
D00589,R013,2024-04-05,22392.78,USD,closed_won
D00590,R032,2024-02-22,387067.63,EUR,closed_won
D00591,R047,2024-02-19,241270.8,EUR,closed_won
D00592,R049,2024-04-12,445547.8,GBP,closed_won
D00593,R033,2024-03-26,257856.71,GBP,closed_won
D00594,R031,2024-04-16,149551.69,EUR,closed_won
D00595,R011,2024-02-13,443748.48,USD,closed_won
D00596,R013,2024-04-23,107332.62,USD,closed_won
D00597,R021,2024-02-29,482726.58,EUR,closed_won
D00598,R001,2024-02-09,455267.48,USD,closed_won
D00599,R044,2024-02-08,148303.84,EUR,closed_won
D00600,R031,2024-02-23,394841.12,USD,closed_won
D00601,R033,2024-04-24,237734.81,EUR,closed_won
D00602,R011,2024-03-07,459708.0,USD,closed_won
D00603,R044,2024-02-12,42787.28,GBP,closed_won
D00604,R020,2024-02-15,477537.81,USD,closed_won
D00605,R048,2024-02-27,344489.1,EUR,closed_won
D00606,R033,2024-03-11,470098.61,EUR,closed_won
D00607,R010,2024-03-05,335095.38,USD,closed_won
D00608,R036,2024-02-14,343197.59,EUR,closed_won
D00609,R008,2024-03-30,179541.02,USD,closed_won
D00610,R009,2024-02-06,112643.62,USD,closed_won
D00611,R010,2024-03-28,473094.62,USD,closed_won
D00612,R035,2024-03-20,40619.66,GBP,closed_won
D00613,R005,2024-03-23,47272.49,USD,closed_won
D00614,R043,2024-02-02,103051.48,USD,closed_won
D00615,R016,2024-02-25,326957.33,USD,closed_won
D00616,R042,2024-02-14,108220.19,EUR,closed_won
D00617,R030,2024-04-13,109346.6,EUR,closed_won
D00618,R007,2024-04-17,459692.6,USD,closed_won
D00619,R003,2024-02-11,88434.22,GBP,closed_won
D00620,R049,2024-02-06,66171.68,EUR,closed_won
D00621,R004,2024-02-27,342552.58,USD,closed_won
D00622,R050,2024-03-15,39287.15,GBP,closed_won
D00623,R034,2024-04-03,263472.41,EUR,closed_won
D00624,R001,2024-04-14,103412.91,USD,closed_won
D00625,R005,2024-02-14,88783.44,USD,closed_won
D00626,R044,2024-03-26,285647.06,USD,closed_won
D00627,R002,2024-04-09,286404.92,USD,closed_won
D00628,R008,2024-03-20,462914.77,USD,closed_won
D00629,R039,2024-03-19,220017.97,EUR,closed_won
D00630,R004,2024-04-29,188817.15,USD,closed_won
D00631,R005,2024-04-28,90289.36,USD,closed_won
D00632,R030,2024-03-26,154682.54,EUR,closed_won
D00633,R001,2024-03-20,384764.67,USD,closed_won
D00634,R041,2024-04-11,345044.46,USD,closed_won
D00635,R033,2024-02-16,73819.12,EUR,closed_won
D00636,R022,2024-03-18,83622.23,USD,closed_won
D00637,R009,2024-02-22,174598.69,USD,closed_won
D00638,R018,2024-04-05,163963.95,USD,closed_won
D00639,R028,2024-02-26,442123.24,EUR,closed_won
D00640,R041,2024-03-18,150041.79,GBP,closed_won
D00641,R028,2024-02-25,68688.82,USD,closed_won
D00642,R041,2024-02-18,58072.11,USD,closed_won
D00643,R003,2024-02-02,182573.9,USD,closed_won
D00644,R024,2024-04-29,476740.25,EUR,closed_won
D00645,R048,2024-02-16,360764.66,USD,closed_won
D00646,R033,2024-02-17,276012.12,GBP,closed_won
D00647,R025,2024-03-29,36132.79,USD,closed_won
D00648,R034,2024-02-15,326590.84,USD,closed_won
D00649,R010,2024-02-04,228019.48,USD,closed_won
D00650,R005,2024-04-06,255951.57,USD,closed_won
D00651,R029,2024-03-05,258550.19,GBP,closed_won
D00652,R038,2024-02-13,173203.51,USD,closed_won
D00653,R048,2024-02-08,42734.61,GBP,closed_won
D00654,R002,2024-02-29,468026.41,USD,closed_won
D00655,R004,2024-04-11,160109.31,USD,closed_won
D00656,R037,2024-02-09,169387.09,USD,closed_won
D00657,R022,2024-02-13,310067.51,GBP,closed_won
D00658,R041,2024-02-09,263107.19,USD,closed_won
D00659,R043,2024-03-15,32576.71,GBP,closed_won
D00660,R014,2024-02-17,271840.4,USD,closed_won
D00661,R018,2024-04-22,183266.7,USD,closed_won
D00662,R027,2024-02-18,261437.72,EUR,closed_won
D00663,R006,2024-02-13,391447.89,USD,closed_won
D00664,R030,2024-03-19,38586.85,USD,closed_won
D00665,R006,2024-02-27,289087.75,USD,closed_won
D00666,R018,2024-02-16,172670.79,USD,closed_won
D00667,R034,2024-04-18,171055.96,EUR,closed_won
D00668,R030,2024-03-01,84824.39,EUR,closed_won
D00669,R033,2024-03-19,430478.69,GBP,closed_won
D00670,R026,2024-03-27,459390.53,EUR,closed_won
D00671,R001,2024-02-03,435812.37,EUR,closed_won
D00672,R015,2024-03-18,348918.77,USD,closed_won
D00673,R011,2024-03-19,148886.55,USD,closed_won
D00674,R035,2024-03-30,375413.77,GBP,closed_won
D00675,R002,2024-04-06,352139.41,USD,closed_won
D00676,R006,2024-03-19,271243.45,USD,closed_won
D00677,R042,2024-04-14,267631.47,EUR,closed_won
D00678,R041,2024-04-06,336246.15,USD,closed_won
D00679,R026,2024-03-14,131398.62,USD,closed_won
D00680,R015,2024-04-05,428136.17,USD,closed_won
D00681,R003,2024-02-25,213254.26,USD,closed_won
D00682,R027,2024-04-19,463659.08,USD,closed_won
D00683,R044,2024-02-17,492611.54,USD,closed_won
D00684,R028,2024-02-14,177817.09,USD,closed_won
D00685,R029,2024-03-25,146736.18,USD,closed_won
D00686,R003,2024-02-10,181601.99,USD,closed_won
D00687,R044,2024-02-24,414387.55,EUR,closed_won
D00688,R017,2024-03-29,36843.57,USD,closed_won
D00689,R001,2024-02-27,453105.54,USD,closed_won
D00690,R040,2024-03-14,23223.58,EUR,closed_won
D00691,R040,2024-02-09,317463.01,GBP,closed_won
D00692,R040,2024-04-12,230821.85,EUR,closed_won
D00693,R049,2024-03-14,285282.35,USD,closed_won
D00694,R021,2024-03-10,467412.92,GBP,closed_won
D00695,R046,2024-03-02,422395.32,USD,closed_won
D00696,R036,2024-02-18,344669.01,EUR,closed_won
D00697,R038,2024-03-27,302368.91,EUR,closed_won
D00698,R043,2024-03-05,411851.39,EUR,closed_won
D00699,R007,2024-03-02,430017.2,USD,closed_won
D00700,R020,2024-03-06,329539.1,USD,closed_won
D00701,R001,2024-04-07,408769.51,USD,closed_won
D00702,R025,2024-03-18,359488.25,EUR,closed_won
D00703,R048,2024-03-12,382578.34,GBP,closed_won
D00704,R046,2024-02-07,387380.73,USD,closed_won
D00705,R028,2024-04-16,202851.37,GBP,closed_won
D00706,R006,2024-04-02,93693.58,USD,closed_won
D00707,R006,2024-03-15,27915.8,USD,closed_won
D00708,R003,2024-03-28,401755.26,USD,closed_won
D00709,R036,2024-04-14,165719.67,EUR,closed_won
D00710,R008,2024-03-20,128118.95,USD,closed_won
D00711,R045,2024-03-09,498871.02,USD,closed_won
D00712,R043,2024-03-30,185137.84,EUR,closed_won
D00713,R028,2024-02-04,259174.0,EUR,closed_won
D00714,R040,2024-03-10,361313.29,EUR,closed_won
D00715,R026,2024-04-20,487207.37,GBP,closed_won
D00716,R010,2024-02-02,421856.74,USD,closed_won
D00717,R025,2024-04-30,167384.92,GBP,closed_won
D00718,R008,2024-03-25,413650.28,USD,closed_won
D00719,R020,2024-02-14,387554.77,USD,closed_won
D00720,R004,2024-03-25,459266.43,USD,closed_won
D00721,R037,2024-02-11,394091.62,EUR,closed_won
D00722,R025,2024-02-06,406875.48,GBP,closed_won
D00723,R003,2024-03-23,443766.8,GBP,closed_won
D00724,R044,2024-04-02,82412.0,USD,closed_won
D00725,R015,2024-03-11,21921.52,USD,closed_won
D00726,R013,2024-02-23,334902.85,USD,closed_won
D00727,R012,2024-02-02,309227.25,USD,closed_won
D00728,R045,2024-03-03,173880.35,USD,closed_won
D00729,R008,2024-02-23,236439.33,USD,closed_won
D00730,R014,2024-03-02,444878.18,USD,closed_won
D00731,R029,2024-02-13,71066.57,EUR,closed_won
D00732,R010,2024-04-10,302729.99,USD,closed_won
D00733,R042,2024-02-24,276501.65,USD,closed_won
D00734,R041,2024-02-11,104700.87,USD,closed_won
D00735,R038,2024-02-22,138592.44,EUR,closed_won
D00736,R020,2024-04-25,168439.87,USD,closed_won
D00737,R011,2024-04-19,96094.41,USD,closed_won
D00738,R005,2024-03-20,122083.86,USD,closed_won
D00739,R003,2024-02-23,135427.31,USD,closed_won
D00740,R034,2024-03-02,202399.23,EUR,closed_won
D00741,R007,2024-04-17,162202.27,USD,closed_won
D00742,R031,2024-04-11,174576.36,GBP,closed_won
D00743,R044,2024-04-19,374171.45,USD,closed_won
D00744,R022,2024-02-09,65386.57,EUR,closed_won
D00745,R010,2024-03-26,203076.91,EUR,closed_won
D00746,R031,2024-04-11,380936.24,USD,closed_won
D00747,R028,2024-03-25,31893.38,EUR,closed_won
D00748,R003,2024-02-08,295546.64,USD,closed_won
D00749,R013,2024-02-08,179012.86,USD,closed_won
D00750,R008,2024-04-20,436446.98,USD,closed_won
D00751,R037,2024-03-24,429046.01,GBP,closed_won
D00752,R038,2024-03-08,468647.95,GBP,closed_won
D00753,R041,2024-03-22,428497.75,EUR,closed_won
D00754,R026,2024-04-11,481705.33,GBP,closed_won
D00755,R040,2024-02-10,469413.68,GBP,closed_won
D00756,R038,2024-03-31,100299.79,EUR,closed_won
D00757,R029,2024-03-14,401981.6,EUR,closed_won
D00758,R037,2024-03-13,431118.08,EUR,closed_won
D00759,R010,2024-02-11,140082.11,USD,closed_won
D00760,R036,2024-03-24,60732.05,EUR,closed_won
D00761,R011,2024-02-15,243009.24,USD,closed_won
D00762,R038,2024-02-26,465366.99,EUR,closed_won
D00763,R050,2024-03-08,139371.38,USD,closed_won
D00764,R040,2024-02-21,337783.81,EUR,closed_won
D00765,R017,2024-03-05,346728.21,USD,closed_won
D00766,R049,2024-03-03,358139.98,EUR,closed_won
D00767,R038,2024-03-31,421335.58,GBP,closed_won
D00768,R005,2024-03-04,465371.95,USD,closed_won
D00769,R027,2024-04-24,355109.43,USD,closed_won
D00770,R018,2024-02-01,93690.41,USD,closed_won
D00771,R002,2024-03-20,393613.03,USD,closed_won
D00772,R033,2024-02-12,119182.32,EUR,closed_won
D00773,R001,2024-02-25,95574.85,USD,closed_won
D00774,R002,2024-03-27,403120.78,USD,closed_won
D00775,R047,2024-04-20,49565.63,USD,closed_won
D00776,R029,2024-04-30,154316.44,EUR,closed_won
D00777,R022,2024-03-28,321321.01,GBP,closed_won
D00778,R039,2024-03-21,281591.81,USD,closed_won
D00779,R037,2024-04-13,319693.88,EUR,closed_won
D00780,R047,2024-04-11,245687.49,EUR,closed_won
D00781,R021,2024-04-05,39172.12,EUR,closed_won
D00782,R035,2024-03-04,328508.15,EUR,closed_won
D00783,R035,2024-02-04,264005.2,EUR,closed_won
D00784,R048,2024-03-18,155986.8,EUR,closed_won
D00785,R012,2024-04-25,207661.09,USD,closed_won
D00786,R019,2024-03-06,230017.45,USD,closed_won
D00787,R041,2024-02-02,33545.38,USD,closed_won
D00788,R024,2024-02-20,175579.62,EUR,closed_won
D00789,R048,2024-02-15,244180.33,USD,closed_won
D00790,R032,2024-02-15,77541.98,EUR,closed_won
D00791,R006,2024-02-19,477405.82,USD,closed_won
D00792,R021,2024-03-19,362185.42,GBP,closed_won
D00793,R046,2024-02-21,493708.26,GBP,closed_won
D00794,R002,2024-03-09,88379.87,USD,closed_won
D00795,R013,2024-04-05,463817.21,USD,closed_won
D00796,R027,2024-02-04,84078.0,EUR,closed_won
D00797,R008,2024-04-09,274565.61,USD,closed_won
D00798,R036,2024-02-09,442991.94,EUR,closed_won
D00799,R041,2024-02-15,247774.44,EUR,closed_won
D00800,R026,2024-03-21,166357.45,EUR,closed_won
D00801,R020,2024-03-06,226641.11,USD,closed_won
D00802,R034,2024-02-16,463012.84,GBP,closed_won
D00803,R018,2024-02-23,417750.97,USD,closed_won
D00804,R046,2024-04-12,264879.82,USD,closed_won
D00805,R025,2024-03-12,331568.77,EUR,closed_won
D00806,R018,2024-03-04,109115.69,USD,closed_won
D00807,R031,2024-02-20,120685.12,EUR,closed_won
D00808,R044,2024-02-11,480332.66,USD,closed_won
D00809,R022,2024-02-11,304803.26,GBP,closed_won
D00810,R004,2024-04-01,210064.31,USD,closed_won
D00811,R006,2024-02-12,151447.21,USD,closed_won
D00812,R035,2024-03-10,95920.57,USD,closed_won
D00813,R025,2024-03-28,89591.62,USD,closed_won
D00814,R048,2024-03-24,117108.14,USD,closed_won
D00815,R007,2024-04-28,61923.11,USD,closed_won
D00816,R033,2024-02-19,198597.64,EUR,closed_won
D00817,R012,2024-02-06,498207.23,USD,closed_won
D00818,R050,2024-04-05,175315.25,USD,closed_won
D00819,R005,2024-04-01,237532.13,USD,closed_won
D00820,R005,2024-03-30,191415.49,USD,closed_won
D00821,R036,2024-02-28,108386.82,EUR,closed_won
D00822,R027,2024-03-08,313867.22,EUR,closed_won
D00823,R009,2024-02-18,40641.56,USD,closed_won
D00824,R047,2024-03-30,237330.44,USD,closed_won
D00825,R037,2024-04-29,171141.67,EUR,closed_won
D00826,R010,2024-02-23,332941.93,USD,closed_won
D00827,R048,2024-03-30,265221.03,USD,closed_won
D00828,R046,2024-02-20,79529.51,EUR,closed_won
D00829,R028,2024-04-14,201844.43,EUR,closed_won
D00830,R043,2024-03-18,84935.33,USD,closed_won
D00831,R038,2024-03-19,135915.01,EUR,closed_won
D00832,R013,2024-02-08,475809.46,USD,closed_won
D00833,R036,2024-03-16,417533.34,EUR,closed_won
D00834,R023,2024-02-28,209655.37,EUR,closed_won
D00835,R048,2024-04-07,97544.35,GBP,closed_won
D00836,R036,2024-02-13,155031.28,USD,closed_won
D00837,R040,2024-04-20,208571.76,GBP,closed_won
D00838,R010,2024-04-30,33954.37,USD,closed_won
D00839,R009,2024-03-11,94995.8,USD,closed_won
D00840,R029,2024-03-02,370050.2,EUR,closed_won
D00841,R014,2024-04-20,278852.47,USD,closed_won
D00842,R047,2024-04-01,68456.58,USD,closed_won
D00843,R009,2024-03-11,125250.44,USD,closed_won
D00844,R010,2024-02-14,349641.9,USD,closed_won
D00845,R032,2024-03-25,288666.97,EUR,closed_won
D00846,R033,2024-04-01,361760.49,GBP,closed_won
D00847,R005,2024-03-16,174378.72,USD,closed_won
D00848,R026,2024-03-26,388571.54,GBP,closed_won
D00849,R026,2024-03-03,172632.56,EUR,closed_won
D00850,R044,2024-03-21,445778.73,GBP,closed_won
D00851,R040,2024-03-27,269009.88,GBP,closed_won
D00852,R008,2024-03-18,370946.9,USD,closed_won
D00853,R046,2024-02-13,264464.15,USD,closed_won
D00854,R026,2024-04-09,401940.14,GBP,closed_won
D00855,R036,2024-04-12,203839.01,EUR,closed_won
D00856,R002,2024-02-06,351395.89,USD,closed_won
D00857,R002,2024-04-29,278158.59,USD,closed_won
D00858,R013,2024-04-05,23035.83,USD,closed_won
D00859,R030,2024-04-02,119538.98,USD,closed_won
D00860,R023,2024-03-19,210252.72,EUR,closed_won
D00861,R044,2024-04-05,213994.18,USD,closed_won
D00862,R001,2024-04-20,359282.8,USD,closed_won
D00863,R049,2024-04-05,286668.06,USD,closed_won
D00864,R040,2024-04-25,451432.11,GBP,closed_won
D00865,R033,2024-04-20,252471.48,USD,closed_won
D00866,R035,2024-03-30,84279.51,GBP,closed_won
D00867,R025,2024-03-09,285132.12,USD,closed_won
D00868,R037,2024-04-30,76390.25,EUR,closed_won
D00869,R026,2024-04-21,118424.29,EUR,closed_won
D00870,R006,2024-02-09,378167.02,USD,closed_won
D00871,R031,2024-04-02,235427.06,EUR,closed_won
D00872,R004,2024-02-22,235689.89,USD,closed_won
D00873,R029,2024-02-08,54161.03,EUR,closed_won
D00874,R034,2024-03-14,26765.43,EUR,closed_won
D00875,R010,2024-04-15,438920.12,USD,closed_won
D00876,R011,2024-04-27,142774.71,USD,closed_won
D00877,R028,2024-03-14,391038.57,USD,closed_won
D00878,R009,2024-04-13,277759.97,USD,closed_won
D00879,R044,2024-04-29,248616.58,EUR,closed_won
D00880,R042,2024-03-09,430155.07,EUR,closed_won
D00881,R010,2024-02-25,91919.76,USD,closed_won
D00882,R027,2024-04-01,34630.84,GBP,closed_won
D00883,R004,2024-04-24,480401.86,EUR,closed_won
D00884,R014,2024-03-17,349216.31,USD,closed_won
D00885,R041,2024-03-16,400678.13,USD,closed_won
D00886,R041,2024-03-14,407323.03,GBP,closed_won
D00887,R024,2024-04-19,214279.23,EUR,closed_won
D00888,R003,2024-03-24,23527.11,USD,closed_won
D00889,R036,2024-04-11,450371.32,EUR,closed_won
D00890,R046,2024-03-24,310279.38,USD,closed_won
D00891,R004,2024-04-09,408598.02,USD,closed_won
D00892,R030,2024-02-16,275859.49,EUR,closed_won
D00893,R030,2024-02-23,498709.16,EUR,closed_won
D00894,R036,2024-02-19,285686.81,USD,closed_won
D00895,R007,2024-02-02,269770.49,USD,closed_won
D00896,R032,2024-04-11,21469.33,EUR,closed_won
D00897,R041,2024-04-14,429744.41,GBP,closed_won
D00898,R040,2024-04-22,316899.31,GBP,closed_won
D00899,R011,2024-02-29,375894.47,USD,closed_won
D00900,R003,2024-04-25,471065.72,USD,closed_won
D00901,R024,2024-04-02,28750.92,GBP,closed_won
D00902,R026,2024-04-21,79812.92,GBP,closed_won
D00903,R007,2024-03-20,475824.99,USD,closed_won
D00904,R037,2024-04-06,419513.27,GBP,closed_won
D00905,R004,2024-03-24,448391.08,USD,closed_won
D00906,R003,2024-03-18,253355.99,EUR,closed_won
D00907,R016,2024-04-09,336544.29,USD,closed_won
D00908,R028,2024-03-25,248160.06,GBP,closed_won
D00909,R006,2024-04-05,156322.79,USD,closed_won
D00910,R026,2024-04-25,101454.53,EUR,closed_won
D00911,R030,2024-04-06,32580.49,EUR,closed_won
D00912,R045,2024-02-27,246369.33,USD,closed_won
D00913,R012,2024-03-17,94036.94,USD,closed_won
D00914,R016,2024-03-20,384941.98,USD,closed_won
D00915,R011,2024-02-05,230766.83,USD,closed_won
D00916,R038,2024-04-17,403043.77,EUR,closed_won
D00917,R039,2024-03-25,244802.12,USD,closed_won
D00918,R014,2024-03-14,440011.19,USD,closed_won
D00919,R019,2024-04-05,92313.32,USD,closed_won
D00920,R038,2024-04-26,26706.91,GBP,closed_won
D00921,R026,2024-03-29,314525.09,EUR,closed_won
D00922,R010,2024-02-23,109638.18,USD,closed_won
D00923,R012,2024-04-27,452938.25,USD,closed_won
D00924,R016,2024-04-08,292333.07,USD,closed_won
D00925,R029,2024-02-28,164857.01,EUR,closed_won
D00926,R016,2024-04-01,72624.97,USD,closed_won
D00927,R046,2024-03-16,286265.37,USD,closed_won
D00928,R043,2024-03-26,337017.07,GBP,closed_won
D00929,R033,2024-04-02,300350.4,EUR,closed_won
D00930,R042,2024-03-30,177042.01,USD,closed_won
D00931,R021,2024-04-18,99455.12,EUR,closed_won
D00932,R008,2024-04-21,454696.35,GBP,closed_won
D00933,R012,2024-02-07,257913.91,USD,closed_won
D00934,R003,2024-04-21,417678.54,USD,closed_won
D00935,R012,2024-04-20,399398.37,USD,closed_won
D00936,R032,2024-03-27,392398.79,GBP,closed_won
D00937,R015,2024-04-30,428206.97,USD,closed_won
D00938,R027,2024-02-01,191647.14,USD,closed_won
D00939,R014,2024-02-20,389868.47,USD,closed_won
D00940,R023,2024-04-11,82709.72,EUR,closed_won
D00941,R024,2024-04-18,383027.41,EUR,closed_won
D00942,R010,2024-04-11,441165.0,USD,closed_won
D00943,R006,2024-03-30,163300.28,USD,closed_won
D00944,R022,2024-04-07,218623.91,EUR,closed_won
D00945,R005,2024-03-08,287785.61,USD,closed_won
D00946,R037,2024-04-16,284364.27,EUR,closed_won
D00947,R012,2024-03-27,251110.61,USD,closed_won
D00948,R033,2024-02-02,435529.78,USD,closed_won
D00949,R019,2024-02-17,495036.08,USD,closed_won
D00950,R002,2024-03-19,490406.07,USD,closed_won
D00951,R014,2024-03-13,53834.96,USD,closed_won
D00952,R015,2024-03-14,140180.77,USD,closed_won
D00953,R034,2024-03-18,31752.05,GBP,closed_won
D00954,R037,2024-04-30,151634.51,GBP,closed_won
D00955,R013,2024-03-22,382412.66,USD,closed_won
D00956,R028,2024-03-17,440645.44,EUR,closed_won
D00957,R019,2024-04-16,414259.59,USD,closed_won
D00958,R025,2024-04-02,399488.71,USD,closed_won
D00959,R034,2024-04-01,389149.72,GBP,closed_won
D00960,R034,2024-02-07,444104.68,GBP,closed_won
D00961,R033,2024-04-28,117306.44,EUR,closed_won
D00962,R037,2024-04-19,107271.42,GBP,closed_won
D00963,R022,2024-03-12,463047.04,EUR,closed_won
D00964,R032,2024-03-04,174478.0,EUR,closed_won
D00965,R035,2024-04-05,487162.88,EUR,closed_won
D00966,R006,2024-02-07,244168.81,USD,closed_won
D00967,R034,2024-03-24,283672.68,EUR,closed_won
D00968,R007,2024-02-26,470533.12,USD,closed_won
D00969,R011,2024-03-17,318968.46,USD,closed_won
D00970,R006,2024-03-14,147210.23,USD,closed_won
D00971,R010,2024-03-28,150211.55,USD,closed_won
D00972,R017,2024-04-17,351080.94,USD,closed_won
D00973,R012,2024-02-12,247408.52,USD,closed_won
D00974,R014,2024-04-03,123236.39,GBP,closed_won
D00975,R046,2024-02-19,405270.05,USD,closed_won
D00976,R007,2024-04-12,443400.8,USD,closed_won
D00977,R029,2024-02-27,459887.96,EUR,closed_won
D00978,R035,2024-03-11,216088.0,USD,closed_won
D00979,R029,2024-03-07,151376.2,EUR,closed_won
D00980,R016,2024-04-18,336856.46,USD,closed_won
D00981,R006,2024-04-04,439825.0,USD,closed_won
D00982,R004,2024-03-02,373832.84,USD,closed_won
D00983,R039,2024-02-03,237479.42,EUR,closed_won
D00984,R015,2024-02-01,137390.16,USD,closed_won
D00985,R024,2024-03-10,340921.01,GBP,closed_won
D00986,R020,2024-02-22,392348.39,USD,closed_won
D00987,R027,2024-04-09,199323.68,EUR,closed_won
D00988,R015,2024-03-17,100331.49,USD,closed_won
D00989,R022,2024-03-13,313709.42,GBP,closed_won
D00990,R013,2024-02-06,185487.77,USD,closed_won
D00991,R010,2024-03-03,234462.25,USD,closed_won
D00992,R008,2024-04-27,53676.85,USD,closed_won
D00993,R031,2024-02-23,310484.89,GBP,closed_won
D00994,R013,2024-03-08,184765.62,USD,closed_won
D00995,R046,2024-03-06,347263.86,GBP,closed_won
D00996,R007,2024-03-24,128306.23,USD,closed_won
D00997,R011,2024-03-21,37487.33,USD,closed_won
D00998,R004,2024-03-07,73186.11,USD,closed_won
D00999,R027,2024-02-18,463579.83,EUR,closed_won
D01000,R025,2024-03-28,51303.52,EUR,closed_won
D01001,R050,2024-04-18,462542.88,USD,closed_won
D01002,R026,2024-04-01,336232.05,EUR,closed_won
D01003,R014,2024-03-21,329161.69,USD,closed_won
D01004,R036,2024-02-02,22907.9,USD,closed_won
D01005,R022,2024-04-08,334635.86,USD,closed_won
D01006,R014,2024-04-24,300948.75,GBP,closed_won
D01007,R046,2024-02-15,379806.2,EUR,closed_won
D01008,R035,2024-04-14,151630.31,EUR,closed_won
D01009,R001,2024-02-21,110015.09,USD,closed_won
D01010,R010,2024-03-22,229688.96,USD,closed_won
D01011,R038,2024-02-29,411092.17,USD,closed_won
D01012,R024,2024-04-06,229398.33,EUR,closed_won
D01013,R030,2024-02-19,263700.24,EUR,closed_won
D01014,R035,2024-02-03,133459.3,EUR,closed_won
D01015,R001,2024-04-22,362985.01,USD,closed_won
D01016,R028,2024-03-05,217414.76,EUR,closed_won
D01017,R036,2024-04-28,397671.82,EUR,closed_won
D01018,R021,2024-02-09,347499.06,EUR,closed_won
D01019,R015,2024-04-01,55374.0,USD,closed_won
D01020,R007,2024-02-02,223991.22,USD,closed_won
D01021,R044,2024-02-25,164701.6,USD,closed_won
D01022,R033,2024-04-08,116810.25,USD,closed_won
D01023,R039,2024-02-29,61637.97,GBP,closed_won
D01024,R007,2024-04-02,31165.01,USD,closed_won
D01025,R032,2024-02-12,150290.92,EUR,closed_won
D01026,R045,2024-04-22,160820.08,EUR,closed_won
D01027,R006,2024-04-23,228041.48,USD,closed_won
D01028,R032,2024-02-22,269270.68,EUR,closed_won
D01029,R030,2024-03-23,206000.26,EUR,closed_won
D01030,R035,2024-04-24,309278.92,USD,closed_won
D01031,R030,2024-02-12,72346.07,GBP,closed_won
D01032,R043,2024-03-29,128011.34,USD,closed_won
D01033,R050,2024-03-19,352156.82,USD,closed_won
D01034,R014,2024-04-29,446618.13,USD,closed_won
D01035,R026,2024-03-28,106345.5,EUR,closed_won
D01036,R015,2024-04-30,442128.63,USD,closed_won
D01037,R035,2024-04-12,243492.08,EUR,closed_won
D01038,R007,2024-04-19,411153.08,USD,closed_won
D01039,R017,2024-03-24,215803.81,USD,closed_won
D01040,R047,2024-04-06,442292.7,USD,closed_won
D01041,R014,2024-04-17,252780.92,USD,closed_won
D01042,R011,2024-03-19,322298.13,USD,closed_won
D01043,R038,2024-03-15,93792.93,EUR,closed_won
D01044,R032,2024-04-29,110173.15,GBP,closed_won
D01045,R032,2024-02-23,492233.84,USD,closed_won
D01046,R030,2024-02-05,395882.39,GBP,closed_won
D01047,R030,2024-03-24,376074.04,EUR,closed_won
D01048,R012,2024-03-28,133608.32,GBP,closed_won
D01049,R012,2024-02-08,363027.28,USD,closed_won
D01050,R008,2024-03-23,133115.82,USD,closed_won
D01051,R019,2024-03-24,318191.93,USD,closed_won
D01052,R002,2024-02-16,438946.66,USD,closed_won
D01053,R016,2024-02-06,119974.4,USD,closed_won
D01054,R024,2024-02-10,127488.51,GBP,closed_won
D01055,R046,2024-02-23,179746.58,USD,closed_won
D01056,R016,2024-02-19,69487.75,USD,closed_won
D01057,R043,2024-03-16,305839.86,EUR,closed_won
D01058,R018,2024-04-27,189530.16,USD,closed_won
D01059,R024,2024-03-18,388093.53,EUR,closed_won
D01060,R003,2024-03-30,332374.32,USD,closed_won
D01061,R039,2024-02-19,275253.84,EUR,closed_won
D01062,R012,2024-04-08,159806.37,USD,closed_won
D01063,R010,2024-03-16,229973.41,USD,closed_won
D01064,R031,2024-03-20,322167.95,GBP,closed_won
D01065,R044,2024-04-11,174610.88,EUR,closed_won
D01066,R022,2024-02-10,428788.08,USD,closed_won
D01067,R027,2024-02-22,449950.8,EUR,closed_won
D01068,R045,2024-02-12,92357.2,EUR,closed_won
D01069,R013,2024-03-09,499467.94,USD,closed_won
D01070,R013,2024-04-28,490517.42,USD,closed_won
D01071,R008,2024-03-16,77737.14,USD,closed_won
D01072,R028,2024-02-06,283824.23,EUR,closed_won
D01073,R028,2024-03-22,97372.28,USD,closed_won
D01074,R009,2024-02-19,266218.14,USD,closed_won
D01075,R047,2024-03-06,261525.04,USD,closed_won
D01076,R014,2024-02-21,262752.17,USD,closed_won
D01077,R023,2024-03-07,91765.63,EUR,closed_won
D01078,R025,2024-04-16,299048.63,GBP,closed_won
D01079,R009,2024-04-18,218529.51,USD,closed_won
D01080,R047,2024-04-08,159425.76,USD,closed_won
D01081,R047,2024-04-16,194891.39,EUR,closed_won
D01082,R018,2024-02-02,328861.87,USD,closed_won
D01083,R035,2024-02-21,161386.92,GBP,closed_won
D01084,R031,2024-02-20,99058.95,GBP,closed_won
D01085,R023,2024-04-02,102441.51,EUR,closed_won
D01086,R042,2024-03-02,76017.77,EUR,closed_won
D01087,R047,2024-04-14,45811.86,EUR,closed_won
D01088,R039,2024-03-22,227192.1,EUR,closed_won
D01089,R016,2024-03-24,230951.25,USD,closed_won
D01090,R003,2024-03-17,163830.51,USD,closed_won
D01091,R011,2024-03-04,260017.38,USD,closed_won
D01092,R002,2024-03-02,318310.67,USD,closed_won
D01093,R043,2024-04-08,178965.56,USD,closed_won
D01094,R047,2024-04-10,449258.85,EUR,closed_won
D01095,R025,2024-02-14,247488.42,EUR,closed_won
D01096,R005,2024-03-03,175881.02,USD,closed_won
D01097,R001,2024-02-08,495776.01,USD,closed_won
D01098,R016,2024-04-19,331446.53,USD,closed_won
D01099,R021,2024-02-27,79592.01,EUR,closed_won
D01100,R038,2024-04-16,421860.9,GBP,closed_won
D01101,R009,2024-02-23,22055.75,USD,closed_won
D01102,R010,2024-03-12,204757.97,USD,closed_won
D01103,R034,2024-02-12,30873.91,USD,closed_won
D01104,R044,2024-02-29,312040.04,EUR,closed_won
D01105,R029,2024-02-15,442570.34,USD,closed_won
D01106,R034,2024-02-25,381588.62,EUR,closed_won
D01107,R018,2024-04-03,101710.54,USD,closed_won
D01108,R009,2024-03-29,45002.61,USD,closed_won
D01109,R001,2024-04-07,236570.45,USD,closed_won
D01110,R004,2024-04-09,214276.76,EUR,closed_won
D01111,R046,2024-03-26,160566.48,USD,closed_won
D01112,R006,2024-04-19,69407.04,USD,closed_won
D01113,R005,2024-04-25,22135.53,USD,closed_won
D01114,R012,2024-02-02,214853.31,USD,closed_won
D01115,R046,2024-03-25,108387.29,EUR,closed_won
D01116,R022,2024-02-25,160771.28,EUR,closed_won
D01117,R007,2024-04-29,333470.52,USD,closed_won
D01118,R024,2024-03-21,414497.82,EUR,closed_won
D01119,R006,2024-03-07,405936.21,USD,closed_won
D01120,R013,2024-04-30,222994.85,USD,closed_won
D01121,R031,2024-04-30,300833.0,EUR,closed_won
D01122,R045,2024-02-24,177382.84,USD,closed_won
D01123,R003,2024-02-13,479043.17,USD,closed_won
D01124,R025,2024-04-17,203300.2,GBP,closed_won
D01125,R043,2024-04-24,105337.33,USD,closed_won
D01126,R036,2024-03-01,493357.44,GBP,closed_won
D01127,R016,2024-04-11,396781.72,USD,closed_won
D01128,R006,2024-03-17,179408.57,USD,closed_won
D01129,R031,2024-03-07,385952.88,GBP,closed_won
D01130,R034,2024-03-30,145899.76,GBP,closed_won
D01131,R028,2024-04-08,181014.04,EUR,closed_won
D01132,R032,2024-03-24,108288.54,GBP,closed_won
D01133,R015,2024-04-30,186540.81,USD,closed_won
D01134,R013,2024-02-13,39215.01,USD,closed_won
D01135,R020,2024-04-09,61512.41,USD,closed_won
D01136,R017,2024-03-03,89730.78,USD,closed_won
D01137,R031,2024-04-10,185027.1,GBP,closed_won
D01138,R022,2024-02-26,97196.65,GBP,closed_won
D01139,R013,2024-03-01,339609.78,USD,closed_won
D01140,R035,2024-04-19,40322.94,EUR,closed_won
D01141,R017,2024-04-17,53319.94,USD,closed_won
D01142,R015,2024-02-12,117814.87,USD,closed_won
D01143,R034,2024-03-19,332453.08,GBP,closed_won
D01144,R033,2024-03-28,220001.32,GBP,closed_won
D01145,R030,2024-03-09,57087.69,GBP,closed_won
D01146,R046,2024-03-10,225368.46,EUR,closed_won
D01147,R048,2024-02-03,89762.1,EUR,closed_won
D01148,R016,2024-03-25,332101.89,USD,closed_won
D01149,R030,2024-04-07,123871.79,EUR,closed_won
D01150,R037,2024-04-13,396038.47,EUR,closed_won
D01151,R012,2024-03-31,111565.26,USD,closed_won
D01152,R005,2024-02-20,206085.37,USD,closed_won
D01153,R029,2024-02-11,217589.27,EUR,closed_won
D01154,R022,2024-03-05,39601.09,EUR,closed_won
D01155,R035,2024-03-28,90338.71,EUR,closed_won
D01156,R020,2024-03-17,98439.96,USD,closed_won
D01157,R018,2024-04-21,391857.24,USD,closed_won
D01158,R014,2024-04-04,244901.61,USD,closed_won
D01159,R048,2024-02-04,204701.42,USD,closed_won
D01160,R018,2024-02-03,467586.58,USD,closed_won
D01161,R001,2024-02-27,465362.34,EUR,closed_won
D01162,R041,2024-02-02,335855.51,USD,closed_won
D01163,R023,2024-02-24,418393.59,GBP,closed_won
D01164,R005,2024-04-09,81998.81,USD,closed_won
D01165,R008,2024-02-01,481054.62,USD,closed_won
D01166,R037,2024-03-08,277951.34,GBP,closed_won
D01167,R018,2024-02-04,378802.83,USD,closed_won
D01168,R047,2024-02-16,330054.83,USD,closed_won
D01169,R004,2024-03-28,70984.38,USD,closed_won
D01170,R006,2024-02-29,402151.4,USD,closed_won
D01171,R026,2024-03-05,50206.41,USD,closed_won
D01172,R032,2024-04-23,81579.88,EUR,closed_won
D01173,R035,2024-03-19,499454.36,EUR,closed_won
D01174,R001,2024-04-25,444241.87,USD,closed_won
D01175,R019,2024-04-14,217810.32,USD,closed_won
D01176,R008,2024-04-23,133828.57,USD,closed_won
D01177,R034,2024-03-03,482875.56,GBP,closed_won
D01178,R013,2024-03-21,102178.37,USD,closed_won
D01179,R013,2024-03-13,439951.55,USD,closed_won
D01180,R032,2024-03-14,397264.07,EUR,closed_won
D01181,R021,2024-03-31,244680.98,USD,closed_won
D01182,R027,2024-02-19,104500.79,USD,closed_won
D01183,R008,2024-03-29,139787.45,USD,closed_won
D01184,R023,2024-02-05,459317.97,EUR,closed_won
D01185,R015,2024-02-12,409069.09,USD,closed_won
D01186,R048,2024-04-14,186441.2,EUR,closed_won
D01187,R026,2024-03-12,311205.69,GBP,closed_won
D01188,R015,2024-02-09,283821.96,USD,closed_won
D01189,R049,2024-02-04,159222.97,USD,closed_won
D01190,R028,2024-04-10,238300.52,EUR,closed_won
D01191,R034,2024-03-01,104526.77,USD,closed_won
D01192,R018,2024-04-19,179783.66,USD,closed_won
D01193,R016,2024-02-24,194646.45,USD,closed_won
D01194,R009,2024-04-09,337889.03,USD,closed_won
D01195,R010,2024-02-06,29000.28,USD,closed_won
D01196,R008,2024-04-17,81517.89,USD,closed_won
D01197,R017,2024-02-21,381026.37,USD,closed_won
D01198,R043,2024-03-25,364140.13,USD,closed_won
D01199,R017,2024-02-19,161418.13,EUR,closed_won
D01200,R029,2024-03-09,399743.9,EUR,closed_won
D01201,R022,2024-04-23,324129.82,USD,closed_won
D01202,R029,2024-02-17,247998.78,EUR,closed_won
D01203,R029,2024-02-27,456997.92,USD,closed_won
D01204,R045,2024-02-07,307016.25,USD,closed_won
D01205,R003,2024-03-26,361226.09,USD,closed_won
D01206,R003,2024-03-11,128883.91,USD,closed_won
D01207,R032,2024-04-28,52994.38,GBP,closed_won
D01208,R031,2024-03-21,314990.69,EUR,closed_won
D01209,R031,2024-03-27,48308.37,GBP,closed_won
D01210,R039,2024-04-06,221952.26,EUR,closed_won
D01211,R006,2024-03-18,361474.81,USD,closed_won
D01212,R029,2024-02-12,396296.76,EUR,closed_won
D01213,R040,2024-04-14,298595.28,EUR,closed_won
D01214,R022,2024-04-29,233552.39,EUR,closed_won
D01215,R045,2024-03-05,117401.5,USD,closed_won
D01216,R015,2024-02-15,378427.94,USD,closed_won
D01217,R007,2024-02-27,82422.29,USD,closed_won
D01218,R027,2024-04-26,448106.34,EUR,closed_won
D01219,R013,2024-04-28,437047.8,USD,closed_won
D01220,R031,2024-02-21,453819.54,EUR,closed_won
D01221,R029,2024-03-06,436439.13,GBP,closed_won
D01222,R019,2024-04-08,221872.64,USD,closed_won
D01223,R004,2024-04-27,448178.97,USD,closed_won
D01224,R039,2024-02-22,430690.62,USD,closed_won
D01225,R027,2024-02-16,452327.22,EUR,closed_won
D01226,R007,2024-03-03,66662.07,USD,closed_won
D01227,R038,2024-02-09,453853.85,EUR,closed_won
D01228,R021,2024-03-27,390688.35,USD,closed_won
D01229,R031,2024-04-27,69988.65,GBP,closed_won
D01230,R042,2024-02-12,68158.07,GBP,closed_won
D01231,R005,2024-02-28,446631.91,USD,closed_won
D01232,R004,2024-04-10,174817.48,USD,closed_won
D01233,R033,2024-02-14,445472.2,EUR,closed_won
D01234,R014,2024-04-08,477102.46,USD,closed_won
D01235,R008,2024-02-06,202761.43,USD,closed_won
D01236,R046,2024-04-18,450532.54,EUR,closed_won
D01237,R040,2024-02-01,477909.53,USD,closed_won
D01238,R010,2024-02-21,203575.12,EUR,closed_won
D01239,R002,2024-02-18,312554.67,USD,closed_won
D01240,R025,2024-02-02,58409.32,EUR,closed_won
D01241,R003,2024-03-02,245595.17,USD,closed_won
D01242,R047,2024-04-16,188748.51,USD,closed_won
D01243,R031,2024-02-15,136544.45,GBP,closed_won
D01244,R044,2024-03-04,359756.15,USD,closed_won
D01245,R002,2024-04-19,497852.57,USD,closed_won
D01246,R005,2024-02-12,136912.91,USD,closed_won
D01247,R044,2024-04-28,409651.56,EUR,closed_won
D01248,R041,2024-02-11,83576.67,EUR,closed_won
D01249,R039,2024-03-31,455485.66,EUR,closed_won
D01250,R026,2024-04-21,310517.29,EUR,closed_won
D01251,R021,2024-03-27,368912.34,EUR,closed_won
D01252,R026,2024-03-05,382377.02,GBP,closed_won
D01253,R004,2024-03-29,363939.29,USD,closed_won
D01254,R034,2024-02-23,116915.46,GBP,closed_won
D01255,R016,2024-03-17,425849.57,USD,closed_won
D01256,R035,2024-03-12,96038.58,EUR,closed_won
D01257,R019,2024-03-02,400078.32,USD,closed_won
D01258,R027,2024-04-15,333614.86,EUR,closed_won
D01259,R017,2024-04-22,266054.36,USD,closed_won
D01260,R044,2024-02-25,179755.93,USD,closed_won
D01261,R019,2024-02-14,446814.89,USD,closed_won
D01262,R024,2024-04-04,396962.02,EUR,closed_won
D01263,R006,2024-02-10,140606.5,USD,closed_won
D01264,R042,2024-03-31,286135.94,USD,closed_won
D01265,R026,2024-03-23,330085.63,EUR,closed_won
D01266,R002,2024-03-24,416606.2,USD,closed_won
D01267,R017,2024-02-20,325812.04,USD,closed_won
D01268,R010,2024-03-14,99496.25,USD,closed_won
D01269,R008,2024-03-11,361998.37,USD,closed_won
D01270,R009,2024-02-20,396898.95,USD,closed_won
D01271,R012,2024-03-06,145073.27,USD,closed_won
D01272,R043,2024-02-11,302486.61,USD,closed_won
D01273,R049,2024-03-19,393033.32,EUR,closed_won
D01274,R043,2024-04-27,419957.62,USD,closed_won
D01275,R007,2024-04-15,443066.58,USD,closed_won
D01276,R024,2024-03-24,84166.65,EUR,closed_won
D01277,R015,2024-03-21,150832.92,USD,closed_won
D01278,R027,2024-03-30,393046.15,EUR,closed_won
D01279,R040,2024-03-19,24480.6,EUR,closed_won
D01280,R024,2024-02-28,101264.14,EUR,closed_won
D01281,R029,2024-03-29,42049.76,GBP,closed_won
D01282,R044,2024-04-17,139681.15,USD,closed_won
D01283,R016,2024-02-02,209010.23,USD,closed_won
D01284,R012,2024-02-21,305274.97,USD,closed_won
D01285,R041,2024-03-14,47388.28,USD,closed_won
D01286,R014,2024-04-10,186574.86,USD,closed_won
D01287,R033,2024-04-15,226508.73,EUR,closed_won
D01288,R003,2024-02-08,340666.87,USD,closed_won
D01289,R004,2024-02-08,258828.64,USD,closed_won
D01290,R008,2024-02-21,390942.16,USD,closed_won
D01291,R013,2024-03-26,205066.94,USD,closed_won
D01292,R027,2024-02-17,126090.65,GBP,closed_won
D01293,R049,2024-04-16,339639.06,USD,closed_won
D01294,R009,2024-02-23,181540.96,USD,closed_won
D01295,R042,2024-03-23,201447.25,USD,closed_won
D01296,R003,2024-03-30,350156.88,USD,closed_won
D01297,R006,2024-04-29,200614.76,USD,closed_won
D01298,R029,2024-02-06,413045.06,GBP,closed_won
D01299,R044,2024-03-25,95085.84,USD,closed_won
D01300,R025,2024-04-29,395761.07,EUR,closed_won
D01301,R043,2024-04-28,24866.03,EUR,closed_won
D01302,R036,2024-04-05,95077.83,USD,closed_won
D01303,R003,2024-04-04,489908.6,USD,closed_won
D01304,R048,2024-03-29,422545.82,USD,closed_won
D01305,R044,2024-04-06,463428.26,USD,closed_won
D01306,R019,2024-02-24,29904.46,USD,closed_won
D01307,R007,2024-03-13,156590.27,USD,closed_won
D01308,R046,2024-03-08,22687.73,USD,closed_won
D01309,R023,2024-04-11,206364.17,GBP,closed_won
D01310,R027,2024-02-29,261023.74,USD,closed_won
D01311,R014,2024-02-05,128116.31,USD,closed_won
D01312,R002,2024-03-31,407928.71,USD,closed_won
D01313,R029,2024-04-20,94167.06,EUR,closed_won
D01314,R021,2024-04-26,253625.3,EUR,closed_won
D01315,R044,2024-03-25,460921.02,USD,closed_won
D01316,R001,2024-02-10,271264.06,USD,closed_won
D01317,R041,2024-04-20,430955.92,USD,closed_won
D01318,R002,2024-03-31,65965.69,USD,closed_won
D01319,R005,2024-02-10,187340.68,USD,closed_won
D01320,R013,2024-02-05,315805.78,USD,closed_won
D01321,R006,2024-04-06,51237.26,EUR,closed_won
D01322,R019,2024-03-06,285373.75,USD,closed_won
D01323,R043,2024-04-06,484036.73,EUR,closed_won
D01324,R022,2024-02-04,308154.31,USD,closed_won
D01325,R020,2024-02-19,217561.19,USD,closed_won
D01326,R048,2024-04-01,434312.73,USD,closed_won
D01327,R003,2024-02-12,184018.06,USD,closed_won
D01328,R016,2024-04-28,276704.92,USD,closed_won
D01329,R015,2024-02-29,146458.7,USD,closed_won
D01330,R037,2024-02-25,111449.47,EUR,closed_won
D01331,R023,2024-04-08,66022.18,EUR,closed_won
D01332,R008,2024-04-02,391184.0,USD,closed_won
D01333,R033,2024-04-14,406260.12,GBP,closed_won
D01334,R037,2024-04-25,222808.19,EUR,closed_won
D01335,R023,2024-02-25,467119.49,USD,closed_won
D01336,R001,2024-04-23,293858.25,USD,closed_won
D01337,R018,2024-03-29,240898.16,USD,closed_won
D01338,R031,2024-03-31,223883.69,EUR,closed_won
D01339,R050,2024-04-11,495499.89,USD,closed_won
D01340,R022,2024-04-28,226782.52,EUR,closed_won
D01341,R027,2024-03-27,115242.01,GBP,closed_won
D01342,R034,2024-02-12,318979.84,GBP,closed_won
D01343,R014,2024-02-20,113522.48,USD,closed_won
D01344,R007,2024-02-10,398345.14,USD,closed_won
D01345,R023,2024-02-05,259195.44,GBP,closed_won
D01346,R026,2024-02-26,345130.22,EUR,closed_won
D01347,R008,2024-04-24,426104.24,USD,closed_won
D01348,R038,2024-03-28,138885.44,EUR,closed_won
D01349,R027,2024-03-05,229452.29,EUR,closed_won
D01350,R010,2024-02-25,90049.13,USD,closed_won
D01351,R029,2024-04-17,169567.55,USD,closed_won
D01352,R025,2024-03-13,255169.09,EUR,closed_won
D01353,R046,2024-03-11,56042.9,USD,closed_won
D01354,R018,2024-02-08,291639.16,USD,closed_won
D01355,R042,2024-03-10,400010.31,USD,closed_won
D01356,R005,2024-03-28,315803.5,USD,closed_won
D01357,R049,2024-02-17,226108.32,EUR,closed_won
D01358,R011,2024-03-24,332425.24,USD,closed_won
D01359,R025,2024-02-09,86433.34,EUR,closed_won
D01360,R036,2024-03-05,55822.22,EUR,closed_won
D01361,R042,2024-02-16,241431.56,USD,closed_won
D01362,R002,2024-04-14,36986.98,USD,closed_won
D01363,R002,2024-03-31,379962.64,USD,closed_won
D01364,R039,2024-04-09,61586.81,EUR,closed_won
D01365,R020,2024-04-11,484906.31,USD,closed_won
D01366,R026,2024-03-17,465693.51,GBP,closed_won
D01367,R036,2024-03-29,402087.87,GBP,closed_won
D01368,R007,2024-04-09,483271.17,USD,closed_won
D01369,R014,2024-04-16,97678.09,USD,closed_won
D01370,R027,2024-02-07,427335.44,USD,closed_won
D01371,R035,2024-04-18,426055.52,GBP,closed_won
D01372,R008,2024-02-13,262798.93,USD,closed_won
D01373,R035,2024-04-20,308156.67,GBP,closed_won
D01374,R025,2024-04-07,72753.21,EUR,closed_won
D01375,R044,2024-04-17,297941.1,USD,closed_won
D01376,R043,2024-03-12,479653.92,USD,closed_won
D01377,R022,2024-04-17,201942.59,EUR,closed_won
D01378,R038,2024-03-13,362628.42,EUR,closed_won
D01379,R008,2024-02-09,236856.23,USD,closed_won
D01380,R045,2024-04-28,368984.31,EUR,closed_won
D01381,R048,2024-04-23,461249.25,EUR,closed_won
D01382,R039,2024-04-11,259943.2,EUR,closed_won
D01383,R014,2024-02-10,246587.04,USD,closed_won
D01384,R026,2024-04-23,81943.48,EUR,closed_won
D01385,R027,2024-03-28,118720.19,EUR,closed_won
D01386,R022,2024-03-13,44771.68,GBP,closed_won
D01387,R045,2024-04-16,118147.88,EUR,closed_won
D01388,R015,2024-02-23,242154.14,USD,closed_won
D01389,R015,2024-03-04,381492.41,USD,closed_won
D01390,R044,2024-02-13,488597.26,USD,closed_won
D01391,R007,2024-03-21,173054.31,USD,closed_won
D01392,R031,2024-03-13,94646.05,GBP,closed_won
D01393,R040,2024-04-19,119687.48,GBP,closed_won
D01394,R027,2024-02-11,481862.65,EUR,closed_won
D01395,R037,2024-02-12,28643.29,EUR,closed_won
D01396,R011,2024-03-15,276457.22,USD,closed_won
D01397,R023,2024-02-11,351633.53,EUR,closed_won
D01398,R044,2024-04-03,395771.7,USD,closed_won
D01399,R002,2024-02-21,244019.17,USD,closed_won
D01400,R021,2024-02-29,459996.78,EUR,closed_won
D01401,R006,2024-02-11,170814.79,USD,closed_won
D01402,R026,2024-04-08,457224.99,EUR,closed_won
D01403,R025,2024-04-17,93499.09,GBP,closed_won
D01404,R012,2024-02-01,385101.07,USD,closed_won
D01405,R035,2024-04-24,151303.67,EUR,closed_won
D01406,R025,2024-04-07,367423.89,GBP,closed_won
D01407,R024,2024-04-23,374644.66,GBP,closed_won
D01408,R012,2024-02-04,430549.6,USD,closed_won
D01409,R028,2024-03-27,435796.12,GBP,closed_won
D01410,R048,2024-04-09,292849.96,EUR,closed_won
D01411,R003,2024-02-24,138470.19,USD,closed_won
D01412,R022,2024-02-09,436879.76,GBP,closed_won
D01413,R024,2024-04-07,142182.66,GBP,closed_won
D01414,R045,2024-02-25,145282.93,USD,closed_won
D01415,R050,2024-03-24,426982.08,EUR,closed_won
D01416,R023,2024-02-17,301464.68,EUR,closed_won
D01417,R019,2024-02-24,441182.01,USD,closed_won
D01418,R029,2024-04-21,42390.51,USD,closed_won
D01419,R048,2024-04-09,91252.66,USD,closed_won
D01420,R038,2024-02-02,371191.08,USD,closed_won
D01421,R024,2024-03-02,485107.95,EUR,closed_won
D01422,R016,2024-04-22,184368.84,USD,closed_won
D01423,R011,2024-02-25,266202.36,USD,closed_won
D01424,R014,2024-02-28,44319.98,GBP,closed_won
D01425,R036,2024-03-13,301791.4,EUR,closed_won
D01426,R007,2024-02-25,138407.29,USD,closed_won
D01427,R045,2024-04-01,425977.2,USD,closed_won
D01428,R028,2024-04-26,434476.12,GBP,closed_won
D01429,R014,2024-04-24,96765.24,USD,closed_won
D01430,R004,2024-04-03,440210.36,USD,closed_won
D01431,R008,2024-03-14,76700.59,USD,closed_won
D01432,R018,2024-04-24,296128.48,USD,closed_won
D01433,R035,2024-04-08,355669.94,EUR,closed_won
D01434,R045,2024-02-25,227898.18,EUR,closed_won
D01435,R031,2024-04-25,485077.99,EUR,closed_won
D01436,R038,2024-04-26,379679.35,GBP,closed_won
D01437,R024,2024-03-22,484034.04,EUR,closed_won
D01438,R001,2024-04-01,352628.1,USD,closed_won
D01439,R013,2024-04-29,187559.65,USD,closed_won
D01440,R050,2024-03-08,209142.17,USD,closed_won
D01441,R006,2024-03-06,371436.37,USD,closed_won
D01442,R044,2024-03-21,24851.19,USD,closed_won
D01443,R006,2024-03-10,73575.7,USD,closed_won
D01444,R026,2024-02-28,428791.76,USD,closed_won
D01445,R021,2024-03-24,151203.04,EUR,closed_won
D01446,R022,2024-02-19,328070.35,USD,closed_won
D01447,R046,2024-03-05,345082.23,USD,closed_won
D01448,R045,2024-02-21,146198.75,USD,closed_won
D01449,R036,2024-02-05,31372.29,GBP,closed_won
D01450,R020,2024-04-08,321550.88,USD,closed_won
D01451,R004,2024-04-25,169463.72,USD,closed_won
D01452,R046,2024-03-28,272045.5,GBP,closed_won
D01453,R034,2024-02-12,480219.87,EUR,closed_won
D01454,R030,2024-03-09,444095.13,EUR,closed_won
D01455,R043,2024-04-05,406985.88,USD,closed_won
D01456,R036,2024-04-20,196404.01,EUR,closed_won
D01457,R043,2024-03-15,347865.06,USD,closed_won
D01458,R022,2024-03-30,239522.4,GBP,closed_won
D01459,R002,2024-03-16,415752.45,USD,closed_won
D01460,R030,2024-02-03,445268.05,EUR,closed_won
D01461,R048,2024-03-25,48219.04,USD,closed_won
D01462,R023,2024-03-05,154131.19,GBP,closed_won
D01463,R023,2024-03-16,287201.53,USD,closed_won
D01464,R037,2024-03-15,78749.67,EUR,closed_won
D01465,R049,2024-03-11,275158.5,USD,closed_won
D01466,R009,2024-02-14,431047.38,USD,closed_won
D01467,R008,2024-02-04,422802.02,USD,closed_won
D01468,R032,2024-03-19,235739.44,GBP,closed_won
D01469,R032,2024-03-07,82068.44,EUR,closed_won
D01470,R021,2024-02-29,152062.76,EUR,closed_won
D01471,R002,2024-03-31,280490.26,USD,closed_won
D01472,R041,2024-03-13,488963.06,EUR,closed_won
D01473,R030,2024-03-07,307313.5,GBP,closed_won
D01474,R017,2024-04-09,65533.77,USD,closed_won
D01475,R031,2024-04-10,352122.31,EUR,closed_won
D01476,R014,2024-03-25,230401.57,USD,closed_won
D01477,R040,2024-02-26,136810.52,GBP,closed_won
D01478,R030,2024-04-27,172279.33,GBP,closed_won
D01479,R034,2024-03-04,413479.28,GBP,closed_won
D01480,R024,2024-02-08,243049.48,EUR,closed_won
D01481,R030,2024-03-19,209568.1,EUR,closed_won
D01482,R020,2024-03-17,202718.21,USD,closed_won
D01483,R037,2024-02-27,334570.36,EUR,closed_won
D01484,R004,2024-03-29,383962.78,USD,closed_won
D01485,R036,2024-04-11,362884.21,EUR,closed_won
D01486,R017,2024-02-18,390892.65,USD,closed_won
D01487,R028,2024-03-15,338717.04,EUR,closed_won
D01488,R021,2024-02-02,390956.34,EUR,closed_won
D01489,R045,2024-04-02,398275.01,GBP,closed_won
D01490,R015,2024-02-10,260866.31,USD,closed_won
D01491,R032,2024-02-12,485161.63,EUR,closed_won
D01492,R007,2024-02-29,36033.18,USD,closed_won
D01493,R025,2024-04-07,433396.18,EUR,closed_won
D01494,R001,2024-04-08,316833.17,USD,closed_won
D01495,R025,2024-02-25,97916.78,GBP,closed_won
D01496,R032,2024-04-21,357010.19,GBP,closed_won
D01497,R045,2024-02-13,308584.7,EUR,closed_won
D01498,R012,2024-03-24,477680.49,USD,closed_won
D01499,R011,2024-03-23,215729.95,USD,closed_won
D01500,R017,2024-02-17,123210.41,USD,closed_won
D01501,R011,2024-03-05,175883.19,USD,closed_won
D01502,R005,2024-02-26,40841.63,USD,closed_won
D01503,R026,2024-03-19,292283.75,EUR,closed_won
D01504,R035,2024-02-13,260032.51,EUR,closed_won
D01505,R017,2024-04-28,50187.8,USD,closed_won
D01506,R006,2024-02-09,469909.43,USD,closed_won
D01507,R041,2024-04-04,312134.59,USD,closed_won
D01508,R014,2024-03-14,50600.83,USD,closed_won
D01509,R017,2024-02-10,464615.99,USD,closed_won
D01510,R031,2024-03-08,273007.08,GBP,closed_won
D01511,R019,2024-02-07,412209.37,USD,closed_won
D01512,R024,2024-04-13,197757.19,GBP,closed_won
D01513,R050,2024-03-23,375139.47,EUR,closed_won
D01514,R034,2024-04-24,333671.05,GBP,closed_won
D01515,R018,2024-03-26,399680.52,USD,closed_won
D01516,R038,2024-03-21,101137.45,EUR,closed_won
D01517,R017,2024-02-10,487884.48,USD,closed_won
D01518,R016,2024-04-27,354497.62,USD,closed_won
D01519,R029,2024-02-02,290465.36,GBP,closed_won
D01520,R014,2024-04-25,283304.95,USD,closed_won
D01521,R025,2024-04-10,367296.74,EUR,closed_won
D01522,R039,2024-04-16,305788.53,GBP,closed_won
D01523,R045,2024-04-20,364124.74,USD,closed_won
D01524,R032,2024-04-28,195078.89,EUR,closed_won
D01525,R028,2024-03-02,296666.79,EUR,closed_won
D01526,R009,2024-04-24,278166.28,USD,closed_won
D01527,R030,2024-04-07,193553.57,EUR,closed_won
D01528,R039,2024-02-27,33027.18,GBP,closed_won
D01529,R029,2024-04-09,358477.97,EUR,closed_won
D01530,R040,2024-03-23,387895.8,GBP,closed_won
D01531,R014,2024-02-18,46180.89,USD,closed_won
D01532,R003,2024-02-07,455338.51,USD,closed_won
D01533,R013,2024-02-14,372772.69,USD,closed_won
D01534,R042,2024-03-18,376712.69,EUR,closed_won
D01535,R038,2024-02-18,447278.03,EUR,closed_won
D01536,R027,2024-02-11,20619.17,GBP,closed_won
D01537,R003,2024-04-23,22640.56,USD,closed_won
D01538,R049,2024-04-15,203139.99,USD,closed_won
D01539,R002,2024-03-17,490291.3,USD,closed_won
D01540,R050,2024-03-25,270644.89,USD,closed_won
D01541,R006,2024-03-31,451852.52,USD,closed_won
D01542,R012,2024-03-13,99728.58,USD,closed_won
D01543,R007,2024-04-13,445770.84,USD,closed_won
D01544,R037,2024-02-02,60942.36,EUR,closed_won
D01545,R010,2024-04-29,203321.06,EUR,closed_won
D01546,R049,2024-03-15,490237.98,USD,closed_won
D01547,R015,2024-04-29,80030.73,USD,closed_won
D01548,R022,2024-04-21,300330.54,GBP,closed_won
D01549,R008,2024-04-19,151204.79,USD,closed_won
D01550,R019,2024-04-20,474744.18,USD,closed_won
D01551,R036,2024-02-09,124182.23,GBP,closed_won
D01552,R034,2024-02-23,241670.11,EUR,closed_won
D01553,R040,2024-03-07,478826.68,GBP,closed_won
D01554,R006,2024-03-07,119922.05,USD,closed_won
D01555,R040,2024-02-16,150351.38,GBP,closed_won
D01556,R017,2024-04-05,421736.17,USD,closed_won
D01557,R029,2024-02-04,249862.64,EUR,closed_won
D01558,R014,2024-04-11,182941.75,USD,closed_won
D01559,R001,2024-04-17,149849.41,USD,closed_won
D01560,R033,2024-02-15,90720.61,EUR,closed_won
D01561,R017,2024-04-04,275047.4,USD,closed_won
D01562,R034,2024-03-24,351212.15,GBP,closed_won
D01563,R020,2024-04-09,23255.17,USD,closed_won
D01564,R020,2024-02-20,498923.51,USD,closed_won
D01565,R015,2024-04-16,166206.25,USD,closed_won
D01566,R043,2024-04-25,222728.18,EUR,closed_won
D01567,R007,2024-03-22,131711.11,USD,closed_won
D01568,R007,2024-03-26,362182.75,USD,closed_won
D01569,R022,2024-04-12,367506.7,USD,closed_won
D01570,R043,2024-03-03,308427.79,EUR,closed_won
D01571,R037,2024-02-03,297705.08,GBP,closed_won
D01572,R050,2024-03-05,478171.93,EUR,closed_won
D01573,R009,2024-03-03,293946.89,USD,closed_won
D01574,R023,2024-02-06,364607.67,GBP,closed_won
D01575,R027,2024-02-17,281761.5,USD,closed_won
D01576,R026,2024-04-16,22750.83,EUR,closed_won
D01577,R049,2024-03-24,144249.41,GBP,closed_won
D01578,R017,2024-03-05,52301.05,USD,closed_won
D01579,R018,2024-03-29,98219.48,USD,closed_won
D01580,R017,2024-03-14,285853.99,USD,closed_won
D01581,R014,2024-02-28,82721.84,USD,closed_won
D01582,R048,2024-04-11,199664.43,EUR,closed_won
D01583,R035,2024-03-20,311122.8,USD,closed_won
D01584,R050,2024-02-05,103352.46,USD,closed_won
D01585,R003,2024-04-29,336196.49,USD,closed_won
D01586,R040,2024-04-19,351625.66,GBP,closed_won
D01587,R004,2024-02-17,122649.19,USD,closed_won
D01588,R027,2024-03-18,70437.56,USD,closed_won
D01589,R016,2024-04-11,165438.22,USD,closed_won
D01590,R050,2024-03-30,310807.47,USD,closed_won
D01591,R019,2024-03-19,251388.75,USD,closed_won
D01592,R032,2024-02-10,357721.88,EUR,closed_won
D01593,R015,2024-04-04,441966.5,USD,closed_won
D01594,R040,2024-03-27,266690.52,EUR,closed_won
D01595,R027,2024-04-01,43452.76,EUR,closed_won
D01596,R027,2024-04-21,44457.91,GBP,closed_won
D01597,R036,2024-04-24,30754.62,GBP,closed_won
D01598,R028,2024-04-28,321876.62,USD,closed_won
D01599,R017,2024-02-24,460813.28,USD,closed_won
D01600,R012,2024-02-21,208360.09,USD,closed_won
D01601,R038,2024-03-14,364956.05,EUR,closed_won
D01602,R008,2024-02-14,458500.47,USD,closed_won
D01603,R047,2024-03-01,109870.7,USD,closed_won
D01604,R029,2024-02-12,89336.67,EUR,closed_won
D01605,R042,2024-03-29,58032.07,GBP,closed_won
D01606,R035,2024-02-19,336652.39,EUR,closed_won
D01607,R023,2024-03-02,237174.75,EUR,closed_won
D01608,R040,2024-02-16,205674.97,USD,closed_won
D01609,R020,2024-04-06,169465.91,USD,closed_won
D01610,R044,2024-02-03,176969.46,GBP,closed_won
D01611,R002,2024-04-28,370740.1,USD,closed_won
D01612,R047,2024-03-06,152860.52,GBP,closed_won
D01613,R022,2024-02-08,193363.19,EUR,closed_won
D01614,R045,2024-04-24,328342.76,USD,closed_won
D01615,R046,2024-04-01,282472.1,USD,closed_won
D01616,R046,2024-02-22,170756.92,EUR,closed_won
D01617,R003,2024-04-07,146871.8,USD,closed_won
D01618,R002,2024-03-23,296193.5,USD,closed_won
D01619,R048,2024-04-15,87804.55,USD,closed_won
D01620,R036,2024-03-23,389644.42,EUR,closed_won
D01621,R024,2024-03-09,63905.71,GBP,closed_won
D01622,R040,2024-04-22,163143.58,GBP,closed_won
D01623,R047,2024-02-07,283215.12,USD,closed_won
D01624,R004,2024-03-10,188249.91,EUR,closed_won
D01625,R022,2024-03-28,50098.2,EUR,closed_won
D01626,R040,2024-04-10,36540.87,EUR,closed_won
D01627,R007,2024-02-19,123723.46,USD,closed_won
D01628,R001,2024-04-27,207158.74,USD,closed_won
D01629,R045,2024-02-18,277929.0,GBP,closed_won
D01630,R039,2024-04-08,280199.8,EUR,closed_won
D01631,R048,2024-04-22,121506.14,USD,closed_won
D01632,R030,2024-04-06,305597.3,GBP,closed_won
D01633,R005,2024-03-12,441264.7,USD,closed_won
D01634,R011,2024-02-14,114946.14,USD,closed_won
D01635,R006,2024-02-14,109628.43,USD,closed_won
D01636,R038,2024-02-28,465891.41,EUR,closed_won
D01637,R030,2024-04-07,84418.7,EUR,closed_won
D01638,R022,2024-03-14,127396.54,USD,closed_won
D01639,R018,2024-04-07,362693.26,USD,closed_won
D01640,R003,2024-04-09,197323.66,USD,closed_won
D01641,R033,2024-03-20,170799.97,EUR,closed_won
D01642,R012,2024-04-07,278472.61,USD,closed_won
D01643,R048,2024-04-17,333499.84,EUR,closed_won
D01644,R006,2024-04-07,454983.55,USD,closed_won
D01645,R002,2024-04-02,106493.2,USD,closed_won
D01646,R011,2024-03-02,410706.06,USD,closed_won
D01647,R009,2024-03-05,270262.5,USD,closed_won
D01648,R020,2024-03-03,456001.83,USD,closed_won
D01649,R022,2024-02-03,389032.3,GBP,closed_won
D01650,R028,2024-03-07,29383.99,GBP,closed_won
D01651,R002,2024-03-12,385870.53,USD,closed_won
D01652,R045,2024-04-24,261093.4,EUR,closed_won
D01653,R017,2024-02-07,371549.81,USD,closed_won
D01654,R023,2024-03-29,482937.78,EUR,closed_won
D01655,R037,2024-02-03,309529.61,EUR,closed_won
D01656,R030,2024-04-01,363841.66,USD,closed_won
D01657,R035,2024-03-14,194079.04,GBP,closed_won
D01658,R003,2024-02-04,100098.14,USD,closed_won
D01659,R012,2024-04-03,203810.71,USD,closed_won
D01660,R006,2024-02-20,41860.37,USD,closed_won
D01661,R020,2024-03-27,414869.44,EUR,closed_won
D01662,R014,2024-03-30,331234.94,USD,closed_won
D01663,R020,2024-04-22,275335.26,USD,closed_won
D01664,R006,2024-02-29,342214.61,USD,closed_won
D01665,R045,2024-03-29,461375.39,USD,closed_won
D01666,R035,2024-03-27,448820.39,EUR,closed_won
D01667,R043,2024-02-12,231198.83,USD,closed_won
D01668,R007,2024-04-25,324262.63,USD,closed_won
D01669,R002,2024-02-11,475963.02,EUR,closed_won
D01670,R018,2024-04-24,453308.71,USD,closed_won
D01671,R001,2024-02-13,426527.49,USD,closed_won
D01672,R040,2024-04-27,89945.49,EUR,closed_won
D01673,R019,2024-03-01,198141.23,USD,closed_won
D01674,R022,2024-02-02,315775.27,GBP,closed_won
D01675,R041,2024-03-18,214134.92,USD,closed_won
D01676,R036,2024-02-10,266057.13,GBP,closed_won
D01677,R050,2024-02-02,393731.75,EUR,closed_won
D01678,R017,2024-03-10,376271.87,USD,closed_won
D01679,R039,2024-02-25,408287.59,EUR,closed_won
D01680,R021,2024-02-17,425386.87,EUR,closed_won
D01681,R037,2024-03-12,86269.63,GBP,closed_won
D01682,R006,2024-02-16,452909.99,USD,closed_won
D01683,R042,2024-03-23,445726.96,USD,closed_won
D01684,R036,2024-04-04,258522.34,USD,closed_won
D01685,R001,2024-03-15,34842.57,USD,closed_won
D01686,R019,2024-03-26,353233.86,USD,closed_won
D01687,R036,2024-03-02,172222.89,USD,closed_won
D01688,R020,2024-04-16,273550.91,USD,closed_won
D01689,R011,2024-02-19,392674.14,USD,closed_won
D01690,R028,2024-02-16,333953.54,EUR,closed_won
D01691,R050,2024-03-26,390371.65,USD,closed_won
D01692,R023,2024-03-29,496126.12,EUR,closed_won
D01693,R047,2024-03-03,273728.9,USD,closed_won
D01694,R024,2024-02-19,486994.45,GBP,closed_won
D01695,R046,2024-03-22,428352.27,EUR,closed_won
D01696,R042,2024-03-02,199542.11,USD,closed_won
D01697,R034,2024-02-08,216010.01,USD,closed_won
D01698,R022,2024-02-27,172530.29,EUR,closed_won
D01699,R030,2024-02-22,96821.47,USD,closed_won
D01700,R029,2024-04-24,225163.97,EUR,closed_won
D01701,R033,2024-03-31,199054.59,EUR,closed_won
D01702,R024,2024-03-05,224476.21,EUR,closed_won
D01703,R039,2024-04-09,279161.03,EUR,closed_won
D01704,R003,2024-03-13,114137.77,USD,closed_won
D01705,R022,2024-03-22,431175.27,USD,closed_won
D01706,R020,2024-03-05,308014.13,USD,closed_won
D01707,R033,2024-02-14,135644.23,EUR,closed_won
D01708,R017,2024-03-21,231370.49,USD,closed_won
D01709,R023,2024-04-11,411796.02,EUR,closed_won
D01710,R023,2024-04-03,279895.98,GBP,closed_won
D01711,R030,2024-03-23,431287.13,EUR,closed_won
D01712,R041,2024-03-25,223753.65,GBP,closed_won
D01713,R043,2024-03-19,186976.08,USD,closed_won
D01714,R002,2024-04-07,142260.91,USD,closed_won
D01715,R048,2024-02-27,369227.39,EUR,closed_won
D01716,R001,2024-04-25,45063.18,EUR,closed_won
D01717,R005,2024-02-28,225250.88,EUR,closed_won
D01718,R035,2024-03-31,359206.02,GBP,closed_won
D01719,R011,2024-03-09,127034.86,USD,closed_won
D01720,R026,2024-03-12,426374.82,GBP,closed_won
D01721,R035,2024-03-04,260272.62,EUR,closed_won
D01722,R021,2024-02-15,136745.98,EUR,closed_won
D01723,R037,2024-02-09,113657.63,EUR,closed_won
D01724,R014,2024-04-03,126953.52,USD,closed_won
D01725,R025,2024-04-03,473638.1,GBP,closed_won
D01726,R007,2024-04-02,140327.83,USD,closed_won
D01727,R036,2024-02-01,336477.29,EUR,closed_won
D01728,R028,2024-04-04,297458.84,EUR,closed_won
D01729,R033,2024-03-23,119289.13,EUR,closed_won
D01730,R050,2024-03-08,109149.65,USD,closed_won
D01731,R041,2024-03-04,352725.02,EUR,closed_won
D01732,R005,2024-02-23,365005.18,USD,closed_won
D01733,R014,2024-04-24,149037.07,USD,closed_won
D01734,R030,2024-02-01,263449.47,USD,closed_won
D01735,R014,2024-02-04,282559.68,USD,closed_won
D01736,R036,2024-04-22,145403.05,EUR,closed_won
D01737,R025,2024-02-27,423962.53,EUR,closed_won
D01738,R013,2024-04-19,81083.66,USD,closed_won
D01739,R002,2024-04-08,28300.65,USD,closed_won
D01740,R030,2024-04-18,40799.24,EUR,closed_won
D01741,R002,2024-03-13,79376.95,USD,closed_won
D01742,R028,2024-02-04,475235.34,GBP,closed_won
D01743,R049,2024-02-10,360070.46,USD,closed_won
D01744,R018,2024-03-04,358942.76,USD,closed_won
D01745,R011,2024-03-13,69506.65,USD,closed_won
D01746,R020,2024-03-13,55540.49,USD,closed_won
D01747,R030,2024-03-04,319342.3,EUR,closed_won
D01748,R018,2024-03-17,110043.74,USD,closed_won
D01749,R048,2024-02-02,193843.36,EUR,closed_won
D01750,R026,2024-04-03,439219.4,USD,closed_won
D01751,R021,2024-04-05,44459.37,GBP,closed_won
D01752,R045,2024-03-23,209252.42,USD,closed_won
D01753,R033,2024-02-07,113010.31,EUR,closed_won
D01754,R023,2024-02-20,162105.79,USD,closed_won
D01755,R035,2024-04-12,318972.4,USD,closed_won
D01756,R009,2024-04-10,123113.3,USD,closed_won
D01757,R012,2024-04-06,350185.7,USD,closed_won
D01758,R019,2024-02-13,467703.14,USD,closed_won
D01759,R013,2024-03-12,334539.02,USD,closed_won
D01760,R046,2024-02-04,422086.17,EUR,closed_won
D01761,R003,2024-03-10,70306.83,USD,closed_won
D01762,R013,2024-02-26,351731.45,USD,closed_won
D01763,R013,2024-02-13,264937.89,USD,closed_won
D01764,R041,2024-03-07,325755.38,USD,closed_won
D01765,R027,2024-02-23,451774.48,USD,closed_won
D01766,R039,2024-03-09,233128.65,GBP,closed_won
D01767,R046,2024-03-12,486961.26,EUR,closed_won
D01768,R047,2024-04-14,474627.9,USD,closed_won
D01769,R048,2024-02-17,473180.93,EUR,closed_won
D01770,R044,2024-02-11,84956.31,USD,closed_won
D01771,R017,2024-03-31,288474.24,USD,closed_won
D01772,R048,2024-03-08,392314.4,USD,closed_won
D01773,R002,2024-02-20,423240.5,USD,closed_won
D01774,R041,2024-03-22,344900.18,GBP,closed_won
D01775,R036,2024-03-24,386681.84,USD,closed_won
D01776,R013,2024-03-23,113737.99,USD,closed_won
D01777,R032,2024-02-10,137594.05,GBP,closed_won
D01778,R021,2024-04-21,481815.73,EUR,closed_won
D01779,R037,2024-04-03,291022.85,EUR,closed_won
D01780,R019,2024-04-04,226133.16,USD,closed_won
D01781,R044,2024-02-20,101761.79,USD,closed_won
D01782,R042,2024-04-20,466953.12,EUR,closed_won
D01783,R023,2024-02-22,283814.55,GBP,closed_won
D01784,R049,2024-03-06,456259.55,USD,closed_won
D01785,R038,2024-02-01,297025.97,GBP,closed_won
D01786,R030,2024-03-23,330231.79,GBP,closed_won
D01787,R045,2024-03-28,470894.39,USD,closed_won
D01788,R007,2024-04-17,490605.88,USD,closed_won
D01789,R007,2024-04-28,235580.54,USD,closed_won
D01790,R012,2024-04-08,136413.21,USD,closed_won
D01791,R001,2024-03-26,315326.76,GBP,closed_won
D01792,R029,2024-03-20,470995.99,USD,closed_won
D01793,R024,2024-02-13,51246.92,USD,closed_won
D01794,R017,2024-03-11,432304.8,GBP,closed_won
D01795,R027,2024-02-21,115543.93,EUR,closed_won
D01796,R038,2024-02-21,32541.02,GBP,closed_won
D01797,R035,2024-02-18,309053.56,GBP,closed_won
D01798,R031,2024-04-22,369322.53,EUR,closed_won
D01799,R047,2024-04-12,210626.93,USD,closed_won
D01800,R017,2024-04-26,361039.76,USD,closed_won
D01801,R048,2024-03-09,355286.9,USD,closed_won
D01802,R021,2024-04-24,453357.59,EUR,closed_won
D01803,R033,2024-04-13,221313.61,GBP,closed_won
D01804,R013,2024-03-11,175262.44,USD,closed_won
D01805,R039,2024-03-02,182247.12,EUR,closed_won
D01806,R015,2024-04-24,119083.65,USD,closed_won
D01807,R013,2024-03-25,269869.22,USD,closed_won
D01808,R026,2024-02-21,487344.21,GBP,closed_won
D01809,R032,2024-04-09,185491.59,EUR,closed_won
D01810,R013,2024-02-18,126725.69,USD,closed_won
D01811,R012,2024-04-11,488536.04,USD,closed_won
D01812,R035,2024-04-16,351204.2,EUR,closed_won
D01813,R049,2024-02-18,448819.43,USD,closed_won
D01814,R004,2024-04-08,208118.82,USD,closed_won
D01815,R027,2024-04-21,36290.98,GBP,closed_won
D01816,R026,2024-04-28,218351.84,GBP,closed_won
D01817,R019,2024-02-18,428026.27,USD,closed_won
D01818,R047,2024-02-14,319876.27,GBP,closed_won
D01819,R026,2024-04-25,30548.81,EUR,closed_won
D01820,R011,2024-04-04,164120.18,USD,closed_won
D01821,R030,2024-04-01,325951.88,EUR,closed_won
D01822,R017,2024-02-13,340542.67,USD,closed_won
D01823,R049,2024-02-08,428928.69,USD,closed_won
D01824,R004,2024-04-12,169078.58,USD,closed_won
D01825,R041,2024-02-10,148624.1,USD,closed_won
D01826,R035,2024-02-02,334666.45,EUR,closed_won
D01827,R048,2024-03-27,311771.8,USD,closed_won
D01828,R047,2024-04-29,269623.67,USD,closed_won
D01829,R047,2024-04-21,479826.77,USD,closed_won
D01830,R003,2024-02-03,100508.62,USD,closed_won
D01831,R004,2024-02-04,209435.45,USD,closed_won
D01832,R037,2024-02-07,116237.19,GBP,closed_won
D01833,R035,2024-03-31,292350.84,EUR,closed_won
D01834,R038,2024-04-08,471033.4,USD,closed_won
D01835,R042,2024-03-26,113412.03,GBP,closed_won
D01836,R047,2024-04-18,95343.41,USD,closed_won
D01837,R025,2024-04-21,198306.41,GBP,closed_won
D01838,R014,2024-04-10,174291.26,USD,closed_won
D01839,R047,2024-03-11,262007.04,USD,closed_won
D01840,R009,2024-03-07,187691.86,USD,closed_won
D01841,R046,2024-04-26,240379.34,EUR,closed_won
D01842,R035,2024-04-18,153303.93,EUR,closed_won
D01843,R018,2024-02-14,125203.59,USD,closed_won
D01844,R020,2024-04-15,352040.98,USD,closed_won
D01845,R006,2024-02-10,449458.54,USD,closed_won
D01846,R049,2024-02-16,118266.53,USD,closed_won
D01847,R016,2024-02-09,166797.99,USD,closed_won
D01848,R044,2024-02-03,50416.63,USD,closed_won
D01849,R028,2024-04-09,355696.97,GBP,closed_won
D01850,R011,2024-04-10,112050.55,USD,closed_won
D01851,R024,2024-04-04,122098.31,USD,closed_won
D01852,R030,2024-03-05,212128.91,GBP,closed_won
D01853,R006,2024-02-20,342482.71,USD,closed_won
D01854,R029,2024-02-19,320957.52,GBP,closed_won
D01855,R002,2024-04-04,443668.34,USD,closed_won
D01856,R046,2024-03-19,402136.21,USD,closed_won
D01857,R027,2024-03-09,97127.55,USD,closed_won
D01858,R046,2024-03-10,285755.24,USD,closed_won
D01859,R019,2024-02-28,180476.41,USD,closed_won
D01860,R022,2024-02-25,214529.34,EUR,closed_won
D01861,R011,2024-02-20,421474.18,USD,closed_won
D01862,R037,2024-03-31,291849.62,EUR,closed_won
D01863,R016,2024-03-02,487209.95,USD,closed_won
D01864,R020,2024-03-24,341156.75,USD,closed_won
D01865,R029,2024-02-07,49214.04,EUR,closed_won
D01866,R036,2024-04-05,491669.48,EUR,closed_won
D01867,R038,2024-03-27,302365.27,EUR,closed_won
D01868,R009,2024-04-28,110704.93,USD,closed_won
D01869,R042,2024-04-02,349160.98,EUR,closed_won
D01870,R035,2024-03-29,62628.84,EUR,closed_won
D01871,R015,2024-04-24,180278.51,USD,closed_won
D01872,R015,2024-03-19,484013.24,USD,closed_won
D01873,R033,2024-03-19,132316.13,EUR,closed_won
D01874,R040,2024-02-16,32073.57,EUR,closed_won
D01875,R001,2024-04-18,396327.68,USD,closed_won
D01876,R039,2024-03-08,102642.13,GBP,closed_won
D01877,R047,2024-02-01,218122.33,USD,closed_won
D01878,R017,2024-02-12,346422.87,USD,closed_won
D01879,R040,2024-03-25,93415.11,GBP,closed_won
D01880,R005,2024-03-17,477052.42,USD,closed_won
D01881,R004,2024-04-04,461231.69,USD,closed_won
D01882,R028,2024-03-03,333557.93,EUR,closed_won
D01883,R043,2024-02-05,270789.75,USD,closed_won
D01884,R026,2024-02-21,219926.42,EUR,closed_won
D01885,R015,2024-03-18,235660.67,USD,closed_won
D01886,R040,2024-02-10,103640.4,GBP,closed_won
D01887,R001,2024-03-05,422324.49,USD,closed_won
D01888,R039,2024-02-27,360207.75,USD,closed_won
D01889,R040,2024-04-21,446053.05,GBP,closed_won
D01890,R021,2024-02-02,458877.26,EUR,closed_won
D01891,R008,2024-04-23,393263.65,USD,closed_won
D01892,R030,2024-03-02,293270.63,EUR,closed_won
D01893,R014,2024-03-18,158260.54,USD,closed_won
D01894,R044,2024-02-27,209133.81,USD,closed_won
D01895,R049,2024-02-21,284233.09,GBP,closed_won
D01896,R031,2024-04-07,219396.41,EUR,closed_won
D01897,R042,2024-02-23,379429.66,EUR,closed_won
D01898,R035,2024-03-10,114507.27,EUR,closed_won
D01899,R002,2024-03-29,73463.88,USD,closed_won
D01900,R012,2024-02-13,107664.32,USD,closed_won
D01901,R016,2024-04-17,262066.34,EUR,closed_won
D01902,R018,2024-04-23,337585.22,USD,closed_won
D01903,R038,2024-02-23,360891.87,EUR,closed_won
D01904,R040,2024-03-03,373770.52,USD,closed_won
D01905,R034,2024-04-21,137039.42,GBP,closed_won
D01906,R016,2024-03-21,196602.96,USD,closed_won
D01907,R021,2024-04-15,401138.67,EUR,closed_won
D01908,R035,2024-04-26,212099.18,GBP,closed_won
D01909,R041,2024-04-02,144806.37,USD,closed_won
D01910,R002,2024-03-12,193567.05,USD,closed_won
D01911,R030,2024-03-19,193724.23,USD,closed_won
D01912,R022,2024-04-27,271789.97,EUR,closed_won
D01913,R044,2024-02-20,390957.55,USD,closed_won
D01914,R004,2024-03-31,217038.59,USD,closed_won
D01915,R022,2024-02-19,494189.2,USD,closed_won
D01916,R015,2024-04-27,377700.49,USD,closed_won
D01917,R012,2024-02-23,370046.37,USD,closed_won
D01918,R008,2024-03-27,324246.5,USD,closed_won
D01919,R006,2024-04-16,368762.19,USD,closed_won
D01920,R009,2024-02-12,346181.05,USD,closed_won
D01921,R010,2024-04-17,454680.85,USD,closed_won
D01922,R016,2024-02-22,268149.43,USD,closed_won
D01923,R032,2024-02-07,144952.09,USD,closed_won
D01924,R024,2024-02-17,156600.12,EUR,closed_won
D01925,R001,2024-02-18,174282.31,USD,closed_won
D01926,R016,2024-02-12,240929.29,USD,closed_won
D01927,R013,2024-03-26,490242.86,USD,closed_won
D01928,R018,2024-02-14,255670.32,USD,closed_won
D01929,R010,2024-02-29,153738.36,USD,closed_won
D01930,R014,2024-04-17,335144.31,USD,closed_won
D01931,R004,2024-02-27,446841.15,USD,closed_won
D01932,R018,2024-03-12,81120.05,GBP,closed_won
D01933,R010,2024-02-21,392574.0,USD,closed_won
D01934,R034,2024-03-06,392900.81,USD,closed_won
D01935,R031,2024-04-07,394923.41,EUR,closed_won
D01936,R007,2024-02-09,262875.74,USD,closed_won
D01937,R042,2024-04-01,400459.17,USD,closed_won
D01938,R002,2024-03-13,99346.47,USD,closed_won
D01939,R014,2024-03-16,184962.12,USD,closed_won
D01940,R011,2024-03-24,38655.51,USD,closed_won
D01941,R018,2024-03-14,397750.46,USD,closed_won
D01942,R007,2024-04-03,113615.94,USD,closed_won
D01943,R027,2024-03-13,256621.79,USD,closed_won
D01944,R041,2024-04-01,464174.18,EUR,closed_won
D01945,R026,2024-02-10,194354.33,EUR,closed_won
D01946,R007,2024-03-25,250615.72,USD,closed_won
D01947,R019,2024-04-08,180877.4,USD,closed_won
D01948,R027,2024-03-08,336824.64,EUR,closed_won
D01949,R037,2024-04-06,353151.89,EUR,closed_won
D01950,R021,2024-04-12,366893.27,GBP,closed_won
D01951,R028,2024-02-19,85901.04,GBP,closed_won
D01952,R042,2024-03-16,208416.8,USD,closed_won
D01953,R030,2024-04-14,339449.91,USD,closed_won
D01954,R014,2024-02-10,492565.55,USD,closed_won
D01955,R040,2024-04-26,484880.35,USD,closed_won
D01956,R006,2024-02-08,106216.45,USD,closed_won
D01957,R034,2024-02-28,133921.05,GBP,closed_won
D01958,R044,2024-03-23,141058.06,USD,closed_won
D01959,R048,2024-02-22,336446.87,USD,closed_won
D01960,R031,2024-04-13,430433.57,GBP,closed_won
D01961,R045,2024-03-23,304461.6,EUR,closed_won
D01962,R028,2024-03-01,216246.67,EUR,closed_won
D01963,R015,2024-04-28,395326.04,USD,closed_won
D01964,R011,2024-02-03,456544.83,USD,closed_won
D01965,R040,2024-03-06,301472.94,GBP,closed_won
D01966,R050,2024-03-03,434448.2,GBP,closed_won
D01967,R016,2024-04-06,204411.2,USD,closed_won
D01968,R045,2024-04-08,442273.81,EUR,closed_won
D01969,R037,2024-03-18,105741.74,GBP,closed_won
D01970,R048,2024-03-31,63294.54,USD,closed_won
D01971,R028,2024-03-03,331096.07,EUR,closed_won
D01972,R005,2024-03-23,105942.82,USD,closed_won
D01973,R008,2024-03-01,306508.98,USD,closed_won
D01974,R039,2024-04-10,488730.8,EUR,closed_won
D01975,R040,2024-02-23,306789.25,USD,closed_won
D01976,R007,2024-02-27,479239.22,USD,closed_won
D01977,R045,2024-03-22,205962.33,USD,closed_won
D01978,R011,2024-02-03,247029.96,USD,closed_won
D01979,R021,2024-03-16,283737.9,EUR,closed_won
D01980,R033,2024-02-04,30876.0,USD,closed_won
D01981,R039,2024-02-05,102558.41,GBP,closed_won
D01982,R035,2024-02-25,324474.18,GBP,closed_won
D01983,R025,2024-04-04,307285.1,EUR,closed_won
D01984,R003,2024-02-27,359066.18,USD,closed_won
D01985,R040,2024-02-18,77480.4,EUR,closed_won
D01986,R020,2024-04-26,104019.15,USD,closed_won
D01987,R046,2024-04-03,474868.9,EUR,closed_won
D01988,R018,2024-02-08,232585.46,USD,closed_won
D01989,R041,2024-02-25,317909.3,USD,closed_won
D01990,R026,2024-04-28,276966.7,EUR,closed_won
D01991,R014,2024-04-22,216933.91,USD,closed_won
D01992,R038,2024-02-07,231344.55,USD,closed_won
D01993,R018,2024-04-06,202398.62,USD,closed_won
D01994,R049,2024-04-16,87848.16,EUR,closed_won
D01995,R015,2024-03-14,124559.78,USD,closed_won
D01996,R022,2024-03-31,76249.05,GBP,closed_won
D01997,R039,2024-03-16,45580.09,GBP,closed_won
D01998,R035,2024-03-11,161660.49,EUR,closed_won
D01999,R008,2024-02-16,247876.04,USD,closed_won
D02000,R049,2024-04-10,21170.85,EUR,closed_won
D02001,R033,2024-04-29,359047.47,EUR,closed_won
D02002,R019,2024-02-14,262631.45,USD,closed_won
D02003,R009,2024-04-10,435662.72,USD,closed_won
D02004,R027,2024-04-17,163097.13,GBP,closed_won
D02005,R002,2024-04-05,320052.83,USD,closed_won
D02006,R036,2024-03-01,416758.3,EUR,closed_won
D02007,R032,2024-03-17,488845.63,GBP,closed_won
D02008,R020,2024-04-23,87842.28,USD,closed_won
D02009,R010,2024-04-15,421337.38,USD,closed_won
D02010,R047,2024-04-12,439356.19,GBP,closed_won
D02011,R033,2024-03-16,24262.49,EUR,closed_won
D02012,R002,2024-04-19,354083.59,USD,closed_won
D02013,R023,2024-02-07,163630.45,EUR,closed_won
D02014,R045,2024-02-20,208124.24,EUR,closed_won
D02015,R033,2024-03-18,496558.43,GBP,closed_won
D02016,R016,2024-04-15,271524.27,USD,closed_won
D02017,R037,2024-04-24,57983.37,GBP,closed_won
D02018,R002,2024-03-13,446005.86,USD,closed_won
D02019,R020,2024-03-21,289121.97,USD,closed_won
D02020,R046,2024-04-22,86868.96,USD,closed_won
D02021,R006,2024-02-02,51453.26,USD,closed_won
D02022,R016,2024-03-12,208633.71,USD,closed_won
D02023,R030,2024-03-18,421384.79,GBP,closed_won
D02024,R040,2024-02-19,35975.15,EUR,closed_won
D02025,R050,2024-03-21,249521.34,EUR,closed_won
D02026,R046,2024-03-05,192149.67,USD,closed_won
D02027,R031,2024-02-13,123794.38,EUR,closed_won
D02028,R018,2024-02-12,375832.13,USD,closed_won
D02029,R041,2024-04-08,181086.97,EUR,closed_won
D02030,R002,2024-04-17,119526.22,USD,closed_won
D02031,R005,2024-03-25,272786.0,USD,closed_won
D02032,R041,2024-02-04,83126.68,EUR,closed_won
D02033,R028,2024-04-15,241579.7,EUR,closed_won
D02034,R030,2024-02-25,170812.86,EUR,closed_won
D02035,R049,2024-02-23,370539.33,USD,closed_won
D02036,R036,2024-03-19,409363.85,EUR,closed_won
D02037,R023,2024-02-02,258880.08,GBP,closed_won
D02038,R019,2024-03-08,94532.11,USD,closed_won
D02039,R043,2024-04-14,312416.08,EUR,closed_won
D02040,R043,2024-04-29,432755.09,EUR,closed_won
D02041,R018,2024-03-03,155265.88,USD,closed_won
D02042,R031,2024-02-04,221513.52,USD,closed_won
D02043,R037,2024-03-08,258075.85,USD,closed_won
D02044,R035,2024-04-25,229005.89,EUR,closed_won
D02045,R008,2024-02-05,43924.9,USD,closed_won
D02046,R034,2024-02-25,196521.49,EUR,closed_won
D02047,R018,2024-04-03,486728.74,USD,closed_won
D02048,R027,2024-04-08,71620.78,GBP,closed_won
D02049,R024,2024-02-05,435598.06,EUR,closed_won
D02050,R017,2024-03-07,210689.9,USD,closed_won
D02051,R025,2024-04-22,165495.85,USD,closed_won
D02052,R034,2024-02-24,453251.89,USD,closed_won
D02053,R009,2024-02-05,391231.41,USD,closed_won
D02054,R022,2024-03-27,492234.48,USD,closed_won
D02055,R021,2024-03-15,311892.83,GBP,closed_won
D02056,R038,2024-03-27,160422.24,EUR,closed_won
D02057,R024,2024-04-04,90144.99,EUR,closed_won
D02058,R025,2024-02-25,259533.51,EUR,closed_won
D02059,R049,2024-02-28,34014.37,USD,closed_won
D02060,R018,2024-04-24,137855.74,USD,closed_won
D02061,R021,2024-04-10,84740.51,GBP,closed_won
D02062,R001,2024-04-21,496552.52,USD,closed_won
D02063,R050,2024-02-13,177350.45,USD,closed_won
D02064,R049,2024-03-06,416369.47,EUR,closed_won
D02065,R003,2024-04-11,207350.56,USD,closed_won
D02066,R040,2024-04-10,75662.19,EUR,closed_won
D02067,R046,2024-02-20,398117.68,USD,closed_won
D02068,R035,2024-04-21,33901.25,EUR,closed_won
D02069,R025,2024-02-17,246005.84,EUR,closed_won
D02070,R030,2024-02-16,136006.94,EUR,closed_won
D02071,R042,2024-04-21,416190.5,EUR,closed_won
D02072,R039,2024-02-19,208136.22,EUR,closed_won
D02073,R046,2024-03-11,358688.95,GBP,closed_won
D02074,R006,2024-02-16,245474.35,USD,closed_won
D02075,R036,2024-02-28,50904.87,GBP,closed_won
D02076,R044,2024-02-10,308420.51,GBP,closed_won
D02077,R043,2024-03-08,464414.27,USD,closed_won
D02078,R016,2024-03-12,105166.18,GBP,closed_won
D02079,R024,2024-03-26,289057.87,USD,closed_won
D02080,R044,2024-04-25,435771.97,USD,closed_won
D02081,R021,2024-02-20,208308.08,USD,closed_won
D02082,R047,2024-03-17,398267.58,EUR,closed_won
D02083,R005,2024-04-16,26418.62,USD,closed_won
D02084,R029,2024-03-22,184426.26,GBP,closed_won
D02085,R047,2024-04-01,141933.31,USD,closed_won
D02086,R029,2024-02-20,445720.39,EUR,closed_won
D02087,R048,2024-02-12,375373.24,EUR,closed_won
D02088,R005,2024-03-01,245507.27,USD,closed_won
D02089,R034,2024-04-27,44662.52,EUR,closed_won
D02090,R003,2024-03-11,201650.88,USD,closed_won
D02091,R003,2024-02-15,221951.5,USD,closed_won
D02092,R042,2024-03-30,45836.19,USD,closed_won
D02093,R042,2024-04-05,296982.79,USD,closed_won
D02094,R032,2024-04-28,30915.9,GBP,closed_won
D02095,R035,2024-04-03,368904.64,EUR,closed_won
D02096,R018,2024-04-11,331380.07,USD,closed_won
D02097,R050,2024-04-07,234547.52,USD,closed_won
D02098,R014,2024-02-03,146032.5,USD,closed_won
D02099,R039,2024-04-25,390006.36,GBP,closed_won
D02100,R039,2024-02-09,484965.54,USD,closed_won
D02101,R035,2024-03-22,103845.1,EUR,closed_won
D02102,R050,2024-04-17,221060.48,USD,closed_won
D02103,R024,2024-02-04,267020.64,GBP,closed_won
D02104,R024,2024-02-22,26204.46,GBP,closed_won
D02105,R012,2024-02-23,121364.92,USD,closed_won
D02106,R028,2024-03-03,434401.36,EUR,closed_won
D02107,R029,2024-02-17,337857.26,EUR,closed_won
D02108,R034,2024-04-10,313037.35,EUR,closed_won
D02109,R036,2024-03-06,330079.31,USD,closed_won
D02110,R036,2024-02-05,481719.32,EUR,closed_won
D02111,R013,2024-04-13,373676.13,USD,closed_won
D02112,R021,2024-02-06,36457.15,GBP,closed_won
D02113,R003,2024-02-26,395083.05,USD,closed_won
D02114,R023,2024-03-04,258245.16,EUR,closed_won
D02115,R042,2024-03-30,390524.2,USD,closed_won
D02116,R023,2024-03-20,268518.57,EUR,closed_won
D02117,R029,2024-03-19,163425.61,GBP,closed_won
D02118,R036,2024-02-13,272765.97,EUR,closed_won
D02119,R028,2024-02-19,140287.3,EUR,closed_won
D02120,R048,2024-02-09,86007.14,EUR,closed_won
D02121,R027,2024-04-10,487223.93,EUR,closed_won
D02122,R030,2024-02-10,95483.58,USD,closed_won
D02123,R014,2024-04-30,318020.14,USD,closed_won
D02124,R011,2024-03-23,66563.46,USD,closed_won
D02125,R005,2024-02-26,282678.56,USD,closed_won
D02126,R049,2024-04-29,483766.98,USD,closed_won
D02127,R036,2024-02-11,379323.88,GBP,closed_won
D02128,R032,2024-02-08,479073.27,EUR,closed_won
D02129,R026,2024-03-10,444710.03,EUR,closed_won
D02130,R048,2024-02-14,56899.64,USD,closed_won
D02131,R049,2024-03-12,325533.56,USD,closed_won
D02132,R035,2024-04-24,320258.41,EUR,closed_won
D02133,R029,2024-03-13,55156.72,EUR,closed_won
D02134,R037,2024-02-13,407546.71,EUR,closed_won
D02135,R047,2024-03-08,166473.41,EUR,closed_won
D02136,R046,2024-04-18,265279.72,EUR,closed_won
D02137,R029,2024-02-04,411613.08,EUR,closed_won
D02138,R005,2024-02-01,481906.18,USD,closed_won
D02139,R032,2024-04-16,431569.86,GBP,closed_won
D02140,R018,2024-02-19,493304.17,USD,closed_won
D02141,R005,2024-03-16,306931.93,USD,closed_won
D02142,R027,2024-04-21,272036.72,EUR,closed_won
D02143,R046,2024-02-15,69482.53,USD,closed_won
D02144,R002,2024-02-26,270341.23,USD,closed_won
D02145,R032,2024-02-20,47521.95,EUR,closed_won
D02146,R008,2024-04-30,137965.98,USD,closed_won
D02147,R028,2024-02-01,77797.54,USD,closed_won
D02148,R032,2024-02-24,45052.26,EUR,closed_won
D02149,R036,2024-02-15,77578.7,USD,closed_won
D02150,R036,2024-04-27,415872.89,USD,closed_won
D02151,R012,2024-02-02,273463.05,USD,closed_won
D02152,R017,2024-04-08,66793.45,USD,closed_won
D02153,R037,2024-04-26,252670.04,EUR,closed_won
D02154,R018,2024-03-21,274066.98,USD,closed_won
D02155,R035,2024-04-15,473016.68,EUR,closed_won
D02156,R010,2024-03-24,195874.95,USD,closed_won
D02157,R050,2024-04-20,132520.78,EUR,closed_won
D02158,R022,2024-04-03,305756.84,USD,closed_won
D02159,R004,2024-04-07,475868.4,USD,closed_won
D02160,R037,2024-02-14,127873.97,GBP,closed_won
D02161,R036,2024-03-12,398731.87,GBP,closed_won
D02162,R034,2024-04-06,329504.79,EUR,closed_won
D02163,R029,2024-03-29,161788.78,GBP,closed_won
D02164,R031,2024-04-20,68439.21,USD,closed_won
D02165,R045,2024-03-17,260317.65,USD,closed_won
D02166,R022,2024-02-05,404458.52,EUR,closed_won
D02167,R034,2024-03-11,224303.57,GBP,closed_won
D02168,R047,2024-03-29,384567.17,USD,closed_won
D02169,R019,2024-03-19,375541.38,USD,closed_won
D02170,R004,2024-03-06,437965.95,GBP,closed_won
D02171,R047,2024-03-17,276498.8,GBP,closed_won
D02172,R047,2024-02-15,356262.06,USD,closed_won
D02173,R030,2024-03-20,33336.37,EUR,closed_won
D02174,R029,2024-03-26,22634.43,EUR,closed_won
D02175,R008,2024-03-16,93075.83,USD,closed_won
D02176,R005,2024-03-09,47859.08,USD,closed_won
D02177,R037,2024-04-17,223883.42,EUR,closed_won
D02178,R012,2024-03-26,489389.51,USD,closed_won
D02179,R006,2024-02-29,382478.82,USD,closed_won
D02180,R007,2024-03-10,410351.8,USD,closed_won
D02181,R031,2024-03-11,20827.83,GBP,closed_won
D02182,R040,2024-03-29,426174.1,EUR,closed_won
D02183,R037,2024-02-03,198195.45,GBP,closed_won
D02184,R025,2024-02-06,140336.69,GBP,closed_won
D02185,R013,2024-04-04,200842.24,USD,closed_won
D02186,R015,2024-02-01,303082.51,USD,closed_won
D02187,R010,2024-02-25,265004.12,USD,closed_won
D02188,R033,2024-04-30,405671.38,EUR,closed_won
D02189,R033,2024-04-29,422252.12,EUR,closed_won
D02190,R048,2024-03-06,29688.52,EUR,closed_won
D02191,R017,2024-04-29,271807.89,USD,closed_won
D02192,R013,2024-03-16,373601.44,USD,closed_won
D02193,R002,2024-02-06,140039.05,USD,closed_won
D02194,R027,2024-03-08,199485.0,EUR,closed_won
D02195,R005,2024-03-04,393283.89,USD,closed_won
D02196,R006,2024-04-14,410972.89,USD,closed_won
D02197,R026,2024-04-06,268125.38,EUR,closed_won
D02198,R012,2024-03-25,123842.63,USD,closed_won
D02199,R019,2024-04-16,36874.55,USD,closed_won
D02200,R010,2024-04-13,157637.08,USD,closed_won
D02201,R021,2024-03-20,350443.65,USD,closed_won
D02202,R031,2024-02-18,351338.32,EUR,closed_won
D02203,R023,2024-04-11,203148.21,GBP,closed_won
D02204,R016,2024-03-02,103750.89,USD,closed_won
D02205,R001,2024-02-09,413485.8,USD,closed_won
D02206,R045,2024-04-03,205213.27,USD,closed_won
D02207,R046,2024-04-16,267280.39,USD,closed_won
D02208,R023,2024-04-03,361169.48,EUR,closed_won
D02209,R036,2024-03-24,246102.49,USD,closed_won
D02210,R009,2024-03-13,121824.31,EUR,closed_won
D02211,R032,2024-03-23,420709.73,EUR,closed_won
D02212,R028,2024-02-02,141960.6,EUR,closed_won
D02213,R002,2024-04-08,70768.51,USD,closed_won
D02214,R033,2024-03-03,260156.7,EUR,closed_won
D02215,R026,2024-03-10,47853.23,USD,closed_won
D02216,R047,2024-02-28,99761.69,USD,closed_won
D02217,R040,2024-04-24,335186.15,USD,closed_won
D02218,R042,2024-03-03,417633.38,USD,closed_won
D02219,R018,2024-02-26,133995.86,USD,closed_won
D02220,R033,2024-03-03,435678.93,EUR,closed_won
D02221,R012,2024-04-10,459262.62,USD,closed_won
D02222,R002,2024-02-01,450877.86,USD,closed_won
D02223,R001,2024-03-20,402412.93,USD,closed_won
D02224,R033,2024-02-09,117008.05,GBP,closed_won
D02225,R012,2024-03-27,360100.39,USD,closed_won
D02226,R030,2024-03-17,432315.41,GBP,closed_won
D02227,R032,2024-02-21,176880.64,GBP,closed_won
D02228,R013,2024-02-27,71820.46,USD,closed_won
D02229,R021,2024-03-29,305506.35,EUR,closed_won
D02230,R005,2024-04-06,36111.28,EUR,closed_won
D02231,R034,2024-04-08,346761.01,EUR,closed_won
D02232,R004,2024-02-23,159862.33,USD,closed_won
D02233,R044,2024-04-06,358936.96,USD,closed_won
D02234,R039,2024-03-24,295061.88,EUR,closed_won
D02235,R040,2024-04-08,135714.26,USD,closed_won
D02236,R041,2024-04-28,497284.94,USD,closed_won
D02237,R001,2024-02-28,248765.23,USD,closed_won
D02238,R035,2024-02-07,181057.84,USD,closed_won
D02239,R023,2024-03-22,488714.51,EUR,closed_won
D02240,R001,2024-03-31,106233.55,USD,closed_won
D02241,R032,2024-04-01,492522.76,GBP,closed_won
D02242,R005,2024-04-24,360553.47,USD,closed_won
D02243,R006,2024-04-12,154902.76,USD,closed_won
D02244,R050,2024-04-29,480301.84,USD,closed_won
D02245,R031,2024-03-29,180734.43,GBP,closed_won
D02246,R017,2024-03-28,87201.77,USD,closed_won
D02247,R019,2024-02-02,99366.54,USD,closed_won
D02248,R016,2024-02-04,361394.13,USD,closed_won
D02249,R037,2024-04-04,95425.43,USD,closed_won
D02250,R016,2024-02-26,173059.49,EUR,closed_won
D02251,R010,2024-02-02,97611.21,USD,closed_won
D02252,R003,2024-04-30,400316.31,USD,closed_won
D02253,R032,2024-04-02,156680.13,GBP,closed_won
D02254,R009,2024-03-24,82019.58,GBP,closed_won
D02255,R011,2024-04-16,332219.18,USD,closed_won
D02256,R044,2024-04-20,73052.57,EUR,closed_won
D02257,R037,2024-03-03,318698.78,GBP,closed_won
D02258,R045,2024-04-27,259745.36,USD,closed_won
D02259,R001,2024-02-10,246215.53,USD,closed_won
D02260,R017,2024-04-27,358612.21,USD,closed_won
D02261,R002,2024-04-14,422946.06,USD,closed_won
D02262,R001,2024-04-09,486429.31,USD,closed_won
D02263,R037,2024-04-26,53758.62,EUR,closed_won
D02264,R041,2024-02-09,480848.3,GBP,closed_won
D02265,R020,2024-03-29,455478.5,USD,closed_won
D02266,R027,2024-03-19,377873.79,GBP,closed_won
D02267,R009,2024-02-01,362602.93,USD,closed_won
D02268,R036,2024-03-30,479482.42,EUR,closed_won
D02269,R007,2024-03-21,418147.36,USD,closed_won
D02270,R025,2024-04-11,91979.34,EUR,closed_won
D02271,R006,2024-02-28,37378.31,USD,closed_won
D02272,R034,2024-03-07,487984.3,USD,closed_won
D02273,R012,2024-04-23,332832.55,USD,closed_won
D02274,R041,2024-02-16,433100.3,USD,closed_won
D02275,R048,2024-03-11,176542.47,USD,closed_won
D02276,R015,2024-02-01,472563.05,USD,closed_won
D02277,R022,2024-03-11,55478.06,EUR,closed_won
D02278,R016,2024-02-05,98487.94,USD,closed_won
D02279,R007,2024-02-11,79433.16,USD,closed_won
D02280,R048,2024-04-10,252130.04,EUR,closed_won
D02281,R006,2024-02-24,373044.58,USD,closed_won
D02282,R011,2024-04-26,23775.05,USD,closed_won
D02283,R003,2024-04-20,268904.59,USD,closed_won
D02284,R007,2024-02-08,220181.57,USD,closed_won
D02285,R003,2024-04-11,41160.59,USD,closed_won
D02286,R045,2024-02-09,254089.24,USD,closed_won
D02287,R018,2024-04-22,90303.43,USD,closed_won
D02288,R038,2024-03-17,71719.88,EUR,closed_won
D02289,R027,2024-03-13,448535.76,GBP,closed_won
D02290,R026,2024-04-15,110930.09,EUR,closed_won
D02291,R045,2024-03-08,371536.24,EUR,closed_won
D02292,R005,2024-03-25,312613.46,USD,closed_won
D02293,R044,2024-03-05,62629.7,USD,closed_won
D02294,R003,2024-03-03,125267.15,USD,closed_won
D02295,R013,2024-03-27,246309.09,USD,closed_won
D02296,R047,2024-03-10,321855.43,USD,closed_won
D02297,R035,2024-04-21,222199.33,EUR,closed_won
D02298,R039,2024-02-10,265538.5,GBP,closed_won
D02299,R029,2024-02-06,24456.51,EUR,closed_won
D02300,R018,2024-02-02,357933.81,USD,closed_won
D02301,R029,2024-03-18,48532.15,EUR,closed_won
D02302,R001,2024-02-24,338245.88,USD,closed_won
D02303,R036,2024-03-12,374244.07,GBP,closed_won
D02304,R004,2024-03-13,386057.15,USD,closed_won
D02305,R027,2024-04-20,139681.69,EUR,closed_won
D02306,R040,2024-03-18,212516.29,EUR,closed_won
D02307,R018,2024-02-23,182073.71,USD,closed_won
D02308,R012,2024-04-29,206695.38,USD,closed_won
D02309,R047,2024-02-11,456877.06,EUR,closed_won
D02310,R050,2024-02-16,446341.37,EUR,closed_won
D02311,R016,2024-04-11,421635.34,USD,closed_won
D02312,R046,2024-02-03,164411.72,USD,closed_won
D02313,R013,2024-02-21,399416.2,USD,closed_won
D02314,R015,2024-02-22,309775.15,USD,closed_won
D02315,R043,2024-02-28,377203.87,USD,closed_won
D02316,R007,2024-04-15,342225.53,USD,closed_won
D02317,R050,2024-04-04,115772.01,USD,closed_won
D02318,R045,2024-02-26,80377.45,EUR,closed_won
D02319,R025,2024-03-21,186874.28,GBP,closed_won
D02320,R034,2024-04-18,299886.85,GBP,closed_won
D02321,R022,2024-02-19,313261.0,EUR,closed_won
D02322,R029,2024-03-11,263787.21,GBP,closed_won
D02323,R036,2024-02-06,254494.96,USD,closed_won
D02324,R002,2024-02-23,427323.35,GBP,closed_won
D02325,R036,2024-03-07,220346.51,EUR,closed_won
D02326,R049,2024-04-19,298600.95,USD,closed_won
D02327,R012,2024-04-05,112709.04,USD,closed_won
D02328,R012,2024-04-09,425690.06,USD,closed_won
D02329,R020,2024-03-14,467013.46,USD,closed_won
D02330,R010,2024-02-04,363949.94,USD,closed_won
D02331,R016,2024-04-10,477073.86,EUR,closed_won
D02332,R001,2024-03-14,291031.78,USD,closed_won
D02333,R028,2024-03-12,256275.87,GBP,closed_won
D02334,R014,2024-02-21,346535.79,USD,closed_won
D02335,R024,2024-02-12,360531.95,EUR,closed_won
D02336,R034,2024-04-17,346227.6,EUR,closed_won
D02337,R011,2024-03-04,259061.2,USD,closed_won
D02338,R022,2024-04-13,73458.85,EUR,closed_won
D02339,R001,2024-04-21,291434.7,USD,closed_won
D02340,R039,2024-03-22,347264.45,EUR,closed_won
D02341,R001,2024-04-22,386444.74,USD,closed_won
D02342,R041,2024-04-18,88726.53,EUR,closed_won
D02343,R035,2024-03-25,292550.31,GBP,closed_won
D02344,R029,2024-02-18,210321.85,EUR,closed_won
D02345,R003,2024-03-24,93359.16,USD,closed_won
D02346,R047,2024-02-02,116465.71,USD,closed_won
D02347,R011,2024-04-30,148153.98,USD,closed_won
D02348,R033,2024-02-15,268760.41,USD,closed_won
D02349,R007,2024-04-30,60110.8,EUR,closed_won
D02350,R037,2024-03-31,223427.47,EUR,closed_won
D02351,R010,2024-03-11,73496.29,USD,closed_won
D02352,R025,2024-04-22,21892.32,EUR,closed_won
D02353,R031,2024-02-17,162905.89,EUR,closed_won
D02354,R025,2024-02-22,460623.98,EUR,closed_won
D02355,R046,2024-03-20,494882.76,USD,closed_won
D02356,R020,2024-04-03,426964.65,USD,closed_won
D02357,R003,2024-03-19,449738.7,USD,closed_won
D02358,R024,2024-02-10,394515.33,EUR,closed_won
D02359,R019,2024-04-23,320449.19,USD,closed_won
D02360,R020,2024-02-13,358403.97,USD,closed_won
D02361,R001,2024-02-09,115815.22,USD,closed_won
D02362,R020,2024-04-12,295165.66,USD,closed_won
D02363,R012,2024-02-25,52065.81,USD,closed_won
D02364,R020,2024-04-08,450149.55,USD,closed_won
D02365,R010,2024-03-07,329943.95,USD,closed_won
D02366,R040,2024-02-13,53315.12,EUR,closed_won
D02367,R007,2024-04-28,236016.3,USD,closed_won
D02368,R013,2024-04-14,437028.42,USD,closed_won
D02369,R046,2024-04-13,390181.7,EUR,closed_won
D02370,R034,2024-04-22,315945.77,USD,closed_won
D02371,R009,2024-03-03,60683.91,USD,closed_won
D02372,R040,2024-03-09,98138.46,EUR,closed_won
D02373,R040,2024-03-13,49532.91,GBP,closed_won
D02374,R009,2024-03-12,455104.84,USD,closed_won
D02375,R048,2024-04-06,450128.93,USD,closed_won
D02376,R025,2024-04-21,72539.42,GBP,closed_won
D02377,R033,2024-04-25,185431.78,EUR,closed_won
D02378,R004,2024-04-27,351156.95,USD,closed_won
D02379,R018,2024-03-08,464158.81,USD,closed_won
D02380,R048,2024-04-24,136707.0,USD,closed_won
D02381,R039,2024-02-06,287064.01,EUR,closed_won
D02382,R020,2024-02-18,465516.06,USD,closed_won
D02383,R039,2024-02-19,55072.25,GBP,closed_won
D02384,R020,2024-03-12,268924.78,USD,closed_won
D02385,R017,2024-04-01,226702.72,USD,closed_won
D02386,R042,2024-02-24,293088.26,USD,closed_won
D02387,R047,2024-03-07,412623.81,USD,closed_won
D02388,R021,2024-03-07,145489.87,GBP,closed_won
D02389,R039,2024-03-08,245284.75,EUR,closed_won
D02390,R026,2024-02-13,486585.82,EUR,closed_won
D02391,R029,2024-02-17,315829.44,USD,closed_won
D02392,R041,2024-02-06,129337.33,EUR,closed_won
D02393,R023,2024-02-23,370860.02,USD,closed_won
D02394,R045,2024-03-05,227289.24,EUR,closed_won
D02395,R019,2024-04-11,388578.02,USD,closed_won
D02396,R048,2024-02-17,88119.64,USD,closed_won
D02397,R044,2024-02-21,345143.37,USD,closed_won
D02398,R016,2024-04-22,231541.52,USD,closed_won
D02399,R025,2024-04-29,347761.22,EUR,closed_won
D02400,R025,2024-02-29,311485.62,USD,closed_won
D02401,R015,2024-02-22,325333.83,GBP,closed_won
D02402,R049,2024-04-16,168506.68,EUR,closed_won
D02403,R028,2024-04-19,488982.74,GBP,closed_won
D02404,R040,2024-04-22,411832.24,EUR,closed_won
D02405,R025,2024-03-18,233325.16,EUR,closed_won
D02406,R037,2024-03-26,148687.96,USD,closed_won
D02407,R017,2024-04-05,249454.1,USD,closed_won
D02408,R036,2024-02-20,127093.92,GBP,closed_won
D02409,R039,2024-04-20,106314.97,EUR,closed_won
D02410,R010,2024-04-20,383379.18,USD,closed_won
D02411,R015,2024-02-11,380061.04,USD,closed_won
D02412,R022,2024-03-13,410824.48,EUR,closed_won
D02413,R042,2024-03-22,417382.07,EUR,closed_won
D02414,R027,2024-02-27,439912.7,EUR,closed_won
D02415,R050,2024-04-04,392671.32,USD,closed_won
D02416,R024,2024-03-07,426614.65,EUR,closed_won
D02417,R044,2024-02-26,341431.67,USD,closed_won
D02418,R029,2024-04-09,329867.3,GBP,closed_won
D02419,R028,2024-04-18,258804.75,GBP,closed_won
D02420,R031,2024-02-11,387947.45,EUR,closed_won
D02421,R029,2024-03-09,36662.37,EUR,closed_won
D02422,R050,2024-02-02,313691.29,GBP,closed_won
D02423,R036,2024-03-15,36936.32,GBP,closed_won
D02424,R026,2024-03-20,242463.47,GBP,closed_won
D02425,R013,2024-02-03,201634.11,USD,closed_won
D02426,R037,2024-03-24,412903.46,GBP,closed_won
D02427,R002,2024-02-10,421052.91,USD,closed_won
D02428,R025,2024-02-04,147297.15,EUR,closed_won
D02429,R016,2024-04-16,243664.13,USD,closed_won
D02430,R033,2024-04-01,452225.18,EUR,closed_won
D02431,R035,2024-04-23,325147.11,EUR,closed_won
D02432,R042,2024-03-18,404347.03,USD,closed_won
D02433,R022,2024-03-12,222968.46,USD,closed_won
D02434,R016,2024-02-07,445086.57,USD,closed_won
D02435,R017,2024-02-19,243191.64,USD,closed_won
D02436,R025,2024-04-30,494889.85,EUR,closed_won
D02437,R013,2024-02-07,34507.86,USD,closed_won
D02438,R047,2024-04-27,485014.68,EUR,closed_won
D02439,R028,2024-02-18,471264.81,EUR,closed_won
D02440,R016,2024-04-13,305363.59,USD,closed_won
D02441,R028,2024-02-03,160699.03,EUR,closed_won
D02442,R015,2024-03-31,300929.15,USD,closed_won
D02443,R020,2024-03-31,54387.94,USD,closed_won
D02444,R006,2024-02-11,190422.42,USD,closed_won
D02445,R014,2024-02-16,226418.42,USD,closed_won
D02446,R010,2024-03-27,272666.28,USD,closed_won
D02447,R035,2024-02-05,40207.28,EUR,closed_won
D02448,R039,2024-03-27,57696.93,EUR,closed_won
D02449,R017,2024-04-19,367823.05,USD,closed_won
D02450,R007,2024-02-12,406541.77,USD,closed_won
D02451,R013,2024-04-01,46265.56,USD,closed_won
D02452,R036,2024-02-22,221845.37,EUR,closed_won
D02453,R023,2024-03-18,151013.51,GBP,closed_won
D02454,R045,2024-04-14,256640.31,EUR,closed_won
D02455,R034,2024-04-16,119865.52,GBP,closed_won
D02456,R016,2024-02-20,44756.36,USD,closed_won
D02457,R002,2024-03-21,90589.34,EUR,closed_won
D02458,R023,2024-03-27,290366.8,EUR,closed_won
D02459,R050,2024-02-18,394146.55,USD,closed_won
D02460,R043,2024-04-05,449597.0,EUR,closed_won
D02461,R044,2024-04-09,201146.23,USD,closed_won
D02462,R015,2024-04-07,242646.25,USD,closed_won
D02463,R044,2024-03-03,385375.79,GBP,closed_won
D02464,R006,2024-03-20,213433.86,USD,closed_won
D02465,R016,2024-02-20,345211.08,USD,closed_won
D02466,R041,2024-02-24,306061.05,GBP,closed_won
D02467,R036,2024-04-23,482866.82,EUR,closed_won
D02468,R047,2024-04-11,20498.32,EUR,closed_won
D02469,R041,2024-02-13,197018.92,EUR,closed_won
D02470,R036,2024-03-06,461265.65,EUR,closed_won
D02471,R028,2024-02-13,398621.03,EUR,closed_won
D02472,R013,2024-04-19,79422.99,USD,closed_won
D02473,R020,2024-04-25,461018.23,USD,closed_won
D02474,R019,2024-04-28,238216.56,USD,closed_won
D02475,R024,2024-03-30,413070.75,GBP,closed_won
D02476,R049,2024-02-04,470382.8,USD,closed_won
D02477,R020,2024-02-01,485788.24,USD,closed_won
D02478,R047,2024-02-17,494067.44,USD,closed_won
D02479,R025,2024-04-22,350813.51,EUR,closed_won
D02480,R049,2024-03-18,473226.15,USD,closed_won
D02481,R026,2024-02-02,445349.64,EUR,closed_won
D02482,R028,2024-03-10,154017.25,EUR,closed_won
D02483,R031,2024-03-11,297555.26,EUR,closed_won
D02484,R027,2024-03-02,86980.96,EUR,closed_won
D02485,R008,2024-03-01,499458.41,USD,closed_won
D02486,R006,2024-03-21,363233.68,USD,closed_won
D02487,R031,2024-03-09,417426.93,EUR,closed_won
D02488,R043,2024-02-01,456343.59,EUR,closed_won
D02489,R028,2024-04-05,484911.88,USD,closed_won
D02490,R044,2024-03-10,330794.74,USD,closed_won
D02491,R041,2024-03-27,429405.41,EUR,closed_won
D02492,R029,2024-04-05,294082.66,EUR,closed_won
D02493,R049,2024-02-20,349382.18,USD,closed_won
D02494,R007,2024-04-02,388467.61,USD,closed_won
D02495,R049,2024-03-18,416672.24,EUR,closed_won
D02496,R002,2024-02-21,146323.33,USD,closed_won
D02497,R019,2024-02-12,457307.44,USD,closed_won
D02498,R044,2024-02-15,426914.96,USD,closed_won
D02499,R028,2024-02-04,156979.75,EUR,closed_won
D02500,R037,2024-04-10,235383.77,GBP,closed_won
D02501,R045,2024-07-01,195160.43,USD,closed_won
D02502,R007,2024-06-07,374783.48,USD,closed_won
D02503,R016,2024-06-30,59163.05,USD,closed_won
D02504,R047,2024-05-11,154885.99,USD,closed_won
D02505,R012,2024-05-31,227161.93,USD,closed_won
D02506,R045,2024-07-09,76303.73,USD,closed_won
D02507,R049,2024-06-26,171309.08,USD,closed_won
D02508,R027,2024-07-02,335506.7,EUR,closed_won
D02509,R038,2024-06-28,169438.89,EUR,closed_won
D02510,R036,2024-06-16,436216.53,GBP,closed_won
D02511,R030,2024-07-20,345493.76,EUR,closed_won
D02512,R012,2024-07-25,44899.12,USD,closed_won
D02513,R041,2024-07-24,432364.0,USD,closed_won
D02514,R034,2024-07-23,102912.74,EUR,closed_won
D02515,R044,2024-07-12,193656.49,USD,closed_won
D02516,R022,2024-07-02,224031.62,EUR,closed_won
D02517,R006,2024-06-08,194264.82,USD,closed_won
D02518,R009,2024-06-28,284180.25,USD,closed_won
D02519,R046,2024-05-15,171300.17,USD,closed_won
D02520,R048,2024-05-17,399222.46,USD,closed_won
D02521,R005,2024-06-21,487944.93,USD,closed_won
D02522,R010,2024-07-03,455022.46,USD,closed_won
D02523,R044,2024-07-10,160376.73,USD,closed_won
D02524,R017,2024-07-06,347784.86,USD,closed_won
D02525,R003,2024-06-17,86876.12,USD,closed_won
D02526,R012,2024-07-15,36980.19,USD,closed_won
D02527,R011,2024-06-18,147364.44,USD,closed_won
D02528,R036,2024-07-14,417267.69,EUR,closed_won
D02529,R047,2024-05-04,369325.59,USD,closed_won
D02530,R045,2024-05-31,406202.95,USD,closed_won
D02531,R036,2024-05-31,224190.46,EUR,closed_won
D02532,R026,2024-07-17,129096.15,GBP,closed_won
D02533,R031,2024-06-18,210834.18,GBP,closed_won
D02534,R004,2024-06-19,189755.08,USD,closed_won
D02535,R012,2024-07-11,304238.88,USD,closed_won
D02536,R034,2024-05-06,103742.17,EUR,closed_won
D02537,R005,2024-05-21,340733.16,USD,closed_won
D02538,R006,2024-05-01,329831.6,USD,closed_won
D02539,R026,2024-05-24,391443.01,USD,closed_won
D02540,R031,2024-05-29,63948.15,USD,closed_won
D02541,R008,2024-06-12,388970.31,USD,closed_won
D02542,R027,2024-07-16,250834.71,EUR,closed_won
D02543,R013,2024-07-16,343570.01,USD,closed_won
D02544,R036,2024-05-29,46121.61,USD,closed_won
D02545,R050,2024-05-17,230651.44,EUR,closed_won
D02546,R030,2024-06-29,400463.59,GBP,closed_won
D02547,R026,2024-07-24,242292.9,EUR,closed_won
D02548,R042,2024-06-17,273788.18,USD,closed_won
D02549,R013,2024-05-31,115992.89,USD,closed_won
D02550,R013,2024-07-11,189778.36,USD,closed_won
D02551,R012,2024-07-05,441639.04,USD,closed_won
D02552,R029,2024-07-06,85599.83,EUR,closed_won
D02553,R004,2024-05-21,109063.92,USD,closed_won
D02554,R003,2024-05-14,117809.89,USD,closed_won
D02555,R018,2024-06-17,215576.32,USD,closed_won
D02556,R007,2024-05-24,260815.89,USD,closed_won
D02557,R044,2024-06-02,467138.54,USD,closed_won
D02558,R049,2024-05-28,193417.2,USD,closed_won
D02559,R028,2024-06-17,370055.06,EUR,closed_won
D02560,R043,2024-05-27,260085.03,EUR,closed_won
D02561,R033,2024-07-14,392153.22,GBP,closed_won
D02562,R043,2024-07-30,25191.74,USD,closed_won
D02563,R044,2024-05-05,289222.07,USD,closed_won
D02564,R006,2024-05-13,26745.77,USD,closed_won
D02565,R018,2024-06-29,180752.81,USD,closed_won
D02566,R018,2024-06-30,183549.01,USD,closed_won
D02567,R008,2024-06-06,481676.07,USD,closed_won
D02568,R042,2024-06-28,219215.23,GBP,closed_won
D02569,R002,2024-06-18,263687.55,USD,closed_won
D02570,R024,2024-05-26,176581.35,EUR,closed_won
D02571,R035,2024-05-07,47479.12,EUR,closed_won
D02572,R037,2024-05-09,220821.77,GBP,closed_won
D02573,R008,2024-07-07,269002.6,USD,closed_won
D02574,R008,2024-07-12,416132.75,USD,closed_won
D02575,R006,2024-05-13,321215.36,USD,closed_won
D02576,R016,2024-05-18,323128.04,USD,closed_won
D02577,R041,2024-07-07,81841.87,USD,closed_won
D02578,R022,2024-07-15,451114.97,USD,closed_won
D02579,R004,2024-05-06,331404.02,USD,closed_won
D02580,R023,2024-05-31,140816.29,EUR,closed_won
D02581,R036,2024-06-11,181716.21,EUR,closed_won
D02582,R015,2024-07-15,438124.94,USD,closed_won
D02583,R022,2024-05-26,91343.26,GBP,closed_won
D02584,R036,2024-07-31,99310.85,GBP,closed_won
D02585,R031,2024-06-07,198765.31,EUR,closed_won
D02586,R034,2024-05-05,56309.49,EUR,closed_won
D02587,R008,2024-05-10,379753.42,USD,closed_won
D02588,R048,2024-07-11,472190.45,USD,closed_won
D02589,R041,2024-06-19,77807.94,USD,closed_won
D02590,R035,2024-07-25,55591.33,GBP,closed_won
D02591,R008,2024-05-16,366106.1,USD,closed_won
D02592,R002,2024-07-01,181693.05,USD,closed_won
D02593,R027,2024-07-21,174197.48,GBP,closed_won
D02594,R043,2024-07-07,154916.01,USD,closed_won
D02595,R040,2024-06-09,280730.43,EUR,closed_won
D02596,R035,2024-07-11,62403.59,GBP,closed_won
D02597,R019,2024-07-15,45560.32,USD,closed_won
D02598,R012,2024-05-10,223519.58,USD,closed_won
D02599,R025,2024-07-02,372485.96,EUR,closed_won
D02600,R044,2024-05-18,383388.94,USD,closed_won
D02601,R041,2024-07-14,59219.48,USD,closed_won
D02602,R002,2024-07-29,403116.47,USD,closed_won
D02603,R043,2024-06-13,79487.24,EUR,closed_won
D02604,R032,2024-07-10,478266.85,EUR,closed_won
D02605,R026,2024-05-02,69963.56,EUR,closed_won
D02606,R002,2024-06-06,194386.83,USD,closed_won
D02607,R050,2024-06-10,269047.95,USD,closed_won
D02608,R020,2024-07-13,445100.78,USD,closed_won
D02609,R031,2024-06-15,432710.86,EUR,closed_won
D02610,R001,2024-05-29,300508.61,USD,closed_won
D02611,R014,2024-06-15,226698.41,USD,closed_won
D02612,R050,2024-05-09,46380.99,USD,closed_won
D02613,R021,2024-06-17,400092.18,USD,closed_won
D02614,R037,2024-06-18,297281.98,GBP,closed_won
D02615,R003,2024-05-05,136085.17,USD,closed_won
D02616,R006,2024-06-29,407541.45,USD,closed_won
D02617,R040,2024-05-31,426520.48,USD,closed_won
D02618,R022,2024-07-13,186660.14,EUR,closed_won
D02619,R030,2024-06-05,432858.81,EUR,closed_won
D02620,R007,2024-07-26,226934.02,USD,closed_won
D02621,R036,2024-05-26,304636.94,GBP,closed_won
D02622,R036,2024-05-11,110934.49,EUR,closed_won
D02623,R022,2024-07-05,232200.8,EUR,closed_won
D02624,R037,2024-05-19,174812.15,GBP,closed_won
D02625,R050,2024-07-16,180396.29,EUR,closed_won
D02626,R004,2024-06-20,257528.51,USD,closed_won
D02627,R028,2024-07-20,435504.3,EUR,closed_won
D02628,R020,2024-06-23,74072.78,USD,closed_won
D02629,R011,2024-05-22,452499.75,USD,closed_won
D02630,R012,2024-07-22,202717.28,USD,closed_won
D02631,R014,2024-07-10,427439.81,USD,closed_won
D02632,R014,2024-06-28,68548.25,GBP,closed_won
D02633,R010,2024-07-13,21796.37,USD,closed_won
D02634,R027,2024-07-16,431604.14,EUR,closed_won
D02635,R017,2024-07-21,134818.12,USD,closed_won
D02636,R015,2024-06-30,343469.65,USD,closed_won
D02637,R025,2024-06-10,489657.62,EUR,closed_won
D02638,R011,2024-06-24,266734.13,USD,closed_won
D02639,R034,2024-05-03,265246.18,USD,closed_won
D02640,R025,2024-05-19,486013.07,GBP,closed_won
D02641,R046,2024-05-10,312225.14,USD,closed_won
D02642,R021,2024-06-03,187846.64,EUR,closed_won
D02643,R030,2024-06-23,273150.06,GBP,closed_won
D02644,R022,2024-07-11,307737.61,EUR,closed_won
D02645,R011,2024-07-01,497175.49,USD,closed_won
D02646,R008,2024-05-05,206144.98,USD,closed_won
D02647,R016,2024-07-14,446719.61,USD,closed_won
D02648,R036,2024-06-13,326287.08,EUR,closed_won
D02649,R023,2024-06-13,123541.26,GBP,closed_won
D02650,R001,2024-05-24,194888.9,USD,closed_won
D02651,R026,2024-05-02,481921.22,EUR,closed_won
D02652,R044,2024-07-28,148965.47,EUR,closed_won
D02653,R010,2024-07-02,378215.3,USD,closed_won
D02654,R014,2024-06-18,371400.27,USD,closed_won
D02655,R043,2024-05-28,207119.89,EUR,closed_won
D02656,R041,2024-07-28,76756.03,USD,closed_won
D02657,R026,2024-06-25,242054.13,EUR,closed_won
D02658,R004,2024-07-23,65763.05,USD,closed_won
D02659,R003,2024-07-18,168614.18,USD,closed_won
D02660,R044,2024-06-18,65429.08,USD,closed_won
D02661,R050,2024-05-23,42537.56,USD,closed_won
D02662,R023,2024-06-13,106865.53,EUR,closed_won
D02663,R036,2024-05-27,76716.62,EUR,closed_won
D02664,R049,2024-05-01,408243.75,GBP,closed_won
D02665,R042,2024-05-07,223749.98,EUR,closed_won
D02666,R029,2024-07-16,453373.3,EUR,closed_won
D02667,R021,2024-06-25,384469.61,EUR,closed_won
D02668,R016,2024-07-06,292297.71,USD,closed_won
D02669,R032,2024-06-04,186334.02,EUR,closed_won
D02670,R048,2024-07-07,247402.05,USD,closed_won
D02671,R008,2024-06-17,303269.88,USD,closed_won
D02672,R004,2024-06-26,200994.57,USD,closed_won
D02673,R012,2024-07-20,128670.81,USD,closed_won
D02674,R001,2024-07-06,475329.98,USD,closed_won
D02675,R027,2024-05-01,326592.61,EUR,closed_won
D02676,R032,2024-05-08,110415.39,EUR,closed_won
D02677,R039,2024-07-28,104454.89,EUR,closed_won
D02678,R033,2024-06-01,183375.53,GBP,closed_won
D02679,R015,2024-07-21,357302.36,USD,closed_won
D02680,R021,2024-05-30,313187.94,EUR,closed_won
D02681,R034,2024-07-12,482846.8,EUR,closed_won
D02682,R043,2024-05-10,253374.04,GBP,closed_won
D02683,R050,2024-05-20,42602.93,EUR,closed_won
D02684,R012,2024-05-05,396530.59,USD,closed_won
D02685,R017,2024-07-05,245622.74,USD,closed_won
D02686,R013,2024-05-05,121046.47,USD,closed_won
D02687,R007,2024-06-14,433333.97,USD,closed_won
D02688,R014,2024-05-09,27578.05,USD,closed_won
D02689,R032,2024-07-25,276691.31,GBP,closed_won
D02690,R032,2024-07-15,266307.97,EUR,closed_won
D02691,R003,2024-05-31,196512.38,USD,closed_won
D02692,R013,2024-06-13,127046.98,USD,closed_won
D02693,R016,2024-07-13,476891.19,USD,closed_won
D02694,R027,2024-07-22,195705.33,GBP,closed_won
D02695,R041,2024-07-08,102478.95,USD,closed_won
D02696,R040,2024-05-21,350498.36,USD,closed_won
D02697,R026,2024-07-21,38667.56,EUR,closed_won
D02698,R032,2024-07-14,304288.11,EUR,closed_won
D02699,R042,2024-07-21,489283.84,USD,closed_won
D02700,R040,2024-05-24,93633.12,USD,closed_won
D02701,R025,2024-07-30,98610.91,GBP,closed_won
D02702,R002,2024-07-22,476896.78,USD,closed_won
D02703,R022,2024-05-28,153683.15,EUR,closed_won
D02704,R015,2024-07-22,214435.15,USD,closed_won
D02705,R041,2024-05-17,461611.23,EUR,closed_won
D02706,R043,2024-07-07,401507.75,GBP,closed_won
D02707,R041,2024-06-22,375938.87,GBP,closed_won
D02708,R023,2024-07-27,111562.83,GBP,closed_won
D02709,R038,2024-06-12,363799.03,EUR,closed_won
D02710,R038,2024-05-27,87175.27,GBP,closed_won
D02711,R030,2024-06-05,449900.69,GBP,closed_won
D02712,R033,2024-07-09,279180.14,EUR,closed_won
D02713,R037,2024-06-07,108786.7,EUR,closed_won
D02714,R013,2024-07-13,271199.95,USD,closed_won
D02715,R022,2024-07-23,59759.4,GBP,closed_won
D02716,R023,2024-07-09,383035.34,GBP,closed_won
D02717,R039,2024-05-05,105431.74,EUR,closed_won
D02718,R025,2024-06-15,72426.73,EUR,closed_won
D02719,R013,2024-07-20,179476.91,USD,closed_won
D02720,R026,2024-06-29,174243.19,EUR,closed_won
D02721,R013,2024-07-30,140120.59,USD,closed_won
D02722,R024,2024-05-20,236609.76,EUR,closed_won
D02723,R009,2024-05-27,110550.82,USD,closed_won
D02724,R006,2024-07-14,143286.53,USD,closed_won
D02725,R047,2024-05-16,406259.41,USD,closed_won
D02726,R021,2024-06-04,268671.53,GBP,closed_won
D02727,R031,2024-05-26,103891.39,USD,closed_won
D02728,R050,2024-06-06,386570.43,USD,closed_won
D02729,R046,2024-05-24,448961.78,GBP,closed_won
D02730,R020,2024-05-30,458906.96,USD,closed_won
D02731,R050,2024-07-30,235780.82,USD,closed_won
D02732,R014,2024-07-01,314445.39,USD,closed_won
D02733,R033,2024-06-21,265528.25,EUR,closed_won
D02734,R032,2024-05-13,172823.94,GBP,closed_won
D02735,R008,2024-05-28,366755.93,USD,closed_won
D02736,R027,2024-07-03,462961.3,USD,closed_won
D02737,R007,2024-06-09,203608.16,USD,closed_won
D02738,R031,2024-06-04,87290.4,GBP,closed_won
D02739,R022,2024-07-10,191945.63,GBP,closed_won
D02740,R028,2024-06-14,75919.68,EUR,closed_won
D02741,R026,2024-06-04,176091.83,GBP,closed_won
D02742,R040,2024-07-01,61317.13,EUR,closed_won
D02743,R049,2024-07-05,195355.14,EUR,closed_won
D02744,R028,2024-06-24,495203.95,GBP,closed_won
D02745,R020,2024-05-25,175323.96,USD,closed_won
D02746,R044,2024-05-16,321668.57,EUR,closed_won
D02747,R004,2024-05-11,134257.6,USD,closed_won
D02748,R026,2024-06-02,207324.31,EUR,closed_won
D02749,R025,2024-05-13,312393.96,USD,closed_won
D02750,R022,2024-06-07,312257.42,EUR,closed_won
D02751,R031,2024-05-04,166362.66,EUR,closed_won
D02752,R023,2024-07-03,100216.13,EUR,closed_won
D02753,R037,2024-05-11,365257.69,EUR,closed_won
D02754,R018,2024-06-19,115627.72,USD,closed_won
D02755,R036,2024-05-18,163862.0,GBP,closed_won
D02756,R041,2024-06-28,267676.58,USD,closed_won
D02757,R017,2024-05-19,269462.43,USD,closed_won
D02758,R044,2024-05-02,387126.47,EUR,closed_won
D02759,R042,2024-07-25,92845.1,EUR,closed_won
D02760,R043,2024-05-10,390695.4,USD,closed_won
D02761,R028,2024-06-11,413602.25,USD,closed_won
D02762,R045,2024-06-28,425700.56,EUR,closed_won
D02763,R006,2024-05-12,30814.61,USD,closed_won
D02764,R050,2024-07-13,53795.0,USD,closed_won
D02765,R024,2024-06-27,314013.52,GBP,closed_won
D02766,R014,2024-05-06,286373.3,USD,closed_won
D02767,R015,2024-06-07,446630.39,USD,closed_won
D02768,R022,2024-05-21,408575.06,EUR,closed_won
D02769,R016,2024-06-21,207201.74,USD,closed_won
D02770,R009,2024-05-26,333942.71,USD,closed_won
D02771,R005,2024-06-07,90013.06,USD,closed_won
D02772,R013,2024-06-28,429332.79,USD,closed_won
D02773,R038,2024-06-15,269473.67,EUR,closed_won
D02774,R046,2024-05-01,179221.65,USD,closed_won
D02775,R040,2024-05-06,434940.89,USD,closed_won
D02776,R034,2024-07-10,184748.77,USD,closed_won
D02777,R022,2024-06-05,267596.92,EUR,closed_won
D02778,R037,2024-06-25,126851.13,GBP,closed_won
D02779,R026,2024-06-29,260099.61,GBP,closed_won
D02780,R031,2024-07-02,460306.75,EUR,closed_won
D02781,R004,2024-07-04,485486.73,USD,closed_won
D02782,R013,2024-06-21,266282.8,USD,closed_won
D02783,R012,2024-06-02,270941.04,USD,closed_won
D02784,R029,2024-06-29,61001.13,EUR,closed_won
D02785,R039,2024-05-20,454228.92,USD,closed_won
D02786,R003,2024-07-12,386392.86,USD,closed_won
D02787,R016,2024-06-27,117024.51,USD,closed_won
D02788,R023,2024-05-17,101578.8,USD,closed_won
D02789,R008,2024-06-15,153617.22,USD,closed_won
D02790,R037,2024-06-01,338875.8,EUR,closed_won
D02791,R048,2024-07-14,476316.92,EUR,closed_won
D02792,R003,2024-06-25,116919.32,USD,closed_won
D02793,R032,2024-05-11,182824.12,GBP,closed_won
D02794,R047,2024-06-20,321935.42,EUR,closed_won
D02795,R012,2024-06-15,39311.54,USD,closed_won
D02796,R050,2024-06-19,238039.36,USD,closed_won
D02797,R008,2024-07-05,200719.59,USD,closed_won
D02798,R034,2024-07-25,188429.74,GBP,closed_won
D02799,R033,2024-05-29,251946.49,EUR,closed_won
D02800,R010,2024-05-16,275909.11,USD,closed_won
D02801,R043,2024-06-16,218916.87,EUR,closed_won
D02802,R019,2024-07-31,302155.14,USD,closed_won
D02803,R012,2024-06-30,327040.79,USD,closed_won
D02804,R014,2024-05-10,254936.88,USD,closed_won
D02805,R026,2024-05-10,235168.47,GBP,closed_won
D02806,R032,2024-06-26,404061.86,USD,closed_won
D02807,R045,2024-06-11,462466.77,USD,closed_won
D02808,R008,2024-07-16,241632.63,USD,closed_won
D02809,R026,2024-06-29,470472.53,EUR,closed_won
D02810,R022,2024-05-28,44915.45,GBP,closed_won
D02811,R050,2024-07-12,494980.47,USD,closed_won
D02812,R032,2024-07-12,280313.41,GBP,closed_won
D02813,R011,2024-07-09,93900.28,USD,closed_won
D02814,R010,2024-05-17,436515.73,USD,closed_won
D02815,R004,2024-05-06,222638.98,USD,closed_won
D02816,R040,2024-05-29,203173.06,EUR,closed_won
D02817,R030,2024-06-17,191018.92,GBP,closed_won
D02818,R038,2024-05-18,54506.4,GBP,closed_won
D02819,R003,2024-06-20,65001.48,USD,closed_won
D02820,R019,2024-05-05,332251.01,USD,closed_won
D02821,R040,2024-07-20,273287.0,GBP,closed_won
D02822,R037,2024-06-26,347998.4,EUR,closed_won
D02823,R030,2024-07-26,322489.04,GBP,closed_won
D02824,R048,2024-07-21,326056.38,GBP,closed_won
D02825,R015,2024-07-29,25215.77,USD,closed_won
D02826,R025,2024-07-22,446858.04,USD,closed_won
D02827,R033,2024-05-06,429489.73,EUR,closed_won
D02828,R049,2024-05-07,66392.26,EUR,closed_won
D02829,R028,2024-07-12,328306.63,EUR,closed_won
D02830,R043,2024-05-12,98237.25,USD,closed_won
D02831,R025,2024-06-18,235774.05,EUR,closed_won
D02832,R041,2024-06-16,359220.4,EUR,closed_won
D02833,R035,2024-05-15,212812.17,GBP,closed_won
D02834,R012,2024-05-09,189245.71,USD,closed_won
D02835,R004,2024-06-26,158259.85,USD,closed_won
D02836,R013,2024-05-16,123470.28,USD,closed_won
D02837,R037,2024-06-24,350710.18,USD,closed_won
D02838,R030,2024-07-09,246914.49,EUR,closed_won
D02839,R049,2024-07-15,408842.46,EUR,closed_won
D02840,R005,2024-07-17,229995.25,USD,closed_won
D02841,R010,2024-06-15,143604.18,USD,closed_won
D02842,R001,2024-07-11,461150.47,USD,closed_won
D02843,R033,2024-07-29,124669.99,EUR,closed_won
D02844,R012,2024-05-15,445229.72,USD,closed_won
D02845,R013,2024-06-26,263207.54,USD,closed_won
D02846,R036,2024-07-26,118754.76,EUR,closed_won
D02847,R001,2024-06-14,378774.8,USD,closed_won
D02848,R026,2024-06-15,117258.61,EUR,closed_won
D02849,R006,2024-06-16,135065.68,USD,closed_won
D02850,R047,2024-05-07,25443.62,USD,closed_won
D02851,R036,2024-07-20,288275.66,EUR,closed_won
D02852,R010,2024-07-02,477664.18,USD,closed_won
D02853,R016,2024-05-19,338806.79,USD,closed_won
D02854,R043,2024-05-03,281929.47,USD,closed_won
D02855,R005,2024-06-11,115815.93,USD,closed_won
D02856,R020,2024-05-08,321709.36,USD,closed_won
D02857,R019,2024-07-25,59597.2,USD,closed_won
D02858,R021,2024-06-13,149114.46,EUR,closed_won
D02859,R013,2024-05-17,188180.78,USD,closed_won
D02860,R022,2024-06-05,242656.76,EUR,closed_won
D02861,R050,2024-07-27,139701.67,GBP,closed_won
D02862,R032,2024-07-05,490075.8,EUR,closed_won
D02863,R022,2024-07-30,105701.22,EUR,closed_won
D02864,R008,2024-06-06,178056.32,USD,closed_won
D02865,R024,2024-07-13,327338.99,EUR,closed_won
D02866,R039,2024-07-13,323466.28,GBP,closed_won
D02867,R019,2024-07-18,331175.36,EUR,closed_won
D02868,R022,2024-07-27,461228.49,GBP,closed_won
D02869,R011,2024-06-22,454451.5,USD,closed_won
D02870,R032,2024-06-19,113819.03,GBP,closed_won
D02871,R036,2024-07-28,287405.62,EUR,closed_won
D02872,R040,2024-06-17,366640.21,EUR,closed_won
D02873,R050,2024-05-31,471055.44,EUR,closed_won
D02874,R030,2024-07-11,155233.24,EUR,closed_won
D02875,R014,2024-06-29,477299.24,USD,closed_won
D02876,R037,2024-06-22,24571.06,USD,closed_won
D02877,R034,2024-05-02,293332.24,EUR,closed_won
D02878,R025,2024-06-25,219342.78,EUR,closed_won
D02879,R015,2024-07-01,112304.21,USD,closed_won
D02880,R017,2024-06-29,69664.35,USD,closed_won
D02881,R039,2024-05-01,115994.22,EUR,closed_won
D02882,R024,2024-06-06,477513.54,GBP,closed_won
D02883,R012,2024-05-11,115648.94,USD,closed_won
D02884,R036,2024-06-24,219975.74,USD,closed_won
D02885,R035,2024-06-17,87699.13,EUR,closed_won
D02886,R047,2024-05-06,65089.84,USD,closed_won
D02887,R010,2024-06-18,490120.99,USD,closed_won
D02888,R029,2024-07-28,77274.56,USD,closed_won
D02889,R008,2024-05-02,90004.53,USD,closed_won
D02890,R015,2024-07-25,468217.55,USD,closed_won
D02891,R029,2024-05-07,352024.69,EUR,closed_won
D02892,R041,2024-07-24,277309.81,EUR,closed_won
D02893,R027,2024-06-10,203424.65,EUR,closed_won
D02894,R034,2024-06-09,185677.87,EUR,closed_won
D02895,R008,2024-06-14,335115.12,USD,closed_won
D02896,R012,2024-07-14,270428.86,USD,closed_won
D02897,R013,2024-06-24,161637.54,USD,closed_won
D02898,R002,2024-05-11,79945.93,EUR,closed_won
D02899,R005,2024-06-05,331531.23,USD,closed_won
D02900,R022,2024-06-06,432944.19,USD,closed_won
D02901,R013,2024-06-30,473545.47,GBP,closed_won
D02902,R016,2024-07-14,101975.41,USD,closed_won
D02903,R045,2024-07-18,57895.78,USD,closed_won
D02904,R043,2024-07-11,183133.33,USD,closed_won
D02905,R021,2024-06-23,91091.88,USD,closed_won
D02906,R029,2024-05-12,162933.57,GBP,closed_won
D02907,R012,2024-06-10,290976.01,USD,closed_won
D02908,R041,2024-07-21,81555.21,EUR,closed_won
D02909,R017,2024-06-06,284064.4,USD,closed_won
D02910,R007,2024-05-23,245131.25,USD,closed_won
D02911,R017,2024-05-26,388167.62,USD,closed_won
D02912,R037,2024-06-16,307751.97,EUR,closed_won
D02913,R026,2024-07-18,393547.46,GBP,closed_won
D02914,R039,2024-07-09,257801.41,EUR,closed_won
D02915,R010,2024-07-07,43533.58,USD,closed_won
D02916,R044,2024-05-25,334469.02,EUR,closed_won
D02917,R008,2024-05-07,465586.63,USD,closed_won
D02918,R011,2024-07-16,364135.96,USD,closed_won
D02919,R015,2024-07-19,119248.03,USD,closed_won
D02920,R014,2024-07-10,160843.8,EUR,closed_won
D02921,R043,2024-07-05,51201.56,USD,closed_won
D02922,R014,2024-07-31,438344.87,USD,closed_won
D02923,R038,2024-06-13,267457.55,USD,closed_won
D02924,R008,2024-06-28,468366.21,USD,closed_won
D02925,R007,2024-05-22,291988.48,USD,closed_won
D02926,R050,2024-07-07,106160.36,GBP,closed_won
D02927,R012,2024-06-10,40164.82,USD,closed_won
D02928,R040,2024-05-16,89966.34,GBP,closed_won
D02929,R049,2024-05-25,38263.54,GBP,closed_won
D02930,R040,2024-05-19,442335.51,EUR,closed_won
D02931,R029,2024-05-12,443563.09,EUR,closed_won
D02932,R031,2024-06-09,102516.17,EUR,closed_won
D02933,R008,2024-07-07,391971.42,USD,closed_won
D02934,R002,2024-07-17,106369.18,USD,closed_won
D02935,R040,2024-06-14,349998.1,EUR,closed_won
D02936,R006,2024-06-25,427544.85,USD,closed_won
D02937,R046,2024-07-31,237414.55,USD,closed_won
D02938,R045,2024-05-18,77166.77,EUR,closed_won
D02939,R014,2024-06-10,300659.23,USD,closed_won
D02940,R014,2024-05-03,368000.58,USD,closed_won
D02941,R013,2024-07-12,446846.77,EUR,closed_won
D02942,R008,2024-05-25,30652.62,USD,closed_won
D02943,R016,2024-07-30,465026.52,USD,closed_won
D02944,R047,2024-06-24,156122.03,USD,closed_won
D02945,R042,2024-05-12,106063.24,USD,closed_won
D02946,R047,2024-06-10,324647.59,GBP,closed_won
D02947,R004,2024-06-17,295052.58,USD,closed_won
D02948,R028,2024-05-15,152375.0,GBP,closed_won
D02949,R050,2024-06-10,187047.44,USD,closed_won
D02950,R039,2024-05-21,417927.38,EUR,closed_won
D02951,R031,2024-06-11,267634.2,EUR,closed_won
D02952,R014,2024-07-28,81971.66,USD,closed_won
D02953,R020,2024-05-21,164269.52,USD,closed_won
D02954,R046,2024-07-15,425705.44,USD,closed_won
D02955,R031,2024-05-17,254645.84,GBP,closed_won
D02956,R039,2024-05-28,46905.75,EUR,closed_won
D02957,R011,2024-05-30,417861.92,USD,closed_won
D02958,R020,2024-07-19,341536.2,USD,closed_won
D02959,R004,2024-05-11,123918.16,USD,closed_won
D02960,R038,2024-07-31,352508.58,EUR,closed_won
D02961,R020,2024-05-18,124720.3,USD,closed_won
D02962,R032,2024-06-11,111370.93,EUR,closed_won
D02963,R020,2024-07-18,190240.77,USD,closed_won
D02964,R045,2024-05-22,357935.46,USD,closed_won
D02965,R020,2024-07-28,297161.11,USD,closed_won
D02966,R022,2024-05-29,211866.29,EUR,closed_won
D02967,R038,2024-07-21,145129.33,EUR,closed_won
D02968,R050,2024-07-20,235565.43,USD,closed_won
D02969,R035,2024-05-15,232723.06,EUR,closed_won
D02970,R045,2024-06-19,52330.18,USD,closed_won
D02971,R006,2024-05-19,187845.2,USD,closed_won
D02972,R018,2024-07-25,22162.93,USD,closed_won
D02973,R007,2024-07-16,66176.98,USD,closed_won
D02974,R032,2024-06-16,71777.22,GBP,closed_won
D02975,R024,2024-05-17,319617.37,GBP,closed_won
D02976,R039,2024-06-01,91786.89,GBP,closed_won
D02977,R004,2024-05-03,155119.64,USD,closed_won
D02978,R020,2024-05-19,212594.97,USD,closed_won
D02979,R029,2024-07-24,303846.65,EUR,closed_won
D02980,R048,2024-05-03,395007.47,USD,closed_won
D02981,R001,2024-05-16,337288.58,USD,closed_won
D02982,R028,2024-05-21,436117.32,EUR,closed_won
D02983,R001,2024-07-25,496978.53,USD,closed_won
D02984,R037,2024-07-27,320070.66,EUR,closed_won
D02985,R015,2024-06-11,82805.48,USD,closed_won
D02986,R018,2024-06-20,351368.82,USD,closed_won
D02987,R018,2024-06-18,277106.83,USD,closed_won
D02988,R009,2024-05-20,36850.6,USD,closed_won
D02989,R021,2024-05-14,377689.16,GBP,closed_won
D02990,R019,2024-06-01,80902.72,USD,closed_won
D02991,R041,2024-07-31,50973.14,USD,closed_won
D02992,R042,2024-05-11,278240.14,USD,closed_won
D02993,R048,2024-06-12,204945.22,USD,closed_won
D02994,R028,2024-07-31,317662.81,GBP,closed_won
D02995,R010,2024-07-09,333927.35,USD,closed_won
D02996,R007,2024-07-27,75837.41,USD,closed_won
D02997,R026,2024-06-04,163269.67,USD,closed_won
D02998,R011,2024-07-15,108109.54,USD,closed_won
D02999,R001,2024-06-30,482680.1,USD,closed_won
D03000,R026,2024-05-16,392828.53,EUR,closed_won
