account_id,current_segment,billing_currency,monthly_recurring_revenue,signup_date,status,is_test_account
ACC00001,mid_market,USD,1596.03,2024-04-24,active,False
ACC00002,smb,EUR,259.59,2023-08-09,active,False
ACC00003,mid_market,USD,3426.28,2023-10-26,active,False
ACC00004,mid_market,USD,3315.32,2018-09-13,active,False
ACC00005,mid_market,USD,390.02,2020-08-08,active,False
ACC00006,mid_market,GBP,1678.11,2023-03-23,active,False
ACC00007,smb,USD,181.39,2022-01-11,active,False
ACC00008,enterprise,EUR,27127.87,2018-01-15,active,False
ACC00009,enterprise,USD,8165.82,2021-12-21,active,False
ACC00010,smb,USD,120.94,2023-08-19,active,False
ACC00011,mid_market,USD,3702.26,2023-10-20,active,False
ACC00012,smb,USD,335.01,2020-09-08,active,False
ACC00013,mid_market,EUR,3151.82,2019-08-27,active,False
ACC00014,smb,USD,356.44,2020-03-02,active,False
ACC00015,mid_market,EUR,3178.08,2020-01-28,active,False
ACC00016,smb,USD,271.57,2020-06-04,active,False
ACC00017,smb,USD,364.85,2020-02-11,active,False
ACC00018,smb,USD,339.7,2021-03-14,active,False
ACC00019,enterprise,USD,8041.28,2018-04-15,active,False
ACC00020,smb,USD,103.56,2019-12-05,active,False
ACC00021,smb,EUR,81.76,2020-03-15,active,False
ACC00022,smb,USD,157.88,2019-01-27,active,False
ACC00023,smb,EUR,202.09,2024-02-22,active,False
ACC00024,smb,USD,88.62,2022-09-23,active,False
ACC00025,smb,USD,395.75,2024-05-20,active,False
ACC00026,smb,EUR,187.93,2021-12-06,active,False
ACC00027,smb,USD,112.15,2018-10-08,active,False
ACC00028,smb,USD,271.9,2024-05-01,active,False
ACC00029,smb,USD,275.88,2021-03-16,active,False
ACC00030,mid_market,EUR,803.06,2022-10-16,active,False
ACC00031,enterprise,USD,14717.43,2020-09-01,active,False
ACC00032,mid_market,USD,1331.52,2021-06-17,active,False
ACC00033,smb,USD,112.86,2021-06-04,active,False
ACC00034,smb,USD,363.85,2019-12-29,active,False
ACC00035,mid_market,USD,291.26,2021-11-18,active,False
ACC00036,smb,USD,107.29,2023-02-19,active,False
ACC00037,mid_market,USD,387.83,2018-02-21,active,False
ACC00038,enterprise,GBP,20221.4,2018-12-01,active,False
ACC00039,mid_market,USD,2432.03,2023-11-23,active,False
ACC00040,mid_market,USD,3934.92,2021-12-26,active,False
ACC00041,mid_market,USD,1981.26,2024-10-24,active,False
ACC00042,smb,USD,120.02,2022-03-26,active,False
ACC00043,smb,USD,354.15,2022-07-29,active,False
ACC00044,smb,USD,266.89,2024-04-16,active,False
ACC00045,enterprise,EUR,13457.18,2022-08-16,active,False
ACC00046,mid_market,USD,167.47,2020-04-22,active,False
ACC00047,smb,USD,200.57,2021-09-11,active,False
ACC00048,mid_market,EUR,3102.99,2019-08-26,active,False
ACC00049,enterprise,GBP,21664.49,2020-05-04,active,False
ACC00050,smb,USD,292.91,2022-10-05,active,False
ACC00051,smb,USD,177.15,2019-01-16,active,False
ACC00052,smb,USD,334.93,2022-09-14,active,False
ACC00053,mid_market,USD,1528.77,2022-02-01,active,False
ACC00054,mid_market,GBP,1169.85,2020-02-28,active,False
ACC00055,mid_market,GBP,3388.95,2018-04-25,active,False
ACC00056,mid_market,EUR,3343.74,2022-12-07,active,False
ACC00057,smb,USD,282.43,2023-10-09,active,False
ACC00058,smb,USD,318.62,2023-02-10,active,False
ACC00059,smb,USD,137.96,2020-12-11,active,False
ACC00060,smb,USD,233.55,2022-07-29,active,False
ACC00061,smb,USD,347.82,2020-11-26,active,False
ACC00062,enterprise,GBP,29636.82,2020-07-04,active,False
ACC00063,mid_market,USD,2332.42,2020-04-16,active,False
ACC00064,mid_market,USD,1551.77,2019-06-23,active,False
ACC00065,smb,USD,188.63,2024-10-13,active,False
ACC00066,smb,USD,263.01,2022-08-30,active,False
ACC00067,smb,USD,166.57,2019-03-24,active,False
ACC00068,smb,USD,285.25,2024-01-21,active,False
ACC00069,smb,USD,187.99,2019-01-22,active,False
ACC00070,mid_market,USD,3865.34,2022-02-26,active,False
ACC00071,smb,USD,297.32,2019-02-28,active,False
ACC00072,enterprise,EUR,33809.06,2020-07-12,active,False
ACC00073,smb,USD,202.47,2022-08-11,active,False
ACC00074,mid_market,USD,153.56,2024-12-28,active,False
ACC00075,enterprise,GBP,20772.98,2024-12-10,active,False
ACC00076,smb,USD,385.77,2024-04-08,active,False
ACC00077,smb,USD,173.07,2019-08-25,active,False
ACC00078,mid_market,GBP,1814.81,2018-08-28,active,False
ACC00079,mid_market,USD,3524.03,2024-05-03,active,False
ACC00080,smb,USD,224.17,2024-06-17,active,False
ACC00081,mid_market,EUR,1217.5,2019-12-14,active,False
ACC00082,smb,USD,179.01,2018-02-19,active,False
ACC00083,smb,USD,123.51,2022-07-15,active,False
ACC00084,smb,USD,307.64,2018-07-14,active,False
ACC00085,mid_market,USD,2150.46,2018-04-14,active,False
ACC00086,enterprise,GBP,32494.99,2024-07-23,active,False
ACC00087,enterprise,USD,35263.86,2021-06-20,active,False
ACC00088,smb,USD,188.57,2018-10-14,active,False
ACC00089,smb,USD,313.06,2022-08-01,active,False
ACC00090,smb,USD,258.71,2020-08-01,active,False
ACC00091,smb,USD,399.76,2021-10-02,active,False
ACC00092,smb,USD,338.79,2024-04-16,active,False
ACC00093,smb,USD,353.86,2019-08-31,active,False
ACC00094,smb,EUR,141.79,2022-07-11,active,False
ACC00095,smb,USD,267.63,2023-10-19,active,False
ACC00096,smb,USD,262.63,2020-12-19,active,False
ACC00097,enterprise,GBP,37814.86,2024-10-15,active,False
ACC00098,smb,USD,309.74,2021-02-19,active,True
ACC00099,mid_market,USD,2510.57,2021-03-19,active,False
ACC00100,smb,USD,241.2,2024-03-10,active,False
ACC00101,smb,USD,315.34,2022-06-14,active,False
ACC00102,mid_market,USD,1946.87,2024-01-30,active,False
ACC00103,smb,USD,116.96,2023-07-14,active,False
ACC00104,smb,EUR,375.15,2022-12-26,active,False
ACC00105,smb,USD,162.83,2019-09-10,active,False
ACC00106,mid_market,USD,3007.81,2020-10-16,active,False
ACC00107,smb,USD,101.53,2024-01-19,active,False
ACC00108,mid_market,USD,163.39,2022-04-24,active,False
ACC00109,enterprise,EUR,13214.63,2019-12-18,active,False
ACC00110,smb,USD,248.52,2020-04-16,active,False
ACC00111,mid_market,USD,257.24,2023-06-07,active,False
ACC00112,smb,USD,334.71,2019-04-01,active,False
ACC00113,smb,EUR,121.81,2018-10-14,active,False
ACC00114,mid_market,EUR,3055.35,2023-05-10,active,False
ACC00115,smb,USD,199.78,2020-01-08,active,False
ACC00116,smb,USD,81.8,2023-05-11,active,False
ACC00117,mid_market,GBP,274.08,2021-09-25,active,False
ACC00118,smb,USD,254.01,2024-12-25,active,False
ACC00119,smb,USD,135.57,2021-09-03,active,False
ACC00120,smb,USD,244.56,2024-01-27,active,False
ACC00121,smb,USD,290.8,2023-12-14,active,False
ACC00122,smb,USD,340.89,2019-06-26,active,False
ACC00123,smb,USD,301.08,2024-12-21,active,False
ACC00124,smb,USD,168.05,2023-03-22,active,False
ACC00125,mid_market,USD,1484.33,2018-10-02,active,False
ACC00126,smb,USD,247.61,2018-01-16,active,False
ACC00127,smb,USD,290.97,2019-11-25,active,False
ACC00128,smb,USD,88.6,2018-02-11,active,False
ACC00129,mid_market,USD,1413.95,2020-07-03,active,False
ACC00130,smb,GBP,176.96,2024-12-21,active,False
ACC00131,smb,USD,142.97,2021-05-09,active,False
ACC00132,smb,USD,273.87,2018-03-03,active,False
ACC00133,mid_market,EUR,1966.64,2021-06-16,active,False
ACC00134,smb,USD,234.26,2019-07-15,active,False
ACC00135,smb,USD,262.09,2023-12-29,active,False
ACC00136,mid_market,USD,3051.48,2018-08-20,active,False
ACC00137,smb,USD,228.94,2023-05-24,active,False
ACC00138,smb,GBP,361.31,2021-02-13,active,False
ACC00139,smb,USD,331.76,2018-02-18,active,False
ACC00140,smb,USD,251.14,2022-09-17,active,False
ACC00141,smb,USD,353.09,2021-03-09,active,False
ACC00142,mid_market,USD,252.07,2023-05-27,active,False
ACC00143,smb,USD,223.46,2022-04-29,active,False
ACC00144,mid_market,GBP,3077.56,2023-07-06,active,False
ACC00145,smb,USD,362.88,2021-03-22,active,False
ACC00146,smb,USD,254.94,2018-01-21,active,False
ACC00147,smb,USD,259.98,2018-11-30,active,False
ACC00148,smb,USD,182.52,2021-03-18,active,False
ACC00149,enterprise,EUR,37213.22,2020-10-12,active,False
ACC00150,smb,USD,355.21,2023-07-24,active,False
ACC00151,smb,USD,86.73,2020-11-18,active,False
ACC00152,mid_market,USD,3071.56,2024-01-08,active,False
ACC00153,smb,USD,205.57,2019-04-25,active,False
ACC00154,smb,USD,275.89,2020-09-10,active,False
ACC00155,smb,USD,309.97,2023-04-18,active,False
ACC00156,smb,USD,130.64,2018-11-14,active,False
ACC00157,mid_market,USD,378.39,2020-04-01,active,False
ACC00158,mid_market,USD,335.17,2023-04-06,active,False
ACC00159,smb,USD,263.77,2022-02-14,active,False
ACC00160,smb,USD,197.88,2023-06-12,active,False
ACC00161,smb,USD,345.26,2021-08-11,active,False
ACC00162,mid_market,USD,2867.77,2024-01-06,active,False
ACC00163,mid_market,GBP,299.86,2024-02-21,active,False
ACC00164,mid_market,USD,3705.12,2024-10-26,active,False
ACC00165,enterprise,GBP,22601.95,2018-11-08,active,False
ACC00166,smb,USD,361.29,2022-02-20,active,False
ACC00167,mid_market,USD,250.02,2018-10-20,active,False
ACC00168,smb,USD,103.23,2019-08-09,active,False
ACC00169,smb,USD,120.45,2020-02-07,active,False
ACC00170,smb,USD,203.78,2022-07-10,active,False
ACC00171,smb,USD,208.8,2021-01-07,active,False
ACC00172,smb,USD,179.64,2024-01-20,active,False
ACC00173,smb,USD,358.2,2020-02-03,active,False
ACC00174,smb,EUR,226.75,2022-04-27,active,False
ACC00175,enterprise,EUR,9519.43,2023-05-05,active,False
ACC00176,smb,USD,205.72,2024-11-10,active,False
ACC00177,smb,USD,313.83,2019-09-19,active,False
ACC00178,mid_market,USD,3897.75,2023-02-19,active,False
ACC00179,mid_market,USD,1685.74,2018-08-05,active,False
ACC00180,smb,USD,147.69,2021-10-21,active,False
ACC00181,enterprise,GBP,19557.55,2020-11-23,active,False
ACC00182,enterprise,GBP,20449.51,2024-09-16,active,False
ACC00183,smb,USD,285.56,2023-05-31,active,False
ACC00184,mid_market,USD,1222.86,2024-06-28,active,False
ACC00185,smb,USD,254.98,2023-12-15,active,False
ACC00186,mid_market,USD,360.94,2020-11-15,active,False
ACC00187,smb,USD,180.5,2023-02-18,active,False
ACC00188,mid_market,USD,1887.41,2018-03-19,active,False
ACC00189,mid_market,USD,1645.81,2021-11-26,active,False
ACC00190,smb,USD,91.79,2018-05-01,active,False
ACC00191,smb,USD,384.94,2023-01-26,active,False
ACC00192,smb,USD,236.47,2024-10-06,active,False
ACC00193,mid_market,USD,3066.94,2022-10-08,active,False
ACC00194,mid_market,USD,1683.62,2023-11-17,active,False
ACC00195,mid_market,USD,2333.01,2019-08-23,active,False
ACC00196,enterprise,GBP,36707.52,2024-12-15,active,False
ACC00197,mid_market,EUR,1389.46,2021-11-08,active,False
ACC00198,smb,USD,134.22,2022-09-20,active,False
ACC00199,mid_market,EUR,3724.26,2023-05-24,active,False
ACC00200,smb,USD,175.43,2022-06-23,active,False
ACC00201,mid_market,USD,251.6,2020-03-21,active,False
ACC00202,smb,USD,255.48,2022-04-12,active,False
ACC00203,mid_market,USD,105.35,2022-07-30,active,False
ACC00204,smb,EUR,216.26,2024-01-01,active,False
ACC00205,mid_market,USD,194.02,2021-05-15,active,False
ACC00206,smb,USD,382.4,2021-07-06,active,False
ACC00207,mid_market,USD,1181.0,2021-07-10,active,False
ACC00208,smb,USD,255.81,2018-10-20,active,False
ACC00209,mid_market,USD,91.03,2018-08-19,active,False
ACC00210,enterprise,USD,16345.94,2018-02-22,active,False
ACC00211,smb,USD,149.15,2022-08-30,active,False
ACC00212,mid_market,EUR,3537.39,2020-12-06,active,False
ACC00213,smb,USD,204.77,2024-01-22,active,False
ACC00214,smb,USD,399.96,2022-11-30,active,False
ACC00215,smb,USD,251.95,2018-12-28,active,False
ACC00216,smb,USD,182.82,2018-09-13,active,False
ACC00217,mid_market,USD,2534.67,2020-07-24,active,False
ACC00218,smb,USD,387.01,2024-06-11,active,False
ACC00219,mid_market,USD,2685.31,2018-05-05,active,False
ACC00220,enterprise,USD,32479.59,2019-04-24,active,False
ACC00221,mid_market,EUR,1104.51,2018-03-17,active,False
ACC00222,smb,USD,290.62,2020-11-23,active,False
ACC00223,enterprise,GBP,14594.92,2024-12-04,active,False
ACC00224,mid_market,EUR,2276.74,2022-10-14,active,False
ACC00225,mid_market,USD,1137.99,2021-06-15,active,False
ACC00226,smb,USD,170.48,2019-01-05,active,False
ACC00227,enterprise,EUR,31960.04,2020-06-27,active,False
ACC00228,mid_market,USD,3976.49,2021-09-02,active,False
ACC00229,smb,USD,271.8,2019-12-04,active,True
ACC00230,smb,USD,346.4,2022-12-08,active,False
ACC00231,smb,USD,308.96,2024-11-09,active,False
ACC00232,smb,USD,83.09,2019-06-11,active,False
ACC00233,smb,USD,108.65,2019-10-07,active,False
ACC00234,smb,USD,151.6,2018-11-19,active,False
ACC00235,smb,USD,361.62,2023-01-29,active,False
ACC00236,mid_market,EUR,3084.62,2021-03-26,active,False
ACC00237,mid_market,USD,954.78,2019-12-27,active,False
ACC00238,smb,USD,285.52,2019-07-15,active,False
ACC00239,smb,USD,231.26,2018-06-30,active,False
ACC00240,smb,USD,156.78,2021-05-02,active,False
ACC00241,smb,USD,213.88,2022-10-13,active,False
ACC00242,mid_market,USD,3858.62,2019-08-24,active,False
ACC00243,smb,USD,313.97,2018-01-05,active,False
ACC00244,mid_market,USD,116.32,2021-04-24,active,False
ACC00245,mid_market,USD,2342.75,2022-09-24,active,False
ACC00246,smb,USD,92.29,2020-05-31,active,False
ACC00247,smb,USD,384.89,2019-10-02,active,False
ACC00248,smb,USD,148.09,2019-01-30,active,False
ACC00249,smb,USD,330.02,2023-03-23,active,False
ACC00250,smb,USD,136.75,2024-01-12,active,False
ACC00251,enterprise,GBP,19311.2,2023-05-22,active,False
ACC00252,mid_market,USD,203.94,2021-08-17,active,False
ACC00253,enterprise,EUR,23364.56,2023-01-25,active,False
ACC00254,mid_market,USD,215.86,2020-10-11,active,False
ACC00255,mid_market,GBP,2409.26,2018-03-04,active,False
ACC00256,mid_market,GBP,2560.41,2020-07-28,active,False
ACC00257,mid_market,USD,173.95,2022-12-04,active,False
ACC00258,mid_market,EUR,1645.83,2022-07-13,active,False
ACC00259,smb,USD,131.43,2024-12-05,active,False
ACC00260,smb,USD,383.06,2024-12-24,active,False
ACC00261,mid_market,GBP,3239.14,2019-09-13,active,False
ACC00262,enterprise,USD,36766.25,2018-01-25,active,False
ACC00263,smb,USD,186.32,2019-12-02,active,False
ACC00264,mid_market,USD,2917.63,2024-02-18,active,False
ACC00265,mid_market,USD,2404.93,2023-09-11,active,False
ACC00266,smb,USD,140.23,2018-09-10,active,False
ACC00267,smb,USD,250.41,2019-02-14,active,False
ACC00268,smb,USD,388.63,2021-12-11,active,False
ACC00269,smb,USD,278.89,2022-08-16,active,False
ACC00270,mid_market,USD,2730.2,2024-11-15,active,False
ACC00271,mid_market,USD,99.0,2023-04-14,active,False
ACC00272,mid_market,EUR,3092.28,2019-06-26,active,False
ACC00273,smb,USD,358.52,2018-04-05,active,False
ACC00274,mid_market,USD,196.05,2022-06-08,active,False
ACC00275,smb,USD,98.93,2021-11-16,active,False
ACC00276,smb,USD,227.87,2024-06-14,active,False
ACC00277,mid_market,USD,1405.85,2022-01-11,active,False
ACC00278,smb,USD,329.76,2021-07-05,active,False
ACC00279,mid_market,USD,202.54,2020-02-15,active,False
ACC00280,smb,USD,115.49,2018-08-09,active,False
ACC00281,smb,USD,205.21,2024-02-18,active,False
ACC00282,enterprise,USD,18676.32,2023-10-13,active,False
ACC00283,smb,EUR,242.4,2019-02-20,active,False
ACC00284,smb,USD,121.37,2022-12-05,active,False
ACC00285,mid_market,USD,3828.95,2020-07-19,active,False
ACC00286,smb,USD,287.49,2021-01-22,active,False
ACC00287,smb,EUR,256.25,2023-12-10,active,False
ACC00288,mid_market,USD,2502.24,2023-11-23,active,False
ACC00289,smb,USD,115.96,2019-05-03,active,False
ACC00290,mid_market,USD,362.95,2020-02-26,active,False
ACC00291,smb,USD,175.47,2023-10-01,active,False
ACC00292,enterprise,USD,29858.45,2024-06-01,active,False
ACC00293,smb,USD,175.72,2018-07-22,active,False
ACC00294,mid_market,USD,3533.57,2023-11-01,active,False
ACC00295,smb,USD,372.49,2021-06-04,active,False
ACC00296,mid_market,USD,118.5,2022-02-17,active,False
ACC00297,mid_market,USD,1746.45,2018-07-12,active,False
ACC00298,smb,USD,91.72,2022-10-05,active,False
ACC00299,mid_market,USD,369.98,2022-09-29,active,False
ACC00300,smb,EUR,288.04,2022-08-21,active,False
ACC00301,smb,EUR,104.21,2023-07-14,active,False
ACC00302,mid_market,USD,827.89,2024-08-15,active,False
ACC00303,smb,GBP,368.87,2023-12-13,active,False
ACC00304,smb,USD,85.8,2023-03-19,active,False
ACC00305,mid_market,USD,1627.32,2024-11-13,active,False
ACC00306,smb,USD,131.36,2022-09-21,active,False
ACC00307,smb,USD,257.43,2022-09-14,active,False
ACC00308,mid_market,USD,1266.3,2021-10-17,active,False
ACC00309,mid_market,GBP,277.76,2023-05-20,active,False
ACC00310,smb,USD,198.76,2018-07-02,active,False
ACC00311,mid_market,USD,342.78,2021-07-16,active,False
ACC00312,smb,USD,277.18,2020-12-23,active,False
ACC00313,mid_market,USD,175.77,2024-05-21,active,False
ACC00314,smb,USD,209.42,2018-07-05,active,False
ACC00315,smb,USD,399.41,2022-07-04,active,False
ACC00316,mid_market,GBP,2440.38,2019-04-17,active,False
ACC00317,smb,USD,367.14,2024-03-08,active,False
ACC00318,smb,GBP,329.15,2023-12-18,active,False
ACC00319,mid_market,USD,183.24,2019-08-25,active,False
ACC00320,smb,USD,325.87,2024-02-07,active,False
ACC00321,smb,USD,293.74,2021-06-23,active,False
ACC00322,smb,USD,209.04,2024-10-17,active,False
ACC00323,smb,USD,174.01,2023-02-09,active,False
ACC00324,enterprise,GBP,31238.67,2018-03-30,active,False
ACC00325,smb,USD,182.36,2019-06-03,active,False
ACC00326,mid_market,USD,114.08,2020-10-28,active,False
ACC00327,smb,USD,213.55,2019-06-25,active,False
ACC00328,smb,USD,383.26,2018-12-05,active,False
ACC00329,mid_market,USD,95.66,2024-11-04,active,False
ACC00330,smb,USD,242.84,2024-01-31,active,False
ACC00331,smb,USD,363.82,2021-01-15,active,False
ACC00332,mid_market,USD,1172.25,2019-07-04,active,False
ACC00333,mid_market,USD,2390.15,2019-04-10,active,False
ACC00334,smb,EUR,263.24,2024-05-29,active,False
ACC00335,mid_market,USD,898.95,2020-04-27,active,False
ACC00336,smb,USD,184.69,2018-02-02,active,False
ACC00337,mid_market,EUR,3021.56,2020-10-12,active,False
ACC00338,smb,USD,100.41,2021-03-07,active,True
ACC00339,smb,USD,181.48,2022-05-12,active,False
ACC00340,mid_market,EUR,3423.3,2020-05-15,active,False
ACC00341,smb,USD,249.03,2024-06-17,active,False
ACC00342,smb,USD,148.56,2022-07-03,active,False
ACC00343,mid_market,EUR,3338.87,2024-11-26,active,False
ACC00344,mid_market,EUR,1255.64,2020-07-27,active,False
ACC00345,smb,USD,215.27,2022-07-24,active,False
ACC00346,smb,GBP,289.3,2020-07-22,active,False
ACC00347,smb,USD,126.51,2022-11-25,active,False
ACC00348,mid_market,USD,326.91,2023-03-21,active,False
ACC00349,smb,USD,282.4,2020-04-02,active,False
ACC00350,smb,USD,397.42,2024-07-24,active,False
ACC00351,enterprise,USD,37931.16,2023-12-31,active,False
ACC00352,smb,USD,229.76,2024-04-05,active,False
ACC00353,enterprise,EUR,16491.73,2019-07-11,active,False
ACC00354,smb,EUR,371.68,2023-01-09,active,False
ACC00355,smb,EUR,399.01,2018-09-29,active,False
ACC00356,smb,USD,224.54,2018-09-27,active,False
ACC00357,mid_market,USD,87.62,2024-10-23,active,False
ACC00358,smb,USD,239.13,2019-01-26,active,False
ACC00359,smb,USD,199.69,2024-01-18,active,False
ACC00360,mid_market,USD,90.15,2021-01-06,active,False
ACC00361,mid_market,USD,2106.73,2020-02-16,active,False
ACC00362,smb,USD,159.14,2018-07-07,active,False
ACC00363,smb,USD,181.69,2022-09-22,active,False
ACC00364,smb,USD,115.64,2023-01-18,active,False
ACC00365,mid_market,USD,1312.14,2021-04-08,active,False
ACC00366,smb,USD,256.81,2023-09-02,active,False
ACC00367,mid_market,USD,2167.76,2020-04-05,active,False
ACC00368,enterprise,EUR,13790.48,2021-11-11,active,False
ACC00369,smb,USD,199.37,2020-01-03,active,False
ACC00370,mid_market,USD,219.14,2022-01-28,active,False
ACC00371,smb,USD,216.32,2018-12-14,active,False
ACC00372,smb,USD,167.58,2021-05-02,active,False
ACC00373,mid_market,USD,2527.74,2021-11-05,active,False
ACC00374,smb,USD,326.12,2021-11-23,active,False
ACC00375,enterprise,EUR,14275.85,2021-02-15,active,False
ACC00376,smb,USD,98.17,2022-07-03,active,False
ACC00377,mid_market,USD,3541.17,2021-08-02,active,False
ACC00378,enterprise,EUR,11772.02,2019-12-25,active,False
ACC00379,smb,USD,272.01,2019-07-05,active,False
ACC00380,mid_market,USD,2895.79,2022-07-14,active,False
ACC00381,smb,USD,187.0,2024-07-27,active,False
ACC00382,smb,USD,343.47,2023-04-10,active,False
ACC00383,smb,USD,316.31,2022-06-21,active,False
ACC00384,smb,USD,109.4,2024-06-13,active,False
ACC00385,mid_market,USD,2424.6,2024-04-18,active,False
ACC00386,mid_market,USD,3411.97,2021-07-18,active,False
ACC00387,mid_market,GBP,3317.69,2018-10-07,active,False
ACC00388,smb,USD,253.26,2022-06-10,active,False
ACC00389,smb,USD,172.11,2022-05-12,active,False
ACC00390,mid_market,EUR,3541.91,2019-12-10,active,False
ACC00391,mid_market,USD,3689.02,2023-12-12,active,False
ACC00392,smb,USD,215.84,2024-02-02,active,False
ACC00393,smb,USD,118.54,2020-04-25,active,False
ACC00394,mid_market,USD,191.32,2021-05-03,active,False
ACC00395,mid_market,USD,1924.62,2019-05-14,active,False
ACC00396,smb,EUR,161.51,2019-04-01,active,False
ACC00397,smb,USD,283.14,2019-11-09,active,False
ACC00398,mid_market,USD,312.82,2020-07-23,active,False
ACC00399,smb,USD,392.88,2019-11-29,active,False
ACC00400,mid_market,USD,96.71,2019-01-23,active,False
ACC00401,smb,USD,108.21,2021-02-17,active,False
ACC00402,smb,EUR,298.9,2022-05-13,active,False
ACC00403,mid_market,USD,1441.54,2020-04-13,active,False
ACC00404,enterprise,GBP,14449.79,2021-09-25,active,False
ACC00405,smb,USD,324.26,2019-11-25,active,False
ACC00406,smb,USD,241.57,2022-12-05,active,False
ACC00407,smb,USD,201.26,2022-07-16,active,False
ACC00408,mid_market,EUR,301.8,2024-09-19,active,False
ACC00409,mid_market,USD,252.99,2018-05-16,active,False
ACC00410,mid_market,USD,308.12,2023-12-21,active,False
ACC00411,mid_market,USD,1365.92,2020-05-19,active,False
ACC00412,smb,USD,283.15,2018-06-18,active,False
ACC00413,enterprise,GBP,15783.07,2022-10-30,active,False
ACC00414,smb,USD,201.46,2019-03-15,active,False
ACC00415,mid_market,USD,142.44,2019-03-26,active,False
ACC00416,smb,USD,193.33,2024-11-08,active,False
ACC00417,smb,USD,151.3,2019-07-19,active,False
ACC00418,smb,USD,329.93,2021-10-30,active,False
ACC00419,smb,USD,382.43,2019-05-28,active,False
ACC00420,smb,USD,122.54,2018-11-13,active,False
ACC00421,smb,USD,304.45,2018-01-03,active,False
ACC00422,smb,USD,257.3,2018-02-11,active,False
ACC00423,smb,USD,257.31,2021-04-25,active,False
ACC00424,smb,USD,391.3,2021-01-14,active,False
ACC00425,smb,USD,287.43,2018-04-10,active,False
ACC00426,mid_market,USD,1816.18,2020-06-12,active,False
ACC00427,smb,USD,396.12,2019-11-29,active,False
ACC00428,smb,USD,332.89,2021-12-31,active,False
ACC00429,enterprise,USD,33739.24,2024-12-17,active,False
ACC00430,smb,USD,389.49,2022-11-03,active,False
ACC00431,smb,USD,108.84,2024-06-05,active,False
ACC00432,smb,USD,273.16,2019-05-07,active,False
ACC00433,enterprise,EUR,16343.55,2019-07-04,active,False
ACC00434,smb,USD,317.24,2023-04-04,active,False
ACC00435,enterprise,EUR,36039.27,2020-03-03,active,False
ACC00436,mid_market,USD,1023.57,2023-12-10,active,False
ACC00437,mid_market,USD,114.26,2021-03-31,active,False
ACC00438,mid_market,USD,2423.0,2019-05-29,active,False
ACC00439,smb,USD,148.8,2023-11-29,active,False
ACC00440,smb,USD,255.04,2021-11-07,active,False
ACC00441,mid_market,EUR,2659.97,2023-08-14,active,False
ACC00442,smb,USD,163.6,2021-03-01,active,False
ACC00443,smb,USD,143.0,2018-11-19,active,False
ACC00444,mid_market,USD,3493.08,2022-10-07,active,False
ACC00445,mid_market,EUR,2761.2,2018-11-15,active,False
ACC00446,smb,USD,120.72,2022-08-23,active,False
ACC00447,smb,USD,318.83,2020-12-01,active,False
ACC00448,smb,USD,85.53,2023-07-17,active,False
ACC00449,mid_market,USD,2684.05,2024-02-02,active,False
ACC00450,smb,USD,90.7,2020-11-07,active,False
ACC00451,mid_market,USD,1636.19,2024-03-04,active,False
ACC00452,smb,USD,253.42,2018-10-11,active,False
ACC00453,smb,USD,287.43,2018-10-02,active,False
ACC00454,enterprise,GBP,39056.53,2024-12-14,active,False
ACC00455,smb,EUR,167.48,2022-01-07,active,False
ACC00456,smb,USD,185.41,2021-02-26,active,False
ACC00457,mid_market,EUR,991.36,2019-02-02,active,False
ACC00458,enterprise,EUR,17537.11,2020-01-09,active,False
ACC00459,smb,USD,305.96,2022-10-20,active,False
ACC00460,smb,USD,251.36,2023-10-02,active,False
ACC00461,enterprise,GBP,11300.44,2024-05-31,active,False
ACC00462,smb,USD,202.7,2020-11-08,active,False
ACC00463,smb,USD,266.91,2021-03-08,active,False
ACC00464,mid_market,USD,3866.96,2019-02-22,active,False
ACC00465,smb,USD,194.87,2018-08-01,active,False
ACC00466,mid_market,USD,3824.53,2021-01-24,active,False
ACC00467,smb,USD,385.53,2022-01-20,active,False
ACC00468,smb,USD,278.02,2018-09-24,active,False
ACC00469,mid_market,EUR,2428.88,2020-11-10,active,False
ACC00470,enterprise,EUR,39512.27,2022-06-28,active,False
ACC00471,mid_market,USD,211.5,2023-09-04,active,False
ACC00472,enterprise,GBP,36815.38,2024-07-26,active,False
ACC00473,mid_market,GBP,363.15,2020-05-19,active,False
ACC00474,smb,USD,377.53,2020-09-28,active,False
ACC00475,smb,USD,288.52,2024-02-15,active,False
ACC00476,enterprise,EUR,34037.38,2022-11-07,active,False
ACC00477,mid_market,USD,3505.74,2019-12-01,active,False
ACC00478,smb,USD,139.19,2022-10-18,active,False
ACC00479,mid_market,USD,815.2,2019-02-07,active,False
ACC00480,mid_market,USD,174.74,2021-02-21,active,False
ACC00481,smb,USD,102.4,2020-02-23,active,False
ACC00482,smb,USD,279.31,2024-12-12,active,False
ACC00483,smb,USD,148.71,2018-03-31,active,False
ACC00484,smb,USD,148.74,2023-12-30,active,False
ACC00485,mid_market,USD,1336.61,2019-12-20,active,False
ACC00486,smb,USD,300.12,2018-04-03,active,False
ACC00487,smb,USD,271.13,2022-08-15,active,False
ACC00488,smb,USD,378.47,2022-09-30,active,False
ACC00489,smb,USD,171.83,2018-12-30,active,False
ACC00490,enterprise,GBP,28969.27,2018-04-08,active,False
ACC00491,smb,USD,363.76,2018-10-12,active,False
ACC00492,smb,USD,348.06,2020-11-11,active,False
ACC00493,mid_market,USD,195.2,2018-12-05,active,False
ACC00494,smb,USD,113.54,2022-12-02,active,False
ACC00495,mid_market,GBP,1254.12,2018-07-18,active,False
ACC00496,smb,USD,301.15,2023-07-10,active,False
ACC00497,mid_market,EUR,1314.46,2024-02-14,active,False
ACC00498,enterprise,GBP,24329.19,2023-01-07,active,False
ACC00499,smb,USD,107.93,2024-08-10,active,False
ACC00500,smb,USD,283.84,2024-07-28,active,False
ACC00501,mid_market,USD,247.98,2018-04-30,active,False
ACC00502,mid_market,USD,329.58,2020-05-24,active,False
ACC00503,smb,USD,348.44,2023-04-27,active,False
ACC00504,smb,EUR,368.99,2020-05-18,active,False
ACC00505,smb,USD,207.47,2023-02-28,active,False
ACC00506,mid_market,EUR,3766.2,2023-06-03,active,False
ACC00507,smb,EUR,325.86,2024-12-23,active,False
ACC00508,smb,USD,382.39,2020-04-23,active,False
ACC00509,mid_market,GBP,2931.62,2020-06-08,active,False
ACC00510,mid_market,EUR,2595.76,2018-03-04,active,False
ACC00511,mid_market,EUR,110.06,2019-12-31,active,False
ACC00512,smb,USD,97.76,2019-12-19,active,False
ACC00513,smb,USD,123.3,2021-03-04,active,False
ACC00514,smb,USD,154.32,2020-12-12,active,False
ACC00515,smb,EUR,258.98,2023-12-30,active,False
ACC00516,smb,USD,168.98,2023-06-01,active,False
ACC00517,mid_market,USD,3282.1,2023-02-06,active,False
ACC00518,mid_market,EUR,2545.57,2018-01-14,active,False
ACC00519,mid_market,EUR,3488.27,2021-04-20,active,False
ACC00520,mid_market,USD,389.1,2023-02-08,active,False
ACC00521,smb,USD,296.6,2019-09-18,active,False
ACC00522,smb,USD,80.72,2020-12-21,active,False
ACC00523,smb,USD,324.45,2023-02-02,active,False
ACC00524,enterprise,GBP,18592.71,2023-07-24,active,False
ACC00525,smb,USD,142.49,2023-12-25,active,False
ACC00526,smb,USD,383.17,2021-01-03,active,False
ACC00527,smb,USD,158.4,2020-10-19,active,False
ACC00528,enterprise,EUR,20384.51,2020-09-05,active,False
ACC00529,enterprise,GBP,38787.72,2022-09-05,active,False
ACC00530,smb,USD,269.17,2020-12-08,active,False
ACC00531,smb,USD,260.68,2020-10-19,active,False
ACC00532,smb,USD,80.35,2019-03-07,active,False
ACC00533,smb,USD,217.42,2021-05-08,active,False
ACC00534,enterprise,EUR,10672.03,2019-08-30,active,False
ACC00535,enterprise,GBP,13450.79,2021-09-03,active,False
ACC00536,enterprise,EUR,34888.5,2024-03-21,active,False
ACC00537,smb,USD,377.97,2023-06-06,active,False
ACC00538,mid_market,USD,3088.75,2021-05-06,active,False
ACC00539,smb,EUR,255.88,2024-11-03,active,False
ACC00540,mid_market,EUR,2058.33,2024-11-10,active,False
ACC00541,enterprise,GBP,37083.97,2021-02-09,active,False
ACC00542,smb,USD,379.5,2023-05-06,active,False
ACC00543,smb,USD,264.68,2020-05-24,active,False
ACC00544,smb,USD,307.08,2024-02-24,active,False
ACC00545,smb,USD,286.82,2020-08-12,active,False
ACC00546,mid_market,USD,2541.15,2019-10-23,active,False
ACC00547,smb,USD,380.6,2018-12-09,active,False
ACC00548,enterprise,USD,12079.91,2023-11-24,active,False
ACC00549,smb,USD,120.2,2020-01-29,active,False
ACC00550,mid_market,GBP,2157.77,2023-09-10,active,False
ACC00551,smb,USD,152.67,2018-08-09,active,False
ACC00552,mid_market,USD,3951.02,2021-07-04,active,False
ACC00553,smb,USD,82.82,2020-12-29,active,False
ACC00554,mid_market,USD,3931.06,2021-01-26,active,False
ACC00555,smb,GBP,147.36,2019-03-04,active,False
ACC00556,mid_market,USD,1046.11,2018-07-08,active,False
ACC00557,enterprise,EUR,12029.46,2020-06-04,active,False
ACC00558,smb,USD,380.66,2021-04-16,active,False
ACC00559,smb,USD,228.07,2023-07-22,active,False
ACC00560,smb,USD,188.52,2021-03-28,active,False
ACC00561,smb,USD,164.65,2019-09-21,active,False
ACC00562,smb,GBP,94.27,2019-11-02,active,False
ACC00563,mid_market,EUR,1047.85,2022-04-14,active,False
ACC00564,smb,USD,224.68,2021-01-18,active,False
ACC00565,smb,USD,143.7,2024-04-22,active,False
ACC00566,mid_market,USD,3195.89,2021-01-29,active,False
ACC00567,enterprise,GBP,30373.82,2021-12-20,active,False
ACC00568,smb,USD,163.19,2018-06-13,active,False
ACC00569,mid_market,EUR,2722.75,2019-05-11,active,False
ACC00570,mid_market,USD,1746.93,2023-12-14,active,False
ACC00571,smb,USD,382.9,2020-05-31,active,False
ACC00572,mid_market,EUR,1205.97,2020-12-12,active,False
ACC00573,mid_market,GBP,2663.58,2022-02-17,active,False
ACC00574,smb,USD,207.08,2018-05-28,active,False
ACC00575,enterprise,GBP,20040.72,2021-07-18,active,False
ACC00576,smb,USD,307.36,2020-06-03,active,False
ACC00577,mid_market,USD,382.16,2019-01-15,active,False
ACC00578,smb,USD,214.2,2020-12-05,active,False
ACC00579,mid_market,USD,274.81,2021-02-16,active,False
ACC00580,smb,USD,287.92,2019-04-22,active,False
ACC00581,mid_market,GBP,3360.91,2021-10-20,active,False
ACC00582,smb,USD,162.69,2023-03-23,active,False
ACC00583,smb,USD,257.22,2019-11-15,active,False
ACC00584,smb,USD,326.33,2024-10-06,active,False
ACC00585,smb,USD,170.43,2022-04-15,active,False
ACC00586,enterprise,USD,17068.14,2023-05-30,active,False
ACC00587,smb,USD,273.54,2018-06-29,active,False
ACC00588,smb,USD,161.83,2023-05-16,active,False
ACC00589,smb,USD,344.43,2020-05-10,active,False
ACC00590,mid_market,USD,244.1,2022-12-21,active,False
ACC00591,mid_market,USD,263.72,2023-08-18,active,False
ACC00592,smb,USD,279.65,2019-10-03,active,False
ACC00593,enterprise,GBP,35883.3,2019-10-25,active,False
ACC00594,smb,USD,157.18,2018-06-02,active,False
ACC00595,smb,USD,205.28,2022-03-27,active,False
ACC00596,smb,USD,154.4,2023-06-02,active,False
ACC00597,smb,USD,202.04,2020-11-14,active,False
ACC00598,smb,USD,300.2,2019-02-16,active,False
ACC00599,mid_market,GBP,1447.73,2020-03-19,active,False
ACC00600,mid_market,USD,388.7,2020-10-26,active,False
ACC00601,enterprise,GBP,26952.91,2024-05-30,active,False
ACC00602,smb,USD,104.16,2018-11-13,active,False
ACC00603,smb,USD,280.16,2020-05-27,active,False
ACC00604,smb,USD,252.64,2022-06-19,active,False
ACC00605,mid_market,USD,1614.93,2019-08-28,active,False
ACC00606,smb,USD,243.06,2024-03-11,active,False
ACC00607,smb,USD,207.71,2024-05-13,active,False
ACC00608,smb,USD,199.65,2020-08-29,active,False
ACC00609,smb,USD,279.67,2023-03-22,active,False
ACC00610,mid_market,EUR,2939.08,2023-04-17,active,False
ACC00611,smb,USD,116.47,2022-10-09,active,False
ACC00612,mid_market,USD,369.26,2019-04-22,active,False
ACC00613,smb,USD,279.92,2018-05-07,active,False
ACC00614,smb,USD,223.34,2020-06-06,active,False
ACC00615,smb,USD,87.03,2018-12-02,active,False
ACC00616,mid_market,GBP,162.93,2020-01-18,active,False
ACC00617,smb,USD,176.08,2022-06-20,active,False
ACC00618,enterprise,EUR,20728.37,2022-02-13,active,False
ACC00619,smb,USD,283.97,2019-06-20,active,False
ACC00620,mid_market,GBP,2171.63,2018-02-15,active,False
ACC00621,smb,EUR,293.7,2019-07-31,active,False
ACC00622,enterprise,EUR,15587.32,2021-03-08,active,False
ACC00623,smb,USD,352.62,2023-06-15,active,False
ACC00624,smb,USD,212.61,2020-07-22,active,False
ACC00625,smb,USD,179.39,2020-01-01,active,False
ACC00626,smb,USD,184.95,2021-11-10,active,False
ACC00627,mid_market,USD,165.75,2018-07-02,active,False
ACC00628,mid_market,USD,3033.91,2019-07-31,active,False
ACC00629,mid_market,USD,3837.96,2018-04-04,active,False
ACC00630,smb,USD,153.88,2021-09-05,active,False
ACC00631,smb,USD,375.64,2021-02-06,active,False
ACC00632,mid_market,USD,3659.96,2022-01-28,active,False
ACC00633,smb,USD,376.13,2022-04-27,active,False
ACC00634,smb,USD,293.9,2020-10-06,active,False
ACC00635,smb,USD,98.92,2024-01-30,active,False
ACC00636,mid_market,EUR,398.27,2024-06-05,active,False
ACC00637,smb,USD,382.04,2018-10-11,active,False
ACC00638,smb,USD,129.5,2024-06-09,active,False
ACC00639,smb,USD,205.21,2019-05-18,active,False
ACC00640,mid_market,USD,206.29,2019-09-27,active,False
ACC00641,mid_market,USD,3137.69,2021-09-16,active,False
ACC00642,smb,USD,300.1,2018-03-17,active,False
ACC00643,smb,USD,325.39,2020-07-19,active,False
ACC00644,smb,USD,323.04,2019-05-13,active,False
ACC00645,mid_market,USD,1973.48,2021-05-18,active,False
ACC00646,smb,USD,344.8,2023-09-14,active,False
ACC00647,mid_market,USD,293.09,2024-06-20,active,False
ACC00648,smb,EUR,378.92,2019-06-27,active,False
ACC00649,smb,USD,313.99,2021-10-24,active,False
ACC00650,mid_market,USD,2360.06,2021-04-27,active,False
ACC00651,mid_market,USD,3919.29,2020-11-27,active,False
ACC00652,mid_market,USD,165.41,2022-06-06,active,False
ACC00653,smb,USD,215.19,2024-12-04,active,False
ACC00654,mid_market,EUR,3762.23,2020-11-01,active,False
ACC00655,mid_market,USD,2312.0,2018-06-16,active,False
ACC00656,mid_market,USD,205.87,2024-05-30,active,False
ACC00657,mid_market,USD,113.83,2024-07-10,active,False
ACC00658,smb,USD,208.35,2020-04-03,active,False
ACC00659,mid_market,USD,191.79,2021-07-06,active,False
ACC00660,enterprise,USD,31771.59,2024-01-14,active,False
ACC00661,smb,EUR,226.92,2021-07-11,active,False
ACC00662,smb,USD,300.21,2021-05-14,active,False
ACC00663,smb,USD,295.57,2024-06-14,active,False
ACC00664,mid_market,USD,807.71,2023-10-20,active,False
ACC00665,smb,USD,305.53,2021-07-20,active,False
ACC00666,enterprise,EUR,15013.57,2019-02-17,active,False
ACC00667,smb,USD,320.75,2021-01-25,active,False
ACC00668,mid_market,USD,3013.61,2022-09-26,active,False
ACC00669,smb,USD,198.64,2019-11-28,active,False
ACC00670,smb,EUR,366.31,2021-10-05,active,False
ACC00671,mid_market,USD,899.49,2022-08-11,active,False
ACC00672,smb,USD,145.51,2018-08-06,active,False
ACC00673,smb,USD,374.0,2021-12-27,active,False
ACC00674,smb,USD,177.87,2023-03-01,active,False
ACC00675,smb,USD,91.69,2019-07-02,active,False
ACC00676,smb,USD,100.28,2021-11-02,active,False
ACC00677,smb,USD,357.42,2022-12-19,active,False
ACC00678,smb,USD,303.8,2018-04-24,active,False
ACC00679,smb,USD,336.43,2022-07-05,active,False
ACC00680,smb,USD,141.37,2019-10-26,active,False
ACC00681,smb,USD,105.69,2020-10-12,active,False
ACC00682,smb,USD,148.07,2022-07-15,active,False
ACC00683,smb,USD,344.97,2018-01-12,active,False
ACC00684,smb,USD,208.09,2018-02-12,active,False
ACC00685,smb,USD,132.38,2021-02-15,active,False
ACC00686,smb,USD,294.99,2024-08-24,active,False
ACC00687,smb,USD,346.23,2018-01-16,active,False
ACC00688,enterprise,EUR,28063.83,2023-07-10,active,False
ACC00689,smb,USD,87.41,2018-07-11,active,False
ACC00690,smb,USD,369.25,2021-06-03,active,False
ACC00691,smb,USD,338.43,2021-01-05,active,False
ACC00692,smb,USD,248.15,2021-04-11,active,False
ACC00693,enterprise,GBP,29589.41,2018-07-29,active,False
ACC00694,smb,USD,366.57,2023-04-11,active,False
ACC00695,mid_market,USD,1349.75,2019-12-06,active,False
ACC00696,smb,USD,235.08,2023-05-25,active,False
ACC00697,smb,USD,257.17,2022-08-03,active,False
ACC00698,smb,GBP,118.28,2021-11-10,active,False
ACC00699,mid_market,USD,186.98,2020-02-28,active,False
ACC00700,mid_market,USD,215.02,2022-07-26,active,False
ACC00701,mid_market,USD,1459.08,2024-12-24,active,False
ACC00702,smb,USD,283.42,2024-06-17,active,False
ACC00703,smb,USD,311.41,2024-05-31,active,False
ACC00704,smb,USD,210.92,2019-07-16,active,False
ACC00705,mid_market,USD,238.94,2022-02-05,active,False
ACC00706,smb,USD,114.66,2020-10-13,active,False
ACC00707,mid_market,USD,1350.05,2024-10-07,active,False
ACC00708,mid_market,USD,391.47,2024-08-25,active,False
ACC00709,smb,USD,217.4,2024-01-28,active,False
ACC00710,mid_market,USD,2941.04,2019-02-20,active,False
ACC00711,mid_market,USD,2232.67,2020-03-26,active,False
ACC00712,mid_market,EUR,994.76,2022-12-24,active,False
ACC00713,smb,USD,255.14,2023-03-31,active,False
ACC00714,smb,USD,394.45,2020-06-14,active,False
ACC00715,smb,USD,241.21,2018-12-16,active,False
ACC00716,smb,USD,268.24,2018-12-16,active,False
ACC00717,smb,USD,378.37,2022-10-16,active,False
ACC00718,enterprise,GBP,14047.0,2021-03-06,active,False
ACC00719,mid_market,USD,361.65,2021-06-09,active,False
ACC00720,mid_market,EUR,2994.41,2023-09-16,active,False
ACC00721,enterprise,EUR,28383.24,2018-02-13,active,False
ACC00722,smb,USD,108.42,2023-04-13,active,False
ACC00723,mid_market,EUR,3818.06,2019-12-02,active,False
ACC00724,smb,USD,186.85,2024-07-08,active,False
ACC00725,smb,USD,169.64,2024-09-07,active,False
ACC00726,smb,USD,289.86,2021-07-07,active,False
ACC00727,smb,EUR,189.66,2020-03-18,active,False
ACC00728,smb,USD,332.81,2019-08-20,active,False
ACC00729,smb,USD,388.51,2019-04-09,active,False
ACC00730,enterprise,EUR,8252.72,2024-12-28,active,False
ACC00731,smb,USD,362.31,2019-04-25,active,False
ACC00732,mid_market,USD,324.18,2021-02-15,active,False
ACC00733,smb,USD,214.55,2021-05-09,active,False
ACC00734,smb,USD,380.01,2022-10-02,active,False
ACC00735,mid_market,USD,324.52,2023-11-24,active,False
ACC00736,smb,USD,182.88,2021-11-27,active,False
ACC00737,smb,USD,356.39,2023-04-22,active,False
ACC00738,mid_market,USD,218.86,2021-12-19,active,False
ACC00739,smb,USD,115.33,2021-01-21,active,False
ACC00740,smb,USD,381.41,2019-02-08,active,False
ACC00741,enterprise,USD,12894.34,2019-06-18,active,False
ACC00742,smb,EUR,143.31,2021-01-10,active,False
ACC00743,smb,USD,384.7,2018-04-28,active,False
ACC00744,mid_market,USD,289.83,2020-03-19,active,False
ACC00745,smb,USD,374.15,2021-03-28,active,False
ACC00746,mid_market,USD,290.69,2021-04-23,active,False
ACC00747,mid_market,EUR,2890.39,2023-09-14,active,False
ACC00748,smb,USD,204.71,2024-10-09,active,False
ACC00749,smb,USD,247.19,2023-02-09,active,False
ACC00750,enterprise,EUR,22339.79,2018-07-23,active,False
ACC00751,mid_market,EUR,2132.84,2020-11-10,active,False
ACC00752,smb,USD,170.57,2023-02-09,active,False
ACC00753,smb,USD,333.95,2022-03-01,active,False
ACC00754,mid_market,USD,1696.99,2021-03-16,active,False
ACC00755,smb,USD,86.15,2021-01-20,active,False
ACC00756,smb,USD,344.63,2020-11-03,active,False
ACC00757,mid_market,USD,3275.68,2022-01-19,active,False
ACC00758,mid_market,EUR,3814.28,2019-04-02,active,False
ACC00759,mid_market,USD,3357.55,2021-08-15,active,False
ACC00760,smb,USD,146.25,2019-06-11,active,False
ACC00761,smb,USD,209.34,2022-10-07,active,False
ACC00762,smb,USD,273.64,2024-01-20,active,False
ACC00763,enterprise,EUR,13104.77,2021-07-21,active,False
ACC00764,mid_market,USD,258.13,2020-09-17,active,False
ACC00765,smb,USD,85.85,2024-08-01,active,False
ACC00766,smb,USD,131.82,2022-08-14,active,False
ACC00767,smb,USD,297.95,2020-12-30,active,False
ACC00768,smb,USD,262.18,2018-03-15,active,False
ACC00769,smb,USD,382.82,2018-02-10,active,False
ACC00770,smb,USD,172.17,2019-07-21,active,False
ACC00771,mid_market,USD,2402.03,2019-08-28,active,False
ACC00772,smb,EUR,206.09,2023-01-18,active,False
ACC00773,smb,USD,377.19,2021-07-03,active,False
ACC00774,smb,USD,256.16,2024-12-30,active,False
ACC00775,mid_market,USD,2776.0,2021-10-13,active,False
ACC00776,smb,USD,389.64,2024-04-27,active,False
ACC00777,enterprise,EUR,12358.0,2021-11-12,active,False
ACC00778,enterprise,GBP,34267.73,2020-07-04,active,False
ACC00779,smb,USD,319.62,2023-01-01,active,False
ACC00780,mid_market,USD,285.46,2021-02-22,active,False
ACC00781,enterprise,USD,14300.48,2019-12-04,active,False
ACC00782,smb,USD,316.56,2021-04-24,active,False
ACC00783,mid_market,USD,1156.43,2022-08-27,active,False
ACC00784,smb,EUR,115.9,2020-08-17,active,False
ACC00785,smb,USD,138.44,2022-12-05,active,False
ACC00786,smb,USD,180.52,2024-11-11,active,False
ACC00787,smb,EUR,189.41,2020-11-17,active,False
ACC00788,mid_market,USD,318.7,2020-01-25,active,False
ACC00789,smb,USD,317.95,2020-10-24,active,False
ACC00790,smb,USD,274.74,2023-11-13,active,False
ACC00791,smb,USD,335.73,2019-04-03,active,False
ACC00792,mid_market,EUR,3333.68,2024-10-24,active,False
ACC00793,smb,USD,296.86,2020-11-24,active,False
ACC00794,mid_market,EUR,1759.89,2023-11-22,active,False
ACC00795,enterprise,GBP,17750.77,2023-07-05,active,False
ACC00796,smb,USD,357.47,2023-06-26,active,False
ACC00797,smb,USD,212.96,2024-05-12,active,False
ACC00798,enterprise,EUR,36737.98,2019-04-18,active,False
ACC00799,mid_market,USD,302.18,2022-02-26,active,False
ACC00800,smb,USD,280.93,2018-09-11,active,False
ACC00801,mid_market,GBP,3368.02,2020-02-05,active,False
ACC00802,smb,USD,384.26,2018-04-14,active,False
ACC00803,smb,USD,87.22,2022-10-10,active,False
ACC00804,smb,USD,278.95,2022-04-03,active,False
ACC00805,mid_market,USD,2669.02,2023-03-07,active,False
ACC00806,smb,USD,251.0,2019-03-27,active,False
ACC00807,smb,USD,351.49,2020-04-29,active,False
ACC00808,mid_market,USD,1248.51,2022-09-25,active,False
ACC00809,smb,USD,235.58,2023-10-14,active,False
ACC00810,smb,USD,247.86,2024-03-13,active,False
ACC00811,mid_market,USD,358.88,2018-07-08,active,False
ACC00812,mid_market,USD,1046.36,2020-10-25,active,False
ACC00813,smb,USD,291.25,2018-01-28,active,False
ACC00814,smb,USD,216.61,2023-09-24,active,False
ACC00815,smb,USD,251.63,2018-11-11,active,False
ACC00816,smb,USD,175.67,2023-10-03,active,False
ACC00817,mid_market,GBP,291.9,2019-02-03,active,False
ACC00818,smb,USD,151.16,2018-02-09,active,False
ACC00819,enterprise,GBP,16329.29,2024-02-25,active,False
ACC00820,mid_market,USD,1294.45,2021-01-26,active,False
ACC00821,mid_market,EUR,2856.99,2020-12-22,active,False
ACC00822,mid_market,USD,1168.14,2022-07-12,active,False
ACC00823,mid_market,USD,262.76,2019-12-04,active,False
ACC00824,smb,USD,136.97,2022-11-01,active,False
ACC00825,mid_market,EUR,3795.51,2021-01-01,active,False
ACC00826,mid_market,USD,1427.62,2019-11-28,active,False
ACC00827,enterprise,GBP,18978.61,2020-10-06,active,False
ACC00828,smb,USD,176.75,2018-01-16,active,False
ACC00829,smb,USD,211.56,2020-02-10,active,False
ACC00830,smb,USD,242.77,2022-02-20,active,False
ACC00831,mid_market,USD,816.69,2018-12-19,active,False
ACC00832,smb,USD,114.5,2018-10-31,active,False
ACC00833,mid_market,USD,1633.01,2022-08-04,active,False
ACC00834,enterprise,EUR,25186.48,2020-12-30,active,False
ACC00835,mid_market,USD,1710.67,2018-12-16,active,False
ACC00836,smb,GBP,98.37,2023-03-27,active,False
ACC00837,mid_market,USD,182.85,2023-06-05,active,False
ACC00838,enterprise,EUR,29912.99,2018-03-30,active,False
ACC00839,mid_market,USD,2272.86,2019-05-31,active,False
ACC00840,smb,USD,183.14,2020-08-04,active,False
ACC00841,mid_market,EUR,393.5,2023-02-13,active,False
ACC00842,mid_market,USD,1900.22,2018-07-09,active,False
ACC00843,mid_market,USD,1397.73,2023-08-22,active,False
ACC00844,smb,USD,260.42,2020-03-27,active,False
ACC00845,smb,USD,167.22,2018-11-17,active,False
ACC00846,mid_market,USD,397.48,2024-01-16,active,False
ACC00847,mid_market,GBP,1042.88,2018-08-10,active,False
ACC00848,mid_market,USD,226.2,2018-11-28,active,False
ACC00849,smb,USD,271.03,2024-08-24,active,False
ACC00850,smb,USD,101.44,2021-08-21,active,False
ACC00851,smb,USD,395.36,2021-03-29,active,False
ACC00852,smb,USD,120.75,2022-10-23,active,False
ACC00853,mid_market,USD,328.78,2022-05-30,active,False
ACC00854,smb,USD,328.38,2022-04-18,active,False
ACC00855,mid_market,EUR,1234.47,2018-03-01,active,False
ACC00856,mid_market,USD,328.6,2021-11-11,active,False
ACC00857,smb,USD,158.8,2019-12-14,active,False
ACC00858,smb,USD,329.95,2023-08-27,active,False
ACC00859,enterprise,USD,9021.74,2021-07-15,active,False
ACC00860,mid_market,USD,241.92,2018-11-13,active,False
ACC00861,smb,USD,83.66,2024-03-15,active,False
ACC00862,mid_market,USD,333.64,2019-12-28,active,False
ACC00863,mid_market,USD,1279.11,2019-11-25,active,False
ACC00864,mid_market,USD,1328.98,2024-07-21,active,False
ACC00865,smb,USD,168.42,2023-06-05,active,False
ACC00866,smb,USD,147.2,2024-01-06,active,False
ACC00867,mid_market,USD,2329.38,2022-08-20,active,False
ACC00868,mid_market,USD,1211.61,2024-05-16,active,False
ACC00869,smb,USD,91.35,2018-10-22,active,False
ACC00870,smb,USD,310.02,2022-03-14,active,False
ACC00871,smb,USD,331.83,2020-01-20,active,False
ACC00872,mid_market,USD,81.26,2020-10-15,active,False
ACC00873,enterprise,USD,14241.06,2019-08-31,active,False
ACC00874,smb,USD,250.03,2019-06-09,active,False
ACC00875,enterprise,USD,33684.67,2021-02-05,active,False
ACC00876,mid_market,USD,312.95,2024-06-05,active,False
ACC00877,mid_market,EUR,2421.64,2022-06-12,active,False
ACC00878,smb,USD,396.88,2020-06-11,active,False
ACC00879,smb,USD,120.28,2021-01-12,active,False
ACC00880,smb,USD,151.47,2021-09-16,active,False
ACC00881,enterprise,EUR,20108.4,2019-09-18,active,False
ACC00882,smb,USD,324.22,2021-08-25,active,False
ACC00883,smb,USD,251.99,2022-11-14,active,False
ACC00884,smb,USD,331.19,2019-09-14,active,False
ACC00885,mid_market,USD,82.72,2022-02-02,active,False
ACC00886,smb,USD,134.45,2022-12-16,active,False
ACC00887,mid_market,EUR,2615.48,2021-08-20,active,False
ACC00888,smb,USD,302.1,2020-01-17,active,False
ACC00889,smb,USD,329.2,2021-11-18,active,False
ACC00890,mid_market,USD,3112.62,2023-07-21,active,False
ACC00891,mid_market,USD,3324.88,2019-07-22,active,False
ACC00892,smb,USD,123.93,2022-01-08,active,False
ACC00893,smb,USD,166.4,2022-10-06,active,False
ACC00894,smb,USD,205.61,2020-04-01,active,False
ACC00895,mid_market,USD,270.57,2020-09-17,active,False
ACC00896,mid_market,USD,166.37,2024-03-21,active,False
ACC00897,smb,USD,207.53,2020-07-18,active,False
ACC00898,smb,USD,335.34,2022-03-10,active,False
ACC00899,enterprise,GBP,26082.17,2019-01-18,active,False
ACC00900,enterprise,USD,11292.9,2024-06-24,active,False
ACC00901,smb,EUR,297.36,2022-03-06,active,False
ACC00902,mid_market,EUR,2962.44,2023-04-28,active,False
ACC00903,mid_market,USD,223.48,2022-03-21,active,False
ACC00904,smb,USD,357.24,2020-06-27,active,False
ACC00905,mid_market,USD,2707.08,2020-05-19,active,False
ACC00906,mid_market,USD,3866.49,2022-11-28,active,False
ACC00907,mid_market,USD,3125.23,2024-01-07,active,False
ACC00908,smb,USD,277.14,2018-11-23,active,False
ACC00909,enterprise,GBP,18509.7,2023-12-01,active,False
ACC00910,smb,USD,363.32,2023-10-23,active,False
ACC00911,mid_market,EUR,1858.55,2018-10-06,active,False
ACC00912,smb,USD,259.04,2018-10-04,active,False
ACC00913,mid_market,USD,232.78,2022-11-12,active,False
ACC00914,mid_market,USD,1234.09,2023-11-25,active,False
ACC00915,smb,USD,136.85,2020-10-03,active,False
ACC00916,smb,USD,120.9,2022-06-26,active,False
ACC00917,smb,USD,330.22,2024-12-30,active,False
ACC00918,mid_market,USD,875.66,2020-04-05,active,False
ACC00919,smb,USD,371.03,2019-07-30,active,False
ACC00920,smb,USD,343.37,2024-12-09,active,False
ACC00921,smb,GBP,267.65,2019-12-19,active,False
ACC00922,smb,EUR,383.63,2021-04-22,active,False
ACC00923,smb,USD,356.3,2021-02-04,active,False
ACC00924,smb,USD,328.26,2021-08-30,active,False
ACC00925,mid_market,EUR,2029.41,2019-11-18,active,False
ACC00926,smb,USD,284.82,2022-10-02,active,False
ACC00927,mid_market,EUR,3615.16,2022-11-04,active,False
ACC00928,mid_market,USD,310.83,2019-05-28,active,False
ACC00929,smb,EUR,137.16,2021-05-14,active,False
ACC00930,smb,EUR,100.54,2018-05-27,active,False
ACC00931,mid_market,USD,1088.63,2019-07-19,active,False
ACC00932,smb,USD,204.84,2024-11-28,active,False
ACC00933,smb,USD,287.4,2021-07-18,active,False
ACC00934,enterprise,GBP,13573.93,2022-05-11,active,False
ACC00935,smb,USD,137.3,2024-03-21,active,False
ACC00936,mid_market,USD,127.16,2022-12-30,active,False
ACC00937,smb,USD,329.21,2023-07-19,active,False
ACC00938,mid_market,USD,3389.92,2022-12-26,active,False
ACC00939,mid_market,USD,3351.43,2021-06-29,active,False
ACC00940,enterprise,GBP,20510.71,2022-06-05,active,False
ACC00941,smb,USD,123.33,2020-01-08,active,False
ACC00942,smb,USD,255.07,2024-03-25,active,False
ACC00943,mid_market,USD,362.27,2019-04-05,active,False
ACC00944,mid_market,GBP,1610.29,2024-03-09,active,False
ACC00945,smb,USD,148.45,2024-02-24,active,False
ACC00946,mid_market,USD,3530.33,2018-12-30,active,False
ACC00947,smb,USD,101.62,2022-12-21,active,False
ACC00948,smb,USD,108.91,2024-12-04,active,False
ACC00949,smb,USD,209.13,2022-01-02,active,False
ACC00950,smb,USD,255.83,2020-05-19,active,False
ACC00951,mid_market,EUR,852.08,2024-02-26,active,False
ACC00952,mid_market,USD,87.25,2021-08-03,active,False
ACC00953,smb,USD,361.49,2018-11-08,active,False
ACC00954,smb,USD,135.04,2019-09-30,active,False
ACC00955,smb,USD,311.01,2022-10-11,active,False
ACC00956,mid_market,GBP,2829.83,2021-03-09,active,False
ACC00957,smb,USD,239.9,2019-07-08,active,False
ACC00958,smb,USD,95.29,2023-08-05,active,False
ACC00959,smb,USD,328.62,2018-11-05,active,False
ACC00960,mid_market,USD,3307.49,2019-07-14,active,False
ACC00961,smb,USD,320.64,2021-04-05,active,False
ACC00962,enterprise,USD,20595.05,2018-04-12,active,False
ACC00963,mid_market,USD,1564.45,2020-09-17,active,False
ACC00964,mid_market,USD,1822.2,2024-05-14,active,False
ACC00965,smb,USD,140.39,2024-08-02,active,False
ACC00966,smb,USD,330.85,2024-02-07,active,False
ACC00967,smb,USD,383.25,2020-04-08,active,False
ACC00968,enterprise,USD,21018.25,2018-06-15,active,False
ACC00969,mid_market,EUR,2217.24,2023-09-14,active,False
ACC00970,mid_market,USD,1979.31,2020-08-12,active,False
ACC00971,smb,USD,278.61,2023-03-30,active,False
ACC00972,enterprise,EUR,21801.74,2018-11-01,active,False
ACC00973,smb,USD,251.31,2022-09-04,active,False
ACC00974,smb,USD,357.61,2022-02-07,active,False
ACC00975,smb,USD,211.29,2024-06-10,active,False
ACC00976,mid_market,EUR,822.39,2018-09-18,active,False
ACC00977,enterprise,EUR,22089.64,2020-11-08,active,False
ACC00978,mid_market,USD,3195.94,2024-12-05,active,False
ACC00979,mid_market,EUR,201.6,2020-09-22,active,False
ACC00980,smb,USD,275.36,2022-08-09,active,False
ACC00981,smb,USD,125.23,2019-02-16,active,False
ACC00982,smb,EUR,339.05,2023-02-05,active,False
ACC00983,smb,EUR,149.71,2019-12-06,active,False
ACC00984,smb,USD,219.92,2022-01-02,active,False
ACC00985,smb,USD,124.26,2024-02-27,active,False
ACC00986,smb,USD,102.06,2022-08-17,active,False
ACC00987,smb,USD,331.5,2021-04-27,active,False
ACC00988,mid_market,EUR,970.53,2019-05-01,active,False
ACC00989,enterprise,GBP,22356.12,2020-05-22,active,False
ACC00990,smb,USD,174.44,2023-12-11,active,False
ACC00991,mid_market,USD,185.49,2019-07-07,active,False
ACC00992,smb,EUR,231.92,2022-08-05,active,False
ACC00993,mid_market,USD,295.41,2021-05-24,active,False
ACC00994,smb,USD,80.78,2020-03-31,active,False
ACC00995,mid_market,USD,1580.06,2023-01-06,active,False
ACC00996,mid_market,USD,306.03,2020-07-14,active,False
ACC00997,smb,USD,197.97,2020-01-03,active,False
ACC00998,smb,USD,241.75,2021-09-14,active,False
ACC00999,smb,USD,372.14,2023-04-21,active,False
ACC01000,mid_market,USD,357.11,2024-01-18,active,False
ACC01001,smb,USD,344.78,2022-05-29,active,False
ACC01002,smb,USD,175.4,2022-08-20,active,False
ACC01003,smb,USD,90.13,2023-07-07,active,False
ACC01004,enterprise,GBP,30939.8,2019-11-20,active,False
ACC01005,smb,USD,250.4,2019-10-04,active,False
ACC01006,smb,USD,284.38,2021-05-22,active,False
ACC01007,enterprise,GBP,27100.43,2022-06-01,active,False
ACC01008,mid_market,EUR,1699.13,2022-07-10,active,False
ACC01009,smb,EUR,90.21,2019-01-28,active,False
ACC01010,smb,USD,362.26,2023-06-19,active,False
ACC01011,smb,USD,125.23,2020-07-18,active,False
ACC01012,smb,USD,217.02,2024-02-21,active,False
ACC01013,smb,USD,347.56,2023-01-26,active,False
ACC01014,smb,USD,391.35,2024-11-17,active,False
ACC01015,smb,USD,359.57,2022-06-03,active,False
ACC01016,mid_market,USD,236.47,2021-09-10,active,False
ACC01017,smb,USD,82.84,2019-04-26,active,False
ACC01018,smb,USD,117.85,2020-10-15,active,False
ACC01019,mid_market,USD,3027.22,2024-01-03,active,False
ACC01020,smb,USD,223.6,2020-09-03,active,False
ACC01021,mid_market,EUR,3647.14,2018-05-17,active,False
ACC01022,smb,USD,391.75,2019-09-19,active,False
ACC01023,enterprise,GBP,28820.32,2022-03-02,active,False
ACC01024,smb,USD,307.56,2022-05-28,active,False
ACC01025,smb,USD,177.06,2024-11-19,active,False
ACC01026,mid_market,GBP,370.76,2024-07-14,active,False
ACC01027,enterprise,EUR,31130.56,2021-09-20,active,False
ACC01028,smb,USD,323.5,2021-11-18,active,False
ACC01029,mid_market,USD,87.43,2023-08-09,active,False
ACC01030,smb,USD,187.67,2018-05-05,active,False
ACC01031,smb,USD,207.45,2022-03-02,active,False
ACC01032,mid_market,EUR,2279.79,2021-04-26,active,False
ACC01033,smb,USD,368.21,2023-06-25,active,False
ACC01034,mid_market,USD,1953.55,2023-08-08,active,False
ACC01035,enterprise,USD,11549.86,2022-08-03,active,False
ACC01036,smb,USD,196.75,2022-08-08,active,False
ACC01037,enterprise,EUR,17842.88,2022-11-02,active,False
ACC01038,smb,USD,164.74,2022-01-22,active,False
ACC01039,smb,USD,397.53,2019-08-06,active,False
ACC01040,enterprise,EUR,10854.25,2019-12-29,active,False
ACC01041,mid_market,USD,374.28,2023-03-12,active,False
ACC01042,smb,USD,347.59,2022-04-30,active,False
ACC01043,smb,USD,283.69,2019-09-01,active,False
ACC01044,mid_market,GBP,90.65,2024-02-22,active,False
ACC01045,smb,USD,354.24,2024-11-11,active,False
ACC01046,mid_market,GBP,2330.14,2022-05-20,active,False
ACC01047,smb,USD,142.43,2019-08-06,active,False
ACC01048,smb,USD,194.77,2024-07-26,active,False
ACC01049,smb,USD,296.18,2019-08-28,active,False
ACC01050,smb,USD,149.2,2021-01-10,active,False
ACC01051,mid_market,USD,2924.66,2024-01-04,active,False
ACC01052,smb,USD,317.22,2021-08-23,active,False
ACC01053,enterprise,USD,34192.56,2019-09-14,active,False
ACC01054,enterprise,GBP,8976.16,2018-07-24,active,False
ACC01055,smb,USD,229.35,2020-07-11,active,False
ACC01056,smb,USD,117.57,2022-09-14,active,False
ACC01057,smb,USD,87.86,2023-01-01,active,False
ACC01058,smb,USD,165.22,2019-07-24,active,False
ACC01059,mid_market,EUR,2485.24,2019-02-10,active,False
ACC01060,mid_market,USD,291.89,2022-11-28,active,False
ACC01061,smb,USD,122.08,2019-02-11,active,False
ACC01062,mid_market,USD,151.21,2018-06-14,active,False
ACC01063,smb,USD,227.72,2021-05-28,active,False
ACC01064,mid_market,USD,2581.25,2021-12-30,active,False
ACC01065,smb,EUR,180.54,2019-09-15,active,False
ACC01066,smb,USD,233.72,2019-06-24,active,False
ACC01067,smb,USD,313.69,2019-08-26,active,False
ACC01068,smb,USD,144.49,2020-05-26,active,False
ACC01069,smb,USD,339.58,2018-01-24,active,False
ACC01070,mid_market,USD,3949.62,2018-01-31,active,False
ACC01071,smb,USD,239.25,2020-08-04,active,False
ACC01072,smb,USD,218.77,2018-02-20,active,False
ACC01073,smb,USD,129.69,2020-03-24,active,False
ACC01074,smb,USD,277.95,2022-01-24,active,False
ACC01075,mid_market,EUR,2749.44,2018-03-21,active,False
ACC01076,smb,EUR,359.09,2022-04-29,active,False
ACC01077,smb,USD,355.17,2022-05-07,active,False
ACC01078,enterprise,GBP,16230.31,2022-01-05,active,False
ACC01079,mid_market,USD,1701.77,2022-05-21,active,False
ACC01080,mid_market,USD,1099.66,2023-08-31,active,False
ACC01081,mid_market,EUR,2143.42,2018-06-30,active,False
ACC01082,enterprise,EUR,8827.6,2019-03-08,active,False
ACC01083,smb,USD,238.72,2020-03-21,active,False
ACC01084,mid_market,USD,181.01,2022-10-25,active,False
ACC01085,smb,USD,219.34,2024-02-09,active,False
ACC01086,smb,EUR,152.89,2024-06-06,active,False
ACC01087,smb,USD,95.95,2022-01-28,active,False
ACC01088,smb,USD,156.3,2020-11-14,active,False
ACC01089,smb,USD,197.68,2020-11-19,active,False
ACC01090,smb,USD,190.59,2018-06-02,active,False
ACC01091,smb,USD,247.07,2021-04-03,active,False
ACC01092,smb,EUR,230.41,2021-08-03,active,False
ACC01093,smb,USD,227.7,2019-06-17,active,False
ACC01094,mid_market,USD,1536.49,2023-05-17,active,False
ACC01095,enterprise,EUR,18411.8,2023-09-07,active,False
ACC01096,smb,USD,297.17,2020-02-11,active,False
ACC01097,smb,USD,237.19,2024-05-25,active,False
ACC01098,smb,USD,275.9,2018-10-01,active,False
ACC01099,smb,USD,132.01,2024-05-16,active,False
ACC01100,mid_market,USD,1347.79,2023-05-18,active,False
ACC01101,mid_market,USD,87.93,2019-07-27,active,False
ACC01102,mid_market,USD,3688.35,2022-07-20,active,False
ACC01103,smb,GBP,236.03,2020-03-05,active,False
ACC01104,mid_market,USD,3274.88,2023-08-07,active,False
ACC01105,smb,USD,216.65,2019-02-15,active,False
ACC01106,smb,USD,208.3,2019-09-18,active,False
ACC01107,smb,GBP,321.16,2020-02-25,active,False
ACC01108,mid_market,GBP,3187.36,2019-05-26,active,False
ACC01109,smb,USD,321.35,2020-04-30,active,False
ACC01110,mid_market,USD,2285.01,2022-03-21,active,False
ACC01111,mid_market,USD,246.46,2022-06-07,active,False
ACC01112,smb,USD,235.74,2021-11-16,active,False
ACC01113,smb,USD,260.93,2019-04-30,active,False
ACC01114,smb,USD,173.95,2019-06-02,active,False
ACC01115,smb,USD,132.01,2024-06-07,active,False
ACC01116,smb,EUR,223.02,2019-10-05,active,False
ACC01117,smb,USD,89.34,2018-09-21,active,False
ACC01118,smb,USD,280.27,2021-03-06,active,False
ACC01119,smb,USD,158.57,2018-01-18,active,False
ACC01120,smb,USD,382.55,2020-05-25,active,False
ACC01121,smb,USD,123.16,2023-12-26,active,False
ACC01122,smb,USD,82.04,2019-11-15,active,False
ACC01123,smb,USD,394.05,2022-12-04,active,False
ACC01124,smb,GBP,330.94,2021-06-05,active,False
ACC01125,smb,USD,392.87,2020-06-27,active,False
ACC01126,smb,USD,186.76,2022-08-18,active,False
ACC01127,smb,USD,95.7,2022-03-03,active,False
ACC01128,mid_market,USD,399.14,2020-03-24,active,False
ACC01129,smb,USD,330.14,2019-07-26,active,False
ACC01130,mid_market,USD,1010.95,2024-06-01,active,False
ACC01131,mid_market,EUR,2710.91,2019-03-07,active,False
ACC01132,smb,USD,117.11,2024-09-18,active,False
ACC01133,enterprise,EUR,19541.0,2021-04-19,active,False
ACC01134,mid_market,EUR,3320.78,2024-12-22,active,False
ACC01135,smb,EUR,174.53,2020-06-21,active,False
ACC01136,smb,USD,89.27,2021-12-16,active,False
ACC01137,smb,USD,199.68,2022-04-22,active,False
ACC01138,smb,USD,230.67,2020-05-15,active,False
ACC01139,smb,USD,279.7,2019-07-12,active,False
ACC01140,smb,USD,157.34,2021-08-22,active,False
ACC01141,mid_market,USD,3055.76,2022-08-22,active,False
ACC01142,smb,USD,344.13,2019-10-31,active,False
ACC01143,smb,USD,252.57,2023-05-15,active,False
ACC01144,smb,USD,205.42,2022-06-21,active,False
ACC01145,mid_market,USD,395.14,2019-03-02,active,False
ACC01146,mid_market,USD,3057.93,2024-07-27,active,False
ACC01147,smb,USD,128.25,2018-04-23,active,False
ACC01148,enterprise,GBP,23031.62,2022-07-29,active,False
ACC01149,mid_market,USD,370.38,2021-01-28,active,False
ACC01150,smb,USD,100.6,2022-07-30,active,False
ACC01151,mid_market,USD,374.89,2023-06-02,active,False
ACC01152,smb,USD,272.28,2022-10-23,active,False
ACC01153,smb,USD,353.93,2022-07-22,active,False
ACC01154,smb,USD,180.32,2023-11-20,active,False
ACC01155,smb,USD,383.92,2022-11-30,active,False
ACC01156,enterprise,GBP,23244.87,2023-09-11,active,False
ACC01157,mid_market,USD,236.14,2020-10-26,active,False
ACC01158,smb,USD,359.21,2019-06-03,active,False
ACC01159,smb,USD,209.44,2019-08-24,active,False
ACC01160,smb,USD,209.68,2022-04-14,active,False
ACC01161,mid_market,EUR,3050.9,2021-09-21,active,False
ACC01162,enterprise,USD,13117.03,2018-07-17,active,False
ACC01163,smb,USD,112.44,2019-06-07,active,False
ACC01164,enterprise,GBP,28873.35,2024-10-09,active,False
ACC01165,smb,USD,332.18,2023-01-31,active,False
ACC01166,smb,USD,158.36,2023-04-14,active,False
ACC01167,smb,USD,84.28,2019-05-19,active,False
ACC01168,mid_market,USD,350.02,2018-06-14,active,False
ACC01169,mid_market,GBP,1896.18,2020-01-15,active,False
ACC01170,smb,USD,152.58,2023-12-31,active,False
ACC01171,enterprise,EUR,16128.89,2021-07-18,active,False
ACC01172,smb,USD,134.95,2023-06-29,active,False
ACC01173,mid_market,GBP,3638.14,2021-05-29,active,False
ACC01174,smb,USD,328.53,2021-06-06,active,False
ACC01175,mid_market,USD,3169.15,2022-03-16,active,False
ACC01176,smb,USD,123.41,2024-09-17,active,False
ACC01177,smb,USD,230.34,2021-01-23,active,False
ACC01178,smb,USD,246.57,2022-03-03,active,False
ACC01179,smb,USD,96.44,2024-06-08,active,False
ACC01180,smb,USD,279.64,2020-08-09,active,False
ACC01181,enterprise,USD,20110.06,2023-11-17,active,False
ACC01182,smb,USD,290.14,2021-09-29,active,False
ACC01183,mid_market,EUR,2146.34,2024-02-26,active,False
ACC01184,smb,USD,265.14,2021-04-10,active,False
ACC01185,smb,USD,97.22,2022-05-29,active,False
ACC01186,mid_market,USD,3475.6,2020-04-06,active,False
ACC01187,smb,USD,281.68,2022-06-12,active,False
ACC01188,smb,USD,207.88,2020-04-13,active,False
ACC01189,smb,USD,303.49,2022-04-07,active,False
ACC01190,smb,USD,328.54,2023-07-10,active,False
ACC01191,mid_market,USD,1910.46,2021-01-16,active,False
ACC01192,smb,USD,299.54,2021-01-02,active,False
ACC01193,smb,USD,394.57,2020-04-03,active,False
ACC01194,mid_market,USD,2738.5,2023-02-11,active,False
ACC01195,smb,USD,169.38,2022-02-22,active,False
ACC01196,smb,USD,281.8,2021-08-13,active,False
ACC01197,smb,USD,324.17,2018-03-07,active,False
ACC01198,enterprise,USD,30469.02,2018-10-09,active,False
ACC01199,smb,USD,324.82,2018-01-20,active,False
ACC01200,smb,USD,364.32,2023-12-14,active,False
ACC01201,smb,USD,303.1,2023-12-17,active,False
ACC01202,mid_market,EUR,263.57,2018-06-23,active,False
ACC01203,smb,USD,399.6,2018-04-29,active,False
ACC01204,smb,USD,187.38,2023-06-21,active,False
ACC01205,smb,USD,228.64,2021-09-03,active,False
ACC01206,enterprise,EUR,23719.71,2020-02-29,active,False
ACC01207,smb,USD,233.06,2022-04-21,active,False
ACC01208,mid_market,USD,363.74,2019-08-28,active,False
ACC01209,mid_market,USD,156.71,2019-05-22,active,False
ACC01210,smb,USD,281.44,2020-07-28,active,False
ACC01211,smb,USD,256.91,2024-04-08,active,False
ACC01212,smb,USD,317.23,2023-05-15,active,False
ACC01213,smb,USD,260.81,2019-05-01,active,False
ACC01214,smb,USD,330.96,2021-12-06,active,False
ACC01215,mid_market,EUR,2927.23,2024-03-10,active,False
ACC01216,smb,USD,248.05,2024-08-29,active,False
ACC01217,smb,USD,307.07,2023-05-05,active,False
ACC01218,smb,USD,236.79,2018-11-26,active,False
ACC01219,smb,USD,304.62,2019-09-08,active,False
ACC01220,smb,USD,189.52,2019-07-13,active,False
ACC01221,enterprise,EUR,15895.12,2019-01-21,active,False
ACC01222,smb,EUR,355.26,2019-03-25,active,False
ACC01223,smb,USD,208.53,2020-03-19,active,False
ACC01224,smb,USD,248.87,2021-11-20,active,False
ACC01225,smb,EUR,97.64,2020-10-14,active,False
ACC01226,enterprise,USD,26195.55,2020-12-11,active,False
ACC01227,smb,USD,273.38,2019-09-21,active,False
ACC01228,smb,USD,124.2,2019-01-22,active,False
ACC01229,mid_market,USD,300.37,2024-12-28,active,False
ACC01230,smb,USD,238.83,2022-03-12,active,False
ACC01231,smb,USD,267.46,2019-08-10,active,False
ACC01232,mid_market,USD,327.02,2023-09-02,active,False
ACC01233,smb,USD,169.42,2023-10-25,active,False
ACC01234,enterprise,GBP,24567.9,2024-10-07,active,False
ACC01235,smb,USD,260.18,2019-02-11,active,False
ACC01236,enterprise,GBP,30576.52,2022-06-24,active,False
ACC01237,smb,USD,307.48,2024-11-10,active,False
ACC01238,mid_market,USD,253.66,2023-08-24,active,False
ACC01239,mid_market,USD,1591.65,2019-07-31,active,False
ACC01240,smb,USD,381.5,2024-04-01,active,False
ACC01241,smb,USD,336.33,2020-12-13,active,False
ACC01242,smb,USD,250.44,2021-06-03,active,False
ACC01243,smb,USD,145.46,2021-11-28,active,False
ACC01244,smb,USD,267.77,2023-05-26,active,False
ACC01245,mid_market,GBP,3607.17,2018-11-04,active,False
ACC01246,mid_market,USD,1675.93,2021-10-10,active,False
ACC01247,smb,USD,392.22,2023-09-19,active,False
ACC01248,mid_market,USD,1444.2,2021-11-02,active,False
ACC01249,smb,USD,257.98,2019-12-04,active,False
ACC01250,mid_market,USD,2945.17,2018-05-24,active,False
ACC01251,mid_market,USD,861.98,2021-11-04,active,False
ACC01252,smb,USD,196.76,2022-12-03,active,False
ACC01253,smb,EUR,255.12,2021-11-05,active,False
ACC01254,mid_market,USD,182.88,2024-11-08,active,False
ACC01255,mid_market,USD,389.18,2022-03-21,active,False
ACC01256,smb,USD,399.7,2021-07-23,active,False
ACC01257,smb,USD,319.55,2018-05-22,active,False
ACC01258,smb,USD,285.79,2021-11-28,active,False
ACC01259,mid_market,USD,3860.49,2019-03-07,active,False
ACC01260,smb,USD,206.94,2023-01-27,active,False
ACC01261,smb,EUR,363.14,2019-02-17,active,False
ACC01262,smb,USD,106.28,2024-05-06,active,False
ACC01263,smb,USD,104.6,2020-02-12,active,False
ACC01264,mid_market,USD,392.62,2021-01-14,active,False
ACC01265,smb,USD,301.07,2019-01-06,active,False
ACC01266,smb,USD,281.97,2019-06-23,active,False
ACC01267,mid_market,USD,2653.91,2024-06-14,active,False
ACC01268,smb,USD,262.53,2019-12-27,active,False
ACC01269,mid_market,USD,3113.79,2021-08-04,active,False
ACC01270,mid_market,USD,2691.84,2024-11-13,active,False
ACC01271,smb,USD,160.09,2022-05-13,active,False
ACC01272,smb,USD,136.29,2018-04-17,active,False
ACC01273,enterprise,GBP,36306.08,2020-07-02,active,False
ACC01274,smb,USD,177.65,2020-09-15,active,False
ACC01275,smb,USD,373.22,2019-12-08,active,False
ACC01276,smb,USD,90.17,2019-09-09,active,False
ACC01277,mid_market,USD,1074.56,2021-07-10,active,False
ACC01278,smb,USD,242.87,2020-08-21,active,False
ACC01279,smb,USD,341.08,2020-01-23,active,False
ACC01280,smb,USD,253.27,2020-11-21,active,False
ACC01281,mid_market,USD,3879.37,2020-05-28,active,False
ACC01282,enterprise,EUR,37354.1,2019-08-08,active,False
ACC01283,smb,USD,354.38,2021-03-03,active,False
ACC01284,smb,USD,306.39,2024-08-05,active,False
ACC01285,mid_market,USD,395.54,2021-07-16,active,False
ACC01286,smb,EUR,221.51,2022-03-08,active,False
ACC01287,smb,USD,271.29,2024-11-20,active,False
ACC01288,mid_market,USD,2958.31,2022-04-18,active,False
ACC01289,mid_market,EUR,2480.24,2019-07-25,active,False
ACC01290,smb,USD,374.14,2020-10-15,active,False
ACC01291,smb,USD,281.34,2021-06-01,active,False
ACC01292,smb,USD,126.75,2021-04-28,active,False
ACC01293,mid_market,USD,196.28,2019-01-18,active,False
ACC01294,mid_market,USD,246.89,2018-09-28,active,False
ACC01295,mid_market,USD,296.01,2020-06-13,active,False
ACC01296,smb,USD,98.35,2024-05-25,active,False
ACC01297,smb,USD,289.03,2023-01-08,active,False
ACC01298,smb,USD,158.64,2023-11-22,active,False
ACC01299,smb,USD,104.22,2019-03-22,active,False
ACC01300,smb,USD,118.53,2020-11-24,active,False
ACC01301,mid_market,USD,2136.72,2022-01-25,active,False
ACC01302,smb,USD,96.7,2021-01-15,active,False
ACC01303,smb,USD,126.36,2020-12-01,active,False
ACC01304,smb,USD,118.39,2020-07-08,active,False
ACC01305,enterprise,USD,30819.93,2018-05-12,active,True
ACC01306,enterprise,USD,15184.99,2024-01-01,active,False
ACC01307,smb,USD,339.1,2024-07-12,active,False
ACC01308,smb,USD,184.35,2018-07-26,active,False
ACC01309,smb,USD,327.47,2020-11-23,active,False
ACC01310,smb,USD,311.81,2021-08-16,active,False
ACC01311,smb,USD,372.24,2023-06-27,active,False
ACC01312,smb,USD,237.86,2024-11-27,active,False
ACC01313,mid_market,USD,138.04,2020-11-30,active,False
ACC01314,mid_market,USD,3126.8,2023-03-30,active,False
ACC01315,smb,USD,249.38,2024-07-23,active,False
ACC01316,mid_market,USD,3009.16,2023-10-24,active,False
ACC01317,smb,USD,138.48,2020-01-13,active,False
ACC01318,enterprise,GBP,24217.56,2023-09-21,active,False
ACC01319,smb,USD,394.04,2020-11-19,active,False
ACC01320,smb,USD,381.77,2018-02-14,active,False
ACC01321,smb,USD,282.59,2023-04-24,active,False
ACC01322,smb,USD,96.56,2023-11-06,active,False
ACC01323,smb,USD,83.25,2020-05-28,active,False
ACC01324,smb,USD,270.5,2021-02-26,active,False
ACC01325,mid_market,EUR,1337.43,2020-07-20,active,False
ACC01326,smb,USD,383.91,2018-10-27,active,False
ACC01327,smb,USD,331.11,2024-12-17,active,False
ACC01328,smb,USD,151.92,2018-02-27,active,False
ACC01329,smb,USD,383.77,2021-11-21,active,False
ACC01330,smb,USD,332.49,2018-02-08,active,False
ACC01331,mid_market,GBP,1540.6,2022-10-29,active,False
ACC01332,smb,USD,286.34,2024-04-21,active,False
ACC01333,smb,USD,262.79,2022-07-03,active,False
ACC01334,smb,USD,275.34,2022-03-30,active,False
ACC01335,smb,USD,311.71,2023-10-18,active,False
ACC01336,smb,USD,366.33,2024-10-26,active,False
ACC01337,smb,USD,356.32,2024-01-12,active,False
ACC01338,mid_market,USD,2171.67,2019-08-15,active,False
ACC01339,smb,USD,144.07,2021-12-10,active,False
ACC01340,smb,USD,351.91,2023-09-24,active,False
ACC01341,smb,USD,132.18,2020-01-23,active,False
ACC01342,smb,USD,354.19,2022-09-22,active,False
ACC01343,enterprise,GBP,21620.24,2018-02-28,active,False
ACC01344,smb,USD,377.97,2024-02-21,active,False
ACC01345,mid_market,USD,1955.13,2022-04-20,active,True
ACC01346,smb,USD,164.47,2023-03-15,active,False
ACC01347,mid_market,EUR,1043.36,2023-10-11,active,False
ACC01348,smb,USD,389.05,2019-07-14,active,True
ACC01349,smb,GBP,375.62,2021-02-25,active,False
ACC01350,mid_market,USD,169.24,2024-01-04,active,False
ACC01351,mid_market,GBP,3769.27,2019-02-25,active,False
ACC01352,smb,USD,208.66,2023-10-04,active,False
ACC01353,smb,USD,269.0,2020-01-07,active,False
ACC01354,mid_market,EUR,2092.79,2022-01-10,active,False
ACC01355,enterprise,EUR,26345.96,2021-07-27,active,False
ACC01356,smb,USD,386.52,2022-10-21,active,False
ACC01357,smb,USD,125.09,2023-11-09,active,False
ACC01358,mid_market,USD,3542.05,2020-06-10,active,False
ACC01359,mid_market,USD,110.5,2019-03-16,active,False
ACC01360,smb,USD,223.33,2020-12-16,active,False
ACC01361,mid_market,USD,3154.63,2022-04-14,active,False
ACC01362,smb,USD,255.91,2023-04-03,active,False
ACC01363,enterprise,EUR,22878.29,2023-04-10,active,False
ACC01364,smb,USD,129.01,2020-05-18,active,False
ACC01365,mid_market,USD,1007.38,2024-07-20,active,False
ACC01366,smb,USD,392.93,2018-08-01,active,False
ACC01367,smb,USD,178.25,2018-10-26,active,False
ACC01368,smb,USD,321.65,2018-03-05,active,False
ACC01369,smb,USD,332.72,2024-06-25,active,False
ACC01370,mid_market,USD,3402.35,2019-04-06,active,False
ACC01371,smb,USD,355.04,2022-03-18,active,False
ACC01372,mid_market,EUR,805.52,2023-09-09,active,False
ACC01373,smb,USD,164.68,2023-05-14,active,False
ACC01374,smb,USD,350.78,2024-08-22,active,False
ACC01375,smb,USD,313.65,2018-05-18,active,False
ACC01376,mid_market,GBP,2342.46,2020-11-06,active,False
ACC01377,mid_market,USD,2738.67,2021-07-17,active,False
ACC01378,mid_market,USD,156.88,2022-11-15,active,False
ACC01379,smb,USD,274.3,2022-05-11,active,False
ACC01380,smb,USD,175.5,2021-12-02,active,False
ACC01381,smb,USD,397.87,2020-02-24,active,False
ACC01382,smb,USD,104.63,2018-09-30,active,False
ACC01383,mid_market,USD,877.65,2021-01-08,active,False
ACC01384,mid_market,USD,2791.07,2019-10-26,active,False
ACC01385,mid_market,USD,243.34,2021-11-17,active,False
ACC01386,smb,USD,264.38,2023-07-31,active,False
ACC01387,smb,USD,337.11,2021-11-13,active,False
ACC01388,smb,USD,292.74,2022-01-30,active,False
ACC01389,smb,USD,348.17,2018-04-17,active,False
ACC01390,enterprise,USD,38613.74,2022-07-06,active,False
ACC01391,smb,USD,182.7,2021-01-28,active,False
ACC01392,enterprise,USD,27327.23,2018-11-13,active,False
ACC01393,mid_market,USD,319.86,2019-07-01,active,False
ACC01394,smb,USD,104.48,2023-06-19,active,False
ACC01395,mid_market,USD,3624.08,2024-06-01,active,False
ACC01396,smb,USD,315.73,2021-07-21,active,False
ACC01397,smb,USD,224.84,2024-11-01,active,False
ACC01398,mid_market,USD,1600.26,2019-04-06,active,False
ACC01399,mid_market,USD,3019.02,2020-02-05,active,False
ACC01400,mid_market,USD,199.66,2024-07-05,active,False
ACC01401,enterprise,GBP,31092.4,2019-03-24,active,False
ACC01402,smb,USD,328.86,2022-08-13,active,False
ACC01403,mid_market,USD,1178.28,2019-07-16,active,False
ACC01404,smb,USD,301.87,2020-04-26,active,False
ACC01405,smb,USD,137.93,2021-05-06,active,False
ACC01406,smb,USD,291.47,2020-07-09,active,False
ACC01407,mid_market,USD,2454.17,2024-02-14,active,False
ACC01408,enterprise,EUR,14862.38,2024-10-22,active,False
ACC01409,mid_market,USD,149.23,2021-07-02,active,False
ACC01410,enterprise,GBP,15577.56,2021-09-04,active,False
ACC01411,smb,USD,91.25,2018-05-22,active,False
ACC01412,enterprise,USD,14130.76,2019-08-22,active,False
ACC01413,smb,USD,85.65,2018-04-12,active,False
ACC01414,mid_market,USD,986.13,2023-12-30,active,False
ACC01415,smb,USD,95.54,2019-08-05,active,False
ACC01416,mid_market,USD,3002.96,2020-05-20,active,False
ACC01417,smb,USD,151.79,2023-11-25,active,False
ACC01418,mid_market,EUR,3008.92,2022-12-29,active,False
ACC01419,smb,USD,221.05,2022-05-08,active,False
ACC01420,smb,USD,179.49,2018-04-09,active,False
ACC01421,smb,USD,281.47,2021-12-09,active,False
ACC01422,smb,USD,389.42,2021-12-04,active,False
ACC01423,mid_market,USD,885.35,2020-03-26,active,False
ACC01424,smb,USD,207.86,2023-03-20,active,False
ACC01425,mid_market,EUR,3423.24,2024-07-03,active,False
ACC01426,smb,USD,250.81,2019-10-25,active,False
ACC01427,smb,USD,203.48,2020-04-26,active,False
ACC01428,enterprise,USD,37104.68,2020-04-03,active,False
ACC01429,smb,USD,225.62,2023-11-05,active,False
ACC01430,smb,USD,334.13,2018-07-18,active,False
ACC01431,mid_market,USD,3071.68,2024-04-08,active,False
ACC01432,smb,USD,351.86,2023-06-04,active,False
ACC01433,enterprise,USD,13452.66,2021-05-20,active,False
ACC01434,smb,USD,352.17,2022-01-31,active,False
ACC01435,smb,EUR,270.36,2024-04-04,active,False
ACC01436,mid_market,USD,1390.67,2023-05-22,active,False
ACC01437,mid_market,USD,1472.22,2019-12-09,active,False
ACC01438,mid_market,USD,3471.4,2018-05-09,active,False
ACC01439,mid_market,USD,201.11,2022-08-10,active,False
ACC01440,smb,USD,161.31,2019-01-08,active,False
ACC01441,smb,USD,195.33,2018-08-13,active,False
ACC01442,smb,USD,113.85,2024-11-15,active,False
ACC01443,mid_market,USD,2909.23,2021-04-26,active,False
ACC01444,mid_market,USD,245.93,2022-07-22,active,False
ACC01445,mid_market,USD,1290.04,2019-07-10,active,False
ACC01446,smb,USD,99.18,2018-09-17,active,False
ACC01447,smb,USD,98.57,2018-06-10,active,False
ACC01448,smb,USD,80.18,2020-06-24,active,False
ACC01449,mid_market,EUR,1331.74,2018-01-10,active,False
ACC01450,mid_market,USD,94.07,2020-12-09,active,False
ACC01451,mid_market,USD,290.12,2020-04-10,active,False
ACC01452,smb,USD,144.77,2021-09-08,active,True
ACC01453,enterprise,EUR,34508.89,2022-02-15,active,False
ACC01454,smb,USD,136.09,2020-02-28,active,False
ACC01455,smb,USD,156.0,2021-03-09,active,False
ACC01456,smb,USD,286.86,2018-07-19,active,False
ACC01457,enterprise,EUR,15212.29,2020-02-11,active,False
ACC01458,enterprise,GBP,31946.17,2024-11-05,active,False
ACC01459,mid_market,EUR,925.43,2024-12-08,active,False
ACC01460,mid_market,GBP,2639.16,2021-05-26,active,False
ACC01461,smb,USD,83.39,2024-07-29,active,False
ACC01462,mid_market,USD,254.04,2021-07-05,active,False
ACC01463,mid_market,EUR,2897.64,2018-11-18,active,False
ACC01464,smb,USD,301.74,2024-01-28,active,False
ACC01465,smb,USD,152.15,2020-11-27,active,False
ACC01466,enterprise,USD,30801.33,2022-04-15,active,False
ACC01467,smb,USD,271.73,2022-07-17,active,False
ACC01468,smb,USD,255.18,2020-02-27,active,False
ACC01469,smb,USD,182.04,2023-02-18,active,False
ACC01470,mid_market,USD,114.46,2021-07-05,active,False
ACC01471,enterprise,EUR,36484.24,2020-07-25,active,False
ACC01472,mid_market,USD,1845.87,2020-02-01,active,False
ACC01473,mid_market,USD,260.56,2023-03-23,active,False
ACC01474,smb,USD,114.55,2019-09-30,active,False
ACC01475,smb,USD,145.5,2018-11-14,active,False
ACC01476,smb,USD,270.34,2024-03-03,active,False
ACC01477,mid_market,USD,110.63,2020-04-28,active,False
ACC01478,mid_market,EUR,292.64,2022-06-27,active,False
ACC01479,mid_market,USD,334.14,2023-01-06,active,False
ACC01480,mid_market,USD,104.06,2023-11-13,active,False
ACC01481,mid_market,USD,239.79,2022-05-19,active,False
ACC01482,smb,USD,360.86,2022-12-15,active,False
ACC01483,smb,USD,171.06,2023-11-10,active,False
ACC01484,smb,USD,325.59,2024-08-08,active,False
ACC01485,mid_market,EUR,3690.07,2018-04-30,active,False
ACC01486,mid_market,USD,3316.37,2023-03-15,active,False
ACC01487,smb,USD,178.78,2019-03-22,active,False
ACC01488,mid_market,USD,342.06,2024-03-28,active,False
ACC01489,smb,USD,282.16,2018-05-04,active,False
ACC01490,smb,USD,81.42,2019-09-23,active,False
ACC01491,smb,GBP,340.59,2019-05-07,active,False
ACC01492,mid_market,USD,2977.09,2022-03-23,active,False
ACC01493,smb,USD,318.27,2018-01-11,active,False
ACC01494,smb,USD,222.83,2018-02-13,active,False
ACC01495,smb,USD,227.09,2021-07-12,active,False
ACC01496,smb,USD,125.79,2024-10-19,active,False
ACC01497,smb,EUR,84.96,2021-09-12,active,False
ACC01498,mid_market,USD,1995.01,2021-02-13,active,False
ACC01499,smb,USD,137.49,2022-08-09,active,False
ACC01500,smb,USD,311.29,2021-11-11,active,False
ACC01501,mid_market,USD,395.02,2020-09-10,active,False
ACC01502,mid_market,USD,285.57,2022-02-13,active,False
ACC01503,mid_market,USD,3070.36,2018-01-09,active,False
ACC01504,mid_market,EUR,1136.91,2019-09-17,active,False
ACC01505,smb,USD,169.94,2022-09-19,active,False
ACC01506,smb,USD,395.54,2020-05-23,active,False
ACC01507,smb,USD,274.43,2018-05-19,active,False
ACC01508,smb,EUR,346.25,2018-11-15,active,False
ACC01509,smb,USD,188.64,2024-01-23,active,False
ACC01510,smb,USD,173.36,2020-04-22,active,False
ACC01511,smb,USD,198.24,2018-02-27,active,False
ACC01512,mid_market,USD,193.9,2023-02-06,active,False
ACC01513,mid_market,USD,178.99,2021-09-17,active,False
ACC01514,smb,USD,199.49,2021-02-27,active,False
ACC01515,smb,USD,310.63,2024-04-06,active,False
ACC01516,enterprise,GBP,14486.24,2020-03-12,active,False
ACC01517,mid_market,USD,1772.16,2022-01-03,active,False
ACC01518,smb,USD,206.65,2023-03-19,active,False
ACC01519,smb,EUR,137.94,2022-04-05,active,False
ACC01520,smb,USD,312.04,2019-06-16,active,False
ACC01521,smb,USD,94.06,2022-10-09,active,False
ACC01522,mid_market,USD,3792.8,2023-03-16,active,False
ACC01523,mid_market,USD,283.23,2018-11-09,active,False
ACC01524,smb,USD,164.94,2019-02-27,active,False
ACC01525,mid_market,EUR,1343.66,2022-09-22,active,False
ACC01526,mid_market,USD,1797.83,2018-11-01,active,False
ACC01527,smb,GBP,148.66,2024-02-29,active,False
ACC01528,smb,USD,376.22,2018-10-08,active,False
ACC01529,smb,USD,361.37,2024-10-26,active,False
ACC01530,smb,USD,264.6,2022-09-13,active,False
ACC01531,smb,USD,312.32,2021-02-06,active,False
ACC01532,mid_market,USD,399.83,2019-11-18,active,False
ACC01533,mid_market,EUR,366.91,2020-05-30,active,False
ACC01534,smb,USD,247.29,2023-03-29,active,False
ACC01535,smb,USD,84.78,2023-04-10,active,False
ACC01536,mid_market,USD,279.61,2019-06-18,active,False
ACC01537,smb,USD,186.28,2021-10-19,active,False
ACC01538,smb,USD,283.62,2024-12-12,active,False
ACC01539,smb,USD,387.88,2019-10-20,active,False
ACC01540,smb,USD,80.41,2022-11-08,active,False
ACC01541,mid_market,USD,300.9,2019-03-17,active,False
ACC01542,smb,USD,348.63,2023-11-02,active,False
ACC01543,smb,USD,84.42,2019-03-12,active,False
ACC01544,mid_market,USD,3155.41,2020-01-31,active,False
ACC01545,smb,EUR,362.77,2021-03-19,active,False
ACC01546,enterprise,EUR,34010.15,2020-08-05,active,False
ACC01547,mid_market,USD,263.13,2019-03-11,active,False
ACC01548,mid_market,USD,206.84,2022-06-27,active,False
ACC01549,enterprise,GBP,15061.92,2018-02-20,active,False
ACC01550,smb,USD,247.92,2024-11-18,active,False
ACC01551,smb,USD,179.61,2018-05-14,active,False
ACC01552,smb,USD,134.14,2020-05-03,active,False
ACC01553,smb,USD,258.25,2024-07-04,active,False
ACC01554,mid_market,USD,3097.88,2019-02-01,active,False
ACC01555,smb,USD,244.94,2018-07-06,active,False
ACC01556,smb,USD,122.33,2023-03-17,active,False
ACC01557,smb,EUR,289.86,2018-07-07,active,False
ACC01558,mid_market,EUR,3030.31,2024-04-18,active,False
ACC01559,smb,USD,132.0,2021-02-27,active,False
ACC01560,enterprise,EUR,29347.99,2024-02-01,active,False
ACC01561,smb,USD,127.99,2019-09-19,active,False
ACC01562,smb,USD,357.99,2018-12-27,active,False
ACC01563,mid_market,USD,91.59,2024-09-26,active,False
ACC01564,mid_market,GBP,1246.42,2023-05-03,active,False
ACC01565,smb,USD,391.99,2024-05-17,active,False
ACC01566,enterprise,GBP,37970.45,2020-03-28,active,False
ACC01567,enterprise,GBP,28855.5,2020-10-31,active,False
ACC01568,smb,USD,184.6,2022-01-15,active,False
ACC01569,smb,EUR,355.4,2021-02-20,active,False
ACC01570,smb,USD,199.45,2019-09-13,active,False
ACC01571,smb,USD,184.36,2020-08-16,active,False
ACC01572,mid_market,EUR,833.62,2022-04-05,active,False
ACC01573,smb,USD,381.71,2018-04-07,active,False
ACC01574,smb,USD,224.14,2020-05-08,active,False
ACC01575,enterprise,EUR,10365.2,2020-01-19,active,False
ACC01576,mid_market,USD,108.95,2018-06-29,active,False
ACC01577,smb,USD,132.33,2018-11-10,active,False
ACC01578,smb,USD,83.53,2021-06-20,active,False
ACC01579,smb,EUR,119.62,2018-09-19,active,False
ACC01580,smb,USD,361.45,2020-05-31,active,False
ACC01581,smb,USD,234.75,2021-12-04,active,False
ACC01582,smb,USD,258.23,2024-02-12,active,False
ACC01583,smb,USD,315.36,2018-09-10,active,False
ACC01584,smb,USD,195.9,2021-01-15,active,False
ACC01585,enterprise,USD,8251.67,2018-09-21,active,False
ACC01586,mid_market,USD,182.9,2020-12-31,active,False
ACC01587,smb,USD,245.94,2021-05-13,active,False
ACC01588,smb,USD,82.71,2023-08-05,active,False
ACC01589,smb,USD,213.45,2021-02-04,active,False
ACC01590,smb,USD,232.35,2024-07-19,active,False
ACC01591,smb,USD,94.11,2018-12-18,active,False
ACC01592,smb,USD,192.43,2018-05-16,active,False
ACC01593,enterprise,EUR,23605.95,2018-01-12,active,False
ACC01594,smb,USD,181.72,2020-06-30,active,False
ACC01595,mid_market,USD,126.87,2019-05-09,active,False
ACC01596,mid_market,USD,2000.28,2018-08-23,active,False
ACC01597,smb,USD,114.48,2019-08-26,active,False
ACC01598,mid_market,GBP,3699.89,2024-10-28,active,False
ACC01599,smb,USD,365.69,2023-08-08,active,False
ACC01600,smb,USD,241.19,2018-02-17,active,False
ACC01601,enterprise,EUR,36396.35,2024-05-28,active,False
ACC01602,smb,USD,150.38,2019-06-09,active,False
ACC01603,smb,USD,108.45,2020-11-03,active,False
ACC01604,smb,USD,165.8,2020-04-17,active,False
ACC01605,smb,USD,359.37,2020-11-01,active,False
ACC01606,smb,USD,148.06,2023-04-29,active,False
ACC01607,enterprise,USD,9427.65,2022-12-27,active,False
ACC01608,smb,USD,265.54,2022-02-27,active,False
ACC01609,smb,USD,157.79,2022-05-22,active,False
ACC01610,smb,USD,383.55,2023-02-03,active,False
ACC01611,smb,USD,177.54,2019-04-16,active,False
ACC01612,smb,USD,80.14,2020-10-08,active,False
ACC01613,mid_market,USD,111.71,2018-10-03,active,False
ACC01614,mid_market,USD,281.24,2022-12-05,active,False
ACC01615,smb,USD,288.44,2021-01-23,active,False
ACC01616,smb,USD,214.8,2022-06-17,active,False
ACC01617,enterprise,EUR,30453.19,2021-12-14,active,False
ACC01618,enterprise,EUR,24369.23,2019-12-01,active,False
ACC01619,smb,USD,162.59,2018-12-21,active,False
ACC01620,smb,USD,82.97,2024-10-22,active,False
ACC01621,mid_market,USD,808.86,2020-01-20,active,False
ACC01622,enterprise,EUR,30528.92,2018-10-08,active,False
ACC01623,smb,USD,301.93,2020-02-21,active,False
ACC01624,mid_market,USD,990.21,2024-04-25,active,False
ACC01625,mid_market,EUR,3369.28,2019-10-30,active,False
ACC01626,mid_market,USD,292.16,2024-11-27,active,False
ACC01627,smb,USD,316.67,2021-03-23,active,False
ACC01628,smb,USD,316.16,2024-01-12,active,False
ACC01629,smb,USD,100.25,2022-07-28,active,False
ACC01630,smb,USD,248.83,2018-04-23,active,False
ACC01631,smb,USD,187.11,2021-07-26,active,False
ACC01632,mid_market,USD,3300.63,2020-12-01,active,False
ACC01633,smb,USD,342.67,2019-05-30,active,False
ACC01634,smb,USD,195.03,2021-11-06,active,False
ACC01635,smb,USD,175.84,2018-09-21,active,False
ACC01636,smb,USD,155.36,2022-11-20,active,False
ACC01637,mid_market,USD,180.36,2023-10-02,active,False
ACC01638,mid_market,EUR,951.58,2018-08-25,active,False
ACC01639,smb,USD,92.0,2021-05-10,active,False
ACC01640,smb,USD,332.87,2022-08-02,active,False
ACC01641,mid_market,GBP,371.25,2018-06-08,active,False
ACC01642,smb,USD,301.31,2020-09-22,active,False
ACC01643,smb,USD,364.23,2019-10-22,active,False
ACC01644,smb,USD,200.28,2018-04-11,active,False
ACC01645,enterprise,GBP,34775.69,2023-08-18,active,False
ACC01646,mid_market,GBP,1012.76,2021-02-10,active,False
ACC01647,enterprise,USD,17627.45,2023-04-06,active,False
ACC01648,smb,USD,231.4,2022-02-09,active,False
ACC01649,smb,USD,332.94,2024-02-17,active,False
ACC01650,smb,USD,302.89,2024-12-23,active,False
ACC01651,smb,USD,273.18,2022-03-19,active,False
ACC01652,smb,USD,140.13,2020-06-19,active,False
ACC01653,smb,USD,318.14,2020-12-16,active,False
ACC01654,enterprise,EUR,9482.23,2023-10-11,active,False
ACC01655,enterprise,GBP,29481.7,2020-12-26,active,False
ACC01656,mid_market,EUR,2202.2,2021-08-21,active,False
ACC01657,mid_market,GBP,1438.48,2019-05-11,active,False
ACC01658,smb,USD,364.91,2024-12-05,active,False
ACC01659,smb,USD,239.69,2022-07-22,active,False
ACC01660,mid_market,USD,1776.69,2020-04-24,active,False
ACC01661,smb,USD,350.72,2022-02-04,active,False
ACC01662,smb,USD,99.59,2020-10-22,active,False
ACC01663,smb,USD,316.64,2019-01-31,active,False
ACC01664,smb,USD,266.59,2024-02-14,active,False
ACC01665,mid_market,GBP,158.4,2024-03-13,active,False
ACC01666,smb,USD,275.51,2023-11-04,active,False
ACC01667,smb,USD,358.12,2020-07-30,active,False
ACC01668,enterprise,EUR,24252.48,2019-10-18,active,False
ACC01669,smb,USD,305.03,2018-05-08,active,False
ACC01670,smb,USD,88.5,2023-02-13,active,False
ACC01671,smb,USD,263.18,2020-04-18,active,False
ACC01672,smb,GBP,307.94,2024-03-30,active,False
ACC01673,smb,USD,190.84,2024-02-02,active,False
ACC01674,smb,USD,391.77,2018-11-24,active,False
ACC01675,smb,USD,338.33,2024-06-01,active,False
ACC01676,smb,USD,151.67,2018-12-25,active,False
ACC01677,mid_market,USD,1497.8,2021-06-07,active,False
ACC01678,smb,USD,155.49,2021-04-26,active,False
ACC01679,smb,USD,198.69,2024-09-10,active,False
ACC01680,mid_market,EUR,2041.13,2022-08-08,active,False
ACC01681,mid_market,EUR,2577.96,2024-02-16,active,False
ACC01682,enterprise,USD,14039.57,2022-03-03,active,False
ACC01683,smb,USD,273.34,2023-10-11,active,False
ACC01684,mid_market,USD,179.24,2023-12-19,active,False
ACC01685,smb,USD,327.05,2024-01-07,active,False
ACC01686,enterprise,GBP,8581.65,2020-11-18,active,False
ACC01687,smb,EUR,205.31,2020-09-03,active,False
ACC01688,smb,USD,254.31,2024-11-22,active,False
ACC01689,smb,USD,195.0,2023-04-18,active,False
ACC01690,mid_market,EUR,1644.84,2024-06-02,active,False
ACC01691,mid_market,USD,2592.56,2022-01-15,active,False
ACC01692,smb,USD,230.92,2024-07-02,active,False
ACC01693,enterprise,GBP,23529.41,2023-01-14,active,False
ACC01694,mid_market,USD,2957.26,2023-03-13,active,False
ACC01695,enterprise,GBP,34345.59,2019-03-31,active,False
ACC01696,smb,USD,141.85,2021-12-19,active,False
ACC01697,mid_market,EUR,1046.78,2023-02-13,active,False
ACC01698,enterprise,USD,33349.04,2023-04-30,active,False
ACC01699,enterprise,EUR,23937.41,2024-09-13,active,False
ACC01700,smb,GBP,155.26,2020-04-15,active,False
ACC01701,smb,USD,115.64,2020-02-13,active,False
ACC01702,mid_market,USD,312.29,2024-10-13,active,False
ACC01703,smb,USD,260.96,2024-11-25,active,False
ACC01704,mid_market,USD,2469.57,2019-04-05,active,False
ACC01705,smb,USD,298.18,2020-08-25,active,False
ACC01706,smb,USD,86.97,2024-08-20,active,False
ACC01707,smb,USD,324.3,2019-05-26,active,False
ACC01708,smb,USD,283.32,2023-06-25,active,False
ACC01709,enterprise,EUR,12581.77,2018-10-15,active,False
ACC01710,smb,USD,298.63,2019-04-01,active,False
ACC01711,smb,USD,264.41,2023-06-30,active,False
ACC01712,smb,USD,286.94,2022-04-02,active,False
ACC01713,mid_market,USD,973.35,2021-11-19,active,False
ACC01714,enterprise,EUR,36808.07,2023-12-30,active,False
ACC01715,smb,USD,376.78,2020-02-25,active,False
ACC01716,smb,USD,241.91,2021-07-10,active,False
ACC01717,smb,USD,147.18,2022-04-05,active,False
ACC01718,mid_market,USD,330.25,2023-03-07,active,False
ACC01719,mid_market,EUR,2871.0,2020-04-28,active,False
ACC01720,mid_market,USD,2421.66,2022-06-08,active,False
ACC01721,smb,USD,121.58,2021-02-20,active,False
ACC01722,smb,USD,179.1,2021-10-17,active,False
ACC01723,mid_market,GBP,2308.75,2024-01-14,active,False
ACC01724,smb,USD,85.71,2020-10-03,active,False
ACC01725,mid_market,EUR,1348.82,2022-09-04,active,False
ACC01726,mid_market,USD,215.62,2024-08-04,active,False
ACC01727,smb,USD,277.3,2023-05-03,active,False
ACC01728,mid_market,USD,1156.64,2024-12-02,active,False
ACC01729,smb,USD,216.27,2022-01-31,active,False
ACC01730,mid_market,USD,812.62,2019-12-22,active,False
ACC01731,smb,USD,170.51,2024-12-09,active,False
ACC01732,enterprise,EUR,17527.06,2022-07-06,active,False
ACC01733,smb,GBP,153.87,2019-09-10,active,False
ACC01734,mid_market,GBP,3737.49,2020-03-21,active,False
ACC01735,smb,USD,177.28,2019-11-02,active,False
ACC01736,smb,USD,396.59,2023-11-01,active,False
ACC01737,mid_market,USD,2543.3,2018-08-25,active,False
ACC01738,enterprise,USD,35130.98,2023-03-07,active,False
ACC01739,mid_market,USD,95.03,2021-11-17,active,False
ACC01740,mid_market,USD,232.25,2018-07-07,active,False
ACC01741,smb,USD,332.83,2022-04-17,active,False
ACC01742,smb,USD,199.07,2023-04-10,active,False
ACC01743,mid_market,EUR,2486.7,2023-01-30,active,False
ACC01744,mid_market,USD,2067.38,2021-09-12,active,False
ACC01745,mid_market,USD,3914.32,2020-05-07,active,False
ACC01746,mid_market,EUR,851.82,2019-02-23,active,False
ACC01747,smb,USD,160.28,2018-02-01,active,False
ACC01748,smb,USD,202.84,2020-07-08,active,False
ACC01749,smb,USD,229.74,2022-06-04,active,False
ACC01750,mid_market,USD,1554.63,2018-04-07,active,False
ACC01751,smb,USD,325.55,2024-12-27,active,False
ACC01752,smb,USD,207.25,2022-02-06,active,False
ACC01753,enterprise,USD,23487.2,2020-01-23,active,False
ACC01754,smb,USD,143.03,2024-09-25,active,False
ACC01755,smb,USD,391.73,2019-04-16,active,False
ACC01756,smb,USD,334.64,2024-09-13,active,False
ACC01757,smb,USD,163.66,2019-12-22,active,False
ACC01758,smb,USD,121.17,2020-08-28,active,False
ACC01759,smb,USD,397.92,2020-12-23,active,False
ACC01760,smb,USD,161.03,2024-12-17,active,False
ACC01761,mid_market,USD,3840.28,2019-10-04,active,False
ACC01762,smb,USD,368.14,2024-10-22,active,False
ACC01763,smb,USD,190.13,2020-06-05,active,False
ACC01764,smb,USD,291.36,2019-12-30,active,False
ACC01765,enterprise,GBP,19709.73,2022-06-20,active,False
ACC01766,enterprise,USD,13473.26,2022-11-09,active,False
ACC01767,smb,USD,328.03,2020-05-31,active,False
ACC01768,smb,USD,266.78,2018-12-09,active,False
ACC01769,smb,USD,85.53,2020-10-09,active,False
ACC01770,smb,USD,255.8,2021-10-13,active,False
ACC01771,smb,USD,132.09,2018-04-13,active,False
ACC01772,mid_market,USD,3741.34,2018-07-21,active,False
ACC01773,mid_market,USD,996.89,2024-06-04,active,False
ACC01774,mid_market,USD,2702.52,2018-04-02,active,False
ACC01775,enterprise,GBP,37006.99,2020-11-06,active,False
ACC01776,smb,USD,86.13,2023-05-07,active,False
ACC01777,smb,USD,366.75,2020-04-18,active,False
ACC01778,smb,USD,387.89,2021-06-18,active,False
ACC01779,enterprise,GBP,11502.63,2018-08-10,active,False
ACC01780,smb,USD,302.6,2023-07-24,active,False
ACC01781,smb,USD,190.29,2022-06-09,active,False
ACC01782,mid_market,USD,130.26,2023-12-17,active,False
ACC01783,smb,USD,300.77,2024-01-17,active,False
ACC01784,enterprise,GBP,24592.38,2020-06-15,active,False
ACC01785,mid_market,GBP,3761.06,2018-04-16,active,False
ACC01786,enterprise,EUR,13128.78,2020-06-04,active,False
ACC01787,smb,USD,157.8,2019-01-07,active,False
ACC01788,smb,USD,267.89,2021-09-25,active,False
ACC01789,enterprise,EUR,25804.27,2019-01-10,active,False
ACC01790,smb,USD,375.91,2024-06-14,active,False
ACC01791,smb,USD,377.01,2022-03-20,active,False
ACC01792,smb,USD,326.15,2019-10-09,active,False
ACC01793,smb,USD,206.1,2024-06-12,active,False
ACC01794,smb,USD,337.49,2023-05-22,active,False
ACC01795,smb,USD,187.6,2021-01-23,active,False
ACC01796,smb,USD,339.03,2019-01-10,active,False
ACC01797,mid_market,USD,2812.72,2020-05-28,active,False
ACC01798,mid_market,USD,1358.13,2022-02-01,active,False
ACC01799,smb,USD,183.9,2023-05-12,active,False
ACC01800,smb,USD,262.06,2019-11-01,active,False
ACC01801,mid_market,USD,215.46,2023-03-14,active,False
ACC01802,smb,USD,341.75,2019-12-24,active,False
ACC01803,smb,USD,327.58,2019-09-23,active,False
ACC01804,mid_market,USD,1636.6,2021-02-16,active,False
ACC01805,smb,USD,328.53,2019-02-16,active,False
ACC01806,smb,USD,242.95,2020-10-31,active,False
ACC01807,mid_market,USD,2179.64,2020-07-03,active,False
ACC01808,smb,USD,274.79,2019-12-17,active,False
ACC01809,smb,EUR,124.45,2023-06-06,active,False
ACC01810,mid_market,USD,1002.37,2020-04-27,active,False
ACC01811,smb,USD,277.22,2022-11-12,active,False
ACC01812,smb,USD,336.72,2023-01-16,active,False
ACC01813,smb,USD,152.89,2022-08-29,active,False
ACC01814,smb,USD,102.67,2019-11-20,active,False
ACC01815,smb,USD,313.91,2023-10-22,active,False
ACC01816,smb,USD,359.84,2019-08-28,active,False
ACC01817,mid_market,EUR,2181.93,2019-12-10,active,False
ACC01818,smb,USD,199.48,2024-02-15,active,False
ACC01819,smb,USD,383.71,2020-05-18,active,False
ACC01820,smb,USD,145.42,2022-11-17,active,False
ACC01821,smb,USD,361.53,2018-04-19,active,False
ACC01822,mid_market,USD,2669.24,2022-04-20,active,False
ACC01823,smb,USD,176.64,2024-01-30,active,False
ACC01824,smb,USD,387.06,2022-12-17,active,False
ACC01825,smb,USD,235.57,2022-01-28,active,False
ACC01826,mid_market,USD,3704.53,2023-12-11,active,False
ACC01827,smb,USD,238.92,2020-02-02,active,False
ACC01828,mid_market,EUR,1558.89,2020-08-21,active,False
ACC01829,smb,USD,353.64,2018-06-27,active,False
ACC01830,smb,USD,132.76,2022-11-21,active,False
ACC01831,smb,USD,396.78,2023-01-24,active,False
ACC01832,mid_market,USD,2835.56,2023-04-05,active,False
ACC01833,smb,USD,390.08,2023-03-29,active,False
ACC01834,mid_market,EUR,2552.9,2018-11-22,active,False
ACC01835,smb,USD,303.38,2022-08-30,active,False
ACC01836,mid_market,USD,331.56,2023-05-06,active,False
ACC01837,smb,EUR,283.79,2019-06-05,active,False
ACC01838,mid_market,USD,239.34,2021-05-02,active,False
ACC01839,smb,USD,164.91,2024-05-23,active,False
ACC01840,smb,USD,311.95,2020-11-26,active,False
ACC01841,smb,USD,341.3,2023-04-10,active,False
ACC01842,mid_market,USD,1874.23,2021-09-17,active,False
ACC01843,smb,USD,303.32,2022-08-09,active,False
ACC01844,mid_market,USD,225.92,2022-05-21,active,False
ACC01845,mid_market,USD,1222.5,2022-07-22,active,False
ACC01846,mid_market,EUR,3975.42,2023-06-16,active,False
ACC01847,smb,USD,151.4,2024-04-30,active,False
ACC01848,mid_market,USD,1743.86,2020-01-26,active,False
ACC01849,smb,USD,137.54,2024-06-30,active,False
ACC01850,mid_market,USD,1426.98,2022-05-24,active,False
ACC01851,smb,USD,173.71,2022-03-03,active,False
ACC01852,mid_market,EUR,3836.36,2020-04-17,active,False
ACC01853,enterprise,EUR,23533.09,2020-12-01,active,False
ACC01854,smb,USD,111.07,2022-07-24,active,False
ACC01855,smb,USD,239.62,2020-07-18,active,False
ACC01856,mid_market,USD,340.55,2020-01-05,active,False
ACC01857,mid_market,EUR,3033.19,2023-09-25,active,False
ACC01858,mid_market,USD,344.92,2020-11-27,active,False
ACC01859,smb,USD,233.76,2022-07-06,active,False
ACC01860,smb,GBP,359.94,2018-03-21,active,False
ACC01861,smb,USD,102.17,2018-07-17,active,False
ACC01862,mid_market,USD,328.45,2023-12-08,active,False
ACC01863,smb,USD,230.34,2018-12-30,active,False
ACC01864,smb,USD,361.07,2023-07-28,active,False
ACC01865,smb,USD,324.57,2024-04-19,active,False
ACC01866,smb,USD,125.52,2021-05-15,active,False
ACC01867,enterprise,GBP,13801.24,2024-03-10,active,False
ACC01868,smb,USD,393.82,2020-12-27,active,False
ACC01869,smb,USD,286.58,2024-08-29,active,False
ACC01870,smb,USD,345.72,2019-08-30,active,False
ACC01871,mid_market,USD,239.2,2020-12-29,active,False
ACC01872,smb,USD,276.7,2020-09-21,active,False
ACC01873,smb,USD,242.44,2023-06-28,active,False
ACC01874,mid_market,EUR,856.22,2018-04-22,active,False
ACC01875,enterprise,EUR,13550.24,2023-10-18,active,False
ACC01876,smb,USD,91.11,2018-03-01,active,False
ACC01877,smb,USD,395.72,2020-03-17,active,False
ACC01878,smb,GBP,310.35,2022-03-04,active,False
ACC01879,smb,USD,328.64,2019-01-07,active,False
ACC01880,smb,USD,246.18,2021-06-06,active,False
ACC01881,smb,USD,307.01,2024-12-23,active,False
ACC01882,mid_market,GBP,162.58,2023-10-06,active,False
ACC01883,mid_market,USD,195.61,2018-03-19,active,False
ACC01884,mid_market,USD,3108.48,2022-02-21,active,False
ACC01885,enterprise,EUR,38114.69,2022-03-07,active,False
ACC01886,smb,USD,88.85,2018-06-24,active,False
ACC01887,mid_market,EUR,3273.14,2022-07-20,active,False
ACC01888,mid_market,USD,238.98,2021-08-24,active,False
ACC01889,mid_market,EUR,2159.31,2022-10-09,active,False
ACC01890,mid_market,USD,1801.28,2020-01-31,active,False
ACC01891,smb,USD,297.94,2019-10-16,active,False
ACC01892,smb,USD,286.33,2023-02-25,active,False
ACC01893,smb,USD,348.69,2023-01-19,active,False
ACC01894,smb,USD,377.54,2019-02-18,active,False
ACC01895,mid_market,USD,139.29,2019-07-08,active,False
ACC01896,smb,USD,148.68,2022-02-07,active,False
ACC01897,smb,USD,283.43,2023-10-21,active,False
ACC01898,smb,USD,159.72,2019-05-31,active,False
ACC01899,smb,USD,336.23,2019-07-15,active,False
ACC01900,smb,USD,90.68,2023-08-27,active,False
ACC01901,mid_market,USD,215.31,2022-11-16,active,False
ACC01902,smb,USD,127.85,2024-04-25,active,False
ACC01903,mid_market,USD,363.39,2023-06-26,active,False
ACC01904,smb,USD,318.13,2024-09-02,active,False
ACC01905,smb,USD,228.79,2019-04-28,active,False
ACC01906,enterprise,EUR,16299.66,2019-11-27,active,False
ACC01907,smb,USD,396.59,2019-09-01,active,False
ACC01908,smb,USD,316.08,2018-05-22,active,False
ACC01909,smb,USD,89.67,2023-06-15,active,True
ACC01910,smb,USD,380.07,2022-08-19,active,False
ACC01911,smb,USD,247.38,2018-08-08,active,False
ACC01912,mid_market,EUR,126.91,2019-05-22,active,False
ACC01913,mid_market,USD,1386.31,2019-05-03,active,False
ACC01914,smb,USD,380.84,2020-10-26,active,False
ACC01915,smb,USD,112.58,2021-03-10,active,False
ACC01916,smb,USD,270.24,2020-01-09,active,False
ACC01917,smb,USD,256.03,2024-07-05,active,False
ACC01918,mid_market,USD,1731.09,2019-06-28,active,False
ACC01919,mid_market,USD,153.31,2021-12-07,active,False
ACC01920,mid_market,USD,204.44,2021-01-24,active,False
ACC01921,smb,USD,176.5,2020-09-17,active,False
ACC01922,smb,USD,112.46,2023-10-12,active,False
ACC01923,smb,USD,318.17,2024-11-05,active,False
ACC01924,enterprise,GBP,16480.04,2018-01-16,active,False
ACC01925,smb,USD,386.32,2021-03-31,active,False
ACC01926,enterprise,USD,13860.71,2018-11-01,active,False
ACC01927,smb,USD,170.27,2021-01-13,active,False
ACC01928,enterprise,GBP,30099.26,2022-04-27,active,False
ACC01929,mid_market,USD,2755.83,2020-11-18,active,False
ACC01930,mid_market,USD,3233.24,2020-03-01,active,False
ACC01931,smb,USD,180.13,2020-03-08,active,False
ACC01932,smb,USD,185.49,2020-02-06,active,False
ACC01933,mid_market,USD,1904.04,2020-04-12,active,False
ACC01934,smb,USD,119.04,2020-08-13,active,False
ACC01935,enterprise,GBP,32814.58,2022-10-25,active,False
ACC01936,smb,USD,158.15,2018-09-03,active,False
ACC01937,smb,USD,148.62,2018-04-15,active,False
ACC01938,mid_market,GBP,3061.27,2021-08-13,active,False
ACC01939,smb,USD,335.77,2022-10-09,active,False
ACC01940,smb,USD,224.85,2019-10-24,active,False
ACC01941,mid_market,USD,2741.22,2019-05-30,active,False
ACC01942,smb,USD,366.71,2022-05-16,active,False
ACC01943,smb,USD,281.85,2020-09-09,active,False
ACC01944,mid_market,EUR,2959.35,2023-02-25,active,False
ACC01945,smb,USD,205.13,2019-01-10,active,False
ACC01946,smb,USD,176.0,2018-11-06,active,False
ACC01947,mid_market,USD,254.67,2021-11-13,active,False
ACC01948,mid_market,USD,90.63,2020-09-30,active,False
ACC01949,mid_market,USD,3024.03,2023-02-08,active,False
ACC01950,smb,EUR,225.5,2021-07-17,active,False
ACC01951,smb,USD,341.79,2020-06-25,active,False
ACC01952,smb,USD,398.6,2019-02-13,active,False
ACC01953,mid_market,USD,154.44,2019-02-22,active,False
ACC01954,smb,USD,187.32,2023-04-16,active,False
ACC01955,smb,USD,113.86,2019-08-02,active,False
ACC01956,smb,USD,325.55,2021-07-08,active,False
ACC01957,smb,USD,366.4,2023-09-23,active,False
ACC01958,enterprise,USD,24672.19,2024-04-13,active,False
ACC01959,mid_market,USD,200.76,2019-11-16,active,False
ACC01960,mid_market,USD,1733.23,2018-10-08,active,False
ACC01961,smb,USD,358.42,2023-06-04,active,False
ACC01962,smb,USD,298.73,2022-10-23,active,False
ACC01963,smb,EUR,175.74,2020-04-26,active,False
ACC01964,mid_market,USD,87.28,2022-02-26,active,False
ACC01965,smb,USD,131.8,2019-04-28,active,False
ACC01966,smb,USD,208.96,2022-11-26,active,False
ACC01967,mid_market,USD,1585.06,2023-02-03,active,False
ACC01968,mid_market,USD,296.81,2020-02-05,active,False
ACC01969,smb,USD,339.03,2021-04-12,active,False
ACC01970,enterprise,GBP,30731.81,2020-05-03,active,False
ACC01971,smb,USD,290.25,2018-03-21,active,False
ACC01972,smb,USD,378.15,2018-11-22,active,False
ACC01973,mid_market,EUR,216.55,2024-09-19,active,False
ACC01974,smb,USD,336.9,2021-03-11,active,False
ACC01975,mid_market,USD,2486.45,2019-01-13,active,False
ACC01976,smb,USD,309.51,2018-04-24,active,False
ACC01977,smb,USD,174.61,2020-06-22,active,False
ACC01978,smb,USD,258.5,2024-11-17,active,False
ACC01979,enterprise,GBP,36671.3,2020-09-10,active,False
ACC01980,smb,USD,162.51,2024-12-29,active,False
ACC01981,smb,USD,311.99,2021-06-04,active,False
ACC01982,enterprise,EUR,20448.97,2023-05-07,active,False
ACC01983,smb,USD,331.24,2023-07-01,active,False
ACC01984,smb,USD,200.6,2018-03-13,active,False
ACC01985,smb,USD,291.1,2018-01-16,active,False
ACC01986,mid_market,GBP,2318.12,2024-06-15,active,False
ACC01987,mid_market,USD,3799.17,2024-07-11,active,False
ACC01988,smb,EUR,387.45,2018-12-05,active,False
ACC01989,smb,USD,227.97,2022-07-10,active,False
ACC01990,mid_market,USD,2027.01,2024-06-19,active,False
ACC01991,enterprise,GBP,19633.74,2024-08-26,active,False
ACC01992,smb,USD,375.36,2020-01-28,active,False
ACC01993,smb,EUR,383.26,2023-09-21,active,False
ACC01994,smb,USD,237.4,2022-07-11,active,False
ACC01995,enterprise,GBP,14981.73,2024-06-29,active,False
ACC01996,mid_market,USD,388.22,2019-01-11,active,False
ACC01997,mid_market,EUR,2516.17,2022-03-17,active,False
ACC01998,mid_market,USD,2442.37,2018-03-04,active,False
ACC01999,mid_market,GBP,2729.25,2020-07-02,active,False
ACC02000,smb,USD,256.35,2018-01-30,active,False
ACC02001,smb,USD,372.11,2021-02-06,active,False
ACC02002,smb,USD,274.58,2023-09-05,active,False
ACC02003,smb,USD,224.35,2022-08-09,active,False
ACC02004,smb,USD,250.07,2020-03-20,active,False
ACC02005,smb,USD,188.11,2020-12-27,active,False
ACC02006,smb,USD,128.33,2020-07-28,active,False
ACC02007,smb,USD,307.67,2023-02-14,active,False
ACC02008,smb,USD,117.75,2019-11-12,active,False
ACC02009,smb,GBP,163.17,2018-08-23,active,False
ACC02010,smb,USD,274.94,2021-07-19,active,False
ACC02011,smb,USD,259.49,2023-10-23,active,False
ACC02012,mid_market,USD,3510.57,2021-05-04,active,False
ACC02013,mid_market,EUR,1918.99,2019-06-06,active,False
ACC02014,mid_market,USD,253.77,2018-04-28,active,False
ACC02015,mid_market,GBP,3369.04,2024-08-09,active,False
ACC02016,smb,USD,361.37,2023-04-29,active,False
ACC02017,smb,EUR,317.49,2019-02-02,active,False
ACC02018,mid_market,USD,338.36,2018-07-08,active,False
ACC02019,smb,USD,188.42,2018-11-27,active,False
ACC02020,smb,USD,260.98,2020-08-20,active,False
ACC02021,mid_market,EUR,2944.36,2023-09-07,active,False
ACC02022,smb,USD,392.01,2019-02-13,active,False
ACC02023,mid_market,USD,2453.62,2023-09-24,active,False
ACC02024,mid_market,USD,123.63,2018-01-05,active,False
ACC02025,enterprise,GBP,21785.57,2023-03-04,active,False
ACC02026,smb,USD,388.83,2019-12-23,active,False
ACC02027,smb,USD,157.6,2024-09-21,active,False
ACC02028,enterprise,GBP,8653.5,2021-05-01,active,False
ACC02029,smb,USD,237.96,2019-11-23,active,False
ACC02030,mid_market,USD,200.88,2019-09-13,active,False
ACC02031,mid_market,USD,398.42,2023-10-14,active,False
ACC02032,mid_market,USD,356.22,2020-10-27,active,False
ACC02033,smb,USD,245.91,2020-06-18,active,False
ACC02034,smb,USD,256.92,2023-02-24,active,False
ACC02035,mid_market,EUR,3886.91,2021-10-05,active,False
ACC02036,mid_market,USD,3163.62,2022-08-24,active,False
ACC02037,mid_market,USD,275.5,2021-02-12,active,False
ACC02038,smb,USD,363.68,2018-06-13,active,False
ACC02039,smb,USD,198.32,2018-01-15,active,False
ACC02040,smb,USD,122.69,2018-04-10,active,False
ACC02041,mid_market,USD,359.03,2022-01-08,active,False
ACC02042,mid_market,USD,1815.34,2021-08-05,active,False
ACC02043,smb,USD,148.99,2023-03-26,active,False
ACC02044,mid_market,USD,379.49,2024-04-05,active,False
ACC02045,smb,USD,212.68,2019-03-23,active,False
ACC02046,smb,USD,153.68,2024-09-12,active,False
ACC02047,enterprise,EUR,15099.05,2024-07-09,active,False
ACC02048,smb,USD,367.52,2022-04-24,active,False
ACC02049,mid_market,USD,2137.05,2021-09-17,active,False
ACC02050,enterprise,EUR,38851.7,2019-03-28,active,False
ACC02051,enterprise,USD,35900.01,2019-04-01,active,False
ACC02052,smb,USD,386.08,2018-02-17,active,False
ACC02053,mid_market,USD,1065.2,2022-07-10,active,False
ACC02054,smb,USD,152.92,2021-01-12,active,False
ACC02055,smb,USD,290.34,2019-05-06,active,False
ACC02056,smb,USD,141.92,2018-12-09,active,False
ACC02057,enterprise,GBP,17962.59,2018-06-12,active,False
ACC02058,smb,GBP,314.17,2022-06-27,active,False
ACC02059,smb,USD,357.48,2022-10-18,active,False
ACC02060,smb,USD,256.88,2022-06-03,active,False
ACC02061,enterprise,USD,29699.58,2018-10-10,active,False
ACC02062,mid_market,USD,937.86,2018-04-16,active,False
ACC02063,mid_market,EUR,965.99,2018-09-29,active,False
ACC02064,smb,USD,130.15,2023-04-06,active,False
ACC02065,mid_market,USD,3549.09,2023-03-07,active,False
ACC02066,smb,USD,293.49,2020-01-24,active,False
ACC02067,mid_market,USD,357.61,2018-05-22,active,False
ACC02068,mid_market,USD,3359.32,2020-03-28,active,False
ACC02069,mid_market,USD,217.17,2023-09-01,active,False
ACC02070,smb,USD,203.38,2019-01-02,active,False
ACC02071,mid_market,USD,114.18,2023-07-28,active,False
ACC02072,mid_market,USD,288.63,2021-03-30,active,False
ACC02073,smb,USD,133.07,2018-12-28,active,False
ACC02074,enterprise,EUR,22174.77,2024-07-15,active,False
ACC02075,mid_market,EUR,3682.45,2021-08-17,active,False
ACC02076,smb,USD,296.44,2022-09-13,active,False
ACC02077,smb,USD,385.43,2018-09-04,active,False
ACC02078,mid_market,USD,1933.73,2020-08-07,active,False
ACC02079,smb,USD,107.09,2022-06-05,active,False
ACC02080,mid_market,USD,156.96,2022-07-08,active,False
ACC02081,smb,USD,138.17,2018-06-10,active,False
ACC02082,smb,EUR,329.93,2022-03-25,active,False
ACC02083,enterprise,GBP,35575.15,2024-08-11,active,False
ACC02084,smb,USD,233.29,2023-07-03,active,False
ACC02085,smb,USD,184.6,2019-06-15,active,False
ACC02086,enterprise,EUR,30948.28,2024-05-21,active,False
ACC02087,enterprise,USD,12545.35,2022-10-12,active,False
ACC02088,mid_market,USD,119.5,2018-05-26,active,False
ACC02089,smb,USD,114.95,2018-11-24,active,False
ACC02090,mid_market,USD,124.58,2024-06-12,active,False
ACC02091,smb,USD,153.7,2019-06-20,active,False
ACC02092,mid_market,EUR,1441.13,2018-09-05,active,False
ACC02093,enterprise,USD,36987.63,2021-02-26,active,False
ACC02094,mid_market,EUR,1391.42,2021-09-05,active,False
ACC02095,smb,USD,140.34,2022-01-04,active,False
ACC02096,mid_market,EUR,1600.03,2022-08-12,active,False
ACC02097,smb,USD,344.85,2024-12-28,active,False
ACC02098,mid_market,USD,828.6,2023-04-25,active,False
ACC02099,mid_market,EUR,3128.84,2018-03-08,active,False
ACC02100,smb,USD,102.98,2018-08-15,active,False
ACC02101,smb,USD,337.47,2018-01-01,active,False
ACC02102,enterprise,GBP,26575.06,2020-10-07,active,False
ACC02103,smb,USD,216.13,2020-06-14,active,False
ACC02104,smb,USD,374.66,2024-07-14,active,False
ACC02105,smb,USD,152.73,2020-07-24,active,False
ACC02106,smb,USD,278.12,2018-03-20,active,False
ACC02107,enterprise,GBP,10111.21,2024-03-09,active,False
ACC02108,smb,USD,380.82,2019-10-28,active,False
ACC02109,smb,USD,150.61,2024-05-21,active,False
ACC02110,smb,USD,210.6,2023-06-03,active,False
ACC02111,smb,USD,291.45,2024-02-29,active,False
ACC02112,smb,USD,287.27,2023-09-27,active,False
ACC02113,mid_market,USD,853.35,2019-01-01,active,False
ACC02114,smb,USD,132.98,2022-05-20,active,False
ACC02115,smb,USD,315.35,2020-11-19,active,False
ACC02116,smb,USD,293.82,2022-05-27,active,False
ACC02117,mid_market,USD,1178.59,2023-03-22,active,False
ACC02118,mid_market,USD,242.69,2021-07-04,active,False
ACC02119,smb,USD,339.82,2020-03-10,active,False
ACC02120,smb,USD,277.18,2024-05-31,active,False
ACC02121,smb,USD,179.97,2022-08-23,active,False
ACC02122,mid_market,USD,1299.03,2024-03-13,active,False
ACC02123,mid_market,USD,3639.08,2019-08-30,active,False
ACC02124,smb,USD,247.47,2023-11-13,active,False
ACC02125,mid_market,EUR,1988.79,2020-04-06,active,False
ACC02126,smb,USD,104.54,2021-03-23,active,False
ACC02127,enterprise,EUR,11088.61,2024-01-09,active,False
ACC02128,smb,USD,173.87,2020-06-25,active,False
ACC02129,mid_market,EUR,2957.13,2019-10-03,active,False
ACC02130,smb,USD,99.76,2024-05-29,active,False
ACC02131,smb,GBP,97.41,2024-09-30,active,False
ACC02132,enterprise,GBP,31688.61,2020-03-06,active,False
ACC02133,mid_market,USD,2204.34,2020-02-22,active,False
ACC02134,enterprise,GBP,31675.45,2019-08-05,active,False
ACC02135,mid_market,USD,333.64,2018-03-02,active,False
ACC02136,smb,USD,240.17,2021-11-14,active,False
ACC02137,smb,USD,342.94,2019-10-14,active,False
ACC02138,smb,USD,155.79,2023-12-11,active,False
ACC02139,smb,USD,160.07,2019-03-14,active,False
ACC02140,mid_market,USD,2280.03,2022-06-12,active,False
ACC02141,enterprise,GBP,15682.88,2021-07-19,active,False
ACC02142,enterprise,USD,23173.93,2022-04-14,active,False
ACC02143,smb,USD,153.39,2018-10-16,active,False
ACC02144,mid_market,USD,236.04,2021-04-07,active,False
ACC02145,smb,USD,259.4,2022-05-20,active,False
ACC02146,enterprise,GBP,25399.28,2020-05-21,active,False
ACC02147,smb,USD,99.83,2024-02-15,active,False
ACC02148,smb,USD,259.59,2021-09-15,active,False
ACC02149,smb,USD,95.89,2020-07-15,active,False
ACC02150,smb,USD,182.11,2018-03-20,active,False
ACC02151,mid_market,USD,3866.9,2019-03-07,active,False
ACC02152,smb,USD,100.01,2021-05-03,active,False
ACC02153,enterprise,EUR,12302.14,2020-10-19,active,False
ACC02154,mid_market,USD,210.38,2024-02-06,active,False
ACC02155,enterprise,EUR,10935.26,2023-07-02,active,False
ACC02156,smb,USD,240.54,2019-02-11,active,False
ACC02157,smb,USD,356.08,2022-02-20,active,False
ACC02158,smb,USD,387.64,2021-03-07,active,False
ACC02159,smb,USD,218.91,2018-09-16,active,False
ACC02160,enterprise,USD,34715.29,2022-08-30,active,False
ACC02161,mid_market,USD,1323.36,2021-10-05,active,False
ACC02162,smb,USD,236.61,2018-08-12,active,False
ACC02163,smb,USD,313.37,2021-04-11,active,False
ACC02164,smb,USD,315.1,2023-02-14,active,False
ACC02165,smb,USD,240.06,2020-04-16,active,False
ACC02166,mid_market,GBP,3869.33,2020-07-01,active,False
ACC02167,smb,USD,328.1,2018-10-09,active,False
ACC02168,smb,USD,163.12,2019-06-07,active,False
ACC02169,smb,USD,83.46,2024-11-12,active,False
ACC02170,smb,USD,209.19,2022-05-06,active,False
ACC02171,smb,USD,259.48,2019-03-26,active,False
ACC02172,smb,USD,113.54,2021-05-18,active,False
ACC02173,smb,USD,191.59,2019-05-08,active,False
ACC02174,smb,USD,301.59,2021-02-05,active,False
ACC02175,mid_market,USD,1924.49,2019-01-08,active,False
ACC02176,smb,USD,243.79,2022-05-01,active,False
ACC02177,enterprise,GBP,12780.48,2021-12-28,active,False
ACC02178,smb,USD,301.45,2022-06-08,active,False
ACC02179,mid_market,USD,345.59,2021-02-08,active,False
ACC02180,smb,EUR,274.44,2020-01-01,active,False
ACC02181,mid_market,GBP,2121.8,2019-09-30,active,False
ACC02182,enterprise,EUR,11399.97,2019-07-04,active,False
ACC02183,mid_market,USD,158.24,2021-01-02,active,False
ACC02184,smb,USD,242.46,2021-02-27,active,False
ACC02185,smb,USD,276.1,2022-09-18,active,False
ACC02186,mid_market,USD,184.39,2018-05-15,active,False
ACC02187,smb,USD,302.93,2019-12-22,active,False
ACC02188,mid_market,USD,3155.52,2023-12-20,active,False
ACC02189,enterprise,USD,21611.59,2024-05-28,active,False
ACC02190,mid_market,EUR,97.16,2024-07-07,active,False
ACC02191,smb,USD,92.93,2020-02-23,active,False
ACC02192,smb,USD,228.01,2018-12-17,active,False
ACC02193,smb,USD,246.0,2019-05-22,active,False
ACC02194,smb,USD,144.13,2018-12-04,active,False
ACC02195,smb,USD,344.09,2024-09-05,active,False
ACC02196,smb,USD,362.44,2024-03-07,active,False
ACC02197,smb,USD,280.81,2023-09-03,active,False
ACC02198,enterprise,GBP,13494.27,2023-02-09,active,False
ACC02199,smb,USD,282.09,2020-05-27,active,False
ACC02200,mid_market,EUR,1346.22,2021-04-30,active,False
ACC02201,smb,USD,121.23,2023-11-21,active,False
ACC02202,smb,EUR,100.06,2023-09-13,active,False
ACC02203,enterprise,USD,36741.0,2021-08-19,active,False
ACC02204,smb,USD,271.05,2023-11-11,active,False
ACC02205,smb,USD,287.6,2020-06-05,active,False
ACC02206,enterprise,USD,22683.82,2020-11-22,active,False
ACC02207,mid_market,USD,186.77,2023-11-17,active,False
ACC02208,smb,USD,124.87,2020-08-20,active,False
ACC02209,mid_market,EUR,1338.5,2023-04-07,active,False
ACC02210,smb,USD,187.81,2021-03-04,active,False
ACC02211,smb,USD,304.82,2020-02-01,active,False
ACC02212,mid_market,USD,358.75,2019-07-14,active,False
ACC02213,smb,USD,348.32,2022-03-31,active,False
ACC02214,mid_market,EUR,1275.62,2021-05-11,active,False
ACC02215,enterprise,GBP,33170.76,2020-08-02,active,False
ACC02216,smb,USD,132.87,2023-03-15,active,False
ACC02217,smb,USD,276.59,2018-01-03,active,False
ACC02218,enterprise,EUR,29627.5,2018-08-24,active,False
ACC02219,enterprise,EUR,24411.05,2024-09-24,active,False
ACC02220,smb,USD,129.66,2022-08-23,active,False
ACC02221,smb,USD,342.28,2021-11-05,active,False
ACC02222,enterprise,EUR,38308.51,2018-02-07,active,False
ACC02223,smb,USD,326.0,2022-03-10,active,False
ACC02224,mid_market,USD,340.95,2021-01-16,active,False
ACC02225,smb,EUR,310.96,2022-03-14,active,False
ACC02226,smb,USD,288.33,2018-04-15,active,False
ACC02227,mid_market,USD,104.71,2021-11-08,active,False
ACC02228,smb,USD,347.13,2022-01-17,active,False
ACC02229,mid_market,USD,1037.28,2020-01-12,active,False
ACC02230,mid_market,EUR,1223.07,2018-05-20,active,False
ACC02231,smb,USD,310.74,2024-10-19,active,False
ACC02232,mid_market,EUR,2446.31,2022-12-19,active,False
ACC02233,smb,USD,187.8,2022-05-08,active,False
ACC02234,smb,USD,321.67,2023-05-15,active,False
ACC02235,smb,USD,182.8,2022-09-11,active,False
ACC02236,smb,USD,165.69,2018-12-10,active,False
ACC02237,smb,USD,169.94,2021-03-08,active,False
ACC02238,smb,USD,332.29,2024-03-21,active,False
ACC02239,mid_market,USD,3008.5,2020-01-06,active,False
ACC02240,smb,USD,347.99,2024-10-20,active,False
ACC02241,smb,EUR,197.53,2018-06-14,active,False
ACC02242,smb,USD,319.89,2020-04-25,active,False
ACC02243,smb,USD,151.35,2020-06-14,active,False
ACC02244,smb,USD,367.41,2022-04-28,active,False
ACC02245,mid_market,USD,237.68,2019-03-27,active,False
ACC02246,smb,USD,288.88,2019-08-09,active,False
ACC02247,smb,USD,359.58,2022-08-20,active,False
ACC02248,smb,USD,218.33,2019-12-29,active,False
ACC02249,smb,USD,341.08,2024-02-25,active,False
ACC02250,smb,USD,207.68,2024-02-03,active,False
ACC02251,mid_market,USD,924.44,2020-02-13,active,False
ACC02252,enterprise,USD,9725.39,2021-12-02,active,False
ACC02253,mid_market,USD,1289.19,2020-04-30,active,False
ACC02254,mid_market,EUR,3354.11,2020-05-31,active,False
ACC02255,smb,USD,279.62,2022-09-10,active,False
ACC02256,smb,USD,119.66,2020-01-20,active,False
ACC02257,mid_market,USD,169.61,2019-01-17,active,False
ACC02258,mid_market,USD,385.51,2019-10-25,active,False
ACC02259,smb,USD,154.62,2024-07-03,active,False
ACC02260,smb,USD,113.31,2019-10-25,active,False
ACC02261,smb,USD,89.02,2020-07-18,active,False
ACC02262,smb,USD,302.38,2022-05-27,active,False
ACC02263,enterprise,EUR,8510.16,2018-09-16,active,False
ACC02264,smb,GBP,250.68,2019-11-18,active,False
ACC02265,mid_market,USD,2460.32,2019-03-23,active,False
ACC02266,smb,USD,230.48,2024-06-20,active,False
ACC02267,smb,USD,363.4,2024-07-12,active,False
ACC02268,mid_market,USD,235.83,2023-04-16,active,False
ACC02269,smb,USD,355.14,2019-09-24,active,False
ACC02270,smb,USD,166.82,2022-04-25,active,False
ACC02271,smb,GBP,267.01,2022-08-20,active,False
ACC02272,smb,USD,164.97,2024-02-01,active,False
ACC02273,smb,USD,395.54,2019-02-04,active,False
ACC02274,mid_market,USD,153.64,2023-02-25,active,False
ACC02275,mid_market,USD,2095.23,2019-05-12,active,False
ACC02276,smb,USD,355.49,2021-12-24,active,False
ACC02277,smb,USD,367.51,2024-02-26,active,False
ACC02278,smb,USD,104.26,2018-06-08,active,False
ACC02279,smb,USD,326.7,2019-01-14,active,False
ACC02280,mid_market,USD,2648.55,2023-09-10,active,False
ACC02281,mid_market,USD,990.39,2018-02-17,active,False
ACC02282,smb,USD,113.78,2022-10-18,active,False
ACC02283,smb,USD,239.63,2021-07-05,active,False
ACC02284,smb,USD,332.75,2020-06-04,active,False
ACC02285,smb,USD,349.49,2024-01-15,active,False
ACC02286,smb,USD,216.92,2023-12-10,active,False
ACC02287,enterprise,GBP,19623.02,2020-04-13,active,False
ACC02288,enterprise,GBP,26855.87,2018-01-12,active,False
ACC02289,mid_market,USD,1684.5,2018-11-24,active,False
ACC02290,smb,USD,122.76,2018-10-02,active,False
ACC02291,mid_market,USD,264.46,2024-11-15,active,False
ACC02292,enterprise,USD,30512.88,2022-03-06,active,False
ACC02293,smb,USD,145.31,2022-09-26,active,False
ACC02294,mid_market,GBP,3102.87,2019-08-14,active,False
ACC02295,smb,USD,351.64,2023-12-15,active,False
ACC02296,smb,USD,221.27,2023-01-22,active,False
ACC02297,smb,USD,129.08,2023-04-07,active,False
ACC02298,smb,USD,225.91,2021-04-11,active,False
ACC02299,smb,USD,221.47,2022-11-20,active,False
ACC02300,smb,USD,346.41,2021-10-22,active,False
ACC02301,mid_market,GBP,1832.08,2020-09-09,active,False
ACC02302,enterprise,GBP,33793.63,2022-02-28,active,False
ACC02303,mid_market,USD,1869.31,2020-04-09,active,False
ACC02304,mid_market,USD,292.6,2024-09-01,active,False
ACC02305,smb,USD,238.35,2023-01-07,active,False
ACC02306,smb,USD,186.66,2023-03-04,active,False
ACC02307,mid_market,USD,3570.03,2023-01-06,active,False
ACC02308,mid_market,GBP,3284.34,2021-02-19,active,False
ACC02309,smb,USD,116.05,2024-08-26,active,False
ACC02310,smb,USD,215.28,2019-06-16,active,False
ACC02311,smb,USD,368.33,2021-12-24,active,False
ACC02312,enterprise,GBP,21335.34,2018-06-27,active,False
ACC02313,mid_market,USD,2018.12,2020-01-24,active,False
ACC02314,smb,USD,308.42,2022-01-08,active,False
ACC02315,mid_market,USD,3516.27,2021-06-05,active,False
ACC02316,smb,USD,163.98,2024-08-02,active,False
ACC02317,mid_market,GBP,140.87,2022-04-18,active,False
ACC02318,mid_market,USD,284.29,2020-11-17,active,False
ACC02319,smb,USD,109.39,2020-12-26,active,False
ACC02320,mid_market,USD,1053.32,2022-04-13,active,False
ACC02321,smb,USD,153.89,2023-07-16,active,False
ACC02322,smb,USD,354.4,2019-12-08,active,False
ACC02323,smb,USD,187.85,2022-02-03,active,False
ACC02324,mid_market,USD,1717.42,2022-01-08,active,False
ACC02325,smb,USD,331.8,2018-01-25,active,False
ACC02326,smb,USD,238.58,2024-05-22,active,False
ACC02327,mid_market,USD,343.12,2021-12-27,active,False
ACC02328,mid_market,USD,1469.51,2019-09-11,active,False
ACC02329,enterprise,GBP,18244.72,2022-06-08,active,False
ACC02330,mid_market,USD,296.91,2022-09-29,active,False
ACC02331,mid_market,USD,1531.03,2024-05-28,active,False
ACC02332,mid_market,USD,2358.45,2018-03-29,active,False
ACC02333,smb,USD,327.48,2020-11-23,active,False
ACC02334,smb,USD,371.85,2019-04-06,active,False
ACC02335,smb,EUR,312.91,2022-01-08,active,False
ACC02336,smb,USD,209.64,2021-07-06,active,False
ACC02337,mid_market,USD,2688.62,2021-04-29,active,False
ACC02338,mid_market,USD,2665.42,2024-11-15,active,False
ACC02339,mid_market,USD,1884.57,2021-09-20,active,False
ACC02340,smb,USD,215.02,2020-11-16,active,False
ACC02341,smb,USD,260.12,2018-06-22,active,False
ACC02342,smb,USD,148.2,2020-01-11,active,False
ACC02343,mid_market,USD,187.08,2024-04-12,active,False
ACC02344,mid_market,USD,1266.23,2021-02-28,active,False
ACC02345,smb,GBP,327.05,2024-05-16,active,False
ACC02346,smb,USD,176.43,2021-09-23,active,False
ACC02347,smb,USD,310.79,2021-11-01,active,False
ACC02348,smb,USD,304.67,2021-01-03,active,False
ACC02349,smb,USD,226.01,2021-11-23,active,False
ACC02350,smb,USD,221.28,2018-06-20,active,False
ACC02351,smb,USD,231.94,2018-05-28,active,False
ACC02352,smb,USD,81.68,2021-05-01,active,False
ACC02353,smb,USD,174.86,2022-03-09,active,False
ACC02354,smb,EUR,242.25,2021-11-09,active,False
ACC02355,enterprise,EUR,20937.99,2021-01-01,active,False
ACC02356,mid_market,USD,3577.06,2020-01-22,active,False
ACC02357,smb,EUR,350.13,2022-12-18,active,False
ACC02358,smb,USD,143.68,2022-03-26,active,False
ACC02359,smb,USD,270.74,2018-05-01,active,False
ACC02360,mid_market,USD,1448.66,2021-03-02,active,False
ACC02361,smb,USD,143.99,2022-12-23,active,False
ACC02362,smb,USD,178.17,2023-06-28,active,False
ACC02363,smb,USD,314.27,2020-01-04,active,False
ACC02364,smb,USD,342.32,2024-06-22,active,False
ACC02365,mid_market,EUR,2047.47,2022-07-24,active,False
ACC02366,smb,USD,146.0,2021-01-23,active,False
ACC02367,smb,USD,117.84,2022-05-22,active,False
ACC02368,smb,USD,246.52,2024-02-06,active,False
ACC02369,mid_market,USD,2280.36,2019-08-03,active,False
ACC02370,mid_market,USD,276.51,2019-01-20,active,False
ACC02371,smb,USD,110.51,2021-01-30,active,False
ACC02372,mid_market,USD,3496.59,2018-08-03,active,False
ACC02373,smb,USD,179.08,2023-11-06,active,False
ACC02374,smb,USD,264.76,2024-10-16,active,False
ACC02375,smb,GBP,110.29,2022-03-28,active,False
ACC02376,smb,USD,269.61,2024-11-09,active,False
ACC02377,smb,USD,95.03,2018-06-25,active,False
ACC02378,smb,USD,225.16,2022-06-05,active,False
ACC02379,smb,USD,304.06,2021-02-06,active,False
ACC02380,mid_market,USD,3545.51,2019-12-10,active,False
ACC02381,mid_market,USD,3885.98,2020-03-07,active,False
ACC02382,enterprise,USD,34766.55,2021-10-25,active,False
ACC02383,smb,USD,343.26,2022-06-29,active,False
ACC02384,smb,USD,195.62,2019-02-24,active,False
ACC02385,smb,USD,265.39,2022-04-20,active,False
ACC02386,smb,USD,397.8,2024-06-26,active,False
ACC02387,smb,USD,212.21,2018-01-27,active,False
ACC02388,smb,USD,172.48,2024-02-24,active,False
ACC02389,smb,USD,179.2,2022-04-03,active,False
ACC02390,smb,USD,355.15,2020-05-24,active,False
ACC02391,smb,USD,278.95,2023-02-22,active,False
ACC02392,smb,USD,294.02,2022-04-29,active,False
ACC02393,smb,USD,387.03,2023-05-19,active,False
ACC02394,smb,USD,175.93,2018-07-27,active,False
ACC02395,mid_market,USD,217.41,2018-05-31,active,False
ACC02396,mid_market,USD,1021.69,2022-06-29,active,False
ACC02397,smb,USD,379.32,2020-02-16,active,False
ACC02398,smb,USD,268.85,2019-09-02,active,False
ACC02399,smb,USD,83.8,2020-12-12,active,False
ACC02400,mid_market,USD,2006.63,2023-01-28,active,False
ACC02401,smb,USD,189.31,2019-04-05,active,False
ACC02402,mid_market,USD,152.45,2024-10-23,active,False
ACC02403,smb,USD,80.5,2020-12-11,active,False
ACC02404,smb,USD,195.73,2019-01-20,active,False
ACC02405,smb,EUR,94.33,2018-07-01,active,False
ACC02406,enterprise,EUR,26490.03,2024-01-01,active,False
ACC02407,mid_market,EUR,2843.95,2018-10-17,active,False
ACC02408,mid_market,USD,282.19,2020-12-06,active,False
ACC02409,enterprise,EUR,32731.81,2022-09-06,active,False
ACC02410,enterprise,USD,30918.58,2021-08-04,active,False
ACC02411,mid_market,USD,288.73,2019-11-03,active,False
ACC02412,enterprise,USD,29413.57,2018-10-03,active,False
ACC02413,smb,USD,236.61,2022-12-24,active,False
ACC02414,smb,USD,133.3,2021-06-07,active,False
ACC02415,smb,USD,324.43,2018-05-03,active,False
ACC02416,smb,USD,304.87,2019-04-09,active,False
ACC02417,smb,USD,295.73,2021-12-09,active,False
ACC02418,smb,USD,275.46,2019-03-07,active,False
ACC02419,smb,USD,143.3,2020-09-27,active,False
ACC02420,enterprise,GBP,38856.45,2018-11-15,active,False
ACC02421,mid_market,USD,3786.36,2023-07-31,active,False
ACC02422,smb,GBP,235.58,2022-05-31,active,False
ACC02423,smb,USD,286.01,2023-06-27,active,False
ACC02424,mid_market,USD,950.69,2018-05-15,active,False
ACC02425,smb,USD,331.91,2020-08-17,active,False
ACC02426,smb,USD,331.02,2019-11-16,active,False
ACC02427,smb,USD,302.57,2022-05-11,active,False
ACC02428,enterprise,EUR,23041.52,2023-10-01,active,False
ACC02429,smb,USD,158.91,2019-08-05,active,False
ACC02430,mid_market,USD,1205.67,2023-05-22,active,False
ACC02431,smb,USD,265.67,2022-01-23,active,False
ACC02432,smb,USD,165.42,2023-10-08,active,False
ACC02433,smb,USD,248.05,2018-07-27,active,False
ACC02434,enterprise,GBP,28318.88,2024-12-07,active,False
ACC02435,mid_market,USD,372.31,2021-01-15,active,False
ACC02436,smb,USD,283.29,2019-12-17,active,False
ACC02437,mid_market,USD,2249.36,2019-04-13,active,False
ACC02438,smb,USD,326.15,2024-11-22,active,False
ACC02439,smb,USD,136.33,2024-03-07,active,False
ACC02440,smb,USD,120.38,2018-12-02,active,False
ACC02441,mid_market,USD,197.67,2021-02-11,active,False
ACC02442,smb,USD,156.51,2023-02-18,active,False
ACC02443,mid_market,USD,1513.65,2022-02-19,active,False
ACC02444,smb,USD,277.47,2019-04-29,active,False
ACC02445,mid_market,USD,3845.94,2020-07-10,active,False
ACC02446,mid_market,GBP,3479.67,2020-07-29,active,False
ACC02447,smb,USD,197.14,2020-01-09,active,False
ACC02448,smb,USD,192.47,2024-09-21,active,False
ACC02449,smb,USD,134.99,2019-06-03,active,False
ACC02450,smb,USD,92.38,2022-12-12,active,False
ACC02451,mid_market,USD,3003.32,2024-05-19,active,False
ACC02452,mid_market,USD,2434.51,2023-07-25,active,False
ACC02453,smb,USD,333.56,2023-08-06,active,False
ACC02454,smb,USD,95.54,2019-02-10,active,False
ACC02455,enterprise,EUR,26932.44,2018-12-07,active,False
ACC02456,smb,USD,269.53,2023-06-25,active,False
ACC02457,smb,EUR,180.6,2023-03-24,active,False
ACC02458,smb,USD,392.86,2023-03-12,active,False
ACC02459,smb,USD,334.69,2020-12-05,active,False
ACC02460,smb,USD,235.68,2021-08-30,active,False
ACC02461,mid_market,USD,2716.36,2018-02-09,active,True
ACC02462,smb,USD,90.57,2020-01-14,active,False
ACC02463,mid_market,USD,1896.35,2021-09-12,active,False
ACC02464,mid_market,USD,2026.3,2018-11-18,active,False
ACC02465,mid_market,GBP,1123.86,2018-11-29,active,False
ACC02466,mid_market,USD,2262.69,2018-04-26,active,False
ACC02467,enterprise,EUR,16912.21,2019-06-21,active,False
ACC02468,smb,USD,277.71,2024-12-12,active,False
ACC02469,smb,USD,209.62,2022-11-15,active,False
ACC02470,smb,USD,365.95,2024-08-20,active,False
ACC02471,smb,USD,374.41,2019-10-20,active,False
ACC02472,mid_market,USD,395.33,2022-03-11,active,False
ACC02473,smb,USD,334.34,2024-03-29,active,False
ACC02474,mid_market,USD,394.65,2020-06-18,active,False
ACC02475,mid_market,USD,317.29,2022-08-07,active,False
ACC02476,mid_market,EUR,3142.68,2022-11-06,active,False
ACC02477,smb,USD,141.04,2023-10-29,active,False
ACC02478,smb,USD,205.52,2024-10-13,active,False
ACC02479,mid_market,USD,309.2,2022-04-22,active,False
ACC02480,smb,USD,332.33,2022-01-28,active,False
ACC02481,smb,USD,124.78,2024-01-30,active,False
ACC02482,smb,USD,363.86,2022-10-16,active,False
ACC02483,smb,USD,366.6,2020-07-13,active,False
ACC02484,smb,GBP,194.94,2022-05-30,active,False
ACC02485,mid_market,EUR,2527.87,2021-11-04,active,False
ACC02486,smb,USD,156.76,2019-08-08,active,False
ACC02487,mid_market,USD,1391.91,2021-08-11,active,False
ACC02488,mid_market,USD,1254.57,2022-05-13,active,False
ACC02489,smb,USD,247.47,2024-04-29,active,False
ACC02490,smb,USD,353.58,2022-01-23,active,False
ACC02491,mid_market,USD,106.51,2019-02-26,active,False
ACC02492,smb,GBP,350.39,2024-11-29,active,False
ACC02493,smb,USD,322.02,2022-01-17,active,False
ACC02494,mid_market,USD,325.09,2020-01-04,active,False
ACC02495,mid_market,USD,2364.72,2023-04-13,active,False
ACC02496,smb,USD,321.21,2020-09-10,active,False
ACC02497,smb,USD,161.03,2020-08-03,active,False
ACC02498,smb,USD,310.59,2023-11-16,active,False
ACC02499,smb,USD,245.85,2024-01-27,active,False
ACC02500,smb,USD,327.9,2021-09-01,active,False
ACC02501,mid_market,USD,381.07,2020-08-11,active,False
ACC02502,mid_market,USD,113.23,2024-01-16,active,False
ACC02503,mid_market,USD,1036.61,2019-03-19,active,False
ACC02504,enterprise,EUR,16008.04,2023-03-25,active,False
ACC02505,enterprise,GBP,24548.12,2022-02-01,active,False
ACC02506,enterprise,USD,22440.65,2023-12-23,active,False
ACC02507,smb,USD,137.19,2020-12-10,active,False
ACC02508,smb,USD,114.66,2023-10-28,active,False
ACC02509,mid_market,USD,3801.75,2018-02-08,active,False
ACC02510,smb,USD,374.75,2023-04-23,active,False
ACC02511,smb,USD,354.24,2018-06-28,active,False
ACC02512,mid_market,USD,126.14,2022-06-30,active,False
ACC02513,mid_market,EUR,990.88,2019-05-15,active,False
ACC02514,smb,USD,342.18,2024-09-28,active,False
ACC02515,smb,USD,245.78,2023-05-21,active,False
ACC02516,smb,USD,104.02,2018-09-25,active,False
ACC02517,smb,GBP,135.93,2024-03-30,active,False
ACC02518,mid_market,USD,1554.93,2019-10-06,active,False
ACC02519,enterprise,GBP,32438.03,2021-10-26,active,False
ACC02520,enterprise,EUR,38573.54,2018-08-06,active,False
ACC02521,smb,USD,365.97,2018-09-27,active,False
ACC02522,smb,USD,205.16,2019-09-09,active,False
ACC02523,mid_market,USD,3996.7,2021-09-27,active,False
ACC02524,smb,USD,267.14,2021-10-19,active,False
ACC02525,smb,USD,168.57,2023-12-27,active,False
ACC02526,mid_market,USD,183.29,2019-02-27,active,False
ACC02527,smb,USD,290.0,2023-03-31,active,False
ACC02528,smb,USD,369.38,2018-01-16,active,False
ACC02529,smb,USD,190.31,2020-01-15,active,True
ACC02530,enterprise,EUR,14230.24,2019-03-24,active,False
ACC02531,mid_market,USD,3264.11,2018-11-13,active,False
ACC02532,smb,USD,181.88,2022-02-03,active,False
ACC02533,smb,USD,241.77,2024-04-21,active,False
ACC02534,smb,USD,311.17,2022-09-01,active,False
ACC02535,smb,USD,102.27,2023-12-24,active,False
ACC02536,mid_market,EUR,3753.08,2022-02-20,active,False
ACC02537,smb,USD,118.8,2018-05-18,active,False
ACC02538,enterprise,GBP,27343.17,2020-06-03,active,False
ACC02539,smb,USD,252.56,2023-10-07,active,False
ACC02540,mid_market,USD,241.43,2018-04-23,active,False
ACC02541,mid_market,USD,108.62,2018-09-06,active,False
ACC02542,mid_market,USD,375.32,2023-11-02,active,False
ACC02543,smb,USD,194.63,2018-06-11,active,False
ACC02544,mid_market,GBP,2043.62,2024-09-18,active,False
ACC02545,smb,USD,117.28,2023-04-23,active,False
ACC02546,smb,USD,304.1,2022-08-28,active,False
ACC02547,mid_market,USD,184.06,2021-10-02,active,False
ACC02548,enterprise,EUR,13386.93,2018-08-17,active,False
ACC02549,enterprise,GBP,10754.48,2020-11-25,active,False
ACC02550,smb,USD,305.68,2023-08-27,active,False
ACC02551,enterprise,USD,19690.34,2024-04-29,active,False
ACC02552,enterprise,USD,25811.46,2021-02-16,active,False
ACC02553,smb,GBP,217.56,2023-11-16,active,False
ACC02554,smb,GBP,120.39,2023-06-08,active,False
ACC02555,enterprise,EUR,36862.88,2018-05-28,active,False
ACC02556,smb,USD,183.55,2022-05-05,active,False
ACC02557,smb,USD,363.57,2022-04-24,active,False
ACC02558,smb,USD,281.11,2021-10-19,active,False
ACC02559,smb,USD,103.36,2023-05-28,active,False
ACC02560,smb,USD,240.09,2024-03-23,active,False
ACC02561,smb,USD,173.69,2021-11-08,active,False
ACC02562,smb,USD,238.57,2020-03-29,active,False
ACC02563,smb,USD,203.93,2024-11-17,active,False
ACC02564,smb,USD,356.99,2024-09-29,active,False
ACC02565,smb,USD,126.75,2022-10-20,active,False
ACC02566,mid_market,USD,2133.49,2022-06-26,active,False
ACC02567,mid_market,USD,2748.38,2018-09-24,active,False
ACC02568,mid_market,USD,303.33,2020-10-23,active,False
ACC02569,smb,USD,177.58,2019-05-22,active,False
ACC02570,mid_market,USD,2254.85,2021-08-09,active,False
ACC02571,mid_market,USD,3149.85,2023-10-13,active,False
ACC02572,smb,USD,282.08,2019-07-28,active,False
ACC02573,smb,USD,202.21,2024-12-22,active,False
ACC02574,smb,USD,102.9,2018-11-28,active,False
ACC02575,mid_market,USD,2052.23,2018-09-09,active,False
ACC02576,mid_market,USD,143.75,2024-10-26,active,False
ACC02577,enterprise,GBP,39928.38,2018-09-14,active,False
ACC02578,mid_market,USD,175.91,2023-02-23,active,False
ACC02579,smb,USD,106.61,2023-05-06,active,False
ACC02580,mid_market,USD,245.12,2020-04-23,active,False
ACC02581,smb,USD,184.77,2018-06-14,active,False
ACC02582,smb,USD,358.47,2020-02-28,active,False
ACC02583,smb,USD,233.7,2018-06-25,active,False
ACC02584,smb,USD,344.38,2022-09-15,active,False
ACC02585,mid_market,EUR,2030.17,2024-03-21,active,False
ACC02586,mid_market,USD,3543.55,2024-12-23,active,False
ACC02587,smb,USD,204.2,2023-08-08,active,False
ACC02588,smb,USD,210.84,2023-06-03,active,False
ACC02589,enterprise,GBP,14304.91,2024-03-03,active,False
ACC02590,smb,USD,91.71,2023-05-22,active,False
ACC02591,smb,USD,342.4,2022-07-21,active,False
ACC02592,smb,USD,305.85,2024-12-21,active,False
ACC02593,mid_market,USD,350.47,2020-04-04,active,False
ACC02594,enterprise,GBP,11838.96,2020-11-21,active,False
ACC02595,mid_market,GBP,872.1,2024-05-05,active,False
ACC02596,mid_market,USD,1349.62,2020-03-05,active,False
ACC02597,mid_market,EUR,1025.3,2020-02-03,active,False
ACC02598,mid_market,USD,229.21,2019-01-24,active,False
ACC02599,smb,GBP,168.49,2019-12-06,active,False
ACC02600,smb,USD,245.95,2022-02-26,active,False
ACC02601,mid_market,EUR,1723.49,2024-03-15,active,False
ACC02602,smb,USD,384.2,2018-12-15,active,False
ACC02603,mid_market,USD,2206.1,2022-10-07,active,False
ACC02604,smb,USD,186.4,2023-05-13,active,False
ACC02605,smb,USD,177.32,2024-04-08,active,False
ACC02606,smb,USD,377.72,2023-04-02,active,False
ACC02607,smb,USD,279.56,2019-02-03,active,False
ACC02608,smb,USD,83.99,2021-06-03,active,False
ACC02609,smb,USD,127.18,2024-08-31,active,False
ACC02610,smb,USD,289.3,2024-05-10,active,False
ACC02611,mid_market,USD,1074.03,2022-04-16,active,False
ACC02612,smb,USD,159.69,2024-09-27,active,False
ACC02613,smb,USD,126.76,2022-09-04,active,False
ACC02614,mid_market,USD,2517.92,2018-06-15,active,False
ACC02615,mid_market,EUR,3528.89,2024-05-25,active,False
ACC02616,smb,USD,281.03,2019-03-06,active,False
ACC02617,enterprise,GBP,24631.58,2020-08-31,active,False
ACC02618,mid_market,USD,2117.19,2019-09-01,active,False
ACC02619,smb,USD,186.15,2023-01-14,active,False
ACC02620,smb,USD,334.91,2018-03-18,active,False
ACC02621,smb,USD,295.9,2022-06-25,active,False
ACC02622,mid_market,EUR,2391.77,2024-01-19,active,False
ACC02623,mid_market,USD,2170.94,2023-07-07,active,False
ACC02624,mid_market,USD,3953.73,2020-02-24,active,False
ACC02625,mid_market,USD,310.84,2024-04-11,active,False
ACC02626,smb,USD,307.01,2020-07-14,active,False
ACC02627,smb,USD,101.23,2022-10-05,active,False
ACC02628,smb,USD,84.15,2021-07-19,active,False
ACC02629,mid_market,USD,3602.56,2018-06-22,active,False
ACC02630,smb,USD,240.07,2018-01-08,active,False
ACC02631,enterprise,GBP,13510.99,2019-04-14,active,False
ACC02632,smb,USD,373.54,2024-07-16,active,False
ACC02633,mid_market,GBP,2985.51,2024-09-04,active,False
ACC02634,smb,USD,390.32,2020-11-14,active,False
ACC02635,mid_market,USD,295.65,2024-10-11,active,False
ACC02636,enterprise,USD,24418.85,2018-05-07,active,False
ACC02637,smb,USD,355.28,2024-10-08,active,False
ACC02638,smb,USD,247.29,2019-08-14,active,False
ACC02639,smb,USD,249.04,2018-04-05,active,False
ACC02640,mid_market,USD,107.33,2023-04-22,active,False
ACC02641,mid_market,USD,3232.88,2020-09-04,active,False
ACC02642,smb,USD,96.74,2020-01-18,active,False
ACC02643,enterprise,GBP,30527.91,2023-04-26,active,False
ACC02644,smb,USD,179.85,2020-05-01,active,False
ACC02645,mid_market,EUR,2136.32,2023-04-09,active,False
ACC02646,mid_market,USD,226.82,2019-05-15,active,False
ACC02647,mid_market,USD,3108.45,2018-08-08,active,False
ACC02648,smb,USD,242.32,2020-04-10,active,False
ACC02649,enterprise,USD,9489.05,2022-04-07,active,False
ACC02650,enterprise,USD,35818.72,2019-07-30,active,False
ACC02651,enterprise,USD,16907.81,2019-01-01,active,False
ACC02652,enterprise,USD,31537.44,2023-03-30,active,False
ACC02653,smb,USD,381.96,2021-06-14,active,False
ACC02654,smb,USD,250.04,2021-01-07,active,False
ACC02655,smb,USD,92.94,2019-09-05,active,False
ACC02656,smb,EUR,386.06,2018-02-15,active,False
ACC02657,smb,USD,281.05,2018-05-16,active,False
ACC02658,smb,USD,255.19,2022-10-08,active,False
ACC02659,smb,USD,380.74,2018-07-24,active,False
ACC02660,smb,USD,301.92,2019-09-24,active,False
ACC02661,mid_market,USD,150.77,2024-05-17,active,False
ACC02662,mid_market,USD,2897.35,2020-05-29,active,False
ACC02663,smb,USD,399.98,2023-03-19,active,False
ACC02664,enterprise,USD,14473.76,2020-05-27,active,False
ACC02665,enterprise,USD,12941.89,2024-07-09,active,False
ACC02666,enterprise,EUR,36113.17,2023-10-02,active,False
ACC02667,mid_market,USD,2939.14,2021-04-16,active,False
ACC02668,smb,USD,182.29,2022-10-16,active,False
ACC02669,enterprise,GBP,28977.52,2020-11-22,active,False
ACC02670,smb,USD,372.53,2024-08-10,active,False
ACC02671,smb,USD,140.25,2020-07-05,active,False
ACC02672,mid_market,USD,2959.04,2023-11-08,active,False
ACC02673,enterprise,EUR,35001.11,2022-04-25,active,False
ACC02674,smb,USD,229.68,2022-07-04,active,False
ACC02675,smb,USD,228.13,2020-06-17,active,False
ACC02676,mid_market,USD,113.19,2023-10-30,active,False
ACC02677,smb,USD,207.06,2023-03-23,active,False
ACC02678,smb,USD,268.1,2023-09-15,active,False
ACC02679,enterprise,USD,15158.07,2023-08-11,active,False
ACC02680,mid_market,USD,1660.75,2019-02-07,active,False
ACC02681,mid_market,USD,3009.64,2024-02-17,active,False
ACC02682,smb,USD,107.96,2023-11-22,active,False
ACC02683,smb,USD,109.73,2019-09-13,active,False
ACC02684,smb,USD,312.39,2024-11-14,active,False
ACC02685,smb,USD,223.45,2021-09-09,active,False
ACC02686,smb,EUR,112.56,2020-04-02,active,False
ACC02687,enterprise,GBP,33604.12,2019-07-26,active,False
ACC02688,smb,USD,128.92,2020-07-21,active,False
ACC02689,smb,USD,374.98,2018-04-06,active,False
ACC02690,smb,USD,359.72,2022-11-01,active,False
ACC02691,smb,USD,227.76,2022-12-15,active,False
ACC02692,smb,USD,148.81,2022-09-03,active,False
ACC02693,smb,USD,380.32,2021-11-04,active,False
ACC02694,smb,USD,374.91,2020-07-16,active,False
ACC02695,mid_market,GBP,966.1,2023-01-25,active,False
ACC02696,smb,USD,134.98,2024-02-06,active,False
ACC02697,mid_market,USD,3966.54,2018-08-12,active,False
ACC02698,smb,USD,375.95,2020-09-05,active,False
ACC02699,smb,USD,253.54,2024-12-19,active,False
ACC02700,enterprise,USD,36781.59,2024-01-13,active,False
ACC02701,smb,USD,129.27,2024-12-16,active,False
ACC02702,mid_market,USD,138.22,2019-04-14,active,False
ACC02703,mid_market,USD,1047.97,2021-04-03,active,False
ACC02704,smb,USD,329.6,2018-11-30,active,False
ACC02705,smb,USD,330.64,2024-01-23,active,False
ACC02706,smb,USD,328.17,2021-08-19,active,False
ACC02707,smb,USD,260.69,2019-09-15,active,False
ACC02708,smb,USD,140.06,2018-08-19,active,False
ACC02709,enterprise,EUR,32026.59,2023-03-01,active,False
ACC02710,smb,USD,194.01,2023-09-07,active,False
ACC02711,enterprise,EUR,32440.92,2024-02-26,active,False
ACC02712,smb,USD,103.0,2024-10-18,active,False
ACC02713,smb,USD,151.51,2023-09-14,active,False
ACC02714,smb,USD,110.0,2023-07-03,active,False
ACC02715,enterprise,EUR,29495.7,2023-09-06,active,False
ACC02716,smb,USD,288.17,2024-12-27,active,False
ACC02717,mid_market,USD,379.18,2021-03-29,active,False
ACC02718,smb,USD,248.86,2023-04-23,active,False
ACC02719,enterprise,USD,28767.2,2023-09-27,active,False
ACC02720,smb,USD,298.67,2018-10-25,active,False
ACC02721,smb,USD,372.82,2022-11-01,active,False
ACC02722,smb,EUR,281.66,2020-05-16,active,False
ACC02723,smb,EUR,371.66,2018-12-05,active,False
ACC02724,mid_market,USD,2840.38,2019-03-12,active,False
ACC02725,smb,USD,174.46,2018-10-19,active,False
ACC02726,enterprise,EUR,23460.15,2024-04-13,active,False
ACC02727,smb,USD,155.45,2023-05-28,active,False
ACC02728,mid_market,USD,288.18,2018-09-19,active,False
ACC02729,mid_market,EUR,3992.92,2022-05-18,active,False
ACC02730,smb,USD,163.25,2022-08-16,active,False
ACC02731,smb,USD,116.21,2021-08-20,active,False
ACC02732,enterprise,GBP,30874.8,2022-03-30,active,False
ACC02733,enterprise,EUR,11092.82,2024-05-07,active,False
ACC02734,smb,USD,254.25,2021-08-19,active,True
ACC02735,mid_market,USD,3496.53,2022-08-13,active,False
ACC02736,smb,USD,218.21,2021-12-30,active,False
ACC02737,mid_market,USD,2337.35,2020-10-09,active,False
ACC02738,mid_market,USD,293.44,2024-03-27,active,False
ACC02739,smb,USD,339.22,2020-11-24,active,False
ACC02740,smb,USD,169.17,2023-08-07,active,False
ACC02741,mid_market,EUR,3011.19,2022-03-28,active,False
ACC02742,smb,USD,248.99,2022-10-17,active,False
ACC02743,smb,USD,152.89,2023-04-28,active,False
ACC02744,mid_market,USD,3347.94,2023-02-25,active,False
ACC02745,smb,USD,338.6,2021-12-13,active,False
ACC02746,mid_market,USD,1201.61,2022-04-23,active,False
ACC02747,smb,USD,349.77,2021-07-24,active,False
ACC02748,mid_market,EUR,1721.73,2020-05-16,active,False
ACC02749,mid_market,USD,159.12,2023-02-01,active,False
ACC02750,mid_market,USD,314.58,2024-02-25,active,False
ACC02751,smb,USD,149.15,2022-12-08,active,False
ACC02752,smb,USD,271.0,2023-05-28,active,False
ACC02753,smb,USD,289.12,2023-10-24,active,False
ACC02754,mid_market,USD,3891.44,2020-07-27,active,False
ACC02755,smb,USD,355.24,2018-06-09,active,False
ACC02756,smb,USD,106.93,2020-05-12,active,False
ACC02757,smb,USD,267.0,2023-04-14,active,False
ACC02758,mid_market,USD,1376.73,2023-09-16,active,False
ACC02759,smb,USD,361.79,2021-08-06,active,False
ACC02760,smb,USD,80.04,2023-06-14,active,False
ACC02761,enterprise,USD,23601.36,2018-07-10,active,False
ACC02762,smb,USD,285.85,2022-07-05,active,False
ACC02763,mid_market,USD,225.78,2022-10-02,active,False
ACC02764,mid_market,USD,154.05,2021-07-22,active,False
ACC02765,smb,USD,315.56,2023-01-06,active,False
ACC02766,mid_market,USD,1576.68,2021-06-10,active,False
ACC02767,smb,USD,264.61,2021-08-31,active,False
ACC02768,mid_market,USD,305.36,2022-03-24,active,False
ACC02769,enterprise,EUR,35344.7,2023-07-22,active,False
ACC02770,smb,USD,81.42,2019-09-28,active,False
ACC02771,mid_market,USD,162.55,2020-02-07,active,False
ACC02772,mid_market,EUR,2429.81,2020-12-06,active,False
ACC02773,smb,USD,244.12,2019-06-01,active,False
ACC02774,mid_market,USD,1131.71,2020-05-04,active,False
ACC02775,smb,USD,208.25,2020-06-15,active,False
ACC02776,smb,USD,380.36,2020-03-14,active,False
ACC02777,smb,USD,293.15,2020-11-14,active,False
ACC02778,mid_market,USD,3084.01,2021-07-14,active,False
ACC02779,smb,USD,289.89,2022-11-14,active,False
ACC02780,mid_market,USD,1377.04,2020-02-14,active,False
ACC02781,mid_market,USD,200.13,2023-12-02,active,False
ACC02782,smb,USD,178.84,2021-05-10,active,False
ACC02783,smb,EUR,173.01,2023-01-17,active,False
ACC02784,mid_market,USD,3533.94,2018-10-21,active,False
ACC02785,smb,USD,183.29,2019-03-21,active,False
ACC02786,smb,USD,106.56,2021-03-05,active,False
ACC02787,smb,USD,218.04,2020-07-25,active,False
ACC02788,smb,USD,351.33,2021-06-22,active,False
ACC02789,smb,USD,106.09,2019-02-09,active,False
ACC02790,smb,USD,250.93,2021-04-25,active,False
ACC02791,smb,USD,281.14,2022-10-22,active,False
ACC02792,smb,USD,379.72,2023-02-05,active,False
ACC02793,smb,USD,106.4,2019-09-27,active,False
ACC02794,mid_market,USD,273.89,2020-05-30,active,False
ACC02795,smb,USD,166.08,2021-09-04,active,False
ACC02796,smb,USD,318.77,2021-08-16,active,False
ACC02797,smb,EUR,192.12,2023-07-17,active,False
ACC02798,smb,USD,214.6,2020-09-24,active,False
ACC02799,smb,USD,396.81,2022-09-11,active,False
ACC02800,smb,USD,297.37,2024-03-08,active,False
ACC02801,smb,USD,281.3,2020-02-02,active,False
ACC02802,smb,USD,274.37,2023-10-05,active,False
ACC02803,smb,USD,215.15,2020-04-30,active,True
ACC02804,smb,EUR,169.15,2020-05-04,active,False
ACC02805,smb,USD,131.16,2022-07-28,active,False
ACC02806,mid_market,USD,2731.15,2022-05-09,active,False
ACC02807,mid_market,USD,283.67,2021-11-05,active,False
ACC02808,mid_market,USD,990.78,2019-08-15,active,False
ACC02809,mid_market,USD,241.37,2018-09-04,active,False
ACC02810,smb,USD,284.89,2024-05-12,active,False
ACC02811,smb,USD,330.55,2024-02-12,active,False
ACC02812,smb,USD,282.31,2024-03-16,active,False
ACC02813,smb,USD,386.2,2021-08-03,active,False
ACC02814,mid_market,USD,2874.5,2024-03-10,active,False
ACC02815,mid_market,USD,3161.05,2021-04-24,active,False
ACC02816,smb,USD,374.15,2018-07-12,active,False
ACC02817,smb,USD,145.31,2019-05-23,active,False
ACC02818,enterprise,GBP,28192.32,2019-11-28,active,False
ACC02819,mid_market,USD,180.42,2020-08-21,active,False
ACC02820,mid_market,EUR,2988.08,2024-07-28,active,False
ACC02821,smb,USD,120.48,2020-04-30,active,False
ACC02822,enterprise,GBP,13070.77,2022-04-15,active,False
ACC02823,mid_market,EUR,2582.7,2019-11-24,active,False
ACC02824,mid_market,USD,168.17,2022-07-03,active,False
ACC02825,mid_market,GBP,3110.93,2021-12-21,active,False
ACC02826,mid_market,EUR,3259.87,2019-01-20,active,False
ACC02827,smb,USD,380.7,2021-03-27,active,False
ACC02828,smb,USD,246.41,2018-09-27,active,False
ACC02829,enterprise,USD,17015.55,2024-03-22,active,False
ACC02830,smb,USD,187.13,2022-12-05,active,False
ACC02831,enterprise,GBP,38486.62,2024-08-03,active,False
ACC02832,smb,USD,111.14,2024-02-17,active,False
ACC02833,smb,USD,83.05,2019-07-15,active,False
ACC02834,smb,USD,248.21,2022-12-13,active,False
ACC02835,smb,USD,262.22,2018-09-13,active,False
ACC02836,smb,USD,183.61,2024-09-21,active,False
ACC02837,mid_market,USD,212.9,2023-07-01,active,False
ACC02838,smb,USD,123.32,2022-10-06,active,False
ACC02839,smb,USD,141.54,2024-12-17,active,False
ACC02840,smb,USD,122.72,2023-12-05,active,False
ACC02841,mid_market,EUR,1131.1,2024-01-17,active,False
ACC02842,smb,USD,165.67,2018-09-13,active,False
ACC02843,enterprise,EUR,14399.61,2018-03-02,active,False
ACC02844,smb,USD,383.45,2024-09-22,active,False
ACC02845,smb,USD,385.01,2019-10-05,active,False
ACC02846,smb,USD,258.51,2020-12-25,active,False
ACC02847,mid_market,EUR,1437.66,2018-04-21,active,False
ACC02848,smb,USD,101.7,2022-05-12,active,False
ACC02849,mid_market,EUR,2133.17,2023-09-29,active,True
ACC02850,smb,USD,167.68,2023-11-22,active,False
ACC02851,smb,USD,125.13,2022-01-26,active,False
ACC02852,smb,USD,178.5,2022-08-18,active,False
ACC02853,enterprise,USD,11005.99,2021-08-06,active,False
ACC02854,smb,USD,154.61,2021-02-14,active,False
ACC02855,smb,USD,393.41,2021-11-18,active,False
ACC02856,smb,USD,91.18,2024-07-20,active,False
ACC02857,mid_market,USD,118.18,2019-10-08,active,False
ACC02858,smb,USD,318.29,2021-04-16,active,False
ACC02859,smb,USD,126.67,2022-03-18,active,False
ACC02860,smb,USD,176.38,2021-12-28,active,False
ACC02861,mid_market,USD,3788.12,2018-03-20,active,False
ACC02862,smb,USD,244.0,2020-01-05,active,False
ACC02863,smb,USD,301.35,2022-07-10,active,False
ACC02864,enterprise,GBP,32722.22,2022-11-10,active,False
ACC02865,smb,USD,251.54,2023-02-21,active,False
ACC02866,smb,USD,303.25,2024-12-08,active,False
ACC02867,smb,USD,202.28,2022-09-17,active,False
ACC02868,smb,USD,155.58,2022-01-21,active,False
ACC02869,smb,USD,190.45,2020-04-28,active,False
ACC02870,smb,USD,292.22,2020-08-04,active,False
ACC02871,mid_market,USD,290.08,2023-10-13,active,False
ACC02872,mid_market,USD,1287.84,2021-04-13,active,False
ACC02873,enterprise,USD,24695.26,2023-01-03,active,False
ACC02874,smb,USD,207.44,2018-11-14,active,False
ACC02875,smb,USD,174.43,2018-11-24,active,False
ACC02876,smb,USD,88.05,2019-07-05,active,False
ACC02877,mid_market,EUR,110.85,2019-05-14,active,False
ACC02878,mid_market,USD,358.71,2022-04-01,active,False
ACC02879,enterprise,GBP,21954.32,2022-06-17,active,False
ACC02880,mid_market,USD,3791.95,2021-11-26,active,False
ACC02881,smb,USD,157.99,2020-01-10,active,False
ACC02882,enterprise,GBP,32980.46,2022-01-13,active,False
ACC02883,smb,GBP,180.45,2018-11-02,active,False
ACC02884,smb,EUR,189.98,2021-04-23,active,False
ACC02885,smb,USD,362.48,2019-02-01,active,False
ACC02886,smb,USD,145.8,2018-07-16,active,False
ACC02887,smb,USD,350.02,2019-02-28,active,False
ACC02888,smb,USD,352.28,2018-10-12,active,False
ACC02889,mid_market,USD,209.99,2021-05-06,active,False
ACC02890,mid_market,USD,3716.74,2021-10-27,active,False
ACC02891,smb,USD,263.77,2022-04-02,active,False
ACC02892,smb,USD,377.15,2021-01-28,active,False
ACC02893,smb,USD,154.82,2019-03-27,active,False
ACC02894,smb,USD,202.08,2018-02-23,active,False
ACC02895,mid_market,USD,3415.5,2022-12-27,active,False
ACC02896,smb,USD,216.94,2024-11-16,active,False
ACC02897,smb,USD,226.52,2019-12-20,active,False
ACC02898,mid_market,USD,1143.97,2019-06-08,active,False
ACC02899,smb,USD,272.92,2020-03-07,active,False
ACC02900,smb,USD,256.04,2019-07-02,active,False
ACC02901,smb,USD,302.53,2019-07-26,active,False
ACC02902,smb,USD,230.09,2021-06-18,active,False
ACC02903,smb,USD,185.76,2023-06-30,active,False
ACC02904,mid_market,USD,230.11,2022-12-26,active,False
ACC02905,mid_market,EUR,1120.7,2024-09-19,active,False
ACC02906,mid_market,EUR,2669.42,2020-07-02,active,False
ACC02907,smb,USD,271.83,2021-06-12,active,False
ACC02908,mid_market,USD,3073.09,2020-08-30,active,False
ACC02909,smb,USD,329.03,2018-04-18,active,False
ACC02910,smb,USD,289.25,2020-09-19,active,False
ACC02911,mid_market,USD,2385.34,2019-10-29,active,False
ACC02912,smb,USD,141.95,2021-05-08,active,False
ACC02913,mid_market,USD,359.8,2019-02-08,active,False
ACC02914,mid_market,USD,2587.37,2023-03-11,active,False
ACC02915,mid_market,USD,3783.65,2023-11-25,active,False
ACC02916,smb,USD,112.97,2024-09-21,active,False
ACC02917,mid_market,USD,2834.45,2018-08-05,active,False
ACC02918,mid_market,USD,3770.58,2018-10-28,active,False
ACC02919,smb,USD,383.57,2024-10-06,active,False
ACC02920,smb,USD,309.42,2023-12-09,active,False
ACC02921,enterprise,GBP,9139.32,2022-02-13,active,False
ACC02922,smb,USD,146.17,2020-04-01,active,False
ACC02923,smb,USD,384.98,2021-08-16,active,False
ACC02924,smb,USD,173.9,2021-10-01,active,False
ACC02925,mid_market,USD,141.53,2023-12-06,active,False
ACC02926,smb,USD,100.8,2021-09-15,active,False
ACC02927,mid_market,USD,2902.15,2018-03-12,active,False
ACC02928,mid_market,EUR,3588.97,2022-11-24,active,False
ACC02929,smb,USD,317.77,2023-06-10,active,False
ACC02930,smb,USD,199.59,2020-02-01,active,False
ACC02931,mid_market,USD,958.3,2018-10-26,active,False
ACC02932,smb,USD,166.76,2018-12-30,active,False
ACC02933,mid_market,USD,3789.11,2023-11-20,active,False
ACC02934,mid_market,USD,2403.75,2021-02-17,active,False
ACC02935,mid_market,GBP,2613.26,2021-09-14,active,False
ACC02936,mid_market,USD,377.53,2024-09-21,active,False
ACC02937,smb,USD,137.44,2018-06-06,active,False
ACC02938,smb,USD,216.74,2019-06-11,active,False
ACC02939,smb,USD,93.44,2023-10-31,active,False
ACC02940,mid_market,USD,3074.17,2021-10-12,active,False
ACC02941,enterprise,GBP,12664.42,2018-03-11,active,False
ACC02942,smb,USD,378.38,2022-12-02,active,False
ACC02943,smb,USD,92.18,2018-12-20,active,False
ACC02944,enterprise,USD,33134.1,2023-06-23,active,False
ACC02945,smb,USD,260.93,2023-08-02,active,False
ACC02946,enterprise,GBP,15715.13,2023-10-09,active,False
ACC02947,mid_market,USD,2764.18,2021-04-03,active,False
ACC02948,mid_market,EUR,1648.8,2019-11-16,active,False
ACC02949,smb,USD,128.76,2024-03-02,active,False
ACC02950,smb,USD,368.48,2021-11-29,active,False
ACC02951,smb,USD,87.79,2022-06-13,active,False
ACC02952,smb,USD,196.0,2018-12-15,active,False
ACC02953,smb,USD,335.95,2022-05-13,active,False
ACC02954,enterprise,USD,28810.46,2022-01-22,active,False
ACC02955,mid_market,USD,1133.66,2020-01-17,active,False
ACC02956,smb,USD,181.97,2023-05-15,active,False
ACC02957,smb,USD,374.09,2018-12-08,active,False
ACC02958,mid_market,USD,183.15,2023-01-13,active,False
ACC02959,mid_market,USD,3656.96,2024-09-22,active,False
ACC02960,mid_market,USD,306.48,2021-12-20,active,False
ACC02961,mid_market,USD,168.86,2018-09-25,active,False
ACC02962,enterprise,USD,27994.48,2021-11-15,active,False
ACC02963,mid_market,USD,1664.64,2021-09-14,active,False
ACC02964,mid_market,USD,3329.14,2021-11-12,active,False
ACC02965,smb,USD,157.54,2019-11-28,active,False
ACC02966,smb,USD,331.48,2022-05-20,active,False
ACC02967,smb,EUR,127.23,2019-11-07,active,False
ACC02968,mid_market,EUR,3248.32,2021-11-26,active,False
ACC02969,mid_market,USD,180.18,2022-02-28,active,False
ACC02970,smb,USD,242.42,2022-07-09,active,False
ACC02971,smb,USD,172.74,2023-08-02,active,False
ACC02972,enterprise,GBP,12895.0,2024-03-05,active,False
ACC02973,smb,USD,241.22,2023-06-10,active,False
ACC02974,mid_market,USD,170.75,2023-07-28,active,True
ACC02975,smb,USD,258.11,2024-01-30,active,False
ACC02976,smb,USD,137.38,2019-09-12,active,False
ACC02977,smb,USD,383.67,2020-01-19,active,True
ACC02978,mid_market,USD,2830.98,2021-09-24,active,False
ACC02979,smb,USD,104.64,2021-04-05,active,False
ACC02980,smb,USD,256.44,2022-11-30,active,False
ACC02981,smb,USD,231.57,2018-01-24,active,False
ACC02982,smb,USD,397.5,2018-12-22,active,False
ACC02983,smb,USD,183.5,2023-03-24,active,False
ACC02984,smb,USD,324.25,2023-10-02,active,False
ACC02985,smb,USD,296.56,2020-02-12,active,False
ACC02986,smb,USD,274.5,2020-03-05,active,False
ACC02987,mid_market,EUR,2444.99,2021-12-06,active,False
ACC02988,mid_market,USD,165.43,2021-05-04,active,False
ACC02989,smb,USD,163.97,2019-03-09,active,False
ACC02990,smb,USD,204.44,2021-07-03,active,False
ACC02991,smb,USD,156.79,2023-09-26,active,False
ACC02992,smb,USD,373.21,2023-02-08,active,False
ACC02993,smb,USD,164.6,2023-09-20,active,False
ACC02994,smb,USD,389.68,2022-07-04,active,False
ACC02995,mid_market,EUR,1278.94,2024-02-21,active,False
ACC02996,smb,USD,333.4,2019-10-01,active,False
ACC02997,smb,USD,236.43,2018-04-28,active,False
ACC02998,smb,USD,266.75,2018-10-19,active,False
ACC02999,smb,USD,97.94,2024-12-11,active,False
ACC03000,mid_market,USD,998.2,2022-06-26,active,False
ACC03001,smb,USD,345.24,2019-09-26,active,False
ACC03002,smb,USD,90.9,2023-12-24,active,False
ACC03003,smb,USD,294.36,2020-03-01,active,False
ACC03004,mid_market,USD,1277.95,2022-03-07,active,False
ACC03005,smb,USD,149.28,2019-09-30,active,False
ACC03006,mid_market,USD,319.84,2018-08-31,active,False
ACC03007,smb,USD,206.22,2019-11-15,active,False
ACC03008,smb,USD,371.64,2019-08-07,active,False
ACC03009,smb,USD,280.86,2021-11-13,active,False
ACC03010,smb,USD,231.72,2018-02-22,active,False
ACC03011,mid_market,USD,204.79,2019-09-05,active,False
ACC03012,mid_market,USD,3368.48,2021-12-22,active,False
ACC03013,smb,USD,363.9,2020-10-03,active,False
ACC03014,smb,USD,348.71,2022-06-14,active,False
ACC03015,smb,USD,203.4,2022-08-03,active,False
ACC03016,smb,USD,331.73,2024-10-03,active,False
ACC03017,mid_market,USD,216.13,2023-11-07,active,False
ACC03018,smb,USD,267.25,2019-08-07,active,False
ACC03019,smb,USD,322.45,2022-11-06,active,False
ACC03020,mid_market,USD,2249.59,2022-05-23,active,False
ACC03021,enterprise,EUR,39579.16,2022-02-28,active,False
ACC03022,smb,USD,154.22,2023-08-05,active,False
ACC03023,enterprise,USD,30062.21,2019-01-13,active,False
ACC03024,smb,USD,204.35,2020-08-16,active,False
ACC03025,mid_market,USD,3651.64,2023-09-17,active,False
ACC03026,smb,USD,274.46,2024-03-30,active,False
ACC03027,mid_market,USD,114.55,2018-04-06,active,False
ACC03028,smb,USD,197.55,2021-04-20,active,False
ACC03029,mid_market,USD,1582.65,2019-11-07,active,False
ACC03030,mid_market,USD,82.0,2019-03-06,active,False
ACC03031,mid_market,USD,1181.35,2018-05-26,active,False
ACC03032,mid_market,USD,81.44,2021-10-07,active,False
ACC03033,enterprise,GBP,37801.08,2022-09-02,active,False
ACC03034,mid_market,USD,1107.85,2021-09-19,active,False
ACC03035,smb,GBP,392.19,2020-07-30,active,False
ACC03036,mid_market,USD,114.52,2023-05-26,active,False
ACC03037,smb,USD,387.67,2022-07-25,active,False
ACC03038,smb,USD,279.74,2024-05-10,active,False
ACC03039,smb,USD,392.93,2020-06-06,active,False
ACC03040,mid_market,USD,1278.58,2019-09-03,active,False
ACC03041,mid_market,EUR,1264.36,2021-03-10,active,False
ACC03042,mid_market,USD,170.08,2021-07-19,active,False
ACC03043,smb,USD,88.23,2021-03-16,active,False
ACC03044,enterprise,EUR,20839.66,2023-10-29,active,False
ACC03045,mid_market,USD,177.44,2018-04-27,active,False
ACC03046,mid_market,GBP,2692.31,2021-09-10,active,False
ACC03047,smb,EUR,192.0,2021-01-04,active,False
ACC03048,mid_market,USD,330.0,2019-06-23,active,False
ACC03049,smb,USD,98.79,2022-06-27,active,False
ACC03050,smb,USD,291.53,2023-08-11,active,False
ACC03051,smb,USD,256.81,2021-10-27,active,False
ACC03052,smb,USD,85.26,2018-08-06,active,False
ACC03053,smb,USD,237.34,2018-07-12,active,False
ACC03054,smb,USD,311.33,2020-12-13,active,False
ACC03055,smb,GBP,220.15,2022-09-04,active,False
ACC03056,mid_market,USD,1701.62,2020-03-12,active,False
ACC03057,smb,USD,235.56,2020-02-29,active,False
ACC03058,smb,USD,194.08,2024-01-08,active,False
ACC03059,smb,USD,355.98,2018-02-06,active,False
ACC03060,smb,USD,192.32,2018-07-23,active,False
ACC03061,mid_market,EUR,2375.69,2019-02-02,active,False
ACC03062,mid_market,USD,204.84,2024-11-19,active,False
ACC03063,mid_market,USD,985.01,2021-06-25,active,False
ACC03064,smb,USD,330.16,2019-02-09,active,False
ACC03065,enterprise,EUR,9123.37,2020-03-04,active,False
ACC03066,smb,USD,211.71,2024-10-13,active,False
ACC03067,smb,USD,196.32,2022-11-10,active,False
ACC03068,smb,USD,354.58,2019-07-26,active,False
ACC03069,smb,USD,336.12,2019-09-08,active,False
ACC03070,smb,USD,212.89,2018-07-11,active,False
ACC03071,smb,USD,96.81,2023-05-30,active,False
ACC03072,smb,USD,113.52,2018-12-18,active,False
ACC03073,mid_market,EUR,2539.77,2020-01-03,active,False
ACC03074,smb,EUR,252.16,2020-06-09,active,False
ACC03075,smb,USD,139.03,2022-05-06,active,False
ACC03076,smb,USD,203.3,2022-03-30,active,False
ACC03077,mid_market,GBP,3788.55,2023-08-05,active,False
ACC03078,smb,USD,278.44,2020-01-30,active,False
ACC03079,enterprise,EUR,26001.12,2020-09-12,active,False
ACC03080,smb,USD,289.28,2020-09-20,active,False
ACC03081,mid_market,EUR,1904.72,2018-04-30,active,False
ACC03082,smb,USD,117.22,2023-03-01,active,False
ACC03083,smb,USD,115.05,2021-09-30,active,False
ACC03084,smb,USD,175.51,2021-04-30,active,False
ACC03085,smb,USD,304.21,2024-12-19,active,False
ACC03086,smb,USD,138.74,2019-04-03,active,False
ACC03087,mid_market,USD,209.23,2024-10-12,active,False
ACC03088,mid_market,USD,388.45,2022-10-06,active,False
ACC03089,mid_market,USD,243.35,2019-07-19,active,False
ACC03090,enterprise,USD,31599.02,2022-10-01,active,False
ACC03091,smb,USD,207.11,2023-04-16,active,False
ACC03092,mid_market,USD,3709.04,2020-07-15,active,False
ACC03093,smb,USD,212.77,2020-05-31,active,False
ACC03094,enterprise,EUR,36380.1,2023-11-05,active,False
ACC03095,enterprise,USD,8729.97,2019-02-14,active,False
ACC03096,smb,USD,344.84,2018-02-04,active,False
ACC03097,smb,USD,171.29,2022-08-30,active,False
ACC03098,smb,USD,138.96,2024-05-06,active,False
ACC03099,smb,USD,229.41,2021-07-04,active,False
ACC03100,smb,USD,397.57,2018-12-12,active,False
ACC03101,mid_market,USD,3519.8,2021-10-10,active,False
ACC03102,enterprise,EUR,12131.96,2019-10-06,active,False
ACC03103,enterprise,USD,24009.47,2023-10-16,active,False
ACC03104,enterprise,EUR,15507.27,2022-04-14,active,False
ACC03105,mid_market,EUR,228.28,2020-05-10,active,False
ACC03106,smb,USD,132.48,2022-05-16,active,False
ACC03107,smb,USD,270.73,2022-09-02,active,False
ACC03108,mid_market,USD,1391.8,2022-10-01,active,False
ACC03109,mid_market,USD,1044.07,2020-07-24,active,False
ACC03110,smb,USD,170.29,2021-12-29,active,False
ACC03111,mid_market,GBP,1385.99,2018-04-20,active,False
ACC03112,smb,USD,199.97,2020-10-28,active,False
ACC03113,mid_market,USD,3586.03,2020-08-24,active,False
ACC03114,smb,USD,83.19,2021-09-28,active,False
ACC03115,smb,USD,344.94,2024-08-25,active,False
ACC03116,smb,USD,250.76,2024-09-03,active,False
ACC03117,smb,USD,212.09,2021-05-20,active,False
ACC03118,smb,USD,205.36,2022-07-10,active,False
ACC03119,smb,USD,251.67,2018-10-04,active,False
ACC03120,mid_market,GBP,3125.58,2021-05-17,active,False
ACC03121,smb,USD,237.94,2022-10-25,active,False
ACC03122,smb,USD,345.14,2022-10-12,active,False
ACC03123,smb,USD,379.65,2024-09-28,active,False
ACC03124,smb,USD,275.76,2021-04-06,active,False
ACC03125,smb,USD,257.44,2024-05-09,active,False
ACC03126,smb,USD,289.61,2024-11-06,active,False
ACC03127,smb,USD,266.38,2022-01-01,active,False
ACC03128,mid_market,USD,2838.5,2018-08-22,active,False
ACC03129,smb,USD,137.5,2020-08-19,active,False
ACC03130,mid_market,EUR,2262.44,2023-05-09,active,False
ACC03131,mid_market,USD,2952.46,2022-01-24,active,False
ACC03132,mid_market,USD,3196.57,2024-07-21,active,False
ACC03133,mid_market,USD,1153.25,2023-09-17,active,False
ACC03134,smb,USD,155.52,2018-06-11,active,False
ACC03135,smb,USD,122.0,2024-01-11,active,False
ACC03136,smb,USD,397.37,2020-07-02,active,False
ACC03137,smb,USD,175.53,2023-09-24,active,False
ACC03138,smb,USD,388.26,2021-07-21,active,False
ACC03139,mid_market,USD,3617.45,2021-03-10,active,False
ACC03140,mid_market,USD,323.69,2018-07-05,active,False
ACC03141,smb,USD,210.12,2018-10-31,active,False
ACC03142,smb,USD,305.28,2022-03-02,active,False
ACC03143,smb,USD,228.77,2021-12-25,active,False
ACC03144,smb,USD,94.95,2021-11-19,active,False
ACC03145,enterprise,GBP,19558.32,2019-02-04,active,False
ACC03146,smb,USD,152.15,2021-07-27,active,False
ACC03147,smb,USD,143.48,2018-06-05,active,False
ACC03148,mid_market,USD,282.54,2019-01-04,active,False
ACC03149,smb,USD,216.65,2021-06-28,active,False
ACC03150,smb,USD,176.33,2022-04-26,active,False
ACC03151,mid_market,USD,365.73,2022-08-03,active,False
ACC03152,mid_market,USD,2783.68,2024-11-14,active,False
ACC03153,mid_market,GBP,2495.34,2023-12-24,active,False
ACC03154,mid_market,GBP,1792.15,2020-08-28,active,False
ACC03155,smb,USD,179.53,2023-06-24,active,False
ACC03156,smb,USD,399.14,2018-09-02,active,False
ACC03157,mid_market,USD,391.39,2024-01-01,active,False
ACC03158,smb,USD,369.26,2020-09-15,active,False
ACC03159,smb,EUR,261.71,2023-04-27,active,False
ACC03160,mid_market,GBP,3255.46,2024-10-16,active,False
ACC03161,smb,USD,289.58,2022-12-03,active,False
ACC03162,smb,USD,83.53,2024-06-10,active,False
ACC03163,smb,USD,219.19,2018-01-26,active,False
ACC03164,smb,USD,244.49,2019-03-12,active,False
ACC03165,mid_market,USD,2898.54,2022-05-20,active,False
ACC03166,smb,USD,389.22,2021-10-13,active,False
ACC03167,mid_market,USD,278.46,2018-11-04,active,False
ACC03168,mid_market,USD,3819.04,2023-01-11,active,False
ACC03169,smb,USD,128.46,2018-05-30,active,False
ACC03170,smb,USD,263.55,2024-12-07,active,False
ACC03171,mid_market,EUR,842.54,2019-02-04,active,False
ACC03172,mid_market,EUR,1360.06,2021-02-12,active,False
ACC03173,smb,USD,183.07,2023-10-06,active,False
ACC03174,smb,USD,323.32,2021-08-06,active,False
ACC03175,mid_market,USD,1428.86,2023-03-17,active,False
ACC03176,mid_market,USD,329.06,2022-12-04,active,False
ACC03177,smb,GBP,291.06,2024-08-22,active,False
ACC03178,smb,USD,370.58,2021-03-31,active,False
ACC03179,mid_market,USD,1012.68,2024-11-07,active,False
ACC03180,smb,USD,163.31,2021-08-13,active,False
ACC03181,smb,USD,226.02,2024-04-02,active,False
ACC03182,enterprise,EUR,23562.39,2023-02-16,active,False
ACC03183,smb,USD,116.18,2018-12-06,active,False
ACC03184,mid_market,EUR,3044.08,2022-07-04,active,False
ACC03185,smb,USD,117.05,2024-02-24,active,False
ACC03186,smb,USD,99.76,2018-11-25,active,False
ACC03187,smb,USD,130.28,2023-11-14,active,False
ACC03188,mid_market,EUR,3450.35,2018-09-27,active,False
ACC03189,smb,USD,276.71,2024-02-05,active,False
ACC03190,smb,USD,316.31,2023-07-10,active,False
ACC03191,smb,USD,314.35,2019-01-23,active,False
ACC03192,smb,USD,337.31,2023-01-31,active,False
ACC03193,mid_market,USD,148.17,2018-10-26,active,False
ACC03194,mid_market,USD,2140.94,2021-12-22,active,False
ACC03195,smb,USD,134.18,2024-06-19,active,False
ACC03196,mid_market,USD,1760.66,2019-06-11,active,False
ACC03197,smb,EUR,201.26,2019-03-21,active,False
ACC03198,smb,USD,209.1,2020-12-16,active,False
ACC03199,smb,USD,295.64,2020-07-31,active,True
ACC03200,smb,USD,88.75,2018-05-04,active,False
ACC03201,enterprise,EUR,9158.39,2021-03-11,active,False
ACC03202,smb,USD,379.46,2019-10-26,active,False
ACC03203,mid_market,USD,145.83,2018-11-15,active,False
ACC03204,mid_market,USD,333.78,2019-12-07,active,False
ACC03205,mid_market,EUR,1630.72,2018-02-22,active,False
ACC03206,smb,USD,150.88,2024-05-27,active,False
ACC03207,smb,USD,290.88,2024-12-15,active,False
ACC03208,mid_market,USD,159.4,2020-07-28,active,False
ACC03209,smb,USD,238.62,2024-02-19,active,False
ACC03210,smb,GBP,333.87,2021-03-25,active,False
ACC03211,mid_market,USD,327.47,2024-05-20,active,False
ACC03212,mid_market,USD,1008.09,2019-03-19,active,False
ACC03213,smb,USD,124.22,2019-12-29,active,False
ACC03214,mid_market,USD,2751.72,2023-03-06,active,True
ACC03215,mid_market,USD,1520.91,2019-07-17,active,False
ACC03216,smb,USD,195.49,2023-10-06,active,False
ACC03217,smb,USD,104.02,2020-12-24,active,False
ACC03218,mid_market,USD,1357.63,2020-10-29,active,False
ACC03219,smb,USD,117.19,2021-03-04,active,False
ACC03220,smb,USD,337.24,2023-08-02,active,False
ACC03221,mid_market,USD,3158.61,2018-01-15,active,False
ACC03222,smb,USD,155.21,2023-04-03,active,False
ACC03223,mid_market,USD,3618.98,2023-06-15,active,False
ACC03224,mid_market,USD,158.0,2023-09-30,active,False
ACC03225,mid_market,USD,2034.05,2024-12-22,active,False
ACC03226,smb,USD,396.94,2023-06-23,active,False
ACC03227,mid_market,USD,2245.6,2021-09-13,active,False
ACC03228,smb,USD,391.47,2021-04-06,active,False
ACC03229,smb,USD,136.96,2020-09-19,active,False
ACC03230,enterprise,GBP,38748.23,2023-10-16,active,False
ACC03231,smb,USD,191.42,2020-09-30,active,False
ACC03232,smb,USD,345.26,2022-01-03,active,False
ACC03233,smb,USD,185.86,2018-09-03,active,False
ACC03234,smb,USD,184.51,2020-03-22,active,False
ACC03235,smb,USD,329.16,2019-11-12,active,False
ACC03236,smb,USD,207.46,2021-01-16,active,False
ACC03237,enterprise,GBP,20931.39,2021-07-07,active,False
ACC03238,mid_market,USD,3834.41,2023-01-06,active,False
ACC03239,smb,USD,363.15,2021-01-08,active,False
ACC03240,enterprise,USD,21232.94,2019-01-20,active,False
ACC03241,smb,USD,198.41,2021-10-25,active,False
ACC03242,mid_market,USD,1452.81,2018-05-20,active,False
ACC03243,mid_market,USD,1230.59,2023-12-11,active,False
ACC03244,smb,USD,266.81,2023-05-24,active,False
ACC03245,smb,USD,97.49,2019-07-30,active,False
ACC03246,mid_market,USD,2603.42,2019-11-04,active,False
ACC03247,enterprise,USD,29682.89,2018-03-12,active,False
ACC03248,mid_market,USD,1467.81,2020-07-20,active,False
ACC03249,mid_market,USD,127.11,2018-04-08,active,False
ACC03250,smb,USD,288.27,2024-07-21,active,False
ACC03251,smb,USD,96.48,2018-12-09,active,False
ACC03252,smb,USD,222.76,2022-08-13,active,False
ACC03253,smb,USD,225.21,2021-12-29,active,False
ACC03254,smb,USD,321.92,2019-08-29,active,False
ACC03255,smb,EUR,191.96,2023-08-28,active,False
ACC03256,enterprise,USD,16450.69,2018-10-06,active,False
ACC03257,smb,USD,206.16,2024-03-16,active,False
ACC03258,smb,USD,191.06,2023-03-08,active,False
ACC03259,mid_market,USD,2472.43,2022-06-12,active,False
ACC03260,mid_market,GBP,1402.18,2024-02-27,active,False
ACC03261,smb,USD,343.47,2020-10-27,active,False
ACC03262,mid_market,USD,278.26,2019-12-21,active,False
ACC03263,mid_market,USD,163.94,2019-01-30,active,False
ACC03264,smb,USD,110.49,2024-06-20,active,False
ACC03265,enterprise,GBP,34534.18,2020-10-23,active,False
ACC03266,smb,USD,261.27,2023-10-21,active,False
ACC03267,smb,USD,120.79,2020-04-29,active,False
ACC03268,mid_market,EUR,1229.14,2024-09-06,active,False
ACC03269,mid_market,USD,166.96,2024-02-02,active,False
ACC03270,mid_market,USD,197.92,2020-02-27,active,False
ACC03271,smb,USD,320.18,2021-05-29,active,False
ACC03272,smb,USD,144.31,2023-07-23,active,False
ACC03273,mid_market,USD,188.85,2019-08-02,active,False
ACC03274,smb,USD,213.12,2018-03-02,active,False
ACC03275,smb,USD,275.16,2020-01-09,active,False
ACC03276,smb,USD,253.25,2022-02-18,active,False
ACC03277,mid_market,USD,1637.33,2018-12-15,active,False
ACC03278,mid_market,USD,3154.96,2020-05-02,active,False
ACC03279,smb,USD,273.86,2024-06-05,active,False
ACC03280,mid_market,USD,331.36,2018-07-11,active,False
ACC03281,smb,USD,144.93,2018-05-09,active,False
ACC03282,mid_market,GBP,2631.16,2020-12-19,active,False
ACC03283,smb,USD,319.26,2018-02-02,active,False
ACC03284,smb,USD,164.16,2018-03-13,active,False
ACC03285,smb,USD,114.78,2019-04-13,active,False
ACC03286,smb,EUR,132.75,2018-09-19,active,False
ACC03287,smb,USD,110.91,2023-09-04,active,False
ACC03288,mid_market,EUR,3949.54,2018-11-10,active,False
ACC03289,smb,USD,184.2,2021-08-30,active,False
ACC03290,smb,USD,129.54,2022-12-08,active,False
ACC03291,smb,USD,99.43,2022-05-19,active,False
ACC03292,smb,EUR,376.74,2022-07-30,active,False
ACC03293,smb,USD,249.45,2020-07-03,active,False
ACC03294,mid_market,GBP,3528.38,2024-03-21,active,False
ACC03295,smb,USD,87.19,2018-06-25,active,False
ACC03296,smb,USD,334.09,2018-10-02,active,False
ACC03297,smb,USD,293.9,2023-12-29,active,False
ACC03298,smb,USD,215.1,2018-06-24,active,False
ACC03299,enterprise,USD,20374.22,2019-05-06,active,False
ACC03300,enterprise,GBP,18594.74,2019-03-19,active,False
ACC03301,smb,USD,386.92,2018-03-26,active,False
ACC03302,smb,USD,253.07,2018-10-27,active,False
ACC03303,smb,USD,211.57,2022-01-03,active,False
ACC03304,mid_market,GBP,3544.23,2022-08-18,active,False
ACC03305,mid_market,USD,1987.35,2018-08-01,active,False
ACC03306,mid_market,USD,2909.89,2024-08-05,active,False
ACC03307,smb,USD,247.2,2018-09-02,active,False
ACC03308,smb,EUR,231.13,2022-10-22,active,False
ACC03309,smb,USD,290.59,2023-08-08,active,False
ACC03310,enterprise,EUR,9347.04,2021-08-24,active,False
ACC03311,smb,USD,285.63,2021-06-10,active,False
ACC03312,mid_market,USD,334.69,2018-10-06,active,False
ACC03313,smb,USD,183.73,2019-09-10,active,False
ACC03314,mid_market,EUR,1898.79,2023-12-15,active,False
ACC03315,smb,USD,277.73,2020-06-10,active,False
ACC03316,smb,USD,215.31,2018-03-30,active,False
ACC03317,enterprise,USD,14386.26,2023-02-07,active,False
ACC03318,mid_market,USD,836.51,2022-10-14,active,False
ACC03319,smb,EUR,206.53,2018-06-19,active,False
ACC03320,enterprise,EUR,37439.18,2018-05-11,active,False
ACC03321,mid_market,USD,2765.84,2018-10-25,active,False
ACC03322,smb,USD,358.85,2018-05-11,active,False
ACC03323,enterprise,USD,10612.9,2022-04-25,active,False
ACC03324,smb,GBP,82.84,2018-12-05,active,False
ACC03325,smb,USD,275.54,2022-04-01,active,False
ACC03326,smb,USD,331.46,2019-03-27,active,False
ACC03327,smb,GBP,95.0,2024-10-21,active,False
ACC03328,smb,USD,309.37,2023-01-30,active,False
ACC03329,smb,USD,365.72,2020-08-15,active,False
ACC03330,mid_market,USD,132.63,2020-12-31,active,False
ACC03331,mid_market,EUR,3817.36,2018-06-16,active,False
ACC03332,smb,USD,320.54,2018-05-21,active,False
ACC03333,mid_market,USD,821.51,2021-10-05,active,False
ACC03334,smb,USD,353.57,2018-02-28,active,False
ACC03335,smb,USD,121.81,2022-06-20,active,False
ACC03336,smb,USD,210.04,2020-09-04,active,False
ACC03337,smb,USD,153.6,2018-12-23,active,False
ACC03338,smb,USD,279.45,2021-10-01,active,False
ACC03339,smb,USD,111.29,2021-11-14,active,False
ACC03340,smb,USD,335.07,2023-03-23,active,False
ACC03341,enterprise,USD,13414.05,2019-05-21,active,False
ACC03342,smb,USD,186.68,2021-10-31,active,False
ACC03343,smb,USD,385.26,2023-11-30,active,False
ACC03344,smb,USD,274.58,2019-11-22,active,False
ACC03345,mid_market,USD,2752.11,2023-11-05,active,False
ACC03346,mid_market,USD,378.22,2023-01-23,active,False
ACC03347,smb,USD,330.26,2021-01-03,active,False
ACC03348,mid_market,USD,2652.61,2024-03-07,active,False
ACC03349,smb,USD,280.02,2024-10-06,active,False
ACC03350,smb,USD,360.32,2019-08-29,active,False
ACC03351,smb,USD,146.65,2024-11-09,active,False
ACC03352,enterprise,USD,25615.24,2018-01-07,active,False
ACC03353,smb,GBP,236.85,2018-11-27,active,False
ACC03354,mid_market,USD,2519.24,2018-04-21,active,False
ACC03355,enterprise,USD,13670.62,2020-07-28,active,False
ACC03356,smb,USD,88.93,2024-07-22,active,False
ACC03357,mid_market,EUR,1841.52,2022-03-15,active,False
ACC03358,smb,USD,243.92,2022-04-25,active,False
ACC03359,smb,USD,205.77,2018-08-05,active,False
ACC03360,smb,USD,81.27,2021-08-12,active,False
ACC03361,smb,USD,115.42,2020-09-05,active,False
ACC03362,smb,USD,140.9,2021-05-10,active,False
ACC03363,smb,USD,131.26,2019-10-30,active,False
ACC03364,smb,USD,157.84,2019-05-31,active,False
ACC03365,smb,USD,358.58,2024-08-30,active,False
ACC03366,smb,USD,110.49,2021-11-28,active,False
ACC03367,smb,USD,119.45,2020-11-18,active,False
ACC03368,smb,USD,99.7,2018-07-08,active,False
ACC03369,smb,USD,382.02,2023-05-04,active,False
ACC03370,smb,USD,144.44,2021-04-22,active,False
ACC03371,smb,USD,393.55,2020-09-15,active,False
ACC03372,smb,USD,287.57,2022-09-01,active,False
ACC03373,smb,USD,285.25,2018-12-03,active,False
ACC03374,smb,USD,276.25,2021-09-24,active,False
ACC03375,mid_market,USD,247.99,2024-01-16,active,False
ACC03376,enterprise,USD,29814.68,2021-03-31,active,False
ACC03377,smb,USD,351.41,2018-01-02,active,False
ACC03378,smb,GBP,226.99,2019-08-11,active,False
ACC03379,smb,USD,85.9,2018-05-23,active,False
ACC03380,smb,USD,277.04,2021-07-02,active,False
ACC03381,mid_market,USD,2189.8,2020-07-20,active,False
ACC03382,mid_market,EUR,3467.1,2018-12-05,active,False
ACC03383,mid_market,USD,243.39,2022-10-22,active,False
ACC03384,smb,USD,382.57,2019-03-28,active,False
ACC03385,smb,USD,253.97,2020-05-23,active,False
ACC03386,smb,USD,281.56,2024-11-29,active,False
ACC03387,enterprise,GBP,25701.91,2018-06-19,active,False
ACC03388,mid_market,EUR,3551.09,2019-09-26,active,False
ACC03389,mid_market,USD,1339.32,2020-03-23,active,False
ACC03390,smb,USD,278.64,2021-07-24,active,False
ACC03391,mid_market,USD,3649.85,2019-09-19,active,False
ACC03392,mid_market,USD,1719.74,2024-10-15,active,False
ACC03393,smb,USD,380.61,2018-01-14,active,False
ACC03394,enterprise,EUR,14164.61,2024-08-20,active,False
ACC03395,smb,USD,225.97,2021-09-28,active,False
ACC03396,smb,USD,167.79,2018-04-08,active,False
ACC03397,smb,USD,289.79,2018-10-26,active,False
ACC03398,smb,USD,291.87,2018-09-21,active,False
ACC03399,enterprise,EUR,18766.62,2020-01-05,active,False
ACC03400,smb,USD,384.38,2020-05-01,active,False
ACC03401,mid_market,USD,273.96,2022-06-27,active,False
ACC03402,smb,USD,360.39,2020-03-06,active,False
ACC03403,smb,USD,218.93,2023-01-28,active,False
ACC03404,smb,USD,131.51,2020-01-21,active,False
ACC03405,smb,USD,207.97,2019-11-05,active,False
ACC03406,smb,GBP,310.84,2019-12-05,active,True
ACC03407,smb,USD,348.63,2020-04-21,active,False
ACC03408,smb,USD,259.51,2023-11-12,active,False
ACC03409,mid_market,USD,1277.81,2019-09-24,active,False
ACC03410,smb,USD,220.78,2019-11-30,active,False
ACC03411,smb,USD,163.96,2024-09-11,active,False
ACC03412,smb,USD,159.63,2022-07-29,active,False
ACC03413,smb,USD,95.47,2019-05-02,active,False
ACC03414,smb,USD,135.26,2024-01-29,active,False
ACC03415,smb,USD,181.35,2019-04-14,active,False
ACC03416,enterprise,GBP,11667.02,2019-02-19,active,False
ACC03417,enterprise,EUR,26997.69,2021-02-11,active,False
ACC03418,mid_market,USD,915.15,2022-11-02,active,False
ACC03419,smb,USD,274.9,2019-04-29,active,False
ACC03420,smb,EUR,109.05,2023-04-10,active,False
ACC03421,mid_market,EUR,3016.69,2019-02-05,active,False
ACC03422,smb,USD,245.17,2023-06-22,active,False
ACC03423,smb,EUR,240.57,2018-09-03,active,False
ACC03424,mid_market,EUR,1640.07,2021-04-02,active,False
ACC03425,smb,USD,398.89,2022-06-25,active,False
ACC03426,mid_market,GBP,1773.03,2019-11-10,active,False
ACC03427,smb,USD,110.48,2022-04-14,active,False
ACC03428,smb,USD,189.49,2022-10-27,active,False
ACC03429,mid_market,USD,2119.2,2022-07-20,active,False
ACC03430,mid_market,USD,154.01,2020-10-11,active,False
ACC03431,mid_market,USD,2167.26,2023-05-31,active,False
ACC03432,smb,USD,316.16,2023-02-14,active,False
ACC03433,mid_market,USD,338.3,2020-04-14,active,False
ACC03434,smb,USD,241.93,2023-02-18,active,False
ACC03435,smb,USD,116.23,2024-06-05,active,False
ACC03436,mid_market,USD,310.46,2023-09-19,active,False
ACC03437,mid_market,USD,318.71,2023-02-18,active,False
ACC03438,smb,USD,323.65,2023-05-14,active,False
ACC03439,smb,USD,360.58,2023-08-19,active,False
ACC03440,smb,USD,237.44,2020-01-09,active,False
ACC03441,smb,USD,166.03,2023-01-17,active,False
ACC03442,smb,USD,139.39,2019-05-25,active,False
ACC03443,enterprise,EUR,37216.9,2020-07-05,active,False
ACC03444,enterprise,EUR,24258.0,2024-07-16,active,False
ACC03445,enterprise,GBP,22479.97,2019-12-25,active,False
ACC03446,smb,USD,222.85,2023-11-27,active,False
ACC03447,smb,USD,130.32,2020-12-15,active,False
ACC03448,mid_market,USD,275.68,2019-06-21,active,False
ACC03449,mid_market,USD,123.33,2018-09-06,active,False
ACC03450,smb,USD,194.84,2021-11-02,active,False
ACC03451,mid_market,USD,3662.25,2021-02-27,active,False
ACC03452,smb,USD,247.95,2021-07-30,active,False
ACC03453,smb,USD,135.02,2018-04-21,active,False
ACC03454,mid_market,USD,3298.01,2019-11-17,active,False
ACC03455,smb,USD,302.26,2018-01-11,active,False
ACC03456,mid_market,USD,233.12,2020-02-13,active,False
ACC03457,mid_market,USD,2411.56,2024-07-08,active,False
ACC03458,smb,USD,397.1,2019-01-25,active,False
ACC03459,mid_market,EUR,3026.77,2022-10-28,active,False
ACC03460,smb,USD,374.09,2018-01-15,active,True
ACC03461,enterprise,GBP,36374.51,2021-12-07,active,False
ACC03462,smb,USD,134.63,2024-06-11,active,False
ACC03463,smb,USD,204.32,2020-05-21,active,False
ACC03464,smb,USD,205.05,2019-05-19,active,False
ACC03465,smb,USD,186.73,2021-12-29,active,False
ACC03466,smb,USD,287.27,2019-12-14,active,False
ACC03467,smb,USD,97.27,2024-03-28,active,False
ACC03468,mid_market,GBP,2117.43,2023-12-11,active,False
ACC03469,smb,USD,225.93,2022-07-26,active,False
ACC03470,smb,USD,295.87,2022-06-22,active,False
ACC03471,smb,USD,359.52,2022-03-20,active,False
ACC03472,enterprise,USD,39990.84,2023-02-23,active,False
ACC03473,mid_market,USD,1011.99,2021-03-22,active,False
ACC03474,smb,USD,186.02,2024-10-14,active,False
ACC03475,mid_market,EUR,321.75,2020-06-02,active,False
ACC03476,mid_market,USD,2175.29,2018-01-23,active,False
ACC03477,smb,GBP,293.56,2022-11-21,active,False
ACC03478,smb,USD,207.34,2022-08-20,active,False
ACC03479,smb,USD,305.73,2024-11-12,active,False
ACC03480,smb,USD,351.42,2020-10-07,active,False
ACC03481,smb,USD,266.35,2020-12-21,active,False
ACC03482,smb,USD,324.04,2021-12-07,active,False
ACC03483,enterprise,EUR,35262.07,2020-09-29,active,False
ACC03484,mid_market,USD,3016.4,2023-06-30,active,False
ACC03485,smb,USD,326.1,2020-12-30,active,False
ACC03486,smb,USD,306.03,2023-06-26,active,False
ACC03487,smb,USD,98.61,2020-12-23,active,False
ACC03488,smb,USD,338.56,2019-07-30,active,False
ACC03489,smb,USD,383.29,2024-12-07,active,False
ACC03490,smb,USD,369.69,2021-09-07,active,False
ACC03491,enterprise,GBP,36820.91,2022-12-12,active,False
ACC03492,mid_market,EUR,3916.79,2022-02-20,active,False
ACC03493,smb,USD,152.72,2020-07-07,active,False
ACC03494,smb,USD,320.6,2024-10-20,active,False
ACC03495,smb,USD,377.55,2020-08-07,active,False
ACC03496,enterprise,USD,36031.19,2024-12-13,active,False
ACC03497,mid_market,USD,349.0,2021-01-06,active,False
ACC03498,smb,EUR,215.09,2018-02-27,active,False
ACC03499,enterprise,GBP,15254.96,2018-04-04,active,False
ACC03500,smb,USD,342.38,2024-10-24,active,False
ACC03501,smb,USD,87.73,2021-09-11,active,False
ACC03502,mid_market,USD,134.4,2020-09-17,active,False
ACC03503,smb,USD,163.55,2023-09-05,active,False
ACC03504,mid_market,GBP,3909.79,2022-04-27,active,False
ACC03505,smb,USD,271.88,2022-08-16,active,False
ACC03506,mid_market,USD,3383.23,2022-10-19,active,False
ACC03507,mid_market,EUR,3926.94,2019-05-23,active,False
ACC03508,smb,USD,98.81,2018-08-14,active,False
ACC03509,smb,GBP,348.24,2023-02-04,active,False
ACC03510,smb,USD,312.2,2018-02-25,active,False
ACC03511,smb,USD,258.5,2023-01-13,active,False
ACC03512,smb,USD,202.03,2018-11-29,active,True
ACC03513,enterprise,USD,16795.05,2019-11-03,active,False
ACC03514,smb,USD,159.41,2022-12-15,active,False
ACC03515,mid_market,USD,2647.51,2022-05-12,active,False
ACC03516,smb,USD,296.69,2023-06-21,active,False
ACC03517,smb,USD,92.54,2022-04-11,active,False
ACC03518,mid_market,EUR,3591.4,2018-05-03,active,False
ACC03519,smb,EUR,387.11,2023-11-17,active,False
ACC03520,mid_market,USD,3661.67,2019-07-06,active,False
ACC03521,mid_market,USD,331.95,2018-12-14,active,False
ACC03522,mid_market,GBP,3348.09,2024-02-24,active,False
ACC03523,mid_market,USD,200.88,2019-05-14,active,False
ACC03524,mid_market,USD,1974.6,2021-10-02,active,False
ACC03525,mid_market,USD,304.48,2021-05-27,active,False
ACC03526,mid_market,USD,307.69,2023-05-21,active,False
ACC03527,smb,USD,258.49,2018-04-23,active,True
ACC03528,mid_market,USD,2469.21,2018-09-30,active,False
ACC03529,mid_market,USD,313.96,2020-11-28,active,False
ACC03530,smb,USD,205.13,2021-04-24,active,False
ACC03531,smb,USD,156.39,2023-07-08,active,False
ACC03532,smb,USD,266.59,2022-03-29,active,False
ACC03533,smb,USD,371.84,2019-01-16,active,False
ACC03534,smb,USD,350.49,2024-11-07,active,False
ACC03535,mid_market,USD,2566.11,2021-03-21,active,False
ACC03536,smb,USD,311.41,2024-10-01,active,False
ACC03537,smb,USD,340.76,2024-12-04,active,False
ACC03538,mid_market,USD,397.74,2018-05-13,active,False
ACC03539,mid_market,GBP,2176.56,2021-07-17,active,False
ACC03540,smb,USD,177.12,2020-12-14,active,False
ACC03541,smb,USD,384.28,2021-06-27,active,False
ACC03542,mid_market,EUR,2069.58,2020-03-03,active,False
ACC03543,smb,USD,245.63,2021-11-29,active,False
ACC03544,smb,USD,119.35,2021-06-12,active,False
ACC03545,mid_market,USD,128.97,2019-04-21,active,False
ACC03546,smb,USD,321.21,2020-01-08,active,False
ACC03547,smb,USD,219.82,2019-01-12,active,False
ACC03548,enterprise,EUR,38724.27,2023-11-27,active,False
ACC03549,smb,USD,286.63,2022-09-28,active,False
ACC03550,smb,USD,310.17,2020-09-17,active,False
ACC03551,smb,USD,238.85,2020-10-08,active,False
ACC03552,enterprise,EUR,22767.73,2018-07-22,active,True
ACC03553,mid_market,USD,1666.46,2020-01-12,active,False
ACC03554,enterprise,EUR,21712.95,2024-06-20,active,False
ACC03555,smb,USD,239.96,2018-03-22,active,False
ACC03556,smb,USD,188.79,2019-01-09,active,False
ACC03557,smb,USD,306.22,2023-12-03,active,False
ACC03558,smb,USD,82.55,2021-08-22,active,False
ACC03559,smb,USD,239.04,2018-03-24,active,False
ACC03560,enterprise,USD,23827.92,2021-06-05,active,False
ACC03561,mid_market,USD,3787.0,2023-04-01,active,False
ACC03562,smb,USD,89.93,2020-06-01,active,False
ACC03563,smb,USD,333.91,2020-09-03,active,False
ACC03564,smb,USD,375.99,2022-06-02,active,False
ACC03565,smb,USD,109.58,2022-03-11,active,False
ACC03566,smb,USD,370.02,2024-04-26,active,False
ACC03567,smb,GBP,356.17,2019-09-26,active,True
ACC03568,smb,USD,326.02,2019-12-07,active,False
ACC03569,enterprise,USD,20304.71,2019-02-02,active,False
ACC03570,enterprise,GBP,39004.84,2022-08-27,active,False
ACC03571,smb,USD,238.67,2021-09-25,active,False
ACC03572,mid_market,USD,2090.31,2020-06-05,active,False
ACC03573,smb,USD,354.75,2022-11-13,active,True
ACC03574,mid_market,USD,2987.28,2020-08-20,active,False
ACC03575,mid_market,USD,2323.55,2019-05-15,active,False
ACC03576,mid_market,USD,2080.23,2021-10-11,active,False
ACC03577,smb,USD,285.09,2021-01-20,active,False
ACC03578,mid_market,GBP,1863.04,2020-11-02,active,False
ACC03579,smb,USD,368.55,2021-02-10,active,False
ACC03580,mid_market,USD,3568.16,2024-05-25,active,False
ACC03581,smb,EUR,351.2,2019-07-07,active,False
ACC03582,mid_market,USD,311.08,2019-12-06,active,False
ACC03583,mid_market,USD,2711.22,2021-12-15,active,False
ACC03584,smb,EUR,160.36,2018-04-30,active,False
ACC03585,mid_market,EUR,2419.95,2019-01-09,active,False
ACC03586,mid_market,USD,285.93,2021-12-18,active,False
ACC03587,smb,USD,262.0,2021-07-26,active,False
ACC03588,smb,USD,197.08,2022-07-27,active,True
ACC03589,smb,USD,287.46,2018-10-17,active,False
ACC03590,smb,USD,167.36,2023-12-23,active,False
ACC03591,smb,USD,371.08,2021-05-26,active,False
ACC03592,enterprise,USD,20927.41,2019-02-01,active,False
ACC03593,mid_market,EUR,3180.21,2020-03-07,active,False
ACC03594,mid_market,USD,316.6,2019-08-05,active,False
ACC03595,mid_market,GBP,2394.43,2021-03-01,active,False
ACC03596,mid_market,USD,3512.66,2021-04-14,active,False
ACC03597,mid_market,EUR,1126.58,2021-01-13,active,False
ACC03598,smb,USD,256.83,2021-03-24,active,False
ACC03599,mid_market,EUR,2539.42,2024-05-09,active,False
ACC03600,smb,USD,348.04,2024-09-17,active,False
ACC03601,smb,USD,277.15,2021-06-06,active,False
ACC03602,smb,USD,152.74,2024-09-27,active,False
ACC03603,mid_market,USD,2555.42,2023-09-24,active,False
ACC03604,smb,USD,227.52,2023-09-27,active,False
ACC03605,mid_market,USD,2359.35,2019-07-31,active,False
ACC03606,enterprise,GBP,26280.17,2021-01-25,active,False
ACC03607,smb,USD,374.71,2020-06-18,active,False
ACC03608,smb,USD,184.6,2018-09-04,active,False
ACC03609,mid_market,USD,3161.53,2018-07-11,active,False
ACC03610,smb,USD,98.74,2022-05-10,active,False
ACC03611,smb,USD,310.57,2020-12-11,active,False
ACC03612,smb,USD,368.14,2023-10-12,active,True
ACC03613,smb,USD,140.86,2022-09-06,active,False
ACC03614,smb,USD,379.62,2018-08-06,active,False
ACC03615,smb,USD,252.4,2023-11-13,active,False
ACC03616,mid_market,GBP,3597.44,2021-06-22,active,False
ACC03617,mid_market,EUR,3623.21,2021-12-17,active,False
ACC03618,enterprise,USD,32241.41,2024-10-04,active,False
ACC03619,enterprise,GBP,9567.26,2022-06-25,active,False
ACC03620,smb,USD,334.07,2018-02-26,active,False
ACC03621,smb,USD,107.72,2019-03-30,active,False
ACC03622,smb,USD,183.7,2020-12-25,active,False
ACC03623,enterprise,EUR,36085.53,2018-04-06,active,False
ACC03624,mid_market,USD,315.17,2019-03-05,active,False
ACC03625,mid_market,USD,2168.04,2023-07-17,active,False
ACC03626,mid_market,USD,352.62,2018-12-31,active,False
ACC03627,mid_market,EUR,215.47,2019-03-03,active,False
ACC03628,smb,EUR,84.59,2021-07-13,active,False
ACC03629,mid_market,USD,3279.78,2018-08-22,active,False
ACC03630,smb,USD,374.71,2019-10-16,active,False
ACC03631,smb,USD,334.61,2024-07-24,active,False
ACC03632,smb,USD,143.07,2022-06-03,active,False
ACC03633,mid_market,USD,3823.81,2024-09-28,active,False
ACC03634,mid_market,USD,2832.11,2020-06-24,active,False
ACC03635,smb,USD,98.12,2022-04-25,active,False
ACC03636,smb,USD,342.29,2019-09-02,active,False
ACC03637,smb,USD,185.23,2020-08-25,active,False
ACC03638,smb,USD,266.87,2019-03-23,active,False
ACC03639,smb,USD,81.38,2023-10-31,active,False
ACC03640,smb,USD,316.44,2019-04-16,active,False
ACC03641,enterprise,USD,30667.46,2019-06-08,active,False
ACC03642,smb,USD,370.56,2021-03-31,active,False
ACC03643,enterprise,GBP,8078.77,2021-01-02,active,False
ACC03644,smb,USD,212.42,2020-03-13,active,False
ACC03645,smb,USD,253.03,2020-07-01,active,False
ACC03646,mid_market,USD,1448.02,2020-01-25,active,False
ACC03647,smb,USD,301.55,2024-05-21,active,False
ACC03648,mid_market,USD,3463.45,2022-01-23,active,False
ACC03649,mid_market,EUR,2819.31,2024-06-08,active,False
ACC03650,mid_market,USD,3724.83,2024-11-27,active,False
ACC03651,smb,USD,362.38,2022-07-22,active,False
ACC03652,mid_market,GBP,2091.22,2023-10-12,active,False
ACC03653,smb,USD,300.18,2018-10-11,active,False
ACC03654,smb,USD,283.7,2024-08-23,active,False
ACC03655,smb,USD,224.2,2021-05-17,active,False
ACC03656,mid_market,USD,3183.17,2022-12-29,active,False
ACC03657,enterprise,GBP,25033.28,2019-09-20,active,False
ACC03658,mid_market,USD,2581.97,2018-09-02,active,False
ACC03659,smb,USD,188.6,2024-03-11,active,False
ACC03660,smb,USD,362.7,2021-02-22,active,False
ACC03661,smb,USD,271.51,2018-12-20,active,False
ACC03662,smb,USD,216.24,2022-08-11,active,False
ACC03663,enterprise,GBP,12366.76,2018-05-19,active,False
ACC03664,mid_market,USD,1103.13,2021-02-25,active,False
ACC03665,smb,USD,386.33,2022-12-06,active,False
ACC03666,smb,USD,280.34,2023-01-16,active,False
ACC03667,smb,USD,377.95,2021-03-04,active,False
ACC03668,smb,USD,165.44,2020-08-03,active,False
ACC03669,smb,GBP,215.4,2023-11-13,active,False
ACC03670,smb,USD,91.19,2019-04-18,active,False
ACC03671,smb,USD,338.94,2018-07-10,active,False
ACC03672,mid_market,USD,3855.6,2019-02-05,active,False
ACC03673,smb,USD,277.1,2023-08-10,active,False
ACC03674,enterprise,GBP,27877.86,2021-04-16,active,False
ACC03675,enterprise,EUR,26505.55,2018-04-06,active,False
ACC03676,smb,USD,356.24,2019-03-08,active,False
ACC03677,smb,USD,227.09,2018-03-13,active,False
ACC03678,mid_market,USD,1805.49,2023-09-13,active,False
ACC03679,smb,USD,389.17,2021-03-25,active,False
ACC03680,smb,USD,154.47,2018-06-23,active,False
ACC03681,smb,USD,104.76,2019-07-20,active,False
ACC03682,mid_market,USD,1004.84,2022-04-25,active,False
ACC03683,smb,USD,217.34,2022-02-26,active,False
ACC03684,mid_market,EUR,1894.31,2023-09-26,active,False
ACC03685,mid_market,USD,272.08,2018-03-07,active,False
ACC03686,smb,USD,218.41,2018-06-27,active,False
ACC03687,mid_market,USD,1894.03,2018-04-01,active,False
ACC03688,mid_market,USD,83.56,2020-10-04,active,False
ACC03689,smb,USD,392.75,2023-02-02,active,False
ACC03690,mid_market,EUR,818.38,2022-08-22,active,False
ACC03691,enterprise,GBP,26339.21,2019-06-22,active,False
ACC03692,smb,USD,378.51,2022-08-07,active,False
ACC03693,smb,USD,126.49,2022-08-05,active,False
ACC03694,smb,EUR,120.38,2019-05-05,active,False
ACC03695,smb,USD,130.87,2023-04-01,active,False
ACC03696,enterprise,USD,38969.78,2020-12-15,active,False
ACC03697,mid_market,USD,162.94,2018-06-01,active,False
ACC03698,mid_market,EUR,3600.78,2020-09-25,active,False
ACC03699,mid_market,GBP,3785.55,2023-05-22,active,False
ACC03700,mid_market,GBP,2844.58,2022-11-15,active,False
ACC03701,smb,USD,376.18,2019-11-18,active,False
ACC03702,smb,USD,134.02,2023-04-19,active,False
ACC03703,smb,USD,170.77,2020-09-22,active,False
ACC03704,smb,USD,369.7,2021-03-22,active,False
ACC03705,mid_market,USD,257.24,2018-08-10,active,False
ACC03706,enterprise,EUR,30642.21,2024-12-23,active,False
ACC03707,smb,USD,95.55,2023-11-14,active,False
ACC03708,mid_market,USD,2511.61,2019-05-14,active,False
ACC03709,mid_market,USD,186.88,2021-12-04,active,False
ACC03710,mid_market,USD,2977.78,2023-06-18,active,False
ACC03711,smb,USD,222.49,2021-07-13,active,False
ACC03712,enterprise,GBP,31601.53,2019-06-23,active,False
ACC03713,smb,USD,290.29,2024-10-11,active,False
ACC03714,smb,USD,142.1,2019-11-19,active,False
ACC03715,enterprise,GBP,12028.49,2020-05-04,active,False
ACC03716,smb,USD,367.38,2020-08-07,active,False
ACC03717,smb,USD,377.43,2024-03-26,active,False
ACC03718,smb,USD,180.03,2021-07-02,active,False
ACC03719,smb,USD,201.18,2023-01-14,active,False
ACC03720,mid_market,USD,191.51,2024-04-22,active,False
ACC03721,mid_market,USD,1100.6,2024-07-01,active,False
ACC03722,smb,USD,106.88,2023-12-30,active,False
ACC03723,smb,USD,354.49,2024-05-09,active,False
ACC03724,mid_market,USD,212.3,2024-08-20,active,False
ACC03725,mid_market,USD,3752.12,2024-12-08,active,False
ACC03726,smb,USD,209.73,2022-07-02,active,False
ACC03727,smb,EUR,148.81,2018-12-03,active,False
ACC03728,mid_market,USD,114.77,2018-10-17,active,False
ACC03729,mid_market,USD,2075.51,2023-07-28,active,False
ACC03730,smb,USD,188.45,2020-03-19,active,False
ACC03731,smb,USD,337.66,2023-08-19,active,False
ACC03732,smb,USD,94.31,2024-07-17,active,False
ACC03733,mid_market,EUR,1270.85,2022-07-06,active,False
ACC03734,mid_market,EUR,1989.32,2023-05-08,active,False
ACC03735,smb,USD,148.42,2019-12-14,active,False
ACC03736,smb,USD,120.16,2021-01-15,active,False
ACC03737,smb,USD,276.63,2024-10-02,active,False
ACC03738,mid_market,USD,3052.09,2023-09-19,active,False
ACC03739,smb,USD,278.92,2019-06-07,active,False
ACC03740,smb,USD,334.06,2024-07-21,active,False
ACC03741,smb,USD,105.77,2021-06-30,active,False
ACC03742,enterprise,EUR,31960.86,2023-11-27,active,False
ACC03743,mid_market,USD,1643.59,2021-08-25,active,False
ACC03744,mid_market,USD,2631.47,2022-03-24,active,False
ACC03745,smb,USD,293.15,2019-02-18,active,False
ACC03746,smb,USD,290.28,2020-05-15,active,False
ACC03747,smb,USD,325.56,2023-01-21,active,False
ACC03748,mid_market,EUR,1218.08,2023-11-24,active,False
ACC03749,smb,USD,176.31,2018-08-16,active,False
ACC03750,smb,USD,184.43,2018-07-16,active,False
ACC03751,smb,USD,125.32,2022-11-07,active,False
ACC03752,smb,USD,208.91,2021-02-16,active,False
ACC03753,smb,USD,224.14,2023-12-10,active,False
ACC03754,mid_market,USD,95.21,2018-06-24,active,False
ACC03755,smb,USD,331.86,2020-06-12,active,False
ACC03756,smb,USD,352.9,2018-04-01,active,False
ACC03757,smb,USD,240.27,2022-12-19,active,False
ACC03758,smb,USD,133.92,2024-01-02,active,False
ACC03759,smb,USD,179.67,2019-02-05,active,False
ACC03760,mid_market,USD,325.02,2020-04-08,active,False
ACC03761,smb,USD,362.78,2023-12-03,active,False
ACC03762,enterprise,GBP,16912.83,2018-04-16,active,False
ACC03763,smb,USD,399.72,2024-08-30,active,False
ACC03764,smb,USD,231.32,2024-03-17,active,False
ACC03765,mid_market,GBP,1129.85,2019-01-26,active,False
ACC03766,smb,USD,236.21,2018-12-22,active,False
ACC03767,enterprise,GBP,27883.89,2022-11-04,active,False
ACC03768,smb,USD,327.36,2018-01-26,active,False
ACC03769,smb,USD,280.89,2021-07-16,active,False
ACC03770,mid_market,USD,385.96,2018-06-18,active,False
ACC03771,smb,EUR,286.67,2021-09-20,active,False
ACC03772,mid_market,USD,2567.89,2020-06-14,active,False
ACC03773,enterprise,EUR,27587.77,2022-12-11,active,False
ACC03774,smb,USD,108.44,2024-03-01,active,False
ACC03775,mid_market,USD,1805.49,2021-06-03,active,False
ACC03776,enterprise,EUR,14190.1,2022-06-29,active,False
ACC03777,smb,USD,388.59,2022-03-15,active,False
ACC03778,smb,USD,382.53,2024-11-22,active,False
ACC03779,smb,USD,149.74,2019-08-14,active,False
ACC03780,mid_market,USD,147.71,2019-09-03,active,False
ACC03781,mid_market,USD,2665.21,2020-08-25,active,False
ACC03782,smb,USD,372.13,2023-02-26,active,False
ACC03783,mid_market,USD,1950.75,2024-01-21,active,False
ACC03784,mid_market,GBP,3850.22,2019-12-12,active,False
ACC03785,smb,USD,333.34,2018-10-08,active,False
ACC03786,mid_market,GBP,2721.46,2022-04-05,active,False
ACC03787,smb,USD,100.74,2022-03-08,active,False
ACC03788,smb,USD,240.81,2020-08-15,active,False
ACC03789,smb,USD,107.82,2019-04-17,active,False
ACC03790,smb,USD,174.08,2023-12-13,active,False
ACC03791,smb,USD,215.41,2023-12-04,active,False
ACC03792,smb,USD,276.43,2023-03-26,active,False
ACC03793,mid_market,USD,90.08,2022-01-20,active,False
ACC03794,smb,USD,126.78,2019-10-31,active,False
ACC03795,smb,USD,245.37,2020-10-27,active,False
ACC03796,mid_market,GBP,3994.08,2018-06-24,active,False
ACC03797,smb,USD,313.38,2019-10-01,active,False
ACC03798,smb,USD,293.0,2021-02-25,active,False
ACC03799,mid_market,USD,166.14,2021-01-21,active,False
ACC03800,mid_market,GBP,393.48,2018-07-25,active,False
ACC03801,enterprise,EUR,15713.55,2024-09-13,active,False
ACC03802,smb,USD,235.16,2019-11-17,active,False
ACC03803,smb,USD,287.52,2021-07-25,active,False
ACC03804,mid_market,USD,1131.77,2021-04-04,active,False
ACC03805,smb,USD,328.78,2021-04-15,active,False
ACC03806,smb,USD,230.66,2023-11-30,active,False
ACC03807,smb,USD,332.33,2023-03-23,active,False
ACC03808,smb,USD,313.91,2024-01-27,active,False
ACC03809,smb,USD,286.23,2020-08-26,active,False
ACC03810,enterprise,EUR,37652.09,2019-11-09,active,False
ACC03811,mid_market,GBP,3277.19,2020-12-28,active,False
ACC03812,smb,USD,123.68,2021-12-06,active,False
ACC03813,smb,USD,143.48,2020-05-11,active,False
ACC03814,smb,USD,247.3,2021-03-21,active,False
ACC03815,smb,USD,310.88,2019-01-21,active,False
ACC03816,mid_market,USD,258.97,2022-02-01,active,False
ACC03817,smb,USD,364.12,2022-12-30,active,False
ACC03818,smb,USD,153.45,2021-09-09,active,False
ACC03819,mid_market,USD,315.6,2024-02-10,active,False
ACC03820,smb,EUR,83.73,2024-12-19,active,False
ACC03821,smb,USD,189.55,2024-05-03,active,False
ACC03822,smb,USD,341.58,2018-08-26,active,False
ACC03823,mid_market,USD,195.02,2024-03-01,active,False
ACC03824,mid_market,EUR,2101.57,2020-05-02,active,False
ACC03825,smb,USD,275.47,2021-02-28,active,False
ACC03826,smb,USD,394.19,2020-11-19,active,False
ACC03827,mid_market,EUR,3955.76,2019-12-28,active,False
ACC03828,mid_market,USD,3237.1,2024-02-21,active,False
ACC03829,enterprise,EUR,30800.3,2022-06-19,active,False
ACC03830,smb,USD,147.97,2024-10-07,active,False
ACC03831,smb,USD,348.25,2024-09-06,active,False
ACC03832,smb,USD,132.01,2020-12-08,active,False
ACC03833,smb,USD,316.07,2023-02-02,active,False
ACC03834,smb,USD,181.51,2021-07-08,active,False
ACC03835,enterprise,GBP,28558.1,2021-06-18,active,False
ACC03836,mid_market,EUR,2886.77,2023-03-06,active,False
ACC03837,mid_market,EUR,1264.21,2022-10-27,active,False
ACC03838,mid_market,GBP,1714.59,2024-05-19,active,False
ACC03839,smb,USD,365.88,2023-05-29,active,False
ACC03840,mid_market,USD,2714.56,2022-05-10,active,False
ACC03841,smb,USD,219.59,2024-06-07,active,False
ACC03842,enterprise,EUR,10619.82,2018-09-19,active,False
ACC03843,smb,USD,397.91,2023-05-05,active,False
ACC03844,smb,USD,191.91,2020-09-29,active,False
ACC03845,mid_market,USD,286.73,2021-01-12,active,False
ACC03846,smb,USD,332.94,2023-06-21,active,False
ACC03847,smb,USD,84.93,2019-12-01,active,False
ACC03848,smb,USD,97.66,2024-03-08,active,False
ACC03849,smb,USD,116.37,2021-07-01,active,False
ACC03850,enterprise,USD,22718.89,2020-06-11,active,False
ACC03851,mid_market,USD,2525.5,2020-04-18,active,False
ACC03852,enterprise,EUR,38480.72,2020-12-11,active,False
ACC03853,smb,USD,264.55,2024-08-06,active,False
ACC03854,smb,USD,120.84,2018-09-20,active,False
ACC03855,smb,USD,356.56,2021-07-22,active,False
ACC03856,smb,USD,379.25,2023-11-05,active,False
ACC03857,mid_market,USD,206.08,2021-04-21,active,True
ACC03858,mid_market,USD,152.11,2021-12-17,active,False
ACC03859,smb,USD,325.01,2020-06-08,active,False
ACC03860,smb,USD,373.29,2018-12-15,active,False
ACC03861,enterprise,USD,31233.89,2022-06-23,active,True
ACC03862,mid_market,USD,329.32,2024-06-09,active,False
ACC03863,smb,USD,138.03,2021-08-22,active,False
ACC03864,enterprise,GBP,22777.24,2021-01-09,active,False
ACC03865,smb,USD,390.85,2018-11-26,active,False
ACC03866,mid_market,USD,2683.4,2024-08-11,active,False
ACC03867,smb,USD,143.75,2024-01-31,active,False
ACC03868,enterprise,USD,18666.0,2024-04-24,active,False
ACC03869,mid_market,USD,2497.06,2020-07-06,active,False
ACC03870,smb,USD,137.39,2022-05-18,active,False
ACC03871,smb,USD,373.43,2021-01-10,active,False
ACC03872,smb,USD,290.91,2019-08-23,active,False
ACC03873,smb,USD,249.97,2019-06-10,active,False
ACC03874,mid_market,USD,90.89,2020-09-08,active,False
ACC03875,smb,USD,360.95,2021-11-15,active,False
ACC03876,smb,USD,311.32,2018-11-08,active,False
ACC03877,smb,USD,132.38,2022-11-30,active,False
ACC03878,mid_market,EUR,2502.66,2021-03-16,active,False
ACC03879,smb,USD,383.8,2024-03-02,active,False
ACC03880,smb,USD,318.43,2019-12-14,active,False
ACC03881,mid_market,USD,1238.99,2018-05-12,active,False
ACC03882,smb,USD,295.62,2020-03-08,active,False
ACC03883,mid_market,USD,3188.11,2024-10-23,active,False
ACC03884,smb,USD,191.55,2020-04-03,active,False
ACC03885,smb,USD,277.37,2022-12-04,active,False
ACC03886,mid_market,USD,327.39,2023-11-26,active,False
ACC03887,smb,USD,380.33,2019-12-28,active,False
ACC03888,mid_market,EUR,1946.2,2022-07-01,active,False
ACC03889,mid_market,USD,386.35,2019-06-07,active,False
ACC03890,smb,USD,141.18,2020-07-14,active,False
ACC03891,mid_market,USD,196.61,2020-01-27,active,False
ACC03892,smb,USD,376.77,2022-09-15,active,False
ACC03893,mid_market,EUR,1682.27,2024-02-17,active,False
ACC03894,mid_market,EUR,905.22,2019-10-08,active,False
ACC03895,smb,USD,200.84,2020-01-15,active,False
ACC03896,smb,USD,259.4,2023-09-30,active,False
ACC03897,enterprise,USD,14545.78,2021-03-28,active,False
ACC03898,enterprise,GBP,10438.3,2021-08-04,active,False
ACC03899,smb,USD,141.33,2022-12-09,active,False
ACC03900,smb,USD,168.73,2018-12-18,active,False
ACC03901,smb,USD,225.93,2024-02-07,active,False
ACC03902,mid_market,USD,3460.33,2020-07-22,active,False
ACC03903,smb,USD,325.24,2022-08-11,active,False
ACC03904,mid_market,USD,3737.66,2021-01-09,active,False
ACC03905,smb,USD,258.13,2023-04-09,active,False
ACC03906,smb,USD,264.74,2022-04-13,active,False
ACC03907,mid_market,USD,115.89,2019-03-20,active,False
ACC03908,smb,USD,356.4,2019-04-26,active,False
ACC03909,smb,USD,239.47,2024-02-21,active,False
ACC03910,smb,USD,324.45,2021-08-21,active,False
ACC03911,smb,USD,364.19,2019-12-06,active,False
ACC03912,smb,USD,212.62,2019-01-02,active,False
ACC03913,smb,USD,234.64,2018-11-25,active,False
ACC03914,mid_market,USD,3429.38,2024-06-09,active,False
ACC03915,enterprise,EUR,9856.17,2024-10-31,active,False
ACC03916,enterprise,GBP,17059.23,2020-10-02,active,False
ACC03917,smb,USD,274.11,2019-05-31,active,False
ACC03918,smb,USD,245.53,2020-12-06,active,False
ACC03919,smb,USD,264.6,2018-12-16,active,False
ACC03920,smb,USD,376.45,2021-11-05,active,False
ACC03921,smb,USD,358.72,2022-05-20,active,False
ACC03922,smb,USD,111.11,2024-11-23,active,False
ACC03923,smb,USD,322.75,2020-03-26,active,False
ACC03924,smb,EUR,246.75,2019-05-21,active,False
ACC03925,mid_market,USD,942.57,2018-12-07,active,False
ACC03926,mid_market,USD,2016.14,2020-08-22,active,False
ACC03927,mid_market,USD,233.62,2022-03-17,active,False
ACC03928,mid_market,EUR,3514.27,2018-06-20,active,False
ACC03929,smb,USD,221.07,2023-04-24,active,False
ACC03930,smb,USD,215.83,2021-03-22,active,False
ACC03931,mid_market,USD,3593.93,2023-07-21,active,False
ACC03932,mid_market,USD,366.27,2021-03-30,active,False
ACC03933,smb,USD,269.77,2019-02-02,active,False
ACC03934,smb,USD,248.68,2018-02-24,active,False
ACC03935,smb,USD,100.88,2021-11-24,active,False
ACC03936,smb,USD,187.18,2021-10-10,active,False
ACC03937,smb,USD,92.13,2023-09-11,active,False
ACC03938,smb,USD,147.07,2024-02-21,active,False
ACC03939,mid_market,USD,1589.87,2019-02-16,active,False
ACC03940,smb,USD,271.22,2020-03-15,active,False
ACC03941,smb,USD,299.29,2019-06-15,active,False
ACC03942,enterprise,USD,35342.23,2018-09-30,active,False
ACC03943,mid_market,USD,276.69,2018-01-07,active,False
ACC03944,smb,USD,157.51,2018-07-30,active,False
ACC03945,enterprise,EUR,15610.27,2021-09-02,active,False
ACC03946,smb,USD,178.74,2019-01-24,active,False
ACC03947,enterprise,USD,12851.64,2019-05-13,active,False
ACC03948,mid_market,USD,2207.2,2018-10-29,active,False
ACC03949,enterprise,USD,25355.91,2023-01-26,active,False
ACC03950,smb,USD,256.79,2022-06-13,active,False
ACC03951,smb,USD,358.1,2024-09-25,active,False
ACC03952,smb,USD,213.78,2018-10-12,active,False
ACC03953,smb,USD,375.4,2019-06-18,active,False
ACC03954,mid_market,USD,1117.78,2021-03-10,active,False
ACC03955,enterprise,GBP,8335.33,2022-07-18,active,False
ACC03956,smb,USD,107.17,2018-11-29,active,False
ACC03957,smb,USD,330.15,2019-06-26,active,False
ACC03958,smb,USD,259.81,2020-12-13,active,False
ACC03959,smb,USD,352.44,2018-02-16,active,False
ACC03960,mid_market,USD,3988.16,2020-10-07,active,False
ACC03961,enterprise,EUR,13488.25,2023-04-23,active,False
ACC03962,smb,USD,212.98,2021-09-08,active,False
ACC03963,smb,USD,99.57,2021-01-14,active,False
ACC03964,smb,USD,92.89,2021-06-01,active,False
ACC03965,enterprise,EUR,34619.65,2024-08-16,active,False
ACC03966,smb,USD,109.02,2021-08-23,active,False
ACC03967,smb,USD,191.37,2021-09-27,active,False
ACC03968,smb,USD,288.69,2024-07-07,active,False
ACC03969,mid_market,USD,214.46,2019-02-07,active,False
ACC03970,enterprise,GBP,16283.56,2018-09-03,active,False
ACC03971,smb,USD,276.38,2021-02-23,active,False
ACC03972,smb,USD,89.88,2020-03-25,active,False
ACC03973,smb,USD,328.35,2019-06-03,active,False
ACC03974,smb,USD,341.67,2018-11-02,active,False
ACC03975,mid_market,USD,2313.35,2024-02-23,active,False
ACC03976,mid_market,EUR,2026.54,2022-04-20,active,False
ACC03977,mid_market,USD,113.61,2022-11-01,active,False
ACC03978,smb,USD,230.38,2018-10-29,active,False
ACC03979,smb,USD,226.46,2020-05-22,active,False
ACC03980,smb,USD,175.63,2022-05-06,active,False
ACC03981,smb,USD,345.74,2021-09-11,active,False
ACC03982,mid_market,USD,3686.81,2022-11-12,active,False
ACC03983,smb,USD,247.12,2022-09-08,active,False
ACC03984,smb,USD,329.47,2020-11-22,active,False
ACC03985,smb,USD,261.1,2023-06-24,active,False
ACC03986,smb,USD,287.76,2019-10-26,active,False
ACC03987,smb,USD,334.94,2018-07-24,active,False
ACC03988,smb,USD,84.22,2024-05-23,active,False
ACC03989,mid_market,USD,3399.95,2018-02-27,active,False
ACC03990,smb,USD,322.7,2019-12-27,active,False
ACC03991,mid_market,EUR,2262.12,2018-10-20,active,False
ACC03992,smb,USD,312.49,2019-08-16,active,False
ACC03993,mid_market,USD,1344.28,2020-10-06,active,False
ACC03994,smb,USD,360.59,2018-11-28,active,False
ACC03995,smb,USD,155.19,2021-04-07,active,False
ACC03996,smb,USD,97.66,2024-06-28,active,False
ACC03997,smb,EUR,251.77,2018-12-15,active,False
ACC03998,smb,USD,327.35,2024-06-26,active,False
ACC03999,mid_market,USD,335.65,2020-11-16,active,False
ACC04000,smb,EUR,317.36,2022-02-23,active,False
ACC04001,mid_market,EUR,2183.15,2021-02-02,active,False
ACC04002,smb,USD,108.43,2020-03-20,active,False
ACC04003,smb,USD,195.84,2018-10-06,active,False
ACC04004,smb,USD,365.75,2022-02-25,active,False
ACC04005,smb,USD,88.19,2024-05-31,active,False
ACC04006,smb,USD,377.29,2021-08-24,active,False
ACC04007,smb,USD,355.65,2022-03-12,active,False
ACC04008,smb,USD,355.61,2022-07-04,active,False
ACC04009,smb,USD,231.73,2020-09-20,active,False
ACC04010,mid_market,USD,371.33,2018-11-05,active,False
ACC04011,smb,USD,138.09,2021-07-19,active,False
ACC04012,smb,USD,326.5,2024-01-30,active,False
ACC04013,mid_market,EUR,2656.77,2020-03-14,active,False
ACC04014,enterprise,USD,17719.94,2024-02-06,active,False
ACC04015,enterprise,GBP,19121.76,2023-12-24,active,False
ACC04016,mid_market,USD,1766.62,2019-09-18,active,False
ACC04017,smb,USD,237.91,2022-01-09,active,False
ACC04018,smb,USD,180.04,2023-03-26,active,False
ACC04019,smb,EUR,218.23,2021-06-18,active,False
ACC04020,mid_market,USD,1289.82,2022-11-23,active,False
ACC04021,enterprise,EUR,34069.96,2024-05-17,active,False
ACC04022,smb,USD,219.36,2022-05-23,active,False
ACC04023,smb,USD,201.68,2023-11-12,active,False
ACC04024,smb,USD,90.1,2023-08-10,active,False
ACC04025,smb,USD,353.62,2023-09-09,active,False
ACC04026,smb,USD,322.06,2023-12-19,active,False
ACC04027,mid_market,EUR,3409.62,2019-07-31,active,False
ACC04028,smb,USD,161.35,2018-02-16,active,False
ACC04029,smb,USD,291.43,2019-01-27,active,False
ACC04030,smb,USD,363.23,2019-10-01,active,False
ACC04031,mid_market,USD,1369.56,2022-10-30,active,False
ACC04032,smb,USD,350.74,2021-07-27,active,False
ACC04033,smb,USD,358.12,2021-04-12,active,False
ACC04034,smb,USD,205.33,2018-01-24,active,False
ACC04035,smb,USD,210.44,2022-10-14,active,False
ACC04036,smb,USD,112.1,2020-07-20,active,False
ACC04037,smb,USD,266.39,2023-04-29,active,False
ACC04038,mid_market,EUR,1099.59,2018-10-16,active,False
ACC04039,enterprise,EUR,29099.14,2020-01-25,active,False
ACC04040,smb,EUR,351.45,2018-05-20,active,False
ACC04041,smb,USD,245.5,2019-12-29,active,False
ACC04042,enterprise,EUR,35474.56,2024-06-18,active,False
ACC04043,smb,USD,336.73,2021-06-08,active,False
ACC04044,smb,USD,361.48,2021-01-28,active,False
ACC04045,smb,USD,173.64,2019-12-01,active,False
ACC04046,mid_market,GBP,2543.28,2019-11-09,active,False
ACC04047,smb,USD,240.98,2022-09-02,active,False
ACC04048,smb,USD,345.03,2024-11-23,active,False
ACC04049,smb,USD,95.76,2023-03-24,active,False
ACC04050,enterprise,EUR,8658.21,2023-02-27,active,False
ACC04051,smb,USD,135.65,2021-04-21,active,False
ACC04052,smb,USD,262.6,2018-09-10,active,False
ACC04053,smb,USD,260.29,2023-01-25,active,False
ACC04054,smb,USD,280.36,2023-08-30,active,False
ACC04055,mid_market,USD,1973.66,2021-07-28,active,False
ACC04056,smb,USD,184.06,2018-08-22,active,False
ACC04057,smb,USD,181.73,2022-12-28,active,False
ACC04058,mid_market,USD,126.95,2024-06-12,active,False
ACC04059,mid_market,EUR,1387.09,2019-07-30,active,False
ACC04060,smb,USD,182.57,2019-02-12,active,False
ACC04061,smb,USD,148.08,2023-03-04,active,False
ACC04062,smb,USD,263.55,2020-04-28,active,False
ACC04063,smb,EUR,307.77,2023-01-02,active,False
ACC04064,smb,USD,345.33,2022-12-03,active,False
ACC04065,smb,USD,282.48,2019-11-13,active,False
ACC04066,smb,USD,318.01,2018-04-19,active,False
ACC04067,smb,USD,216.87,2021-11-22,active,False
ACC04068,smb,USD,227.4,2020-11-08,active,False
ACC04069,mid_market,USD,2285.92,2023-12-27,active,False
ACC04070,smb,USD,146.19,2020-07-03,active,False
ACC04071,smb,USD,396.91,2019-09-30,active,False
ACC04072,enterprise,GBP,9086.99,2024-01-08,active,False
ACC04073,smb,USD,100.93,2023-02-25,active,False
ACC04074,mid_market,USD,221.29,2022-04-30,active,False
ACC04075,smb,USD,167.34,2024-09-04,active,False
ACC04076,mid_market,USD,1264.0,2023-06-25,active,False
ACC04077,smb,USD,237.19,2024-01-24,active,False
ACC04078,smb,USD,349.06,2023-08-05,active,False
ACC04079,smb,USD,136.06,2020-10-23,active,False
ACC04080,smb,USD,331.56,2018-06-09,active,False
ACC04081,smb,USD,334.45,2022-04-02,active,False
ACC04082,smb,USD,259.76,2023-05-10,active,False
ACC04083,mid_market,USD,979.74,2024-12-09,active,False
ACC04084,smb,USD,321.7,2022-10-09,active,False
ACC04085,smb,USD,259.37,2021-12-23,active,False
ACC04086,smb,EUR,94.81,2022-01-11,active,False
ACC04087,mid_market,USD,1956.08,2018-10-22,active,False
ACC04088,smb,USD,384.25,2018-01-19,active,False
ACC04089,smb,EUR,179.68,2018-04-27,active,False
ACC04090,smb,EUR,91.26,2024-05-01,active,False
ACC04091,smb,GBP,347.5,2023-07-14,active,False
ACC04092,smb,USD,271.86,2019-10-28,active,False
ACC04093,mid_market,USD,182.18,2020-12-18,active,False
ACC04094,mid_market,USD,2812.71,2021-05-21,active,False
ACC04095,mid_market,USD,1178.27,2019-09-23,active,False
ACC04096,mid_market,USD,317.2,2020-12-16,active,False
ACC04097,smb,USD,242.35,2020-06-07,active,False
ACC04098,smb,USD,142.11,2022-11-11,active,False
ACC04099,smb,USD,114.68,2023-04-20,active,False
ACC04100,smb,USD,208.22,2018-09-09,active,False
ACC04101,mid_market,EUR,2021.53,2021-04-04,active,False
ACC04102,smb,USD,97.78,2024-12-08,active,False
ACC04103,mid_market,EUR,1659.72,2024-01-29,active,False
ACC04104,mid_market,USD,2599.69,2023-07-22,active,False
ACC04105,smb,USD,226.94,2023-02-22,active,False
ACC04106,mid_market,USD,333.29,2018-01-12,active,False
ACC04107,smb,USD,392.92,2024-10-25,active,False
ACC04108,smb,USD,92.6,2023-02-23,active,False
ACC04109,enterprise,GBP,15081.4,2024-03-21,active,False
ACC04110,mid_market,USD,1024.03,2024-05-12,active,False
ACC04111,smb,USD,184.37,2019-10-13,active,False
ACC04112,smb,USD,269.82,2018-02-05,active,False
ACC04113,mid_market,EUR,3800.85,2022-08-12,active,False
ACC04114,smb,USD,128.12,2021-03-19,active,False
ACC04115,smb,USD,111.4,2018-02-22,active,False
ACC04116,smb,USD,279.86,2019-11-24,active,False
ACC04117,smb,USD,149.63,2024-12-08,active,False
ACC04118,mid_market,EUR,2866.78,2020-07-17,active,False
ACC04119,mid_market,USD,180.4,2019-10-30,active,False
ACC04120,smb,USD,320.64,2022-08-01,active,False
ACC04121,smb,USD,278.77,2022-08-27,active,False
ACC04122,mid_market,EUR,1678.17,2020-04-28,active,False
ACC04123,mid_market,USD,219.45,2023-12-11,active,False
ACC04124,smb,USD,80.22,2022-01-23,active,False
ACC04125,smb,USD,138.99,2019-02-15,active,False
ACC04126,smb,USD,297.72,2020-04-10,active,False
ACC04127,smb,USD,253.45,2023-12-08,active,False
ACC04128,mid_market,USD,1802.63,2018-08-17,active,False
ACC04129,smb,USD,122.15,2018-02-01,active,False
ACC04130,smb,USD,289.6,2022-08-06,active,False
ACC04131,mid_market,EUR,1632.46,2021-02-03,active,False
ACC04132,mid_market,USD,924.77,2019-10-09,active,False
ACC04133,smb,USD,296.13,2021-04-21,active,False
ACC04134,smb,USD,314.46,2019-04-15,active,False
ACC04135,smb,USD,273.24,2020-08-14,active,False
ACC04136,mid_market,EUR,1088.94,2019-08-21,active,False
ACC04137,smb,EUR,365.4,2022-02-07,active,False
ACC04138,smb,EUR,338.67,2022-09-18,active,False
ACC04139,enterprise,EUR,26609.77,2024-05-27,active,False
ACC04140,enterprise,USD,32133.34,2018-06-23,active,False
ACC04141,smb,USD,357.38,2020-04-15,active,False
ACC04142,smb,USD,131.33,2019-11-07,active,False
ACC04143,smb,USD,307.64,2022-01-20,active,False
ACC04144,mid_market,USD,1432.54,2021-09-24,active,False
ACC04145,smb,USD,177.85,2024-02-21,active,False
ACC04146,smb,EUR,235.72,2024-06-07,active,False
ACC04147,smb,USD,134.53,2023-05-30,active,False
ACC04148,smb,USD,196.8,2019-05-24,active,False
ACC04149,mid_market,USD,88.64,2018-04-15,active,False
ACC04150,smb,USD,181.93,2024-04-17,active,False
ACC04151,smb,USD,101.44,2024-08-06,active,False
ACC04152,smb,USD,278.57,2019-10-02,active,False
ACC04153,enterprise,GBP,13887.58,2018-04-30,active,False
ACC04154,enterprise,GBP,35675.69,2022-10-06,active,False
ACC04155,enterprise,GBP,33873.58,2022-02-13,active,False
ACC04156,enterprise,USD,38308.13,2024-03-21,active,False
ACC04157,enterprise,GBP,14794.41,2022-01-10,active,False
ACC04158,mid_market,USD,379.65,2023-04-28,active,False
ACC04159,smb,USD,328.67,2023-07-04,active,False
ACC04160,mid_market,USD,311.62,2018-01-26,active,False
ACC04161,smb,USD,312.02,2019-01-15,active,False
ACC04162,smb,USD,368.12,2023-06-17,active,False
ACC04163,mid_market,USD,114.99,2019-04-04,active,False
ACC04164,mid_market,USD,1051.44,2019-06-11,active,False
ACC04165,smb,GBP,119.31,2023-04-07,active,False
ACC04166,mid_market,USD,3390.99,2019-06-07,active,False
ACC04167,smb,USD,151.13,2019-01-18,active,False
ACC04168,mid_market,EUR,2076.05,2018-02-04,active,False
ACC04169,mid_market,EUR,2842.46,2021-04-14,active,False
ACC04170,mid_market,USD,271.34,2022-06-16,active,False
ACC04171,smb,USD,196.63,2023-02-14,active,False
ACC04172,smb,USD,213.07,2024-05-03,active,False
ACC04173,mid_market,USD,3147.84,2022-07-23,active,False
ACC04174,smb,USD,225.58,2023-04-18,active,False
ACC04175,smb,USD,312.0,2019-06-23,active,False
ACC04176,smb,USD,184.62,2020-05-20,active,False
ACC04177,smb,USD,376.26,2020-02-16,active,False
ACC04178,smb,USD,168.12,2018-06-16,active,False
ACC04179,smb,USD,264.75,2024-10-12,active,False
ACC04180,smb,USD,349.71,2019-09-09,active,False
ACC04181,smb,USD,81.25,2021-02-20,active,False
ACC04182,smb,USD,154.19,2020-07-01,active,True
ACC04183,mid_market,USD,278.2,2018-04-24,active,False
ACC04184,smb,USD,367.88,2024-04-27,active,False
ACC04185,smb,USD,146.94,2019-07-16,active,False
ACC04186,smb,EUR,254.86,2018-09-14,active,False
ACC04187,mid_market,USD,245.52,2020-05-25,active,False
ACC04188,smb,EUR,215.75,2019-01-03,active,False
ACC04189,mid_market,USD,2275.61,2024-12-29,active,False
ACC04190,smb,USD,131.77,2019-04-29,active,False
ACC04191,mid_market,USD,3661.44,2020-02-13,active,False
ACC04192,mid_market,EUR,1107.8,2019-11-25,active,False
ACC04193,smb,USD,81.69,2018-03-09,active,False
ACC04194,mid_market,USD,2942.01,2018-02-02,active,False
ACC04195,smb,USD,348.98,2021-08-04,active,False
ACC04196,mid_market,USD,2941.34,2019-08-18,active,False
ACC04197,mid_market,EUR,2984.99,2018-08-02,active,False
ACC04198,mid_market,EUR,3385.81,2020-01-15,active,False
ACC04199,smb,USD,175.11,2019-12-02,active,False
ACC04200,smb,USD,360.11,2020-12-19,active,False
ACC04201,smb,USD,381.26,2024-12-11,active,False
ACC04202,smb,USD,316.44,2020-02-24,active,False
ACC04203,enterprise,EUR,38505.64,2022-12-07,active,False
ACC04204,smb,USD,193.06,2023-05-19,active,False
ACC04205,smb,USD,167.7,2018-05-10,active,False
ACC04206,smb,USD,367.6,2021-07-05,active,False
ACC04207,mid_market,EUR,1138.47,2021-02-20,active,False
ACC04208,mid_market,USD,1514.86,2021-07-21,active,False
ACC04209,smb,USD,276.93,2019-03-15,active,False
ACC04210,smb,USD,230.33,2021-04-03,active,False
ACC04211,smb,USD,353.26,2018-11-11,active,False
ACC04212,smb,USD,148.83,2024-08-14,active,False
ACC04213,smb,USD,343.33,2022-02-09,active,False
ACC04214,mid_market,USD,3875.36,2018-03-30,active,False
ACC04215,smb,USD,173.65,2021-07-16,active,False
ACC04216,smb,USD,132.74,2024-06-25,active,False
ACC04217,smb,USD,258.35,2023-03-14,active,False
ACC04218,mid_market,EUR,1570.8,2019-11-29,active,False
ACC04219,enterprise,USD,19475.95,2024-03-30,active,False
ACC04220,enterprise,USD,38276.83,2019-04-20,active,False
ACC04221,smb,USD,334.78,2019-09-23,active,False
ACC04222,smb,USD,157.7,2019-02-01,active,False
ACC04223,mid_market,USD,2174.19,2024-06-17,active,False
ACC04224,smb,USD,185.76,2023-01-07,active,False
ACC04225,smb,USD,291.22,2021-08-16,active,False
ACC04226,enterprise,USD,25370.73,2022-09-04,active,False
ACC04227,smb,USD,242.83,2019-10-24,active,False
ACC04228,mid_market,USD,3617.32,2018-06-30,active,False
ACC04229,smb,USD,91.53,2023-12-02,active,False
ACC04230,smb,USD,333.19,2024-09-30,active,False
ACC04231,smb,USD,377.37,2018-04-01,active,False
ACC04232,mid_market,EUR,1500.48,2018-05-13,active,False
ACC04233,smb,USD,191.98,2021-12-01,active,False
ACC04234,mid_market,USD,385.19,2018-04-20,active,False
ACC04235,smb,USD,180.14,2023-01-19,active,False
ACC04236,enterprise,GBP,30408.69,2024-08-13,active,False
ACC04237,smb,USD,370.08,2019-12-17,active,False
ACC04238,smb,USD,245.19,2020-01-23,active,False
ACC04239,smb,USD,375.56,2024-01-17,active,False
ACC04240,mid_market,USD,1866.58,2020-06-29,active,False
ACC04241,enterprise,GBP,36371.7,2019-09-07,active,False
ACC04242,enterprise,USD,14716.27,2018-08-04,active,False
ACC04243,smb,EUR,328.74,2023-11-17,active,False
ACC04244,enterprise,EUR,19444.31,2024-06-24,active,False
ACC04245,smb,USD,295.62,2018-07-20,active,False
ACC04246,mid_market,USD,3283.58,2023-08-15,active,True
ACC04247,smb,USD,342.09,2019-02-13,active,False
ACC04248,smb,USD,361.91,2018-12-21,active,False
ACC04249,mid_market,USD,120.91,2020-08-31,active,False
ACC04250,smb,USD,151.38,2021-01-21,active,False
ACC04251,mid_market,USD,289.75,2023-12-23,active,False
ACC04252,smb,USD,247.84,2022-11-24,active,False
ACC04253,mid_market,USD,182.18,2019-01-05,active,False
ACC04254,mid_market,EUR,1153.56,2022-02-01,active,False
ACC04255,mid_market,USD,1110.34,2024-02-16,active,False
ACC04256,mid_market,USD,2677.11,2022-08-20,active,False
ACC04257,mid_market,USD,1121.98,2019-08-11,active,False
ACC04258,smb,USD,117.86,2018-11-26,active,False
ACC04259,enterprise,EUR,19264.36,2021-03-02,active,False
ACC04260,smb,USD,306.42,2021-04-21,active,False
ACC04261,mid_market,USD,3665.5,2020-06-20,active,False
ACC04262,smb,USD,175.43,2018-10-07,active,False
ACC04263,mid_market,EUR,3097.52,2018-10-29,active,False
ACC04264,smb,USD,192.53,2021-09-14,active,False
ACC04265,smb,USD,269.9,2024-08-10,active,False
ACC04266,smb,EUR,213.32,2022-03-09,active,False
ACC04267,enterprise,GBP,13645.27,2021-01-24,active,False
ACC04268,mid_market,EUR,3769.95,2024-07-08,active,False
ACC04269,smb,USD,114.98,2022-10-31,active,False
ACC04270,smb,USD,107.41,2023-01-09,active,False
ACC04271,enterprise,EUR,39940.76,2022-01-10,active,False
ACC04272,enterprise,EUR,13214.24,2023-05-04,active,False
ACC04273,mid_market,USD,2626.57,2021-07-06,active,False
ACC04274,smb,USD,153.54,2022-05-10,active,False
ACC04275,mid_market,EUR,1081.64,2022-04-25,active,False
ACC04276,smb,USD,216.22,2023-04-08,active,False
ACC04277,mid_market,USD,2830.03,2024-04-15,active,False
ACC04278,smb,USD,220.81,2020-01-23,active,False
ACC04279,mid_market,USD,242.98,2022-11-23,active,False
ACC04280,mid_market,USD,3851.52,2018-03-22,active,False
ACC04281,enterprise,GBP,11059.88,2021-09-23,active,False
ACC04282,mid_market,EUR,328.15,2024-04-16,active,False
ACC04283,mid_market,USD,2461.84,2022-07-08,active,False
ACC04284,smb,USD,268.43,2019-11-16,active,False
ACC04285,smb,USD,197.83,2022-03-30,active,False
ACC04286,smb,USD,152.82,2020-07-03,active,False
ACC04287,smb,USD,336.82,2021-01-12,active,False
ACC04288,enterprise,USD,25711.58,2019-08-07,active,False
ACC04289,mid_market,USD,319.32,2022-05-16,active,False
ACC04290,smb,USD,303.61,2019-05-22,active,False
ACC04291,smb,USD,271.77,2021-02-07,active,False
ACC04292,smb,USD,297.86,2024-07-28,active,False
ACC04293,smb,USD,357.38,2023-04-21,active,False
ACC04294,smb,USD,97.86,2020-11-25,active,False
ACC04295,smb,EUR,99.43,2024-10-12,active,False
ACC04296,mid_market,GBP,2759.31,2018-02-05,active,False
ACC04297,smb,USD,260.79,2024-09-19,active,False
ACC04298,mid_market,EUR,3108.13,2020-06-19,active,False
ACC04299,smb,USD,196.26,2023-09-29,active,False
ACC04300,smb,USD,160.29,2024-08-18,active,False
ACC04301,smb,EUR,168.15,2022-03-19,active,False
ACC04302,mid_market,EUR,2427.19,2022-04-10,active,False
ACC04303,mid_market,USD,3971.5,2023-03-31,active,False
ACC04304,smb,USD,266.26,2019-09-05,active,False
ACC04305,smb,USD,104.49,2019-04-01,active,False
ACC04306,smb,USD,302.16,2020-05-28,active,False
ACC04307,mid_market,USD,3363.28,2021-05-09,active,False
ACC04308,smb,USD,112.27,2023-03-14,active,False
ACC04309,smb,USD,123.9,2019-10-20,active,False
ACC04310,smb,USD,250.55,2021-12-14,active,False
ACC04311,mid_market,USD,253.73,2018-01-09,active,False
ACC04312,smb,USD,285.78,2018-03-21,active,False
ACC04313,mid_market,USD,913.36,2024-10-06,active,False
ACC04314,mid_market,USD,300.33,2023-12-14,active,False
ACC04315,enterprise,GBP,16904.43,2024-01-17,active,False
ACC04316,mid_market,USD,2986.0,2020-04-20,active,False
ACC04317,mid_market,USD,258.17,2021-08-06,active,False
ACC04318,smb,USD,156.51,2022-09-21,active,False
ACC04319,smb,USD,149.49,2019-10-12,active,False
ACC04320,smb,USD,127.67,2023-03-18,active,False
ACC04321,mid_market,USD,2433.36,2022-11-07,active,False
ACC04322,smb,USD,275.43,2020-11-06,active,False
ACC04323,mid_market,EUR,3859.44,2021-01-16,active,False
ACC04324,smb,USD,146.78,2020-02-25,active,False
ACC04325,enterprise,EUR,36504.45,2023-08-16,active,False
ACC04326,enterprise,EUR,17657.4,2024-11-27,active,False
ACC04327,smb,USD,92.16,2024-12-29,active,False
ACC04328,mid_market,USD,2240.61,2023-05-26,active,False
ACC04329,smb,USD,313.95,2020-06-11,active,False
ACC04330,smb,USD,283.65,2023-06-20,active,False
ACC04331,smb,USD,122.87,2019-09-17,active,False
ACC04332,smb,USD,321.47,2024-04-10,active,False
ACC04333,smb,USD,310.53,2019-11-15,active,False
ACC04334,mid_market,USD,2177.68,2020-10-26,active,False
ACC04335,mid_market,USD,914.63,2018-08-27,active,False
ACC04336,smb,USD,190.58,2018-07-27,active,False
ACC04337,smb,USD,351.08,2020-10-04,active,False
ACC04338,mid_market,USD,240.3,2021-11-07,active,False
ACC04339,smb,USD,273.43,2018-02-14,active,False
ACC04340,smb,USD,277.83,2023-12-03,active,False
ACC04341,mid_market,USD,353.52,2018-10-20,active,False
ACC04342,mid_market,USD,908.55,2024-12-26,active,False
ACC04343,smb,USD,152.25,2019-11-26,active,False
ACC04344,smb,USD,297.56,2020-08-26,active,False
ACC04345,smb,USD,389.61,2019-02-13,active,False
ACC04346,mid_market,USD,3693.8,2023-10-09,active,False
ACC04347,smb,USD,138.16,2023-02-15,active,False
ACC04348,mid_market,EUR,3019.84,2018-07-20,active,False
ACC04349,smb,EUR,157.9,2018-09-27,active,False
ACC04350,smb,USD,342.88,2022-04-06,active,False
ACC04351,smb,USD,282.62,2024-01-23,active,False
ACC04352,smb,USD,134.02,2018-10-08,active,True
ACC04353,mid_market,USD,3392.63,2019-07-20,active,False
ACC04354,mid_market,USD,318.99,2021-10-25,active,False
ACC04355,smb,USD,287.9,2018-10-05,active,False
ACC04356,smb,USD,89.06,2020-02-18,active,False
ACC04357,smb,USD,120.23,2018-01-26,active,False
ACC04358,smb,USD,382.97,2021-06-29,active,False
ACC04359,smb,USD,161.64,2023-01-03,active,False
ACC04360,smb,EUR,107.5,2020-11-19,active,False
ACC04361,smb,USD,220.26,2019-10-18,active,False
ACC04362,mid_market,USD,362.99,2020-12-20,active,False
ACC04363,mid_market,USD,392.38,2021-07-26,active,False
ACC04364,smb,USD,278.24,2019-02-28,active,False
ACC04365,smb,USD,371.32,2018-10-13,active,False
ACC04366,mid_market,USD,176.97,2019-04-10,active,False
ACC04367,smb,USD,281.69,2024-11-23,active,False
ACC04368,smb,USD,272.89,2023-01-22,active,False
ACC04369,mid_market,EUR,178.59,2018-11-17,active,False
ACC04370,smb,USD,392.57,2020-02-10,active,False
ACC04371,smb,USD,217.9,2020-11-18,active,False
ACC04372,smb,USD,273.4,2019-04-09,active,False
ACC04373,mid_market,USD,1119.93,2023-12-17,active,False
ACC04374,smb,USD,234.68,2024-08-01,active,False
ACC04375,mid_market,EUR,3553.62,2019-09-18,active,False
ACC04376,smb,USD,355.0,2018-02-12,active,False
ACC04377,smb,USD,382.98,2019-11-14,active,False
ACC04378,smb,USD,183.18,2022-01-28,active,False
ACC04379,mid_market,EUR,3762.54,2023-08-29,active,False
ACC04380,smb,GBP,213.36,2020-05-17,active,False
ACC04381,smb,USD,134.58,2019-11-30,active,False
ACC04382,mid_market,USD,347.96,2019-09-29,active,False
ACC04383,mid_market,USD,190.67,2018-01-08,active,False
ACC04384,mid_market,GBP,1185.11,2018-02-05,active,False
ACC04385,mid_market,USD,2574.71,2020-12-29,active,False
ACC04386,smb,USD,322.53,2022-04-28,active,True
ACC04387,smb,USD,104.68,2018-02-02,active,False
ACC04388,mid_market,USD,250.32,2019-05-27,active,False
ACC04389,smb,USD,244.54,2024-05-14,active,False
ACC04390,smb,USD,96.36,2024-12-05,active,False
ACC04391,smb,USD,239.1,2022-06-29,active,False
ACC04392,mid_market,USD,2300.67,2021-08-26,active,False
ACC04393,mid_market,USD,1684.4,2022-01-30,active,False
ACC04394,smb,USD,306.43,2020-08-04,active,False
ACC04395,smb,USD,175.54,2019-05-31,active,False
ACC04396,mid_market,GBP,2034.6,2020-08-18,active,False
ACC04397,smb,USD,203.67,2022-11-25,active,False
ACC04398,smb,USD,81.87,2022-08-21,active,False
ACC04399,smb,USD,231.41,2022-09-28,active,False
ACC04400,smb,USD,386.77,2022-04-05,active,False
ACC04401,mid_market,USD,296.01,2018-06-04,active,False
ACC04402,mid_market,USD,226.55,2022-05-21,active,False
ACC04403,enterprise,GBP,10287.87,2024-03-01,active,False
ACC04404,enterprise,GBP,26586.75,2022-07-17,active,False
ACC04405,smb,USD,86.24,2022-01-20,active,False
ACC04406,smb,USD,238.36,2019-07-27,active,False
ACC04407,smb,USD,236.94,2023-07-19,active,False
ACC04408,enterprise,USD,39983.28,2021-02-28,active,False
ACC04409,smb,USD,233.67,2019-11-04,active,False
ACC04410,smb,USD,308.09,2021-06-06,active,False
ACC04411,enterprise,GBP,38122.42,2018-11-08,active,False
ACC04412,smb,USD,204.93,2024-06-25,active,False
ACC04413,smb,USD,94.41,2022-12-01,active,False
ACC04414,smb,USD,81.56,2020-04-14,active,False
ACC04415,smb,USD,309.81,2023-07-23,active,False
ACC04416,smb,USD,217.25,2018-05-19,active,False
ACC04417,mid_market,GBP,3156.84,2020-09-13,active,False
ACC04418,smb,USD,344.12,2022-07-23,active,False
ACC04419,smb,USD,97.5,2018-03-02,active,False
ACC04420,smb,USD,289.67,2022-12-17,active,False
ACC04421,mid_market,USD,1840.52,2023-09-23,active,False
ACC04422,smb,EUR,109.79,2022-02-27,active,False
ACC04423,mid_market,USD,233.88,2019-06-11,active,False
ACC04424,smb,USD,88.18,2023-03-30,active,False
ACC04425,smb,USD,326.9,2020-05-16,active,False
ACC04426,smb,USD,245.43,2023-02-24,active,False
ACC04427,enterprise,EUR,19764.65,2022-05-25,active,False
ACC04428,mid_market,USD,218.92,2018-08-27,active,False
ACC04429,smb,USD,309.92,2018-09-13,active,False
ACC04430,enterprise,USD,33587.3,2018-02-08,active,False
ACC04431,mid_market,USD,3793.82,2018-07-04,active,False
ACC04432,smb,USD,88.82,2020-02-05,active,False
ACC04433,enterprise,GBP,12183.5,2018-03-07,active,False
ACC04434,smb,USD,383.47,2024-07-26,active,False
ACC04435,smb,USD,250.52,2024-05-31,active,False
ACC04436,smb,USD,217.23,2019-03-18,active,False
ACC04437,smb,USD,377.23,2020-03-06,active,False
ACC04438,smb,USD,180.11,2023-03-13,active,False
ACC04439,smb,USD,397.57,2022-08-16,active,False
ACC04440,smb,EUR,191.82,2022-01-26,active,False
ACC04441,smb,USD,337.72,2024-12-03,active,False
ACC04442,smb,USD,389.69,2022-05-29,active,False
ACC04443,mid_market,USD,323.02,2022-09-08,active,False
ACC04444,smb,USD,304.68,2021-07-07,active,False
ACC04445,enterprise,GBP,19945.36,2021-09-04,active,False
ACC04446,smb,USD,210.61,2020-01-14,active,False
ACC04447,mid_market,GBP,2891.49,2021-08-24,active,False
ACC04448,smb,USD,233.29,2024-06-04,active,False
ACC04449,smb,USD,206.42,2020-08-21,active,False
ACC04450,smb,USD,154.3,2018-12-07,active,True
ACC04451,enterprise,GBP,11197.54,2022-03-14,active,False
ACC04452,enterprise,GBP,38901.94,2023-06-30,active,False
ACC04453,smb,USD,367.68,2024-09-16,active,False
ACC04454,smb,GBP,285.39,2021-10-17,active,False
ACC04455,smb,USD,90.24,2023-07-08,active,False
ACC04456,enterprise,EUR,17224.49,2019-10-03,active,False
ACC04457,smb,USD,296.82,2020-12-20,active,False
ACC04458,enterprise,EUR,37809.88,2020-12-07,active,False
ACC04459,smb,USD,385.23,2020-04-29,active,False
ACC04460,smb,USD,191.05,2023-01-05,active,False
ACC04461,mid_market,USD,1892.72,2024-03-08,active,False
ACC04462,mid_market,EUR,3281.34,2020-04-14,active,False
ACC04463,mid_market,EUR,1373.9,2018-12-14,active,False
ACC04464,smb,USD,96.74,2023-10-11,active,False
ACC04465,smb,USD,124.01,2023-12-12,active,False
ACC04466,smb,USD,348.94,2024-07-17,active,False
ACC04467,mid_market,EUR,343.06,2019-10-14,active,False
ACC04468,smb,USD,261.77,2023-01-12,active,False
ACC04469,smb,USD,200.24,2023-01-04,active,False
ACC04470,smb,USD,381.74,2023-07-13,active,False
ACC04471,smb,USD,165.65,2023-08-23,active,False
ACC04472,smb,USD,384.6,2024-08-31,active,False
ACC04473,enterprise,USD,34111.61,2021-05-04,active,False
ACC04474,smb,USD,128.99,2018-07-14,active,False
ACC04475,enterprise,GBP,8059.18,2019-05-07,active,False
ACC04476,mid_market,USD,107.91,2024-03-16,active,False
ACC04477,smb,USD,278.69,2023-11-30,active,False
ACC04478,mid_market,EUR,3432.34,2018-01-29,active,False
ACC04479,enterprise,GBP,20177.52,2020-07-28,active,False
ACC04480,smb,USD,283.42,2019-09-19,active,False
ACC04481,smb,USD,104.94,2020-03-30,active,False
ACC04482,mid_market,EUR,180.61,2022-06-21,active,False
ACC04483,mid_market,USD,368.54,2021-07-27,active,False
ACC04484,smb,USD,314.58,2021-05-14,active,False
ACC04485,mid_market,USD,209.47,2021-01-17,active,False
ACC04486,smb,USD,160.31,2022-06-28,active,False
ACC04487,mid_market,USD,154.76,2022-10-12,active,False
ACC04488,smb,USD,83.72,2018-04-22,active,False
ACC04489,mid_market,USD,158.96,2018-12-17,active,False
ACC04490,smb,USD,262.31,2020-05-22,active,False
ACC04491,smb,USD,261.8,2021-01-18,active,False
ACC04492,smb,USD,216.16,2024-12-21,active,False
ACC04493,smb,USD,310.16,2024-03-29,active,False
ACC04494,mid_market,USD,1700.75,2022-07-17,active,False
ACC04495,smb,USD,320.94,2018-04-03,active,False
ACC04496,smb,USD,279.28,2018-09-15,active,False
ACC04497,smb,EUR,191.46,2021-03-14,active,False
ACC04498,smb,USD,258.87,2022-02-09,active,False
ACC04499,smb,USD,96.92,2022-08-16,active,False
ACC04500,smb,USD,175.24,2018-12-29,active,False
ACC04501,mid_market,EUR,3042.33,2024-03-18,active,False
ACC04502,enterprise,EUR,25164.71,2021-06-14,active,True
ACC04503,smb,USD,229.95,2022-02-26,active,False
ACC04504,mid_market,EUR,1042.99,2018-04-11,active,False
ACC04505,mid_market,GBP,907.04,2023-10-09,active,False
ACC04506,smb,USD,306.66,2021-10-20,active,False
ACC04507,smb,USD,163.9,2019-07-24,active,False
ACC04508,mid_market,USD,3115.43,2020-03-25,active,False
ACC04509,smb,USD,100.63,2020-06-20,active,False
ACC04510,mid_market,USD,1467.21,2018-03-11,active,False
ACC04511,smb,EUR,114.53,2024-08-05,active,False
ACC04512,smb,USD,234.19,2023-08-15,active,False
ACC04513,smb,USD,386.08,2024-03-14,active,False
ACC04514,smb,USD,319.61,2020-06-22,active,False
ACC04515,smb,USD,291.44,2021-11-27,active,False
ACC04516,smb,USD,152.68,2021-03-17,active,False
ACC04517,smb,USD,112.56,2021-04-30,active,False
ACC04518,smb,EUR,332.31,2022-02-14,active,False
ACC04519,mid_market,USD,2493.27,2021-02-26,active,False
ACC04520,smb,USD,192.81,2023-05-31,active,False
ACC04521,smb,USD,309.88,2018-05-31,active,False
ACC04522,smb,USD,248.43,2019-05-08,active,False
ACC04523,smb,USD,80.98,2024-03-30,active,False
ACC04524,smb,USD,306.32,2024-03-05,active,False
ACC04525,mid_market,GBP,1379.25,2023-09-23,active,False
ACC04526,smb,USD,383.35,2020-07-31,active,False
ACC04527,mid_market,USD,3882.05,2021-03-12,active,False
ACC04528,smb,GBP,336.52,2018-03-06,active,False
ACC04529,smb,GBP,280.26,2019-12-16,active,False
ACC04530,smb,USD,373.64,2023-01-31,active,False
ACC04531,mid_market,EUR,1152.36,2020-05-26,active,False
ACC04532,smb,USD,163.41,2021-05-12,active,False
ACC04533,mid_market,USD,154.64,2018-11-11,active,False
ACC04534,mid_market,USD,2460.12,2021-06-22,active,False
ACC04535,smb,USD,387.59,2023-01-19,active,False
ACC04536,mid_market,USD,1409.39,2022-01-02,active,False
ACC04537,smb,USD,335.39,2021-11-23,active,False
ACC04538,smb,USD,228.68,2024-05-26,active,False
ACC04539,smb,USD,368.22,2019-08-22,active,False
ACC04540,smb,USD,309.8,2020-02-05,active,False
ACC04541,smb,USD,393.97,2022-05-12,active,False
ACC04542,smb,USD,215.56,2021-05-12,active,False
ACC04543,mid_market,GBP,3666.32,2024-11-07,active,False
ACC04544,mid_market,EUR,3254.39,2018-06-02,active,False
ACC04545,mid_market,USD,2423.52,2018-11-09,active,False
ACC04546,enterprise,USD,27052.68,2020-05-24,active,False
ACC04547,smb,USD,191.18,2021-03-17,active,False
ACC04548,smb,EUR,132.73,2024-03-26,active,False
ACC04549,smb,USD,170.07,2021-06-17,active,False
ACC04550,smb,USD,92.95,2021-01-22,active,False
ACC04551,mid_market,USD,2254.27,2019-03-03,active,False
ACC04552,smb,USD,294.01,2021-01-14,active,False
ACC04553,smb,USD,103.72,2021-09-20,active,False
ACC04554,smb,USD,112.63,2022-02-01,active,False
ACC04555,smb,USD,146.66,2022-03-29,active,False
ACC04556,mid_market,USD,302.72,2021-01-03,active,False
ACC04557,smb,USD,322.05,2019-02-07,active,False
ACC04558,smb,USD,180.04,2019-01-26,active,False
ACC04559,mid_market,USD,2870.84,2019-01-31,active,False
ACC04560,smb,USD,160.03,2022-05-01,active,False
ACC04561,smb,EUR,135.76,2023-12-29,active,False
ACC04562,enterprise,USD,38380.49,2024-03-07,active,False
ACC04563,smb,USD,205.89,2020-03-06,active,False
ACC04564,smb,USD,209.3,2018-07-23,active,False
ACC04565,smb,EUR,302.09,2022-05-31,active,False
ACC04566,smb,USD,178.39,2018-04-09,active,False
ACC04567,smb,USD,275.59,2022-05-22,active,False
ACC04568,mid_market,USD,1286.23,2020-09-06,active,False
ACC04569,smb,USD,358.23,2023-11-15,active,False
ACC04570,mid_market,GBP,3492.54,2022-05-18,active,False
ACC04571,enterprise,EUR,33242.59,2023-03-07,active,False
ACC04572,smb,USD,87.48,2020-11-03,active,False
ACC04573,smb,USD,145.32,2023-11-19,active,False
ACC04574,smb,GBP,377.46,2021-09-04,active,False
ACC04575,mid_market,EUR,1746.82,2022-05-18,active,False
ACC04576,enterprise,GBP,8936.01,2020-07-10,active,False
ACC04577,mid_market,USD,2774.0,2021-02-22,active,False
ACC04578,mid_market,USD,362.76,2023-11-18,active,False
ACC04579,enterprise,EUR,20505.75,2020-10-02,active,False
ACC04580,smb,USD,88.63,2018-02-24,active,False
ACC04581,smb,USD,188.14,2020-08-26,active,False
ACC04582,smb,USD,210.94,2020-09-28,active,False
ACC04583,smb,USD,358.69,2020-12-05,active,False
ACC04584,smb,USD,135.24,2018-06-30,active,False
ACC04585,smb,EUR,256.29,2018-11-27,active,False
ACC04586,smb,USD,143.78,2020-04-08,active,False
ACC04587,enterprise,GBP,31013.9,2020-12-19,active,False
ACC04588,smb,USD,109.2,2018-03-16,active,False
ACC04589,smb,USD,159.28,2020-09-22,active,False
ACC04590,mid_market,USD,153.49,2020-03-29,active,False
ACC04591,mid_market,USD,2008.74,2018-03-30,active,False
ACC04592,mid_market,USD,2256.91,2019-10-03,active,False
ACC04593,enterprise,GBP,16127.85,2019-12-05,active,False
ACC04594,smb,USD,370.6,2019-01-02,active,False
ACC04595,enterprise,GBP,13791.46,2023-04-06,active,False
ACC04596,smb,USD,279.63,2018-07-04,active,False
ACC04597,enterprise,USD,10739.88,2022-01-17,active,False
ACC04598,smb,USD,273.97,2022-08-28,active,False
ACC04599,mid_market,EUR,1628.43,2023-08-23,active,False
ACC04600,mid_market,GBP,3334.19,2021-10-26,active,True
ACC04601,smb,USD,210.34,2021-10-19,active,False
ACC04602,smb,USD,372.86,2023-04-29,active,False
ACC04603,smb,USD,299.69,2023-12-24,active,False
ACC04604,smb,USD,171.26,2019-06-24,active,False
ACC04605,smb,USD,375.29,2023-07-28,active,False
ACC04606,enterprise,GBP,23005.77,2021-03-27,active,False
ACC04607,smb,USD,89.06,2018-09-09,active,False
ACC04608,mid_market,USD,2706.45,2022-04-15,active,False
ACC04609,smb,USD,383.51,2024-11-02,active,False
ACC04610,smb,USD,168.17,2018-12-26,active,False
ACC04611,enterprise,USD,39649.51,2018-02-07,active,False
ACC04612,mid_market,EUR,2338.29,2024-05-31,active,False
ACC04613,smb,USD,259.9,2022-03-06,active,False
ACC04614,smb,USD,139.33,2019-07-15,active,False
ACC04615,smb,USD,159.09,2023-07-19,active,False
ACC04616,smb,USD,178.62,2020-10-03,active,False
ACC04617,mid_market,EUR,2617.41,2020-04-28,active,False
ACC04618,mid_market,USD,3844.14,2020-01-11,active,False
ACC04619,smb,USD,283.29,2022-03-10,active,False
ACC04620,enterprise,USD,31581.56,2018-12-10,active,False
ACC04621,smb,USD,146.68,2020-07-14,active,False
ACC04622,smb,USD,306.22,2020-02-19,active,False
ACC04623,smb,USD,292.93,2018-06-04,active,False
ACC04624,smb,USD,284.58,2023-05-05,active,False
ACC04625,smb,USD,156.45,2018-01-22,active,False
ACC04626,smb,USD,244.67,2024-09-19,active,False
ACC04627,mid_market,EUR,2187.16,2018-08-31,active,False
ACC04628,mid_market,USD,3950.09,2020-07-04,active,False
ACC04629,smb,USD,157.53,2018-09-09,active,False
ACC04630,smb,USD,124.15,2020-07-26,active,False
ACC04631,mid_market,EUR,1386.63,2022-04-11,active,False
ACC04632,mid_market,USD,394.85,2018-08-12,active,False
ACC04633,smb,USD,348.73,2021-09-06,active,False
ACC04634,mid_market,USD,1155.17,2023-05-27,active,False
ACC04635,smb,EUR,255.75,2021-03-10,active,False
ACC04636,smb,USD,358.11,2018-10-15,active,False
ACC04637,enterprise,USD,16474.9,2022-11-04,active,False
ACC04638,smb,USD,251.16,2019-04-22,active,False
ACC04639,smb,USD,204.47,2018-02-13,active,False
ACC04640,mid_market,EUR,1354.21,2021-01-21,active,False
ACC04641,smb,USD,227.31,2019-11-24,active,False
ACC04642,smb,USD,136.76,2018-03-14,active,False
ACC04643,smb,USD,278.31,2023-06-11,active,False
ACC04644,smb,USD,343.37,2022-03-13,active,False
ACC04645,smb,USD,105.62,2024-05-14,active,False
ACC04646,mid_market,EUR,3869.31,2021-05-12,active,False
ACC04647,smb,USD,384.11,2021-01-25,active,False
ACC04648,smb,USD,292.72,2023-11-24,active,False
ACC04649,smb,USD,341.59,2018-07-28,active,False
ACC04650,mid_market,USD,393.07,2020-07-13,active,False
ACC04651,enterprise,GBP,10427.45,2023-08-04,active,False
ACC04652,mid_market,USD,1673.75,2020-01-18,active,False
ACC04653,smb,USD,127.61,2024-03-12,active,False
ACC04654,smb,USD,298.77,2019-12-27,active,False
ACC04655,enterprise,USD,39495.36,2020-11-23,active,False
ACC04656,mid_market,EUR,1789.37,2024-04-12,active,False
ACC04657,smb,USD,312.5,2019-09-15,active,False
ACC04658,smb,USD,228.19,2024-10-10,active,False
ACC04659,mid_market,USD,938.26,2018-04-23,active,False
ACC04660,smb,USD,188.88,2019-11-11,active,False
ACC04661,smb,USD,166.28,2022-02-19,active,False
ACC04662,enterprise,GBP,21736.24,2022-02-27,active,False
ACC04663,smb,USD,130.94,2024-05-14,active,False
ACC04664,smb,EUR,151.66,2024-09-19,active,False
ACC04665,mid_market,USD,1408.66,2022-09-29,active,False
ACC04666,smb,USD,219.56,2022-08-14,active,False
ACC04667,smb,USD,360.03,2020-03-21,active,False
ACC04668,smb,USD,246.36,2023-08-22,active,False
ACC04669,mid_market,USD,3871.68,2022-07-02,active,False
ACC04670,mid_market,GBP,3055.27,2018-03-03,active,False
ACC04671,enterprise,GBP,36770.97,2023-10-28,active,False
ACC04672,mid_market,GBP,1063.28,2020-07-08,active,False
ACC04673,smb,GBP,304.97,2021-05-01,active,False
ACC04674,mid_market,USD,212.21,2021-05-27,active,False
ACC04675,smb,USD,337.35,2023-09-27,active,False
ACC04676,mid_market,USD,1442.26,2019-11-16,active,True
ACC04677,mid_market,USD,1251.73,2020-09-28,active,False
ACC04678,smb,USD,266.71,2018-04-10,active,False
ACC04679,mid_market,USD,126.48,2020-06-09,active,False
ACC04680,smb,USD,162.79,2018-08-14,active,False
ACC04681,mid_market,USD,3781.39,2022-01-30,active,False
ACC04682,smb,USD,318.63,2024-04-02,active,False
ACC04683,smb,USD,115.75,2021-04-02,active,False
ACC04684,mid_market,USD,240.27,2024-05-20,active,False
ACC04685,smb,USD,251.19,2024-11-02,active,False
ACC04686,smb,USD,182.37,2018-05-18,active,False
ACC04687,smb,USD,278.91,2021-08-12,active,False
ACC04688,mid_market,USD,2184.94,2021-09-12,active,False
ACC04689,smb,USD,399.63,2020-09-11,active,False
ACC04690,mid_market,USD,86.44,2023-10-24,active,False
ACC04691,smb,USD,168.41,2020-10-06,active,False
ACC04692,smb,USD,307.68,2018-05-22,active,False
ACC04693,mid_market,USD,3238.49,2021-11-01,active,False
ACC04694,smb,USD,246.96,2019-06-01,active,False
ACC04695,smb,USD,144.05,2020-06-26,active,False
ACC04696,smb,USD,363.39,2021-07-06,active,False
ACC04697,smb,USD,181.72,2023-01-22,active,False
ACC04698,mid_market,USD,2140.65,2019-12-12,active,False
ACC04699,smb,USD,210.03,2020-08-30,active,False
ACC04700,enterprise,USD,19812.17,2018-06-23,active,False
ACC04701,mid_market,USD,3652.1,2020-09-08,active,False
ACC04702,smb,USD,286.77,2022-01-23,active,False
ACC04703,smb,USD,132.85,2022-04-26,active,False
ACC04704,mid_market,USD,961.89,2020-01-20,active,False
ACC04705,smb,USD,399.62,2018-06-05,active,False
ACC04706,mid_market,USD,355.13,2022-01-15,active,False
ACC04707,mid_market,USD,227.11,2022-08-03,active,False
ACC04708,smb,USD,144.51,2018-08-06,active,False
ACC04709,mid_market,USD,2884.09,2021-07-14,active,False
ACC04710,smb,USD,350.19,2018-09-01,active,False
ACC04711,smb,USD,234.21,2021-03-03,active,False
ACC04712,smb,GBP,103.05,2022-06-26,active,False
ACC04713,smb,USD,213.35,2023-01-13,active,False
ACC04714,smb,USD,254.7,2022-12-30,active,False
ACC04715,smb,USD,366.8,2023-04-23,active,False
ACC04716,smb,USD,341.39,2019-09-09,active,False
ACC04717,mid_market,USD,236.96,2023-12-04,active,False
ACC04718,smb,USD,177.3,2020-06-12,active,False
ACC04719,mid_market,USD,324.32,2020-08-15,active,False
ACC04720,enterprise,EUR,12922.68,2023-07-07,active,False
ACC04721,smb,USD,292.28,2020-04-15,active,False
ACC04722,enterprise,GBP,24941.25,2018-07-11,active,False
ACC04723,mid_market,USD,2333.86,2022-12-31,active,False
ACC04724,smb,USD,219.56,2022-08-20,active,False
ACC04725,smb,USD,395.74,2022-01-27,active,False
ACC04726,smb,USD,274.76,2019-01-02,active,False
ACC04727,mid_market,USD,307.66,2022-06-03,active,False
ACC04728,smb,USD,184.36,2019-05-23,active,False
ACC04729,smb,USD,120.33,2021-11-20,active,False
ACC04730,enterprise,USD,32188.59,2021-07-22,active,False
ACC04731,mid_market,USD,3462.42,2023-05-30,active,False
ACC04732,smb,USD,133.94,2024-11-01,active,False
ACC04733,mid_market,EUR,2272.98,2019-05-01,active,False
ACC04734,smb,USD,235.01,2018-10-21,active,False
ACC04735,smb,USD,174.26,2021-11-21,active,False
ACC04736,smb,USD,152.38,2024-08-30,active,False
ACC04737,enterprise,GBP,14214.0,2019-02-09,active,False
ACC04738,mid_market,USD,2243.41,2021-05-30,active,False
ACC04739,mid_market,USD,1202.99,2020-11-06,active,False
ACC04740,smb,USD,325.33,2020-03-23,active,False
ACC04741,enterprise,GBP,14563.85,2022-08-25,active,False
ACC04742,mid_market,USD,1110.36,2020-01-26,active,False
ACC04743,mid_market,EUR,3338.57,2021-06-14,active,False
ACC04744,smb,USD,363.44,2023-12-01,active,False
ACC04745,smb,USD,161.45,2020-08-28,active,False
ACC04746,smb,USD,126.72,2018-02-23,active,False
ACC04747,smb,USD,180.56,2024-03-11,active,False
ACC04748,smb,USD,302.14,2019-12-03,active,False
ACC04749,smb,GBP,195.05,2023-05-30,active,False
ACC04750,smb,USD,201.03,2023-05-04,active,False
ACC04751,smb,USD,148.58,2021-09-07,active,False
ACC04752,enterprise,GBP,24401.58,2018-08-13,active,False
ACC04753,smb,USD,344.72,2024-08-25,active,True
ACC04754,enterprise,EUR,31723.88,2022-10-07,active,False
ACC04755,smb,USD,339.5,2020-12-20,active,False
ACC04756,smb,USD,261.19,2023-12-23,active,False
ACC04757,smb,USD,390.47,2023-07-08,active,False
ACC04758,mid_market,EUR,278.34,2023-04-28,active,False
ACC04759,smb,GBP,240.89,2019-03-06,active,False
ACC04760,mid_market,USD,227.36,2022-06-06,active,False
ACC04761,enterprise,USD,25571.9,2020-01-01,active,False
ACC04762,mid_market,USD,115.05,2018-07-20,active,False
ACC04763,smb,USD,310.78,2020-05-14,active,False
ACC04764,smb,USD,395.48,2018-09-23,active,False
ACC04765,mid_market,USD,349.26,2018-09-28,active,False
ACC04766,mid_market,USD,1218.81,2023-02-02,active,False
ACC04767,smb,USD,222.68,2021-07-06,active,False
ACC04768,smb,USD,170.42,2020-10-13,active,False
ACC04769,smb,USD,255.62,2019-05-07,active,False
ACC04770,smb,USD,169.2,2023-05-25,active,False
ACC04771,mid_market,USD,182.42,2022-06-09,active,False
ACC04772,smb,USD,118.64,2022-02-05,active,False
ACC04773,smb,USD,267.13,2019-05-01,active,False
ACC04774,enterprise,EUR,23495.92,2018-11-12,active,False
ACC04775,smb,USD,352.58,2018-11-12,active,False
ACC04776,smb,USD,340.52,2018-03-06,active,False
ACC04777,smb,USD,234.28,2024-10-12,active,False
ACC04778,mid_market,USD,1432.27,2020-07-28,active,False
ACC04779,smb,USD,103.97,2022-08-10,active,False
ACC04780,smb,USD,263.55,2024-11-15,active,False
ACC04781,mid_market,USD,338.79,2024-07-21,active,False
ACC04782,smb,USD,173.57,2020-03-30,active,False
ACC04783,mid_market,USD,211.08,2021-06-06,active,False
ACC04784,mid_market,EUR,2079.42,2021-03-29,active,False
ACC04785,smb,USD,395.09,2018-03-27,active,False
ACC04786,smb,USD,189.56,2023-05-18,active,False
ACC04787,smb,USD,376.77,2022-01-08,active,False
ACC04788,smb,USD,178.15,2020-08-07,active,False
ACC04789,enterprise,EUR,15017.02,2021-11-28,active,False
ACC04790,smb,USD,153.42,2023-02-23,active,False
ACC04791,smb,USD,323.16,2018-02-08,active,False
ACC04792,mid_market,EUR,349.62,2022-07-10,active,True
ACC04793,smb,USD,147.69,2024-01-11,active,False
ACC04794,smb,USD,162.43,2023-01-31,active,False
ACC04795,smb,USD,321.53,2022-05-04,active,False
ACC04796,enterprise,EUR,10115.2,2018-08-20,active,False
ACC04797,smb,USD,392.71,2023-03-19,active,False
ACC04798,smb,USD,130.81,2023-04-03,active,False
ACC04799,smb,USD,368.55,2021-06-16,active,False
ACC04800,smb,USD,284.13,2022-01-29,active,False
ACC04801,smb,USD,305.28,2022-04-30,active,False
ACC04802,smb,USD,370.33,2018-11-06,active,False
ACC04803,smb,USD,96.56,2019-10-21,active,False
ACC04804,mid_market,USD,2264.25,2023-07-19,active,False
ACC04805,smb,USD,329.46,2024-10-24,active,False
ACC04806,mid_market,EUR,842.79,2019-11-22,active,False
ACC04807,mid_market,USD,393.99,2020-10-21,active,False
ACC04808,enterprise,USD,31198.95,2024-05-28,active,False
ACC04809,enterprise,GBP,33507.79,2019-02-19,active,False
ACC04810,mid_market,USD,3631.43,2019-10-30,active,False
ACC04811,smb,USD,173.58,2018-05-23,active,False
ACC04812,smb,USD,244.01,2019-08-24,active,False
ACC04813,smb,USD,185.43,2022-06-15,active,False
ACC04814,mid_market,USD,3504.92,2020-06-09,active,False
ACC04815,smb,USD,186.02,2024-11-18,active,False
ACC04816,smb,USD,121.0,2024-03-28,active,False
ACC04817,mid_market,USD,2801.53,2024-04-08,active,False
ACC04818,mid_market,USD,3872.68,2023-01-31,active,False
ACC04819,mid_market,USD,882.58,2022-11-30,active,False
ACC04820,smb,USD,197.63,2021-07-26,active,False
ACC04821,mid_market,USD,1179.59,2024-12-06,active,False
ACC04822,mid_market,EUR,1948.14,2018-09-01,active,False
ACC04823,mid_market,EUR,2817.98,2023-01-22,active,False
ACC04824,smb,USD,279.22,2018-12-25,active,False
ACC04825,smb,USD,302.89,2020-05-17,active,False
ACC04826,smb,USD,300.38,2019-10-16,active,False
ACC04827,smb,USD,82.15,2022-03-17,active,False
ACC04828,smb,USD,163.89,2023-07-06,active,False
ACC04829,smb,USD,115.63,2018-07-23,active,False
ACC04830,mid_market,USD,84.84,2022-03-18,active,False
ACC04831,smb,USD,86.37,2019-07-21,active,False
ACC04832,mid_market,USD,2589.36,2018-07-16,active,False
ACC04833,enterprise,EUR,39383.94,2020-12-03,active,False
ACC04834,smb,USD,126.97,2022-01-25,active,False
ACC04835,smb,USD,217.91,2019-05-31,active,False
ACC04836,enterprise,EUR,23858.87,2020-09-23,active,False
ACC04837,mid_market,EUR,2850.85,2024-09-03,active,False
ACC04838,smb,USD,305.61,2020-06-05,active,False
ACC04839,mid_market,USD,3473.5,2024-12-19,active,False
ACC04840,mid_market,GBP,1743.16,2023-11-03,active,False
ACC04841,mid_market,EUR,3402.96,2020-08-06,active,False
ACC04842,enterprise,EUR,10807.91,2022-01-14,active,False
ACC04843,smb,USD,210.39,2022-12-18,active,False
ACC04844,enterprise,USD,28052.81,2021-04-02,active,False
ACC04845,smb,USD,108.02,2020-11-08,active,False
ACC04846,smb,GBP,158.29,2020-04-22,active,False
ACC04847,smb,USD,293.53,2018-12-23,active,False
ACC04848,mid_market,USD,316.61,2018-03-05,active,False
ACC04849,enterprise,GBP,23800.09,2020-05-11,active,False
ACC04850,smb,USD,385.53,2023-07-27,active,False
ACC04851,smb,USD,115.83,2019-08-20,active,False
ACC04852,mid_market,USD,2453.67,2019-04-05,active,False
ACC04853,mid_market,GBP,3413.0,2020-04-18,active,False
ACC04854,mid_market,USD,3635.87,2022-03-11,active,False
ACC04855,mid_market,USD,1667.82,2019-07-04,active,False
ACC04856,smb,USD,193.89,2019-07-18,active,False
ACC04857,smb,USD,211.1,2018-10-15,active,False
ACC04858,smb,USD,385.38,2020-04-29,active,False
ACC04859,smb,USD,243.2,2019-07-10,active,False
ACC04860,mid_market,EUR,1307.26,2023-10-26,active,False
ACC04861,mid_market,EUR,2665.51,2024-05-04,active,False
ACC04862,mid_market,USD,3578.33,2020-08-05,active,False
ACC04863,smb,USD,136.52,2018-08-06,active,False
ACC04864,smb,USD,331.36,2018-08-12,active,False
ACC04865,smb,USD,201.04,2020-04-10,active,False
ACC04866,smb,USD,112.26,2021-03-30,active,False
ACC04867,smb,USD,198.64,2021-09-12,active,False
ACC04868,smb,USD,187.86,2020-02-17,active,False
ACC04869,enterprise,EUR,28593.58,2020-06-25,active,False
ACC04870,smb,USD,132.56,2019-12-27,active,False
ACC04871,mid_market,USD,2273.96,2021-08-16,active,False
ACC04872,mid_market,USD,115.41,2022-11-17,active,False
ACC04873,smb,USD,249.68,2018-04-21,active,False
ACC04874,smb,USD,281.29,2021-05-08,active,False
ACC04875,smb,USD,150.64,2022-07-16,active,True
ACC04876,smb,USD,206.05,2022-09-16,active,False
ACC04877,smb,USD,338.82,2021-12-11,active,False
ACC04878,smb,USD,372.82,2021-09-04,active,False
ACC04879,smb,USD,360.43,2022-10-07,active,False
ACC04880,smb,USD,113.25,2020-08-25,active,False
ACC04881,smb,USD,289.18,2021-12-20,active,False
ACC04882,mid_market,USD,2048.84,2020-03-27,active,False
ACC04883,smb,EUR,304.26,2021-01-24,active,False
ACC04884,smb,EUR,350.79,2018-11-14,active,False
ACC04885,smb,USD,312.2,2020-06-13,active,False
ACC04886,enterprise,GBP,36379.59,2018-12-30,active,False
ACC04887,smb,USD,104.09,2019-08-02,active,False
ACC04888,enterprise,EUR,11290.72,2020-12-08,active,False
ACC04889,mid_market,GBP,2869.34,2021-07-02,active,False
ACC04890,mid_market,USD,143.3,2024-08-04,active,False
ACC04891,mid_market,USD,189.61,2018-03-08,active,False
ACC04892,smb,USD,273.41,2024-04-15,active,False
ACC04893,smb,USD,160.88,2020-04-18,active,False
ACC04894,smb,USD,227.74,2023-01-25,active,False
ACC04895,smb,USD,366.19,2022-09-29,active,False
ACC04896,smb,USD,182.28,2024-10-17,active,False
ACC04897,mid_market,USD,376.11,2018-10-05,active,False
ACC04898,smb,GBP,120.65,2024-10-08,active,False
ACC04899,mid_market,USD,216.05,2018-06-10,active,False
ACC04900,enterprise,USD,39939.24,2024-02-21,active,False
ACC04901,smb,USD,394.43,2022-07-25,active,False
ACC04902,mid_market,USD,2374.16,2021-05-16,active,False
ACC04903,smb,USD,296.05,2020-10-13,active,False
ACC04904,smb,USD,245.34,2018-08-28,active,False
ACC04905,enterprise,USD,27568.55,2023-08-12,active,False
ACC04906,smb,USD,80.89,2023-02-04,active,False
ACC04907,mid_market,USD,245.76,2024-07-23,active,False
ACC04908,smb,USD,189.87,2023-02-10,active,False
ACC04909,smb,USD,317.95,2024-09-12,active,False
ACC04910,enterprise,USD,28626.47,2024-03-16,active,False
ACC04911,smb,USD,217.87,2020-12-23,active,False
ACC04912,mid_market,USD,3024.12,2022-12-04,active,False
ACC04913,mid_market,USD,2584.08,2019-11-07,active,False
ACC04914,mid_market,USD,217.61,2023-07-26,active,False
ACC04915,mid_market,USD,224.66,2022-04-05,active,False
ACC04916,smb,USD,147.32,2021-01-30,active,True
ACC04917,smb,USD,122.54,2022-05-25,active,False
ACC04918,smb,USD,279.95,2019-12-10,active,False
ACC04919,smb,USD,290.88,2022-05-10,active,False
ACC04920,mid_market,USD,3775.25,2021-04-28,active,False
ACC04921,smb,USD,350.7,2020-04-02,active,False
ACC04922,smb,USD,374.14,2024-10-29,active,False
ACC04923,mid_market,USD,3600.41,2018-06-12,active,False
ACC04924,smb,USD,369.34,2023-04-21,active,False
ACC04925,mid_market,EUR,1770.48,2019-06-21,active,False
ACC04926,enterprise,GBP,29980.29,2019-07-23,active,False
ACC04927,mid_market,GBP,817.87,2019-01-30,active,False
ACC04928,smb,USD,308.01,2018-09-19,active,False
ACC04929,smb,USD,324.02,2018-11-13,active,False
ACC04930,enterprise,GBP,16792.31,2023-10-30,active,False
ACC04931,smb,USD,121.89,2024-06-25,active,False
ACC04932,smb,USD,357.19,2022-02-03,active,False
ACC04933,enterprise,EUR,24238.15,2018-02-05,active,False
ACC04934,smb,USD,190.51,2024-01-19,active,False
ACC04935,smb,USD,177.56,2022-03-19,active,False
ACC04936,smb,USD,175.97,2021-08-24,active,False
ACC04937,mid_market,USD,3405.5,2024-08-18,active,False
ACC04938,enterprise,USD,16151.76,2020-11-13,active,False
ACC04939,smb,USD,131.26,2020-07-09,active,False
ACC04940,enterprise,EUR,32828.04,2023-06-17,active,False
ACC04941,mid_market,USD,970.48,2021-09-09,active,False
ACC04942,mid_market,USD,334.5,2023-01-07,active,False
ACC04943,enterprise,EUR,15840.4,2022-11-14,active,False
ACC04944,smb,USD,87.65,2023-11-16,active,False
ACC04945,smb,USD,337.36,2020-03-21,active,False
ACC04946,smb,USD,108.63,2018-07-04,active,False
ACC04947,smb,USD,359.28,2021-05-05,active,False
ACC04948,smb,USD,205.55,2022-07-14,active,False
ACC04949,mid_market,USD,987.47,2023-09-20,active,False
ACC04950,mid_market,USD,3824.27,2019-11-14,active,False
ACC04951,mid_market,EUR,2286.51,2023-03-21,active,False
ACC04952,enterprise,GBP,30032.53,2023-10-29,active,False
ACC04953,mid_market,USD,2944.15,2023-08-29,active,False
ACC04954,smb,USD,178.31,2023-08-28,active,False
ACC04955,mid_market,USD,149.0,2024-11-28,active,False
ACC04956,smb,USD,277.75,2022-08-17,active,False
ACC04957,smb,USD,250.55,2020-08-04,active,False
ACC04958,smb,USD,299.66,2021-01-20,active,False
ACC04959,mid_market,USD,107.7,2023-03-25,active,False
ACC04960,smb,USD,129.95,2019-08-28,active,False
ACC04961,mid_market,USD,1943.57,2022-03-21,active,False
ACC04962,mid_market,USD,1040.75,2022-01-03,active,False
ACC04963,smb,USD,333.96,2022-08-31,active,False
ACC04964,smb,GBP,379.07,2020-12-12,active,False
ACC04965,smb,USD,122.68,2023-03-07,active,False
ACC04966,smb,USD,250.09,2018-07-02,active,False
ACC04967,mid_market,USD,165.73,2023-04-01,active,False
ACC04968,smb,USD,220.47,2023-09-07,active,False
ACC04969,smb,USD,224.54,2024-03-13,active,False
ACC04970,mid_market,EUR,2280.08,2024-06-16,active,False
ACC04971,smb,USD,221.09,2020-06-11,active,False
ACC04972,smb,USD,321.41,2018-04-29,active,False
ACC04973,smb,USD,165.64,2022-07-29,active,False
ACC04974,smb,USD,80.44,2018-08-19,active,False
ACC04975,smb,USD,132.69,2019-12-18,active,False
ACC04976,enterprise,GBP,34173.31,2022-12-01,active,False
ACC04977,smb,USD,311.43,2022-02-28,active,False
ACC04978,smb,GBP,388.03,2022-03-31,active,False
ACC04979,smb,USD,126.43,2023-04-05,active,False
ACC04980,smb,USD,366.59,2019-02-26,active,False
ACC04981,mid_market,USD,1888.46,2023-07-15,active,False
ACC04982,smb,USD,276.3,2022-02-08,active,False
ACC04983,mid_market,USD,331.65,2020-12-09,active,False
ACC04984,mid_market,USD,3523.35,2021-03-31,active,False
ACC04985,smb,USD,354.87,2021-07-24,active,False
ACC04986,smb,USD,151.34,2021-11-07,active,False
ACC04987,enterprise,GBP,38071.5,2020-05-03,active,False
ACC04988,enterprise,GBP,37171.08,2019-07-25,active,False
ACC04989,smb,USD,152.9,2019-03-09,active,False
ACC04990,smb,USD,359.6,2020-05-20,active,False
ACC04991,smb,USD,393.9,2019-10-28,active,False
ACC04992,smb,USD,282.36,2021-08-12,active,False
ACC04993,smb,USD,132.75,2024-05-20,active,False
ACC04994,smb,USD,325.69,2018-10-04,active,False
ACC04995,smb,USD,372.97,2020-02-29,active,False
ACC04996,mid_market,EUR,1799.39,2018-05-06,active,False
ACC04997,mid_market,EUR,2715.62,2024-10-27,active,False
ACC04998,smb,USD,203.34,2022-11-27,active,False
ACC04999,enterprise,EUR,8403.76,2019-09-10,active,False
ACC05000,mid_market,USD,3234.55,2020-11-24,active,False
