resource_id,project_id,week_ending_date,hours_logged
R0001,PRJ262,2024-03-03,11.6
R0001,PRJ262,2024-03-10,15.9
R0001,PRJ262,2024-03-17,29.0
R0001,PRJ262,2024-03-24,22.0
R0001,PRJ262,2024-04-07,21.7
R0001,PRJ262,2024-04-14,36.8
R0002,PRJ103,2024-03-03,25.5
R0002,PRJ103,2024-03-10,29.6
R0002,PRJ103,2024-03-17,24.2
R0002,PRJ103,2024-03-24,21.9
R0002,PRJ103,2024-03-31,27.8
R0002,PRJ103,2024-04-07,28.0
R0002,PRJ103,2024-04-14,16.1
R0002,PRJ103,2024-04-21,15.7
R0002,PRJ103,2024-04-28,17.2
R0002,PRJ396,2024-03-03,16.8
R0002,PRJ396,2024-03-10,21.0
R0002,PRJ396,2024-03-17,39.6
R0002,PRJ396,2024-03-24,29.0
R0002,PRJ396,2024-03-31,30.9
R0002,PRJ396,2024-04-07,38.0
R0002,PRJ396,2024-04-14,32.2
R0002,PRJ396,2024-04-28,32.3
R0003,PRJ442,2024-03-17,23.6
R0003,PRJ442,2024-03-24,19.8
R0003,PRJ442,2024-03-31,19.7
R0003,PRJ442,2024-04-07,24.2
R0003,PRJ442,2024-04-21,21.2
R0003,PRJ442,2024-04-28,22.6
R0003,PRJ422,2024-03-03,23.3
R0003,PRJ422,2024-03-10,22.5
R0003,PRJ422,2024-03-17,27.8
R0003,PRJ422,2024-03-24,30.3
R0003,PRJ422,2024-03-31,22.2
R0003,PRJ422,2024-04-07,18.2
R0004,PRJ107,2024-03-03,18.9
R0004,PRJ107,2024-03-10,25.6
R0004,PRJ107,2024-03-17,31.6
R0004,PRJ107,2024-03-24,25.7
R0004,PRJ107,2024-03-31,30.4
R0004,PRJ107,2024-04-07,23.9
R0004,PRJ107,2024-04-14,23.5
R0004,PRJ107,2024-04-21,27.6
R0004,PRJ107,2024-04-28,25.2
R0004,PRJ552,2024-03-03,5.4
R0004,PRJ552,2024-03-10,5.5
R0004,PRJ552,2024-03-17,4.7
R0004,PRJ552,2024-03-24,5.8
R0004,PRJ552,2024-03-31,7.1
R0004,PRJ552,2024-04-07,4.9
R0004,PRJ552,2024-04-14,5.8
R0004,PRJ552,2024-04-21,6.7
R0004,PRJ552,2024-04-28,7.0
R0005,PRJ110,2024-03-03,32.6
R0005,PRJ110,2024-03-10,31.6
R0005,PRJ110,2024-03-17,38.6
R0005,PRJ110,2024-03-31,25.9
R0005,PRJ110,2024-04-07,35.1
R0005,PRJ110,2024-04-14,31.8
R0005,PRJ110,2024-04-21,21.5
R0005,PRJ110,2024-04-28,35.8
R0005,PRJ303,2024-03-03,29.2
R0005,PRJ303,2024-03-10,24.7
R0005,PRJ303,2024-03-17,30.8
R0005,PRJ303,2024-03-24,22.8
R0005,PRJ303,2024-03-31,26.7
R0005,PRJ303,2024-04-07,27.2
R0005,PRJ303,2024-04-14,27.8
R0005,PRJ303,2024-04-21,22.6
R0005,PRJ303,2024-04-28,42.5
R0006,PRJ322,2024-03-03,16.2
R0006,PRJ322,2024-03-10,13.8
R0007,PRJ101,2024-03-03,15.2
R0007,PRJ101,2024-03-10,19.7
R0007,PRJ101,2024-03-17,12.9
R0007,PRJ101,2024-03-24,21.8
R0007,PRJ101,2024-03-31,21.9
R0007,PRJ101,2024-04-07,17.0
R0007,PRJ101,2024-04-14,18.5
R0007,PRJ101,2024-04-21,17.0
R0007,PRJ101,2024-04-28,17.3
R0007,PRJ072,2024-03-03,21.6
R0007,PRJ072,2024-03-10,26.8
R0007,PRJ072,2024-03-17,32.1
R0007,PRJ072,2024-03-24,31.9
R0007,PRJ072,2024-03-31,25.4
R0007,PRJ072,2024-04-07,28.6
R0007,PRJ072,2024-04-14,34.3
R0007,PRJ072,2024-04-21,28.1
R0007,PRJ072,2024-04-28,19.7
R0008,PRJ029,2024-03-03,36.7
R0008,PRJ029,2024-03-10,36.3
R0008,PRJ029,2024-03-17,39.8
R0008,PRJ029,2024-03-24,34.5
R0008,PRJ029,2024-03-31,32.8
R0008,PRJ029,2024-04-07,29.3
R0008,PRJ029,2024-04-14,39.1
R0008,PRJ029,2024-04-21,32.4
R0008,PRJ220,2024-03-03,18.5
R0008,PRJ220,2024-03-10,23.5
R0008,PRJ220,2024-03-17,23.0
R0008,PRJ220,2024-03-24,26.0
R0008,PRJ220,2024-03-31,17.8
R0008,PRJ220,2024-04-07,18.3
R0008,PRJ220,2024-04-14,15.8
R0008,PRJ492,2024-03-03,6.3
R0008,PRJ492,2024-03-10,9.9
R0008,PRJ492,2024-03-17,6.7
R0008,PRJ492,2024-03-24,9.9
R0008,PRJ492,2024-03-31,4.4
R0008,PRJ492,2024-04-07,5.5
R0008,PRJ492,2024-04-14,6.3
R0008,PRJ492,2024-04-21,7.9
R0009,PRJ107,2024-03-03,35.2
R0009,PRJ107,2024-03-10,23.7
R0009,PRJ107,2024-03-17,28.5
R0009,PRJ107,2024-03-24,24.7
R0009,PRJ107,2024-03-31,32.7
R0009,PRJ107,2024-04-07,31.0
R0009,PRJ107,2024-04-14,30.8
R0009,PRJ107,2024-04-21,43.9
R0009,PRJ006,2024-03-03,31.3
R0009,PRJ006,2024-03-10,28.9
R0009,PRJ006,2024-03-24,29.8
R0009,PRJ006,2024-03-31,31.0
R0009,PRJ006,2024-04-07,34.9
R0009,PRJ006,2024-04-14,30.2
R0009,PRJ006,2024-04-21,34.6
R0009,PRJ006,2024-04-28,17.9
R0010,PRJ167,2024-03-03,28.0
R0010,PRJ167,2024-03-10,36.2
R0010,PRJ167,2024-03-17,32.6
R0010,PRJ167,2024-03-24,22.3
R0010,PRJ167,2024-03-31,29.1
R0010,PRJ167,2024-04-07,34.2
R0010,PRJ167,2024-04-14,32.2
R0010,PRJ167,2024-04-21,28.9
R0010,PRJ167,2024-04-28,32.5
R0010,PRJ262,2024-03-17,16.7
R0010,PRJ262,2024-03-24,12.3
R0010,PRJ262,2024-03-31,19.1
R0010,PRJ262,2024-04-07,19.7
R0010,PRJ262,2024-04-14,14.6
R0010,PRJ262,2024-04-28,19.9
R0011,PRJ015,2024-03-03,35.1
R0011,PRJ015,2024-03-10,35.1
R0011,PRJ015,2024-03-17,34.0
R0011,PRJ015,2024-03-24,33.9
R0011,PRJ015,2024-03-31,27.3
R0011,PRJ015,2024-04-07,30.5
R0011,PRJ015,2024-04-14,26.0
R0011,PRJ015,2024-04-28,34.6
R0012,PRJ259,2024-03-10,20.5
R0012,PRJ259,2024-03-17,21.7
R0012,PRJ259,2024-03-24,19.4
R0012,PRJ259,2024-03-31,23.7
R0012,PRJ259,2024-04-07,21.6
R0012,PRJ259,2024-04-14,19.5
R0012,PRJ259,2024-04-21,24.0
R0012,PRJ259,2024-04-28,17.8
R0012,PRJ283,2024-03-10,25.1
R0012,PRJ283,2024-03-17,31.6
R0012,PRJ283,2024-03-24,36.0
R0012,PRJ283,2024-03-31,36.5
R0012,PRJ283,2024-04-07,20.1
R0012,PRJ283,2024-04-14,33.5
R0012,PRJ283,2024-04-21,25.0
R0012,PRJ283,2024-04-28,38.0
R0012,PRJ483,2024-03-03,3.9
R0012,PRJ483,2024-03-10,3.6
R0012,PRJ483,2024-03-17,5.5
R0012,PRJ483,2024-03-24,4.5
R0012,PRJ483,2024-03-31,4.5
R0012,PRJ483,2024-04-14,4.4
R0012,PRJ483,2024-04-21,1.8
R0012,PRJ483,2024-04-28,2.2
R0013,PRJ143,2024-03-03,14.8
R0013,PRJ143,2024-03-10,23.4
R0013,PRJ143,2024-03-17,17.6
R0013,PRJ143,2024-03-31,16.8
R0013,PRJ143,2024-04-07,19.2
R0013,PRJ143,2024-04-14,19.6
R0013,PRJ143,2024-04-21,22.3
R0013,PRJ143,2024-04-28,31.2
R0014,PRJ414,2024-03-03,30.2
R0014,PRJ414,2024-03-10,37.2
R0014,PRJ414,2024-03-17,31.2
R0014,PRJ414,2024-03-24,36.4
R0014,PRJ414,2024-03-31,36.2
R0014,PRJ414,2024-04-07,36.0
R0014,PRJ414,2024-04-14,37.6
R0014,PRJ414,2024-04-21,34.4
R0014,PRJ414,2024-04-28,31.7
R0015,PRJ262,2024-03-03,24.8
R0015,PRJ262,2024-03-10,31.7
R0015,PRJ262,2024-03-17,22.3
R0015,PRJ262,2024-03-24,23.3
R0015,PRJ262,2024-03-31,21.7
R0015,PRJ262,2024-04-07,17.8
R0015,PRJ262,2024-04-14,24.1
R0015,PRJ262,2024-04-21,26.7
R0015,PRJ262,2024-04-28,21.1
R0016,PRJ231,2024-03-03,21.3
R0016,PRJ231,2024-03-10,18.7
R0016,PRJ231,2024-03-17,20.4
R0016,PRJ231,2024-03-24,18.5
R0016,PRJ231,2024-04-07,16.5
R0016,PRJ231,2024-04-14,19.3
R0016,PRJ231,2024-04-21,20.3
R0016,PRJ231,2024-04-28,15.3
R0016,PRJ491,2024-03-03,3.3
R0016,PRJ491,2024-03-17,4.7
R0016,PRJ491,2024-03-24,3.7
R0016,PRJ491,2024-03-31,3.7
R0016,PRJ491,2024-04-07,4.5
R0016,PRJ491,2024-04-14,3.8
R0016,PRJ491,2024-04-21,3.6
R0016,PRJ491,2024-04-28,4.2
R0017,PRJ136,2024-03-03,35.7
R0017,PRJ136,2024-03-10,33.2
R0018,PRJ412,2024-03-03,22.7
R0018,PRJ412,2024-03-10,20.7
R0018,PRJ412,2024-03-17,18.1
R0018,PRJ412,2024-03-24,23.5
R0018,PRJ412,2024-03-31,16.9
R0018,PRJ412,2024-04-07,18.2
R0018,PRJ412,2024-04-14,21.0
R0018,PRJ412,2024-04-21,20.6
R0018,PRJ412,2024-04-28,23.9
R0019,PRJ346,2024-03-03,34.9
R0019,PRJ346,2024-03-10,39.5
R0019,PRJ346,2024-03-17,23.2
R0019,PRJ346,2024-03-24,32.6
R0019,PRJ346,2024-03-31,32.4
R0019,PRJ346,2024-04-07,31.8
R0019,PRJ346,2024-04-14,33.1
R0019,PRJ346,2024-04-21,25.1
R0019,PRJ346,2024-04-28,27.2
R0019,PRJ101,2024-03-03,30.6
R0019,PRJ101,2024-03-10,37.0
R0019,PRJ101,2024-03-17,30.7
R0019,PRJ101,2024-03-24,27.3
R0019,PRJ101,2024-03-31,30.3
R0019,PRJ101,2024-04-07,25.6
R0019,PRJ101,2024-04-14,25.8
R0019,PRJ101,2024-04-21,28.7
R0020,PRJ360,2024-03-03,33.4
R0020,PRJ360,2024-03-10,42.1
R0020,PRJ360,2024-03-17,34.1
R0020,PRJ360,2024-03-24,24.7
R0020,PRJ360,2024-03-31,29.0
R0020,PRJ360,2024-04-07,30.2
R0020,PRJ360,2024-04-14,29.5
R0020,PRJ360,2024-04-21,24.5
R0020,PRJ360,2024-04-28,35.4
R0020,PRJ073,2024-03-10,36.4
R0020,PRJ073,2024-03-17,32.1
R0020,PRJ073,2024-03-24,28.9
R0020,PRJ073,2024-03-31,35.7
R0020,PRJ073,2024-04-07,35.7
R0020,PRJ073,2024-04-14,32.0
R0020,PRJ073,2024-04-21,40.4
R0020,PRJ073,2024-04-28,28.1
R0020,PRJ489,2024-03-10,4.5
R0020,PRJ489,2024-03-17,5.1
R0020,PRJ489,2024-03-24,4.8
R0020,PRJ489,2024-03-31,4.6
R0020,PRJ489,2024-04-07,3.2
R0020,PRJ489,2024-04-14,4.6
R0020,PRJ489,2024-04-21,3.9
R0020,PRJ489,2024-04-28,4.4
R0021,PRJ150,2024-03-10,24.3
R0021,PRJ150,2024-03-17,23.5
R0021,PRJ150,2024-03-24,28.9
R0021,PRJ150,2024-03-31,18.9
R0021,PRJ150,2024-04-07,25.7
R0021,PRJ150,2024-04-14,16.2
R0021,PRJ150,2024-04-21,27.7
R0022,PRJ250,2024-03-03,39.3
R0022,PRJ250,2024-03-10,35.8
R0022,PRJ250,2024-03-17,32.6
R0022,PRJ250,2024-03-24,42.1
R0022,PRJ250,2024-03-31,42.5
R0022,PRJ250,2024-04-07,36.8
R0022,PRJ250,2024-04-14,43.4
R0022,PRJ250,2024-04-21,30.6
R0022,PRJ250,2024-04-28,34.4
R0023,PRJ086,2024-03-03,20.6
R0023,PRJ086,2024-03-17,32.3
R0023,PRJ086,2024-03-24,38.6
R0023,PRJ086,2024-03-31,39.5
R0023,PRJ086,2024-04-07,37.5
R0023,PRJ086,2024-04-14,19.0
R0023,PRJ205,2024-03-10,28.0
R0023,PRJ205,2024-03-17,24.7
R0023,PRJ205,2024-03-24,30.9
R0023,PRJ205,2024-03-31,31.7
R0023,PRJ205,2024-04-07,23.7
R0023,PRJ205,2024-04-14,33.6
R0023,PRJ205,2024-04-21,26.5
R0023,PRJ205,2024-04-28,28.0
R0024,PRJ004,2024-03-10,23.6
R0024,PRJ004,2024-03-17,21.6
R0024,PRJ004,2024-03-31,23.8
R0024,PRJ004,2024-04-07,27.5
R0024,PRJ004,2024-04-14,27.0
R0024,PRJ004,2024-04-21,21.4
R0024,PRJ004,2024-04-28,20.3
R0024,PRJ503,2024-03-10,8.7
R0024,PRJ503,2024-03-24,6.7
R0024,PRJ503,2024-03-31,9.4
R0024,PRJ503,2024-04-07,8.1
R0024,PRJ503,2024-04-14,7.5
R0024,PRJ503,2024-04-21,6.9
R0024,PRJ503,2024-04-28,7.7
R0025,PRJ317,2024-03-03,16.8
R0025,PRJ317,2024-03-10,15.6
R0025,PRJ317,2024-03-17,21.5
R0025,PRJ317,2024-03-24,19.8
R0025,PRJ317,2024-03-31,22.3
R0025,PRJ317,2024-04-07,20.8
R0025,PRJ317,2024-04-21,15.4
R0025,PRJ317,2024-04-28,22.1
R0025,PRJ298,2024-03-03,37.8
R0025,PRJ298,2024-03-10,41.7
R0025,PRJ298,2024-03-24,28.6
R0025,PRJ298,2024-03-31,43.4
R0025,PRJ298,2024-04-07,32.4
R0025,PRJ298,2024-04-14,32.8
R0025,PRJ298,2024-04-21,28.8
R0025,PRJ298,2024-04-28,34.8
R0026,PRJ268,2024-03-03,22.1
R0026,PRJ268,2024-03-10,32.4
R0026,PRJ268,2024-03-17,25.2
R0026,PRJ268,2024-03-24,23.1
R0026,PRJ268,2024-03-31,26.9
R0026,PRJ268,2024-04-07,34.8
R0026,PRJ268,2024-04-14,27.1
R0026,PRJ413,2024-03-03,23.4
R0026,PRJ413,2024-03-10,24.4
R0026,PRJ413,2024-03-17,27.3
R0026,PRJ413,2024-03-24,27.0
R0026,PRJ413,2024-03-31,25.2
R0026,PRJ413,2024-04-07,28.1
R0026,PRJ413,2024-04-14,24.6
R0026,PRJ413,2024-04-21,23.7
R0026,PRJ413,2024-04-28,32.5
R0027,PRJ076,2024-03-03,25.7
R0027,PRJ076,2024-03-10,31.5
R0027,PRJ076,2024-03-17,25.5
R0027,PRJ076,2024-03-24,20.0
R0027,PRJ076,2024-03-31,21.9
R0027,PRJ076,2024-04-07,29.4
R0027,PRJ076,2024-04-14,24.8
R0027,PRJ076,2024-04-21,39.9
R0028,PRJ449,2024-03-03,26.8
R0028,PRJ449,2024-03-10,26.5
R0028,PRJ449,2024-03-17,23.0
R0028,PRJ449,2024-03-24,23.6
R0028,PRJ449,2024-03-31,21.1
R0028,PRJ449,2024-04-07,21.5
R0028,PRJ449,2024-04-14,20.8
R0028,PRJ449,2024-04-21,19.7
R0028,PRJ449,2024-04-28,24.8
R0028,PRJ519,2024-03-10,3.4
R0028,PRJ519,2024-03-17,4.6
R0028,PRJ519,2024-03-24,4.7
R0028,PRJ519,2024-03-31,3.4
R0028,PRJ519,2024-04-07,5.0
R0028,PRJ519,2024-04-14,3.6
R0028,PRJ519,2024-04-21,4.1
R0028,PRJ519,2024-04-28,4.6
R0029,PRJ153,2024-03-03,27.7
R0029,PRJ153,2024-03-10,24.6
R0029,PRJ153,2024-03-17,21.2
R0030,PRJ099,2024-03-03,26.6
R0030,PRJ099,2024-03-10,22.3
R0030,PRJ099,2024-03-17,27.4
R0030,PRJ099,2024-03-24,15.7
R0030,PRJ099,2024-03-31,22.8
R0030,PRJ099,2024-04-07,26.9
R0030,PRJ099,2024-04-14,18.6
R0030,PRJ099,2024-04-21,18.8
R0030,PRJ099,2024-04-28,20.5
R0031,PRJ118,2024-03-03,29.5
R0031,PRJ118,2024-03-10,25.8
R0031,PRJ118,2024-03-17,30.7
R0031,PRJ118,2024-03-24,36.5
R0031,PRJ118,2024-03-31,27.8
R0031,PRJ118,2024-04-07,28.3
R0031,PRJ118,2024-04-14,31.0
R0031,PRJ118,2024-04-21,29.0
R0031,PRJ118,2024-04-28,31.2
R0031,PRJ346,2024-03-03,34.8
R0031,PRJ346,2024-03-10,29.4
R0031,PRJ346,2024-03-24,29.1
R0031,PRJ346,2024-04-07,31.0
R0031,PRJ346,2024-04-14,28.6
R0031,PRJ346,2024-04-21,31.4
R0031,PRJ346,2024-04-28,33.4
R0032,PRJ423,2024-03-03,18.7
R0032,PRJ423,2024-03-10,26.7
R0032,PRJ423,2024-03-17,23.5
R0032,PRJ423,2024-03-24,21.9
R0032,PRJ423,2024-03-31,19.1
R0032,PRJ423,2024-04-07,26.2
R0032,PRJ423,2024-04-21,23.6
R0032,PRJ423,2024-04-28,19.3
R0032,PRJ459,2024-03-03,6.1
R0032,PRJ459,2024-03-10,7.9
R0032,PRJ459,2024-03-17,7.4
R0032,PRJ459,2024-03-24,6.2
R0032,PRJ459,2024-03-31,6.8
R0032,PRJ459,2024-04-14,7.2
R0032,PRJ459,2024-04-21,9.2
R0032,PRJ459,2024-04-28,8.5
R0033,PRJ295,2024-03-03,31.2
R0033,PRJ295,2024-03-10,25.4
R0033,PRJ295,2024-03-17,26.1
R0033,PRJ295,2024-03-24,21.5
R0033,PRJ295,2024-03-31,28.5
R0033,PRJ295,2024-04-07,16.5
R0034,PRJ349,2024-03-03,22.3
R0034,PRJ349,2024-03-10,23.7
R0034,PRJ349,2024-03-17,22.7
R0034,PRJ349,2024-03-24,21.7
R0034,PRJ349,2024-03-31,21.3
R0034,PRJ349,2024-04-07,21.8
R0034,PRJ349,2024-04-14,18.4
R0034,PRJ349,2024-04-21,22.7
R0034,PRJ349,2024-04-28,19.4
R0035,PRJ367,2024-03-03,18.1
R0035,PRJ367,2024-03-10,16.4
R0035,PRJ367,2024-03-17,26.0
R0035,PRJ367,2024-03-24,20.4
R0035,PRJ367,2024-03-31,15.9
R0035,PRJ367,2024-04-07,20.1
R0035,PRJ367,2024-04-14,23.3
R0035,PRJ367,2024-04-21,20.6
R0035,PRJ367,2024-04-28,19.6
R0035,PRJ181,2024-03-03,30.3
R0035,PRJ181,2024-03-17,32.5
R0035,PRJ181,2024-03-24,40.2
R0035,PRJ181,2024-03-31,29.4
R0035,PRJ181,2024-04-07,30.0
R0035,PRJ181,2024-04-14,30.1
R0035,PRJ181,2024-04-21,38.9
R0035,PRJ181,2024-04-28,40.3
R0036,PRJ276,2024-03-03,33.3
R0036,PRJ276,2024-03-10,34.7
R0036,PRJ276,2024-03-17,41.0
R0036,PRJ276,2024-03-24,43.6
R0036,PRJ276,2024-03-31,35.5
R0036,PRJ276,2024-04-07,27.4
R0036,PRJ276,2024-04-14,30.9
R0036,PRJ276,2024-04-21,40.3
R0036,PRJ276,2024-04-28,40.4
R0036,PRJ239,2024-03-03,17.9
R0036,PRJ239,2024-03-10,14.5
R0036,PRJ239,2024-03-17,18.7
R0036,PRJ239,2024-03-24,14.7
R0036,PRJ239,2024-03-31,16.9
R0036,PRJ239,2024-04-07,16.2
R0036,PRJ239,2024-04-14,15.3
R0036,PRJ239,2024-04-21,28.6
R0036,PRJ239,2024-04-28,29.4
R0036,PRJ639,2024-03-03,3.9
R0036,PRJ639,2024-03-10,4.4
R0036,PRJ639,2024-03-17,4.9
R0036,PRJ639,2024-03-24,2.7
R0036,PRJ639,2024-03-31,4.6
R0036,PRJ639,2024-04-07,4.9
R0036,PRJ639,2024-04-14,4.7
R0036,PRJ639,2024-04-21,2.1
R0037,PRJ327,2024-03-03,29.7
R0037,PRJ327,2024-03-10,33.4
R0037,PRJ327,2024-03-17,24.7
R0037,PRJ327,2024-03-24,26.4
R0037,PRJ327,2024-03-31,32.3
R0037,PRJ327,2024-04-07,33.4
R0037,PRJ327,2024-04-14,35.4
R0037,PRJ327,2024-04-21,36.7
R0037,PRJ327,2024-04-28,37.5
R0037,PRJ029,2024-03-03,14.9
R0037,PRJ029,2024-03-10,14.0
R0037,PRJ029,2024-03-17,18.9
R0037,PRJ029,2024-03-24,15.6
R0037,PRJ029,2024-03-31,16.5
R0037,PRJ029,2024-04-07,18.7
R0037,PRJ029,2024-04-14,17.2
R0037,PRJ029,2024-04-21,18.4
R0037,PRJ029,2024-04-28,14.7
R0038,PRJ132,2024-03-03,33.6
R0038,PRJ132,2024-03-10,33.5
R0038,PRJ132,2024-03-24,27.3
R0038,PRJ132,2024-03-31,32.5
R0038,PRJ132,2024-04-07,29.8
R0038,PRJ132,2024-04-14,23.9
R0038,PRJ132,2024-04-21,42.0
R0038,PRJ132,2024-04-28,27.8
R0039,PRJ354,2024-03-03,27.0
R0039,PRJ354,2024-03-10,26.8
R0039,PRJ354,2024-03-17,26.3
R0039,PRJ354,2024-03-24,22.5
R0039,PRJ354,2024-04-07,32.9
R0039,PRJ354,2024-04-14,18.0
R0040,PRJ220,2024-03-10,28.3
R0040,PRJ220,2024-03-17,28.4
R0040,PRJ220,2024-03-24,19.0
R0040,PRJ220,2024-04-07,29.1
R0040,PRJ220,2024-04-14,23.7
R0040,PRJ567,2024-03-03,7.4
R0040,PRJ567,2024-03-17,8.2
R0040,PRJ567,2024-03-24,8.5
R0040,PRJ567,2024-03-31,6.2
R0040,PRJ567,2024-04-07,6.8
R0040,PRJ567,2024-04-14,7.2
R0040,PRJ567,2024-04-21,6.6
R0040,PRJ567,2024-04-28,2.0
R0041,PRJ414,2024-03-03,44.7
R0041,PRJ414,2024-03-10,32.5
R0042,PRJ168,2024-03-03,21.7
R0042,PRJ168,2024-03-10,27.8
R0042,PRJ168,2024-03-17,25.3
R0042,PRJ168,2024-03-31,29.9
R0042,PRJ168,2024-04-07,29.5
R0042,PRJ168,2024-04-14,25.1
R0042,PRJ168,2024-04-21,27.3
R0043,PRJ378,2024-03-03,36.0
R0043,PRJ378,2024-03-10,34.4
R0043,PRJ378,2024-03-17,40.4
R0043,PRJ378,2024-03-24,35.6
R0043,PRJ378,2024-03-31,37.6
R0043,PRJ378,2024-04-07,23.8
R0043,PRJ378,2024-04-21,41.8
R0043,PRJ378,2024-04-28,31.6
R0044,PRJ146,2024-03-03,18.2
R0044,PRJ146,2024-03-10,17.8
R0044,PRJ146,2024-03-17,17.7
R0044,PRJ146,2024-03-24,19.6
R0044,PRJ146,2024-03-31,15.6
R0044,PRJ146,2024-04-07,16.5
R0044,PRJ146,2024-04-14,13.3
R0044,PRJ146,2024-04-28,17.2
R0044,PRJ574,2024-03-03,5.1
R0044,PRJ574,2024-03-10,4.5
R0044,PRJ574,2024-03-17,4.7
R0044,PRJ574,2024-03-24,4.0
R0044,PRJ574,2024-04-07,3.1
R0044,PRJ574,2024-04-14,5.2
R0044,PRJ574,2024-04-21,4.3
R0044,PRJ574,2024-04-28,4.6
R0045,PRJ355,2024-03-03,29.6
R0045,PRJ355,2024-03-10,37.7
R0045,PRJ355,2024-03-17,23.6
R0045,PRJ355,2024-03-24,31.1
R0045,PRJ355,2024-04-07,33.0
R0045,PRJ355,2024-04-14,34.4
R0045,PRJ355,2024-04-21,30.6
R0045,PRJ355,2024-04-28,37.6
R0045,PRJ196,2024-03-03,34.8
R0045,PRJ196,2024-03-17,31.6
R0045,PRJ196,2024-03-24,27.0
R0045,PRJ196,2024-03-31,31.1
R0045,PRJ196,2024-04-07,38.4
R0045,PRJ196,2024-04-14,28.2
R0045,PRJ196,2024-04-21,32.2
R0045,PRJ196,2024-04-28,32.9
R0046,PRJ329,2024-03-10,18.2
R0046,PRJ329,2024-03-17,29.1
R0046,PRJ329,2024-03-24,31.8
R0046,PRJ329,2024-03-31,32.3
R0046,PRJ329,2024-04-07,21.8
R0046,PRJ329,2024-04-14,18.8
R0046,PRJ329,2024-04-21,19.6
R0046,PRJ329,2024-04-28,14.9
R0046,PRJ266,2024-03-03,28.2
R0046,PRJ266,2024-03-10,30.3
R0046,PRJ266,2024-03-17,26.8
R0046,PRJ266,2024-03-24,30.2
R0046,PRJ266,2024-03-31,32.1
R0046,PRJ266,2024-04-07,36.1
R0046,PRJ266,2024-04-14,33.3
R0046,PRJ266,2024-04-21,41.6
R0046,PRJ266,2024-04-28,21.5
R0047,PRJ050,2024-03-10,15.4
R0047,PRJ050,2024-03-17,14.8
R0047,PRJ050,2024-03-24,15.4
R0047,PRJ050,2024-03-31,13.9
R0047,PRJ050,2024-04-07,16.2
R0047,PRJ050,2024-04-14,19.7
R0047,PRJ050,2024-04-21,18.4
R0047,PRJ050,2024-04-28,18.3
R0048,PRJ004,2024-03-03,22.0
R0048,PRJ004,2024-03-10,25.4
R0048,PRJ004,2024-03-17,21.2
R0048,PRJ004,2024-03-31,21.5
R0048,PRJ004,2024-04-07,26.3
R0048,PRJ004,2024-04-14,22.2
R0048,PRJ004,2024-04-21,24.0
R0048,PRJ352,2024-03-10,24.6
R0048,PRJ352,2024-03-17,22.8
R0048,PRJ352,2024-03-24,26.2
R0048,PRJ352,2024-03-31,25.9
R0048,PRJ352,2024-04-07,29.5
R0048,PRJ352,2024-04-14,22.3
R0048,PRJ352,2024-04-28,16.0
R0048,PRJ553,2024-03-03,2.7
R0048,PRJ553,2024-03-17,3.7
R0048,PRJ553,2024-03-24,2.8
R0048,PRJ553,2024-03-31,3.3
R0048,PRJ553,2024-04-07,2.9
R0048,PRJ553,2024-04-14,3.6
R0048,PRJ553,2024-04-28,3.2
R0049,PRJ140,2024-03-03,39.5
R0049,PRJ140,2024-03-10,30.9
R0049,PRJ140,2024-03-17,42.0
R0049,PRJ140,2024-03-24,28.8
R0049,PRJ140,2024-04-14,33.6
R0049,PRJ140,2024-04-21,26.0
R0049,PRJ278,2024-03-03,19.4
R0049,PRJ278,2024-03-10,26.3
R0049,PRJ278,2024-03-17,20.3
R0049,PRJ278,2024-03-24,20.6
R0049,PRJ278,2024-03-31,20.5
R0049,PRJ278,2024-04-07,16.8
R0049,PRJ278,2024-04-14,16.7
R0049,PRJ278,2024-04-21,16.3
R0049,PRJ278,2024-04-28,17.7
R0050,PRJ166,2024-03-03,15.0
R0050,PRJ166,2024-03-10,18.3
R0050,PRJ166,2024-03-17,17.3
R0050,PRJ166,2024-03-24,21.0
R0050,PRJ166,2024-03-31,18.7
R0050,PRJ166,2024-04-07,18.8
R0050,PRJ404,2024-03-17,30.1
R0050,PRJ404,2024-03-24,26.4
R0050,PRJ404,2024-03-31,20.3
R0050,PRJ404,2024-04-07,24.2
R0050,PRJ404,2024-04-14,23.9
R0050,PRJ404,2024-04-21,26.3
R0050,PRJ404,2024-04-28,21.0
R0051,PRJ253,2024-03-03,24.5
R0051,PRJ253,2024-03-10,30.3
R0051,PRJ253,2024-03-17,25.7
R0051,PRJ253,2024-03-24,36.6
R0051,PRJ253,2024-03-31,33.5
R0051,PRJ253,2024-04-07,33.3
R0051,PRJ253,2024-04-14,21.0
R0051,PRJ253,2024-04-21,27.5
R0051,PRJ253,2024-04-28,28.4
R0052,PRJ399,2024-03-03,20.0
R0052,PRJ399,2024-03-10,25.9
R0053,PRJ058,2024-03-03,19.8
R0053,PRJ058,2024-03-10,24.1
R0053,PRJ058,2024-03-17,22.1
R0053,PRJ058,2024-03-24,23.5
R0053,PRJ058,2024-03-31,24.6
R0053,PRJ058,2024-04-07,18.0
R0053,PRJ058,2024-04-14,19.8
R0053,PRJ058,2024-04-21,18.6
R0053,PRJ058,2024-04-28,16.5
R0053,PRJ110,2024-03-03,24.3
R0053,PRJ110,2024-03-10,20.1
R0053,PRJ110,2024-03-17,22.0
R0053,PRJ110,2024-03-31,22.8
R0053,PRJ110,2024-04-07,28.6
R0053,PRJ110,2024-04-14,25.3
R0053,PRJ110,2024-04-21,24.1
R0053,PRJ110,2024-04-28,26.3
R0054,PRJ079,2024-03-03,21.2
R0054,PRJ079,2024-03-10,31.1
R0054,PRJ079,2024-03-24,23.8
R0054,PRJ079,2024-03-31,26.2
R0054,PRJ079,2024-04-07,33.4
R0054,PRJ079,2024-04-14,29.1
R0054,PRJ079,2024-04-21,29.1
R0054,PRJ079,2024-04-28,22.4
R0054,PRJ143,2024-03-03,21.0
R0054,PRJ143,2024-03-17,25.4
R0054,PRJ143,2024-03-24,24.2
R0054,PRJ143,2024-03-31,24.1
R0054,PRJ143,2024-04-07,18.7
R0054,PRJ143,2024-04-14,18.5
R0054,PRJ143,2024-04-28,12.5
R0055,PRJ190,2024-03-03,20.8
R0055,PRJ190,2024-03-10,21.7
R0055,PRJ190,2024-03-17,26.2
R0055,PRJ190,2024-03-24,26.9
R0055,PRJ190,2024-03-31,22.5
R0055,PRJ190,2024-04-07,23.9
R0055,PRJ190,2024-04-14,18.2
R0055,PRJ190,2024-04-21,30.0
R0056,PRJ111,2024-03-03,20.4
R0056,PRJ111,2024-03-17,15.8
R0056,PRJ111,2024-03-24,14.4
R0056,PRJ111,2024-03-31,14.9
R0056,PRJ111,2024-04-07,13.2
R0056,PRJ111,2024-04-14,13.9
R0056,PRJ111,2024-04-21,16.5
R0056,PRJ111,2024-04-28,17.9
R0056,PRJ365,2024-03-03,31.4
R0056,PRJ365,2024-03-10,35.8
R0056,PRJ365,2024-03-17,36.0
R0056,PRJ365,2024-03-24,28.0
R0056,PRJ365,2024-03-31,29.4
R0056,PRJ365,2024-04-07,29.7
R0056,PRJ365,2024-04-14,27.0
R0056,PRJ365,2024-04-21,29.9
R0056,PRJ365,2024-04-28,28.7
R0056,PRJ612,2024-03-03,6.2
R0056,PRJ612,2024-03-10,4.3
R0056,PRJ612,2024-03-17,5.1
R0056,PRJ612,2024-03-24,3.9
R0056,PRJ612,2024-03-31,4.1
R0056,PRJ612,2024-04-07,5.0
R0056,PRJ612,2024-04-14,4.8
R0056,PRJ612,2024-04-21,5.4
R0056,PRJ612,2024-04-28,3.9
R0057,PRJ436,2024-03-03,38.0
R0057,PRJ436,2024-03-10,22.2
R0057,PRJ436,2024-03-17,27.5
R0057,PRJ436,2024-03-24,29.7
R0057,PRJ436,2024-03-31,27.4
R0057,PRJ436,2024-04-07,23.7
R0057,PRJ436,2024-04-14,29.2
R0057,PRJ436,2024-04-21,32.4
R0057,PRJ436,2024-04-28,28.5
R0058,PRJ072,2024-03-03,19.5
R0058,PRJ072,2024-03-10,25.5
R0058,PRJ072,2024-03-17,25.6
R0058,PRJ072,2024-03-24,21.4
R0058,PRJ072,2024-03-31,23.4
R0058,PRJ072,2024-04-07,25.4
R0058,PRJ072,2024-04-14,24.5
R0058,PRJ072,2024-04-21,23.3
R0058,PRJ072,2024-04-28,24.3
R0058,PRJ402,2024-03-17,35.1
R0058,PRJ402,2024-03-24,33.0
R0058,PRJ402,2024-03-31,29.5
R0058,PRJ402,2024-04-07,30.6
R0059,PRJ190,2024-03-03,31.9
R0059,PRJ190,2024-03-10,27.7
R0059,PRJ190,2024-03-31,24.5
R0059,PRJ190,2024-04-07,26.4
R0059,PRJ190,2024-04-14,28.9
R0059,PRJ190,2024-04-21,20.2
R0060,PRJ348,2024-03-03,24.1
R0060,PRJ348,2024-03-10,30.1
R0060,PRJ348,2024-03-17,20.7
R0060,PRJ348,2024-03-24,17.4
R0060,PRJ348,2024-03-31,18.3
R0060,PRJ348,2024-04-07,13.6
R0060,PRJ348,2024-04-14,18.8
R0060,PRJ348,2024-04-21,18.9
R0060,PRJ348,2024-04-28,18.3
R0060,PRJ474,2024-03-03,6.1
R0060,PRJ474,2024-03-10,4.7
R0060,PRJ474,2024-03-17,6.6
R0060,PRJ474,2024-03-24,5.2
R0060,PRJ474,2024-03-31,5.8
R0060,PRJ474,2024-04-07,5.4
R0060,PRJ474,2024-04-14,5.6
R0060,PRJ474,2024-04-21,4.5
R0061,PRJ247,2024-03-03,17.1
R0061,PRJ247,2024-03-10,19.5
R0061,PRJ247,2024-03-17,21.1
R0061,PRJ247,2024-03-24,21.4
R0061,PRJ247,2024-03-31,17.9
R0061,PRJ247,2024-04-07,20.5
R0061,PRJ247,2024-04-14,20.2
R0061,PRJ247,2024-04-21,19.1
R0061,PRJ247,2024-04-28,19.9
R0062,PRJ124,2024-03-03,21.2
R0062,PRJ124,2024-03-10,23.6
R0062,PRJ124,2024-03-17,21.7
R0062,PRJ124,2024-03-24,18.5
R0062,PRJ124,2024-03-31,18.0
R0062,PRJ124,2024-04-07,24.6
R0062,PRJ124,2024-04-14,21.3
R0062,PRJ124,2024-04-21,23.4
R0062,PRJ124,2024-04-28,21.6
R0063,PRJ441,2024-03-03,18.8
R0063,PRJ441,2024-03-10,20.9
R0063,PRJ441,2024-03-17,19.0
R0063,PRJ441,2024-03-24,18.1
R0063,PRJ441,2024-03-31,19.9
R0063,PRJ441,2024-04-07,11.7
R0063,PRJ441,2024-04-14,16.7
R0063,PRJ441,2024-04-21,10.0
R0063,PRJ441,2024-04-28,18.3
R0063,PRJ271,2024-03-03,20.7
R0063,PRJ271,2024-03-10,21.1
R0063,PRJ271,2024-03-24,16.6
R0063,PRJ271,2024-03-31,22.5
R0063,PRJ271,2024-04-07,17.3
R0063,PRJ271,2024-04-14,15.2
R0063,PRJ271,2024-04-21,24.8
R0064,PRJ252,2024-03-03,27.7
R0064,PRJ252,2024-03-10,20.5
R0064,PRJ252,2024-03-17,21.1
R0065,PRJ076,2024-03-10,25.5
R0065,PRJ076,2024-03-17,20.6
R0065,PRJ076,2024-03-24,24.2
R0065,PRJ076,2024-03-31,21.1
R0065,PRJ076,2024-04-07,23.2
R0065,PRJ076,2024-04-14,20.9
R0065,PRJ076,2024-04-21,15.2
R0065,PRJ076,2024-04-28,13.3
R0065,PRJ409,2024-03-03,30.8
R0065,PRJ409,2024-03-10,30.9
R0065,PRJ409,2024-03-17,30.9
R0065,PRJ409,2024-03-24,32.9
R0065,PRJ409,2024-03-31,28.4
R0065,PRJ409,2024-04-07,33.4
R0065,PRJ409,2024-04-14,30.3
R0065,PRJ409,2024-04-21,24.7
R0065,PRJ409,2024-04-28,34.1
R0066,PRJ136,2024-03-03,29.6
R0066,PRJ136,2024-03-10,31.4
R0066,PRJ136,2024-03-17,23.9
R0066,PRJ136,2024-03-24,32.6
R0066,PRJ136,2024-03-31,38.0
R0066,PRJ136,2024-04-07,23.6
R0066,PRJ136,2024-04-14,33.2
R0066,PRJ136,2024-04-21,29.6
R0066,PRJ136,2024-04-28,28.8
R0066,PRJ095,2024-03-03,20.1
R0066,PRJ095,2024-03-10,19.8
R0066,PRJ095,2024-03-17,21.2
R0066,PRJ095,2024-03-24,14.8
R0066,PRJ095,2024-03-31,21.3
R0066,PRJ095,2024-04-07,18.8
R0066,PRJ095,2024-04-14,13.6
R0066,PRJ095,2024-04-21,16.7
R0066,PRJ095,2024-04-28,18.3
R0067,PRJ415,2024-03-03,23.0
R0067,PRJ415,2024-03-10,24.0
R0067,PRJ415,2024-03-17,22.5
R0067,PRJ415,2024-03-24,31.3
R0067,PRJ415,2024-03-31,32.2
R0067,PRJ415,2024-04-07,27.0
R0067,PRJ415,2024-04-14,24.8
R0067,PRJ415,2024-04-21,20.9
R0067,PRJ415,2024-04-28,29.2
R0068,PRJ442,2024-03-03,22.2
R0068,PRJ442,2024-03-10,17.8
R0068,PRJ442,2024-03-17,17.8
R0068,PRJ442,2024-03-24,20.2
R0068,PRJ442,2024-04-07,21.3
R0068,PRJ442,2024-04-14,20.4
R0068,PRJ442,2024-04-21,22.8
R0068,PRJ442,2024-04-28,19.3
R0068,PRJ280,2024-03-03,19.2
R0068,PRJ280,2024-03-10,23.2
R0068,PRJ280,2024-03-17,21.6
R0068,PRJ280,2024-03-24,19.4
R0068,PRJ280,2024-03-31,13.2
R0068,PRJ280,2024-04-07,20.3
R0068,PRJ280,2024-04-14,19.3
R0068,PRJ280,2024-04-21,25.1
R0068,PRJ280,2024-04-28,19.9
R0068,PRJ526,2024-03-03,7.9
R0068,PRJ526,2024-03-10,5.5
R0068,PRJ526,2024-03-17,6.0
R0068,PRJ526,2024-03-24,8.3
R0068,PRJ526,2024-03-31,5.4
R0068,PRJ526,2024-04-07,6.2
R0068,PRJ526,2024-04-14,7.7
R0068,PRJ526,2024-04-21,8.2
R0068,PRJ526,2024-04-28,6.8
R0069,PRJ125,2024-03-03,38.7
R0069,PRJ125,2024-03-10,31.5
R0069,PRJ125,2024-03-17,20.6
R0069,PRJ125,2024-03-24,38.2
R0069,PRJ125,2024-03-31,32.4
R0069,PRJ125,2024-04-07,30.9
R0069,PRJ125,2024-04-14,30.5
R0069,PRJ125,2024-04-21,35.9
R0070,PRJ170,2024-03-03,16.5
R0070,PRJ170,2024-03-10,11.8
R0070,PRJ170,2024-03-17,17.9
R0070,PRJ170,2024-03-24,17.3
R0070,PRJ170,2024-03-31,22.3
R0070,PRJ170,2024-04-07,18.5
R0070,PRJ170,2024-04-14,16.1
R0070,PRJ170,2024-04-28,17.6
R0070,PRJ133,2024-03-03,20.4
R0070,PRJ133,2024-03-10,21.0
R0070,PRJ133,2024-03-17,23.2
R0070,PRJ133,2024-03-24,24.1
R0070,PRJ133,2024-03-31,23.5
R0070,PRJ133,2024-04-14,17.3
R0070,PRJ133,2024-04-21,27.8
R0070,PRJ133,2024-04-28,25.9
R0071,PRJ103,2024-03-03,32.5
R0071,PRJ103,2024-03-10,26.6
R0071,PRJ103,2024-03-17,30.6
R0071,PRJ103,2024-03-24,19.6
R0071,PRJ103,2024-03-31,33.4
R0071,PRJ103,2024-04-07,27.3
R0071,PRJ103,2024-04-14,22.2
R0071,PRJ103,2024-04-21,25.9
R0072,PRJ204,2024-03-03,27.2
R0072,PRJ204,2024-03-10,39.0
R0072,PRJ204,2024-03-17,35.8
R0072,PRJ204,2024-03-24,34.5
R0072,PRJ204,2024-03-31,33.0
R0072,PRJ204,2024-04-07,37.2
R0072,PRJ204,2024-04-14,27.6
R0072,PRJ204,2024-04-21,31.6
R0072,PRJ570,2024-03-03,8.8
R0072,PRJ570,2024-03-10,8.4
R0072,PRJ570,2024-03-17,7.9
R0072,PRJ570,2024-03-24,7.2
R0072,PRJ570,2024-03-31,6.8
R0072,PRJ570,2024-04-14,1.7
R0072,PRJ570,2024-04-21,1.8
R0072,PRJ570,2024-04-28,1.5
R0073,PRJ101,2024-03-03,26.0
R0073,PRJ101,2024-03-10,28.7
R0073,PRJ101,2024-03-17,27.1
R0073,PRJ101,2024-03-24,32.4
R0073,PRJ101,2024-03-31,27.6
R0073,PRJ101,2024-04-07,35.8
R0074,PRJ214,2024-03-17,23.9
R0074,PRJ214,2024-03-24,17.1
R0074,PRJ214,2024-03-31,15.9
R0074,PRJ214,2024-04-07,12.8
R0074,PRJ214,2024-04-14,17.5
R0074,PRJ214,2024-04-21,15.1
R0074,PRJ214,2024-04-28,18.1
R0074,PRJ068,2024-03-03,17.9
R0074,PRJ068,2024-03-10,17.0
R0074,PRJ068,2024-03-17,19.9
R0074,PRJ068,2024-03-24,17.5
R0074,PRJ068,2024-03-31,15.7
R0074,PRJ068,2024-04-07,13.4
R0074,PRJ068,2024-04-14,16.5
R0074,PRJ068,2024-04-21,20.1
R0074,PRJ068,2024-04-28,18.9
R0075,PRJ412,2024-03-03,23.8
R0075,PRJ412,2024-03-10,25.6
R0075,PRJ412,2024-03-17,24.9
R0075,PRJ412,2024-03-24,25.8
R0075,PRJ412,2024-03-31,21.6
R0075,PRJ412,2024-04-07,20.3
R0075,PRJ412,2024-04-14,20.2
R0075,PRJ412,2024-04-21,21.7
R0075,PRJ412,2024-04-28,22.2
R0075,PRJ323,2024-03-03,30.3
R0075,PRJ323,2024-03-10,32.2
R0075,PRJ323,2024-03-17,39.0
R0075,PRJ323,2024-03-24,33.7
R0075,PRJ323,2024-03-31,33.3
R0075,PRJ323,2024-04-07,20.2
R0075,PRJ323,2024-04-14,29.3
R0075,PRJ323,2024-04-21,29.1
R0075,PRJ323,2024-04-28,21.9
R0076,PRJ187,2024-03-03,26.5
R0076,PRJ187,2024-03-10,22.7
R0077,PRJ262,2024-03-17,22.3
R0077,PRJ262,2024-03-31,18.4
R0077,PRJ262,2024-04-07,14.9
R0077,PRJ262,2024-04-14,16.5
R0077,PRJ262,2024-04-21,19.6
R0078,PRJ162,2024-03-17,26.3
R0078,PRJ162,2024-03-24,25.7
R0078,PRJ162,2024-03-31,22.0
R0078,PRJ162,2024-04-07,15.4
R0078,PRJ162,2024-04-14,19.2
R0078,PRJ162,2024-04-21,28.4
R0078,PRJ162,2024-04-28,24.9
R0079,PRJ024,2024-03-03,19.5
R0079,PRJ024,2024-03-10,21.4
R0079,PRJ024,2024-03-17,18.0
R0079,PRJ024,2024-03-24,13.7
R0079,PRJ024,2024-03-31,20.5
R0079,PRJ024,2024-04-07,17.4
R0079,PRJ024,2024-04-21,14.3
R0080,PRJ234,2024-03-03,19.4
R0080,PRJ234,2024-03-10,22.1
R0080,PRJ234,2024-03-17,23.2
R0080,PRJ234,2024-03-31,20.5
R0080,PRJ234,2024-04-07,24.9
R0080,PRJ234,2024-04-14,27.3
R0080,PRJ234,2024-04-28,17.5
R0080,PRJ603,2024-03-10,6.8
R0080,PRJ603,2024-03-24,4.1
R0080,PRJ603,2024-04-07,7.3
R0080,PRJ603,2024-04-14,5.7
R0080,PRJ603,2024-04-21,4.3
R0080,PRJ603,2024-04-28,5.9
R0081,PRJ338,2024-03-03,17.0
R0081,PRJ338,2024-03-10,30.0
R0081,PRJ338,2024-03-17,30.8
R0081,PRJ338,2024-03-24,31.0
R0081,PRJ338,2024-03-31,32.2
R0081,PRJ338,2024-04-07,18.0
R0081,PRJ338,2024-04-14,24.3
R0081,PRJ338,2024-04-28,32.3
R0081,PRJ422,2024-03-17,27.7
R0081,PRJ422,2024-03-24,35.5
R0081,PRJ422,2024-03-31,29.3
R0081,PRJ422,2024-04-07,27.6
R0081,PRJ422,2024-04-14,23.8
R0081,PRJ422,2024-04-21,27.7
R0082,PRJ368,2024-03-03,32.9
R0082,PRJ368,2024-03-10,44.7
R0082,PRJ368,2024-03-31,33.0
R0082,PRJ368,2024-04-07,39.2
R0082,PRJ368,2024-04-14,40.0
R0082,PRJ368,2024-04-21,35.5
R0082,PRJ368,2024-04-28,40.1
R0083,PRJ186,2024-03-10,39.0
R0083,PRJ186,2024-03-17,28.4
R0083,PRJ186,2024-03-24,24.7
R0083,PRJ186,2024-03-31,39.0
R0083,PRJ186,2024-04-07,31.6
R0083,PRJ186,2024-04-14,34.5
R0083,PRJ186,2024-04-21,36.8
R0083,PRJ186,2024-04-28,38.9
R0083,PRJ204,2024-03-03,21.9
R0083,PRJ204,2024-03-10,19.4
R0083,PRJ204,2024-03-17,26.1
R0083,PRJ204,2024-03-24,22.9
R0083,PRJ204,2024-03-31,16.4
R0083,PRJ204,2024-04-07,28.6
R0083,PRJ204,2024-04-14,18.3
R0083,PRJ204,2024-04-21,34.6
R0083,PRJ204,2024-04-28,30.8
R0084,PRJ164,2024-03-10,24.1
R0084,PRJ164,2024-03-17,31.3
R0084,PRJ164,2024-03-24,30.3
R0084,PRJ164,2024-03-31,25.0
R0084,PRJ164,2024-04-07,34.0
R0084,PRJ164,2024-04-14,36.1
R0084,PRJ164,2024-04-21,31.7
R0084,PRJ164,2024-04-28,30.2
R0084,PRJ455,2024-03-03,3.4
R0084,PRJ455,2024-03-10,1.9
R0084,PRJ455,2024-03-17,3.0
R0084,PRJ455,2024-03-24,3.0
R0084,PRJ455,2024-03-31,3.2
R0084,PRJ455,2024-04-07,2.5
R0084,PRJ455,2024-04-14,2.3
R0084,PRJ455,2024-04-21,2.7
R0084,PRJ455,2024-04-28,3.4
R0085,PRJ251,2024-03-03,29.6
R0085,PRJ251,2024-03-10,26.6
R0085,PRJ251,2024-03-17,40.2
R0085,PRJ251,2024-03-24,29.8
R0085,PRJ251,2024-03-31,31.5
R0085,PRJ251,2024-04-07,37.4
R0085,PRJ251,2024-04-14,32.1
R0085,PRJ251,2024-04-21,33.9
R0085,PRJ251,2024-04-28,27.6
R0086,PRJ406,2024-03-03,31.7
R0086,PRJ406,2024-03-10,39.4
R0086,PRJ406,2024-03-17,33.3
R0086,PRJ406,2024-03-24,32.6
R0086,PRJ406,2024-03-31,30.3
R0086,PRJ406,2024-04-07,25.5
R0086,PRJ406,2024-04-14,36.8
R0086,PRJ406,2024-04-21,31.1
R0086,PRJ406,2024-04-28,28.2
R0087,PRJ290,2024-03-03,15.2
R0087,PRJ290,2024-03-10,19.9
R0088,PRJ439,2024-03-03,23.5
R0088,PRJ439,2024-03-10,33.2
R0088,PRJ439,2024-03-17,25.6
R0088,PRJ439,2024-03-24,28.6
R0088,PRJ439,2024-03-31,29.8
R0088,PRJ439,2024-04-07,29.3
R0088,PRJ439,2024-04-14,32.1
R0088,PRJ439,2024-04-28,36.9
R0088,PRJ619,2024-03-03,3.3
R0088,PRJ619,2024-03-10,3.4
R0088,PRJ619,2024-03-17,2.9
R0088,PRJ619,2024-03-24,3.3
R0088,PRJ619,2024-03-31,3.1
R0088,PRJ619,2024-04-07,3.6
R0088,PRJ619,2024-04-14,1.8
R0088,PRJ619,2024-04-21,2.2
R0089,PRJ369,2024-03-03,32.1
R0089,PRJ369,2024-03-10,23.1
R0089,PRJ369,2024-03-24,19.7
R0089,PRJ369,2024-03-31,33.6
R0089,PRJ369,2024-04-07,34.1
R0089,PRJ369,2024-04-14,25.7
R0089,PRJ369,2024-04-21,41.9
R0089,PRJ133,2024-03-03,32.4
R0089,PRJ133,2024-03-10,30.9
R0089,PRJ133,2024-03-17,24.0
R0089,PRJ133,2024-03-24,30.3
R0089,PRJ133,2024-03-31,30.1
R0089,PRJ133,2024-04-07,24.0
R0089,PRJ133,2024-04-14,24.8
R0089,PRJ133,2024-04-21,30.7
R0089,PRJ133,2024-04-28,26.6
R0090,PRJ395,2024-03-03,38.9
R0090,PRJ395,2024-03-10,33.7
R0090,PRJ395,2024-03-17,32.8
R0090,PRJ395,2024-03-31,36.7
R0090,PRJ395,2024-04-14,30.8
R0090,PRJ395,2024-04-21,32.5
R0090,PRJ395,2024-04-28,41.0
R0091,PRJ277,2024-03-03,28.1
R0091,PRJ277,2024-03-10,22.9
R0091,PRJ277,2024-03-17,25.3
R0091,PRJ277,2024-03-24,20.3
R0091,PRJ277,2024-03-31,20.7
R0091,PRJ277,2024-04-07,22.2
R0091,PRJ277,2024-04-14,19.3
R0091,PRJ277,2024-04-21,20.1
R0091,PRJ277,2024-04-28,23.7
R0092,PRJ387,2024-03-17,34.3
R0092,PRJ387,2024-03-24,23.9
R0092,PRJ387,2024-03-31,30.6
R0092,PRJ387,2024-04-07,29.6
R0092,PRJ387,2024-04-14,26.9
R0092,PRJ387,2024-04-21,39.9
R0092,PRJ074,2024-03-10,24.1
R0092,PRJ074,2024-03-24,24.9
R0092,PRJ074,2024-03-31,35.1
R0092,PRJ074,2024-04-07,33.7
R0092,PRJ074,2024-04-21,31.2
R0092,PRJ074,2024-04-28,36.9
R0092,PRJ563,2024-03-03,4.1
R0092,PRJ563,2024-03-10,3.7
R0092,PRJ563,2024-03-17,3.7
R0092,PRJ563,2024-03-24,3.6
R0092,PRJ563,2024-03-31,3.3
R0092,PRJ563,2024-04-07,4.1
R0092,PRJ563,2024-04-14,6.8
R0093,PRJ230,2024-03-03,22.1
R0093,PRJ230,2024-03-10,16.4
R0093,PRJ230,2024-03-17,25.0
R0093,PRJ230,2024-03-24,21.9
R0093,PRJ230,2024-03-31,16.9
R0093,PRJ230,2024-04-07,26.2
R0093,PRJ230,2024-04-14,21.2
R0093,PRJ230,2024-04-21,17.5
R0093,PRJ230,2024-04-28,27.6
R0094,PRJ158,2024-03-03,30.6
R0094,PRJ158,2024-03-10,28.1
R0094,PRJ158,2024-03-17,32.9
R0094,PRJ158,2024-03-31,33.3
R0094,PRJ158,2024-04-07,27.3
R0094,PRJ158,2024-04-14,41.6
R0094,PRJ158,2024-04-21,35.1
R0094,PRJ158,2024-04-28,31.7
R0095,PRJ078,2024-03-03,18.7
R0095,PRJ078,2024-03-10,13.9
R0095,PRJ078,2024-03-17,22.4
R0095,PRJ078,2024-03-24,19.3
R0095,PRJ078,2024-03-31,24.6
R0095,PRJ078,2024-04-07,15.9
R0095,PRJ078,2024-04-14,15.4
R0095,PRJ078,2024-04-21,17.1
R0095,PRJ078,2024-04-28,19.1
R0096,PRJ153,2024-03-03,25.7
R0096,PRJ153,2024-03-10,38.4
R0096,PRJ153,2024-03-17,37.8
R0096,PRJ153,2024-03-24,30.1
R0096,PRJ153,2024-03-31,31.8
R0096,PRJ153,2024-04-07,32.3
R0096,PRJ153,2024-04-14,28.1
R0096,PRJ153,2024-04-21,25.7
R0096,PRJ153,2024-04-28,39.0
R0096,PRJ422,2024-03-03,30.6
R0096,PRJ422,2024-03-10,28.6
R0096,PRJ422,2024-03-17,30.0
R0096,PRJ422,2024-03-24,30.6
R0096,PRJ422,2024-03-31,38.5
R0096,PRJ422,2024-04-07,32.1
R0096,PRJ422,2024-04-14,28.0
R0096,PRJ422,2024-04-21,33.7
R0096,PRJ422,2024-04-28,31.5
R0096,PRJ455,2024-03-17,6.0
R0096,PRJ455,2024-03-24,5.3
R0096,PRJ455,2024-03-31,5.5
R0096,PRJ455,2024-04-07,4.1
R0096,PRJ455,2024-04-14,4.4
R0096,PRJ455,2024-04-21,4.8
R0096,PRJ455,2024-04-28,4.8
R0097,PRJ417,2024-03-17,25.9
R0097,PRJ417,2024-03-24,23.5
R0097,PRJ417,2024-03-31,29.8
R0097,PRJ417,2024-04-07,20.3
R0097,PRJ417,2024-04-14,19.6
R0097,PRJ417,2024-04-21,28.8
R0098,PRJ366,2024-03-03,28.1
R0098,PRJ366,2024-03-10,28.2
R0098,PRJ366,2024-03-24,16.0
R0098,PRJ366,2024-03-31,16.3
R0098,PRJ366,2024-04-07,24.2
R0098,PRJ366,2024-04-21,30.5
R0098,PRJ366,2024-04-28,34.7
R0098,PRJ345,2024-03-03,24.7
R0098,PRJ345,2024-03-10,22.8
R0098,PRJ345,2024-03-17,27.5
R0098,PRJ345,2024-03-24,29.8
R0098,PRJ345,2024-03-31,28.5
R0098,PRJ345,2024-04-07,21.1
R0098,PRJ345,2024-04-14,27.7
R0098,PRJ345,2024-04-21,27.8
R0098,PRJ345,2024-04-28,26.8
R0099,PRJ184,2024-03-03,25.0
R0099,PRJ184,2024-03-10,25.9
R0099,PRJ184,2024-03-17,28.9
R0100,PRJ228,2024-03-10,17.1
R0100,PRJ228,2024-03-17,23.7
R0100,PRJ228,2024-03-24,23.3
R0100,PRJ228,2024-03-31,28.2
R0100,PRJ228,2024-04-07,26.0
R0100,PRJ228,2024-04-14,22.3
R0100,PRJ228,2024-04-21,23.6
R0100,PRJ560,2024-03-17,3.2
R0100,PRJ560,2024-03-24,4.3
R0100,PRJ560,2024-03-31,3.8
R0100,PRJ560,2024-04-07,3.4
R0101,PRJ139,2024-03-03,17.4
R0101,PRJ139,2024-03-10,9.4
R0101,PRJ139,2024-03-17,15.9
R0101,PRJ139,2024-03-24,18.4
R0101,PRJ139,2024-03-31,19.2
R0101,PRJ139,2024-04-07,19.8
R0101,PRJ139,2024-04-14,19.7
R0101,PRJ139,2024-04-21,20.4
R0101,PRJ139,2024-04-28,23.9
R0102,PRJ117,2024-03-03,21.1
R0102,PRJ117,2024-03-10,24.1
R0102,PRJ117,2024-03-17,22.0
R0102,PRJ117,2024-03-24,26.5
R0102,PRJ117,2024-03-31,20.6
R0102,PRJ117,2024-04-07,20.3
R0102,PRJ117,2024-04-14,23.9
R0102,PRJ117,2024-04-21,23.9
R0103,PRJ250,2024-03-17,25.7
R0103,PRJ250,2024-03-24,28.3
R0103,PRJ250,2024-04-07,29.5
R0103,PRJ250,2024-04-14,28.4
R0103,PRJ250,2024-04-21,20.0
R0103,PRJ250,2024-04-28,29.5
R0103,PRJ291,2024-03-03,18.2
R0103,PRJ291,2024-03-10,17.5
R0103,PRJ291,2024-03-17,15.4
R0103,PRJ291,2024-03-24,20.1
R0103,PRJ291,2024-03-31,14.1
R0103,PRJ291,2024-04-07,19.3
R0103,PRJ291,2024-04-14,13.8
R0103,PRJ291,2024-04-21,18.4
R0103,PRJ291,2024-04-28,13.9
R0104,PRJ198,2024-03-03,21.5
R0104,PRJ198,2024-03-10,38.9
R0104,PRJ198,2024-03-17,38.9
R0104,PRJ198,2024-03-24,37.6
R0104,PRJ198,2024-03-31,24.8
R0104,PRJ198,2024-04-07,31.1
R0104,PRJ198,2024-04-14,28.3
R0104,PRJ198,2024-04-21,19.5
R0104,PRJ198,2024-04-28,30.3
R0104,PRJ352,2024-03-03,33.9
R0104,PRJ352,2024-03-10,32.1
R0104,PRJ352,2024-03-17,38.0
R0104,PRJ352,2024-03-24,27.2
R0104,PRJ352,2024-03-31,37.2
R0104,PRJ352,2024-04-07,29.1
R0104,PRJ352,2024-04-14,25.1
R0104,PRJ352,2024-04-21,30.7
R0104,PRJ352,2024-04-28,32.0
R0104,PRJ629,2024-03-03,2.4
R0104,PRJ629,2024-03-10,1.9
R0104,PRJ629,2024-03-17,2.1
R0104,PRJ629,2024-03-24,2.0
R0104,PRJ629,2024-03-31,1.9
R0104,PRJ629,2024-04-07,2.5
R0104,PRJ629,2024-04-14,2.2
R0104,PRJ629,2024-04-21,1.4
R0104,PRJ629,2024-04-28,2.1
R0105,PRJ229,2024-03-03,24.2
R0105,PRJ229,2024-03-10,32.4
R0105,PRJ229,2024-03-17,24.9
R0105,PRJ229,2024-03-24,34.3
R0105,PRJ229,2024-03-31,24.1
R0105,PRJ229,2024-04-07,27.1
R0105,PRJ229,2024-04-14,35.4
R0105,PRJ229,2024-04-21,31.5
R0105,PRJ229,2024-04-28,25.2
R0105,PRJ440,2024-03-03,27.8
R0105,PRJ440,2024-03-10,21.2
R0105,PRJ440,2024-03-17,21.8
R0105,PRJ440,2024-03-24,22.1
R0105,PRJ440,2024-03-31,24.9
R0105,PRJ440,2024-04-07,21.5
R0105,PRJ440,2024-04-14,22.2
R0105,PRJ440,2024-04-21,26.6
R0105,PRJ440,2024-04-28,26.1
R0106,PRJ419,2024-03-03,19.2
R0106,PRJ419,2024-03-10,19.3
R0106,PRJ419,2024-03-17,12.6
R0106,PRJ419,2024-03-24,20.3
R0106,PRJ419,2024-03-31,22.3
R0106,PRJ419,2024-04-07,18.7
R0106,PRJ419,2024-04-14,38.4
R0106,PRJ419,2024-04-21,40.6
R0106,PRJ419,2024-04-28,24.0
R0106,PRJ079,2024-03-03,21.1
R0106,PRJ079,2024-03-10,28.8
R0106,PRJ079,2024-03-17,27.2
R0106,PRJ079,2024-03-24,18.0
R0106,PRJ079,2024-03-31,18.6
R0106,PRJ079,2024-04-07,26.4
R0106,PRJ079,2024-04-21,25.7
R0106,PRJ079,2024-04-28,31.4
R0107,PRJ150,2024-03-03,40.1
R0107,PRJ150,2024-03-10,32.8
R0107,PRJ150,2024-03-17,25.1
R0107,PRJ150,2024-04-07,41.3
R0107,PRJ150,2024-04-21,41.2
R0107,PRJ150,2024-04-28,40.7
R0108,PRJ215,2024-03-03,28.4
R0108,PRJ215,2024-03-10,25.0
R0108,PRJ215,2024-03-17,23.1
R0108,PRJ215,2024-03-31,29.5
R0108,PRJ215,2024-04-07,28.4
R0108,PRJ215,2024-04-21,28.2
R0108,PRJ215,2024-04-28,31.7
R0108,PRJ553,2024-03-03,2.1
R0108,PRJ553,2024-03-10,2.3
R0108,PRJ553,2024-03-17,1.7
R0108,PRJ553,2024-03-24,2.2
R0108,PRJ553,2024-03-31,2.1
R0108,PRJ553,2024-04-07,1.9
R0108,PRJ553,2024-04-14,2.3
R0108,PRJ553,2024-04-21,2.6
R0109,PRJ025,2024-03-03,18.1
R0109,PRJ025,2024-03-10,22.9
R0109,PRJ025,2024-03-17,26.9
R0109,PRJ025,2024-03-24,27.5
R0109,PRJ025,2024-03-31,24.4
R0109,PRJ025,2024-04-07,29.6
R0109,PRJ025,2024-04-14,25.5
R0109,PRJ025,2024-04-21,27.3
R0109,PRJ025,2024-04-28,24.4
R0109,PRJ386,2024-03-17,17.6
R0109,PRJ386,2024-03-24,18.3
R0109,PRJ386,2024-04-07,19.1
R0109,PRJ386,2024-04-14,18.0
R0109,PRJ386,2024-04-28,18.5
R0110,PRJ103,2024-03-03,16.6
R0110,PRJ103,2024-03-10,21.3
R0110,PRJ103,2024-03-17,17.4
R0111,PRJ154,2024-03-03,33.9
R0111,PRJ154,2024-03-10,29.9
R0111,PRJ154,2024-03-17,30.1
R0111,PRJ154,2024-03-24,32.3
R0111,PRJ154,2024-03-31,32.4
R0111,PRJ154,2024-04-07,32.2
R0111,PRJ154,2024-04-14,36.0
R0111,PRJ154,2024-04-21,32.1
R0111,PRJ154,2024-04-28,30.7
R0112,PRJ380,2024-03-17,37.8
R0112,PRJ380,2024-03-24,32.3
R0112,PRJ380,2024-03-31,26.7
R0112,PRJ380,2024-04-07,28.3
R0112,PRJ380,2024-04-21,32.0
R0112,PRJ380,2024-04-28,43.0
R0112,PRJ560,2024-03-03,10.3
R0112,PRJ560,2024-03-10,7.6
R0112,PRJ560,2024-03-17,8.3
R0112,PRJ560,2024-03-31,6.9
R0112,PRJ560,2024-04-07,9.5
R0112,PRJ560,2024-04-14,10.2
R0112,PRJ560,2024-04-21,8.2
R0112,PRJ560,2024-04-28,10.2
R0113,PRJ144,2024-03-17,14.5
R0113,PRJ144,2024-03-24,18.3
R0113,PRJ144,2024-04-07,15.7
R0113,PRJ144,2024-04-14,20.0
R0113,PRJ144,2024-04-21,14.2
R0113,PRJ144,2024-04-28,17.8
R0114,PRJ117,2024-03-03,27.2
R0114,PRJ117,2024-03-17,24.9
R0114,PRJ117,2024-03-24,22.6
R0114,PRJ117,2024-03-31,24.9
R0114,PRJ117,2024-04-07,25.5
R0114,PRJ117,2024-04-14,26.3
R0114,PRJ117,2024-04-21,18.3
R0114,PRJ117,2024-04-28,28.1
R0115,PRJ150,2024-03-03,27.1
R0115,PRJ150,2024-03-17,33.0
R0115,PRJ150,2024-03-24,23.6
R0115,PRJ150,2024-03-31,17.5
R0115,PRJ150,2024-04-07,31.7
R0115,PRJ150,2024-04-14,30.0
R0115,PRJ150,2024-04-28,23.8
R0116,PRJ349,2024-03-10,16.0
R0116,PRJ349,2024-03-17,15.1
R0116,PRJ349,2024-03-24,13.3
R0116,PRJ349,2024-03-31,18.8
R0116,PRJ349,2024-04-07,16.2
R0116,PRJ349,2024-04-14,17.3
R0116,PRJ349,2024-04-21,24.3
R0116,PRJ349,2024-04-28,20.3
R0116,PRJ545,2024-03-03,4.9
R0116,PRJ545,2024-03-10,7.3
R0116,PRJ545,2024-03-17,5.9
R0116,PRJ545,2024-03-24,3.3
R0116,PRJ545,2024-03-31,7.3
R0116,PRJ545,2024-04-07,7.0
R0116,PRJ545,2024-04-14,3.6
R0116,PRJ545,2024-04-21,5.9
R0116,PRJ545,2024-04-28,2.0
R0117,PRJ347,2024-03-17,12.7
R0117,PRJ347,2024-03-24,17.0
R0117,PRJ347,2024-03-31,18.9
R0117,PRJ347,2024-04-07,16.0
R0118,PRJ125,2024-03-03,25.1
R0118,PRJ125,2024-03-10,18.4
R0118,PRJ125,2024-03-17,12.5
R0118,PRJ125,2024-03-24,18.2
R0118,PRJ125,2024-03-31,15.1
R0118,PRJ125,2024-04-07,18.1
R0118,PRJ125,2024-04-14,14.4
R0118,PRJ125,2024-04-21,19.0
R0118,PRJ125,2024-04-28,20.3
R0118,PRJ443,2024-03-03,33.5
R0118,PRJ443,2024-03-17,37.8
R0118,PRJ443,2024-03-24,41.6
R0118,PRJ443,2024-03-31,41.4
R0118,PRJ443,2024-04-07,33.2
R0118,PRJ443,2024-04-14,33.3
R0118,PRJ443,2024-04-21,41.0
R0118,PRJ443,2024-04-28,30.7
R0119,PRJ214,2024-03-03,16.3
R0119,PRJ214,2024-03-10,19.7
R0119,PRJ214,2024-03-17,15.2
R0119,PRJ214,2024-03-24,12.8
R0119,PRJ214,2024-03-31,14.2
R0119,PRJ214,2024-04-07,14.3
R0119,PRJ214,2024-04-14,14.0
R0119,PRJ214,2024-04-21,15.6
R0119,PRJ214,2024-04-28,20.8
R0119,PRJ046,2024-03-03,38.4
R0119,PRJ046,2024-03-17,36.6
R0119,PRJ046,2024-03-31,32.1
R0119,PRJ046,2024-04-07,35.3
R0119,PRJ046,2024-04-14,43.1
R0119,PRJ046,2024-04-21,36.1
R0119,PRJ046,2024-04-28,40.9
R0120,PRJ029,2024-03-03,22.8
R0120,PRJ029,2024-03-10,26.0
R0120,PRJ029,2024-03-17,22.7
R0120,PRJ029,2024-03-31,18.5
R0120,PRJ029,2024-04-07,21.9
R0120,PRJ029,2024-04-14,20.7
R0120,PRJ029,2024-04-21,12.2
R0120,PRJ029,2024-04-28,18.5
R0120,PRJ190,2024-03-03,18.1
R0120,PRJ190,2024-03-10,19.3
R0120,PRJ190,2024-03-17,18.8
R0120,PRJ190,2024-03-24,20.2
R0120,PRJ190,2024-04-07,16.5
R0120,PRJ190,2024-04-14,16.1
R0120,PRJ190,2024-04-21,15.7
R0120,PRJ190,2024-04-28,12.5
R0120,PRJ514,2024-03-03,7.3
R0120,PRJ514,2024-03-10,6.3
R0120,PRJ514,2024-03-17,6.5
R0120,PRJ514,2024-03-24,6.7
R0120,PRJ514,2024-03-31,7.5
R0120,PRJ514,2024-04-07,7.2
R0120,PRJ514,2024-04-14,7.1
R0120,PRJ514,2024-04-21,4.7
R0120,PRJ514,2024-04-28,7.9
R0121,PRJ238,2024-03-03,28.6
R0121,PRJ238,2024-03-10,23.4
R0121,PRJ238,2024-03-17,19.2
R0121,PRJ238,2024-03-24,21.0
R0121,PRJ238,2024-03-31,19.3
R0121,PRJ238,2024-04-07,28.1
R0121,PRJ238,2024-04-14,21.3
R0121,PRJ238,2024-04-21,23.6
R0121,PRJ238,2024-04-28,22.1
R0122,PRJ266,2024-03-03,17.6
R0122,PRJ266,2024-03-10,14.3
R0122,PRJ266,2024-03-17,16.7
R0123,PRJ036,2024-03-17,21.9
R0123,PRJ036,2024-03-24,30.5
R0123,PRJ036,2024-03-31,31.7
R0123,PRJ036,2024-04-07,27.2
R0123,PRJ036,2024-04-21,30.4
R0124,PRJ136,2024-03-03,17.3
R0124,PRJ136,2024-03-10,29.8
R0124,PRJ136,2024-03-17,23.8
R0124,PRJ136,2024-03-24,22.6
R0124,PRJ136,2024-03-31,25.6
R0124,PRJ136,2024-04-07,32.2
R0124,PRJ136,2024-04-14,26.8
R0124,PRJ136,2024-04-21,24.2
R0124,PRJ136,2024-04-28,27.9
R0124,PRJ548,2024-03-03,4.2
R0124,PRJ548,2024-03-10,3.7
R0124,PRJ548,2024-03-17,4.6
R0124,PRJ548,2024-03-24,3.9
R0124,PRJ548,2024-03-31,4.4
R0125,PRJ057,2024-03-03,24.7
R0125,PRJ057,2024-03-10,24.5
R0125,PRJ057,2024-03-17,19.8
R0125,PRJ057,2024-03-24,23.0
R0125,PRJ057,2024-04-07,19.8
R0125,PRJ057,2024-04-14,25.7
R0125,PRJ057,2024-04-21,18.1
R0125,PRJ057,2024-04-28,18.0
R0126,PRJ276,2024-03-03,20.3
R0126,PRJ276,2024-03-10,17.8
R0126,PRJ276,2024-03-17,17.9
R0126,PRJ276,2024-03-24,26.1
R0126,PRJ276,2024-03-31,20.2
R0126,PRJ276,2024-04-07,22.1
R0126,PRJ276,2024-04-14,16.8
R0126,PRJ276,2024-04-21,26.9
R0127,PRJ292,2024-03-03,35.8
R0127,PRJ292,2024-03-10,24.0
R0127,PRJ292,2024-03-17,29.8
R0127,PRJ292,2024-03-24,17.4
R0127,PRJ292,2024-03-31,22.3
R0127,PRJ292,2024-04-07,27.2
R0127,PRJ292,2024-04-14,32.1
R0127,PRJ292,2024-04-21,36.5
R0127,PRJ292,2024-04-28,35.4
R0127,PRJ134,2024-03-03,39.9
R0127,PRJ134,2024-03-10,37.6
R0127,PRJ134,2024-03-17,27.4
R0127,PRJ134,2024-03-24,36.1
R0127,PRJ134,2024-03-31,33.9
R0127,PRJ134,2024-04-07,35.2
R0127,PRJ134,2024-04-14,33.7
R0127,PRJ134,2024-04-21,36.2
R0127,PRJ134,2024-04-28,38.6
R0128,PRJ336,2024-03-03,18.4
R0128,PRJ336,2024-03-10,20.3
R0128,PRJ336,2024-03-17,24.7
R0128,PRJ336,2024-03-24,25.2
R0128,PRJ336,2024-03-31,27.5
R0128,PRJ336,2024-04-07,22.8
R0128,PRJ336,2024-04-14,20.1
R0128,PRJ336,2024-04-28,24.9
R0128,PRJ397,2024-03-03,29.8
R0128,PRJ397,2024-03-10,21.5
R0128,PRJ397,2024-03-17,29.5
R0128,PRJ397,2024-03-24,27.3
R0128,PRJ397,2024-03-31,34.4
R0128,PRJ397,2024-04-14,29.7
R0128,PRJ397,2024-04-21,29.1
R0128,PRJ397,2024-04-28,24.4
R0128,PRJ515,2024-03-17,5.7
R0128,PRJ515,2024-03-24,5.6
R0128,PRJ515,2024-03-31,4.5
R0128,PRJ515,2024-04-07,4.8
R0128,PRJ515,2024-04-14,4.2
R0128,PRJ515,2024-04-21,4.1
R0128,PRJ515,2024-04-28,6.5
R0129,PRJ289,2024-03-10,14.2
R0129,PRJ289,2024-03-17,25.0
R0129,PRJ289,2024-03-24,21.0
R0129,PRJ289,2024-03-31,20.9
R0129,PRJ289,2024-04-07,19.0
R0129,PRJ289,2024-04-14,17.1
R0129,PRJ289,2024-04-21,12.3
R0129,PRJ289,2024-04-28,19.6
R0130,PRJ323,2024-03-03,18.4
R0130,PRJ323,2024-03-10,23.9
R0130,PRJ323,2024-03-17,23.0
R0130,PRJ323,2024-03-24,21.6
R0130,PRJ323,2024-03-31,19.4
R0130,PRJ323,2024-04-07,26.6
R0130,PRJ323,2024-04-14,21.8
R0130,PRJ323,2024-04-21,24.8
R0130,PRJ323,2024-04-28,24.6
R0131,PRJ425,2024-03-03,19.1
R0131,PRJ425,2024-03-10,34.1
R0131,PRJ425,2024-03-17,21.3
R0131,PRJ425,2024-03-24,33.8
R0131,PRJ425,2024-03-31,20.0
R0131,PRJ425,2024-04-07,28.4
R0131,PRJ425,2024-04-14,28.6
R0131,PRJ425,2024-04-21,25.9
R0131,PRJ425,2024-04-28,39.2
R0131,PRJ022,2024-03-10,36.4
R0131,PRJ022,2024-03-17,31.1
R0131,PRJ022,2024-03-24,28.7
R0131,PRJ022,2024-03-31,32.7
R0131,PRJ022,2024-04-07,26.8
R0131,PRJ022,2024-04-14,24.2
R0131,PRJ022,2024-04-21,24.3
R0131,PRJ022,2024-04-28,23.4
R0132,PRJ402,2024-03-10,14.0
R0132,PRJ402,2024-03-17,18.3
R0132,PRJ402,2024-03-24,16.9
R0132,PRJ402,2024-03-31,15.9
R0132,PRJ402,2024-04-07,14.5
R0132,PRJ402,2024-04-14,15.0
R0132,PRJ402,2024-04-21,15.7
R0132,PRJ402,2024-04-28,15.9
R0132,PRJ022,2024-03-03,19.3
R0132,PRJ022,2024-03-10,22.2
R0132,PRJ022,2024-03-17,23.2
R0132,PRJ022,2024-03-24,25.1
R0132,PRJ022,2024-03-31,28.3
R0132,PRJ022,2024-04-07,16.7
R0132,PRJ022,2024-04-14,23.7
R0132,PRJ022,2024-04-21,21.5
R0132,PRJ022,2024-04-28,15.9
R0132,PRJ568,2024-03-03,2.9
R0132,PRJ568,2024-03-10,2.4
R0132,PRJ568,2024-03-17,3.5
R0132,PRJ568,2024-03-24,3.5
R0132,PRJ568,2024-03-31,3.3
R0132,PRJ568,2024-04-07,2.9
R0132,PRJ568,2024-04-14,3.9
R0132,PRJ568,2024-04-21,2.7
R0132,PRJ568,2024-04-28,3.0
R0133,PRJ002,2024-03-03,21.8
R0133,PRJ002,2024-03-10,22.2
R0133,PRJ002,2024-03-24,20.6
R0133,PRJ002,2024-03-31,27.3
R0133,PRJ002,2024-04-07,15.9
R0133,PRJ002,2024-04-14,20.7
R0133,PRJ002,2024-04-21,18.8
R0133,PRJ002,2024-04-28,25.7
R0134,PRJ438,2024-03-03,32.4
R0134,PRJ438,2024-03-10,36.2
R0135,PRJ238,2024-03-03,18.6
R0135,PRJ238,2024-03-10,17.8
R0135,PRJ238,2024-03-17,20.2
R0135,PRJ238,2024-03-24,19.5
R0135,PRJ238,2024-03-31,19.4
R0135,PRJ238,2024-04-14,15.9
R0135,PRJ238,2024-04-21,18.3
R0135,PRJ238,2024-04-28,31.5
R0136,PRJ249,2024-03-03,24.0
R0136,PRJ249,2024-03-10,24.4
R0136,PRJ249,2024-03-17,16.8
R0136,PRJ249,2024-03-24,20.6
R0136,PRJ249,2024-03-31,18.7
R0136,PRJ249,2024-04-14,16.3
R0136,PRJ249,2024-04-21,26.5
R0136,PRJ249,2024-04-28,24.1
R0136,PRJ173,2024-03-03,28.8
R0136,PRJ173,2024-03-10,27.6
R0136,PRJ173,2024-03-17,22.0
R0136,PRJ173,2024-03-24,28.9
R0136,PRJ173,2024-03-31,36.7
R0136,PRJ173,2024-04-07,19.6
R0136,PRJ173,2024-04-14,31.4
R0136,PRJ173,2024-04-21,34.9
R0136,PRJ173,2024-04-28,29.5
R0136,PRJ498,2024-03-03,6.8
R0136,PRJ498,2024-03-24,5.3
R0136,PRJ498,2024-03-31,5.8
R0136,PRJ498,2024-04-07,5.8
R0136,PRJ498,2024-04-14,7.0
R0136,PRJ498,2024-04-21,7.8
R0136,PRJ498,2024-04-28,7.1
R0137,PRJ304,2024-03-03,23.5
R0137,PRJ304,2024-03-10,20.3
R0137,PRJ304,2024-03-17,25.5
R0137,PRJ304,2024-03-24,21.9
R0137,PRJ304,2024-04-07,19.7
R0137,PRJ304,2024-04-14,19.0
R0137,PRJ304,2024-04-21,17.4
R0137,PRJ304,2024-04-28,20.1
R0137,PRJ056,2024-03-03,38.6
R0137,PRJ056,2024-03-10,36.1
R0137,PRJ056,2024-03-17,32.4
R0137,PRJ056,2024-03-24,35.0
R0137,PRJ056,2024-03-31,32.1
R0137,PRJ056,2024-04-07,37.4
R0137,PRJ056,2024-04-14,38.8
R0137,PRJ056,2024-04-21,38.9
R0137,PRJ056,2024-04-28,33.5
R0138,PRJ390,2024-03-03,29.9
R0138,PRJ390,2024-03-10,36.8
R0138,PRJ390,2024-03-17,30.7
R0138,PRJ390,2024-03-24,32.5
R0138,PRJ390,2024-03-31,33.5
R0138,PRJ390,2024-04-07,32.1
R0138,PRJ390,2024-04-14,35.4
R0138,PRJ390,2024-04-21,25.8
R0138,PRJ390,2024-04-28,34.3
R0138,PRJ328,2024-03-03,43.7
R0138,PRJ328,2024-03-10,30.3
R0138,PRJ328,2024-03-17,32.2
R0138,PRJ328,2024-03-24,35.0
R0138,PRJ328,2024-03-31,26.3
R0138,PRJ328,2024-04-07,33.3
R0138,PRJ328,2024-04-14,22.8
R0138,PRJ328,2024-04-21,23.6
R0138,PRJ328,2024-04-28,22.6
R0139,PRJ239,2024-03-03,30.9
R0139,PRJ239,2024-03-10,28.1
R0139,PRJ239,2024-03-17,30.3
R0139,PRJ239,2024-03-24,31.3
R0139,PRJ239,2024-03-31,35.1
R0139,PRJ239,2024-04-07,36.2
R0139,PRJ239,2024-04-14,24.8
R0139,PRJ239,2024-04-21,42.6
R0139,PRJ239,2024-04-28,31.8
R0140,PRJ142,2024-03-03,17.4
R0140,PRJ142,2024-03-10,13.6
R0140,PRJ142,2024-03-17,11.7
R0140,PRJ142,2024-03-24,20.8
R0140,PRJ142,2024-03-31,16.2
R0140,PRJ142,2024-04-07,15.7
R0140,PRJ142,2024-04-14,16.9
R0140,PRJ142,2024-04-21,15.8
R0140,PRJ142,2024-04-28,18.2
R0140,PRJ562,2024-03-03,7.1
R0140,PRJ562,2024-03-10,7.6
R0140,PRJ562,2024-03-17,6.2
R0140,PRJ562,2024-03-24,5.5
R0140,PRJ562,2024-03-31,7.9
R0140,PRJ562,2024-04-07,7.2
R0140,PRJ562,2024-04-14,5.8
R0140,PRJ562,2024-04-21,5.8
R0140,PRJ562,2024-04-28,7.0
R0141,PRJ094,2024-03-10,43.7
R0141,PRJ094,2024-03-17,30.7
R0141,PRJ094,2024-03-24,38.3
R0141,PRJ094,2024-03-31,30.6
R0141,PRJ094,2024-04-07,37.6
R0141,PRJ094,2024-04-14,30.7
R0141,PRJ094,2024-04-28,28.1
R0141,PRJ308,2024-03-03,21.4
R0141,PRJ308,2024-03-10,23.5
R0141,PRJ308,2024-03-17,25.2
R0141,PRJ308,2024-03-24,24.6
R0141,PRJ308,2024-04-07,27.4
R0141,PRJ308,2024-04-14,22.0
R0142,PRJ075,2024-03-03,36.9
R0142,PRJ075,2024-03-10,32.9
R0142,PRJ075,2024-03-17,38.1
R0142,PRJ075,2024-03-24,38.0
R0142,PRJ075,2024-03-31,44.7
R0142,PRJ075,2024-04-07,35.0
R0142,PRJ075,2024-04-14,32.7
R0143,PRJ304,2024-03-03,19.7
R0143,PRJ304,2024-03-10,26.3
R0143,PRJ304,2024-03-17,25.9
R0143,PRJ304,2024-03-31,20.1
R0143,PRJ304,2024-04-07,26.2
R0143,PRJ304,2024-04-21,33.0
R0143,PRJ304,2024-04-28,25.1
R0144,PRJ303,2024-03-03,31.5
R0144,PRJ303,2024-03-10,36.9
R0144,PRJ303,2024-03-17,26.3
R0144,PRJ303,2024-03-24,30.3
R0144,PRJ303,2024-03-31,31.8
R0144,PRJ303,2024-04-14,35.4
R0144,PRJ303,2024-04-21,33.6
R0144,PRJ303,2024-04-28,38.2
R0144,PRJ199,2024-03-17,20.6
R0144,PRJ199,2024-03-24,19.8
R0144,PRJ199,2024-03-31,21.5
R0144,PRJ199,2024-04-07,18.4
R0144,PRJ199,2024-04-14,14.2
R0144,PRJ199,2024-04-21,19.9
R0144,PRJ199,2024-04-28,18.3
R0144,PRJ596,2024-03-17,2.9
R0144,PRJ596,2024-03-24,2.5
R0144,PRJ596,2024-03-31,2.6
R0144,PRJ596,2024-04-07,1.9
R0145,PRJ339,2024-03-03,23.3
R0145,PRJ339,2024-03-10,21.2
R0146,PRJ094,2024-03-03,23.2
R0146,PRJ094,2024-03-10,32.3
R0146,PRJ094,2024-03-17,24.8
R0146,PRJ094,2024-03-24,25.8
R0146,PRJ094,2024-03-31,24.0
R0146,PRJ094,2024-04-07,28.5
R0146,PRJ094,2024-04-14,26.4
R0146,PRJ094,2024-04-21,33.6
R0146,PRJ094,2024-04-28,28.2
R0146,PRJ245,2024-03-17,20.4
R0146,PRJ245,2024-03-24,23.3
R0146,PRJ245,2024-03-31,28.8
R0146,PRJ245,2024-04-07,19.2
R0146,PRJ245,2024-04-21,14.2
R0146,PRJ245,2024-04-28,22.3
R0147,PRJ313,2024-03-03,28.7
R0147,PRJ313,2024-03-10,21.8
R0147,PRJ313,2024-03-17,24.5
R0147,PRJ313,2024-03-24,26.6
R0147,PRJ313,2024-03-31,19.6
R0147,PRJ313,2024-04-07,27.0
R0147,PRJ313,2024-04-14,16.3
R0147,PRJ313,2024-04-21,21.5
R0147,PRJ313,2024-04-28,23.2
R0147,PRJ078,2024-03-03,45.0
R0147,PRJ078,2024-03-10,39.1
R0147,PRJ078,2024-03-17,37.9
R0147,PRJ078,2024-03-24,29.6
R0147,PRJ078,2024-04-07,32.2
R0147,PRJ078,2024-04-14,33.8
R0147,PRJ078,2024-04-21,34.8
R0147,PRJ078,2024-04-28,37.8
R0148,PRJ134,2024-03-03,35.7
R0148,PRJ134,2024-03-10,27.3
R0148,PRJ134,2024-03-17,20.6
R0148,PRJ134,2024-03-24,34.6
R0148,PRJ134,2024-03-31,32.1
R0148,PRJ134,2024-04-07,24.6
R0148,PRJ134,2024-04-14,14.1
R0148,PRJ134,2024-04-21,18.2
R0148,PRJ134,2024-04-28,17.7
R0148,PRJ208,2024-03-03,23.3
R0148,PRJ208,2024-03-10,19.8
R0148,PRJ208,2024-03-17,16.7
R0148,PRJ208,2024-03-24,16.1
R0148,PRJ208,2024-03-31,18.6
R0148,PRJ208,2024-04-14,12.2
R0148,PRJ208,2024-04-21,23.2
R0148,PRJ208,2024-04-28,20.4
R0148,PRJ575,2024-03-17,6.2
R0148,PRJ575,2024-03-24,8.0
R0148,PRJ575,2024-03-31,6.8
R0148,PRJ575,2024-04-07,5.8
R0148,PRJ575,2024-04-14,7.3
R0148,PRJ575,2024-04-21,6.3
R0148,PRJ575,2024-04-28,5.6
R0149,PRJ009,2024-03-03,29.7
R0149,PRJ009,2024-03-10,33.2
R0149,PRJ009,2024-03-17,36.9
R0149,PRJ009,2024-03-24,28.8
R0149,PRJ009,2024-03-31,30.4
R0149,PRJ009,2024-04-07,43.1
R0149,PRJ009,2024-04-14,44.7
R0149,PRJ009,2024-04-21,38.0
R0149,PRJ009,2024-04-28,38.9
R0149,PRJ151,2024-03-03,23.0
R0149,PRJ151,2024-03-10,18.0
R0149,PRJ151,2024-03-17,13.7
R0149,PRJ151,2024-03-24,23.6
R0149,PRJ151,2024-04-07,23.9
R0149,PRJ151,2024-04-14,17.1
R0149,PRJ151,2024-04-21,23.9
R0149,PRJ151,2024-04-28,19.0
R0150,PRJ419,2024-03-10,19.6
R0150,PRJ419,2024-03-17,17.9
R0150,PRJ419,2024-03-24,20.2
R0150,PRJ419,2024-04-07,18.8
R0150,PRJ419,2024-04-14,22.4
R0150,PRJ419,2024-04-21,22.5
R0150,PRJ419,2024-04-28,18.9
R0150,PRJ335,2024-03-03,23.2
R0150,PRJ335,2024-03-10,32.5
R0150,PRJ335,2024-03-17,23.0
R0150,PRJ335,2024-03-24,26.5
R0150,PRJ335,2024-03-31,29.8
R0150,PRJ335,2024-04-07,22.5
R0150,PRJ335,2024-04-14,25.6
R0150,PRJ335,2024-04-21,21.7
R0150,PRJ335,2024-04-28,20.9
R0151,PRJ033,2024-03-03,28.3
R0151,PRJ033,2024-03-10,36.2
R0151,PRJ033,2024-03-17,25.6
R0151,PRJ033,2024-03-24,37.7
R0151,PRJ033,2024-03-31,30.9
R0151,PRJ033,2024-04-07,33.3
R0151,PRJ033,2024-04-14,34.9
R0151,PRJ033,2024-04-21,28.6
R0151,PRJ033,2024-04-28,19.9
R0152,PRJ392,2024-03-03,34.2
R0152,PRJ392,2024-03-10,26.1
R0152,PRJ392,2024-03-17,27.8
R0152,PRJ392,2024-03-24,27.9
R0152,PRJ392,2024-03-31,32.6
R0152,PRJ392,2024-04-07,30.5
R0152,PRJ392,2024-04-14,15.5
R0152,PRJ392,2024-04-21,22.8
R0152,PRJ392,2024-04-28,33.2
R0152,PRJ498,2024-03-03,9.8
R0152,PRJ498,2024-03-10,6.4
R0152,PRJ498,2024-03-17,7.2
R0152,PRJ498,2024-03-24,7.5
R0152,PRJ498,2024-04-07,7.8
R0152,PRJ498,2024-04-14,9.4
R0152,PRJ498,2024-04-21,7.2
R0152,PRJ498,2024-04-28,9.3
R0153,PRJ343,2024-03-03,16.6
R0153,PRJ343,2024-03-10,20.3
R0153,PRJ343,2024-03-17,23.1
R0153,PRJ343,2024-03-24,22.6
R0153,PRJ343,2024-03-31,25.9
R0153,PRJ343,2024-04-07,27.2
R0153,PRJ343,2024-04-14,22.9
R0153,PRJ343,2024-04-21,25.3
R0153,PRJ343,2024-04-28,22.3
R0154,PRJ410,2024-03-03,33.9
R0154,PRJ410,2024-03-10,35.2
R0154,PRJ410,2024-03-17,34.8
R0154,PRJ410,2024-03-24,32.3
R0154,PRJ410,2024-03-31,31.4
R0155,PRJ110,2024-03-03,19.4
R0155,PRJ110,2024-03-10,18.1
R0155,PRJ110,2024-03-24,17.6
R0155,PRJ110,2024-03-31,20.1
R0155,PRJ110,2024-04-07,20.1
R0155,PRJ110,2024-04-14,17.8
R0155,PRJ110,2024-04-21,15.8
R0155,PRJ110,2024-04-28,18.1
R0155,PRJ170,2024-03-03,20.4
R0155,PRJ170,2024-03-10,20.9
R0155,PRJ170,2024-03-17,15.6
R0155,PRJ170,2024-03-24,23.5
R0155,PRJ170,2024-03-31,22.5
R0155,PRJ170,2024-04-07,18.3
R0155,PRJ170,2024-04-14,34.3
R0155,PRJ170,2024-04-21,28.0
R0155,PRJ170,2024-04-28,35.4
R0156,PRJ152,2024-03-03,17.5
R0156,PRJ152,2024-03-10,15.0
R0156,PRJ152,2024-03-17,22.4
R0156,PRJ152,2024-03-24,19.4
R0156,PRJ152,2024-03-31,16.8
R0156,PRJ152,2024-04-07,21.7
R0156,PRJ152,2024-04-14,19.0
R0156,PRJ152,2024-04-21,15.3
R0156,PRJ152,2024-04-28,20.2
R0156,PRJ132,2024-03-03,23.6
R0156,PRJ132,2024-03-24,21.0
R0156,PRJ132,2024-03-31,18.1
R0156,PRJ132,2024-04-07,13.6
R0156,PRJ132,2024-04-21,21.9
R0156,PRJ132,2024-04-28,22.5
R0156,PRJ547,2024-03-03,4.9
R0156,PRJ547,2024-03-10,4.2
R0156,PRJ547,2024-03-17,5.7
R0156,PRJ547,2024-03-31,4.9
R0156,PRJ547,2024-04-07,3.3
R0156,PRJ547,2024-04-14,4.9
R0156,PRJ547,2024-04-21,4.2
R0156,PRJ547,2024-04-28,3.9
R0158,PRJ156,2024-03-03,36.4
R0158,PRJ156,2024-03-10,29.2
R0158,PRJ156,2024-03-24,33.9
R0158,PRJ156,2024-03-31,33.5
R0158,PRJ156,2024-04-07,31.6
R0158,PRJ156,2024-04-14,28.4
R0158,PRJ156,2024-04-21,27.6
R0158,PRJ253,2024-03-17,18.0
R0158,PRJ253,2024-03-24,16.8
R0158,PRJ253,2024-03-31,17.5
R0158,PRJ253,2024-04-07,18.1
R0158,PRJ253,2024-04-14,21.2
R0158,PRJ253,2024-04-21,20.3
R0158,PRJ253,2024-04-28,18.6
R0159,PRJ196,2024-03-10,24.5
R0159,PRJ196,2024-03-17,20.2
R0159,PRJ196,2024-03-24,22.7
R0159,PRJ196,2024-03-31,21.2
R0159,PRJ196,2024-04-14,21.6
R0159,PRJ196,2024-04-21,29.6
R0159,PRJ196,2024-04-28,21.2
R0160,PRJ047,2024-03-03,18.8
R0160,PRJ047,2024-03-10,16.3
R0160,PRJ047,2024-03-17,19.6
R0160,PRJ047,2024-03-24,17.9
R0160,PRJ047,2024-03-31,18.2
R0160,PRJ047,2024-04-07,19.1
R0160,PRJ047,2024-04-14,17.5
R0160,PRJ047,2024-04-21,19.5
R0160,PRJ047,2024-04-28,24.0
R0160,PRJ633,2024-03-17,3.8
R0160,PRJ633,2024-03-24,3.1
R0160,PRJ633,2024-03-31,3.6
R0160,PRJ633,2024-04-14,3.0
R0160,PRJ633,2024-04-21,3.0
R0160,PRJ633,2024-04-28,8.6
R0161,PRJ062,2024-03-03,25.2
R0161,PRJ062,2024-03-10,30.2
R0161,PRJ062,2024-03-17,33.6
R0161,PRJ062,2024-03-24,34.0
R0161,PRJ062,2024-03-31,29.6
R0161,PRJ062,2024-04-07,37.4
R0161,PRJ062,2024-04-14,31.2
R0161,PRJ062,2024-04-21,35.2
R0161,PRJ162,2024-03-03,34.1
R0161,PRJ162,2024-03-10,28.5
R0161,PRJ162,2024-03-17,32.1
R0161,PRJ162,2024-03-24,32.2
R0161,PRJ162,2024-03-31,30.8
R0161,PRJ162,2024-04-07,36.1
R0161,PRJ162,2024-04-14,29.7
R0162,PRJ087,2024-03-03,21.8
R0162,PRJ087,2024-03-10,21.6
R0162,PRJ087,2024-03-17,24.8
R0162,PRJ087,2024-03-24,23.5
R0162,PRJ087,2024-03-31,19.0
R0162,PRJ087,2024-04-07,26.6
R0162,PRJ087,2024-04-14,24.1
R0162,PRJ087,2024-04-21,20.8
R0162,PRJ087,2024-04-28,21.3
R0162,PRJ439,2024-03-17,22.6
R0162,PRJ439,2024-03-24,24.2
R0162,PRJ439,2024-03-31,27.6
R0162,PRJ439,2024-04-14,29.2
R0162,PRJ439,2024-04-21,31.6
R0162,PRJ439,2024-04-28,23.3
R0163,PRJ361,2024-03-03,35.6
R0163,PRJ361,2024-03-10,38.2
R0163,PRJ361,2024-03-17,32.0
R0163,PRJ361,2024-03-24,34.2
R0163,PRJ361,2024-03-31,45.2
R0163,PRJ361,2024-04-07,38.8
R0163,PRJ361,2024-04-14,29.7
R0163,PRJ361,2024-04-21,31.7
R0163,PRJ361,2024-04-28,32.9
R0164,PRJ093,2024-03-24,22.0
R0164,PRJ093,2024-03-31,33.9
R0164,PRJ093,2024-04-14,26.9
R0164,PRJ093,2024-04-21,24.6
R0164,PRJ093,2024-04-28,28.1
R0164,PRJ530,2024-03-03,5.9
R0164,PRJ530,2024-03-10,7.9
R0164,PRJ530,2024-03-17,5.0
R0164,PRJ530,2024-03-24,5.8
R0164,PRJ530,2024-03-31,5.0
R0164,PRJ530,2024-04-07,5.9
R0164,PRJ530,2024-04-14,7.4
R0164,PRJ530,2024-04-21,7.1
R0164,PRJ530,2024-04-28,6.9
R0165,PRJ343,2024-03-03,30.4
R0165,PRJ343,2024-03-10,34.1
R0165,PRJ343,2024-03-17,40.6
R0165,PRJ343,2024-03-24,30.6
R0165,PRJ343,2024-03-31,30.8
R0165,PRJ343,2024-04-07,31.0
R0165,PRJ343,2024-04-14,35.2
R0165,PRJ343,2024-04-21,37.3
R0165,PRJ343,2024-04-28,38.5
R0166,PRJ321,2024-03-03,30.7
R0166,PRJ321,2024-03-10,30.2
R0166,PRJ321,2024-03-17,29.3
R0166,PRJ321,2024-03-24,34.4
R0166,PRJ321,2024-03-31,24.9
R0166,PRJ321,2024-04-14,27.6
R0166,PRJ321,2024-04-21,35.3
R0166,PRJ321,2024-04-28,29.2
R0166,PRJ178,2024-03-03,21.9
R0166,PRJ178,2024-03-10,27.2
R0166,PRJ178,2024-03-17,28.3
R0166,PRJ178,2024-03-24,22.3
R0166,PRJ178,2024-03-31,23.1
R0166,PRJ178,2024-04-07,26.6
R0166,PRJ178,2024-04-14,20.5
R0166,PRJ178,2024-04-21,17.6
R0166,PRJ178,2024-04-28,31.2
R0167,PRJ049,2024-03-03,20.3
R0167,PRJ049,2024-03-10,18.6
R0167,PRJ049,2024-03-17,17.3
R0167,PRJ049,2024-03-24,20.4
R0167,PRJ049,2024-03-31,19.2
R0167,PRJ049,2024-04-14,20.4
R0167,PRJ049,2024-04-21,19.7
R0168,PRJ287,2024-03-17,19.6
R0168,PRJ287,2024-03-24,24.7
R0168,PRJ287,2024-03-31,21.3
R0168,PRJ287,2024-04-07,24.2
R0168,PRJ287,2024-04-14,15.4
R0168,PRJ287,2024-04-21,18.6
R0168,PRJ287,2024-04-28,19.0
R0168,PRJ254,2024-03-03,22.6
R0168,PRJ254,2024-03-10,23.3
R0168,PRJ254,2024-03-17,26.7
R0168,PRJ254,2024-03-24,24.5
R0168,PRJ254,2024-03-31,19.4
R0168,PRJ254,2024-04-07,20.8
R0168,PRJ640,2024-03-03,4.2
R0168,PRJ640,2024-03-17,5.1
R0168,PRJ640,2024-03-24,6.0
R0168,PRJ640,2024-03-31,3.5
R0168,PRJ640,2024-04-07,5.4
R0168,PRJ640,2024-04-14,6.1
R0168,PRJ640,2024-04-21,8.2
R0168,PRJ640,2024-04-28,8.5
R0169,PRJ132,2024-03-03,17.1
R0170,PRJ050,2024-03-03,34.6
R0170,PRJ050,2024-03-10,23.1
R0170,PRJ050,2024-03-17,26.7
R0170,PRJ050,2024-03-24,36.5
R0170,PRJ050,2024-03-31,31.0
R0170,PRJ050,2024-04-07,35.4
R0170,PRJ050,2024-04-14,20.9
R0170,PRJ139,2024-03-10,30.3
R0170,PRJ139,2024-03-17,35.1
R0170,PRJ139,2024-03-24,30.3
R0170,PRJ139,2024-03-31,24.4
R0170,PRJ139,2024-04-07,30.8
R0170,PRJ139,2024-04-14,30.2
R0170,PRJ139,2024-04-21,33.1
R0171,PRJ445,2024-03-03,29.0
R0171,PRJ445,2024-03-10,32.8
R0171,PRJ445,2024-03-17,35.8
R0171,PRJ445,2024-03-24,28.3
R0171,PRJ445,2024-03-31,28.3
R0171,PRJ445,2024-04-07,29.1
R0171,PRJ445,2024-04-14,34.5
R0171,PRJ445,2024-04-21,36.4
R0171,PRJ445,2024-04-28,30.2
R0172,PRJ208,2024-03-03,13.9
R0172,PRJ208,2024-03-10,16.4
R0172,PRJ208,2024-03-17,18.3
R0172,PRJ208,2024-03-24,17.0
R0172,PRJ208,2024-03-31,15.8
R0172,PRJ208,2024-04-21,25.5
R0172,PRJ208,2024-04-28,16.6
R0172,PRJ532,2024-03-17,2.5
R0172,PRJ532,2024-03-24,2.6
R0172,PRJ532,2024-03-31,2.6
R0172,PRJ532,2024-04-07,2.4
R0172,PRJ532,2024-04-14,1.9
R0172,PRJ532,2024-04-21,2.7
R0173,PRJ091,2024-03-03,24.1
R0173,PRJ091,2024-03-10,18.4
R0173,PRJ091,2024-03-17,18.9
R0173,PRJ091,2024-03-24,20.5
R0173,PRJ091,2024-03-31,22.0
R0173,PRJ091,2024-04-07,24.9
R0173,PRJ091,2024-04-14,26.4
R0173,PRJ091,2024-04-21,39.0
R0173,PRJ091,2024-04-28,26.9
R0173,PRJ315,2024-03-03,21.7
R0173,PRJ315,2024-03-10,16.0
R0173,PRJ315,2024-03-17,15.1
R0173,PRJ315,2024-03-24,19.9
R0173,PRJ315,2024-03-31,18.8
R0173,PRJ315,2024-04-07,19.1
R0173,PRJ315,2024-04-14,16.2
R0173,PRJ315,2024-04-21,13.2
R0173,PRJ315,2024-04-28,16.1
R0174,PRJ370,2024-03-03,32.9
R0174,PRJ370,2024-03-10,29.3
R0174,PRJ370,2024-03-17,33.7
R0174,PRJ370,2024-03-24,31.9
R0174,PRJ370,2024-03-31,30.0
R0174,PRJ370,2024-04-07,40.8
R0174,PRJ370,2024-04-14,41.2
R0174,PRJ370,2024-04-21,36.0
R0174,PRJ370,2024-04-28,43.5
R0175,PRJ295,2024-03-03,23.0
R0175,PRJ295,2024-03-10,16.7
R0175,PRJ295,2024-03-17,23.6
R0175,PRJ295,2024-03-24,19.6
R0175,PRJ295,2024-03-31,21.8
R0175,PRJ295,2024-04-07,20.2
R0175,PRJ295,2024-04-14,17.3
R0175,PRJ295,2024-04-21,17.5
R0175,PRJ028,2024-03-03,34.7
R0175,PRJ028,2024-03-17,40.4
R0175,PRJ028,2024-03-24,41.2
R0175,PRJ028,2024-03-31,26.7
R0175,PRJ028,2024-04-07,41.0
R0175,PRJ028,2024-04-14,36.5
R0175,PRJ028,2024-04-21,35.9
R0176,PRJ018,2024-03-03,39.9
R0176,PRJ018,2024-03-10,38.2
R0176,PRJ018,2024-03-24,36.3
R0176,PRJ018,2024-03-31,41.0
R0176,PRJ018,2024-04-07,36.5
R0176,PRJ018,2024-04-14,32.6
R0176,PRJ018,2024-04-21,23.2
R0176,PRJ018,2024-04-28,31.0
R0176,PRJ607,2024-03-03,2.5
R0176,PRJ607,2024-03-10,2.3
R0176,PRJ607,2024-03-17,1.9
R0176,PRJ607,2024-03-24,2.7
R0176,PRJ607,2024-03-31,2.5
R0176,PRJ607,2024-04-07,2.5
R0176,PRJ607,2024-04-14,2.5
R0176,PRJ607,2024-04-21,2.3
R0176,PRJ607,2024-04-28,3.3
R0177,PRJ265,2024-03-10,26.3
R0177,PRJ265,2024-03-17,32.7
R0177,PRJ265,2024-03-24,33.5
R0177,PRJ265,2024-03-31,26.6
R0177,PRJ265,2024-04-07,30.6
R0177,PRJ265,2024-04-14,33.6
R0177,PRJ265,2024-04-21,37.2
R0178,PRJ395,2024-03-03,28.6
R0178,PRJ395,2024-03-10,32.7
R0178,PRJ395,2024-03-17,36.0
R0178,PRJ395,2024-03-24,36.0
R0178,PRJ395,2024-03-31,36.8
R0178,PRJ395,2024-04-07,37.7
R0178,PRJ395,2024-04-14,35.5
R0178,PRJ395,2024-04-21,45.6
R0179,PRJ372,2024-03-03,21.9
R0179,PRJ372,2024-03-10,18.9
R0179,PRJ372,2024-03-17,25.6
R0179,PRJ372,2024-03-24,38.9
R0179,PRJ372,2024-03-31,29.3
R0179,PRJ372,2024-04-07,34.0
R0179,PRJ372,2024-04-14,35.6
R0179,PRJ372,2024-04-21,30.2
R0179,PRJ372,2024-04-28,40.2
R0179,PRJ192,2024-03-03,22.6
R0179,PRJ192,2024-03-10,17.3
R0179,PRJ192,2024-03-17,25.4
R0179,PRJ192,2024-03-24,14.5
R0179,PRJ192,2024-03-31,21.6
R0179,PRJ192,2024-04-07,20.5
R0179,PRJ192,2024-04-14,24.0
R0179,PRJ192,2024-04-21,20.1
R0179,PRJ192,2024-04-28,26.4
R0180,PRJ446,2024-03-03,28.3
R0180,PRJ446,2024-03-10,29.9
R0181,PRJ293,2024-03-03,34.8
R0181,PRJ293,2024-03-10,30.1
R0181,PRJ293,2024-03-17,26.0
R0181,PRJ293,2024-03-24,26.6
R0181,PRJ293,2024-03-31,28.5
R0181,PRJ293,2024-04-07,27.2
R0181,PRJ293,2024-04-14,33.4
R0181,PRJ293,2024-04-21,28.5
R0181,PRJ293,2024-04-28,27.9
R0182,PRJ181,2024-03-10,18.8
R0182,PRJ181,2024-03-17,18.7
R0182,PRJ181,2024-03-31,19.6
R0182,PRJ181,2024-04-07,27.4
R0182,PRJ181,2024-04-21,20.1
R0182,PRJ181,2024-04-28,29.6
R0183,PRJ070,2024-03-03,23.1
R0183,PRJ070,2024-03-10,21.9
R0183,PRJ070,2024-03-24,23.8
R0183,PRJ070,2024-03-31,34.3
R0183,PRJ070,2024-04-07,23.0
R0183,PRJ070,2024-04-14,29.3
R0183,PRJ070,2024-04-21,18.4
R0183,PRJ117,2024-03-03,23.0
R0183,PRJ117,2024-03-10,29.6
R0183,PRJ117,2024-03-17,37.3
R0183,PRJ117,2024-03-24,37.0
R0183,PRJ117,2024-04-07,31.5
R0183,PRJ117,2024-04-14,37.4
R0183,PRJ117,2024-04-21,22.7
R0183,PRJ117,2024-04-28,28.3
R0184,PRJ023,2024-03-03,23.0
R0184,PRJ023,2024-03-10,28.5
R0184,PRJ023,2024-03-17,23.9
R0184,PRJ023,2024-03-31,33.3
R0184,PRJ023,2024-04-07,28.9
R0184,PRJ023,2024-04-28,28.9
R0184,PRJ402,2024-03-03,16.8
R0184,PRJ402,2024-03-10,18.5
R0184,PRJ402,2024-03-17,14.3
R0184,PRJ402,2024-03-24,22.4
R0184,PRJ402,2024-03-31,25.9
R0184,PRJ402,2024-04-07,25.0
R0184,PRJ402,2024-04-14,16.4
R0184,PRJ402,2024-04-28,23.6
R0184,PRJ620,2024-03-03,5.0
R0184,PRJ620,2024-03-10,5.2
R0184,PRJ620,2024-03-17,5.5
R0184,PRJ620,2024-03-24,4.8
R0184,PRJ620,2024-03-31,6.2
R0184,PRJ620,2024-04-07,5.8
R0184,PRJ620,2024-04-14,6.1
R0184,PRJ620,2024-04-21,5.8
R0184,PRJ620,2024-04-28,5.2
R0185,PRJ058,2024-03-03,27.5
R0185,PRJ058,2024-03-10,22.3
R0185,PRJ058,2024-03-17,20.5
R0185,PRJ058,2024-03-24,19.5
R0185,PRJ058,2024-03-31,29.0
R0185,PRJ058,2024-04-07,24.1
R0185,PRJ058,2024-04-14,24.4
R0185,PRJ058,2024-04-21,31.7
R0185,PRJ058,2024-04-28,25.7
R0186,PRJ413,2024-03-03,15.5
R0186,PRJ413,2024-03-10,16.2
R0186,PRJ413,2024-03-17,15.2
R0186,PRJ413,2024-03-24,20.8
R0186,PRJ413,2024-03-31,17.1
R0186,PRJ413,2024-04-07,12.3
R0186,PRJ413,2024-04-14,15.2
R0186,PRJ413,2024-04-21,18.2
R0187,PRJ296,2024-03-03,34.9
R0187,PRJ296,2024-03-10,32.2
R0187,PRJ296,2024-03-17,32.7
R0187,PRJ296,2024-03-24,29.7
R0187,PRJ296,2024-03-31,31.5
R0187,PRJ296,2024-04-07,33.2
R0187,PRJ296,2024-04-14,35.9
R0187,PRJ296,2024-04-21,22.8
R0187,PRJ296,2024-04-28,39.5
R0188,PRJ394,2024-03-03,34.7
R0188,PRJ394,2024-03-10,33.3
R0188,PRJ394,2024-03-17,29.7
R0188,PRJ394,2024-03-24,30.0
R0188,PRJ394,2024-03-31,43.7
R0188,PRJ394,2024-04-07,35.0
R0188,PRJ394,2024-04-14,36.6
R0188,PRJ394,2024-04-28,29.4
R0188,PRJ531,2024-03-03,5.1
R0188,PRJ531,2024-03-10,5.0
R0188,PRJ531,2024-03-17,5.7
R0188,PRJ531,2024-03-24,5.5
R0188,PRJ531,2024-03-31,3.5
R0188,PRJ531,2024-04-07,5.6
R0188,PRJ531,2024-04-14,5.4
R0188,PRJ531,2024-04-21,9.4
R0189,PRJ172,2024-03-17,34.3
R0189,PRJ172,2024-03-24,38.2
R0189,PRJ172,2024-03-31,42.0
R0189,PRJ172,2024-04-07,40.4
R0189,PRJ172,2024-04-14,41.2
R0190,PRJ413,2024-03-03,23.1
R0190,PRJ413,2024-03-10,24.3
R0190,PRJ413,2024-03-17,25.0
R0190,PRJ413,2024-03-24,20.5
R0190,PRJ413,2024-03-31,25.6
R0190,PRJ413,2024-04-07,24.4
R0190,PRJ413,2024-04-14,21.7
R0190,PRJ413,2024-04-21,23.0
R0190,PRJ413,2024-04-28,27.3
R0191,PRJ260,2024-03-03,20.2
R0191,PRJ260,2024-03-10,22.6
R0191,PRJ260,2024-03-17,22.4
R0191,PRJ260,2024-03-24,10.8
R0191,PRJ260,2024-03-31,19.3
R0191,PRJ260,2024-04-14,19.1
R0191,PRJ260,2024-04-21,21.5
R0191,PRJ260,2024-04-28,22.1
R0191,PRJ255,2024-03-03,32.8
R0191,PRJ255,2024-03-10,25.3
R0191,PRJ255,2024-03-24,24.9
R0191,PRJ255,2024-03-31,28.4
R0191,PRJ255,2024-04-07,27.9
R0191,PRJ255,2024-04-14,32.1
R0191,PRJ255,2024-04-21,20.5
R0191,PRJ255,2024-04-28,33.1
R0192,PRJ330,2024-03-03,22.3
R0193,PRJ343,2024-03-03,17.8
R0193,PRJ343,2024-03-10,19.9
R0193,PRJ343,2024-03-17,18.2
R0193,PRJ343,2024-03-24,23.0
R0193,PRJ343,2024-03-31,24.8
R0193,PRJ343,2024-04-07,26.5
R0193,PRJ343,2024-04-14,22.1
R0193,PRJ431,2024-03-03,20.3
R0193,PRJ431,2024-03-10,22.7
R0193,PRJ431,2024-03-17,28.3
R0193,PRJ431,2024-03-24,25.9
R0193,PRJ431,2024-03-31,29.6
R0193,PRJ431,2024-04-07,27.8
R0193,PRJ431,2024-04-14,23.0
R0193,PRJ431,2024-04-21,25.2
R0193,PRJ431,2024-04-28,38.8
R0194,PRJ437,2024-03-17,23.3
R0194,PRJ437,2024-03-24,24.7
R0194,PRJ437,2024-03-31,17.8
R0194,PRJ437,2024-04-07,19.4
R0194,PRJ437,2024-04-14,26.1
R0194,PRJ437,2024-04-21,17.9
R0194,PRJ437,2024-04-28,24.5
R0194,PRJ444,2024-03-03,20.2
R0194,PRJ444,2024-03-10,25.7
R0194,PRJ444,2024-03-17,23.5
R0194,PRJ444,2024-03-24,21.9
R0194,PRJ444,2024-03-31,26.0
R0194,PRJ444,2024-04-07,29.7
R0194,PRJ444,2024-04-14,22.7
R0194,PRJ444,2024-04-21,17.6
R0194,PRJ444,2024-04-28,24.8
R0195,PRJ427,2024-03-03,28.5
R0195,PRJ427,2024-03-10,37.1
R0195,PRJ427,2024-03-17,30.6
R0195,PRJ427,2024-03-24,29.7
R0195,PRJ427,2024-03-31,31.1
R0195,PRJ427,2024-04-07,38.6
R0195,PRJ427,2024-04-14,35.1
R0195,PRJ427,2024-04-21,27.8
R0195,PRJ427,2024-04-28,26.6
R0195,PRJ090,2024-03-03,26.6
R0195,PRJ090,2024-03-17,25.0
R0195,PRJ090,2024-03-24,18.0
R0195,PRJ090,2024-04-07,19.1
R0195,PRJ090,2024-04-28,21.3
R0196,PRJ081,2024-03-03,16.6
R0196,PRJ081,2024-03-10,21.3
R0196,PRJ081,2024-03-17,31.1
R0196,PRJ081,2024-03-24,31.2
R0196,PRJ081,2024-03-31,21.7
R0196,PRJ081,2024-04-07,26.5
R0196,PRJ081,2024-04-14,25.6
R0196,PRJ081,2024-04-21,19.9
R0196,PRJ081,2024-04-28,26.5
R0196,PRJ604,2024-03-17,4.9
R0196,PRJ604,2024-03-24,5.3
R0196,PRJ604,2024-03-31,5.7
R0196,PRJ604,2024-04-14,6.1
R0196,PRJ604,2024-04-21,7.0
R0197,PRJ386,2024-03-03,26.1
R0197,PRJ386,2024-03-10,23.7
R0197,PRJ386,2024-03-17,21.1
R0197,PRJ386,2024-03-24,25.7
R0197,PRJ386,2024-03-31,23.3
R0197,PRJ386,2024-04-07,26.9
R0197,PRJ386,2024-04-14,28.0
R0197,PRJ386,2024-04-21,17.2
R0197,PRJ386,2024-04-28,19.4
R0198,PRJ139,2024-03-17,18.9
R0198,PRJ139,2024-03-24,20.0
R0198,PRJ139,2024-03-31,21.2
R0198,PRJ139,2024-04-07,13.3
R0198,PRJ139,2024-04-14,14.4
R0198,PRJ286,2024-03-03,33.4
R0198,PRJ286,2024-03-10,34.3
R0198,PRJ286,2024-03-17,46.8
R0198,PRJ286,2024-03-24,32.5
R0198,PRJ286,2024-03-31,38.6
R0198,PRJ286,2024-04-07,42.6
R0198,PRJ286,2024-04-14,31.4
R0198,PRJ286,2024-04-21,30.5
R0198,PRJ286,2024-04-28,34.5
R0199,PRJ202,2024-03-10,17.2
R0199,PRJ202,2024-03-17,14.6
R0199,PRJ202,2024-03-31,16.0
R0199,PRJ202,2024-04-07,17.3
R0199,PRJ202,2024-04-14,14.3
R0200,PRJ178,2024-03-03,30.5
R0200,PRJ178,2024-03-10,35.3
R0200,PRJ178,2024-03-17,36.8
R0200,PRJ178,2024-03-24,38.6
R0200,PRJ178,2024-03-31,32.7
R0200,PRJ178,2024-04-07,37.6
R0200,PRJ178,2024-04-14,26.9
R0200,PRJ178,2024-04-21,31.5
R0200,PRJ178,2024-04-28,33.0
R0200,PRJ581,2024-03-03,6.6
R0200,PRJ581,2024-03-10,5.8
R0200,PRJ581,2024-03-17,5.7
R0200,PRJ581,2024-03-24,4.8
R0200,PRJ581,2024-03-31,6.8
R0200,PRJ581,2024-04-07,4.7
R0200,PRJ581,2024-04-14,5.3
R0200,PRJ581,2024-04-21,5.1
R0200,PRJ581,2024-04-28,5.6
R0201,PRJ445,2024-03-03,35.1
R0201,PRJ445,2024-03-10,34.6
R0201,PRJ445,2024-03-17,41.5
R0201,PRJ445,2024-03-24,26.3
R0201,PRJ445,2024-03-31,39.7
R0201,PRJ445,2024-04-07,37.5
R0201,PRJ445,2024-04-14,31.1
R0201,PRJ445,2024-04-21,33.3
R0201,PRJ445,2024-04-28,40.8
R0202,PRJ263,2024-03-03,29.4
R0202,PRJ263,2024-03-10,30.4
R0202,PRJ263,2024-03-17,30.9
R0202,PRJ263,2024-03-24,26.7
R0202,PRJ263,2024-03-31,28.5
R0202,PRJ263,2024-04-07,37.4
R0202,PRJ263,2024-04-14,40.7
R0202,PRJ263,2024-04-28,43.7
R0202,PRJ143,2024-03-03,27.4
R0202,PRJ143,2024-03-10,26.3
R0202,PRJ143,2024-03-17,25.4
R0202,PRJ143,2024-03-24,29.2
R0202,PRJ143,2024-03-31,25.9
R0202,PRJ143,2024-04-07,33.8
R0202,PRJ143,2024-04-14,26.1
R0202,PRJ143,2024-04-21,32.7
R0202,PRJ143,2024-04-28,37.3
R0203,PRJ119,2024-03-03,26.7
R0203,PRJ119,2024-03-10,32.2
R0204,PRJ376,2024-03-03,33.0
R0204,PRJ376,2024-03-10,31.8
R0204,PRJ376,2024-03-17,34.9
R0204,PRJ376,2024-03-24,35.1
R0204,PRJ376,2024-03-31,38.8
R0204,PRJ376,2024-04-07,30.5
R0204,PRJ376,2024-04-14,36.7
R0204,PRJ376,2024-04-21,32.7
R0204,PRJ376,2024-04-28,36.6
R0204,PRJ469,2024-03-03,4.4
R0204,PRJ469,2024-03-17,3.6
R0204,PRJ469,2024-03-24,3.9
R0204,PRJ469,2024-03-31,5.0
R0204,PRJ469,2024-04-07,5.0
R0204,PRJ469,2024-04-14,3.3
R0204,PRJ469,2024-04-21,4.6
R0204,PRJ469,2024-04-28,5.1
R0205,PRJ034,2024-03-03,33.0
R0205,PRJ034,2024-03-10,33.8
R0205,PRJ034,2024-03-17,24.4
R0205,PRJ034,2024-03-24,38.6
R0205,PRJ034,2024-03-31,26.9
R0205,PRJ034,2024-04-07,30.5
R0205,PRJ034,2024-04-14,36.9
R0205,PRJ034,2024-04-21,40.5
R0205,PRJ034,2024-04-28,30.9
R0206,PRJ277,2024-03-03,25.0
R0206,PRJ277,2024-03-10,19.9
R0206,PRJ277,2024-03-17,19.5
R0206,PRJ277,2024-03-24,16.5
R0206,PRJ277,2024-03-31,18.4
R0206,PRJ277,2024-04-07,20.1
R0206,PRJ277,2024-04-14,21.1
R0206,PRJ277,2024-04-21,21.0
R0206,PRJ074,2024-03-03,27.7
R0206,PRJ074,2024-03-10,36.6
R0206,PRJ074,2024-03-17,42.1
R0206,PRJ074,2024-03-24,39.5
R0206,PRJ074,2024-03-31,29.4
R0206,PRJ074,2024-04-07,31.9
R0206,PRJ074,2024-04-14,39.2
R0206,PRJ074,2024-04-21,38.3
R0206,PRJ074,2024-04-28,28.6
R0207,PRJ006,2024-03-03,28.8
R0207,PRJ006,2024-03-10,40.6
R0207,PRJ006,2024-03-17,30.8
R0207,PRJ006,2024-03-24,25.1
R0207,PRJ006,2024-03-31,40.6
R0207,PRJ006,2024-04-07,40.6
R0207,PRJ006,2024-04-14,37.3
R0207,PRJ006,2024-04-21,36.0
R0207,PRJ006,2024-04-28,35.4
R0208,PRJ017,2024-03-10,17.2
R0208,PRJ017,2024-03-17,18.7
R0208,PRJ017,2024-03-24,11.6
R0208,PRJ017,2024-03-31,16.3
R0208,PRJ017,2024-04-07,16.9
R0208,PRJ017,2024-04-14,15.4
R0208,PRJ017,2024-04-21,12.7
R0208,PRJ017,2024-04-28,15.2
R0208,PRJ450,2024-03-03,15.8
R0208,PRJ450,2024-03-10,14.0
R0208,PRJ450,2024-03-17,16.8
R0208,PRJ450,2024-03-24,25.1
R0208,PRJ450,2024-03-31,25.3
R0208,PRJ450,2024-04-07,19.9
R0208,PRJ450,2024-04-14,23.9
R0208,PRJ450,2024-04-21,23.6
R0208,PRJ450,2024-04-28,28.6
R0208,PRJ638,2024-03-03,3.0
R0208,PRJ638,2024-03-10,3.1
R0208,PRJ638,2024-03-17,3.3
R0208,PRJ638,2024-03-24,2.3
R0208,PRJ638,2024-03-31,2.9
R0208,PRJ638,2024-04-07,3.6
R0208,PRJ638,2024-04-14,3.6
R0208,PRJ638,2024-04-21,2.7
R0208,PRJ638,2024-04-28,1.7
R0209,PRJ083,2024-03-03,43.0
R0209,PRJ083,2024-03-10,32.9
R0209,PRJ083,2024-03-17,35.9
R0209,PRJ083,2024-03-24,26.2
R0209,PRJ083,2024-03-31,41.6
R0209,PRJ083,2024-04-07,32.7
R0209,PRJ083,2024-04-14,27.0
R0209,PRJ172,2024-03-03,34.5
R0209,PRJ172,2024-03-10,30.4
R0209,PRJ172,2024-03-17,31.3
R0209,PRJ172,2024-03-24,37.4
R0209,PRJ172,2024-03-31,35.5
R0209,PRJ172,2024-04-07,31.9
R0209,PRJ172,2024-04-14,27.6
R0209,PRJ172,2024-04-21,29.2
R0210,PRJ192,2024-03-03,21.0
R0210,PRJ192,2024-03-17,24.4
R0210,PRJ192,2024-03-24,27.1
R0210,PRJ192,2024-03-31,18.9
R0210,PRJ192,2024-04-07,27.3
R0210,PRJ192,2024-04-14,19.5
R0210,PRJ192,2024-04-28,21.2
R0210,PRJ438,2024-03-03,28.1
R0210,PRJ438,2024-03-10,25.5
R0210,PRJ438,2024-03-17,20.2
R0210,PRJ438,2024-03-31,17.5
R0210,PRJ438,2024-04-07,17.0
R0210,PRJ438,2024-04-14,21.9
R0210,PRJ438,2024-04-21,31.0
R0210,PRJ438,2024-04-28,24.7
R0211,PRJ157,2024-03-03,29.6
R0211,PRJ157,2024-03-10,26.9
R0211,PRJ157,2024-03-17,25.2
R0211,PRJ157,2024-03-24,28.2
R0211,PRJ157,2024-03-31,27.1
R0211,PRJ157,2024-04-07,27.5
R0211,PRJ157,2024-04-14,28.7
R0211,PRJ157,2024-04-21,29.6
R0211,PRJ157,2024-04-28,16.8
R0212,PRJ313,2024-03-03,21.1
R0212,PRJ313,2024-03-10,26.9
R0212,PRJ313,2024-03-17,15.1
R0212,PRJ313,2024-03-24,20.8
R0212,PRJ313,2024-03-31,16.3
R0212,PRJ313,2024-04-07,17.5
R0212,PRJ313,2024-04-14,12.2
R0212,PRJ313,2024-04-21,19.0
R0212,PRJ313,2024-04-28,15.7
R0212,PRJ155,2024-03-03,21.8
R0212,PRJ155,2024-03-10,31.6
R0212,PRJ155,2024-03-17,26.5
R0212,PRJ155,2024-03-24,30.8
R0212,PRJ155,2024-04-07,22.4
R0212,PRJ155,2024-04-14,25.1
R0212,PRJ155,2024-04-21,25.3
R0212,PRJ155,2024-04-28,26.7
R0212,PRJ556,2024-03-03,2.4
R0212,PRJ556,2024-03-10,1.9
R0212,PRJ556,2024-03-17,2.1
R0212,PRJ556,2024-03-24,2.9
R0212,PRJ556,2024-03-31,1.9
R0212,PRJ556,2024-04-07,3.0
R0212,PRJ556,2024-04-14,2.6
R0212,PRJ556,2024-04-21,2.5
R0212,PRJ556,2024-04-28,2.4
R0213,PRJ019,2024-03-03,21.9
R0213,PRJ019,2024-03-10,19.2
R0213,PRJ019,2024-03-17,26.3
R0213,PRJ019,2024-03-24,24.4
R0213,PRJ019,2024-03-31,30.2
R0213,PRJ019,2024-04-07,26.1
R0213,PRJ019,2024-04-28,25.5
R0214,PRJ017,2024-03-03,17.9
R0214,PRJ017,2024-03-17,14.5
R0214,PRJ017,2024-03-24,12.0
R0214,PRJ017,2024-03-31,16.1
R0214,PRJ184,2024-03-10,19.6
R0214,PRJ184,2024-03-17,19.6
R0214,PRJ184,2024-03-24,23.1
R0214,PRJ184,2024-03-31,22.5
R0214,PRJ184,2024-04-07,21.0
R0214,PRJ184,2024-04-14,18.5
R0214,PRJ184,2024-04-28,36.7
R0215,PRJ223,2024-03-03,20.2
R0215,PRJ223,2024-03-10,23.1
R0216,PRJ039,2024-03-03,38.6
R0216,PRJ039,2024-03-10,38.3
R0216,PRJ039,2024-03-17,37.1
R0216,PRJ039,2024-03-24,30.7
R0216,PRJ039,2024-03-31,34.4
R0216,PRJ039,2024-04-07,26.0
R0216,PRJ039,2024-04-14,37.2
R0216,PRJ039,2024-04-21,36.1
R0216,PRJ617,2024-03-03,2.9
R0216,PRJ617,2024-03-10,3.4
R0216,PRJ617,2024-03-17,3.7
R0216,PRJ617,2024-03-24,3.7
R0216,PRJ617,2024-03-31,4.0
R0216,PRJ617,2024-04-07,2.8
R0217,PRJ389,2024-03-03,26.5
R0217,PRJ389,2024-03-10,26.0
R0217,PRJ389,2024-03-17,15.6
R0217,PRJ389,2024-03-24,22.0
R0217,PRJ389,2024-04-07,28.1
R0217,PRJ156,2024-03-10,27.3
R0217,PRJ156,2024-03-24,32.1
R0217,PRJ156,2024-03-31,30.6
R0217,PRJ156,2024-04-07,23.1
R0217,PRJ156,2024-04-14,42.6
R0217,PRJ156,2024-04-21,35.6
R0217,PRJ156,2024-04-28,39.2
R0218,PRJ066,2024-03-03,37.8
R0218,PRJ066,2024-03-10,26.9
R0218,PRJ066,2024-03-24,33.7
R0218,PRJ066,2024-03-31,34.4
R0218,PRJ066,2024-04-14,35.6
R0218,PRJ066,2024-04-21,29.0
R0218,PRJ066,2024-04-28,34.5
R0218,PRJ415,2024-03-03,38.8
R0218,PRJ415,2024-03-10,39.8
R0218,PRJ415,2024-03-17,29.8
R0218,PRJ415,2024-03-24,34.7
R0218,PRJ415,2024-03-31,33.2
R0218,PRJ415,2024-04-07,37.6
R0218,PRJ415,2024-04-14,27.6
R0218,PRJ415,2024-04-21,31.9
R0218,PRJ415,2024-04-28,27.2
R0219,PRJ272,2024-03-03,21.8
R0219,PRJ272,2024-03-10,24.6
R0219,PRJ272,2024-03-17,21.4
R0219,PRJ272,2024-03-31,19.4
R0219,PRJ272,2024-04-07,21.6
R0219,PRJ272,2024-04-14,26.7
R0219,PRJ272,2024-04-21,14.9
R0219,PRJ272,2024-04-28,13.0
R0220,PRJ347,2024-03-03,26.3
R0220,PRJ347,2024-03-10,30.8
R0220,PRJ347,2024-03-24,27.0
R0220,PRJ347,2024-03-31,23.2
R0220,PRJ347,2024-04-07,33.3
R0220,PRJ347,2024-04-14,28.6
R0220,PRJ347,2024-04-21,26.6
R0220,PRJ347,2024-04-28,26.9
R0220,PRJ197,2024-03-03,28.0
R0220,PRJ197,2024-03-10,26.3
R0220,PRJ197,2024-03-17,36.5
R0220,PRJ197,2024-03-24,27.7
R0220,PRJ197,2024-03-31,22.2
R0220,PRJ197,2024-04-07,34.9
R0220,PRJ197,2024-04-14,33.6
R0220,PRJ197,2024-04-21,34.9
R0220,PRJ197,2024-04-28,27.5
R0220,PRJ564,2024-03-10,9.2
R0220,PRJ564,2024-03-24,7.9
R0220,PRJ564,2024-04-07,8.4
R0220,PRJ564,2024-04-14,9.0
R0220,PRJ564,2024-04-21,7.5
R0220,PRJ564,2024-04-28,7.6
R0221,PRJ345,2024-03-10,34.7
R0221,PRJ345,2024-03-17,22.8
R0221,PRJ345,2024-03-24,25.6
R0221,PRJ345,2024-03-31,28.6
R0221,PRJ345,2024-04-07,28.5
R0221,PRJ345,2024-04-14,22.2
R0221,PRJ345,2024-04-21,26.8
R0221,PRJ345,2024-04-28,26.9
R0222,PRJ128,2024-03-03,27.3
R0222,PRJ128,2024-03-10,25.2
R0222,PRJ128,2024-03-17,25.9
R0222,PRJ128,2024-03-24,24.8
R0222,PRJ128,2024-03-31,25.3
R0222,PRJ128,2024-04-14,34.4
R0222,PRJ128,2024-04-21,32.2
R0222,PRJ128,2024-04-28,32.4
R0222,PRJ111,2024-03-10,32.6
R0222,PRJ111,2024-03-17,27.4
R0222,PRJ111,2024-03-31,39.4
R0222,PRJ111,2024-04-07,29.4
R0222,PRJ111,2024-04-14,20.0
R0222,PRJ111,2024-04-21,25.9
R0222,PRJ111,2024-04-28,34.5
R0223,PRJ183,2024-03-03,21.7
R0223,PRJ183,2024-03-10,21.7
R0223,PRJ183,2024-03-17,15.8
R0223,PRJ183,2024-03-24,19.1
R0223,PRJ183,2024-03-31,22.0
R0223,PRJ183,2024-04-07,21.9
R0223,PRJ183,2024-04-14,22.1
R0223,PRJ183,2024-04-21,22.1
R0223,PRJ183,2024-04-28,33.6
R0224,PRJ162,2024-03-17,28.5
R0224,PRJ162,2024-03-24,29.3
R0224,PRJ162,2024-03-31,19.4
R0224,PRJ162,2024-04-07,26.0
R0224,PRJ162,2024-04-14,26.1
R0224,PRJ162,2024-04-21,38.3
R0224,PRJ162,2024-04-28,32.5
R0224,PRJ591,2024-03-03,1.7
R0224,PRJ591,2024-03-10,2.6
R0224,PRJ591,2024-03-17,2.1
R0224,PRJ591,2024-03-24,1.8
R0224,PRJ591,2024-03-31,1.9
R0224,PRJ591,2024-04-07,2.6
R0224,PRJ591,2024-04-14,2.4
R0224,PRJ591,2024-04-28,2.2
R0225,PRJ300,2024-03-03,23.7
R0225,PRJ300,2024-03-10,22.6
R0225,PRJ300,2024-03-17,23.3
R0225,PRJ300,2024-03-24,23.8
R0225,PRJ300,2024-03-31,19.2
R0225,PRJ300,2024-04-14,23.3
R0225,PRJ300,2024-04-21,21.9
R0225,PRJ300,2024-04-28,26.9
R0226,PRJ107,2024-03-03,34.9
R0226,PRJ107,2024-03-10,35.6
R0226,PRJ107,2024-03-17,38.0
R0226,PRJ107,2024-03-24,37.7
R0226,PRJ107,2024-03-31,30.7
R0226,PRJ107,2024-04-07,27.9
R0226,PRJ107,2024-04-14,34.4
R0226,PRJ126,2024-03-03,18.8
R0226,PRJ126,2024-03-10,21.4
R0226,PRJ126,2024-03-17,23.7
R0226,PRJ126,2024-03-24,21.1
R0226,PRJ126,2024-03-31,26.0
R0226,PRJ126,2024-04-07,19.8
R0226,PRJ126,2024-04-14,22.1
R0227,PRJ314,2024-03-03,21.8
R0227,PRJ314,2024-03-10,22.8
R0228,PRJ020,2024-03-17,28.9
R0228,PRJ020,2024-03-24,24.7
R0228,PRJ020,2024-03-31,31.7
R0228,PRJ020,2024-04-07,31.0
R0228,PRJ020,2024-04-14,26.0
R0228,PRJ020,2024-04-21,27.9
R0228,PRJ020,2024-04-28,34.1
R0228,PRJ589,2024-03-03,2.1
R0228,PRJ589,2024-03-10,2.6
R0228,PRJ589,2024-03-17,2.0
R0228,PRJ589,2024-03-24,2.0
R0228,PRJ589,2024-03-31,2.0
R0228,PRJ589,2024-04-07,1.5
R0228,PRJ589,2024-04-14,2.0
R0228,PRJ589,2024-04-28,1.9
R0229,PRJ263,2024-03-03,18.6
R0229,PRJ263,2024-03-10,18.5
R0229,PRJ263,2024-03-17,18.8
R0229,PRJ263,2024-03-24,22.4
R0229,PRJ263,2024-03-31,22.4
R0229,PRJ263,2024-04-07,14.3
R0229,PRJ263,2024-04-14,18.1
R0229,PRJ263,2024-04-21,17.7
R0229,PRJ263,2024-04-28,21.1
R0229,PRJ170,2024-03-03,26.8
R0229,PRJ170,2024-03-10,31.3
R0229,PRJ170,2024-03-17,43.1
R0229,PRJ170,2024-03-24,40.3
R0229,PRJ170,2024-03-31,35.0
R0229,PRJ170,2024-04-07,26.6
R0229,PRJ170,2024-04-14,31.5
R0229,PRJ170,2024-04-21,28.3
R0229,PRJ170,2024-04-28,36.1
R0230,PRJ032,2024-03-03,38.6
R0230,PRJ032,2024-03-10,39.8
R0230,PRJ032,2024-03-17,35.3
R0230,PRJ032,2024-03-24,31.7
R0230,PRJ032,2024-03-31,45.0
R0230,PRJ032,2024-04-07,39.0
R0230,PRJ032,2024-04-14,41.9
R0230,PRJ032,2024-04-21,40.4
R0230,PRJ032,2024-04-28,32.4
R0231,PRJ339,2024-03-03,27.7
R0231,PRJ339,2024-03-10,23.5
R0231,PRJ339,2024-03-17,20.2
R0231,PRJ339,2024-03-24,19.4
R0231,PRJ339,2024-03-31,31.2
R0231,PRJ339,2024-04-07,26.7
R0231,PRJ339,2024-04-14,19.6
R0231,PRJ339,2024-04-21,23.0
R0231,PRJ339,2024-04-28,24.5
R0232,PRJ337,2024-03-03,28.6
R0232,PRJ337,2024-03-10,27.1
R0232,PRJ337,2024-03-17,33.3
R0232,PRJ337,2024-03-24,29.8
R0232,PRJ337,2024-03-31,37.0
R0232,PRJ337,2024-04-07,29.1
R0232,PRJ337,2024-04-14,30.5
R0232,PRJ337,2024-04-21,36.0
R0232,PRJ337,2024-04-28,26.9
R0232,PRJ214,2024-03-10,23.4
R0232,PRJ214,2024-03-17,22.0
R0232,PRJ214,2024-03-24,23.2
R0232,PRJ214,2024-03-31,21.6
R0232,PRJ629,2024-03-03,6.5
R0232,PRJ629,2024-03-10,8.3
R0232,PRJ629,2024-03-17,5.8
R0232,PRJ629,2024-03-24,5.2
R0232,PRJ629,2024-03-31,6.6
R0232,PRJ629,2024-04-07,5.7
R0232,PRJ629,2024-04-14,8.3
R0232,PRJ629,2024-04-28,8.5
R0233,PRJ187,2024-03-03,24.1
R0233,PRJ187,2024-03-10,32.9
R0233,PRJ187,2024-03-17,26.1
R0233,PRJ187,2024-03-24,25.1
R0233,PRJ187,2024-03-31,31.7
R0233,PRJ187,2024-04-07,24.8
R0233,PRJ187,2024-04-14,22.1
R0233,PRJ187,2024-04-21,33.6
R0234,PRJ339,2024-03-10,35.0
R0234,PRJ339,2024-03-17,30.4
R0234,PRJ339,2024-03-24,18.4
R0234,PRJ339,2024-03-31,25.3
R0234,PRJ339,2024-04-07,19.6
R0234,PRJ339,2024-04-14,17.0
R0235,PRJ351,2024-03-03,42.1
R0235,PRJ351,2024-03-10,42.1
R0235,PRJ351,2024-03-17,28.8
R0235,PRJ351,2024-03-24,42.1
R0235,PRJ351,2024-03-31,29.6
R0235,PRJ351,2024-04-07,34.5
R0235,PRJ351,2024-04-21,41.0
R0235,PRJ351,2024-04-28,35.5
R0236,PRJ407,2024-03-03,26.3
R0236,PRJ407,2024-03-10,22.2
R0236,PRJ407,2024-03-17,29.4
R0236,PRJ407,2024-03-24,22.6
R0236,PRJ407,2024-03-31,36.6
R0236,PRJ407,2024-04-07,28.5
R0236,PRJ407,2024-04-14,32.8
R0236,PRJ407,2024-04-21,23.4
R0236,PRJ407,2024-04-28,31.0
R0236,PRJ514,2024-03-17,5.1
R0236,PRJ514,2024-03-24,7.8
R0236,PRJ514,2024-03-31,6.4
R0236,PRJ514,2024-04-07,6.0
R0236,PRJ514,2024-04-14,5.7
R0236,PRJ514,2024-04-21,6.6
R0236,PRJ514,2024-04-28,6.0
R0237,PRJ188,2024-03-10,29.0
R0237,PRJ188,2024-03-17,23.5
R0237,PRJ188,2024-03-31,23.0
R0237,PRJ188,2024-04-07,20.9
R0237,PRJ188,2024-04-14,12.5
R0237,PRJ188,2024-04-21,22.0
R0237,PRJ188,2024-04-28,29.1
R0237,PRJ129,2024-03-03,32.6
R0237,PRJ129,2024-03-10,31.3
R0237,PRJ129,2024-03-17,22.9
R0237,PRJ129,2024-03-24,35.4
R0237,PRJ129,2024-03-31,33.7
R0237,PRJ129,2024-04-07,32.0
R0237,PRJ129,2024-04-14,28.6
R0237,PRJ129,2024-04-21,15.8
R0238,PRJ369,2024-03-10,27.3
R0239,PRJ187,2024-03-03,12.1
R0239,PRJ187,2024-03-10,13.0
R0239,PRJ187,2024-03-17,15.6
R0239,PRJ187,2024-03-24,14.1
R0239,PRJ187,2024-03-31,18.5
R0239,PRJ187,2024-04-07,13.0
R0239,PRJ187,2024-04-14,12.8
R0239,PRJ187,2024-04-21,17.6
R0239,PRJ187,2024-04-28,17.1
R0239,PRJ291,2024-03-03,16.6
R0239,PRJ291,2024-03-10,18.1
R0239,PRJ291,2024-03-17,14.7
R0239,PRJ291,2024-03-24,15.3
R0239,PRJ291,2024-03-31,17.1
R0239,PRJ291,2024-04-07,16.8
R0239,PRJ291,2024-04-14,14.3
R0239,PRJ291,2024-04-21,18.9
R0239,PRJ291,2024-04-28,13.4
R0240,PRJ382,2024-03-03,28.6
R0240,PRJ382,2024-03-10,25.1
R0240,PRJ382,2024-03-17,38.5
R0240,PRJ382,2024-03-31,22.2
R0240,PRJ382,2024-04-07,31.6
R0240,PRJ382,2024-04-14,32.3
R0240,PRJ382,2024-04-21,23.7
R0240,PRJ382,2024-04-28,24.1
R0240,PRJ478,2024-03-03,4.6
R0240,PRJ478,2024-03-10,3.7
R0240,PRJ478,2024-03-17,4.5
R0240,PRJ478,2024-03-24,5.2
R0240,PRJ478,2024-03-31,5.1
R0240,PRJ478,2024-04-07,5.6
R0240,PRJ478,2024-04-14,4.5
R0240,PRJ478,2024-04-21,3.4
R0240,PRJ478,2024-04-28,4.5
R0241,PRJ217,2024-03-03,24.4
R0241,PRJ217,2024-03-10,21.8
R0241,PRJ217,2024-03-17,25.7
R0241,PRJ217,2024-03-24,23.7
R0241,PRJ217,2024-03-31,16.5
R0241,PRJ217,2024-04-07,14.2
R0241,PRJ217,2024-04-14,22.4
R0241,PRJ217,2024-04-21,29.1
R0241,PRJ217,2024-04-28,25.9
R0242,PRJ399,2024-03-10,25.8
R0242,PRJ399,2024-03-17,17.2
R0242,PRJ399,2024-03-24,22.9
R0242,PRJ399,2024-03-31,20.4
R0242,PRJ399,2024-04-07,16.7
R0242,PRJ399,2024-04-14,16.9
R0242,PRJ399,2024-04-21,17.3
R0242,PRJ399,2024-04-28,15.8
R0243,PRJ176,2024-03-03,15.5
R0243,PRJ176,2024-03-10,19.3
R0243,PRJ176,2024-03-17,13.8
R0243,PRJ176,2024-03-24,16.7
R0243,PRJ176,2024-03-31,18.0
R0243,PRJ176,2024-04-07,16.7
R0243,PRJ176,2024-04-14,21.6
R0243,PRJ176,2024-04-21,27.2
R0243,PRJ176,2024-04-28,23.7
R0244,PRJ353,2024-03-03,29.4
R0244,PRJ353,2024-03-10,41.1
R0244,PRJ353,2024-03-17,32.6
R0244,PRJ353,2024-03-24,36.4
R0244,PRJ353,2024-03-31,30.1
R0244,PRJ353,2024-04-07,30.3
R0244,PRJ353,2024-04-14,26.3
R0244,PRJ353,2024-04-21,27.2
R0244,PRJ353,2024-04-28,37.8
R0244,PRJ268,2024-03-17,23.7
R0244,PRJ268,2024-03-24,26.6
R0244,PRJ268,2024-03-31,30.3
R0244,PRJ268,2024-04-07,22.2
R0244,PRJ268,2024-04-14,33.2
R0244,PRJ268,2024-04-21,37.7
R0244,PRJ268,2024-04-28,35.6
R0244,PRJ479,2024-03-03,4.0
R0244,PRJ479,2024-03-10,3.3
R0244,PRJ479,2024-03-17,2.9
R0244,PRJ479,2024-03-24,3.4
R0244,PRJ479,2024-03-31,3.4
R0244,PRJ479,2024-04-07,4.1
R0244,PRJ479,2024-04-14,4.4
R0244,PRJ479,2024-04-21,3.3
R0244,PRJ479,2024-04-28,3.4
R0245,PRJ221,2024-03-03,17.8
R0245,PRJ221,2024-03-10,17.6
R0245,PRJ221,2024-03-24,18.4
R0245,PRJ221,2024-04-07,19.0
R0245,PRJ221,2024-04-14,14.7
R0245,PRJ221,2024-04-21,16.9
R0245,PRJ221,2024-04-28,17.1
R0245,PRJ449,2024-03-03,23.4
R0245,PRJ449,2024-03-10,24.8
R0245,PRJ449,2024-03-17,34.7
R0245,PRJ449,2024-03-24,28.6
R0245,PRJ449,2024-03-31,29.5
R0245,PRJ449,2024-04-07,32.0
R0245,PRJ449,2024-04-14,28.4
R0245,PRJ449,2024-04-21,33.5
R0245,PRJ449,2024-04-28,23.0
R0246,PRJ267,2024-03-17,20.0
R0246,PRJ267,2024-03-24,23.8
R0246,PRJ267,2024-04-07,23.0
R0246,PRJ267,2024-04-14,20.8
R0247,PRJ269,2024-03-03,30.4
R0247,PRJ269,2024-03-17,30.2
R0247,PRJ269,2024-03-24,26.9
R0247,PRJ269,2024-03-31,31.8
R0247,PRJ269,2024-04-07,25.5
R0247,PRJ269,2024-04-14,38.6
R0247,PRJ269,2024-04-28,25.9
R0248,PRJ134,2024-03-10,27.9
R0248,PRJ134,2024-03-17,30.1
R0248,PRJ134,2024-03-24,29.7
R0248,PRJ134,2024-03-31,30.9
R0248,PRJ134,2024-04-07,31.4
R0248,PRJ134,2024-04-14,24.0
R0248,PRJ134,2024-04-21,21.7
R0248,PRJ134,2024-04-28,29.7
R0248,PRJ500,2024-03-03,2.0
R0248,PRJ500,2024-03-10,2.1
R0248,PRJ500,2024-03-17,1.9
R0248,PRJ500,2024-03-24,2.6
R0248,PRJ500,2024-03-31,2.1
R0248,PRJ500,2024-04-07,2.4
R0248,PRJ500,2024-04-14,1.9
R0248,PRJ500,2024-04-21,2.2
R0248,PRJ500,2024-04-28,2.0
R0249,PRJ073,2024-03-03,20.4
R0249,PRJ073,2024-03-10,16.5
R0249,PRJ073,2024-03-17,14.9
R0249,PRJ073,2024-03-24,18.5
R0249,PRJ073,2024-03-31,20.6
R0249,PRJ073,2024-04-07,17.4
R0249,PRJ073,2024-04-14,16.4
R0250,PRJ098,2024-03-03,21.3
R0250,PRJ098,2024-03-10,30.4
R0251,PRJ091,2024-03-03,25.7
R0251,PRJ091,2024-03-10,27.7
R0251,PRJ091,2024-03-17,27.6
R0251,PRJ091,2024-03-24,29.2
R0251,PRJ091,2024-03-31,31.8
R0251,PRJ091,2024-04-07,38.0
R0251,PRJ091,2024-04-14,30.9
R0252,PRJ099,2024-03-03,22.7
R0252,PRJ099,2024-03-10,27.4
R0252,PRJ099,2024-03-17,29.2
R0252,PRJ099,2024-03-24,33.1
R0252,PRJ099,2024-03-31,32.5
R0252,PRJ099,2024-04-07,27.3
R0252,PRJ099,2024-04-14,28.2
R0252,PRJ099,2024-04-21,28.8
R0252,PRJ099,2024-04-28,28.2
R0252,PRJ636,2024-03-03,4.0
R0252,PRJ636,2024-03-10,5.0
R0252,PRJ636,2024-03-17,3.6
R0252,PRJ636,2024-03-24,4.6
R0252,PRJ636,2024-03-31,4.5
R0252,PRJ636,2024-04-07,4.0
R0252,PRJ636,2024-04-14,3.6
R0253,PRJ086,2024-03-03,24.8
R0253,PRJ086,2024-03-10,19.4
R0253,PRJ086,2024-03-17,27.8
R0253,PRJ086,2024-03-24,22.2
R0253,PRJ086,2024-03-31,24.7
R0253,PRJ086,2024-04-07,16.8
R0253,PRJ025,2024-03-03,35.0
R0253,PRJ025,2024-03-10,20.5
R0253,PRJ025,2024-03-17,27.6
R0253,PRJ025,2024-03-31,30.7
R0253,PRJ025,2024-04-07,23.0
R0253,PRJ025,2024-04-14,26.1
R0253,PRJ025,2024-04-21,22.9
R0253,PRJ025,2024-04-28,23.6
R0254,PRJ351,2024-03-03,20.3
R0254,PRJ351,2024-03-10,16.5
R0254,PRJ351,2024-03-17,20.3
R0254,PRJ351,2024-03-24,21.7
R0254,PRJ351,2024-03-31,18.0
R0254,PRJ351,2024-04-07,17.7
R0254,PRJ089,2024-03-03,17.2
R0254,PRJ089,2024-03-10,15.3
R0254,PRJ089,2024-03-17,16.5
R0254,PRJ089,2024-03-24,15.0
R0254,PRJ089,2024-03-31,19.9
R0254,PRJ089,2024-04-14,19.9
R0254,PRJ089,2024-04-21,18.3
R0255,PRJ086,2024-03-03,26.5
R0255,PRJ086,2024-03-10,30.8
R0255,PRJ086,2024-03-17,27.6
R0255,PRJ086,2024-03-24,29.4
R0255,PRJ086,2024-03-31,28.2
R0255,PRJ086,2024-04-07,35.1
R0255,PRJ086,2024-04-14,35.9
R0255,PRJ086,2024-04-21,29.5
R0256,PRJ131,2024-03-03,17.4
R0256,PRJ131,2024-03-10,17.0
R0256,PRJ131,2024-03-17,19.4
R0256,PRJ131,2024-03-24,13.4
R0256,PRJ131,2024-03-31,17.3
R0256,PRJ131,2024-04-07,15.5
R0256,PRJ131,2024-04-14,20.3
R0256,PRJ632,2024-03-03,4.1
R0256,PRJ632,2024-03-10,5.0
R0256,PRJ632,2024-03-17,3.9
R0256,PRJ632,2024-03-24,3.8
R0256,PRJ632,2024-03-31,5.0
R0256,PRJ632,2024-04-07,4.8
R0256,PRJ632,2024-04-14,4.3
R0257,PRJ198,2024-03-03,31.0
R0257,PRJ198,2024-03-10,29.6
R0257,PRJ198,2024-03-17,32.5
R0257,PRJ198,2024-03-24,29.3
R0257,PRJ198,2024-04-07,36.1
R0257,PRJ198,2024-04-14,21.5
R0257,PRJ198,2024-04-21,31.0
R0257,PRJ198,2024-04-28,27.7
R0258,PRJ175,2024-03-03,30.7
R0258,PRJ175,2024-03-10,22.5
R0258,PRJ175,2024-03-17,26.7
R0258,PRJ175,2024-03-24,22.4
R0258,PRJ175,2024-03-31,32.2
R0258,PRJ175,2024-04-07,25.4
R0258,PRJ175,2024-04-14,27.1
R0258,PRJ175,2024-04-21,17.0
R0258,PRJ175,2024-04-28,33.5
R0259,PRJ054,2024-03-03,17.8
R0259,PRJ054,2024-03-10,12.8
R0259,PRJ054,2024-03-17,16.4
R0259,PRJ054,2024-03-24,19.9
R0259,PRJ054,2024-03-31,18.0
R0259,PRJ054,2024-04-07,17.3
R0259,PRJ054,2024-04-14,15.0
R0259,PRJ054,2024-04-21,13.3
R0259,PRJ054,2024-04-28,15.9
R0260,PRJ196,2024-03-10,33.8
R0260,PRJ196,2024-03-17,33.4
R0260,PRJ196,2024-03-24,29.5
R0260,PRJ196,2024-04-07,30.8
R0260,PRJ196,2024-04-14,26.6
R0260,PRJ196,2024-04-21,27.7
R0260,PRJ196,2024-04-28,34.3
R0260,PRJ135,2024-03-03,36.2
R0260,PRJ135,2024-03-10,27.3
R0260,PRJ135,2024-03-17,36.8
R0260,PRJ135,2024-03-24,23.1
R0260,PRJ135,2024-03-31,31.1
R0260,PRJ135,2024-04-07,30.7
R0260,PRJ135,2024-04-14,32.7
R0260,PRJ135,2024-04-21,31.7
R0260,PRJ135,2024-04-28,28.9
R0260,PRJ514,2024-03-03,1.9
R0260,PRJ514,2024-03-10,2.3
R0260,PRJ514,2024-03-17,2.0
R0260,PRJ514,2024-03-24,1.4
R0260,PRJ514,2024-03-31,1.9
R0260,PRJ514,2024-04-07,1.9
R0260,PRJ514,2024-04-21,1.9
R0260,PRJ514,2024-04-28,2.2
R0261,PRJ169,2024-03-03,23.8
R0261,PRJ169,2024-03-10,25.5
R0261,PRJ169,2024-03-17,23.9
R0261,PRJ169,2024-03-24,19.8
R0261,PRJ169,2024-03-31,16.3
R0261,PRJ169,2024-04-07,26.3
R0261,PRJ169,2024-04-14,24.7
R0261,PRJ169,2024-04-21,26.0
R0261,PRJ169,2024-04-28,26.8
R0261,PRJ310,2024-03-03,31.8
R0261,PRJ310,2024-03-10,30.9
R0261,PRJ310,2024-03-17,28.3
R0261,PRJ310,2024-03-24,34.7
R0261,PRJ310,2024-03-31,24.3
R0261,PRJ310,2024-04-07,35.5
R0261,PRJ310,2024-04-14,39.9
R0261,PRJ310,2024-04-21,32.6
R0261,PRJ310,2024-04-28,36.2
R0262,PRJ233,2024-03-03,33.3
R0262,PRJ233,2024-03-10,35.4
R0263,PRJ307,2024-03-03,21.2
R0263,PRJ307,2024-03-10,27.3
R0263,PRJ307,2024-03-17,21.2
R0263,PRJ307,2024-03-24,20.3
R0263,PRJ307,2024-03-31,23.7
R0263,PRJ307,2024-04-07,27.8
R0263,PRJ307,2024-04-14,23.2
R0263,PRJ307,2024-04-21,27.7
R0263,PRJ307,2024-04-28,18.7
R0263,PRJ281,2024-03-03,23.1
R0263,PRJ281,2024-03-10,23.0
R0263,PRJ281,2024-03-17,33.8
R0263,PRJ281,2024-03-24,35.0
R0263,PRJ281,2024-03-31,34.4
R0263,PRJ281,2024-04-14,39.8
R0263,PRJ281,2024-04-21,32.4
R0263,PRJ281,2024-04-28,32.7
R0264,PRJ173,2024-03-03,19.2
R0264,PRJ173,2024-03-10,15.6
R0264,PRJ173,2024-03-17,16.1
R0264,PRJ173,2024-03-24,17.2
R0264,PRJ173,2024-03-31,16.1
R0264,PRJ173,2024-04-07,18.2
R0264,PRJ173,2024-04-14,17.5
R0264,PRJ173,2024-04-21,21.8
R0264,PRJ173,2024-04-28,13.6
R0264,PRJ055,2024-03-03,17.0
R0264,PRJ055,2024-03-10,21.8
R0264,PRJ055,2024-03-17,16.3
R0264,PRJ055,2024-03-24,20.6
R0264,PRJ055,2024-03-31,19.2
R0264,PRJ055,2024-04-07,18.9
R0264,PRJ055,2024-04-14,23.8
R0264,PRJ558,2024-03-03,5.7
R0264,PRJ558,2024-03-10,5.2
R0264,PRJ558,2024-03-17,4.6
R0264,PRJ558,2024-03-24,5.6
R0264,PRJ558,2024-03-31,5.8
R0264,PRJ558,2024-04-07,5.8
R0264,PRJ558,2024-04-14,5.9
R0264,PRJ558,2024-04-21,5.5
R0265,PRJ177,2024-03-03,22.6
R0265,PRJ177,2024-03-10,20.6
R0265,PRJ177,2024-03-17,19.6
R0265,PRJ177,2024-03-31,20.6
R0265,PRJ177,2024-04-07,15.1
R0265,PRJ177,2024-04-14,19.8
R0265,PRJ177,2024-04-21,17.4
R0265,PRJ177,2024-04-28,15.3
R0265,PRJ329,2024-03-03,24.7
R0265,PRJ329,2024-03-10,31.3
R0265,PRJ329,2024-03-17,31.9
R0265,PRJ329,2024-03-24,25.5
R0265,PRJ329,2024-03-31,28.3
R0265,PRJ329,2024-04-07,30.9
R0265,PRJ329,2024-04-14,27.2
R0265,PRJ329,2024-04-21,38.0
R0265,PRJ329,2024-04-28,24.9
R0266,PRJ072,2024-03-03,31.4
R0266,PRJ072,2024-03-10,37.0
R0266,PRJ072,2024-03-17,34.4
R0266,PRJ072,2024-03-24,33.5
R0266,PRJ072,2024-03-31,34.1
R0266,PRJ072,2024-04-07,35.5
R0266,PRJ072,2024-04-14,29.0
R0266,PRJ072,2024-04-21,23.2
R0266,PRJ072,2024-04-28,37.4
R0266,PRJ075,2024-03-03,27.3
R0266,PRJ075,2024-03-24,31.8
R0266,PRJ075,2024-03-31,31.1
R0266,PRJ075,2024-04-07,37.3
R0266,PRJ075,2024-04-14,36.2
R0266,PRJ075,2024-04-21,42.2
R0266,PRJ075,2024-04-28,39.4
R0267,PRJ227,2024-03-03,21.5
R0267,PRJ227,2024-03-10,22.3
R0267,PRJ227,2024-03-17,20.0
R0267,PRJ227,2024-03-24,23.9
R0267,PRJ227,2024-03-31,17.5
R0267,PRJ227,2024-04-07,22.3
R0267,PRJ227,2024-04-14,14.1
R0267,PRJ227,2024-04-21,14.2
R0267,PRJ227,2024-04-28,16.1
R0267,PRJ369,2024-03-03,31.4
R0267,PRJ369,2024-03-10,22.7
R0267,PRJ369,2024-03-24,29.9
R0267,PRJ369,2024-03-31,37.2
R0267,PRJ369,2024-04-07,30.1
R0267,PRJ369,2024-04-14,30.5
R0267,PRJ369,2024-04-21,31.3
R0267,PRJ369,2024-04-28,41.1
R0268,PRJ050,2024-03-03,18.8
R0268,PRJ050,2024-03-10,18.8
R0268,PRJ050,2024-03-17,22.3
R0268,PRJ050,2024-03-24,26.3
R0268,PRJ050,2024-03-31,15.1
R0268,PRJ050,2024-04-07,26.5
R0268,PRJ050,2024-04-14,21.9
R0268,PRJ050,2024-04-21,16.3
R0268,PRJ050,2024-04-28,20.5
R0268,PRJ349,2024-03-03,16.5
R0268,PRJ349,2024-03-10,20.8
R0268,PRJ349,2024-03-17,14.5
R0268,PRJ349,2024-03-24,20.4
R0268,PRJ349,2024-03-31,19.1
R0268,PRJ349,2024-04-07,16.8
R0268,PRJ349,2024-04-14,20.9
R0268,PRJ349,2024-04-21,21.0
R0268,PRJ349,2024-04-28,20.6
R0268,PRJ566,2024-03-03,2.9
R0268,PRJ566,2024-03-10,3.5
R0268,PRJ566,2024-03-17,2.3
R0268,PRJ566,2024-03-24,3.8
R0268,PRJ566,2024-03-31,3.1
R0268,PRJ566,2024-04-07,2.9
R0268,PRJ566,2024-04-14,1.6
R0268,PRJ566,2024-04-21,2.6
R0268,PRJ566,2024-04-28,2.1
R0269,PRJ085,2024-03-03,24.5
R0269,PRJ085,2024-03-10,28.4
R0269,PRJ085,2024-03-17,24.8
R0269,PRJ085,2024-03-24,28.8
R0269,PRJ085,2024-03-31,31.0
R0269,PRJ085,2024-04-07,27.3
R0269,PRJ085,2024-04-14,24.0
R0269,PRJ085,2024-04-21,39.0
R0269,PRJ085,2024-04-28,30.2
R0270,PRJ135,2024-03-10,15.6
R0270,PRJ135,2024-03-17,20.6
R0270,PRJ135,2024-03-24,19.5
R0270,PRJ135,2024-03-31,24.6
R0270,PRJ135,2024-04-07,27.1
R0270,PRJ135,2024-04-28,28.2
R0270,PRJ212,2024-03-10,23.2
R0270,PRJ212,2024-03-24,30.5
R0270,PRJ212,2024-03-31,29.5
R0270,PRJ212,2024-04-07,25.3
R0270,PRJ212,2024-04-14,28.3
R0270,PRJ212,2024-04-21,27.4
R0270,PRJ212,2024-04-28,27.6
R0271,PRJ058,2024-03-03,22.6
R0271,PRJ058,2024-03-10,27.2
R0271,PRJ058,2024-03-17,27.2
R0271,PRJ058,2024-03-24,16.4
R0271,PRJ058,2024-03-31,20.9
R0271,PRJ058,2024-04-07,17.9
R0271,PRJ058,2024-04-14,22.9
R0271,PRJ058,2024-04-21,21.0
R0271,PRJ433,2024-03-03,25.1
R0271,PRJ433,2024-03-10,21.7
R0271,PRJ433,2024-03-17,26.6
R0271,PRJ433,2024-03-24,27.4
R0271,PRJ433,2024-03-31,26.4
R0271,PRJ433,2024-04-07,14.8
R0271,PRJ433,2024-04-14,22.6
R0271,PRJ433,2024-04-21,20.6
R0272,PRJ020,2024-03-03,15.0
R0272,PRJ020,2024-03-10,19.8
R0272,PRJ020,2024-03-17,20.4
R0272,PRJ020,2024-03-24,22.1
R0272,PRJ020,2024-03-31,22.1
R0272,PRJ020,2024-04-07,19.7
R0272,PRJ020,2024-04-14,16.0
R0272,PRJ020,2024-04-21,20.9
R0272,PRJ020,2024-04-28,20.4
R0272,PRJ160,2024-03-03,28.2
R0272,PRJ160,2024-03-10,24.1
R0272,PRJ160,2024-03-17,30.8
R0272,PRJ160,2024-03-24,32.9
R0272,PRJ160,2024-03-31,32.7
R0272,PRJ160,2024-04-07,27.2
R0272,PRJ160,2024-04-14,34.6
R0272,PRJ160,2024-04-21,34.2
R0272,PRJ160,2024-04-28,20.1
R0272,PRJ645,2024-03-03,5.5
R0272,PRJ645,2024-03-10,6.7
R0272,PRJ645,2024-03-17,5.4
R0272,PRJ645,2024-03-24,7.3
R0272,PRJ645,2024-03-31,6.5
R0272,PRJ645,2024-04-07,6.2
R0272,PRJ645,2024-04-14,5.1
R0272,PRJ645,2024-04-21,7.8
R0272,PRJ645,2024-04-28,9.0
R0273,PRJ221,2024-03-10,23.7
R0274,PRJ344,2024-03-03,34.3
R0274,PRJ344,2024-03-10,38.0
R0274,PRJ344,2024-03-17,35.9
R0274,PRJ344,2024-03-24,21.4
R0274,PRJ344,2024-03-31,32.7
R0274,PRJ344,2024-04-07,38.4
R0274,PRJ344,2024-04-14,40.1
R0274,PRJ344,2024-04-21,31.0
R0274,PRJ344,2024-04-28,34.3
R0274,PRJ354,2024-03-10,20.8
R0274,PRJ354,2024-03-17,34.7
R0274,PRJ354,2024-03-24,33.6
R0274,PRJ354,2024-03-31,17.9
R0274,PRJ354,2024-04-07,31.9
R0274,PRJ354,2024-04-14,25.0
R0274,PRJ354,2024-04-21,38.5
R0274,PRJ354,2024-04-28,29.0
R0275,PRJ416,2024-03-10,19.6
R0275,PRJ416,2024-03-17,18.2
R0275,PRJ416,2024-03-24,19.5
R0275,PRJ416,2024-03-31,12.8
R0275,PRJ416,2024-04-07,11.0
R0275,PRJ416,2024-04-14,15.9
R0275,PRJ416,2024-04-21,18.9
R0275,PRJ416,2024-04-28,18.8
R0276,PRJ420,2024-03-03,34.1
R0276,PRJ420,2024-03-10,24.6
R0276,PRJ420,2024-03-17,28.9
R0276,PRJ420,2024-03-24,29.1
R0276,PRJ420,2024-03-31,34.8
R0276,PRJ420,2024-04-07,32.9
R0276,PRJ420,2024-04-14,32.3
R0276,PRJ420,2024-04-21,35.2
R0276,PRJ420,2024-04-28,29.2
R0276,PRJ508,2024-03-03,5.7
R0276,PRJ508,2024-03-10,3.9
R0276,PRJ508,2024-03-24,5.6
R0276,PRJ508,2024-03-31,5.0
R0276,PRJ508,2024-04-07,5.7
R0276,PRJ508,2024-04-14,6.3
R0276,PRJ508,2024-04-21,6.0
R0277,PRJ368,2024-03-10,27.4
R0277,PRJ368,2024-03-17,23.7
R0277,PRJ368,2024-03-24,26.4
R0277,PRJ368,2024-03-31,20.8
R0277,PRJ368,2024-04-07,27.2
R0277,PRJ368,2024-04-14,26.3
R0277,PRJ368,2024-04-21,21.5
R0277,PRJ368,2024-04-28,26.2
R0278,PRJ067,2024-03-10,14.0
R0278,PRJ067,2024-03-17,19.6
R0278,PRJ067,2024-03-24,15.6
R0278,PRJ067,2024-03-31,14.3
R0278,PRJ067,2024-04-07,16.7
R0278,PRJ067,2024-04-14,16.9
R0278,PRJ067,2024-04-21,14.8
R0278,PRJ067,2024-04-28,14.7
R0278,PRJ271,2024-03-03,25.0
R0278,PRJ271,2024-03-10,37.9
R0278,PRJ271,2024-03-17,40.6
R0278,PRJ271,2024-03-31,29.4
R0278,PRJ271,2024-04-07,33.7
R0278,PRJ271,2024-04-14,32.3
R0278,PRJ271,2024-04-21,36.1
R0278,PRJ271,2024-04-28,31.5
R0279,PRJ006,2024-03-03,27.5
R0279,PRJ006,2024-03-10,27.4
R0279,PRJ006,2024-03-17,28.5
R0279,PRJ006,2024-03-24,31.8
R0279,PRJ006,2024-03-31,19.9
R0279,PRJ006,2024-04-07,31.2
R0279,PRJ006,2024-04-14,33.1
R0280,PRJ200,2024-03-03,20.2
R0280,PRJ200,2024-03-10,25.6
R0280,PRJ200,2024-03-17,28.9
R0280,PRJ200,2024-03-24,19.1
R0280,PRJ200,2024-03-31,22.4
R0280,PRJ200,2024-04-07,23.8
R0280,PRJ522,2024-03-03,4.2
R0280,PRJ522,2024-03-10,3.1
R0280,PRJ522,2024-03-17,3.4
R0280,PRJ522,2024-03-24,3.8
R0280,PRJ522,2024-03-31,3.5
R0280,PRJ522,2024-04-07,3.8
R0280,PRJ522,2024-04-21,4.0
R0281,PRJ330,2024-03-03,33.1
R0281,PRJ330,2024-03-10,24.6
R0281,PRJ330,2024-03-17,35.2
R0281,PRJ330,2024-03-24,36.4
R0281,PRJ330,2024-03-31,37.3
R0281,PRJ330,2024-04-07,33.4
R0281,PRJ330,2024-04-14,21.5
R0281,PRJ330,2024-04-21,31.9
R0281,PRJ330,2024-04-28,21.2
R0281,PRJ228,2024-03-03,34.2
R0281,PRJ228,2024-03-10,32.0
R0281,PRJ228,2024-03-17,36.4
R0281,PRJ228,2024-03-24,29.4
R0281,PRJ228,2024-03-31,32.2
R0281,PRJ228,2024-04-07,33.7
R0281,PRJ228,2024-04-14,20.3
R0281,PRJ228,2024-04-21,33.5
R0281,PRJ228,2024-04-28,14.0
R0282,PRJ374,2024-03-17,17.5
R0282,PRJ374,2024-03-24,20.7
R0282,PRJ374,2024-03-31,13.6
R0282,PRJ374,2024-04-07,21.6
R0282,PRJ374,2024-04-14,17.4
R0282,PRJ374,2024-04-21,18.6
R0282,PRJ374,2024-04-28,12.1
R0282,PRJ021,2024-03-03,28.1
R0282,PRJ021,2024-03-10,17.5
R0282,PRJ021,2024-03-17,22.3
R0282,PRJ021,2024-03-24,20.6
R0282,PRJ021,2024-03-31,21.3
R0282,PRJ021,2024-04-07,27.5
R0283,PRJ425,2024-03-03,24.9
R0283,PRJ425,2024-03-10,22.6
R0283,PRJ425,2024-03-17,20.1
R0283,PRJ425,2024-03-24,20.0
R0283,PRJ425,2024-03-31,21.8
R0283,PRJ425,2024-04-07,18.8
R0283,PRJ425,2024-04-14,19.4
R0283,PRJ425,2024-04-28,19.5
R0283,PRJ034,2024-03-03,24.1
R0283,PRJ034,2024-03-10,20.8
R0283,PRJ034,2024-03-17,24.8
R0283,PRJ034,2024-03-24,19.8
R0283,PRJ034,2024-03-31,23.1
R0283,PRJ034,2024-04-07,20.8
R0283,PRJ034,2024-04-14,22.8
R0283,PRJ034,2024-04-21,20.5
R0283,PRJ034,2024-04-28,26.9
R0284,PRJ059,2024-03-03,25.1
R0284,PRJ059,2024-03-10,31.3
R0284,PRJ059,2024-03-17,27.0
R0284,PRJ059,2024-03-31,26.7
R0284,PRJ059,2024-04-07,20.0
R0284,PRJ059,2024-04-14,27.4
R0284,PRJ482,2024-03-03,3.9
R0284,PRJ482,2024-03-10,3.9
R0284,PRJ482,2024-03-17,4.6
R0284,PRJ482,2024-03-24,5.0
R0284,PRJ482,2024-03-31,3.8
R0284,PRJ482,2024-04-07,4.8
R0284,PRJ482,2024-04-14,3.1
R0284,PRJ482,2024-04-21,2.9
R0285,PRJ369,2024-03-03,33.3
R0286,PRJ001,2024-03-03,19.4
R0286,PRJ001,2024-03-10,16.5
R0286,PRJ001,2024-03-17,20.3
R0286,PRJ001,2024-03-24,16.7
R0286,PRJ001,2024-03-31,18.0
R0286,PRJ001,2024-04-07,17.2
R0286,PRJ001,2024-04-14,18.5
R0286,PRJ001,2024-04-21,22.2
R0286,PRJ001,2024-04-28,12.7
R0287,PRJ333,2024-03-03,20.8
R0287,PRJ333,2024-03-10,22.3
R0287,PRJ333,2024-03-17,22.9
R0287,PRJ333,2024-03-24,28.6
R0287,PRJ333,2024-03-31,21.0
R0287,PRJ333,2024-04-14,16.1
R0287,PRJ333,2024-04-21,20.8
R0287,PRJ333,2024-04-28,14.6
R0287,PRJ110,2024-03-03,15.2
R0287,PRJ110,2024-03-10,29.2
R0287,PRJ110,2024-03-17,35.8
R0287,PRJ110,2024-03-24,26.5
R0287,PRJ110,2024-03-31,30.5
R0287,PRJ110,2024-04-07,26.0
R0287,PRJ110,2024-04-14,37.8
R0287,PRJ110,2024-04-21,31.6
R0288,PRJ372,2024-03-10,19.7
R0288,PRJ372,2024-03-17,18.1
R0288,PRJ372,2024-03-31,21.3
R0288,PRJ372,2024-04-07,20.1
R0288,PRJ372,2024-04-14,21.5
R0288,PRJ372,2024-04-21,16.6
R0288,PRJ331,2024-03-03,14.3
R0288,PRJ331,2024-03-10,19.0
R0288,PRJ331,2024-03-17,21.0
R0288,PRJ331,2024-03-24,17.2
R0288,PRJ331,2024-03-31,15.3
R0288,PRJ331,2024-04-07,14.1
R0288,PRJ331,2024-04-14,16.5
R0288,PRJ331,2024-04-21,18.3
R0288,PRJ555,2024-03-03,5.2
R0288,PRJ555,2024-03-10,5.0
R0288,PRJ555,2024-03-17,4.7
R0288,PRJ555,2024-03-24,3.3
R0288,PRJ555,2024-03-31,5.8
R0288,PRJ555,2024-04-07,4.6
R0288,PRJ555,2024-04-14,5.5
R0288,PRJ555,2024-04-21,5.6
R0288,PRJ555,2024-04-28,6.2
R0289,PRJ299,2024-03-03,12.3
R0289,PRJ299,2024-03-10,16.3
R0289,PRJ299,2024-03-17,18.8
R0289,PRJ299,2024-03-24,21.1
R0289,PRJ299,2024-03-31,19.8
R0289,PRJ299,2024-04-07,14.4
R0289,PRJ299,2024-04-14,19.7
R0289,PRJ299,2024-04-21,14.1
R0289,PRJ299,2024-04-28,21.3
R0289,PRJ201,2024-03-03,29.1
R0289,PRJ201,2024-03-10,24.9
R0289,PRJ201,2024-03-17,22.0
R0289,PRJ201,2024-03-24,26.7
R0289,PRJ201,2024-03-31,26.4
R0289,PRJ201,2024-04-07,32.3
R0289,PRJ201,2024-04-14,23.0
R0289,PRJ201,2024-04-21,18.2
R0289,PRJ201,2024-04-28,12.6
R0290,PRJ018,2024-03-03,24.3
R0290,PRJ018,2024-03-10,35.2
R0290,PRJ018,2024-03-17,31.1
R0290,PRJ018,2024-03-24,28.8
R0290,PRJ018,2024-03-31,26.0
R0290,PRJ018,2024-04-07,31.0
R0291,PRJ259,2024-03-10,21.9
R0291,PRJ259,2024-03-17,28.2
R0291,PRJ259,2024-03-24,18.2
R0291,PRJ259,2024-03-31,28.7
R0291,PRJ259,2024-04-07,31.1
R0291,PRJ431,2024-03-03,29.5
R0291,PRJ431,2024-03-10,38.0
R0291,PRJ431,2024-03-17,37.4
R0291,PRJ431,2024-03-24,32.2
R0291,PRJ431,2024-03-31,32.1
R0291,PRJ431,2024-04-07,41.5
R0291,PRJ431,2024-04-14,35.0
R0291,PRJ431,2024-04-21,30.7
R0291,PRJ431,2024-04-28,42.4
R0292,PRJ420,2024-03-17,21.4
R0292,PRJ420,2024-03-24,21.2
R0292,PRJ420,2024-04-07,27.5
R0292,PRJ420,2024-04-14,26.5
R0292,PRJ420,2024-04-21,19.1
R0292,PRJ420,2024-04-28,29.4
R0292,PRJ485,2024-03-17,5.7
R0292,PRJ485,2024-03-24,4.5
R0292,PRJ485,2024-03-31,4.4
R0292,PRJ485,2024-04-07,4.7
R0292,PRJ485,2024-04-14,4.4
R0292,PRJ485,2024-04-21,5.5
R0292,PRJ485,2024-04-28,4.1
R0293,PRJ081,2024-03-10,21.5
R0293,PRJ081,2024-03-24,19.7
R0293,PRJ081,2024-03-31,22.3
R0293,PRJ081,2024-04-07,25.3
R0293,PRJ081,2024-04-14,17.9
R0293,PRJ081,2024-04-21,21.8
R0294,PRJ195,2024-03-03,20.0
R0294,PRJ195,2024-03-10,25.5
R0294,PRJ195,2024-03-17,23.9
R0294,PRJ195,2024-03-31,28.4
R0294,PRJ195,2024-04-07,34.6
R0294,PRJ195,2024-04-14,24.9
R0294,PRJ195,2024-04-21,27.6
R0294,PRJ195,2024-04-28,20.3
R0294,PRJ087,2024-03-17,18.7
R0294,PRJ087,2024-03-24,23.8
R0294,PRJ087,2024-03-31,19.4
R0294,PRJ087,2024-04-07,18.6
R0294,PRJ087,2024-04-14,22.3
R0294,PRJ087,2024-04-21,20.8
R0294,PRJ087,2024-04-28,17.6
R0295,PRJ289,2024-03-10,24.3
R0295,PRJ289,2024-03-17,31.8
R0295,PRJ289,2024-03-24,26.8
R0295,PRJ289,2024-04-07,28.2
R0295,PRJ289,2024-04-14,33.1
R0295,PRJ289,2024-04-28,29.8
R0295,PRJ309,2024-03-03,16.7
R0295,PRJ309,2024-03-10,21.4
R0295,PRJ309,2024-03-17,25.2
R0295,PRJ309,2024-03-24,25.9
R0295,PRJ309,2024-03-31,27.4
R0295,PRJ309,2024-04-07,23.5
R0295,PRJ309,2024-04-14,22.3
R0295,PRJ309,2024-04-21,22.8
R0295,PRJ309,2024-04-28,19.4
R0296,PRJ019,2024-03-03,36.7
R0296,PRJ019,2024-03-10,31.8
R0296,PRJ019,2024-03-17,28.8
R0296,PRJ019,2024-03-24,23.7
R0296,PRJ019,2024-03-31,33.3
R0296,PRJ019,2024-04-07,30.4
R0296,PRJ019,2024-04-14,30.2
R0296,PRJ019,2024-04-21,28.5
R0296,PRJ019,2024-04-28,25.2
R0296,PRJ471,2024-03-10,4.3
R0296,PRJ471,2024-03-17,4.9
R0296,PRJ471,2024-03-24,4.6
R0296,PRJ471,2024-03-31,3.8
R0296,PRJ471,2024-04-07,3.2
R0296,PRJ471,2024-04-21,3.9
R0296,PRJ471,2024-04-28,3.8
R0297,PRJ133,2024-03-03,37.7
R0297,PRJ133,2024-03-10,32.5
R0298,PRJ025,2024-03-17,30.8
R0298,PRJ025,2024-03-24,29.8
R0298,PRJ025,2024-03-31,36.4
R0298,PRJ025,2024-04-07,44.0
R0298,PRJ025,2024-04-14,33.1
R0299,PRJ065,2024-03-03,27.7
R0299,PRJ065,2024-03-10,29.3
R0299,PRJ065,2024-03-17,29.5
R0299,PRJ065,2024-03-31,38.0
R0299,PRJ065,2024-04-07,33.9
R0299,PRJ065,2024-04-14,31.6
R0299,PRJ065,2024-04-21,40.7
R0299,PRJ065,2024-04-28,39.7
R0299,PRJ359,2024-03-10,14.9
R0299,PRJ359,2024-03-17,13.1
R0299,PRJ359,2024-03-24,15.8
R0299,PRJ359,2024-03-31,10.0
R0299,PRJ359,2024-04-07,13.4
R0299,PRJ359,2024-04-14,18.0
R0299,PRJ359,2024-04-21,13.8
R0299,PRJ359,2024-04-28,18.1
R0300,PRJ421,2024-03-03,38.1
R0300,PRJ421,2024-03-10,24.4
R0300,PRJ421,2024-03-17,23.5
R0300,PRJ421,2024-03-24,26.6
R0300,PRJ421,2024-03-31,33.0
R0300,PRJ421,2024-04-07,36.1
R0300,PRJ421,2024-04-14,26.9
R0300,PRJ233,2024-03-03,25.4
R0300,PRJ233,2024-03-10,24.2
R0300,PRJ233,2024-03-17,21.4
R0300,PRJ233,2024-03-24,28.9
R0300,PRJ233,2024-03-31,25.9
R0300,PRJ233,2024-04-07,23.3
R0300,PRJ233,2024-04-14,20.6
R0300,PRJ233,2024-04-21,25.6
R0300,PRJ233,2024-04-28,26.2
R0300,PRJ523,2024-03-03,3.6
R0300,PRJ523,2024-03-10,3.6
R0300,PRJ523,2024-03-17,4.0
R0300,PRJ523,2024-03-24,3.5
R0300,PRJ523,2024-03-31,3.2
R0300,PRJ523,2024-04-07,2.9
R0301,PRJ285,2024-03-03,29.2
R0301,PRJ285,2024-03-10,20.0
R0301,PRJ285,2024-03-24,25.6
R0301,PRJ285,2024-03-31,29.6
R0301,PRJ285,2024-04-07,26.9
R0301,PRJ285,2024-04-14,28.0
R0301,PRJ285,2024-04-21,23.4
R0301,PRJ285,2024-04-28,25.4
R0301,PRJ272,2024-03-03,36.4
R0301,PRJ272,2024-03-10,35.8
R0301,PRJ272,2024-03-17,35.5
R0301,PRJ272,2024-03-24,29.7
R0301,PRJ272,2024-03-31,25.9
R0301,PRJ272,2024-04-07,29.4
R0301,PRJ272,2024-04-14,22.3
R0301,PRJ272,2024-04-21,26.5
R0301,PRJ272,2024-04-28,36.8
R0302,PRJ426,2024-03-10,26.3
R0302,PRJ426,2024-03-17,21.8
R0302,PRJ426,2024-03-24,21.3
R0302,PRJ426,2024-03-31,23.1
R0302,PRJ426,2024-04-07,27.0
R0302,PRJ426,2024-04-14,21.0
R0302,PRJ426,2024-04-21,24.2
R0302,PRJ426,2024-04-28,33.3
R0302,PRJ410,2024-03-03,20.4
R0302,PRJ410,2024-03-10,13.6
R0302,PRJ410,2024-03-17,14.6
R0302,PRJ410,2024-03-24,16.9
R0302,PRJ410,2024-03-31,14.8
R0302,PRJ410,2024-04-07,14.7
R0302,PRJ410,2024-04-14,13.6
R0302,PRJ410,2024-04-21,36.0
R0302,PRJ410,2024-04-28,27.9
R0303,PRJ308,2024-03-03,18.7
R0303,PRJ308,2024-03-10,20.6
R0303,PRJ308,2024-03-17,18.4
R0303,PRJ308,2024-03-24,17.9
R0303,PRJ308,2024-03-31,19.5
R0303,PRJ308,2024-04-07,19.6
R0303,PRJ308,2024-04-14,22.1
R0303,PRJ308,2024-04-28,18.6
R0303,PRJ415,2024-03-03,23.5
R0303,PRJ415,2024-03-10,24.1
R0303,PRJ415,2024-03-17,22.5
R0303,PRJ415,2024-03-24,21.3
R0303,PRJ415,2024-03-31,22.5
R0303,PRJ415,2024-04-07,22.4
R0303,PRJ415,2024-04-14,15.5
R0303,PRJ415,2024-04-21,28.6
R0303,PRJ415,2024-04-28,23.8
R0304,PRJ095,2024-03-03,31.0
R0304,PRJ095,2024-03-17,20.2
R0304,PRJ095,2024-03-24,27.9
R0304,PRJ095,2024-03-31,30.1
R0304,PRJ095,2024-04-07,20.5
R0304,PRJ095,2024-04-14,23.4
R0304,PRJ095,2024-04-21,19.9
R0304,PRJ095,2024-04-28,26.3
R0304,PRJ553,2024-03-10,3.4
R0304,PRJ553,2024-03-17,4.1
R0304,PRJ553,2024-03-24,4.6
R0304,PRJ553,2024-03-31,4.5
R0304,PRJ553,2024-04-07,4.8
R0304,PRJ553,2024-04-14,3.0
R0304,PRJ553,2024-04-21,4.1
R0304,PRJ553,2024-04-28,3.1
R0305,PRJ258,2024-03-10,16.5
R0305,PRJ258,2024-03-17,21.6
R0305,PRJ258,2024-03-24,19.9
R0305,PRJ258,2024-03-31,16.2
R0305,PRJ258,2024-04-07,16.7
R0305,PRJ258,2024-04-21,15.7
R0305,PRJ258,2024-04-28,16.0
R0306,PRJ342,2024-03-03,13.0
R0306,PRJ342,2024-03-10,18.0
R0306,PRJ342,2024-03-17,18.6
R0306,PRJ342,2024-03-24,23.3
R0306,PRJ342,2024-03-31,21.6
R0306,PRJ342,2024-04-07,28.6
R0306,PRJ012,2024-03-03,37.8
R0306,PRJ012,2024-03-10,31.7
R0306,PRJ012,2024-03-24,29.8
R0306,PRJ012,2024-03-31,28.4
R0306,PRJ012,2024-04-07,30.5
R0306,PRJ012,2024-04-14,32.2
R0306,PRJ012,2024-04-21,24.4
R0307,PRJ178,2024-03-03,30.0
R0307,PRJ178,2024-03-10,21.4
R0307,PRJ178,2024-03-17,25.6
R0307,PRJ178,2024-03-24,22.8
R0307,PRJ178,2024-03-31,32.2
R0307,PRJ178,2024-04-07,29.7
R0307,PRJ178,2024-04-21,23.0
R0307,PRJ178,2024-04-28,26.4
R0307,PRJ158,2024-03-24,15.9
R0307,PRJ158,2024-03-31,14.7
R0307,PRJ158,2024-04-07,20.4
R0307,PRJ158,2024-04-14,17.0
R0307,PRJ158,2024-04-21,17.5
R0307,PRJ158,2024-04-28,18.4
R0308,PRJ014,2024-03-03,30.0
R0308,PRJ014,2024-03-10,35.1
R0308,PRJ014,2024-03-17,33.0
R0309,PRJ398,2024-03-17,27.9
R0309,PRJ398,2024-03-24,29.3
R0309,PRJ398,2024-03-31,21.8
R0309,PRJ398,2024-04-07,26.4
R0310,PRJ349,2024-03-03,33.6
R0310,PRJ349,2024-03-10,36.6
R0310,PRJ349,2024-03-17,31.4
R0310,PRJ349,2024-03-24,36.5
R0310,PRJ349,2024-04-07,31.7
R0310,PRJ349,2024-04-14,32.2
R0310,PRJ349,2024-04-21,40.9
R0310,PRJ349,2024-04-28,38.0
R0310,PRJ397,2024-03-17,20.5
R0310,PRJ397,2024-03-24,21.1
R0310,PRJ397,2024-03-31,27.2
R0310,PRJ397,2024-04-07,21.9
R0310,PRJ397,2024-04-14,17.3
R0310,PRJ397,2024-04-21,19.7
R0310,PRJ397,2024-04-28,21.5
R0311,PRJ282,2024-03-03,32.2
R0311,PRJ282,2024-03-10,19.8
R0311,PRJ282,2024-03-17,33.8
R0311,PRJ282,2024-03-24,34.0
R0311,PRJ282,2024-03-31,26.8
R0311,PRJ282,2024-04-07,35.5
R0311,PRJ282,2024-04-14,30.6
R0311,PRJ282,2024-04-21,27.5
R0311,PRJ282,2024-04-28,30.2
R0312,PRJ186,2024-03-10,17.5
R0312,PRJ186,2024-03-17,15.1
R0312,PRJ186,2024-03-24,17.0
R0312,PRJ186,2024-03-31,13.7
R0312,PRJ186,2024-04-07,15.6
R0312,PRJ186,2024-04-14,17.3
R0312,PRJ186,2024-04-21,19.0
R0312,PRJ186,2024-04-28,19.3
R0312,PRJ413,2024-03-03,38.4
R0312,PRJ413,2024-03-10,43.2
R0312,PRJ413,2024-03-17,34.4
R0312,PRJ413,2024-03-24,27.6
R0312,PRJ413,2024-03-31,30.3
R0312,PRJ413,2024-04-07,39.0
R0312,PRJ413,2024-04-14,29.8
R0312,PRJ580,2024-03-03,4.3
R0312,PRJ580,2024-03-10,4.2
R0312,PRJ580,2024-03-17,4.2
R0312,PRJ580,2024-03-24,4.4
R0312,PRJ580,2024-03-31,4.0
R0312,PRJ580,2024-04-07,4.1
R0312,PRJ580,2024-04-14,4.5
R0312,PRJ580,2024-04-21,4.1
R0312,PRJ580,2024-04-28,4.5
R0313,PRJ399,2024-03-03,27.5
R0313,PRJ399,2024-03-10,28.2
R0313,PRJ399,2024-03-17,25.9
R0313,PRJ399,2024-03-24,39.1
R0313,PRJ399,2024-03-31,27.4
R0313,PRJ399,2024-04-07,36.1
R0313,PRJ399,2024-04-14,28.7
R0313,PRJ399,2024-04-21,33.6
R0313,PRJ399,2024-04-28,25.7
R0313,PRJ107,2024-03-03,35.9
R0313,PRJ107,2024-03-10,28.9
R0313,PRJ107,2024-03-17,35.2
R0313,PRJ107,2024-03-31,33.3
R0313,PRJ107,2024-04-07,32.3
R0313,PRJ107,2024-04-14,36.8
R0313,PRJ107,2024-04-21,41.6
R0313,PRJ107,2024-04-28,25.6
R0314,PRJ208,2024-03-03,24.7
R0314,PRJ208,2024-03-10,26.2
R0314,PRJ208,2024-03-17,22.5
R0314,PRJ208,2024-03-24,31.6
R0314,PRJ208,2024-03-31,31.0
R0314,PRJ208,2024-04-07,32.7
R0314,PRJ208,2024-04-14,19.7
R0314,PRJ208,2024-04-21,32.1
R0314,PRJ208,2024-04-28,34.0
R0314,PRJ388,2024-03-03,33.0
R0314,PRJ388,2024-03-10,30.2
R0314,PRJ388,2024-03-24,37.3
R0314,PRJ388,2024-03-31,39.0
R0314,PRJ388,2024-04-07,27.1
R0314,PRJ388,2024-04-14,30.3
R0314,PRJ388,2024-04-21,20.4
R0314,PRJ388,2024-04-28,22.8
R0315,PRJ412,2024-03-03,35.9
R0315,PRJ412,2024-03-10,30.7
R0315,PRJ412,2024-03-17,36.1
R0315,PRJ412,2024-03-24,40.7
R0315,PRJ412,2024-03-31,34.4
R0315,PRJ412,2024-04-07,30.8
R0315,PRJ412,2024-04-14,34.1
R0315,PRJ412,2024-04-21,39.2
R0315,PRJ412,2024-04-28,33.8
R0315,PRJ434,2024-03-03,12.3
R0315,PRJ434,2024-03-10,16.0
R0315,PRJ434,2024-03-17,14.8
R0315,PRJ434,2024-03-24,15.1
R0315,PRJ434,2024-03-31,17.1
R0315,PRJ434,2024-04-07,16.1
R0315,PRJ434,2024-04-14,13.4
R0315,PRJ434,2024-04-21,20.6
R0315,PRJ434,2024-04-28,17.2
R0316,PRJ103,2024-03-03,21.4
R0316,PRJ103,2024-03-10,14.7
R0316,PRJ103,2024-03-17,24.9
R0316,PRJ103,2024-03-24,23.8
R0316,PRJ103,2024-03-31,17.5
R0316,PRJ103,2024-04-14,20.3
R0316,PRJ103,2024-04-21,24.7
R0316,PRJ103,2024-04-28,22.6
R0316,PRJ011,2024-03-03,19.4
R0316,PRJ011,2024-03-10,20.8
R0316,PRJ011,2024-03-17,26.0
R0316,PRJ011,2024-03-24,29.7
R0316,PRJ011,2024-03-31,21.7
R0316,PRJ011,2024-04-07,17.9
R0316,PRJ011,2024-04-14,25.8
R0316,PRJ011,2024-04-21,19.8
R0316,PRJ011,2024-04-28,22.1
R0316,PRJ616,2024-03-03,4.4
R0316,PRJ616,2024-03-10,5.0
R0316,PRJ616,2024-03-17,3.5
R0316,PRJ616,2024-03-31,3.9
R0316,PRJ616,2024-04-07,4.5
R0316,PRJ616,2024-04-14,4.5
R0316,PRJ616,2024-04-21,3.9
R0316,PRJ616,2024-04-28,4.8
R0317,PRJ078,2024-03-03,39.1
R0317,PRJ078,2024-03-10,32.7
R0317,PRJ078,2024-03-17,28.6
R0317,PRJ078,2024-03-24,39.3
R0317,PRJ078,2024-03-31,26.6
R0317,PRJ078,2024-04-07,35.7
R0317,PRJ078,2024-04-14,29.9
R0317,PRJ078,2024-04-21,28.2
R0317,PRJ078,2024-04-28,31.6
R0318,PRJ276,2024-03-10,34.4
R0318,PRJ276,2024-03-17,29.1
R0318,PRJ276,2024-03-24,27.5
R0318,PRJ276,2024-03-31,25.3
R0318,PRJ276,2024-04-07,29.9
R0318,PRJ276,2024-04-14,25.5
R0319,PRJ051,2024-03-03,26.7
R0319,PRJ051,2024-03-10,32.1
R0319,PRJ051,2024-03-17,30.3
R0319,PRJ051,2024-03-24,33.4
R0319,PRJ051,2024-03-31,29.2
R0319,PRJ051,2024-04-07,34.3
R0319,PRJ051,2024-04-14,27.3
R0319,PRJ051,2024-04-21,31.1
R0319,PRJ051,2024-04-28,34.0
R0320,PRJ239,2024-03-03,18.4
R0320,PRJ239,2024-03-10,22.8
R0321,PRJ164,2024-03-03,17.0
R0321,PRJ164,2024-03-10,20.4
R0321,PRJ164,2024-03-17,18.8
R0321,PRJ164,2024-03-24,15.5
R0321,PRJ164,2024-03-31,19.0
R0321,PRJ164,2024-04-14,15.1
R0321,PRJ215,2024-03-03,31.6
R0321,PRJ215,2024-03-10,37.0
R0321,PRJ215,2024-03-17,43.3
R0321,PRJ215,2024-03-24,26.8
R0321,PRJ215,2024-03-31,23.0
R0321,PRJ215,2024-04-07,34.5
R0321,PRJ215,2024-04-14,29.2
R0321,PRJ215,2024-04-21,36.0
R0321,PRJ215,2024-04-28,36.6
R0322,PRJ181,2024-03-03,30.1
R0322,PRJ181,2024-03-10,35.4
R0322,PRJ181,2024-03-17,29.3
R0322,PRJ181,2024-03-24,29.3
R0322,PRJ181,2024-04-07,30.3
R0322,PRJ181,2024-04-14,33.8
R0322,PRJ181,2024-04-21,34.9
R0322,PRJ181,2024-04-28,29.6
R0323,PRJ072,2024-03-03,24.5
R0323,PRJ072,2024-03-17,29.3
R0323,PRJ072,2024-03-24,35.2
R0323,PRJ072,2024-03-31,28.7
R0323,PRJ072,2024-04-14,27.2
R0323,PRJ072,2024-04-21,27.6
R0323,PRJ072,2024-04-28,24.9
R0323,PRJ267,2024-03-10,15.9
R0323,PRJ267,2024-03-24,13.2
R0323,PRJ267,2024-03-31,16.3
R0323,PRJ267,2024-04-14,12.2
R0323,PRJ267,2024-04-21,15.1
R0323,PRJ267,2024-04-28,13.0
R0324,PRJ300,2024-03-17,35.1
R0324,PRJ300,2024-03-31,24.9
R0324,PRJ300,2024-04-07,39.9
R0324,PRJ300,2024-04-14,27.2
R0324,PRJ300,2024-04-21,28.4
R0324,PRJ300,2024-04-28,32.5
R0324,PRJ555,2024-03-03,4.1
R0324,PRJ555,2024-03-10,3.6
R0324,PRJ555,2024-03-17,3.6
R0324,PRJ555,2024-03-24,4.1
R0324,PRJ555,2024-03-31,4.5
R0324,PRJ555,2024-04-07,4.2
R0324,PRJ555,2024-04-14,3.5
R0324,PRJ555,2024-04-21,2.0
R0325,PRJ330,2024-03-10,35.5
R0325,PRJ330,2024-03-17,22.4
R0325,PRJ330,2024-03-24,19.9
R0325,PRJ330,2024-03-31,19.0
R0325,PRJ330,2024-04-07,14.4
R0325,PRJ330,2024-04-14,17.1
R0325,PRJ330,2024-04-21,17.4
R0325,PRJ330,2024-04-28,18.0
R0325,PRJ147,2024-03-03,17.5
R0325,PRJ147,2024-03-10,19.5
R0325,PRJ147,2024-03-17,19.9
R0325,PRJ147,2024-03-24,22.9
R0325,PRJ147,2024-03-31,15.0
R0325,PRJ147,2024-04-07,15.6
R0325,PRJ147,2024-04-14,21.1
R0325,PRJ147,2024-04-21,21.5
R0325,PRJ147,2024-04-28,21.2
R0326,PRJ092,2024-03-03,34.5
R0326,PRJ092,2024-03-10,24.8
R0326,PRJ092,2024-03-17,40.8
R0326,PRJ092,2024-03-24,36.8
R0326,PRJ092,2024-03-31,24.9
R0326,PRJ092,2024-04-07,30.7
R0326,PRJ092,2024-04-14,30.4
R0326,PRJ442,2024-03-03,33.8
R0326,PRJ442,2024-03-10,32.1
R0326,PRJ442,2024-03-17,28.8
R0326,PRJ442,2024-03-24,35.0
R0326,PRJ442,2024-03-31,40.6
R0326,PRJ442,2024-04-07,32.0
R0326,PRJ442,2024-04-14,35.9
R0326,PRJ442,2024-04-21,34.0
R0327,PRJ218,2024-03-03,29.3
R0327,PRJ218,2024-03-10,26.5
R0327,PRJ218,2024-03-17,24.7
R0327,PRJ218,2024-03-31,21.7
R0327,PRJ218,2024-04-07,23.4
R0327,PRJ218,2024-04-14,29.2
R0327,PRJ218,2024-04-21,17.1
R0327,PRJ218,2024-04-28,32.6
R0327,PRJ087,2024-03-03,13.6
R0327,PRJ087,2024-03-10,16.0
R0327,PRJ087,2024-03-17,22.3
R0327,PRJ087,2024-03-24,20.2
R0327,PRJ087,2024-03-31,24.0
R0327,PRJ087,2024-04-07,15.3
R0327,PRJ087,2024-04-14,20.7
R0327,PRJ087,2024-04-21,21.7
R0328,PRJ279,2024-03-03,17.6
R0328,PRJ279,2024-03-10,22.1
R0328,PRJ279,2024-03-17,16.8
R0328,PRJ279,2024-03-24,9.8
R0328,PRJ279,2024-03-31,17.3
R0328,PRJ279,2024-04-07,15.3
R0328,PRJ279,2024-04-14,16.3
R0328,PRJ279,2024-04-21,15.9
R0328,PRJ279,2024-04-28,19.4
R0328,PRJ562,2024-03-10,2.0
R0328,PRJ562,2024-03-17,2.0
R0328,PRJ562,2024-03-24,2.2
R0328,PRJ562,2024-03-31,1.8
R0328,PRJ562,2024-04-07,1.5
R0328,PRJ562,2024-04-14,2.0
R0328,PRJ562,2024-04-21,2.4
R0328,PRJ562,2024-04-28,2.1
R0329,PRJ129,2024-03-03,19.7
R0329,PRJ129,2024-03-10,19.3
R0329,PRJ129,2024-03-17,19.1
R0329,PRJ129,2024-03-24,12.7
R0329,PRJ129,2024-03-31,24.0
R0329,PRJ129,2024-04-07,18.8
R0329,PRJ129,2024-04-14,20.5
R0329,PRJ129,2024-04-21,19.5
R0329,PRJ129,2024-04-28,18.4
R0330,PRJ113,2024-03-10,28.3
R0330,PRJ113,2024-03-17,28.6
R0330,PRJ113,2024-03-24,17.2
R0330,PRJ113,2024-03-31,26.6
R0330,PRJ113,2024-04-07,23.2
R0330,PRJ113,2024-04-14,21.9
R0330,PRJ113,2024-04-21,22.8
R0330,PRJ113,2024-04-28,18.7
R0331,PRJ024,2024-03-03,15.7
R0331,PRJ024,2024-03-10,23.5
R0332,PRJ127,2024-03-17,31.7
R0332,PRJ127,2024-03-24,34.6
R0332,PRJ127,2024-03-31,34.9
R0332,PRJ127,2024-04-07,40.4
R0332,PRJ127,2024-04-14,34.1
R0332,PRJ127,2024-04-28,36.0
R0332,PRJ632,2024-03-03,3.4
R0332,PRJ632,2024-03-10,3.7
R0332,PRJ632,2024-03-17,2.9
R0332,PRJ632,2024-03-24,3.3
R0332,PRJ632,2024-04-07,3.3
R0332,PRJ632,2024-04-14,3.3
R0332,PRJ632,2024-04-21,3.3
R0332,PRJ632,2024-04-28,3.7
R0333,PRJ138,2024-03-03,38.4
R0333,PRJ138,2024-03-10,25.3
R0333,PRJ138,2024-03-17,29.9
R0333,PRJ138,2024-03-24,41.6
R0333,PRJ138,2024-04-07,30.7
R0333,PRJ138,2024-04-14,28.0
R0333,PRJ138,2024-04-21,44.6
R0333,PRJ138,2024-04-28,28.3
R0333,PRJ060,2024-03-03,23.2
R0333,PRJ060,2024-03-10,19.9
R0333,PRJ060,2024-03-24,19.5
R0333,PRJ060,2024-03-31,20.0
R0333,PRJ060,2024-04-14,26.2
R0333,PRJ060,2024-04-21,23.3
R0333,PRJ060,2024-04-28,18.5
R0334,PRJ430,2024-03-03,16.7
R0334,PRJ430,2024-03-10,20.8
R0334,PRJ430,2024-03-17,16.2
R0334,PRJ430,2024-03-24,15.5
R0334,PRJ430,2024-03-31,17.3
R0334,PRJ430,2024-04-07,12.9
R0334,PRJ430,2024-04-14,12.9
R0334,PRJ430,2024-04-21,17.2
R0334,PRJ430,2024-04-28,18.3
R0335,PRJ329,2024-03-03,26.0
R0335,PRJ329,2024-03-10,32.9
R0335,PRJ329,2024-03-17,34.0
R0335,PRJ329,2024-03-24,27.1
R0335,PRJ329,2024-03-31,25.9
R0335,PRJ329,2024-04-07,25.0
R0336,PRJ155,2024-03-17,27.8
R0336,PRJ155,2024-03-24,32.4
R0336,PRJ155,2024-03-31,31.2
R0336,PRJ155,2024-04-07,19.0
R0336,PRJ155,2024-04-14,31.5
R0336,PRJ155,2024-04-21,25.8
R0336,PRJ155,2024-04-28,28.1
R0336,PRJ614,2024-03-10,5.5
R0336,PRJ614,2024-03-17,4.5
R0336,PRJ614,2024-03-24,5.3
R0336,PRJ614,2024-03-31,5.6
R0336,PRJ614,2024-04-07,5.1
R0336,PRJ614,2024-04-14,5.9
R0336,PRJ614,2024-04-21,3.7
R0337,PRJ157,2024-03-03,35.8
R0337,PRJ157,2024-03-10,29.4
R0337,PRJ157,2024-03-17,27.0
R0337,PRJ157,2024-03-31,33.4
R0337,PRJ157,2024-04-07,35.4
R0337,PRJ157,2024-04-14,28.4
R0337,PRJ157,2024-04-21,37.5
R0338,PRJ170,2024-03-03,30.7
R0338,PRJ170,2024-03-10,27.9
R0338,PRJ170,2024-03-17,32.8
R0338,PRJ170,2024-03-24,29.7
R0338,PRJ170,2024-03-31,35.1
R0338,PRJ170,2024-04-07,35.9
R0338,PRJ170,2024-04-14,35.5
R0338,PRJ170,2024-04-21,36.1
R0338,PRJ170,2024-04-28,29.4
R0338,PRJ339,2024-03-03,31.4
R0338,PRJ339,2024-03-10,27.2
R0338,PRJ339,2024-03-17,21.5
R0338,PRJ339,2024-03-24,21.8
R0338,PRJ339,2024-03-31,31.0
R0338,PRJ339,2024-04-07,28.4
R0338,PRJ339,2024-04-14,16.7
R0338,PRJ339,2024-04-21,12.6
R0338,PRJ339,2024-04-28,13.0
R0339,PRJ099,2024-03-03,18.9
R0339,PRJ099,2024-03-10,15.7
R0339,PRJ099,2024-03-17,16.8
R0339,PRJ099,2024-03-24,14.5
R0339,PRJ099,2024-03-31,15.5
R0339,PRJ099,2024-04-07,15.1
R0339,PRJ099,2024-04-21,19.4
R0339,PRJ099,2024-04-28,19.2
R0339,PRJ274,2024-03-03,33.3
R0339,PRJ274,2024-03-10,20.9
R0339,PRJ274,2024-03-17,30.7
R0339,PRJ274,2024-03-24,25.4
R0339,PRJ274,2024-03-31,24.3
R0339,PRJ274,2024-04-07,22.0
R0339,PRJ274,2024-04-14,20.9
R0339,PRJ274,2024-04-28,25.5
R0340,PRJ335,2024-03-03,23.8
R0340,PRJ335,2024-03-10,29.1
R0340,PRJ335,2024-03-17,19.3
R0340,PRJ335,2024-03-24,24.3
R0340,PRJ335,2024-03-31,27.2
R0340,PRJ335,2024-04-07,28.2
R0340,PRJ335,2024-04-14,24.5
R0340,PRJ451,2024-03-03,5.0
R0340,PRJ451,2024-03-10,5.7
R0340,PRJ451,2024-03-17,5.5
R0340,PRJ451,2024-03-24,5.6
R0340,PRJ451,2024-03-31,6.5
R0340,PRJ451,2024-04-07,7.0
R0340,PRJ451,2024-04-14,5.7
R0340,PRJ451,2024-04-28,5.2
R0341,PRJ299,2024-03-03,21.8
R0341,PRJ299,2024-03-10,24.5
R0341,PRJ299,2024-03-17,22.0
R0341,PRJ299,2024-03-24,28.7
R0341,PRJ299,2024-03-31,26.9
R0341,PRJ299,2024-04-07,32.2
R0341,PRJ299,2024-04-14,26.6
R0341,PRJ299,2024-04-21,24.1
R0341,PRJ299,2024-04-28,26.4
R0342,PRJ248,2024-03-03,28.8
R0342,PRJ248,2024-03-10,25.8
R0342,PRJ248,2024-03-17,22.3
R0342,PRJ248,2024-03-24,20.7
R0342,PRJ248,2024-03-31,28.2
R0342,PRJ248,2024-04-07,27.1
R0342,PRJ248,2024-04-14,20.6
R0342,PRJ248,2024-04-21,16.8
R0342,PRJ248,2024-04-28,18.1
R0343,PRJ019,2024-03-03,19.4
R0343,PRJ019,2024-03-17,19.3
R0344,PRJ248,2024-03-03,13.9
R0344,PRJ248,2024-03-10,15.6
R0344,PRJ248,2024-03-24,21.1
R0344,PRJ248,2024-03-31,16.4
R0344,PRJ248,2024-04-07,23.4
R0344,PRJ248,2024-04-14,17.8
R0344,PRJ248,2024-04-21,23.6
R0344,PRJ248,2024-04-28,22.5
R0344,PRJ025,2024-03-10,17.2
R0344,PRJ025,2024-03-17,21.8
R0344,PRJ025,2024-03-24,18.1
R0344,PRJ025,2024-03-31,16.1
R0344,PRJ025,2024-04-07,15.7
R0344,PRJ025,2024-04-14,16.6
R0344,PRJ025,2024-04-21,13.3
R0344,PRJ025,2024-04-28,17.5
R0344,PRJ640,2024-03-03,3.2
R0344,PRJ640,2024-03-10,3.3
R0344,PRJ640,2024-03-31,2.6
R0344,PRJ640,2024-04-07,3.5
R0344,PRJ640,2024-04-14,2.9
R0344,PRJ640,2024-04-21,3.6
R0344,PRJ640,2024-04-28,3.5
R0345,PRJ320,2024-03-03,27.6
R0345,PRJ320,2024-03-10,22.1
R0345,PRJ320,2024-03-17,24.9
R0345,PRJ320,2024-03-24,28.0
R0345,PRJ320,2024-03-31,20.0
R0345,PRJ320,2024-04-14,23.1
R0345,PRJ320,2024-04-21,22.5
R0345,PRJ320,2024-04-28,24.1
R0346,PRJ280,2024-03-17,33.0
R0346,PRJ280,2024-03-24,38.0
R0346,PRJ280,2024-03-31,29.7
R0346,PRJ280,2024-04-07,27.2
R0346,PRJ280,2024-04-14,32.7
R0346,PRJ280,2024-04-21,33.2
R0346,PRJ280,2024-04-28,29.8
R0347,PRJ400,2024-03-03,30.9
R0347,PRJ400,2024-03-10,25.5
R0347,PRJ400,2024-03-17,29.1
R0347,PRJ400,2024-03-24,19.6
R0347,PRJ400,2024-03-31,30.3
R0347,PRJ400,2024-04-07,27.2
R0347,PRJ400,2024-04-14,28.4
R0347,PRJ400,2024-04-21,24.6
R0347,PRJ400,2024-04-28,20.0
R0347,PRJ130,2024-03-17,35.9
R0347,PRJ130,2024-03-24,31.4
R0347,PRJ130,2024-03-31,33.6
R0347,PRJ130,2024-04-07,29.9
R0347,PRJ130,2024-04-14,34.7
R0347,PRJ130,2024-04-21,44.7
R0348,PRJ149,2024-03-03,26.1
R0348,PRJ149,2024-03-10,21.9
R0348,PRJ149,2024-03-17,29.0
R0348,PRJ149,2024-03-24,35.3
R0348,PRJ149,2024-03-31,29.9
R0348,PRJ149,2024-04-07,27.9
R0348,PRJ149,2024-04-14,27.7
R0348,PRJ159,2024-03-10,19.6
R0348,PRJ159,2024-03-17,16.3
R0348,PRJ159,2024-03-24,19.8
R0348,PRJ159,2024-03-31,16.3
R0348,PRJ159,2024-04-07,16.9
R0348,PRJ159,2024-04-14,18.1
R0348,PRJ159,2024-04-21,16.6
R0348,PRJ159,2024-04-28,18.5
R0348,PRJ495,2024-03-10,2.1
R0348,PRJ495,2024-03-17,2.5
R0348,PRJ495,2024-03-24,2.0
R0348,PRJ495,2024-04-07,1.9
R0348,PRJ495,2024-04-14,2.1
R0348,PRJ495,2024-04-28,1.8
R0349,PRJ298,2024-03-03,22.5
R0349,PRJ298,2024-03-10,22.6
R0349,PRJ298,2024-03-17,19.4
R0349,PRJ298,2024-03-31,19.0
R0349,PRJ298,2024-04-07,14.8
R0349,PRJ298,2024-04-14,21.0
R0349,PRJ298,2024-04-21,14.4
R0349,PRJ298,2024-04-28,16.5
R0350,PRJ392,2024-03-03,40.9
R0350,PRJ392,2024-03-10,32.2
R0350,PRJ392,2024-03-17,39.6
R0350,PRJ392,2024-03-31,35.5
R0350,PRJ392,2024-04-07,33.9
R0350,PRJ392,2024-04-14,39.6
R0350,PRJ392,2024-04-21,23.3
R0350,PRJ392,2024-04-28,45.0
R0350,PRJ136,2024-03-03,35.2
R0350,PRJ136,2024-03-10,44.5
R0350,PRJ136,2024-03-17,30.9
R0350,PRJ136,2024-03-24,46.3
R0350,PRJ136,2024-03-31,35.5
R0350,PRJ136,2024-04-07,32.3
R0350,PRJ136,2024-04-14,33.1
R0350,PRJ136,2024-04-21,32.8
R0350,PRJ136,2024-04-28,31.3
R0351,PRJ156,2024-03-03,30.4
R0351,PRJ156,2024-03-10,25.6
R0351,PRJ156,2024-03-17,31.0
R0351,PRJ156,2024-03-24,28.6
R0351,PRJ156,2024-03-31,31.1
R0351,PRJ156,2024-04-07,26.4
R0351,PRJ156,2024-04-14,26.3
R0351,PRJ156,2024-04-21,38.5
R0351,PRJ156,2024-04-28,34.2
R0351,PRJ302,2024-03-03,22.8
R0351,PRJ302,2024-03-10,23.5
R0351,PRJ302,2024-03-17,28.0
R0351,PRJ302,2024-03-24,24.1
R0351,PRJ302,2024-03-31,21.7
R0351,PRJ302,2024-04-14,30.3
R0351,PRJ302,2024-04-21,17.9
R0351,PRJ302,2024-04-28,34.6
R0352,PRJ117,2024-03-03,17.5
R0352,PRJ117,2024-03-10,20.4
R0352,PRJ117,2024-03-17,17.1
R0352,PRJ117,2024-03-24,20.5
R0352,PRJ117,2024-03-31,22.2
R0352,PRJ117,2024-04-07,17.9
R0352,PRJ419,2024-03-03,36.6
R0352,PRJ419,2024-03-10,38.6
R0352,PRJ419,2024-03-17,34.3
R0352,PRJ419,2024-03-24,42.5
R0352,PRJ419,2024-03-31,34.5
R0352,PRJ419,2024-04-07,37.1
R0352,PRJ419,2024-04-14,31.0
R0352,PRJ573,2024-03-10,4.3
R0352,PRJ573,2024-03-17,4.6
R0352,PRJ573,2024-03-24,4.4
R0352,PRJ573,2024-03-31,4.6
R0352,PRJ573,2024-04-07,5.2
R0352,PRJ573,2024-04-14,3.9
R0352,PRJ573,2024-04-21,5.7
R0352,PRJ573,2024-04-28,4.5
R0353,PRJ046,2024-03-03,16.2
R0353,PRJ046,2024-03-10,16.4
R0353,PRJ046,2024-03-17,15.7
R0353,PRJ046,2024-03-24,18.0
R0353,PRJ046,2024-03-31,17.5
R0353,PRJ046,2024-04-07,17.1
R0353,PRJ046,2024-04-14,15.8
R0353,PRJ046,2024-04-21,17.7
R0353,PRJ046,2024-04-28,16.5
R0353,PRJ417,2024-03-17,22.2
R0353,PRJ417,2024-03-24,31.4
R0353,PRJ417,2024-04-07,27.7
R0353,PRJ417,2024-04-21,27.2
R0353,PRJ417,2024-04-28,31.6
R0354,PRJ420,2024-03-03,24.5
R0354,PRJ420,2024-03-10,20.4
R0354,PRJ420,2024-03-17,22.1
R0354,PRJ420,2024-03-24,22.9
R0354,PRJ420,2024-03-31,22.0
R0354,PRJ420,2024-04-07,35.1
R0354,PRJ420,2024-04-14,36.0
R0354,PRJ420,2024-04-21,25.0
R0354,PRJ420,2024-04-28,31.5
R0354,PRJ277,2024-03-03,24.3
R0354,PRJ277,2024-03-10,22.1
R0354,PRJ277,2024-03-17,23.8
R0354,PRJ277,2024-03-24,25.2
R0354,PRJ277,2024-04-07,26.4
R0355,PRJ299,2024-03-03,37.9
R0356,PRJ392,2024-03-24,36.5
R0356,PRJ392,2024-03-31,26.2
R0356,PRJ392,2024-04-07,31.9
R0356,PRJ392,2024-04-14,24.9
R0356,PRJ392,2024-04-21,33.1
R0356,PRJ392,2024-04-28,25.9
R0356,PRJ071,2024-03-03,21.7
R0356,PRJ071,2024-03-10,21.3
R0356,PRJ071,2024-03-17,29.1
R0356,PRJ071,2024-03-24,20.2
R0356,PRJ071,2024-03-31,25.7
R0356,PRJ071,2024-04-07,28.5
R0356,PRJ071,2024-04-14,15.0
R0356,PRJ071,2024-04-21,22.7
R0356,PRJ071,2024-04-28,27.0
R0356,PRJ561,2024-03-03,1.5
R0356,PRJ561,2024-03-10,2.3
R0356,PRJ561,2024-03-17,2.0
R0356,PRJ561,2024-03-24,1.4
R0356,PRJ561,2024-03-31,2.3
R0356,PRJ561,2024-04-07,2.2
R0356,PRJ561,2024-04-14,1.8
R0356,PRJ561,2024-04-21,2.2
R0356,PRJ561,2024-04-28,1.5
R0357,PRJ396,2024-03-10,32.9
R0357,PRJ396,2024-03-17,36.0
R0357,PRJ396,2024-03-24,35.7
R0357,PRJ396,2024-03-31,38.2
R0357,PRJ396,2024-04-07,46.3
R0357,PRJ396,2024-04-14,30.2
R0357,PRJ396,2024-04-21,37.0
R0357,PRJ396,2024-04-28,37.1
R0357,PRJ366,2024-03-03,37.3
R0357,PRJ366,2024-03-10,31.7
R0357,PRJ366,2024-03-17,23.4
R0357,PRJ366,2024-03-24,32.3
R0357,PRJ366,2024-03-31,22.9
R0357,PRJ366,2024-04-07,36.8
R0357,PRJ366,2024-04-14,31.9
R0357,PRJ366,2024-04-21,33.7
R0357,PRJ366,2024-04-28,27.3
R0358,PRJ009,2024-03-17,21.0
R0358,PRJ009,2024-03-24,14.3
R0358,PRJ009,2024-04-07,15.5
R0358,PRJ009,2024-04-14,20.8
R0358,PRJ009,2024-04-21,17.7
R0358,PRJ009,2024-04-28,21.4
R0359,PRJ156,2024-03-03,21.6
R0359,PRJ156,2024-03-10,19.7
R0359,PRJ156,2024-03-17,22.5
R0359,PRJ156,2024-03-24,17.8
R0359,PRJ156,2024-03-31,24.2
R0359,PRJ156,2024-04-07,19.7
R0359,PRJ156,2024-04-14,13.0
R0359,PRJ156,2024-04-21,13.3
R0359,PRJ389,2024-03-03,40.5
R0359,PRJ389,2024-03-10,23.4
R0359,PRJ389,2024-03-17,36.0
R0359,PRJ389,2024-03-24,37.2
R0359,PRJ389,2024-03-31,31.4
R0359,PRJ389,2024-04-07,27.8
R0359,PRJ389,2024-04-14,25.9
R0359,PRJ389,2024-04-21,26.7
R0359,PRJ389,2024-04-28,26.7
R0360,PRJ002,2024-03-03,33.2
R0360,PRJ002,2024-03-10,35.1
R0360,PRJ002,2024-03-17,32.9
R0360,PRJ002,2024-03-24,34.3
R0360,PRJ002,2024-03-31,37.0
R0360,PRJ002,2024-04-07,30.4
R0360,PRJ002,2024-04-14,36.3
R0360,PRJ002,2024-04-21,37.3
R0360,PRJ002,2024-04-28,38.1
R0360,PRJ475,2024-03-03,5.6
R0360,PRJ475,2024-03-10,4.5
R0360,PRJ475,2024-03-17,4.0
R0360,PRJ475,2024-03-24,4.2
R0360,PRJ475,2024-03-31,5.7
R0360,PRJ475,2024-04-07,6.1
R0360,PRJ475,2024-04-14,4.7
R0360,PRJ475,2024-04-21,6.2
R0360,PRJ475,2024-04-28,3.8
R0361,PRJ269,2024-03-03,25.0
R0361,PRJ269,2024-03-10,29.6
R0361,PRJ269,2024-03-17,27.1
R0361,PRJ269,2024-03-24,26.2
R0361,PRJ269,2024-03-31,23.5
R0361,PRJ269,2024-04-07,22.2
R0361,PRJ269,2024-04-21,26.5
R0361,PRJ269,2024-04-28,30.7
R0362,PRJ305,2024-03-03,19.8
R0362,PRJ305,2024-03-10,24.7
R0362,PRJ305,2024-03-24,18.0
R0362,PRJ305,2024-03-31,20.4
R0362,PRJ305,2024-04-07,16.4
R0362,PRJ305,2024-04-14,16.5
R0362,PRJ305,2024-04-21,23.9
R0362,PRJ305,2024-04-28,18.4
R0363,PRJ211,2024-03-03,30.9
R0363,PRJ211,2024-03-17,26.9
R0363,PRJ211,2024-03-24,22.4
R0363,PRJ211,2024-03-31,32.4
R0363,PRJ211,2024-04-07,27.0
R0363,PRJ211,2024-04-14,35.5
R0363,PRJ211,2024-04-21,21.6
R0363,PRJ211,2024-04-28,31.5
R0363,PRJ315,2024-03-03,16.8
R0363,PRJ315,2024-03-10,12.9
R0363,PRJ315,2024-03-17,12.8
R0363,PRJ315,2024-03-24,21.6
R0363,PRJ315,2024-04-07,19.4
R0363,PRJ315,2024-04-14,26.3
R0363,PRJ315,2024-04-21,25.2
R0363,PRJ315,2024-04-28,25.6
R0364,PRJ268,2024-03-03,18.1
R0364,PRJ268,2024-03-10,16.0
R0364,PRJ268,2024-03-17,16.9
R0364,PRJ268,2024-03-24,19.3
R0364,PRJ268,2024-03-31,16.5
R0364,PRJ268,2024-04-07,16.3
R0364,PRJ268,2024-04-14,16.6
R0364,PRJ268,2024-04-21,22.9
R0364,PRJ268,2024-04-28,18.4
R0364,PRJ514,2024-03-03,3.8
R0364,PRJ514,2024-03-10,5.0
R0364,PRJ514,2024-03-17,4.2
R0364,PRJ514,2024-03-24,4.5
R0364,PRJ514,2024-03-31,3.4
R0364,PRJ514,2024-04-07,4.7
R0364,PRJ514,2024-04-14,3.9
R0364,PRJ514,2024-04-21,3.9
R0364,PRJ514,2024-04-28,4.1
R0365,PRJ333,2024-03-03,22.3
R0365,PRJ333,2024-03-10,19.5
R0365,PRJ333,2024-03-17,17.8
R0365,PRJ333,2024-03-24,20.9
R0365,PRJ333,2024-03-31,18.4
R0365,PRJ333,2024-04-07,20.2
R0365,PRJ333,2024-04-14,25.2
R0365,PRJ333,2024-04-21,26.0
R0365,PRJ333,2024-04-28,22.4
R0366,PRJ323,2024-03-03,30.0
R0366,PRJ323,2024-03-10,29.0
R0367,PRJ094,2024-03-03,30.4
R0367,PRJ094,2024-03-10,29.1
R0367,PRJ094,2024-03-17,34.2
R0367,PRJ094,2024-03-24,40.1
R0367,PRJ094,2024-03-31,33.3
R0367,PRJ094,2024-04-07,38.2
R0367,PRJ094,2024-04-21,32.2
R0367,PRJ094,2024-04-28,36.1
R0367,PRJ257,2024-03-03,19.3
R0367,PRJ257,2024-03-10,17.8
R0367,PRJ257,2024-03-17,18.3
R0367,PRJ257,2024-03-24,16.6
R0367,PRJ257,2024-03-31,16.1
R0367,PRJ257,2024-04-07,11.7
R0367,PRJ257,2024-04-14,19.5
R0367,PRJ257,2024-04-21,17.7
R0367,PRJ257,2024-04-28,18.1
R0368,PRJ259,2024-03-17,33.1
R0368,PRJ259,2024-03-24,34.9
R0368,PRJ259,2024-03-31,40.4
R0368,PRJ259,2024-04-07,33.3
R0368,PRJ259,2024-04-14,36.2
R0368,PRJ259,2024-04-21,22.0
R0368,PRJ546,2024-03-03,2.3
R0368,PRJ546,2024-03-10,2.1
R0368,PRJ546,2024-03-24,2.3
R0368,PRJ546,2024-03-31,2.6
R0368,PRJ546,2024-04-07,1.6
R0368,PRJ546,2024-04-14,1.9
R0368,PRJ546,2024-04-21,1.8
R0369,PRJ186,2024-03-03,18.0
R0369,PRJ186,2024-03-17,22.6
R0369,PRJ186,2024-03-24,23.1
R0369,PRJ186,2024-03-31,18.9
R0369,PRJ186,2024-04-07,17.3
R0369,PRJ186,2024-04-14,16.6
R0369,PRJ186,2024-04-21,20.8
R0369,PRJ186,2024-04-28,20.3
R0370,PRJ193,2024-03-03,22.8
R0370,PRJ193,2024-03-10,21.5
R0370,PRJ193,2024-03-17,31.4
R0370,PRJ193,2024-03-24,29.9
R0370,PRJ193,2024-04-07,33.9
R0370,PRJ193,2024-04-14,26.5
R0371,PRJ259,2024-03-10,27.6
R0371,PRJ259,2024-03-17,38.2
R0371,PRJ259,2024-03-24,35.0
R0371,PRJ259,2024-03-31,38.7
R0371,PRJ259,2024-04-07,31.4
R0371,PRJ259,2024-04-14,25.6
R0371,PRJ259,2024-04-28,28.3
R0372,PRJ005,2024-03-03,22.7
R0372,PRJ005,2024-03-10,31.2
R0372,PRJ005,2024-03-17,27.2
R0372,PRJ005,2024-03-24,19.4
R0372,PRJ005,2024-03-31,20.3
R0372,PRJ005,2024-04-07,28.1
R0372,PRJ005,2024-04-14,28.0
R0372,PRJ005,2024-04-21,17.7
R0372,PRJ583,2024-03-03,8.0
R0372,PRJ583,2024-03-10,7.2
R0372,PRJ583,2024-03-17,7.7
R0372,PRJ583,2024-03-24,7.8
R0372,PRJ583,2024-03-31,7.0
R0372,PRJ583,2024-04-07,5.9
R0372,PRJ583,2024-04-14,8.8
R0372,PRJ583,2024-04-21,7.2
R0372,PRJ583,2024-04-28,6.7
R0373,PRJ412,2024-03-03,27.7
R0373,PRJ412,2024-03-10,28.5
R0373,PRJ412,2024-03-17,33.3
R0373,PRJ412,2024-03-31,27.8
R0373,PRJ412,2024-04-07,21.2
R0374,PRJ082,2024-03-03,15.8
R0374,PRJ082,2024-03-10,23.4
R0374,PRJ082,2024-03-17,16.8
R0374,PRJ082,2024-03-24,19.3
R0374,PRJ082,2024-04-07,17.9
R0374,PRJ082,2024-04-14,22.5
R0374,PRJ082,2024-04-21,22.6
R0374,PRJ082,2024-04-28,21.8
R0375,PRJ259,2024-03-03,23.4
R0375,PRJ259,2024-03-10,23.2
R0375,PRJ259,2024-03-17,22.5
R0375,PRJ259,2024-03-24,20.7
R0375,PRJ259,2024-03-31,17.1
R0375,PRJ259,2024-04-07,19.3
R0375,PRJ259,2024-04-14,17.7
R0375,PRJ259,2024-04-21,18.7
R0375,PRJ259,2024-04-28,16.0
R0376,PRJ185,2024-03-03,24.8
R0376,PRJ185,2024-03-10,22.6
R0376,PRJ185,2024-03-17,26.5
R0376,PRJ185,2024-03-24,32.8
R0376,PRJ185,2024-03-31,29.7
R0376,PRJ185,2024-04-07,23.9
R0376,PRJ185,2024-04-14,26.1
R0376,PRJ185,2024-04-21,26.2
R0376,PRJ185,2024-04-28,24.4
R0376,PRJ464,2024-03-10,8.7
R0376,PRJ464,2024-03-17,6.2
R0376,PRJ464,2024-03-24,7.3
R0376,PRJ464,2024-03-31,6.7
R0376,PRJ464,2024-04-07,8.7
R0376,PRJ464,2024-04-14,7.2
R0376,PRJ464,2024-04-21,7.2
R0376,PRJ464,2024-04-28,7.4
R0377,PRJ204,2024-03-17,23.9
R0377,PRJ204,2024-03-24,35.3
R0377,PRJ204,2024-03-31,29.6
R0377,PRJ204,2024-04-14,29.9
R0377,PRJ204,2024-04-21,27.5
R0377,PRJ204,2024-04-28,35.9
R0378,PRJ410,2024-03-03,18.1
R0379,PRJ194,2024-03-03,36.5
R0379,PRJ194,2024-03-10,30.4
R0379,PRJ194,2024-03-17,23.1
R0379,PRJ194,2024-03-24,36.2
R0379,PRJ194,2024-03-31,36.0
R0379,PRJ194,2024-04-07,31.3
R0379,PRJ194,2024-04-14,31.6
R0379,PRJ194,2024-04-21,30.8
R0379,PRJ194,2024-04-28,30.7
R0379,PRJ251,2024-03-03,22.3
R0379,PRJ251,2024-03-10,22.1
R0379,PRJ251,2024-03-17,26.5
R0379,PRJ251,2024-03-24,29.5
R0379,PRJ251,2024-03-31,23.7
R0379,PRJ251,2024-04-07,20.7
R0379,PRJ251,2024-04-14,26.5
R0379,PRJ251,2024-04-21,25.6
R0379,PRJ251,2024-04-28,33.1
R0380,PRJ215,2024-03-10,16.0
R0380,PRJ215,2024-03-17,22.6
R0380,PRJ215,2024-03-24,19.2
R0380,PRJ215,2024-03-31,19.9
R0380,PRJ215,2024-04-07,15.6
R0380,PRJ215,2024-04-14,15.5
R0380,PRJ215,2024-04-21,19.4
R0380,PRJ215,2024-04-28,20.0
R0380,PRJ567,2024-03-03,2.7
R0380,PRJ567,2024-03-10,3.1
R0380,PRJ567,2024-03-17,2.4
R0380,PRJ567,2024-03-24,6.4
R0380,PRJ567,2024-03-31,8.2
R0380,PRJ567,2024-04-14,7.2
R0380,PRJ567,2024-04-21,8.6
R0381,PRJ133,2024-03-03,18.2
R0381,PRJ133,2024-03-10,17.4
R0381,PRJ133,2024-03-17,20.3
R0381,PRJ133,2024-03-24,17.6
R0381,PRJ133,2024-03-31,14.3
R0381,PRJ133,2024-04-07,18.3
R0381,PRJ133,2024-04-14,15.3
R0381,PRJ320,2024-03-10,24.6
R0381,PRJ320,2024-03-17,34.6
R0381,PRJ320,2024-03-24,24.8
R0381,PRJ320,2024-03-31,32.0
R0381,PRJ320,2024-04-07,23.5
R0381,PRJ320,2024-04-14,28.4
R0381,PRJ320,2024-04-21,34.4
R0381,PRJ320,2024-04-28,22.4
R0382,PRJ204,2024-03-03,21.8
R0382,PRJ204,2024-03-10,17.7
R0382,PRJ204,2024-03-17,11.5
R0382,PRJ204,2024-03-24,16.5
R0382,PRJ204,2024-03-31,15.8
R0382,PRJ204,2024-04-07,14.3
R0382,PRJ204,2024-04-14,14.6
R0382,PRJ204,2024-04-21,16.7
R0382,PRJ204,2024-04-28,14.7
R0382,PRJ321,2024-03-03,25.6
R0382,PRJ321,2024-03-10,34.9
R0382,PRJ321,2024-03-17,31.0
R0382,PRJ321,2024-03-24,29.3
R0382,PRJ321,2024-03-31,36.4
R0382,PRJ321,2024-04-07,28.9
R0382,PRJ321,2024-04-14,28.6
R0382,PRJ321,2024-04-21,26.8
R0382,PRJ321,2024-04-28,30.2
R0383,PRJ417,2024-03-03,36.0
R0383,PRJ417,2024-03-10,37.0
R0383,PRJ417,2024-03-17,29.8
R0383,PRJ417,2024-03-24,25.2
R0383,PRJ417,2024-03-31,24.5
R0383,PRJ417,2024-04-07,34.5
R0383,PRJ417,2024-04-14,34.1
R0383,PRJ417,2024-04-21,30.5
R0384,PRJ294,2024-03-03,23.3
R0384,PRJ294,2024-03-10,16.5
R0384,PRJ294,2024-03-17,29.5
R0384,PRJ294,2024-03-24,23.7
R0384,PRJ294,2024-03-31,25.6
R0384,PRJ294,2024-04-07,20.5
R0384,PRJ294,2024-04-14,40.0
R0384,PRJ294,2024-04-28,33.7
R0384,PRJ068,2024-03-03,29.4
R0384,PRJ068,2024-03-10,30.4
R0384,PRJ068,2024-03-17,29.4
R0384,PRJ068,2024-03-24,44.6
R0384,PRJ068,2024-03-31,33.0
R0384,PRJ068,2024-04-07,33.0
R0384,PRJ068,2024-04-14,35.7
R0384,PRJ068,2024-04-21,28.0
R0384,PRJ068,2024-04-28,18.0
R0384,PRJ536,2024-03-17,7.6
R0384,PRJ536,2024-03-24,7.9
R0384,PRJ536,2024-03-31,5.6
R0384,PRJ536,2024-04-07,7.1
R0384,PRJ536,2024-04-14,8.2
R0384,PRJ536,2024-04-21,7.3
R0384,PRJ536,2024-04-28,5.9
R0385,PRJ038,2024-03-03,18.9
R0385,PRJ038,2024-03-10,17.8
R0385,PRJ038,2024-03-17,17.6
R0385,PRJ038,2024-03-24,15.9
R0385,PRJ038,2024-03-31,17.4
R0385,PRJ038,2024-04-07,21.3
R0385,PRJ038,2024-04-14,12.0
R0385,PRJ038,2024-04-21,15.4
R0385,PRJ038,2024-04-28,15.6
R0386,PRJ377,2024-03-03,16.9
R0386,PRJ377,2024-03-10,33.8
R0386,PRJ377,2024-03-17,22.1
R0386,PRJ377,2024-03-24,21.9
R0386,PRJ377,2024-04-07,22.9
R0386,PRJ377,2024-04-14,30.4
R0386,PRJ377,2024-04-21,28.5
R0386,PRJ377,2024-04-28,29.2
R0386,PRJ285,2024-03-03,27.1
R0386,PRJ285,2024-03-10,29.1
R0386,PRJ285,2024-03-17,29.7
R0386,PRJ285,2024-03-24,36.4
R0386,PRJ285,2024-03-31,22.4
R0386,PRJ285,2024-04-07,26.3
R0386,PRJ285,2024-04-14,34.6
R0386,PRJ285,2024-04-21,27.0
R0386,PRJ285,2024-04-28,31.0
R0387,PRJ200,2024-03-03,24.6
R0387,PRJ200,2024-03-10,24.0
R0387,PRJ200,2024-03-17,19.9
R0387,PRJ200,2024-03-24,20.2
R0387,PRJ200,2024-03-31,24.7
R0387,PRJ200,2024-04-07,25.5
R0387,PRJ200,2024-04-14,28.8
R0387,PRJ200,2024-04-21,24.1
R0387,PRJ200,2024-04-28,27.1
R0387,PRJ246,2024-03-03,31.2
R0387,PRJ246,2024-03-17,28.7
R0387,PRJ246,2024-03-24,39.3
R0387,PRJ246,2024-03-31,35.7
R0387,PRJ246,2024-04-07,32.1
R0387,PRJ246,2024-04-14,25.1
R0387,PRJ246,2024-04-21,24.8
R0388,PRJ289,2024-03-03,14.5
R0388,PRJ289,2024-03-10,12.1
R0388,PRJ289,2024-03-17,19.3
R0388,PRJ289,2024-03-24,16.6
R0388,PRJ289,2024-03-31,20.6
R0388,PRJ289,2024-04-07,20.4
R0388,PRJ289,2024-04-14,15.5
R0388,PRJ289,2024-04-21,20.7
R0388,PRJ631,2024-03-03,2.5
R0388,PRJ631,2024-03-10,1.8
R0388,PRJ631,2024-03-17,2.2
R0388,PRJ631,2024-03-24,1.5
R0388,PRJ631,2024-03-31,1.7
R0388,PRJ631,2024-04-07,1.8
R0388,PRJ631,2024-04-14,1.8
R0388,PRJ631,2024-04-21,2.1
R0388,PRJ631,2024-04-28,2.6
R0389,PRJ005,2024-03-03,43.1
R0389,PRJ005,2024-03-10,41.8
R0389,PRJ005,2024-03-17,35.1
R0389,PRJ005,2024-03-24,38.9
R0389,PRJ005,2024-03-31,30.6
R0389,PRJ005,2024-04-07,33.3
R0389,PRJ005,2024-04-14,34.8
R0389,PRJ005,2024-04-21,36.1
R0389,PRJ005,2024-04-28,37.7
R0390,PRJ154,2024-03-03,27.8
R0390,PRJ154,2024-03-10,27.2
R0391,PRJ331,2024-03-03,35.0
R0391,PRJ331,2024-03-17,40.9
R0391,PRJ331,2024-03-24,27.7
R0391,PRJ331,2024-03-31,25.1
R0391,PRJ331,2024-04-07,39.0
R0391,PRJ331,2024-04-14,32.9
R0391,PRJ331,2024-04-28,34.6
R0392,PRJ037,2024-03-10,23.4
R0392,PRJ037,2024-03-17,19.9
R0392,PRJ037,2024-03-24,19.1
R0392,PRJ037,2024-04-07,19.6
R0392,PRJ037,2024-04-28,20.8
R0392,PRJ027,2024-03-03,17.4
R0392,PRJ027,2024-03-10,18.5
R0392,PRJ027,2024-03-17,16.2
R0392,PRJ027,2024-03-24,20.9
R0392,PRJ027,2024-03-31,19.4
R0392,PRJ027,2024-04-07,20.3
R0392,PRJ027,2024-04-14,15.9
R0392,PRJ027,2024-04-21,17.8
R0392,PRJ027,2024-04-28,14.5
R0392,PRJ497,2024-03-10,4.4
R0392,PRJ497,2024-03-17,5.7
R0392,PRJ497,2024-03-24,3.6
R0392,PRJ497,2024-03-31,5.1
R0392,PRJ497,2024-04-07,5.7
R0392,PRJ497,2024-04-21,3.9
R0392,PRJ497,2024-04-28,2.0
R0393,PRJ190,2024-03-17,23.8
R0393,PRJ190,2024-03-24,34.5
R0393,PRJ190,2024-03-31,33.0
R0393,PRJ190,2024-04-07,41.0
R0393,PRJ190,2024-04-14,41.2
R0393,PRJ190,2024-04-21,32.6
R0393,PRJ190,2024-04-28,32.9
R0393,PRJ438,2024-03-17,14.7
R0393,PRJ438,2024-03-24,17.0
R0393,PRJ438,2024-03-31,13.8
R0393,PRJ438,2024-04-07,15.6
R0393,PRJ438,2024-04-14,13.9
R0393,PRJ438,2024-04-21,16.5
R0394,PRJ190,2024-03-03,36.9
R0394,PRJ190,2024-03-10,27.5
R0394,PRJ190,2024-03-17,34.6
R0394,PRJ190,2024-03-24,33.1
R0394,PRJ190,2024-03-31,29.3
R0394,PRJ190,2024-04-14,28.8
R0394,PRJ190,2024-04-21,19.2
R0394,PRJ190,2024-04-28,38.4
R0394,PRJ386,2024-03-03,23.2
R0394,PRJ386,2024-03-10,20.2
R0394,PRJ386,2024-03-17,26.0
R0394,PRJ386,2024-03-24,19.9
R0394,PRJ386,2024-03-31,23.6
R0394,PRJ386,2024-04-07,18.5
R0394,PRJ386,2024-04-14,19.2
R0394,PRJ386,2024-04-21,20.8
R0394,PRJ386,2024-04-28,17.5
R0395,PRJ051,2024-03-03,32.9
R0395,PRJ051,2024-03-10,29.7
R0395,PRJ051,2024-03-17,21.4
R0395,PRJ051,2024-03-24,34.5
R0395,PRJ051,2024-03-31,25.1
R0395,PRJ051,2024-04-07,25.5
R0395,PRJ051,2024-04-14,28.0
R0395,PRJ051,2024-04-21,31.2
R0395,PRJ051,2024-04-28,30.6
R0396,PRJ231,2024-03-10,41.1
R0396,PRJ231,2024-03-17,34.6
R0396,PRJ231,2024-03-24,25.8
R0396,PRJ231,2024-04-07,35.6
R0396,PRJ231,2024-04-14,34.1
R0396,PRJ231,2024-04-21,36.6
R0396,PRJ231,2024-04-28,30.8
R0396,PRJ502,2024-03-03,5.3
R0396,PRJ502,2024-03-10,5.4
R0396,PRJ502,2024-03-24,6.3
R0396,PRJ502,2024-03-31,6.6
R0396,PRJ502,2024-04-07,5.0
R0396,PRJ502,2024-04-14,6.5
R0396,PRJ502,2024-04-21,9.1
R0397,PRJ221,2024-03-10,18.3
R0397,PRJ221,2024-03-17,20.2
R0397,PRJ221,2024-03-31,21.3
R0397,PRJ221,2024-04-07,14.7
R0397,PRJ221,2024-04-14,22.0
R0397,PRJ221,2024-04-21,23.2
R0397,PRJ221,2024-04-28,24.1
R0398,PRJ022,2024-03-10,19.5
R0398,PRJ022,2024-03-17,25.2
R0398,PRJ022,2024-03-24,29.6
R0398,PRJ022,2024-04-07,20.4
R0398,PRJ022,2024-04-21,22.6
R0398,PRJ022,2024-04-28,30.6
R0398,PRJ057,2024-03-03,20.9
R0398,PRJ057,2024-03-10,23.8
R0398,PRJ057,2024-03-17,23.3
R0398,PRJ057,2024-03-24,18.4
R0398,PRJ057,2024-04-07,23.2
R0398,PRJ057,2024-04-14,22.2
R0398,PRJ057,2024-04-21,25.5
R0399,PRJ359,2024-03-03,41.0
R0399,PRJ359,2024-03-10,26.4
R0399,PRJ359,2024-03-17,34.1
R0399,PRJ359,2024-03-24,37.1
R0399,PRJ359,2024-03-31,45.8
R0399,PRJ359,2024-04-07,35.2
R0399,PRJ359,2024-04-14,29.9
R0399,PRJ359,2024-04-21,35.3
R0399,PRJ359,2024-04-28,43.9
R0400,PRJ024,2024-03-03,26.8
R0400,PRJ024,2024-03-10,26.5
R0400,PRJ024,2024-03-24,22.0
R0400,PRJ024,2024-03-31,26.3
R0400,PRJ024,2024-04-07,27.7
R0400,PRJ024,2024-04-14,24.3
R0400,PRJ024,2024-04-21,28.1
R0400,PRJ024,2024-04-28,24.7
R0400,PRJ524,2024-03-03,6.4
R0400,PRJ524,2024-03-10,5.5
R0400,PRJ524,2024-03-17,6.3
R0400,PRJ524,2024-03-24,6.9
R0400,PRJ524,2024-03-31,7.1
R0400,PRJ524,2024-04-07,6.4
R0400,PRJ524,2024-04-14,8.3
R0400,PRJ524,2024-04-21,8.4
R0400,PRJ524,2024-04-28,8.9
R0401,PRJ370,2024-03-03,29.9
R0401,PRJ370,2024-03-10,22.6
R0401,PRJ370,2024-03-17,27.3
R0402,PRJ103,2024-03-03,24.7
R0402,PRJ103,2024-03-10,26.1
R0402,PRJ103,2024-03-17,27.5
R0402,PRJ103,2024-03-24,20.9
R0402,PRJ103,2024-03-31,31.1
R0402,PRJ103,2024-04-07,24.1
R0402,PRJ103,2024-04-14,28.5
R0402,PRJ103,2024-04-21,20.2
R0402,PRJ103,2024-04-28,35.3
R0403,PRJ371,2024-03-03,18.1
R0403,PRJ371,2024-03-10,15.5
R0403,PRJ371,2024-03-17,11.8
R0403,PRJ371,2024-03-24,16.2
R0403,PRJ371,2024-04-07,17.1
R0403,PRJ371,2024-04-14,17.0
R0403,PRJ371,2024-04-21,20.8
R0403,PRJ371,2024-04-28,17.9
R0404,PRJ037,2024-03-10,33.0
R0404,PRJ037,2024-03-17,33.6
R0404,PRJ037,2024-03-24,27.1
R0404,PRJ037,2024-03-31,35.7
R0404,PRJ037,2024-04-07,30.2
R0404,PRJ037,2024-04-14,21.9
R0404,PRJ037,2024-04-21,19.5
R0404,PRJ037,2024-04-28,30.7
R0404,PRJ444,2024-03-03,33.8
R0404,PRJ444,2024-03-10,33.7
R0404,PRJ444,2024-03-17,35.8
R0404,PRJ444,2024-03-24,43.1
R0404,PRJ444,2024-03-31,34.0
R0404,PRJ444,2024-04-07,34.6
R0404,PRJ444,2024-04-14,31.6
R0404,PRJ444,2024-04-21,34.0
R0404,PRJ444,2024-04-28,37.1
R0404,PRJ623,2024-03-03,7.8
R0404,PRJ623,2024-03-10,8.6
R0404,PRJ623,2024-03-17,5.3
R0404,PRJ623,2024-03-24,8.1
R0404,PRJ623,2024-03-31,7.9
R0404,PRJ623,2024-04-07,5.6
R0404,PRJ623,2024-04-14,8.6
R0404,PRJ623,2024-04-21,5.8
R0404,PRJ623,2024-04-28,7.8
R0405,PRJ060,2024-03-03,15.0
R0405,PRJ060,2024-03-10,18.2
R0405,PRJ060,2024-03-17,23.1
R0405,PRJ060,2024-03-24,23.2
R0405,PRJ060,2024-03-31,20.7
R0405,PRJ060,2024-04-07,25.7
R0405,PRJ060,2024-04-14,23.0
R0405,PRJ060,2024-04-21,24.3
R0405,PRJ060,2024-04-28,20.8
R0406,PRJ201,2024-03-03,22.9
R0406,PRJ201,2024-03-10,22.8
R0406,PRJ201,2024-03-17,25.8
R0406,PRJ201,2024-03-24,23.6
R0406,PRJ201,2024-03-31,23.3
R0406,PRJ201,2024-04-07,27.2
R0406,PRJ166,2024-03-03,30.8
R0406,PRJ166,2024-03-10,32.9
R0406,PRJ166,2024-03-17,31.0
R0406,PRJ166,2024-03-24,24.4
R0406,PRJ166,2024-04-07,32.4
R0406,PRJ166,2024-04-14,25.8
R0406,PRJ166,2024-04-21,25.0
R0406,PRJ166,2024-04-28,24.8
R0407,PRJ130,2024-03-03,14.4
R0407,PRJ130,2024-03-10,11.9
R0407,PRJ130,2024-03-17,19.5
R0407,PRJ130,2024-03-24,18.0
R0407,PRJ130,2024-03-31,14.3
R0407,PRJ130,2024-04-14,16.6
R0407,PRJ130,2024-04-21,11.7
R0407,PRJ319,2024-03-03,16.7
R0407,PRJ319,2024-03-10,22.7
R0407,PRJ319,2024-03-17,24.3
R0407,PRJ319,2024-03-24,21.0
R0407,PRJ319,2024-04-07,23.3
R0407,PRJ319,2024-04-14,19.5
R0407,PRJ319,2024-04-21,22.9
R0407,PRJ319,2024-04-28,21.1
R0408,PRJ411,2024-03-03,21.2
R0408,PRJ411,2024-03-10,36.4
R0408,PRJ411,2024-03-17,29.6
R0408,PRJ411,2024-03-24,31.4
R0408,PRJ411,2024-03-31,34.9
R0408,PRJ411,2024-04-07,27.2
R0408,PRJ411,2024-04-14,37.2
R0408,PRJ411,2024-04-28,20.0
R0408,PRJ481,2024-03-03,3.0
R0408,PRJ481,2024-03-10,2.5
R0408,PRJ481,2024-03-17,3.6
R0408,PRJ481,2024-03-24,3.3
R0408,PRJ481,2024-03-31,3.5
R0408,PRJ481,2024-04-07,2.7
R0408,PRJ481,2024-04-14,3.6
R0408,PRJ481,2024-04-21,2.4
R0408,PRJ481,2024-04-28,2.7
R0409,PRJ060,2024-03-03,15.1
R0409,PRJ060,2024-03-10,15.8
R0409,PRJ060,2024-03-17,19.2
R0409,PRJ060,2024-03-24,20.5
R0409,PRJ060,2024-03-31,22.0
R0409,PRJ060,2024-04-07,18.3
R0409,PRJ060,2024-04-21,15.6
R0409,PRJ060,2024-04-28,19.4
R0410,PRJ334,2024-03-03,36.6
R0410,PRJ334,2024-03-10,36.2
R0410,PRJ334,2024-03-24,38.3
R0410,PRJ334,2024-04-07,38.8
R0410,PRJ334,2024-04-14,38.4
R0410,PRJ334,2024-04-21,16.5
R0410,PRJ334,2024-04-28,16.4
R0410,PRJ188,2024-03-03,30.7
R0410,PRJ188,2024-03-10,24.6
R0410,PRJ188,2024-03-17,24.3
R0410,PRJ188,2024-03-24,20.6
R0410,PRJ188,2024-03-31,22.4
R0410,PRJ188,2024-04-07,21.6
R0410,PRJ188,2024-04-14,27.4
R0411,PRJ131,2024-03-10,34.4
R0411,PRJ131,2024-03-17,26.5
R0411,PRJ131,2024-03-31,36.9
R0411,PRJ131,2024-04-07,30.5
R0411,PRJ131,2024-04-14,29.0
R0411,PRJ131,2024-04-21,31.3
R0411,PRJ239,2024-03-03,21.1
R0411,PRJ239,2024-03-10,15.1
R0411,PRJ239,2024-03-17,18.4
R0411,PRJ239,2024-03-24,18.3
R0411,PRJ239,2024-03-31,21.4
R0411,PRJ239,2024-04-07,16.0
R0411,PRJ239,2024-04-14,17.0
R0411,PRJ239,2024-04-21,16.8
R0412,PRJ021,2024-03-17,22.0
R0412,PRJ021,2024-03-24,24.1
R0412,PRJ021,2024-04-07,24.4
R0412,PRJ021,2024-04-14,27.7
R0412,PRJ021,2024-04-21,24.9
R0412,PRJ021,2024-04-28,23.0
R0412,PRJ491,2024-03-03,4.9
R0412,PRJ491,2024-03-10,5.5
R0412,PRJ491,2024-03-17,6.0
R0412,PRJ491,2024-03-24,5.0
R0412,PRJ491,2024-03-31,5.7
R0412,PRJ491,2024-04-07,6.7
R0412,PRJ491,2024-04-14,3.6
R0412,PRJ491,2024-04-28,4.6
R0413,PRJ427,2024-03-10,38.7
R0414,PRJ116,2024-03-03,20.0
R0414,PRJ116,2024-03-10,24.9
R0414,PRJ116,2024-03-17,23.4
R0414,PRJ116,2024-03-24,23.0
R0414,PRJ116,2024-03-31,27.0
R0414,PRJ116,2024-04-07,30.0
R0414,PRJ116,2024-04-14,30.1
R0414,PRJ116,2024-04-21,29.9
R0414,PRJ116,2024-04-28,23.9
R0415,PRJ159,2024-03-03,18.2
R0415,PRJ159,2024-03-10,17.0
R0415,PRJ159,2024-03-24,23.6
R0415,PRJ159,2024-03-31,22.0
R0415,PRJ159,2024-04-07,19.8
R0415,PRJ159,2024-04-14,21.8
R0415,PRJ159,2024-04-21,18.6
R0415,PRJ159,2024-04-28,30.3
R0416,PRJ296,2024-03-03,23.2
R0416,PRJ296,2024-03-10,26.7
R0416,PRJ296,2024-03-17,45.8
R0416,PRJ296,2024-03-24,31.1
R0416,PRJ296,2024-03-31,43.4
R0416,PRJ296,2024-04-07,38.3
R0416,PRJ296,2024-04-14,45.8
R0416,PRJ296,2024-04-21,37.9
R0416,PRJ296,2024-04-28,33.8
R0416,PRJ564,2024-03-03,5.9
R0416,PRJ564,2024-03-10,2.0
R0416,PRJ564,2024-03-17,1.8
R0416,PRJ564,2024-03-24,1.6
R0416,PRJ564,2024-03-31,2.2
R0416,PRJ564,2024-04-07,2.1
R0416,PRJ564,2024-04-14,1.6
R0416,PRJ564,2024-04-21,2.2
R0416,PRJ564,2024-04-28,1.9
R0417,PRJ391,2024-03-10,23.3
R0417,PRJ391,2024-03-17,20.1
R0417,PRJ391,2024-03-24,18.8
R0417,PRJ391,2024-03-31,24.1
R0417,PRJ283,2024-03-03,27.0
R0417,PRJ283,2024-03-10,37.0
R0417,PRJ283,2024-03-17,19.7
R0417,PRJ283,2024-03-24,33.2
R0417,PRJ283,2024-03-31,23.1
R0418,PRJ248,2024-03-17,20.4
R0418,PRJ248,2024-03-24,26.0
R0418,PRJ248,2024-03-31,30.2
R0418,PRJ248,2024-04-07,24.5
R0418,PRJ248,2024-04-14,28.6
R0418,PRJ248,2024-04-28,22.9
R0419,PRJ281,2024-03-10,31.1
R0419,PRJ281,2024-03-17,23.1
R0419,PRJ281,2024-03-24,26.8
R0419,PRJ281,2024-03-31,29.5
R0419,PRJ281,2024-04-07,27.6
R0419,PRJ281,2024-04-14,23.5
R0419,PRJ281,2024-04-21,31.1
R0419,PRJ281,2024-04-28,29.4
R0419,PRJ407,2024-03-03,35.3
R0419,PRJ407,2024-03-10,40.9
R0419,PRJ407,2024-03-17,38.9
R0419,PRJ407,2024-03-24,22.6
R0419,PRJ407,2024-03-31,35.4
R0419,PRJ407,2024-04-14,31.8
R0419,PRJ407,2024-04-28,25.2
R0420,PRJ445,2024-03-10,34.4
R0420,PRJ445,2024-03-17,30.9
R0420,PRJ445,2024-03-24,28.8
R0420,PRJ445,2024-04-14,27.8
R0420,PRJ445,2024-04-21,32.5
R0420,PRJ445,2024-04-28,33.3
R0420,PRJ563,2024-03-03,5.2
R0420,PRJ563,2024-03-10,6.3
R0420,PRJ563,2024-03-17,4.9
R0420,PRJ563,2024-03-24,5.1
R0420,PRJ563,2024-03-31,4.2
R0420,PRJ563,2024-04-07,5.6
R0420,PRJ563,2024-04-14,5.7
R0420,PRJ563,2024-04-21,6.0
R0420,PRJ563,2024-04-28,5.8
R0421,PRJ174,2024-03-03,32.8
R0421,PRJ174,2024-03-10,29.3
R0421,PRJ174,2024-03-24,30.7
R0421,PRJ174,2024-03-31,34.9
R0421,PRJ174,2024-04-07,26.1
R0421,PRJ174,2024-04-28,33.6
R0422,PRJ167,2024-03-10,23.2
R0422,PRJ167,2024-03-17,24.4
R0422,PRJ167,2024-03-24,18.3
R0422,PRJ167,2024-03-31,22.7
R0422,PRJ167,2024-04-07,16.9
R0422,PRJ167,2024-04-14,21.0
R0422,PRJ167,2024-04-21,22.1
R0422,PRJ167,2024-04-28,21.6
R0422,PRJ389,2024-03-03,42.6
R0422,PRJ389,2024-03-17,38.1
R0422,PRJ389,2024-03-24,31.9
R0422,PRJ389,2024-03-31,25.9
R0422,PRJ389,2024-04-07,26.6
R0422,PRJ389,2024-04-14,28.3
R0422,PRJ389,2024-04-21,35.6
R0423,PRJ078,2024-03-10,37.7
R0423,PRJ078,2024-03-17,32.1
R0423,PRJ078,2024-03-24,36.9
R0423,PRJ078,2024-03-31,28.3
R0423,PRJ078,2024-04-07,30.8
R0423,PRJ078,2024-04-14,31.8
R0423,PRJ078,2024-04-21,34.4
R0424,PRJ385,2024-03-03,20.8
R0425,PRJ190,2024-03-24,28.8
R0425,PRJ190,2024-03-31,23.5
R0425,PRJ190,2024-04-07,13.3
R0425,PRJ190,2024-04-14,15.7
R0425,PRJ190,2024-04-21,17.5
R0425,PRJ190,2024-04-28,18.1
R0425,PRJ342,2024-03-03,26.0
R0425,PRJ342,2024-03-17,33.0
R0425,PRJ342,2024-03-24,34.3
R0425,PRJ342,2024-03-31,28.9
R0425,PRJ342,2024-04-07,21.5
R0425,PRJ342,2024-04-14,33.5
R0425,PRJ342,2024-04-21,18.7
R0425,PRJ342,2024-04-28,25.9
R0426,PRJ032,2024-03-03,22.6
R0426,PRJ032,2024-03-10,13.4
R0426,PRJ032,2024-03-24,11.5
R0426,PRJ032,2024-03-31,14.0
R0426,PRJ032,2024-04-14,14.1
R0426,PRJ032,2024-04-28,15.0
R0426,PRJ434,2024-03-03,19.9
R0426,PRJ434,2024-03-10,22.5
R0426,PRJ434,2024-03-17,19.7
R0426,PRJ434,2024-03-24,21.6
R0426,PRJ434,2024-03-31,18.6
R0426,PRJ434,2024-04-07,20.2
R0426,PRJ434,2024-04-14,14.5
R0426,PRJ434,2024-04-21,18.8
R0426,PRJ434,2024-04-28,20.5
R0427,PRJ347,2024-03-03,17.3
R0427,PRJ347,2024-03-10,16.1
R0427,PRJ347,2024-03-17,15.0
R0427,PRJ347,2024-03-24,17.8
R0427,PRJ347,2024-03-31,17.2
R0427,PRJ347,2024-04-07,18.3
R0427,PRJ347,2024-04-14,15.7
R0427,PRJ347,2024-04-21,19.0
R0427,PRJ347,2024-04-28,14.6
R0428,PRJ114,2024-03-10,27.1
R0428,PRJ114,2024-03-17,41.0
R0428,PRJ114,2024-03-24,29.1
R0428,PRJ114,2024-03-31,35.2
R0428,PRJ114,2024-04-07,33.1
R0428,PRJ114,2024-04-14,41.1
R0428,PRJ114,2024-04-21,37.7
R0428,PRJ246,2024-03-03,24.2
R0428,PRJ246,2024-03-10,25.7
R0428,PRJ246,2024-03-17,29.8
R0428,PRJ246,2024-03-24,21.3
R0428,PRJ246,2024-03-31,32.1
R0428,PRJ246,2024-04-07,19.5
R0428,PRJ246,2024-04-14,19.3
R0428,PRJ246,2024-04-21,26.7
R0428,PRJ246,2024-04-28,29.6
R0428,PRJ498,2024-03-03,3.6
R0428,PRJ498,2024-03-10,3.5
R0428,PRJ498,2024-03-17,3.5
R0428,PRJ498,2024-03-31,4.0
R0428,PRJ498,2024-04-07,2.6
R0428,PRJ498,2024-04-14,2.9
R0428,PRJ498,2024-04-21,2.9
R0428,PRJ498,2024-04-28,9.3
R0429,PRJ241,2024-03-10,37.1
R0429,PRJ241,2024-03-17,32.6
R0429,PRJ241,2024-03-24,32.8
R0429,PRJ241,2024-03-31,34.4
R0429,PRJ241,2024-04-07,36.8
R0429,PRJ241,2024-04-14,35.2
R0430,PRJ075,2024-03-03,19.2
R0430,PRJ075,2024-03-10,14.8
R0430,PRJ075,2024-03-17,11.6
R0430,PRJ075,2024-03-24,16.2
R0430,PRJ075,2024-03-31,18.9
R0430,PRJ075,2024-04-07,14.6
R0430,PRJ338,2024-03-03,20.4
R0430,PRJ338,2024-03-10,28.4
R0430,PRJ338,2024-03-17,24.7
R0430,PRJ338,2024-03-24,21.6
R0430,PRJ338,2024-03-31,29.2
R0430,PRJ338,2024-04-07,22.1
R0430,PRJ338,2024-04-14,28.8
R0430,PRJ338,2024-04-21,27.1
R0431,PRJ079,2024-03-03,26.1
R0431,PRJ079,2024-03-10,28.1
R0431,PRJ079,2024-03-17,29.5
R0431,PRJ079,2024-03-24,25.1
R0431,PRJ079,2024-03-31,23.0
R0431,PRJ079,2024-04-07,20.6
R0431,PRJ079,2024-04-14,28.4
R0431,PRJ079,2024-04-21,27.0
R0432,PRJ056,2024-03-03,35.6
R0432,PRJ056,2024-03-10,31.8
R0432,PRJ056,2024-03-17,35.5
R0432,PRJ056,2024-03-24,34.2
R0432,PRJ056,2024-04-07,29.5
R0432,PRJ056,2024-04-14,33.8
R0432,PRJ056,2024-04-21,28.4
R0432,PRJ056,2024-04-28,31.4
R0432,PRJ566,2024-03-03,5.7
R0432,PRJ566,2024-03-10,4.6
R0432,PRJ566,2024-03-17,4.3
R0432,PRJ566,2024-03-24,4.5
R0432,PRJ566,2024-03-31,4.4
R0432,PRJ566,2024-04-07,4.7
R0432,PRJ566,2024-04-28,4.6
R0433,PRJ025,2024-03-03,20.7
R0433,PRJ025,2024-03-10,23.0
R0433,PRJ025,2024-03-17,20.0
R0433,PRJ025,2024-03-24,20.4
R0433,PRJ025,2024-03-31,22.5
R0433,PRJ025,2024-04-07,22.8
R0433,PRJ025,2024-04-21,15.1
R0433,PRJ025,2024-04-28,16.7
R0434,PRJ020,2024-03-03,26.3
R0434,PRJ020,2024-03-10,26.9
R0434,PRJ020,2024-03-17,29.6
R0434,PRJ020,2024-03-24,25.3
R0434,PRJ020,2024-03-31,29.1
R0434,PRJ020,2024-04-07,31.9
R0434,PRJ045,2024-03-03,25.2
R0434,PRJ045,2024-03-10,23.4
R0434,PRJ045,2024-03-17,34.9
R0434,PRJ045,2024-03-24,35.0
R0434,PRJ045,2024-03-31,27.4
R0434,PRJ045,2024-04-07,28.1
R0434,PRJ045,2024-04-21,26.0
R0434,PRJ045,2024-04-28,29.4
R0435,PRJ432,2024-03-03,14.2
R0435,PRJ432,2024-03-10,15.7
R0435,PRJ432,2024-03-17,15.0
R0435,PRJ432,2024-03-24,16.8
R0435,PRJ432,2024-03-31,22.4
R0435,PRJ432,2024-04-07,20.3
R0435,PRJ432,2024-04-14,15.5
R0435,PRJ432,2024-04-21,16.0
R0435,PRJ432,2024-04-28,21.8
R0436,PRJ342,2024-03-03,33.5
R0436,PRJ342,2024-03-10,42.1
R0437,PRJ041,2024-03-03,39.7
R0437,PRJ041,2024-03-10,27.8
R0437,PRJ041,2024-03-17,29.5
R0437,PRJ041,2024-03-24,33.2
R0437,PRJ041,2024-03-31,30.4
R0437,PRJ041,2024-04-07,24.8
R0437,PRJ041,2024-04-14,41.3
R0437,PRJ041,2024-04-21,28.1
R0437,PRJ041,2024-04-28,33.0
R0438,PRJ187,2024-03-03,20.6
R0438,PRJ187,2024-03-10,12.5
R0438,PRJ187,2024-03-17,15.8
R0438,PRJ187,2024-03-24,15.1
R0438,PRJ187,2024-03-31,16.8
R0438,PRJ187,2024-04-07,16.6
R0438,PRJ187,2024-04-14,16.4
R0438,PRJ187,2024-04-21,18.0
R0438,PRJ187,2024-04-28,17.9
R0439,PRJ350,2024-03-03,30.2
R0439,PRJ350,2024-03-10,30.0
R0439,PRJ350,2024-03-17,36.3
R0439,PRJ350,2024-03-24,34.0
R0439,PRJ350,2024-03-31,34.9
R0439,PRJ350,2024-04-07,33.3
R0439,PRJ350,2024-04-14,30.8
R0439,PRJ350,2024-04-21,36.0
R0439,PRJ350,2024-04-28,29.3
R0440,PRJ026,2024-03-03,39.2
R0440,PRJ026,2024-03-10,38.7
R0440,PRJ026,2024-03-17,39.5
R0440,PRJ026,2024-03-24,31.0
R0440,PRJ026,2024-03-31,28.4
R0440,PRJ026,2024-04-07,36.5
R0440,PRJ026,2024-04-14,18.3
R0440,PRJ026,2024-04-21,20.5
R0440,PRJ624,2024-03-03,8.0
R0440,PRJ624,2024-03-10,6.3
R0440,PRJ624,2024-03-24,8.1
R0440,PRJ624,2024-03-31,6.5
R0440,PRJ624,2024-04-07,5.9
R0440,PRJ624,2024-04-14,7.3
R0440,PRJ624,2024-04-21,7.3
R0440,PRJ624,2024-04-28,7.0
R0441,PRJ248,2024-03-03,25.2
R0441,PRJ248,2024-03-10,24.3
R0441,PRJ248,2024-03-17,29.3
R0441,PRJ248,2024-03-24,31.7
R0441,PRJ248,2024-03-31,37.8
R0441,PRJ248,2024-04-07,36.0
R0441,PRJ248,2024-04-14,40.6
R0441,PRJ248,2024-04-21,35.3
R0441,PRJ248,2024-04-28,35.2
R0442,PRJ434,2024-03-03,20.4
R0442,PRJ434,2024-03-10,21.3
R0442,PRJ434,2024-03-17,20.3
R0442,PRJ434,2024-03-31,22.5
R0442,PRJ434,2024-04-07,21.0
R0442,PRJ434,2024-04-14,14.0
R0442,PRJ434,2024-04-21,19.5
R0442,PRJ434,2024-04-28,21.8
R0442,PRJ309,2024-03-17,20.9
R0442,PRJ309,2024-03-24,30.2
R0442,PRJ309,2024-03-31,29.2
R0442,PRJ309,2024-04-07,23.2
R0442,PRJ309,2024-04-14,26.1
R0443,PRJ181,2024-03-17,23.2
R0443,PRJ181,2024-03-24,21.2
R0443,PRJ181,2024-03-31,19.1
R0443,PRJ181,2024-04-07,17.1
R0443,PRJ181,2024-04-14,18.1
R0443,PRJ181,2024-04-21,11.3
R0444,PRJ090,2024-03-03,22.1
R0444,PRJ090,2024-03-10,20.2
R0444,PRJ090,2024-03-17,20.9
R0444,PRJ090,2024-03-24,22.6
R0444,PRJ090,2024-03-31,21.9
R0444,PRJ090,2024-04-07,20.8
R0444,PRJ090,2024-04-14,21.4
R0444,PRJ090,2024-04-21,18.1
R0444,PRJ476,2024-03-03,2.2
R0444,PRJ476,2024-03-10,2.8
R0444,PRJ476,2024-03-17,2.3
R0444,PRJ476,2024-03-24,3.2
R0444,PRJ476,2024-04-07,3.5
R0444,PRJ476,2024-04-14,2.2
R0444,PRJ476,2024-04-21,2.6
R0444,PRJ476,2024-04-28,9.1
R0445,PRJ045,2024-03-03,16.3
R0445,PRJ045,2024-03-10,19.6
R0445,PRJ045,2024-03-17,26.1
R0445,PRJ045,2024-03-24,24.2
R0445,PRJ045,2024-04-07,19.7
R0445,PRJ045,2024-04-14,23.6
R0445,PRJ045,2024-04-21,20.4
R0445,PRJ045,2024-04-28,16.8
R0445,PRJ332,2024-03-03,20.4
R0445,PRJ332,2024-03-10,20.8
R0445,PRJ332,2024-03-17,17.4
R0445,PRJ332,2024-03-24,13.3
R0445,PRJ332,2024-03-31,20.1
R0445,PRJ332,2024-04-07,15.9
R0445,PRJ332,2024-04-14,16.2
R0445,PRJ332,2024-04-21,19.7
R0445,PRJ332,2024-04-28,19.3
R0446,PRJ344,2024-03-03,32.8
R0446,PRJ344,2024-03-10,36.0
R0446,PRJ344,2024-03-17,27.2
R0446,PRJ344,2024-03-24,34.3
R0446,PRJ344,2024-03-31,40.0
R0446,PRJ344,2024-04-07,33.8
R0446,PRJ344,2024-04-14,36.9
R0446,PRJ344,2024-04-21,25.0
R0446,PRJ344,2024-04-28,36.7
R0446,PRJ139,2024-03-03,16.0
R0446,PRJ139,2024-03-10,19.2
R0446,PRJ139,2024-03-17,15.1
R0446,PRJ139,2024-03-24,20.8
R0446,PRJ139,2024-03-31,20.1
R0446,PRJ139,2024-04-07,19.2
R0446,PRJ139,2024-04-14,21.5
R0446,PRJ139,2024-04-21,20.4
R0446,PRJ139,2024-04-28,15.0
R0447,PRJ031,2024-03-03,18.2
R0447,PRJ031,2024-03-10,17.4
R0447,PRJ031,2024-03-17,14.1
R0447,PRJ031,2024-03-31,18.7
R0447,PRJ031,2024-04-14,20.8
R0447,PRJ031,2024-04-21,13.9
R0447,PRJ031,2024-04-28,13.4
R0448,PRJ449,2024-03-03,32.5
R0448,PRJ449,2024-03-10,34.4
R0449,PRJ361,2024-03-03,31.9
R0449,PRJ361,2024-03-17,29.5
R0449,PRJ361,2024-03-24,31.3
R0449,PRJ361,2024-03-31,26.1
R0449,PRJ361,2024-04-07,27.4
R0449,PRJ361,2024-04-14,36.9
R0449,PRJ361,2024-04-21,17.3
R0449,PRJ361,2024-04-28,33.4
R0450,PRJ347,2024-03-03,40.1
R0450,PRJ347,2024-03-10,28.0
R0450,PRJ347,2024-03-17,45.5
R0450,PRJ347,2024-03-24,34.6
R0450,PRJ347,2024-03-31,40.8
R0450,PRJ347,2024-04-07,36.1
R0450,PRJ347,2024-04-14,26.1
R0450,PRJ347,2024-04-21,33.3
R0450,PRJ347,2024-04-28,31.2
R0450,PRJ293,2024-03-03,41.0
R0450,PRJ293,2024-03-10,36.7
R0450,PRJ293,2024-03-17,29.6
R0450,PRJ293,2024-03-24,41.4
R0450,PRJ293,2024-03-31,31.8
R0450,PRJ293,2024-04-07,36.4
R0450,PRJ293,2024-04-14,38.5
R0450,PRJ293,2024-04-21,39.5
R0451,PRJ186,2024-03-03,23.3
R0451,PRJ186,2024-03-10,18.8
R0451,PRJ186,2024-03-17,20.2
R0451,PRJ186,2024-03-24,18.7
R0451,PRJ186,2024-03-31,24.0
R0451,PRJ186,2024-04-07,23.5
R0451,PRJ186,2024-04-14,19.2
R0451,PRJ186,2024-04-21,24.5
R0451,PRJ186,2024-04-28,24.5
R0451,PRJ408,2024-03-10,37.0
R0451,PRJ408,2024-03-17,33.7
R0451,PRJ408,2024-03-24,34.1
R0451,PRJ408,2024-04-07,37.6
R0451,PRJ408,2024-04-14,28.7
R0451,PRJ408,2024-04-21,29.3
R0451,PRJ408,2024-04-28,25.9
R0452,PRJ069,2024-03-03,14.6
R0452,PRJ069,2024-03-10,13.9
R0452,PRJ069,2024-03-17,17.1
R0452,PRJ069,2024-03-24,16.4
R0452,PRJ069,2024-03-31,16.6
R0452,PRJ069,2024-04-07,16.2
R0452,PRJ069,2024-04-14,15.1
R0452,PRJ069,2024-04-21,14.1
R0452,PRJ069,2024-04-28,15.8
R0452,PRJ504,2024-03-03,2.0
R0452,PRJ504,2024-03-10,2.1
R0452,PRJ504,2024-03-17,2.2
R0452,PRJ504,2024-03-24,2.4
R0452,PRJ504,2024-03-31,2.0
R0452,PRJ504,2024-04-07,2.1
R0452,PRJ504,2024-04-14,1.5
R0452,PRJ504,2024-04-21,1.9
R0452,PRJ504,2024-04-28,1.8
R0453,PRJ062,2024-03-03,33.7
R0453,PRJ062,2024-03-10,40.5
R0453,PRJ062,2024-03-17,32.8
R0453,PRJ062,2024-03-24,39.9
R0453,PRJ062,2024-03-31,31.9
R0453,PRJ062,2024-04-07,40.3
R0453,PRJ062,2024-04-14,25.3
R0453,PRJ062,2024-04-21,35.0
R0453,PRJ062,2024-04-28,33.9
R0454,PRJ307,2024-03-03,33.7
R0454,PRJ307,2024-03-10,30.1
R0454,PRJ307,2024-03-17,27.4
R0454,PRJ307,2024-03-24,28.0
R0454,PRJ307,2024-04-07,33.2
R0454,PRJ307,2024-04-14,28.0
R0454,PRJ220,2024-03-03,30.7
R0454,PRJ220,2024-03-10,37.1
R0454,PRJ220,2024-03-17,31.5
R0454,PRJ220,2024-03-24,41.5
R0454,PRJ220,2024-03-31,23.1
R0454,PRJ220,2024-04-07,29.0
R0454,PRJ220,2024-04-14,28.5
R0454,PRJ220,2024-04-21,32.5
R0454,PRJ220,2024-04-28,39.4
R0455,PRJ429,2024-03-17,19.3
R0455,PRJ429,2024-03-24,17.5
R0455,PRJ429,2024-03-31,15.2
R0455,PRJ429,2024-04-07,13.8
R0455,PRJ429,2024-04-14,16.7
R0455,PRJ429,2024-04-21,17.0
R0455,PRJ429,2024-04-28,18.0
R0456,PRJ434,2024-03-03,15.3
R0456,PRJ434,2024-03-10,17.1
R0456,PRJ434,2024-03-17,15.4
R0456,PRJ434,2024-03-24,14.2
R0456,PRJ434,2024-04-07,14.3
R0456,PRJ434,2024-04-14,13.6
R0456,PRJ434,2024-04-21,13.3
R0456,PRJ434,2024-04-28,19.1
R0456,PRJ581,2024-03-03,9.0
R0456,PRJ581,2024-03-10,6.7
R0456,PRJ581,2024-03-17,8.5
R0456,PRJ581,2024-03-24,6.4
R0456,PRJ581,2024-03-31,5.4
R0456,PRJ581,2024-04-14,7.4
R0456,PRJ581,2024-04-28,8.1
R0457,PRJ076,2024-03-03,39.2
R0457,PRJ076,2024-03-10,35.1
R0457,PRJ076,2024-03-17,28.5
R0457,PRJ076,2024-03-24,42.5
R0457,PRJ076,2024-03-31,34.7
R0457,PRJ076,2024-04-07,41.1
R0457,PRJ076,2024-04-14,34.6
R0457,PRJ076,2024-04-21,33.7
R0457,PRJ076,2024-04-28,40.0
R0458,PRJ172,2024-03-03,12.6
R0458,PRJ172,2024-03-10,21.5
R0458,PRJ172,2024-03-17,21.3
R0458,PRJ172,2024-03-24,19.5
R0458,PRJ172,2024-03-31,20.7
R0458,PRJ172,2024-04-07,27.1
R0458,PRJ172,2024-04-14,14.0
R0458,PRJ172,2024-04-21,18.5
R0458,PRJ172,2024-04-28,19.0
R0459,PRJ389,2024-03-03,26.6
R0460,PRJ355,2024-03-03,24.2
R0460,PRJ355,2024-03-10,25.3
R0460,PRJ355,2024-03-17,24.4
R0460,PRJ355,2024-03-24,19.5
R0460,PRJ355,2024-03-31,25.8
R0460,PRJ355,2024-04-07,22.3
R0460,PRJ355,2024-04-14,18.5
R0460,PRJ355,2024-04-21,14.9
R0460,PRJ355,2024-04-28,16.0
R0460,PRJ521,2024-03-03,5.0
R0460,PRJ521,2024-03-17,4.6
R0460,PRJ521,2024-03-31,4.2
R0460,PRJ521,2024-04-07,3.5
R0460,PRJ521,2024-04-14,5.6
R0460,PRJ521,2024-04-21,2.1
R0460,PRJ521,2024-04-28,1.6
R0461,PRJ307,2024-03-03,18.0
R0461,PRJ307,2024-03-10,15.6
R0461,PRJ307,2024-03-17,19.3
R0461,PRJ307,2024-03-24,15.2
R0461,PRJ307,2024-03-31,15.8
R0461,PRJ307,2024-04-07,16.3
R0461,PRJ307,2024-04-14,14.2
R0461,PRJ307,2024-04-21,21.3
R0461,PRJ307,2024-04-28,16.5
R0461,PRJ002,2024-03-10,23.1
R0461,PRJ002,2024-03-17,34.9
R0461,PRJ002,2024-03-24,30.5
R0461,PRJ002,2024-03-31,31.8
R0461,PRJ002,2024-04-07,31.4
R0461,PRJ002,2024-04-14,28.2
R0461,PRJ002,2024-04-21,28.0
R0461,PRJ002,2024-04-28,29.7
R0462,PRJ083,2024-03-10,21.2
R0462,PRJ083,2024-03-17,18.7
R0462,PRJ083,2024-03-31,16.4
R0462,PRJ083,2024-04-07,23.3
R0463,PRJ185,2024-03-03,29.6
R0463,PRJ185,2024-03-10,12.0
R0463,PRJ185,2024-03-17,25.9
R0463,PRJ185,2024-03-24,26.5
R0463,PRJ185,2024-04-07,23.2
R0463,PRJ185,2024-04-14,22.6
R0464,PRJ436,2024-03-03,21.9
R0464,PRJ436,2024-03-10,17.8
R0464,PRJ436,2024-03-17,25.5
R0464,PRJ436,2024-03-24,25.5
R0464,PRJ436,2024-03-31,33.0
R0464,PRJ436,2024-04-07,23.5
R0464,PRJ436,2024-04-14,32.0
R0464,PRJ436,2024-04-21,24.9
R0464,PRJ341,2024-03-03,19.2
R0464,PRJ341,2024-03-10,21.7
R0464,PRJ341,2024-03-17,25.3
R0464,PRJ341,2024-03-24,16.3
R0464,PRJ341,2024-03-31,18.5
R0464,PRJ341,2024-04-14,16.0
R0464,PRJ341,2024-04-21,20.7
R0464,PRJ341,2024-04-28,22.9
R0464,PRJ525,2024-03-03,2.9
R0464,PRJ525,2024-03-10,2.9
R0464,PRJ525,2024-03-17,3.3
R0464,PRJ525,2024-03-24,3.2
R0464,PRJ525,2024-03-31,2.8
R0464,PRJ525,2024-04-07,3.5
R0464,PRJ525,2024-04-14,7.3
R0464,PRJ525,2024-04-21,8.9
R0464,PRJ525,2024-04-28,5.6
R0465,PRJ132,2024-03-03,15.4
R0465,PRJ132,2024-03-10,17.1
R0465,PRJ132,2024-03-17,15.2
R0465,PRJ132,2024-03-24,20.1
R0465,PRJ132,2024-03-31,18.8
R0465,PRJ132,2024-04-07,17.0
R0465,PRJ132,2024-04-21,19.6
R0465,PRJ132,2024-04-28,17.2
R0466,PRJ342,2024-03-03,27.3
R0466,PRJ342,2024-03-10,36.5
R0466,PRJ342,2024-03-17,44.0
R0466,PRJ342,2024-03-31,39.3
R0466,PRJ342,2024-04-07,33.5
R0466,PRJ342,2024-04-14,33.8
R0466,PRJ342,2024-04-21,32.6
R0466,PRJ342,2024-04-28,32.3
R0466,PRJ146,2024-03-03,31.6
R0466,PRJ146,2024-03-10,35.9
R0466,PRJ146,2024-03-17,26.4
R0466,PRJ146,2024-03-24,26.2
R0466,PRJ146,2024-03-31,28.2
R0466,PRJ146,2024-04-14,21.8
R0466,PRJ146,2024-04-21,28.1
R0466,PRJ146,2024-04-28,21.8
R0467,PRJ275,2024-03-03,24.8
R0467,PRJ275,2024-03-10,21.9
R0467,PRJ275,2024-03-17,24.5
R0467,PRJ275,2024-03-24,28.3
R0467,PRJ275,2024-03-31,23.3
R0467,PRJ275,2024-04-07,24.4
R0467,PRJ275,2024-04-14,29.7
R0467,PRJ275,2024-04-21,20.1
R0467,PRJ275,2024-04-28,18.2
R0467,PRJ338,2024-03-03,31.5
R0467,PRJ338,2024-03-10,29.4
R0467,PRJ338,2024-03-17,34.7
R0467,PRJ338,2024-03-24,26.0
R0467,PRJ338,2024-03-31,30.5
R0467,PRJ338,2024-04-07,25.5
R0467,PRJ338,2024-04-14,25.6
R0467,PRJ338,2024-04-21,20.6
R0468,PRJ222,2024-03-03,26.8
R0468,PRJ222,2024-03-10,26.9
R0468,PRJ222,2024-03-17,25.3
R0468,PRJ222,2024-03-24,33.1
R0468,PRJ222,2024-03-31,31.2
R0468,PRJ222,2024-04-07,28.6
R0468,PRJ222,2024-04-14,30.9
R0468,PRJ222,2024-04-21,36.8
R0468,PRJ222,2024-04-28,36.3
R0468,PRJ008,2024-03-10,27.6
R0468,PRJ008,2024-03-17,29.1
R0468,PRJ008,2024-03-24,33.0
R0468,PRJ008,2024-03-31,29.2
R0468,PRJ008,2024-04-07,33.8
R0468,PRJ461,2024-03-03,5.9
R0468,PRJ461,2024-03-10,7.8
R0468,PRJ461,2024-03-17,6.2
R0468,PRJ461,2024-03-24,7.1
R0468,PRJ461,2024-03-31,6.5
R0468,PRJ461,2024-04-07,7.8
R0468,PRJ461,2024-04-14,6.0
R0468,PRJ461,2024-04-21,8.0
R0468,PRJ461,2024-04-28,7.2
R0469,PRJ307,2024-03-03,27.2
R0469,PRJ307,2024-03-10,25.7
R0469,PRJ307,2024-03-17,26.4
R0469,PRJ307,2024-03-24,33.3
R0469,PRJ307,2024-04-07,28.8
R0469,PRJ307,2024-04-14,31.0
R0469,PRJ307,2024-04-21,29.5
R0469,PRJ307,2024-04-28,31.6
R0470,PRJ037,2024-03-03,16.1
R0470,PRJ037,2024-03-10,22.3
R0470,PRJ037,2024-03-17,18.8
R0470,PRJ037,2024-03-24,23.8
R0470,PRJ037,2024-04-07,22.7
R0470,PRJ037,2024-04-14,20.4
R0470,PRJ037,2024-04-21,20.2
R0470,PRJ037,2024-04-28,22.6
R0471,PRJ155,2024-03-03,27.4
R0472,PRJ420,2024-03-03,31.7
R0472,PRJ420,2024-03-10,18.8
R0472,PRJ420,2024-03-17,23.9
R0472,PRJ420,2024-03-24,23.0
R0472,PRJ420,2024-03-31,29.4
R0472,PRJ420,2024-04-07,24.8
R0472,PRJ420,2024-04-21,28.8
R0472,PRJ584,2024-03-03,4.2
R0472,PRJ584,2024-03-10,4.6
R0472,PRJ584,2024-03-17,3.5
R0472,PRJ584,2024-03-24,4.2
R0472,PRJ584,2024-03-31,4.4
R0472,PRJ584,2024-04-07,4.7
R0473,PRJ186,2024-03-03,20.9
R0473,PRJ186,2024-03-10,22.2
R0473,PRJ186,2024-03-17,21.8
R0473,PRJ186,2024-03-24,23.8
R0473,PRJ186,2024-03-31,23.8
R0473,PRJ186,2024-04-07,20.8
R0473,PRJ186,2024-04-14,21.7
R0473,PRJ186,2024-04-21,16.2
R0473,PRJ186,2024-04-28,13.8
R0473,PRJ377,2024-03-03,37.9
R0473,PRJ377,2024-03-10,37.7
R0473,PRJ377,2024-03-17,30.8
R0473,PRJ377,2024-03-24,38.3
R0473,PRJ377,2024-03-31,46.3
R0473,PRJ377,2024-04-07,32.1
R0473,PRJ377,2024-04-14,30.8
R0473,PRJ377,2024-04-21,20.3
R0473,PRJ377,2024-04-28,39.9
R0474,PRJ278,2024-03-03,33.8
R0474,PRJ278,2024-03-10,40.7
R0474,PRJ278,2024-03-24,23.6
R0474,PRJ278,2024-03-31,37.5
R0474,PRJ278,2024-04-14,38.8
R0474,PRJ278,2024-04-28,30.7
R0474,PRJ375,2024-03-03,25.3
R0474,PRJ375,2024-03-10,25.4
R0474,PRJ375,2024-03-31,24.9
R0474,PRJ375,2024-04-07,30.7
R0474,PRJ375,2024-04-14,30.7
R0474,PRJ375,2024-04-21,25.0
R0474,PRJ375,2024-04-28,24.7
R0475,PRJ336,2024-03-03,28.1
R0475,PRJ336,2024-03-10,26.2
R0475,PRJ336,2024-03-17,30.6
R0475,PRJ336,2024-03-24,26.0
R0475,PRJ336,2024-04-14,29.6
R0475,PRJ336,2024-04-21,36.4
R0476,PRJ071,2024-03-03,25.3
R0476,PRJ071,2024-03-10,22.7
R0476,PRJ071,2024-03-17,23.3
R0476,PRJ071,2024-03-24,20.9
R0476,PRJ071,2024-03-31,23.2
R0476,PRJ071,2024-04-07,21.8
R0476,PRJ071,2024-04-14,29.3
R0476,PRJ071,2024-04-21,18.7
R0476,PRJ071,2024-04-28,27.5
R0476,PRJ395,2024-03-03,26.9
R0476,PRJ395,2024-03-10,33.5
R0476,PRJ395,2024-03-17,30.1
R0476,PRJ395,2024-03-24,34.4
R0476,PRJ395,2024-03-31,25.1
R0476,PRJ395,2024-04-07,28.1
R0476,PRJ395,2024-04-14,29.3
R0476,PRJ642,2024-03-03,4.8
R0476,PRJ642,2024-03-10,5.5
R0476,PRJ642,2024-03-17,4.7
R0476,PRJ642,2024-03-24,5.0
R0476,PRJ642,2024-03-31,5.6
R0476,PRJ642,2024-04-07,1.8
R0476,PRJ642,2024-04-14,1.9
R0476,PRJ642,2024-04-21,2.5
R0476,PRJ642,2024-04-28,1.8
R0477,PRJ238,2024-03-03,31.1
R0477,PRJ238,2024-03-10,34.1
R0477,PRJ238,2024-03-17,35.0
R0477,PRJ238,2024-03-24,27.7
R0477,PRJ238,2024-03-31,25.3
R0477,PRJ238,2024-04-14,40.5
R0477,PRJ238,2024-04-21,32.2
R0477,PRJ238,2024-04-28,37.1
R0477,PRJ164,2024-03-17,35.4
R0477,PRJ164,2024-03-24,28.2
R0477,PRJ164,2024-03-31,41.0
R0477,PRJ164,2024-04-07,33.6
R0477,PRJ164,2024-04-14,41.0
R0477,PRJ164,2024-04-21,43.2
R0477,PRJ164,2024-04-28,32.0
R0478,PRJ017,2024-03-03,26.0
R0478,PRJ017,2024-03-10,28.7
R0478,PRJ017,2024-03-24,14.0
R0478,PRJ017,2024-03-31,26.7
R0478,PRJ017,2024-04-07,19.9
R0478,PRJ017,2024-04-14,26.7
R0478,PRJ017,2024-04-21,26.9
R0478,PRJ017,2024-04-28,17.3
R0479,PRJ301,2024-03-03,17.3
R0479,PRJ301,2024-03-10,20.7
R0479,PRJ301,2024-03-17,23.7
R0479,PRJ301,2024-03-24,21.9
R0479,PRJ301,2024-03-31,22.6
R0479,PRJ301,2024-04-07,20.2
R0479,PRJ301,2024-04-14,21.5
R0479,PRJ301,2024-04-21,17.8
R0479,PRJ301,2024-04-28,24.4
R0480,PRJ248,2024-03-03,31.9
R0480,PRJ248,2024-03-10,31.3
R0480,PRJ248,2024-03-17,32.9
R0480,PRJ248,2024-03-24,26.8
R0480,PRJ248,2024-03-31,31.7
R0480,PRJ172,2024-03-10,23.0
R0480,PRJ172,2024-03-17,18.8
R0480,PRJ172,2024-03-24,34.7
R0480,PRJ172,2024-03-31,37.7
R0480,PRJ172,2024-04-07,31.7
R0480,PRJ172,2024-04-14,28.0
R0480,PRJ172,2024-04-21,29.0
R0480,PRJ172,2024-04-28,32.4
R0480,PRJ645,2024-03-03,3.3
R0480,PRJ645,2024-03-10,2.8
R0480,PRJ645,2024-03-17,2.7
R0480,PRJ645,2024-03-24,2.4
R0480,PRJ645,2024-03-31,2.6
R0480,PRJ645,2024-04-07,3.0
R0480,PRJ645,2024-04-14,2.9
R0480,PRJ645,2024-04-21,8.3
R0480,PRJ645,2024-04-28,7.0
R0481,PRJ388,2024-03-10,14.3
R0481,PRJ388,2024-03-17,23.9
R0481,PRJ388,2024-03-24,26.5
R0481,PRJ388,2024-03-31,22.0
R0481,PRJ388,2024-04-07,17.7
R0481,PRJ388,2024-04-14,14.9
R0481,PRJ388,2024-04-21,14.4
R0481,PRJ388,2024-04-28,17.4
R0482,PRJ448,2024-03-03,23.6
R0482,PRJ448,2024-03-10,27.4
R0482,PRJ448,2024-03-17,34.2
R0482,PRJ448,2024-03-24,36.9
R0482,PRJ448,2024-03-31,21.9
R0482,PRJ448,2024-04-07,36.4
R0482,PRJ448,2024-04-14,28.9
R0482,PRJ448,2024-04-21,23.9
R0482,PRJ448,2024-04-28,28.9
R0483,PRJ234,2024-03-03,26.8
R0483,PRJ234,2024-03-10,42.6
R0483,PRJ234,2024-03-17,32.6
R0484,PRJ110,2024-03-03,32.6
R0484,PRJ110,2024-03-10,24.5
R0484,PRJ110,2024-03-17,25.3
R0484,PRJ110,2024-03-24,35.0
R0484,PRJ110,2024-03-31,26.5
R0484,PRJ609,2024-03-03,1.9
R0484,PRJ609,2024-03-10,2.0
R0484,PRJ609,2024-03-17,2.0
R0484,PRJ609,2024-03-24,1.8
R0484,PRJ609,2024-03-31,1.9
R0484,PRJ609,2024-04-07,2.3
R0484,PRJ609,2024-04-14,2.1
R0484,PRJ609,2024-04-21,2.4
R0484,PRJ609,2024-04-28,1.9
R0485,PRJ396,2024-03-17,18.1
R0485,PRJ396,2024-03-24,13.4
R0485,PRJ396,2024-04-07,17.9
R0485,PRJ396,2024-04-14,17.0
R0485,PRJ396,2024-04-28,19.0
R0486,PRJ354,2024-03-03,15.0
R0486,PRJ354,2024-03-10,14.6
R0486,PRJ354,2024-03-17,19.9
R0486,PRJ354,2024-03-24,15.4
R0486,PRJ354,2024-03-31,15.3
R0486,PRJ354,2024-04-07,18.7
R0486,PRJ354,2024-04-14,18.2
R0486,PRJ354,2024-04-21,13.7
R0486,PRJ354,2024-04-28,18.4
R0487,PRJ366,2024-03-03,24.7
R0487,PRJ366,2024-03-10,26.4
R0487,PRJ366,2024-03-17,34.4
R0487,PRJ366,2024-03-24,29.5
R0487,PRJ366,2024-03-31,25.1
R0487,PRJ366,2024-04-07,25.0
R0487,PRJ366,2024-04-14,23.6
R0487,PRJ366,2024-04-21,19.9
R0487,PRJ366,2024-04-28,25.5
R0488,PRJ053,2024-03-03,40.9
R0488,PRJ053,2024-03-10,38.1
R0488,PRJ053,2024-03-17,18.8
R0488,PRJ053,2024-03-24,31.2
R0488,PRJ053,2024-03-31,30.9
R0488,PRJ053,2024-04-07,30.9
R0488,PRJ053,2024-04-14,20.0
R0488,PRJ053,2024-04-28,23.7
R0488,PRJ312,2024-03-03,24.7
R0488,PRJ312,2024-03-10,28.5
R0488,PRJ312,2024-03-17,24.2
R0488,PRJ312,2024-03-24,21.8
R0488,PRJ312,2024-03-31,20.9
R0488,PRJ312,2024-04-07,28.2
R0488,PRJ312,2024-04-14,27.8
R0488,PRJ312,2024-04-21,21.6
R0488,PRJ312,2024-04-28,22.9
R0488,PRJ484,2024-03-10,2.7
R0488,PRJ484,2024-03-17,2.8
R0488,PRJ484,2024-03-24,3.3
R0488,PRJ484,2024-03-31,2.8
R0488,PRJ484,2024-04-07,2.9
R0488,PRJ484,2024-04-14,3.1
R0488,PRJ484,2024-04-21,3.1
R0488,PRJ484,2024-04-28,2.8
R0489,PRJ052,2024-03-03,22.1
R0489,PRJ052,2024-03-10,21.8
R0489,PRJ052,2024-03-17,27.6
R0489,PRJ052,2024-03-24,24.1
R0489,PRJ052,2024-03-31,21.0
R0489,PRJ052,2024-04-07,27.0
R0489,PRJ052,2024-04-14,23.7
R0490,PRJ046,2024-03-03,37.6
R0490,PRJ046,2024-03-10,28.0
R0490,PRJ046,2024-03-17,31.9
R0490,PRJ046,2024-03-24,26.6
R0490,PRJ046,2024-03-31,30.3
R0490,PRJ046,2024-04-07,34.3
R0490,PRJ046,2024-04-14,29.4
R0490,PRJ046,2024-04-21,36.8
R0490,PRJ046,2024-04-28,39.3
R0491,PRJ282,2024-03-17,25.3
R0491,PRJ282,2024-03-24,33.2
R0491,PRJ282,2024-03-31,33.2
R0491,PRJ282,2024-04-07,26.1
R0491,PRJ282,2024-04-14,35.6
R0491,PRJ282,2024-04-21,31.9
R0491,PRJ282,2024-04-28,29.2
R0492,PRJ234,2024-03-03,20.3
R0492,PRJ234,2024-03-10,30.5
R0492,PRJ234,2024-03-17,18.1
R0492,PRJ234,2024-03-24,31.7
R0492,PRJ234,2024-04-07,28.0
R0492,PRJ234,2024-04-14,28.0
R0492,PRJ234,2024-04-21,17.8
R0492,PRJ234,2024-04-28,13.7
R0492,PRJ298,2024-03-10,40.7
R0492,PRJ298,2024-03-17,36.0
R0492,PRJ298,2024-03-24,35.3
R0492,PRJ298,2024-03-31,26.7
R0492,PRJ298,2024-04-07,38.9
R0492,PRJ298,2024-04-14,40.0
R0492,PRJ298,2024-04-21,34.3
R0492,PRJ298,2024-04-28,37.1
R0492,PRJ624,2024-03-03,7.8
R0492,PRJ624,2024-03-10,4.8
R0492,PRJ624,2024-03-24,9.2
R0492,PRJ624,2024-03-31,7.7
R0492,PRJ624,2024-04-07,8.6
R0492,PRJ624,2024-04-14,9.5
R0492,PRJ624,2024-04-21,8.8
R0492,PRJ624,2024-04-28,7.4
R0493,PRJ187,2024-03-03,26.6
R0493,PRJ187,2024-03-10,26.8
R0493,PRJ187,2024-03-17,23.2
R0493,PRJ187,2024-03-24,24.6
R0493,PRJ187,2024-03-31,26.5
R0493,PRJ187,2024-04-07,26.0
R0494,PRJ309,2024-03-03,35.7
R0494,PRJ309,2024-03-10,28.9
R0494,PRJ309,2024-03-17,30.4
R0495,PRJ343,2024-03-03,35.6
R0495,PRJ343,2024-03-10,32.1
R0495,PRJ343,2024-03-17,40.9
R0495,PRJ343,2024-03-24,34.9
R0495,PRJ343,2024-03-31,34.7
R0495,PRJ343,2024-04-07,37.9
R0495,PRJ343,2024-04-14,34.2
R0495,PRJ343,2024-04-21,38.7
R0495,PRJ343,2024-04-28,41.0
R0496,PRJ277,2024-03-10,30.4
R0496,PRJ277,2024-03-17,43.0
R0496,PRJ277,2024-03-24,43.6
R0496,PRJ277,2024-03-31,45.9
R0496,PRJ277,2024-04-07,39.5
R0496,PRJ550,2024-03-03,4.9
R0496,PRJ550,2024-03-10,4.4
R0496,PRJ550,2024-03-17,4.8
R0496,PRJ550,2024-03-24,5.0
R0496,PRJ550,2024-03-31,4.5
R0496,PRJ550,2024-04-07,6.3
R0496,PRJ550,2024-04-14,6.7
R0496,PRJ550,2024-04-21,5.4
R0496,PRJ550,2024-04-28,6.4
R0497,PRJ396,2024-03-03,22.9
R0497,PRJ396,2024-03-10,23.4
R0497,PRJ396,2024-03-17,24.1
R0497,PRJ396,2024-03-24,21.6
R0497,PRJ396,2024-03-31,25.7
R0497,PRJ396,2024-04-07,24.6
R0497,PRJ396,2024-04-14,25.3
R0497,PRJ396,2024-04-21,17.1
R0497,PRJ396,2024-04-28,9.8
R0498,PRJ318,2024-03-03,14.8
R0498,PRJ318,2024-03-10,23.5
R0498,PRJ318,2024-03-17,21.7
R0498,PRJ318,2024-03-31,19.5
R0498,PRJ318,2024-04-07,18.0
R0498,PRJ318,2024-04-14,27.0
R0498,PRJ318,2024-04-21,18.9
R0498,PRJ152,2024-03-03,18.7
R0498,PRJ152,2024-03-10,17.3
R0498,PRJ152,2024-03-17,17.4
R0498,PRJ152,2024-03-24,12.1
R0498,PRJ152,2024-03-31,14.2
R0498,PRJ152,2024-04-07,16.8
R0499,PRJ340,2024-03-03,17.2
R0499,PRJ340,2024-03-10,20.9
R0499,PRJ340,2024-03-17,16.8
R0499,PRJ340,2024-03-24,16.1
R0499,PRJ340,2024-03-31,21.9
R0499,PRJ340,2024-04-07,19.6
R0499,PRJ340,2024-04-14,20.2
R0499,PRJ340,2024-04-21,19.5
R0499,PRJ340,2024-04-28,21.0
R0500,PRJ351,2024-03-03,21.8
R0500,PRJ351,2024-03-10,21.4
R0500,PRJ351,2024-03-17,20.9
R0500,PRJ351,2024-03-24,19.0
R0500,PRJ351,2024-03-31,17.5
R0500,PRJ351,2024-04-07,24.3
R0500,PRJ351,2024-04-14,22.8
R0500,PRJ351,2024-04-21,22.4
R0500,PRJ351,2024-04-28,17.8
R0500,PRJ465,2024-03-03,6.9
R0500,PRJ465,2024-03-10,6.1
R0500,PRJ465,2024-03-17,5.3
R0500,PRJ465,2024-03-24,6.4
R0500,PRJ465,2024-03-31,7.8
R0500,PRJ465,2024-04-07,4.5
R0500,PRJ465,2024-04-14,7.8
R0500,PRJ465,2024-04-21,6.1
R0500,PRJ465,2024-04-28,6.6
R0501,PRJ229,2024-03-03,30.2
R0501,PRJ229,2024-03-10,24.0
R0501,PRJ229,2024-03-17,25.6
R0501,PRJ229,2024-03-24,33.2
R0501,PRJ229,2024-03-31,34.2
R0501,PRJ229,2024-04-07,26.6
R0501,PRJ229,2024-04-14,35.4
R0501,PRJ229,2024-04-21,17.9
R0501,PRJ229,2024-04-28,27.0
R0502,PRJ323,2024-03-17,20.0
R0502,PRJ323,2024-03-24,25.3
R0502,PRJ323,2024-03-31,21.6
R0502,PRJ323,2024-04-07,29.1
R0502,PRJ323,2024-04-14,17.1
R0502,PRJ323,2024-04-21,20.7
R0502,PRJ323,2024-04-28,16.6
R0503,PRJ112,2024-03-17,30.3
R0503,PRJ112,2024-03-24,40.9
R0503,PRJ112,2024-03-31,31.5
R0503,PRJ112,2024-04-07,28.5
R0503,PRJ112,2024-04-14,33.0
R0503,PRJ112,2024-04-21,35.8
R0503,PRJ136,2024-03-03,18.1
R0503,PRJ136,2024-03-10,24.0
R0503,PRJ136,2024-03-17,20.1
R0503,PRJ136,2024-03-24,20.2
R0503,PRJ136,2024-03-31,19.5
R0503,PRJ136,2024-04-07,20.3
R0503,PRJ136,2024-04-14,18.2
R0503,PRJ136,2024-04-21,19.5
R0503,PRJ136,2024-04-28,20.0
R0504,PRJ151,2024-03-03,23.5
R0504,PRJ151,2024-03-10,20.9
R0504,PRJ151,2024-03-17,17.1
R0504,PRJ151,2024-03-24,19.4
R0504,PRJ151,2024-04-07,15.8
R0504,PRJ151,2024-04-14,22.0
R0504,PRJ151,2024-04-21,21.0
R0504,PRJ151,2024-04-28,18.9
R0504,PRJ519,2024-03-10,3.1
R0504,PRJ519,2024-03-17,2.7
R0504,PRJ519,2024-03-24,2.4
R0504,PRJ519,2024-03-31,2.9
R0504,PRJ519,2024-04-07,2.5
R0504,PRJ519,2024-04-14,3.1
R0504,PRJ519,2024-04-28,2.0
R0505,PRJ228,2024-03-03,19.8
R0505,PRJ228,2024-03-10,22.7
R0505,PRJ228,2024-03-17,23.6
R0505,PRJ228,2024-03-24,26.2
R0505,PRJ228,2024-03-31,28.2
R0505,PRJ228,2024-04-07,21.6
R0505,PRJ228,2024-04-14,23.7
R0505,PRJ228,2024-04-21,25.3
R0505,PRJ228,2024-04-28,23.2
R0506,PRJ314,2024-03-10,14.1
R0507,PRJ216,2024-03-03,32.1
R0507,PRJ216,2024-03-10,34.9
R0507,PRJ216,2024-03-17,28.0
R0507,PRJ216,2024-03-24,26.6
R0507,PRJ216,2024-03-31,24.0
R0507,PRJ216,2024-04-07,39.9
R0507,PRJ216,2024-04-14,30.9
R0507,PRJ216,2024-04-21,30.4
R0507,PRJ216,2024-04-28,35.1
R0507,PRJ325,2024-03-03,22.2
R0507,PRJ325,2024-03-10,17.7
R0507,PRJ325,2024-03-17,13.1
R0507,PRJ325,2024-03-24,19.4
R0507,PRJ325,2024-03-31,18.3
R0507,PRJ325,2024-04-07,24.4
R0507,PRJ325,2024-04-14,15.9
R0507,PRJ325,2024-04-21,32.5
R0507,PRJ325,2024-04-28,29.6
R0508,PRJ205,2024-03-03,34.0
R0508,PRJ205,2024-03-10,34.8
R0508,PRJ205,2024-03-17,39.0
R0508,PRJ205,2024-03-24,37.4
R0508,PRJ205,2024-03-31,38.5
R0508,PRJ205,2024-04-07,29.6
R0508,PRJ205,2024-04-21,36.4
R0508,PRJ165,2024-03-10,26.0
R0508,PRJ165,2024-03-17,20.4
R0508,PRJ165,2024-03-24,27.0
R0508,PRJ165,2024-03-31,26.4
R0508,PRJ165,2024-04-07,31.2
R0508,PRJ165,2024-04-14,16.8
R0508,PRJ165,2024-04-21,22.2
R0508,PRJ165,2024-04-28,15.4
R0508,PRJ543,2024-03-03,3.6
R0508,PRJ543,2024-03-10,3.6
R0508,PRJ543,2024-03-17,2.8
R0508,PRJ543,2024-03-24,2.8
R0508,PRJ543,2024-03-31,3.0
R0508,PRJ543,2024-04-07,2.6
R0508,PRJ543,2024-04-14,3.2
R0508,PRJ543,2024-04-21,3.0
R0508,PRJ543,2024-04-28,3.8
R0509,PRJ310,2024-03-10,29.0
R0509,PRJ310,2024-03-17,27.6
R0509,PRJ310,2024-03-24,23.2
R0509,PRJ310,2024-03-31,29.7
R0509,PRJ310,2024-04-07,28.8
R0509,PRJ310,2024-04-14,23.3
R0509,PRJ310,2024-04-21,33.1
R0509,PRJ310,2024-04-28,20.7
R0509,PRJ155,2024-03-03,32.1
R0509,PRJ155,2024-03-10,30.5
R0509,PRJ155,2024-03-17,28.1
R0509,PRJ155,2024-03-24,28.0
R0509,PRJ155,2024-04-07,25.2
R0509,PRJ155,2024-04-14,32.7
R0509,PRJ155,2024-04-21,32.5
R0509,PRJ155,2024-04-28,27.8
R0510,PRJ237,2024-03-17,32.2
R0510,PRJ237,2024-03-24,32.3
R0510,PRJ237,2024-03-31,24.5
R0510,PRJ237,2024-04-07,33.6
R0510,PRJ237,2024-04-14,25.4
R0510,PRJ237,2024-04-21,38.9
R0510,PRJ237,2024-04-28,24.4
R0511,PRJ176,2024-03-10,26.5
R0511,PRJ176,2024-03-17,27.1
R0511,PRJ176,2024-03-24,30.8
R0511,PRJ176,2024-03-31,31.4
R0511,PRJ176,2024-04-07,31.3
R0511,PRJ176,2024-04-14,24.9
R0511,PRJ176,2024-04-21,22.8
R0511,PRJ303,2024-03-10,33.8
R0511,PRJ303,2024-03-17,35.0
R0511,PRJ303,2024-03-24,32.5
R0511,PRJ303,2024-03-31,28.9
R0511,PRJ303,2024-04-07,41.7
R0511,PRJ303,2024-04-21,33.9
R0511,PRJ303,2024-04-28,31.8
R0512,PRJ371,2024-03-03,33.5
R0512,PRJ371,2024-03-10,33.9
R0512,PRJ371,2024-03-17,38.2
R0512,PRJ371,2024-03-24,28.1
R0512,PRJ371,2024-03-31,16.0
R0512,PRJ371,2024-04-07,21.5
R0512,PRJ371,2024-04-14,18.0
R0512,PRJ515,2024-03-03,2.6
R0512,PRJ515,2024-03-10,2.5
R0512,PRJ515,2024-03-17,2.5
R0512,PRJ515,2024-03-24,2.0
R0512,PRJ515,2024-03-31,2.8
R0512,PRJ515,2024-04-07,2.7
R0512,PRJ515,2024-04-14,2.2
R0513,PRJ280,2024-03-03,31.7
R0513,PRJ280,2024-03-10,33.6
R0513,PRJ280,2024-03-17,29.4
R0513,PRJ280,2024-03-31,29.2
R0513,PRJ280,2024-04-07,37.1
R0513,PRJ280,2024-04-14,33.9
R0513,PRJ280,2024-04-21,38.3
R0513,PRJ280,2024-04-28,24.1
R0513,PRJ247,2024-03-03,30.4
R0513,PRJ247,2024-03-10,26.3
R0513,PRJ247,2024-03-17,33.5
R0513,PRJ247,2024-03-24,25.0
R0513,PRJ247,2024-03-31,32.8
R0513,PRJ247,2024-04-07,21.6
R0514,PRJ410,2024-03-03,31.8
R0514,PRJ410,2024-03-10,33.4
R0514,PRJ410,2024-03-17,31.7
R0514,PRJ410,2024-03-24,27.3
R0514,PRJ410,2024-03-31,29.2
R0514,PRJ410,2024-04-07,35.5
R0514,PRJ410,2024-04-14,33.2
R0515,PRJ394,2024-03-03,18.9
R0515,PRJ394,2024-03-10,20.4
R0515,PRJ394,2024-03-24,17.0
R0515,PRJ394,2024-03-31,13.8
R0515,PRJ394,2024-04-07,18.7
R0515,PRJ394,2024-04-14,12.9
R0515,PRJ394,2024-04-21,17.7
R0515,PRJ394,2024-04-28,14.4
R0516,PRJ034,2024-03-10,15.1
R0516,PRJ034,2024-03-17,14.8
R0516,PRJ034,2024-03-24,15.6
R0516,PRJ034,2024-03-31,19.6
R0516,PRJ034,2024-04-07,21.4
R0516,PRJ034,2024-04-14,15.9
R0516,PRJ034,2024-04-21,17.8
R0516,PRJ034,2024-04-28,19.1
R0516,PRJ091,2024-03-03,16.7
R0516,PRJ091,2024-03-10,37.0
R0516,PRJ091,2024-03-17,25.6
R0516,PRJ091,2024-03-24,38.8
R0516,PRJ091,2024-03-31,34.7
R0516,PRJ091,2024-04-14,36.3
R0516,PRJ091,2024-04-21,35.9
R0516,PRJ091,2024-04-28,43.9
R0516,PRJ634,2024-03-03,2.7
R0516,PRJ634,2024-03-10,3.2
R0516,PRJ634,2024-03-17,3.1
R0516,PRJ634,2024-03-24,2.6
R0516,PRJ634,2024-03-31,3.4
R0516,PRJ634,2024-04-07,2.6
R0516,PRJ634,2024-04-14,2.7
R0516,PRJ634,2024-04-21,3.0
R0516,PRJ634,2024-04-28,2.7
R0517,PRJ150,2024-03-03,25.4
R0517,PRJ150,2024-03-10,30.9
R0518,PRJ276,2024-03-03,20.0
R0518,PRJ276,2024-03-10,18.0
R0518,PRJ276,2024-03-17,20.9
R0518,PRJ276,2024-03-24,21.0
R0518,PRJ276,2024-03-31,22.2
R0518,PRJ276,2024-04-07,17.5
R0518,PRJ276,2024-04-14,17.6
R0518,PRJ276,2024-04-21,23.6
R0518,PRJ276,2024-04-28,18.1
R0519,PRJ122,2024-03-03,28.5
R0519,PRJ122,2024-03-10,26.5
R0519,PRJ122,2024-03-17,24.5
R0519,PRJ122,2024-03-24,33.1
R0519,PRJ122,2024-03-31,27.5
R0519,PRJ122,2024-04-07,25.0
R0520,PRJ048,2024-03-24,32.1
R0520,PRJ048,2024-03-31,32.7
R0520,PRJ048,2024-04-07,36.8
R0520,PRJ048,2024-04-14,42.1
R0520,PRJ048,2024-04-21,30.1
R0520,PRJ048,2024-04-28,35.8
R0520,PRJ624,2024-03-03,6.3
R0520,PRJ624,2024-03-10,5.9
R0520,PRJ624,2024-03-17,4.9
R0520,PRJ624,2024-03-24,6.8
R0520,PRJ624,2024-03-31,6.2
R0520,PRJ624,2024-04-07,3.7
R0520,PRJ624,2024-04-21,1.7
R0520,PRJ624,2024-04-28,1.7
R0521,PRJ395,2024-03-03,25.0
R0521,PRJ395,2024-03-10,32.2
R0521,PRJ395,2024-03-17,24.1
R0521,PRJ395,2024-03-24,18.9
R0521,PRJ395,2024-03-31,21.5
R0521,PRJ395,2024-04-07,25.4
R0521,PRJ099,2024-03-03,31.4
R0521,PRJ099,2024-03-10,29.3
R0521,PRJ099,2024-03-17,35.2
R0521,PRJ099,2024-03-24,31.2
R0521,PRJ099,2024-03-31,37.2
R0521,PRJ099,2024-04-07,37.4
R0522,PRJ433,2024-03-03,26.4
R0522,PRJ433,2024-03-10,31.1
R0522,PRJ433,2024-03-17,34.9
R0522,PRJ433,2024-03-24,29.3
R0522,PRJ433,2024-03-31,25.0
R0522,PRJ433,2024-04-07,30.5
R0522,PRJ433,2024-04-14,28.9
R0522,PRJ433,2024-04-21,30.6
R0522,PRJ433,2024-04-28,30.2
R0523,PRJ354,2024-03-03,28.4
R0523,PRJ354,2024-03-10,30.5
R0523,PRJ354,2024-03-17,33.4
R0523,PRJ354,2024-03-24,38.4
R0523,PRJ354,2024-03-31,36.0
R0523,PRJ354,2024-04-07,40.2
R0523,PRJ354,2024-04-14,30.9
R0523,PRJ354,2024-04-21,36.9
R0523,PRJ354,2024-04-28,35.7
R0524,PRJ046,2024-03-03,30.4
R0524,PRJ046,2024-03-10,33.0
R0524,PRJ046,2024-03-17,39.3
R0524,PRJ046,2024-04-07,31.7
R0524,PRJ046,2024-04-14,34.6
R0524,PRJ046,2024-04-21,28.1
R0524,PRJ011,2024-03-03,25.6
R0524,PRJ011,2024-03-10,29.1
R0524,PRJ011,2024-03-17,22.1
R0524,PRJ011,2024-03-24,21.0
R0524,PRJ011,2024-03-31,21.2
R0524,PRJ011,2024-04-07,25.3
R0524,PRJ011,2024-04-14,25.2
R0524,PRJ011,2024-04-21,19.0
R0524,PRJ011,2024-04-28,24.3
R0524,PRJ534,2024-03-17,2.2
R0524,PRJ534,2024-03-31,2.1
R0524,PRJ534,2024-04-07,2.3
R0524,PRJ534,2024-04-14,2.7
R0524,PRJ534,2024-04-21,6.0
R0524,PRJ534,2024-04-28,7.2
R0525,PRJ020,2024-03-03,22.0
R0525,PRJ020,2024-03-10,26.5
R0525,PRJ020,2024-03-24,25.2
R0525,PRJ020,2024-03-31,28.1
R0525,PRJ020,2024-04-07,24.2
R0526,PRJ379,2024-03-03,22.0
R0526,PRJ379,2024-03-10,27.9
R0526,PRJ379,2024-03-17,32.2
R0526,PRJ379,2024-03-24,42.5
R0526,PRJ379,2024-03-31,27.3
R0526,PRJ379,2024-04-07,33.2
R0526,PRJ379,2024-04-14,36.7
R0526,PRJ379,2024-04-21,33.1
R0526,PRJ379,2024-04-28,41.8
R0527,PRJ262,2024-03-10,28.5
R0527,PRJ262,2024-03-17,20.1
R0527,PRJ262,2024-03-24,21.3
R0527,PRJ262,2024-03-31,26.0
R0527,PRJ262,2024-04-07,31.6
R0527,PRJ262,2024-04-14,29.5
R0527,PRJ262,2024-04-21,29.0
R0527,PRJ262,2024-04-28,26.0
R0528,PRJ422,2024-03-03,20.9
R0528,PRJ422,2024-03-10,29.6
R0528,PRJ422,2024-03-17,21.0
R0528,PRJ422,2024-03-24,26.8
R0528,PRJ422,2024-03-31,26.0
R0528,PRJ422,2024-04-07,20.6
R0528,PRJ422,2024-04-14,19.1
R0528,PRJ422,2024-04-21,27.7
R0528,PRJ422,2024-04-28,25.5
R0528,PRJ500,2024-03-03,5.5
R0528,PRJ500,2024-03-10,5.0
R0528,PRJ500,2024-03-17,4.9
R0528,PRJ500,2024-03-24,3.4
R0528,PRJ500,2024-03-31,4.9
R0528,PRJ500,2024-04-07,4.7
R0528,PRJ500,2024-04-14,5.0
R0528,PRJ500,2024-04-21,4.7
R0528,PRJ500,2024-04-28,4.7
R0529,PRJ257,2024-03-03,22.1
R0530,PRJ014,2024-03-17,26.8
R0530,PRJ014,2024-03-24,32.2
R0530,PRJ014,2024-03-31,20.2
R0530,PRJ014,2024-04-07,21.3
R0530,PRJ014,2024-04-21,20.7
R0530,PRJ014,2024-04-28,29.1
R0531,PRJ313,2024-03-03,21.1
R0531,PRJ313,2024-03-10,18.1
R0531,PRJ313,2024-03-17,20.1
R0531,PRJ313,2024-03-24,25.0
R0531,PRJ313,2024-03-31,22.5
R0531,PRJ313,2024-04-07,20.1
R0531,PRJ313,2024-04-14,24.5
R0531,PRJ313,2024-04-21,15.5
R0532,PRJ331,2024-03-10,32.5
R0532,PRJ331,2024-03-17,23.1
R0532,PRJ331,2024-03-24,31.7
R0532,PRJ331,2024-03-31,27.4
R0532,PRJ331,2024-04-07,37.7
R0532,PRJ331,2024-04-14,34.0
R0532,PRJ331,2024-04-21,28.5
R0532,PRJ331,2024-04-28,24.2
R0532,PRJ167,2024-03-03,25.3
R0532,PRJ167,2024-03-10,24.7
R0532,PRJ167,2024-03-17,21.4
R0532,PRJ167,2024-03-24,23.3
R0532,PRJ167,2024-03-31,27.2
R0532,PRJ167,2024-04-07,22.3
R0532,PRJ167,2024-04-14,22.0
R0532,PRJ612,2024-03-03,2.8
R0532,PRJ612,2024-03-10,2.1
R0532,PRJ612,2024-03-17,2.6
R0532,PRJ612,2024-03-24,2.0
R0532,PRJ612,2024-03-31,3.1
R0532,PRJ612,2024-04-07,2.1
R0532,PRJ612,2024-04-14,2.0
R0532,PRJ612,2024-04-21,2.6
R0532,PRJ612,2024-04-28,1.2
R0533,PRJ211,2024-03-03,17.8
R0533,PRJ211,2024-03-10,17.0
R0533,PRJ211,2024-03-17,18.0
R0533,PRJ211,2024-03-24,21.9
R0533,PRJ211,2024-03-31,17.7
R0533,PRJ211,2024-04-07,18.8
R0533,PRJ323,2024-03-03,45.8
R0533,PRJ323,2024-03-10,33.1
R0533,PRJ323,2024-03-17,34.6
R0533,PRJ323,2024-03-24,35.3
R0533,PRJ323,2024-03-31,33.1
R0533,PRJ323,2024-04-07,34.6
R0533,PRJ323,2024-04-21,43.7
R0534,PRJ097,2024-03-03,19.0
R0534,PRJ097,2024-03-10,20.2
R0534,PRJ097,2024-03-17,25.2
R0534,PRJ097,2024-03-24,31.2
R0534,PRJ097,2024-03-31,24.3
R0534,PRJ097,2024-04-07,26.3
R0534,PRJ097,2024-04-14,29.6
R0534,PRJ097,2024-04-28,31.0
R0535,PRJ088,2024-03-03,31.9
R0535,PRJ088,2024-03-10,34.1
R0535,PRJ088,2024-03-17,22.1
R0535,PRJ088,2024-03-24,25.1
R0535,PRJ088,2024-03-31,35.2
R0535,PRJ088,2024-04-07,28.1
R0535,PRJ088,2024-04-14,38.9
R0535,PRJ088,2024-04-21,38.8
R0535,PRJ088,2024-04-28,35.0
R0535,PRJ260,2024-03-03,14.3
R0535,PRJ260,2024-03-24,19.2
R0535,PRJ260,2024-03-31,12.9
R0535,PRJ260,2024-04-07,14.6
R0535,PRJ260,2024-04-14,13.8
R0535,PRJ260,2024-04-21,15.1
R0535,PRJ260,2024-04-28,18.6
R0536,PRJ054,2024-03-03,42.1
R0536,PRJ054,2024-03-10,33.2
R0536,PRJ054,2024-03-24,38.8
R0536,PRJ054,2024-03-31,34.8
R0536,PRJ054,2024-04-07,39.1
R0536,PRJ054,2024-04-14,36.9
R0536,PRJ054,2024-04-21,32.8
R0536,PRJ035,2024-03-03,28.0
R0536,PRJ035,2024-03-17,30.8
R0536,PRJ035,2024-03-24,26.6
R0536,PRJ035,2024-03-31,29.4
R0536,PRJ035,2024-04-07,36.1
R0536,PRJ035,2024-04-14,28.2
R0536,PRJ035,2024-04-21,38.2
R0536,PRJ035,2024-04-28,31.0
R0536,PRJ483,2024-03-10,2.5
R0536,PRJ483,2024-03-17,2.1
R0536,PRJ483,2024-03-24,2.6
R0536,PRJ483,2024-03-31,1.9
R0536,PRJ483,2024-04-07,2.3
R0536,PRJ483,2024-04-14,2.1
R0536,PRJ483,2024-04-21,1.9
R0536,PRJ483,2024-04-28,2.6
R0537,PRJ051,2024-03-03,33.5
R0537,PRJ051,2024-03-10,34.8
R0537,PRJ051,2024-03-24,34.8
R0537,PRJ051,2024-03-31,37.3
R0537,PRJ051,2024-04-07,36.4
R0537,PRJ051,2024-04-14,42.5
R0537,PRJ051,2024-04-21,34.2
R0537,PRJ051,2024-04-28,37.0
R0538,PRJ216,2024-03-17,30.2
R0538,PRJ216,2024-03-24,34.7
R0538,PRJ216,2024-03-31,26.2
R0538,PRJ216,2024-04-07,19.3
R0538,PRJ216,2024-04-14,23.3
R0538,PRJ216,2024-04-21,33.3
R0538,PRJ216,2024-04-28,27.0
R0538,PRJ010,2024-03-03,25.1
R0538,PRJ010,2024-03-10,16.8
R0538,PRJ010,2024-03-17,21.3
R0538,PRJ010,2024-03-24,21.4
R0538,PRJ010,2024-03-31,15.8
R0538,PRJ010,2024-04-07,15.8
R0538,PRJ010,2024-04-14,15.3
R0539,PRJ321,2024-03-03,18.4
R0539,PRJ321,2024-03-10,17.2
R0539,PRJ321,2024-03-17,17.1
R0539,PRJ321,2024-03-24,19.1
R0539,PRJ321,2024-03-31,18.8
R0539,PRJ321,2024-04-07,17.1
R0539,PRJ321,2024-04-14,15.1
R0539,PRJ321,2024-04-21,17.1
R0539,PRJ321,2024-04-28,17.0
R0539,PRJ092,2024-03-03,22.6
R0539,PRJ092,2024-03-10,16.8
R0539,PRJ092,2024-03-17,25.4
R0539,PRJ092,2024-03-24,22.2
R0539,PRJ092,2024-03-31,25.5
R0539,PRJ092,2024-04-07,29.1
R0539,PRJ092,2024-04-14,25.6
R0539,PRJ092,2024-04-21,19.4
R0539,PRJ092,2024-04-28,23.4
R0540,PRJ141,2024-03-03,27.1
R0540,PRJ141,2024-03-10,29.7
R0540,PRJ141,2024-03-17,36.0
R0540,PRJ141,2024-03-24,34.8
R0540,PRJ141,2024-03-31,41.6
R0540,PRJ141,2024-04-14,36.7
R0540,PRJ141,2024-04-21,27.8
R0540,PRJ141,2024-04-28,36.8
R0540,PRJ224,2024-03-03,24.5
R0540,PRJ224,2024-03-10,18.9
R0540,PRJ224,2024-03-17,26.8
R0540,PRJ224,2024-03-24,30.1
R0540,PRJ224,2024-03-31,26.1
R0540,PRJ224,2024-04-07,20.7
R0540,PRJ224,2024-04-14,26.1
R0540,PRJ224,2024-04-21,25.5
R0540,PRJ224,2024-04-28,26.5
R0540,PRJ604,2024-03-03,3.0
R0540,PRJ604,2024-03-10,3.1
R0540,PRJ604,2024-03-17,3.6
R0540,PRJ604,2024-03-24,4.5
R0540,PRJ604,2024-03-31,4.4
R0540,PRJ604,2024-04-07,4.5
R0540,PRJ604,2024-04-14,4.3
R0540,PRJ604,2024-04-21,4.4
R0541,PRJ321,2024-03-03,31.6
R0541,PRJ321,2024-03-10,32.8
R0542,PRJ432,2024-03-24,14.5
R0542,PRJ432,2024-03-31,15.1
R0542,PRJ432,2024-04-07,14.2
R0542,PRJ432,2024-04-14,17.9
R0542,PRJ432,2024-04-21,14.5
R0542,PRJ432,2024-04-28,11.7
R0543,PRJ172,2024-03-03,19.5
R0543,PRJ172,2024-03-10,30.1
R0543,PRJ172,2024-03-17,25.2
R0543,PRJ172,2024-03-24,28.3
R0543,PRJ172,2024-03-31,19.1
R0543,PRJ172,2024-04-07,26.4
R0543,PRJ172,2024-04-14,13.7
R0543,PRJ172,2024-04-21,17.8
R0543,PRJ172,2024-04-28,10.9
R0543,PRJ019,2024-03-03,20.0
R0543,PRJ019,2024-03-10,19.0
R0543,PRJ019,2024-03-17,17.6
R0543,PRJ019,2024-03-24,21.2
R0543,PRJ019,2024-03-31,19.6
R0543,PRJ019,2024-04-07,15.5
R0543,PRJ019,2024-04-14,14.4
R0543,PRJ019,2024-04-21,22.9
R0543,PRJ019,2024-04-28,15.7
R0544,PRJ216,2024-03-03,17.5
R0544,PRJ216,2024-03-10,13.6
R0544,PRJ216,2024-03-17,17.7
R0544,PRJ216,2024-03-24,13.8
R0544,PRJ216,2024-03-31,15.9
R0544,PRJ216,2024-04-07,16.8
R0544,PRJ216,2024-04-14,14.4
R0544,PRJ216,2024-04-21,16.8
R0544,PRJ216,2024-04-28,19.9
R0544,PRJ481,2024-03-03,6.6
R0544,PRJ481,2024-03-10,7.0
R0544,PRJ481,2024-03-17,6.0
R0544,PRJ481,2024-03-24,5.9
R0544,PRJ481,2024-03-31,5.2
R0544,PRJ481,2024-04-14,6.3
R0544,PRJ481,2024-04-21,5.0
R0545,PRJ433,2024-03-03,13.0
R0545,PRJ433,2024-03-10,12.8
R0545,PRJ433,2024-03-17,14.6
R0545,PRJ433,2024-03-24,16.6
R0545,PRJ433,2024-03-31,13.3
R0545,PRJ433,2024-04-07,19.9
R0545,PRJ433,2024-04-14,12.9
R0546,PRJ039,2024-03-03,21.2
R0546,PRJ039,2024-03-10,21.5
R0546,PRJ039,2024-03-17,21.1
R0546,PRJ039,2024-03-24,28.0
R0546,PRJ039,2024-03-31,22.4
R0546,PRJ039,2024-04-07,27.4
R0546,PRJ039,2024-04-14,22.6
R0546,PRJ039,2024-04-21,22.8
R0546,PRJ039,2024-04-28,16.8
R0547,PRJ145,2024-03-03,26.5
R0547,PRJ145,2024-03-10,34.9
R0547,PRJ145,2024-03-17,34.7
R0547,PRJ145,2024-03-24,26.4
R0547,PRJ145,2024-04-07,30.4
R0547,PRJ145,2024-04-14,30.6
R0547,PRJ145,2024-04-21,25.4
R0547,PRJ145,2024-04-28,23.2
R0548,PRJ233,2024-03-03,16.4
R0548,PRJ233,2024-03-10,18.7
R0548,PRJ233,2024-03-17,21.4
R0548,PRJ233,2024-03-24,22.5
R0548,PRJ233,2024-03-31,18.6
R0548,PRJ233,2024-04-07,20.1
R0548,PRJ233,2024-04-14,20.8
R0548,PRJ233,2024-04-21,16.4
R0548,PRJ233,2024-04-28,26.5
R0548,PRJ316,2024-03-03,31.4
R0548,PRJ316,2024-03-10,30.7
R0548,PRJ316,2024-03-17,29.4
R0548,PRJ316,2024-03-24,29.8
R0548,PRJ316,2024-03-31,33.9
R0548,PRJ316,2024-04-07,32.2
R0548,PRJ316,2024-04-14,32.4
R0548,PRJ316,2024-04-21,31.4
R0548,PRJ316,2024-04-28,19.0
R0548,PRJ602,2024-03-03,7.3
R0548,PRJ602,2024-03-10,6.6
R0548,PRJ602,2024-03-17,7.4
R0548,PRJ602,2024-03-24,7.2
R0548,PRJ602,2024-03-31,8.4
R0548,PRJ602,2024-04-07,9.0
R0548,PRJ602,2024-04-14,7.7
R0548,PRJ602,2024-04-21,8.7
R0549,PRJ135,2024-03-03,27.7
R0549,PRJ135,2024-03-10,43.2
R0549,PRJ135,2024-03-17,39.0
R0549,PRJ135,2024-03-24,27.8
R0549,PRJ135,2024-03-31,31.6
R0549,PRJ135,2024-04-07,37.3
R0549,PRJ135,2024-04-14,26.0
R0549,PRJ135,2024-04-21,21.8
R0550,PRJ053,2024-03-17,20.4
R0550,PRJ053,2024-03-24,16.5
R0550,PRJ053,2024-03-31,18.5
R0550,PRJ053,2024-04-07,19.3
R0550,PRJ053,2024-04-14,18.7
R0551,PRJ433,2024-03-03,25.3
R0551,PRJ433,2024-03-10,35.7
R0551,PRJ433,2024-03-17,45.3
R0551,PRJ433,2024-03-24,34.4
R0551,PRJ433,2024-03-31,45.8
R0551,PRJ433,2024-04-07,23.5
R0551,PRJ433,2024-04-14,30.6
R0551,PRJ433,2024-04-21,44.2
R0551,PRJ433,2024-04-28,30.4
R0552,PRJ028,2024-03-03,35.2
R0553,PRJ244,2024-03-03,15.7
R0553,PRJ244,2024-03-10,13.9
R0553,PRJ244,2024-03-17,20.8
R0553,PRJ244,2024-03-24,17.5
R0553,PRJ244,2024-03-31,17.6
R0553,PRJ244,2024-04-07,14.1
R0553,PRJ244,2024-04-14,17.3
R0553,PRJ244,2024-04-21,22.9
R0553,PRJ244,2024-04-28,17.1
R0553,PRJ013,2024-03-03,17.8
R0553,PRJ013,2024-03-10,15.9
R0553,PRJ013,2024-03-17,24.5
R0553,PRJ013,2024-03-24,19.3
R0553,PRJ013,2024-03-31,19.7
R0553,PRJ013,2024-04-07,17.0
R0553,PRJ013,2024-04-14,22.9
R0553,PRJ013,2024-04-21,15.8
R0553,PRJ013,2024-04-28,16.6
R0554,PRJ352,2024-03-10,26.1
R0554,PRJ352,2024-03-17,21.4
R0554,PRJ352,2024-03-24,21.3
R0554,PRJ352,2024-03-31,20.8
R0554,PRJ352,2024-04-07,25.6
R0554,PRJ352,2024-04-14,23.4
R0554,PRJ352,2024-04-21,23.7
R0555,PRJ360,2024-03-03,13.2
R0555,PRJ360,2024-03-10,30.5
R0555,PRJ360,2024-03-17,26.2
R0555,PRJ360,2024-03-24,31.2
R0555,PRJ360,2024-03-31,28.0
R0555,PRJ360,2024-04-14,31.3
R0555,PRJ360,2024-04-21,31.6
R0556,PRJ252,2024-03-03,25.7
R0556,PRJ252,2024-03-10,18.6
R0556,PRJ252,2024-03-17,30.4
R0556,PRJ252,2024-03-24,25.0
R0556,PRJ252,2024-03-31,24.2
R0556,PRJ252,2024-04-07,27.7
R0556,PRJ252,2024-04-14,22.5
R0556,PRJ252,2024-04-21,23.4
R0556,PRJ252,2024-04-28,20.0
R0556,PRJ574,2024-03-03,2.2
R0556,PRJ574,2024-03-10,2.6
R0556,PRJ574,2024-03-17,2.3
R0556,PRJ574,2024-03-24,2.0
R0556,PRJ574,2024-03-31,2.8
R0556,PRJ574,2024-04-07,2.7
R0556,PRJ574,2024-04-14,3.1
R0556,PRJ574,2024-04-21,2.1
R0556,PRJ574,2024-04-28,2.7
R0557,PRJ262,2024-03-03,24.9
R0557,PRJ262,2024-03-10,23.6
R0557,PRJ262,2024-03-17,28.7
R0557,PRJ262,2024-03-24,24.1
R0557,PRJ262,2024-03-31,20.5
R0557,PRJ262,2024-04-07,21.6
R0557,PRJ132,2024-03-03,16.4
R0557,PRJ132,2024-03-10,23.1
R0557,PRJ132,2024-03-17,26.6
R0557,PRJ132,2024-03-24,22.4
R0557,PRJ132,2024-03-31,21.9
R0557,PRJ132,2024-04-07,24.1
R0557,PRJ132,2024-04-14,23.5
R0557,PRJ132,2024-04-21,25.3
R0557,PRJ132,2024-04-28,21.3
R0558,PRJ324,2024-03-03,30.7
R0558,PRJ324,2024-03-10,28.5
R0558,PRJ324,2024-03-17,23.5
R0558,PRJ324,2024-03-24,24.3
R0558,PRJ324,2024-04-07,29.4
R0558,PRJ324,2024-04-14,25.3
R0558,PRJ324,2024-04-28,23.8
R0558,PRJ433,2024-03-03,28.3
R0558,PRJ433,2024-03-10,23.0
R0558,PRJ433,2024-03-17,27.4
R0558,PRJ433,2024-03-24,29.6
R0558,PRJ433,2024-03-31,34.7
R0558,PRJ433,2024-04-07,31.1
R0558,PRJ433,2024-04-14,25.1
R0558,PRJ433,2024-04-21,26.7
R0558,PRJ433,2024-04-28,28.7
R0559,PRJ249,2024-03-03,25.5
R0559,PRJ249,2024-03-17,19.4
R0559,PRJ249,2024-03-24,17.4
R0559,PRJ249,2024-03-31,17.2
R0559,PRJ249,2024-04-07,21.9
R0559,PRJ249,2024-04-14,18.8
R0559,PRJ249,2024-04-21,22.8
R0559,PRJ249,2024-04-28,18.7
R0559,PRJ238,2024-03-03,16.0
R0559,PRJ238,2024-03-10,14.8
R0559,PRJ238,2024-03-24,12.8
R0559,PRJ238,2024-03-31,14.0
R0559,PRJ238,2024-04-07,18.2
R0559,PRJ238,2024-04-14,12.1
R0559,PRJ238,2024-04-21,20.8
R0560,PRJ282,2024-03-03,35.4
R0560,PRJ282,2024-03-17,28.0
R0560,PRJ282,2024-03-24,35.5
R0560,PRJ282,2024-03-31,35.0
R0560,PRJ282,2024-04-07,29.3
R0560,PRJ282,2024-04-14,34.5
R0560,PRJ502,2024-03-10,2.0
R0560,PRJ502,2024-03-17,2.3
R0560,PRJ502,2024-03-24,3.3
R0560,PRJ502,2024-03-31,2.6
R0560,PRJ502,2024-04-07,2.5
R0560,PRJ502,2024-04-14,2.8
R0560,PRJ502,2024-04-28,2.3
R0561,PRJ291,2024-03-10,18.0
R0561,PRJ291,2024-03-17,19.2
R0561,PRJ291,2024-03-24,14.7
R0561,PRJ291,2024-03-31,15.9
R0561,PRJ291,2024-04-07,17.9
R0561,PRJ291,2024-04-14,14.9
R0561,PRJ291,2024-04-21,18.1
R0562,PRJ360,2024-03-03,33.7
R0562,PRJ360,2024-03-10,27.7
R0562,PRJ360,2024-03-17,26.5
R0562,PRJ360,2024-03-24,29.8
R0562,PRJ360,2024-03-31,28.0
R0562,PRJ360,2024-04-07,31.7
R0562,PRJ360,2024-04-14,23.8
R0562,PRJ360,2024-04-28,23.9
R0563,PRJ110,2024-03-03,23.4
R0563,PRJ110,2024-03-10,25.2
R0563,PRJ110,2024-03-17,17.7
R0563,PRJ110,2024-03-24,26.5
R0563,PRJ110,2024-03-31,15.7
R0563,PRJ110,2024-04-07,23.2
R0563,PRJ110,2024-04-14,15.9
R0563,PRJ110,2024-04-21,15.1
R0563,PRJ110,2024-04-28,14.7
R0564,PRJ132,2024-03-03,23.5
R0564,PRJ132,2024-03-10,19.0
R0565,PRJ316,2024-03-03,22.2
R0565,PRJ316,2024-03-10,25.9
R0565,PRJ316,2024-03-17,27.8
R0565,PRJ316,2024-03-24,31.2
R0565,PRJ316,2024-03-31,21.6
R0565,PRJ316,2024-04-07,16.9
R0565,PRJ316,2024-04-14,30.0
R0565,PRJ316,2024-04-21,23.6
R0565,PRJ316,2024-04-28,26.2
R0566,PRJ005,2024-03-03,23.2
R0566,PRJ005,2024-03-10,25.9
R0566,PRJ005,2024-03-17,25.9
R0566,PRJ005,2024-03-24,28.9
R0566,PRJ005,2024-03-31,27.8
R0566,PRJ005,2024-04-07,33.2
R0566,PRJ005,2024-04-14,33.0
R0566,PRJ005,2024-04-21,28.8
R0566,PRJ005,2024-04-28,26.7
R0566,PRJ141,2024-03-10,24.1
R0566,PRJ141,2024-03-17,30.4
R0566,PRJ141,2024-03-24,35.0
R0566,PRJ141,2024-03-31,32.1
R0566,PRJ141,2024-04-07,36.6
R0566,PRJ141,2024-04-14,30.1
R0567,PRJ253,2024-03-17,29.0
R0567,PRJ253,2024-03-24,28.1
R0567,PRJ253,2024-03-31,21.4
R0567,PRJ253,2024-04-07,32.3
R0567,PRJ253,2024-04-14,26.7
R0567,PRJ253,2024-04-28,18.7
R0567,PRJ225,2024-03-10,21.9
R0567,PRJ225,2024-03-24,19.9
R0567,PRJ225,2024-03-31,23.2
R0567,PRJ225,2024-04-14,22.4
R0567,PRJ225,2024-04-21,18.1
R0567,PRJ225,2024-04-28,20.6
R0568,PRJ369,2024-03-03,39.6
R0568,PRJ369,2024-03-17,39.0
R0568,PRJ369,2024-03-24,23.1
R0568,PRJ369,2024-03-31,28.5
R0568,PRJ369,2024-04-07,32.8
R0568,PRJ369,2024-04-14,29.4
R0568,PRJ369,2024-04-21,36.0
R0568,PRJ369,2024-04-28,42.4
R0568,PRJ576,2024-03-10,4.2
R0568,PRJ576,2024-03-24,3.1
R0568,PRJ576,2024-03-31,1.9
R0568,PRJ576,2024-04-07,3.3
R0569,PRJ395,2024-03-03,27.0
R0569,PRJ395,2024-03-10,27.0
R0569,PRJ395,2024-03-17,45.6
R0569,PRJ395,2024-03-24,24.9
R0569,PRJ395,2024-03-31,40.8
R0569,PRJ395,2024-04-07,31.1
R0569,PRJ395,2024-04-14,34.5
R0569,PRJ395,2024-04-21,29.2
R0569,PRJ395,2024-04-28,28.8
R0569,PRJ052,2024-03-10,26.9
R0569,PRJ052,2024-03-17,20.7
R0569,PRJ052,2024-03-24,23.1
R0569,PRJ052,2024-03-31,24.8
R0570,PRJ447,2024-03-03,21.9
R0570,PRJ447,2024-03-10,33.9
R0570,PRJ447,2024-03-17,28.0
R0570,PRJ447,2024-03-24,27.9
R0570,PRJ447,2024-03-31,25.7
R0570,PRJ447,2024-04-07,25.1
R0570,PRJ447,2024-04-14,20.3
R0570,PRJ447,2024-04-21,32.4
R0570,PRJ384,2024-03-17,18.1
R0570,PRJ384,2024-03-24,20.6
R0570,PRJ384,2024-03-31,26.5
R0570,PRJ384,2024-04-07,22.2
R0570,PRJ384,2024-04-14,18.8
R0570,PRJ384,2024-04-21,25.6
R0570,PRJ384,2024-04-28,21.0
R0571,PRJ140,2024-03-03,18.0
R0571,PRJ140,2024-03-10,16.0
R0571,PRJ140,2024-03-17,18.2
R0571,PRJ140,2024-03-31,16.5
R0571,PRJ140,2024-04-07,18.2
R0571,PRJ140,2024-04-14,12.9
R0571,PRJ140,2024-04-21,20.0
R0571,PRJ140,2024-04-28,21.9
R0571,PRJ043,2024-03-03,16.5
R0571,PRJ043,2024-03-10,20.1
R0571,PRJ043,2024-03-17,16.7
R0571,PRJ043,2024-03-24,18.8
R0571,PRJ043,2024-03-31,15.2
R0571,PRJ043,2024-04-07,18.0
R0571,PRJ043,2024-04-14,18.3
R0571,PRJ043,2024-04-21,15.7
R0571,PRJ043,2024-04-28,18.7
R0572,PRJ121,2024-03-03,16.5
R0572,PRJ121,2024-03-10,14.7
R0572,PRJ121,2024-03-17,12.0
R0572,PRJ121,2024-03-31,14.5
R0572,PRJ121,2024-04-07,13.3
R0572,PRJ121,2024-04-14,12.8
R0572,PRJ121,2024-04-21,13.5
R0572,PRJ121,2024-04-28,18.4
R0572,PRJ455,2024-03-10,5.6
R0572,PRJ455,2024-03-17,7.6
R0572,PRJ455,2024-03-24,9.3
R0572,PRJ455,2024-03-31,10.4
R0572,PRJ455,2024-04-14,7.2
R0572,PRJ455,2024-04-21,7.2
R0572,PRJ455,2024-04-28,8.1
R0573,PRJ108,2024-03-10,21.5
R0573,PRJ108,2024-03-17,27.6
R0573,PRJ108,2024-03-24,28.0
R0573,PRJ108,2024-03-31,23.7
R0573,PRJ108,2024-04-07,24.4
R0573,PRJ108,2024-04-14,23.8
R0573,PRJ108,2024-04-21,24.7
R0573,PRJ108,2024-04-28,33.3
R0573,PRJ287,2024-03-03,26.8
R0573,PRJ287,2024-03-10,24.3
R0573,PRJ287,2024-03-24,31.2
R0573,PRJ287,2024-03-31,32.3
R0573,PRJ287,2024-04-07,29.3
R0573,PRJ287,2024-04-14,28.3
R0573,PRJ287,2024-04-21,20.1
R0573,PRJ287,2024-04-28,24.2
R0574,PRJ296,2024-03-03,18.2
R0574,PRJ296,2024-03-10,15.4
R0574,PRJ296,2024-03-17,19.7
R0574,PRJ296,2024-03-24,21.6
R0574,PRJ296,2024-04-07,18.8
R0574,PRJ296,2024-04-14,18.3
R0575,PRJ103,2024-03-03,25.3
R0575,PRJ103,2024-03-17,25.1
R0575,PRJ103,2024-03-31,27.2
R0575,PRJ103,2024-04-07,26.4
R0575,PRJ103,2024-04-14,29.6
R0576,PRJ312,2024-03-03,13.5
R0576,PRJ312,2024-03-10,19.5
R0577,PRJ360,2024-03-03,23.7
R0577,PRJ360,2024-03-10,21.9
R0577,PRJ360,2024-03-17,23.1
R0577,PRJ360,2024-03-24,24.4
R0577,PRJ360,2024-03-31,24.1
R0577,PRJ360,2024-04-07,23.7
R0577,PRJ360,2024-04-14,26.0
R0577,PRJ360,2024-04-21,37.0
R0577,PRJ360,2024-04-28,26.9
R0578,PRJ067,2024-03-10,20.2
R0578,PRJ067,2024-03-17,21.1
R0578,PRJ067,2024-03-24,22.8
R0578,PRJ067,2024-03-31,19.3
R0578,PRJ067,2024-04-07,18.9
R0578,PRJ067,2024-04-14,37.1
R0578,PRJ067,2024-04-21,27.7
R0578,PRJ213,2024-03-03,29.6
R0578,PRJ213,2024-03-10,27.9
R0578,PRJ213,2024-03-17,39.2
R0578,PRJ213,2024-03-24,32.4
R0578,PRJ213,2024-03-31,35.1
R0578,PRJ213,2024-04-07,41.5
R0578,PRJ213,2024-04-14,40.7
R0578,PRJ213,2024-04-21,34.0
R0578,PRJ213,2024-04-28,36.0
R0579,PRJ119,2024-03-03,24.2
R0579,PRJ119,2024-03-10,28.0
R0579,PRJ119,2024-03-17,36.4
R0579,PRJ119,2024-03-24,31.3
R0579,PRJ119,2024-03-31,24.2
R0579,PRJ119,2024-04-07,21.6
R0579,PRJ119,2024-04-14,24.3
R0579,PRJ119,2024-04-21,22.9
R0579,PRJ119,2024-04-28,27.4
R0579,PRJ243,2024-03-03,28.5
R0579,PRJ243,2024-03-10,27.1
R0579,PRJ243,2024-03-17,22.7
R0579,PRJ243,2024-03-24,20.9
R0579,PRJ243,2024-03-31,22.0
R0579,PRJ243,2024-04-07,24.9
R0580,PRJ301,2024-03-03,22.8
R0580,PRJ301,2024-03-10,23.3
R0580,PRJ301,2024-03-17,25.5
R0580,PRJ301,2024-03-24,27.0
R0580,PRJ301,2024-04-07,24.5
R0580,PRJ301,2024-04-14,25.5
R0580,PRJ301,2024-04-21,22.4
R0580,PRJ301,2024-04-28,26.5
R0580,PRJ348,2024-03-03,18.7
R0580,PRJ348,2024-03-10,20.6
R0580,PRJ348,2024-03-17,21.4
R0580,PRJ348,2024-03-31,22.3
R0580,PRJ348,2024-04-07,21.9
R0580,PRJ348,2024-04-14,19.5
R0580,PRJ348,2024-04-21,27.1
R0580,PRJ348,2024-04-28,22.2
R0580,PRJ578,2024-03-10,6.0
R0580,PRJ578,2024-03-17,4.9
R0580,PRJ578,2024-03-24,6.7
R0580,PRJ578,2024-03-31,6.7
R0580,PRJ578,2024-04-07,6.7
R0580,PRJ578,2024-04-14,7.1
R0580,PRJ578,2024-04-21,7.7
R0581,PRJ409,2024-03-03,19.4
R0581,PRJ409,2024-03-10,20.3
R0581,PRJ409,2024-03-17,18.1
R0581,PRJ409,2024-03-24,14.6
R0581,PRJ409,2024-03-31,19.8
R0581,PRJ409,2024-04-07,17.5
R0581,PRJ409,2024-04-14,19.8
R0581,PRJ409,2024-04-21,16.0
R0581,PRJ409,2024-04-28,16.6
R0582,PRJ157,2024-03-03,18.3
R0582,PRJ157,2024-03-10,15.3
R0582,PRJ157,2024-03-17,26.4
R0582,PRJ157,2024-03-24,24.2
R0582,PRJ157,2024-03-31,29.4
R0582,PRJ157,2024-04-07,24.8
R0582,PRJ157,2024-04-14,20.2
R0582,PRJ157,2024-04-21,21.0
R0582,PRJ157,2024-04-28,16.6
R0583,PRJ375,2024-03-17,18.1
R0583,PRJ375,2024-03-24,10.8
R0583,PRJ375,2024-03-31,20.6
R0583,PRJ375,2024-04-07,12.5
R0583,PRJ375,2024-04-14,18.5
R0583,PRJ375,2024-04-21,16.4
R0583,PRJ375,2024-04-28,15.0
R0584,PRJ021,2024-03-03,16.7
R0584,PRJ021,2024-03-10,15.5
R0584,PRJ021,2024-03-17,16.5
R0584,PRJ021,2024-03-24,18.2
R0584,PRJ021,2024-03-31,20.3
R0584,PRJ021,2024-04-14,18.8
R0584,PRJ021,2024-04-28,14.6
R0584,PRJ607,2024-03-03,6.6
R0584,PRJ607,2024-03-10,7.5
R0584,PRJ607,2024-03-17,6.0
R0584,PRJ607,2024-03-24,7.0
R0584,PRJ607,2024-03-31,7.3
R0584,PRJ607,2024-04-07,7.2
R0584,PRJ607,2024-04-14,7.0
R0584,PRJ607,2024-04-21,4.6
R0584,PRJ607,2024-04-28,5.2
R0585,PRJ246,2024-03-03,30.0
R0585,PRJ246,2024-03-10,34.0
R0585,PRJ246,2024-03-17,35.9
R0585,PRJ246,2024-03-24,28.0
R0585,PRJ246,2024-03-31,27.7
R0585,PRJ246,2024-04-07,34.2
R0585,PRJ246,2024-04-14,35.8
R0585,PRJ246,2024-04-21,28.9
R0585,PRJ246,2024-04-28,36.3
R0585,PRJ190,2024-03-03,33.3
R0585,PRJ190,2024-03-10,30.9
R0585,PRJ190,2024-03-17,34.8
R0585,PRJ190,2024-03-24,28.9
R0585,PRJ190,2024-03-31,21.4
R0585,PRJ190,2024-04-07,27.0
R0585,PRJ190,2024-04-14,44.2
R0585,PRJ190,2024-04-21,42.6
R0585,PRJ190,2024-04-28,27.8
R0586,PRJ301,2024-03-03,16.7
R0586,PRJ301,2024-03-10,22.2
R0586,PRJ301,2024-03-24,21.5
R0586,PRJ301,2024-03-31,21.6
R0586,PRJ301,2024-04-07,20.0
R0586,PRJ301,2024-04-14,24.1
R0586,PRJ301,2024-04-21,19.6
R0586,PRJ301,2024-04-28,32.6
R0586,PRJ388,2024-03-10,16.9
R0586,PRJ388,2024-03-17,26.4
R0586,PRJ388,2024-03-24,23.9
R0586,PRJ388,2024-03-31,36.5
R0586,PRJ388,2024-04-07,29.1
R0587,PRJ007,2024-03-03,23.4
R0587,PRJ007,2024-03-10,23.6
R0588,PRJ036,2024-03-10,34.4
R0588,PRJ036,2024-03-17,38.4
R0588,PRJ036,2024-03-24,27.8
R0588,PRJ036,2024-03-31,33.1
R0588,PRJ036,2024-04-07,35.6
R0588,PRJ036,2024-04-14,25.1
R0588,PRJ036,2024-04-28,41.1
R0588,PRJ481,2024-03-03,6.0
R0588,PRJ481,2024-03-10,7.1
R0588,PRJ481,2024-03-17,4.5
R0588,PRJ481,2024-03-24,6.1
R0588,PRJ481,2024-03-31,6.8
R0588,PRJ481,2024-04-07,5.7
R0588,PRJ481,2024-04-14,4.2
R0588,PRJ481,2024-04-21,6.1
R0588,PRJ481,2024-04-28,5.0
R0589,PRJ072,2024-03-10,27.8
R0589,PRJ072,2024-03-17,33.3
R0589,PRJ072,2024-03-24,34.2
R0589,PRJ072,2024-03-31,28.4
R0589,PRJ072,2024-04-07,22.3
R0589,PRJ072,2024-04-14,26.6
R0589,PRJ072,2024-04-21,36.4
R0589,PRJ072,2024-04-28,22.5
R0590,PRJ140,2024-03-03,19.5
R0590,PRJ140,2024-03-10,16.8
R0590,PRJ140,2024-03-17,24.3
R0590,PRJ140,2024-03-24,19.7
R0590,PRJ140,2024-03-31,16.8
R0590,PRJ140,2024-04-07,17.5
R0590,PRJ034,2024-03-03,24.9
R0590,PRJ034,2024-03-10,23.7
R0590,PRJ034,2024-03-17,25.3
R0590,PRJ034,2024-03-24,25.5
R0590,PRJ034,2024-03-31,18.6
R0590,PRJ034,2024-04-07,19.9
R0590,PRJ034,2024-04-14,35.4
R0590,PRJ034,2024-04-21,38.4
R0590,PRJ034,2024-04-28,31.7
R0591,PRJ348,2024-03-24,20.9
R0591,PRJ348,2024-04-14,14.7
R0591,PRJ348,2024-04-21,21.3
R0591,PRJ348,2024-04-28,17.9
R0591,PRJ157,2024-03-03,19.3
R0591,PRJ157,2024-03-10,20.1
R0591,PRJ157,2024-03-17,19.7
R0591,PRJ157,2024-03-24,36.3
R0591,PRJ157,2024-03-31,35.6
R0591,PRJ157,2024-04-07,29.9
R0592,PRJ280,2024-03-03,20.1
R0592,PRJ280,2024-03-10,19.4
R0592,PRJ280,2024-03-17,17.6
R0592,PRJ280,2024-03-24,16.6
R0592,PRJ280,2024-03-31,17.6
R0592,PRJ280,2024-04-07,18.0
R0592,PRJ280,2024-04-14,12.9
R0592,PRJ280,2024-04-21,14.9
R0592,PRJ280,2024-04-28,18.0
R0592,PRJ508,2024-03-03,6.7
R0592,PRJ508,2024-03-17,6.3
R0592,PRJ508,2024-03-24,7.5
R0592,PRJ508,2024-03-31,7.4
R0592,PRJ508,2024-04-07,7.6
R0592,PRJ508,2024-04-14,5.8
R0592,PRJ508,2024-04-21,6.4
R0592,PRJ508,2024-04-28,7.7
R0593,PRJ174,2024-03-10,21.9
R0593,PRJ174,2024-03-17,28.7
R0593,PRJ174,2024-03-24,28.3
R0593,PRJ174,2024-03-31,24.2
R0593,PRJ174,2024-04-07,30.6
R0593,PRJ333,2024-03-03,37.0
R0593,PRJ333,2024-03-10,32.6
R0593,PRJ333,2024-03-17,36.3
R0593,PRJ333,2024-03-24,40.2
R0593,PRJ333,2024-03-31,36.5
R0593,PRJ333,2024-04-07,35.5
R0593,PRJ333,2024-04-14,39.2
R0593,PRJ333,2024-04-21,30.6
R0593,PRJ333,2024-04-28,39.1
R0594,PRJ241,2024-03-10,28.7
R0594,PRJ241,2024-03-17,30.9
R0594,PRJ241,2024-03-24,38.3
R0594,PRJ241,2024-03-31,39.5
R0594,PRJ241,2024-04-07,31.4
R0594,PRJ241,2024-04-14,37.2
R0594,PRJ241,2024-04-21,30.5
R0594,PRJ241,2024-04-28,24.8
R0595,PRJ081,2024-03-03,19.2
R0595,PRJ081,2024-03-10,28.1
R0595,PRJ081,2024-03-17,18.1
R0595,PRJ081,2024-03-24,26.6
R0595,PRJ081,2024-03-31,25.0
R0595,PRJ081,2024-04-07,28.3
R0595,PRJ081,2024-04-14,24.6
R0595,PRJ081,2024-04-21,32.3
R0595,PRJ081,2024-04-28,31.1
R0595,PRJ437,2024-03-03,29.6
R0595,PRJ437,2024-03-10,28.0
R0595,PRJ437,2024-03-17,30.2
R0595,PRJ437,2024-03-24,27.0
R0595,PRJ437,2024-03-31,32.0
R0595,PRJ437,2024-04-07,28.6
R0595,PRJ437,2024-04-14,31.6
R0595,PRJ437,2024-04-21,25.2
R0596,PRJ306,2024-03-03,22.0
R0596,PRJ306,2024-03-10,27.4
R0596,PRJ306,2024-03-17,26.5
R0596,PRJ306,2024-03-24,20.0
R0596,PRJ306,2024-03-31,24.5
R0596,PRJ306,2024-04-07,20.0
R0596,PRJ306,2024-04-14,23.9
R0596,PRJ341,2024-03-03,28.3
R0596,PRJ341,2024-03-10,26.7
R0596,PRJ341,2024-03-17,29.2
R0596,PRJ341,2024-03-24,24.7
R0596,PRJ341,2024-03-31,24.8
R0596,PRJ341,2024-04-07,32.3
R0596,PRJ341,2024-04-14,20.1
R0596,PRJ341,2024-04-21,27.5
R0596,PRJ341,2024-04-28,14.5
R0596,PRJ613,2024-03-03,5.6
R0596,PRJ613,2024-03-10,6.6
R0596,PRJ613,2024-03-24,7.8
R0596,PRJ613,2024-03-31,5.9
R0596,PRJ613,2024-04-07,6.6
R0596,PRJ613,2024-04-14,5.1
R0596,PRJ613,2024-04-21,5.4
R0596,PRJ613,2024-04-28,7.6
R0597,PRJ073,2024-03-03,22.5
R0597,PRJ073,2024-03-10,23.4
R0597,PRJ073,2024-03-17,24.4
R0597,PRJ073,2024-03-24,28.5
R0597,PRJ073,2024-03-31,15.1
R0597,PRJ073,2024-04-07,26.7
R0597,PRJ073,2024-04-14,27.4
R0597,PRJ073,2024-04-21,24.7
R0597,PRJ073,2024-04-28,21.9
R0598,PRJ408,2024-03-03,36.9
R0598,PRJ408,2024-03-10,29.6
R0598,PRJ408,2024-03-17,25.6
R0598,PRJ408,2024-03-24,36.2
R0598,PRJ408,2024-03-31,21.4
R0598,PRJ408,2024-04-07,32.5
R0598,PRJ408,2024-04-14,30.2
R0598,PRJ408,2024-04-21,33.8
R0598,PRJ408,2024-04-28,35.0
R0599,PRJ226,2024-03-03,27.3
R0599,PRJ226,2024-03-10,35.8
R0600,PRJ114,2024-03-10,24.5
R0600,PRJ114,2024-03-17,25.2
R0600,PRJ114,2024-03-24,21.2
R0600,PRJ114,2024-03-31,22.3
R0600,PRJ114,2024-04-07,19.5
R0600,PRJ114,2024-04-21,26.7
R0600,PRJ114,2024-04-28,19.0
R0600,PRJ373,2024-03-03,36.6
R0600,PRJ373,2024-03-10,27.8
R0600,PRJ373,2024-03-17,28.4
R0600,PRJ373,2024-03-24,27.0
R0600,PRJ373,2024-03-31,33.1
R0600,PRJ373,2024-04-21,28.0
R0600,PRJ572,2024-03-10,5.8
R0600,PRJ572,2024-03-17,6.7
R0600,PRJ572,2024-03-24,5.4
R0600,PRJ572,2024-03-31,5.7
R0600,PRJ572,2024-04-07,4.4
R0600,PRJ572,2024-04-21,6.1
R0600,PRJ572,2024-04-28,5.2
R0601,PRJ301,2024-03-03,35.4
R0601,PRJ301,2024-03-10,38.9
R0601,PRJ301,2024-03-17,30.1
R0601,PRJ301,2024-03-24,27.3
R0601,PRJ301,2024-03-31,33.1
R0601,PRJ301,2024-04-07,33.8
R0601,PRJ301,2024-04-14,25.7
R0601,PRJ301,2024-04-21,30.7
R0601,PRJ257,2024-03-03,25.7
R0601,PRJ257,2024-03-10,32.3
R0601,PRJ257,2024-03-17,34.0
R0601,PRJ257,2024-03-24,33.8
R0601,PRJ257,2024-03-31,32.0
R0601,PRJ257,2024-04-07,24.3
R0601,PRJ257,2024-04-14,23.4
R0601,PRJ257,2024-04-21,20.0
R0601,PRJ257,2024-04-28,23.8
R0602,PRJ020,2024-03-03,23.0
R0602,PRJ020,2024-03-10,18.7
R0602,PRJ020,2024-03-17,25.6
R0602,PRJ020,2024-03-24,26.1
R0602,PRJ020,2024-03-31,25.9
R0602,PRJ020,2024-04-07,16.4
R0602,PRJ020,2024-04-14,22.7
R0602,PRJ020,2024-04-21,22.4
R0602,PRJ020,2024-04-28,25.8
R0602,PRJ242,2024-03-03,24.1
R0602,PRJ242,2024-03-10,31.6
R0602,PRJ242,2024-03-17,18.4
R0602,PRJ242,2024-03-24,24.0
R0602,PRJ242,2024-03-31,35.8
R0602,PRJ242,2024-04-07,20.3
R0602,PRJ242,2024-04-21,22.7
R0602,PRJ242,2024-04-28,23.7
R0603,PRJ428,2024-03-17,44.9
R0603,PRJ428,2024-03-24,42.3
R0603,PRJ428,2024-03-31,34.6
R0603,PRJ428,2024-04-07,29.6
R0603,PRJ428,2024-04-14,37.9
R0603,PRJ428,2024-04-21,35.2
R0603,PRJ428,2024-04-28,34.7
R0604,PRJ291,2024-03-03,20.2
R0604,PRJ291,2024-03-10,28.6
R0604,PRJ291,2024-03-17,15.1
R0604,PRJ291,2024-03-24,17.1
R0604,PRJ291,2024-03-31,14.8
R0604,PRJ291,2024-04-14,17.9
R0604,PRJ291,2024-04-21,18.1
R0604,PRJ472,2024-03-10,3.6
R0604,PRJ472,2024-03-17,5.4
R0604,PRJ472,2024-03-24,3.9
R0604,PRJ472,2024-03-31,5.9
R0604,PRJ472,2024-04-07,5.8
R0604,PRJ472,2024-04-14,4.5
R0604,PRJ472,2024-04-21,5.7
R0604,PRJ472,2024-04-28,5.2
R0605,PRJ308,2024-03-03,22.4
R0605,PRJ308,2024-03-10,27.3
R0605,PRJ308,2024-03-17,31.0
R0605,PRJ308,2024-03-24,23.5
R0605,PRJ308,2024-03-31,26.6
R0605,PRJ308,2024-04-07,21.5
R0605,PRJ308,2024-04-14,22.7
R0605,PRJ308,2024-04-21,25.2
R0605,PRJ308,2024-04-28,22.2
R0606,PRJ434,2024-03-03,22.3
R0606,PRJ434,2024-03-10,21.3
R0606,PRJ434,2024-03-17,30.4
R0606,PRJ434,2024-03-24,28.7
R0606,PRJ434,2024-03-31,25.5
R0606,PRJ434,2024-04-07,29.0
R0606,PRJ434,2024-04-21,24.5
R0606,PRJ434,2024-04-28,19.8
R0607,PRJ042,2024-03-03,33.4
R0607,PRJ042,2024-03-10,29.7
R0607,PRJ042,2024-03-17,23.5
R0607,PRJ042,2024-03-24,24.0
R0607,PRJ042,2024-03-31,31.6
R0607,PRJ042,2024-04-07,26.1
R0607,PRJ042,2024-04-14,38.0
R0607,PRJ042,2024-04-21,34.3
R0607,PRJ042,2024-04-28,23.6
R0608,PRJ170,2024-03-03,27.9
R0608,PRJ170,2024-03-10,37.5
R0608,PRJ170,2024-03-17,33.3
R0608,PRJ170,2024-03-24,33.7
R0608,PRJ170,2024-03-31,25.0
R0608,PRJ170,2024-04-07,34.2
R0608,PRJ170,2024-04-14,31.9
R0608,PRJ170,2024-04-28,24.6
R0608,PRJ463,2024-03-03,6.3
R0608,PRJ463,2024-03-10,6.1
R0608,PRJ463,2024-03-17,6.5
R0608,PRJ463,2024-03-31,6.2
R0608,PRJ463,2024-04-07,6.1
R0608,PRJ463,2024-04-14,5.4
R0608,PRJ463,2024-04-21,8.2
R0609,PRJ388,2024-03-03,21.2
R0609,PRJ388,2024-03-10,29.9
R0609,PRJ388,2024-03-17,27.7
R0609,PRJ388,2024-03-24,18.4
R0609,PRJ388,2024-03-31,30.1
R0609,PRJ388,2024-04-14,28.0
R0609,PRJ388,2024-04-21,27.8
R0609,PRJ388,2024-04-28,26.8
R0610,PRJ229,2024-03-03,18.8
R0610,PRJ229,2024-03-10,23.9
R0610,PRJ229,2024-03-17,26.4
R0611,PRJ205,2024-03-03,32.5
R0611,PRJ205,2024-03-10,24.3
R0611,PRJ205,2024-03-17,39.5
R0611,PRJ205,2024-03-24,33.3
R0611,PRJ205,2024-03-31,26.1
R0611,PRJ205,2024-04-07,34.7
R0611,PRJ205,2024-04-14,36.2
R0611,PRJ205,2024-04-21,31.0
R0611,PRJ205,2024-04-28,23.0
R0611,PRJ269,2024-03-10,31.9
R0611,PRJ269,2024-03-17,23.9
R0611,PRJ269,2024-03-24,33.0
R0611,PRJ269,2024-03-31,22.2
R0611,PRJ269,2024-04-07,23.1
R0611,PRJ269,2024-04-14,22.8
R0611,PRJ269,2024-04-21,28.1
R0611,PRJ269,2024-04-28,17.3
R0612,PRJ257,2024-03-17,22.1
R0612,PRJ257,2024-03-24,24.0
R0612,PRJ257,2024-04-07,26.5
R0612,PRJ257,2024-04-14,25.8
R0612,PRJ229,2024-03-03,31.8
R0612,PRJ229,2024-03-10,34.7
R0612,PRJ229,2024-03-17,31.6
R0612,PRJ229,2024-03-24,29.2
R0612,PRJ229,2024-03-31,25.3
R0612,PRJ229,2024-04-07,30.2
R0612,PRJ229,2024-04-14,26.7
R0612,PRJ229,2024-04-21,27.0
R0612,PRJ229,2024-04-28,34.0
R0612,PRJ462,2024-03-03,4.8
R0612,PRJ462,2024-03-10,5.1
R0612,PRJ462,2024-03-17,3.2
R0612,PRJ462,2024-03-24,5.0
R0612,PRJ462,2024-03-31,2.8
R0612,PRJ462,2024-04-07,4.0
R0612,PRJ462,2024-04-14,4.3
R0612,PRJ462,2024-04-21,4.0
R0612,PRJ462,2024-04-28,2.0
R0613,PRJ065,2024-03-17,20.0
R0613,PRJ065,2024-03-24,35.6
R0613,PRJ065,2024-04-07,32.4
R0613,PRJ065,2024-04-14,29.7
R0613,PRJ065,2024-04-21,25.5
R0613,PRJ065,2024-04-28,32.9
R0614,PRJ225,2024-03-03,25.5
R0614,PRJ225,2024-03-10,18.7
R0614,PRJ225,2024-03-17,24.5
R0614,PRJ225,2024-03-24,22.0
R0614,PRJ225,2024-03-31,23.2
R0614,PRJ225,2024-04-07,18.3
R0614,PRJ225,2024-04-14,22.8
R0614,PRJ225,2024-04-21,23.0
R0615,PRJ171,2024-03-03,18.3
R0615,PRJ171,2024-03-10,22.5
R0615,PRJ171,2024-03-17,20.1
R0615,PRJ171,2024-03-24,22.8
R0615,PRJ171,2024-03-31,20.3
R0615,PRJ171,2024-04-07,17.0
R0615,PRJ171,2024-04-14,21.3
R0615,PRJ171,2024-04-21,21.9
R0615,PRJ171,2024-04-28,19.1
R0616,PRJ353,2024-03-03,20.0
R0616,PRJ353,2024-03-10,26.3
R0616,PRJ353,2024-03-17,26.3
R0616,PRJ353,2024-03-24,27.0
R0616,PRJ353,2024-03-31,17.6
R0616,PRJ353,2024-04-07,30.3
R0616,PRJ353,2024-04-14,29.9
R0616,PRJ353,2024-04-21,25.1
R0616,PRJ353,2024-04-28,32.2
R0616,PRJ640,2024-03-10,5.6
R0616,PRJ640,2024-03-17,6.7
R0616,PRJ640,2024-03-24,4.9
R0616,PRJ640,2024-04-07,4.9
R0616,PRJ640,2024-04-14,5.0
R0616,PRJ640,2024-04-21,6.1
R0616,PRJ640,2024-04-28,4.9
R0617,PRJ317,2024-03-17,26.4
R0617,PRJ317,2024-03-24,22.8
R0617,PRJ317,2024-03-31,26.8
R0617,PRJ317,2024-04-07,27.5
R0617,PRJ317,2024-04-14,27.5
R0617,PRJ317,2024-04-21,29.4
R0617,PRJ077,2024-03-17,32.4
R0617,PRJ077,2024-03-24,28.1
R0617,PRJ077,2024-03-31,30.8
R0617,PRJ077,2024-04-07,25.6
R0617,PRJ077,2024-04-14,22.9
R0617,PRJ077,2024-04-21,21.9
R0617,PRJ077,2024-04-28,17.5
R0618,PRJ282,2024-03-03,41.1
R0618,PRJ282,2024-03-10,37.1
R0618,PRJ282,2024-03-24,25.2
R0618,PRJ282,2024-03-31,34.3
R0618,PRJ282,2024-04-07,39.8
R0618,PRJ282,2024-04-14,31.0
R0618,PRJ282,2024-04-28,30.5
R0618,PRJ324,2024-03-03,20.3
R0618,PRJ324,2024-03-10,15.7
R0618,PRJ324,2024-03-17,15.9
R0618,PRJ324,2024-03-24,16.7
R0618,PRJ324,2024-03-31,11.9
R0618,PRJ324,2024-04-07,17.8
R0619,PRJ027,2024-03-03,26.8
R0619,PRJ027,2024-03-10,25.1
R0619,PRJ027,2024-03-17,28.2
R0619,PRJ027,2024-03-24,32.6
R0619,PRJ027,2024-03-31,32.7
R0619,PRJ027,2024-04-07,35.2
R0619,PRJ027,2024-04-14,33.4
R0619,PRJ027,2024-04-21,30.4
R0619,PRJ027,2024-04-28,35.3
R0619,PRJ202,2024-03-03,28.2
R0619,PRJ202,2024-03-10,30.2
R0619,PRJ202,2024-03-17,38.7
R0619,PRJ202,2024-03-24,28.1
R0619,PRJ202,2024-03-31,20.0
R0619,PRJ202,2024-04-07,24.3
R0619,PRJ202,2024-04-14,29.7
R0620,PRJ371,2024-03-17,14.4
R0620,PRJ371,2024-03-24,13.2
R0620,PRJ371,2024-03-31,18.9
R0620,PRJ588,2024-03-03,5.3
R0620,PRJ588,2024-03-10,8.8
R0620,PRJ588,2024-03-17,9.9
R0620,PRJ588,2024-03-24,6.8
R0620,PRJ588,2024-03-31,8.1
R0620,PRJ588,2024-04-07,6.4
R0620,PRJ588,2024-04-14,7.8
R0620,PRJ588,2024-04-21,8.2
R0620,PRJ588,2024-04-28,7.4
R0621,PRJ427,2024-03-03,22.1
R0621,PRJ427,2024-03-10,23.2
R0621,PRJ427,2024-03-17,18.1
R0621,PRJ427,2024-03-24,25.3
R0621,PRJ427,2024-03-31,31.3
R0621,PRJ427,2024-04-07,20.2
R0621,PRJ427,2024-04-14,37.5
R0621,PRJ427,2024-04-21,29.7
R0621,PRJ427,2024-04-28,22.4
R0622,PRJ233,2024-03-03,27.5
R0622,PRJ233,2024-03-10,24.5
R0623,PRJ402,2024-03-17,28.6
R0623,PRJ402,2024-03-24,29.6
R0623,PRJ402,2024-03-31,31.5
R0623,PRJ402,2024-04-07,33.0
R0623,PRJ402,2024-04-14,33.2
R0623,PRJ402,2024-04-21,27.1
R0623,PRJ289,2024-03-03,21.6
R0623,PRJ289,2024-03-10,16.7
R0623,PRJ289,2024-03-17,16.1
R0623,PRJ289,2024-03-24,20.8
R0623,PRJ289,2024-03-31,9.6
R0623,PRJ289,2024-04-07,11.9
R0623,PRJ289,2024-04-14,12.9
R0623,PRJ289,2024-04-21,13.4
R0623,PRJ289,2024-04-28,15.9
R0624,PRJ396,2024-03-17,19.1
R0624,PRJ396,2024-03-24,20.8
R0624,PRJ396,2024-03-31,14.8
R0624,PRJ396,2024-04-07,16.9
R0624,PRJ396,2024-04-14,17.0
R0624,PRJ396,2024-04-21,11.5
R0624,PRJ396,2024-04-28,18.5
R0624,PRJ471,2024-03-03,1.7
R0624,PRJ471,2024-03-10,2.5
R0624,PRJ471,2024-03-24,2.2
R0624,PRJ471,2024-03-31,1.2
R0624,PRJ471,2024-04-07,2.0
R0624,PRJ471,2024-04-14,1.7
R0624,PRJ471,2024-04-21,2.1
R0624,PRJ471,2024-04-28,1.9
R0625,PRJ392,2024-03-17,36.3
R0625,PRJ392,2024-03-24,30.5
R0625,PRJ392,2024-03-31,33.6
R0625,PRJ392,2024-04-07,28.8
R0625,PRJ392,2024-04-14,31.8
R0625,PRJ392,2024-04-21,35.3
R0625,PRJ392,2024-04-28,25.6
R0625,PRJ327,2024-03-03,31.9
R0625,PRJ327,2024-03-10,26.2
R0625,PRJ327,2024-03-17,31.0
R0625,PRJ327,2024-03-24,25.6
R0625,PRJ327,2024-03-31,42.5
R0625,PRJ327,2024-04-14,31.8
R0625,PRJ327,2024-04-21,29.7
R0626,PRJ053,2024-03-17,30.0
R0626,PRJ053,2024-03-24,39.5
R0626,PRJ053,2024-03-31,35.6
R0626,PRJ053,2024-04-07,23.1
R0627,PRJ093,2024-03-10,20.5
R0627,PRJ093,2024-03-17,26.3
R0627,PRJ093,2024-03-24,25.6
R0627,PRJ093,2024-03-31,32.8
R0627,PRJ093,2024-04-07,28.3
R0627,PRJ093,2024-04-21,13.4
R0627,PRJ093,2024-04-28,17.6
R0627,PRJ079,2024-03-03,20.1
R0627,PRJ079,2024-03-10,22.2
R0627,PRJ079,2024-03-17,24.3
R0627,PRJ079,2024-03-24,19.1
R0627,PRJ079,2024-03-31,25.3
R0627,PRJ079,2024-04-07,20.7
R0627,PRJ079,2024-04-21,29.6
R0627,PRJ079,2024-04-28,25.5
R0628,PRJ022,2024-03-03,32.7
R0628,PRJ022,2024-03-17,33.9
R0628,PRJ022,2024-03-24,25.2
R0628,PRJ022,2024-03-31,24.4
R0628,PRJ022,2024-04-07,32.6
R0628,PRJ022,2024-04-14,30.3
R0628,PRJ022,2024-04-21,22.5
R0628,PRJ022,2024-04-28,34.7
R0628,PRJ206,2024-03-10,34.8
R0628,PRJ206,2024-03-17,19.7
R0628,PRJ206,2024-03-24,33.4
R0628,PRJ206,2024-03-31,32.1
R0628,PRJ206,2024-04-07,31.7
R0628,PRJ206,2024-04-14,23.8
R0628,PRJ206,2024-04-21,27.6
R0628,PRJ504,2024-03-03,5.1
R0628,PRJ504,2024-03-10,4.1
R0628,PRJ504,2024-03-17,3.8
R0628,PRJ504,2024-03-31,4.5
R0628,PRJ504,2024-04-07,4.3
R0628,PRJ504,2024-04-14,3.6
R0628,PRJ504,2024-04-21,4.4
R0628,PRJ504,2024-04-28,6.2
R0629,PRJ010,2024-03-10,34.5
R0629,PRJ010,2024-03-17,33.4
R0629,PRJ010,2024-03-24,40.2
R0629,PRJ010,2024-03-31,24.5
R0629,PRJ010,2024-04-07,36.6
R0629,PRJ010,2024-04-14,45.2
R0629,PRJ010,2024-04-21,32.8
R0629,PRJ010,2024-04-28,33.0
R0630,PRJ166,2024-03-03,25.5
R0630,PRJ166,2024-03-10,38.3
R0630,PRJ166,2024-03-17,33.1
R0630,PRJ166,2024-03-24,25.0
R0630,PRJ166,2024-03-31,34.3
R0630,PRJ166,2024-04-07,32.1
R0630,PRJ166,2024-04-14,43.3
R0630,PRJ166,2024-04-28,26.0
R0631,PRJ395,2024-03-03,20.3
R0631,PRJ395,2024-03-10,18.3
R0631,PRJ395,2024-03-17,16.3
R0631,PRJ395,2024-03-24,14.4
R0631,PRJ395,2024-03-31,14.9
R0631,PRJ395,2024-04-07,12.1
R0631,PRJ395,2024-04-14,15.6
R0631,PRJ395,2024-04-21,10.9
R0631,PRJ395,2024-04-28,31.2
R0631,PRJ333,2024-03-10,17.3
R0631,PRJ333,2024-03-17,20.5
R0631,PRJ333,2024-03-24,27.5
R0631,PRJ333,2024-03-31,28.1
R0631,PRJ333,2024-04-07,30.0
R0631,PRJ333,2024-04-21,25.6
R0631,PRJ333,2024-04-28,31.8
R0632,PRJ100,2024-03-03,26.7
R0632,PRJ100,2024-03-10,25.7
R0632,PRJ100,2024-03-24,27.3
R0632,PRJ100,2024-03-31,19.1
R0632,PRJ100,2024-04-07,25.2
R0632,PRJ100,2024-04-14,22.4
R0632,PRJ100,2024-04-21,21.2
R0632,PRJ100,2024-04-28,17.9
R0632,PRJ529,2024-03-03,7.3
R0632,PRJ529,2024-03-10,7.1
R0632,PRJ529,2024-03-17,8.5
R0632,PRJ529,2024-03-24,7.7
R0632,PRJ529,2024-03-31,7.2
R0632,PRJ529,2024-04-07,6.0
R0632,PRJ529,2024-04-14,6.8
R0632,PRJ529,2024-04-21,7.2
R0632,PRJ529,2024-04-28,6.9
R0633,PRJ204,2024-03-03,31.5
R0633,PRJ204,2024-03-10,37.0
R0633,PRJ204,2024-03-17,31.5
R0633,PRJ204,2024-03-24,35.5
R0633,PRJ204,2024-03-31,40.4
R0633,PRJ204,2024-04-07,34.6
R0633,PRJ204,2024-04-14,27.2
R0633,PRJ204,2024-04-21,31.7
R0633,PRJ204,2024-04-28,30.2
R0633,PRJ339,2024-03-03,22.4
R0633,PRJ339,2024-03-10,20.1
R0633,PRJ339,2024-03-17,16.1
R0633,PRJ339,2024-03-24,19.2
R0633,PRJ339,2024-03-31,19.3
R0633,PRJ339,2024-04-07,13.9
R0633,PRJ339,2024-04-14,17.3
R0634,PRJ351,2024-03-03,17.0
R0635,PRJ370,2024-03-03,22.6
R0635,PRJ370,2024-03-10,33.3
R0635,PRJ370,2024-03-17,27.8
R0635,PRJ370,2024-03-24,34.4
R0635,PRJ370,2024-03-31,33.6
R0635,PRJ370,2024-04-07,28.2
R0635,PRJ370,2024-04-21,22.5
R0635,PRJ370,2024-04-28,25.2
R0636,PRJ449,2024-03-17,29.6
R0636,PRJ449,2024-03-24,34.3
R0636,PRJ449,2024-03-31,39.1
R0636,PRJ449,2024-04-07,28.6
R0636,PRJ449,2024-04-14,30.5
R0636,PRJ449,2024-04-21,26.9
R0636,PRJ449,2024-04-28,39.8
R0636,PRJ372,2024-03-10,28.1
R0636,PRJ372,2024-03-17,29.3
R0636,PRJ372,2024-03-24,24.3
R0636,PRJ372,2024-03-31,26.7
R0636,PRJ372,2024-04-07,37.2
R0636,PRJ372,2024-04-14,23.9
R0636,PRJ372,2024-04-21,37.5
R0636,PRJ372,2024-04-28,30.2
R0636,PRJ527,2024-03-03,4.3
R0636,PRJ527,2024-03-10,6.3
R0636,PRJ527,2024-03-17,4.5
R0636,PRJ527,2024-03-24,6.2
R0636,PRJ527,2024-03-31,5.9
R0636,PRJ527,2024-04-14,6.0
R0636,PRJ527,2024-04-21,5.6
R0637,PRJ258,2024-03-17,29.2
R0637,PRJ258,2024-03-24,29.1
R0637,PRJ258,2024-03-31,28.0
R0637,PRJ258,2024-04-07,39.5
R0637,PRJ258,2024-04-14,28.1
R0637,PRJ258,2024-04-21,31.1
R0637,PRJ258,2024-04-28,31.0
R0637,PRJ044,2024-03-03,29.5
R0637,PRJ044,2024-03-10,20.7
R0637,PRJ044,2024-03-17,25.7
R0637,PRJ044,2024-03-24,29.4
R0637,PRJ044,2024-03-31,21.8
R0637,PRJ044,2024-04-07,19.6
R0637,PRJ044,2024-04-14,18.8
R0638,PRJ196,2024-03-03,18.3
R0638,PRJ196,2024-03-10,18.6
R0638,PRJ196,2024-03-17,19.2
R0638,PRJ196,2024-03-24,21.3
R0638,PRJ196,2024-03-31,15.3
R0638,PRJ196,2024-04-07,20.3
R0638,PRJ196,2024-04-14,20.0
R0638,PRJ196,2024-04-21,17.0
R0638,PRJ196,2024-04-28,13.1
R0639,PRJ226,2024-03-03,24.4
R0639,PRJ226,2024-03-10,25.3
R0639,PRJ226,2024-03-24,21.2
R0639,PRJ226,2024-03-31,21.0
R0639,PRJ226,2024-04-07,25.3
R0639,PRJ226,2024-04-14,14.9
R0639,PRJ226,2024-04-21,19.1
R0639,PRJ226,2024-04-28,15.2
R0640,PRJ025,2024-03-03,32.8
R0640,PRJ025,2024-03-10,24.7
R0640,PRJ025,2024-03-17,23.5
R0640,PRJ025,2024-03-24,23.9
R0640,PRJ025,2024-03-31,24.9
R0640,PRJ025,2024-04-07,24.8
R0640,PRJ025,2024-04-14,19.1
R0640,PRJ025,2024-04-21,15.7
R0640,PRJ025,2024-04-28,19.5
R0640,PRJ383,2024-03-10,25.7
R0640,PRJ383,2024-03-24,28.6
R0640,PRJ383,2024-03-31,31.6
R0640,PRJ383,2024-04-07,27.9
R0640,PRJ383,2024-04-14,32.2
R0640,PRJ383,2024-04-21,28.0
R0640,PRJ383,2024-04-28,24.9
R0640,PRJ502,2024-03-03,3.5
R0640,PRJ502,2024-03-10,3.0
R0640,PRJ502,2024-03-17,2.7
R0640,PRJ502,2024-03-24,2.8
R0640,PRJ502,2024-03-31,3.4
R0640,PRJ502,2024-04-07,3.1
R0640,PRJ502,2024-04-14,3.2
R0640,PRJ502,2024-04-21,3.8
R0640,PRJ502,2024-04-28,4.1
R0641,PRJ013,2024-03-10,25.6
R0641,PRJ013,2024-03-17,33.4
R0641,PRJ013,2024-03-31,39.5
R0641,PRJ013,2024-04-07,32.7
R0641,PRJ013,2024-04-14,28.8
R0641,PRJ013,2024-04-21,28.6
R0641,PRJ013,2024-04-28,34.5
R0641,PRJ422,2024-03-17,23.4
R0641,PRJ422,2024-03-24,21.7
R0641,PRJ422,2024-03-31,18.3
R0641,PRJ422,2024-04-07,13.7
R0641,PRJ422,2024-04-14,16.1
R0641,PRJ422,2024-04-21,16.7
R0642,PRJ061,2024-03-03,19.5
R0642,PRJ061,2024-03-17,20.5
R0642,PRJ061,2024-03-24,17.7
R0642,PRJ061,2024-03-31,21.2
R0642,PRJ061,2024-04-07,17.3
R0642,PRJ061,2024-04-14,15.0
R0642,PRJ061,2024-04-21,16.8
R0642,PRJ061,2024-04-28,16.5
R0643,PRJ107,2024-03-03,17.8
R0643,PRJ107,2024-03-10,19.7
R0643,PRJ107,2024-03-17,16.7
R0643,PRJ107,2024-03-31,21.1
R0643,PRJ107,2024-04-07,20.8
R0643,PRJ107,2024-04-14,35.3
R0643,PRJ107,2024-04-21,32.4
R0644,PRJ364,2024-03-03,17.8
R0644,PRJ364,2024-03-10,19.6
R0644,PRJ364,2024-03-17,21.9
R0644,PRJ364,2024-03-24,23.0
R0644,PRJ364,2024-03-31,19.6
R0644,PRJ364,2024-04-07,18.7
R0644,PRJ364,2024-04-14,14.5
R0644,PRJ364,2024-04-21,16.4
R0644,PRJ364,2024-04-28,19.4
R0644,PRJ622,2024-03-03,4.9
R0644,PRJ622,2024-03-10,5.2
R0644,PRJ622,2024-03-17,5.5
R0644,PRJ622,2024-03-24,5.1
R0644,PRJ622,2024-03-31,5.2
R0644,PRJ622,2024-04-07,5.1
R0644,PRJ622,2024-04-14,4.1
R0644,PRJ622,2024-04-21,4.9
R0644,PRJ622,2024-04-28,5.0
R0645,PRJ182,2024-03-03,37.2
R0645,PRJ182,2024-03-10,26.5
R0646,PRJ127,2024-03-03,22.4
R0646,PRJ127,2024-03-10,20.7
R0646,PRJ127,2024-03-17,27.2
R0646,PRJ127,2024-03-24,25.6
R0646,PRJ127,2024-04-07,26.0
R0646,PRJ127,2024-04-14,24.2
R0646,PRJ127,2024-04-21,19.4
R0646,PRJ127,2024-04-28,26.9
R0647,PRJ070,2024-03-10,21.7
R0647,PRJ070,2024-03-17,20.4
R0647,PRJ070,2024-03-31,16.8
R0647,PRJ070,2024-04-07,18.9
R0647,PRJ070,2024-04-14,20.4
R0647,PRJ070,2024-04-21,19.8
R0647,PRJ070,2024-04-28,16.6
R0647,PRJ430,2024-03-03,27.4
R0647,PRJ430,2024-03-10,30.7
R0647,PRJ430,2024-03-17,29.7
R0647,PRJ430,2024-03-31,24.9
R0647,PRJ430,2024-04-07,33.2
R0647,PRJ430,2024-04-14,31.0
R0647,PRJ430,2024-04-21,29.9
R0647,PRJ430,2024-04-28,25.5
R0648,PRJ392,2024-03-17,19.1
R0648,PRJ392,2024-03-24,23.5
R0648,PRJ392,2024-03-31,20.3
R0648,PRJ392,2024-04-07,20.1
R0648,PRJ392,2024-04-14,19.9
R0648,PRJ392,2024-04-21,23.7
R0648,PRJ392,2024-04-28,20.0
R0648,PRJ605,2024-03-17,5.9
R0648,PRJ605,2024-03-24,7.2
R0648,PRJ605,2024-03-31,5.8
R0648,PRJ605,2024-04-07,8.3
R0649,PRJ102,2024-03-03,36.1
R0649,PRJ102,2024-03-10,28.0
R0649,PRJ102,2024-03-17,36.1
R0649,PRJ102,2024-03-24,41.9
R0649,PRJ102,2024-03-31,37.6
R0649,PRJ102,2024-04-07,42.3
R0649,PRJ102,2024-04-14,34.5
R0649,PRJ267,2024-03-17,26.4
R0649,PRJ267,2024-03-24,35.1
R0649,PRJ267,2024-03-31,36.7
R0649,PRJ267,2024-04-07,36.3
R0649,PRJ267,2024-04-14,29.9
R0649,PRJ267,2024-04-21,34.1
R0649,PRJ267,2024-04-28,40.1
R0650,PRJ062,2024-03-03,27.5
R0650,PRJ062,2024-03-10,18.1
R0650,PRJ062,2024-03-17,33.5
R0650,PRJ062,2024-03-24,34.8
R0650,PRJ062,2024-03-31,34.8
R0650,PRJ062,2024-04-07,25.3
R0650,PRJ062,2024-04-14,27.4
R0650,PRJ062,2024-04-21,38.0
R0651,PRJ034,2024-03-17,25.6
R0651,PRJ034,2024-03-24,25.8
R0651,PRJ034,2024-03-31,28.9
R0651,PRJ034,2024-04-07,24.7
R0651,PRJ034,2024-04-14,24.7
R0651,PRJ034,2024-04-21,18.3
R0651,PRJ034,2024-04-28,23.2
R0651,PRJ023,2024-03-03,35.4
R0651,PRJ023,2024-03-10,30.4
R0651,PRJ023,2024-03-17,30.0
R0651,PRJ023,2024-03-24,31.7
R0651,PRJ023,2024-03-31,17.2
R0651,PRJ023,2024-04-07,19.8
R0651,PRJ023,2024-04-14,25.0
R0651,PRJ023,2024-04-21,35.4
R0651,PRJ023,2024-04-28,26.3
R0652,PRJ013,2024-03-03,27.4
R0652,PRJ013,2024-03-10,19.5
R0652,PRJ013,2024-03-17,23.3
R0652,PRJ013,2024-03-24,24.6
R0652,PRJ013,2024-03-31,27.8
R0652,PRJ013,2024-04-07,22.7
R0652,PRJ013,2024-04-21,28.6
R0652,PRJ013,2024-04-28,23.0
R0652,PRJ486,2024-03-03,5.7
R0652,PRJ486,2024-03-10,6.1
R0652,PRJ486,2024-03-17,7.3
R0652,PRJ486,2024-03-24,6.8
R0652,PRJ486,2024-03-31,6.7
R0652,PRJ486,2024-04-07,8.0
R0652,PRJ486,2024-04-14,4.6
R0652,PRJ486,2024-04-21,9.1
R0652,PRJ486,2024-04-28,4.7
R0653,PRJ056,2024-03-03,27.7
R0653,PRJ056,2024-03-10,25.2
R0653,PRJ056,2024-03-17,24.9
R0653,PRJ056,2024-03-24,25.0
R0653,PRJ056,2024-03-31,27.7
R0653,PRJ056,2024-04-07,20.4
R0653,PRJ056,2024-04-14,26.7
R0653,PRJ056,2024-04-21,27.8
R0653,PRJ056,2024-04-28,15.8
R0654,PRJ236,2024-03-03,28.4
R0654,PRJ236,2024-03-10,23.5
R0654,PRJ236,2024-03-17,32.8
R0654,PRJ236,2024-03-24,25.8
R0654,PRJ236,2024-03-31,18.5
R0654,PRJ236,2024-04-07,21.5
R0654,PRJ236,2024-04-14,23.2
R0654,PRJ236,2024-04-21,28.8
R0654,PRJ236,2024-04-28,21.5
R0654,PRJ401,2024-03-03,25.6
R0654,PRJ401,2024-03-10,31.2
R0654,PRJ401,2024-03-24,27.9
R0654,PRJ401,2024-03-31,29.0
R0654,PRJ401,2024-04-07,30.1
R0654,PRJ401,2024-04-14,30.9
R0654,PRJ401,2024-04-21,22.5
R0654,PRJ401,2024-04-28,27.8
R0655,PRJ031,2024-03-03,15.9
R0655,PRJ031,2024-03-10,19.2
R0655,PRJ031,2024-03-17,18.9
R0655,PRJ031,2024-03-24,14.7
R0655,PRJ031,2024-03-31,19.3
R0655,PRJ031,2024-04-07,20.5
R0655,PRJ031,2024-04-14,15.9
R0655,PRJ031,2024-04-21,17.9
R0655,PRJ031,2024-04-28,20.8
R0656,PRJ031,2024-03-03,19.9
R0656,PRJ031,2024-03-10,15.8
R0656,PRJ031,2024-03-17,17.3
R0656,PRJ031,2024-03-24,14.8
R0656,PRJ031,2024-03-31,14.5
R0656,PRJ031,2024-04-07,17.3
R0656,PRJ031,2024-04-14,18.2
R0656,PRJ031,2024-04-21,14.5
R0656,PRJ031,2024-04-28,22.4
R0656,PRJ088,2024-03-03,25.3
R0656,PRJ088,2024-03-10,29.8
R0656,PRJ088,2024-03-17,22.4
R0656,PRJ088,2024-03-24,30.3
R0656,PRJ088,2024-03-31,25.1
R0656,PRJ088,2024-04-07,17.2
R0656,PRJ088,2024-04-14,34.9
R0656,PRJ088,2024-04-21,31.5
R0656,PRJ088,2024-04-28,22.0
R0656,PRJ473,2024-03-03,7.8
R0656,PRJ473,2024-03-10,6.1
R0656,PRJ473,2024-03-24,6.2
R0656,PRJ473,2024-03-31,6.1
R0656,PRJ473,2024-04-07,7.9
R0656,PRJ473,2024-04-14,6.4
R0656,PRJ473,2024-04-21,6.0
R0656,PRJ473,2024-04-28,2.4
R0657,PRJ258,2024-03-03,12.6
R0657,PRJ258,2024-03-10,19.4
R0658,PRJ298,2024-03-10,26.2
R0658,PRJ298,2024-03-17,17.6
R0658,PRJ298,2024-03-24,22.8
R0658,PRJ298,2024-03-31,24.2
R0658,PRJ298,2024-04-07,22.6
R0658,PRJ298,2024-04-14,22.3
R0658,PRJ298,2024-04-21,26.2
R0658,PRJ298,2024-04-28,29.0
R0658,PRJ038,2024-03-03,31.1
R0658,PRJ038,2024-03-10,40.7
R0658,PRJ038,2024-03-17,24.9
R0658,PRJ038,2024-03-24,33.3
R0658,PRJ038,2024-03-31,24.4
R0658,PRJ038,2024-04-07,19.0
R0658,PRJ038,2024-04-14,30.4
R0658,PRJ038,2024-04-21,28.3
R0658,PRJ038,2024-04-28,21.8
R0659,PRJ310,2024-03-03,31.9
R0659,PRJ310,2024-03-10,31.2
R0659,PRJ310,2024-03-24,37.2
R0659,PRJ310,2024-03-31,40.0
R0659,PRJ310,2024-04-07,34.6
R0659,PRJ310,2024-04-14,43.2
R0659,PRJ310,2024-04-21,24.6
R0659,PRJ310,2024-04-28,39.2
R0660,PRJ361,2024-03-03,38.9
R0660,PRJ361,2024-03-10,29.2
R0660,PRJ361,2024-03-17,30.3
R0660,PRJ361,2024-03-24,39.4
R0660,PRJ361,2024-03-31,35.6
R0660,PRJ361,2024-04-07,35.9
R0660,PRJ361,2024-04-14,31.2
R0660,PRJ361,2024-04-21,30.8
R0660,PRJ361,2024-04-28,31.2
R0660,PRJ383,2024-03-03,17.3
R0660,PRJ383,2024-03-10,17.6
R0660,PRJ383,2024-03-17,19.7
R0660,PRJ383,2024-03-24,17.2
R0660,PRJ383,2024-03-31,15.2
R0660,PRJ383,2024-04-07,21.7
R0660,PRJ383,2024-04-14,16.4
R0660,PRJ383,2024-04-21,17.0
R0660,PRJ383,2024-04-28,14.3
R0660,PRJ518,2024-03-03,2.1
R0660,PRJ518,2024-03-10,1.8
R0660,PRJ518,2024-03-17,1.7
R0660,PRJ518,2024-03-24,2.3
R0660,PRJ518,2024-03-31,2.6
R0660,PRJ518,2024-04-07,1.9
R0660,PRJ518,2024-04-14,2.2
R0660,PRJ518,2024-04-21,2.1
R0660,PRJ518,2024-04-28,2.1
R0661,PRJ016,2024-03-03,16.3
R0661,PRJ016,2024-03-10,20.5
R0661,PRJ016,2024-03-17,22.0
R0661,PRJ016,2024-03-24,25.5
R0661,PRJ016,2024-03-31,14.0
R0661,PRJ016,2024-04-07,21.8
R0661,PRJ016,2024-04-14,20.2
R0661,PRJ016,2024-04-21,19.2
R0661,PRJ016,2024-04-28,19.3
R0661,PRJ329,2024-03-17,31.4
R0661,PRJ329,2024-03-24,43.4
R0661,PRJ329,2024-03-31,23.8
R0661,PRJ329,2024-04-07,32.6
R0661,PRJ329,2024-04-14,39.3
R0661,PRJ329,2024-04-21,29.1
R0661,PRJ329,2024-04-28,25.3
R0662,PRJ023,2024-03-03,25.3
R0662,PRJ023,2024-03-10,29.5
R0662,PRJ023,2024-03-17,24.1
R0662,PRJ023,2024-03-31,30.6
R0662,PRJ023,2024-04-14,26.8
R0662,PRJ023,2024-04-21,29.0
R0662,PRJ023,2024-04-28,21.7
R0663,PRJ053,2024-03-03,29.2
R0663,PRJ053,2024-03-10,36.4
R0663,PRJ053,2024-03-17,27.9
R0663,PRJ053,2024-03-24,29.0
R0663,PRJ053,2024-03-31,31.7
R0663,PRJ053,2024-04-07,34.4
R0663,PRJ053,2024-04-14,29.1
R0663,PRJ053,2024-04-28,30.0
R0664,PRJ080,2024-03-03,15.9
R0664,PRJ080,2024-03-17,26.5
R0664,PRJ080,2024-03-24,25.3
R0664,PRJ080,2024-03-31,24.7
R0664,PRJ080,2024-04-07,23.2
R0664,PRJ080,2024-04-14,23.9
R0664,PRJ080,2024-04-21,23.9
R0664,PRJ080,2024-04-28,22.8
R0664,PRJ438,2024-03-10,37.6
R0664,PRJ438,2024-03-17,41.4
R0664,PRJ438,2024-03-24,27.6
R0664,PRJ438,2024-04-07,44.0
R0664,PRJ438,2024-04-21,44.7
R0664,PRJ438,2024-04-28,26.9
R0664,PRJ534,2024-03-03,4.5
R0664,PRJ534,2024-03-10,6.0
R0664,PRJ534,2024-03-17,4.2
R0664,PRJ534,2024-03-24,6.2
R0664,PRJ534,2024-03-31,4.2
R0664,PRJ534,2024-04-07,6.9
R0664,PRJ534,2024-04-14,6.0
R0664,PRJ534,2024-04-21,6.7
R0665,PRJ030,2024-03-17,31.3
R0665,PRJ030,2024-03-24,35.8
R0665,PRJ030,2024-04-07,31.7
R0665,PRJ030,2024-04-14,32.3
R0665,PRJ030,2024-04-21,33.7
R0665,PRJ030,2024-04-28,30.2
R0666,PRJ011,2024-03-03,25.4
R0666,PRJ011,2024-03-10,27.2
R0666,PRJ011,2024-03-17,22.9
R0666,PRJ011,2024-03-24,25.6
R0666,PRJ011,2024-03-31,32.1
R0666,PRJ011,2024-04-07,25.4
R0666,PRJ011,2024-04-14,29.4
R0666,PRJ011,2024-04-21,14.2
R0666,PRJ011,2024-04-28,39.2
R0666,PRJ288,2024-03-03,21.3
R0666,PRJ288,2024-03-10,31.0
R0666,PRJ288,2024-03-17,32.4
R0666,PRJ288,2024-03-24,30.5
R0666,PRJ288,2024-03-31,27.0
R0666,PRJ288,2024-04-07,22.7
R0666,PRJ288,2024-04-14,30.7
R0666,PRJ288,2024-04-21,26.4
R0666,PRJ288,2024-04-28,27.6
R0667,PRJ242,2024-03-10,28.8
R0667,PRJ242,2024-03-17,21.4
R0667,PRJ242,2024-03-24,31.2
R0667,PRJ242,2024-03-31,20.2
R0667,PRJ242,2024-04-07,19.5
R0667,PRJ242,2024-04-14,32.0
R0667,PRJ242,2024-04-21,26.0
R0667,PRJ242,2024-04-28,31.2
R0667,PRJ250,2024-03-03,24.8
R0667,PRJ250,2024-03-17,14.9
R0667,PRJ250,2024-03-24,19.5
R0667,PRJ250,2024-03-31,19.9
R0667,PRJ250,2024-04-07,20.5
R0667,PRJ250,2024-04-14,17.2
R0667,PRJ250,2024-04-21,21.1
R0667,PRJ250,2024-04-28,20.3
R0668,PRJ247,2024-03-10,20.0
R0668,PRJ247,2024-03-17,24.1
R0668,PRJ247,2024-03-24,17.9
R0668,PRJ247,2024-03-31,24.9
R0668,PRJ247,2024-04-07,26.4
R0668,PRJ247,2024-04-14,21.5
R0668,PRJ247,2024-04-21,18.2
R0668,PRJ615,2024-03-10,3.6
R0668,PRJ615,2024-03-17,3.6
R0668,PRJ615,2024-03-24,3.0
R0668,PRJ615,2024-03-31,3.1
R0668,PRJ615,2024-04-07,3.7
R0668,PRJ615,2024-04-14,4.2
R0668,PRJ615,2024-04-21,3.6
R0668,PRJ615,2024-04-28,3.7
R0669,PRJ326,2024-03-03,30.3
R0669,PRJ326,2024-03-10,27.3
R0670,PRJ194,2024-03-17,27.6
R0670,PRJ194,2024-03-24,27.3
R0670,PRJ194,2024-03-31,29.7
R0670,PRJ194,2024-04-07,22.0
R0670,PRJ194,2024-04-14,23.2
R0670,PRJ194,2024-04-21,26.0
R0670,PRJ194,2024-04-28,21.5
R0671,PRJ107,2024-03-03,17.8
R0671,PRJ107,2024-03-10,21.1
R0671,PRJ107,2024-03-17,20.1
R0671,PRJ107,2024-03-24,23.4
R0671,PRJ107,2024-03-31,21.4
R0671,PRJ107,2024-04-14,21.6
R0671,PRJ107,2024-04-21,20.4
R0671,PRJ107,2024-04-28,15.9
R0671,PRJ441,2024-03-03,16.9
R0671,PRJ441,2024-03-10,15.8
R0671,PRJ441,2024-03-17,11.5
R0671,PRJ441,2024-03-24,20.2
R0671,PRJ441,2024-03-31,16.0
R0671,PRJ441,2024-04-07,16.3
R0671,PRJ441,2024-04-14,15.9
R0672,PRJ020,2024-03-03,32.7
R0672,PRJ020,2024-03-10,33.8
R0672,PRJ020,2024-03-17,28.8
R0672,PRJ020,2024-03-24,31.6
R0672,PRJ020,2024-03-31,29.1
R0672,PRJ020,2024-04-07,35.4
R0672,PRJ020,2024-04-14,33.1
R0672,PRJ020,2024-04-21,22.2
R0672,PRJ020,2024-04-28,33.6
R0672,PRJ522,2024-03-03,6.5
R0672,PRJ522,2024-03-10,5.6
R0672,PRJ522,2024-03-17,5.5
R0672,PRJ522,2024-03-24,7.1
R0672,PRJ522,2024-03-31,7.1
R0672,PRJ522,2024-04-07,6.5
R0672,PRJ522,2024-04-14,5.8
R0672,PRJ522,2024-04-21,5.6
R0672,PRJ522,2024-04-28,5.6
R0673,PRJ278,2024-03-10,31.4
R0673,PRJ278,2024-03-17,25.9
R0673,PRJ278,2024-03-24,22.0
R0673,PRJ278,2024-03-31,20.8
R0673,PRJ278,2024-04-07,33.0
R0673,PRJ278,2024-04-14,27.4
R0673,PRJ278,2024-04-21,27.9
R0673,PRJ278,2024-04-28,28.2
R0673,PRJ039,2024-03-03,29.0
R0673,PRJ039,2024-03-17,23.6
R0673,PRJ039,2024-03-24,22.2
R0673,PRJ039,2024-03-31,30.3
R0673,PRJ039,2024-04-07,20.5
R0673,PRJ039,2024-04-14,30.9
R0673,PRJ039,2024-04-21,26.0
R0674,PRJ216,2024-03-03,24.2
R0674,PRJ216,2024-03-10,28.4
R0674,PRJ216,2024-03-17,28.6
R0674,PRJ216,2024-03-24,24.9
R0674,PRJ216,2024-03-31,26.2
R0674,PRJ216,2024-04-07,20.5
R0674,PRJ216,2024-04-14,23.9
R0674,PRJ216,2024-04-21,22.2
R0674,PRJ216,2024-04-28,36.6
R0675,PRJ118,2024-03-10,35.5
R0675,PRJ118,2024-03-17,35.8
R0675,PRJ118,2024-03-24,38.0
R0675,PRJ118,2024-03-31,39.3
R0675,PRJ118,2024-04-07,25.7
R0675,PRJ118,2024-04-14,28.5
R0675,PRJ118,2024-04-21,33.6
R0675,PRJ118,2024-04-28,46.8
R0676,PRJ034,2024-03-03,25.1
R0676,PRJ034,2024-03-10,36.8
R0676,PRJ034,2024-03-17,31.5
R0676,PRJ034,2024-03-24,36.3
R0676,PRJ034,2024-03-31,37.8
R0676,PRJ034,2024-04-07,34.8
R0676,PRJ034,2024-04-14,45.1
R0676,PRJ034,2024-04-21,42.0
R0676,PRJ034,2024-04-28,27.2
R0676,PRJ344,2024-03-10,24.5
R0676,PRJ344,2024-03-17,18.7
R0676,PRJ344,2024-03-24,14.9
R0676,PRJ344,2024-03-31,20.3
R0676,PRJ344,2024-04-07,21.0
R0676,PRJ344,2024-04-14,22.1
R0676,PRJ344,2024-04-21,21.4
R0676,PRJ581,2024-03-03,3.1
R0676,PRJ581,2024-03-17,4.4
R0676,PRJ581,2024-03-24,5.1
R0676,PRJ581,2024-03-31,6.0
R0676,PRJ581,2024-04-07,4.5
R0676,PRJ581,2024-04-14,3.7
R0676,PRJ581,2024-04-21,4.0
R0677,PRJ060,2024-03-03,25.5
R0677,PRJ060,2024-03-10,21.2
R0677,PRJ060,2024-03-17,18.1
R0677,PRJ060,2024-03-24,30.7
R0677,PRJ060,2024-03-31,27.4
R0677,PRJ060,2024-04-07,20.4
R0677,PRJ060,2024-04-14,30.7
R0677,PRJ060,2024-04-21,30.7
R0677,PRJ060,2024-04-28,30.0
R0678,PRJ209,2024-03-10,15.2
R0678,PRJ209,2024-03-17,15.7
R0678,PRJ209,2024-03-24,17.2
R0678,PRJ209,2024-03-31,14.1
R0678,PRJ209,2024-04-07,18.4
R0678,PRJ209,2024-04-14,16.7
R0678,PRJ209,2024-04-21,18.3
R0678,PRJ209,2024-04-28,14.8
R0678,PRJ001,2024-03-03,22.2
R0678,PRJ001,2024-03-10,17.5
R0678,PRJ001,2024-03-17,19.6
R0678,PRJ001,2024-03-24,20.2
R0678,PRJ001,2024-03-31,23.3
R0678,PRJ001,2024-04-07,24.5
R0678,PRJ001,2024-04-14,13.3
R0678,PRJ001,2024-04-21,19.0
R0678,PRJ001,2024-04-28,16.9
R0679,PRJ226,2024-03-03,29.7
R0679,PRJ226,2024-03-10,30.8
R0679,PRJ226,2024-03-17,23.3
R0679,PRJ226,2024-03-24,32.2
R0679,PRJ226,2024-04-07,29.9
R0680,PRJ164,2024-03-03,22.3
R0680,PRJ164,2024-03-10,36.8
R0681,PRJ080,2024-03-03,28.0
R0681,PRJ080,2024-03-10,45.7
R0681,PRJ080,2024-03-17,43.9
R0681,PRJ080,2024-03-24,28.9
R0681,PRJ080,2024-03-31,32.2
R0681,PRJ080,2024-04-07,32.3
R0681,PRJ080,2024-04-14,39.5
R0681,PRJ080,2024-04-21,42.6
R0681,PRJ155,2024-03-10,13.9
R0681,PRJ155,2024-03-17,19.7
R0681,PRJ155,2024-03-24,18.2
R0681,PRJ155,2024-03-31,14.4
R0681,PRJ155,2024-04-07,19.3
R0681,PRJ155,2024-04-14,18.0
R0681,PRJ155,2024-04-21,15.0
R0681,PRJ155,2024-04-28,16.5
R0682,PRJ112,2024-03-03,20.1
R0682,PRJ112,2024-03-10,10.1
R0682,PRJ112,2024-03-17,13.6
R0682,PRJ112,2024-03-24,12.6
R0682,PRJ112,2024-03-31,15.3
R0682,PRJ112,2024-04-07,16.4
R0682,PRJ112,2024-04-14,15.7
R0682,PRJ112,2024-04-21,16.0
R0682,PRJ112,2024-04-28,16.5
R0682,PRJ144,2024-03-03,14.7
R0682,PRJ144,2024-03-10,20.8
R0682,PRJ144,2024-03-17,16.1
R0682,PRJ144,2024-03-24,13.0
R0682,PRJ144,2024-03-31,15.7
R0682,PRJ144,2024-04-07,17.6
R0682,PRJ144,2024-04-14,17.9
R0682,PRJ144,2024-04-21,17.2
R0682,PRJ144,2024-04-28,16.3
R0683,PRJ437,2024-03-03,25.7
R0683,PRJ437,2024-03-10,31.4
R0683,PRJ437,2024-03-17,29.4
R0683,PRJ437,2024-03-24,26.8
R0683,PRJ437,2024-03-31,30.3
R0683,PRJ437,2024-04-07,33.9
R0683,PRJ437,2024-04-14,23.1
R0683,PRJ437,2024-04-21,25.7
R0683,PRJ437,2024-04-28,15.8
R0684,PRJ003,2024-03-03,39.4
R0684,PRJ003,2024-03-10,29.4
R0684,PRJ003,2024-03-17,41.8
R0684,PRJ003,2024-03-24,34.2
R0684,PRJ003,2024-03-31,38.1
R0684,PRJ003,2024-04-07,39.2
R0684,PRJ003,2024-04-14,35.6
R0684,PRJ048,2024-03-10,30.0
R0684,PRJ048,2024-03-17,25.8
R0684,PRJ048,2024-03-24,29.1
R0684,PRJ048,2024-03-31,25.8
R0684,PRJ048,2024-04-07,37.9
R0684,PRJ048,2024-04-14,20.3
R0684,PRJ048,2024-04-21,15.2
R0684,PRJ048,2024-04-28,14.4
R0684,PRJ507,2024-03-10,5.6
R0684,PRJ507,2024-03-17,5.7
R0684,PRJ507,2024-03-24,8.0
R0684,PRJ507,2024-03-31,9.4
R0684,PRJ507,2024-04-07,9.5
R0684,PRJ507,2024-04-14,9.0
R0685,PRJ150,2024-03-03,23.7
R0685,PRJ150,2024-03-10,41.1
R0685,PRJ150,2024-03-17,38.1
R0685,PRJ150,2024-03-31,29.5
R0685,PRJ150,2024-04-07,32.0
R0685,PRJ150,2024-04-14,29.1
R0685,PRJ150,2024-04-21,35.5
R0685,PRJ150,2024-04-28,33.8
R0686,PRJ289,2024-03-03,28.3
R0686,PRJ289,2024-03-10,27.7
R0686,PRJ289,2024-03-17,30.7
R0686,PRJ289,2024-03-24,32.5
R0686,PRJ289,2024-03-31,32.6
R0686,PRJ289,2024-04-07,30.6
R0686,PRJ289,2024-04-14,29.6
R0686,PRJ289,2024-04-21,25.1
R0686,PRJ289,2024-04-28,25.5
R0686,PRJ124,2024-03-03,42.1
R0686,PRJ124,2024-03-10,30.0
R0686,PRJ124,2024-03-17,30.5
R0686,PRJ124,2024-03-24,29.2
R0686,PRJ124,2024-03-31,38.9
R0686,PRJ124,2024-04-07,39.8
R0686,PRJ124,2024-04-14,35.9
R0686,PRJ124,2024-04-21,27.4
R0686,PRJ124,2024-04-28,35.4
R0687,PRJ149,2024-03-03,38.9
R0687,PRJ149,2024-03-10,29.4
R0687,PRJ149,2024-03-17,29.5
R0687,PRJ149,2024-03-24,29.7
R0687,PRJ149,2024-03-31,38.9
R0687,PRJ149,2024-04-07,35.9
R0687,PRJ149,2024-04-14,29.5
R0687,PRJ123,2024-03-10,31.6
R0687,PRJ123,2024-03-17,34.3
R0687,PRJ123,2024-03-24,31.6
R0687,PRJ123,2024-03-31,32.0
R0687,PRJ123,2024-04-14,22.4
R0687,PRJ123,2024-04-21,19.6
R0687,PRJ123,2024-04-28,25.4
R0688,PRJ431,2024-03-03,36.1
R0688,PRJ431,2024-03-10,32.9
R0688,PRJ431,2024-03-17,38.2
R0688,PRJ431,2024-03-24,36.2
R0688,PRJ431,2024-03-31,28.8
R0688,PRJ431,2024-04-28,28.6
R0688,PRJ390,2024-03-03,29.7
R0688,PRJ390,2024-03-10,35.6
R0688,PRJ390,2024-03-17,29.8
R0688,PRJ390,2024-03-24,41.9
R0688,PRJ390,2024-03-31,37.2
R0688,PRJ390,2024-04-07,34.0
R0688,PRJ390,2024-04-14,39.4
R0688,PRJ390,2024-04-21,38.9
R0688,PRJ390,2024-04-28,36.8
R0688,PRJ486,2024-03-03,6.5
R0688,PRJ486,2024-03-10,5.6
R0688,PRJ486,2024-03-17,7.4
R0688,PRJ486,2024-03-24,6.9
R0688,PRJ486,2024-03-31,6.2
R0688,PRJ486,2024-04-21,6.6
R0688,PRJ486,2024-04-28,5.5
R0689,PRJ073,2024-03-03,43.0
R0689,PRJ073,2024-03-10,37.5
R0689,PRJ073,2024-03-17,37.0
R0689,PRJ073,2024-03-24,36.5
R0689,PRJ073,2024-03-31,34.2
R0689,PRJ073,2024-04-07,38.0
R0689,PRJ073,2024-04-14,34.6
R0689,PRJ073,2024-04-21,33.7
R0689,PRJ073,2024-04-28,32.7
R0689,PRJ201,2024-03-10,17.0
R0689,PRJ201,2024-03-17,21.3
R0689,PRJ201,2024-03-24,21.5
R0689,PRJ201,2024-03-31,20.7
R0689,PRJ201,2024-04-07,25.5
R0689,PRJ201,2024-04-14,15.9
R0689,PRJ201,2024-04-28,19.6
R0690,PRJ339,2024-03-03,20.2
R0690,PRJ339,2024-03-10,19.0
R0690,PRJ339,2024-03-17,18.6
R0690,PRJ339,2024-03-24,22.5
R0690,PRJ339,2024-03-31,18.1
R0690,PRJ339,2024-04-07,17.5
R0690,PRJ339,2024-04-14,21.9
R0690,PRJ339,2024-04-21,21.8
R0690,PRJ339,2024-04-28,15.9
R0690,PRJ071,2024-03-03,33.5
R0690,PRJ071,2024-03-10,36.9
R0690,PRJ071,2024-03-17,21.4
R0690,PRJ071,2024-03-31,27.2
R0690,PRJ071,2024-04-07,36.9
R0690,PRJ071,2024-04-14,36.9
R0690,PRJ071,2024-04-21,18.5
R0690,PRJ071,2024-04-28,17.5
R0691,PRJ209,2024-03-03,26.5
R0691,PRJ209,2024-03-10,19.3
R0691,PRJ209,2024-03-17,28.0
R0691,PRJ209,2024-03-24,25.0
R0691,PRJ209,2024-03-31,27.8
R0691,PRJ209,2024-04-07,28.0
R0691,PRJ209,2024-04-14,25.8
R0691,PRJ209,2024-04-21,12.2
R0691,PRJ209,2024-04-28,26.4
R0692,PRJ289,2024-03-03,26.8
R0692,PRJ289,2024-03-10,23.2
R0692,PRJ289,2024-03-17,16.4
R0693,PRJ310,2024-03-10,13.7
R0693,PRJ310,2024-03-17,16.4
R0693,PRJ310,2024-03-24,26.4
R0693,PRJ310,2024-03-31,33.2
R0693,PRJ310,2024-04-07,33.5
R0693,PRJ310,2024-04-14,31.5
R0694,PRJ293,2024-03-03,37.1
R0694,PRJ293,2024-03-10,33.1
R0694,PRJ293,2024-03-17,31.0
R0694,PRJ293,2024-03-24,30.5
R0694,PRJ293,2024-03-31,35.9
R0694,PRJ293,2024-04-07,28.4
R0694,PRJ293,2024-04-14,29.6
R0694,PRJ293,2024-04-28,26.0
R0694,PRJ331,2024-03-10,27.3
R0694,PRJ331,2024-03-17,23.5
R0694,PRJ331,2024-03-24,26.7
R0694,PRJ331,2024-03-31,24.2
R0694,PRJ331,2024-04-07,26.9
R0694,PRJ331,2024-04-14,25.8
R0694,PRJ331,2024-04-28,21.9
R0695,PRJ414,2024-03-03,17.1
R0695,PRJ414,2024-03-17,20.6
R0695,PRJ414,2024-03-24,26.0
R0695,PRJ414,2024-03-31,20.5
R0695,PRJ414,2024-04-07,25.1
R0695,PRJ414,2024-04-14,17.8
R0695,PRJ414,2024-04-21,22.1
R0695,PRJ414,2024-04-28,23.4
R0696,PRJ345,2024-03-17,32.5
R0696,PRJ345,2024-03-24,30.7
R0696,PRJ345,2024-03-31,36.4
R0696,PRJ345,2024-04-07,26.4
R0696,PRJ345,2024-04-14,33.5
R0696,PRJ345,2024-04-21,36.1
R0696,PRJ607,2024-03-03,2.2
R0696,PRJ607,2024-03-10,2.8
R0696,PRJ607,2024-03-17,1.9
R0696,PRJ607,2024-03-24,2.0
R0696,PRJ607,2024-03-31,1.8
R0696,PRJ607,2024-04-07,8.5
R0696,PRJ607,2024-04-14,7.4
R0696,PRJ607,2024-04-21,8.1
R0697,PRJ090,2024-03-03,17.3
R0697,PRJ090,2024-03-10,25.0
R0697,PRJ090,2024-03-17,24.7
R0697,PRJ090,2024-03-24,16.7
R0697,PRJ090,2024-03-31,18.1
R0697,PRJ090,2024-04-07,25.6
R0697,PRJ090,2024-04-14,19.6
R0697,PRJ090,2024-04-21,17.5
R0697,PRJ090,2024-04-28,28.1
R0697,PRJ162,2024-03-03,17.6
R0697,PRJ162,2024-03-10,15.4
R0697,PRJ162,2024-03-17,20.1
R0697,PRJ162,2024-03-24,11.8
R0697,PRJ162,2024-03-31,15.6
R0697,PRJ162,2024-04-07,18.1
R0697,PRJ162,2024-04-14,19.1
R0697,PRJ162,2024-04-21,17.5
R0697,PRJ162,2024-04-28,18.2
R0698,PRJ380,2024-03-03,18.7
R0698,PRJ380,2024-03-10,17.0
R0698,PRJ380,2024-03-17,14.8
R0698,PRJ380,2024-03-24,15.9
R0698,PRJ380,2024-04-07,17.1
R0698,PRJ380,2024-04-14,18.0
R0698,PRJ380,2024-04-21,14.4
R0698,PRJ380,2024-04-28,16.2
R0698,PRJ190,2024-03-03,15.7
R0698,PRJ190,2024-03-10,15.1
R0698,PRJ190,2024-03-17,16.8
R0698,PRJ190,2024-03-24,20.7
R0698,PRJ190,2024-03-31,11.3
R0698,PRJ190,2024-04-07,14.6
R0698,PRJ190,2024-04-14,22.2
R0698,PRJ190,2024-04-21,19.4
R0698,PRJ190,2024-04-28,18.7
R0699,PRJ247,2024-03-03,30.1
R0699,PRJ247,2024-03-10,26.7
R0699,PRJ247,2024-03-17,32.7
R0699,PRJ247,2024-03-24,22.7
R0699,PRJ247,2024-03-31,28.8
R0699,PRJ247,2024-04-07,26.6
R0699,PRJ247,2024-04-14,27.2
R0699,PRJ203,2024-03-03,26.6
R0699,PRJ203,2024-03-10,31.7
R0699,PRJ203,2024-03-17,22.9
R0699,PRJ203,2024-04-07,28.0
R0699,PRJ203,2024-04-14,28.0
R0699,PRJ203,2024-04-21,34.2
R0699,PRJ203,2024-04-28,28.7
R0700,PRJ121,2024-03-03,23.0
R0700,PRJ121,2024-03-10,26.0
R0700,PRJ121,2024-03-17,18.1
R0700,PRJ121,2024-03-24,18.7
R0700,PRJ121,2024-03-31,20.1
R0700,PRJ121,2024-04-07,23.7
R0700,PRJ121,2024-04-14,21.9
R0700,PRJ121,2024-04-21,17.1
R0700,PRJ121,2024-04-28,40.4
R0700,PRJ451,2024-03-03,4.9
R0700,PRJ451,2024-03-10,4.6
R0700,PRJ451,2024-03-17,4.4
R0700,PRJ451,2024-03-24,3.5
R0700,PRJ451,2024-03-31,5.1
R0700,PRJ451,2024-04-07,3.9
R0700,PRJ451,2024-04-14,2.7
R0700,PRJ451,2024-04-21,3.7
R0701,PRJ069,2024-03-03,15.4
R0701,PRJ069,2024-03-10,19.3
R0701,PRJ069,2024-03-17,18.3
R0701,PRJ069,2024-03-24,19.3
R0701,PRJ069,2024-03-31,20.1
R0701,PRJ069,2024-04-07,24.0
R0701,PRJ069,2024-04-14,17.7
R0701,PRJ069,2024-04-21,18.4
R0702,PRJ311,2024-03-03,36.3
R0702,PRJ311,2024-03-10,40.9
R0702,PRJ311,2024-03-24,36.5
R0702,PRJ311,2024-03-31,42.4
R0702,PRJ311,2024-04-07,45.6
R0702,PRJ311,2024-04-14,33.1
R0702,PRJ311,2024-04-21,30.6
R0702,PRJ311,2024-04-28,42.0
R0702,PRJ089,2024-03-10,22.6
R0702,PRJ089,2024-03-17,16.3
R0702,PRJ089,2024-03-24,23.6
R0702,PRJ089,2024-03-31,24.4
R0702,PRJ089,2024-04-07,27.4
R0702,PRJ089,2024-04-14,27.6
R0703,PRJ257,2024-03-03,22.6
R0703,PRJ257,2024-03-10,20.0
R0704,PRJ126,2024-03-03,17.0
R0704,PRJ126,2024-03-10,21.1
R0704,PRJ126,2024-03-17,21.1
R0704,PRJ126,2024-03-24,22.3
R0704,PRJ126,2024-03-31,25.5
R0704,PRJ126,2024-04-07,21.8
R0704,PRJ126,2024-04-14,21.8
R0704,PRJ126,2024-04-21,28.6
R0704,PRJ126,2024-04-28,18.9
R0704,PRJ624,2024-03-03,7.5
R0704,PRJ624,2024-03-10,6.6
R0704,PRJ624,2024-03-17,7.6
R0704,PRJ624,2024-03-24,8.5
R0704,PRJ624,2024-03-31,7.9
R0704,PRJ624,2024-04-07,7.5
R0704,PRJ624,2024-04-14,7.2
R0704,PRJ624,2024-04-21,8.3
R0704,PRJ624,2024-04-28,8.0
R0705,PRJ288,2024-03-03,25.1
R0705,PRJ288,2024-03-10,32.8
R0705,PRJ288,2024-03-17,22.5
R0705,PRJ288,2024-03-24,32.8
R0705,PRJ288,2024-03-31,29.3
R0705,PRJ288,2024-04-14,11.5
R0705,PRJ288,2024-04-21,20.8
R0705,PRJ288,2024-04-28,18.5
R0706,PRJ272,2024-03-03,26.6
R0706,PRJ272,2024-03-10,23.4
R0706,PRJ272,2024-03-17,24.3
R0706,PRJ272,2024-03-24,29.7
R0706,PRJ272,2024-03-31,31.7
R0706,PRJ272,2024-04-07,32.2
R0706,PRJ272,2024-04-14,30.6
R0706,PRJ272,2024-04-21,24.9
R0706,PRJ272,2024-04-28,30.6
R0706,PRJ005,2024-03-03,30.5
R0706,PRJ005,2024-03-10,33.4
R0706,PRJ005,2024-03-17,46.3
R0706,PRJ005,2024-03-24,36.6
R0706,PRJ005,2024-03-31,40.1
R0706,PRJ005,2024-04-07,25.6
R0706,PRJ005,2024-04-14,36.4
R0706,PRJ005,2024-04-21,24.7
R0707,PRJ315,2024-03-03,19.2
R0707,PRJ315,2024-03-10,20.0
R0707,PRJ315,2024-03-17,19.0
R0707,PRJ315,2024-03-24,22.6
R0707,PRJ315,2024-03-31,19.8
R0707,PRJ315,2024-04-07,22.9
R0707,PRJ315,2024-04-14,20.7
R0707,PRJ315,2024-04-21,20.8
R0707,PRJ315,2024-04-28,21.9
R0708,PRJ178,2024-03-03,20.7
R0708,PRJ178,2024-03-10,19.9
R0708,PRJ178,2024-03-17,21.0
R0708,PRJ178,2024-03-24,19.3
R0708,PRJ178,2024-03-31,23.1
R0708,PRJ178,2024-04-07,20.5
R0708,PRJ178,2024-04-14,21.3
R0708,PRJ178,2024-04-21,14.5
R0708,PRJ178,2024-04-28,12.5
R0708,PRJ192,2024-03-03,34.4
R0708,PRJ192,2024-03-10,23.7
R0708,PRJ192,2024-03-17,36.3
R0708,PRJ192,2024-03-24,37.2
R0708,PRJ192,2024-03-31,36.4
R0708,PRJ192,2024-04-07,32.9
R0708,PRJ192,2024-04-14,22.0
R0708,PRJ192,2024-04-21,21.9
R0708,PRJ604,2024-03-03,2.5
R0708,PRJ604,2024-03-10,2.8
R0708,PRJ604,2024-03-17,3.6
R0708,PRJ604,2024-03-24,3.0
R0708,PRJ604,2024-03-31,3.8
R0708,PRJ604,2024-04-07,2.9
R0708,PRJ604,2024-04-14,4.2
R0708,PRJ604,2024-04-21,3.9
R0708,PRJ604,2024-04-28,3.0
R0709,PRJ193,2024-03-03,15.9
R0709,PRJ193,2024-03-10,22.4
R0709,PRJ193,2024-03-17,15.3
R0709,PRJ193,2024-03-24,16.8
R0709,PRJ193,2024-03-31,15.3
R0709,PRJ193,2024-04-07,19.0
R0709,PRJ193,2024-04-14,21.8
R0709,PRJ193,2024-04-28,19.0
R0710,PRJ102,2024-03-03,19.7
R0710,PRJ102,2024-03-10,18.9
R0710,PRJ102,2024-03-17,26.5
R0710,PRJ102,2024-03-31,15.8
R0710,PRJ102,2024-04-07,16.7
R0710,PRJ102,2024-04-14,36.1
R0710,PRJ102,2024-04-21,28.9
R0710,PRJ102,2024-04-28,28.2
R0711,PRJ446,2024-03-10,33.5
R0711,PRJ446,2024-03-17,35.9
R0711,PRJ446,2024-03-24,25.9
R0711,PRJ446,2024-03-31,31.1
R0711,PRJ446,2024-04-07,27.1
R0711,PRJ446,2024-04-14,26.2
R0711,PRJ446,2024-04-21,30.5
R0711,PRJ446,2024-04-28,26.8
R0711,PRJ437,2024-03-03,31.2
R0711,PRJ437,2024-03-10,27.7
R0711,PRJ437,2024-03-17,17.7
R0711,PRJ437,2024-03-24,13.1
R0711,PRJ437,2024-03-31,20.1
R0711,PRJ437,2024-04-07,31.2
R0711,PRJ437,2024-04-14,21.2
R0711,PRJ437,2024-04-21,28.7
R0711,PRJ437,2024-04-28,27.6
R0712,PRJ168,2024-03-03,22.0
R0712,PRJ168,2024-03-10,23.2
R0712,PRJ168,2024-03-17,20.9
R0712,PRJ168,2024-03-24,23.9
R0712,PRJ168,2024-03-31,22.1
R0712,PRJ168,2024-04-07,18.5
R0712,PRJ168,2024-04-14,19.5
R0712,PRJ168,2024-04-21,20.5
R0712,PRJ168,2024-04-28,17.5
R0712,PRJ455,2024-03-03,6.6
R0712,PRJ455,2024-03-10,4.5
R0712,PRJ455,2024-03-17,5.6
R0712,PRJ455,2024-03-24,5.9
R0712,PRJ455,2024-03-31,5.6
R0712,PRJ455,2024-04-07,7.8
R0713,PRJ017,2024-03-03,35.7
R0713,PRJ017,2024-03-10,25.0
R0713,PRJ017,2024-03-17,37.0
R0713,PRJ017,2024-03-24,40.0
R0713,PRJ017,2024-03-31,29.1
R0713,PRJ017,2024-04-07,44.8
R0713,PRJ017,2024-04-14,32.0
R0713,PRJ017,2024-04-21,42.9
R0713,PRJ017,2024-04-28,38.6
R0714,PRJ175,2024-03-10,15.3
R0714,PRJ175,2024-03-17,21.9
R0714,PRJ175,2024-03-24,18.7
R0714,PRJ175,2024-03-31,20.1
R0714,PRJ175,2024-04-07,17.9
R0714,PRJ175,2024-04-21,13.7
R0714,PRJ175,2024-04-28,16.3
R0716,PRJ309,2024-03-03,27.0
R0716,PRJ309,2024-03-10,32.0
R0716,PRJ309,2024-03-17,32.7
R0716,PRJ309,2024-03-24,37.4
R0716,PRJ309,2024-03-31,33.4
R0716,PRJ309,2024-04-07,36.1
R0716,PRJ309,2024-04-14,31.6
R0716,PRJ309,2024-04-21,30.2
R0716,PRJ309,2024-04-28,28.4
R0716,PRJ489,2024-03-17,3.1
R0716,PRJ489,2024-03-31,7.5
R0716,PRJ489,2024-04-07,10.1
R0716,PRJ489,2024-04-21,7.8
R0716,PRJ489,2024-04-28,8.6
R0717,PRJ010,2024-03-10,18.1
R0717,PRJ010,2024-03-17,16.4
R0717,PRJ010,2024-03-24,15.6
R0717,PRJ010,2024-03-31,18.1
R0717,PRJ010,2024-04-07,11.7
R0717,PRJ010,2024-04-14,18.5
R0717,PRJ010,2024-04-21,16.2
R0717,PRJ010,2024-04-28,20.7
R0717,PRJ325,2024-03-03,18.6
R0717,PRJ325,2024-03-10,22.4
R0717,PRJ325,2024-03-24,19.6
R0717,PRJ325,2024-03-31,13.3
R0717,PRJ325,2024-04-07,20.0
R0717,PRJ325,2024-04-14,16.8
R0717,PRJ325,2024-04-21,19.2
R0717,PRJ325,2024-04-28,16.7
R0718,PRJ319,2024-03-03,17.7
R0718,PRJ319,2024-03-10,20.9
R0718,PRJ319,2024-03-17,16.7
R0718,PRJ319,2024-03-24,17.4
R0718,PRJ319,2024-03-31,24.2
R0718,PRJ319,2024-04-14,21.4
R0718,PRJ319,2024-04-21,24.2
R0719,PRJ281,2024-03-10,20.5
R0719,PRJ281,2024-03-17,19.0
R0719,PRJ281,2024-03-24,16.3
R0719,PRJ281,2024-04-07,20.0
R0719,PRJ281,2024-04-14,18.6
R0719,PRJ281,2024-04-28,20.8
R0720,PRJ098,2024-03-03,22.1
R0720,PRJ098,2024-03-10,22.6
R0720,PRJ098,2024-03-17,26.5
R0720,PRJ098,2024-03-24,26.1
R0720,PRJ098,2024-03-31,27.3
R0720,PRJ098,2024-04-07,24.3
R0720,PRJ098,2024-04-14,16.8
R0720,PRJ098,2024-04-21,22.1
R0720,PRJ098,2024-04-28,33.4
R0720,PRJ062,2024-03-10,21.3
R0720,PRJ062,2024-03-24,18.2
R0720,PRJ062,2024-03-31,25.5
R0720,PRJ062,2024-04-14,19.4
R0720,PRJ062,2024-04-21,23.1
R0720,PRJ062,2024-04-28,21.4
R0720,PRJ555,2024-03-10,5.4
R0720,PRJ555,2024-03-24,4.8
R0720,PRJ555,2024-03-31,6.9
R0720,PRJ555,2024-04-07,6.8
R0720,PRJ555,2024-04-14,6.3
R0720,PRJ555,2024-04-21,7.8
R0720,PRJ555,2024-04-28,6.0
R0721,PRJ219,2024-03-03,17.3
R0721,PRJ219,2024-03-10,15.0
R0721,PRJ219,2024-03-17,19.4
R0721,PRJ219,2024-03-24,17.7
R0721,PRJ219,2024-03-31,17.3
R0721,PRJ219,2024-04-07,12.8
R0721,PRJ219,2024-04-14,13.5
R0721,PRJ219,2024-04-21,13.5
R0721,PRJ219,2024-04-28,16.1
R0721,PRJ048,2024-03-03,19.4
R0721,PRJ048,2024-03-10,20.8
R0721,PRJ048,2024-03-17,19.8
R0721,PRJ048,2024-03-24,19.9
R0721,PRJ048,2024-03-31,14.0
R0721,PRJ048,2024-04-07,16.2
R0721,PRJ048,2024-04-14,13.7
R0721,PRJ048,2024-04-21,17.1
R0721,PRJ048,2024-04-28,15.4
R0722,PRJ188,2024-03-17,39.4
R0722,PRJ188,2024-03-24,32.3
R0722,PRJ188,2024-03-31,40.2
R0722,PRJ188,2024-04-07,33.5
R0722,PRJ188,2024-04-14,32.3
R0722,PRJ188,2024-04-21,27.1
R0723,PRJ273,2024-03-03,27.2
R0723,PRJ273,2024-03-10,33.2
R0723,PRJ273,2024-03-17,25.4
R0723,PRJ273,2024-03-31,25.7
R0723,PRJ273,2024-04-07,25.3
R0723,PRJ273,2024-04-14,26.5
R0723,PRJ273,2024-04-28,34.6
R0724,PRJ067,2024-03-17,29.0
R0724,PRJ067,2024-03-24,33.6
R0724,PRJ067,2024-03-31,23.7
R0724,PRJ067,2024-04-07,23.0
R0724,PRJ067,2024-04-14,34.4
R0724,PRJ067,2024-04-21,37.3
R0724,PRJ067,2024-04-28,42.7
R0724,PRJ461,2024-03-10,3.7
R0724,PRJ461,2024-03-17,5.7
R0724,PRJ461,2024-03-24,3.7
R0724,PRJ461,2024-03-31,4.7
R0724,PRJ461,2024-04-07,4.7
R0724,PRJ461,2024-04-14,3.1
R0724,PRJ461,2024-04-21,2.9
R0724,PRJ461,2024-04-28,2.0
R0725,PRJ228,2024-03-03,18.8
R0725,PRJ228,2024-03-10,18.4
R0725,PRJ228,2024-03-17,19.5
R0725,PRJ228,2024-03-24,20.1
R0725,PRJ228,2024-03-31,16.8
R0725,PRJ228,2024-04-14,16.4
R0725,PRJ228,2024-04-21,18.9
R0725,PRJ228,2024-04-28,14.9
R0726,PRJ140,2024-03-03,18.3
R0726,PRJ140,2024-03-10,18.7
R0726,PRJ140,2024-03-17,21.0
R0726,PRJ140,2024-03-24,18.0
R0726,PRJ140,2024-03-31,18.9
R0726,PRJ140,2024-04-07,22.0
R0726,PRJ140,2024-04-14,23.3
R0726,PRJ140,2024-04-21,18.5
R0726,PRJ140,2024-04-28,23.9
R0726,PRJ252,2024-03-03,37.7
R0726,PRJ252,2024-03-10,41.3
R0726,PRJ252,2024-03-17,34.5
R0726,PRJ252,2024-03-24,32.7
R0726,PRJ252,2024-03-31,33.7
R0726,PRJ252,2024-04-07,36.2
R0726,PRJ252,2024-04-14,34.4
R0726,PRJ252,2024-04-21,34.6
R0726,PRJ252,2024-04-28,37.7
R0727,PRJ130,2024-03-03,17.3
R0727,PRJ130,2024-03-10,19.4
R0728,PRJ067,2024-03-03,23.0
R0728,PRJ067,2024-03-10,21.4
R0728,PRJ067,2024-03-17,25.3
R0728,PRJ067,2024-03-24,32.8
R0728,PRJ067,2024-03-31,31.7
R0728,PRJ067,2024-04-07,26.1
R0728,PRJ067,2024-04-14,26.8
R0728,PRJ067,2024-04-21,26.4
R0728,PRJ067,2024-04-28,29.6
R0728,PRJ526,2024-03-03,8.2
R0728,PRJ526,2024-03-10,8.9
R0728,PRJ526,2024-03-17,8.2
R0728,PRJ526,2024-03-24,9.4
R0728,PRJ526,2024-03-31,5.1
R0728,PRJ526,2024-04-07,7.8
R0728,PRJ526,2024-04-14,5.7
R0728,PRJ526,2024-04-21,6.3
R0728,PRJ526,2024-04-28,9.3
R0729,PRJ179,2024-03-03,32.3
R0729,PRJ179,2024-03-10,35.9
R0729,PRJ179,2024-03-17,21.0
R0729,PRJ179,2024-03-24,31.3
R0729,PRJ179,2024-03-31,31.7
R0729,PRJ179,2024-04-07,35.9
R0729,PRJ179,2024-04-14,32.5
R0729,PRJ179,2024-04-21,35.8
R0729,PRJ179,2024-04-28,27.5
R0729,PRJ417,2024-03-17,21.7
R0729,PRJ417,2024-03-24,18.5
R0729,PRJ417,2024-03-31,25.0
R0729,PRJ417,2024-04-14,15.1
R0729,PRJ417,2024-04-21,19.3
R0729,PRJ417,2024-04-28,18.1
R0730,PRJ015,2024-03-17,22.5
R0730,PRJ015,2024-03-24,45.9
R0730,PRJ015,2024-03-31,32.6
R0730,PRJ015,2024-04-07,32.6
R0730,PRJ015,2024-04-14,33.7
R0730,PRJ015,2024-04-21,30.9
R0731,PRJ235,2024-03-10,32.8
R0731,PRJ235,2024-03-17,28.0
R0731,PRJ235,2024-03-24,35.0
R0731,PRJ235,2024-03-31,25.1
R0731,PRJ235,2024-04-07,28.1
R0731,PRJ235,2024-04-14,40.9
R0731,PRJ235,2024-04-21,28.9
R0731,PRJ235,2024-04-28,32.0
R0732,PRJ015,2024-03-10,18.4
R0732,PRJ015,2024-03-17,16.4
R0732,PRJ015,2024-03-24,18.3
R0732,PRJ015,2024-03-31,19.5
R0732,PRJ015,2024-04-07,17.0
R0732,PRJ015,2024-04-14,18.3
R0732,PRJ015,2024-04-21,22.0
R0732,PRJ015,2024-04-28,16.5
R0732,PRJ285,2024-03-17,38.0
R0732,PRJ285,2024-03-31,33.5
R0732,PRJ285,2024-04-07,35.0
R0732,PRJ285,2024-04-21,34.6
R0732,PRJ567,2024-03-03,5.8
R0732,PRJ567,2024-03-10,6.0
R0732,PRJ567,2024-03-17,6.0
R0732,PRJ567,2024-03-24,6.7
R0732,PRJ567,2024-03-31,7.7
R0732,PRJ567,2024-04-07,6.4
R0732,PRJ567,2024-04-14,6.5
R0732,PRJ567,2024-04-21,5.6
R0732,PRJ567,2024-04-28,4.9
R0733,PRJ407,2024-03-10,33.1
R0733,PRJ407,2024-03-17,38.8
R0733,PRJ407,2024-03-31,37.1
R0733,PRJ407,2024-04-07,33.5
R0733,PRJ407,2024-04-14,27.7
R0733,PRJ407,2024-04-21,34.2
R0733,PRJ407,2024-04-28,38.6
R0733,PRJ112,2024-03-03,22.4
R0733,PRJ112,2024-03-10,24.3
R0733,PRJ112,2024-03-17,27.6
R0733,PRJ112,2024-03-24,31.8
R0733,PRJ112,2024-03-31,26.5
R0733,PRJ112,2024-04-14,37.7
R0733,PRJ112,2024-04-21,34.9
R0734,PRJ300,2024-03-03,31.9
R0734,PRJ300,2024-03-10,22.0
R0734,PRJ300,2024-03-17,19.2
R0734,PRJ300,2024-03-24,19.7
R0734,PRJ300,2024-03-31,25.0
R0734,PRJ300,2024-04-07,27.6
R0734,PRJ300,2024-04-14,18.9
R0734,PRJ300,2024-04-21,19.3
R0734,PRJ300,2024-04-28,22.3
R0735,PRJ241,2024-03-03,35.0
R0735,PRJ241,2024-03-10,33.6
R0735,PRJ241,2024-03-17,36.6
R0735,PRJ241,2024-03-24,28.6
R0735,PRJ241,2024-03-31,37.9
R0735,PRJ241,2024-04-07,32.4
R0735,PRJ241,2024-04-14,39.7
R0735,PRJ241,2024-04-21,41.2
R0735,PRJ241,2024-04-28,33.5
R0735,PRJ244,2024-03-03,25.3
R0735,PRJ244,2024-03-10,24.4
R0735,PRJ244,2024-03-17,29.8
R0735,PRJ244,2024-03-24,19.3
R0735,PRJ244,2024-03-31,30.0
R0735,PRJ244,2024-04-07,30.5
R0735,PRJ244,2024-04-14,20.7
R0735,PRJ244,2024-04-21,19.2
R0735,PRJ244,2024-04-28,22.3
R0736,PRJ197,2024-03-03,33.1
R0736,PRJ197,2024-03-10,30.8
R0736,PRJ197,2024-03-17,31.2
R0736,PRJ197,2024-03-24,33.2
R0736,PRJ197,2024-03-31,41.4
R0736,PRJ197,2024-04-07,32.6
R0736,PRJ197,2024-04-14,36.8
R0736,PRJ197,2024-04-21,27.6
R0736,PRJ197,2024-04-28,33.9
R0736,PRJ629,2024-03-17,4.1
R0736,PRJ629,2024-03-31,5.7
R0736,PRJ629,2024-04-07,5.2
R0736,PRJ629,2024-04-14,4.1
R0736,PRJ629,2024-04-21,3.9
R0736,PRJ629,2024-04-28,5.6
R0737,PRJ098,2024-03-03,21.9
R0737,PRJ098,2024-03-10,20.9
R0737,PRJ098,2024-03-17,17.2
R0737,PRJ098,2024-03-24,18.3
R0737,PRJ098,2024-03-31,17.3
R0737,PRJ098,2024-04-07,21.2
R0737,PRJ098,2024-04-14,24.8
R0737,PRJ098,2024-04-21,22.2
R0737,PRJ098,2024-04-28,21.4
R0738,PRJ022,2024-03-03,33.7
R0738,PRJ022,2024-03-10,38.3
R0739,PRJ066,2024-03-03,32.3
R0739,PRJ066,2024-03-10,26.3
R0739,PRJ066,2024-03-17,38.6
R0739,PRJ066,2024-03-24,28.2
R0739,PRJ066,2024-03-31,25.7
R0739,PRJ066,2024-04-07,34.9
R0739,PRJ066,2024-04-14,23.9
R0739,PRJ066,2024-04-21,33.4
R0739,PRJ066,2024-04-28,34.2
R0740,PRJ294,2024-03-03,31.9
R0740,PRJ294,2024-03-10,31.4
R0740,PRJ294,2024-03-17,24.1
R0740,PRJ294,2024-03-31,27.5
R0740,PRJ294,2024-04-07,27.9
R0740,PRJ294,2024-04-14,27.8
R0740,PRJ294,2024-04-21,32.1
R0740,PRJ294,2024-04-28,29.2
R0740,PRJ473,2024-03-17,4.8
R0740,PRJ473,2024-03-24,5.5
R0740,PRJ473,2024-03-31,5.1
R0740,PRJ473,2024-04-07,4.2
R0740,PRJ473,2024-04-21,6.0
R0740,PRJ473,2024-04-28,6.0
R0741,PRJ070,2024-03-03,20.5
R0741,PRJ070,2024-03-10,30.2
R0741,PRJ070,2024-03-17,25.4
R0741,PRJ070,2024-03-24,24.0
R0741,PRJ070,2024-03-31,19.7
R0741,PRJ070,2024-04-14,27.2
R0741,PRJ070,2024-04-21,24.7
R0741,PRJ070,2024-04-28,20.8
R0742,PRJ141,2024-03-03,33.9
R0742,PRJ141,2024-03-10,30.1
R0742,PRJ141,2024-03-17,32.8
R0742,PRJ141,2024-03-24,35.8
R0742,PRJ141,2024-03-31,35.0
R0742,PRJ141,2024-04-07,31.2
R0742,PRJ141,2024-04-14,37.7
R0743,PRJ208,2024-03-03,27.4
R0743,PRJ208,2024-03-10,29.9
R0743,PRJ208,2024-03-17,33.0
R0743,PRJ208,2024-03-24,33.0
R0743,PRJ208,2024-04-07,31.7
R0743,PRJ208,2024-04-14,34.0
R0743,PRJ208,2024-04-21,28.8
R0743,PRJ208,2024-04-28,32.4
R0744,PRJ409,2024-03-03,37.6
R0744,PRJ409,2024-03-17,30.4
R0744,PRJ409,2024-03-24,34.0
R0744,PRJ409,2024-03-31,23.6
R0744,PRJ409,2024-04-07,35.3
R0744,PRJ409,2024-04-14,39.9
R0744,PRJ409,2024-04-21,30.3
R0744,PRJ409,2024-04-28,43.6
R0744,PRJ610,2024-03-03,7.0
R0744,PRJ610,2024-03-17,5.2
R0744,PRJ610,2024-03-31,7.3
R0744,PRJ610,2024-04-07,4.6
R0744,PRJ610,2024-04-14,5.9
R0744,PRJ610,2024-04-21,6.6
R0745,PRJ102,2024-03-03,17.0
R0745,PRJ102,2024-03-10,24.0
R0745,PRJ102,2024-03-17,24.5
R0745,PRJ102,2024-03-24,22.8
R0745,PRJ102,2024-03-31,26.9
R0745,PRJ102,2024-04-07,30.2
R0745,PRJ102,2024-04-14,30.4
R0745,PRJ102,2024-04-21,25.6
R0745,PRJ102,2024-04-28,30.7
R0745,PRJ044,2024-03-03,22.3
R0745,PRJ044,2024-03-10,26.7
R0745,PRJ044,2024-03-17,30.5
R0745,PRJ044,2024-03-24,31.1
R0745,PRJ044,2024-03-31,23.3
R0745,PRJ044,2024-04-07,33.4
R0745,PRJ044,2024-04-14,30.6
R0745,PRJ044,2024-04-21,29.1
R0745,PRJ044,2024-04-28,27.4
R0746,PRJ034,2024-03-10,29.4
R0746,PRJ034,2024-03-17,23.5
R0746,PRJ034,2024-03-24,40.2
R0746,PRJ034,2024-03-31,30.6
R0746,PRJ034,2024-04-21,24.7
R0746,PRJ034,2024-04-28,34.8
R0747,PRJ372,2024-03-03,25.3
R0747,PRJ372,2024-03-10,12.8
R0747,PRJ372,2024-03-17,17.8
R0747,PRJ372,2024-03-24,20.7
R0747,PRJ372,2024-03-31,20.5
R0747,PRJ372,2024-04-07,16.4
R0747,PRJ372,2024-04-14,22.4
R0747,PRJ372,2024-04-21,26.0
R0747,PRJ372,2024-04-28,23.1
R0748,PRJ301,2024-03-03,37.3
R0748,PRJ301,2024-03-10,22.9
R0748,PRJ301,2024-03-17,43.6
R0748,PRJ301,2024-03-24,45.8
R0748,PRJ301,2024-03-31,34.0
R0748,PRJ301,2024-04-07,43.9
R0748,PRJ301,2024-04-14,33.7
R0748,PRJ301,2024-04-21,40.6
R0748,PRJ301,2024-04-28,35.7
R0748,PRJ639,2024-03-03,5.1
R0748,PRJ639,2024-03-10,7.7
R0748,PRJ639,2024-03-24,6.9
R0748,PRJ639,2024-03-31,5.4
R0748,PRJ639,2024-04-07,4.8
R0748,PRJ639,2024-04-14,5.5
R0748,PRJ639,2024-04-21,1.6
R0749,PRJ289,2024-03-03,29.9
R0749,PRJ289,2024-03-10,34.2
R0749,PRJ289,2024-03-17,29.9
R0749,PRJ289,2024-03-24,38.2
R0749,PRJ289,2024-03-31,27.4
R0749,PRJ289,2024-04-07,40.3
R0749,PRJ289,2024-04-14,39.8
R0749,PRJ289,2024-04-28,41.5
R0749,PRJ192,2024-03-03,19.3
R0749,PRJ192,2024-03-10,21.7
R0749,PRJ192,2024-03-17,19.2
R0749,PRJ192,2024-03-24,19.7
R0749,PRJ192,2024-03-31,16.2
R0749,PRJ192,2024-04-07,17.1
R0749,PRJ192,2024-04-14,21.4
R0749,PRJ192,2024-04-21,23.2
R0749,PRJ192,2024-04-28,21.7
R0750,PRJ017,2024-03-10,18.4
R0751,PRJ076,2024-03-10,43.2
R0751,PRJ076,2024-03-17,39.3
R0751,PRJ076,2024-03-24,44.6
R0751,PRJ076,2024-03-31,41.0
R0751,PRJ076,2024-04-07,36.5
R0751,PRJ076,2024-04-14,46.3
R0751,PRJ076,2024-04-21,36.7
R0751,PRJ076,2024-04-28,28.0
R0751,PRJ357,2024-03-03,28.2
R0751,PRJ357,2024-03-10,41.7
R0751,PRJ357,2024-03-17,27.1
R0751,PRJ357,2024-03-24,30.4
R0751,PRJ357,2024-03-31,40.5
R0751,PRJ357,2024-04-07,37.9
R0751,PRJ357,2024-04-14,26.9
R0751,PRJ357,2024-04-21,34.8
R0751,PRJ357,2024-04-28,31.5
R0752,PRJ228,2024-03-03,32.0
R0752,PRJ228,2024-03-10,23.3
R0752,PRJ228,2024-03-24,31.2
R0752,PRJ228,2024-03-31,23.9
R0752,PRJ228,2024-04-07,32.3
R0752,PRJ228,2024-04-14,25.1
R0752,PRJ228,2024-04-21,26.3
R0752,PRJ228,2024-04-28,26.7
R0752,PRJ468,2024-03-10,5.3
R0752,PRJ468,2024-03-17,4.8
R0752,PRJ468,2024-03-24,4.8
R0752,PRJ468,2024-03-31,5.9
R0752,PRJ468,2024-04-07,5.3
R0752,PRJ468,2024-04-21,6.3
R0753,PRJ285,2024-03-03,31.2
R0753,PRJ285,2024-03-10,39.6
R0753,PRJ285,2024-03-17,34.3
R0753,PRJ285,2024-03-24,35.9
R0753,PRJ285,2024-03-31,31.1
R0753,PRJ285,2024-04-07,36.1
R0753,PRJ285,2024-04-14,38.3
R0753,PRJ285,2024-04-21,30.6
R0753,PRJ285,2024-04-28,46.8
R0754,PRJ434,2024-03-03,22.1
R0754,PRJ434,2024-03-10,14.4
R0754,PRJ434,2024-03-17,21.3
R0754,PRJ434,2024-03-24,20.8
R0754,PRJ434,2024-03-31,18.4
R0754,PRJ434,2024-04-14,18.7
R0754,PRJ434,2024-04-21,35.1
R0754,PRJ434,2024-04-28,34.1
R0754,PRJ079,2024-03-10,27.0
R0754,PRJ079,2024-03-17,31.6
R0754,PRJ079,2024-03-24,23.0
R0754,PRJ079,2024-03-31,19.2
R0754,PRJ079,2024-04-07,14.9
R0754,PRJ079,2024-04-21,21.6
R0754,PRJ079,2024-04-28,14.6
R0755,PRJ375,2024-03-03,32.9
R0755,PRJ375,2024-03-10,28.7
R0755,PRJ375,2024-03-17,33.9
R0755,PRJ375,2024-03-24,34.7
R0755,PRJ375,2024-03-31,33.9
R0755,PRJ375,2024-04-07,31.3
R0755,PRJ375,2024-04-14,39.9
R0755,PRJ375,2024-04-21,33.3
R0755,PRJ375,2024-04-28,36.2
R0755,PRJ209,2024-03-03,23.2
R0755,PRJ209,2024-03-10,17.1
R0755,PRJ209,2024-03-17,21.4
R0755,PRJ209,2024-03-24,22.4
R0755,PRJ209,2024-03-31,19.7
R0755,PRJ209,2024-04-07,18.2
R0755,PRJ209,2024-04-14,25.6
R0755,PRJ209,2024-04-21,18.2
R0755,PRJ209,2024-04-28,24.8
R0756,PRJ194,2024-03-03,14.7
R0756,PRJ194,2024-03-10,22.0
R0756,PRJ194,2024-03-17,17.8
R0756,PRJ194,2024-03-24,20.4
R0756,PRJ194,2024-03-31,15.2
R0756,PRJ194,2024-04-07,25.9
R0756,PRJ194,2024-04-14,17.1
R0756,PRJ194,2024-04-21,20.4
R0756,PRJ194,2024-04-28,21.9
R0756,PRJ133,2024-03-03,20.0
R0756,PRJ133,2024-03-10,15.7
R0756,PRJ133,2024-03-24,19.5
R0756,PRJ133,2024-03-31,17.0
R0756,PRJ133,2024-04-07,15.4
R0756,PRJ133,2024-04-14,19.5
R0756,PRJ133,2024-04-21,21.8
R0756,PRJ628,2024-03-03,2.5
R0756,PRJ628,2024-03-10,2.9
R0756,PRJ628,2024-03-17,2.0
R0756,PRJ628,2024-03-24,2.5
R0756,PRJ628,2024-04-07,2.0
R0756,PRJ628,2024-04-14,6.4
R0756,PRJ628,2024-04-21,9.4
R0757,PRJ262,2024-03-03,20.2
R0757,PRJ262,2024-03-10,13.6
R0757,PRJ262,2024-03-17,17.4
R0757,PRJ262,2024-03-24,16.0
R0757,PRJ262,2024-04-07,17.6
R0757,PRJ262,2024-04-14,29.6
R0757,PRJ262,2024-04-28,24.3
R0758,PRJ414,2024-03-03,22.4
R0758,PRJ414,2024-03-10,25.7
R0758,PRJ414,2024-03-17,20.7
R0758,PRJ414,2024-03-24,16.4
R0758,PRJ414,2024-04-07,19.5
R0758,PRJ414,2024-04-14,14.4
R0758,PRJ414,2024-04-21,18.3
R0758,PRJ414,2024-04-28,17.2
R0758,PRJ428,2024-03-03,34.9
R0758,PRJ428,2024-03-10,31.3
R0758,PRJ428,2024-03-17,22.7
R0758,PRJ428,2024-03-24,30.5
R0758,PRJ428,2024-03-31,26.7
R0758,PRJ428,2024-04-14,28.5
R0758,PRJ428,2024-04-21,23.7
R0758,PRJ428,2024-04-28,33.9
R0759,PRJ217,2024-03-17,30.5
R0759,PRJ217,2024-03-24,31.1
R0759,PRJ217,2024-04-07,30.5
R0759,PRJ217,2024-04-21,26.5
R0759,PRJ217,2024-04-28,30.6
R0759,PRJ043,2024-03-03,9.8
R0759,PRJ043,2024-03-10,16.3
R0759,PRJ043,2024-03-17,12.8
R0759,PRJ043,2024-03-24,17.5
R0759,PRJ043,2024-03-31,14.2
R0759,PRJ043,2024-04-07,15.8
R0759,PRJ043,2024-04-14,19.3
R0760,PRJ399,2024-03-03,15.0
R0760,PRJ399,2024-03-10,22.7
R0760,PRJ399,2024-03-17,21.0
R0760,PRJ399,2024-03-24,22.1
R0760,PRJ399,2024-03-31,19.5
R0760,PRJ399,2024-04-07,19.5
R0760,PRJ399,2024-04-14,25.5
R0760,PRJ399,2024-04-21,21.0
R0760,PRJ399,2024-04-28,22.6
R0760,PRJ296,2024-03-03,39.0
R0760,PRJ296,2024-03-10,39.0
R0760,PRJ296,2024-03-17,24.9
R0760,PRJ296,2024-03-24,25.8
R0760,PRJ296,2024-03-31,24.2
R0760,PRJ296,2024-04-07,29.8
R0760,PRJ296,2024-04-14,46.8
R0760,PRJ296,2024-04-21,21.1
R0760,PRJ296,2024-04-28,33.0
R0760,PRJ461,2024-03-03,7.2
R0760,PRJ461,2024-03-10,6.1
R0760,PRJ461,2024-03-17,6.9
R0760,PRJ461,2024-03-24,7.0
R0760,PRJ461,2024-03-31,5.7
R0760,PRJ461,2024-04-07,8.1
R0760,PRJ461,2024-04-14,6.9
R0760,PRJ461,2024-04-21,6.0
R0760,PRJ461,2024-04-28,8.0
R0761,PRJ203,2024-03-03,37.1
R0761,PRJ203,2024-03-10,32.7
R0761,PRJ203,2024-03-17,30.6
R0761,PRJ203,2024-03-24,36.9
R0761,PRJ203,2024-03-31,46.8
R0761,PRJ203,2024-04-07,32.8
R0761,PRJ203,2024-04-14,31.3
R0761,PRJ203,2024-04-21,33.6
R0761,PRJ203,2024-04-28,31.7
R0762,PRJ317,2024-03-03,20.5
R0763,PRJ167,2024-03-03,13.6
R0763,PRJ167,2024-03-10,17.5
R0763,PRJ167,2024-03-17,19.4
R0763,PRJ167,2024-03-24,20.5
R0763,PRJ167,2024-03-31,14.0
R0763,PRJ167,2024-04-07,17.2
R0763,PRJ167,2024-04-14,19.4
R0763,PRJ167,2024-04-21,17.6
R0763,PRJ167,2024-04-28,17.5
R0763,PRJ378,2024-03-03,13.2
R0763,PRJ378,2024-03-10,14.9
R0763,PRJ378,2024-03-17,12.8
R0763,PRJ378,2024-03-24,15.4
R0763,PRJ378,2024-03-31,15.3
R0763,PRJ378,2024-04-07,15.4
R0763,PRJ378,2024-04-14,18.2
R0763,PRJ378,2024-04-21,17.3
R0763,PRJ378,2024-04-28,21.6
R0764,PRJ071,2024-03-03,18.4
R0764,PRJ071,2024-03-10,18.8
R0764,PRJ071,2024-03-17,18.3
R0764,PRJ071,2024-03-24,18.2
R0764,PRJ071,2024-03-31,18.1
R0764,PRJ071,2024-04-07,15.1
R0764,PRJ071,2024-04-14,19.7
R0764,PRJ071,2024-04-21,24.4
R0764,PRJ071,2024-04-28,20.5
R0764,PRJ361,2024-03-03,37.4
R0764,PRJ361,2024-03-10,36.0
R0764,PRJ361,2024-03-17,34.1
R0764,PRJ361,2024-03-24,33.8
R0764,PRJ361,2024-03-31,38.1
R0764,PRJ361,2024-04-07,41.3
R0764,PRJ361,2024-04-14,30.3
R0764,PRJ361,2024-04-21,30.9
R0764,PRJ483,2024-03-03,6.2
R0764,PRJ483,2024-03-10,6.5
R0764,PRJ483,2024-03-17,6.3
R0764,PRJ483,2024-03-24,6.4
R0764,PRJ483,2024-03-31,8.2
R0764,PRJ483,2024-04-07,6.9
R0764,PRJ483,2024-04-14,7.8
R0764,PRJ483,2024-04-21,7.8
R0764,PRJ483,2024-04-28,2.0
R0765,PRJ013,2024-03-03,25.6
R0765,PRJ013,2024-03-10,17.7
R0765,PRJ013,2024-03-17,20.3
R0765,PRJ013,2024-03-24,15.0
R0765,PRJ013,2024-04-07,19.9
R0765,PRJ013,2024-04-14,17.9
R0765,PRJ013,2024-04-21,14.0
R0765,PRJ013,2024-04-28,15.9
R0766,PRJ031,2024-03-03,16.0
R0766,PRJ031,2024-03-10,24.0
R0766,PRJ031,2024-03-17,23.5
R0766,PRJ031,2024-03-24,41.4
R0766,PRJ031,2024-03-31,35.0
R0766,PRJ031,2024-04-07,21.9
R0766,PRJ031,2024-04-14,39.8
R0766,PRJ031,2024-04-21,31.4
R0766,PRJ031,2024-04-28,40.4
R0767,PRJ100,2024-03-03,27.6
R0767,PRJ100,2024-03-10,25.4
R0767,PRJ100,2024-03-17,24.4
R0767,PRJ100,2024-03-24,31.7
R0767,PRJ100,2024-03-31,16.5
R0767,PRJ100,2024-04-07,25.7
R0767,PRJ100,2024-04-14,20.4
R0767,PRJ100,2024-04-21,20.9
R0767,PRJ100,2024-04-28,20.6
R0767,PRJ032,2024-03-03,19.2
R0767,PRJ032,2024-03-10,16.9
R0767,PRJ032,2024-03-17,17.0
R0767,PRJ032,2024-03-24,13.0
R0767,PRJ032,2024-03-31,20.7
R0767,PRJ032,2024-04-07,17.4
R0767,PRJ032,2024-04-14,19.0
R0767,PRJ032,2024-04-21,18.7
R0767,PRJ032,2024-04-28,20.8
R0768,PRJ016,2024-03-03,22.9
R0768,PRJ016,2024-03-10,24.5
R0768,PRJ016,2024-03-17,33.6
R0768,PRJ016,2024-03-24,28.4
R0768,PRJ016,2024-03-31,28.7
R0768,PRJ016,2024-04-07,33.6
R0768,PRJ016,2024-04-14,28.1
R0768,PRJ016,2024-04-21,30.2
R0768,PRJ016,2024-04-28,30.0
R0768,PRJ580,2024-03-10,2.9
R0768,PRJ580,2024-03-17,3.5
R0768,PRJ580,2024-03-24,2.9
R0768,PRJ580,2024-03-31,4.1
R0768,PRJ580,2024-04-14,3.7
R0768,PRJ580,2024-04-21,3.3
R0768,PRJ580,2024-04-28,3.3
R0769,PRJ095,2024-03-03,41.0
R0769,PRJ095,2024-03-10,38.4
R0769,PRJ095,2024-03-24,29.6
R0769,PRJ095,2024-03-31,39.5
R0769,PRJ095,2024-04-07,32.1
R0770,PRJ087,2024-03-03,25.2
R0770,PRJ087,2024-03-10,19.5
R0770,PRJ087,2024-03-17,21.3
R0770,PRJ087,2024-03-24,22.0
R0770,PRJ087,2024-03-31,29.0
R0770,PRJ087,2024-04-07,22.8
R0770,PRJ087,2024-04-14,25.1
R0770,PRJ087,2024-04-21,26.2
R0770,PRJ087,2024-04-28,21.1
R0770,PRJ338,2024-03-03,31.4
R0770,PRJ338,2024-03-10,26.4
R0770,PRJ338,2024-03-24,31.2
R0770,PRJ338,2024-03-31,36.9
R0770,PRJ338,2024-04-07,41.5
R0770,PRJ338,2024-04-14,29.4
R0770,PRJ338,2024-04-21,31.3
R0770,PRJ338,2024-04-28,38.3
R0771,PRJ176,2024-03-03,35.5
R0771,PRJ176,2024-03-10,30.6
R0771,PRJ176,2024-03-17,35.2
R0771,PRJ176,2024-03-24,29.3
R0771,PRJ176,2024-03-31,39.9
R0771,PRJ176,2024-04-07,32.7
R0771,PRJ176,2024-04-14,34.4
R0771,PRJ176,2024-04-21,32.1
R0771,PRJ176,2024-04-28,33.5
R0771,PRJ347,2024-03-10,32.9
R0771,PRJ347,2024-03-17,34.5
R0771,PRJ347,2024-03-24,33.1
R0771,PRJ347,2024-03-31,32.4
R0771,PRJ347,2024-04-07,32.4
R0771,PRJ347,2024-04-14,30.6
R0771,PRJ347,2024-04-21,36.7
R0771,PRJ347,2024-04-28,32.5
R0772,PRJ341,2024-03-03,17.0
R0772,PRJ341,2024-03-17,15.8
R0772,PRJ341,2024-03-24,16.1
R0772,PRJ341,2024-03-31,17.3
R0772,PRJ341,2024-04-07,14.3
R0772,PRJ341,2024-04-14,19.1
R0772,PRJ341,2024-04-21,24.8
R0772,PRJ341,2024-04-28,20.8
R0772,PRJ175,2024-03-03,21.3
R0772,PRJ175,2024-03-10,16.5
R0772,PRJ175,2024-03-17,23.1
R0772,PRJ175,2024-03-24,23.1
R0772,PRJ175,2024-03-31,21.9
R0772,PRJ175,2024-04-07,20.9
R0772,PRJ175,2024-04-21,22.9
R0772,PRJ175,2024-04-28,21.4
R0772,PRJ645,2024-03-03,5.7
R0772,PRJ645,2024-03-10,7.2
R0772,PRJ645,2024-03-17,9.9
R0772,PRJ645,2024-03-24,6.0
R0772,PRJ645,2024-03-31,7.5
R0772,PRJ645,2024-04-07,8.3
R0773,PRJ378,2024-03-03,26.0
R0773,PRJ378,2024-03-10,30.6
R0774,PRJ088,2024-03-03,27.0
R0774,PRJ088,2024-03-10,33.8
R0774,PRJ088,2024-03-17,29.1
R0774,PRJ088,2024-03-24,26.9
R0774,PRJ088,2024-03-31,28.3
R0774,PRJ088,2024-04-07,25.7
R0774,PRJ088,2024-04-14,28.8
R0775,PRJ253,2024-03-10,22.8
R0775,PRJ253,2024-03-17,24.1
R0775,PRJ253,2024-03-31,16.4
R0775,PRJ253,2024-04-07,14.7
R0775,PRJ253,2024-04-14,18.3
R0775,PRJ253,2024-04-21,15.8
R0775,PRJ253,2024-04-28,21.8
R0776,PRJ121,2024-03-03,27.5
R0776,PRJ121,2024-03-17,22.9
R0776,PRJ121,2024-03-24,21.1
R0776,PRJ121,2024-03-31,28.6
R0776,PRJ121,2024-04-07,22.8
R0776,PRJ121,2024-04-14,23.6
R0776,PRJ121,2024-04-21,24.5
R0776,PRJ516,2024-03-03,6.4
R0776,PRJ516,2024-03-10,5.9
R0776,PRJ516,2024-03-17,6.9
R0776,PRJ516,2024-03-24,5.6
R0776,PRJ516,2024-03-31,5.8
R0776,PRJ516,2024-04-07,5.8
R0777,PRJ226,2024-03-03,19.5
R0777,PRJ226,2024-03-10,21.1
R0777,PRJ226,2024-03-17,24.8
R0777,PRJ226,2024-03-24,20.7
R0777,PRJ226,2024-03-31,22.0
R0777,PRJ226,2024-04-07,17.6
R0777,PRJ226,2024-04-14,15.9
R0777,PRJ226,2024-04-21,20.5
R0777,PRJ226,2024-04-28,16.8
R0778,PRJ324,2024-03-03,24.3
R0778,PRJ324,2024-03-10,30.3
R0778,PRJ324,2024-03-17,29.1
R0778,PRJ324,2024-03-24,30.0
R0778,PRJ324,2024-03-31,31.0
R0778,PRJ324,2024-04-07,31.2
R0778,PRJ324,2024-04-14,34.4
R0778,PRJ324,2024-04-21,27.8
R0778,PRJ324,2024-04-28,28.4
R0779,PRJ427,2024-03-17,17.0
R0779,PRJ427,2024-03-24,17.5
R0779,PRJ427,2024-03-31,19.9
R0779,PRJ427,2024-04-07,13.3
R0779,PRJ427,2024-04-14,29.1
R0779,PRJ427,2024-04-21,17.8
R0779,PRJ427,2024-04-28,19.2
R0779,PRJ446,2024-03-03,25.4
R0779,PRJ446,2024-03-10,23.3
R0779,PRJ446,2024-03-17,22.1
R0779,PRJ446,2024-03-24,29.1
R0779,PRJ446,2024-03-31,27.7
R0779,PRJ446,2024-04-07,25.2
R0779,PRJ446,2024-04-14,27.1
R0779,PRJ446,2024-04-21,20.2
R0780,PRJ051,2024-03-10,32.3
R0780,PRJ051,2024-03-17,19.0
R0780,PRJ051,2024-03-24,36.5
R0780,PRJ051,2024-03-31,33.3
R0780,PRJ051,2024-04-07,23.2
R0780,PRJ051,2024-04-14,36.6
R0780,PRJ051,2024-04-21,35.9
R0780,PRJ051,2024-04-28,36.7
R0780,PRJ606,2024-03-03,3.5
R0780,PRJ606,2024-03-10,2.5
R0780,PRJ606,2024-03-17,2.9
R0780,PRJ606,2024-03-24,2.8
R0780,PRJ606,2024-04-07,2.5
R0780,PRJ606,2024-04-14,2.8
R0780,PRJ606,2024-04-21,2.7
R0780,PRJ606,2024-04-28,3.1
R0781,PRJ421,2024-03-03,33.9
R0781,PRJ421,2024-03-10,27.7
R0781,PRJ421,2024-03-17,26.3
R0781,PRJ421,2024-03-24,23.5
R0781,PRJ421,2024-03-31,25.9
R0781,PRJ421,2024-04-07,34.0
R0781,PRJ421,2024-04-14,27.8
R0781,PRJ290,2024-03-10,17.9
R0781,PRJ290,2024-03-24,21.4
R0781,PRJ290,2024-03-31,22.6
R0781,PRJ290,2024-04-07,20.3
R0781,PRJ290,2024-04-14,19.7
R0781,PRJ290,2024-04-21,19.6
R0782,PRJ196,2024-03-03,22.0
R0782,PRJ196,2024-03-10,26.4
R0782,PRJ196,2024-03-17,22.9
R0782,PRJ196,2024-03-24,26.4
R0782,PRJ196,2024-03-31,20.2
R0782,PRJ196,2024-04-07,24.5
R0782,PRJ196,2024-04-14,25.3
R0782,PRJ196,2024-04-28,24.1
R0782,PRJ435,2024-03-03,23.7
R0782,PRJ435,2024-03-10,27.0
R0782,PRJ435,2024-03-17,26.6
R0782,PRJ435,2024-03-24,26.7
R0782,PRJ435,2024-03-31,29.7
R0782,PRJ435,2024-04-07,30.7
R0782,PRJ435,2024-04-14,34.4
R0782,PRJ435,2024-04-21,12.1
R0782,PRJ435,2024-04-28,17.0
R0783,PRJ422,2024-03-03,30.6
R0783,PRJ422,2024-03-10,28.4
R0783,PRJ422,2024-03-17,26.9
R0783,PRJ422,2024-03-24,32.2
R0783,PRJ422,2024-03-31,32.6
R0783,PRJ422,2024-04-07,28.9
R0783,PRJ422,2024-04-14,20.0
R0783,PRJ422,2024-04-21,24.3
R0784,PRJ225,2024-03-03,17.7
R0784,PRJ225,2024-03-10,19.7
R0784,PRJ225,2024-03-17,15.7
R0784,PRJ225,2024-03-24,14.5
R0784,PRJ225,2024-03-31,16.6
R0784,PRJ225,2024-04-07,11.9
R0784,PRJ225,2024-04-14,14.9
R0784,PRJ153,2024-03-10,31.1
R0784,PRJ153,2024-03-17,28.9
R0784,PRJ153,2024-03-24,30.6
R0784,PRJ153,2024-03-31,26.3
R0784,PRJ153,2024-04-07,34.6
R0784,PRJ153,2024-04-14,33.5
R0784,PRJ153,2024-04-21,21.6
R0784,PRJ591,2024-03-10,3.4
R0784,PRJ591,2024-03-17,4.7
R0784,PRJ591,2024-03-24,3.7
R0784,PRJ591,2024-04-07,4.5
R0785,PRJ380,2024-03-03,24.6
R0785,PRJ380,2024-03-10,26.9
R0786,PRJ040,2024-03-17,30.1
R0786,PRJ040,2024-03-24,30.5
R0786,PRJ040,2024-03-31,30.5
R0786,PRJ040,2024-04-07,29.6
R0786,PRJ040,2024-04-14,28.3
R0786,PRJ040,2024-04-21,34.8
R0786,PRJ040,2024-04-28,25.8
R0787,PRJ202,2024-03-17,22.4
R0787,PRJ202,2024-03-24,12.4
R0787,PRJ202,2024-03-31,18.4
R0787,PRJ202,2024-04-07,18.5
R0787,PRJ202,2024-04-14,23.9
R0787,PRJ202,2024-04-21,19.3
R0787,PRJ202,2024-04-28,22.0
R0787,PRJ383,2024-03-10,30.5
R0787,PRJ383,2024-03-17,30.9
R0787,PRJ383,2024-03-24,34.7
R0787,PRJ383,2024-03-31,34.5
R0787,PRJ383,2024-04-07,31.1
R0787,PRJ383,2024-04-14,31.3
R0787,PRJ383,2024-04-21,21.5
R0787,PRJ383,2024-04-28,14.8
R0788,PRJ016,2024-03-03,24.5
R0788,PRJ016,2024-03-10,24.3
R0788,PRJ016,2024-03-24,21.6
R0788,PRJ016,2024-04-07,25.2
R0788,PRJ320,2024-03-10,28.5
R0788,PRJ320,2024-03-17,37.9
R0788,PRJ320,2024-03-24,25.6
R0788,PRJ320,2024-03-31,34.4
R0788,PRJ320,2024-04-07,29.9
R0788,PRJ320,2024-04-14,33.2
R0788,PRJ320,2024-04-21,26.6
R0788,PRJ320,2024-04-28,30.4
R0788,PRJ514,2024-03-03,3.8
R0788,PRJ514,2024-03-10,2.7
R0788,PRJ514,2024-03-17,2.8
R0788,PRJ514,2024-03-24,3.0
R0788,PRJ514,2024-03-31,3.5
R0788,PRJ514,2024-04-07,3.1
R0788,PRJ514,2024-04-14,2.5
R0789,PRJ381,2024-03-03,15.6
R0789,PRJ381,2024-03-10,20.6
R0789,PRJ381,2024-03-17,21.0
R0789,PRJ381,2024-03-24,24.4
R0789,PRJ381,2024-03-31,18.3
R0789,PRJ381,2024-04-07,26.2
R0789,PRJ381,2024-04-14,16.8
R0789,PRJ381,2024-04-21,16.8
R0789,PRJ381,2024-04-28,20.5
R0790,PRJ400,2024-03-17,30.1
R0790,PRJ400,2024-03-24,24.7
R0790,PRJ400,2024-03-31,37.9
R0790,PRJ400,2024-04-07,29.9
R0790,PRJ400,2024-04-14,30.3
R0790,PRJ400,2024-04-21,32.4
R0790,PRJ400,2024-04-28,30.5
R0791,PRJ069,2024-03-03,15.9
R0791,PRJ069,2024-03-10,21.3
R0791,PRJ069,2024-03-17,20.6
R0791,PRJ069,2024-03-24,21.8
R0791,PRJ069,2024-03-31,16.2
R0791,PRJ069,2024-04-07,21.2
R0791,PRJ069,2024-04-14,14.4
R0791,PRJ069,2024-04-21,17.2
R0791,PRJ069,2024-04-28,19.0
R0792,PRJ030,2024-03-03,13.5
R0792,PRJ030,2024-03-10,21.1
R0792,PRJ030,2024-03-17,15.6
R0792,PRJ030,2024-03-24,20.2
R0792,PRJ030,2024-03-31,13.8
R0792,PRJ030,2024-04-07,16.7
R0792,PRJ030,2024-04-14,15.1
R0792,PRJ030,2024-04-21,22.3
R0792,PRJ030,2024-04-28,20.7
R0792,PRJ554,2024-03-03,4.3
R0792,PRJ554,2024-03-10,4.4
R0792,PRJ554,2024-03-17,4.4
R0792,PRJ554,2024-03-24,6.1
R0792,PRJ554,2024-03-31,6.2
R0792,PRJ554,2024-04-07,4.2
R0792,PRJ554,2024-04-14,5.0
R0792,PRJ554,2024-04-21,6.0
R0792,PRJ554,2024-04-28,5.6
R0793,PRJ397,2024-03-03,31.2
R0793,PRJ397,2024-03-10,32.5
R0793,PRJ397,2024-03-17,28.9
R0793,PRJ397,2024-03-24,44.9
R0793,PRJ397,2024-03-31,37.5
R0793,PRJ397,2024-04-07,36.5
R0793,PRJ397,2024-04-14,31.3
R0793,PRJ397,2024-04-21,35.4
R0793,PRJ397,2024-04-28,41.9
R0794,PRJ220,2024-03-17,29.5
R0794,PRJ220,2024-03-24,31.1
R0794,PRJ220,2024-03-31,34.6
R0794,PRJ220,2024-04-07,32.9
R0794,PRJ220,2024-04-14,28.0
R0794,PRJ220,2024-04-21,22.8
R0794,PRJ220,2024-04-28,24.4
R0794,PRJ108,2024-03-17,16.5
R0794,PRJ108,2024-03-24,18.7
R0794,PRJ108,2024-03-31,25.2
R0794,PRJ108,2024-04-07,21.7
R0794,PRJ108,2024-04-14,20.6
R0794,PRJ108,2024-04-21,21.4
R0794,PRJ108,2024-04-28,25.5
R0795,PRJ171,2024-03-03,21.2
R0795,PRJ171,2024-03-10,24.0
R0795,PRJ171,2024-03-17,24.1
R0795,PRJ171,2024-03-24,23.6
R0795,PRJ171,2024-03-31,27.0
R0795,PRJ171,2024-04-07,22.7
R0795,PRJ171,2024-04-14,23.8
R0795,PRJ171,2024-04-21,19.1
R0795,PRJ171,2024-04-28,20.8
R0796,PRJ126,2024-03-03,25.0
R0796,PRJ126,2024-03-10,21.8
R0796,PRJ126,2024-03-17,22.2
R0796,PRJ126,2024-03-24,24.9
R0796,PRJ126,2024-03-31,25.9
R0796,PRJ126,2024-04-07,31.3
R0796,PRJ126,2024-04-14,21.8
R0796,PRJ126,2024-04-21,21.6
R0796,PRJ126,2024-04-28,20.0
R0796,PRJ472,2024-03-03,6.7
R0796,PRJ472,2024-03-10,7.7
R0796,PRJ472,2024-03-17,5.9
R0796,PRJ472,2024-03-24,6.2
R0796,PRJ472,2024-03-31,5.9
R0796,PRJ472,2024-04-07,6.6
R0797,PRJ169,2024-03-03,19.2
R0797,PRJ169,2024-03-10,22.7
R0798,PRJ083,2024-03-10,25.5
R0798,PRJ083,2024-03-17,18.1
R0798,PRJ083,2024-03-24,26.5
R0798,PRJ083,2024-03-31,16.5
R0798,PRJ083,2024-04-07,24.3
R0798,PRJ083,2024-04-14,35.0
R0798,PRJ083,2024-04-21,31.4
R0798,PRJ083,2024-04-28,31.7
R0799,PRJ337,2024-03-03,13.6
R0799,PRJ337,2024-03-10,17.0
R0799,PRJ337,2024-03-17,18.5
R0799,PRJ337,2024-03-24,13.3
R0799,PRJ337,2024-03-31,21.8
R0799,PRJ337,2024-04-07,14.9
R0799,PRJ337,2024-04-14,21.8
R0799,PRJ337,2024-04-21,18.2
R0799,PRJ337,2024-04-28,11.9
R0800,PRJ261,2024-03-10,24.9
R0800,PRJ261,2024-03-17,34.3
R0800,PRJ261,2024-03-24,25.8
R0800,PRJ261,2024-03-31,24.3
R0800,PRJ261,2024-04-07,32.8
R0800,PRJ261,2024-04-14,28.4
R0800,PRJ261,2024-04-21,21.5
R0800,PRJ261,2024-04-28,22.2
R0800,PRJ203,2024-03-03,20.5
R0800,PRJ203,2024-03-10,24.9
R0800,PRJ203,2024-03-24,18.4
R0800,PRJ203,2024-03-31,16.8
R0800,PRJ536,2024-03-03,3.1
R0800,PRJ536,2024-03-10,2.9
R0800,PRJ536,2024-03-17,2.9
R0800,PRJ536,2024-03-24,2.4
R0800,PRJ536,2024-03-31,2.0
R0800,PRJ536,2024-04-07,2.4
R0800,PRJ536,2024-04-14,3.3
R0800,PRJ536,2024-04-21,2.8
R0801,PRJ037,2024-03-17,27.5
R0801,PRJ037,2024-03-24,25.4
R0801,PRJ037,2024-03-31,24.5
R0801,PRJ037,2024-04-07,25.3
R0801,PRJ037,2024-04-14,18.1
R0801,PRJ037,2024-04-21,22.6
R0801,PRJ037,2024-04-28,29.6
R0802,PRJ431,2024-03-03,29.6
R0802,PRJ431,2024-03-10,31.4
R0802,PRJ431,2024-03-17,28.7
R0802,PRJ431,2024-03-24,28.7
R0802,PRJ431,2024-03-31,35.8
R0802,PRJ431,2024-04-07,41.0
R0802,PRJ431,2024-04-14,43.3
R0802,PRJ431,2024-04-21,44.2
R0802,PRJ431,2024-04-28,26.5
R0803,PRJ381,2024-03-03,32.6
R0803,PRJ381,2024-03-10,31.2
R0803,PRJ381,2024-03-24,33.7
R0803,PRJ381,2024-03-31,30.7
R0803,PRJ381,2024-04-07,29.7
R0803,PRJ381,2024-04-14,20.4
R0803,PRJ381,2024-04-21,25.2
R0803,PRJ381,2024-04-28,21.1
R0803,PRJ336,2024-03-03,24.4
R0803,PRJ336,2024-03-10,27.7
R0803,PRJ336,2024-03-24,23.1
R0803,PRJ336,2024-03-31,21.2
R0803,PRJ336,2024-04-07,22.5
R0803,PRJ336,2024-04-14,21.1
R0804,PRJ120,2024-03-03,36.8
R0804,PRJ120,2024-03-10,38.6
R0804,PRJ120,2024-03-17,39.3
R0804,PRJ120,2024-03-24,32.4
R0804,PRJ120,2024-03-31,36.4
R0804,PRJ120,2024-04-07,29.9
R0804,PRJ120,2024-04-14,37.4
R0804,PRJ120,2024-04-21,22.3
R0804,PRJ193,2024-03-03,21.8
R0804,PRJ193,2024-03-10,17.3
R0804,PRJ193,2024-03-17,19.6
R0804,PRJ193,2024-03-24,20.3
R0804,PRJ193,2024-04-07,20.5
R0804,PRJ193,2024-04-14,22.5
R0804,PRJ193,2024-04-21,22.3
R0804,PRJ193,2024-04-28,23.7
R0804,PRJ540,2024-03-03,4.6
R0804,PRJ540,2024-03-17,5.0
R0804,PRJ540,2024-03-31,5.6
R0804,PRJ540,2024-04-07,5.5
R0804,PRJ540,2024-04-14,5.2
R0805,PRJ068,2024-03-03,26.2
R0805,PRJ068,2024-03-10,26.7
R0805,PRJ068,2024-03-24,21.5
R0805,PRJ068,2024-03-31,29.8
R0805,PRJ068,2024-04-07,24.0
R0805,PRJ068,2024-04-14,26.7
R0805,PRJ068,2024-04-21,28.5
R0805,PRJ068,2024-04-28,24.9
R0806,PRJ238,2024-03-10,30.6
R0806,PRJ238,2024-03-17,23.7
R0806,PRJ238,2024-03-24,31.4
R0806,PRJ238,2024-03-31,24.6
R0806,PRJ238,2024-04-07,22.6
R0806,PRJ238,2024-04-14,28.5
R0806,PRJ238,2024-04-21,20.3
R0806,PRJ238,2024-04-28,35.1
R0807,PRJ393,2024-03-03,22.5
R0807,PRJ393,2024-03-10,26.5
R0807,PRJ393,2024-03-17,20.8
R0807,PRJ393,2024-03-24,20.1
R0807,PRJ393,2024-03-31,23.8
R0807,PRJ393,2024-04-07,16.7
R0807,PRJ393,2024-04-14,17.8
R0807,PRJ393,2024-04-21,35.7
R0807,PRJ393,2024-04-28,29.9
R0808,PRJ151,2024-03-03,18.2
R0808,PRJ151,2024-03-10,19.2
R0809,PRJ204,2024-03-03,21.4
R0809,PRJ204,2024-03-10,19.6
R0809,PRJ204,2024-03-17,22.1
R0809,PRJ204,2024-03-24,24.0
R0809,PRJ204,2024-03-31,27.2
R0809,PRJ204,2024-04-07,25.4
R0809,PRJ204,2024-04-14,28.0
R0809,PRJ204,2024-04-21,25.3
R0809,PRJ204,2024-04-28,28.6
R0809,PRJ395,2024-03-03,19.4
R0809,PRJ395,2024-03-10,14.2
R0809,PRJ395,2024-03-17,18.3
R0809,PRJ395,2024-03-24,20.5
R0809,PRJ395,2024-03-31,22.0
R0809,PRJ395,2024-04-14,16.5
R0809,PRJ395,2024-04-21,14.5
R0809,PRJ395,2024-04-28,16.8
R0810,PRJ288,2024-03-03,30.1
R0810,PRJ288,2024-03-17,28.9
R0810,PRJ288,2024-03-24,35.9
R0810,PRJ288,2024-04-07,31.2
R0810,PRJ288,2024-04-14,24.4
R0810,PRJ288,2024-04-21,22.5
R0810,PRJ288,2024-04-28,27.4
R0811,PRJ189,2024-03-03,32.2
R0811,PRJ189,2024-03-17,37.6
R0811,PRJ189,2024-03-24,43.6
R0811,PRJ189,2024-03-31,35.5
R0811,PRJ189,2024-04-07,30.9
R0812,PRJ328,2024-03-03,16.8
R0812,PRJ328,2024-03-10,16.6
R0812,PRJ328,2024-03-17,18.6
R0812,PRJ328,2024-03-24,14.8
R0812,PRJ328,2024-03-31,14.3
R0812,PRJ328,2024-04-14,15.7
R0812,PRJ328,2024-04-28,17.2
R0812,PRJ628,2024-03-03,6.0
R0812,PRJ628,2024-03-10,8.1
R0812,PRJ628,2024-03-17,7.0
R0812,PRJ628,2024-03-31,7.3
R0812,PRJ628,2024-04-07,7.8
R0812,PRJ628,2024-04-14,7.2
R0812,PRJ628,2024-04-21,8.1
R0812,PRJ628,2024-04-28,9.4
R0813,PRJ348,2024-03-03,33.8
R0813,PRJ348,2024-03-10,30.6
R0813,PRJ348,2024-03-17,22.3
R0813,PRJ348,2024-03-24,36.5
R0813,PRJ348,2024-03-31,28.4
R0813,PRJ348,2024-04-07,34.7
R0813,PRJ348,2024-04-14,28.1
R0813,PRJ348,2024-04-21,29.5
R0813,PRJ348,2024-04-28,37.0
R0814,PRJ047,2024-03-03,24.8
R0814,PRJ047,2024-03-10,18.4
R0814,PRJ047,2024-03-17,21.2
R0814,PRJ047,2024-03-24,17.8
R0814,PRJ047,2024-03-31,16.5
R0814,PRJ047,2024-04-07,14.7
R0814,PRJ047,2024-04-14,14.2
R0814,PRJ047,2024-04-21,18.8
R0815,PRJ344,2024-03-10,28.4
R0815,PRJ344,2024-03-24,27.6
R0815,PRJ344,2024-03-31,35.9
R0815,PRJ344,2024-04-07,35.6
R0815,PRJ344,2024-04-14,37.2
R0815,PRJ344,2024-04-21,44.7
R0815,PRJ344,2024-04-28,33.8
R0815,PRJ398,2024-03-17,34.0
R0815,PRJ398,2024-03-24,35.0
R0815,PRJ398,2024-03-31,27.5
R0815,PRJ398,2024-04-07,32.1
R0815,PRJ398,2024-04-14,45.8
R0815,PRJ398,2024-04-21,35.7
R0815,PRJ398,2024-04-28,33.6
R0816,PRJ225,2024-03-03,15.3
R0816,PRJ225,2024-03-10,18.2
R0816,PRJ225,2024-03-17,19.3
R0816,PRJ225,2024-03-24,16.5
R0816,PRJ225,2024-03-31,15.8
R0816,PRJ225,2024-04-07,12.3
R0816,PRJ189,2024-03-03,18.0
R0816,PRJ189,2024-03-10,23.2
R0816,PRJ189,2024-03-24,20.9
R0816,PRJ189,2024-03-31,23.2
R0816,PRJ189,2024-04-07,23.3
R0816,PRJ189,2024-04-14,15.7
R0816,PRJ189,2024-04-21,26.9
R0816,PRJ189,2024-04-28,22.3
R0816,PRJ634,2024-03-03,4.8
R0816,PRJ634,2024-03-10,5.3
R0816,PRJ634,2024-03-17,5.8
R0816,PRJ634,2024-03-24,4.7
R0816,PRJ634,2024-03-31,4.6
R0816,PRJ634,2024-04-07,3.9
R0816,PRJ634,2024-04-14,4.6
R0816,PRJ634,2024-04-21,8.7
R0816,PRJ634,2024-04-28,7.6
R0817,PRJ047,2024-03-03,18.6
R0817,PRJ047,2024-03-10,24.5
R0817,PRJ047,2024-03-17,20.3
R0817,PRJ047,2024-03-24,20.3
R0817,PRJ047,2024-03-31,21.2
R0817,PRJ047,2024-04-07,22.4
R0817,PRJ047,2024-04-14,16.1
R0817,PRJ047,2024-04-21,13.9
R0817,PRJ047,2024-04-28,17.1
R0818,PRJ229,2024-03-03,21.9
R0818,PRJ229,2024-03-10,17.1
R0818,PRJ229,2024-03-17,17.8
R0818,PRJ229,2024-03-24,15.2
R0818,PRJ229,2024-03-31,14.3
R0818,PRJ229,2024-04-07,16.4
R0818,PRJ229,2024-04-14,14.8
R0818,PRJ229,2024-04-21,19.4
R0818,PRJ229,2024-04-28,17.2
R0818,PRJ062,2024-03-03,15.7
R0818,PRJ062,2024-03-10,14.2
R0818,PRJ062,2024-03-17,19.4
R0818,PRJ062,2024-03-24,14.5
R0818,PRJ062,2024-03-31,16.8
R0818,PRJ062,2024-04-14,14.3
R0818,PRJ062,2024-04-21,19.3
R0818,PRJ062,2024-04-28,18.3
R0819,PRJ288,2024-03-03,18.9
R0819,PRJ288,2024-03-10,16.5
R0819,PRJ288,2024-03-17,18.1
R0819,PRJ288,2024-03-31,15.2
R0819,PRJ288,2024-04-07,13.2
R0820,PRJ195,2024-03-03,18.5
R0820,PRJ195,2024-03-10,17.2
R0821,PRJ059,2024-03-10,31.5
R0821,PRJ059,2024-03-17,20.7
R0821,PRJ059,2024-03-24,25.0
R0821,PRJ059,2024-03-31,29.9
R0821,PRJ059,2024-04-07,33.0
R0821,PRJ059,2024-04-14,29.6
R0821,PRJ059,2024-04-21,21.7
R0821,PRJ059,2024-04-28,26.6
R0822,PRJ406,2024-03-03,29.0
R0822,PRJ406,2024-03-10,34.3
R0822,PRJ406,2024-03-17,33.3
R0822,PRJ406,2024-03-24,22.9
R0822,PRJ406,2024-03-31,33.3
R0822,PRJ406,2024-04-07,42.1
R0823,PRJ162,2024-03-10,26.0
R0823,PRJ162,2024-03-24,32.9
R0823,PRJ162,2024-03-31,27.9
R0823,PRJ162,2024-04-07,30.3
R0823,PRJ162,2024-04-14,28.6
R0823,PRJ162,2024-04-21,29.0
R0823,PRJ162,2024-04-28,16.0
R0823,PRJ174,2024-03-03,25.7
R0823,PRJ174,2024-03-10,24.4
R0823,PRJ174,2024-03-17,27.1
R0823,PRJ174,2024-03-24,33.1
R0823,PRJ174,2024-03-31,36.0
R0823,PRJ174,2024-04-07,33.1
R0823,PRJ174,2024-04-14,31.0
R0823,PRJ174,2024-04-21,29.3
R0823,PRJ174,2024-04-28,21.7
R0824,PRJ250,2024-03-03,36.9
R0824,PRJ250,2024-03-10,29.4
R0824,PRJ250,2024-03-17,30.7
R0824,PRJ250,2024-03-31,26.0
R0824,PRJ250,2024-04-07,25.7
R0824,PRJ250,2024-04-14,25.6
R0824,PRJ250,2024-04-21,22.4
R0824,PRJ250,2024-04-28,25.5
R0824,PRJ540,2024-03-03,5.8
R0824,PRJ540,2024-03-10,6.8
R0824,PRJ540,2024-03-24,7.2
R0824,PRJ540,2024-03-31,6.9
R0824,PRJ540,2024-04-14,8.8
R0824,PRJ540,2024-04-28,7.1
R0825,PRJ397,2024-03-03,39.3
R0825,PRJ397,2024-03-10,30.0
R0825,PRJ397,2024-03-17,24.5
R0825,PRJ397,2024-03-31,36.8
R0825,PRJ397,2024-04-07,31.0
R0825,PRJ141,2024-03-03,14.7
R0825,PRJ141,2024-03-10,28.6
R0825,PRJ141,2024-03-24,19.3
R0825,PRJ141,2024-03-31,19.9
R0825,PRJ141,2024-04-07,25.1
R0825,PRJ141,2024-04-14,23.1
R0825,PRJ141,2024-04-21,20.1
R0825,PRJ141,2024-04-28,28.6
R0826,PRJ438,2024-03-03,23.5
R0826,PRJ438,2024-03-10,20.3
R0826,PRJ438,2024-03-17,27.0
R0826,PRJ438,2024-03-24,24.6
R0826,PRJ438,2024-03-31,16.4
R0826,PRJ438,2024-04-07,20.8
R0826,PRJ438,2024-04-14,22.8
R0826,PRJ438,2024-04-21,20.9
R0826,PRJ438,2024-04-28,18.8
R0827,PRJ380,2024-03-03,21.9
R0827,PRJ380,2024-03-10,20.4
R0827,PRJ380,2024-03-17,19.8
R0827,PRJ380,2024-03-24,17.4
R0827,PRJ380,2024-03-31,22.2
R0827,PRJ380,2024-04-07,15.2
R0827,PRJ380,2024-04-14,17.7
R0827,PRJ380,2024-04-21,26.1
R0827,PRJ380,2024-04-28,26.9
R0827,PRJ128,2024-03-03,27.5
R0827,PRJ128,2024-03-10,23.4
R0827,PRJ128,2024-03-17,23.4
R0827,PRJ128,2024-03-24,19.1
R0827,PRJ128,2024-03-31,19.5
R0827,PRJ128,2024-04-07,20.6
R0827,PRJ128,2024-04-14,22.2
R0827,PRJ128,2024-04-21,21.9
R0827,PRJ128,2024-04-28,23.6
R0828,PRJ163,2024-03-03,37.6
R0828,PRJ163,2024-03-10,25.2
R0828,PRJ163,2024-03-17,28.0
R0828,PRJ163,2024-03-24,21.9
R0828,PRJ163,2024-03-31,31.0
R0828,PRJ163,2024-04-07,25.1
R0828,PRJ163,2024-04-14,31.0
R0828,PRJ163,2024-04-21,24.1
R0828,PRJ163,2024-04-28,23.5
R0828,PRJ508,2024-03-10,4.6
R0828,PRJ508,2024-03-17,4.0
R0828,PRJ508,2024-03-24,3.6
R0828,PRJ508,2024-03-31,4.8
R0828,PRJ508,2024-04-07,5.0
R0828,PRJ508,2024-04-14,4.2
R0828,PRJ508,2024-04-21,4.6
R0828,PRJ508,2024-04-28,4.4
R0829,PRJ114,2024-03-03,28.3
R0829,PRJ114,2024-03-10,28.5
R0829,PRJ114,2024-03-17,26.0
R0829,PRJ114,2024-03-31,28.5
R0829,PRJ114,2024-04-07,26.6
R0829,PRJ114,2024-04-14,35.8
R0829,PRJ114,2024-04-21,22.6
R0829,PRJ114,2024-04-28,31.8
R0830,PRJ132,2024-03-03,20.5
R0830,PRJ132,2024-03-10,18.9
R0830,PRJ132,2024-03-17,21.9
R0830,PRJ132,2024-03-24,21.9
R0830,PRJ132,2024-04-07,27.3
R0830,PRJ132,2024-04-14,23.8
R0830,PRJ132,2024-04-21,21.2
R0831,PRJ062,2024-03-03,31.5
R0832,PRJ393,2024-03-17,20.9
R0832,PRJ393,2024-03-24,20.0
R0832,PRJ393,2024-03-31,23.6
R0832,PRJ393,2024-04-07,22.6
R0832,PRJ535,2024-03-03,4.8
R0832,PRJ535,2024-03-10,8.3
R0832,PRJ535,2024-03-17,5.4
R0832,PRJ535,2024-03-24,7.8
R0832,PRJ535,2024-03-31,8.6
R0832,PRJ535,2024-04-07,5.1
R0832,PRJ535,2024-04-14,4.7
R0832,PRJ535,2024-04-21,2.0
R0832,PRJ535,2024-04-28,1.9
R0833,PRJ339,2024-03-03,17.6
R0833,PRJ339,2024-03-10,14.5
R0833,PRJ339,2024-03-17,25.4
R0833,PRJ339,2024-03-24,17.8
R0833,PRJ339,2024-03-31,28.6
R0833,PRJ339,2024-04-07,18.0
R0833,PRJ339,2024-04-14,18.3
R0833,PRJ339,2024-04-21,13.3
R0833,PRJ339,2024-04-28,17.8
R0833,PRJ085,2024-03-03,13.7
R0833,PRJ085,2024-03-10,15.7
R0833,PRJ085,2024-03-24,15.9
R0833,PRJ085,2024-03-31,14.1
R0833,PRJ085,2024-04-07,11.4
R0833,PRJ085,2024-04-14,16.3
R0833,PRJ085,2024-04-21,16.6
R0833,PRJ085,2024-04-28,15.6
R0834,PRJ395,2024-03-17,30.0
R0834,PRJ395,2024-03-24,29.2
R0834,PRJ395,2024-03-31,25.0
R0834,PRJ395,2024-04-07,21.4
R0834,PRJ395,2024-04-14,28.3
R0834,PRJ395,2024-04-21,27.7
R0834,PRJ395,2024-04-28,36.9
R0834,PRJ065,2024-03-10,19.2
R0834,PRJ065,2024-03-17,22.8
R0834,PRJ065,2024-03-24,26.3
R0834,PRJ065,2024-03-31,20.8
R0834,PRJ065,2024-04-07,21.9
R0834,PRJ065,2024-04-14,19.2
R0834,PRJ065,2024-04-21,26.6
R0834,PRJ065,2024-04-28,23.7
R0835,PRJ058,2024-03-24,31.6
R0835,PRJ058,2024-03-31,38.6
R0835,PRJ058,2024-04-07,33.3
R0835,PRJ058,2024-04-14,39.2
R0835,PRJ058,2024-04-21,37.6
R0835,PRJ058,2024-04-28,28.9
R0836,PRJ178,2024-03-03,29.8
R0836,PRJ178,2024-03-10,44.7
R0836,PRJ178,2024-03-17,38.5
R0836,PRJ178,2024-03-24,30.7
R0836,PRJ178,2024-03-31,42.1
R0836,PRJ178,2024-04-07,32.0
R0836,PRJ178,2024-04-14,27.2
R0836,PRJ178,2024-04-21,28.3
R0836,PRJ178,2024-04-28,35.8
R0836,PRJ091,2024-03-03,21.9
R0836,PRJ091,2024-03-10,31.6
R0836,PRJ091,2024-03-17,26.1
R0836,PRJ091,2024-03-24,27.1
R0836,PRJ091,2024-03-31,28.5
R0836,PRJ091,2024-04-07,32.6
R0836,PRJ091,2024-04-14,35.0
R0836,PRJ558,2024-03-17,4.8
R0836,PRJ558,2024-03-24,5.8
R0836,PRJ558,2024-04-07,5.3
R0837,PRJ282,2024-03-03,39.5
R0837,PRJ282,2024-03-10,22.4
R0837,PRJ282,2024-03-17,27.0
R0837,PRJ282,2024-03-24,28.3
R0837,PRJ282,2024-03-31,24.0
R0837,PRJ282,2024-04-07,30.0
R0837,PRJ282,2024-04-21,34.7
R0837,PRJ282,2024-04-28,37.7
R0837,PRJ089,2024-03-03,19.9
R0837,PRJ089,2024-03-10,19.3
R0837,PRJ089,2024-03-17,17.3
R0837,PRJ089,2024-03-24,18.9
R0837,PRJ089,2024-03-31,18.1
R0837,PRJ089,2024-04-07,24.1
R0837,PRJ089,2024-04-14,14.9
R0837,PRJ089,2024-04-21,25.2
R0837,PRJ089,2024-04-28,26.9
R0838,PRJ061,2024-03-03,21.9
R0838,PRJ061,2024-03-10,22.1
R0838,PRJ061,2024-03-17,24.5
R0838,PRJ061,2024-03-24,18.2
R0838,PRJ061,2024-03-31,28.1
R0838,PRJ061,2024-04-07,17.5
R0838,PRJ061,2024-04-21,23.9
R0838,PRJ061,2024-04-28,23.1
R0839,PRJ030,2024-03-03,25.4
R0839,PRJ030,2024-03-10,31.8
R0839,PRJ030,2024-03-17,30.2
R0839,PRJ030,2024-03-24,30.5
R0839,PRJ030,2024-03-31,33.4
R0839,PRJ030,2024-04-07,31.0
R0839,PRJ030,2024-04-14,23.7
R0839,PRJ030,2024-04-21,30.0
R0839,PRJ030,2024-04-28,33.6
R0840,PRJ342,2024-03-03,22.3
R0840,PRJ342,2024-03-10,26.9
R0840,PRJ342,2024-03-17,22.9
R0840,PRJ342,2024-03-24,20.9
R0840,PRJ342,2024-03-31,17.5
R0840,PRJ342,2024-04-07,21.8
R0840,PRJ342,2024-04-14,24.7
R0840,PRJ010,2024-03-03,15.5
R0840,PRJ010,2024-03-10,17.0
R0840,PRJ010,2024-03-17,19.0
R0840,PRJ010,2024-03-24,17.0
R0840,PRJ010,2024-03-31,19.0
R0840,PRJ010,2024-04-07,13.0
R0840,PRJ010,2024-04-14,16.1
R0840,PRJ010,2024-04-21,17.5
R0840,PRJ010,2024-04-28,17.8
R0840,PRJ559,2024-03-03,7.1
R0840,PRJ559,2024-03-10,6.0
R0840,PRJ559,2024-03-24,5.4
R0840,PRJ559,2024-03-31,6.3
R0840,PRJ559,2024-04-07,5.1
R0840,PRJ559,2024-04-14,8.9
R0840,PRJ559,2024-04-21,8.4
R0840,PRJ559,2024-04-28,7.2
R0841,PRJ243,2024-03-17,24.6
R0841,PRJ243,2024-03-24,32.1
R0841,PRJ243,2024-03-31,23.0
R0841,PRJ243,2024-04-07,27.3
R0841,PRJ243,2024-04-14,30.1
R0841,PRJ243,2024-04-21,29.7
R0841,PRJ367,2024-03-03,26.3
R0841,PRJ367,2024-03-10,32.3
R0841,PRJ367,2024-03-17,25.3
R0841,PRJ367,2024-03-24,26.3
R0841,PRJ367,2024-03-31,29.5
R0841,PRJ367,2024-04-07,29.5
R0841,PRJ367,2024-04-14,23.9
R0841,PRJ367,2024-04-21,29.3
R0841,PRJ367,2024-04-28,26.8
R0842,PRJ142,2024-03-10,28.1
R0842,PRJ142,2024-03-17,29.8
R0842,PRJ142,2024-03-24,29.7
R0842,PRJ142,2024-04-07,29.1
R0842,PRJ142,2024-04-14,30.8
R0842,PRJ142,2024-04-21,26.4
R0842,PRJ142,2024-04-28,31.7
R0842,PRJ094,2024-03-03,31.1
R0842,PRJ094,2024-03-10,31.0
R0842,PRJ094,2024-03-17,22.7
R0842,PRJ094,2024-03-24,30.9
R0842,PRJ094,2024-03-31,31.1
R0842,PRJ094,2024-04-07,35.0
R0842,PRJ094,2024-04-14,23.2
R0842,PRJ094,2024-04-21,33.4
R0842,PRJ094,2024-04-28,20.8
R0843,PRJ038,2024-03-03,37.0
R0843,PRJ038,2024-03-10,38.1
R0844,PRJ237,2024-03-03,33.7
R0844,PRJ237,2024-03-10,23.7
R0844,PRJ237,2024-03-17,35.9
R0844,PRJ237,2024-03-24,39.5
R0844,PRJ237,2024-03-31,25.7
R0844,PRJ237,2024-04-07,28.8
R0844,PRJ237,2024-04-14,27.0
R0844,PRJ237,2024-04-21,32.9
R0844,PRJ237,2024-04-28,28.2
R0844,PRJ053,2024-03-03,24.9
R0844,PRJ053,2024-03-10,22.1
R0844,PRJ053,2024-03-17,23.1
R0844,PRJ053,2024-03-24,22.6
R0844,PRJ053,2024-03-31,17.1
R0844,PRJ053,2024-04-07,22.9
R0844,PRJ053,2024-04-14,25.7
R0844,PRJ053,2024-04-21,26.3
R0844,PRJ053,2024-04-28,38.9
R0844,PRJ592,2024-03-03,4.3
R0844,PRJ592,2024-03-10,4.3
R0844,PRJ592,2024-03-17,4.0
R0844,PRJ592,2024-03-24,5.2
R0844,PRJ592,2024-03-31,4.0
R0844,PRJ592,2024-04-14,4.1
R0844,PRJ592,2024-04-21,4.7
R0844,PRJ592,2024-04-28,5.2
R0845,PRJ287,2024-03-03,19.6
R0845,PRJ287,2024-03-10,19.4
R0845,PRJ287,2024-03-17,14.2
R0845,PRJ287,2024-03-24,34.8
R0845,PRJ287,2024-03-31,31.8
R0845,PRJ287,2024-04-07,24.4
R0845,PRJ287,2024-04-14,23.8
R0845,PRJ287,2024-04-21,30.6
R0845,PRJ434,2024-03-03,26.8
R0845,PRJ434,2024-03-10,26.3
R0845,PRJ434,2024-03-17,17.2
R0845,PRJ434,2024-04-07,26.1
R0845,PRJ434,2024-04-14,21.1
R0845,PRJ434,2024-04-21,19.7
R0846,PRJ206,2024-03-03,23.2
R0846,PRJ206,2024-03-10,25.6
R0846,PRJ206,2024-03-17,27.8
R0846,PRJ206,2024-03-24,36.1
R0846,PRJ206,2024-03-31,23.1
R0846,PRJ206,2024-04-07,30.0
R0846,PRJ206,2024-04-14,36.6
R0846,PRJ206,2024-04-21,34.2
R0846,PRJ293,2024-03-03,21.6
R0846,PRJ293,2024-03-10,19.4
R0846,PRJ293,2024-03-17,15.4
R0846,PRJ293,2024-03-24,22.0
R0846,PRJ293,2024-03-31,23.7
R0846,PRJ293,2024-04-07,19.4
R0846,PRJ293,2024-04-14,25.2
R0846,PRJ293,2024-04-21,21.2
R0846,PRJ293,2024-04-28,22.5
R0847,PRJ190,2024-03-03,34.7
R0847,PRJ190,2024-03-10,40.5
R0847,PRJ190,2024-03-17,40.7
R0847,PRJ190,2024-03-24,37.4
R0847,PRJ190,2024-03-31,33.2
R0847,PRJ190,2024-04-07,34.5
R0847,PRJ190,2024-04-14,45.2
R0847,PRJ190,2024-04-21,43.4
R0847,PRJ190,2024-04-28,35.0
R0848,PRJ009,2024-03-03,17.0
R0848,PRJ009,2024-03-17,19.7
R0848,PRJ009,2024-03-24,23.8
R0848,PRJ009,2024-03-31,25.2
R0848,PRJ009,2024-04-07,18.6
R0848,PRJ009,2024-04-14,22.6
R0848,PRJ009,2024-04-21,16.9
R0848,PRJ009,2024-04-28,13.7
R0848,PRJ546,2024-03-03,8.5
R0848,PRJ546,2024-03-10,7.4
R0848,PRJ546,2024-03-17,7.1
R0848,PRJ546,2024-03-24,7.0
R0848,PRJ546,2024-03-31,9.2
R0848,PRJ546,2024-04-07,9.9
R0849,PRJ427,2024-03-17,19.0
R0849,PRJ427,2024-03-24,11.9
R0849,PRJ427,2024-03-31,18.0
R0849,PRJ427,2024-04-07,15.6
R0849,PRJ427,2024-04-14,15.7
R0849,PRJ427,2024-04-21,13.8
R0849,PRJ427,2024-04-28,16.5
R0850,PRJ419,2024-03-03,35.6
R0850,PRJ419,2024-03-10,38.3
R0850,PRJ419,2024-03-24,36.5
R0850,PRJ419,2024-04-07,36.0
R0850,PRJ419,2024-04-14,36.1
R0850,PRJ419,2024-04-28,27.8
R0851,PRJ071,2024-03-10,35.9
R0851,PRJ071,2024-03-17,30.1
R0851,PRJ071,2024-03-24,34.4
R0851,PRJ071,2024-03-31,32.6
R0851,PRJ071,2024-04-07,38.7
R0851,PRJ071,2024-04-14,30.4
R0851,PRJ071,2024-04-21,36.6
R0851,PRJ071,2024-04-28,33.5
R0851,PRJ054,2024-03-10,26.3
R0851,PRJ054,2024-03-17,22.3
R0851,PRJ054,2024-03-24,20.6
R0851,PRJ054,2024-03-31,20.6
R0851,PRJ054,2024-04-07,28.3
R0851,PRJ054,2024-04-14,22.7
R0851,PRJ054,2024-04-21,22.0
R0851,PRJ054,2024-04-28,20.8
R0852,PRJ396,2024-03-03,34.0
R0852,PRJ396,2024-03-10,21.4
R0852,PRJ396,2024-03-17,31.9
R0852,PRJ396,2024-03-24,33.0
R0852,PRJ396,2024-03-31,25.2
R0852,PRJ396,2024-04-07,27.9
R0852,PRJ396,2024-04-14,28.2
R0852,PRJ396,2024-04-21,32.5
R0852,PRJ474,2024-03-03,3.4
R0852,PRJ474,2024-03-10,4.2
R0852,PRJ474,2024-03-17,3.3
R0852,PRJ474,2024-03-24,4.0
R0852,PRJ474,2024-03-31,3.6
R0852,PRJ474,2024-04-07,3.0
R0852,PRJ474,2024-04-14,8.9
R0852,PRJ474,2024-04-21,7.6
R0852,PRJ474,2024-04-28,8.0
R0853,PRJ154,2024-03-17,40.2
R0853,PRJ154,2024-03-24,29.6
R0853,PRJ154,2024-03-31,38.7
R0853,PRJ154,2024-04-07,37.1
R0853,PRJ154,2024-04-14,22.2
R0854,PRJ313,2024-03-03,26.3
R0854,PRJ313,2024-03-10,30.1
R0854,PRJ313,2024-03-17,18.9
R0854,PRJ313,2024-03-24,29.3
R0854,PRJ313,2024-03-31,25.9
R0854,PRJ313,2024-04-07,21.5
R0854,PRJ313,2024-04-14,22.2
R0854,PRJ313,2024-04-21,18.9
R0854,PRJ313,2024-04-28,19.5
R0855,PRJ302,2024-03-03,29.8
R0856,PRJ117,2024-03-03,13.6
R0856,PRJ117,2024-03-10,14.9
R0856,PRJ117,2024-03-17,12.9
R0856,PRJ117,2024-03-24,14.3
R0856,PRJ117,2024-03-31,18.4
R0856,PRJ117,2024-04-14,18.5
R0856,PRJ117,2024-04-21,14.3
R0856,PRJ117,2024-04-28,18.4
R0856,PRJ036,2024-03-03,15.8
R0856,PRJ036,2024-03-10,22.5
R0856,PRJ036,2024-03-24,26.3
R0856,PRJ036,2024-03-31,17.6
R0856,PRJ036,2024-04-07,23.6
R0856,PRJ036,2024-04-14,21.9
R0856,PRJ036,2024-04-21,18.2
R0856,PRJ506,2024-03-03,4.3
R0856,PRJ506,2024-03-10,4.6
R0856,PRJ506,2024-03-17,5.6
R0856,PRJ506,2024-03-24,4.5
R0856,PRJ506,2024-03-31,5.3
R0856,PRJ506,2024-04-07,5.1
R0856,PRJ506,2024-04-21,4.3
R0856,PRJ506,2024-04-28,3.1
R0857,PRJ052,2024-03-03,32.7
R0857,PRJ052,2024-03-10,25.7
R0857,PRJ052,2024-03-17,34.0
R0857,PRJ052,2024-03-24,32.2
R0857,PRJ052,2024-03-31,29.1
R0857,PRJ052,2024-04-07,36.9
R0857,PRJ052,2024-04-14,36.7
R0857,PRJ052,2024-04-21,28.3
R0857,PRJ060,2024-03-03,30.5
R0857,PRJ060,2024-03-10,39.0
R0857,PRJ060,2024-03-17,33.4
R0857,PRJ060,2024-03-24,31.0
R0857,PRJ060,2024-03-31,39.5
R0857,PRJ060,2024-04-07,18.4
R0857,PRJ060,2024-04-21,16.2
R0858,PRJ211,2024-03-03,19.9
R0858,PRJ211,2024-03-10,19.8
R0858,PRJ211,2024-03-17,17.6
R0858,PRJ211,2024-03-24,20.6
R0858,PRJ211,2024-03-31,24.2
R0858,PRJ211,2024-04-07,22.9
R0858,PRJ211,2024-04-14,18.7
R0858,PRJ211,2024-04-28,34.6
R0858,PRJ418,2024-03-03,30.3
R0858,PRJ418,2024-03-10,22.0
R0858,PRJ418,2024-03-17,20.3
R0858,PRJ418,2024-03-24,21.1
R0858,PRJ418,2024-03-31,24.4
R0858,PRJ418,2024-04-07,22.4
R0858,PRJ418,2024-04-14,28.0
R0858,PRJ418,2024-04-21,27.1
R0858,PRJ418,2024-04-28,17.2
R0859,PRJ186,2024-03-03,25.5
R0859,PRJ186,2024-03-10,19.2
R0859,PRJ186,2024-03-17,28.6
R0859,PRJ186,2024-03-24,25.6
R0859,PRJ186,2024-03-31,22.8
R0859,PRJ186,2024-04-07,22.0
R0859,PRJ186,2024-04-14,24.6
R0859,PRJ186,2024-04-21,27.4
R0859,PRJ186,2024-04-28,24.5
R0860,PRJ143,2024-03-03,27.1
R0860,PRJ143,2024-03-10,23.8
R0860,PRJ143,2024-03-24,28.2
R0860,PRJ143,2024-03-31,25.8
R0860,PRJ143,2024-04-07,33.6
R0860,PRJ143,2024-04-14,26.8
R0860,PRJ143,2024-04-21,24.7
R0860,PRJ143,2024-04-28,30.4
R0860,PRJ472,2024-03-03,3.7
R0860,PRJ472,2024-03-10,3.4
R0860,PRJ472,2024-03-17,3.9
R0860,PRJ472,2024-03-24,4.7
R0860,PRJ472,2024-03-31,2.4
R0860,PRJ472,2024-04-07,3.8
R0860,PRJ472,2024-04-14,3.5
R0860,PRJ472,2024-04-21,3.2
R0860,PRJ472,2024-04-28,4.4
R0861,PRJ235,2024-03-03,23.1
R0861,PRJ235,2024-03-10,18.3
R0861,PRJ235,2024-03-17,20.0
R0861,PRJ235,2024-03-24,17.8
R0861,PRJ235,2024-03-31,18.7
R0861,PRJ235,2024-04-07,19.5
R0861,PRJ235,2024-04-14,20.3
R0861,PRJ235,2024-04-21,14.9
R0861,PRJ235,2024-04-28,18.1
R0861,PRJ271,2024-03-03,38.3
R0861,PRJ271,2024-03-10,31.3
R0861,PRJ271,2024-03-17,27.0
R0861,PRJ271,2024-03-24,29.8
R0861,PRJ271,2024-03-31,34.7
R0861,PRJ271,2024-04-07,19.6
R0861,PRJ271,2024-04-14,40.2
R0862,PRJ055,2024-03-03,20.8
R0862,PRJ055,2024-03-10,16.0
R0862,PRJ055,2024-03-17,25.5
R0862,PRJ055,2024-03-24,23.3
R0862,PRJ055,2024-03-31,17.3
R0862,PRJ055,2024-04-07,19.4
R0862,PRJ055,2024-04-14,21.0
R0862,PRJ055,2024-04-21,25.8
R0862,PRJ055,2024-04-28,19.4
R0862,PRJ229,2024-03-03,31.3
R0862,PRJ229,2024-03-10,25.7
R0862,PRJ229,2024-03-17,28.4
R0862,PRJ229,2024-03-24,37.5
R0862,PRJ229,2024-03-31,32.2
R0862,PRJ229,2024-04-07,27.5
R0862,PRJ229,2024-04-21,32.3
R0862,PRJ229,2024-04-28,25.8
R0863,PRJ393,2024-03-03,22.7
R0863,PRJ393,2024-03-10,26.8
R0863,PRJ393,2024-03-17,33.3
R0863,PRJ393,2024-03-24,39.5
R0863,PRJ393,2024-03-31,29.0
R0863,PRJ393,2024-04-14,32.4
R0863,PRJ393,2024-04-21,32.8
R0863,PRJ393,2024-04-28,28.3
R0864,PRJ385,2024-03-03,18.8
R0864,PRJ385,2024-03-10,19.2
R0864,PRJ385,2024-03-17,22.6
R0864,PRJ385,2024-03-24,12.6
R0864,PRJ385,2024-03-31,20.3
R0864,PRJ385,2024-04-07,21.7
R0864,PRJ385,2024-04-14,22.5
R0864,PRJ385,2024-04-21,14.8
R0864,PRJ385,2024-04-28,14.7
R0864,PRJ587,2024-03-03,2.9
R0864,PRJ587,2024-03-10,3.5
R0864,PRJ587,2024-03-17,3.7
R0864,PRJ587,2024-03-24,2.4
R0864,PRJ587,2024-03-31,3.3
R0864,PRJ587,2024-04-07,4.2
R0864,PRJ587,2024-04-14,3.7
R0864,PRJ587,2024-04-21,3.0
R0864,PRJ587,2024-04-28,3.4
R0865,PRJ410,2024-03-10,30.1
R0865,PRJ410,2024-03-17,30.1
R0865,PRJ410,2024-03-24,30.1
R0865,PRJ410,2024-03-31,37.0
R0865,PRJ410,2024-04-07,27.8
R0865,PRJ410,2024-04-14,29.1
R0865,PRJ410,2024-04-21,27.2
R0865,PRJ410,2024-04-28,30.4
R0866,PRJ361,2024-03-03,37.2
R0866,PRJ361,2024-03-10,37.5
R0866,PRJ361,2024-03-17,34.4
R0867,PRJ366,2024-03-03,28.9
R0867,PRJ366,2024-03-10,30.0
R0867,PRJ366,2024-03-17,30.6
R0867,PRJ366,2024-03-24,25.4
R0867,PRJ366,2024-03-31,31.3
R0867,PRJ366,2024-04-07,34.7
R0867,PRJ366,2024-04-14,31.4
R0867,PRJ366,2024-04-21,38.3
R0867,PRJ009,2024-03-03,22.9
R0867,PRJ009,2024-03-10,29.1
R0867,PRJ009,2024-03-24,27.4
R0867,PRJ009,2024-03-31,22.5
R0867,PRJ009,2024-04-07,25.3
R0867,PRJ009,2024-04-14,33.0
R0867,PRJ009,2024-04-21,18.9
R0867,PRJ009,2024-04-28,20.9
R0868,PRJ069,2024-03-24,29.1
R0868,PRJ069,2024-03-31,17.9
R0868,PRJ069,2024-04-07,18.4
R0868,PRJ069,2024-04-14,14.5
R0868,PRJ069,2024-04-28,16.6
R0868,PRJ550,2024-03-17,7.8
R0868,PRJ550,2024-03-24,7.0
R0868,PRJ550,2024-03-31,7.2
R0868,PRJ550,2024-04-07,7.9
R0868,PRJ550,2024-04-14,8.8
R0868,PRJ550,2024-04-28,7.3
R0869,PRJ211,2024-03-10,41.1
R0869,PRJ211,2024-03-17,30.4
R0869,PRJ211,2024-03-24,30.3
R0869,PRJ211,2024-03-31,37.4
R0869,PRJ211,2024-04-07,32.5
R0869,PRJ211,2024-04-14,29.2
R0869,PRJ211,2024-04-21,31.6
R0869,PRJ211,2024-04-28,27.1
R0870,PRJ164,2024-03-03,21.5
R0870,PRJ164,2024-03-10,18.5
R0870,PRJ164,2024-03-24,23.2
R0870,PRJ164,2024-03-31,20.9
R0870,PRJ164,2024-04-07,28.6
R0870,PRJ164,2024-04-14,22.9
R0870,PRJ164,2024-04-21,25.5
R0870,PRJ164,2024-04-28,19.5
R0870,PRJ343,2024-03-10,23.0
R0870,PRJ343,2024-03-17,31.3
R0870,PRJ343,2024-03-24,24.3
R0870,PRJ343,2024-03-31,29.9
R0870,PRJ343,2024-04-07,34.2
R0870,PRJ343,2024-04-14,26.5
R0870,PRJ343,2024-04-21,28.6
R0870,PRJ343,2024-04-28,35.7
R0871,PRJ025,2024-03-03,28.9
R0871,PRJ025,2024-03-10,29.8
R0871,PRJ025,2024-03-17,26.1
R0871,PRJ025,2024-03-24,33.3
R0871,PRJ025,2024-03-31,23.8
R0871,PRJ025,2024-04-07,31.1
R0871,PRJ025,2024-04-14,32.4
R0871,PRJ025,2024-04-21,26.2
R0871,PRJ025,2024-04-28,30.7
R0872,PRJ129,2024-03-03,34.8
R0872,PRJ129,2024-03-10,29.8
R0872,PRJ129,2024-03-17,35.1
R0872,PRJ129,2024-03-24,30.7
R0872,PRJ129,2024-03-31,33.0
R0872,PRJ129,2024-04-07,36.3
R0872,PRJ129,2024-04-14,29.1
R0872,PRJ129,2024-04-21,37.0
R0872,PRJ129,2024-04-28,39.6
R0872,PRJ119,2024-03-10,19.4
R0872,PRJ119,2024-03-17,21.6
R0872,PRJ119,2024-03-24,35.6
R0872,PRJ119,2024-03-31,23.9
R0872,PRJ119,2024-04-14,28.8
R0872,PRJ119,2024-04-21,33.4
R0872,PRJ119,2024-04-28,33.6
R0872,PRJ581,2024-03-03,5.9
R0872,PRJ581,2024-03-10,5.9
R0872,PRJ581,2024-03-17,6.3
R0872,PRJ581,2024-03-24,5.8
R0872,PRJ581,2024-03-31,6.9
R0872,PRJ581,2024-04-07,5.3
R0872,PRJ581,2024-04-14,7.1
R0872,PRJ581,2024-04-21,7.7
R0872,PRJ581,2024-04-28,8.3
R0873,PRJ444,2024-03-03,21.3
R0873,PRJ444,2024-03-17,18.4
R0873,PRJ444,2024-03-24,19.8
R0873,PRJ444,2024-03-31,14.4
R0873,PRJ444,2024-04-07,18.1
R0873,PRJ444,2024-04-14,14.8
R0873,PRJ444,2024-04-21,16.5
R0874,PRJ337,2024-03-03,25.8
R0874,PRJ337,2024-03-17,24.8
R0874,PRJ337,2024-03-24,25.3
R0874,PRJ337,2024-03-31,20.8
R0874,PRJ337,2024-04-07,31.1
R0874,PRJ337,2024-04-14,27.7
R0874,PRJ337,2024-04-21,29.0
R0874,PRJ337,2024-04-28,23.6
R0875,PRJ364,2024-03-10,39.6
R0875,PRJ364,2024-03-17,35.4
R0875,PRJ364,2024-03-24,32.1
R0875,PRJ364,2024-03-31,27.3
R0875,PRJ364,2024-04-07,31.3
R0875,PRJ364,2024-04-14,37.0
R0876,PRJ230,2024-03-03,18.8
R0876,PRJ230,2024-03-10,18.9
R0876,PRJ230,2024-03-17,17.3
R0876,PRJ230,2024-03-31,19.7
R0876,PRJ230,2024-04-07,16.1
R0876,PRJ230,2024-04-14,20.7
R0876,PRJ230,2024-04-21,18.0
R0876,PRJ230,2024-04-28,15.8
R0876,PRJ072,2024-03-10,20.8
R0876,PRJ072,2024-03-17,25.7
R0876,PRJ072,2024-03-24,22.5
R0876,PRJ072,2024-03-31,21.4
R0876,PRJ072,2024-04-07,20.1
R0876,PRJ072,2024-04-14,28.1
R0876,PRJ072,2024-04-28,26.1
R0876,PRJ595,2024-03-03,1.8
R0876,PRJ595,2024-03-10,2.0
R0876,PRJ595,2024-03-17,2.5
R0876,PRJ595,2024-03-31,1.8
R0876,PRJ595,2024-04-07,2.3
R0876,PRJ595,2024-04-21,2.2
R0876,PRJ595,2024-04-28,2.0
R0877,PRJ150,2024-03-17,33.2
R0877,PRJ150,2024-03-24,43.6
R0877,PRJ150,2024-03-31,30.9
R0877,PRJ150,2024-04-07,34.8
R0877,PRJ150,2024-04-14,30.2
R0877,PRJ150,2024-04-21,40.7
R0877,PRJ323,2024-03-03,31.3
R0877,PRJ323,2024-03-10,21.4
R0877,PRJ323,2024-03-17,38.0
R0877,PRJ323,2024-03-24,32.1
R0877,PRJ323,2024-03-31,35.6
R0877,PRJ323,2024-04-07,34.3
R0877,PRJ323,2024-04-14,32.0
R0877,PRJ323,2024-04-21,31.7
R0877,PRJ323,2024-04-28,33.4
R0878,PRJ020,2024-03-03,19.3
R0878,PRJ020,2024-03-10,20.5
R0879,PRJ251,2024-03-10,28.8
R0879,PRJ251,2024-03-17,28.4
R0879,PRJ251,2024-03-31,25.6
R0879,PRJ251,2024-04-07,18.6
R0880,PRJ162,2024-03-03,28.9
R0880,PRJ162,2024-03-10,27.4
R0880,PRJ162,2024-03-17,26.5
R0880,PRJ162,2024-03-24,30.9
R0880,PRJ162,2024-03-31,30.1
R0880,PRJ162,2024-04-07,30.5
R0880,PRJ162,2024-04-14,26.1
R0880,PRJ162,2024-04-21,25.0
R0880,PRJ162,2024-04-28,27.3
R0880,PRJ499,2024-03-03,6.6
R0880,PRJ499,2024-03-17,4.8
R0880,PRJ499,2024-03-24,4.8
R0880,PRJ499,2024-03-31,6.4
R0880,PRJ499,2024-04-07,6.3
R0880,PRJ499,2024-04-14,8.2
R0880,PRJ499,2024-04-21,7.5
R0880,PRJ499,2024-04-28,8.4
R0881,PRJ279,2024-03-03,17.3
R0881,PRJ279,2024-03-10,15.8
R0881,PRJ279,2024-03-17,13.8
R0881,PRJ279,2024-03-24,15.5
R0881,PRJ279,2024-03-31,20.8
R0881,PRJ279,2024-04-07,16.2
R0881,PRJ279,2024-04-14,16.9
R0881,PRJ279,2024-04-21,21.4
R0882,PRJ430,2024-03-03,20.8
R0882,PRJ430,2024-03-10,18.5
R0882,PRJ430,2024-03-17,12.0
R0882,PRJ430,2024-03-24,15.6
R0882,PRJ430,2024-03-31,19.6
R0882,PRJ430,2024-04-07,18.9
R0882,PRJ430,2024-04-14,18.7
R0882,PRJ430,2024-04-21,18.6
R0882,PRJ430,2024-04-28,17.7
R0883,PRJ029,2024-03-03,28.9
R0883,PRJ029,2024-03-10,34.9
R0883,PRJ029,2024-03-17,36.2
R0883,PRJ029,2024-03-24,31.7
R0883,PRJ029,2024-03-31,26.5
R0883,PRJ029,2024-04-07,29.5
R0883,PRJ029,2024-04-14,28.6
R0883,PRJ029,2024-04-21,31.5
R0883,PRJ029,2024-04-28,25.0
R0884,PRJ274,2024-03-03,14.1
R0884,PRJ274,2024-03-10,18.9
R0884,PRJ274,2024-03-17,23.7
R0884,PRJ274,2024-03-31,18.3
R0884,PRJ274,2024-04-07,22.9
R0884,PRJ274,2024-04-14,21.6
R0884,PRJ274,2024-04-21,23.8
R0884,PRJ563,2024-03-10,2.7
R0884,PRJ563,2024-03-17,3.5
R0884,PRJ563,2024-03-24,2.8
R0884,PRJ563,2024-03-31,3.5
R0884,PRJ563,2024-04-07,2.6
R0884,PRJ563,2024-04-14,3.4
R0884,PRJ563,2024-04-21,2.9
R0884,PRJ563,2024-04-28,3.8
R0885,PRJ052,2024-03-03,24.8
R0885,PRJ052,2024-03-10,27.1
R0885,PRJ052,2024-03-17,24.1
R0885,PRJ052,2024-03-24,27.5
R0885,PRJ052,2024-04-07,33.2
R0885,PRJ052,2024-04-14,24.2
R0885,PRJ052,2024-04-21,22.5
R0885,PRJ052,2024-04-28,25.3
R0885,PRJ408,2024-03-03,39.8
R0885,PRJ408,2024-03-10,40.1
R0885,PRJ408,2024-03-17,39.0
R0885,PRJ408,2024-03-24,46.2
R0885,PRJ408,2024-03-31,40.1
R0885,PRJ408,2024-04-07,41.3
R0885,PRJ408,2024-04-14,42.4
R0886,PRJ356,2024-03-03,20.4
R0886,PRJ356,2024-03-10,23.7
R0886,PRJ356,2024-03-24,20.4
R0886,PRJ356,2024-03-31,17.8
R0886,PRJ356,2024-04-07,23.8
R0886,PRJ356,2024-04-14,24.6
R0886,PRJ356,2024-04-21,26.9
R0886,PRJ356,2024-04-28,16.9
R0887,PRJ218,2024-03-03,27.5
R0887,PRJ218,2024-03-10,36.6
R0887,PRJ218,2024-03-17,22.7
R0887,PRJ218,2024-03-24,25.3
R0887,PRJ218,2024-03-31,16.1
R0887,PRJ218,2024-04-07,23.2
R0887,PRJ218,2024-04-14,26.4
R0887,PRJ218,2024-04-21,22.8
R0887,PRJ218,2024-04-28,27.4
R0887,PRJ111,2024-03-17,15.7
R0887,PRJ111,2024-03-24,20.1
R0887,PRJ111,2024-03-31,23.9
R0887,PRJ111,2024-04-07,32.2
R0887,PRJ111,2024-04-14,26.5
R0887,PRJ111,2024-04-21,22.7
R0887,PRJ111,2024-04-28,25.7
R0888,PRJ313,2024-03-03,27.7
R0888,PRJ313,2024-03-10,22.2
R0888,PRJ313,2024-03-17,22.3
R0888,PRJ313,2024-03-24,19.7
R0888,PRJ313,2024-03-31,30.8
R0888,PRJ313,2024-04-07,31.0
R0888,PRJ313,2024-04-14,26.1
R0888,PRJ313,2024-04-21,20.7
R0888,PRJ313,2024-04-28,31.7
R0888,PRJ598,2024-03-03,1.8
R0888,PRJ598,2024-03-10,1.6
R0888,PRJ598,2024-03-17,1.8
R0888,PRJ598,2024-03-24,1.7
R0888,PRJ598,2024-03-31,1.7
R0888,PRJ598,2024-04-07,1.8
R0888,PRJ598,2024-04-14,2.0
R0888,PRJ598,2024-04-21,2.3
R0888,PRJ598,2024-04-28,1.9
R0889,PRJ447,2024-03-03,21.1
R0889,PRJ447,2024-03-10,21.0
R0889,PRJ447,2024-03-17,17.0
R0889,PRJ447,2024-03-24,24.3
R0889,PRJ447,2024-03-31,25.5
R0889,PRJ447,2024-04-07,27.0
R0889,PRJ447,2024-04-14,20.5
R0889,PRJ447,2024-04-21,26.8
R0889,PRJ447,2024-04-28,24.8
R0890,PRJ391,2024-03-03,27.1
R0890,PRJ391,2024-03-10,28.7
R0891,PRJ002,2024-03-03,35.7
R0891,PRJ002,2024-03-10,33.9
R0891,PRJ002,2024-03-17,28.3
R0891,PRJ002,2024-03-24,35.6
R0891,PRJ002,2024-03-31,35.7
R0891,PRJ002,2024-04-07,39.8
R0891,PRJ002,2024-04-14,32.2
R0891,PRJ002,2024-04-21,20.3
R0892,PRJ439,2024-03-10,17.2
R0892,PRJ439,2024-03-17,17.3
R0892,PRJ439,2024-03-24,22.9
R0892,PRJ439,2024-03-31,18.2
R0892,PRJ439,2024-04-07,17.9
R0892,PRJ439,2024-04-14,15.3
R0892,PRJ439,2024-04-21,21.4
R0892,PRJ439,2024-04-28,17.6
R0892,PRJ007,2024-03-03,30.3
R0892,PRJ007,2024-03-10,31.6
R0892,PRJ007,2024-03-17,25.4
R0892,PRJ007,2024-03-24,30.3
R0892,PRJ007,2024-03-31,22.8
R0892,PRJ007,2024-04-07,28.3
R0892,PRJ007,2024-04-14,32.0
R0892,PRJ007,2024-04-21,31.3
R0892,PRJ007,2024-04-28,32.7
R0892,PRJ579,2024-03-03,3.2
R0892,PRJ579,2024-03-10,3.1
R0892,PRJ579,2024-03-17,3.2
R0892,PRJ579,2024-03-24,3.7
R0892,PRJ579,2024-04-07,2.3
R0892,PRJ579,2024-04-14,3.2
R0892,PRJ579,2024-04-21,3.4
R0893,PRJ207,2024-03-03,22.3
R0893,PRJ207,2024-03-10,17.1
R0893,PRJ207,2024-03-17,18.8
R0893,PRJ207,2024-03-24,24.8
R0893,PRJ207,2024-03-31,20.3
R0893,PRJ207,2024-04-07,22.4
R0893,PRJ207,2024-04-14,20.1
R0893,PRJ207,2024-04-21,24.3
R0893,PRJ207,2024-04-28,20.1
R0894,PRJ010,2024-03-17,29.7
R0894,PRJ010,2024-03-24,35.5
R0894,PRJ010,2024-03-31,30.9
R0894,PRJ010,2024-04-07,26.5
R0894,PRJ010,2024-04-14,24.2
R0894,PRJ010,2024-04-21,32.8
R0894,PRJ010,2024-04-28,23.6
R0894,PRJ295,2024-03-03,27.7
R0894,PRJ295,2024-03-10,25.2
R0894,PRJ295,2024-03-24,28.6
R0894,PRJ295,2024-03-31,30.4
R0894,PRJ295,2024-04-07,28.2
R0894,PRJ295,2024-04-14,32.6
R0894,PRJ295,2024-04-21,34.7
R0894,PRJ295,2024-04-28,24.9
R0895,PRJ300,2024-03-17,20.8
R0895,PRJ300,2024-03-24,21.8
R0895,PRJ300,2024-03-31,23.7
R0895,PRJ300,2024-04-14,28.1
R0895,PRJ300,2024-04-21,19.3
R0895,PRJ300,2024-04-28,17.4
R0896,PRJ262,2024-03-17,29.7
R0896,PRJ262,2024-03-24,35.3
R0896,PRJ262,2024-03-31,23.1
R0896,PRJ262,2024-04-07,38.8
R0896,PRJ262,2024-04-14,29.6
R0896,PRJ482,2024-03-03,3.7
R0896,PRJ482,2024-03-10,5.6
R0896,PRJ482,2024-03-17,3.9
R0896,PRJ482,2024-03-24,4.6
R0896,PRJ482,2024-03-31,3.3
R0896,PRJ482,2024-04-07,3.2
R0896,PRJ482,2024-04-14,4.0
R0896,PRJ482,2024-04-21,5.0
R0896,PRJ482,2024-04-28,3.9
R0897,PRJ041,2024-03-03,31.3
R0897,PRJ041,2024-03-10,28.4
R0897,PRJ041,2024-03-17,39.1
R0897,PRJ041,2024-03-24,36.5
R0897,PRJ041,2024-03-31,32.9
R0897,PRJ041,2024-04-14,25.6
R0897,PRJ041,2024-04-21,24.3
R0897,PRJ041,2024-04-28,28.3
R0898,PRJ006,2024-03-10,29.9
R0898,PRJ006,2024-03-24,33.1
R0898,PRJ006,2024-03-31,34.0
R0898,PRJ006,2024-04-07,26.9
R0898,PRJ006,2024-04-14,27.9
R0898,PRJ006,2024-04-21,32.1
R0898,PRJ006,2024-04-28,37.0
R0899,PRJ083,2024-03-17,18.1
R0899,PRJ083,2024-03-24,17.3
R0899,PRJ083,2024-03-31,20.7
R0899,PRJ083,2024-04-14,14.8
R0899,PRJ083,2024-04-21,17.1
R0899,PRJ083,2024-04-28,18.0
R0900,PRJ169,2024-03-03,16.1
R0900,PRJ169,2024-03-10,18.6
R0900,PRJ169,2024-03-17,21.8
R0900,PRJ169,2024-03-24,15.1
R0900,PRJ169,2024-03-31,18.2
R0900,PRJ169,2024-04-07,20.2
R0900,PRJ169,2024-04-14,20.0
R0900,PRJ169,2024-04-21,14.5
R0900,PRJ169,2024-04-28,19.9
R0900,PRJ464,2024-03-03,4.3
R0900,PRJ464,2024-03-10,4.2
R0900,PRJ464,2024-03-17,5.3
R0900,PRJ464,2024-03-24,4.9
R0900,PRJ464,2024-03-31,6.5
R0900,PRJ464,2024-04-07,3.8
R0900,PRJ464,2024-04-14,5.3
R0900,PRJ464,2024-04-21,2.3
R0900,PRJ464,2024-04-28,1.4
R0901,PRJ148,2024-03-03,15.9
R0901,PRJ148,2024-03-10,19.3
R0902,PRJ119,2024-03-03,17.6
R0902,PRJ119,2024-03-17,19.6
R0902,PRJ119,2024-03-24,18.0
R0902,PRJ119,2024-04-07,15.5
R0902,PRJ119,2024-04-14,13.5
R0902,PRJ119,2024-04-28,13.6
R0903,PRJ261,2024-03-03,32.6
R0903,PRJ261,2024-03-10,32.0
R0903,PRJ261,2024-03-17,34.6
R0903,PRJ261,2024-03-31,36.9
R0903,PRJ261,2024-04-07,37.4
R0903,PRJ261,2024-04-14,36.4
R0903,PRJ261,2024-04-21,41.4
R0903,PRJ261,2024-04-28,30.4
R0904,PRJ090,2024-03-03,27.4
R0904,PRJ090,2024-03-10,27.0
R0904,PRJ090,2024-03-17,31.3
R0904,PRJ090,2024-03-24,39.6
R0904,PRJ090,2024-03-31,32.0
R0904,PRJ090,2024-04-07,21.2
R0904,PRJ090,2024-04-14,29.1
R0904,PRJ090,2024-04-21,38.9
R0904,PRJ090,2024-04-28,30.7
R0904,PRJ458,2024-03-03,8.6
R0904,PRJ458,2024-03-10,5.9
R0904,PRJ458,2024-03-24,6.3
R0904,PRJ458,2024-03-31,6.6
R0904,PRJ458,2024-04-07,7.2
R0904,PRJ458,2024-04-14,7.4
R0904,PRJ458,2024-04-21,8.3
R0904,PRJ458,2024-04-28,5.6
R0905,PRJ113,2024-03-10,16.2
R0905,PRJ113,2024-03-17,26.0
R0905,PRJ113,2024-03-24,23.4
R0905,PRJ113,2024-03-31,16.8
R0905,PRJ113,2024-04-07,22.6
R0905,PRJ113,2024-04-14,27.1
R0905,PRJ113,2024-04-21,21.5
R0905,PRJ113,2024-04-28,24.0
R0906,PRJ021,2024-03-03,24.3
R0906,PRJ021,2024-03-10,22.9
R0906,PRJ021,2024-03-17,31.0
R0906,PRJ021,2024-03-24,24.8
R0906,PRJ021,2024-03-31,26.0
R0906,PRJ021,2024-04-07,27.4
R0906,PRJ021,2024-04-14,24.3
R0906,PRJ021,2024-04-21,35.4
R0906,PRJ021,2024-04-28,30.4
R0907,PRJ343,2024-03-10,36.4
R0907,PRJ343,2024-03-17,34.2
R0907,PRJ343,2024-03-24,38.0
R0907,PRJ343,2024-03-31,44.9
R0907,PRJ343,2024-04-14,34.8
R0907,PRJ343,2024-04-21,33.9
R0907,PRJ343,2024-04-28,34.1
R0907,PRJ355,2024-03-03,28.5
R0907,PRJ355,2024-03-10,40.5
R0907,PRJ355,2024-03-17,34.6
R0907,PRJ355,2024-03-24,26.7
R0907,PRJ355,2024-03-31,25.6
R0907,PRJ355,2024-04-07,30.5
R0907,PRJ355,2024-04-14,33.1
R0907,PRJ355,2024-04-21,27.3
R0907,PRJ355,2024-04-28,38.7
R0908,PRJ352,2024-03-03,24.6
R0908,PRJ352,2024-03-10,24.4
R0908,PRJ352,2024-03-17,25.4
R0908,PRJ352,2024-03-24,20.8
R0908,PRJ352,2024-03-31,23.5
R0908,PRJ352,2024-04-07,25.4
R0908,PRJ352,2024-04-14,24.1
R0908,PRJ352,2024-04-21,23.2
R0908,PRJ352,2024-04-28,26.8
R0908,PRJ485,2024-03-03,5.7
R0908,PRJ485,2024-03-10,5.7
R0908,PRJ485,2024-03-17,6.1
R0908,PRJ485,2024-03-24,6.1
R0908,PRJ485,2024-03-31,6.1
R0908,PRJ485,2024-04-07,4.6
R0908,PRJ485,2024-04-14,6.9
R0908,PRJ485,2024-04-21,6.3
R0908,PRJ485,2024-04-28,3.8
R0909,PRJ093,2024-03-03,24.9
R0909,PRJ093,2024-03-10,41.6
R0909,PRJ093,2024-03-24,29.5
R0909,PRJ093,2024-03-31,36.6
R0909,PRJ093,2024-04-07,29.5
R0909,PRJ093,2024-04-14,45.2
R0909,PRJ093,2024-04-28,34.2
R0910,PRJ068,2024-03-03,19.9
R0910,PRJ068,2024-03-10,24.8
R0910,PRJ068,2024-03-17,22.8
R0910,PRJ068,2024-03-24,20.5
R0910,PRJ068,2024-03-31,23.9
R0910,PRJ068,2024-04-07,23.0
R0910,PRJ068,2024-04-14,22.9
R0910,PRJ068,2024-04-21,18.0
R0910,PRJ068,2024-04-28,23.5
R0911,PRJ408,2024-03-03,26.1
R0911,PRJ408,2024-03-10,24.8
R0911,PRJ408,2024-03-17,29.1
R0911,PRJ408,2024-03-24,21.7
R0911,PRJ408,2024-03-31,21.7
R0911,PRJ408,2024-04-07,30.7
R0911,PRJ408,2024-04-14,28.2
R0911,PRJ408,2024-04-21,21.4
R0911,PRJ408,2024-04-28,25.3
R0911,PRJ293,2024-03-03,20.6
R0911,PRJ293,2024-03-10,19.3
R0911,PRJ293,2024-03-17,23.4
R0911,PRJ293,2024-03-24,16.8
R0911,PRJ293,2024-03-31,25.0
R0911,PRJ293,2024-04-07,27.2
R0912,PRJ154,2024-03-03,18.5
R0912,PRJ154,2024-03-10,19.0
R0912,PRJ154,2024-03-17,17.6
R0912,PRJ154,2024-03-24,20.9
R0912,PRJ154,2024-03-31,14.0
R0912,PRJ154,2024-04-07,16.0
R0912,PRJ154,2024-04-14,19.2
R0912,PRJ154,2024-04-28,15.9
R0912,PRJ510,2024-03-10,2.5
R0912,PRJ510,2024-03-17,2.5
R0912,PRJ510,2024-03-31,1.9
R0912,PRJ510,2024-04-07,2.0
R0912,PRJ510,2024-04-14,2.0
R0912,PRJ510,2024-04-21,2.2
R0912,PRJ510,2024-04-28,2.1
R0913,PRJ109,2024-03-03,33.2
R0913,PRJ109,2024-03-10,30.0
R0914,PRJ202,2024-03-03,22.2
R0914,PRJ202,2024-03-10,23.1
R0914,PRJ202,2024-03-17,24.9
R0914,PRJ202,2024-03-24,16.7
R0914,PRJ202,2024-03-31,22.2
R0914,PRJ202,2024-04-07,25.9
R0914,PRJ202,2024-04-14,29.6
R0914,PRJ202,2024-04-21,19.8
R0914,PRJ407,2024-03-03,27.7
R0914,PRJ407,2024-03-10,26.2
R0914,PRJ407,2024-03-17,28.3
R0914,PRJ407,2024-03-24,14.3
R0914,PRJ407,2024-03-31,16.3
R0914,PRJ407,2024-04-07,25.6
R0914,PRJ407,2024-04-14,27.6
R0914,PRJ407,2024-04-21,23.1
R0914,PRJ407,2024-04-28,22.0
R0915,PRJ099,2024-03-10,16.6
R0915,PRJ099,2024-03-17,15.1
R0915,PRJ099,2024-03-24,14.1
R0915,PRJ099,2024-03-31,20.5
R0915,PRJ099,2024-04-07,16.2
R0915,PRJ099,2024-04-14,16.4
R0915,PRJ099,2024-04-21,13.2
R0915,PRJ099,2024-04-28,16.5
R0915,PRJ065,2024-03-17,23.0
R0915,PRJ065,2024-03-24,24.8
R0915,PRJ065,2024-03-31,25.4
R0915,PRJ065,2024-04-07,27.8
R0915,PRJ065,2024-04-14,28.2
R0915,PRJ065,2024-04-21,26.1
R0915,PRJ065,2024-04-28,25.2
R0916,PRJ450,2024-03-03,14.6
R0916,PRJ450,2024-03-10,12.0
R0916,PRJ450,2024-03-17,18.8
R0916,PRJ450,2024-03-24,13.9
R0916,PRJ450,2024-03-31,16.0
R0916,PRJ450,2024-04-07,12.9
R0916,PRJ450,2024-04-14,26.4
R0916,PRJ450,2024-04-21,24.1
R0916,PRJ122,2024-03-03,19.7
R0916,PRJ122,2024-03-10,15.1
R0916,PRJ122,2024-03-17,19.8
R0916,PRJ122,2024-03-31,17.0
R0916,PRJ122,2024-04-07,20.4
R0916,PRJ122,2024-04-14,27.3
R0916,PRJ122,2024-04-21,26.2
R0916,PRJ122,2024-04-28,29.8
R0916,PRJ456,2024-03-17,2.4
R0916,PRJ456,2024-03-24,2.0
R0916,PRJ456,2024-03-31,7.6
R0916,PRJ456,2024-04-07,7.7
R0916,PRJ456,2024-04-14,9.5
R0916,PRJ456,2024-04-21,5.2
R0917,PRJ006,2024-03-03,24.4
R0917,PRJ006,2024-03-10,25.9
R0917,PRJ006,2024-03-17,25.7
R0917,PRJ006,2024-03-24,20.9
R0917,PRJ006,2024-03-31,27.1
R0917,PRJ006,2024-04-07,24.1
R0917,PRJ006,2024-04-14,28.1
R0917,PRJ232,2024-03-03,32.0
R0917,PRJ232,2024-03-10,33.0
R0917,PRJ232,2024-03-17,26.5
R0917,PRJ232,2024-03-24,31.7
R0917,PRJ232,2024-03-31,36.0
R0917,PRJ232,2024-04-07,32.4
R0917,PRJ232,2024-04-14,28.0
R0917,PRJ232,2024-04-21,35.3
R0917,PRJ232,2024-04-28,35.2
R0918,PRJ132,2024-03-03,32.1
R0918,PRJ132,2024-03-10,32.3
R0918,PRJ132,2024-03-17,41.3
R0918,PRJ132,2024-03-24,30.6
R0918,PRJ132,2024-03-31,28.3
R0918,PRJ132,2024-04-07,43.9
R0918,PRJ132,2024-04-14,39.8
R0918,PRJ132,2024-04-21,40.9
R0918,PRJ132,2024-04-28,35.6
R0919,PRJ124,2024-03-03,24.2
R0919,PRJ124,2024-03-10,22.1
R0919,PRJ124,2024-03-17,27.2
R0919,PRJ124,2024-03-24,24.9
R0919,PRJ124,2024-03-31,24.9
R0919,PRJ124,2024-04-07,24.3
R0919,PRJ124,2024-04-14,18.1
R0919,PRJ124,2024-04-21,28.6
R0919,PRJ124,2024-04-28,20.8
R0920,PRJ346,2024-03-03,16.5
R0920,PRJ346,2024-03-10,16.8
R0920,PRJ346,2024-03-17,17.8
R0920,PRJ346,2024-03-24,18.1
R0920,PRJ346,2024-03-31,20.8
R0920,PRJ346,2024-04-07,22.6
R0920,PRJ346,2024-04-14,21.2
R0920,PRJ346,2024-04-21,23.9
R0920,PRJ346,2024-04-28,25.6
R0920,PRJ460,2024-03-03,4.4
R0920,PRJ460,2024-03-10,5.0
R0920,PRJ460,2024-03-17,4.4
R0920,PRJ460,2024-03-24,5.3
R0920,PRJ460,2024-03-31,5.3
R0920,PRJ460,2024-04-07,6.2
R0920,PRJ460,2024-04-21,3.9
R0920,PRJ460,2024-04-28,2.2
R0921,PRJ229,2024-03-03,32.7
R0921,PRJ229,2024-03-10,39.6
R0921,PRJ229,2024-03-17,39.3
R0921,PRJ229,2024-03-24,34.2
R0921,PRJ229,2024-03-31,35.9
R0921,PRJ229,2024-04-07,37.5
R0921,PRJ229,2024-04-14,33.3
R0921,PRJ229,2024-04-21,25.5
R0921,PRJ229,2024-04-28,36.2
R0921,PRJ078,2024-03-03,28.5
R0921,PRJ078,2024-03-10,21.8
R0921,PRJ078,2024-03-17,15.2
R0921,PRJ078,2024-03-24,27.8
R0921,PRJ078,2024-03-31,20.1
R0921,PRJ078,2024-04-07,23.6
R0921,PRJ078,2024-04-14,24.1
R0921,PRJ078,2024-04-21,24.5
R0921,PRJ078,2024-04-28,21.3
R0922,PRJ426,2024-03-03,25.6
R0922,PRJ426,2024-03-10,30.2
R0922,PRJ426,2024-03-17,33.9
R0922,PRJ426,2024-03-24,27.8
R0922,PRJ426,2024-03-31,30.6
R0922,PRJ426,2024-04-07,40.9
R0922,PRJ426,2024-04-14,32.6
R0922,PRJ426,2024-04-21,30.2
R0922,PRJ426,2024-04-28,31.0
R0923,PRJ265,2024-03-03,39.6
R0923,PRJ265,2024-03-10,34.0
R0923,PRJ265,2024-03-17,28.0
R0923,PRJ265,2024-03-24,34.5
R0923,PRJ265,2024-03-31,26.5
R0923,PRJ265,2024-04-07,31.7
R0923,PRJ265,2024-04-14,37.2
R0923,PRJ265,2024-04-21,31.8
R0923,PRJ265,2024-04-28,26.1
R0924,PRJ123,2024-03-03,29.7
R0924,PRJ123,2024-03-10,35.3
R0925,PRJ402,2024-03-03,25.6
R0925,PRJ402,2024-03-10,31.8
R0925,PRJ402,2024-03-17,34.6
R0925,PRJ402,2024-03-24,30.6
R0925,PRJ402,2024-03-31,29.1
R0925,PRJ402,2024-04-07,25.9
R0925,PRJ402,2024-04-14,26.4
R0925,PRJ402,2024-04-21,27.9
R0925,PRJ402,2024-04-28,31.9
R0925,PRJ070,2024-03-10,28.5
R0925,PRJ070,2024-03-17,30.4
R0925,PRJ070,2024-03-24,32.5
R0925,PRJ070,2024-03-31,28.3
R0925,PRJ070,2024-04-07,28.1
R0925,PRJ070,2024-04-14,12.7
R0925,PRJ070,2024-04-21,16.7
R0925,PRJ070,2024-04-28,16.1
R0926,PRJ416,2024-03-03,31.2
R0926,PRJ416,2024-03-10,34.6
R0926,PRJ416,2024-03-17,28.2
R0926,PRJ416,2024-03-24,29.0
R0926,PRJ416,2024-03-31,33.9
R0926,PRJ416,2024-04-07,40.4
R0926,PRJ416,2024-04-14,32.1
R0926,PRJ416,2024-04-21,33.1
R0926,PRJ416,2024-04-28,32.9
R0927,PRJ301,2024-03-03,28.0
R0927,PRJ301,2024-03-10,31.5
R0927,PRJ301,2024-03-17,33.7
R0927,PRJ301,2024-03-24,33.6
R0927,PRJ301,2024-03-31,35.0
R0927,PRJ301,2024-04-07,27.8
R0927,PRJ301,2024-04-21,26.8
R0927,PRJ301,2024-04-28,35.7
R0928,PRJ117,2024-03-03,23.0
R0928,PRJ117,2024-03-10,15.7
R0928,PRJ117,2024-03-24,20.9
R0928,PRJ117,2024-03-31,13.9
R0928,PRJ117,2024-04-07,17.2
R0928,PRJ117,2024-04-14,20.8
R0928,PRJ117,2024-04-21,22.7
R0928,PRJ117,2024-04-28,22.4
R0928,PRJ024,2024-03-10,22.5
R0928,PRJ024,2024-03-17,23.9
R0928,PRJ024,2024-03-24,29.6
R0928,PRJ024,2024-03-31,30.0
R0928,PRJ024,2024-04-07,22.3
R0928,PRJ024,2024-04-28,27.8
R0928,PRJ560,2024-03-03,4.6
R0928,PRJ560,2024-03-10,5.9
R0928,PRJ560,2024-03-17,4.6
R0928,PRJ560,2024-03-24,4.4
R0928,PRJ560,2024-03-31,5.3
R0928,PRJ560,2024-04-07,5.3
R0928,PRJ560,2024-04-14,5.7
R0928,PRJ560,2024-04-21,5.2
R0928,PRJ560,2024-04-28,5.2
R0929,PRJ020,2024-03-03,22.6
R0929,PRJ020,2024-03-17,23.9
R0929,PRJ020,2024-03-24,25.8
R0929,PRJ020,2024-04-07,19.0
R0929,PRJ020,2024-04-14,22.6
R0929,PRJ020,2024-04-21,22.5
R0929,PRJ020,2024-04-28,22.6
R0929,PRJ326,2024-03-03,12.4
R0929,PRJ326,2024-03-10,15.6
R0929,PRJ326,2024-03-17,21.8
R0929,PRJ326,2024-03-24,16.9
R0929,PRJ326,2024-03-31,19.1
R0929,PRJ326,2024-04-07,17.5
R0929,PRJ326,2024-04-14,20.8
R0930,PRJ133,2024-03-03,21.7
R0930,PRJ133,2024-03-10,21.0
R0930,PRJ133,2024-03-17,16.7
R0930,PRJ133,2024-03-24,16.8
R0930,PRJ133,2024-03-31,18.8
R0930,PRJ133,2024-04-07,20.0
R0930,PRJ133,2024-04-14,17.1
R0930,PRJ133,2024-04-21,20.9
R0930,PRJ133,2024-04-28,20.8
R0930,PRJ389,2024-03-03,29.9
R0930,PRJ389,2024-03-10,38.2
R0930,PRJ389,2024-03-17,33.1
R0930,PRJ389,2024-03-24,33.2
R0930,PRJ389,2024-03-31,34.9
R0930,PRJ389,2024-04-07,31.4
R0930,PRJ389,2024-04-14,35.1
R0930,PRJ389,2024-04-21,23.8
R0930,PRJ389,2024-04-28,33.8
R0931,PRJ038,2024-03-03,28.9
R0931,PRJ038,2024-03-10,29.5
R0931,PRJ038,2024-03-24,31.4
R0931,PRJ038,2024-03-31,32.3
R0931,PRJ038,2024-04-07,36.0
R0931,PRJ038,2024-04-14,38.6
R0931,PRJ038,2024-04-21,39.2
R0931,PRJ038,2024-04-28,39.2
R0931,PRJ379,2024-03-03,40.0
R0931,PRJ379,2024-03-10,35.3
R0931,PRJ379,2024-03-24,36.5
R0931,PRJ379,2024-03-31,30.9
R0931,PRJ379,2024-04-07,40.2
R0931,PRJ379,2024-04-14,34.5
R0931,PRJ379,2024-04-21,37.7
R0931,PRJ379,2024-04-28,29.3
R0932,PRJ362,2024-03-03,21.9
R0932,PRJ362,2024-03-10,22.3
R0932,PRJ362,2024-03-17,21.8
R0932,PRJ362,2024-03-24,15.6
R0932,PRJ362,2024-03-31,23.2
R0932,PRJ362,2024-04-14,23.4
R0932,PRJ362,2024-04-21,24.6
R0932,PRJ362,2024-04-28,13.6
R0932,PRJ072,2024-03-10,16.8
R0932,PRJ072,2024-03-17,27.5
R0932,PRJ072,2024-03-24,28.5
R0932,PRJ072,2024-03-31,15.8
R0932,PRJ072,2024-04-07,25.0
R0932,PRJ072,2024-04-14,17.6
R0932,PRJ072,2024-04-21,22.9
R0932,PRJ072,2024-04-28,28.3
R0932,PRJ536,2024-03-10,2.6
R0932,PRJ536,2024-03-17,2.6
R0932,PRJ536,2024-03-24,2.6
R0932,PRJ536,2024-03-31,2.4
R0932,PRJ536,2024-04-07,2.6
R0932,PRJ536,2024-04-14,2.7
R0932,PRJ536,2024-04-21,3.6
R0932,PRJ536,2024-04-28,2.4
R0933,PRJ385,2024-03-03,24.4
R0933,PRJ385,2024-03-10,32.5
R0933,PRJ385,2024-03-17,28.7
R0933,PRJ385,2024-03-24,25.5
R0933,PRJ385,2024-03-31,27.9
R0933,PRJ385,2024-04-07,28.6
R0933,PRJ385,2024-04-14,24.4
R0933,PRJ385,2024-04-21,35.8
R0933,PRJ385,2024-04-28,29.2
R0933,PRJ263,2024-03-03,14.4
R0933,PRJ263,2024-03-10,13.4
R0933,PRJ263,2024-03-17,19.0
R0933,PRJ263,2024-03-31,10.6
R0933,PRJ263,2024-04-07,18.7
R0933,PRJ263,2024-04-21,17.3
R0933,PRJ263,2024-04-28,13.0
R0934,PRJ394,2024-03-03,25.8
R0934,PRJ394,2024-03-10,27.8
R0934,PRJ394,2024-03-17,30.0
R0934,PRJ394,2024-03-24,25.2
R0934,PRJ394,2024-03-31,29.8
R0934,PRJ394,2024-04-07,33.6
R0934,PRJ394,2024-04-14,34.2
R0934,PRJ394,2024-04-21,30.3
R0934,PRJ394,2024-04-28,25.0
R0934,PRJ058,2024-03-03,26.7
R0934,PRJ058,2024-03-10,29.7
R0934,PRJ058,2024-03-17,29.8
R0934,PRJ058,2024-03-24,31.0
R0934,PRJ058,2024-03-31,29.3
R0934,PRJ058,2024-04-07,27.9
R0934,PRJ058,2024-04-14,20.1
R0934,PRJ058,2024-04-21,24.7
R0934,PRJ058,2024-04-28,24.1
R0935,PRJ204,2024-03-03,21.2
R0935,PRJ204,2024-03-10,23.8
R0935,PRJ204,2024-03-24,20.8
R0935,PRJ204,2024-03-31,20.9
R0935,PRJ204,2024-04-14,26.0
R0935,PRJ204,2024-04-21,18.2
R0935,PRJ204,2024-04-28,24.5
R0935,PRJ050,2024-03-03,18.1
R0935,PRJ050,2024-03-10,20.4
R0935,PRJ050,2024-03-17,21.7
R0935,PRJ050,2024-03-24,19.6
R0935,PRJ050,2024-03-31,22.9
R0935,PRJ050,2024-04-07,24.8
R0935,PRJ050,2024-04-14,25.4
R0935,PRJ050,2024-04-21,21.2
R0935,PRJ050,2024-04-28,18.2
R0936,PRJ054,2024-03-03,12.7
R0936,PRJ054,2024-03-10,13.7
R0936,PRJ054,2024-03-17,19.5
R0937,PRJ239,2024-03-03,15.5
R0937,PRJ239,2024-03-10,23.6
R0937,PRJ239,2024-03-17,21.8
R0937,PRJ239,2024-03-31,28.4
R0937,PRJ239,2024-04-07,25.1
R0937,PRJ239,2024-04-14,23.5
R0938,PRJ425,2024-03-03,18.5
R0938,PRJ425,2024-03-10,17.3
R0938,PRJ425,2024-03-24,25.0
R0938,PRJ425,2024-03-31,21.3
R0938,PRJ425,2024-04-07,16.6
R0938,PRJ425,2024-04-14,16.4
R0938,PRJ425,2024-04-21,24.0
R0939,PRJ324,2024-03-03,18.5
R0939,PRJ324,2024-03-17,16.4
R0939,PRJ324,2024-03-24,23.6
R0939,PRJ324,2024-03-31,19.2
R0939,PRJ324,2024-04-07,18.0
R0939,PRJ324,2024-04-14,21.2
R0939,PRJ324,2024-04-21,16.2
R0939,PRJ324,2024-04-28,17.5
R0940,PRJ259,2024-03-03,25.0
R0940,PRJ259,2024-03-10,22.2
R0940,PRJ259,2024-03-17,17.8
R0940,PRJ259,2024-03-24,23.6
R0940,PRJ259,2024-03-31,20.1
R0940,PRJ259,2024-04-07,22.3
R0940,PRJ259,2024-04-14,23.5
R0940,PRJ259,2024-04-21,21.9
R0940,PRJ259,2024-04-28,18.2
R0940,PRJ597,2024-03-03,6.5
R0940,PRJ597,2024-03-10,5.0
R0940,PRJ597,2024-03-17,6.0
R0940,PRJ597,2024-03-24,6.8
R0940,PRJ597,2024-03-31,7.8
R0940,PRJ597,2024-04-07,6.4
R0940,PRJ597,2024-04-14,5.8
R0940,PRJ597,2024-04-28,6.9
R0941,PRJ405,2024-03-10,37.0
R0941,PRJ405,2024-03-17,35.1
R0941,PRJ405,2024-03-24,36.7
R0941,PRJ405,2024-03-31,27.6
R0941,PRJ405,2024-04-07,35.0
R0941,PRJ405,2024-04-14,35.6
R0941,PRJ405,2024-04-21,24.5
R0941,PRJ405,2024-04-28,38.5
R0942,PRJ015,2024-03-03,31.4
R0942,PRJ015,2024-03-10,25.4
R0942,PRJ015,2024-03-17,20.7
R0942,PRJ015,2024-03-24,28.7
R0942,PRJ015,2024-03-31,26.5
R0942,PRJ015,2024-04-14,27.1
R0942,PRJ015,2024-04-21,25.6
R0942,PRJ015,2024-04-28,27.1
R0943,PRJ240,2024-03-10,23.3
R0943,PRJ240,2024-03-17,37.4
R0943,PRJ240,2024-03-31,42.3
R0943,PRJ240,2024-04-07,22.2
R0943,PRJ240,2024-04-14,25.4
R0943,PRJ240,2024-04-21,25.9
R0943,PRJ240,2024-04-28,24.5
R0944,PRJ161,2024-03-03,37.3
R0944,PRJ161,2024-03-17,33.7
R0944,PRJ161,2024-03-24,32.0
R0944,PRJ161,2024-03-31,38.0
R0944,PRJ161,2024-04-07,38.0
R0944,PRJ161,2024-04-14,41.8
R0944,PRJ161,2024-04-21,35.5
R0944,PRJ161,2024-04-28,28.0
R0944,PRJ535,2024-03-03,6.6
R0944,PRJ535,2024-03-10,6.5
R0944,PRJ535,2024-03-17,7.6
R0944,PRJ535,2024-03-24,6.5
R0944,PRJ535,2024-03-31,9.4
R0944,PRJ535,2024-04-07,6.1
R0944,PRJ535,2024-04-14,7.7
R0944,PRJ535,2024-04-21,6.7
R0944,PRJ535,2024-04-28,9.1
R0945,PRJ090,2024-03-17,32.1
R0945,PRJ090,2024-03-24,41.1
R0945,PRJ090,2024-03-31,29.3
R0945,PRJ090,2024-04-07,46.3
R0945,PRJ090,2024-04-14,33.6
R0945,PRJ090,2024-04-21,33.1
R0946,PRJ200,2024-03-03,27.8
R0946,PRJ200,2024-03-10,26.2
R0946,PRJ200,2024-03-17,23.5
R0946,PRJ200,2024-03-24,22.9
R0946,PRJ200,2024-03-31,31.0
R0946,PRJ200,2024-04-07,24.2
R0946,PRJ200,2024-04-14,24.4
R0946,PRJ200,2024-04-21,20.4
R0946,PRJ200,2024-04-28,30.0
R0947,PRJ007,2024-03-03,14.8
R0947,PRJ007,2024-03-10,14.6
R0947,PRJ007,2024-03-17,19.6
R0947,PRJ007,2024-03-24,9.9
R0947,PRJ007,2024-03-31,17.6
R0947,PRJ007,2024-04-07,16.0
R0947,PRJ007,2024-04-14,16.6
R0947,PRJ007,2024-04-28,17.2
R0948,PRJ432,2024-03-03,28.0
R0948,PRJ432,2024-03-10,30.8
R0949,PRJ427,2024-03-03,23.9
R0949,PRJ427,2024-03-10,29.1
R0949,PRJ427,2024-03-17,32.8
R0949,PRJ427,2024-03-24,20.8
R0949,PRJ427,2024-03-31,27.4
R0949,PRJ427,2024-04-07,21.2
R0949,PRJ427,2024-04-14,22.2
R0950,PRJ271,2024-03-03,24.9
R0950,PRJ271,2024-03-10,25.3
R0950,PRJ271,2024-03-17,21.5
R0950,PRJ271,2024-03-24,21.3
R0950,PRJ271,2024-03-31,20.5
R0950,PRJ271,2024-04-07,15.1
R0950,PRJ271,2024-04-14,23.1
R0950,PRJ271,2024-04-21,22.2
R0950,PRJ271,2024-04-28,18.9
R0950,PRJ155,2024-03-10,33.0
R0950,PRJ155,2024-03-17,19.8
R0950,PRJ155,2024-03-24,26.5
R0950,PRJ155,2024-03-31,30.2
R0950,PRJ155,2024-04-07,22.1
R0950,PRJ155,2024-04-14,24.3
R0950,PRJ155,2024-04-21,33.0
R0950,PRJ155,2024-04-28,30.5
R0951,PRJ216,2024-03-03,16.6
R0951,PRJ216,2024-03-10,20.9
R0951,PRJ216,2024-03-17,16.6
R0951,PRJ216,2024-03-24,17.9
R0951,PRJ216,2024-03-31,15.6
R0951,PRJ216,2024-04-07,17.3
R0951,PRJ216,2024-04-14,17.6
R0951,PRJ216,2024-04-21,18.6
R0951,PRJ216,2024-04-28,15.4
R0951,PRJ255,2024-03-03,23.3
R0951,PRJ255,2024-03-10,27.5
R0951,PRJ255,2024-03-17,22.6
R0951,PRJ255,2024-03-24,20.1
R0951,PRJ255,2024-03-31,22.2
R0951,PRJ255,2024-04-07,27.4
R0951,PRJ255,2024-04-14,28.0
R0951,PRJ255,2024-04-21,26.6
R0952,PRJ002,2024-03-03,22.0
R0952,PRJ002,2024-03-10,23.4
R0952,PRJ002,2024-03-17,23.6
R0952,PRJ002,2024-03-24,20.2
R0952,PRJ002,2024-03-31,22.1
R0952,PRJ002,2024-04-07,31.2
R0952,PRJ002,2024-04-14,23.5
R0952,PRJ002,2024-04-21,30.9
R0952,PRJ002,2024-04-28,31.4
R0952,PRJ616,2024-03-03,8.2
R0952,PRJ616,2024-03-10,6.0
R0952,PRJ616,2024-03-17,6.1
R0952,PRJ616,2024-03-24,5.9
R0952,PRJ616,2024-03-31,4.1
R0952,PRJ616,2024-04-07,5.7
R0952,PRJ616,2024-04-14,6.1
R0952,PRJ616,2024-04-21,7.3
R0952,PRJ616,2024-04-28,6.1
R0953,PRJ389,2024-03-03,22.3
R0953,PRJ389,2024-03-10,13.4
R0953,PRJ389,2024-03-17,19.1
R0953,PRJ389,2024-03-31,15.2
R0953,PRJ389,2024-04-07,13.6
R0953,PRJ389,2024-04-14,17.8
R0953,PRJ389,2024-04-21,14.8
R0953,PRJ389,2024-04-28,14.1
R0954,PRJ304,2024-03-03,36.4
R0954,PRJ304,2024-03-10,38.9
R0954,PRJ304,2024-03-17,28.9
R0954,PRJ304,2024-03-24,42.6
R0954,PRJ304,2024-03-31,36.2
R0954,PRJ304,2024-04-07,33.2
R0954,PRJ304,2024-04-14,23.6
R0954,PRJ304,2024-04-28,41.5
R0955,PRJ115,2024-03-03,15.4
R0955,PRJ115,2024-03-10,19.8
R0955,PRJ115,2024-03-17,15.8
R0955,PRJ115,2024-03-24,19.2
R0955,PRJ115,2024-03-31,17.8
R0955,PRJ115,2024-04-07,19.5
R0955,PRJ115,2024-04-14,15.0
R0955,PRJ115,2024-04-21,16.4
R0955,PRJ115,2024-04-28,17.2
R0956,PRJ139,2024-03-03,29.4
R0956,PRJ139,2024-03-10,27.3
R0956,PRJ139,2024-03-17,37.6
R0956,PRJ139,2024-03-24,33.5
R0956,PRJ139,2024-04-07,37.2
R0956,PRJ139,2024-04-14,33.6
R0956,PRJ139,2024-04-21,25.3
R0956,PRJ139,2024-04-28,26.0
R0956,PRJ607,2024-03-17,7.0
R0956,PRJ607,2024-03-24,3.7
R0956,PRJ607,2024-03-31,6.5
R0956,PRJ607,2024-04-07,6.7
R0956,PRJ607,2024-04-14,6.3
R0956,PRJ607,2024-04-28,5.4
R0957,PRJ348,2024-03-17,17.1
R0957,PRJ348,2024-03-24,19.0
R0957,PRJ348,2024-03-31,23.0
R0957,PRJ348,2024-04-07,27.5
R0957,PRJ348,2024-04-14,27.0
R0957,PRJ348,2024-04-21,21.8
R0957,PRJ348,2024-04-28,13.1
R0957,PRJ157,2024-03-10,34.7
R0957,PRJ157,2024-03-17,22.8
R0957,PRJ157,2024-03-24,31.8
R0957,PRJ157,2024-04-21,28.0
R0957,PRJ157,2024-04-28,25.0
R0958,PRJ404,2024-03-03,39.8
R0958,PRJ404,2024-03-10,38.8
R0958,PRJ404,2024-03-17,39.9
R0958,PRJ404,2024-03-24,36.6
R0958,PRJ404,2024-03-31,27.6
R0958,PRJ404,2024-04-07,27.3
R0958,PRJ404,2024-04-14,29.3
R0958,PRJ404,2024-04-21,42.7
R0958,PRJ404,2024-04-28,26.9
R0958,PRJ121,2024-03-10,15.9
R0958,PRJ121,2024-03-17,20.9
R0958,PRJ121,2024-03-24,13.5
R0958,PRJ121,2024-03-31,16.3
R0958,PRJ121,2024-04-07,14.6
R0958,PRJ121,2024-04-14,15.8
R0958,PRJ121,2024-04-21,12.0
R0958,PRJ121,2024-04-28,15.1
R0959,PRJ037,2024-03-03,28.5
R0959,PRJ037,2024-03-10,29.9
R0960,PRJ178,2024-03-03,30.3
R0960,PRJ178,2024-03-10,27.9
R0960,PRJ178,2024-03-17,38.0
R0960,PRJ178,2024-03-24,18.5
R0960,PRJ178,2024-03-31,23.9
R0960,PRJ178,2024-04-07,28.8
R0960,PRJ178,2024-04-14,31.9
R0960,PRJ178,2024-04-21,15.7
R0960,PRJ178,2024-04-28,23.1
R0960,PRJ381,2024-03-03,25.5
R0960,PRJ381,2024-03-10,27.2
R0960,PRJ381,2024-03-17,29.7
R0960,PRJ381,2024-03-24,30.1
R0960,PRJ381,2024-04-07,25.4
R0960,PRJ473,2024-03-03,7.5
R0960,PRJ473,2024-03-10,8.4
R0960,PRJ473,2024-03-17,6.5
R0960,PRJ473,2024-03-24,7.1
R0960,PRJ473,2024-03-31,9.2
R0960,PRJ473,2024-04-14,8.9
R0960,PRJ473,2024-04-21,7.7
R0960,PRJ473,2024-04-28,7.2
R0961,PRJ450,2024-03-03,32.6
R0961,PRJ450,2024-03-10,38.9
R0961,PRJ450,2024-03-17,36.5
R0961,PRJ450,2024-03-24,39.0
R0961,PRJ450,2024-03-31,41.7
R0961,PRJ450,2024-04-07,33.2
R0961,PRJ450,2024-04-14,37.6
R0961,PRJ450,2024-04-21,33.9
R0961,PRJ450,2024-04-28,32.2
R0961,PRJ122,2024-03-03,34.9
R0961,PRJ122,2024-03-10,19.8
R0961,PRJ122,2024-03-17,25.6
R0961,PRJ122,2024-03-24,37.7
R0961,PRJ122,2024-03-31,34.3
R0961,PRJ122,2024-04-07,29.4
R0961,PRJ122,2024-04-14,34.4
R0961,PRJ122,2024-04-21,24.3
R0961,PRJ122,2024-04-28,27.0
R0962,PRJ371,2024-03-03,15.5
R0962,PRJ371,2024-03-10,15.2
R0962,PRJ371,2024-03-17,18.2
R0962,PRJ371,2024-03-24,19.7
R0962,PRJ371,2024-03-31,24.4
R0962,PRJ371,2024-04-07,22.1
R0962,PRJ371,2024-04-14,13.3
R0962,PRJ371,2024-04-21,23.8
R0962,PRJ371,2024-04-28,16.9
R0962,PRJ329,2024-03-03,18.2
R0962,PRJ329,2024-03-10,16.4
R0962,PRJ329,2024-03-17,21.8
R0962,PRJ329,2024-03-24,21.5
R0962,PRJ329,2024-03-31,19.5
R0962,PRJ329,2024-04-07,21.0
R0962,PRJ329,2024-04-14,18.3
R0962,PRJ329,2024-04-21,24.9
R0962,PRJ329,2024-04-28,29.9
R0963,PRJ275,2024-03-03,34.0
R0963,PRJ275,2024-03-10,24.4
R0963,PRJ275,2024-03-17,29.9
R0963,PRJ275,2024-03-24,32.0
R0963,PRJ275,2024-03-31,25.6
R0963,PRJ275,2024-04-14,24.9
R0963,PRJ275,2024-04-21,41.1
R0963,PRJ275,2024-04-28,29.0
R0963,PRJ390,2024-03-03,25.2
R0963,PRJ390,2024-03-10,18.3
R0963,PRJ390,2024-03-17,13.5
R0963,PRJ390,2024-03-24,10.2
R0963,PRJ390,2024-03-31,14.2
R0963,PRJ390,2024-04-07,16.5
R0963,PRJ390,2024-04-14,16.1
R0964,PRJ246,2024-03-17,34.0
R0964,PRJ246,2024-03-24,27.4
R0964,PRJ246,2024-03-31,33.8
R0964,PRJ246,2024-04-07,27.2
R0964,PRJ246,2024-04-14,20.2
R0964,PRJ246,2024-04-21,33.0
R0964,PRJ246,2024-04-28,30.0
R0964,PRJ049,2024-03-24,24.6
R0964,PRJ049,2024-03-31,34.4
R0964,PRJ049,2024-04-07,33.6
R0964,PRJ049,2024-04-21,27.5
R0964,PRJ548,2024-03-03,2.1
R0964,PRJ548,2024-03-10,2.0
R0964,PRJ548,2024-03-17,1.5
R0964,PRJ548,2024-03-24,2.5
R0964,PRJ548,2024-03-31,2.0
R0964,PRJ548,2024-04-07,1.8
R0964,PRJ548,2024-04-14,2.3
R0964,PRJ548,2024-04-21,1.3
R0964,PRJ548,2024-04-28,2.4
R0965,PRJ322,2024-03-03,14.0
R0965,PRJ322,2024-03-10,13.6
R0965,PRJ322,2024-03-17,15.9
R0965,PRJ322,2024-03-24,18.1
R0965,PRJ322,2024-03-31,21.1
R0965,PRJ322,2024-04-07,10.4
R0965,PRJ322,2024-04-14,21.8
R0965,PRJ322,2024-04-21,17.4
R0965,PRJ322,2024-04-28,20.4
R0965,PRJ191,2024-03-03,40.8
R0965,PRJ191,2024-03-10,34.0
R0965,PRJ191,2024-03-17,32.1
R0965,PRJ191,2024-03-24,37.0
R0965,PRJ191,2024-03-31,35.4
R0965,PRJ191,2024-04-07,30.9
R0965,PRJ191,2024-04-14,34.0
R0965,PRJ191,2024-04-21,32.6
R0965,PRJ191,2024-04-28,34.5
R0966,PRJ230,2024-03-24,15.7
R0966,PRJ230,2024-03-31,19.3
R0966,PRJ230,2024-04-07,22.2
R0966,PRJ230,2024-04-14,18.9
R0966,PRJ230,2024-04-21,32.7
R0966,PRJ230,2024-04-28,36.4
R0966,PRJ082,2024-03-03,30.9
R0966,PRJ082,2024-03-10,29.8
R0966,PRJ082,2024-03-24,32.2
R0966,PRJ082,2024-03-31,31.9
R0966,PRJ082,2024-04-07,34.4
R0966,PRJ082,2024-04-14,23.1
R0966,PRJ082,2024-04-21,36.2
R0966,PRJ082,2024-04-28,29.8
R0967,PRJ444,2024-03-17,23.0
R0967,PRJ444,2024-03-24,21.0
R0967,PRJ444,2024-03-31,21.5
R0967,PRJ444,2024-04-07,17.9
R0967,PRJ444,2024-04-14,24.5
R0967,PRJ136,2024-03-10,21.1
R0967,PRJ136,2024-03-17,19.6
R0967,PRJ136,2024-03-24,19.1
R0967,PRJ136,2024-03-31,17.4
R0967,PRJ136,2024-04-07,18.0
R0967,PRJ136,2024-04-14,23.0
R0967,PRJ136,2024-04-21,17.3
R0967,PRJ136,2024-04-28,11.6
R0968,PRJ186,2024-03-03,31.2
R0968,PRJ186,2024-03-10,27.4
R0968,PRJ186,2024-03-17,30.8
R0968,PRJ186,2024-03-31,27.6
R0968,PRJ186,2024-04-07,31.6
R0968,PRJ186,2024-04-14,28.0
R0968,PRJ186,2024-04-21,33.9
R0968,PRJ186,2024-04-28,29.7
R0968,PRJ634,2024-03-17,3.8
R0968,PRJ634,2024-03-24,3.4
R0968,PRJ634,2024-04-07,2.8
R0968,PRJ634,2024-04-14,3.6
R0968,PRJ634,2024-04-21,4.4
R0968,PRJ634,2024-04-28,2.8
R0969,PRJ111,2024-03-03,26.9
R0969,PRJ111,2024-03-10,42.8
R0969,PRJ111,2024-03-17,33.0
R0969,PRJ111,2024-03-24,32.3
R0969,PRJ111,2024-04-07,24.6
R0969,PRJ111,2024-04-14,45.8
R0969,PRJ111,2024-04-21,27.9
R0969,PRJ263,2024-03-03,26.9
R0969,PRJ263,2024-03-10,17.6
R0969,PRJ263,2024-03-17,33.3
R0969,PRJ263,2024-03-24,25.1
R0969,PRJ263,2024-03-31,23.7
R0969,PRJ263,2024-04-07,34.8
R0969,PRJ263,2024-04-14,27.1
R0969,PRJ263,2024-04-21,29.9
R0970,PRJ364,2024-03-03,32.7
R0970,PRJ364,2024-03-10,28.7
R0970,PRJ364,2024-03-17,43.8
R0970,PRJ364,2024-03-24,34.5
R0970,PRJ364,2024-03-31,35.1
R0970,PRJ364,2024-04-07,23.3
R0970,PRJ364,2024-04-14,42.3
R0970,PRJ364,2024-04-21,34.6
R0970,PRJ364,2024-04-28,34.4
R0970,PRJ112,2024-03-03,33.1
R0970,PRJ112,2024-03-10,19.5
R0970,PRJ112,2024-03-17,29.6
R0970,PRJ112,2024-03-24,24.4
R0970,PRJ112,2024-03-31,29.0
R0970,PRJ112,2024-04-07,29.7
R0970,PRJ112,2024-04-14,27.1
R0970,PRJ112,2024-04-21,35.4
R0970,PRJ112,2024-04-28,26.9
R0971,PRJ002,2024-03-10,16.9
R0972,PRJ007,2024-03-03,27.4
R0972,PRJ007,2024-03-10,21.2
R0972,PRJ007,2024-03-17,27.9
R0972,PRJ007,2024-03-24,31.7
R0972,PRJ007,2024-03-31,19.4
R0972,PRJ007,2024-04-07,21.5
R0972,PRJ007,2024-04-14,18.9
R0972,PRJ007,2024-04-21,16.6
R0972,PRJ007,2024-04-28,21.4
R0972,PRJ194,2024-03-03,23.7
R0972,PRJ194,2024-03-10,30.4
R0972,PRJ194,2024-03-17,32.0
R0972,PRJ194,2024-03-24,28.1
R0972,PRJ194,2024-03-31,31.4
R0972,PRJ194,2024-04-07,30.0
R0972,PRJ194,2024-04-14,24.5
R0972,PRJ194,2024-04-21,28.6
R0972,PRJ194,2024-04-28,23.0
R0972,PRJ490,2024-03-03,7.3
R0972,PRJ490,2024-03-10,7.5
R0972,PRJ490,2024-03-17,7.9
R0972,PRJ490,2024-03-31,7.3
R0972,PRJ490,2024-04-07,7.0
R0972,PRJ490,2024-04-14,6.2
R0972,PRJ490,2024-04-21,6.9
R0972,PRJ490,2024-04-28,7.4
R0973,PRJ410,2024-03-03,19.2
R0973,PRJ410,2024-03-10,17.1
R0973,PRJ410,2024-03-17,15.5
R0973,PRJ410,2024-03-24,16.0
R0973,PRJ410,2024-03-31,11.7
R0973,PRJ410,2024-04-07,13.7
R0973,PRJ410,2024-04-14,19.2
R0974,PRJ235,2024-03-03,19.4
R0974,PRJ235,2024-03-10,18.1
R0974,PRJ235,2024-03-17,14.7
R0974,PRJ235,2024-03-24,15.2
R0974,PRJ235,2024-03-31,19.1
R0974,PRJ235,2024-04-07,14.2
R0974,PRJ235,2024-04-14,13.2
R0974,PRJ235,2024-04-28,20.0
R0974,PRJ263,2024-03-03,23.7
R0974,PRJ263,2024-03-10,35.2
R0974,PRJ263,2024-03-17,23.2
R0974,PRJ263,2024-03-24,29.5
R0974,PRJ263,2024-03-31,31.4
R0974,PRJ263,2024-04-07,31.1
R0974,PRJ263,2024-04-14,35.4
R0974,PRJ263,2024-04-21,29.9
R0974,PRJ263,2024-04-28,33.0
R0975,PRJ170,2024-03-03,15.4
R0975,PRJ170,2024-03-10,15.9
R0975,PRJ170,2024-03-17,19.8
R0975,PRJ170,2024-03-31,12.6
R0975,PRJ170,2024-04-07,13.8
R0975,PRJ170,2024-04-14,20.8
R0976,PRJ315,2024-03-03,20.7
R0976,PRJ315,2024-03-17,22.2
R0976,PRJ315,2024-03-24,19.9
R0976,PRJ315,2024-03-31,28.9
R0976,PRJ315,2024-04-07,27.3
R0976,PRJ315,2024-04-14,32.2
R0976,PRJ315,2024-04-21,25.0
R0976,PRJ315,2024-04-28,32.0
R0976,PRJ282,2024-03-03,21.3
R0976,PRJ282,2024-03-10,21.5
R0976,PRJ282,2024-03-24,19.9
R0976,PRJ282,2024-03-31,21.9
R0976,PRJ282,2024-04-07,21.6
R0976,PRJ282,2024-04-14,22.8
R0976,PRJ282,2024-04-21,17.3
R0976,PRJ282,2024-04-28,25.2
R0976,PRJ622,2024-03-03,4.9
R0976,PRJ622,2024-03-10,4.0
R0976,PRJ622,2024-03-17,5.5
R0976,PRJ622,2024-03-24,4.8
R0976,PRJ622,2024-03-31,4.2
R0976,PRJ622,2024-04-07,4.4
R0976,PRJ622,2024-04-14,4.8
R0976,PRJ622,2024-04-21,3.5
R0976,PRJ622,2024-04-28,6.0
R0977,PRJ293,2024-03-10,21.7
R0977,PRJ293,2024-03-17,20.3
R0977,PRJ293,2024-03-24,19.1
R0977,PRJ293,2024-03-31,23.5
R0977,PRJ293,2024-04-07,25.1
R0977,PRJ293,2024-04-14,13.0
R0977,PRJ293,2024-04-21,16.2
R0977,PRJ293,2024-04-28,16.9
R0978,PRJ261,2024-03-03,22.5
R0978,PRJ261,2024-03-10,21.3
R0978,PRJ261,2024-03-17,20.5
R0978,PRJ261,2024-03-24,19.2
R0978,PRJ261,2024-03-31,15.3
R0978,PRJ261,2024-04-07,19.6
R0978,PRJ261,2024-04-14,18.5
R0978,PRJ261,2024-04-21,15.6
R0978,PRJ261,2024-04-28,24.1
R0978,PRJ220,2024-03-03,17.4
R0978,PRJ220,2024-03-10,19.0
R0978,PRJ220,2024-03-17,16.7
R0978,PRJ220,2024-03-24,14.6
R0978,PRJ220,2024-03-31,19.2
R0978,PRJ220,2024-04-07,21.8
R0978,PRJ220,2024-04-14,20.1
R0978,PRJ220,2024-04-21,18.5
R0978,PRJ220,2024-04-28,16.6
R0979,PRJ055,2024-03-03,23.8
R0979,PRJ055,2024-03-10,25.4
R0979,PRJ055,2024-03-17,21.7
R0979,PRJ055,2024-03-24,25.3
R0979,PRJ055,2024-03-31,22.3
R0979,PRJ055,2024-04-07,15.8
R0979,PRJ055,2024-04-14,19.6
R0979,PRJ055,2024-04-21,22.4
R0979,PRJ055,2024-04-28,23.3
R0980,PRJ147,2024-03-03,17.6
R0980,PRJ147,2024-03-10,32.7
R0980,PRJ147,2024-03-17,29.9
R0980,PRJ147,2024-03-24,21.6
R0980,PRJ147,2024-03-31,31.6
R0980,PRJ147,2024-04-07,27.2
R0980,PRJ147,2024-04-14,22.6
R0980,PRJ147,2024-04-21,31.6
R0980,PRJ147,2024-04-28,32.3
R0980,PRJ358,2024-03-10,29.6
R0980,PRJ358,2024-03-17,42.8
R0980,PRJ358,2024-03-24,36.0
R0980,PRJ358,2024-03-31,27.5
R0980,PRJ358,2024-04-07,32.4
R0980,PRJ578,2024-03-03,6.5
R0980,PRJ578,2024-03-10,6.7
R0980,PRJ578,2024-03-17,7.3
R0980,PRJ578,2024-03-24,7.4
R0980,PRJ578,2024-03-31,9.4
R0980,PRJ578,2024-04-14,8.2
R0980,PRJ578,2024-04-21,7.6
R0981,PRJ011,2024-03-03,27.0
R0981,PRJ011,2024-03-10,27.5
R0981,PRJ011,2024-03-17,26.3
R0981,PRJ011,2024-03-24,22.9
R0981,PRJ011,2024-03-31,23.4
R0981,PRJ011,2024-04-07,22.8
R0981,PRJ011,2024-04-14,25.4
R0981,PRJ011,2024-04-28,18.4
R0982,PRJ268,2024-03-03,18.0
R0982,PRJ268,2024-03-10,16.7
R0982,PRJ268,2024-03-17,14.2
R0982,PRJ268,2024-03-24,19.3
R0982,PRJ268,2024-03-31,20.3
R0982,PRJ268,2024-04-07,14.9
R0982,PRJ268,2024-04-14,13.0
R0982,PRJ268,2024-04-21,17.1
R0982,PRJ268,2024-04-28,17.2
R0982,PRJ093,2024-03-03,19.6
R0982,PRJ093,2024-03-17,12.7
R0982,PRJ093,2024-03-24,14.3
R0982,PRJ093,2024-03-31,15.6
R0982,PRJ093,2024-04-07,19.8
R0982,PRJ093,2024-04-14,16.9
R0982,PRJ093,2024-04-21,20.8
R0982,PRJ093,2024-04-28,15.4
R0983,PRJ332,2024-03-03,29.8
R0984,PRJ283,2024-03-17,22.2
R0984,PRJ283,2024-03-24,15.8
R0984,PRJ283,2024-03-31,24.4
R0984,PRJ283,2024-04-07,25.7
R0984,PRJ283,2024-04-14,20.3
R0984,PRJ283,2024-04-21,22.1
R0984,PRJ283,2024-04-28,21.4
R0984,PRJ007,2024-03-03,28.2
R0984,PRJ007,2024-03-10,26.7
R0984,PRJ007,2024-03-17,28.6
R0984,PRJ007,2024-03-24,18.6
R0984,PRJ007,2024-03-31,25.3
R0984,PRJ007,2024-04-07,27.2
R0984,PRJ007,2024-04-14,30.1
R0984,PRJ007,2024-04-21,18.6
R0984,PRJ465,2024-03-03,6.1
R0984,PRJ465,2024-03-10,5.2
R0984,PRJ465,2024-03-17,6.0
R0984,PRJ465,2024-03-24,5.5
R0984,PRJ465,2024-03-31,6.3
R0984,PRJ465,2024-04-07,5.5
R0984,PRJ465,2024-04-14,4.0
R0984,PRJ465,2024-04-21,5.7
R0984,PRJ465,2024-04-28,5.3
R0985,PRJ135,2024-03-03,31.6
R0985,PRJ135,2024-03-10,35.8
R0985,PRJ135,2024-03-17,37.2
R0985,PRJ135,2024-03-31,34.2
R0985,PRJ135,2024-04-07,29.1
R0985,PRJ135,2024-04-14,31.4
R0985,PRJ135,2024-04-21,29.2
R0986,PRJ012,2024-03-03,33.2
R0986,PRJ012,2024-03-10,33.8
R0986,PRJ012,2024-03-17,45.9
R0986,PRJ012,2024-03-24,33.4
R0986,PRJ012,2024-03-31,28.1
R0986,PRJ012,2024-04-07,27.8
R0986,PRJ012,2024-04-14,36.4
R0986,PRJ012,2024-04-21,28.9
R0986,PRJ012,2024-04-28,32.0
R0986,PRJ335,2024-03-03,33.2
R0986,PRJ335,2024-03-10,26.8
R0986,PRJ335,2024-03-17,25.3
R0986,PRJ335,2024-03-24,30.7
R0986,PRJ335,2024-03-31,31.6
R0986,PRJ335,2024-04-07,29.9
R0986,PRJ335,2024-04-14,21.1
R0986,PRJ335,2024-04-21,28.5
R0987,PRJ298,2024-03-03,15.5
R0987,PRJ298,2024-03-10,17.0
R0987,PRJ298,2024-03-17,15.4
R0987,PRJ298,2024-03-24,14.8
R0987,PRJ298,2024-03-31,12.3
R0987,PRJ298,2024-04-07,14.2
R0987,PRJ298,2024-04-14,16.2
R0987,PRJ298,2024-04-21,19.1
R0987,PRJ298,2024-04-28,12.2
R0988,PRJ284,2024-03-03,16.5
R0988,PRJ284,2024-03-10,10.9
R0988,PRJ284,2024-03-17,12.8
R0988,PRJ284,2024-03-24,12.8
R0988,PRJ284,2024-03-31,13.9
R0988,PRJ284,2024-04-07,16.4
R0988,PRJ284,2024-04-21,14.5
R0988,PRJ284,2024-04-28,17.1
R0988,PRJ581,2024-03-10,4.1
R0988,PRJ581,2024-03-24,4.6
R0988,PRJ581,2024-03-31,3.6
R0988,PRJ581,2024-04-07,4.3
R0988,PRJ581,2024-04-14,4.3
R0988,PRJ581,2024-04-21,3.9
R0988,PRJ581,2024-04-28,4.7
R0989,PRJ131,2024-03-03,36.7
R0989,PRJ131,2024-03-10,29.4
R0989,PRJ131,2024-03-17,27.7
R0989,PRJ131,2024-03-24,34.1
R0989,PRJ131,2024-03-31,29.9
R0989,PRJ131,2024-04-07,32.3
R0989,PRJ131,2024-04-14,20.0
R0989,PRJ131,2024-04-21,33.3
R0989,PRJ131,2024-04-28,32.5
R0989,PRJ235,2024-03-10,19.3
R0989,PRJ235,2024-03-17,26.2
R0989,PRJ235,2024-03-24,22.2
R0989,PRJ235,2024-03-31,23.8
R0989,PRJ235,2024-04-07,26.0
R0989,PRJ235,2024-04-14,25.4
R0989,PRJ235,2024-04-21,18.4
R0990,PRJ060,2024-03-03,20.4
R0990,PRJ060,2024-03-10,15.2
R0990,PRJ060,2024-03-17,15.7
R0990,PRJ060,2024-03-24,16.4
R0990,PRJ060,2024-03-31,17.8
R0990,PRJ060,2024-04-07,16.4
R0990,PRJ060,2024-04-14,17.9
R0990,PRJ060,2024-04-21,18.1
R0990,PRJ060,2024-04-28,27.8
R0991,PRJ270,2024-03-10,18.0
R0991,PRJ270,2024-03-17,24.6
R0991,PRJ270,2024-03-24,25.4
R0991,PRJ270,2024-03-31,23.2
R0991,PRJ270,2024-04-07,20.2
R0991,PRJ270,2024-04-14,17.7
R0991,PRJ270,2024-04-21,15.5
R0991,PRJ270,2024-04-28,12.8
R0992,PRJ113,2024-03-10,33.7
R0992,PRJ113,2024-03-17,31.2
R0992,PRJ113,2024-03-31,19.2
R0992,PRJ113,2024-04-07,11.3
R0992,PRJ113,2024-04-14,17.0
R0992,PRJ113,2024-04-21,14.6
R0992,PRJ113,2024-04-28,15.9
R0992,PRJ192,2024-03-03,21.1
R0992,PRJ192,2024-03-10,17.1
R0992,PRJ192,2024-03-17,18.1
R0992,PRJ192,2024-03-31,23.3
R0992,PRJ192,2024-04-07,17.6
R0992,PRJ192,2024-04-14,20.8
R0992,PRJ192,2024-04-21,17.5
R0992,PRJ590,2024-03-17,4.7
R0992,PRJ590,2024-03-24,5.1
R0992,PRJ590,2024-03-31,6.1
R0992,PRJ590,2024-04-07,5.9
R0993,PRJ398,2024-03-17,22.5
R0993,PRJ398,2024-03-24,22.5
R0993,PRJ398,2024-03-31,20.0
R0993,PRJ398,2024-04-07,20.3
R0993,PRJ398,2024-04-21,17.1
R0993,PRJ398,2024-04-28,18.8
R0993,PRJ371,2024-03-03,17.2
R0993,PRJ371,2024-03-10,11.9
R0993,PRJ371,2024-03-17,15.3
R0993,PRJ371,2024-03-24,20.2
R0993,PRJ371,2024-03-31,20.5
R0993,PRJ371,2024-04-07,18.0
R0994,PRJ383,2024-03-03,33.7
R0995,PRJ421,2024-03-03,15.2
R0995,PRJ421,2024-03-10,27.4
R0995,PRJ421,2024-03-17,24.9
R0995,PRJ421,2024-03-24,19.3
R0995,PRJ421,2024-03-31,21.5
R0995,PRJ421,2024-04-07,23.1
R0995,PRJ421,2024-04-14,22.8
R0995,PRJ421,2024-04-21,24.4
R0996,PRJ115,2024-03-03,26.2
R0996,PRJ115,2024-03-10,36.8
R0996,PRJ115,2024-03-17,32.7
R0996,PRJ115,2024-03-24,33.8
R0996,PRJ115,2024-03-31,31.6
R0996,PRJ115,2024-04-07,26.2
R0996,PRJ115,2024-04-14,41.1
R0996,PRJ115,2024-04-21,27.1
R0996,PRJ115,2024-04-28,39.0
R0996,PRJ636,2024-03-24,1.4
R0996,PRJ636,2024-03-31,2.3
R0996,PRJ636,2024-04-07,1.6
R0996,PRJ636,2024-04-14,1.8
R0996,PRJ636,2024-04-21,2.1
R0996,PRJ636,2024-04-28,2.0
R0997,PRJ215,2024-03-03,19.4
R0997,PRJ215,2024-03-10,27.2
R0997,PRJ215,2024-03-17,18.6
R0997,PRJ215,2024-03-24,24.7
R0997,PRJ215,2024-03-31,23.8
R0997,PRJ215,2024-04-07,24.0
R0997,PRJ215,2024-04-14,16.9
R0997,PRJ215,2024-04-28,21.0
R0997,PRJ400,2024-03-03,26.9
R0997,PRJ400,2024-03-10,31.3
R0997,PRJ400,2024-03-17,40.3
R0997,PRJ400,2024-03-24,33.5
R0997,PRJ400,2024-03-31,21.2
R0997,PRJ400,2024-04-07,35.3
R0997,PRJ400,2024-04-14,27.6
R0997,PRJ400,2024-04-21,41.1
R0997,PRJ400,2024-04-28,38.9
R0998,PRJ381,2024-03-03,24.2
R0998,PRJ381,2024-03-10,36.1
R0998,PRJ381,2024-03-17,25.8
R0998,PRJ381,2024-03-24,26.0
R0998,PRJ381,2024-03-31,24.0
R0998,PRJ381,2024-04-07,33.0
R0998,PRJ381,2024-04-14,28.0
R0998,PRJ381,2024-04-21,28.8
R0998,PRJ111,2024-03-03,24.4
R0998,PRJ111,2024-03-10,17.8
R0998,PRJ111,2024-03-24,17.8
R0998,PRJ111,2024-03-31,22.0
R0998,PRJ111,2024-04-07,18.6
R0999,PRJ145,2024-03-03,25.8
R0999,PRJ145,2024-03-10,29.1
R0999,PRJ145,2024-03-17,25.9
R0999,PRJ145,2024-03-24,34.2
R0999,PRJ145,2024-03-31,27.2
R0999,PRJ145,2024-04-07,29.8
R0999,PRJ145,2024-04-14,20.7
R1000,PRJ217,2024-03-10,18.4
R1000,PRJ217,2024-03-17,14.6
R1000,PRJ217,2024-03-24,20.2
R1000,PRJ217,2024-03-31,18.2
R1000,PRJ217,2024-04-07,16.2
R1000,PRJ217,2024-04-14,19.1
R1000,PRJ217,2024-04-21,16.7
R1000,PRJ217,2024-04-28,12.4
R1000,PRJ535,2024-03-03,3.6
R1000,PRJ535,2024-03-10,8.0
R1000,PRJ535,2024-03-24,7.2
R1000,PRJ535,2024-03-31,6.4
R1000,PRJ535,2024-04-07,7.2
R1000,PRJ535,2024-04-14,7.5
R1000,PRJ535,2024-04-21,8.6
R1000,PRJ535,2024-04-28,9.1
R1001,PRJ020,2024-03-03,32.2
R1001,PRJ020,2024-03-10,40.0
R1001,PRJ020,2024-03-17,35.8
R1001,PRJ020,2024-03-24,32.8
R1001,PRJ020,2024-03-31,39.0
R1001,PRJ020,2024-04-07,29.6
R1001,PRJ020,2024-04-14,27.9
R1001,PRJ020,2024-04-21,34.4
R1001,PRJ020,2024-04-28,24.3
R1002,PRJ062,2024-03-03,28.0
R1002,PRJ062,2024-03-10,21.2
R1002,PRJ062,2024-03-17,31.8
R1002,PRJ062,2024-03-24,33.9
R1002,PRJ062,2024-03-31,33.7
R1002,PRJ062,2024-04-07,35.9
R1002,PRJ062,2024-04-14,32.7
R1002,PRJ062,2024-04-21,27.3
R1002,PRJ062,2024-04-28,30.1
R1003,PRJ292,2024-03-03,28.7
R1003,PRJ292,2024-03-10,29.5
R1003,PRJ292,2024-03-17,21.8
R1003,PRJ292,2024-03-24,24.3
R1003,PRJ292,2024-03-31,24.0
R1003,PRJ292,2024-04-07,28.3
R1003,PRJ292,2024-04-14,28.9
R1003,PRJ292,2024-04-21,29.8
R1003,PRJ292,2024-04-28,26.5
R1004,PRJ017,2024-03-03,18.3
R1004,PRJ017,2024-03-10,26.1
R1004,PRJ017,2024-03-17,13.3
R1004,PRJ017,2024-03-24,29.1
R1004,PRJ017,2024-03-31,22.9
R1004,PRJ017,2024-04-07,15.6
R1004,PRJ017,2024-04-14,26.7
R1004,PRJ017,2024-04-28,22.9
R1004,PRJ478,2024-03-03,2.9
R1004,PRJ478,2024-03-10,3.1
R1004,PRJ478,2024-03-17,2.8
R1004,PRJ478,2024-03-24,2.5
R1004,PRJ478,2024-03-31,2.7
R1004,PRJ478,2024-04-07,3.1
R1004,PRJ478,2024-04-14,2.6
R1004,PRJ478,2024-04-21,2.4
R1004,PRJ478,2024-04-28,1.8
R1005,PRJ400,2024-03-03,30.5
R1005,PRJ400,2024-03-10,33.2
R1005,PRJ400,2024-03-17,29.5
R1005,PRJ400,2024-03-24,23.0
R1005,PRJ400,2024-03-31,32.3
R1005,PRJ400,2024-04-07,31.7
R1005,PRJ400,2024-04-14,26.4
R1005,PRJ400,2024-04-21,21.4
R1005,PRJ400,2024-04-28,16.8
R1006,PRJ018,2024-03-03,25.8
R1006,PRJ018,2024-03-10,22.2
R1007,PRJ372,2024-03-03,33.4
R1007,PRJ372,2024-03-10,27.8
R1007,PRJ372,2024-03-17,26.3
R1007,PRJ372,2024-03-24,22.0
R1007,PRJ372,2024-03-31,24.5
R1007,PRJ372,2024-04-07,23.7
R1007,PRJ372,2024-04-14,21.1
R1007,PRJ372,2024-04-21,29.9
R1007,PRJ372,2024-04-28,23.8
R1007,PRJ144,2024-03-03,28.8
R1007,PRJ144,2024-03-10,33.4
R1007,PRJ144,2024-03-17,31.4
R1007,PRJ144,2024-03-24,29.5
R1007,PRJ144,2024-03-31,19.8
R1007,PRJ144,2024-04-07,21.4
R1007,PRJ144,2024-04-14,25.7
R1007,PRJ144,2024-04-21,29.9
R1007,PRJ144,2024-04-28,24.1
R1008,PRJ159,2024-03-03,21.6
R1008,PRJ159,2024-03-10,29.8
R1008,PRJ159,2024-03-17,24.5
R1008,PRJ159,2024-03-31,18.6
R1008,PRJ159,2024-04-07,30.1
R1008,PRJ159,2024-04-14,25.3
R1008,PRJ159,2024-04-21,22.9
R1008,PRJ159,2024-04-28,27.5
R1008,PRJ607,2024-03-03,4.1
R1008,PRJ607,2024-03-10,4.0
R1008,PRJ607,2024-03-17,3.8
R1008,PRJ607,2024-03-24,4.0
R1008,PRJ607,2024-03-31,4.0
R1008,PRJ607,2024-04-07,3.4
R1008,PRJ607,2024-04-14,4.6
R1008,PRJ607,2024-04-21,3.5
R1008,PRJ607,2024-04-28,3.4
R1009,PRJ399,2024-03-10,17.3
R1009,PRJ399,2024-03-17,20.6
R1009,PRJ399,2024-03-24,17.8
R1009,PRJ399,2024-04-07,17.1
R1009,PRJ399,2024-04-14,21.6
R1009,PRJ399,2024-04-21,15.1
R1009,PRJ399,2024-04-28,21.6
R1010,PRJ207,2024-03-03,18.8
R1010,PRJ207,2024-03-10,26.2
R1010,PRJ207,2024-03-17,31.2
R1010,PRJ207,2024-03-24,31.9
R1010,PRJ207,2024-03-31,22.6
R1010,PRJ207,2024-04-07,30.1
R1010,PRJ207,2024-04-21,32.8
R1010,PRJ207,2024-04-28,33.8
R1011,PRJ214,2024-03-03,25.7
R1011,PRJ214,2024-03-10,27.4
R1011,PRJ214,2024-03-17,35.3
R1011,PRJ214,2024-03-24,36.0
R1011,PRJ214,2024-03-31,34.9
R1011,PRJ214,2024-04-07,33.3
R1011,PRJ214,2024-04-14,30.3
R1011,PRJ214,2024-04-21,33.6
R1011,PRJ214,2024-04-28,27.8
R1011,PRJ087,2024-03-17,28.3
R1011,PRJ087,2024-03-24,24.5
R1011,PRJ087,2024-03-31,39.7
R1011,PRJ087,2024-04-07,39.5
R1011,PRJ087,2024-04-14,27.7
R1011,PRJ087,2024-04-21,27.6
R1011,PRJ087,2024-04-28,35.5
R1012,PRJ402,2024-03-03,21.9
R1012,PRJ402,2024-03-10,19.9
R1012,PRJ402,2024-03-17,19.3
R1012,PRJ402,2024-03-24,20.7
R1012,PRJ402,2024-03-31,23.1
R1012,PRJ402,2024-04-14,25.7
R1012,PRJ402,2024-04-21,20.1
R1012,PRJ402,2024-04-28,27.5
R1012,PRJ522,2024-03-10,4.6
R1012,PRJ522,2024-03-17,3.8
R1012,PRJ522,2024-03-24,3.5
R1012,PRJ522,2024-03-31,3.7
R1012,PRJ522,2024-04-07,4.4
R1012,PRJ522,2024-04-14,4.4
R1012,PRJ522,2024-04-28,3.4
R1013,PRJ206,2024-03-03,22.2
R1013,PRJ206,2024-03-10,19.7
R1013,PRJ206,2024-03-17,26.1
R1013,PRJ206,2024-03-24,28.7
R1013,PRJ206,2024-03-31,19.4
R1013,PRJ206,2024-04-07,24.5
R1013,PRJ206,2024-04-14,23.1
R1013,PRJ206,2024-04-21,30.7
R1013,PRJ206,2024-04-28,20.9
R1013,PRJ328,2024-03-03,26.2
R1013,PRJ328,2024-03-10,29.2
R1013,PRJ328,2024-03-17,22.7
R1013,PRJ328,2024-03-24,26.3
R1013,PRJ328,2024-03-31,30.2
R1013,PRJ328,2024-04-07,22.7
R1013,PRJ328,2024-04-14,28.7
R1013,PRJ328,2024-04-28,24.0
R1014,PRJ155,2024-03-10,36.5
R1014,PRJ155,2024-03-17,34.1
R1014,PRJ155,2024-03-24,36.9
R1014,PRJ155,2024-03-31,18.9
R1014,PRJ155,2024-04-07,20.1
R1014,PRJ155,2024-04-14,30.4
R1014,PRJ155,2024-04-21,27.2
R1014,PRJ224,2024-03-10,19.3
R1014,PRJ224,2024-03-17,20.8
R1014,PRJ224,2024-03-24,21.8
R1014,PRJ224,2024-03-31,15.5
R1014,PRJ224,2024-04-07,12.2
R1014,PRJ224,2024-04-14,12.6
R1014,PRJ224,2024-04-21,11.6
R1014,PRJ224,2024-04-28,13.5
R1015,PRJ325,2024-03-03,26.8
R1015,PRJ325,2024-03-10,25.1
R1015,PRJ325,2024-03-17,29.3
R1015,PRJ325,2024-03-24,25.3
R1015,PRJ325,2024-03-31,23.1
R1015,PRJ325,2024-04-07,21.7
R1015,PRJ325,2024-04-14,28.7
R1015,PRJ325,2024-04-21,15.2
R1015,PRJ325,2024-04-28,19.2
R1016,PRJ412,2024-03-03,22.0
R1016,PRJ412,2024-03-10,18.7
R1016,PRJ412,2024-03-17,22.5
R1016,PRJ412,2024-03-24,22.2
R1016,PRJ412,2024-03-31,21.8
R1016,PRJ412,2024-04-07,21.6
R1016,PRJ412,2024-04-14,22.9
R1016,PRJ412,2024-04-21,22.9
R1016,PRJ412,2024-04-28,19.9
R1016,PRJ496,2024-03-10,2.3
R1016,PRJ496,2024-03-17,2.5
R1016,PRJ496,2024-03-24,2.9
R1016,PRJ496,2024-03-31,2.1
R1016,PRJ496,2024-04-07,2.3
R1016,PRJ496,2024-04-14,1.6
R1016,PRJ496,2024-04-21,2.2
R1016,PRJ496,2024-04-28,2.0
R1017,PRJ217,2024-03-03,20.8
R1017,PRJ217,2024-03-10,17.8
R1017,PRJ217,2024-03-17,17.3
R1018,PRJ441,2024-03-03,41.9
R1018,PRJ441,2024-03-17,37.5
R1018,PRJ441,2024-03-24,42.5
R1018,PRJ441,2024-03-31,23.1
R1018,PRJ441,2024-04-07,32.1
R1018,PRJ441,2024-04-21,36.9
R1018,PRJ154,2024-03-03,17.6
R1018,PRJ154,2024-03-10,22.6
R1018,PRJ154,2024-03-17,24.6
R1018,PRJ154,2024-03-24,18.1
R1018,PRJ154,2024-03-31,14.8
R1018,PRJ154,2024-04-07,21.8
R1018,PRJ154,2024-04-14,25.0
R1018,PRJ154,2024-04-21,16.2
R1018,PRJ154,2024-04-28,12.1
R1019,PRJ207,2024-03-03,17.8
R1019,PRJ207,2024-03-10,16.7
R1019,PRJ207,2024-03-17,18.9
R1019,PRJ207,2024-03-24,16.2
R1019,PRJ207,2024-03-31,17.7
R1019,PRJ207,2024-04-07,15.4
R1019,PRJ207,2024-04-14,12.8
R1019,PRJ207,2024-04-21,15.7
R1020,PRJ197,2024-03-03,26.2
R1020,PRJ197,2024-03-10,40.6
R1020,PRJ197,2024-03-17,38.4
R1020,PRJ197,2024-03-24,31.8
R1020,PRJ197,2024-03-31,36.0
R1020,PRJ197,2024-04-07,37.0
R1020,PRJ197,2024-04-14,30.0
R1020,PRJ197,2024-04-21,31.3
R1020,PRJ197,2024-04-28,38.0
R1020,PRJ483,2024-03-03,5.1
R1020,PRJ483,2024-03-10,5.9
R1020,PRJ483,2024-03-17,6.6
R1020,PRJ483,2024-03-24,2.2
R1020,PRJ483,2024-03-31,1.8
R1020,PRJ483,2024-04-07,2.1
R1020,PRJ483,2024-04-21,1.8
R1020,PRJ483,2024-04-28,2.1
R1021,PRJ263,2024-03-10,25.7
R1021,PRJ263,2024-03-17,17.9
R1021,PRJ263,2024-03-24,20.7
R1021,PRJ263,2024-03-31,18.4
R1021,PRJ263,2024-04-07,20.3
R1021,PRJ263,2024-04-14,21.8
R1021,PRJ263,2024-04-21,18.7
R1021,PRJ263,2024-04-28,15.3
R1021,PRJ274,2024-03-03,31.8
R1021,PRJ274,2024-03-10,38.5
R1021,PRJ274,2024-03-17,27.4
R1021,PRJ274,2024-03-31,37.3
R1021,PRJ274,2024-04-07,33.6
R1021,PRJ274,2024-04-14,26.5
R1021,PRJ274,2024-04-21,33.6
R1021,PRJ274,2024-04-28,24.1
R1022,PRJ069,2024-03-03,25.9
R1022,PRJ069,2024-03-10,23.2
R1022,PRJ069,2024-03-17,23.7
R1022,PRJ069,2024-03-24,23.9
R1022,PRJ069,2024-03-31,24.1
R1022,PRJ069,2024-04-07,22.1
R1022,PRJ069,2024-04-14,22.5
R1022,PRJ069,2024-04-21,20.7
R1022,PRJ069,2024-04-28,23.0
R1023,PRJ070,2024-03-03,29.7
R1023,PRJ070,2024-03-10,30.4
R1023,PRJ070,2024-03-17,24.0
R1023,PRJ070,2024-03-24,27.0
R1023,PRJ070,2024-04-07,32.6
R1023,PRJ070,2024-04-14,19.4
R1023,PRJ070,2024-04-21,28.6
R1023,PRJ070,2024-04-28,34.4
R1023,PRJ036,2024-03-17,24.0
R1023,PRJ036,2024-03-24,25.6
R1023,PRJ036,2024-03-31,29.9
R1023,PRJ036,2024-04-07,31.8
R1023,PRJ036,2024-04-14,26.4
R1023,PRJ036,2024-04-21,41.7
R1023,PRJ036,2024-04-28,43.2
R1024,PRJ284,2024-03-03,23.5
R1024,PRJ284,2024-03-10,23.5
R1024,PRJ284,2024-03-17,21.4
R1024,PRJ284,2024-03-24,24.4
R1024,PRJ284,2024-03-31,26.9
R1024,PRJ284,2024-04-07,28.5
R1024,PRJ284,2024-04-14,20.4
R1024,PRJ284,2024-04-21,23.8
R1024,PRJ284,2024-04-28,26.2
R1024,PRJ525,2024-03-03,3.3
R1024,PRJ525,2024-03-10,4.5
R1024,PRJ525,2024-03-24,10.1
R1024,PRJ525,2024-03-31,9.1
R1024,PRJ525,2024-04-07,6.8
R1024,PRJ525,2024-04-14,9.8
R1024,PRJ525,2024-04-21,7.5
R1024,PRJ525,2024-04-28,6.5
R1025,PRJ378,2024-03-10,10.7
R1025,PRJ378,2024-03-17,16.6
R1025,PRJ378,2024-03-24,15.0
R1025,PRJ378,2024-03-31,12.5
R1025,PRJ378,2024-04-07,17.2
R1025,PRJ378,2024-04-14,16.8
R1025,PRJ378,2024-04-21,14.0
R1025,PRJ378,2024-04-28,11.1
R1026,PRJ183,2024-03-17,33.3
R1026,PRJ183,2024-03-24,19.4
R1026,PRJ183,2024-03-31,23.8
R1026,PRJ183,2024-04-07,18.7
R1026,PRJ183,2024-04-14,31.4
R1026,PRJ183,2024-04-21,27.3
R1026,PRJ183,2024-04-28,26.3
R1027,PRJ379,2024-03-03,35.9
R1027,PRJ379,2024-03-17,25.0
R1027,PRJ379,2024-03-24,31.2
R1027,PRJ379,2024-03-31,36.8
R1027,PRJ379,2024-04-07,28.9
R1027,PRJ379,2024-04-14,30.9
R1027,PRJ379,2024-04-21,37.2
R1027,PRJ379,2024-04-28,42.6
R1028,PRJ379,2024-03-03,17.7
R1028,PRJ379,2024-03-10,25.2
R1028,PRJ379,2024-03-17,26.9
R1028,PRJ379,2024-03-24,17.1
R1028,PRJ379,2024-03-31,19.4
R1028,PRJ379,2024-04-07,27.4
R1028,PRJ177,2024-03-03,26.9
R1028,PRJ177,2024-03-10,25.9
R1028,PRJ177,2024-03-17,31.9
R1028,PRJ177,2024-03-24,24.5
R1028,PRJ177,2024-03-31,32.0
R1028,PRJ177,2024-04-07,38.0
R1028,PRJ177,2024-04-14,41.3
R1028,PRJ177,2024-04-21,30.7
R1028,PRJ177,2024-04-28,32.5
R1028,PRJ527,2024-03-03,3.1
R1028,PRJ527,2024-03-10,5.4
R1028,PRJ527,2024-03-17,4.1
R1028,PRJ527,2024-03-24,4.7
R1028,PRJ527,2024-04-07,5.2
R1028,PRJ527,2024-04-14,5.0
R1028,PRJ527,2024-04-21,8.7
R1028,PRJ527,2024-04-28,7.6
R1029,PRJ189,2024-03-03,20.4
R1029,PRJ189,2024-03-10,14.8
R1030,PRJ032,2024-03-03,26.6
R1030,PRJ032,2024-03-10,26.0
R1030,PRJ032,2024-03-17,23.8
R1030,PRJ032,2024-03-31,21.6
R1030,PRJ032,2024-04-07,22.8
R1030,PRJ032,2024-04-14,26.3
R1030,PRJ032,2024-04-21,25.4
R1030,PRJ032,2024-04-28,23.4
R1031,PRJ059,2024-03-03,25.1
R1031,PRJ059,2024-03-10,31.3
R1031,PRJ059,2024-03-17,32.3
R1031,PRJ059,2024-03-24,36.3
R1031,PRJ059,2024-03-31,27.1
R1031,PRJ059,2024-04-07,26.7
R1031,PRJ059,2024-04-14,31.7
R1031,PRJ059,2024-04-21,27.5
R1031,PRJ059,2024-04-28,23.5
R1031,PRJ145,2024-03-03,17.9
R1031,PRJ145,2024-03-10,28.1
R1031,PRJ145,2024-03-24,15.5
R1031,PRJ145,2024-03-31,24.5
R1031,PRJ145,2024-04-07,24.5
R1031,PRJ145,2024-04-14,23.3
R1031,PRJ145,2024-04-21,17.9
R1031,PRJ145,2024-04-28,21.9
R1032,PRJ016,2024-03-03,16.5
R1032,PRJ016,2024-03-10,22.2
R1032,PRJ016,2024-03-17,21.0
R1032,PRJ016,2024-03-31,18.6
R1032,PRJ016,2024-04-07,14.8
R1032,PRJ016,2024-04-14,18.7
R1032,PRJ016,2024-04-21,19.4
R1032,PRJ066,2024-03-10,22.7
R1032,PRJ066,2024-03-17,22.8
R1032,PRJ066,2024-03-24,21.1
R1032,PRJ066,2024-03-31,23.1
R1032,PRJ066,2024-04-07,28.4
R1032,PRJ066,2024-04-14,33.1
R1032,PRJ597,2024-03-03,2.3
R1032,PRJ597,2024-03-17,2.7
R1032,PRJ597,2024-03-24,2.6
R1032,PRJ597,2024-03-31,2.6
R1032,PRJ597,2024-04-07,2.5
R1032,PRJ597,2024-04-14,1.8
R1032,PRJ597,2024-04-21,1.5
R1032,PRJ597,2024-04-28,9.2
R1033,PRJ033,2024-03-03,27.4
R1033,PRJ033,2024-03-10,29.3
R1033,PRJ033,2024-03-17,31.6
R1033,PRJ033,2024-03-24,31.3
R1033,PRJ033,2024-03-31,31.6
R1033,PRJ033,2024-04-07,33.4
R1033,PRJ033,2024-04-14,21.6
R1033,PRJ033,2024-04-21,31.2
R1033,PRJ033,2024-04-28,37.1
R1034,PRJ261,2024-03-03,19.2
R1034,PRJ261,2024-03-10,28.3
R1034,PRJ261,2024-03-17,32.5
R1034,PRJ261,2024-03-24,25.3
R1034,PRJ261,2024-03-31,29.6
R1034,PRJ261,2024-04-07,22.8
R1034,PRJ261,2024-04-14,27.5
R1034,PRJ261,2024-04-21,23.9
R1034,PRJ261,2024-04-28,24.8
R1035,PRJ343,2024-03-03,43.2
R1035,PRJ343,2024-03-10,34.7
R1035,PRJ343,2024-03-17,35.8
R1035,PRJ343,2024-03-24,38.9
R1035,PRJ343,2024-03-31,35.4
R1035,PRJ343,2024-04-07,38.5
R1035,PRJ343,2024-04-14,39.0
R1035,PRJ343,2024-04-21,31.9
R1035,PRJ343,2024-04-28,28.9
R1036,PRJ385,2024-03-03,34.1
R1036,PRJ385,2024-03-10,31.2
R1036,PRJ385,2024-03-17,38.2
R1036,PRJ385,2024-03-24,31.4
R1036,PRJ385,2024-04-07,38.2
R1036,PRJ385,2024-04-14,33.4
R1036,PRJ385,2024-04-21,39.5
R1036,PRJ385,2024-04-28,37.1
R1036,PRJ275,2024-03-03,32.1
R1036,PRJ275,2024-03-10,27.3
R1036,PRJ275,2024-03-17,20.0
R1036,PRJ275,2024-03-24,26.0
R1036,PRJ275,2024-03-31,25.1
R1036,PRJ275,2024-04-07,22.1
R1036,PRJ275,2024-04-28,28.4
R1036,PRJ641,2024-03-03,3.6
R1036,PRJ641,2024-03-10,3.0
R1036,PRJ641,2024-03-17,2.6
R1036,PRJ641,2024-03-31,3.3
R1036,PRJ641,2024-04-14,4.2
R1036,PRJ641,2024-04-21,3.3
R1036,PRJ641,2024-04-28,3.2
R1037,PRJ064,2024-03-03,38.6
R1037,PRJ064,2024-03-10,43.4
R1037,PRJ064,2024-03-24,27.1
R1037,PRJ064,2024-04-07,44.2
R1037,PRJ064,2024-04-14,36.2
R1037,PRJ064,2024-04-28,32.1
R1038,PRJ007,2024-03-03,20.7
R1038,PRJ007,2024-03-10,21.7
R1038,PRJ007,2024-03-17,23.9
R1038,PRJ007,2024-03-24,22.5
R1038,PRJ007,2024-04-07,17.7
R1038,PRJ007,2024-04-14,20.3
R1038,PRJ007,2024-04-21,12.1
R1038,PRJ007,2024-04-28,14.1
R1039,PRJ178,2024-03-03,33.0
R1039,PRJ178,2024-03-10,36.2
R1039,PRJ178,2024-03-17,28.2
R1039,PRJ178,2024-03-24,26.7
R1039,PRJ178,2024-03-31,43.0
R1039,PRJ178,2024-04-07,32.8
R1039,PRJ178,2024-04-14,38.2
R1039,PRJ178,2024-04-21,32.6
R1039,PRJ178,2024-04-28,36.6
R1040,PRJ150,2024-03-03,21.2
R1040,PRJ150,2024-03-17,20.8
R1040,PRJ150,2024-03-24,20.5
R1040,PRJ150,2024-03-31,16.9
R1040,PRJ150,2024-04-07,27.6
R1040,PRJ150,2024-04-14,22.1
R1040,PRJ150,2024-04-21,24.4
R1040,PRJ150,2024-04-28,27.2
R1040,PRJ137,2024-03-10,22.6
R1040,PRJ137,2024-03-17,23.1
R1040,PRJ137,2024-03-24,19.9
R1040,PRJ137,2024-03-31,19.3
R1040,PRJ137,2024-04-07,12.9
R1040,PRJ137,2024-04-14,21.3
R1040,PRJ137,2024-04-21,16.0
R1040,PRJ462,2024-03-03,3.8
R1040,PRJ462,2024-03-10,3.3
R1040,PRJ462,2024-03-17,3.8
R1040,PRJ462,2024-03-24,3.0
R1040,PRJ462,2024-03-31,2.7
R1041,PRJ344,2024-03-03,21.1
R1041,PRJ344,2024-03-10,15.4
R1041,PRJ344,2024-03-17,19.1
R1042,PRJ004,2024-03-03,32.6
R1042,PRJ004,2024-03-10,25.7
R1042,PRJ004,2024-03-17,40.6
R1042,PRJ004,2024-03-24,29.3
R1042,PRJ004,2024-04-07,42.4
R1042,PRJ004,2024-04-14,27.6
R1042,PRJ004,2024-04-21,30.0
R1042,PRJ004,2024-04-28,32.2
R1042,PRJ162,2024-03-03,15.9
R1042,PRJ162,2024-03-17,20.0
R1042,PRJ162,2024-03-24,21.5
R1042,PRJ162,2024-03-31,19.1
R1042,PRJ162,2024-04-07,17.9
R1042,PRJ162,2024-04-14,18.3
R1042,PRJ162,2024-04-21,15.4
R1042,PRJ162,2024-04-28,12.8
R1043,PRJ045,2024-03-03,36.4
R1043,PRJ045,2024-03-10,28.3
R1043,PRJ045,2024-03-17,31.1
R1043,PRJ045,2024-03-24,26.9
R1043,PRJ045,2024-03-31,26.4
R1043,PRJ045,2024-04-14,29.1
R1043,PRJ045,2024-04-28,24.0
R1044,PRJ040,2024-03-03,27.7
R1044,PRJ040,2024-03-10,39.2
R1044,PRJ040,2024-03-17,39.2
R1044,PRJ040,2024-03-24,32.3
R1044,PRJ040,2024-03-31,34.0
R1044,PRJ040,2024-04-07,36.4
R1044,PRJ040,2024-04-14,34.0
R1044,PRJ040,2024-04-21,43.6
R1044,PRJ040,2024-04-28,38.8
R1044,PRJ553,2024-03-03,2.9
R1044,PRJ553,2024-03-10,5.4
R1044,PRJ553,2024-03-17,5.5
R1044,PRJ553,2024-03-24,5.2
R1044,PRJ553,2024-04-07,5.8
R1044,PRJ553,2024-04-14,3.9
R1044,PRJ553,2024-04-21,4.3
R1044,PRJ553,2024-04-28,4.6
R1045,PRJ051,2024-03-03,18.0
R1045,PRJ051,2024-03-10,15.4
R1045,PRJ051,2024-03-17,17.4
R1045,PRJ051,2024-03-24,15.5
R1045,PRJ051,2024-03-31,21.9
R1045,PRJ051,2024-04-07,21.5
R1045,PRJ312,2024-03-03,23.6
R1045,PRJ312,2024-03-10,24.4
R1045,PRJ312,2024-03-17,24.3
R1045,PRJ312,2024-03-24,27.0
R1045,PRJ312,2024-03-31,28.9
R1045,PRJ312,2024-04-07,30.5
R1045,PRJ312,2024-04-14,24.4
R1045,PRJ312,2024-04-21,20.4
R1045,PRJ312,2024-04-28,25.5
R1046,PRJ197,2024-03-03,32.7
R1046,PRJ197,2024-03-10,31.6
R1046,PRJ197,2024-03-17,24.3
R1046,PRJ197,2024-03-24,29.8
R1046,PRJ197,2024-03-31,33.0
R1046,PRJ197,2024-04-07,29.9
R1046,PRJ197,2024-04-14,22.4
R1046,PRJ197,2024-04-21,18.5
R1047,PRJ122,2024-03-03,29.8
R1047,PRJ122,2024-03-10,29.0
R1047,PRJ122,2024-03-17,26.6
R1047,PRJ122,2024-03-24,31.8
R1047,PRJ122,2024-03-31,25.6
R1047,PRJ122,2024-04-07,38.0
R1047,PRJ122,2024-04-14,44.3
R1047,PRJ122,2024-04-21,31.4
R1047,PRJ122,2024-04-28,41.1
R1048,PRJ217,2024-03-03,28.2
R1048,PRJ217,2024-03-10,23.4
R1048,PRJ217,2024-03-17,30.7
R1048,PRJ217,2024-03-24,21.8
R1048,PRJ217,2024-03-31,25.6
R1048,PRJ217,2024-04-07,30.1
R1048,PRJ217,2024-04-14,25.1
R1048,PRJ217,2024-04-21,23.5
R1048,PRJ217,2024-04-28,23.9
R1048,PRJ197,2024-03-03,24.5
R1048,PRJ197,2024-03-10,40.4
R1048,PRJ197,2024-03-17,25.2
R1048,PRJ197,2024-03-24,44.3
R1048,PRJ197,2024-03-31,33.1
R1048,PRJ197,2024-04-07,32.9
R1048,PRJ197,2024-04-14,38.3
R1048,PRJ197,2024-04-21,34.0
R1048,PRJ197,2024-04-28,44.2
R1048,PRJ521,2024-03-10,6.9
R1048,PRJ521,2024-03-17,7.7
R1048,PRJ521,2024-03-24,8.1
R1048,PRJ521,2024-03-31,5.4
R1048,PRJ521,2024-04-07,6.6
R1048,PRJ521,2024-04-14,7.4
R1048,PRJ521,2024-04-21,7.7
R1048,PRJ521,2024-04-28,8.0
R1049,PRJ360,2024-03-03,29.8
R1049,PRJ360,2024-03-10,25.5
R1049,PRJ360,2024-03-17,29.1
R1049,PRJ360,2024-03-31,31.0
R1049,PRJ360,2024-04-07,34.3
R1049,PRJ360,2024-04-14,32.2
R1049,PRJ360,2024-04-21,29.0
R1049,PRJ360,2024-04-28,19.3
R1050,PRJ128,2024-03-03,37.4
R1050,PRJ128,2024-03-10,33.5
R1050,PRJ128,2024-03-17,32.0
R1050,PRJ128,2024-03-24,39.2
R1050,PRJ128,2024-03-31,27.2
R1050,PRJ128,2024-04-07,36.5
R1050,PRJ128,2024-04-21,30.8
R1050,PRJ187,2024-03-10,24.5
R1050,PRJ187,2024-03-17,25.2
R1050,PRJ187,2024-03-24,20.3
R1050,PRJ187,2024-03-31,18.7
R1050,PRJ187,2024-04-07,18.7
R1050,PRJ187,2024-04-14,17.2
R1050,PRJ187,2024-04-21,25.6
R1051,PRJ436,2024-03-03,25.2
R1051,PRJ436,2024-03-10,20.6
R1051,PRJ436,2024-03-17,22.2
R1051,PRJ436,2024-03-24,22.9
R1051,PRJ436,2024-03-31,28.1
R1051,PRJ436,2024-04-07,25.3
R1051,PRJ436,2024-04-14,17.1
R1051,PRJ436,2024-04-21,13.3
R1051,PRJ436,2024-04-28,18.1
R1052,PRJ020,2024-03-03,37.4
R1052,PRJ020,2024-03-10,33.7
R1053,PRJ268,2024-03-03,19.4
R1053,PRJ268,2024-03-10,19.9
R1053,PRJ268,2024-03-17,23.9
R1053,PRJ268,2024-03-24,20.8
R1053,PRJ268,2024-03-31,21.0
R1053,PRJ268,2024-04-07,20.1
R1053,PRJ268,2024-04-14,19.1
R1053,PRJ268,2024-04-21,19.6
R1053,PRJ268,2024-04-28,32.4
R1054,PRJ410,2024-03-03,18.9
R1054,PRJ410,2024-03-10,16.0
R1054,PRJ410,2024-03-17,18.3
R1054,PRJ410,2024-03-31,15.0
R1054,PRJ410,2024-04-07,16.9
R1054,PRJ410,2024-04-14,15.0
R1054,PRJ410,2024-04-21,18.1
R1054,PRJ362,2024-03-17,32.2
R1054,PRJ362,2024-03-31,37.4
R1054,PRJ362,2024-04-07,41.2
R1054,PRJ362,2024-04-14,37.9
R1054,PRJ362,2024-04-28,33.1
R1055,PRJ290,2024-03-03,32.7
R1055,PRJ290,2024-03-10,29.3
R1055,PRJ290,2024-03-17,34.2
R1055,PRJ290,2024-03-24,34.8
R1055,PRJ290,2024-03-31,30.7
R1055,PRJ290,2024-04-07,23.7
R1055,PRJ290,2024-04-14,28.2
R1056,PRJ162,2024-03-10,21.9
R1056,PRJ162,2024-03-24,21.5
R1056,PRJ162,2024-03-31,21.7
R1056,PRJ162,2024-04-07,21.8
R1056,PRJ162,2024-04-14,24.8
R1056,PRJ162,2024-04-21,21.1
R1056,PRJ162,2024-04-28,23.3
R1056,PRJ543,2024-03-03,6.4
R1056,PRJ543,2024-03-10,5.2
R1056,PRJ543,2024-03-17,6.4
R1056,PRJ543,2024-03-24,7.3
R1056,PRJ543,2024-03-31,6.6
R1056,PRJ543,2024-04-07,4.8
R1056,PRJ543,2024-04-14,5.0
R1056,PRJ543,2024-04-21,6.5
R1056,PRJ543,2024-04-28,5.0
R1057,PRJ121,2024-03-03,20.5
R1057,PRJ121,2024-03-10,21.7
R1057,PRJ121,2024-03-17,22.5
R1057,PRJ121,2024-03-31,24.2
R1057,PRJ121,2024-04-07,17.8
R1057,PRJ121,2024-04-14,19.6
R1057,PRJ121,2024-04-21,16.1
R1057,PRJ121,2024-04-28,14.7
R1057,PRJ177,2024-03-03,33.1
R1057,PRJ177,2024-03-10,33.4
R1057,PRJ177,2024-03-17,38.0
R1057,PRJ177,2024-03-24,34.7
R1057,PRJ177,2024-03-31,30.4
R1057,PRJ177,2024-04-07,33.6
R1057,PRJ177,2024-04-14,27.4
R1057,PRJ177,2024-04-21,28.7
R1057,PRJ177,2024-04-28,33.7
R1058,PRJ040,2024-03-03,26.7
R1058,PRJ040,2024-03-17,25.4
R1058,PRJ040,2024-03-24,37.1
R1058,PRJ040,2024-03-31,33.9
R1058,PRJ040,2024-04-07,35.9
R1058,PRJ040,2024-04-14,33.0
R1058,PRJ040,2024-04-21,36.0
R1058,PRJ040,2024-04-28,29.3
R1059,PRJ263,2024-03-17,43.2
R1059,PRJ263,2024-03-24,32.4
R1059,PRJ263,2024-03-31,27.0
R1059,PRJ263,2024-04-07,36.0
R1059,PRJ263,2024-04-21,40.2
R1059,PRJ263,2024-04-28,26.9
R1060,PRJ025,2024-03-17,24.0
R1060,PRJ025,2024-03-24,23.3
R1060,PRJ025,2024-03-31,29.2
R1060,PRJ025,2024-04-07,24.2
R1060,PRJ025,2024-04-14,28.0
R1060,PRJ025,2024-04-21,26.3
R1060,PRJ233,2024-03-03,20.0
R1060,PRJ233,2024-03-10,20.8
R1060,PRJ233,2024-03-17,21.6
R1060,PRJ233,2024-03-24,13.6
R1060,PRJ233,2024-03-31,18.5
R1060,PRJ233,2024-04-07,16.7
R1060,PRJ233,2024-04-14,19.9
R1060,PRJ233,2024-04-21,15.5
R1060,PRJ233,2024-04-28,17.2
R1060,PRJ612,2024-03-03,7.6
R1060,PRJ612,2024-03-10,8.8
R1060,PRJ612,2024-03-17,7.6
R1060,PRJ612,2024-03-24,7.7
R1060,PRJ612,2024-03-31,7.4
R1060,PRJ612,2024-04-14,6.2
R1061,PRJ178,2024-03-03,26.6
R1061,PRJ178,2024-03-10,32.2
R1061,PRJ178,2024-03-17,26.2
R1061,PRJ178,2024-03-24,36.2
R1061,PRJ178,2024-03-31,20.8
R1061,PRJ178,2024-04-07,32.4
R1061,PRJ178,2024-04-14,27.0
R1061,PRJ178,2024-04-21,29.9
R1062,PRJ091,2024-03-03,22.0
R1062,PRJ091,2024-03-10,16.7
R1062,PRJ091,2024-03-17,22.4
R1062,PRJ091,2024-03-24,22.2
R1062,PRJ091,2024-03-31,24.8
R1062,PRJ091,2024-04-07,19.8
R1062,PRJ091,2024-04-14,22.2
R1063,PRJ160,2024-03-03,24.6
R1063,PRJ160,2024-03-10,35.8
R1063,PRJ160,2024-03-17,33.6
R1063,PRJ160,2024-03-24,27.3
R1063,PRJ160,2024-03-31,45.7
R1063,PRJ160,2024-04-07,36.3
R1063,PRJ160,2024-04-14,34.8
R1063,PRJ160,2024-04-21,46.8
R1063,PRJ160,2024-04-28,32.4
R1063,PRJ031,2024-03-03,29.1
R1063,PRJ031,2024-03-10,33.3
R1063,PRJ031,2024-03-17,30.5
R1063,PRJ031,2024-03-31,30.9
R1063,PRJ031,2024-04-07,33.2
R1063,PRJ031,2024-04-14,37.4
R1063,PRJ031,2024-04-21,28.7
R1063,PRJ031,2024-04-28,27.9
R1064,PRJ173,2024-03-03,23.5
R1065,PRJ262,2024-03-03,38.8
R1065,PRJ262,2024-03-10,45.8
R1065,PRJ262,2024-03-17,45.8
R1065,PRJ262,2024-03-24,23.4
R1065,PRJ262,2024-03-31,35.6
R1065,PRJ262,2024-04-07,38.6
R1065,PRJ262,2024-04-14,37.4
R1065,PRJ262,2024-04-21,36.5
R1065,PRJ262,2024-04-28,32.4
R1065,PRJ279,2024-03-03,29.5
R1065,PRJ279,2024-03-10,31.0
R1065,PRJ279,2024-03-24,25.0
R1065,PRJ279,2024-03-31,29.0
R1065,PRJ279,2024-04-07,26.2
R1065,PRJ279,2024-04-14,34.1
R1065,PRJ279,2024-04-21,26.2
R1066,PRJ260,2024-03-03,22.7
R1066,PRJ260,2024-03-17,30.1
R1066,PRJ260,2024-03-24,25.4
R1066,PRJ260,2024-03-31,30.3
R1066,PRJ260,2024-04-07,23.5
R1066,PRJ260,2024-04-14,29.4
R1066,PRJ260,2024-04-21,33.9
R1066,PRJ260,2024-04-28,23.2
R1067,PRJ295,2024-03-10,21.0
R1067,PRJ295,2024-03-17,16.7
R1067,PRJ295,2024-03-24,21.7
R1067,PRJ295,2024-03-31,17.7
R1067,PRJ295,2024-04-07,18.2
R1067,PRJ295,2024-04-14,16.7
R1067,PRJ295,2024-04-21,21.9
R1067,PRJ295,2024-04-28,32.8
R1068,PRJ289,2024-03-10,35.5
R1068,PRJ289,2024-03-17,30.6
R1068,PRJ289,2024-03-24,35.0
R1068,PRJ289,2024-03-31,38.6
R1068,PRJ289,2024-04-07,30.8
R1068,PRJ591,2024-03-03,5.5
R1068,PRJ591,2024-03-10,7.3
R1068,PRJ591,2024-03-17,6.8
R1068,PRJ591,2024-03-24,3.8
R1068,PRJ591,2024-03-31,6.5
R1068,PRJ591,2024-04-07,5.8
R1068,PRJ591,2024-04-14,5.2
R1068,PRJ591,2024-04-21,5.2
R1069,PRJ109,2024-03-03,32.5
R1069,PRJ109,2024-03-10,36.4
R1069,PRJ109,2024-03-17,28.2
R1069,PRJ109,2024-03-31,32.8
R1069,PRJ109,2024-04-07,27.3
R1069,PRJ109,2024-04-14,33.0
R1069,PRJ109,2024-04-21,27.4
R1069,PRJ109,2024-04-28,38.6
R1069,PRJ381,2024-03-03,22.2
R1069,PRJ381,2024-03-10,18.0
R1069,PRJ381,2024-03-17,17.2
R1069,PRJ381,2024-03-24,21.5
R1069,PRJ381,2024-03-31,21.6
R1069,PRJ381,2024-04-07,19.0
R1070,PRJ355,2024-03-03,40.8
R1070,PRJ355,2024-03-10,28.6
R1070,PRJ355,2024-03-17,28.0
R1070,PRJ355,2024-03-24,35.3
R1070,PRJ355,2024-03-31,27.1
R1070,PRJ355,2024-04-14,32.7
R1070,PRJ355,2024-04-21,33.8
R1070,PRJ355,2024-04-28,37.8
R1071,PRJ148,2024-03-03,18.8
R1071,PRJ148,2024-03-10,14.6
R1071,PRJ148,2024-03-17,13.9
R1071,PRJ148,2024-03-24,16.6
R1071,PRJ148,2024-03-31,18.9
R1071,PRJ148,2024-04-07,14.5
R1071,PRJ148,2024-04-14,14.1
R1071,PRJ148,2024-04-21,14.2
R1071,PRJ148,2024-04-28,15.7
R1072,PRJ065,2024-03-17,16.5
R1072,PRJ065,2024-03-24,22.9
R1072,PRJ065,2024-03-31,27.6
R1072,PRJ065,2024-04-07,29.3
R1072,PRJ065,2024-04-14,44.2
R1072,PRJ574,2024-03-17,2.4
R1072,PRJ574,2024-03-24,2.3
R1072,PRJ574,2024-03-31,1.3
R1072,PRJ574,2024-04-07,1.9
R1072,PRJ574,2024-04-14,2.4
R1072,PRJ574,2024-04-21,2.1
R1072,PRJ574,2024-04-28,1.6
R1073,PRJ229,2024-03-03,37.4
R1073,PRJ229,2024-03-10,38.7
R1073,PRJ229,2024-03-17,21.1
R1073,PRJ229,2024-03-24,42.4
R1073,PRJ229,2024-03-31,26.8
R1073,PRJ229,2024-04-07,39.2
R1073,PRJ229,2024-04-14,42.4
R1073,PRJ229,2024-04-21,40.0
R1073,PRJ229,2024-04-28,37.5
R1073,PRJ348,2024-03-03,20.4
R1073,PRJ348,2024-03-10,18.7
R1073,PRJ348,2024-03-17,16.7
R1073,PRJ348,2024-03-24,15.1
R1073,PRJ348,2024-03-31,12.7
R1073,PRJ348,2024-04-07,22.0
R1073,PRJ348,2024-04-14,19.1
R1073,PRJ348,2024-04-21,25.1
R1073,PRJ348,2024-04-28,20.4
R1074,PRJ052,2024-03-10,25.1
R1074,PRJ052,2024-03-17,26.2
R1074,PRJ052,2024-03-24,26.5
R1074,PRJ052,2024-03-31,17.4
R1074,PRJ052,2024-04-07,32.7
R1074,PRJ052,2024-04-14,30.6
R1074,PRJ052,2024-04-28,33.3
R1074,PRJ251,2024-03-10,25.6
R1074,PRJ251,2024-03-17,19.5
R1074,PRJ251,2024-03-24,20.6
R1074,PRJ251,2024-03-31,25.0
R1074,PRJ251,2024-04-07,21.5
R1074,PRJ251,2024-04-14,19.8
R1074,PRJ251,2024-04-21,18.3
R1074,PRJ251,2024-04-28,21.6
R1075,PRJ220,2024-03-03,19.1
R1075,PRJ220,2024-03-10,18.5
R1075,PRJ220,2024-03-17,16.1
R1075,PRJ220,2024-03-24,18.5
R1075,PRJ220,2024-03-31,19.9
R1075,PRJ220,2024-04-07,22.3
R1075,PRJ220,2024-04-14,19.1
R1075,PRJ220,2024-04-21,19.5
R1075,PRJ220,2024-04-28,21.3
R1076,PRJ184,2024-03-03,15.4
R1076,PRJ184,2024-03-10,32.8
R1076,PRJ184,2024-03-17,37.2
R1077,PRJ133,2024-03-03,18.5
R1077,PRJ133,2024-03-17,18.9
R1077,PRJ133,2024-03-24,20.6
R1077,PRJ133,2024-04-07,16.3
R1077,PRJ133,2024-04-14,24.9
R1077,PRJ133,2024-04-21,26.3
R1077,PRJ223,2024-03-03,20.2
R1077,PRJ223,2024-03-10,23.0
R1077,PRJ223,2024-03-17,24.5
R1077,PRJ223,2024-03-24,27.2
R1077,PRJ223,2024-03-31,22.8
R1077,PRJ223,2024-04-07,20.4
R1077,PRJ223,2024-04-14,19.0
R1077,PRJ223,2024-04-21,26.9
R1077,PRJ223,2024-04-28,23.6
R1078,PRJ010,2024-03-17,19.5
R1078,PRJ010,2024-03-24,20.5
R1078,PRJ010,2024-03-31,22.4
R1078,PRJ010,2024-04-07,24.4
R1078,PRJ010,2024-04-14,16.0
R1078,PRJ010,2024-04-21,19.3
R1078,PRJ010,2024-04-28,22.1
R1079,PRJ399,2024-03-03,21.0
R1079,PRJ399,2024-03-10,33.3
R1079,PRJ399,2024-03-17,25.0
R1079,PRJ399,2024-03-24,33.8
R1079,PRJ399,2024-03-31,20.5
R1079,PRJ399,2024-04-07,29.9
R1079,PRJ399,2024-04-14,23.4
R1080,PRJ040,2024-03-03,27.5
R1080,PRJ040,2024-03-17,27.3
R1080,PRJ040,2024-03-24,25.5
R1080,PRJ040,2024-03-31,23.8
R1080,PRJ040,2024-04-07,24.5
R1080,PRJ040,2024-04-14,31.2
R1080,PRJ040,2024-04-21,27.9
R1080,PRJ040,2024-04-28,20.6
R1080,PRJ636,2024-03-03,3.3
R1080,PRJ636,2024-03-10,3.4
R1080,PRJ636,2024-03-17,2.1
R1080,PRJ636,2024-03-24,3.8
R1080,PRJ636,2024-03-31,2.8
R1080,PRJ636,2024-04-07,2.9
R1080,PRJ636,2024-04-14,2.7
R1080,PRJ636,2024-04-21,3.7
R1080,PRJ636,2024-04-28,3.5
R1081,PRJ385,2024-03-03,27.4
R1081,PRJ385,2024-03-10,29.1
R1081,PRJ385,2024-03-17,24.5
R1081,PRJ385,2024-03-24,22.0
R1081,PRJ385,2024-03-31,24.5
R1081,PRJ385,2024-04-07,21.5
R1081,PRJ385,2024-04-14,25.6
R1081,PRJ385,2024-04-21,28.1
R1081,PRJ354,2024-03-03,23.2
R1081,PRJ354,2024-03-10,27.5
R1081,PRJ354,2024-03-17,26.1
R1081,PRJ354,2024-03-24,26.4
R1081,PRJ354,2024-03-31,30.3
R1081,PRJ354,2024-04-07,28.4
R1081,PRJ354,2024-04-14,25.5
R1081,PRJ354,2024-04-21,25.9
R1081,PRJ354,2024-04-28,26.9
R1082,PRJ285,2024-03-03,26.2
R1082,PRJ285,2024-03-17,22.3
R1082,PRJ285,2024-03-24,24.4
R1082,PRJ285,2024-03-31,27.8
R1082,PRJ285,2024-04-07,22.6
R1082,PRJ285,2024-04-14,28.5
R1082,PRJ285,2024-04-21,25.1
R1082,PRJ285,2024-04-28,23.6
R1082,PRJ129,2024-03-03,25.2
R1082,PRJ129,2024-03-10,23.6
R1082,PRJ129,2024-03-17,24.3
R1082,PRJ129,2024-03-24,27.6
R1082,PRJ129,2024-03-31,24.6
R1082,PRJ129,2024-04-07,25.2
R1082,PRJ129,2024-04-14,25.3
R1082,PRJ129,2024-04-21,24.8
R1082,PRJ129,2024-04-28,23.9
R1083,PRJ047,2024-03-10,24.3
R1083,PRJ047,2024-03-17,23.4
R1083,PRJ047,2024-03-24,24.5
R1083,PRJ047,2024-03-31,36.9
R1083,PRJ047,2024-04-07,32.7
R1083,PRJ047,2024-04-14,27.4
R1083,PRJ047,2024-04-21,29.4
R1084,PRJ048,2024-03-03,14.9
R1084,PRJ048,2024-03-10,17.9
R1084,PRJ048,2024-03-17,17.3
R1084,PRJ048,2024-03-24,14.8
R1084,PRJ048,2024-03-31,13.6
R1084,PRJ048,2024-04-07,18.5
R1084,PRJ048,2024-04-14,21.3
R1084,PRJ348,2024-03-03,22.7
R1084,PRJ348,2024-03-17,27.3
R1084,PRJ348,2024-03-24,18.9
R1084,PRJ348,2024-03-31,25.5
R1084,PRJ348,2024-04-07,21.7
R1084,PRJ348,2024-04-14,22.5
R1084,PRJ348,2024-04-21,21.3
R1084,PRJ348,2024-04-28,24.6
R1084,PRJ574,2024-03-17,2.0
R1084,PRJ574,2024-03-24,2.0
R1084,PRJ574,2024-04-07,1.9
R1084,PRJ574,2024-04-21,2.3
R1084,PRJ574,2024-04-28,2.2
R1085,PRJ264,2024-03-03,28.1
R1085,PRJ264,2024-03-10,30.9
R1085,PRJ264,2024-03-17,38.6
R1085,PRJ264,2024-03-24,37.0
R1085,PRJ264,2024-03-31,34.0
R1085,PRJ264,2024-04-07,26.7
R1085,PRJ264,2024-04-14,36.9
R1085,PRJ264,2024-04-21,33.0
R1085,PRJ086,2024-03-03,22.4
R1085,PRJ086,2024-03-10,30.2
R1085,PRJ086,2024-03-17,21.5
R1085,PRJ086,2024-03-24,18.5
R1085,PRJ086,2024-03-31,19.9
R1085,PRJ086,2024-04-07,25.5
R1085,PRJ086,2024-04-14,25.3
R1085,PRJ086,2024-04-21,19.6
R1085,PRJ086,2024-04-28,23.4
R1086,PRJ012,2024-03-03,15.4
R1086,PRJ012,2024-03-10,15.4
R1086,PRJ012,2024-03-17,17.0
R1086,PRJ012,2024-03-24,18.1
R1086,PRJ012,2024-03-31,14.5
R1086,PRJ012,2024-04-07,20.8
R1086,PRJ012,2024-04-14,16.4
R1086,PRJ012,2024-04-21,15.3
R1086,PRJ012,2024-04-28,15.5
R1087,PRJ437,2024-03-03,23.2
R1087,PRJ437,2024-03-10,28.3
R1088,PRJ443,2024-03-03,28.6
R1088,PRJ443,2024-03-10,23.7
R1088,PRJ443,2024-03-17,27.7
R1088,PRJ443,2024-03-24,27.6
R1088,PRJ443,2024-03-31,27.8
R1088,PRJ443,2024-04-14,28.8
R1088,PRJ443,2024-04-21,27.8
R1088,PRJ443,2024-04-28,34.7
R1088,PRJ633,2024-03-03,2.4
R1088,PRJ633,2024-03-10,1.8
R1088,PRJ633,2024-03-17,2.3
R1088,PRJ633,2024-03-24,1.7
R1088,PRJ633,2024-03-31,2.0
R1088,PRJ633,2024-04-07,1.8
R1088,PRJ633,2024-04-21,1.8
R1088,PRJ633,2024-04-28,2.0
R1089,PRJ209,2024-03-03,28.1
R1089,PRJ209,2024-03-10,21.1
R1089,PRJ209,2024-03-17,26.8
R1089,PRJ209,2024-03-31,27.7
R1089,PRJ209,2024-04-07,14.5
R1089,PRJ209,2024-04-14,28.5
R1089,PRJ209,2024-04-21,28.6
R1089,PRJ209,2024-04-28,24.7
R1090,PRJ016,2024-03-03,31.8
R1090,PRJ016,2024-03-10,37.4
R1090,PRJ016,2024-03-17,32.2
R1090,PRJ016,2024-03-24,34.6
R1090,PRJ016,2024-03-31,27.4
R1090,PRJ016,2024-04-07,34.3
R1090,PRJ016,2024-04-21,29.1
R1090,PRJ016,2024-04-28,29.5
R1091,PRJ331,2024-03-03,33.4
R1091,PRJ331,2024-03-10,26.3
R1091,PRJ331,2024-03-17,30.8
R1091,PRJ331,2024-03-24,27.4
R1091,PRJ331,2024-03-31,35.9
R1091,PRJ331,2024-04-07,28.8
R1091,PRJ331,2024-04-14,33.4
R1091,PRJ331,2024-04-21,34.3
R1091,PRJ331,2024-04-28,37.2
R1092,PRJ007,2024-03-03,31.3
R1092,PRJ007,2024-03-10,30.6
R1092,PRJ007,2024-03-17,33.6
R1092,PRJ007,2024-03-24,27.0
R1092,PRJ007,2024-03-31,32.1
R1092,PRJ007,2024-04-07,22.9
R1092,PRJ007,2024-04-21,33.0
R1092,PRJ007,2024-04-28,26.5
R1092,PRJ468,2024-03-03,7.1
R1092,PRJ468,2024-03-10,6.3
R1092,PRJ468,2024-03-17,8.5
R1092,PRJ468,2024-03-24,7.9
R1092,PRJ468,2024-03-31,6.9
R1092,PRJ468,2024-04-07,7.2
R1092,PRJ468,2024-04-14,8.7
R1092,PRJ468,2024-04-21,7.0
R1092,PRJ468,2024-04-28,5.7
R1093,PRJ336,2024-03-03,19.7
R1093,PRJ336,2024-03-10,26.0
R1093,PRJ336,2024-03-17,17.5
R1093,PRJ336,2024-03-24,18.5
R1093,PRJ336,2024-03-31,20.3
R1093,PRJ336,2024-04-07,19.0
R1093,PRJ336,2024-04-14,22.6
R1093,PRJ336,2024-04-21,13.8
R1093,PRJ336,2024-04-28,16.3
R1094,PRJ263,2024-03-03,25.4
R1094,PRJ263,2024-03-10,25.7
R1094,PRJ263,2024-03-17,20.9
R1094,PRJ263,2024-03-24,29.9
R1094,PRJ263,2024-03-31,26.5
R1094,PRJ263,2024-04-07,26.5
R1094,PRJ263,2024-04-14,28.7
R1094,PRJ263,2024-04-21,22.0
R1094,PRJ263,2024-04-28,27.8
R1094,PRJ279,2024-03-03,17.0
R1094,PRJ279,2024-03-10,23.1
R1094,PRJ279,2024-03-17,25.4
R1094,PRJ279,2024-03-24,23.8
R1094,PRJ279,2024-03-31,19.9
R1094,PRJ279,2024-04-07,23.4
R1094,PRJ279,2024-04-14,21.0
R1094,PRJ279,2024-04-21,22.0
R1095,PRJ357,2024-03-03,33.6
R1095,PRJ357,2024-03-10,33.1
R1095,PRJ357,2024-03-17,28.7
R1095,PRJ357,2024-03-24,34.8
R1095,PRJ357,2024-03-31,38.0
R1095,PRJ357,2024-04-07,33.0
R1095,PRJ357,2024-04-14,41.6
R1095,PRJ357,2024-04-21,42.1
R1096,PRJ439,2024-03-10,30.4
R1096,PRJ439,2024-03-17,27.3
R1096,PRJ439,2024-03-24,33.2
R1096,PRJ439,2024-03-31,35.7
R1096,PRJ439,2024-04-07,25.2
R1096,PRJ439,2024-04-14,39.4
R1096,PRJ439,2024-04-21,37.5
R1096,PRJ118,2024-03-03,27.5
R1096,PRJ118,2024-03-10,30.8
R1096,PRJ118,2024-03-17,28.5
R1096,PRJ118,2024-03-24,28.5
R1096,PRJ118,2024-03-31,33.0
R1096,PRJ118,2024-04-07,29.1
R1096,PRJ118,2024-04-14,32.1
R1096,PRJ118,2024-04-21,18.9
R1096,PRJ118,2024-04-28,26.0
R1096,PRJ461,2024-03-03,2.3
R1096,PRJ461,2024-03-10,2.0
R1096,PRJ461,2024-03-17,1.8
R1096,PRJ461,2024-03-24,1.7
R1096,PRJ461,2024-03-31,2.5
R1096,PRJ461,2024-04-07,2.3
R1096,PRJ461,2024-04-14,1.9
R1096,PRJ461,2024-04-21,2.4
R1096,PRJ461,2024-04-28,2.1
R1097,PRJ106,2024-03-03,26.9
R1097,PRJ106,2024-03-10,27.6
R1097,PRJ106,2024-03-17,23.4
R1097,PRJ106,2024-03-24,24.0
R1097,PRJ106,2024-03-31,27.2
R1097,PRJ106,2024-04-07,25.6
R1097,PRJ106,2024-04-14,22.2
R1097,PRJ106,2024-04-21,24.1
R1097,PRJ106,2024-04-28,28.3
R1098,PRJ287,2024-03-03,27.7
R1098,PRJ287,2024-03-10,31.9
R1098,PRJ287,2024-03-17,26.2
R1098,PRJ287,2024-03-24,37.5
R1098,PRJ287,2024-03-31,42.1
R1098,PRJ287,2024-04-07,38.9
R1098,PRJ287,2024-04-14,29.7
R1098,PRJ287,2024-04-21,29.7
R1098,PRJ287,2024-04-28,37.2
R1099,PRJ327,2024-03-03,34.3
R1099,PRJ327,2024-03-10,37.2
R1099,PRJ327,2024-03-17,30.2
R1100,PRJ316,2024-03-03,18.7
R1100,PRJ316,2024-03-10,22.3
R1100,PRJ316,2024-03-17,21.8
R1100,PRJ316,2024-03-24,29.1
R1100,PRJ316,2024-03-31,24.4
R1100,PRJ316,2024-04-14,27.3
R1100,PRJ316,2024-04-21,22.9
R1100,PRJ316,2024-04-28,22.2
R1100,PRJ469,2024-03-03,5.5
R1100,PRJ469,2024-03-10,9.9
R1100,PRJ469,2024-03-17,7.8
R1100,PRJ469,2024-03-24,7.4
R1100,PRJ469,2024-03-31,6.3
R1100,PRJ469,2024-04-07,9.4
R1100,PRJ469,2024-04-21,7.1
R1100,PRJ469,2024-04-28,5.7
R1101,PRJ326,2024-03-10,18.1
R1101,PRJ326,2024-03-17,20.5
R1101,PRJ326,2024-03-31,20.8
R1101,PRJ326,2024-04-07,19.3
R1101,PRJ326,2024-04-14,20.3
R1101,PRJ326,2024-04-21,20.1
R1101,PRJ326,2024-04-28,17.0
R1101,PRJ115,2024-03-03,30.9
R1101,PRJ115,2024-03-10,29.9
R1101,PRJ115,2024-03-17,38.7
R1101,PRJ115,2024-03-24,34.1
R1101,PRJ115,2024-03-31,33.7
R1101,PRJ115,2024-04-07,34.1
R1101,PRJ115,2024-04-14,34.5
R1101,PRJ115,2024-04-21,38.1
R1101,PRJ115,2024-04-28,32.6
R1102,PRJ271,2024-03-03,20.5
R1102,PRJ271,2024-03-10,24.2
R1102,PRJ271,2024-03-17,23.6
R1102,PRJ271,2024-03-24,11.0
R1102,PRJ271,2024-03-31,24.3
R1102,PRJ271,2024-04-07,24.8
R1102,PRJ271,2024-04-14,21.1
R1102,PRJ271,2024-04-21,22.0
R1102,PRJ271,2024-04-28,24.1
R1102,PRJ272,2024-03-03,16.4
R1102,PRJ272,2024-03-10,11.4
R1102,PRJ272,2024-03-17,14.3
R1102,PRJ272,2024-03-24,17.1
R1102,PRJ272,2024-04-07,13.7
R1102,PRJ272,2024-04-21,21.4
R1102,PRJ272,2024-04-28,17.9
R1103,PRJ100,2024-03-03,18.0
R1103,PRJ100,2024-03-10,16.3
R1103,PRJ100,2024-03-17,17.6
R1103,PRJ100,2024-03-24,17.6
R1103,PRJ100,2024-03-31,20.0
R1103,PRJ100,2024-04-07,17.6
R1103,PRJ100,2024-04-14,18.7
R1103,PRJ100,2024-04-21,18.4
R1103,PRJ100,2024-04-28,19.7
R1104,PRJ262,2024-03-03,20.0
R1104,PRJ262,2024-03-10,19.5
R1104,PRJ262,2024-03-17,16.1
R1104,PRJ262,2024-03-24,17.0
R1104,PRJ262,2024-03-31,20.5
R1104,PRJ262,2024-04-07,21.2
R1104,PRJ262,2024-04-14,14.9
R1104,PRJ262,2024-04-21,14.6
R1104,PRJ262,2024-04-28,22.6
R1104,PRJ490,2024-03-03,2.0
R1104,PRJ490,2024-03-17,3.1
R1104,PRJ490,2024-03-31,2.1
R1104,PRJ490,2024-04-07,2.1
R1104,PRJ490,2024-04-21,1.8
R1105,PRJ157,2024-03-10,21.5
R1105,PRJ157,2024-03-17,25.0
R1105,PRJ157,2024-03-24,18.9
R1105,PRJ157,2024-03-31,19.1
R1105,PRJ157,2024-04-07,18.9
R1105,PRJ157,2024-04-14,14.0
R1105,PRJ157,2024-04-21,10.5
R1105,PRJ157,2024-04-28,13.9
R1105,PRJ449,2024-03-03,35.4
R1105,PRJ449,2024-03-10,28.3
R1105,PRJ449,2024-03-17,27.0
R1105,PRJ449,2024-03-24,29.6
R1105,PRJ449,2024-03-31,34.1
R1105,PRJ449,2024-04-07,39.3
R1105,PRJ449,2024-04-14,33.1
R1105,PRJ449,2024-04-21,38.2
R1105,PRJ449,2024-04-28,29.9
R1106,PRJ260,2024-03-17,16.3
R1106,PRJ260,2024-03-24,17.3
R1106,PRJ260,2024-03-31,17.4
R1106,PRJ260,2024-04-07,16.6
R1106,PRJ260,2024-04-14,13.4
R1106,PRJ260,2024-04-21,9.0
R1106,PRJ260,2024-04-28,14.1
R1107,PRJ320,2024-03-03,16.9
R1107,PRJ320,2024-03-10,22.4
R1107,PRJ320,2024-03-17,15.0
R1107,PRJ320,2024-03-24,22.4
R1107,PRJ320,2024-03-31,19.4
R1107,PRJ320,2024-04-07,19.5
R1107,PRJ320,2024-04-14,18.6
R1107,PRJ320,2024-04-21,22.2
R1107,PRJ320,2024-04-28,15.4
R1107,PRJ012,2024-03-03,26.9
R1107,PRJ012,2024-03-10,19.6
R1107,PRJ012,2024-03-17,21.5
R1107,PRJ012,2024-03-24,26.2
R1107,PRJ012,2024-03-31,27.3
R1107,PRJ012,2024-04-07,25.2
R1107,PRJ012,2024-04-14,17.3
R1108,PRJ152,2024-03-03,16.9
R1108,PRJ152,2024-03-10,20.6
R1108,PRJ152,2024-03-17,16.8
R1108,PRJ152,2024-03-24,19.1
R1108,PRJ152,2024-03-31,19.0
R1108,PRJ152,2024-04-07,24.9
R1108,PRJ152,2024-04-14,19.3
R1108,PRJ152,2024-04-21,27.6
R1108,PRJ152,2024-04-28,19.7
R1108,PRJ081,2024-03-03,20.1
R1108,PRJ081,2024-03-10,19.3
R1108,PRJ081,2024-03-17,18.9
R1108,PRJ081,2024-03-31,17.6
R1108,PRJ081,2024-04-07,14.7
R1108,PRJ081,2024-04-14,17.8
R1108,PRJ081,2024-04-21,16.8
R1108,PRJ081,2024-04-28,20.9
R1108,PRJ514,2024-03-17,3.8
R1108,PRJ514,2024-03-24,4.7
R1108,PRJ514,2024-03-31,4.2
R1108,PRJ514,2024-04-07,2.2
R1108,PRJ514,2024-04-14,2.0
R1109,PRJ270,2024-03-03,24.2
R1109,PRJ270,2024-03-10,22.6
R1109,PRJ270,2024-03-17,26.0
R1109,PRJ270,2024-03-24,18.2
R1109,PRJ270,2024-03-31,27.5
R1109,PRJ270,2024-04-07,33.5
R1109,PRJ270,2024-04-14,34.2
R1109,PRJ270,2024-04-21,29.6
R1109,PRJ270,2024-04-28,28.2
R1109,PRJ097,2024-03-17,16.1
R1109,PRJ097,2024-03-24,18.4
R1109,PRJ097,2024-03-31,19.2
R1109,PRJ097,2024-04-07,14.3
R1110,PRJ150,2024-03-03,16.7
R1110,PRJ150,2024-03-10,14.0
R1111,PRJ098,2024-03-03,25.9
R1111,PRJ098,2024-03-10,24.7
R1111,PRJ098,2024-03-17,15.8
R1111,PRJ098,2024-04-07,19.4
R1111,PRJ098,2024-04-14,17.9
R1111,PRJ098,2024-04-21,19.7
R1111,PRJ098,2024-04-28,20.6
R1112,PRJ167,2024-03-03,23.7
R1112,PRJ167,2024-03-10,16.7
R1112,PRJ167,2024-03-17,19.8
R1112,PRJ167,2024-03-24,18.8
R1112,PRJ167,2024-03-31,18.5
R1112,PRJ167,2024-04-07,20.2
R1112,PRJ167,2024-04-14,19.5
R1112,PRJ167,2024-04-21,13.4
R1112,PRJ167,2024-04-28,21.1
R1112,PRJ039,2024-03-17,28.3
R1112,PRJ039,2024-03-24,27.1
R1112,PRJ039,2024-03-31,27.8
R1112,PRJ039,2024-04-14,23.3
R1112,PRJ039,2024-04-21,30.7
R1112,PRJ039,2024-04-28,29.1
R1112,PRJ541,2024-03-03,3.2
R1112,PRJ541,2024-03-10,3.2
R1112,PRJ541,2024-03-17,3.5
R1112,PRJ541,2024-03-24,3.3
R1112,PRJ541,2024-03-31,3.9
R1112,PRJ541,2024-04-07,3.5
R1112,PRJ541,2024-04-14,3.3
R1112,PRJ541,2024-04-28,3.4
R1113,PRJ238,2024-03-03,40.9
R1113,PRJ238,2024-03-10,36.3
R1113,PRJ238,2024-03-17,32.3
R1113,PRJ238,2024-03-24,37.2
R1113,PRJ238,2024-03-31,32.4
R1113,PRJ238,2024-04-07,38.4
R1113,PRJ238,2024-04-14,27.1
R1113,PRJ238,2024-04-21,22.5
R1113,PRJ238,2024-04-28,32.2
R1113,PRJ128,2024-03-03,23.4
R1113,PRJ128,2024-03-10,26.3
R1113,PRJ128,2024-03-17,17.7
R1113,PRJ128,2024-03-24,24.7
R1113,PRJ128,2024-03-31,24.4
R1113,PRJ128,2024-04-07,28.7
R1113,PRJ128,2024-04-14,25.9
R1113,PRJ128,2024-04-21,20.5
R1113,PRJ128,2024-04-28,27.8
R1114,PRJ233,2024-03-03,30.3
R1114,PRJ233,2024-03-10,23.3
R1114,PRJ233,2024-03-17,20.7
R1114,PRJ233,2024-03-24,27.0
R1114,PRJ233,2024-03-31,30.7
R1114,PRJ233,2024-04-07,23.8
R1114,PRJ233,2024-04-14,22.1
R1114,PRJ233,2024-04-21,23.2
R1114,PRJ233,2024-04-28,22.8
R1114,PRJ215,2024-03-03,17.9
R1114,PRJ215,2024-03-10,20.8
R1114,PRJ215,2024-03-24,22.2
R1114,PRJ215,2024-03-31,17.5
R1114,PRJ215,2024-04-07,22.6
R1114,PRJ215,2024-04-14,23.5
R1114,PRJ215,2024-04-21,18.4
R1114,PRJ215,2024-04-28,14.3
R1115,PRJ292,2024-03-03,31.6
R1115,PRJ292,2024-03-10,27.8
R1115,PRJ292,2024-03-17,37.6
R1115,PRJ292,2024-03-24,33.8
R1115,PRJ292,2024-03-31,24.2
R1115,PRJ292,2024-04-07,35.1
R1115,PRJ292,2024-04-14,38.0
R1115,PRJ292,2024-04-28,25.9
R1116,PRJ237,2024-03-03,28.9
R1116,PRJ237,2024-03-10,32.2
R1116,PRJ237,2024-03-17,26.9
R1116,PRJ237,2024-03-24,30.0
R1116,PRJ237,2024-03-31,28.2
R1116,PRJ237,2024-04-07,25.2
R1116,PRJ237,2024-04-14,24.2
R1116,PRJ237,2024-04-21,25.1
R1116,PRJ237,2024-04-28,18.2
R1116,PRJ583,2024-03-03,2.2
R1116,PRJ583,2024-03-10,1.9
R1116,PRJ583,2024-03-17,2.0
R1116,PRJ583,2024-03-24,2.2
R1116,PRJ583,2024-04-07,2.0
R1116,PRJ583,2024-04-14,1.8
R1116,PRJ583,2024-04-21,1.9
R1116,PRJ583,2024-04-28,2.6
R1117,PRJ144,2024-03-03,26.4
R1117,PRJ144,2024-03-10,22.3
R1117,PRJ144,2024-03-17,23.6
R1117,PRJ144,2024-03-24,22.2
R1117,PRJ144,2024-03-31,17.2
R1117,PRJ144,2024-04-07,18.3
R1117,PRJ144,2024-04-14,26.4
R1117,PRJ144,2024-04-21,33.1
R1117,PRJ144,2024-04-28,28.1
R1117,PRJ198,2024-03-03,17.5
R1117,PRJ198,2024-03-10,15.1
R1117,PRJ198,2024-03-17,26.0
R1117,PRJ198,2024-03-24,16.5
R1117,PRJ198,2024-03-31,17.7
R1117,PRJ198,2024-04-07,18.2
R1117,PRJ198,2024-04-14,14.0
R1117,PRJ198,2024-04-21,15.9
R1117,PRJ198,2024-04-28,20.8
R1118,PRJ064,2024-03-10,15.0
R1118,PRJ064,2024-03-17,16.9
R1118,PRJ064,2024-03-24,32.7
R1118,PRJ064,2024-03-31,29.0
R1118,PRJ064,2024-04-07,35.2
R1119,PRJ102,2024-03-17,31.2
R1119,PRJ102,2024-03-24,35.6
R1119,PRJ102,2024-04-07,33.1
R1119,PRJ102,2024-04-14,32.2
R1119,PRJ102,2024-04-21,17.4
R1119,PRJ102,2024-04-28,27.8
R1119,PRJ405,2024-03-03,16.5
R1119,PRJ405,2024-03-10,15.2
R1119,PRJ405,2024-03-17,13.6
R1119,PRJ405,2024-03-24,19.6
R1119,PRJ405,2024-03-31,18.1
R1119,PRJ405,2024-04-07,16.1
R1119,PRJ405,2024-04-14,15.8
R1119,PRJ405,2024-04-21,14.6
R1119,PRJ405,2024-04-28,13.1
R1120,PRJ148,2024-03-03,27.0
R1120,PRJ148,2024-03-10,28.0
R1120,PRJ148,2024-03-17,37.8
R1120,PRJ148,2024-03-24,32.0
R1120,PRJ148,2024-03-31,34.5
R1120,PRJ148,2024-04-14,29.8
R1120,PRJ148,2024-04-21,30.5
R1120,PRJ640,2024-03-17,6.8
R1120,PRJ640,2024-03-24,7.9
R1120,PRJ640,2024-03-31,6.6
R1120,PRJ640,2024-04-07,8.2
R1120,PRJ640,2024-04-14,6.9
R1120,PRJ640,2024-04-21,9.0
R1120,PRJ640,2024-04-28,6.0
R1121,PRJ049,2024-03-03,31.3
R1121,PRJ049,2024-03-17,34.7
R1121,PRJ049,2024-03-24,38.3
R1121,PRJ049,2024-03-31,41.4
R1121,PRJ049,2024-04-07,39.3
R1121,PRJ049,2024-04-14,34.2
R1121,PRJ049,2024-04-21,33.8
R1121,PRJ049,2024-04-28,41.7
R1121,PRJ395,2024-03-03,20.2
R1121,PRJ395,2024-03-10,15.9
R1121,PRJ395,2024-03-17,13.6
R1121,PRJ395,2024-03-24,20.9
R1121,PRJ395,2024-03-31,18.2
R1121,PRJ395,2024-04-07,22.2
R1121,PRJ395,2024-04-14,28.7
R1121,PRJ395,2024-04-21,22.9
R1122,PRJ294,2024-03-03,25.3
R1122,PRJ294,2024-03-10,31.1
R1122,PRJ294,2024-03-17,26.4
R1123,PRJ217,2024-03-10,33.6
R1123,PRJ217,2024-03-17,27.3
R1123,PRJ217,2024-03-24,25.3
R1123,PRJ217,2024-04-07,26.1
R1123,PRJ217,2024-04-14,21.3
R1123,PRJ217,2024-04-21,24.5
R1123,PRJ217,2024-04-28,20.4
R1124,PRJ179,2024-03-03,18.6
R1124,PRJ179,2024-03-10,21.2
R1124,PRJ179,2024-03-17,15.2
R1124,PRJ179,2024-03-24,19.3
R1124,PRJ179,2024-03-31,16.3
R1124,PRJ179,2024-04-14,17.7
R1124,PRJ179,2024-04-21,23.9
R1124,PRJ179,2024-04-28,19.6
R1124,PRJ593,2024-03-03,2.1
R1124,PRJ593,2024-03-10,1.8
R1124,PRJ593,2024-03-17,3.6
R1124,PRJ593,2024-03-24,2.8
R1124,PRJ593,2024-03-31,2.7
R1124,PRJ593,2024-04-07,2.9
R1124,PRJ593,2024-04-14,2.3
R1124,PRJ593,2024-04-21,2.7
R1124,PRJ593,2024-04-28,3.2
R1125,PRJ431,2024-03-03,30.2
R1125,PRJ431,2024-03-24,28.2
R1125,PRJ431,2024-03-31,35.5
R1125,PRJ431,2024-04-07,33.1
R1125,PRJ431,2024-04-14,40.8
R1125,PRJ431,2024-04-21,39.9
R1125,PRJ431,2024-04-28,30.5
R1126,PRJ317,2024-03-10,23.4
R1126,PRJ317,2024-03-17,20.3
R1126,PRJ317,2024-03-24,19.9
R1126,PRJ317,2024-03-31,19.7
R1126,PRJ317,2024-04-07,19.3
R1126,PRJ317,2024-04-14,24.9
R1126,PRJ317,2024-04-21,19.8
R1126,PRJ317,2024-04-28,20.4
R1127,PRJ119,2024-03-03,25.0
R1127,PRJ119,2024-03-10,24.7
R1127,PRJ119,2024-03-17,24.4
R1127,PRJ119,2024-03-24,28.3
R1127,PRJ119,2024-03-31,21.9
R1127,PRJ119,2024-04-07,21.5
R1127,PRJ119,2024-04-14,14.5
R1127,PRJ119,2024-04-21,32.7
R1127,PRJ119,2024-04-28,32.5
R1128,PRJ125,2024-03-03,28.4
R1128,PRJ125,2024-03-10,23.5
R1128,PRJ125,2024-03-17,24.1
R1128,PRJ125,2024-03-24,27.9
R1128,PRJ125,2024-03-31,22.8
R1128,PRJ125,2024-04-07,24.5
R1128,PRJ125,2024-04-14,12.2
R1128,PRJ125,2024-04-21,28.7
R1128,PRJ125,2024-04-28,26.3
R1128,PRJ281,2024-03-03,20.7
R1128,PRJ281,2024-03-10,18.2
R1128,PRJ281,2024-03-17,15.9
R1128,PRJ281,2024-03-24,18.3
R1128,PRJ281,2024-03-31,16.7
R1128,PRJ281,2024-04-07,14.9
R1128,PRJ281,2024-04-14,13.5
R1128,PRJ281,2024-04-21,17.8
R1128,PRJ281,2024-04-28,18.1
R1128,PRJ641,2024-03-03,4.3
R1128,PRJ641,2024-03-10,3.9
R1128,PRJ641,2024-03-24,3.7
R1128,PRJ641,2024-03-31,4.7
R1128,PRJ641,2024-04-07,3.5
R1128,PRJ641,2024-04-14,3.7
R1128,PRJ641,2024-04-21,3.4
R1129,PRJ029,2024-03-03,18.4
R1129,PRJ029,2024-03-17,16.0
R1129,PRJ029,2024-03-24,16.5
R1129,PRJ029,2024-03-31,13.7
R1129,PRJ029,2024-04-07,14.2
R1129,PRJ029,2024-04-14,13.9
R1129,PRJ029,2024-04-21,20.9
R1129,PRJ029,2024-04-28,15.0
R1129,PRJ101,2024-03-10,15.3
R1129,PRJ101,2024-03-17,21.8
R1129,PRJ101,2024-03-24,20.4
R1129,PRJ101,2024-03-31,16.1
R1129,PRJ101,2024-04-07,20.7
R1129,PRJ101,2024-04-14,17.8
R1129,PRJ101,2024-04-21,19.3
R1129,PRJ101,2024-04-28,19.4
R1130,PRJ070,2024-03-03,11.8
R1130,PRJ070,2024-03-10,13.5
R1130,PRJ070,2024-03-17,15.2
R1130,PRJ070,2024-03-24,14.3
R1130,PRJ070,2024-03-31,17.1
R1130,PRJ070,2024-04-07,17.3
R1130,PRJ070,2024-04-14,15.0
R1130,PRJ070,2024-04-21,14.7
R1130,PRJ375,2024-03-03,23.5
R1130,PRJ375,2024-03-10,21.8
R1130,PRJ375,2024-03-17,25.7
R1130,PRJ375,2024-03-24,19.5
R1130,PRJ375,2024-03-31,22.8
R1130,PRJ375,2024-04-07,21.5
R1130,PRJ375,2024-04-14,28.0
R1130,PRJ375,2024-04-21,27.2
R1131,PRJ417,2024-03-03,33.4
R1131,PRJ417,2024-03-10,33.3
R1131,PRJ417,2024-03-17,28.3
R1131,PRJ417,2024-03-24,24.4
R1131,PRJ417,2024-03-31,35.4
R1131,PRJ417,2024-04-07,36.9
R1131,PRJ417,2024-04-14,42.9
R1131,PRJ417,2024-04-28,24.3
R1131,PRJ389,2024-03-10,25.1
R1131,PRJ389,2024-03-17,26.8
R1131,PRJ389,2024-03-24,28.4
R1131,PRJ389,2024-03-31,34.0
R1131,PRJ389,2024-04-07,30.0
R1131,PRJ389,2024-04-14,35.4
R1131,PRJ389,2024-04-21,28.1
R1131,PRJ389,2024-04-28,30.2
R1132,PRJ271,2024-03-03,31.9
R1132,PRJ271,2024-03-10,24.9
R1132,PRJ271,2024-03-17,35.4
R1132,PRJ271,2024-03-24,45.8
R1132,PRJ271,2024-03-31,28.4
R1132,PRJ271,2024-04-07,38.9
R1132,PRJ271,2024-04-14,40.1
R1132,PRJ271,2024-04-21,35.7
R1132,PRJ271,2024-04-28,28.9
R1132,PRJ530,2024-03-03,7.3
R1132,PRJ530,2024-03-10,6.0
R1132,PRJ530,2024-03-17,6.9
R1132,PRJ530,2024-03-24,4.3
R1132,PRJ530,2024-03-31,5.1
R1132,PRJ530,2024-04-07,4.5
R1132,PRJ530,2024-04-14,6.5
R1133,PRJ163,2024-03-03,19.3
R1133,PRJ163,2024-03-10,24.7
R1133,PRJ163,2024-03-17,24.3
R1133,PRJ163,2024-03-31,28.2
R1133,PRJ163,2024-04-07,27.2
R1133,PRJ163,2024-04-14,24.1
R1133,PRJ163,2024-04-21,21.4
R1134,PRJ323,2024-03-03,21.3
R1135,PRJ314,2024-03-03,35.1
R1135,PRJ314,2024-03-10,29.6
R1135,PRJ314,2024-03-17,34.0
R1135,PRJ314,2024-03-24,40.6
R1135,PRJ314,2024-03-31,27.6
R1135,PRJ314,2024-04-07,39.9
R1135,PRJ314,2024-04-14,27.9
R1135,PRJ314,2024-04-21,32.1
R1135,PRJ314,2024-04-28,41.1
R1135,PRJ033,2024-03-10,25.6
R1135,PRJ033,2024-03-17,20.5
R1135,PRJ033,2024-03-24,30.0
R1135,PRJ033,2024-03-31,31.1
R1135,PRJ033,2024-04-07,26.7
R1136,PRJ215,2024-03-03,21.9
R1136,PRJ215,2024-03-10,20.6
R1136,PRJ215,2024-03-17,13.6
R1136,PRJ215,2024-03-24,19.8
R1136,PRJ215,2024-04-07,19.0
R1136,PRJ215,2024-04-14,22.0
R1136,PRJ215,2024-04-21,22.9
R1136,PRJ215,2024-04-28,23.9
R1136,PRJ503,2024-03-03,6.0
R1136,PRJ503,2024-03-10,6.6
R1136,PRJ503,2024-03-17,6.4
R1136,PRJ503,2024-03-24,5.8
R1136,PRJ503,2024-03-31,4.5
R1136,PRJ503,2024-04-14,5.4
R1136,PRJ503,2024-04-21,7.2
R1136,PRJ503,2024-04-28,5.2
R1137,PRJ336,2024-03-03,32.1
R1137,PRJ336,2024-03-17,33.0
R1137,PRJ336,2024-04-07,31.2
R1137,PRJ336,2024-04-14,32.3
R1137,PRJ336,2024-04-21,42.0
R1137,PRJ336,2024-04-28,24.8
R1138,PRJ364,2024-03-17,31.0
R1138,PRJ364,2024-03-24,30.5
R1138,PRJ364,2024-03-31,39.9
R1138,PRJ364,2024-04-07,34.9
R1138,PRJ364,2024-04-14,28.9
R1138,PRJ364,2024-04-21,37.6
R1138,PRJ364,2024-04-28,28.5
R1138,PRJ445,2024-03-03,25.8
R1138,PRJ445,2024-03-10,19.2
R1138,PRJ445,2024-03-17,28.1
R1138,PRJ445,2024-03-24,23.1
R1138,PRJ445,2024-03-31,19.2
R1138,PRJ445,2024-04-07,16.6
R1138,PRJ445,2024-04-14,23.2
R1138,PRJ445,2024-04-21,25.7
R1138,PRJ445,2024-04-28,29.6
R1139,PRJ197,2024-03-03,34.1
R1139,PRJ197,2024-03-10,28.8
R1139,PRJ197,2024-03-17,24.0
R1139,PRJ197,2024-03-24,28.1
R1139,PRJ197,2024-03-31,35.9
R1139,PRJ197,2024-04-07,37.4
R1139,PRJ197,2024-04-14,26.2
R1139,PRJ197,2024-04-21,27.7
R1139,PRJ197,2024-04-28,35.0
R1140,PRJ337,2024-03-03,31.8
R1140,PRJ337,2024-03-10,24.2
R1140,PRJ337,2024-03-17,29.2
R1140,PRJ337,2024-03-24,24.5
R1140,PRJ337,2024-03-31,30.8
R1140,PRJ337,2024-04-07,26.4
R1140,PRJ337,2024-04-14,25.0
R1140,PRJ337,2024-04-21,29.5
R1140,PRJ337,2024-04-28,36.4
R1140,PRJ533,2024-03-10,7.2
R1140,PRJ533,2024-03-24,6.7
R1140,PRJ533,2024-03-31,7.5
R1140,PRJ533,2024-04-07,6.8
R1140,PRJ533,2024-04-14,7.1
R1140,PRJ533,2024-04-21,7.5
R1140,PRJ533,2024-04-28,6.9
R1141,PRJ333,2024-03-03,28.8
R1141,PRJ333,2024-03-10,20.5
R1141,PRJ333,2024-03-17,22.8
R1141,PRJ333,2024-03-24,22.8
R1141,PRJ333,2024-03-31,23.6
R1141,PRJ333,2024-04-14,22.3
R1141,PRJ333,2024-04-21,20.7
R1141,PRJ333,2024-04-28,28.2
R1142,PRJ366,2024-03-03,40.6
R1142,PRJ366,2024-03-10,38.9
R1142,PRJ366,2024-03-17,33.8
R1142,PRJ366,2024-03-24,44.7
R1142,PRJ366,2024-03-31,33.5
R1142,PRJ366,2024-04-07,29.4
R1142,PRJ366,2024-04-14,36.3
R1142,PRJ399,2024-03-03,19.4
R1142,PRJ399,2024-03-10,26.1
R1142,PRJ399,2024-03-17,22.6
R1142,PRJ399,2024-03-24,25.4
R1142,PRJ399,2024-03-31,21.8
R1142,PRJ399,2024-04-07,23.4
R1142,PRJ399,2024-04-14,24.4
R1142,PRJ399,2024-04-21,24.7
R1142,PRJ399,2024-04-28,24.6
R1143,PRJ021,2024-03-03,22.2
R1143,PRJ021,2024-03-10,32.6
R1143,PRJ021,2024-03-17,40.1
R1143,PRJ021,2024-03-24,46.3
R1143,PRJ021,2024-03-31,25.0
R1143,PRJ021,2024-04-07,32.7
R1143,PRJ021,2024-04-21,31.4
R1143,PRJ021,2024-04-28,43.7
R1143,PRJ295,2024-03-03,23.0
R1143,PRJ295,2024-03-10,21.0
R1143,PRJ295,2024-03-17,19.6
R1143,PRJ295,2024-03-24,23.7
R1143,PRJ295,2024-03-31,19.8
R1143,PRJ295,2024-04-14,28.7
R1143,PRJ295,2024-04-21,24.0
R1143,PRJ295,2024-04-28,25.4
R1144,PRJ317,2024-03-03,25.7
R1144,PRJ317,2024-03-10,24.6
R1144,PRJ317,2024-03-17,27.3
R1144,PRJ317,2024-03-24,26.7
R1144,PRJ317,2024-03-31,26.5
R1144,PRJ317,2024-04-07,24.6
R1144,PRJ566,2024-03-03,4.3
R1144,PRJ566,2024-03-10,4.9
R1144,PRJ566,2024-03-17,3.8
R1144,PRJ566,2024-03-24,4.7
R1144,PRJ566,2024-03-31,5.6
R1144,PRJ566,2024-04-07,3.9
R1144,PRJ566,2024-04-14,8.8
R1144,PRJ566,2024-04-21,9.0
R1144,PRJ566,2024-04-28,7.7
R1145,PRJ075,2024-03-03,24.8
R1146,PRJ356,2024-03-03,44.6
R1146,PRJ356,2024-03-10,45.4
R1146,PRJ356,2024-03-17,42.6
R1146,PRJ356,2024-03-24,37.0
R1146,PRJ356,2024-03-31,35.9
R1146,PRJ356,2024-04-07,33.7
R1146,PRJ356,2024-04-14,43.6
R1146,PRJ356,2024-04-21,44.3
R1146,PRJ356,2024-04-28,42.4
R1147,PRJ209,2024-03-03,15.4
R1147,PRJ209,2024-03-10,16.1
R1147,PRJ209,2024-03-17,21.8
R1147,PRJ209,2024-03-24,18.4
R1147,PRJ209,2024-03-31,19.3
R1147,PRJ209,2024-04-07,20.5
R1147,PRJ209,2024-04-14,20.6
R1147,PRJ209,2024-04-21,16.0
R1147,PRJ209,2024-04-28,20.2
R1147,PRJ230,2024-03-10,30.5
R1147,PRJ230,2024-03-24,27.5
R1147,PRJ230,2024-03-31,23.7
R1147,PRJ230,2024-04-07,20.2
R1147,PRJ230,2024-04-14,17.3
R1147,PRJ230,2024-04-21,29.3
R1147,PRJ230,2024-04-28,31.4
R1148,PRJ101,2024-03-10,34.1
R1148,PRJ101,2024-03-17,23.4
R1148,PRJ101,2024-03-24,32.0
R1148,PRJ101,2024-03-31,37.9
R1148,PRJ101,2024-04-07,34.4
R1148,PRJ101,2024-04-14,32.6
R1148,PRJ101,2024-04-21,27.6
R1148,PRJ101,2024-04-28,30.5
R1148,PRJ076,2024-03-03,17.2
R1148,PRJ076,2024-03-10,16.2
R1148,PRJ076,2024-03-17,19.9
R1148,PRJ076,2024-03-31,11.7
R1148,PRJ076,2024-04-07,18.9
R1148,PRJ076,2024-04-14,24.5
R1148,PRJ076,2024-04-21,17.7
R1148,PRJ076,2024-04-28,22.4
R1148,PRJ551,2024-03-03,8.6
R1148,PRJ551,2024-03-10,6.6
R1148,PRJ551,2024-03-17,7.0
R1148,PRJ551,2024-03-24,6.7
R1148,PRJ551,2024-03-31,6.5
R1148,PRJ551,2024-04-07,7.8
R1148,PRJ551,2024-04-14,7.9
R1148,PRJ551,2024-04-21,6.4
R1148,PRJ551,2024-04-28,7.1
R1149,PRJ411,2024-03-03,26.1
R1149,PRJ411,2024-03-10,25.9
R1149,PRJ411,2024-03-17,20.4
R1149,PRJ411,2024-03-24,28.6
R1149,PRJ411,2024-03-31,19.9
R1149,PRJ023,2024-03-17,31.6
R1149,PRJ023,2024-03-24,33.8
R1149,PRJ023,2024-03-31,27.1
R1149,PRJ023,2024-04-07,30.1
R1149,PRJ023,2024-04-14,28.9
R1149,PRJ023,2024-04-21,19.6
R1149,PRJ023,2024-04-28,29.1
R1150,PRJ439,2024-03-03,25.6
R1150,PRJ439,2024-03-10,29.9
R1150,PRJ439,2024-03-17,25.0
R1150,PRJ439,2024-03-24,28.0
R1150,PRJ439,2024-03-31,29.4
R1150,PRJ439,2024-04-07,30.2
R1150,PRJ439,2024-04-14,28.9
R1150,PRJ439,2024-04-21,35.2
R1150,PRJ439,2024-04-28,31.1
R1150,PRJ186,2024-03-03,31.7
R1150,PRJ186,2024-03-10,28.7
R1150,PRJ186,2024-03-17,16.1
R1150,PRJ186,2024-03-24,24.0
R1150,PRJ186,2024-03-31,23.4
R1150,PRJ186,2024-04-07,28.1
R1150,PRJ186,2024-04-14,35.3
R1151,PRJ326,2024-03-03,21.3
R1151,PRJ326,2024-03-10,19.2
R1151,PRJ326,2024-03-17,20.8
R1151,PRJ326,2024-03-31,25.5
R1151,PRJ326,2024-04-07,24.6
R1151,PRJ326,2024-04-14,19.8
R1151,PRJ326,2024-04-21,21.3
R1151,PRJ326,2024-04-28,24.9
R1152,PRJ122,2024-03-03,30.2
R1152,PRJ122,2024-03-10,32.6
R1152,PRJ122,2024-03-17,24.4
R1152,PRJ122,2024-03-31,28.2
R1152,PRJ122,2024-04-07,34.4
R1152,PRJ122,2024-04-14,37.2
R1152,PRJ122,2024-04-21,28.3
R1152,PRJ122,2024-04-28,38.8
R1152,PRJ586,2024-03-03,3.8
R1152,PRJ586,2024-03-10,3.6
R1152,PRJ586,2024-03-17,3.5
R1152,PRJ586,2024-03-24,3.8
R1152,PRJ586,2024-03-31,2.4
R1152,PRJ586,2024-04-07,2.9
R1152,PRJ586,2024-04-14,3.4
R1152,PRJ586,2024-04-21,3.6
R1152,PRJ586,2024-04-28,4.2
R1153,PRJ021,2024-03-03,26.0
R1153,PRJ021,2024-03-17,26.8
R1153,PRJ021,2024-03-31,15.8
R1153,PRJ021,2024-04-07,25.6
R1153,PRJ021,2024-04-14,12.4
R1153,PRJ021,2024-04-21,19.5
R1153,PRJ021,2024-04-28,20.7
R1154,PRJ319,2024-03-03,37.5
R1154,PRJ319,2024-03-10,29.0
R1154,PRJ319,2024-03-17,22.0
R1154,PRJ319,2024-03-24,21.3
R1154,PRJ319,2024-03-31,23.6
R1154,PRJ319,2024-04-07,31.7
R1154,PRJ319,2024-04-14,22.7
R1154,PRJ319,2024-04-21,26.1
R1154,PRJ319,2024-04-28,25.9
R1155,PRJ291,2024-03-03,24.8
R1155,PRJ291,2024-03-10,33.1
R1155,PRJ291,2024-03-17,36.4
R1155,PRJ291,2024-03-31,34.0
R1155,PRJ291,2024-04-07,29.2
R1155,PRJ291,2024-04-14,33.4
R1155,PRJ291,2024-04-21,32.0
R1155,PRJ291,2024-04-28,34.4
R1155,PRJ031,2024-03-03,22.2
R1155,PRJ031,2024-03-10,17.8
R1155,PRJ031,2024-03-17,24.5
R1155,PRJ031,2024-03-24,15.3
R1155,PRJ031,2024-03-31,19.6
R1155,PRJ031,2024-04-07,22.0
R1155,PRJ031,2024-04-14,20.4
R1155,PRJ031,2024-04-21,20.1
R1156,PRJ118,2024-03-03,34.9
R1156,PRJ118,2024-03-17,36.6
R1156,PRJ118,2024-03-24,30.5
R1156,PRJ118,2024-03-31,30.5
R1156,PRJ118,2024-04-07,27.9
R1156,PRJ118,2024-04-14,33.9
R1156,PRJ118,2024-04-21,25.1
R1156,PRJ118,2024-04-28,39.6
R1156,PRJ589,2024-03-03,2.4
R1156,PRJ589,2024-03-10,2.7
R1156,PRJ589,2024-03-17,2.9
R1156,PRJ589,2024-03-24,3.2
R1156,PRJ589,2024-03-31,2.6
R1156,PRJ589,2024-04-07,2.5
R1156,PRJ589,2024-04-14,2.8
R1156,PRJ589,2024-04-21,2.5
R1156,PRJ589,2024-04-28,2.7
R1157,PRJ229,2024-03-03,34.1
R1157,PRJ229,2024-03-10,24.3
R1158,PRJ247,2024-03-03,18.4
R1158,PRJ247,2024-03-31,24.1
R1158,PRJ247,2024-04-07,20.5
R1158,PRJ247,2024-04-14,17.9
R1158,PRJ247,2024-04-21,21.6
R1158,PRJ247,2024-04-28,17.1
R1159,PRJ433,2024-03-03,37.0
R1159,PRJ433,2024-03-10,36.4
R1159,PRJ433,2024-03-17,45.1
R1159,PRJ433,2024-03-24,40.3
R1159,PRJ433,2024-03-31,38.1
R1159,PRJ433,2024-04-07,34.8
R1159,PRJ433,2024-04-14,35.1
R1159,PRJ433,2024-04-21,44.7
R1159,PRJ433,2024-04-28,35.8
R1160,PRJ173,2024-03-03,43.1
R1160,PRJ173,2024-03-10,30.8
R1160,PRJ173,2024-03-17,38.5
R1160,PRJ173,2024-03-24,41.9
R1160,PRJ173,2024-03-31,31.2
R1160,PRJ173,2024-04-07,37.8
R1160,PRJ173,2024-04-14,38.1
R1160,PRJ173,2024-04-21,40.9
R1160,PRJ173,2024-04-28,34.5
R1160,PRJ630,2024-03-03,2.8
R1160,PRJ630,2024-03-10,2.3
R1160,PRJ630,2024-03-24,2.7
R1160,PRJ630,2024-03-31,2.8
R1160,PRJ630,2024-04-07,2.5
R1160,PRJ630,2024-04-14,2.6
R1160,PRJ630,2024-04-21,2.4
R1160,PRJ630,2024-04-28,2.8
R1161,PRJ322,2024-03-17,23.1
R1161,PRJ322,2024-03-24,13.7
R1161,PRJ322,2024-03-31,19.7
R1161,PRJ322,2024-04-07,21.5
R1162,PRJ377,2024-03-03,35.8
R1162,PRJ377,2024-03-10,36.3
R1162,PRJ377,2024-03-17,36.8
R1162,PRJ377,2024-03-24,36.1
R1162,PRJ377,2024-03-31,32.1
R1162,PRJ377,2024-04-07,41.4
R1162,PRJ377,2024-04-14,38.4
R1162,PRJ377,2024-04-21,32.6
R1163,PRJ401,2024-03-03,20.4
R1163,PRJ401,2024-03-10,20.9
R1163,PRJ401,2024-03-17,17.4
R1163,PRJ401,2024-03-24,21.1
R1163,PRJ401,2024-04-07,20.1
R1163,PRJ401,2024-04-14,16.3
R1163,PRJ401,2024-04-21,14.3
R1163,PRJ401,2024-04-28,18.3
R1164,PRJ172,2024-03-03,29.6
R1164,PRJ172,2024-03-10,26.3
R1164,PRJ172,2024-03-17,31.7
R1164,PRJ172,2024-03-24,32.0
R1164,PRJ172,2024-03-31,20.5
R1164,PRJ172,2024-04-07,29.7
R1164,PRJ172,2024-04-14,18.6
R1164,PRJ172,2024-04-21,32.5
R1164,PRJ172,2024-04-28,43.7
R1164,PRJ474,2024-03-10,4.7
R1164,PRJ474,2024-03-17,5.2
R1164,PRJ474,2024-03-24,4.2
R1164,PRJ474,2024-03-31,4.9
R1164,PRJ474,2024-04-07,4.1
R1164,PRJ474,2024-04-14,4.5
R1164,PRJ474,2024-04-21,5.5
R1164,PRJ474,2024-04-28,5.9
R1165,PRJ193,2024-03-03,25.1
R1165,PRJ193,2024-03-10,26.8
R1165,PRJ193,2024-03-17,14.9
R1165,PRJ193,2024-03-24,13.8
R1165,PRJ193,2024-03-31,16.6
R1165,PRJ193,2024-04-07,16.4
R1165,PRJ193,2024-04-14,21.3
R1165,PRJ193,2024-04-21,15.8
R1165,PRJ193,2024-04-28,15.7
R1166,PRJ323,2024-03-03,26.5
R1166,PRJ323,2024-03-10,22.5
R1166,PRJ323,2024-03-17,21.7
R1166,PRJ323,2024-03-24,25.9
R1166,PRJ323,2024-03-31,19.3
R1166,PRJ323,2024-04-07,26.2
R1166,PRJ323,2024-04-14,22.9
R1166,PRJ323,2024-04-21,27.1
R1166,PRJ323,2024-04-28,29.2
R1166,PRJ437,2024-03-03,28.4
R1166,PRJ437,2024-03-10,30.9
R1166,PRJ437,2024-03-17,36.7
R1166,PRJ437,2024-03-24,33.3
R1166,PRJ437,2024-03-31,39.9
R1166,PRJ437,2024-04-14,30.4
R1166,PRJ437,2024-04-21,27.0
R1166,PRJ437,2024-04-28,41.6
R1167,PRJ248,2024-03-03,28.8
R1167,PRJ248,2024-03-10,26.0
R1167,PRJ248,2024-03-17,27.6
R1167,PRJ248,2024-03-24,26.5
R1167,PRJ248,2024-03-31,26.4
R1167,PRJ248,2024-04-07,21.5
R1167,PRJ248,2024-04-21,20.7
R1167,PRJ248,2024-04-28,27.2
R1167,PRJ109,2024-03-03,17.6
R1167,PRJ109,2024-03-10,33.1
R1167,PRJ109,2024-03-17,26.1
R1167,PRJ109,2024-03-24,28.3
R1167,PRJ109,2024-03-31,28.8
R1167,PRJ109,2024-04-07,26.5
R1167,PRJ109,2024-04-14,27.4
R1167,PRJ109,2024-04-21,24.5
R1167,PRJ109,2024-04-28,28.7
R1168,PRJ410,2024-03-03,22.2
R1168,PRJ410,2024-03-10,40.6
R1168,PRJ410,2024-03-17,30.7
R1168,PRJ410,2024-03-24,36.9
R1168,PRJ410,2024-03-31,37.8
R1168,PRJ410,2024-04-07,30.4
R1168,PRJ410,2024-04-14,32.4
R1168,PRJ410,2024-04-21,22.4
R1168,PRJ151,2024-03-03,17.0
R1168,PRJ151,2024-03-10,20.2
R1168,PRJ151,2024-03-17,22.1
R1168,PRJ151,2024-03-24,25.5
R1168,PRJ151,2024-03-31,18.9
R1168,PRJ151,2024-04-07,24.1
R1168,PRJ151,2024-04-14,18.1
R1168,PRJ151,2024-04-21,22.5
R1168,PRJ485,2024-03-03,6.5
R1168,PRJ485,2024-03-10,6.9
R1168,PRJ485,2024-03-17,8.1
R1168,PRJ485,2024-03-24,7.6
R1168,PRJ485,2024-03-31,5.2
R1168,PRJ485,2024-04-07,5.8
R1168,PRJ485,2024-04-14,6.2
R1168,PRJ485,2024-04-21,6.3
R1168,PRJ485,2024-04-28,6.7
R1169,PRJ352,2024-03-03,21.4
R1169,PRJ352,2024-03-10,20.1
R1170,PRJ260,2024-03-03,38.8
R1170,PRJ260,2024-03-10,43.1
R1170,PRJ260,2024-03-17,31.4
R1170,PRJ260,2024-03-24,38.8
R1170,PRJ260,2024-03-31,34.6
R1170,PRJ260,2024-04-07,34.3
R1170,PRJ260,2024-04-14,37.0
R1170,PRJ260,2024-04-21,36.2
R1170,PRJ301,2024-03-10,29.9
R1170,PRJ301,2024-03-17,39.9
R1170,PRJ301,2024-03-24,34.0
R1170,PRJ301,2024-03-31,34.1
R1170,PRJ301,2024-04-14,30.9
R1170,PRJ301,2024-04-21,38.7
R1171,PRJ044,2024-03-03,22.8
R1171,PRJ044,2024-03-10,20.0
R1171,PRJ044,2024-03-17,18.9
R1171,PRJ044,2024-03-24,22.1
R1171,PRJ044,2024-03-31,24.3
R1171,PRJ044,2024-04-07,20.2
R1171,PRJ044,2024-04-14,25.5
R1171,PRJ044,2024-04-21,19.4
R1171,PRJ044,2024-04-28,22.2
R1172,PRJ103,2024-03-03,33.1
R1172,PRJ103,2024-03-10,38.6
R1172,PRJ103,2024-03-17,36.4
R1172,PRJ103,2024-03-24,35.2
R1172,PRJ103,2024-03-31,30.5
R1172,PRJ103,2024-04-07,33.8
R1172,PRJ103,2024-04-14,28.8
R1172,PRJ103,2024-04-21,32.8
R1172,PRJ103,2024-04-28,24.5
R1172,PRJ243,2024-03-03,18.5
R1172,PRJ243,2024-03-10,14.4
R1172,PRJ243,2024-03-17,20.4
R1172,PRJ243,2024-03-24,19.7
R1172,PRJ243,2024-03-31,21.6
R1172,PRJ243,2024-04-07,14.7
R1172,PRJ243,2024-04-14,22.9
R1172,PRJ243,2024-04-21,17.6
R1172,PRJ243,2024-04-28,27.7
R1172,PRJ553,2024-03-10,2.4
R1172,PRJ553,2024-03-17,2.4
R1172,PRJ553,2024-03-24,2.1
R1172,PRJ553,2024-03-31,2.3
R1172,PRJ553,2024-04-07,2.3
R1172,PRJ553,2024-04-14,2.2
R1172,PRJ553,2024-04-21,1.9
R1173,PRJ269,2024-03-03,13.7
R1173,PRJ269,2024-03-10,15.8
R1173,PRJ269,2024-03-17,15.4
R1173,PRJ269,2024-03-24,16.7
R1173,PRJ269,2024-03-31,14.1
R1173,PRJ269,2024-04-07,19.1
R1173,PRJ269,2024-04-14,16.8
R1173,PRJ269,2024-04-21,19.4
R1173,PRJ269,2024-04-28,17.9
R1174,PRJ332,2024-03-10,29.1
R1174,PRJ332,2024-03-17,18.0
R1174,PRJ332,2024-03-24,30.6
R1174,PRJ332,2024-03-31,30.5
R1174,PRJ332,2024-04-07,33.8
R1174,PRJ332,2024-04-14,28.7
R1174,PRJ332,2024-04-21,16.2
R1174,PRJ332,2024-04-28,28.4
R1174,PRJ349,2024-03-03,32.6
R1174,PRJ349,2024-03-10,30.0
R1174,PRJ349,2024-03-17,27.8
R1174,PRJ349,2024-03-24,33.4
R1174,PRJ349,2024-03-31,21.4
R1174,PRJ349,2024-04-07,29.9
R1174,PRJ349,2024-04-14,28.1
R1174,PRJ349,2024-04-21,25.3
R1174,PRJ349,2024-04-28,30.9
R1175,PRJ317,2024-03-03,20.2
R1175,PRJ317,2024-03-10,14.4
R1175,PRJ317,2024-03-17,17.9
R1175,PRJ317,2024-03-24,17.5
R1175,PRJ317,2024-03-31,13.6
R1175,PRJ317,2024-04-14,21.3
R1175,PRJ317,2024-04-21,17.2
R1175,PRJ317,2024-04-28,17.0
R1176,PRJ112,2024-03-03,19.2
R1176,PRJ112,2024-03-10,20.3
R1176,PRJ112,2024-03-17,21.9
R1176,PRJ112,2024-03-24,22.0
R1176,PRJ112,2024-03-31,17.2
R1176,PRJ112,2024-04-07,17.6
R1176,PRJ112,2024-04-14,18.9
R1176,PRJ112,2024-04-21,23.6
R1176,PRJ112,2024-04-28,23.8
R1176,PRJ611,2024-03-03,3.8
R1176,PRJ611,2024-03-10,4.7
R1176,PRJ611,2024-03-17,4.6
R1176,PRJ611,2024-03-24,4.3
R1176,PRJ611,2024-03-31,4.7
R1176,PRJ611,2024-04-07,4.9
R1176,PRJ611,2024-04-14,1.7
R1176,PRJ611,2024-04-21,1.5
R1176,PRJ611,2024-04-28,1.7
R1177,PRJ013,2024-03-03,30.1
R1177,PRJ013,2024-03-10,31.0
R1177,PRJ013,2024-03-17,36.2
R1177,PRJ013,2024-03-24,31.7
R1177,PRJ013,2024-03-31,30.1
R1177,PRJ013,2024-04-07,24.0
R1177,PRJ013,2024-04-14,37.6
R1177,PRJ013,2024-04-21,27.6
R1177,PRJ013,2024-04-28,26.2
R1178,PRJ393,2024-03-03,26.3
R1178,PRJ393,2024-03-10,23.8
R1178,PRJ393,2024-03-17,28.5
R1178,PRJ393,2024-03-24,25.0
R1178,PRJ393,2024-03-31,27.2
R1178,PRJ393,2024-04-07,28.4
R1178,PRJ393,2024-04-14,31.6
R1178,PRJ393,2024-04-21,36.2
R1178,PRJ393,2024-04-28,14.9
R1179,PRJ089,2024-03-03,23.3
R1179,PRJ089,2024-03-10,26.0
R1179,PRJ089,2024-03-17,20.7
R1179,PRJ089,2024-03-24,27.8
R1179,PRJ089,2024-03-31,26.3
R1179,PRJ089,2024-04-07,19.1
R1179,PRJ089,2024-04-14,26.5
R1179,PRJ089,2024-04-21,22.4
R1179,PRJ089,2024-04-28,24.5
R1180,PRJ282,2024-03-03,31.5
R1180,PRJ282,2024-03-10,19.6
R1181,PRJ436,2024-03-03,24.2
R1181,PRJ436,2024-03-10,18.8
R1181,PRJ436,2024-03-17,18.3
R1181,PRJ436,2024-03-24,19.9
R1181,PRJ436,2024-03-31,18.0
R1181,PRJ436,2024-04-07,28.6
R1181,PRJ436,2024-04-14,28.6
R1181,PRJ436,2024-04-21,16.6
R1181,PRJ436,2024-04-28,17.7
R1182,PRJ258,2024-03-03,23.2
R1182,PRJ258,2024-03-10,28.2
R1182,PRJ258,2024-03-17,32.6
R1182,PRJ258,2024-03-24,33.1
R1182,PRJ258,2024-03-31,33.7
R1182,PRJ258,2024-04-21,37.0
R1182,PRJ258,2024-04-28,39.9
R1183,PRJ124,2024-03-03,36.4
R1183,PRJ124,2024-03-10,33.6
R1183,PRJ124,2024-03-17,28.9
R1183,PRJ124,2024-03-24,34.1
R1183,PRJ124,2024-03-31,36.2
R1183,PRJ124,2024-04-07,31.9
R1183,PRJ124,2024-04-14,37.3
R1183,PRJ124,2024-04-21,35.2
R1183,PRJ124,2024-04-28,29.7
R1183,PRJ443,2024-03-17,29.3
R1183,PRJ443,2024-03-24,37.9
R1183,PRJ443,2024-03-31,23.2
R1183,PRJ443,2024-04-07,23.9
R1183,PRJ443,2024-04-14,30.1
R1183,PRJ443,2024-04-21,46.8
R1183,PRJ443,2024-04-28,37.9
R1184,PRJ284,2024-03-03,23.8
R1184,PRJ284,2024-03-10,27.9
R1184,PRJ284,2024-03-17,23.5
R1184,PRJ284,2024-03-24,26.4
R1184,PRJ284,2024-03-31,24.3
R1184,PRJ284,2024-04-07,27.7
R1184,PRJ284,2024-04-14,25.4
R1184,PRJ284,2024-04-21,23.9
R1184,PRJ284,2024-04-28,26.4
R1184,PRJ607,2024-03-03,6.7
R1184,PRJ607,2024-03-17,9.2
R1184,PRJ607,2024-03-24,7.3
R1184,PRJ607,2024-03-31,6.0
R1184,PRJ607,2024-04-07,6.2
R1184,PRJ607,2024-04-14,9.0
R1184,PRJ607,2024-04-21,7.4
R1184,PRJ607,2024-04-28,7.1
R1185,PRJ025,2024-03-03,24.3
R1185,PRJ025,2024-03-10,14.0
R1185,PRJ025,2024-03-17,23.4
R1185,PRJ025,2024-03-24,22.6
R1185,PRJ025,2024-03-31,22.3
R1185,PRJ025,2024-04-07,23.1
R1185,PRJ025,2024-04-14,19.6
R1185,PRJ258,2024-03-03,22.8
R1185,PRJ258,2024-03-10,30.1
R1185,PRJ258,2024-03-17,26.6
R1185,PRJ258,2024-03-24,26.2
R1185,PRJ258,2024-03-31,17.6
R1185,PRJ258,2024-04-07,21.7
R1185,PRJ258,2024-04-14,23.6
R1185,PRJ258,2024-04-21,20.6
R1185,PRJ258,2024-04-28,18.0
R1186,PRJ026,2024-03-10,19.8
R1186,PRJ026,2024-03-17,28.6
R1186,PRJ026,2024-03-24,23.3
R1186,PRJ026,2024-03-31,24.6
R1186,PRJ026,2024-04-07,21.3
R1186,PRJ026,2024-04-14,24.3
R1186,PRJ034,2024-03-03,14.5
R1186,PRJ034,2024-03-10,17.0
R1186,PRJ034,2024-03-24,18.2
R1186,PRJ034,2024-03-31,21.1
R1186,PRJ034,2024-04-07,19.2
R1186,PRJ034,2024-04-14,17.5
R1186,PRJ034,2024-04-21,16.2
R1187,PRJ116,2024-03-03,19.7
R1187,PRJ116,2024-03-10,14.1
R1187,PRJ116,2024-03-17,11.2
R1187,PRJ116,2024-03-24,12.6
R1187,PRJ116,2024-03-31,14.9
R1187,PRJ116,2024-04-07,20.8
R1187,PRJ116,2024-04-14,13.6
R1187,PRJ116,2024-04-21,19.7
R1187,PRJ116,2024-04-28,28.2
R1188,PRJ113,2024-03-10,29.6
R1188,PRJ113,2024-03-17,34.5
R1188,PRJ113,2024-03-24,23.1
R1188,PRJ113,2024-03-31,31.1
R1188,PRJ113,2024-04-07,24.1
R1188,PRJ113,2024-04-14,30.3
R1188,PRJ113,2024-04-21,29.8
R1188,PRJ552,2024-03-03,1.8
R1188,PRJ552,2024-03-10,1.7
R1188,PRJ552,2024-03-17,2.4
R1188,PRJ552,2024-03-24,1.5
R1188,PRJ552,2024-04-07,2.1
R1188,PRJ552,2024-04-14,2.1
R1188,PRJ552,2024-04-21,1.8
R1189,PRJ069,2024-03-03,28.3
R1189,PRJ069,2024-03-10,37.5
R1189,PRJ069,2024-03-17,21.3
R1189,PRJ069,2024-03-24,29.5
R1189,PRJ069,2024-03-31,29.8
R1189,PRJ069,2024-04-07,28.9
R1189,PRJ069,2024-04-14,31.9
R1189,PRJ069,2024-04-21,31.2
R1189,PRJ069,2024-04-28,31.2
R1190,PRJ378,2024-03-17,19.3
R1190,PRJ378,2024-03-24,19.6
R1190,PRJ378,2024-03-31,18.9
R1190,PRJ378,2024-04-07,22.6
R1190,PRJ401,2024-03-03,16.4
R1190,PRJ401,2024-03-10,15.3
R1190,PRJ401,2024-03-17,15.9
R1190,PRJ401,2024-03-24,19.2
R1190,PRJ401,2024-03-31,19.2
R1190,PRJ401,2024-04-07,16.9
R1190,PRJ401,2024-04-14,18.9
R1190,PRJ401,2024-04-21,15.5
R1191,PRJ389,2024-03-03,23.5
R1191,PRJ389,2024-03-10,23.9
R1191,PRJ389,2024-03-17,25.3
R1191,PRJ389,2024-03-24,20.8
R1191,PRJ389,2024-03-31,26.3
R1191,PRJ389,2024-04-07,23.8
R1191,PRJ389,2024-04-14,27.0
R1191,PRJ389,2024-04-21,27.0
R1191,PRJ389,2024-04-28,21.7
R1192,PRJ180,2024-03-03,15.6
R1192,PRJ180,2024-03-10,15.5
R1193,PRJ335,2024-03-03,26.8
R1193,PRJ335,2024-03-10,32.1
R1193,PRJ335,2024-03-17,24.4
R1193,PRJ335,2024-03-24,25.8
R1193,PRJ335,2024-03-31,28.8
R1193,PRJ335,2024-04-07,27.2
R1193,PRJ335,2024-04-14,37.1
R1193,PRJ335,2024-04-21,34.9
R1193,PRJ335,2024-04-28,31.4
R1194,PRJ232,2024-03-03,22.3
R1194,PRJ232,2024-03-10,25.5
R1194,PRJ232,2024-03-17,18.1
R1194,PRJ232,2024-03-24,18.4
R1194,PRJ232,2024-03-31,18.8
R1194,PRJ232,2024-04-07,21.0
R1194,PRJ232,2024-04-14,27.1
R1194,PRJ232,2024-04-21,33.1
R1194,PRJ232,2024-04-28,25.7
R1195,PRJ270,2024-03-17,24.6
R1195,PRJ270,2024-03-24,36.6
R1195,PRJ270,2024-03-31,19.7
R1195,PRJ270,2024-04-07,23.6
R1196,PRJ337,2024-03-03,37.9
R1196,PRJ337,2024-03-10,34.4
R1196,PRJ337,2024-03-17,33.1
R1196,PRJ337,2024-03-24,29.6
R1196,PRJ337,2024-03-31,29.4
R1196,PRJ337,2024-04-07,38.2
R1196,PRJ337,2024-04-14,35.1
R1196,PRJ337,2024-04-28,41.3
R1196,PRJ539,2024-03-03,8.3
R1196,PRJ539,2024-03-10,6.9
R1196,PRJ539,2024-03-17,8.9
R1196,PRJ539,2024-03-24,9.4
R1196,PRJ539,2024-03-31,6.8
R1196,PRJ539,2024-04-14,7.7
R1196,PRJ539,2024-04-21,7.3
R1196,PRJ539,2024-04-28,8.6
R1197,PRJ054,2024-03-03,30.0
R1197,PRJ054,2024-03-10,30.2
R1197,PRJ054,2024-03-24,24.5
R1197,PRJ054,2024-03-31,28.2
R1197,PRJ054,2024-04-07,41.0
R1197,PRJ054,2024-04-14,38.3
R1197,PRJ054,2024-04-21,39.7
R1197,PRJ025,2024-03-03,24.3
R1197,PRJ025,2024-03-10,20.7
R1197,PRJ025,2024-03-17,21.4
R1197,PRJ025,2024-03-24,25.0
R1197,PRJ025,2024-03-31,19.8
R1197,PRJ025,2024-04-07,20.8
R1197,PRJ025,2024-04-14,29.2
R1197,PRJ025,2024-04-21,24.6
R1197,PRJ025,2024-04-28,28.3
R1198,PRJ258,2024-03-17,28.4
R1198,PRJ258,2024-03-24,29.5
R1198,PRJ258,2024-03-31,39.5
R1198,PRJ258,2024-04-07,30.3
R1198,PRJ258,2024-04-21,27.2
R1198,PRJ258,2024-04-28,26.9
R1198,PRJ238,2024-03-03,12.8
R1198,PRJ238,2024-03-10,30.4
R1198,PRJ238,2024-03-17,21.2
R1198,PRJ238,2024-03-24,18.7
R1198,PRJ238,2024-03-31,29.0
R1198,PRJ238,2024-04-07,27.5
R1198,PRJ238,2024-04-14,21.6
R1198,PRJ238,2024-04-21,27.9
R1198,PRJ238,2024-04-28,17.9
R1199,PRJ414,2024-03-03,26.1
R1199,PRJ414,2024-03-10,28.7
R1199,PRJ414,2024-03-17,23.7
R1199,PRJ414,2024-03-24,22.5
R1199,PRJ414,2024-03-31,26.7
R1199,PRJ414,2024-04-07,27.2
R1199,PRJ414,2024-04-14,33.0
R1199,PRJ414,2024-04-21,25.3
R1199,PRJ414,2024-04-28,26.3
R1199,PRJ440,2024-03-03,21.9
R1199,PRJ440,2024-03-10,19.1
R1199,PRJ440,2024-03-17,17.3
R1199,PRJ440,2024-03-24,19.6
R1199,PRJ440,2024-03-31,27.9
R1199,PRJ440,2024-04-07,18.4
R1199,PRJ440,2024-04-14,18.7
R1199,PRJ440,2024-04-21,25.6
R1199,PRJ440,2024-04-28,24.1
R1200,PRJ179,2024-03-17,24.9
R1200,PRJ179,2024-03-24,29.4
R1200,PRJ179,2024-03-31,24.7
R1200,PRJ179,2024-04-07,31.6
R1200,PRJ179,2024-04-14,26.0
R1200,PRJ179,2024-04-21,21.0
R1200,PRJ179,2024-04-28,27.5
R1200,PRJ324,2024-03-03,23.6
R1200,PRJ324,2024-03-10,22.1
R1200,PRJ324,2024-03-17,25.1
R1200,PRJ324,2024-03-31,20.5
R1200,PRJ324,2024-04-07,19.0
R1200,PRJ324,2024-04-14,27.6
R1200,PRJ324,2024-04-21,24.7
R1200,PRJ324,2024-04-28,24.7
R1200,PRJ611,2024-03-03,5.2
R1200,PRJ611,2024-03-10,4.5
R1200,PRJ611,2024-03-17,5.5
R1200,PRJ611,2024-03-24,4.9
R1200,PRJ611,2024-03-31,4.6
R1200,PRJ611,2024-04-07,5.0
R1201,PRJ436,2024-03-03,40.2
R1201,PRJ436,2024-03-10,33.4
R1201,PRJ436,2024-03-17,45.8
R1201,PRJ436,2024-03-31,32.1
R1201,PRJ436,2024-04-07,27.0
R1201,PRJ436,2024-04-14,34.2
R1201,PRJ436,2024-04-21,45.7
R1201,PRJ237,2024-03-03,20.8
R1201,PRJ237,2024-03-10,12.0
R1201,PRJ237,2024-03-17,13.5
R1201,PRJ237,2024-03-24,17.2
R1201,PRJ237,2024-03-31,18.4
R1201,PRJ237,2024-04-07,14.9
R1201,PRJ237,2024-04-14,13.4
R1201,PRJ237,2024-04-28,15.5
R1202,PRJ013,2024-03-03,35.4
R1202,PRJ013,2024-03-10,42.9
R1202,PRJ013,2024-03-17,34.1
R1202,PRJ013,2024-03-24,31.3
R1202,PRJ013,2024-03-31,41.1
R1202,PRJ013,2024-04-07,31.7
R1202,PRJ013,2024-04-14,39.0
R1202,PRJ013,2024-04-21,43.1
R1202,PRJ013,2024-04-28,36.3
R1202,PRJ017,2024-03-03,15.5
R1202,PRJ017,2024-03-10,16.7
R1202,PRJ017,2024-03-17,21.4
R1202,PRJ017,2024-03-24,16.8
R1202,PRJ017,2024-03-31,18.4
R1202,PRJ017,2024-04-07,16.0
R1202,PRJ017,2024-04-14,11.1
R1202,PRJ017,2024-04-21,13.1
R1202,PRJ017,2024-04-28,19.2
R1203,PRJ250,2024-03-03,24.8
R1203,PRJ250,2024-03-17,23.8
R1204,PRJ230,2024-03-03,22.9
R1204,PRJ230,2024-03-10,31.3
R1204,PRJ230,2024-03-17,21.2
R1204,PRJ230,2024-03-24,34.2
R1204,PRJ230,2024-03-31,26.8
R1204,PRJ230,2024-04-07,27.5
R1204,PRJ230,2024-04-14,26.1
R1204,PRJ230,2024-04-21,29.6
R1204,PRJ230,2024-04-28,25.6
R1204,PRJ643,2024-03-03,3.8
R1204,PRJ643,2024-03-10,4.1
R1204,PRJ643,2024-03-17,4.8
R1204,PRJ643,2024-03-24,4.9
R1204,PRJ643,2024-03-31,3.4
R1204,PRJ643,2024-04-14,4.2
R1204,PRJ643,2024-04-21,4.1
R1204,PRJ643,2024-04-28,5.0
R1205,PRJ364,2024-03-03,33.8
R1205,PRJ364,2024-03-10,30.1
R1205,PRJ364,2024-03-17,37.4
R1205,PRJ364,2024-03-24,28.2
R1205,PRJ364,2024-03-31,32.7
R1205,PRJ364,2024-04-07,35.1
R1205,PRJ364,2024-04-14,39.5
R1205,PRJ364,2024-04-21,35.6
R1205,PRJ364,2024-04-28,32.4
R1206,PRJ152,2024-03-03,18.2
R1206,PRJ152,2024-03-10,16.7
R1206,PRJ152,2024-03-17,19.2
R1206,PRJ152,2024-03-24,19.4
R1206,PRJ152,2024-03-31,16.2
R1206,PRJ152,2024-04-07,22.4
R1206,PRJ152,2024-04-14,15.0
R1206,PRJ152,2024-04-28,32.6
R1206,PRJ096,2024-03-24,30.0
R1206,PRJ096,2024-03-31,37.2
R1206,PRJ096,2024-04-07,37.0
R1206,PRJ096,2024-04-14,36.0
R1206,PRJ096,2024-04-21,39.3
R1206,PRJ096,2024-04-28,37.8
R1207,PRJ235,2024-03-17,32.4
R1207,PRJ235,2024-03-24,26.7
R1207,PRJ235,2024-03-31,29.7
R1207,PRJ235,2024-04-07,26.2
R1207,PRJ235,2024-04-14,32.5
R1208,PRJ036,2024-03-24,29.1
R1208,PRJ036,2024-03-31,25.6
R1208,PRJ036,2024-04-14,25.6
R1208,PRJ499,2024-03-17,3.4
R1208,PRJ499,2024-03-24,3.5
R1208,PRJ499,2024-03-31,2.9
R1208,PRJ499,2024-04-07,4.1
R1209,PRJ443,2024-03-10,18.9
R1209,PRJ443,2024-03-17,21.5
R1209,PRJ443,2024-03-24,19.9
R1209,PRJ443,2024-03-31,21.9
R1209,PRJ443,2024-04-07,18.7
R1209,PRJ443,2024-04-14,21.7
R1209,PRJ443,2024-04-21,25.4
R1209,PRJ443,2024-04-28,23.2
R1209,PRJ404,2024-03-03,36.2
R1209,PRJ404,2024-03-10,37.5
R1209,PRJ404,2024-03-17,31.3
R1209,PRJ404,2024-03-31,34.2
R1209,PRJ404,2024-04-07,36.0
R1209,PRJ404,2024-04-14,38.1
R1210,PRJ272,2024-03-03,37.9
R1210,PRJ272,2024-03-10,31.0
R1210,PRJ272,2024-03-17,36.8
R1210,PRJ272,2024-03-24,27.2
R1210,PRJ272,2024-03-31,36.4
R1210,PRJ272,2024-04-07,32.7
R1210,PRJ272,2024-04-14,38.8
R1210,PRJ272,2024-04-21,34.0
R1210,PRJ272,2024-04-28,35.5
R1210,PRJ103,2024-03-03,17.4
R1210,PRJ103,2024-03-10,17.9
R1210,PRJ103,2024-03-17,22.9
R1210,PRJ103,2024-03-24,17.5
R1210,PRJ103,2024-03-31,19.4
R1210,PRJ103,2024-04-14,16.4
R1210,PRJ103,2024-04-21,15.1
R1210,PRJ103,2024-04-28,17.3
R1211,PRJ206,2024-03-03,32.6
R1211,PRJ206,2024-03-10,23.0
R1211,PRJ206,2024-03-17,24.3
R1211,PRJ206,2024-03-24,18.5
R1211,PRJ206,2024-03-31,22.4
R1211,PRJ206,2024-04-07,18.7
R1211,PRJ206,2024-04-14,21.3
R1211,PRJ206,2024-04-21,16.7
R1211,PRJ206,2024-04-28,14.6
R1211,PRJ056,2024-03-03,27.0
R1211,PRJ056,2024-03-10,25.9
R1211,PRJ056,2024-03-17,18.9
R1211,PRJ056,2024-03-24,21.0
R1211,PRJ056,2024-03-31,22.9
R1211,PRJ056,2024-04-07,26.3
R1211,PRJ056,2024-04-14,26.6
R1211,PRJ056,2024-04-21,23.2
R1211,PRJ056,2024-04-28,19.4
R1212,PRJ226,2024-03-03,26.7
R1212,PRJ226,2024-03-17,27.8
R1212,PRJ226,2024-03-24,24.0
R1212,PRJ226,2024-03-31,24.1
R1212,PRJ226,2024-04-07,27.0
R1212,PRJ226,2024-04-14,25.6
R1212,PRJ226,2024-04-21,29.6
R1212,PRJ226,2024-04-28,25.9
R1212,PRJ283,2024-03-10,17.6
R1212,PRJ283,2024-03-17,15.8
R1212,PRJ283,2024-03-24,15.8
R1212,PRJ283,2024-03-31,18.5
R1212,PRJ283,2024-04-07,18.8
R1212,PRJ608,2024-03-03,2.6
R1212,PRJ608,2024-03-10,3.2
R1212,PRJ608,2024-03-17,3.4
R1212,PRJ608,2024-03-31,2.8
R1212,PRJ608,2024-04-07,3.4
R1212,PRJ608,2024-04-14,2.4
R1212,PRJ608,2024-04-21,2.9
R1212,PRJ608,2024-04-28,2.8
R1213,PRJ333,2024-03-03,18.9
R1213,PRJ333,2024-03-10,19.1
R1213,PRJ333,2024-03-17,18.2
R1213,PRJ333,2024-03-24,21.6
R1213,PRJ333,2024-03-31,14.3
R1213,PRJ333,2024-04-07,16.6
R1213,PRJ333,2024-04-14,26.5
R1213,PRJ333,2024-04-21,31.7
R1213,PRJ333,2024-04-28,24.9
R1214,PRJ100,2024-03-03,17.0
R1214,PRJ100,2024-03-10,14.2
R1214,PRJ100,2024-03-17,16.7
R1214,PRJ100,2024-03-24,14.4
R1214,PRJ100,2024-03-31,18.0
R1214,PRJ100,2024-04-14,34.7
R1214,PRJ100,2024-04-21,23.5
R1214,PRJ100,2024-04-28,33.4
R1215,PRJ417,2024-03-03,16.1
R1215,PRJ417,2024-03-10,17.6
R1215,PRJ417,2024-03-17,23.5
R1216,PRJ009,2024-03-03,34.7
R1216,PRJ009,2024-03-10,22.0
R1216,PRJ009,2024-03-17,24.9
R1216,PRJ009,2024-03-31,19.5
R1216,PRJ009,2024-04-07,20.0
R1216,PRJ009,2024-04-14,23.5
R1216,PRJ009,2024-04-21,20.7
R1216,PRJ009,2024-04-28,23.5
R1216,PRJ090,2024-03-03,21.4
R1216,PRJ090,2024-03-10,19.1
R1216,PRJ090,2024-03-17,22.4
R1216,PRJ090,2024-03-24,20.8
R1216,PRJ090,2024-03-31,24.3
R1216,PRJ090,2024-04-07,18.5
R1216,PRJ090,2024-04-21,20.1
R1216,PRJ090,2024-04-28,19.4
R1216,PRJ540,2024-03-03,6.7
R1216,PRJ540,2024-03-10,4.0
R1216,PRJ540,2024-03-17,5.4
R1216,PRJ540,2024-03-24,5.1
R1216,PRJ540,2024-03-31,5.7
R1216,PRJ540,2024-04-07,4.2
R1216,PRJ540,2024-04-14,5.7
R1216,PRJ540,2024-04-21,4.2
R1216,PRJ540,2024-04-28,6.1
R1217,PRJ105,2024-03-03,12.1
R1217,PRJ105,2024-03-10,16.7
R1217,PRJ105,2024-03-17,17.5
R1217,PRJ105,2024-03-24,16.2
R1217,PRJ105,2024-03-31,15.3
R1217,PRJ105,2024-04-07,14.1
R1217,PRJ105,2024-04-14,19.6
R1217,PRJ105,2024-04-21,10.6
R1217,PRJ105,2024-04-28,14.1
R1218,PRJ442,2024-03-03,26.5
R1218,PRJ442,2024-03-10,26.0
R1218,PRJ442,2024-03-17,30.5
R1218,PRJ442,2024-03-24,28.4
R1218,PRJ442,2024-03-31,22.6
R1218,PRJ442,2024-04-07,31.0
R1218,PRJ433,2024-03-03,31.8
R1218,PRJ433,2024-03-10,28.4
R1218,PRJ433,2024-03-17,40.0
R1218,PRJ433,2024-03-24,38.8
R1218,PRJ433,2024-03-31,26.3
R1218,PRJ433,2024-04-07,40.7
R1218,PRJ433,2024-04-14,40.0
R1219,PRJ148,2024-03-03,38.0
R1219,PRJ148,2024-03-10,38.9
R1219,PRJ148,2024-03-17,30.6
R1219,PRJ148,2024-03-24,27.6
R1219,PRJ148,2024-03-31,33.4
R1219,PRJ148,2024-04-07,32.1
R1219,PRJ148,2024-04-14,26.4
R1219,PRJ148,2024-04-21,26.0
R1219,PRJ148,2024-04-28,33.9
R1220,PRJ147,2024-03-03,18.8
R1220,PRJ147,2024-03-10,27.7
R1220,PRJ147,2024-03-17,28.3
R1220,PRJ147,2024-03-24,38.1
R1220,PRJ147,2024-03-31,37.3
R1220,PRJ147,2024-04-07,44.2
R1220,PRJ147,2024-04-14,30.6
R1220,PRJ147,2024-04-21,38.9
R1220,PRJ147,2024-04-28,41.0
R1220,PRJ441,2024-03-10,26.9
R1220,PRJ441,2024-03-17,22.1
R1220,PRJ441,2024-03-24,30.2
R1220,PRJ441,2024-03-31,31.2
R1220,PRJ441,2024-04-07,20.9
R1220,PRJ441,2024-04-14,28.4
R1220,PRJ642,2024-03-17,5.4
R1220,PRJ642,2024-03-24,5.3
R1220,PRJ642,2024-03-31,5.7
R1220,PRJ642,2024-04-07,3.9
R1220,PRJ642,2024-04-14,4.8
R1220,PRJ642,2024-04-21,5.2
R1221,PRJ150,2024-03-03,29.5
R1221,PRJ150,2024-03-10,24.7
R1221,PRJ150,2024-03-17,36.7
R1221,PRJ150,2024-03-24,31.0
R1221,PRJ150,2024-03-31,31.3
R1221,PRJ150,2024-04-07,34.5
R1221,PRJ150,2024-04-14,32.1
R1221,PRJ150,2024-04-21,33.2
R1221,PRJ150,2024-04-28,33.5
R1221,PRJ100,2024-03-03,40.0
R1221,PRJ100,2024-03-10,37.0
R1221,PRJ100,2024-03-17,29.4
R1221,PRJ100,2024-03-24,29.3
R1221,PRJ100,2024-03-31,31.6
R1221,PRJ100,2024-04-07,36.7
R1221,PRJ100,2024-04-14,29.8
R1221,PRJ100,2024-04-21,29.8
R1221,PRJ100,2024-04-28,36.3
R1222,PRJ445,2024-03-03,14.7
R1222,PRJ445,2024-03-10,19.5
R1222,PRJ445,2024-03-17,14.8
R1222,PRJ445,2024-03-24,17.7
R1222,PRJ445,2024-03-31,15.7
R1222,PRJ445,2024-04-07,13.3
R1222,PRJ445,2024-04-14,14.8
R1222,PRJ445,2024-04-21,23.8
R1222,PRJ445,2024-04-28,22.2
R1222,PRJ193,2024-03-10,38.3
R1222,PRJ193,2024-03-17,27.9
R1222,PRJ193,2024-03-24,30.1
R1222,PRJ193,2024-03-31,34.0
R1222,PRJ193,2024-04-07,40.6
R1222,PRJ193,2024-04-14,34.6
R1222,PRJ193,2024-04-21,27.4
R1222,PRJ193,2024-04-28,29.3
R1223,PRJ034,2024-03-03,39.2
R1223,PRJ034,2024-03-10,40.3
R1223,PRJ034,2024-03-17,36.4
R1223,PRJ034,2024-03-24,42.0
R1223,PRJ034,2024-03-31,37.1
R1223,PRJ034,2024-04-07,31.6
R1223,PRJ034,2024-04-14,37.5
R1223,PRJ034,2024-04-21,44.4
R1224,PRJ173,2024-03-03,26.8
R1224,PRJ173,2024-03-10,26.4
R1224,PRJ173,2024-03-17,24.1
R1224,PRJ173,2024-04-07,27.7
R1224,PRJ173,2024-04-14,27.9
R1224,PRJ173,2024-04-21,31.0
R1224,PRJ173,2024-04-28,30.1
R1224,PRJ426,2024-03-10,25.6
R1224,PRJ426,2024-03-17,32.5
R1224,PRJ426,2024-03-24,25.9
R1224,PRJ426,2024-03-31,26.5
R1224,PRJ426,2024-04-07,30.5
R1224,PRJ426,2024-04-14,29.2
R1224,PRJ426,2024-04-21,29.8
R1224,PRJ426,2024-04-28,24.6
R1224,PRJ564,2024-03-03,3.8
R1224,PRJ564,2024-03-10,3.4
R1224,PRJ564,2024-03-17,3.3
R1224,PRJ564,2024-03-24,3.3
R1224,PRJ564,2024-03-31,3.1
R1224,PRJ564,2024-04-07,3.6
R1224,PRJ564,2024-04-14,3.3
R1224,PRJ564,2024-04-21,2.8
R1224,PRJ564,2024-04-28,2.9
R1225,PRJ139,2024-03-03,18.8
R1225,PRJ139,2024-03-10,27.9
R1225,PRJ139,2024-03-17,22.7
R1225,PRJ139,2024-03-24,28.4
R1225,PRJ139,2024-03-31,23.6
R1225,PRJ139,2024-04-07,21.9
R1225,PRJ139,2024-04-21,23.5
R1225,PRJ139,2024-04-28,27.7
R1225,PRJ184,2024-03-17,14.8
R1225,PRJ184,2024-03-24,20.4
R1225,PRJ184,2024-03-31,16.8
R1225,PRJ184,2024-04-07,22.0
R1225,PRJ184,2024-04-14,29.9
R1226,PRJ391,2024-03-03,38.3
R1226,PRJ391,2024-03-10,35.4
R1226,PRJ391,2024-03-17,22.5
R1226,PRJ391,2024-03-24,30.0
R1226,PRJ391,2024-03-31,33.3
R1226,PRJ391,2024-04-07,29.5
R1226,PRJ391,2024-04-14,29.6
R1226,PRJ391,2024-04-21,46.3
R1226,PRJ391,2024-04-28,27.3
R1226,PRJ006,2024-03-17,22.6
R1226,PRJ006,2024-03-24,23.9
R1226,PRJ006,2024-03-31,24.3
R1226,PRJ006,2024-04-07,22.0
R1227,PRJ065,2024-03-03,18.8
R1227,PRJ065,2024-03-17,25.1
R1228,PRJ028,2024-03-03,18.4
R1228,PRJ028,2024-03-10,16.0
R1228,PRJ028,2024-03-17,18.5
R1228,PRJ028,2024-03-24,13.7
R1228,PRJ028,2024-03-31,18.7
R1228,PRJ028,2024-04-14,19.4
R1228,PRJ028,2024-04-21,19.5
R1228,PRJ028,2024-04-28,17.8
R1228,PRJ058,2024-03-03,20.0
R1228,PRJ058,2024-03-10,32.3
R1228,PRJ058,2024-03-17,29.1
R1228,PRJ058,2024-03-24,33.5
R1228,PRJ058,2024-03-31,25.0
R1228,PRJ058,2024-04-07,22.2
R1228,PRJ058,2024-04-14,33.4
R1228,PRJ058,2024-04-21,32.2
R1228,PRJ058,2024-04-28,28.1
R1228,PRJ608,2024-03-17,1.4
R1228,PRJ608,2024-03-24,2.1
R1228,PRJ608,2024-03-31,2.0
R1228,PRJ608,2024-04-07,1.8
R1228,PRJ608,2024-04-14,2.2
R1228,PRJ608,2024-04-21,2.5
R1228,PRJ608,2024-04-28,2.0
R1229,PRJ398,2024-03-03,26.8
R1229,PRJ398,2024-03-10,22.3
R1229,PRJ398,2024-03-24,25.3
R1229,PRJ398,2024-03-31,22.6
R1229,PRJ398,2024-04-07,22.1
R1229,PRJ398,2024-04-14,29.3
R1229,PRJ398,2024-04-21,23.7
R1229,PRJ398,2024-04-28,31.5
R1230,PRJ324,2024-03-10,32.0
R1230,PRJ324,2024-03-17,28.5
R1230,PRJ324,2024-03-24,21.0
R1230,PRJ324,2024-03-31,35.4
R1230,PRJ324,2024-04-07,33.5
R1230,PRJ324,2024-04-14,33.1
R1230,PRJ324,2024-04-21,32.3
R1230,PRJ324,2024-04-28,29.6
R1231,PRJ007,2024-03-03,29.0
R1231,PRJ007,2024-03-10,22.5
R1231,PRJ007,2024-03-17,27.7
R1231,PRJ007,2024-03-24,33.0
R1231,PRJ007,2024-03-31,36.4
R1231,PRJ007,2024-04-07,29.5
R1231,PRJ007,2024-04-21,44.7
R1231,PRJ007,2024-04-28,24.9
R1232,PRJ319,2024-03-03,27.1
R1232,PRJ319,2024-03-10,26.1
R1232,PRJ319,2024-03-17,37.5
R1232,PRJ319,2024-03-24,26.2
R1232,PRJ319,2024-03-31,30.4
R1232,PRJ319,2024-04-07,32.5
R1232,PRJ319,2024-04-21,32.6
R1232,PRJ275,2024-03-10,21.8
R1232,PRJ275,2024-03-17,21.7
R1232,PRJ275,2024-03-24,20.8
R1232,PRJ275,2024-03-31,21.4
R1232,PRJ275,2024-04-07,19.4
R1232,PRJ275,2024-04-14,20.4
R1232,PRJ275,2024-04-21,23.5
R1232,PRJ275,2024-04-28,18.5
R1232,PRJ510,2024-03-03,2.6
R1232,PRJ510,2024-03-10,3.0
R1232,PRJ510,2024-03-17,2.9
R1232,PRJ510,2024-03-24,2.7
R1232,PRJ510,2024-03-31,3.0
R1232,PRJ510,2024-04-07,3.0
R1232,PRJ510,2024-04-14,3.6
R1232,PRJ510,2024-04-21,3.6
R1232,PRJ510,2024-04-28,3.6
R1233,PRJ180,2024-03-10,30.0
R1233,PRJ180,2024-03-17,32.2
R1233,PRJ180,2024-03-24,29.9
R1233,PRJ180,2024-03-31,27.9
R1233,PRJ180,2024-04-07,30.3
R1233,PRJ180,2024-04-14,27.9
R1233,PRJ180,2024-04-21,28.6
R1233,PRJ180,2024-04-28,28.3
R1234,PRJ239,2024-03-03,24.3
R1234,PRJ239,2024-03-10,22.2
R1234,PRJ239,2024-03-17,27.3
R1234,PRJ239,2024-03-24,26.0
R1234,PRJ239,2024-03-31,22.1
R1234,PRJ239,2024-04-07,24.2
R1234,PRJ239,2024-04-14,20.8
R1234,PRJ239,2024-04-21,25.2
R1234,PRJ239,2024-04-28,28.1
R1235,PRJ367,2024-03-03,21.0
R1235,PRJ367,2024-03-10,24.5
R1235,PRJ367,2024-03-17,22.0
R1235,PRJ367,2024-03-24,21.2
R1235,PRJ367,2024-03-31,19.7
R1235,PRJ367,2024-04-07,21.5
R1235,PRJ367,2024-04-14,24.6
R1235,PRJ367,2024-04-21,23.1
R1235,PRJ367,2024-04-28,29.7
R1236,PRJ103,2024-03-03,21.8
R1236,PRJ103,2024-03-10,20.9
R1236,PRJ103,2024-03-17,17.4
R1236,PRJ103,2024-03-24,16.7
R1236,PRJ103,2024-03-31,16.6
R1236,PRJ103,2024-04-07,23.0
R1236,PRJ103,2024-04-14,17.5
R1236,PRJ103,2024-04-21,19.7
R1236,PRJ103,2024-04-28,28.0
R1236,PRJ129,2024-03-03,23.6
R1236,PRJ129,2024-03-10,23.6
R1236,PRJ129,2024-03-17,18.8
R1236,PRJ129,2024-03-24,23.8
R1236,PRJ129,2024-03-31,21.5
R1236,PRJ129,2024-04-07,22.7
R1236,PRJ129,2024-04-14,22.5
R1236,PRJ129,2024-04-21,22.0
R1236,PRJ129,2024-04-28,25.7
R1236,PRJ637,2024-03-03,8.5
R1236,PRJ637,2024-03-10,9.9
R1236,PRJ637,2024-03-17,9.2
R1236,PRJ637,2024-03-24,5.9
R1236,PRJ637,2024-03-31,7.6
R1236,PRJ637,2024-04-14,8.9
R1236,PRJ637,2024-04-21,9.9
R1236,PRJ637,2024-04-28,7.3
R1237,PRJ342,2024-03-03,27.0
R1237,PRJ342,2024-03-10,40.6
R1237,PRJ342,2024-03-17,30.5
R1237,PRJ342,2024-03-24,39.5
R1237,PRJ342,2024-03-31,44.6
R1237,PRJ342,2024-04-07,39.5
R1237,PRJ342,2024-04-14,24.4
R1237,PRJ342,2024-04-21,41.8
R1237,PRJ342,2024-04-28,39.1
R1238,PRJ365,2024-03-03,21.7
R1239,PRJ178,2024-03-17,24.9
R1239,PRJ178,2024-03-24,36.9
R1239,PRJ178,2024-04-07,34.6
R1239,PRJ178,2024-04-14,42.3
R1239,PRJ178,2024-04-21,40.1
R1239,PRJ178,2024-04-28,37.4
R1239,PRJ358,2024-03-17,29.0
R1239,PRJ358,2024-03-24,25.3
R1239,PRJ358,2024-03-31,23.9
R1239,PRJ358,2024-04-07,23.0
R1239,PRJ358,2024-04-14,34.4
R1239,PRJ358,2024-04-21,23.3
R1239,PRJ358,2024-04-28,27.4
R1240,PRJ423,2024-03-03,20.9
R1240,PRJ423,2024-03-10,23.3
R1240,PRJ423,2024-03-17,21.7
R1240,PRJ423,2024-03-24,19.8
R1240,PRJ423,2024-03-31,23.9
R1240,PRJ423,2024-04-07,20.1
R1240,PRJ423,2024-04-14,14.1
R1240,PRJ423,2024-04-21,17.9
R1240,PRJ423,2024-04-28,14.1
R1240,PRJ574,2024-03-03,7.1
R1240,PRJ574,2024-03-10,6.5
R1240,PRJ574,2024-03-17,6.5
R1240,PRJ574,2024-03-24,5.5
R1240,PRJ574,2024-03-31,6.6
R1240,PRJ574,2024-04-07,6.0
R1240,PRJ574,2024-04-21,1.6
R1240,PRJ574,2024-04-28,2.0
R1241,PRJ076,2024-03-03,30.7
R1241,PRJ076,2024-03-10,27.4
R1241,PRJ076,2024-03-17,21.2
R1241,PRJ076,2024-03-24,43.0
R1241,PRJ076,2024-03-31,24.1
R1241,PRJ076,2024-04-07,42.6
R1241,PRJ076,2024-04-21,35.0
R1241,PRJ076,2024-04-28,25.7
R1241,PRJ336,2024-03-17,23.7
R1241,PRJ336,2024-03-24,24.0
R1241,PRJ336,2024-03-31,32.2
R1241,PRJ336,2024-04-07,28.8
R1241,PRJ336,2024-04-14,31.9
R1241,PRJ336,2024-04-21,32.6
R1241,PRJ336,2024-04-28,27.9
R1242,PRJ053,2024-03-03,35.1
R1242,PRJ053,2024-03-10,27.5
R1242,PRJ053,2024-03-17,30.6
R1242,PRJ053,2024-03-24,32.3
R1242,PRJ053,2024-03-31,33.7
R1242,PRJ053,2024-04-07,26.7
R1242,PRJ053,2024-04-14,32.4
R1242,PRJ053,2024-04-21,29.7
R1242,PRJ053,2024-04-28,43.7
R1242,PRJ083,2024-03-03,22.3
R1242,PRJ083,2024-03-10,24.3
R1242,PRJ083,2024-03-17,24.3
R1242,PRJ083,2024-03-31,20.0
R1242,PRJ083,2024-04-07,14.7
R1242,PRJ083,2024-04-14,15.3
R1243,PRJ175,2024-03-03,32.6
R1243,PRJ175,2024-03-10,27.4
R1243,PRJ175,2024-03-17,23.9
R1243,PRJ175,2024-03-24,30.2
R1243,PRJ175,2024-03-31,23.1
R1243,PRJ175,2024-04-07,26.8
R1243,PRJ175,2024-04-14,25.3
R1243,PRJ175,2024-04-21,26.4
R1243,PRJ175,2024-04-28,29.2
R1244,PRJ216,2024-03-03,17.0
R1244,PRJ216,2024-03-10,15.5
R1244,PRJ216,2024-03-24,15.1
R1244,PRJ216,2024-03-31,16.3
R1244,PRJ216,2024-04-07,17.3
R1244,PRJ216,2024-04-14,12.7
R1244,PRJ216,2024-04-21,12.9
R1244,PRJ216,2024-04-28,14.9
R1244,PRJ547,2024-03-03,2.7
R1244,PRJ547,2024-03-10,3.0
R1244,PRJ547,2024-03-17,3.7
R1244,PRJ547,2024-03-24,3.8
R1244,PRJ547,2024-03-31,3.5
R1244,PRJ547,2024-04-07,3.5
R1244,PRJ547,2024-04-14,3.4
R1244,PRJ547,2024-04-28,3.9
R1245,PRJ347,2024-03-03,15.0
R1245,PRJ347,2024-03-10,17.6
R1245,PRJ347,2024-03-17,17.9
R1245,PRJ347,2024-03-24,17.8
R1245,PRJ347,2024-03-31,24.1
R1245,PRJ347,2024-04-07,24.5
R1245,PRJ347,2024-04-14,20.4
R1245,PRJ347,2024-04-21,15.5
R1246,PRJ016,2024-03-17,16.1
R1246,PRJ016,2024-03-31,18.6
R1246,PRJ016,2024-04-07,21.9
R1246,PRJ016,2024-04-14,18.0
R1246,PRJ016,2024-04-28,16.4
R1247,PRJ119,2024-03-17,22.3
R1247,PRJ119,2024-03-24,43.5
R1247,PRJ119,2024-04-07,27.1
R1247,PRJ119,2024-04-14,41.0
R1247,PRJ119,2024-04-28,38.0
R1247,PRJ036,2024-03-03,24.4
R1247,PRJ036,2024-03-10,34.5
R1247,PRJ036,2024-03-17,24.4
R1247,PRJ036,2024-03-24,30.5
R1247,PRJ036,2024-03-31,35.3
R1247,PRJ036,2024-04-07,31.2
R1247,PRJ036,2024-04-21,32.6
R1247,PRJ036,2024-04-28,26.6
R1248,PRJ106,2024-03-03,22.1
R1248,PRJ106,2024-03-10,21.9
R1248,PRJ106,2024-03-17,25.7
R1248,PRJ106,2024-03-24,26.7
R1248,PRJ106,2024-03-31,23.8
R1248,PRJ106,2024-04-07,23.6
R1248,PRJ106,2024-04-14,24.2
R1248,PRJ106,2024-04-21,24.5
R1248,PRJ106,2024-04-28,26.1
R1248,PRJ377,2024-03-03,20.2
R1248,PRJ377,2024-03-10,10.9
R1248,PRJ377,2024-03-17,16.2
R1248,PRJ377,2024-03-24,13.5
R1248,PRJ377,2024-03-31,19.4
R1248,PRJ377,2024-04-07,15.4
R1248,PRJ377,2024-04-14,19.8
R1248,PRJ377,2024-04-21,16.3
R1248,PRJ377,2024-04-28,15.7
R1248,PRJ517,2024-03-03,6.9
R1248,PRJ517,2024-03-10,8.0
R1248,PRJ517,2024-03-17,7.7
R1248,PRJ517,2024-03-24,6.1
R1248,PRJ517,2024-03-31,7.4
R1248,PRJ517,2024-04-07,7.2
R1248,PRJ517,2024-04-14,8.3
R1248,PRJ517,2024-04-21,8.5
R1249,PRJ364,2024-03-03,20.5
R1249,PRJ364,2024-03-10,16.7
R1249,PRJ364,2024-03-17,18.3
R1249,PRJ364,2024-03-24,21.9
R1249,PRJ364,2024-03-31,29.5
R1249,PRJ364,2024-04-07,35.4
R1250,PRJ116,2024-03-03,28.5
R1250,PRJ116,2024-03-10,29.8
R1251,PRJ384,2024-03-03,23.0
R1251,PRJ384,2024-03-10,30.0
R1251,PRJ384,2024-03-17,28.7
R1251,PRJ384,2024-03-24,31.6
R1251,PRJ384,2024-04-07,30.5
R1251,PRJ384,2024-04-14,33.1
R1251,PRJ384,2024-04-21,34.7
R1251,PRJ384,2024-04-28,30.2
R1251,PRJ028,2024-03-17,27.1
R1251,PRJ028,2024-03-24,28.1
R1251,PRJ028,2024-03-31,36.2
R1251,PRJ028,2024-04-07,28.9
R1251,PRJ028,2024-04-14,28.2
R1251,PRJ028,2024-04-21,25.0
R1251,PRJ028,2024-04-28,28.3
R1252,PRJ162,2024-03-10,31.8
R1252,PRJ162,2024-03-17,34.0
R1252,PRJ162,2024-03-24,29.4
R1252,PRJ162,2024-03-31,27.7
R1252,PRJ162,2024-04-07,27.5
R1252,PRJ162,2024-04-14,38.1
R1252,PRJ162,2024-04-21,38.9
R1252,PRJ162,2024-04-28,38.2
R1252,PRJ459,2024-03-03,6.0
R1252,PRJ459,2024-03-10,7.2
R1252,PRJ459,2024-03-17,7.1
R1252,PRJ459,2024-03-31,5.6
R1252,PRJ459,2024-04-07,6.3
R1252,PRJ459,2024-04-14,5.6
R1252,PRJ459,2024-04-21,4.4
R1252,PRJ459,2024-04-28,7.3
R1253,PRJ442,2024-03-03,27.1
R1253,PRJ442,2024-03-10,31.7
R1253,PRJ442,2024-03-17,29.0
R1253,PRJ442,2024-03-24,24.0
R1253,PRJ442,2024-03-31,31.1
R1253,PRJ442,2024-04-07,31.4
R1253,PRJ442,2024-04-14,10.4
R1253,PRJ442,2024-04-21,17.2
R1253,PRJ442,2024-04-28,11.2
R1253,PRJ256,2024-03-10,33.8
R1253,PRJ256,2024-03-17,31.1
R1253,PRJ256,2024-03-24,34.6
R1253,PRJ256,2024-03-31,27.6
R1253,PRJ256,2024-04-07,31.4
R1253,PRJ256,2024-04-14,31.7
R1254,PRJ198,2024-03-03,27.3
R1254,PRJ198,2024-03-10,31.6
R1254,PRJ198,2024-03-17,32.9
R1254,PRJ198,2024-03-24,45.8
R1254,PRJ198,2024-03-31,40.9
R1254,PRJ198,2024-04-07,29.4
R1254,PRJ198,2024-04-14,43.1
R1254,PRJ198,2024-04-21,32.5
R1254,PRJ198,2024-04-28,37.7
R1255,PRJ067,2024-03-03,25.7
R1255,PRJ067,2024-03-10,19.2
R1255,PRJ067,2024-03-17,33.3
R1255,PRJ067,2024-03-24,31.0
R1255,PRJ067,2024-03-31,26.1
R1255,PRJ067,2024-04-14,32.8
R1255,PRJ067,2024-04-21,26.6
R1255,PRJ067,2024-04-28,19.2
R1256,PRJ317,2024-03-03,32.8
R1256,PRJ317,2024-03-10,26.9
R1256,PRJ317,2024-03-17,27.8
R1256,PRJ317,2024-03-24,26.5
R1256,PRJ317,2024-03-31,25.5
R1256,PRJ317,2024-04-14,27.6
R1256,PRJ317,2024-04-21,28.0
R1256,PRJ583,2024-03-10,2.3
R1256,PRJ583,2024-03-17,2.0
R1256,PRJ583,2024-03-24,1.4
R1256,PRJ583,2024-04-07,1.6
R1256,PRJ583,2024-04-14,2.4
R1256,PRJ583,2024-04-21,2.1
R1256,PRJ583,2024-04-28,2.0
R1257,PRJ350,2024-03-03,32.2
R1257,PRJ350,2024-03-10,34.4
R1257,PRJ350,2024-03-17,31.4
R1257,PRJ350,2024-03-24,30.3
R1257,PRJ350,2024-03-31,28.6
R1257,PRJ350,2024-04-07,29.2
R1257,PRJ350,2024-04-14,28.9
R1257,PRJ350,2024-04-28,38.3
R1258,PRJ363,2024-03-10,19.8
R1258,PRJ363,2024-03-17,21.3
R1258,PRJ363,2024-03-24,16.8
R1258,PRJ363,2024-03-31,20.4
R1258,PRJ363,2024-04-07,16.7
R1258,PRJ363,2024-04-14,23.8
R1258,PRJ363,2024-04-21,27.2
R1258,PRJ199,2024-03-03,36.5
R1258,PRJ199,2024-03-10,27.2
R1258,PRJ199,2024-03-17,38.0
R1258,PRJ199,2024-03-24,30.7
R1258,PRJ199,2024-03-31,28.6
R1258,PRJ199,2024-04-07,27.9
R1258,PRJ199,2024-04-14,34.5
R1258,PRJ199,2024-04-21,24.6
R1258,PRJ199,2024-04-28,35.9
R1259,PRJ311,2024-03-03,20.5
R1259,PRJ311,2024-03-10,17.8
R1259,PRJ311,2024-03-17,11.5
R1259,PRJ311,2024-03-24,16.1
R1259,PRJ311,2024-03-31,15.4
R1259,PRJ311,2024-04-07,14.0
R1259,PRJ311,2024-04-14,13.6
R1259,PRJ311,2024-04-21,17.5
R1259,PRJ311,2024-04-28,13.2
R1259,PRJ132,2024-03-17,25.5
R1259,PRJ132,2024-03-24,20.1
R1259,PRJ132,2024-04-07,23.2
R1259,PRJ132,2024-04-14,27.3
R1259,PRJ132,2024-04-28,22.5
R1260,PRJ294,2024-03-03,33.7
R1260,PRJ294,2024-03-10,36.6
R1260,PRJ294,2024-03-24,27.2
R1260,PRJ294,2024-03-31,34.0
R1260,PRJ294,2024-04-07,34.3
R1260,PRJ294,2024-04-14,31.2
R1260,PRJ294,2024-04-21,41.1
R1260,PRJ289,2024-03-10,15.4
R1260,PRJ289,2024-03-17,20.0
R1260,PRJ289,2024-03-24,19.3
R1260,PRJ289,2024-03-31,18.5
R1260,PRJ289,2024-04-07,16.0
R1260,PRJ289,2024-04-14,19.2
R1260,PRJ289,2024-04-21,14.8
R1260,PRJ452,2024-03-03,2.6
R1260,PRJ452,2024-03-10,2.5
R1260,PRJ452,2024-03-17,1.9
R1260,PRJ452,2024-03-24,2.0
R1260,PRJ452,2024-03-31,2.0
R1260,PRJ452,2024-04-07,2.6
R1260,PRJ452,2024-04-14,1.8
R1260,PRJ452,2024-04-21,1.9
R1260,PRJ452,2024-04-28,2.0
R1261,PRJ132,2024-03-03,14.8
R1261,PRJ132,2024-03-10,19.1
R1261,PRJ132,2024-03-17,18.4
R1261,PRJ132,2024-03-24,16.5
R1261,PRJ132,2024-03-31,19.3
R1261,PRJ132,2024-04-07,18.8
R1261,PRJ132,2024-04-14,15.3
R1261,PRJ132,2024-04-21,31.9
R1261,PRJ132,2024-04-28,22.4
R1262,PRJ430,2024-03-03,20.5
R1262,PRJ430,2024-03-10,17.9
R1262,PRJ430,2024-03-17,24.6
R1263,PRJ098,2024-03-03,28.9
R1263,PRJ098,2024-03-10,30.5
R1263,PRJ098,2024-03-17,22.5
R1263,PRJ098,2024-03-24,21.6
R1263,PRJ098,2024-03-31,24.7
R1263,PRJ098,2024-04-07,22.8
R1263,PRJ098,2024-04-21,19.8
R1264,PRJ131,2024-03-03,32.4
R1264,PRJ131,2024-03-10,24.4
R1264,PRJ131,2024-03-17,16.6
R1264,PRJ131,2024-03-24,23.1
R1264,PRJ131,2024-03-31,21.0
R1264,PRJ131,2024-04-07,24.1
R1264,PRJ131,2024-04-14,23.9
R1264,PRJ361,2024-03-03,19.0
R1264,PRJ361,2024-03-10,21.4
R1264,PRJ361,2024-03-31,13.5
R1264,PRJ361,2024-04-07,17.4
R1264,PRJ361,2024-04-14,16.5
R1264,PRJ361,2024-04-21,15.7
R1264,PRJ361,2024-04-28,15.9
R1264,PRJ540,2024-03-03,5.2
R1264,PRJ540,2024-03-10,5.1
R1264,PRJ540,2024-03-24,4.0
R1264,PRJ540,2024-03-31,5.5
R1264,PRJ540,2024-04-07,5.7
R1264,PRJ540,2024-04-14,4.4
R1264,PRJ540,2024-04-28,5.6
R1265,PRJ380,2024-03-03,19.0
R1265,PRJ380,2024-03-10,15.1
R1265,PRJ380,2024-03-24,18.6
R1265,PRJ380,2024-04-07,18.0
R1265,PRJ380,2024-04-14,21.5
R1265,PRJ380,2024-04-21,19.8
R1265,PRJ380,2024-04-28,16.6
R1265,PRJ384,2024-03-10,32.7
R1265,PRJ384,2024-03-17,34.4
R1265,PRJ384,2024-03-24,33.0
R1265,PRJ384,2024-03-31,34.3
R1265,PRJ384,2024-04-07,31.0
R1265,PRJ384,2024-04-14,37.5
R1265,PRJ384,2024-04-21,35.8
R1265,PRJ384,2024-04-28,33.3
R1266,PRJ439,2024-03-03,23.5
R1266,PRJ439,2024-03-10,27.4
R1266,PRJ439,2024-03-17,28.9
R1266,PRJ439,2024-03-24,27.2
R1266,PRJ439,2024-03-31,26.3
R1266,PRJ439,2024-04-07,19.9
R1266,PRJ439,2024-04-14,36.4
R1266,PRJ439,2024-04-21,31.5
R1266,PRJ439,2024-04-28,37.5
R1267,PRJ203,2024-03-03,16.1
R1267,PRJ203,2024-03-10,19.3
R1267,PRJ203,2024-03-17,19.6
R1267,PRJ203,2024-03-24,17.9
R1267,PRJ203,2024-03-31,18.2
R1267,PRJ203,2024-04-07,17.0
R1267,PRJ203,2024-04-14,24.4
R1267,PRJ203,2024-04-21,20.9
R1267,PRJ203,2024-04-28,18.9
R1267,PRJ444,2024-03-03,26.7
R1267,PRJ444,2024-03-17,22.5
R1267,PRJ444,2024-03-24,27.8
R1267,PRJ444,2024-03-31,35.4
R1267,PRJ444,2024-04-07,26.3
R1267,PRJ444,2024-04-14,29.9
R1267,PRJ444,2024-04-21,35.6
R1267,PRJ444,2024-04-28,38.0
R1268,PRJ191,2024-03-17,44.2
R1268,PRJ191,2024-03-31,35.2
R1268,PRJ191,2024-04-07,35.8
R1268,PRJ191,2024-04-14,37.6
R1268,PRJ191,2024-04-21,29.0
R1268,PRJ191,2024-04-28,35.9
R1268,PRJ209,2024-03-03,25.8
R1268,PRJ209,2024-03-10,32.1
R1268,PRJ209,2024-03-17,31.5
R1268,PRJ209,2024-03-24,33.0
R1268,PRJ209,2024-03-31,23.9
R1268,PRJ209,2024-04-07,26.8
R1268,PRJ209,2024-04-14,25.0
R1268,PRJ209,2024-04-21,24.7
R1268,PRJ209,2024-04-28,25.2
R1268,PRJ582,2024-03-10,4.9
R1268,PRJ582,2024-03-17,4.7
R1268,PRJ582,2024-04-07,7.1
R1268,PRJ582,2024-04-14,4.4
R1268,PRJ582,2024-04-21,4.9
R1268,PRJ582,2024-04-28,7.3
R1269,PRJ255,2024-03-03,21.0
R1269,PRJ255,2024-03-10,20.0
R1269,PRJ255,2024-03-17,20.4
R1269,PRJ255,2024-03-24,21.8
R1269,PRJ255,2024-03-31,23.4
R1269,PRJ255,2024-04-07,16.0
R1269,PRJ255,2024-04-14,16.5
R1269,PRJ255,2024-04-28,26.1
R1269,PRJ062,2024-03-10,28.9
R1269,PRJ062,2024-03-17,22.0
R1269,PRJ062,2024-03-24,33.5
R1269,PRJ062,2024-03-31,29.7
R1269,PRJ062,2024-04-07,22.1
R1270,PRJ122,2024-03-03,30.7
R1270,PRJ122,2024-03-10,21.8
R1270,PRJ122,2024-03-17,25.9
R1270,PRJ122,2024-03-24,25.4
R1270,PRJ122,2024-03-31,23.3
R1270,PRJ122,2024-04-07,23.4
R1270,PRJ122,2024-04-14,12.0
R1270,PRJ122,2024-04-21,16.7
R1270,PRJ122,2024-04-28,18.1
R1270,PRJ321,2024-03-03,21.5
R1270,PRJ321,2024-03-10,21.2
R1270,PRJ321,2024-03-17,20.3
R1270,PRJ321,2024-03-24,21.0
R1270,PRJ321,2024-03-31,27.9
R1270,PRJ321,2024-04-07,18.8
R1271,PRJ272,2024-03-10,19.7
R1271,PRJ272,2024-03-17,22.3
R1271,PRJ272,2024-03-24,22.4
R1271,PRJ272,2024-03-31,19.9
R1271,PRJ272,2024-04-07,24.2
R1271,PRJ272,2024-04-14,18.4
R1271,PRJ272,2024-04-21,16.6
R1271,PRJ272,2024-04-28,21.6
R1272,PRJ190,2024-03-03,32.1
R1272,PRJ190,2024-03-10,21.8
R1272,PRJ190,2024-03-17,37.7
R1272,PRJ190,2024-03-24,31.7
R1272,PRJ190,2024-03-31,35.5
R1272,PRJ190,2024-04-07,31.9
R1272,PRJ190,2024-04-14,35.3
R1272,PRJ190,2024-04-21,28.5
R1272,PRJ190,2024-04-28,28.3
R1272,PRJ529,2024-03-03,5.4
R1272,PRJ529,2024-03-10,7.5
R1272,PRJ529,2024-03-17,6.5
R1272,PRJ529,2024-03-24,6.3
R1272,PRJ529,2024-03-31,6.4
R1272,PRJ529,2024-04-07,5.9
R1273,PRJ043,2024-03-03,15.2
R1273,PRJ043,2024-03-10,16.9
R1274,PRJ357,2024-03-03,28.4
R1274,PRJ357,2024-03-10,26.3
R1274,PRJ357,2024-03-17,25.7
R1274,PRJ357,2024-03-24,27.4
R1274,PRJ357,2024-03-31,24.7
R1274,PRJ357,2024-04-07,29.3
R1275,PRJ384,2024-03-03,28.9
R1275,PRJ384,2024-03-10,27.9
R1275,PRJ384,2024-03-17,32.2
R1275,PRJ384,2024-03-24,29.7
R1275,PRJ384,2024-03-31,23.8
R1275,PRJ384,2024-04-07,25.8
R1275,PRJ384,2024-04-14,43.0
R1275,PRJ384,2024-04-21,30.3
R1275,PRJ158,2024-03-03,16.9
R1275,PRJ158,2024-03-10,19.7
R1275,PRJ158,2024-03-24,21.5
R1275,PRJ158,2024-03-31,18.8
R1275,PRJ158,2024-04-14,17.2
R1275,PRJ158,2024-04-21,16.4
R1275,PRJ158,2024-04-28,15.4
R1276,PRJ344,2024-03-03,30.3
R1276,PRJ344,2024-03-10,36.2
R1276,PRJ344,2024-03-17,32.6
R1276,PRJ344,2024-03-24,28.3
R1276,PRJ344,2024-03-31,28.8
R1276,PRJ344,2024-04-07,29.6
R1276,PRJ344,2024-04-14,26.0
R1276,PRJ344,2024-04-21,30.9
R1276,PRJ344,2024-04-28,31.8
R1276,PRJ510,2024-03-03,4.7
R1276,PRJ510,2024-03-10,2.5
R1276,PRJ510,2024-03-17,3.9
R1276,PRJ510,2024-03-24,3.9
R1276,PRJ510,2024-03-31,4.4
R1276,PRJ510,2024-04-07,4.3
R1276,PRJ510,2024-04-14,4.6
R1276,PRJ510,2024-04-21,3.4
R1276,PRJ510,2024-04-28,4.7
R1277,PRJ271,2024-03-03,24.6
R1277,PRJ271,2024-03-10,17.5
R1277,PRJ271,2024-03-24,24.0
R1277,PRJ271,2024-03-31,17.6
R1277,PRJ271,2024-04-07,27.3
R1277,PRJ271,2024-04-14,19.5
R1277,PRJ271,2024-04-21,23.1
R1277,PRJ271,2024-04-28,26.2
R1278,PRJ037,2024-03-10,35.4
R1278,PRJ037,2024-03-17,37.6
R1278,PRJ037,2024-03-24,26.4
R1278,PRJ037,2024-03-31,31.2
R1278,PRJ037,2024-04-07,31.5
R1278,PRJ037,2024-04-14,28.8
R1278,PRJ037,2024-04-21,35.4
R1278,PRJ037,2024-04-28,31.7
R1279,PRJ331,2024-03-03,26.2
R1279,PRJ331,2024-03-10,31.2
R1279,PRJ331,2024-03-17,35.9
R1279,PRJ331,2024-03-24,26.7
R1279,PRJ331,2024-03-31,31.7
R1279,PRJ331,2024-04-07,32.1
R1280,PRJ410,2024-03-03,14.6
R1280,PRJ410,2024-03-10,28.8
R1280,PRJ410,2024-03-31,23.7
R1280,PRJ410,2024-04-07,30.1
R1280,PRJ410,2024-04-14,19.8
R1280,PRJ410,2024-04-21,38.1
R1280,PRJ608,2024-03-03,1.5
R1280,PRJ608,2024-03-10,3.0
R1280,PRJ608,2024-03-17,2.5
R1280,PRJ608,2024-03-24,2.3
R1280,PRJ608,2024-03-31,1.9
R1280,PRJ608,2024-04-07,2.5
R1280,PRJ608,2024-04-14,2.2
R1281,PRJ170,2024-03-03,35.6
R1281,PRJ170,2024-03-10,38.9
R1281,PRJ170,2024-03-17,32.2
R1281,PRJ170,2024-03-24,25.9
R1281,PRJ170,2024-03-31,22.3
R1281,PRJ170,2024-04-07,15.9
R1281,PRJ170,2024-04-21,23.0
R1281,PRJ170,2024-04-28,18.3
R1282,PRJ386,2024-03-03,31.0
R1282,PRJ386,2024-03-10,25.4
R1282,PRJ386,2024-03-17,27.8
R1282,PRJ386,2024-03-24,26.8
R1282,PRJ386,2024-03-31,26.7
R1282,PRJ386,2024-04-07,26.3
R1282,PRJ386,2024-04-14,21.6
R1282,PRJ386,2024-04-21,22.7
R1282,PRJ386,2024-04-28,26.8
R1282,PRJ057,2024-03-03,29.0
R1282,PRJ057,2024-03-10,27.2
R1282,PRJ057,2024-03-17,36.1
R1282,PRJ057,2024-03-24,29.5
R1282,PRJ057,2024-03-31,33.6
R1282,PRJ057,2024-04-07,27.3
R1282,PRJ057,2024-04-14,25.1
R1282,PRJ057,2024-04-21,27.2
R1283,PRJ075,2024-03-17,34.5
R1283,PRJ075,2024-03-24,22.1
R1283,PRJ075,2024-03-31,27.1
R1283,PRJ075,2024-04-07,39.3
R1283,PRJ075,2024-04-14,29.0
R1283,PRJ075,2024-04-21,41.9
R1283,PRJ075,2024-04-28,22.8
R1284,PRJ159,2024-03-03,22.7
R1284,PRJ159,2024-03-17,19.0
R1284,PRJ159,2024-03-24,34.9
R1284,PRJ159,2024-03-31,30.8
R1284,PRJ159,2024-04-07,30.1
R1284,PRJ159,2024-04-14,31.1
R1284,PRJ159,2024-04-21,22.5
R1284,PRJ159,2024-04-28,33.4
R1284,PRJ538,2024-03-03,1.2
R1284,PRJ538,2024-03-17,2.6
R1284,PRJ538,2024-03-24,2.4
R1284,PRJ538,2024-03-31,2.4
R1284,PRJ538,2024-04-14,2.2
R1284,PRJ538,2024-04-21,1.7
R1284,PRJ538,2024-04-28,1.6
R1285,PRJ192,2024-03-10,31.7
R1286,PRJ360,2024-03-03,31.1
R1286,PRJ360,2024-03-10,23.5
R1286,PRJ360,2024-03-17,21.1
R1286,PRJ360,2024-03-24,23.1
R1286,PRJ360,2024-03-31,22.5
R1286,PRJ360,2024-04-07,29.0
R1286,PRJ360,2024-04-14,23.9
R1286,PRJ360,2024-04-21,17.2
R1286,PRJ360,2024-04-28,15.7
R1287,PRJ028,2024-03-03,27.1
R1287,PRJ028,2024-03-17,24.0
R1287,PRJ028,2024-03-24,25.8
R1287,PRJ028,2024-03-31,25.1
R1287,PRJ028,2024-04-07,28.0
R1287,PRJ028,2024-04-14,26.0
R1287,PRJ028,2024-04-21,28.1
R1287,PRJ028,2024-04-28,25.4
R1288,PRJ188,2024-03-03,31.5
R1288,PRJ188,2024-03-17,27.4
R1288,PRJ188,2024-03-24,30.3
R1288,PRJ188,2024-03-31,36.5
R1288,PRJ188,2024-04-07,34.8
R1288,PRJ188,2024-04-14,32.8
R1288,PRJ188,2024-04-21,33.8
R1288,PRJ222,2024-03-10,34.9
R1288,PRJ222,2024-03-17,31.7
R1288,PRJ222,2024-03-24,42.3
R1288,PRJ222,2024-04-07,29.4
R1288,PRJ222,2024-04-14,27.7
R1288,PRJ222,2024-04-21,31.1
R1288,PRJ222,2024-04-28,36.3
R1288,PRJ555,2024-03-10,4.5
R1288,PRJ555,2024-03-17,5.5
R1288,PRJ555,2024-03-24,5.3
R1288,PRJ555,2024-03-31,4.9
R1288,PRJ555,2024-04-07,3.8
R1288,PRJ555,2024-04-14,5.4
R1288,PRJ555,2024-04-21,4.7
R1288,PRJ555,2024-04-28,6.5
R1289,PRJ209,2024-03-03,37.6
R1289,PRJ209,2024-03-10,31.3
R1289,PRJ209,2024-03-24,42.1
R1289,PRJ209,2024-03-31,31.0
R1289,PRJ209,2024-04-07,31.7
R1289,PRJ209,2024-04-14,30.2
R1289,PRJ209,2024-04-21,33.5
R1289,PRJ209,2024-04-28,31.7
R1290,PRJ010,2024-03-03,25.5
R1290,PRJ010,2024-03-10,32.2
R1290,PRJ010,2024-03-17,24.1
R1290,PRJ010,2024-03-31,24.1
R1290,PRJ010,2024-04-07,28.1
R1290,PRJ010,2024-04-21,15.7
R1290,PRJ010,2024-04-28,15.9
R1291,PRJ074,2024-03-03,15.2
R1291,PRJ074,2024-03-10,17.5
R1291,PRJ074,2024-03-17,15.1
R1291,PRJ074,2024-03-24,23.3
R1291,PRJ074,2024-03-31,17.0
R1291,PRJ074,2024-04-07,20.5
R1291,PRJ074,2024-04-14,18.5
R1291,PRJ074,2024-04-21,16.0
R1291,PRJ074,2024-04-28,17.4
R1292,PRJ331,2024-03-17,31.3
R1292,PRJ331,2024-03-24,30.6
R1292,PRJ331,2024-03-31,22.2
R1292,PRJ331,2024-04-07,25.3
R1292,PRJ331,2024-04-14,25.6
R1292,PRJ331,2024-04-21,25.5
R1292,PRJ331,2024-04-28,25.3
R1292,PRJ063,2024-03-03,35.8
R1292,PRJ063,2024-03-10,31.1
R1292,PRJ063,2024-03-17,36.8
R1292,PRJ063,2024-03-24,30.0
R1292,PRJ063,2024-03-31,31.4
R1292,PRJ063,2024-04-07,25.6
R1292,PRJ063,2024-04-14,29.5
R1292,PRJ063,2024-04-28,35.2
R1292,PRJ452,2024-03-10,7.0
R1292,PRJ452,2024-03-17,5.7
R1292,PRJ452,2024-03-24,7.6
R1292,PRJ452,2024-03-31,7.2
R1292,PRJ452,2024-04-07,7.4
R1292,PRJ452,2024-04-14,7.0
R1292,PRJ452,2024-04-21,7.1
R1293,PRJ163,2024-03-03,17.8
R1293,PRJ163,2024-03-10,19.1
R1293,PRJ163,2024-03-17,19.8
R1293,PRJ163,2024-03-24,22.4
R1293,PRJ163,2024-03-31,23.8
R1293,PRJ163,2024-04-07,20.1
R1293,PRJ163,2024-04-14,21.1
R1293,PRJ163,2024-04-28,15.1
R1294,PRJ052,2024-03-03,14.6
R1294,PRJ052,2024-03-24,14.0
R1294,PRJ052,2024-03-31,20.8
R1294,PRJ052,2024-04-07,19.1
R1294,PRJ052,2024-04-14,18.6
R1294,PRJ052,2024-04-21,16.5
R1294,PRJ052,2024-04-28,18.5
R1295,PRJ265,2024-03-03,31.2
R1295,PRJ265,2024-03-10,34.4
R1295,PRJ265,2024-03-17,40.5
R1295,PRJ265,2024-03-24,29.5
R1295,PRJ265,2024-03-31,31.0
R1295,PRJ265,2024-04-07,38.0
R1295,PRJ265,2024-04-14,26.1
R1295,PRJ265,2024-04-28,26.6
R1295,PRJ146,2024-03-10,27.6
R1295,PRJ146,2024-03-17,24.7
R1295,PRJ146,2024-03-24,28.6
R1295,PRJ146,2024-03-31,16.4
R1295,PRJ146,2024-04-07,24.3
R1296,PRJ379,2024-03-10,22.9
R1296,PRJ379,2024-03-17,31.3
R1296,PRJ379,2024-03-24,32.7
R1296,PRJ379,2024-03-31,33.5
R1296,PRJ379,2024-04-07,39.0
R1296,PRJ379,2024-04-14,38.3
R1296,PRJ379,2024-04-21,36.2
R1296,PRJ536,2024-03-03,6.6
R1296,PRJ536,2024-03-10,6.2
R1296,PRJ536,2024-03-17,5.4
R1296,PRJ536,2024-03-24,4.9
R1296,PRJ536,2024-03-31,6.0
R1296,PRJ536,2024-04-14,7.1
R1296,PRJ536,2024-04-21,5.7
R1297,PRJ169,2024-03-03,25.4
R1297,PRJ169,2024-03-10,29.4
R1298,PRJ161,2024-03-03,18.2
R1298,PRJ161,2024-03-10,20.5
R1298,PRJ161,2024-03-17,20.4
R1298,PRJ161,2024-03-24,25.9
R1298,PRJ161,2024-03-31,23.2
R1298,PRJ161,2024-04-07,25.8
R1298,PRJ161,2024-04-14,19.8
R1298,PRJ161,2024-04-21,25.7
R1298,PRJ161,2024-04-28,25.3
R1298,PRJ018,2024-03-17,27.0
R1298,PRJ018,2024-03-24,27.3
R1298,PRJ018,2024-03-31,27.4
R1298,PRJ018,2024-04-07,38.2
R1298,PRJ018,2024-04-14,30.1
R1298,PRJ018,2024-04-21,25.4
R1298,PRJ018,2024-04-28,27.2
R1299,PRJ182,2024-03-03,24.4
R1299,PRJ182,2024-03-10,19.2
R1299,PRJ182,2024-03-24,17.2
R1299,PRJ182,2024-03-31,12.8
R1299,PRJ182,2024-04-07,18.7
R1299,PRJ182,2024-04-14,16.7
R1299,PRJ182,2024-04-21,14.0
R1299,PRJ182,2024-04-28,11.9
R1299,PRJ289,2024-03-17,34.2
R1299,PRJ289,2024-03-24,35.9
R1299,PRJ289,2024-03-31,31.0
R1299,PRJ289,2024-04-07,43.2
R1299,PRJ289,2024-04-14,25.3
R1299,PRJ289,2024-04-21,22.6
R1299,PRJ289,2024-04-28,27.6
R1300,PRJ147,2024-03-03,31.1
R1300,PRJ147,2024-03-10,31.4
R1300,PRJ147,2024-03-17,28.2
R1300,PRJ147,2024-03-24,31.7
R1300,PRJ147,2024-03-31,29.9
R1300,PRJ147,2024-04-07,33.0
R1300,PRJ147,2024-04-14,37.0
R1300,PRJ147,2024-04-21,31.0
R1300,PRJ147,2024-04-28,31.1
R1300,PRJ254,2024-03-10,23.1
R1300,PRJ254,2024-03-17,34.4
R1300,PRJ254,2024-03-24,32.6
R1300,PRJ254,2024-03-31,33.5
R1300,PRJ254,2024-04-07,26.6
R1300,PRJ254,2024-04-14,25.2
R1300,PRJ254,2024-04-21,27.7
R1300,PRJ254,2024-04-28,23.6
R1300,PRJ579,2024-03-03,3.5
R1300,PRJ579,2024-03-10,3.1
R1300,PRJ579,2024-03-17,3.3
R1300,PRJ579,2024-03-24,2.8
R1300,PRJ579,2024-03-31,2.6
R1300,PRJ579,2024-04-07,3.2
R1300,PRJ579,2024-04-14,3.6
R1300,PRJ579,2024-04-21,3.0
R1300,PRJ579,2024-04-28,4.6
R1301,PRJ158,2024-03-03,33.9
R1301,PRJ158,2024-03-10,27.6
R1301,PRJ158,2024-03-17,34.5
R1301,PRJ158,2024-03-24,27.7
R1301,PRJ158,2024-03-31,23.5
R1301,PRJ158,2024-04-07,27.0
R1301,PRJ158,2024-04-21,33.2
R1301,PRJ158,2024-04-28,30.9
R1301,PRJ238,2024-03-17,42.7
R1301,PRJ238,2024-03-24,36.8
R1301,PRJ238,2024-04-07,33.9
R1301,PRJ238,2024-04-14,30.6
R1301,PRJ238,2024-04-21,28.5
R1301,PRJ238,2024-04-28,39.8
R1302,PRJ312,2024-03-03,21.2
R1302,PRJ312,2024-03-10,32.9
R1302,PRJ312,2024-03-17,28.2
R1302,PRJ312,2024-03-24,35.8
R1302,PRJ312,2024-03-31,28.4
R1302,PRJ312,2024-04-07,32.7
R1302,PRJ312,2024-04-14,33.4
R1302,PRJ312,2024-04-21,41.1
R1303,PRJ250,2024-03-03,27.9
R1303,PRJ250,2024-03-10,23.2
R1303,PRJ250,2024-03-17,29.4
R1303,PRJ250,2024-03-24,20.0
R1303,PRJ250,2024-03-31,33.7
R1303,PRJ250,2024-04-07,31.8
R1303,PRJ250,2024-04-14,24.5
R1304,PRJ138,2024-03-03,29.4
R1304,PRJ138,2024-03-10,36.2
R1304,PRJ138,2024-03-17,29.4
R1304,PRJ138,2024-03-24,39.0
R1304,PRJ138,2024-03-31,29.4
R1304,PRJ138,2024-04-14,25.3
R1304,PRJ431,2024-03-03,22.0
R1304,PRJ431,2024-03-10,24.7
R1304,PRJ431,2024-03-17,18.8
R1304,PRJ431,2024-03-31,22.5
R1304,PRJ431,2024-04-07,32.1
R1304,PRJ431,2024-04-14,27.9
R1304,PRJ431,2024-04-28,34.8
R1304,PRJ529,2024-03-17,5.1
R1304,PRJ529,2024-03-24,3.9
R1304,PRJ529,2024-03-31,4.4
R1304,PRJ529,2024-04-07,4.8
R1304,PRJ529,2024-04-14,4.1
R1304,PRJ529,2024-04-21,4.6
R1304,PRJ529,2024-04-28,4.0
R1305,PRJ398,2024-03-03,19.5
R1305,PRJ398,2024-03-10,23.5
R1305,PRJ398,2024-03-17,18.1
R1305,PRJ398,2024-03-24,15.3
R1305,PRJ398,2024-03-31,25.5
R1305,PRJ398,2024-04-07,22.2
R1305,PRJ398,2024-04-14,21.1
R1305,PRJ398,2024-04-21,24.4
R1305,PRJ398,2024-04-28,22.4
R1306,PRJ353,2024-03-03,14.9
R1306,PRJ353,2024-03-10,20.8
R1306,PRJ353,2024-03-17,16.8
R1306,PRJ353,2024-03-24,17.9
R1306,PRJ353,2024-03-31,11.8
R1306,PRJ353,2024-04-07,13.5
R1306,PRJ353,2024-04-14,13.0
R1306,PRJ353,2024-04-21,12.8
R1306,PRJ353,2024-04-28,17.4
R1306,PRJ311,2024-03-17,25.0
R1306,PRJ311,2024-03-24,29.6
R1306,PRJ311,2024-03-31,20.0
R1306,PRJ311,2024-04-07,26.2
R1306,PRJ311,2024-04-14,22.5
R1306,PRJ311,2024-04-21,19.0
R1306,PRJ311,2024-04-28,24.2
R1307,PRJ157,2024-03-10,31.5
R1307,PRJ157,2024-03-17,30.7
R1307,PRJ157,2024-03-24,38.4
R1307,PRJ157,2024-03-31,29.7
R1307,PRJ157,2024-04-07,28.4
R1307,PRJ157,2024-04-14,46.8
R1307,PRJ157,2024-04-21,32.4
R1307,PRJ157,2024-04-28,33.5
R1307,PRJ155,2024-03-03,28.1
R1307,PRJ155,2024-03-10,26.5
R1307,PRJ155,2024-03-17,27.3
R1307,PRJ155,2024-03-24,32.2
R1307,PRJ155,2024-03-31,25.5
R1307,PRJ155,2024-04-07,26.4
R1307,PRJ155,2024-04-14,36.2
R1307,PRJ155,2024-04-21,33.7
R1307,PRJ155,2024-04-28,35.1
R1308,PRJ243,2024-03-03,17.5
R1309,PRJ442,2024-03-17,26.2
R1309,PRJ442,2024-03-24,30.7
R1309,PRJ442,2024-03-31,44.6
R1309,PRJ442,2024-04-07,29.7
R1309,PRJ442,2024-04-14,39.6
R1309,PRJ442,2024-04-21,23.8
R1309,PRJ442,2024-04-28,29.3
R1310,PRJ450,2024-03-10,31.6
R1310,PRJ450,2024-03-17,32.2
R1310,PRJ450,2024-03-24,27.7
R1310,PRJ450,2024-03-31,35.0
R1310,PRJ450,2024-04-07,28.9
R1310,PRJ450,2024-04-14,32.6
R1311,PRJ182,2024-03-10,25.4
R1311,PRJ182,2024-03-17,29.9
R1311,PRJ182,2024-03-24,26.5
R1311,PRJ182,2024-04-07,25.7
R1311,PRJ182,2024-04-14,38.5
R1311,PRJ182,2024-04-21,30.4
R1311,PRJ182,2024-04-28,27.9
R1311,PRJ404,2024-03-03,33.7
R1311,PRJ404,2024-03-10,26.5
R1311,PRJ404,2024-03-17,27.4
R1311,PRJ404,2024-03-24,33.1
R1311,PRJ404,2024-03-31,32.5
R1311,PRJ404,2024-04-07,26.4
R1311,PRJ404,2024-04-14,32.8
R1311,PRJ404,2024-04-21,26.3
R1311,PRJ404,2024-04-28,26.3
R1312,PRJ079,2024-03-17,14.2
R1312,PRJ079,2024-03-24,19.1
R1312,PRJ079,2024-03-31,20.9
R1312,PRJ079,2024-04-07,21.5
R1312,PRJ079,2024-04-14,19.2
R1312,PRJ079,2024-04-21,24.8
R1312,PRJ079,2024-04-28,16.9
R1312,PRJ563,2024-03-03,4.0
R1312,PRJ563,2024-03-10,4.7
R1312,PRJ563,2024-03-17,4.4
R1312,PRJ563,2024-03-24,5.7
R1312,PRJ563,2024-03-31,3.4
R1312,PRJ563,2024-04-07,5.5
R1312,PRJ563,2024-04-21,1.7
R1313,PRJ232,2024-03-03,23.3
R1313,PRJ232,2024-03-10,17.7
R1313,PRJ232,2024-03-17,18.5
R1313,PRJ232,2024-03-24,17.4
R1313,PRJ232,2024-03-31,18.0
R1313,PRJ232,2024-04-07,21.2
R1314,PRJ424,2024-03-03,12.7
R1314,PRJ424,2024-03-10,17.3
R1314,PRJ424,2024-03-17,18.5
R1314,PRJ424,2024-03-24,12.6
R1314,PRJ424,2024-03-31,15.4
R1314,PRJ424,2024-04-07,20.5
R1314,PRJ424,2024-04-14,16.1
R1314,PRJ424,2024-04-21,16.2
R1314,PRJ424,2024-04-28,18.1
R1315,PRJ297,2024-03-03,36.7
R1315,PRJ297,2024-03-10,34.5
R1315,PRJ297,2024-03-17,41.1
R1315,PRJ297,2024-03-24,36.3
R1315,PRJ297,2024-03-31,26.3
R1315,PRJ297,2024-04-07,21.9
R1315,PRJ297,2024-04-21,35.0
R1315,PRJ297,2024-04-28,31.4
R1316,PRJ391,2024-03-03,46.3
R1316,PRJ391,2024-03-10,40.1
R1316,PRJ391,2024-03-17,32.5
R1316,PRJ391,2024-03-24,34.0
R1316,PRJ391,2024-03-31,38.9
R1316,PRJ391,2024-04-07,43.9
R1316,PRJ391,2024-04-14,36.0
R1316,PRJ391,2024-04-21,40.4
R1316,PRJ464,2024-03-03,5.4
R1316,PRJ464,2024-03-10,5.9
R1316,PRJ464,2024-03-17,4.2
R1316,PRJ464,2024-03-24,5.1
R1316,PRJ464,2024-03-31,5.0
R1316,PRJ464,2024-04-07,5.1
R1316,PRJ464,2024-04-14,4.5
R1316,PRJ464,2024-04-21,4.9
R1317,PRJ404,2024-03-03,20.2
R1317,PRJ404,2024-03-10,30.6
R1317,PRJ404,2024-03-17,27.5
R1317,PRJ404,2024-03-24,20.8
R1317,PRJ404,2024-04-07,24.9
R1317,PRJ322,2024-03-10,27.4
R1317,PRJ322,2024-03-17,25.9
R1317,PRJ322,2024-03-24,25.3
R1317,PRJ322,2024-03-31,20.3
R1317,PRJ322,2024-04-07,27.7
R1317,PRJ322,2024-04-14,20.2
R1318,PRJ085,2024-03-03,19.8
R1318,PRJ085,2024-03-10,18.3
R1318,PRJ085,2024-03-17,23.0
R1318,PRJ085,2024-03-24,21.4
R1318,PRJ085,2024-03-31,28.2
R1318,PRJ085,2024-04-07,30.7
R1318,PRJ085,2024-04-14,22.0
R1318,PRJ085,2024-04-21,25.0
R1318,PRJ085,2024-04-28,26.6
R1318,PRJ089,2024-03-17,27.7
R1318,PRJ089,2024-03-24,35.4
R1318,PRJ089,2024-03-31,32.4
R1318,PRJ089,2024-04-07,39.6
R1318,PRJ089,2024-04-14,43.4
R1318,PRJ089,2024-04-21,33.2
R1318,PRJ089,2024-04-28,29.0
R1319,PRJ199,2024-03-03,24.0
R1319,PRJ199,2024-03-10,21.2
R1319,PRJ199,2024-03-17,21.5
R1319,PRJ199,2024-03-24,19.8
R1319,PRJ199,2024-03-31,14.8
R1319,PRJ199,2024-04-07,21.8
R1319,PRJ199,2024-04-21,17.9
R1319,PRJ199,2024-04-28,22.5
R1320,PRJ090,2024-03-03,26.2
R1320,PRJ090,2024-03-10,27.2
R1321,PRJ358,2024-03-03,27.1
R1321,PRJ358,2024-03-10,34.6
R1321,PRJ358,2024-03-17,29.4
R1321,PRJ358,2024-03-31,39.5
R1321,PRJ358,2024-04-07,32.4
R1321,PRJ358,2024-04-14,35.7
R1321,PRJ358,2024-04-21,39.0
R1321,PRJ358,2024-04-28,33.9
R1322,PRJ062,2024-03-03,21.2
R1322,PRJ062,2024-03-10,23.5
R1322,PRJ062,2024-03-17,21.8
R1322,PRJ062,2024-03-24,22.6
R1322,PRJ062,2024-03-31,26.0
R1322,PRJ331,2024-03-03,33.1
R1322,PRJ331,2024-03-10,24.5
R1322,PRJ331,2024-03-17,26.7
R1322,PRJ331,2024-03-24,25.9
R1322,PRJ331,2024-03-31,33.2
R1322,PRJ331,2024-04-07,35.4
R1322,PRJ331,2024-04-14,27.2
R1322,PRJ331,2024-04-21,26.1
R1322,PRJ331,2024-04-28,28.6
R1323,PRJ013,2024-03-03,18.3
R1323,PRJ013,2024-03-10,19.5
R1323,PRJ013,2024-03-17,20.3
R1323,PRJ013,2024-03-24,20.4
R1323,PRJ013,2024-03-31,16.3
R1323,PRJ013,2024-04-14,20.8
R1323,PRJ013,2024-04-21,29.1
R1323,PRJ013,2024-04-28,25.5
R1323,PRJ384,2024-03-03,19.1
R1323,PRJ384,2024-03-10,15.2
R1323,PRJ384,2024-03-17,22.9
R1323,PRJ384,2024-03-24,14.5
R1323,PRJ384,2024-03-31,22.0
R1323,PRJ384,2024-04-07,22.2
R1324,PRJ087,2024-03-03,26.6
R1324,PRJ087,2024-03-10,21.7
R1324,PRJ087,2024-03-17,26.9
R1324,PRJ087,2024-03-24,24.4
R1324,PRJ087,2024-03-31,24.1
R1324,PRJ087,2024-04-07,29.9
R1324,PRJ087,2024-04-14,25.1
R1324,PRJ087,2024-04-21,19.3
R1324,PRJ087,2024-04-28,27.9
R1324,PRJ638,2024-03-03,6.6
R1324,PRJ638,2024-03-10,7.8
R1324,PRJ638,2024-03-17,6.2
R1324,PRJ638,2024-03-24,5.7
R1324,PRJ638,2024-03-31,6.4
R1324,PRJ638,2024-04-14,4.4
R1325,PRJ137,2024-03-03,19.6
R1325,PRJ137,2024-03-17,13.4
R1325,PRJ137,2024-03-24,15.9
R1325,PRJ137,2024-03-31,15.8
R1325,PRJ137,2024-04-07,13.4
R1325,PRJ137,2024-04-14,17.5
R1325,PRJ137,2024-04-28,12.1
R1325,PRJ347,2024-03-17,21.9
R1325,PRJ347,2024-03-24,21.6
R1325,PRJ347,2024-03-31,17.9
R1325,PRJ347,2024-04-07,17.8
R1325,PRJ347,2024-04-14,18.7
R1325,PRJ347,2024-04-21,22.1
R1325,PRJ347,2024-04-28,20.1
R1326,PRJ089,2024-03-03,14.7
R1326,PRJ089,2024-03-10,23.0
R1326,PRJ089,2024-03-17,19.6
R1326,PRJ089,2024-03-24,17.0
R1326,PRJ089,2024-03-31,17.6
R1326,PRJ089,2024-04-07,20.7
R1326,PRJ089,2024-04-21,18.1
R1326,PRJ089,2024-04-28,21.3
R1326,PRJ346,2024-03-03,13.7
R1326,PRJ346,2024-03-10,17.2
R1326,PRJ346,2024-03-17,17.0
R1326,PRJ346,2024-03-24,14.6
R1326,PRJ346,2024-03-31,14.7
R1326,PRJ346,2024-04-07,21.2
R1327,PRJ273,2024-03-03,24.6
R1327,PRJ273,2024-03-10,26.4
R1327,PRJ273,2024-03-24,33.6
R1327,PRJ273,2024-03-31,32.9
R1327,PRJ273,2024-04-07,29.7
R1327,PRJ273,2024-04-14,33.6
R1327,PRJ273,2024-04-21,29.8
R1328,PRJ430,2024-03-10,45.2
R1328,PRJ430,2024-03-17,35.6
R1328,PRJ430,2024-03-24,24.5
R1328,PRJ430,2024-03-31,40.1
R1328,PRJ430,2024-04-07,23.4
R1328,PRJ430,2024-04-14,28.9
R1328,PRJ430,2024-04-21,36.7
R1328,PRJ430,2024-04-28,33.7
R1328,PRJ522,2024-03-10,4.4
R1328,PRJ522,2024-03-17,6.5
R1328,PRJ522,2024-03-24,6.3
R1328,PRJ522,2024-03-31,6.2
R1328,PRJ522,2024-04-07,5.4
R1328,PRJ522,2024-04-14,3.8
R1328,PRJ522,2024-04-21,5.2
R1328,PRJ522,2024-04-28,4.4
R1329,PRJ371,2024-03-10,24.5
R1329,PRJ371,2024-03-17,21.4
R1329,PRJ371,2024-03-24,27.1
R1329,PRJ371,2024-03-31,16.0
R1329,PRJ371,2024-04-07,28.9
R1329,PRJ371,2024-04-14,28.4
R1329,PRJ371,2024-04-21,19.5
R1329,PRJ371,2024-04-28,21.0
R1330,PRJ217,2024-03-03,18.3
R1330,PRJ217,2024-03-10,21.2
R1330,PRJ217,2024-03-17,14.8
R1330,PRJ217,2024-03-24,17.3
R1330,PRJ217,2024-04-07,21.2
R1330,PRJ217,2024-04-14,12.5
R1330,PRJ217,2024-04-21,16.4
R1330,PRJ217,2024-04-28,18.6
R1331,PRJ047,2024-03-03,26.0
R1331,PRJ047,2024-03-10,18.3
R1332,PRJ131,2024-03-03,23.9
R1332,PRJ131,2024-03-10,20.4
R1332,PRJ131,2024-03-17,20.1
R1332,PRJ131,2024-03-24,28.3
R1332,PRJ131,2024-03-31,28.3
R1332,PRJ131,2024-04-07,25.0
R1332,PRJ131,2024-04-14,25.6
R1332,PRJ131,2024-04-21,24.4
R1332,PRJ581,2024-03-03,3.8
R1332,PRJ581,2024-03-10,3.0
R1332,PRJ581,2024-03-17,4.0
R1332,PRJ581,2024-03-24,2.8
R1332,PRJ581,2024-03-31,3.7
R1332,PRJ581,2024-04-07,2.6
R1332,PRJ581,2024-04-14,3.3
R1332,PRJ581,2024-04-21,2.6
R1332,PRJ581,2024-04-28,7.3
R1333,PRJ370,2024-03-03,37.5
R1333,PRJ370,2024-03-10,26.4
R1333,PRJ370,2024-03-17,39.8
R1333,PRJ370,2024-03-24,36.6
R1333,PRJ370,2024-03-31,36.5
R1333,PRJ370,2024-04-07,36.5
R1333,PRJ370,2024-04-14,40.3
R1333,PRJ370,2024-04-21,34.3
R1333,PRJ370,2024-04-28,29.7
R1334,PRJ316,2024-03-10,28.7
R1334,PRJ316,2024-03-17,24.5
R1334,PRJ316,2024-03-24,24.0
R1334,PRJ316,2024-03-31,24.8
R1334,PRJ316,2024-04-07,22.4
R1334,PRJ316,2024-04-14,19.1
R1334,PRJ316,2024-04-21,24.4
R1334,PRJ316,2024-04-28,24.5
R1335,PRJ445,2024-03-03,27.6
R1335,PRJ445,2024-03-10,26.2
R1335,PRJ445,2024-03-17,33.9
R1335,PRJ445,2024-03-24,29.1
R1335,PRJ445,2024-04-07,29.1
R1335,PRJ445,2024-04-14,34.3
R1335,PRJ445,2024-04-21,34.9
R1335,PRJ445,2024-04-28,36.2
R1335,PRJ381,2024-03-03,36.2
R1335,PRJ381,2024-03-10,28.2
R1335,PRJ381,2024-03-17,31.5
R1335,PRJ381,2024-03-24,36.7
R1335,PRJ381,2024-03-31,38.5
R1335,PRJ381,2024-04-14,35.9
R1335,PRJ381,2024-04-21,21.8
R1335,PRJ381,2024-04-28,33.4
R1336,PRJ355,2024-03-03,22.6
R1336,PRJ355,2024-03-10,25.2
R1336,PRJ355,2024-03-24,23.7
R1336,PRJ355,2024-04-07,19.3
R1336,PRJ355,2024-04-14,20.2
R1336,PRJ355,2024-04-21,27.8
R1336,PRJ571,2024-03-10,6.7
R1336,PRJ571,2024-03-17,5.2
R1336,PRJ571,2024-03-24,7.3
R1336,PRJ571,2024-03-31,6.4
R1336,PRJ571,2024-04-07,5.6
R1336,PRJ571,2024-04-14,4.2
R1336,PRJ571,2024-04-21,5.7
R1336,PRJ571,2024-04-28,5.9
R1337,PRJ241,2024-03-03,20.3
R1337,PRJ241,2024-03-10,27.4
R1337,PRJ241,2024-03-17,33.1
R1337,PRJ241,2024-03-24,28.9
R1337,PRJ241,2024-03-31,21.2
R1337,PRJ241,2024-04-07,22.1
R1337,PRJ241,2024-04-14,23.1
R1337,PRJ241,2024-04-21,26.7
R1337,PRJ241,2024-04-28,37.1
R1338,PRJ132,2024-03-10,24.9
R1338,PRJ132,2024-03-17,27.8
R1338,PRJ132,2024-03-24,22.8
R1338,PRJ132,2024-03-31,24.7
R1338,PRJ132,2024-04-07,27.2
R1338,PRJ132,2024-04-14,21.7
R1338,PRJ132,2024-04-21,27.8
R1338,PRJ132,2024-04-28,26.4
R1339,PRJ385,2024-03-03,29.5
R1339,PRJ385,2024-03-10,42.5
R1339,PRJ385,2024-03-17,30.4
R1339,PRJ385,2024-03-24,37.8
R1339,PRJ385,2024-03-31,37.9
R1339,PRJ385,2024-04-07,30.4
R1339,PRJ385,2024-04-21,36.3
R1339,PRJ385,2024-04-28,34.4
R1340,PRJ276,2024-03-03,17.2
R1340,PRJ276,2024-03-10,22.6
R1340,PRJ276,2024-03-17,15.6
R1340,PRJ276,2024-03-24,19.9
R1340,PRJ276,2024-03-31,17.5
R1340,PRJ276,2024-04-07,15.1
R1340,PRJ276,2024-04-21,20.3
R1340,PRJ276,2024-04-28,19.9
R1340,PRJ460,2024-03-03,4.4
R1340,PRJ460,2024-03-17,5.4
R1340,PRJ460,2024-03-24,7.4
R1340,PRJ460,2024-03-31,6.4
R1340,PRJ460,2024-04-07,5.6
R1340,PRJ460,2024-04-14,7.3
R1340,PRJ460,2024-04-21,7.2
R1340,PRJ460,2024-04-28,7.2
R1341,PRJ178,2024-03-03,17.0
R1341,PRJ178,2024-03-10,15.8
R1341,PRJ178,2024-03-24,14.8
R1341,PRJ178,2024-03-31,15.4
R1341,PRJ178,2024-04-07,21.4
R1341,PRJ178,2024-04-14,15.7
R1342,PRJ409,2024-03-03,17.0
R1342,PRJ409,2024-03-10,18.7
R1342,PRJ409,2024-03-17,20.6
R1342,PRJ409,2024-03-24,17.8
R1342,PRJ409,2024-04-07,22.7
R1342,PRJ409,2024-04-21,21.4
R1342,PRJ409,2024-04-28,22.0
R1342,PRJ340,2024-03-03,22.1
R1342,PRJ340,2024-03-10,19.4
R1342,PRJ340,2024-03-17,25.0
R1342,PRJ340,2024-03-24,20.7
R1342,PRJ340,2024-03-31,25.4
R1342,PRJ340,2024-04-07,27.5
R1342,PRJ340,2024-04-14,16.6
R1342,PRJ340,2024-04-21,16.9
R1342,PRJ340,2024-04-28,15.8
R1343,PRJ398,2024-03-03,27.5
R1343,PRJ398,2024-03-10,27.7
R1344,PRJ221,2024-03-03,23.6
R1344,PRJ221,2024-03-10,23.3
R1344,PRJ221,2024-03-17,33.5
R1344,PRJ221,2024-03-31,31.3
R1344,PRJ221,2024-04-07,38.0
R1344,PRJ221,2024-04-14,32.0
R1344,PRJ221,2024-04-21,28.1
R1344,PRJ221,2024-04-28,37.9
R1344,PRJ612,2024-03-03,2.9
R1344,PRJ612,2024-03-10,8.0
R1344,PRJ612,2024-03-17,7.0
R1344,PRJ612,2024-03-24,9.2
R1344,PRJ612,2024-03-31,8.3
R1344,PRJ612,2024-04-14,8.7
R1344,PRJ612,2024-04-28,6.6
R1345,PRJ095,2024-03-03,25.8
R1345,PRJ095,2024-03-10,27.8
R1345,PRJ095,2024-03-17,25.6
R1345,PRJ095,2024-03-31,21.2
R1345,PRJ095,2024-04-07,27.8
R1345,PRJ095,2024-04-14,25.1
R1345,PRJ095,2024-04-21,22.0
R1345,PRJ095,2024-04-28,20.7
R1346,PRJ011,2024-03-03,12.8
R1346,PRJ011,2024-03-17,28.6
R1346,PRJ011,2024-03-24,22.1
R1346,PRJ011,2024-04-07,19.3
R1346,PRJ011,2024-04-14,19.6
R1346,PRJ011,2024-04-21,21.8
R1346,PRJ437,2024-03-03,24.9
R1346,PRJ437,2024-03-24,21.5
R1346,PRJ437,2024-03-31,12.4
R1346,PRJ437,2024-04-07,20.1
R1346,PRJ437,2024-04-14,20.4
R1346,PRJ437,2024-04-21,18.6
R1347,PRJ145,2024-03-17,27.3
R1347,PRJ145,2024-03-24,26.8
R1347,PRJ145,2024-03-31,22.3
R1347,PRJ145,2024-04-14,24.1
R1347,PRJ145,2024-04-21,24.0
R1347,PRJ145,2024-04-28,16.9
R1348,PRJ164,2024-03-03,25.8
R1348,PRJ164,2024-03-10,27.0
R1348,PRJ164,2024-03-24,23.3
R1348,PRJ164,2024-03-31,31.2
R1348,PRJ164,2024-04-14,27.8
R1348,PRJ164,2024-04-21,21.0
R1348,PRJ164,2024-04-28,37.7
R1348,PRJ411,2024-03-03,20.7
R1348,PRJ411,2024-03-10,22.7
R1348,PRJ411,2024-03-17,18.0
R1348,PRJ411,2024-03-24,20.2
R1348,PRJ411,2024-03-31,20.0
R1348,PRJ411,2024-04-07,18.2
R1348,PRJ411,2024-04-14,33.5
R1348,PRJ411,2024-04-21,28.7
R1348,PRJ411,2024-04-28,28.6
R1348,PRJ502,2024-03-03,1.9
R1348,PRJ502,2024-03-10,2.6
R1348,PRJ502,2024-03-17,1.4
R1348,PRJ502,2024-03-31,2.1
R1348,PRJ502,2024-04-07,2.1
R1348,PRJ502,2024-04-14,2.2
R1348,PRJ502,2024-04-21,2.3
R1348,PRJ502,2024-04-28,2.0
R1349,PRJ388,2024-03-03,21.9
R1349,PRJ388,2024-03-10,20.2
R1349,PRJ388,2024-03-17,19.6
R1349,PRJ388,2024-03-24,23.1
R1349,PRJ388,2024-04-07,27.7
R1349,PRJ388,2024-04-14,26.5
R1349,PRJ388,2024-04-21,19.2
R1350,PRJ156,2024-03-03,15.6
R1350,PRJ156,2024-03-10,16.7
R1350,PRJ156,2024-03-17,19.6
R1350,PRJ156,2024-03-24,17.8
R1350,PRJ156,2024-03-31,19.2
R1350,PRJ156,2024-04-07,21.7
R1350,PRJ156,2024-04-14,16.4
R1350,PRJ156,2024-04-21,14.0
R1350,PRJ156,2024-04-28,20.1
R1350,PRJ010,2024-03-03,18.7
R1350,PRJ010,2024-03-10,22.8
R1350,PRJ010,2024-03-17,22.3
R1350,PRJ010,2024-03-24,25.2
R1350,PRJ010,2024-04-07,24.6
R1350,PRJ010,2024-04-14,18.9
R1350,PRJ010,2024-04-21,25.7
R1350,PRJ010,2024-04-28,18.0
R1351,PRJ381,2024-03-03,17.0
R1351,PRJ381,2024-03-17,16.9
R1351,PRJ381,2024-03-24,16.3
R1351,PRJ381,2024-03-31,18.8
R1351,PRJ381,2024-04-07,21.9
R1351,PRJ381,2024-04-14,19.3
R1351,PRJ381,2024-04-21,21.4
R1351,PRJ381,2024-04-28,19.5
R1352,PRJ320,2024-03-03,16.0
R1352,PRJ320,2024-03-10,26.5
R1352,PRJ320,2024-03-17,20.7
R1352,PRJ320,2024-03-24,25.5
R1352,PRJ320,2024-03-31,24.2
R1352,PRJ320,2024-04-07,12.2
R1352,PRJ320,2024-04-14,15.7
R1352,PRJ161,2024-03-03,20.0
R1352,PRJ161,2024-03-10,20.0
R1352,PRJ161,2024-03-17,21.0
R1352,PRJ161,2024-03-24,23.1
R1352,PRJ161,2024-03-31,22.2
R1352,PRJ161,2024-04-07,25.8
R1352,PRJ161,2024-04-14,22.1
R1352,PRJ161,2024-04-28,18.6
R1352,PRJ579,2024-03-17,6.8
R1352,PRJ579,2024-03-24,9.9
R1352,PRJ579,2024-03-31,9.7
R1352,PRJ579,2024-04-07,8.5
R1352,PRJ579,2024-04-14,8.7
R1352,PRJ579,2024-04-28,6.2
R1353,PRJ241,2024-03-17,34.6
R1353,PRJ241,2024-03-24,31.6
R1353,PRJ241,2024-03-31,38.9
R1353,PRJ241,2024-04-07,35.4
R1353,PRJ241,2024-04-14,25.3
R1353,PRJ241,2024-04-28,29.9
R1354,PRJ276,2024-03-10,23.8
R1354,PRJ276,2024-03-17,17.2
R1354,PRJ276,2024-03-24,17.8
R1354,PRJ276,2024-04-07,24.5
R1354,PRJ276,2024-04-14,18.3
R1354,PRJ276,2024-04-28,16.5
R1355,PRJ023,2024-03-10,28.1
R1355,PRJ023,2024-03-17,33.4
R1356,PRJ039,2024-03-03,16.7
R1356,PRJ039,2024-03-10,19.3
R1356,PRJ039,2024-03-17,25.3
R1356,PRJ039,2024-03-24,17.5
R1356,PRJ039,2024-03-31,26.1
R1356,PRJ039,2024-04-07,18.9
R1356,PRJ039,2024-04-14,25.6
R1356,PRJ039,2024-04-21,19.8
R1356,PRJ039,2024-04-28,24.4
R1356,PRJ347,2024-03-03,17.6
R1356,PRJ347,2024-03-10,19.4
R1356,PRJ347,2024-03-17,12.7
R1356,PRJ347,2024-03-24,16.7
R1356,PRJ347,2024-03-31,20.7
R1356,PRJ347,2024-04-14,21.5
R1356,PRJ347,2024-04-21,16.7
R1356,PRJ347,2024-04-28,16.7
R1356,PRJ476,2024-03-03,4.9
R1356,PRJ476,2024-03-10,4.0
R1356,PRJ476,2024-03-17,3.6
R1356,PRJ476,2024-03-24,3.5
R1356,PRJ476,2024-03-31,4.3
R1356,PRJ476,2024-04-07,4.4
R1356,PRJ476,2024-04-14,3.3
R1356,PRJ476,2024-04-21,1.8
R1356,PRJ476,2024-04-28,1.4
R1357,PRJ067,2024-03-03,17.4
R1357,PRJ067,2024-03-10,15.5
R1357,PRJ067,2024-03-17,16.3
R1357,PRJ067,2024-03-24,15.1
R1357,PRJ067,2024-03-31,17.2
R1357,PRJ067,2024-04-14,12.8
R1357,PRJ067,2024-04-21,17.5
R1357,PRJ067,2024-04-28,23.5
R1358,PRJ420,2024-03-10,22.6
R1358,PRJ420,2024-03-17,36.8
R1358,PRJ420,2024-03-24,31.2
R1358,PRJ420,2024-03-31,33.0
R1358,PRJ420,2024-04-07,34.0
R1358,PRJ420,2024-04-14,24.3
R1358,PRJ420,2024-04-21,30.6
R1358,PRJ420,2024-04-28,28.5
R1359,PRJ423,2024-03-03,21.9
R1359,PRJ423,2024-03-10,20.5
R1359,PRJ423,2024-03-17,27.3
R1359,PRJ423,2024-03-24,23.1
R1359,PRJ423,2024-03-31,28.2
R1359,PRJ423,2024-04-07,26.8
R1359,PRJ423,2024-04-14,24.3
R1359,PRJ423,2024-04-21,26.9
R1359,PRJ423,2024-04-28,22.2
R1360,PRJ053,2024-03-10,20.9
R1360,PRJ053,2024-03-17,19.4
R1360,PRJ053,2024-03-24,16.9
R1360,PRJ053,2024-03-31,17.8
R1360,PRJ053,2024-04-07,16.6
R1360,PRJ053,2024-04-14,15.1
R1360,PRJ053,2024-04-21,16.5
R1360,PRJ053,2024-04-28,19.4
R1360,PRJ085,2024-03-03,32.4
R1360,PRJ085,2024-03-10,32.2
R1360,PRJ085,2024-03-17,31.3
R1360,PRJ085,2024-03-24,37.2
R1360,PRJ085,2024-03-31,31.3
R1360,PRJ085,2024-04-07,27.8
R1360,PRJ085,2024-04-14,33.5
R1360,PRJ085,2024-04-21,32.4
R1360,PRJ085,2024-04-28,26.4
R1360,PRJ522,2024-03-03,3.2
R1360,PRJ522,2024-03-10,4.6
R1360,PRJ522,2024-03-17,4.0
R1360,PRJ522,2024-03-24,4.7
R1360,PRJ522,2024-03-31,3.7
R1360,PRJ522,2024-04-07,3.5
R1360,PRJ522,2024-04-14,2.8
R1360,PRJ522,2024-04-21,4.0
R1361,PRJ093,2024-03-03,21.2
R1361,PRJ093,2024-03-10,23.2
R1361,PRJ093,2024-03-17,25.2
R1361,PRJ093,2024-03-24,20.3
R1361,PRJ093,2024-03-31,24.4
R1361,PRJ093,2024-04-07,25.1
R1361,PRJ093,2024-04-14,21.6
R1362,PRJ121,2024-03-03,30.1
R1362,PRJ121,2024-03-10,27.7
R1362,PRJ121,2024-03-17,26.9
R1362,PRJ121,2024-03-24,35.9
R1362,PRJ121,2024-03-31,32.9
R1362,PRJ121,2024-04-07,24.8
R1362,PRJ121,2024-04-14,23.8
R1362,PRJ121,2024-04-28,22.5
R1362,PRJ242,2024-03-03,30.1
R1362,PRJ242,2024-03-10,34.0
R1362,PRJ242,2024-03-17,34.4
R1362,PRJ242,2024-03-24,30.6
R1362,PRJ242,2024-03-31,30.3
R1362,PRJ242,2024-04-07,31.2
R1362,PRJ242,2024-04-14,24.3
R1362,PRJ242,2024-04-21,33.6
R1362,PRJ242,2024-04-28,29.1
R1363,PRJ291,2024-03-03,18.5
R1363,PRJ291,2024-03-10,16.3
R1363,PRJ291,2024-03-17,21.8
R1363,PRJ291,2024-03-24,21.9
R1363,PRJ291,2024-03-31,19.6
R1363,PRJ291,2024-04-07,12.0
R1363,PRJ291,2024-04-21,20.6
R1363,PRJ291,2024-04-28,15.1
R1364,PRJ289,2024-03-03,19.9
R1364,PRJ289,2024-03-10,15.6
R1364,PRJ289,2024-03-17,21.0
R1364,PRJ289,2024-03-31,17.0
R1364,PRJ289,2024-04-07,20.4
R1364,PRJ289,2024-04-14,15.8
R1364,PRJ289,2024-04-21,17.1
R1364,PRJ289,2024-04-28,17.4
R1364,PRJ310,2024-03-03,20.2
R1364,PRJ310,2024-03-10,21.1
R1364,PRJ310,2024-03-17,17.4
R1364,PRJ310,2024-03-24,20.2
R1364,PRJ310,2024-03-31,13.4
R1364,PRJ310,2024-04-07,24.0
R1364,PRJ310,2024-04-21,18.7
R1364,PRJ310,2024-04-28,14.2
R1364,PRJ571,2024-03-03,4.8
R1364,PRJ571,2024-03-10,5.5
R1364,PRJ571,2024-03-17,5.4
R1364,PRJ571,2024-03-24,6.5
R1364,PRJ571,2024-03-31,6.1
R1364,PRJ571,2024-04-07,4.8
R1365,PRJ409,2024-03-03,23.2
R1365,PRJ409,2024-03-10,27.0
R1365,PRJ409,2024-03-17,38.9
R1365,PRJ409,2024-03-24,31.0
R1365,PRJ409,2024-03-31,30.6
R1365,PRJ409,2024-04-07,35.0
R1365,PRJ409,2024-04-14,34.2
R1365,PRJ409,2024-04-21,28.6
R1366,PRJ095,2024-03-03,21.7
R1366,PRJ095,2024-03-10,26.6
R1367,PRJ206,2024-03-03,37.0
R1367,PRJ206,2024-03-10,27.1
R1367,PRJ206,2024-03-17,32.5
R1367,PRJ206,2024-03-24,43.7
R1367,PRJ206,2024-03-31,24.5
R1367,PRJ206,2024-04-07,29.4
R1367,PRJ206,2024-04-14,32.3
R1367,PRJ206,2024-04-21,42.6
R1367,PRJ206,2024-04-28,42.5
R1368,PRJ052,2024-03-03,22.9
R1368,PRJ052,2024-03-10,18.1
R1368,PRJ052,2024-03-17,14.3
R1368,PRJ052,2024-03-24,18.3
R1368,PRJ052,2024-03-31,19.6
R1368,PRJ052,2024-04-07,15.7
R1368,PRJ052,2024-04-14,16.9
R1368,PRJ052,2024-04-28,19.6
R1368,PRJ622,2024-03-10,2.2
R1368,PRJ622,2024-03-17,2.8
R1368,PRJ622,2024-03-24,2.4
R1368,PRJ622,2024-03-31,2.9
R1368,PRJ622,2024-04-07,2.5
R1368,PRJ622,2024-04-14,3.3
R1368,PRJ622,2024-04-21,2.6
R1368,PRJ622,2024-04-28,2.7
R1369,PRJ154,2024-03-03,27.7
R1369,PRJ154,2024-03-10,23.4
R1369,PRJ154,2024-03-17,23.8
R1369,PRJ154,2024-03-24,21.8
R1369,PRJ154,2024-03-31,23.1
R1369,PRJ154,2024-04-07,18.9
R1369,PRJ154,2024-04-21,20.1
R1369,PRJ154,2024-04-28,17.0
R1370,PRJ240,2024-03-03,22.0
R1370,PRJ240,2024-03-10,20.1
R1370,PRJ240,2024-03-17,26.1
R1370,PRJ240,2024-03-24,32.0
R1370,PRJ240,2024-03-31,31.8
R1370,PRJ240,2024-04-07,32.7
R1370,PRJ240,2024-04-14,19.2
R1370,PRJ240,2024-04-21,27.9
R1370,PRJ240,2024-04-28,27.4
R1370,PRJ366,2024-03-03,41.4
R1370,PRJ366,2024-03-10,29.5
R1370,PRJ366,2024-03-17,34.9
R1370,PRJ366,2024-03-24,33.9
R1370,PRJ366,2024-03-31,27.2
R1370,PRJ366,2024-04-07,42.6
R1370,PRJ366,2024-04-14,34.8
R1370,PRJ366,2024-04-21,43.7
R1370,PRJ366,2024-04-28,27.3
R1371,PRJ355,2024-03-10,15.8
R1371,PRJ355,2024-03-17,21.7
R1371,PRJ355,2024-03-24,19.4
R1371,PRJ355,2024-04-07,17.5
R1371,PRJ355,2024-04-14,18.3
R1371,PRJ355,2024-04-21,34.4
R1371,PRJ077,2024-03-03,33.0
R1371,PRJ077,2024-03-10,30.0
R1371,PRJ077,2024-03-17,40.5
R1371,PRJ077,2024-03-24,33.8
R1371,PRJ077,2024-03-31,33.5
R1371,PRJ077,2024-04-07,36.0
R1371,PRJ077,2024-04-14,19.9
R1371,PRJ077,2024-04-21,25.0
R1371,PRJ077,2024-04-28,20.1
R1372,PRJ178,2024-03-03,31.9
R1372,PRJ178,2024-03-10,28.5
R1372,PRJ178,2024-03-17,35.8
R1372,PRJ178,2024-03-31,36.8
R1372,PRJ178,2024-04-07,31.3
R1372,PRJ178,2024-04-14,37.9
R1372,PRJ178,2024-04-21,32.2
R1372,PRJ252,2024-03-03,31.8
R1372,PRJ252,2024-03-10,24.0
R1372,PRJ252,2024-03-17,22.8
R1372,PRJ252,2024-03-24,25.0
R1372,PRJ252,2024-03-31,34.3
R1372,PRJ252,2024-04-07,30.7
R1372,PRJ252,2024-04-14,16.9
R1372,PRJ252,2024-04-21,31.0
R1372,PRJ252,2024-04-28,21.6
R1372,PRJ505,2024-03-03,2.1
R1372,PRJ505,2024-03-10,3.1
R1372,PRJ505,2024-03-17,2.7
R1372,PRJ505,2024-03-24,1.9
R1372,PRJ505,2024-03-31,2.4
R1372,PRJ505,2024-04-07,2.5
R1372,PRJ505,2024-04-14,2.7
R1373,PRJ056,2024-03-17,24.3
R1373,PRJ056,2024-03-24,24.4
R1373,PRJ056,2024-03-31,22.8
R1373,PRJ056,2024-04-07,24.6
R1373,PRJ056,2024-04-14,28.0
R1373,PRJ056,2024-04-21,21.7
R1373,PRJ056,2024-04-28,19.1
R1374,PRJ182,2024-03-03,39.7
R1374,PRJ182,2024-03-17,28.3
R1374,PRJ182,2024-03-31,31.2
R1374,PRJ182,2024-04-07,36.8
R1374,PRJ182,2024-04-14,30.9
R1374,PRJ182,2024-04-28,33.1
R1374,PRJ264,2024-03-03,24.8
R1374,PRJ264,2024-03-10,17.6
R1374,PRJ264,2024-03-17,23.4
R1374,PRJ264,2024-03-24,24.6
R1374,PRJ264,2024-03-31,26.8
R1374,PRJ264,2024-04-07,13.9
R1374,PRJ264,2024-04-14,16.1
R1374,PRJ264,2024-04-21,18.9
R1375,PRJ078,2024-03-10,32.5
R1375,PRJ078,2024-03-17,42.9
R1375,PRJ078,2024-03-24,35.1
R1375,PRJ078,2024-03-31,35.0
R1375,PRJ078,2024-04-07,28.0
R1375,PRJ078,2024-04-21,35.9
R1376,PRJ012,2024-03-03,14.2
R1376,PRJ012,2024-03-10,12.6
R1376,PRJ012,2024-03-17,14.3
R1376,PRJ012,2024-03-24,25.3
R1376,PRJ012,2024-03-31,28.4
R1376,PRJ012,2024-04-07,33.8
R1376,PRJ012,2024-04-14,25.0
R1376,PRJ012,2024-04-21,27.4
R1376,PRJ012,2024-04-28,29.3
R1376,PRJ640,2024-03-03,4.7
R1376,PRJ640,2024-03-10,5.1
R1376,PRJ640,2024-03-17,4.6
R1376,PRJ640,2024-03-24,4.9
R1376,PRJ640,2024-03-31,4.5
R1376,PRJ640,2024-04-07,4.0
R1376,PRJ640,2024-04-21,2.8
R1376,PRJ640,2024-04-28,4.1
R1377,PRJ301,2024-03-03,23.8
R1377,PRJ301,2024-03-10,33.0
R1377,PRJ301,2024-03-17,27.4
R1377,PRJ301,2024-03-24,30.6
R1377,PRJ301,2024-03-31,28.7
R1377,PRJ301,2024-04-07,32.3
R1377,PRJ301,2024-04-21,28.1
R1377,PRJ301,2024-04-28,30.6
R1377,PRJ147,2024-03-17,26.8
R1377,PRJ147,2024-03-24,22.0
R1377,PRJ147,2024-03-31,25.0
R1377,PRJ147,2024-04-07,28.2
R1377,PRJ147,2024-04-14,27.5
R1377,PRJ147,2024-04-21,27.1
R1377,PRJ147,2024-04-28,22.1
R1378,PRJ328,2024-03-03,23.0
R1378,PRJ328,2024-03-10,20.9
R1379,PRJ017,2024-03-03,28.3
R1379,PRJ017,2024-03-10,38.3
R1379,PRJ017,2024-03-24,34.7
R1379,PRJ017,2024-03-31,25.3
R1379,PRJ017,2024-04-07,39.3
R1379,PRJ017,2024-04-14,30.0
R1379,PRJ017,2024-04-21,28.2
R1379,PRJ017,2024-04-28,33.8
R1379,PRJ436,2024-03-03,30.1
R1379,PRJ436,2024-03-10,37.5
R1379,PRJ436,2024-03-17,34.2
R1379,PRJ436,2024-03-24,31.5
R1379,PRJ436,2024-03-31,29.3
R1379,PRJ436,2024-04-07,41.1
R1379,PRJ436,2024-04-14,39.5
R1379,PRJ436,2024-04-21,35.2
R1379,PRJ436,2024-04-28,26.0
R1380,PRJ419,2024-03-03,24.0
R1380,PRJ419,2024-03-10,28.1
R1380,PRJ419,2024-03-17,21.8
R1380,PRJ419,2024-03-24,31.7
R1380,PRJ419,2024-03-31,31.1
R1380,PRJ419,2024-04-07,23.1
R1380,PRJ419,2024-04-14,22.1
R1380,PRJ419,2024-04-21,28.8
R1380,PRJ419,2024-04-28,18.7
R1380,PRJ556,2024-03-17,6.5
R1380,PRJ556,2024-03-24,6.5
R1380,PRJ556,2024-03-31,7.3
R1380,PRJ556,2024-04-07,7.0
R1380,PRJ556,2024-04-14,8.5
R1380,PRJ556,2024-04-21,7.8
R1380,PRJ556,2024-04-28,8.1
R1381,PRJ158,2024-03-03,41.1
R1381,PRJ158,2024-03-17,29.4
R1381,PRJ158,2024-04-07,37.6
R1381,PRJ158,2024-04-14,30.5
R1382,PRJ174,2024-03-03,30.9
R1382,PRJ174,2024-03-10,27.8
R1382,PRJ174,2024-03-17,34.6
R1382,PRJ174,2024-04-07,35.8
R1382,PRJ174,2024-04-14,32.1
R1382,PRJ174,2024-04-21,40.5
R1382,PRJ194,2024-03-17,19.3
R1382,PRJ194,2024-03-24,23.1
R1382,PRJ194,2024-03-31,20.1
R1382,PRJ194,2024-04-07,19.5
R1382,PRJ194,2024-04-14,19.7
R1382,PRJ194,2024-04-21,19.1
R1382,PRJ194,2024-04-28,19.1
R1383,PRJ286,2024-03-10,31.1
R1383,PRJ286,2024-03-17,36.1
R1383,PRJ286,2024-03-24,40.8
R1383,PRJ286,2024-03-31,35.0
R1383,PRJ286,2024-04-07,44.7
R1383,PRJ286,2024-04-14,36.6
R1383,PRJ286,2024-04-21,35.5
R1383,PRJ286,2024-04-28,37.6
R1383,PRJ192,2024-03-10,31.3
R1383,PRJ192,2024-03-17,23.6
R1383,PRJ192,2024-03-24,28.1
R1383,PRJ192,2024-03-31,31.7
R1383,PRJ192,2024-04-07,40.6
R1383,PRJ192,2024-04-14,28.5
R1383,PRJ192,2024-04-21,29.6
R1383,PRJ192,2024-04-28,29.3
R1384,PRJ037,2024-03-03,15.3
R1384,PRJ037,2024-03-10,20.0
R1384,PRJ037,2024-03-17,14.5
R1384,PRJ037,2024-03-31,22.6
R1384,PRJ037,2024-04-07,24.1
R1384,PRJ037,2024-04-14,19.7
R1384,PRJ037,2024-04-21,23.6
R1384,PRJ037,2024-04-28,20.7
R1384,PRJ399,2024-03-10,34.3
R1384,PRJ399,2024-03-17,20.4
R1384,PRJ399,2024-03-24,26.4
R1384,PRJ399,2024-03-31,27.6
R1384,PRJ399,2024-04-07,24.9
R1384,PRJ399,2024-04-14,24.9
R1384,PRJ399,2024-04-21,27.6
R1384,PRJ399,2024-04-28,30.9
R1384,PRJ506,2024-03-03,6.4
R1384,PRJ506,2024-03-10,8.1
R1384,PRJ506,2024-03-17,4.9
R1384,PRJ506,2024-03-24,8.1
R1384,PRJ506,2024-04-21,7.2
R1384,PRJ506,2024-04-28,8.3
R1385,PRJ297,2024-03-03,17.0
R1385,PRJ297,2024-03-17,12.5
R1385,PRJ297,2024-03-24,15.3
R1385,PRJ297,2024-03-31,16.3
R1385,PRJ297,2024-04-07,16.9
R1385,PRJ297,2024-04-21,16.5
R1385,PRJ297,2024-04-28,16.9
R1385,PRJ419,2024-03-03,32.3
R1385,PRJ419,2024-03-10,42.1
R1385,PRJ419,2024-03-17,29.8
R1385,PRJ419,2024-03-24,26.4
R1385,PRJ419,2024-03-31,34.5
R1385,PRJ419,2024-04-07,37.5
R1385,PRJ419,2024-04-14,36.4
R1385,PRJ419,2024-04-21,26.7
R1385,PRJ419,2024-04-28,29.7
R1386,PRJ406,2024-03-10,27.4
R1386,PRJ406,2024-03-17,22.4
R1386,PRJ406,2024-03-24,16.8
R1386,PRJ406,2024-03-31,17.5
R1386,PRJ406,2024-04-07,22.1
R1386,PRJ406,2024-04-14,22.0
R1386,PRJ406,2024-04-21,16.0
R1386,PRJ406,2024-04-28,19.9
R1387,PRJ436,2024-03-03,32.6
R1387,PRJ436,2024-03-10,39.7
R1387,PRJ436,2024-03-17,35.5
R1387,PRJ436,2024-03-24,30.8
R1387,PRJ436,2024-03-31,40.2
R1387,PRJ436,2024-04-07,41.3
R1387,PRJ436,2024-04-14,39.6
R1387,PRJ436,2024-04-21,27.4
R1387,PRJ436,2024-04-28,34.3
R1387,PRJ220,2024-03-10,15.6
R1387,PRJ220,2024-03-17,26.1
R1387,PRJ220,2024-03-24,26.3
R1387,PRJ220,2024-03-31,23.0
R1387,PRJ220,2024-04-07,26.1
R1387,PRJ220,2024-04-14,29.0
R1387,PRJ220,2024-04-21,16.6
R1387,PRJ220,2024-04-28,40.7
R1388,PRJ301,2024-03-17,29.1
R1388,PRJ301,2024-03-24,17.7
R1388,PRJ301,2024-03-31,20.6
R1388,PRJ301,2024-04-07,20.5
R1388,PRJ301,2024-04-14,19.4
R1388,PRJ626,2024-03-10,5.4
R1388,PRJ626,2024-03-17,5.1
R1388,PRJ626,2024-03-24,4.9
R1388,PRJ626,2024-04-07,4.7
R1388,PRJ626,2024-04-14,5.2
R1388,PRJ626,2024-04-21,5.1
R1388,PRJ626,2024-04-28,4.5
R1389,PRJ224,2024-03-03,28.0
R1389,PRJ224,2024-03-10,32.2
R1389,PRJ224,2024-03-17,35.3
R1389,PRJ224,2024-03-24,26.3
R1389,PRJ224,2024-03-31,29.6
R1389,PRJ224,2024-04-07,35.6
R1389,PRJ224,2024-04-14,30.3
R1389,PRJ224,2024-04-21,31.6
R1389,PRJ224,2024-04-28,27.2
R1390,PRJ129,2024-03-03,17.1
R1390,PRJ129,2024-03-10,18.7
R1391,PRJ108,2024-03-03,15.7
R1391,PRJ108,2024-03-10,17.1
R1391,PRJ108,2024-03-17,19.7
R1391,PRJ108,2024-03-31,11.1
R1391,PRJ108,2024-04-07,15.2
R1391,PRJ108,2024-04-14,14.9
R1391,PRJ108,2024-04-21,15.0
R1391,PRJ025,2024-03-03,32.4
R1391,PRJ025,2024-03-10,44.7
R1391,PRJ025,2024-03-17,36.2
R1391,PRJ025,2024-03-24,40.3
R1391,PRJ025,2024-03-31,41.2
R1391,PRJ025,2024-04-07,41.0
R1391,PRJ025,2024-04-14,34.0
R1391,PRJ025,2024-04-21,37.5
R1391,PRJ025,2024-04-28,26.8
R1392,PRJ328,2024-03-03,27.1
R1392,PRJ328,2024-03-10,34.9
R1392,PRJ328,2024-03-17,25.8
R1392,PRJ328,2024-03-24,23.5
R1392,PRJ328,2024-03-31,25.0
R1392,PRJ328,2024-04-07,22.6
R1392,PRJ328,2024-04-14,31.2
R1392,PRJ328,2024-04-21,34.9
R1392,PRJ328,2024-04-28,39.9
R1392,PRJ242,2024-03-03,24.0
R1392,PRJ242,2024-03-10,19.9
R1392,PRJ242,2024-03-17,22.5
R1392,PRJ242,2024-03-24,24.1
R1392,PRJ242,2024-03-31,29.3
R1392,PRJ242,2024-04-07,22.9
R1392,PRJ242,2024-04-14,26.7
R1392,PRJ242,2024-04-21,29.5
R1392,PRJ242,2024-04-28,28.1
R1392,PRJ594,2024-03-03,7.5
R1392,PRJ594,2024-03-10,6.1
R1392,PRJ594,2024-03-17,8.9
R1392,PRJ594,2024-03-31,8.4
R1392,PRJ594,2024-04-07,7.5
R1392,PRJ594,2024-04-14,8.6
R1392,PRJ594,2024-04-21,6.9
R1392,PRJ594,2024-04-28,6.9
R1393,PRJ215,2024-03-10,35.9
R1393,PRJ215,2024-03-17,33.5
R1393,PRJ215,2024-03-24,30.0
R1393,PRJ215,2024-03-31,37.3
R1393,PRJ215,2024-04-07,35.1
R1393,PRJ215,2024-04-14,44.3
R1393,PRJ215,2024-04-21,34.0
R1393,PRJ215,2024-04-28,28.3
R1393,PRJ144,2024-03-17,22.9
R1393,PRJ144,2024-03-24,18.5
R1393,PRJ144,2024-03-31,15.8
R1393,PRJ144,2024-04-07,19.1
R1393,PRJ144,2024-04-14,15.5
R1393,PRJ144,2024-04-21,17.9
R1393,PRJ144,2024-04-28,19.4
R1394,PRJ059,2024-03-10,29.1
R1394,PRJ059,2024-03-17,32.4
R1394,PRJ059,2024-03-24,24.2
R1394,PRJ059,2024-03-31,17.9
R1394,PRJ059,2024-04-07,29.2
R1394,PRJ059,2024-04-14,34.7
R1394,PRJ059,2024-04-21,24.4
R1394,PRJ059,2024-04-28,31.4
R1394,PRJ282,2024-03-10,23.6
R1394,PRJ282,2024-03-17,31.1
R1394,PRJ282,2024-03-24,27.5
R1394,PRJ282,2024-03-31,28.1
R1394,PRJ282,2024-04-07,24.0
R1394,PRJ282,2024-04-14,26.7
R1394,PRJ282,2024-04-21,30.2
R1394,PRJ282,2024-04-28,23.7
R1395,PRJ071,2024-03-03,30.0
R1395,PRJ071,2024-03-10,33.5
R1395,PRJ071,2024-03-24,35.0
R1395,PRJ071,2024-03-31,37.0
R1395,PRJ071,2024-04-07,38.7
R1395,PRJ071,2024-04-14,43.1
R1395,PRJ071,2024-04-21,30.1
R1395,PRJ071,2024-04-28,34.8
R1396,PRJ314,2024-03-03,21.8
R1396,PRJ314,2024-03-10,21.0
R1396,PRJ314,2024-03-17,22.7
R1396,PRJ314,2024-03-24,22.7
R1396,PRJ314,2024-03-31,25.4
R1396,PRJ314,2024-04-07,19.1
R1396,PRJ314,2024-04-14,26.7
R1396,PRJ314,2024-04-21,22.5
R1396,PRJ314,2024-04-28,23.9
R1396,PRJ563,2024-03-03,6.5
R1396,PRJ563,2024-03-10,7.9
R1396,PRJ563,2024-03-17,9.5
R1396,PRJ563,2024-03-24,6.4
R1396,PRJ563,2024-03-31,4.7
R1396,PRJ563,2024-04-07,7.3
R1396,PRJ563,2024-04-14,9.8
R1396,PRJ563,2024-04-21,9.3
R1396,PRJ563,2024-04-28,7.8
R1397,PRJ402,2024-03-03,23.0
R1397,PRJ402,2024-03-10,27.5
R1397,PRJ402,2024-03-17,30.3
R1397,PRJ402,2024-03-31,26.8
R1397,PRJ402,2024-04-07,17.7
R1397,PRJ402,2024-04-14,30.8
R1397,PRJ402,2024-04-21,28.0
R1398,PRJ173,2024-03-03,17.7
R1398,PRJ173,2024-03-10,12.9
R1398,PRJ173,2024-03-17,17.8
R1398,PRJ173,2024-03-24,14.2
R1398,PRJ173,2024-03-31,13.9
R1398,PRJ173,2024-04-07,19.8
R1398,PRJ173,2024-04-14,15.9
R1398,PRJ173,2024-04-21,16.7
R1398,PRJ173,2024-04-28,14.8
R1398,PRJ008,2024-03-03,18.0
R1398,PRJ008,2024-03-10,20.2
R1398,PRJ008,2024-03-17,21.3
R1398,PRJ008,2024-03-24,20.0
R1398,PRJ008,2024-03-31,21.9
R1398,PRJ008,2024-04-07,22.9
R1398,PRJ008,2024-04-14,15.7
R1398,PRJ008,2024-04-21,22.1
R1398,PRJ008,2024-04-28,21.1
R1399,PRJ125,2024-03-03,31.1
R1399,PRJ125,2024-03-10,25.2
R1399,PRJ125,2024-03-17,28.5
R1399,PRJ125,2024-03-24,33.1
R1399,PRJ125,2024-03-31,24.6
R1399,PRJ125,2024-04-07,40.0
R1399,PRJ125,2024-04-14,34.7
R1399,PRJ125,2024-04-21,26.2
R1399,PRJ125,2024-04-28,28.8
R1400,PRJ258,2024-03-10,33.4
R1400,PRJ258,2024-03-17,33.0
R1400,PRJ258,2024-03-24,38.0
R1400,PRJ258,2024-03-31,26.9
R1400,PRJ258,2024-04-07,31.7
R1400,PRJ258,2024-04-14,24.0
R1400,PRJ258,2024-04-21,29.2
R1400,PRJ258,2024-04-28,27.2
R1400,PRJ544,2024-03-03,4.5
R1400,PRJ544,2024-03-10,3.9
R1400,PRJ544,2024-03-17,3.4
R1400,PRJ544,2024-03-24,4.1
R1400,PRJ544,2024-03-31,3.9
R1400,PRJ544,2024-04-07,3.5
R1400,PRJ544,2024-04-14,6.0
R1400,PRJ544,2024-04-21,9.9
R1400,PRJ544,2024-04-28,9.3
R1401,PRJ322,2024-03-03,26.4
R1401,PRJ322,2024-03-10,24.2
R1402,PRJ404,2024-03-10,19.5
R1402,PRJ404,2024-03-17,32.1
R1402,PRJ404,2024-03-24,36.5
R1402,PRJ404,2024-03-31,36.7
R1402,PRJ404,2024-04-07,32.5
R1402,PRJ404,2024-04-14,30.4
R1402,PRJ404,2024-04-28,35.8
R1403,PRJ190,2024-03-03,31.1
R1403,PRJ190,2024-03-10,29.5
R1403,PRJ190,2024-03-17,35.4
R1403,PRJ190,2024-03-24,29.3
R1403,PRJ190,2024-03-31,34.3
R1403,PRJ190,2024-04-07,20.0
R1403,PRJ190,2024-04-14,28.1
R1403,PRJ083,2024-03-03,28.8
R1403,PRJ083,2024-03-17,22.6
R1403,PRJ083,2024-03-24,25.9
R1403,PRJ083,2024-03-31,20.8
R1403,PRJ083,2024-04-07,29.0
R1403,PRJ083,2024-04-14,26.2
R1403,PRJ083,2024-04-21,33.3
R1403,PRJ083,2024-04-28,25.6
R1404,PRJ431,2024-03-17,18.1
R1404,PRJ431,2024-03-24,16.0
R1404,PRJ431,2024-03-31,14.1
R1404,PRJ431,2024-04-07,21.0
R1404,PRJ431,2024-04-14,19.1
R1404,PRJ431,2024-04-21,17.3
R1404,PRJ431,2024-04-28,19.1
R1404,PRJ484,2024-03-03,5.5
R1404,PRJ484,2024-03-10,4.9
R1404,PRJ484,2024-03-17,5.2
R1404,PRJ484,2024-03-24,4.1
R1404,PRJ484,2024-03-31,4.7
R1404,PRJ484,2024-04-14,3.3
R1404,PRJ484,2024-04-21,4.7
R1404,PRJ484,2024-04-28,4.5
R1405,PRJ198,2024-03-03,36.6
R1405,PRJ198,2024-03-10,40.1
R1405,PRJ198,2024-03-17,35.2
R1405,PRJ198,2024-03-24,27.3
R1405,PRJ198,2024-03-31,33.9
R1405,PRJ198,2024-04-07,15.8
R1405,PRJ198,2024-04-14,31.5
R1406,PRJ412,2024-03-03,21.9
R1406,PRJ412,2024-03-10,27.3
R1406,PRJ412,2024-03-24,28.8
R1406,PRJ412,2024-03-31,23.5
R1406,PRJ412,2024-04-07,21.6
R1406,PRJ412,2024-04-14,22.8
R1406,PRJ412,2024-04-21,25.3
R1406,PRJ412,2024-04-28,16.9
R1406,PRJ020,2024-03-03,27.7
R1406,PRJ020,2024-03-10,15.5
R1406,PRJ020,2024-03-17,16.2
R1406,PRJ020,2024-03-24,22.9
R1406,PRJ020,2024-04-07,15.7
R1406,PRJ020,2024-04-14,20.9
R1406,PRJ020,2024-04-21,21.0
R1407,PRJ379,2024-03-03,14.2
R1407,PRJ379,2024-03-10,14.4
R1407,PRJ379,2024-03-17,19.4
R1407,PRJ379,2024-03-24,21.8
R1407,PRJ379,2024-03-31,13.5
R1407,PRJ379,2024-04-07,12.0
R1407,PRJ379,2024-04-14,15.7
R1407,PRJ379,2024-04-21,14.7
R1407,PRJ379,2024-04-28,18.1
R1408,PRJ032,2024-03-03,16.4
R1408,PRJ032,2024-03-10,15.6
R1408,PRJ032,2024-03-17,17.2
R1408,PRJ032,2024-03-24,19.6
R1408,PRJ032,2024-03-31,11.3
R1408,PRJ032,2024-04-07,15.8
R1408,PRJ032,2024-04-14,13.3
R1408,PRJ032,2024-04-21,17.4
R1408,PRJ032,2024-04-28,19.0
R1408,PRJ611,2024-03-03,2.4
R1408,PRJ611,2024-03-10,2.4
R1408,PRJ611,2024-03-17,2.3
R1408,PRJ611,2024-03-24,2.2
R1408,PRJ611,2024-03-31,2.5
R1408,PRJ611,2024-04-07,2.7
R1408,PRJ611,2024-04-14,1.5
R1408,PRJ611,2024-04-21,2.1
R1408,PRJ611,2024-04-28,1.5
R1409,PRJ297,2024-03-03,25.1
R1409,PRJ297,2024-03-10,29.7
R1409,PRJ297,2024-03-17,24.0
R1409,PRJ297,2024-03-24,24.4
R1409,PRJ297,2024-03-31,30.2
R1409,PRJ297,2024-04-07,32.1
R1409,PRJ297,2024-04-14,20.0
R1409,PRJ297,2024-04-21,28.0
R1409,PRJ297,2024-04-28,27.5
R1409,PRJ066,2024-03-03,26.6
R1409,PRJ066,2024-03-10,27.3
R1409,PRJ066,2024-03-17,19.8
R1409,PRJ066,2024-03-24,18.7
R1409,PRJ066,2024-03-31,25.0
R1409,PRJ066,2024-04-07,20.8
R1409,PRJ066,2024-04-14,24.4
R1409,PRJ066,2024-04-21,23.9
R1409,PRJ066,2024-04-28,38.0
R1410,PRJ432,2024-03-03,20.8
R1410,PRJ432,2024-03-10,19.4
R1410,PRJ432,2024-03-17,16.4
R1410,PRJ432,2024-03-24,23.5
R1410,PRJ432,2024-03-31,20.5
R1410,PRJ432,2024-04-07,24.5
R1410,PRJ432,2024-04-14,24.1
R1410,PRJ432,2024-04-21,23.8
R1411,PRJ431,2024-03-10,14.3
R1411,PRJ431,2024-03-17,16.4
R1411,PRJ431,2024-03-24,14.3
R1411,PRJ431,2024-03-31,13.7
R1411,PRJ431,2024-04-07,12.9
R1411,PRJ245,2024-03-03,19.0
R1411,PRJ245,2024-03-10,27.3
R1411,PRJ245,2024-03-17,25.9
R1411,PRJ245,2024-03-24,24.1
R1411,PRJ245,2024-03-31,23.5
R1411,PRJ245,2024-04-07,30.6
R1411,PRJ245,2024-04-14,26.8
R1411,PRJ245,2024-04-21,28.4
R1411,PRJ245,2024-04-28,23.7
R1412,PRJ161,2024-03-17,26.1
R1412,PRJ161,2024-03-24,19.5
R1412,PRJ161,2024-04-07,24.3
R1412,PRJ161,2024-04-14,26.8
R1412,PRJ161,2024-04-21,27.4
R1412,PRJ161,2024-04-28,25.6
R1412,PRJ284,2024-03-03,20.2
R1412,PRJ284,2024-03-10,17.8
R1412,PRJ284,2024-03-17,28.1
R1412,PRJ284,2024-03-24,17.1
R1412,PRJ284,2024-03-31,26.8
R1412,PRJ284,2024-04-14,19.1
R1412,PRJ284,2024-04-21,26.2
R1412,PRJ284,2024-04-28,19.6
R1412,PRJ635,2024-03-03,5.4
R1412,PRJ635,2024-03-10,6.4
R1412,PRJ635,2024-03-24,6.9
R1412,PRJ635,2024-03-31,4.5
R1412,PRJ635,2024-04-07,5.9
R1412,PRJ635,2024-04-14,8.3
R1412,PRJ635,2024-04-21,5.8
R1412,PRJ635,2024-04-28,5.6
R1413,PRJ093,2024-03-03,24.6
R1413,PRJ093,2024-03-10,34.3
R1414,PRJ029,2024-03-24,17.5
R1414,PRJ029,2024-04-07,20.3
R1414,PRJ029,2024-04-14,17.3
R1414,PRJ029,2024-04-21,29.8
R1414,PRJ029,2024-04-28,31.2
R1414,PRJ105,2024-03-03,39.6
R1414,PRJ105,2024-03-10,33.1
R1414,PRJ105,2024-03-24,32.8
R1414,PRJ105,2024-04-07,29.3
R1414,PRJ105,2024-04-14,34.9
R1414,PRJ105,2024-04-21,34.4
R1414,PRJ105,2024-04-28,26.3
R1415,PRJ356,2024-03-03,16.3
R1415,PRJ356,2024-03-10,18.5
R1415,PRJ356,2024-03-17,18.0
R1415,PRJ356,2024-03-24,34.9
R1415,PRJ356,2024-03-31,26.3
R1415,PRJ356,2024-04-07,33.4
R1415,PRJ356,2024-04-14,28.0
R1415,PRJ356,2024-04-21,39.3
R1415,PRJ356,2024-04-28,30.6
R1416,PRJ350,2024-03-03,17.2
R1416,PRJ350,2024-03-10,28.5
R1416,PRJ350,2024-03-17,23.3
R1416,PRJ350,2024-03-24,31.2
R1416,PRJ350,2024-03-31,33.3
R1416,PRJ350,2024-04-07,22.1
R1416,PRJ350,2024-04-14,22.9
R1416,PRJ350,2024-04-21,30.0
R1416,PRJ350,2024-04-28,24.3
R1416,PRJ058,2024-03-03,31.5
R1416,PRJ058,2024-03-10,21.5
R1416,PRJ058,2024-03-17,21.7
R1416,PRJ058,2024-03-24,21.2
R1416,PRJ058,2024-03-31,20.7
R1416,PRJ058,2024-04-07,22.8
R1416,PRJ548,2024-03-10,4.5
R1416,PRJ548,2024-03-17,5.6
R1416,PRJ548,2024-03-24,6.5
R1416,PRJ548,2024-03-31,5.3
R1416,PRJ548,2024-04-07,5.4
R1416,PRJ548,2024-04-14,7.3
R1416,PRJ548,2024-04-21,6.6
R1417,PRJ101,2024-03-03,18.7
R1417,PRJ101,2024-03-10,19.9
R1417,PRJ101,2024-03-17,24.5
R1417,PRJ101,2024-03-24,13.9
R1417,PRJ101,2024-03-31,23.2
R1417,PRJ101,2024-04-07,20.7
R1417,PRJ101,2024-04-14,17.0
R1417,PRJ101,2024-04-21,16.0
R1417,PRJ101,2024-04-28,19.8
R1417,PRJ090,2024-03-03,23.3
R1417,PRJ090,2024-03-10,22.9
R1417,PRJ090,2024-03-17,22.5
R1417,PRJ090,2024-03-24,17.0
R1417,PRJ090,2024-03-31,24.2
R1417,PRJ090,2024-04-14,22.8
R1417,PRJ090,2024-04-21,20.8
R1417,PRJ090,2024-04-28,22.4
R1418,PRJ007,2024-03-03,26.6
R1418,PRJ007,2024-03-10,26.6
R1418,PRJ007,2024-03-17,32.9
R1418,PRJ007,2024-03-24,25.4
R1418,PRJ007,2024-03-31,29.1
R1418,PRJ007,2024-04-07,30.7
R1418,PRJ007,2024-04-14,32.4
R1418,PRJ007,2024-04-21,34.2
R1418,PRJ007,2024-04-28,12.7
R1418,PRJ104,2024-03-03,21.2
R1418,PRJ104,2024-03-10,22.6
R1418,PRJ104,2024-03-17,19.2
R1418,PRJ104,2024-03-24,29.9
R1418,PRJ104,2024-03-31,32.6
R1418,PRJ104,2024-04-07,28.9
R1418,PRJ104,2024-04-14,32.3
R1418,PRJ104,2024-04-21,32.5
R1418,PRJ104,2024-04-28,36.3
R1419,PRJ333,2024-03-03,29.2
R1419,PRJ333,2024-03-10,24.9
R1419,PRJ333,2024-03-17,28.9
R1419,PRJ333,2024-03-24,27.0
R1419,PRJ333,2024-03-31,28.4
R1419,PRJ333,2024-04-07,30.2
R1419,PRJ333,2024-04-21,31.3
R1419,PRJ333,2024-04-28,26.4
R1420,PRJ431,2024-03-03,24.9
R1420,PRJ431,2024-03-10,23.5
R1420,PRJ431,2024-03-17,24.6
R1420,PRJ431,2024-03-24,29.5
R1420,PRJ431,2024-04-07,25.4
R1420,PRJ431,2024-04-14,16.7
R1420,PRJ431,2024-04-21,27.6
R1420,PRJ404,2024-03-03,41.0
R1420,PRJ404,2024-03-10,30.6
R1420,PRJ404,2024-03-17,31.4
R1420,PRJ404,2024-03-31,29.5
R1420,PRJ404,2024-04-07,37.5
R1420,PRJ404,2024-04-14,27.9
R1420,PRJ404,2024-04-21,31.0
R1420,PRJ404,2024-04-28,37.5
R1420,PRJ577,2024-03-10,5.5
R1420,PRJ577,2024-03-17,8.3
R1420,PRJ577,2024-03-24,6.1
R1420,PRJ577,2024-03-31,4.4
R1420,PRJ577,2024-04-14,6.1
R1420,PRJ577,2024-04-21,3.9
R1420,PRJ577,2024-04-28,7.0
R1421,PRJ144,2024-03-03,14.8
R1421,PRJ144,2024-03-10,24.7
R1421,PRJ144,2024-03-17,18.2
R1421,PRJ144,2024-03-24,20.4
R1421,PRJ144,2024-04-07,27.2
R1421,PRJ144,2024-04-14,31.2
R1421,PRJ144,2024-04-21,25.6
R1421,PRJ144,2024-04-28,31.2
R1422,PRJ090,2024-03-03,26.3
R1422,PRJ090,2024-03-24,32.2
R1422,PRJ090,2024-04-07,30.8
R1422,PRJ090,2024-04-14,17.8
R1422,PRJ090,2024-04-21,19.0
R1422,PRJ090,2024-04-28,20.3
R1423,PRJ347,2024-03-17,25.6
R1423,PRJ347,2024-03-24,13.0
R1423,PRJ347,2024-03-31,23.0
R1423,PRJ347,2024-04-14,24.3
R1423,PRJ347,2024-04-21,24.2
R1423,PRJ347,2024-04-28,21.8
R1423,PRJ076,2024-03-17,11.7
R1423,PRJ076,2024-03-24,15.7
R1423,PRJ076,2024-03-31,18.5
R1423,PRJ076,2024-04-07,17.1
R1423,PRJ076,2024-04-14,16.3
R1423,PRJ076,2024-04-21,21.4
R1423,PRJ076,2024-04-28,20.2
R1424,PRJ145,2024-03-03,30.8
R1424,PRJ145,2024-03-10,26.6
R1425,PRJ336,2024-03-03,31.7
R1425,PRJ336,2024-03-10,18.9
R1425,PRJ336,2024-03-17,20.6
R1425,PRJ336,2024-03-24,28.4
R1425,PRJ336,2024-03-31,28.7
R1425,PRJ336,2024-04-07,22.6
R1425,PRJ336,2024-04-14,29.6
R1425,PRJ336,2024-04-21,20.3
R1425,PRJ336,2024-04-28,25.9
R1426,PRJ232,2024-03-03,21.7
R1426,PRJ232,2024-03-10,19.8
R1426,PRJ232,2024-03-17,14.7
R1426,PRJ232,2024-03-24,21.6
R1426,PRJ232,2024-03-31,22.6
R1426,PRJ232,2024-04-07,19.4
R1426,PRJ232,2024-04-21,19.2
R1426,PRJ232,2024-04-28,20.9
R1426,PRJ010,2024-03-03,34.2
R1426,PRJ010,2024-03-10,36.2
R1426,PRJ010,2024-03-17,30.0
R1426,PRJ010,2024-03-24,23.1
R1426,PRJ010,2024-03-31,32.6
R1426,PRJ010,2024-04-14,29.8
R1426,PRJ010,2024-04-21,26.8
R1426,PRJ010,2024-04-28,32.0
R1427,PRJ432,2024-03-10,38.9
R1427,PRJ432,2024-03-17,27.2
R1427,PRJ432,2024-03-24,31.3
R1427,PRJ432,2024-03-31,34.7
R1427,PRJ432,2024-04-07,37.6
R1427,PRJ432,2024-04-14,23.6
R1427,PRJ432,2024-04-21,31.6
R1427,PRJ432,2024-04-28,35.3
R1428,PRJ408,2024-03-03,36.4
R1428,PRJ408,2024-03-10,22.4
R1428,PRJ408,2024-03-17,29.1
R1428,PRJ408,2024-03-24,23.3
R1428,PRJ408,2024-03-31,29.9
R1428,PRJ408,2024-04-07,26.0
R1428,PRJ408,2024-04-14,27.3
R1428,PRJ408,2024-04-21,29.2
R1428,PRJ408,2024-04-28,34.9
R1428,PRJ265,2024-03-03,27.5
R1428,PRJ265,2024-03-10,38.0
R1428,PRJ265,2024-03-17,32.9
R1428,PRJ265,2024-03-24,25.8
R1428,PRJ265,2024-03-31,32.5
R1428,PRJ265,2024-04-07,29.2
R1428,PRJ265,2024-04-14,34.3
R1428,PRJ265,2024-04-21,32.9
R1428,PRJ265,2024-04-28,33.4
R1428,PRJ609,2024-03-03,6.5
R1428,PRJ609,2024-03-10,6.8
R1428,PRJ609,2024-03-17,6.2
R1428,PRJ609,2024-03-24,8.3
R1428,PRJ609,2024-03-31,5.6
R1428,PRJ609,2024-04-07,7.2
R1428,PRJ609,2024-04-14,7.2
R1428,PRJ609,2024-04-21,6.2
R1428,PRJ609,2024-04-28,6.3
R1429,PRJ345,2024-03-03,34.9
R1429,PRJ345,2024-03-17,29.4
R1429,PRJ345,2024-03-24,36.2
R1429,PRJ345,2024-03-31,35.4
R1429,PRJ345,2024-04-07,31.6
R1429,PRJ345,2024-04-14,34.5
R1429,PRJ345,2024-04-21,34.5
R1429,PRJ345,2024-04-28,33.9
R1430,PRJ328,2024-03-03,25.5
R1430,PRJ328,2024-03-10,27.0
R1430,PRJ328,2024-03-17,26.4
R1430,PRJ328,2024-03-24,23.6
R1430,PRJ328,2024-03-31,21.6
R1430,PRJ328,2024-04-07,26.2
R1431,PRJ043,2024-03-03,36.0
R1431,PRJ043,2024-03-10,33.0
R1431,PRJ043,2024-03-17,29.8
R1431,PRJ043,2024-03-24,24.2
R1431,PRJ043,2024-03-31,40.6
R1431,PRJ043,2024-04-07,34.6
R1431,PRJ043,2024-04-14,34.2
R1431,PRJ043,2024-04-21,30.5
R1431,PRJ043,2024-04-28,24.3
R1432,PRJ168,2024-03-10,24.0
R1432,PRJ168,2024-03-17,23.0
R1432,PRJ168,2024-03-24,22.3
R1432,PRJ168,2024-03-31,20.9
R1432,PRJ168,2024-04-07,17.3
R1432,PRJ168,2024-04-14,28.1
R1432,PRJ168,2024-04-21,13.9
R1432,PRJ377,2024-03-03,13.3
R1432,PRJ377,2024-03-10,29.1
R1432,PRJ377,2024-03-17,27.3
R1432,PRJ377,2024-03-24,22.2
R1432,PRJ377,2024-03-31,20.6
R1432,PRJ377,2024-04-07,18.7
R1432,PRJ377,2024-04-14,24.0
R1432,PRJ377,2024-04-21,22.8
R1432,PRJ377,2024-04-28,16.6
R1432,PRJ473,2024-03-10,3.8
R1432,PRJ473,2024-03-17,8.7
R1432,PRJ473,2024-03-24,6.9
R1432,PRJ473,2024-03-31,8.2
R1432,PRJ473,2024-04-07,6.6
R1432,PRJ473,2024-04-14,8.5
R1432,PRJ473,2024-04-21,7.7
R1432,PRJ473,2024-04-28,10.4
R1433,PRJ395,2024-03-10,19.2
R1433,PRJ395,2024-03-17,24.3
R1433,PRJ395,2024-03-24,22.2
R1433,PRJ395,2024-03-31,18.7
R1433,PRJ395,2024-04-07,19.6
R1433,PRJ395,2024-04-14,19.0
R1434,PRJ095,2024-03-03,26.0
R1434,PRJ095,2024-03-10,21.5
R1434,PRJ095,2024-03-24,20.9
R1434,PRJ095,2024-03-31,18.4
R1434,PRJ095,2024-04-07,25.1
R1434,PRJ095,2024-04-14,19.2
R1434,PRJ095,2024-04-21,20.1
R1434,PRJ095,2024-04-28,17.8
R1434,PRJ044,2024-03-17,30.4
R1434,PRJ044,2024-03-24,32.2
R1434,PRJ044,2024-03-31,31.1
R1434,PRJ044,2024-04-07,32.8
R1434,PRJ044,2024-04-14,25.9
R1434,PRJ044,2024-04-21,27.5
R1434,PRJ044,2024-04-28,30.7
R1435,PRJ239,2024-03-17,25.4
R1435,PRJ239,2024-03-24,26.9
R1435,PRJ239,2024-03-31,13.8
R1435,PRJ239,2024-04-07,24.9
R1435,PRJ239,2024-04-14,24.1
R1435,PRJ239,2024-04-21,21.6
R1435,PRJ239,2024-04-28,26.4
R1435,PRJ089,2024-03-03,15.9
R1435,PRJ089,2024-03-17,19.0
R1435,PRJ089,2024-03-24,22.8
R1435,PRJ089,2024-03-31,18.1
R1435,PRJ089,2024-04-07,18.8
R1435,PRJ089,2024-04-14,31.9
R1435,PRJ089,2024-04-21,28.6
R1436,PRJ315,2024-03-03,36.2
R1436,PRJ315,2024-03-10,34.7
R1436,PRJ315,2024-03-17,33.1
R1437,PRJ224,2024-03-03,16.0
R1437,PRJ224,2024-03-10,17.7
R1437,PRJ224,2024-03-17,19.8
R1437,PRJ224,2024-03-31,15.6
R1437,PRJ224,2024-04-07,17.3
R1437,PRJ224,2024-04-14,15.1
R1437,PRJ224,2024-04-21,17.2
R1437,PRJ224,2024-04-28,19.5
R1438,PRJ221,2024-03-10,23.2
R1438,PRJ221,2024-03-17,20.7
R1438,PRJ221,2024-03-24,23.9
R1438,PRJ221,2024-03-31,21.7
R1438,PRJ221,2024-04-07,21.4
R1438,PRJ221,2024-04-14,20.9
R1438,PRJ221,2024-04-21,22.0
R1438,PRJ221,2024-04-28,16.1
R1439,PRJ085,2024-03-03,27.4
R1439,PRJ085,2024-03-10,27.4
R1439,PRJ085,2024-03-17,28.9
R1439,PRJ085,2024-03-24,25.0
R1439,PRJ085,2024-03-31,26.5
R1439,PRJ085,2024-04-07,24.0
R1439,PRJ085,2024-04-14,26.5
R1439,PRJ085,2024-04-28,30.4
R1439,PRJ140,2024-03-17,11.8
R1439,PRJ140,2024-03-24,17.6
R1439,PRJ140,2024-03-31,16.1
R1439,PRJ140,2024-04-07,13.5
R1439,PRJ140,2024-04-14,15.8
R1439,PRJ140,2024-04-21,14.8
R1439,PRJ140,2024-04-28,18.7
R1440,PRJ270,2024-03-03,23.2
R1440,PRJ270,2024-03-10,24.3
R1440,PRJ270,2024-03-17,23.1
R1440,PRJ270,2024-03-24,22.8
R1440,PRJ270,2024-03-31,20.6
R1440,PRJ270,2024-04-07,28.6
R1440,PRJ270,2024-04-21,21.0
R1440,PRJ270,2024-04-28,19.8
R1440,PRJ632,2024-03-03,6.0
R1440,PRJ632,2024-03-10,9.4
R1440,PRJ632,2024-03-17,8.6
R1440,PRJ632,2024-03-24,7.2
R1440,PRJ632,2024-03-31,5.9
R1440,PRJ632,2024-04-07,8.2
R1440,PRJ632,2024-04-14,7.3
R1440,PRJ632,2024-04-21,8.7
R1441,PRJ375,2024-03-03,26.4
R1441,PRJ375,2024-03-17,30.0
R1441,PRJ375,2024-03-24,33.9
R1441,PRJ375,2024-03-31,28.0
R1441,PRJ375,2024-04-07,33.3
R1441,PRJ375,2024-04-14,28.8
R1441,PRJ375,2024-04-21,35.8
R1441,PRJ375,2024-04-28,43.8
R1442,PRJ331,2024-03-03,41.7
R1442,PRJ331,2024-03-10,37.8
R1442,PRJ331,2024-03-17,24.8
R1442,PRJ331,2024-03-24,31.8
R1442,PRJ331,2024-03-31,32.4
R1442,PRJ331,2024-04-14,28.7
R1442,PRJ331,2024-04-21,36.7
R1442,PRJ331,2024-04-28,27.5
R1442,PRJ322,2024-03-03,26.5
R1442,PRJ322,2024-03-10,33.9
R1442,PRJ322,2024-03-17,37.5
R1442,PRJ322,2024-03-24,32.7
R1442,PRJ322,2024-03-31,41.7
R1443,PRJ396,2024-03-03,21.5
R1443,PRJ396,2024-03-10,26.9
R1443,PRJ396,2024-03-17,25.6
R1443,PRJ396,2024-03-24,24.5
R1443,PRJ396,2024-03-31,24.4
R1443,PRJ396,2024-04-07,27.1
R1443,PRJ396,2024-04-14,22.7
R1443,PRJ396,2024-04-21,13.9
R1444,PRJ005,2024-03-03,41.6
R1444,PRJ005,2024-03-10,41.6
R1444,PRJ005,2024-03-17,33.1
R1444,PRJ005,2024-03-24,32.3
R1444,PRJ005,2024-03-31,39.2
R1444,PRJ005,2024-04-07,32.0
R1444,PRJ005,2024-04-14,38.1
R1444,PRJ215,2024-03-24,18.9
R1444,PRJ215,2024-03-31,26.5
R1444,PRJ215,2024-04-07,19.7
R1444,PRJ215,2024-04-14,21.0
R1444,PRJ215,2024-04-21,19.8
R1444,PRJ215,2024-04-28,17.3
R1444,PRJ520,2024-03-03,4.7
R1444,PRJ520,2024-03-10,4.6
R1444,PRJ520,2024-03-24,4.7
R1444,PRJ520,2024-03-31,5.7
R1444,PRJ520,2024-04-07,5.0
R1444,PRJ520,2024-04-14,5.0
R1444,PRJ520,2024-04-21,5.2
R1444,PRJ520,2024-04-28,4.9
R1445,PRJ044,2024-03-03,15.7
R1445,PRJ044,2024-03-10,18.5
R1445,PRJ044,2024-03-17,14.8
R1445,PRJ044,2024-03-24,15.0
R1445,PRJ044,2024-03-31,14.3
R1445,PRJ044,2024-04-07,16.1
R1445,PRJ044,2024-04-14,12.8
R1446,PRJ101,2024-03-03,31.3
R1446,PRJ101,2024-03-10,37.2
R1446,PRJ101,2024-03-17,38.2
R1446,PRJ101,2024-03-24,39.8
R1446,PRJ101,2024-03-31,38.8
R1446,PRJ101,2024-04-07,36.0
R1446,PRJ101,2024-04-14,38.2
R1446,PRJ101,2024-04-21,46.3
R1446,PRJ101,2024-04-28,27.7
R1447,PRJ331,2024-03-03,33.2
R1447,PRJ331,2024-03-17,21.9
R1447,PRJ331,2024-03-24,27.9
R1447,PRJ331,2024-03-31,21.9
R1447,PRJ331,2024-04-07,30.6
R1447,PRJ331,2024-04-14,28.0
R1447,PRJ331,2024-04-21,29.7
R1447,PRJ331,2024-04-28,27.2
R1448,PRJ369,2024-03-03,17.5
R1448,PRJ369,2024-03-10,20.2
R1449,PRJ331,2024-03-03,36.7
R1449,PRJ331,2024-03-10,30.0
R1449,PRJ331,2024-03-24,30.3
R1449,PRJ331,2024-03-31,29.4
R1449,PRJ331,2024-04-07,27.5
R1449,PRJ331,2024-04-14,26.2
R1449,PRJ331,2024-04-21,34.9
R1449,PRJ070,2024-03-03,23.8
R1449,PRJ070,2024-03-10,33.9
R1449,PRJ070,2024-03-17,35.2
R1449,PRJ070,2024-03-24,40.3
R1449,PRJ070,2024-03-31,18.7
R1449,PRJ070,2024-04-07,37.5
R1449,PRJ070,2024-04-14,34.7
R1449,PRJ070,2024-04-21,33.7
R1449,PRJ070,2024-04-28,44.7
R1450,PRJ332,2024-03-03,22.0
R1450,PRJ332,2024-03-10,25.2
R1450,PRJ332,2024-03-17,18.3
R1450,PRJ332,2024-03-24,19.3
R1450,PRJ332,2024-04-07,17.1
R1450,PRJ332,2024-04-14,18.9
R1450,PRJ332,2024-04-21,18.8
R1450,PRJ332,2024-04-28,21.7
R1451,PRJ295,2024-03-10,20.9
R1451,PRJ295,2024-03-17,21.8
R1451,PRJ295,2024-03-24,20.6
R1451,PRJ295,2024-04-14,20.3
R1451,PRJ295,2024-04-21,24.7
R1451,PRJ295,2024-04-28,20.2
R1451,PRJ268,2024-03-03,33.0
R1451,PRJ268,2024-03-10,23.4
R1451,PRJ268,2024-03-17,34.7
R1451,PRJ268,2024-03-24,40.6
R1451,PRJ268,2024-03-31,26.5
R1451,PRJ268,2024-04-07,28.6
R1451,PRJ268,2024-04-14,32.4
R1451,PRJ268,2024-04-21,31.7
R1451,PRJ268,2024-04-28,36.9
R1452,PRJ213,2024-03-10,25.7
R1452,PRJ213,2024-03-17,17.0
R1452,PRJ213,2024-03-24,18.2
R1452,PRJ213,2024-03-31,19.7
R1452,PRJ213,2024-04-07,17.9
R1452,PRJ213,2024-04-14,20.5
R1452,PRJ213,2024-04-21,30.3
R1452,PRJ213,2024-04-28,25.5
R1452,PRJ555,2024-03-03,3.2
R1452,PRJ555,2024-03-10,2.7
R1452,PRJ555,2024-03-17,2.5
R1452,PRJ555,2024-03-24,2.2
R1452,PRJ555,2024-03-31,3.6
R1452,PRJ555,2024-04-07,3.1
R1452,PRJ555,2024-04-14,2.9
R1452,PRJ555,2024-04-21,2.4
R1452,PRJ555,2024-04-28,2.5
R1453,PRJ108,2024-03-03,20.7
R1453,PRJ108,2024-03-10,21.8
R1453,PRJ108,2024-03-17,21.1
R1453,PRJ108,2024-03-24,22.0
R1453,PRJ108,2024-03-31,26.0
R1453,PRJ108,2024-04-07,22.8
R1453,PRJ108,2024-04-14,22.1
R1453,PRJ108,2024-04-21,18.5
R1453,PRJ108,2024-04-28,16.6
R1453,PRJ122,2024-03-03,42.5
R1453,PRJ122,2024-03-10,32.8
R1453,PRJ122,2024-03-17,37.7
R1453,PRJ122,2024-03-24,27.6
R1453,PRJ122,2024-03-31,25.8
R1453,PRJ122,2024-04-07,40.2
R1453,PRJ122,2024-04-14,31.4
R1453,PRJ122,2024-04-21,37.6
R1453,PRJ122,2024-04-28,31.5
R1454,PRJ189,2024-03-10,27.4
R1454,PRJ189,2024-03-17,25.6
R1454,PRJ189,2024-03-24,24.7
R1454,PRJ189,2024-03-31,25.7
R1454,PRJ189,2024-04-07,16.3
R1454,PRJ189,2024-04-14,23.1
R1454,PRJ189,2024-04-21,25.6
R1454,PRJ189,2024-04-28,20.4
R1455,PRJ331,2024-03-03,17.6
R1455,PRJ331,2024-03-10,24.0
R1455,PRJ331,2024-03-17,18.1
R1455,PRJ331,2024-03-24,16.7
R1455,PRJ331,2024-03-31,19.5
R1455,PRJ331,2024-04-07,15.2
R1455,PRJ331,2024-04-14,20.3
R1455,PRJ331,2024-04-21,17.3
R1455,PRJ331,2024-04-28,23.4
R1456,PRJ431,2024-03-03,26.8
R1456,PRJ431,2024-03-10,27.5
R1456,PRJ431,2024-03-17,26.0
R1456,PRJ431,2024-03-24,29.4
R1456,PRJ431,2024-03-31,22.4
R1456,PRJ431,2024-04-07,19.4
R1456,PRJ431,2024-04-14,24.8
R1456,PRJ431,2024-04-21,19.3
R1456,PRJ431,2024-04-28,18.6
R1456,PRJ572,2024-03-03,3.9
R1456,PRJ572,2024-03-10,4.2
R1456,PRJ572,2024-03-17,4.8
R1456,PRJ572,2024-03-24,4.5
R1456,PRJ572,2024-03-31,4.4
R1456,PRJ572,2024-04-07,4.4
R1456,PRJ572,2024-04-14,4.3
R1456,PRJ572,2024-04-21,4.9
R1456,PRJ572,2024-04-28,4.2
R1457,PRJ364,2024-03-03,20.9
R1457,PRJ364,2024-03-10,37.2
R1457,PRJ364,2024-03-17,36.9
R1457,PRJ364,2024-03-24,27.6
R1457,PRJ364,2024-03-31,29.5
R1457,PRJ364,2024-04-07,30.4
R1457,PRJ364,2024-04-14,38.0
R1457,PRJ160,2024-03-03,25.7
R1457,PRJ160,2024-03-10,33.0
R1457,PRJ160,2024-03-17,30.4
R1457,PRJ160,2024-03-24,19.1
R1457,PRJ160,2024-03-31,27.2
R1457,PRJ160,2024-04-07,24.2
R1457,PRJ160,2024-04-14,27.1
R1457,PRJ160,2024-04-21,19.2
R1457,PRJ160,2024-04-28,35.8
R1458,PRJ294,2024-03-03,32.3
R1458,PRJ294,2024-03-10,32.8
R1458,PRJ294,2024-03-17,42.7
R1458,PRJ294,2024-03-24,27.8
R1458,PRJ294,2024-03-31,37.0
R1458,PRJ294,2024-04-07,30.7
R1458,PRJ294,2024-04-14,25.3
R1458,PRJ294,2024-04-21,37.7
R1458,PRJ294,2024-04-28,41.1
R1459,PRJ078,2024-03-03,19.8
R1459,PRJ078,2024-03-10,11.8
R1460,PRJ258,2024-03-17,29.4
R1460,PRJ258,2024-03-24,32.1
R1460,PRJ258,2024-03-31,32.9
R1460,PRJ258,2024-04-07,35.0
R1460,PRJ258,2024-04-14,43.6
R1460,PRJ258,2024-04-21,38.5
R1460,PRJ258,2024-04-28,34.1
R1460,PRJ267,2024-03-03,20.7
R1460,PRJ267,2024-03-10,13.7
R1460,PRJ267,2024-03-17,23.9
R1460,PRJ267,2024-03-24,19.4
R1460,PRJ267,2024-03-31,18.8
R1460,PRJ267,2024-04-07,18.0
R1460,PRJ267,2024-04-14,17.7
R1460,PRJ267,2024-04-21,21.7
R1460,PRJ627,2024-03-03,7.4
R1460,PRJ627,2024-03-10,6.7
R1460,PRJ627,2024-03-17,5.5
R1460,PRJ627,2024-03-24,7.4
R1460,PRJ627,2024-03-31,5.8
R1460,PRJ627,2024-04-07,7.0
R1460,PRJ627,2024-04-14,8.8
R1460,PRJ627,2024-04-21,6.1
R1460,PRJ627,2024-04-28,5.7
R1461,PRJ259,2024-03-03,14.4
R1461,PRJ259,2024-03-10,17.6
R1461,PRJ259,2024-03-17,16.3
R1461,PRJ259,2024-03-24,19.1
R1461,PRJ259,2024-03-31,22.2
R1461,PRJ259,2024-04-07,19.5
R1461,PRJ259,2024-04-14,23.9
R1461,PRJ259,2024-04-21,31.0
R1461,PRJ259,2024-04-28,27.5
R1461,PRJ429,2024-03-03,37.9
R1461,PRJ429,2024-03-10,38.8
R1461,PRJ429,2024-03-17,34.3
R1461,PRJ429,2024-03-24,32.6
R1461,PRJ429,2024-03-31,36.3
R1461,PRJ429,2024-04-07,31.4
R1461,PRJ429,2024-04-14,38.9
R1461,PRJ429,2024-04-21,37.4
R1461,PRJ429,2024-04-28,32.4
R1462,PRJ307,2024-03-17,21.2
R1462,PRJ307,2024-03-24,25.8
R1462,PRJ307,2024-03-31,28.8
R1462,PRJ307,2024-04-07,27.8
R1462,PRJ307,2024-04-14,20.7
R1462,PRJ307,2024-04-21,26.6
R1462,PRJ307,2024-04-28,27.0
R1462,PRJ096,2024-03-03,30.3
R1462,PRJ096,2024-03-10,31.5
R1462,PRJ096,2024-03-17,34.7
R1462,PRJ096,2024-03-24,32.0
R1462,PRJ096,2024-03-31,22.3
R1462,PRJ096,2024-04-07,27.7
R1462,PRJ096,2024-04-14,29.4
R1463,PRJ421,2024-03-17,18.2
R1463,PRJ421,2024-03-24,23.1
R1463,PRJ421,2024-03-31,21.7
R1463,PRJ421,2024-04-07,16.6
R1463,PRJ421,2024-04-14,21.7
R1464,PRJ352,2024-03-03,32.9
R1464,PRJ352,2024-03-10,28.0
R1464,PRJ352,2024-03-17,30.3
R1464,PRJ352,2024-03-24,29.3
R1464,PRJ352,2024-03-31,24.4
R1464,PRJ352,2024-04-07,30.6
R1464,PRJ352,2024-04-21,31.7
R1464,PRJ445,2024-03-03,17.0
R1464,PRJ445,2024-03-10,21.0
R1464,PRJ445,2024-03-31,17.7
R1464,PRJ445,2024-04-07,18.8
R1464,PRJ445,2024-04-14,15.7
R1464,PRJ609,2024-03-03,6.5
R1464,PRJ609,2024-03-10,6.6
R1464,PRJ609,2024-03-17,6.7
R1464,PRJ609,2024-03-24,6.0
R1464,PRJ609,2024-03-31,4.9
R1464,PRJ609,2024-04-07,6.1
R1464,PRJ609,2024-04-14,7.6
R1464,PRJ609,2024-04-21,6.3
R1464,PRJ609,2024-04-28,8.0
R1465,PRJ164,2024-03-03,14.2
R1465,PRJ164,2024-03-10,18.7
R1465,PRJ164,2024-03-17,13.0
R1465,PRJ164,2024-03-24,14.5
R1465,PRJ164,2024-03-31,20.1
R1465,PRJ164,2024-04-07,12.1
R1465,PRJ164,2024-04-14,16.9
R1465,PRJ164,2024-04-21,14.4
R1465,PRJ164,2024-04-28,12.8
R1466,PRJ160,2024-03-10,19.3
R1466,PRJ160,2024-03-17,15.6
R1466,PRJ160,2024-03-24,11.4
R1466,PRJ160,2024-03-31,15.5
R1466,PRJ160,2024-04-07,15.5
R1466,PRJ160,2024-04-14,15.4
R1466,PRJ160,2024-04-21,15.9
R1466,PRJ160,2024-04-28,12.0
R1466,PRJ202,2024-03-10,29.7
R1466,PRJ202,2024-03-17,33.6
R1466,PRJ202,2024-03-24,40.1
R1466,PRJ202,2024-03-31,35.4
R1466,PRJ202,2024-04-07,38.3
R1466,PRJ202,2024-04-14,29.0
R1466,PRJ202,2024-04-21,31.7
R1466,PRJ202,2024-04-28,20.8
R1467,PRJ235,2024-03-03,11.7
R1467,PRJ235,2024-03-10,20.8
R1467,PRJ235,2024-03-17,13.1
R1467,PRJ235,2024-03-31,19.1
R1467,PRJ235,2024-04-07,14.9
R1467,PRJ235,2024-04-14,13.2
R1467,PRJ235,2024-04-21,12.2
R1467,PRJ235,2024-04-28,19.8
R1468,PRJ198,2024-03-03,17.1
R1468,PRJ198,2024-03-10,17.6
R1468,PRJ198,2024-03-17,15.7
R1468,PRJ198,2024-03-24,17.7
R1468,PRJ198,2024-03-31,16.4
R1468,PRJ198,2024-04-07,16.3
R1468,PRJ198,2024-04-14,22.0
R1468,PRJ504,2024-03-17,4.7
R1468,PRJ504,2024-03-24,4.4
R1468,PRJ504,2024-03-31,4.4
R1468,PRJ504,2024-04-07,3.9
R1468,PRJ504,2024-04-14,8.1
R1468,PRJ504,2024-04-21,8.1
R1468,PRJ504,2024-04-28,9.7
R1469,PRJ165,2024-03-24,24.5
R1469,PRJ165,2024-03-31,21.3
R1469,PRJ165,2024-04-07,23.7
R1469,PRJ165,2024-04-14,28.7
R1470,PRJ409,2024-03-03,36.7
R1470,PRJ409,2024-03-10,31.8
R1470,PRJ409,2024-03-17,39.6
R1470,PRJ409,2024-04-07,40.6
R1470,PRJ409,2024-04-14,33.4
R1470,PRJ409,2024-04-21,35.1
R1471,PRJ011,2024-03-03,41.4
R1472,PRJ248,2024-03-17,29.5
R1472,PRJ248,2024-03-24,40.2
R1472,PRJ248,2024-03-31,26.7
R1472,PRJ248,2024-04-07,31.5
R1472,PRJ248,2024-04-14,31.0
R1472,PRJ248,2024-04-21,35.1
R1472,PRJ248,2024-04-28,32.4
R1472,PRJ524,2024-03-03,5.4
R1472,PRJ524,2024-03-10,6.3
R1472,PRJ524,2024-03-31,7.5
R1472,PRJ524,2024-04-07,8.3
R1472,PRJ524,2024-04-14,8.0
R1472,PRJ524,2024-04-21,6.7
R1472,PRJ524,2024-04-28,7.8
R1473,PRJ133,2024-03-17,18.4
R1473,PRJ133,2024-03-24,20.8
R1473,PRJ133,2024-03-31,19.2
R1474,PRJ179,2024-03-03,25.4
R1474,PRJ179,2024-03-10,29.8
R1474,PRJ179,2024-03-17,19.3
R1474,PRJ179,2024-03-24,25.9
R1474,PRJ179,2024-03-31,21.3
R1474,PRJ179,2024-04-07,24.2
R1474,PRJ179,2024-04-14,27.2
R1474,PRJ179,2024-04-21,23.6
R1474,PRJ179,2024-04-28,24.7
R1474,PRJ119,2024-03-03,36.0
R1474,PRJ119,2024-03-10,28.0
R1474,PRJ119,2024-03-17,29.3
R1474,PRJ119,2024-03-24,20.2
R1474,PRJ119,2024-03-31,29.2
R1474,PRJ119,2024-04-07,23.4
R1474,PRJ119,2024-04-14,27.9
R1474,PRJ119,2024-04-21,20.8
R1474,PRJ119,2024-04-28,28.3
R1475,PRJ211,2024-03-17,23.5
R1475,PRJ211,2024-03-24,27.3
R1475,PRJ211,2024-03-31,30.7
R1475,PRJ211,2024-04-07,27.9
R1475,PRJ211,2024-04-14,24.8
R1475,PRJ211,2024-04-21,27.7
R1475,PRJ211,2024-04-28,28.6
R1475,PRJ073,2024-03-03,18.3
R1475,PRJ073,2024-03-10,33.1
R1475,PRJ073,2024-03-17,38.3
R1475,PRJ073,2024-03-24,25.4
R1475,PRJ073,2024-03-31,35.0
R1475,PRJ073,2024-04-07,29.1
R1475,PRJ073,2024-04-14,31.1
R1475,PRJ073,2024-04-21,31.9
R1475,PRJ073,2024-04-28,31.3
R1476,PRJ085,2024-03-10,18.3
R1476,PRJ085,2024-03-17,14.4
R1476,PRJ085,2024-03-24,18.1
R1476,PRJ085,2024-03-31,19.2
R1476,PRJ085,2024-04-07,16.3
R1476,PRJ085,2024-04-14,19.7
R1476,PRJ085,2024-04-21,16.5
R1476,PRJ085,2024-04-28,18.0
R1476,PRJ635,2024-03-03,4.2
R1476,PRJ635,2024-03-10,4.7
R1476,PRJ635,2024-03-17,3.9
R1476,PRJ635,2024-03-24,5.2
R1476,PRJ635,2024-03-31,3.6
R1476,PRJ635,2024-04-07,5.1
R1476,PRJ635,2024-04-21,4.0
R1477,PRJ121,2024-03-10,32.3
R1477,PRJ121,2024-03-17,36.6
R1477,PRJ121,2024-03-24,36.2
R1477,PRJ121,2024-03-31,33.7
R1477,PRJ121,2024-04-07,38.2
R1477,PRJ121,2024-04-14,29.8
R1477,PRJ121,2024-04-21,37.7
R1477,PRJ121,2024-04-28,41.6
R1477,PRJ344,2024-03-17,23.7
R1477,PRJ344,2024-03-24,22.5
R1477,PRJ344,2024-03-31,18.3
R1477,PRJ344,2024-04-07,20.8
R1477,PRJ344,2024-04-14,24.1
R1477,PRJ344,2024-04-21,21.7
R1477,PRJ344,2024-04-28,20.6
R1478,PRJ008,2024-03-03,26.0
R1478,PRJ008,2024-03-10,30.9
R1478,PRJ008,2024-03-17,28.3
R1478,PRJ008,2024-03-24,30.1
R1478,PRJ008,2024-03-31,28.1
R1478,PRJ008,2024-04-07,23.2
R1479,PRJ405,2024-03-03,34.7
R1479,PRJ405,2024-03-10,34.3
R1479,PRJ405,2024-03-17,27.2
R1479,PRJ405,2024-03-24,32.9
R1479,PRJ405,2024-03-31,26.7
R1479,PRJ405,2024-04-07,30.5
R1479,PRJ405,2024-04-14,31.9
R1479,PRJ405,2024-04-21,37.4
R1479,PRJ405,2024-04-28,46.8
R1479,PRJ325,2024-03-03,40.1
R1479,PRJ325,2024-03-10,36.7
R1479,PRJ325,2024-03-17,27.9
R1479,PRJ325,2024-03-24,31.8
R1479,PRJ325,2024-03-31,32.7
R1479,PRJ325,2024-04-07,33.2
R1479,PRJ325,2024-04-14,40.1
R1479,PRJ325,2024-04-21,35.3
R1479,PRJ325,2024-04-28,40.2
R1480,PRJ227,2024-03-03,23.8
R1480,PRJ227,2024-03-10,23.4
R1480,PRJ227,2024-03-17,15.0
R1480,PRJ227,2024-03-24,18.5
R1480,PRJ227,2024-03-31,19.2
R1480,PRJ227,2024-04-14,15.9
R1480,PRJ227,2024-04-21,17.3
R1480,PRJ227,2024-04-28,23.0
R1480,PRJ542,2024-03-03,7.1
R1480,PRJ542,2024-03-10,6.0
R1480,PRJ542,2024-03-17,6.4
R1480,PRJ542,2024-03-24,5.6
R1480,PRJ542,2024-03-31,4.8
R1480,PRJ542,2024-04-07,6.4
R1480,PRJ542,2024-04-14,5.8
R1480,PRJ542,2024-04-21,6.8
R1481,PRJ011,2024-03-17,22.9
R1481,PRJ011,2024-03-24,16.6
R1481,PRJ011,2024-03-31,14.1
R1481,PRJ011,2024-04-07,18.1
R1481,PRJ011,2024-04-14,16.1
R1481,PRJ011,2024-04-21,13.2
R1481,PRJ011,2024-04-28,16.4
R1482,PRJ257,2024-03-03,41.2
R1482,PRJ257,2024-03-10,17.3
R1482,PRJ257,2024-03-17,42.6
R1482,PRJ257,2024-03-24,20.0
R1482,PRJ257,2024-03-31,26.2
R1482,PRJ257,2024-04-14,42.6
R1482,PRJ257,2024-04-21,29.9
R1482,PRJ257,2024-04-28,30.1
R1482,PRJ330,2024-03-03,27.0
R1482,PRJ330,2024-03-10,20.0
R1482,PRJ330,2024-03-17,22.6
R1482,PRJ330,2024-03-24,26.9
R1482,PRJ330,2024-03-31,26.5
R1482,PRJ330,2024-04-07,25.1
R1482,PRJ330,2024-04-14,38.7
R1482,PRJ330,2024-04-21,30.3
R1482,PRJ330,2024-04-28,43.2
R1483,PRJ166,2024-03-03,29.2
R1483,PRJ166,2024-03-10,32.0
R1484,PRJ200,2024-03-03,34.6
R1484,PRJ200,2024-03-10,37.7
R1484,PRJ200,2024-03-17,33.8
R1484,PRJ200,2024-03-24,34.3
R1484,PRJ200,2024-03-31,33.7
R1484,PRJ200,2024-04-07,36.5
R1484,PRJ200,2024-04-14,39.6
R1484,PRJ200,2024-04-21,39.7
R1484,PRJ200,2024-04-28,39.4
R1484,PRJ574,2024-03-03,8.3
R1484,PRJ574,2024-03-10,7.5
R1484,PRJ574,2024-03-17,5.4
R1484,PRJ574,2024-03-24,8.9
R1484,PRJ574,2024-03-31,8.2
R1484,PRJ574,2024-04-07,7.3
R1484,PRJ574,2024-04-14,5.5
R1484,PRJ574,2024-04-21,7.9
R1484,PRJ574,2024-04-28,9.0
R1485,PRJ332,2024-03-03,15.6
R1485,PRJ332,2024-03-10,22.3
R1485,PRJ332,2024-03-17,23.9
R1485,PRJ332,2024-03-24,17.2
R1485,PRJ332,2024-03-31,17.5
R1485,PRJ332,2024-04-07,17.9
R1485,PRJ332,2024-04-14,17.1
R1485,PRJ332,2024-04-21,23.3
R1485,PRJ332,2024-04-28,17.9
R1486,PRJ304,2024-03-10,40.0
R1486,PRJ304,2024-03-17,26.1
R1486,PRJ304,2024-03-24,32.2
R1486,PRJ304,2024-03-31,27.6
R1486,PRJ304,2024-04-07,25.1
R1486,PRJ304,2024-04-14,28.1
R1486,PRJ304,2024-04-21,28.6
R1486,PRJ304,2024-04-28,30.4
R1487,PRJ382,2024-03-10,21.7
R1487,PRJ382,2024-03-17,21.5
R1487,PRJ382,2024-03-24,22.5
R1487,PRJ382,2024-03-31,21.9
R1487,PRJ382,2024-04-07,15.8
R1487,PRJ382,2024-04-14,24.4
R1487,PRJ382,2024-04-21,18.9
R1487,PRJ382,2024-04-28,14.7
R1488,PRJ059,2024-03-10,24.3
R1488,PRJ059,2024-03-17,23.3
R1488,PRJ059,2024-03-24,22.8
R1488,PRJ059,2024-03-31,24.7
R1488,PRJ059,2024-04-14,24.6
R1488,PRJ059,2024-04-21,25.5
R1488,PRJ059,2024-04-28,24.6
R1488,PRJ568,2024-03-03,3.2
R1488,PRJ568,2024-03-10,3.6
R1488,PRJ568,2024-03-17,3.3
R1488,PRJ568,2024-03-24,2.3
R1488,PRJ568,2024-03-31,2.6
R1488,PRJ568,2024-04-07,2.8
R1488,PRJ568,2024-04-14,1.8
R1488,PRJ568,2024-04-21,2.1
R1488,PRJ568,2024-04-28,2.4
R1489,PRJ139,2024-03-10,21.8
R1489,PRJ139,2024-03-17,21.1
R1489,PRJ139,2024-03-24,11.4
R1489,PRJ139,2024-03-31,17.4
R1489,PRJ139,2024-04-07,19.9
R1489,PRJ139,2024-04-14,20.8
R1489,PRJ139,2024-04-21,15.3
R1489,PRJ139,2024-04-28,30.6
R1490,PRJ027,2024-03-03,15.8
R1490,PRJ027,2024-03-10,15.0
R1490,PRJ027,2024-03-17,23.7
R1490,PRJ027,2024-03-24,27.1
R1490,PRJ027,2024-03-31,31.3
R1490,PRJ027,2024-04-07,24.7
R1490,PRJ027,2024-04-14,26.4
R1490,PRJ027,2024-04-21,21.8
R1490,PRJ027,2024-04-28,23.2
R1491,PRJ351,2024-03-03,19.5
R1491,PRJ351,2024-03-10,14.7
R1491,PRJ351,2024-03-17,17.7
R1491,PRJ351,2024-03-24,18.8
R1491,PRJ351,2024-03-31,21.7
R1491,PRJ351,2024-04-07,19.8
R1491,PRJ351,2024-04-14,15.6
R1491,PRJ351,2024-04-28,17.0
R1492,PRJ231,2024-03-03,28.9
R1492,PRJ231,2024-03-10,25.9
R1492,PRJ231,2024-03-17,22.4
R1492,PRJ231,2024-03-24,29.9
R1492,PRJ231,2024-03-31,26.9
R1492,PRJ231,2024-04-07,31.9
R1492,PRJ231,2024-04-14,32.6
R1492,PRJ231,2024-04-21,38.7
R1492,PRJ231,2024-04-28,16.7
R1492,PRJ628,2024-03-03,3.0
R1492,PRJ628,2024-03-10,3.8
R1492,PRJ628,2024-03-17,3.4
R1492,PRJ628,2024-03-24,3.4
R1492,PRJ628,2024-03-31,3.3
R1492,PRJ628,2024-04-07,3.7
R1492,PRJ628,2024-04-14,3.3
R1492,PRJ628,2024-04-21,3.3
R1492,PRJ628,2024-04-28,2.8
R1493,PRJ164,2024-03-17,24.0
R1493,PRJ164,2024-03-24,21.2
R1493,PRJ164,2024-03-31,20.9
R1493,PRJ164,2024-04-07,32.0
R1493,PRJ164,2024-04-14,24.3
R1493,PRJ164,2024-04-21,33.8
R1493,PRJ164,2024-04-28,31.4
R1493,PRJ399,2024-03-10,29.4
R1493,PRJ399,2024-03-17,30.6
R1493,PRJ399,2024-03-24,22.8
R1493,PRJ399,2024-03-31,27.1
R1493,PRJ399,2024-04-07,30.2
R1493,PRJ399,2024-04-14,29.5
R1493,PRJ399,2024-04-21,35.1
R1493,PRJ399,2024-04-28,28.5
R1494,PRJ027,2024-03-03,18.7
R1494,PRJ027,2024-03-10,14.6
R1495,PRJ244,2024-03-03,21.2
R1495,PRJ244,2024-03-10,28.2
R1495,PRJ244,2024-03-17,27.3
R1495,PRJ244,2024-03-24,28.0
R1495,PRJ244,2024-03-31,19.1
R1495,PRJ244,2024-04-07,28.7
R1495,PRJ244,2024-04-14,24.8
R1495,PRJ244,2024-04-21,26.3
R1495,PRJ244,2024-04-28,25.3
R1496,PRJ159,2024-03-10,30.4
R1496,PRJ159,2024-03-17,33.6
R1496,PRJ159,2024-03-24,34.7
R1496,PRJ159,2024-03-31,37.2
R1496,PRJ159,2024-04-14,44.7
R1496,PRJ159,2024-04-21,35.2
R1496,PRJ159,2024-04-28,24.3
R1496,PRJ132,2024-03-03,19.8
R1496,PRJ132,2024-03-10,21.1
R1496,PRJ132,2024-03-17,18.5
R1496,PRJ132,2024-04-07,16.9
R1496,PRJ132,2024-04-14,21.3
R1496,PRJ132,2024-04-28,16.3
R1496,PRJ487,2024-03-03,4.9
R1496,PRJ487,2024-03-10,6.2
R1496,PRJ487,2024-03-17,4.6
R1496,PRJ487,2024-03-24,5.3
R1496,PRJ487,2024-03-31,5.3
R1496,PRJ487,2024-04-07,5.1
R1496,PRJ487,2024-04-14,3.6
R1496,PRJ487,2024-04-21,4.8
R1496,PRJ487,2024-04-28,5.2
R1497,PRJ057,2024-03-10,20.9
R1497,PRJ057,2024-03-17,25.7
R1497,PRJ057,2024-03-24,23.9
R1497,PRJ057,2024-03-31,24.8
R1497,PRJ057,2024-04-07,19.8
R1497,PRJ057,2024-04-21,30.5
R1498,PRJ104,2024-03-10,38.3
R1498,PRJ104,2024-03-17,33.1
R1498,PRJ104,2024-03-24,36.7
R1498,PRJ104,2024-03-31,33.1
R1498,PRJ104,2024-04-07,33.6
R1498,PRJ104,2024-04-14,38.6
R1498,PRJ104,2024-04-21,26.9
R1498,PRJ104,2024-04-28,36.4
R1499,PRJ323,2024-03-03,31.5
R1499,PRJ323,2024-03-10,16.4
R1499,PRJ323,2024-03-17,31.3
R1499,PRJ323,2024-03-24,34.8
R1499,PRJ323,2024-04-07,29.0
R1499,PRJ323,2024-04-14,31.0
R1499,PRJ323,2024-04-21,36.1
R1499,PRJ323,2024-04-28,33.0
R1499,PRJ172,2024-03-03,17.5
R1499,PRJ172,2024-03-10,23.6
R1499,PRJ172,2024-03-17,25.6
R1499,PRJ172,2024-03-24,23.1
R1499,PRJ172,2024-04-07,21.1
R1499,PRJ172,2024-04-14,22.6
R1499,PRJ172,2024-04-21,20.8
R1500,PRJ315,2024-03-17,25.4
R1500,PRJ315,2024-03-24,25.0
R1500,PRJ315,2024-04-07,26.6
R1500,PRJ315,2024-04-14,34.6
R1500,PRJ315,2024-04-21,37.5
R1500,PRJ315,2024-04-28,33.8
R1500,PRJ050,2024-03-10,14.7
R1500,PRJ050,2024-03-17,19.9
R1500,PRJ050,2024-03-24,22.5
R1500,PRJ050,2024-04-07,21.9
R1500,PRJ050,2024-04-14,12.9
R1500,PRJ050,2024-04-21,21.2
R1500,PRJ050,2024-04-28,20.5
R1500,PRJ493,2024-03-17,5.8
R1500,PRJ493,2024-03-24,5.1
R1500,PRJ493,2024-03-31,3.5
R1500,PRJ493,2024-04-07,3.0
R1500,PRJ493,2024-04-14,4.4
R1500,PRJ493,2024-04-21,4.7
R1500,PRJ493,2024-04-28,5.3
