pageview_id,creative_id,interval_start_ms,interval_end_ms,avg_viewport_pct
TR00000,C002,4832,7861,37.4
TR00000,C004,3408,6228,20.6
TR00000,C004,10252,11400,24.6
TR00000,C023,4419,4711,20.2
TR00000,C027,1633,19581,94.1
TR00000,C039,3272,6237,50.6
TR00000,C039,14367,16915,23.4
TR00000,C047,1888,4762,65.6
TR00000,C049,2099,15892,95.4
TR00001,C001,1634,3833,25.2
TR00001,C002,361,8664,90.8
TR00001,C017,0,3558,45.7
TR00001,C018,3950,5614,85.8
TR00001,C019,297,1054,61.4
TR00001,C019,2700,3065,73.3
TR00001,C019,5150,5410,60.1
TR00001,C019,7124,8630,40.3
TR00001,C028,749,7152,65.5
TR00001,C036,1723,8478,94.7
TR00001,C042,3711,7032,60.9
TR00002,C013,2499,4030,83.2
TR00002,C013,7097,8061,41.0
TR00002,C017,4337,7373,62.9
TR00002,C028,193,520,35.9
TR00002,C028,2983,4422,70.9
TR00002,C028,5110,6331,30.5
TR00002,C028,8066,9263,40.4
TR00002,C029,1725,3750,43.0
TR00002,C029,6536,9327,81.0
TR00002,C048,3580,5591,33.2
TR00002,C013,3153,6227,87.7
TR00003,C005,5387,9148,50.4
TR00003,C021,628,1096,43.2
TR00003,C021,6282,8232,36.6
TR00003,C021,12293,13863,50.7
TR00003,C035,2075,3983,36.6
TR00003,C035,8396,11362,21.0
TR00003,C042,3274,6232,53.1
TR00004,C004,403,736,60.3
TR00004,C004,6642,8807,34.9
TR00004,C004,13137,13346,59.0
TR00004,C005,3463,4857,96.4
TR00004,C005,13336,16833,45.8
TR00004,C032,4383,7932,98.0
TR00004,C032,13515,17328,31.6
TR00004,C039,1143,17200,60.7
TR00004,C048,2213,15302,97.4
TR00005,C004,1777,5544,60.3
TR00005,C004,11009,13855,64.8
TR00005,C027,3777,6921,42.4
TR00005,C027,9497,12802,70.0
TR00005,C028,2179,12864,72.9
TR00005,C033,2116,5531,84.2
TR00005,C033,11134,14629,52.1
TR00005,C004,9146,12722,67.3
TR00006,C017,3885,4167,98.3
TR00006,C017,7890,9188,37.9
TR00006,C018,1883,3680,93.7
TR00006,C031,3700,7151,96.8
TR00006,C032,2329,12949,77.3
TR00006,C047,603,3503,55.9
TR00006,C047,11464,11871,32.4
TR00007,C009,295,581,99.5
TR00007,C009,4009,4992,60.8
TR00007,C009,8109,9650,31.4
TR00007,C014,2694,4157,69.8
TR00007,C014,8028,10860,78.7
TR00007,C016,2539,5595,49.3
TR00007,C016,6546,10425,76.7
TR00007,C030,2391,4588,78.3
TR00007,C030,7230,10826,70.9
TR00007,C036,2096,9537,82.8
TR00007,C037,404,2253,94.6
TR00007,C037,6118,8389,42.3
TR00007,C042,482,9880,77.4
TR00007,C050,274,1112,92.8
TR00008,C016,1955,5307,76.2
TR00008,C016,7367,10265,95.2
TR00008,C017,508,3754,78.3
TR00008,C017,6984,9687,46.3
TR00008,C027,0,3010,59.7
TR00008,C029,2800,5249,29.6
TR00008,C037,2968,5188,31.1
TR00009,C033,62,2018,52.3
TR00009,C033,9546,11379,72.7
TR00009,C034,4245,6499,77.2
TR00009,C034,9418,11377,72.0
TR00009,C042,3162,4761,77.3
TR00009,C042,10320,11188,20.2
TR00009,C048,595,4081,38.8
TR00009,C033,5666,9802,72.2
TR00010,C001,1456,4211,49.9
TR00010,C001,9116,12114,51.0
TR00010,C009,92,1963,32.4
TR00010,C009,8182,9522,41.8
TR00010,C013,2788,6300,87.6
TR00010,C013,9833,12773,37.9
TR00010,C029,3668,5809,35.2
TR00011,C001,215,784,66.0
TR00011,C001,4411,4916,86.5
TR00011,C001,9171,10628,31.1
TR00011,C001,13710,14330,40.5
TR00011,C003,6765,7916,65.1
TR00011,C028,486,15699,77.0
TR00011,C033,414,1761,35.1
TR00011,C033,5840,7178,30.6
TR00011,C033,12363,13074,53.9
TR00011,C036,1629,5115,90.5
TR00011,C048,2251,5193,54.1
TR00011,C048,11990,13078,73.2
TR00012,C010,2137,4466,34.4
TR00012,C010,6719,8546,98.0
TR00012,C015,2713,5213,56.4
TR00012,C017,2111,5162,29.1
TR00012,C026,1048,1478,39.5
TR00012,C026,7016,8524,63.8
TR00012,C032,1778,4341,83.2
TR00012,C039,267,3382,95.6
TR00012,C045,875,2628,89.3
TR00012,C045,6026,8084,41.6
TR00012,C049,2124,2918,23.0
TR00012,C049,5337,6829,83.1
TR00013,C002,333,782,92.4
TR00013,C002,3939,5129,32.7
TR00013,C002,8306,8802,88.3
TR00013,C002,10910,11738,65.0
TR00013,C026,2403,11962,96.8
TR00013,C049,509,2143,61.8
TR00013,C049,8246,10071,23.3
TR00013,C050,1620,3749,72.7
TR00013,C050,10560,12783,47.8
TR00014,C004,183,13669,98.6
TR00014,C007,1478,2279,37.3
TR00014,C007,5861,6847,98.2
TR00014,C007,11130,13462,80.4
TR00014,C020,385,1997,77.1
TR00014,C036,2904,4995,72.4
TR00014,C036,10010,11325,70.4
TR00014,C037,928,2509,29.7
TR00014,C039,5312,6544,47.2
TR00014,C050,560,2022,73.5
TR00015,C003,9128,11585,69.0
TR00015,C005,2821,4379,85.6
TR00015,C005,10923,14068,92.0
TR00015,C012,1596,2296,62.2
TR00015,C012,13582,16720,28.9
TR00015,C022,2133,14864,96.3
TR00015,C039,3698,5926,22.7
TR00015,C039,10686,11841,39.2
TR00016,C001,1628,5533,38.0
TR00016,C001,13287,15369,71.9
TR00016,C018,3912,5590,20.9
TR00016,C018,13166,13985,30.1
TR00016,C021,639,16931,62.4
TR00016,C024,2592,4465,89.8
TR00016,C025,350,702,45.2
TR00016,C025,12652,13397,54.0
TR00016,C030,8059,10011,20.5
TR00016,C046,443,3711,37.1
TR00016,C048,3992,6618,99.6
TR00016,C048,12870,13754,49.3
TR00017,C001,842,2358,56.0
TR00017,C008,1772,4019,46.5
TR00017,C008,12774,14641,56.8
TR00017,C011,1618,18334,96.9
TR00017,C021,8348,9272,76.1
TR00017,C023,5716,7208,20.6
TR00017,C025,1102,3178,88.2
TR00017,C025,13942,15083,41.9
TR00017,C032,3046,6121,53.3
TR00017,C050,1301,5157,45.1
TR00017,C050,13557,14874,69.7
TR00018,C004,1359,1748,31.7
TR00018,C009,592,2179,74.7
TR00018,C009,4825,7323,89.3
TR00018,C015,0,3961,67.2
TR00018,C050,3716,6437,29.0
TR00019,C014,690,3108,77.1
TR00019,C014,8133,8593,37.6
TR00019,C015,2048,4218,77.5
TR00019,C015,8871,11591,71.4
TR00019,C023,5302,5526,84.9
TR00019,C028,0,6030,58.2
TR00019,C036,673,1087,85.7
TR00019,C036,9060,10387,61.1
TR00019,C041,885,2841,35.1
TR00019,C041,3194,4989,40.8
TR00019,C041,6246,6840,43.0
TR00019,C041,9558,11943,50.2
TR00019,C049,2295,5977,44.3
TR00019,C049,6963,8891,23.7
TR00020,C003,712,2548,26.3
TR00020,C003,6985,8249,40.0
TR00020,C019,2813,3948,88.5
TR00020,C019,6697,7498,23.5
TR00020,C027,1530,3247,80.8
TR00020,C027,8237,11902,43.3
TR00020,C035,6020,8401,75.2
TR00020,C048,972,2830,49.4
TR00020,C048,7441,8611,77.4
TR00020,C049,1023,3012,65.4
TR00020,C049,6542,7021,53.0
TR00021,C005,1814,3073,87.8
TR00021,C005,6478,8386,36.3
TR00021,C014,372,1333,81.9
TR00021,C014,3411,4481,34.2
TR00021,C014,5915,7686,49.7
TR00021,C014,8086,9094,83.9
TR00021,C036,1607,3167,60.5
TR00021,C036,7647,8711,53.6
TR00021,C040,2678,3562,75.1
TR00021,C044,928,3648,22.8
TR00021,C044,6091,6909,23.9
TR00021,C048,2462,3354,40.7
TR00021,C048,6193,9324,95.8
TR00022,C004,1024,1853,33.4
TR00022,C004,3782,5736,38.8
TR00022,C012,807,5970,89.1
TR00022,C014,3185,4119,79.8
TR00022,C022,88,2467,94.0
TR00022,C022,3777,4305,49.6
TR00022,C026,3515,6537,72.9
TR00022,C032,794,6811,96.4
TR00022,C033,535,3045,54.6
TR00022,C033,4491,6866,73.9
TR00022,C045,1173,2257,47.4
TR00023,C008,885,1917,24.6
TR00023,C022,325,2561,50.5
TR00023,C022,6619,10248,27.7
TR00023,C027,1098,4149,25.4
TR00023,C027,6395,6657,90.0
TR00023,C039,2960,3560,26.4
TR00024,C001,1111,3213,84.1
TR00024,C001,6860,9779,52.1
TR00024,C007,1993,3194,67.8
TR00024,C016,3551,4656,93.3
TR00024,C028,3975,6523,57.2
TR00024,C032,173,8277,87.4
TR00024,C039,1657,4027,40.3
TR00024,C039,5839,6823,34.8
TR00024,C040,69,875,84.2
TR00024,C040,7465,9750,36.2
TR00025,C003,5224,7667,51.5
TR00025,C007,381,4140,59.8
TR00025,C007,7430,10041,54.2
TR00025,C023,0,3474,23.1
TR00025,C028,1197,2324,98.7
TR00025,C029,37,450,54.6
TR00025,C029,3140,5096,59.8
TR00025,C029,5976,7704,74.9
TR00025,C029,8550,9183,49.9
TR00025,C030,377,1774,93.5
TR00025,C030,3395,5094,59.9
TR00025,C030,5769,7405,32.7
TR00025,C030,8645,10474,52.4
TR00025,C031,1951,8343,79.9
TR00025,C032,1405,2260,33.7
TR00026,C002,2049,2430,67.1
TR00026,C006,565,2000,76.1
TR00026,C006,9127,11477,27.9
TR00026,C021,301,2381,67.3
TR00026,C021,7704,11026,82.3
TR00026,C032,765,4141,78.6
TR00026,C032,7812,11670,30.9
TR00026,C033,2501,5572,25.6
TR00026,C035,450,11834,84.2
TR00026,C037,2957,5348,59.0
TR00026,C037,7144,9542,59.9
TR00027,C005,585,2233,24.4
TR00027,C014,1814,3759,99.0
TR00027,C017,2668,3254,24.5
TR00027,C017,7952,8893,72.0
TR00027,C025,648,11348,82.9
TR00027,C042,4699,8045,23.6
TR00027,C045,492,3190,49.0
TR00027,C045,6596,10073,68.8
TR00027,C048,2478,4182,99.1
TR00028,C001,781,6862,98.5
TR00028,C007,795,3267,21.5
TR00028,C030,318,1836,63.6
TR00028,C030,5125,5760,35.9
TR00028,C031,0,3135,43.7
TR00028,C050,1004,6789,74.2
TR00029,C004,516,4049,77.2
TR00029,C017,505,799,30.4
TR00029,C019,583,2550,91.2
TR00029,C019,10050,13761,34.9
TR00029,C022,2436,12691,81.2
TR00029,C026,717,940,68.2
TR00029,C026,4295,5244,86.5
TR00029,C026,7764,9105,46.0
TR00029,C026,10946,12921,70.3
TR00029,C029,1129,3711,22.0
TR00029,C029,7572,8560,86.8
TR00029,C037,2644,12074,93.7
TR00029,C044,240,1336,99.6
TR00029,C044,3672,6112,94.7
TR00029,C044,7950,8326,75.2
TR00029,C044,11502,12277,56.4
TR00030,C011,4537,6898,99.6
TR00030,C011,12290,12680,72.5
TR00030,C019,3631,16929,75.2
TR00030,C021,2436,16868,84.3
TR00030,C033,382,2839,71.5
TR00030,C033,7901,9990,64.8
TR00030,C033,13891,14864,37.9
TR00030,C040,3848,6021,69.9
TR00031,C008,346,2233,58.9
TR00031,C008,5977,7908,56.7
TR00031,C014,633,6760,99.8
TR00031,C023,1261,3627,47.4
TR00031,C023,6107,7400,23.1
TR00031,C028,1543,2397,36.9
TR00031,C028,6343,7382,58.0
TR00031,C036,2688,4747,20.3
TR00031,C044,195,3310,20.1
TR00031,C047,390,2659,73.3
TR00031,C047,6308,8033,88.2
TR00032,C010,1134,3637,78.8
TR00032,C011,4249,7845,30.4
TR00032,C012,0,2458,51.8
TR00032,C017,3343,6583,77.4
TR00032,C020,5332,6609,23.5
TR00032,C029,2140,9820,75.6
TR00032,C030,3743,6644,23.7
TR00032,C050,2798,3089,54.2
TR00033,C007,1468,16081,98.0
TR00033,C013,1442,12991,98.1
TR00033,C016,2219,5713,37.6
TR00033,C016,10412,11921,79.9
TR00033,C017,3108,4423,29.7
TR00033,C029,6721,8942,33.6
TR00033,C035,0,1741,56.1
TR00034,C001,170,3291,87.6
TR00034,C001,6403,9683,26.0
TR00034,C014,2479,3434,24.6
TR00034,C017,443,9097,93.0
TR00034,C033,1649,2516,30.5
TR00034,C033,6371,7376,56.2
TR00034,C037,82,2432,34.5
TR00034,C037,7121,7771,99.9
TR00035,C009,742,14579,67.1
TR00035,C038,59,2213,45.4
TR00035,C038,6178,6591,81.8
TR00035,C038,10597,12582,58.5
TR00035,C038,15383,17660,53.0
TR00035,C044,1802,5552,24.8
TR00035,C046,6502,10072,60.2
TR00035,C048,6707,6925,37.5
TR00036,C002,242,2537,92.3
TR00036,C002,5218,7262,35.1
TR00036,C002,11039,12482,71.7
TR00036,C004,1231,3527,85.6
TR00036,C004,5415,6830,49.9
TR00036,C004,10984,11989,86.7
TR00036,C012,809,2127,71.0
TR00036,C012,7943,8771,66.8
TR00036,C036,0,6477,81.6
TR00036,C040,221,2340,23.6
TR00036,C040,10393,11393,47.8
TR00036,C040,3443,8436,66.6
TR00037,C006,0,3727,25.7
TR00037,C023,1205,1642,98.0
TR00037,C023,6283,8540,97.4
TR00037,C030,0,2834,85.5
TR00037,C032,4111,8052,71.5
TR00038,C003,1242,2092,51.9
TR00038,C003,4269,4858,56.1
TR00038,C004,867,5671,86.7
TR00038,C012,132,1123,37.7
TR00038,C012,3713,5506,37.8
TR00038,C019,1331,3384,45.2
TR00038,C019,4832,5779,31.4
TR00038,C026,2888,6885,92.3
TR00038,C043,2432,5946,37.6
TR00039,C003,3086,3725,51.0
TR00039,C003,8060,11577,98.0
TR00039,C021,593,1430,82.9
TR00039,C021,5921,8414,96.1
TR00039,C021,10070,12265,77.2
TR00039,C030,665,12972,89.5
TR00039,C039,895,4121,70.5
TR00039,C039,10507,11568,74.2
TR00039,C041,5905,9581,27.7
TR00039,C044,6,528,98.2
TR00039,C044,10114,11009,39.8
TR00040,C004,747,1644,60.7
TR00040,C004,6513,7776,47.7
TR00040,C005,3875,6742,43.6
TR00040,C008,1143,2906,68.0
TR00040,C009,1597,8155,95.2
TR00040,C018,949,2735,72.8
TR00040,C018,4790,5857,37.7
TR00040,C031,1214,2867,91.6
TR00040,C031,5237,7060,37.4
TR00040,C032,9,2614,21.6
TR00041,C004,1445,3121,47.8
TR00041,C004,6053,6470,87.4
TR00041,C018,495,4311,79.0
TR00041,C019,1352,1878,77.4
TR00041,C019,5805,9398,29.7
TR00041,C022,1152,2961,64.4
TR00041,C022,5745,6812,83.3
TR00041,C026,1797,3303,47.2
TR00041,C026,5156,6656,88.1
TR00041,C029,821,3081,27.9
TR00041,C036,1935,4721,37.5
TR00041,C044,702,9567,65.0
TR00042,C007,87,1161,43.2
TR00042,C007,3551,4335,56.3
TR00042,C019,1378,4435,78.3
TR00042,C024,1077,1901,68.4
TR00042,C024,3794,5021,39.0
TR00042,C039,383,1068,44.8
TR00042,C039,1797,2031,60.0
TR00042,C039,3085,3846,51.8
TR00042,C039,4615,5567,48.1
TR00042,C045,971,1588,86.3
TR00042,C045,3719,4470,80.0
TR00042,C048,563,1233,55.2
TR00042,C048,2056,2758,31.3
TR00042,C048,4211,5131,41.7
TR00043,C003,1676,5317,58.9
TR00043,C003,6177,8205,53.4
TR00043,C010,121,10795,80.6
TR00043,C011,561,3287,71.6
TR00043,C011,6719,7275,59.1
TR00043,C019,2752,3980,47.4
TR00043,C019,7171,9515,64.1
TR00043,C021,4594,6797,94.0
TR00043,C031,1099,2342,28.1
TR00043,C034,775,1824,42.4
TR00043,C034,3378,3861,97.4
TR00043,C034,5616,7256,67.2
TR00043,C034,8658,10345,89.2
TR00043,C048,1093,2135,82.6
TR00043,C048,3756,4916,79.6
TR00043,C048,8367,9997,73.6
TR00044,C005,4675,7134,24.6
TR00044,C007,2039,3422,65.9
TR00044,C007,9802,12476,53.7
TR00044,C010,3593,4361,34.5
TR00044,C010,10656,13478,81.7
TR00044,C013,2001,5843,86.2
TR00044,C013,9370,10317,34.1
TR00044,C019,762,12986,97.5
TR00044,C041,1534,3764,30.4
TR00044,C041,6638,8724,44.6
TR00044,C041,11210,13244,77.9
TR00044,C046,781,14382,68.3
TR00045,C012,930,4151,75.8
TR00045,C012,6612,6960,54.5
TR00045,C021,3988,5764,76.2
TR00045,C024,2242,4008,21.5
TR00045,C024,5668,8652,30.3
TR00045,C025,0,3898,56.9
TR00045,C041,1612,4245,34.5
TR00045,C049,756,1059,35.7
TR00045,C012,1091,3697,68.8
TR00046,C001,1133,16321,73.0
TR00046,C016,592,3037,43.8
TR00046,C016,4579,5888,46.5
TR00046,C016,8813,9086,34.9
TR00046,C016,13377,15837,33.5
TR00046,C032,7543,9481,64.9
TR00046,C039,3056,5621,88.0
TR00046,C039,10367,11264,68.9
TR00047,C001,83,3796,83.5
TR00047,C017,1321,4451,52.2
TR00047,C035,0,748,32.9
TR00047,C039,590,3656,44.7
TR00047,C039,7187,8534,48.6
TR00047,C042,310,1981,75.3
TR00047,C042,3393,4345,89.6
TR00047,C042,5934,7297,55.3
TR00047,C042,8433,9247,90.7
TR00047,C047,2694,6305,46.9
TR00047,C049,1278,1778,66.8
TR00047,C049,5912,9881,38.3
TR00048,C004,29,2378,20.4
TR00048,C017,443,3927,68.5
TR00048,C017,7204,8212,42.6
TR00048,C027,913,1847,91.6
TR00048,C027,4241,5532,76.5
TR00048,C027,8195,9126,94.8
TR00048,C027,10686,12087,92.6
TR00048,C028,2283,4119,92.6
TR00048,C028,9781,13219,76.8
TR00048,C029,3226,5949,77.5
TR00048,C029,7825,8726,32.5
TR00048,C032,883,4850,20.1
TR00048,C039,242,4080,24.7
TR00048,C039,9453,11728,87.2
TR00049,C019,735,1588,91.3
TR00049,C022,260,642,51.3
TR00049,C022,3615,5207,86.0
TR00049,C022,6727,7962,82.3
TR00049,C024,1529,8805,68.4
TR00049,C026,806,2396,93.6
TR00049,C026,5177,8207,54.4
TR00049,C049,2952,6020,57.2
TR00050,C006,1985,19167,92.0
TR00050,C011,4510,6619,41.0
TR00050,C011,12277,15531,67.5
TR00050,C024,2702,17959,62.4
TR00050,C025,1877,2340,89.5
TR00050,C025,10691,11268,43.7
TR00050,C043,3205,4339,65.9
TR00050,C043,9914,12277,75.3
TR00050,C044,4341,4730,70.7
TR00050,C048,675,4293,21.4
TR00050,C048,11474,12091,49.3
TR00051,C013,825,3492,67.0
TR00051,C020,1225,3211,67.5
TR00051,C021,1800,10439,62.3
TR00051,C031,2263,2648,55.2
TR00051,C031,5757,9467,65.0
TR00051,C032,22,2084,39.4
TR00051,C032,3055,4762,31.1
TR00051,C032,5826,6048,79.7
TR00051,C032,8566,9762,30.0
TR00051,C034,0,2561,45.1
TR00051,C039,1394,3072,60.5
TR00051,C039,5471,5776,37.8
TR00052,C008,3429,6660,92.3
TR00052,C008,8745,10728,78.5
TR00052,C012,3964,6585,81.0
TR00052,C012,11139,11445,47.4
TR00052,C019,1490,1748,37.0
TR00052,C019,11127,12996,75.5
TR00052,C027,3125,6004,49.7
TR00052,C039,2712,4121,38.1
TR00052,C039,11017,12978,38.9
TR00053,C008,436,1074,71.1
TR00053,C008,1966,2745,52.9
TR00053,C008,3329,4064,95.2
TR00053,C008,4751,5794,60.9
TR00053,C018,1015,4921,52.2
TR00053,C027,1455,3452,24.9
TR00053,C037,1113,1686,27.1
TR00053,C037,3730,4355,20.8
TR00054,C002,94,2132,82.3
TR00054,C002,4628,5439,31.6
TR00054,C027,1393,2618,25.2
TR00054,C027,5227,7381,41.3
TR00054,C034,3233,6857,92.8
TR00054,C043,929,3133,78.6
TR00054,C043,3950,4342,79.8
TR00054,C049,3508,4390,23.7
TR00055,C004,2288,2790,58.8
TR00055,C004,8417,11677,83.9
TR00055,C005,449,2766,52.8
TR00055,C012,0,1551,75.5
TR00055,C037,2376,5979,39.3
TR00055,C037,7054,8108,23.3
TR00055,C039,681,3170,67.5
TR00056,C001,2170,2580,40.3
TR00056,C001,7522,9479,67.5
TR00056,C011,777,3805,77.8
TR00056,C012,2320,11129,82.5
TR00056,C014,3209,5083,52.0
TR00056,C014,7062,7553,30.2
TR00056,C023,1022,2667,56.4
TR00056,C023,4097,5559,32.6
TR00056,C023,7367,9858,45.3
TR00056,C023,10327,10735,79.3
TR00056,C027,1576,10653,99.6
TR00056,C030,6337,9388,52.9
TR00056,C047,0,4952,32.8
TR00057,C001,139,15296,95.3
TR00057,C005,4408,5049,56.4
TR00057,C006,4376,7929,79.3
TR00057,C006,11140,13112,70.7
TR00057,C022,1135,4572,98.2
TR00057,C024,2360,15644,65.9
TR00057,C050,1607,3809,74.5
TR00057,C050,10297,11042,32.9
TR00058,C008,441,1640,48.6
TR00058,C008,10391,11228,45.0
TR00058,C014,1107,4567,85.7
TR00058,C022,411,1447,69.7
TR00058,C022,4896,6210,44.8
TR00058,C022,9877,10789,71.2
TR00058,C022,14334,14664,66.8
TR00058,C025,3028,16912,66.9
TR00058,C049,8136,9341,55.4
TR00059,C007,3867,7512,26.5
TR00059,C007,10214,13285,89.7
TR00059,C017,0,4211,41.1
TR00059,C021,3851,4162,96.8
TR00059,C021,12906,15031,86.5
TR00059,C028,2443,5469,32.6
TR00059,C028,12773,13152,97.5
TR00059,C045,2946,4725,60.1
TR00059,C045,12758,15561,73.7
TR00060,C001,0,8784,61.5
TR00060,C018,1007,2747,73.9
TR00060,C018,6449,8092,59.9
TR00060,C018,12870,14383,62.9
TR00060,C026,989,3975,23.1
TR00060,C026,11185,12222,35.7
TR00060,C030,456,2233,88.1
TR00060,C030,5420,7391,56.4
TR00060,C030,9781,10193,78.0
TR00060,C030,14971,15582,75.1
TR00060,C032,1116,1389,77.6
TR00060,C032,5754,7696,67.7
TR00060,C032,10581,12878,38.7
TR00060,C032,14057,15362,95.4
TR00060,C038,508,1082,60.9
TR00060,C038,5716,7466,80.6
TR00060,C038,10504,12804,49.2
TR00060,C038,14391,16725,51.2
TR00060,C041,0,4806,81.9
TR00060,C044,3927,6826,24.9
TR00060,C026,14580,18393,86.4
TR00061,C011,437,3370,94.5
TR00061,C011,6756,7415,84.3
TR00061,C013,2079,5074,52.2
TR00061,C028,850,4377,52.9
TR00061,C028,6515,9380,49.5
TR00061,C033,2591,4049,89.4
TR00061,C045,509,2987,33.8
TR00061,C045,7653,9721,61.6
TR00062,C013,53,752,32.5
TR00062,C013,8235,8869,51.5
TR00062,C029,278,2774,89.1
TR00062,C030,4223,6292,97.8
TR00062,C034,4148,6491,95.2
TR00062,C041,4619,8449,54.2
TR00062,C043,2187,3154,41.5
TR00062,C043,7827,10725,74.9
TR00062,C046,31,2646,26.2
TR00062,C046,8670,9853,58.6
TR00063,C005,839,1633,87.3
TR00063,C005,3637,4166,62.8
TR00063,C005,7497,8557,48.2
TR00063,C005,11019,11962,46.4
TR00063,C021,617,11535,70.4
TR00063,C022,142,13033,82.0
TR00063,C027,479,3420,48.3
TR00063,C031,2684,6157,49.7
TR00063,C031,7067,7975,99.4
TR00063,C044,404,1875,50.4
TR00063,C044,7556,8152,50.2
TR00064,C009,234,4672,98.3
TR00064,C010,717,5476,76.3
TR00064,C022,1482,1989,80.6
TR00064,C022,3610,4457,91.2
TR00064,C025,287,1781,43.9
TR00064,C025,4501,5045,57.1
TR00064,C034,2578,5429,35.7
TR00065,C004,0,5614,77.6
TR00065,C011,925,11724,96.6
TR00065,C020,178,1188,90.0
TR00065,C020,4105,5268,82.0
TR00065,C020,8527,9870,84.5
TR00065,C023,13,11502,66.4
TR00065,C031,1409,2586,49.7
TR00065,C031,8071,10018,26.9
TR00065,C045,509,4288,90.4
TR00065,C045,7702,10255,32.2
TR00065,C046,1848,11078,92.1
TR00065,C048,2785,5398,21.7
TR00065,C048,8672,11951,35.1
TR00066,C013,466,3035,54.0
TR00066,C025,703,2684,39.7
TR00066,C033,0,4369,33.6
TR00066,C042,182,3831,67.7
TR00066,C050,336,2182,55.4
TR00066,C050,2746,3440,38.6
TR00066,C050,4863,5369,38.9
TR00066,C050,7140,7542,42.5
TR00067,C009,2549,10278,86.3
TR00067,C013,3173,6254,98.4
TR00067,C013,7284,10220,60.1
TR00067,C015,5468,8479,75.1
TR00067,C022,311,3583,42.5
TR00067,C022,8038,9261,65.3
TR00067,C030,1040,2073,88.2
TR00067,C030,9964,12439,42.9
TR00067,C043,1855,4608,61.2
TR00067,C047,3238,4902,89.3
TR00067,C047,7202,8066,35.2
TR00067,C048,804,1603,82.3
TR00068,C017,6503,7421,64.2
TR00068,C030,2159,11898,95.1
TR00068,C031,1260,3221,90.4
TR00068,C036,33,13103,61.3
TR00068,C045,356,992,39.5
TR00069,C002,1559,13683,96.4
TR00069,C007,6262,7868,59.8
TR00069,C014,420,1211,42.7
TR00069,C014,4551,5643,51.9
TR00069,C014,8575,10809,56.9
TR00069,C014,12135,14078,51.1
TR00069,C031,3690,7104,43.5
TR00069,C031,9580,11161,60.2
TR00069,C036,7404,10784,40.9
TR00069,C048,5106,8486,45.5
TR00070,C011,1811,3784,98.2
TR00070,C011,12033,14131,57.3
TR00070,C014,2136,14386,91.0
TR00070,C020,489,723,55.3
TR00070,C020,4730,6851,81.4
TR00070,C020,8436,10484,45.0
TR00070,C020,13589,15670,86.7
TR00070,C023,1247,1580,81.9
TR00070,C023,7375,9574,59.8
TR00070,C023,11573,11868,90.7
TR00070,C032,4951,6634,66.8
TR00070,C037,109,1790,38.8
TR00070,C037,4540,6155,86.4
TR00070,C037,8462,9586,52.6
TR00070,C037,12751,14567,69.9
TR00070,C041,4945,6558,25.9
TR00070,C050,3858,5924,44.2
TR00071,C022,942,2137,45.0
TR00071,C022,4472,6042,34.0
TR00071,C022,8587,10950,92.1
TR00071,C026,268,9422,79.2
TR00071,C027,2586,5822,75.3
TR00071,C035,2374,9361,82.3
TR00071,C041,339,2712,22.1
TR00071,C041,7143,10692,24.2
TR00072,C011,404,890,64.8
TR00072,C011,2700,4213,91.5
TR00072,C011,5374,7167,92.9
TR00072,C014,1952,3746,43.1
TR00072,C024,1990,4495,29.4
TR00072,C041,66,672,35.4
TR00072,C041,2260,3170,77.8
TR00072,C041,3827,5078,100.0
TR00072,C041,5907,7235,96.6
TR00072,C043,1289,3616,76.8
TR00072,C045,2774,4630,82.9
TR00073,C008,783,10298,78.2
TR00073,C018,2411,11597,84.2
TR00073,C020,2652,3837,37.5
TR00073,C020,7333,9399,49.1
TR00073,C034,2967,3524,95.4
TR00073,C034,7612,10032,69.4
TR00074,C006,1751,2762,74.8
TR00074,C015,1986,3938,51.0
TR00074,C024,893,1776,79.5
TR00074,C024,3540,3742,58.5
TR00074,C043,1048,1303,48.9
TR00074,C045,222,778,87.2
TR00075,C002,433,1058,32.5
TR00075,C002,4754,6159,80.9
TR00075,C019,814,1973,36.9
TR00075,C019,4262,6827,39.0
TR00075,C024,1861,3730,90.1
TR00075,C024,4204,6190,98.8
TR00075,C036,2627,2978,91.8
TR00075,C037,1858,2931,50.9
TR00075,C037,4319,7743,55.9
TR00075,C038,511,2152,93.5
TR00075,C038,4362,5656,78.0
TR00076,C004,84,7288,96.4
TR00076,C010,533,1060,26.7
TR00076,C010,3946,6615,46.7
TR00076,C016,122,2917,76.6
TR00076,C016,3739,6102,36.6
TR00076,C020,417,1658,97.7
TR00076,C020,4656,5913,46.3
TR00076,C022,1459,1778,61.9
TR00076,C030,254,6441,85.4
TR00076,C032,899,7287,79.9
TR00076,C041,197,437,87.0
TR00076,C041,2256,2658,83.0
TR00076,C041,3731,4677,75.2
TR00076,C041,5723,6609,72.2
TR00077,C014,1942,3473,93.1
TR00077,C014,9944,10326,38.7
TR00077,C030,4262,6780,87.5
TR00077,C038,5480,7078,59.5
TR00077,C050,3354,4280,24.0
TR00077,C050,7439,9582,37.2
TR00078,C012,865,2605,50.9
TR00078,C014,378,1396,94.0
TR00078,C014,2157,3250,31.5
TR00078,C014,3738,4982,54.2
TR00078,C020,101,349,93.4
TR00078,C020,2727,3093,56.2
TR00078,C032,2544,3784,60.0
TR00078,C041,220,4829,83.2
TR00078,C043,710,2448,80.6
TR00078,C043,3018,4580,36.3
TR00078,C045,466,4034,42.5
TR00079,C002,853,1553,34.4
TR00079,C002,9200,10461,34.4
TR00079,C013,1872,5359,30.7
TR00079,C013,7598,8898,97.4
TR00079,C017,289,1442,37.6
TR00079,C017,5421,6647,50.7
TR00079,C017,9592,9920,90.9
TR00079,C025,2928,5817,85.7
TR00079,C034,4772,6067,46.7
TR00079,C047,1760,5545,76.1
TR00079,C047,7590,9753,86.3
TR00079,C049,5834,7952,45.3
TR00079,C050,4973,7777,41.9
TR00080,C001,1533,2473,29.2
TR00080,C002,0,542,62.5
TR00080,C010,250,3279,40.9
TR00080,C023,72,2838,94.1
TR00080,C033,1116,2261,71.5
TR00080,C033,4623,6101,60.7
TR00080,C048,548,2221,68.0
TR00080,C048,4956,5873,42.1
TR00081,C002,528,1597,63.1
TR00081,C002,4335,5906,98.2
TR00081,C002,7308,7625,95.0
TR00081,C002,11059,12777,75.9
TR00081,C006,2204,10433,68.1
TR00081,C017,735,3454,46.9
TR00081,C030,2500,3177,83.9
TR00081,C030,9490,12439,68.9
TR00081,C035,836,4302,42.4
TR00081,C035,7513,9363,28.3
TR00081,C042,252,968,62.4
TR00081,C042,7710,10022,99.3
TR00082,C014,555,5163,62.9
TR00082,C029,797,4525,79.9
TR00082,C041,2281,5366,21.5
TR00082,C042,1065,1997,87.0
TR00082,C042,3698,5390,71.1
TR00082,C045,443,1020,48.3
TR00082,C045,3980,4972,72.0
TR00082,C014,1687,3552,65.3
TR00083,C001,1335,2418,67.8
TR00083,C001,4634,6337,99.4
TR00083,C003,1035,2304,31.3
TR00083,C003,3812,5611,94.6
TR00083,C024,257,5892,74.8
TR00083,C027,1054,1899,66.1
TR00083,C027,4394,5562,78.1
TR00083,C034,0,2841,28.3
TR00083,C039,263,2618,40.1
TR00083,C039,3817,4228,48.0
TR00083,C049,1130,5160,78.3
TR00084,C006,713,1471,79.4
TR00084,C006,6220,7688,84.0
TR00084,C006,10591,12219,42.5
TR00084,C006,14292,15860,30.3
TR00084,C010,1288,1793,31.7
TR00084,C010,10263,10867,47.9
TR00084,C017,7341,11068,98.1
TR00084,C022,72,18110,68.6
TR00085,C026,1459,17544,78.3
TR00085,C036,125,14176,91.3
TR00085,C042,5487,7736,20.9
TR00085,C050,4794,7855,53.3
TR00086,C001,3154,7136,60.5
TR00086,C015,1974,4378,66.9
TR00086,C015,9710,12450,39.1
TR00086,C029,3848,4247,42.7
TR00086,C029,10733,12141,45.2
TR00086,C030,615,1605,82.2
TR00086,C030,9438,10868,81.6
TR00086,C033,6158,9125,47.0
TR00086,C038,1559,3396,74.0
TR00086,C038,9870,10750,24.9
TR00086,C040,2385,2803,32.4
TR00086,C040,9790,12072,37.5
TR00086,C048,4624,4902,72.1
TR00086,C001,1498,13423,68.6
TR00087,C013,1007,10706,62.5
TR00087,C020,1689,3724,99.6
TR00087,C020,9443,11523,20.6
TR00087,C022,2227,6082,50.0
TR00087,C022,8514,10757,35.5
TR00087,C032,801,4134,62.4
TR00087,C032,9115,10977,94.7
TR00087,C034,4,1617,33.5
TR00087,C034,4888,7213,86.2
TR00087,C034,8450,10718,43.0
TR00087,C038,1249,3272,91.4
TR00087,C038,7200,8179,83.5
TR00087,C050,2235,11509,72.8
TR00088,C007,1030,4998,50.5
TR00088,C012,4310,5952,87.9
TR00088,C014,7360,10755,49.5
TR00088,C029,1521,2417,50.1
TR00088,C029,6455,8536,32.2
TR00088,C029,12158,14079,49.1
TR00088,C037,3697,6407,37.3
TR00088,C037,11847,15478,94.5
TR00088,C043,4087,8076,57.2
TR00088,C045,1854,18160,82.8
TR00089,C005,1905,4914,24.3
TR00089,C005,7779,11034,42.2
TR00089,C013,1108,2235,53.2
TR00089,C013,8134,9670,81.7
TR00089,C016,2286,5773,37.0
TR00089,C016,9045,9746,25.8
TR00089,C020,1558,3119,62.7
TR00089,C020,8484,9359,46.4
TR00089,C023,0,2862,43.1
TR00089,C024,1213,2891,40.0
TR00089,C024,7735,8193,66.2
TR00089,C043,4259,5103,32.9
TR00089,C050,1178,5016,39.9
TR00089,C050,6798,7398,65.5
TR00090,C006,885,1195,63.1
TR00090,C006,3105,5296,88.4
TR00090,C006,5799,7289,79.1
TR00090,C007,1780,3359,51.9
TR00090,C007,4318,5449,70.6
TR00090,C024,493,8014,81.3
TR00090,C027,787,4393,67.1
TR00090,C037,1039,3554,65.7
TR00090,C037,6195,7133,21.0
TR00091,C002,1328,1613,50.9
TR00091,C002,5115,7069,69.3
TR00091,C022,745,3200,72.6
TR00091,C023,213,2658,25.2
TR00091,C023,6559,6833,54.3
TR00091,C029,1059,1898,53.5
TR00091,C031,307,1253,39.4
TR00091,C031,4601,6116,30.5
TR00091,C032,563,8787,62.9
TR00091,C046,1921,4199,98.1
TR00091,C046,6572,8219,49.3
TR00091,C050,1943,2532,74.9
TR00091,C050,6479,7380,41.4
TR00092,C005,1931,5879,77.7
TR00092,C005,8357,11273,43.7
TR00092,C020,2472,2974,63.0
TR00092,C020,9884,12418,32.9
TR00092,C021,959,4066,44.7
TR00092,C021,9674,13512,39.1
TR00092,C032,8,1961,88.0
TR00092,C032,4394,4673,83.4
TR00092,C032,7728,9536,48.6
TR00092,C032,10760,12974,63.9
TR00092,C036,1304,2352,41.3
TR00092,C036,4549,5877,30.8
TR00092,C036,9095,9838,88.3
TR00093,C002,5838,6755,96.6
TR00093,C012,439,3688,44.2
TR00093,C020,782,2319,40.4
TR00093,C020,5853,7252,33.5
TR00093,C020,10010,10228,46.0
TR00093,C020,14384,15113,74.6
TR00093,C022,1983,14708,77.1
TR00093,C025,0,4252,26.6
TR00093,C045,0,1529,79.6
TR00093,C048,2655,4251,80.7
TR00093,C048,11028,14880,31.4
TR00094,C026,1484,3299,77.2
TR00094,C034,2173,4040,25.2
TR00094,C034,6923,9137,29.3
TR00094,C047,1461,3214,60.9
TR00094,C047,7812,10850,80.0
TR00094,C048,357,3725,60.5
TR00094,C048,7263,8663,43.0
TR00094,C050,977,10427,78.5
TR00095,C001,0,3706,59.4
TR00095,C010,307,1438,65.9
TR00095,C010,4436,5212,99.0
TR00095,C010,7193,7778,34.9
TR00095,C033,1344,2354,43.5
TR00095,C033,6287,7142,90.4
TR00095,C040,2412,4912,64.0
TR00095,C040,6335,6845,76.3
TR00095,C042,342,1580,82.5
TR00095,C042,6928,8448,23.1
TR00095,C046,3093,4263,97.2
TR00095,C050,2526,4600,93.0
TR00095,C050,7334,8512,39.8
TR00096,C005,418,884,37.9
TR00096,C005,1464,2542,39.5
TR00096,C005,3318,3614,30.7
TR00096,C005,4669,5251,74.0
TR00096,C018,163,1675,77.1
TR00096,C018,2345,3707,48.8
TR00096,C018,3902,5060,67.0
TR00096,C040,867,1232,42.3
TR00096,C040,3137,4176,24.4
TR00096,C042,1323,1872,50.9
TR00096,C042,3098,4279,56.1
TR00096,C045,0,1491,34.0
TR00096,C049,1115,1861,33.0
TR00096,C049,3675,4995,35.6
TR00097,C001,2382,5203,45.9
TR00097,C013,1985,3119,55.3
TR00097,C013,8953,9779,58.9
TR00097,C016,1562,14226,92.6
TR00097,C017,307,1660,68.6
TR00097,C017,6145,8631,74.1
TR00097,C017,10110,12447,39.9
TR00097,C034,3439,6791,28.8
TR00098,C024,77,1503,58.0
TR00098,C024,11653,13944,60.3
TR00098,C048,0,5889,68.5
TR00098,C049,1341,4296,26.5
TR00098,C049,9026,9612,39.8
TR00098,C050,3070,13742,93.9
TR00099,C007,41,1581,22.4
TR00099,C017,439,3495,65.4
TR00099,C017,5868,6147,42.6
TR00099,C032,561,1601,88.4
TR00099,C032,4824,6548,87.5
TR00099,C034,1023,2602,89.2
TR00099,C034,4510,5337,86.9
TR00099,C038,876,2810,76.7
TR00099,C038,5369,6627,70.5
TR00099,C039,0,997,69.7
TR00099,C047,2679,4493,26.0
TR00100,C003,1392,15256,61.9
TR00100,C013,1159,2969,41.9
TR00100,C013,4470,4719,73.7
TR00100,C013,9746,10157,55.1
TR00100,C013,12641,14250,56.0
TR00100,C023,2992,5279,97.3
TR00100,C023,9545,11548,46.1
TR00100,C034,2493,3479,95.3
TR00100,C034,8771,9026,44.7
TR00100,C038,0,5537,51.5
TR00100,C048,304,732,97.9
TR00100,C048,10862,11867,45.9
TR00101,C005,1835,5713,44.6
TR00101,C005,11403,11641,34.2
TR00101,C040,2446,4950,50.8
TR00101,C040,11607,14070,56.6
TR00101,C046,2087,5732,65.6
TR00101,C049,515,16597,86.1
TR00102,C009,250,3637,72.8
TR00102,C012,156,2779,53.9
TR00102,C017,191,2939,96.2
TR00102,C017,3028,3364,35.1
TR00102,C020,951,5682,62.6
TR00102,C024,0,2510,62.5
TR00102,C038,682,5738,95.0
TR00102,C042,1896,2460,41.6
TR00102,C047,950,2932,73.7
TR00102,C047,4398,5852,22.3
TR00103,C004,3425,6976,91.8
TR00103,C005,698,10572,86.5
TR00103,C011,325,1955,88.7
TR00103,C011,3761,5581,42.1
TR00103,C011,7545,8167,51.8
TR00103,C024,558,2659,93.9
TR00103,C024,3269,5060,46.1
TR00103,C024,5675,6950,77.9
TR00103,C024,8679,10632,74.7
TR00103,C030,779,3445,98.6
TR00103,C030,8290,9613,43.4
TR00103,C038,1135,1450,24.0
TR00103,C038,8220,8973,63.2
TR00103,C045,4575,8355,69.5
TR00104,C008,0,3555,75.3
TR00104,C021,2822,6293,51.0
TR00104,C021,14769,16670,36.7
TR00104,C035,8036,10047,87.4
TR00104,C040,4118,4478,39.0
TR00104,C040,13049,15141,61.1
TR00104,C041,3289,6907,72.4
TR00104,C041,14676,18558,83.2
TR00104,C049,1034,3215,49.9
TR00104,C049,5552,6869,97.8
TR00104,C049,11134,12003,33.4
TR00104,C049,16303,18517,65.4
TR00105,C002,0,3438,54.7
TR00105,C007,1338,1928,81.7
TR00105,C008,3084,4639,83.9
TR00105,C013,3576,6833,76.6
TR00105,C015,449,1800,41.4
TR00105,C015,2638,3960,30.4
TR00105,C015,4530,5478,61.2
TR00105,C015,7045,8272,64.5
TR00105,C016,893,7069,94.1
TR00105,C029,146,1951,42.1
TR00106,C017,3141,3352,29.1
TR00106,C030,4042,4516,86.9
TR00106,C030,9636,10728,90.7
TR00106,C034,3002,6501,78.4
TR00106,C034,11401,14826,80.3
TR00106,C039,34,3777,47.8
TR00106,C039,10851,13450,95.7
TR00106,C046,2303,18265,67.2
TR00107,C007,1469,3145,51.5
TR00107,C007,7025,8478,61.3
TR00107,C012,7,561,47.3
TR00107,C019,0,5003,62.8
TR00107,C022,1371,3760,64.9
TR00107,C022,6436,9667,54.6
TR00108,C005,335,3253,60.0
TR00108,C005,10986,11952,21.0
TR00108,C007,1031,3275,56.1
TR00108,C011,1551,12319,61.9
TR00108,C012,2152,3420,53.8
TR00108,C012,10538,13679,30.6
TR00108,C020,2522,12399,95.7
TR00108,C023,0,3867,22.6
TR00108,C029,3448,6075,91.0
TR00108,C029,9789,11080,29.3
TR00108,C035,994,4307,23.7
TR00108,C035,8972,11594,76.2
TR00109,C007,7712,10825,45.0
TR00109,C017,1127,2010,58.7
TR00109,C017,5132,6093,63.0
TR00109,C017,8767,9719,72.8
TR00109,C017,12149,13033,31.5
TR00109,C018,3409,4564,49.7
TR00109,C018,7972,8240,23.1
TR00109,C019,6327,7650,95.0
TR00109,C021,1092,3704,56.3
TR00109,C024,4021,6904,85.7
TR00109,C037,677,1843,67.4
TR00109,C037,9524,13346,26.8
TR00110,C011,5755,7012,69.1
TR00110,C015,1688,13083,91.8
TR00110,C023,551,896,66.7
TR00110,C023,5043,5803,55.1
TR00110,C023,9211,10957,46.4
TR00110,C027,2638,2857,63.2
TR00110,C027,9159,10737,79.0
TR00110,C031,1530,4592,77.3
TR00110,C031,9378,13030,41.1
TR00110,C035,3011,3953,80.3
TR00110,C038,0,2781,39.4
TR00110,C042,529,2634,71.0
TR00110,C042,7430,9205,89.1
TR00111,C010,810,1201,72.1
TR00111,C010,4779,5183,71.7
TR00111,C010,10336,11460,30.7
TR00111,C010,14518,14785,43.5
TR00111,C011,0,591,58.4
TR00111,C019,3378,7098,96.1
TR00111,C019,13350,14424,40.3
TR00111,C020,1626,16522,97.0
TR00111,C022,4433,5432,47.0
TR00111,C022,9955,10332,82.2
TR00111,C027,5450,5940,47.3
TR00111,C031,7159,8444,56.1
TR00111,C046,613,2709,34.2
TR00111,C046,9596,10336,30.6
TR00112,C004,3640,6219,97.1
TR00112,C004,10478,14253,60.6
TR00112,C010,1186,11038,77.0
TR00112,C021,6282,6567,76.7
TR00112,C030,4174,6945,78.5
TR00112,C031,2666,3366,36.4
TR00112,C033,482,13506,91.9
TR00112,C035,3046,6010,98.4
TR00112,C035,8055,9734,34.5
TR00112,C050,3174,4289,49.0
TR00112,C050,9913,13561,37.0
TR00113,C006,1220,2820,93.9
TR00113,C010,2860,5549,58.6
TR00113,C019,3145,6592,98.9
TR00113,C025,3003,4905,75.0
TR00113,C040,420,4333,61.4
TR00113,C042,75,2405,88.3
TR00113,C042,3939,6763,95.2
TR00113,C046,943,1840,67.4
TR00113,C046,4534,6552,39.7
TR00113,C047,1618,2873,71.1
TR00114,C010,0,5017,62.5
TR00114,C017,2316,2576,22.2
TR00114,C017,5671,6269,29.5
TR00114,C034,786,3169,52.5
TR00114,C034,5580,7130,64.5
TR00114,C038,605,1708,33.1
TR00114,C038,2906,3585,96.9
TR00114,C038,5867,7599,99.8
TR00114,C038,8226,8643,32.2
TR00114,C039,3491,4635,25.2
TR00114,C041,4147,5303,90.2
TR00114,C042,358,612,37.9
TR00114,C042,3445,4914,33.7
TR00114,C042,5623,5825,42.8
TR00114,C042,8369,9816,89.9
TR00114,C048,1575,9422,89.4
TR00115,C006,639,1014,55.1
TR00115,C019,1255,8576,76.1
TR00115,C020,1913,3494,96.3
TR00115,C020,7748,9583,41.5
TR00115,C026,2094,5181,40.0
TR00115,C026,6857,8885,73.0
TR00115,C028,1313,3877,41.2
TR00115,C028,5675,6321,20.8
TR00115,C034,4928,7778,44.8
TR00115,C043,2553,5493,66.3
TR00115,C043,8074,10644,75.7
TR00116,C002,2821,3265,46.7
TR00116,C002,9094,9681,76.9
TR00116,C003,3037,5689,64.4
TR00116,C012,1537,5060,31.3
TR00116,C012,11460,11670,41.8
TR00116,C041,340,2461,88.7
TR00116,C041,6712,8798,30.3
TR00116,C041,11981,12234,38.2
TR00116,C047,2996,5702,70.4
TR00116,C047,8121,11919,47.7
TR00117,C003,3311,4564,24.8
TR00117,C023,547,2840,59.2
TR00117,C027,2001,3992,63.9
TR00117,C027,4687,7672,43.4
TR00117,C035,915,4736,82.1
TR00117,C036,1317,2785,20.4
TR00117,C041,1311,2236,41.7
TR00117,C041,5595,6322,59.4
TR00117,C048,1592,5188,88.8
TR00118,C003,394,2341,56.2
TR00118,C003,2828,4020,98.1
TR00118,C003,4941,6360,96.3
TR00118,C003,7608,9249,59.8
TR00118,C023,1773,4143,32.3
TR00118,C023,6592,8975,77.7
TR00118,C038,1354,4228,85.4
TR00118,C038,6955,9392,26.9
TR00118,C041,4773,6327,50.6
TR00118,C043,1744,2083,57.6
TR00118,C043,6252,8262,72.6
TR00118,C044,1388,3671,38.9
TR00118,C044,7059,9188,25.1
TR00119,C003,1393,4151,89.7
TR00119,C003,10668,12020,45.7
TR00119,C004,3073,15981,60.8
TR00119,C008,3579,6626,77.9
TR00119,C019,3793,6828,84.0
TR00119,C024,0,1215,23.6
TR00119,C030,65,1379,39.9
TR00119,C030,11351,13182,57.9
TR00119,C044,219,3960,70.1
TR00119,C044,10723,10962,26.4
TR00119,C046,1882,3586,95.6
TR00119,C046,12043,14402,87.0
TR00120,C003,153,5515,80.5
TR00120,C004,677,1110,78.6
TR00120,C006,689,1082,34.2
TR00120,C008,404,3254,41.7
TR00120,C021,49,4811,95.2
TR00120,C029,338,642,58.6
TR00120,C029,3822,4093,91.4
TR00120,C036,2854,4148,58.6
TR00120,C042,1810,3434,25.4
TR00121,C001,540,3096,67.6
TR00121,C015,3208,3969,63.6
TR00121,C015,13277,15844,64.3
TR00121,C018,1771,5704,57.9
TR00121,C042,7729,9204,41.6
TR00121,C046,626,978,54.5
TR00121,C046,5128,7320,45.3
TR00121,C046,9981,10304,50.0
TR00121,C046,13734,15064,33.4
TR00122,C008,696,2688,71.3
TR00122,C008,9018,11307,74.5
TR00122,C025,3638,4547,36.9
TR00122,C027,0,4756,72.3
TR00122,C035,2002,5317,50.9
TR00122,C036,2785,6295,99.6
TR00122,C036,7461,8917,71.5
TR00122,C049,3380,4333,47.3
TR00123,C003,5269,6804,46.6
TR00123,C007,337,1902,63.5
TR00123,C007,4071,4725,37.3
TR00123,C007,9359,10386,55.9
TR00123,C019,3761,4395,62.8
TR00123,C020,442,2296,34.2
TR00123,C020,5118,7513,95.1
TR00123,C020,8632,9030,35.8
TR00123,C030,1018,4422,37.7
TR00123,C030,7791,11723,98.3
TR00123,C031,2922,4385,34.0
TR00123,C031,7779,11689,46.1
TR00123,C034,1073,9564,62.9
TR00123,C037,1109,3906,45.9
TR00124,C002,1702,14913,73.6
TR00124,C014,0,514,39.0
TR00124,C024,1130,1918,51.8
TR00124,C024,6036,7750,71.1
TR00124,C024,10827,11978,97.6
TR00124,C027,2010,4537,96.6
TR00124,C027,11664,13048,70.9
TR00124,C030,671,2003,73.3
TR00124,C047,412,3237,72.9
TR00124,C047,8252,11703,36.2
TR00124,C049,2586,5697,72.6
TR00125,C019,4137,7510,99.5
TR00125,C019,10284,10731,46.5
TR00125,C027,888,2555,70.6
TR00125,C038,985,4300,72.8
TR00125,C046,6010,9768,33.9
TR00125,C048,1977,2788,23.8
TR00126,C004,5161,7515,88.9
TR00126,C018,0,9646,68.8
TR00126,C021,7102,10681,89.7
TR00126,C026,3628,4064,47.5
TR00126,C026,9784,11535,82.2
TR00126,C030,928,1926,44.8
TR00126,C030,8120,9195,81.2
TR00126,C030,13461,15369,58.7
TR00126,C039,801,2954,87.9
TR00126,C039,10936,13947,40.1
TR00126,C043,2785,5150,27.4
TR00127,C004,0,3493,88.3
TR00127,C007,975,1500,99.2
TR00127,C007,4208,6110,40.7
TR00127,C007,7726,9492,93.3
TR00127,C018,8,1358,63.4
TR00127,C018,3494,5066,63.5
TR00127,C018,5981,7117,45.5
TR00127,C018,8993,11365,81.0
TR00127,C032,189,9660,84.5
TR00127,C036,114,9668,79.7
TR00128,C008,269,4171,97.2
TR00128,C016,496,5004,93.7
TR00128,C037,919,1638,75.7
TR00128,C037,2768,4670,54.4
TR00128,C038,189,1545,67.0
TR00128,C038,3105,5355,56.1
TR00129,C003,5624,7812,51.5
TR00129,C020,798,4061,47.8
TR00129,C024,44,11540,66.5
TR00129,C028,5630,6265,22.9
TR00129,C050,126,3202,74.8
TR00129,C050,10856,12209,74.9
TR00130,C017,2056,3920,99.8
TR00130,C017,11790,13206,38.7
TR00130,C021,3968,7390,23.4
TR00130,C024,2822,6333,73.7
TR00130,C024,12916,16646,37.1
TR00130,C027,4996,7618,83.2
TR00130,C031,2246,2765,94.7
TR00130,C031,10169,11380,72.7
TR00130,C038,3383,4448,55.9
TR00130,C038,10258,12196,66.1
TR00130,C040,2767,5457,61.5
TR00130,C040,11266,14073,71.9
TR00130,C041,2620,3170,73.6
TR00130,C041,10205,13504,74.8
TR00131,C030,3073,5928,89.5
TR00131,C035,297,3177,65.8
TR00131,C039,5178,5683,28.2
TR00131,C042,1452,4530,58.7
TR00131,C042,7169,11058,60.7
TR00131,C046,67,1749,69.9
TR00132,C005,451,1276,53.9
TR00132,C005,5689,6769,85.3
TR00132,C005,10289,11606,34.8
TR00132,C005,14696,15586,46.5
TR00132,C007,739,2920,39.3
TR00132,C007,5006,6648,73.3
TR00132,C007,10673,10963,49.3
TR00132,C007,14823,17109,31.8
TR00132,C029,1200,4775,87.5
TR00132,C049,8784,10602,84.7
TR00132,C029,8998,14772,62.7
TR00133,C006,3754,7093,66.8
TR00133,C006,9715,12850,84.1
TR00133,C010,3990,4341,76.0
TR00133,C010,11429,12624,64.3
TR00133,C025,1358,4964,24.1
TR00133,C025,12957,13425,99.5
TR00133,C030,7602,9837,41.0
TR00133,C046,1417,3836,85.3
TR00134,C003,7475,8619,30.8
TR00134,C011,1655,5365,48.0
TR00134,C011,11402,14508,39.4
TR00134,C028,921,1263,66.1
TR00134,C032,935,2654,51.3
TR00134,C032,4861,7131,36.8
TR00134,C032,8467,9588,61.5
TR00134,C032,12511,13815,81.3
TR00134,C039,1165,3195,37.9
TR00134,C041,3248,6093,35.6
TR00134,C041,10621,13027,57.5
TR00135,C008,0,634,71.0
TR00135,C015,62,2646,95.0
TR00135,C024,6658,10334,69.4
TR00135,C027,2920,5047,69.1
TR00135,C027,10418,12485,53.2
TR00135,C042,0,3417,22.6
TR00135,C049,544,1330,61.4
TR00135,C049,9726,11640,66.3
TR00136,C002,678,1438,24.0
TR00136,C003,1464,3742,51.9
TR00136,C007,257,7528,64.2
TR00136,C008,397,674,66.8
TR00136,C008,2554,3379,57.6
TR00136,C008,4643,5980,38.9
TR00136,C008,7101,7569,74.6
TR00136,C040,1277,3402,67.5
TR00136,C040,5005,7348,61.0
TR00136,C042,786,7361,90.1
TR00137,C002,0,3228,41.0
TR00137,C009,1265,4238,36.6
TR00137,C009,6508,7994,56.1
TR00137,C017,2134,3788,81.5
TR00137,C017,6298,6594,32.5
TR00137,C049,1565,3504,98.1
TR00137,C049,5841,6723,35.3
TR00138,C008,4516,6933,55.7
TR00138,C015,3155,5069,86.6
TR00138,C025,8776,12586,80.9
TR00138,C031,165,708,48.3
TR00138,C031,6177,7555,85.1
TR00138,C031,13796,15185,35.3
TR00139,C013,1531,3750,59.5
TR00139,C027,660,3443,43.9
TR00139,C034,1909,3986,22.4
TR00139,C041,188,547,68.2
TR00139,C041,2395,3145,59.7
TR00139,C041,4624,5282,43.2
TR00139,C045,1995,2807,98.4
TR00139,C049,93,1463,34.7
TR00139,C049,1645,1984,52.0
TR00139,C049,3506,3955,99.0
TR00139,C049,4797,5967,45.0
TR00140,C010,593,4430,49.5
TR00140,C020,0,1186,48.8
TR00140,C027,857,11419,82.1
TR00140,C038,2748,4895,67.0
TR00140,C039,61,881,36.6
TR00140,C039,8404,10703,61.0
TR00141,C008,3335,4386,93.2
TR00141,C008,7442,10136,37.4
TR00141,C018,4835,6839,69.3
TR00141,C019,2,12531,79.9
TR00141,C035,1782,4079,65.3
TR00141,C035,9239,10329,61.2
TR00141,C037,3526,5844,91.1
TR00141,C041,1824,4566,49.7
TR00141,C041,8615,10973,73.6
TR00141,C049,3751,5866,85.4
TR00141,C050,2784,5063,21.6
TR00142,C015,2323,4081,60.4
TR00142,C015,7939,10183,63.0
TR00142,C023,2557,5148,27.0
TR00142,C031,4955,8753,57.4
TR00142,C036,2245,9948,89.6
TR00142,C037,1322,4090,88.1
TR00142,C037,6448,8896,61.8
TR00142,C038,4053,6277,55.6
TR00142,C049,850,9508,72.7
TR00143,C009,151,5137,81.8
TR00143,C012,2091,4239,47.7
TR00143,C013,665,6517,71.1
TR00143,C040,1630,2257,59.7
TR00143,C040,3424,4053,27.9
TR00143,C042,509,2654,74.0
TR00143,C042,4470,4889,33.4
TR00143,C050,10,677,48.9
TR00143,C050,2640,3229,33.9
TR00143,C050,4654,6661,42.1
TR00144,C018,1931,3914,95.8
TR00144,C018,6559,9934,25.1
TR00144,C029,6229,7092,32.3
TR00144,C032,500,1411,93.2
TR00144,C032,7294,7694,21.6
TR00144,C034,652,4586,25.8
TR00144,C037,1576,3064,46.3
TR00144,C045,1781,12169,72.7
TR00145,C030,2811,6595,31.7
TR00145,C034,341,1000,93.4
TR00145,C034,6744,8188,30.6
TR00145,C035,865,1481,22.7
TR00145,C044,711,2157,75.2
TR00145,C044,5858,7166,91.1
TR00146,C019,0,2527,49.6
TR00146,C027,1089,3145,59.7
TR00146,C028,407,1141,34.8
TR00146,C039,1327,12043,76.1
TR00147,C020,926,2952,32.3
TR00147,C020,4380,6457,30.8
TR00147,C020,7536,9473,92.9
TR00147,C020,11624,12801,80.8
TR00147,C029,6657,7608,25.2
TR00147,C035,1979,13043,88.6
TR00147,C045,1072,3884,43.6
TR00148,C002,1237,2735,89.2
TR00148,C002,9159,11680,60.3
TR00148,C017,1749,3170,78.9
TR00148,C025,3962,7493,36.5
TR00148,C035,1183,1948,41.4
TR00148,C035,8915,10294,44.5
TR00148,C044,0,6708,80.3
TR00149,C011,1026,4917,97.8
TR00149,C011,10153,11987,40.5
TR00149,C018,2864,13052,60.7
TR00149,C021,2250,16691,75.6
TR00149,C025,2521,13378,93.3
TR00149,C026,3252,5436,20.9
TR00149,C026,10089,12133,57.2
TR00149,C030,0,6373,24.9
TR00149,C044,1070,2619,89.2
TR00149,C044,11332,13257,58.7
TR00149,C045,620,14241,90.4
TR00150,C004,907,4692,83.1
TR00150,C018,2299,5985,28.6
TR00150,C035,1432,1658,51.6
TR00150,C038,127,2328,27.2
TR00150,C038,5540,5813,62.0
TR00150,C040,1040,4943,30.7
TR00150,C043,3831,6039,81.0
TR00150,C047,1257,1573,21.1
TR00150,C047,5697,7016,31.4
TR00150,C048,952,1304,70.5
TR00150,C048,5280,5534,97.7
TR00151,C003,1261,12501,70.0
TR00151,C009,180,606,31.3
TR00151,C009,7049,7569,47.1
TR00151,C009,11974,13900,53.3
TR00151,C029,680,16608,68.4
TR00151,C038,4804,7947,46.7
TR00152,C017,1316,3538,58.9
TR00152,C017,4563,5826,41.9
TR00152,C018,2004,4292,61.1
TR00152,C039,1314,2329,69.7
TR00152,C039,5251,6602,42.8
TR00152,C044,2557,3794,90.1
TR00153,C003,1951,3358,20.6
TR00153,C009,2039,3405,66.4
TR00153,C029,2585,5227,40.3
TR00153,C032,2379,12816,60.9
TR00154,C003,966,2166,63.0
TR00154,C003,9903,12141,32.7
TR00154,C011,1902,4795,98.1
TR00154,C011,11937,15107,36.0
TR00154,C014,627,4200,37.4
TR00154,C014,11868,14578,37.1
TR00154,C019,1172,1687,78.7
TR00154,C019,12742,14539,69.0
TR00154,C033,2791,14636,80.8
TR00154,C034,5301,7869,85.7
TR00154,C040,476,1526,47.3
TR00154,C040,8255,9066,66.6
TR00154,C040,13469,14885,47.8
TR00154,C043,1321,2782,91.0
TR00154,C043,10477,10900,67.0
TR00155,C006,3609,15567,77.1
TR00155,C013,1137,2378,64.7
TR00155,C013,11898,13504,27.8
TR00155,C017,7162,10624,93.4
TR00155,C029,2201,4247,89.4
TR00155,C029,12695,16067,44.4
TR00155,C031,6,1058,80.8
TR00155,C031,5346,7530,39.6
TR00155,C031,10190,10745,94.8
TR00155,C031,15393,17869,51.6
TR00155,C035,3560,4390,89.3
TR00155,C035,11749,12274,28.6
TR00155,C039,9201,11321,28.6
TR00156,C025,2125,2689,63.6
TR00156,C025,8731,11908,78.7
TR00156,C026,5583,8190,24.6
TR00156,C027,2311,3064,34.9
TR00156,C045,2382,3626,44.1
TR00156,C045,8358,11575,76.3
TR00157,C001,2331,4051,71.3
TR00157,C006,0,4187,69.2
TR00157,C017,0,5159,70.3
TR00157,C029,485,1307,39.7
TR00157,C029,7684,10784,38.4
TR00157,C033,582,4155,42.4
TR00157,C033,9149,13006,65.1
TR00157,C037,3000,4300,62.0
TR00157,C043,2866,5552,39.4
TR00157,C043,9445,11779,87.9
TR00158,C015,678,17618,65.9
TR00158,C019,3296,5766,29.6
TR00158,C019,10549,11230,42.6
TR00158,C025,3322,6300,29.7
TR00158,C027,1130,4010,94.2
TR00158,C027,13246,16378,78.3
TR00158,C030,2592,6351,77.9
TR00158,C030,12755,16473,36.7
TR00158,C042,1110,3512,96.8
TR00158,C048,7156,9346,55.5
TR00158,C015,3265,12020,67.1
TR00159,C023,4,2656,58.2
TR00159,C032,1390,17474,62.8
TR00159,C033,515,2082,29.4
TR00159,C033,10821,13452,44.0
TR00159,C035,8202,10561,87.8
TR00159,C036,3479,6991,69.5
TR00159,C036,12668,13127,32.0
TR00159,C039,3876,6259,90.4
TR00159,C039,11809,14083,26.9
TR00159,C042,2990,15289,86.2
TR00160,C003,122,1290,76.9
TR00160,C003,6589,9044,52.6
TR00160,C003,14653,17022,69.0
TR00160,C018,8079,8848,29.6
TR00160,C021,1654,2320,59.6
TR00160,C022,1575,18347,72.2
TR00160,C030,1238,2500,99.5
TR00160,C030,13273,16943,46.7
TR00160,C037,0,7379,56.1
TR00160,C050,1931,3556,74.3
TR00160,C050,12795,13100,66.1
TR00161,C016,4444,6727,25.4
TR00161,C022,2536,4843,62.3
TR00161,C022,10108,12946,93.9
TR00161,C025,220,766,47.6
TR00161,C025,9201,11889,37.9
TR00161,C030,1886,2984,55.4
TR00161,C041,1006,4914,20.9
TR00162,C011,7876,10959,53.9
TR00162,C016,0,6133,32.7
TR00162,C029,3026,6627,29.0
TR00162,C029,10890,13427,94.8
TR00162,C036,2375,4355,92.7
TR00162,C036,9575,11178,47.2
TR00162,C037,7289,8148,32.3
TR00162,C050,5654,9177,97.7
TR00163,C003,236,7878,70.8
TR00163,C026,2034,3475,30.1
TR00163,C026,5846,6418,95.7
TR00163,C034,1484,3299,46.1
TR00163,C034,5225,6883,42.0
TR00163,C036,1841,3401,34.2
TR00163,C036,6447,7169,37.3
TR00163,C043,184,3302,38.1
TR00163,C049,3600,4974,76.0
TR00164,C013,3230,6367,84.9
TR00164,C023,4558,8266,35.8
TR00164,C026,3792,4223,90.8
TR00164,C026,12120,15188,22.8
TR00164,C029,0,2624,70.1
TR00164,C037,614,14486,89.5
TR00165,C028,1031,13611,89.4
TR00165,C030,2647,5889,91.0
TR00165,C038,6083,9239,87.8
TR00165,C050,4591,6405,64.5
TR00166,C001,1342,5335,27.6
TR00166,C001,10761,11176,25.8
TR00166,C009,0,3133,85.9
TR00166,C011,2572,13819,79.4
TR00166,C025,2364,5350,45.5
TR00166,C025,10064,12737,34.4
TR00166,C039,312,1655,34.3
TR00166,C039,5188,7146,35.6
TR00166,C039,8675,9600,46.7
TR00166,C039,12856,13571,65.1
TR00166,C042,3308,6347,37.9
TR00167,C005,633,4519,64.0
TR00167,C007,1681,10893,63.4
TR00167,C010,5178,7114,47.6
TR00167,C016,1297,4460,61.1
TR00167,C016,7548,9159,72.2
TR00167,C021,4205,7235,97.2
TR00167,C033,363,10927,84.5
TR00167,C045,0,4606,89.9
TR00167,C050,1048,2527,51.7
TR00167,C050,4844,5078,75.0
TR00167,C050,8294,9759,97.4
TR00168,C001,1240,1714,95.1
TR00168,C001,5041,6344,90.7
TR00168,C001,8741,10477,87.7
TR00168,C003,2575,5577,31.6
TR00168,C003,9204,9715,34.7
TR00168,C027,119,823,26.4
TR00168,C047,0,2118,67.4
TR00168,C048,3207,4956,41.0
TR00168,C049,2227,3772,24.8
TR00168,C050,1841,5507,48.8
TR00168,C050,7321,8615,36.5
TR00168,C003,5477,9647,84.7
TR00169,C001,686,1159,98.6
TR00169,C001,6075,7217,53.9
TR00169,C001,12161,13329,76.4
TR00169,C003,6478,7244,34.1
TR00169,C009,3448,4617,33.7
TR00169,C025,3313,3643,23.6
TR00169,C037,76,651,92.4
TR00169,C037,12698,13702,33.7
TR00170,C008,1254,4161,50.9
TR00170,C013,1000,1283,76.0
TR00170,C013,3376,4968,53.3
TR00170,C015,2475,3804,23.2
TR00170,C021,669,3975,79.4
TR00170,C033,1463,2799,53.1
TR00170,C036,1081,1990,80.5
TR00170,C036,3643,4273,40.9
TR00170,C045,214,2800,72.1
TR00170,C050,1293,2954,82.8
TR00171,C001,2456,3092,83.9
TR00171,C006,423,2914,23.5
TR00171,C015,2350,2946,89.4
TR00171,C022,836,1934,52.5
TR00171,C022,3547,4911,32.8
TR00171,C030,2216,4580,69.9
TR00171,C031,1965,3938,92.6
TR00171,C035,1012,1533,53.2
TR00171,C035,2637,3881,69.9
TR00171,C042,264,3917,95.1
TR00172,C005,3509,14910,98.8
TR00172,C011,2628,3093,79.2
TR00172,C011,10278,11609,68.5
TR00172,C023,0,2433,27.1
TR00172,C024,3952,5061,43.2
TR00172,C028,1520,5219,34.1
TR00172,C028,9752,12986,35.8
TR00172,C030,3801,5462,94.5
TR00172,C043,8352,9845,69.8
TR00173,C007,1646,3179,92.0
TR00173,C007,8027,9970,81.4
TR00173,C009,2767,11886,68.6
TR00173,C026,18,2402,63.2
TR00173,C026,4358,5611,45.8
TR00173,C026,7404,8414,94.2
TR00173,C026,11957,14285,30.3
TR00173,C033,2134,12005,93.7
TR00173,C035,2552,5034,93.5
TR00173,C035,10784,13979,94.3
TR00173,C036,1162,1944,35.8
TR00173,C040,799,1263,63.8
TR00173,C040,9252,9619,56.1
TR00173,C043,2889,12346,65.0
TR00174,C004,908,6579,83.9
TR00174,C005,0,3040,27.8
TR00174,C008,284,1901,39.1
TR00174,C008,3103,3719,44.6
TR00174,C008,4997,5388,82.9
TR00174,C018,1438,3294,73.1
TR00174,C037,1081,6300,94.4
TR00174,C040,1661,5480,30.5
TR00174,C046,599,888,95.3
TR00174,C046,2733,4058,98.9
TR00174,C046,4689,5070,56.1
TR00175,C002,1104,1703,69.6
TR00175,C010,1469,3123,66.9
TR00175,C010,4290,5388,49.9
TR00175,C023,3496,6515,88.2
TR00175,C034,1760,2805,74.4
TR00175,C034,4442,4757,78.6
TR00175,C038,3149,6708,67.3
TR00175,C047,2853,4934,28.0
TR00175,C002,2681,6531,63.8
TR00176,C028,3136,5458,79.7
TR00176,C029,1741,3828,74.6
TR00176,C029,5962,7911,81.0
TR00176,C038,1760,4697,70.6
TR00176,C045,1048,2364,35.5
TR00176,C045,7535,9265,93.0
TR00176,C046,1432,8132,93.5
TR00177,C002,675,3647,45.5
TR00177,C016,1439,5096,28.9
TR00177,C016,11565,14863,82.3
TR00177,C028,1362,4484,87.0
TR00177,C032,480,13995,61.1
TR00177,C045,1327,2253,25.9
TR00177,C045,8944,10486,32.3
TR00177,C047,2005,4140,56.9
TR00178,C001,1540,3685,65.2
TR00178,C001,6309,6640,48.0
TR00178,C005,2561,6485,50.7
TR00178,C018,1152,2403,95.9
TR00178,C018,5770,6214,60.3
TR00178,C025,1303,9014,83.6
TR00178,C029,553,1671,45.4
TR00178,C029,4378,5343,70.7
TR00178,C029,7503,8254,98.5
TR00178,C037,1884,3886,47.5
TR00178,C037,5765,9578,84.0
TR00178,C040,1070,4266,45.9
TR00178,C040,5732,5986,96.8
TR00178,C048,4785,6539,60.4
TR00179,C016,1254,2585,44.1
TR00179,C016,3348,5428,46.3
TR00179,C026,2263,4647,64.0
TR00179,C039,0,540,24.2
TR00179,C042,944,1768,83.8
TR00179,C043,1570,3779,57.9
TR00180,C004,1970,5311,97.2
TR00180,C007,3398,6155,68.0
TR00180,C016,1128,10363,80.9
TR00180,C019,3049,6549,60.1
TR00180,C028,1292,8675,72.6
TR00181,C006,197,1096,48.8
TR00181,C007,1200,2839,85.4
TR00181,C007,4539,5676,89.3
TR00181,C007,9026,10346,55.7
TR00181,C012,5767,6088,23.6
TR00181,C023,1974,2815,54.5
TR00181,C045,0,6398,39.6
TR00181,C048,1433,2648,61.7
TR00181,C048,4472,5050,83.9
TR00181,C048,10226,12515,41.0
TR00181,C049,1753,2723,64.6
TR00182,C006,3474,7067,24.6
TR00182,C006,7466,9157,34.4
TR00182,C010,3143,6596,41.2
TR00182,C010,7651,10351,23.2
TR00182,C018,2292,3113,45.1
TR00182,C018,9739,12026,47.5
TR00182,C032,1822,2903,55.7
TR00182,C032,7928,9233,58.6
TR00182,C035,3446,7050,58.5
TR00182,C035,9653,11544,79.7
TR00182,C041,5436,9334,50.7
TR00183,C012,1122,2197,87.6
TR00183,C012,5229,5821,78.0
TR00183,C012,9078,9936,84.6
TR00183,C014,524,11977,79.5
TR00183,C024,3506,6516,74.2
TR00183,C042,2342,5992,50.1
TR00183,C042,8773,11908,41.0
TR00184,C003,2603,14782,93.5
TR00184,C013,5131,6630,77.7
TR00184,C033,0,7713,22.7
TR00184,C040,2544,5232,73.3
TR00184,C040,13141,13997,47.8
TR00184,C046,2486,13969,92.1
TR00185,C001,408,2528,75.7
TR00185,C001,4573,5398,49.3
TR00185,C001,8148,8849,50.5
TR00185,C001,11551,12033,65.8
TR00185,C005,2390,11270,95.3
TR00185,C042,2041,4988,40.6
TR00185,C042,8687,11656,99.1
TR00185,C050,5948,9597,40.6
TR00186,C014,2253,4109,78.2
TR00186,C014,8070,8405,47.5
TR00186,C015,2601,4326,46.0
TR00186,C015,8642,9005,86.7
TR00186,C021,1033,1315,74.7
TR00186,C021,4152,4744,37.5
TR00186,C021,7856,9243,48.5
TR00186,C050,2361,4850,41.3
TR00187,C005,1789,4562,88.8
TR00187,C014,0,2433,52.6
TR00187,C016,7837,10563,61.1
TR00187,C026,7794,11632,48.3
TR00187,C030,1347,3749,86.9
TR00187,C030,5009,6215,82.8
TR00187,C030,9995,11324,43.9
TR00187,C030,15696,17476,47.1
TR00187,C032,2085,2544,59.2
TR00187,C032,6977,8378,33.4
TR00187,C032,15126,17452,50.1
TR00187,C046,816,2394,33.1
TR00187,C046,10319,12105,91.8
TR00188,C021,249,1543,68.7
TR00188,C021,2024,3309,39.3
TR00188,C021,3481,4338,50.0
TR00188,C021,5549,6385,84.6
TR00188,C028,0,1852,45.8
TR00188,C030,1530,2681,67.7
TR00188,C030,3760,4739,32.5
TR00188,C035,3255,6539,23.0
TR00188,C039,0,2709,59.0
TR00188,C039,4540,5130,38.0
TR00188,C040,377,967,91.7
TR00188,C040,2209,3104,53.6
TR00188,C040,3783,4522,73.5
TR00188,C040,5308,5978,84.7
TR00188,C030,0,2665,71.3
TR00189,C003,1179,1970,38.2
TR00189,C003,4029,5005,96.4
TR00189,C003,7809,9577,94.6
TR00189,C003,11549,12095,35.1
TR00189,C010,2639,14107,64.3
TR00189,C020,1246,3447,91.9
TR00189,C020,6055,6305,38.8
TR00189,C020,11011,13236,37.6
TR00189,C023,1913,13201,64.7
TR00189,C030,2667,3240,40.5
TR00189,C035,1548,12799,85.3
TR00189,C045,2632,11016,89.5
TR00189,C010,851,5120,61.4
TR00190,C004,2460,2848,91.6
TR00190,C004,8778,11677,68.7
TR00190,C014,2912,4076,54.5
TR00190,C014,6493,10066,48.4
TR00190,C023,2657,5953,47.7
TR00190,C023,7333,8008,77.7
TR00190,C042,1350,10129,84.0
TR00191,C006,1818,3743,35.8
TR00191,C006,10176,12119,21.9
TR00191,C012,4377,7712,28.8
TR00191,C012,10464,13138,61.9
TR00191,C014,4525,8353,29.4
TR00191,C014,11005,14433,94.0
TR00191,C022,5568,7237,36.7
TR00191,C026,4339,7115,60.3
TR00191,C026,12465,15457,64.9
TR00191,C028,2637,5982,75.5
TR00191,C038,0,8533,64.8
TR00192,C002,0,2001,88.4
TR00192,C006,1183,4247,36.7
TR00192,C006,6010,8679,29.2
TR00192,C017,639,2191,65.2
TR00192,C017,3388,5221,44.3
TR00192,C017,6346,6915,86.7
TR00192,C020,3348,4659,97.8
TR00192,C032,2905,4012,73.7
TR00192,C038,1066,4090,34.6
TR00192,C038,5635,6113,23.4
TR00192,C040,2518,3827,85.0
TR00192,C047,2109,3763,33.7
TR00192,C047,4629,5194,48.3
TR00193,C006,1277,2943,24.9
TR00193,C006,5070,5481,28.4
TR00193,C008,0,745,58.9
TR00193,C016,0,3619,56.2
TR00193,C020,660,2346,22.8
TR00193,C020,4217,5357,55.5
TR00193,C030,2877,5822,53.6
TR00193,C036,0,2696,85.2
TR00193,C048,2401,5978,24.6
TR00194,C004,2657,4480,34.9
TR00194,C004,6533,9654,93.7
TR00194,C020,2732,4536,85.0
TR00194,C020,8561,10439,98.3
TR00194,C025,28,4004,99.9
TR00194,C025,7887,11294,76.4
TR00194,C030,197,11312,97.2
TR00194,C035,677,1054,49.9
TR00194,C035,5113,6303,60.3
TR00194,C035,8786,9554,40.2
TR00194,C043,3767,4306,49.9
TR00195,C005,2038,17310,97.5
TR00195,C022,3643,6222,80.4
TR00195,C022,10426,14374,23.4
TR00195,C024,5763,7576,87.3
TR00195,C030,3651,4661,77.7
TR00195,C043,1646,2482,89.0
TR00195,C045,1250,2291,69.8
TR00195,C045,7676,8812,53.9
TR00195,C045,12824,14419,41.9
TR00195,C046,5389,7523,63.8
TR00195,C050,1371,5048,51.3
TR00196,C002,943,1882,56.9
TR00196,C002,13000,15311,89.8
TR00196,C013,2779,4834,78.5
TR00196,C026,3193,6746,47.7
TR00196,C026,10416,11875,25.7
TR00196,C049,8296,11005,76.7
TR00197,C002,2042,3924,82.2
TR00197,C011,39,1885,93.3
TR00197,C011,5126,7297,23.1
TR00197,C015,0,3540,23.4
TR00197,C028,1412,6326,97.1
TR00197,C032,1535,3097,29.6
TR00197,C032,4278,6914,81.7
TR00197,C041,3470,4481,59.4
TR00198,C004,702,3235,53.1
TR00198,C007,1929,2614,64.1
TR00198,C009,4530,8256,29.7
TR00198,C015,722,4124,31.0
TR00198,C021,2247,4280,28.5
TR00198,C021,7710,9888,56.6
TR00198,C022,1590,1850,33.4
TR00198,C022,7670,8615,69.0
TR00198,C047,2426,4261,91.8
TR00198,C048,2351,5612,52.0
TR00198,C048,8244,11223,36.9
TR00199,C009,319,17030,63.5
TR00199,C015,4846,8156,88.3
TR00199,C017,947,2556,87.1
TR00199,C017,10557,11478,63.5
TR00199,C020,1602,2794,52.3
TR00199,C020,7123,9172,59.3
TR00199,C020,11832,14221,71.0
TR00199,C029,337,3882,64.3
TR00199,C029,9217,11702,52.4
TR00199,C042,2746,3492,21.8
TR00199,C042,11449,14364,64.7
TR00199,C044,37,2471,97.4
TR00199,C044,7431,8417,35.8
TR00199,C044,13258,15468,97.8
TR00199,C049,3488,4421,50.2
TR00199,C049,9270,12324,84.3
TR00200,C003,3720,4466,31.0
TR00200,C020,264,3902,49.0
TR00200,C020,8162,9526,97.1
TR00200,C033,1093,2034,73.2
TR00200,C033,4231,6212,85.7
TR00200,C033,8686,10325,87.1
TR00200,C034,1378,10361,71.2
TR00200,C043,5373,7473,27.8
TR00200,C044,1616,2757,99.0
TR00200,C044,7367,7986,36.5
TR00201,C017,2555,5538,39.4
TR00201,C019,1636,2322,89.2
TR00201,C024,1816,3282,80.9
TR00201,C024,3855,6899,99.4
TR00201,C037,0,1511,53.4
TR00202,C012,1987,5879,82.0
TR00202,C012,7649,9849,83.1
TR00202,C023,1524,4950,76.0
TR00202,C023,6200,8090,20.4
TR00202,C024,1450,4837,84.0
TR00202,C024,8655,11435,55.0
TR00202,C027,3545,4002,73.6
TR00202,C035,0,3464,59.4
TR00202,C039,1765,10116,98.4
TR00202,C041,1446,3447,41.7
TR00202,C041,6515,7476,31.2
TR00202,C045,3347,3718,89.2
TR00203,C003,0,1921,80.8
TR00203,C042,363,7519,73.3
TR00203,C047,398,4028,62.0
TR00203,C047,5195,7101,41.8
TR00203,C048,350,7257,68.8
TR00204,C008,889,6067,81.6
TR00204,C014,656,3180,98.3
TR00204,C014,4354,5141,77.0
TR00204,C033,702,3923,43.4
TR00204,C033,4720,6523,62.8
TR00204,C039,670,1989,31.7
TR00204,C039,3459,4852,42.3
TR00204,C039,5709,6239,84.0
TR00204,C048,1033,2871,70.9
TR00204,C048,5334,7431,75.9
TR00205,C001,2755,6438,22.0
TR00205,C013,178,419,83.8
TR00205,C016,638,2770,65.4
TR00205,C016,4983,5252,69.6
TR00205,C023,1487,7747,63.5
TR00205,C025,86,1359,91.4
TR00205,C025,2850,3151,60.8
TR00205,C025,5181,5861,55.6
TR00205,C025,7172,8726,62.3
TR00205,C034,1016,7353,60.7
TR00205,C037,3997,5364,58.3
TR00205,C046,4044,5276,75.6
TR00206,C004,2414,13438,85.3
TR00206,C019,505,1975,44.9
TR00206,C019,4447,4674,45.5
TR00206,C019,7707,9252,53.0
TR00206,C019,10838,11060,57.2
TR00206,C027,2174,2472,56.8
TR00206,C027,7104,10189,22.0
TR00206,C039,1312,4356,21.8
TR00206,C039,9492,10883,36.6
TR00206,C046,1633,5308,66.6
TR00206,C046,7240,9801,97.7
TR00206,C050,1861,4695,94.6
TR00206,C050,6966,7873,72.7
TR00207,C015,2506,5197,61.3
TR00207,C019,316,2717,31.8
TR00207,C025,212,728,73.7
TR00207,C025,5523,6846,81.5
TR00207,C034,50,2765,99.6
TR00207,C034,6391,8302,59.2
TR00208,C009,800,3165,35.5
TR00208,C009,5921,8270,80.6
TR00208,C014,1713,8713,96.0
TR00208,C023,1197,4754,70.8
TR00208,C023,7222,8569,69.7
TR00208,C033,1082,3683,61.3
TR00208,C033,6398,7999,24.6
TR00208,C036,0,3392,80.2
TR00208,C040,2171,2971,62.0
TR00208,C040,6365,9685,69.3
TR00208,C047,521,2575,81.1
TR00208,C047,5699,8068,47.7
TR00208,C049,2028,4811,60.0
TR00208,C049,5763,6136,63.2
TR00209,C003,3459,4419,49.6
TR00209,C003,9631,12560,57.1
TR00209,C008,1793,2239,51.9
TR00209,C008,13294,14229,46.2
TR00209,C025,1131,2318,75.2
TR00209,C025,6337,7901,78.2
TR00209,C025,13420,15670,84.6
TR00209,C031,815,16714,99.0
TR00209,C035,7958,11037,25.3
TR00209,C037,1612,2695,83.2
TR00209,C044,6232,8036,75.5
TR00210,C001,1724,11475,84.6
TR00210,C015,209,2012,72.9
TR00210,C027,3040,6462,67.2
TR00210,C027,8687,12670,72.0
TR00210,C030,3147,7055,97.4
TR00210,C030,7671,8089,67.3
TR00211,C010,335,3893,53.6
TR00211,C010,9134,11641,87.1
TR00211,C018,4109,7930,60.3
TR00211,C031,34,3997,45.0
TR00211,C031,10733,12584,82.5
TR00211,C034,2845,4190,82.7
TR00211,C034,9136,11020,73.1
TR00211,C046,2541,5278,73.7
TR00211,C049,1361,2244,70.3
TR00211,C049,5622,6577,81.2
TR00211,C049,11383,12710,36.1
TR00212,C013,55,3338,39.7
TR00212,C013,6212,7485,88.4
TR00212,C018,2316,3551,100.0
TR00212,C027,0,4314,42.4
TR00212,C028,1083,2944,32.6
TR00212,C028,3837,6227,34.7
TR00212,C028,6944,9295,33.0
TR00212,C038,4877,6889,84.5
TR00212,C039,377,1154,42.2
TR00212,C039,3742,4864,51.8
TR00212,C039,6742,7233,93.7
TR00212,C044,629,1391,37.5
TR00212,C044,3252,3745,72.0
TR00212,C044,5233,5944,74.8
TR00212,C044,8096,8563,81.3
TR00213,C014,3193,5880,61.2
TR00213,C023,7237,7646,56.0
TR00213,C030,8554,9222,85.6
TR00213,C032,3165,5533,33.2
TR00213,C032,12073,12989,50.9
TR00213,C037,1319,1776,96.3
TR00213,C037,10848,11321,55.3
TR00213,C039,0,8721,69.9
TR00213,C041,477,900,52.8
TR00213,C041,5954,7137,65.2
TR00213,C041,9803,12051,99.4
TR00213,C041,15518,17760,30.3
TR00213,C042,2706,4685,51.6
TR00213,C042,11010,12151,94.7
TR00214,C003,2025,2862,96.5
TR00214,C003,5482,9231,32.9
TR00214,C015,2169,4415,82.4
TR00214,C016,1074,3494,75.1
TR00214,C016,5726,6889,78.8
TR00214,C017,4813,8590,52.5
TR00214,C024,0,2104,71.9
TR00214,C033,1080,3243,79.0
TR00214,C033,5030,6386,73.3
TR00214,C036,10,508,86.4
TR00214,C036,7065,9474,71.3
TR00214,C042,1281,4071,24.2
TR00214,C042,5035,7371,99.7
TR00215,C001,594,1653,22.0
TR00215,C001,5613,9189,72.4
TR00215,C002,1728,1961,49.5
TR00215,C027,2864,4215,66.5
TR00215,C035,259,4137,21.0
TR00215,C035,7049,9362,70.1
TR00216,C003,344,3840,53.2
TR00216,C003,5118,5942,62.4
TR00216,C022,128,3699,37.5
TR00216,C022,6560,8402,21.4
TR00216,C023,2586,3747,36.6
TR00216,C037,1279,2392,22.7
TR00216,C047,2023,2394,76.4
TR00216,C047,4770,6203,21.3
TR00217,C019,3338,6544,92.4
TR00217,C037,3340,3900,66.0
TR00217,C047,2475,5762,37.8
TR00217,C047,7069,8174,63.4
TR00217,C048,0,4927,21.9
TR00217,C019,2636,4585,76.0
TR00218,C020,3470,4727,43.1
TR00218,C027,236,2487,60.3
TR00218,C028,1173,2974,36.7
TR00218,C028,9750,12353,37.5
TR00218,C029,1071,12706,61.9
TR00218,C038,2290,3452,21.9
TR00218,C038,8966,10428,58.0
TR00219,C010,1591,3608,67.6
TR00219,C010,5414,7080,39.3
TR00219,C020,0,2655,30.1
TR00219,C032,488,3572,87.1
TR00219,C032,4510,5464,97.5
TR00219,C034,1106,3156,33.6
TR00219,C034,5445,5669,70.1
TR00219,C035,645,1471,27.9
TR00219,C035,4948,7223,91.3
TR00219,C038,1013,6435,77.9
TR00219,C041,1471,7262,83.8
TR00219,C050,1296,6991,93.8
TR00220,C014,801,2098,76.0
TR00220,C014,4294,6213,58.4
TR00220,C014,7493,9537,37.9
TR00220,C014,11637,13093,75.7
TR00220,C020,1513,4590,85.6
TR00220,C020,7730,11262,56.8
TR00220,C033,524,1028,93.6
TR00220,C033,6396,7629,44.3
TR00220,C033,11212,11703,61.0
TR00220,C040,1503,5489,75.8
TR00220,C040,9012,12593,58.1
TR00221,C003,2279,3786,55.1
TR00221,C003,11153,13472,38.8
TR00221,C024,1219,3564,86.8
TR00221,C024,9328,11205,92.2
TR00221,C032,7811,10576,22.9
TR00221,C036,2959,4455,30.8
TR00221,C036,11635,13335,81.1
TR00221,C048,4263,7836,64.1
TR00222,C017,2046,3880,57.8
TR00222,C017,9968,11482,87.6
TR00222,C024,3266,3794,32.0
TR00222,C024,11453,13797,40.0
TR00222,C031,3865,7854,47.9
TR00222,C031,11861,13482,34.0
TR00222,C036,6786,8475,43.5
TR00222,C043,1881,5821,49.7
TR00223,C003,0,1107,41.6
TR00223,C015,341,3318,30.1
TR00223,C015,7907,8308,83.6
TR00223,C024,1297,1609,67.9
TR00223,C032,345,982,30.1
TR00223,C037,450,1626,99.8
TR00223,C042,0,5442,77.7
TR00223,C044,90,2653,59.9
TR00223,C044,8153,10377,56.9
TR00223,C049,202,3934,100.0
TR00224,C003,2971,5016,60.0
TR00224,C004,3283,6771,92.8
TR00224,C005,1444,1947,78.8
TR00224,C005,6459,7389,58.8
TR00224,C011,3624,6727,46.5
TR00224,C015,352,2342,35.0
TR00224,C015,2871,4146,77.2
TR00224,C015,5624,6689,88.4
TR00224,C015,7455,9539,78.5
TR00224,C034,1819,2285,76.9
TR00224,C034,6605,6810,88.7
TR00224,C038,77,2354,78.2
TR00224,C038,6303,8606,39.6
TR00224,C045,1382,3471,84.9
TR00224,C045,5386,6395,85.8
TR00225,C004,1058,1430,64.7
TR00225,C012,488,1746,96.7
TR00225,C012,4156,5067,21.4
TR00225,C013,2628,6341,36.7
TR00225,C015,1394,2155,96.1
TR00225,C024,926,2853,79.2
TR00225,C024,3248,3680,40.9
TR00225,C030,192,2733,27.4
TR00225,C030,3403,5995,45.3
TR00225,C032,963,2514,63.7
TR00225,C034,230,658,77.1
TR00226,C005,0,2479,61.1
TR00226,C014,2799,4879,39.2
TR00226,C014,12405,16010,49.9
TR00226,C019,4611,8213,45.6
TR00226,C020,0,7096,37.4
TR00226,C021,1337,4328,72.7
TR00226,C021,10911,13779,58.1
TR00226,C034,579,2163,41.8
TR00226,C034,12412,15975,91.8
TR00226,C040,539,3989,80.0
TR00226,C040,10655,11524,79.7
TR00226,C050,4636,7745,43.5
TR00226,C050,13545,14717,84.5
TR00227,C011,476,7068,61.0
TR00227,C013,1507,2689,64.7
TR00227,C023,338,3120,47.7
TR00227,C023,5410,7359,32.4
TR00227,C024,1305,7323,71.3
TR00227,C036,203,1911,33.9
TR00227,C036,4371,5983,68.3
TR00227,C044,2908,5353,96.0
TR00228,C008,1670,8681,96.8
TR00228,C018,4064,6819,86.0
TR00228,C019,11,328,78.3
TR00228,C019,3409,4839,60.2
TR00228,C019,6136,6614,39.4
TR00228,C020,1187,3911,61.7
TR00228,C021,181,1563,27.0
TR00228,C021,4679,5991,73.2
TR00228,C034,2986,3294,88.6
TR00228,C036,125,1957,95.0
TR00228,C036,4499,5161,66.5
TR00228,C040,844,4246,93.1
TR00228,C040,5291,8779,25.6
TR00229,C002,4210,6457,79.0
TR00229,C004,5694,7142,46.6
TR00229,C010,4446,7497,86.5
TR00229,C013,5191,6826,57.2
TR00229,C026,604,12325,71.2
TR00229,C030,6277,9703,63.6
TR00229,C032,2258,4734,85.1
TR00229,C032,8034,9190,70.9
TR00229,C044,1598,4405,28.3
TR00229,C044,9310,11735,43.8
TR00230,C009,862,1493,75.5
TR00230,C009,3283,5287,44.3
TR00230,C009,5969,6935,37.6
TR00230,C009,8884,9607,41.7
TR00230,C012,17,601,89.1
TR00230,C012,7200,7498,74.7
TR00230,C017,2704,3281,36.7
TR00230,C017,6142,7566,92.1
TR00230,C019,0,1378,79.8
TR00230,C024,812,2289,72.3
TR00230,C024,3510,5190,50.0
TR00230,C024,5965,7773,53.9
TR00230,C024,8836,10615,75.0
TR00230,C040,5599,7629,92.0
TR00230,C017,20,2065,63.6
TR00231,C001,194,2756,91.3
TR00231,C001,3779,4822,68.1
TR00231,C011,2312,4634,71.9
TR00231,C024,1296,2487,35.1
TR00231,C025,14,4657,65.3
TR00231,C026,779,2876,20.6
TR00231,C026,4144,4413,30.6
TR00232,C016,1525,4237,42.4
TR00232,C018,3048,5996,78.0
TR00232,C018,7981,10435,37.6
TR00232,C019,783,1287,87.7
TR00232,C019,3131,3802,98.6
TR00232,C019,6106,7270,64.4
TR00232,C019,9834,10227,39.1
TR00232,C026,1927,4304,30.0
TR00232,C026,7890,10877,87.6
TR00232,C030,2710,5160,87.5
TR00232,C030,6737,9682,72.7
TR00233,C002,2255,4331,66.7
TR00233,C002,5517,6305,28.9
TR00233,C017,2165,5322,80.7
TR00233,C019,0,3940,51.7
TR00233,C034,137,1072,87.8
TR00233,C034,4618,4995,49.7
TR00233,C035,1359,3531,63.5
TR00233,C040,1757,6950,81.8
TR00233,C041,0,3518,62.7
TR00233,C047,232,2076,79.4
TR00233,C047,5944,7941,60.7
TR00234,C003,385,2874,39.5
TR00234,C005,1093,9129,77.4
TR00234,C015,1286,1937,96.4
TR00234,C015,6421,7365,81.2
TR00234,C028,1305,9329,79.5
TR00234,C030,455,1391,39.9
TR00234,C030,5908,7972,88.6
TR00234,C034,151,3995,74.5
TR00234,C034,5079,8277,63.3
TR00234,C045,1981,3628,33.7
TR00235,C008,513,1967,37.0
TR00235,C008,8762,10895,72.4
TR00235,C028,3967,6820,99.2
TR00235,C042,1339,12535,71.8
TR00235,C043,521,1453,34.7
TR00235,C043,6971,8201,69.2
TR00235,C045,3329,5097,72.5
TR00235,C045,8828,10872,86.3
TR00235,C050,2913,5009,60.8
TR00235,C050,8403,11183,38.3
TR00236,C002,3292,4002,32.5
TR00236,C008,1458,6713,96.5
TR00236,C010,757,1211,94.1
TR00236,C018,0,1758,71.4
TR00236,C025,228,1525,60.7
TR00236,C025,2514,3699,39.5
TR00236,C025,5445,6676,61.9
TR00236,C029,2040,4909,25.8
TR00236,C047,224,461,53.8
TR00236,C047,3006,4738,75.4
TR00236,C047,4903,5131,66.7
TR00236,C050,162,2321,97.0
TR00236,C050,3698,4688,57.9
TR00237,C005,1223,3146,76.6
TR00237,C008,1166,1644,73.4
TR00237,C008,2640,3093,65.6
TR00237,C018,751,1706,54.0
TR00237,C018,3218,4570,70.9
TR00237,C034,0,1492,23.5
TR00237,C042,0,1541,51.1
TR00237,C047,113,532,76.7
TR00237,C047,1759,1999,62.0
TR00237,C047,3931,5069,53.8
TR00237,C048,568,1213,64.6
TR00237,C048,2632,4384,78.1
TR00237,C050,844,2261,64.2
TR00238,C002,1133,1897,58.2
TR00238,C002,4628,7092,52.7
TR00238,C005,3795,4572,78.6
TR00238,C006,1519,2695,26.8
TR00238,C012,1312,4054,50.5
TR00238,C012,4921,5704,26.2
TR00238,C016,1319,7546,67.4
TR00238,C017,0,1968,56.7
TR00238,C019,2646,4486,94.0
TR00238,C048,2359,3537,66.0
TR00239,C026,904,3071,94.1
TR00239,C026,4356,5601,43.9
TR00239,C026,6827,7479,66.0
TR00239,C028,213,2785,46.2
TR00239,C028,6854,8300,74.2
TR00239,C031,2169,3392,47.8
TR00239,C035,2927,4621,57.1
TR00239,C036,47,1396,32.5
TR00239,C036,5896,7515,29.2
TR00239,C047,0,2494,57.0
TR00240,C005,3988,5672,59.1
TR00240,C026,2672,6320,79.9
TR00240,C027,625,4464,78.5
TR00240,C027,5785,8683,64.6
TR00240,C032,925,4055,51.7
TR00240,C032,5371,8612,83.6
TR00240,C038,4206,7926,90.4
TR00240,C045,1906,2380,65.5
TR00240,C045,6664,8068,22.5
TR00240,C046,2087,3632,87.5
TR00240,C046,5531,6549,75.3
TR00240,C049,909,2108,42.2
TR00240,C049,4996,5814,62.7
TR00241,C016,0,4863,90.0
TR00241,C028,753,1855,53.2
TR00241,C028,8621,10728,27.5
TR00241,C040,261,1204,32.6
TR00241,C040,4404,4938,76.1
TR00241,C040,8647,11098,31.7
TR00241,C048,1121,4015,55.3
TR00241,C048,9038,11294,22.2
TR00241,C028,930,4525,78.8
TR00242,C002,898,3673,59.1
TR00242,C007,90,1250,60.6
TR00242,C007,2107,2492,88.1
TR00242,C007,4373,5680,72.0
TR00242,C015,446,2833,86.0
TR00242,C015,3023,5678,37.6
TR00242,C023,1520,3757,91.7
TR00242,C031,96,501,45.5
TR00242,C031,1624,2883,72.0
TR00242,C031,3429,4295,90.3
TR00242,C031,4857,5395,84.5
TR00242,C036,1136,1490,68.1
TR00242,C044,2921,5004,63.0
TR00243,C004,2477,3380,79.6
TR00243,C004,8998,12755,41.4
TR00243,C008,1297,3261,98.9
TR00243,C008,4228,6413,36.9
TR00243,C008,9751,10845,39.0
TR00243,C008,13201,14212,67.9
TR00243,C013,7002,9743,77.2
TR00243,C014,7788,10304,40.3
TR00243,C040,2591,3494,39.4
TR00243,C040,9238,11524,24.3
TR00243,C046,4064,5122,92.3
TR00243,C046,10540,12503,73.3
TR00243,C004,3749,9531,82.5
TR00244,C002,43,3783,41.4
TR00244,C002,7344,9513,61.2
TR00244,C006,1636,3726,70.5
TR00244,C011,134,2318,39.1
TR00244,C011,2810,4771,88.2
TR00244,C011,5562,6449,58.6
TR00244,C011,7903,8941,94.5
TR00244,C016,712,7790,85.5
TR00244,C030,1210,4599,50.0
TR00245,C007,2245,5599,47.7
TR00245,C007,9047,11694,77.7
TR00245,C014,2317,4301,28.6
TR00245,C014,9179,10453,73.9
TR00245,C017,964,2170,55.7
TR00245,C017,10424,12599,80.7
TR00245,C025,568,3016,49.7
TR00245,C025,11365,13861,86.4
TR00245,C031,393,1221,44.9
TR00245,C031,4647,5756,86.9
TR00245,C031,9271,11743,45.2
TR00245,C031,12028,12245,49.3
TR00245,C033,4607,7820,32.6
TR00245,C007,4572,9364,75.0
TR00246,C002,2408,3199,64.7
TR00246,C013,701,1793,40.1
TR00246,C013,7888,9210,76.0
TR00246,C017,2287,9934,79.8
TR00246,C019,1683,2711,59.2
TR00246,C019,6460,6725,94.5
TR00246,C021,430,917,100.0
TR00246,C021,8737,10395,27.0
TR00246,C031,1740,2364,25.8
TR00246,C032,1816,4945,60.6
TR00246,C032,8095,9406,95.4
TR00246,C040,2155,3491,32.0
TR00246,C040,8000,9319,83.6
TR00247,C003,182,1578,91.9
TR00247,C003,7289,9426,37.3
TR00247,C011,244,12816,98.7
TR00247,C016,6587,7870,64.8
TR00247,C019,962,2513,88.4
TR00247,C019,9878,10632,84.1
TR00247,C035,1398,2201,43.6
TR00247,C035,9646,13571,90.0
TR00247,C046,4385,8247,39.4
TR00247,C048,359,12692,72.5
TR00248,C024,1406,4045,27.1
TR00248,C025,1287,11666,66.5
TR00248,C029,3567,5744,34.4
TR00248,C029,8593,10372,64.2
TR00248,C034,2636,13446,60.3
TR00248,C038,2562,2794,71.2
TR00248,C038,9487,9744,44.1
TR00249,C005,3282,4225,54.3
TR00249,C016,1471,14842,84.0
TR00249,C039,477,2927,70.9
TR00249,C039,10428,11344,62.6
TR00249,C050,3471,7203,43.6
TR00250,C007,2153,4162,58.8
TR00250,C032,2120,2376,28.9
TR00250,C032,6360,9019,29.2
TR00250,C033,2159,11477,66.9
TR00250,C035,330,1242,78.7
TR00250,C035,3742,4753,36.4
TR00250,C035,6477,8470,35.1
TR00250,C035,9429,11110,72.0
TR00250,C039,549,4046,31.2
TR00250,C041,601,1575,58.7
TR00250,C041,4475,5535,38.9
TR00250,C041,9199,10532,63.6
TR00251,C004,121,1900,93.2
TR00251,C013,54,1812,65.7
TR00251,C013,7940,10416,50.0
TR00251,C018,3964,7866,93.2
TR00251,C019,5836,8390,84.0
TR00251,C026,690,3007,24.0
TR00251,C026,6615,7210,57.1
TR00252,C014,3406,6308,93.7
TR00252,C018,1708,5474,99.1
TR00252,C018,7216,8159,69.9
TR00252,C027,770,3503,81.6
TR00252,C027,9768,12376,75.0
TR00252,C029,1426,4207,27.8
TR00252,C050,1868,4009,63.3
TR00252,C050,7895,11526,95.5
TR00253,C003,250,7071,93.7
TR00253,C005,54,6625,71.5
TR00253,C010,3246,6151,33.7
TR00253,C021,410,1004,49.1
TR00253,C021,2104,2412,30.6
TR00253,C021,3998,4935,88.1
TR00253,C021,5926,7202,82.4
TR00253,C038,668,5578,77.8
TR00253,C039,829,2200,27.3
TR00253,C039,4624,6687,38.9
TR00253,C040,539,6115,87.6
TR00253,C043,582,1646,84.7
TR00253,C043,4873,6339,40.4
TR00254,C001,1270,1873,88.4
TR00254,C001,11338,13400,82.1
TR00254,C002,2294,3367,49.0
TR00254,C002,12547,13903,60.4
TR00254,C011,3074,6799,34.8
TR00254,C021,855,1574,84.6
TR00254,C021,12608,14734,81.9
TR00254,C032,5879,8200,76.3
TR00254,C036,3528,5678,33.3
TR00254,C039,5253,6624,94.4
TR00254,C050,3073,16734,62.9
TR00255,C008,2588,4858,23.4
TR00255,C023,2336,17135,75.8
TR00255,C033,398,3862,86.9
TR00255,C033,9888,12065,51.2
TR00255,C034,1686,5172,80.5
TR00255,C040,2434,4311,90.2
TR00255,C040,13507,15975,35.0
TR00256,C003,3122,5874,55.5
TR00256,C003,9607,10566,94.3
TR00256,C010,1870,3677,40.1
TR00256,C010,10126,12944,96.4
TR00256,C013,959,3450,93.1
TR00256,C013,8536,9217,58.6
TR00256,C015,1775,4323,55.7
TR00256,C015,7857,8380,46.5
TR00256,C021,2904,5490,44.8
TR00256,C031,1726,5449,43.2
TR00256,C036,1730,3757,97.8
TR00256,C036,8644,9589,37.0
TR00256,C041,6048,7756,35.3
TR00257,C006,3749,18068,94.0
TR00257,C013,1574,2747,42.8
TR00257,C013,6288,8643,52.6
TR00257,C013,10645,12882,75.0
TR00257,C013,14514,16876,95.3
TR00257,C021,881,2847,35.5
TR00257,C024,1609,2651,62.4
TR00257,C037,7489,10376,32.7
TR00257,C045,329,1769,72.8
TR00257,C045,4895,7165,72.9
TR00257,C045,9851,10400,77.2
TR00257,C045,15422,16549,48.3
TR00258,C004,1721,5111,37.1
TR00258,C004,8322,8850,22.6
TR00258,C009,2285,3968,38.8
TR00258,C009,8174,8563,59.6
TR00258,C011,84,931,90.4
TR00258,C011,7044,8773,40.8
TR00258,C034,0,1270,68.4
TR00258,C037,709,4170,31.8
TR00258,C037,7129,9410,75.4
TR00258,C039,299,1987,92.9
TR00258,C039,4115,6074,30.1
TR00258,C039,7070,8470,36.3
TR00258,C039,10108,11917,78.6
TR00258,C044,1773,11689,75.8
TR00258,C045,1195,2898,62.7
TR00258,C045,7776,9474,41.4
TR00259,C013,451,2479,81.4
TR00259,C015,1344,2478,66.5
TR00259,C015,5022,6145,35.5
TR00259,C025,556,2892,75.7
TR00259,C025,3764,4922,23.4
TR00259,C031,738,3299,33.2
TR00259,C031,4205,5281,35.7
TR00259,C039,888,2327,90.8
TR00259,C039,4378,5968,94.5
TR00259,C044,54,5603,70.4
TR00259,C046,1343,3472,49.0
TR00259,C046,5210,7066,70.4
TR00260,C003,1337,1607,34.6
TR00260,C013,360,710,92.3
TR00260,C013,1930,3118,79.1
TR00260,C013,3622,4937,36.2
TR00260,C013,5340,5863,37.9
TR00260,C035,792,2870,66.4
TR00260,C035,4820,6094,31.1
TR00260,C050,800,2187,97.0
TR00260,C050,3750,6165,53.9
TR00261,C006,1506,2203,72.5
TR00261,C006,5974,7655,44.9
TR00261,C012,2083,3309,50.5
TR00261,C012,5962,6583,84.0
TR00261,C026,1071,2616,54.6
TR00261,C026,5234,7686,35.6
TR00261,C034,1104,2006,86.5
TR00261,C034,4882,7206,83.2
TR00261,C039,1588,2262,39.9
TR00261,C039,4931,5340,31.7
TR00261,C044,142,8231,68.9
TR00261,C050,1315,3556,69.5
TR00261,C050,4602,8155,58.3
TR00262,C002,1935,2901,48.8
TR00262,C002,9580,9911,56.1
TR00262,C011,560,3976,86.6
TR00262,C011,11150,13151,90.0
TR00262,C025,647,1659,43.6
TR00262,C032,2249,5514,73.3
TR00262,C043,2173,14062,70.8
TR00263,C009,625,1558,34.0
TR00263,C009,3429,3950,95.7
TR00263,C015,2571,5434,74.2
TR00263,C019,2870,3696,67.0
TR00263,C024,455,2613,23.0
TR00263,C024,3239,3483,40.6
TR00263,C026,0,1902,22.7
TR00263,C030,732,1676,75.0
TR00263,C030,3849,4742,45.9
TR00263,C033,1040,2057,25.8
TR00263,C033,3967,5474,79.2
TR00263,C035,2255,4314,30.7
TR00264,C009,1367,9903,98.8
TR00264,C020,4286,7918,99.0
TR00264,C028,1396,3177,74.5
TR00264,C031,1309,4883,66.7
TR00264,C031,6730,8419,59.1
TR00264,C036,3855,5549,76.8
TR00265,C005,1155,2132,28.5
TR00265,C014,536,997,68.0
TR00265,C014,1961,2652,49.8
TR00265,C014,3664,3998,51.5
TR00265,C014,5204,5991,75.2
TR00265,C015,3277,5393,29.9
TR00265,C017,214,4139,44.7
TR00265,C018,1103,2141,45.7
TR00265,C018,4201,4682,78.7
TR00265,C025,0,1434,68.0
TR00265,C005,0,2666,82.4
TR00266,C023,0,3543,24.7
TR00266,C035,1718,12726,90.0
TR00266,C038,1918,2934,91.4
TR00266,C038,7480,8198,98.7
TR00266,C042,124,2376,82.4
TR00266,C042,9751,10066,47.3
TR00266,C044,1340,2870,67.4
TR00266,C044,10285,12039,72.0
TR00267,C001,426,10056,62.6
TR00267,C008,1096,4754,58.1
TR00267,C010,2189,5166,69.8
TR00267,C011,1299,4935,83.6
TR00267,C016,25,3676,70.1
TR00267,C016,7543,9244,21.9
TR00267,C026,1,1472,95.2
TR00267,C026,3172,3540,50.1
TR00267,C026,6004,6209,68.8
TR00267,C026,9098,9444,42.5
TR00267,C029,5482,7921,96.1
TR00267,C046,340,3078,92.1
TR00267,C046,6018,9297,20.5
TR00268,C003,3340,3727,61.3
TR00268,C003,13886,15696,34.7
TR00268,C011,4447,5342,89.1
TR00268,C011,11095,12363,68.2
TR00268,C013,7,16537,83.3
TR00268,C018,2427,5544,70.2
TR00268,C018,11395,12583,25.8
TR00268,C019,2454,4068,88.3
TR00268,C019,14108,14612,40.1
TR00268,C034,2761,3676,25.9
TR00268,C037,2316,19120,74.5
TR00268,C038,0,8764,76.0
TR00269,C003,712,5258,64.4
TR00269,C010,800,2417,58.5
TR00269,C010,3919,4126,41.3
TR00269,C012,180,1818,83.6
TR00269,C014,505,4863,92.7
TR00269,C023,1182,2684,62.0
TR00269,C023,3194,4414,59.4
TR00269,C034,1292,2675,93.9
TR00269,C034,3580,5510,81.0
TR00269,C038,651,2823,97.1
TR00269,C038,3538,5299,47.4
TR00269,C050,208,2024,50.5
TR00269,C050,3155,3721,31.1
TR00270,C005,255,2536,29.2
TR00270,C005,4382,5322,82.6
TR00270,C009,363,5497,83.3
TR00270,C010,289,1184,46.0
TR00270,C010,1613,2447,62.4
TR00270,C010,3339,4324,50.3
TR00270,C010,4654,5402,81.9
TR00270,C017,23,4731,82.3
TR00270,C019,312,1679,41.6
TR00270,C019,2241,2814,50.6
TR00270,C019,4438,5205,44.5
TR00270,C026,97,1078,76.7
TR00270,C026,3884,5473,44.6
TR00270,C031,1250,2512,44.8
TR00270,C031,3378,5384,99.4
TR00270,C041,231,1017,86.4
TR00270,C041,3744,5577,30.5
TR00271,C002,1152,2263,99.6
TR00271,C026,5314,6951,76.0
TR00271,C032,1741,2480,63.4
TR00271,C032,5873,6723,61.0
TR00271,C040,952,9659,81.3
TR00271,C045,4210,5100,62.7
TR00272,C004,5687,7799,59.7
TR00272,C008,240,3153,55.6
TR00272,C008,12126,13688,44.3
TR00272,C023,409,2527,83.1
TR00272,C023,7246,7568,38.3
TR00272,C023,10971,11880,65.9
TR00272,C034,330,1442,93.6
TR00272,C034,11018,11871,78.7
TR00273,C001,820,5888,63.5
TR00273,C019,2690,5049,56.4
TR00273,C021,2936,4488,90.7
TR00273,C022,1957,2323,75.9
TR00273,C034,2903,3467,95.0
TR00274,C019,819,4583,82.7
TR00274,C033,703,1241,56.3
TR00274,C033,3468,5042,76.4
TR00274,C033,5294,6306,43.7
TR00274,C033,8771,9317,45.8
TR00274,C036,534,2906,91.3
TR00274,C048,0,4655,27.7
TR00275,C005,891,4377,49.3
TR00275,C017,2748,3116,39.5
TR00275,C028,2769,5586,75.7
TR00275,C029,1150,1600,20.2
TR00275,C029,5255,6628,84.7
TR00275,C036,937,3298,63.1
TR00275,C036,4967,6636,80.4
TR00275,C039,589,2477,63.3
TR00275,C039,3625,6270,100.0
TR00275,C042,386,1085,51.0
TR00275,C042,2973,4314,76.3
TR00275,C042,4804,6428,72.1
TR00276,C002,1011,2289,40.5
TR00276,C002,8461,9154,27.3
TR00276,C005,1371,14278,79.7
TR00276,C030,5432,5901,84.3
TR00276,C034,1549,12853,94.2
TR00276,C042,4306,7725,85.3
TR00277,C005,407,965,66.5
TR00277,C005,1568,1863,95.5
TR00277,C005,3214,3683,36.1
TR00277,C005,4356,5364,89.8
TR00277,C019,557,4771,61.9
TR00277,C030,2548,2786,77.4
TR00277,C045,420,2960,71.7
TR00277,C049,112,619,41.0
TR00278,C010,1193,2375,49.1
TR00278,C010,4160,5814,70.4
TR00278,C020,709,2189,95.9
TR00278,C023,549,1194,78.2
TR00278,C023,3418,4584,44.9
TR00278,C023,5991,6940,59.0
TR00278,C025,190,1259,89.5
TR00278,C025,2714,3013,83.2
TR00278,C025,5349,7515,30.4
TR00278,C026,65,2887,76.9
TR00278,C026,4594,5581,39.7
TR00278,C028,14,3959,32.0
TR00278,C029,1494,3831,29.4
TR00278,C029,5443,6520,29.6
TR00278,C036,645,1296,62.1
TR00278,C036,2371,2734,48.0
TR00278,C036,4068,5168,32.4
TR00278,C036,6000,6715,51.3
TR00279,C010,1028,4453,62.5
TR00279,C010,9254,10174,42.6
TR00279,C019,3406,5790,69.8
TR00279,C029,2587,2790,21.9
TR00279,C029,7883,9688,98.2
TR00279,C039,2882,3979,30.7
TR00279,C039,9830,10436,46.2
TR00280,C013,881,8843,70.1
TR00280,C023,123,9089,79.6
TR00280,C024,0,1559,32.1
TR00280,C025,4518,6092,98.1
TR00280,C035,74,2177,58.8
TR00280,C035,2542,4817,46.2
TR00280,C035,5263,6964,68.7
TR00280,C035,7830,9238,40.6
TR00280,C037,108,702,49.6
TR00280,C037,7056,9421,25.2
TR00281,C004,5705,8132,67.1
TR00281,C008,5693,7956,91.1
TR00281,C014,0,8755,51.7
TR00281,C023,8991,12736,41.7
TR00281,C038,2340,3436,97.6
TR00282,C013,1073,15862,65.0
TR00282,C014,926,14595,63.1
TR00282,C038,435,933,70.9
TR00282,C038,4504,6852,47.1
TR00282,C038,9509,10665,40.3
TR00282,C038,14564,16397,52.0
TR00282,C045,3387,6742,49.2
TR00282,C045,12975,13571,68.4
TR00282,C049,1140,2414,90.6
TR00282,C049,6632,7295,76.5
TR00282,C049,13089,13785,46.9
TR00283,C003,1745,5394,93.9
TR00283,C005,1112,2653,72.9
TR00283,C017,1146,1784,76.5
TR00283,C019,911,2670,56.1
TR00283,C019,3670,4755,68.2
TR00284,C004,513,11224,72.7
TR00284,C018,1948,5881,40.5
TR00284,C039,6430,9377,72.0
TR00284,C048,1016,2402,33.4
TR00284,C048,4458,6423,46.9
TR00284,C048,7290,9579,75.3
TR00284,C048,11673,12200,74.2
TR00285,C006,2409,4686,80.5
TR00285,C011,611,2064,84.7
TR00285,C011,7891,10638,94.3
TR00285,C014,3298,5280,86.3
TR00285,C017,2984,4351,65.7
TR00285,C022,1841,5107,63.4
TR00285,C022,6589,8348,23.5
TR00285,C030,1769,8435,83.6
TR00285,C031,482,2225,68.1
TR00285,C031,5678,7158,28.1
TR00285,C045,0,4334,80.8
TR00286,C007,2584,3480,62.0
TR00286,C007,9023,11651,28.2
TR00286,C008,813,1738,34.8
TR00286,C008,8543,8980,59.8
TR00286,C013,1905,4004,80.1
TR00286,C013,6441,7157,76.2
TR00286,C031,125,11224,70.1
TR00287,C007,4951,8047,57.7
TR00287,C029,3021,5763,54.6
TR00287,C031,6879,10781,46.9
TR00287,C042,6544,10259,72.3
TR00287,C043,742,4390,74.2
TR00287,C043,11528,12640,62.7
TR00287,C048,654,1985,69.9
TR00287,C048,5192,6248,84.8
TR00287,C048,8654,10979,30.7
TR00287,C048,12570,13974,34.8
TR00288,C012,56,1330,87.6
TR00288,C012,4866,6454,64.9
TR00288,C026,265,4000,42.7
TR00288,C026,5706,6647,70.3
TR00288,C030,2453,5436,85.1
TR00288,C036,124,679,66.4
TR00288,C036,2915,3367,36.9
TR00288,C036,6255,7857,68.4
TR00288,C039,1978,3604,22.0
TR00288,C039,5194,7304,44.6
TR00289,C002,2055,10494,90.6
TR00289,C026,1248,4719,95.3
TR00289,C032,6362,9297,56.4
TR00289,C036,90,1353,86.4
TR00289,C036,3849,4292,50.3
TR00289,C036,6869,8770,90.5
TR00289,C036,9701,12120,52.0
TR00289,C037,2834,3272,66.4
TR00289,C043,684,3426,61.1
TR00289,C043,7040,10845,65.9
TR00289,C048,0,1812,87.1
TR00290,C009,2999,6856,62.4
TR00290,C010,1167,2468,42.8
TR00290,C010,5690,6663,81.7
TR00290,C012,4293,8076,30.7
TR00290,C037,1624,9600,75.4
TR00290,C041,553,3076,37.9
TR00290,C041,7262,7807,64.6
TR00291,C001,317,1518,85.5
TR00291,C001,6249,7029,89.7
TR00291,C001,10198,11142,93.4
TR00291,C001,15657,17968,74.6
TR00291,C006,3672,7550,43.0
TR00291,C006,9895,11443,45.1
TR00291,C025,2666,4275,39.6
TR00291,C025,11743,12692,30.6
TR00291,C034,4751,6032,77.6
TR00291,C034,10790,12127,28.9
TR00291,C037,1122,3002,52.9
TR00291,C039,0,6233,28.9
TR00291,C041,2960,6759,66.0
TR00291,C041,13331,15448,42.9
TR00291,C050,0,7622,58.7
TR00292,C003,2677,6244,40.7
TR00292,C032,566,2410,26.0
TR00292,C032,4880,5749,52.5
TR00292,C040,0,3665,36.2
TR00292,C049,0,1097,44.7
TR00293,C008,1310,2721,42.3
TR00293,C008,8727,12260,86.7
TR00293,C022,6635,9912,86.5
TR00293,C023,5966,8885,23.0
TR00293,C027,1825,2957,99.0
TR00293,C032,4782,5485,77.6
TR00293,C043,519,2836,86.7
TR00293,C043,8792,10880,34.3
TR00293,C045,5437,8652,30.4
TR00293,C048,74,3537,45.9
TR00293,C048,9695,13591,28.9
TR00294,C015,7367,8818,49.6
TR00294,C019,583,984,72.3
TR00294,C019,11646,14050,80.3
TR00294,C027,1960,5334,71.7
TR00294,C044,403,2638,35.9
TR00294,C044,10614,12308,20.8
TR00295,C022,84,2618,92.7
TR00295,C022,3133,4671,74.3
TR00295,C024,184,491,46.9
TR00295,C024,1651,2116,31.1
TR00295,C024,2926,3534,66.8
TR00295,C024,4339,4614,60.0
TR00295,C042,889,2668,43.8
TR00295,C042,3545,4357,57.7
TR00295,C047,2506,5412,83.1
TR00296,C002,5794,9141,49.0
TR00296,C025,1228,1807,55.2
TR00296,C025,8452,11976,95.6
TR00296,C027,1713,5177,33.6
TR00296,C027,9120,10805,93.7
TR00296,C030,137,2044,29.2
TR00296,C030,8504,12153,86.0
TR00296,C031,3179,3956,58.4
TR00296,C038,1343,3210,24.2
TR00296,C038,6260,8280,96.7
TR00296,C046,1288,5015,22.1
TR00296,C046,6962,9226,65.0
TR00296,C002,7024,12103,87.9
TR00297,C018,1840,2611,44.4
TR00297,C028,0,895,39.2
TR00297,C035,317,789,95.6
TR00297,C039,356,2879,29.5
TR00297,C044,449,1387,27.7
TR00297,C049,515,1658,24.5
TR00297,C049,2898,3125,71.5
TR00298,C006,816,1399,29.7
TR00298,C006,5198,7090,26.5
TR00298,C008,929,2912,68.9
TR00298,C008,5603,8019,96.6
TR00298,C023,1017,8159,91.7
TR00298,C026,863,2310,35.4
TR00298,C026,5140,6395,79.6
TR00298,C037,1591,2717,63.6
TR00298,C042,0,1241,25.4
TR00299,C005,0,1695,55.6
TR00299,C008,406,1033,88.7
TR00299,C008,2572,3109,56.9
TR00299,C008,4305,4783,67.7
TR00299,C009,2076,2420,43.0
TR00299,C034,625,1348,42.7
TR00299,C034,4151,5414,43.7
TR00299,C036,1474,5254,89.2
TR00299,C038,490,1016,60.9
TR00299,C038,1699,2769,79.8
TR00299,C038,3128,4003,32.7
TR00299,C038,4940,5759,50.7
TR00299,C048,1850,2648,37.4
TR00300,C005,2330,2736,98.5
TR00300,C005,9148,9772,73.2
TR00300,C024,1539,4447,54.8
TR00300,C024,10360,14161,49.7
TR00300,C028,1326,3653,77.3
TR00300,C028,12342,14637,85.5
TR00300,C032,1659,3398,80.0
TR00300,C033,6019,9235,87.0
TR00300,C039,1527,3836,86.9
TR00300,C046,2991,6781,98.6
TR00300,C046,12760,16315,77.1
TR00301,C004,568,3603,70.4
TR00301,C008,477,4182,45.2
TR00301,C008,8012,10052,20.3
TR00301,C010,1621,11207,98.9
TR00301,C028,867,2784,79.5
TR00301,C028,5423,6920,93.0
TR00301,C028,10293,11180,70.7
TR00301,C033,47,1192,97.5
TR00301,C033,4171,6386,96.0
TR00301,C033,8230,8828,55.3
TR00301,C033,10644,11483,93.2
TR00302,C003,913,2798,97.6
TR00302,C003,3544,5748,83.1
TR00302,C006,580,987,98.5
TR00302,C006,2776,3882,56.8
TR00302,C006,4420,5351,87.4
TR00302,C013,236,6330,83.7
TR00302,C027,590,1725,84.4
TR00302,C029,402,1515,72.4
TR00302,C029,2011,3118,96.9
TR00302,C029,3283,3667,48.8
TR00302,C029,5316,6197,41.9
TR00303,C006,433,2605,66.2
TR00303,C006,3897,5338,80.2
TR00303,C009,242,743,44.9
TR00303,C009,2839,4089,89.5
TR00303,C009,5478,7254,32.1
TR00303,C014,2352,3304,80.2
TR00303,C016,0,980,63.5
TR00303,C023,2751,4845,85.8
TR00303,C025,1851,4391,27.4
TR00303,C027,10,660,30.5
TR00303,C027,3879,5823,23.1
TR00303,C034,3058,4331,37.0
TR00304,C015,413,937,74.7
TR00304,C021,4086,4706,78.7
TR00304,C022,2064,5351,47.5
TR00304,C022,10970,12879,99.3
TR00304,C040,0,1853,65.4
TR00304,C041,3456,5306,42.8
TR00304,C041,11037,12555,28.7
TR00304,C044,996,3098,52.8
TR00304,C044,11522,13871,53.7
TR00304,C045,681,3361,55.2
TR00304,C045,12644,14769,71.9
TR00304,C049,627,1892,42.4
TR00305,C004,692,4205,66.8
TR00305,C004,8461,11180,87.0
TR00305,C005,1940,4796,65.3
TR00305,C005,10898,11651,32.9
TR00305,C007,1350,2866,88.2
TR00305,C007,6295,8654,95.3
TR00305,C007,12308,12956,62.1
TR00305,C018,8207,9216,74.9
TR00305,C019,0,7376,51.8
TR00305,C026,4496,8187,89.8
TR00305,C038,4030,6910,92.3
TR00306,C010,583,1104,22.1
TR00306,C010,6826,10647,85.3
TR00306,C022,47,422,91.5
TR00306,C022,6632,9692,92.5
TR00306,C026,963,2503,64.3
TR00306,C026,6162,7109,53.7
TR00306,C044,881,4371,41.9
TR00306,C044,7961,9442,21.3
TR00307,C004,364,1352,42.4
TR00307,C004,4213,6201,56.4
TR00307,C004,8619,9949,81.4
TR00307,C007,1299,11972,88.9
TR00307,C041,1633,2807,38.3
TR00307,C041,6216,8121,63.4
TR00307,C046,212,3962,64.2
TR00307,C050,1328,2450,34.2
TR00307,C050,6463,8504,41.3
TR00308,C003,1325,3955,87.0
TR00308,C003,7527,8538,63.7
TR00308,C004,1451,3567,86.1
TR00308,C004,7648,10011,88.3
TR00308,C017,2416,4374,54.8
TR00308,C017,5289,8729,69.5
TR00308,C019,1111,8015,79.9
TR00308,C020,0,909,42.8
TR00308,C027,1516,4178,74.4
TR00308,C027,5209,8260,67.1
TR00308,C044,1450,3584,33.6
TR00308,C044,6588,9127,77.9
TR00309,C009,647,3225,87.2
TR00309,C013,3827,6445,89.9
TR00309,C013,13393,15843,37.7
TR00309,C014,1248,1887,56.9
TR00309,C014,5081,6252,61.0
TR00309,C014,9713,12044,44.8
TR00309,C014,13677,14567,82.0
TR00309,C038,624,3724,28.4
TR00310,C012,89,2450,44.1
TR00310,C012,4330,5134,38.5
TR00310,C013,923,2804,34.3
TR00310,C013,4234,6412,98.7
TR00310,C015,0,3211,24.8
TR00310,C017,441,5309,79.9
TR00310,C022,1481,2247,33.9
TR00310,C022,3739,5877,77.8
TR00310,C029,0,614,85.2
TR00310,C035,1217,6147,93.7
TR00310,C040,288,757,44.9
TR00310,C040,1749,3180,87.1
TR00310,C040,3563,4204,31.5
TR00310,C040,5108,5624,37.4
TR00311,C004,2807,5199,95.8
TR00311,C014,1279,3139,79.3
TR00311,C014,7711,9660,59.8
TR00311,C014,14633,16480,70.1
TR00311,C018,0,8594,22.9
TR00311,C019,127,17884,60.3
TR00311,C023,115,1633,51.8
TR00311,C023,6425,8499,92.0
TR00311,C023,11403,13561,46.4
TR00311,C023,15680,16782,41.3
TR00311,C042,2018,5506,20.4
TR00312,C009,3466,3866,30.0
TR00312,C009,11847,14200,71.9
TR00312,C025,1995,4313,71.3
TR00312,C025,6662,7463,70.9
TR00312,C025,14610,15852,82.2
TR00312,C042,4554,6524,91.6
TR00312,C044,6437,7910,96.3
TR00312,C048,2465,16120,100.0
TR00313,C005,1371,18188,72.9
TR00313,C011,4276,5558,33.6
TR00313,C011,12249,14759,90.2
TR00313,C014,7118,8978,34.1
TR00313,C017,2323,2701,47.4
TR00313,C017,10189,10801,20.7
TR00313,C018,3012,5746,80.0
TR00313,C040,1050,3035,21.3
TR00313,C040,11071,13483,94.0
TR00313,C048,154,15289,65.5
TR00314,C011,3555,16235,62.0
TR00314,C028,4686,4968,23.8
TR00314,C028,11727,14096,92.5
TR00314,C032,1865,2083,56.7
TR00314,C032,11059,12314,39.8
TR00314,C048,1780,4153,51.3
TR00314,C048,8023,8257,57.6
TR00314,C048,14711,16521,90.2
TR00314,C050,1019,1321,75.7
TR00314,C050,7360,9509,93.2
TR00314,C050,13736,13974,71.1
TR00315,C012,2519,18217,99.7
TR00315,C018,24,16819,78.5
TR00315,C021,0,6782,49.5
TR00315,C025,9053,9730,49.8
TR00315,C048,2834,4181,78.5
TR00315,C048,12017,14476,80.1
TR00316,C002,1730,2352,83.9
TR00316,C004,2823,3085,33.8
TR00316,C011,2757,3503,41.2
TR00316,C016,3870,7100,94.4
TR00316,C023,2556,3816,27.4
TR00316,C023,5862,7518,60.0
TR00317,C004,844,2628,92.4
TR00317,C004,8302,9129,38.1
TR00317,C018,1096,2229,37.6
TR00317,C018,4437,4966,55.7
TR00317,C018,8025,8450,65.8
TR00317,C018,11692,11999,57.4
TR00317,C026,89,1497,74.4
TR00317,C026,4462,4987,83.5
TR00317,C026,7610,9462,34.2
TR00317,C026,11783,13013,54.4
TR00317,C031,1039,1247,71.8
TR00317,C034,3560,6124,43.4
TR00317,C034,7293,7826,97.3
TR00317,C037,2958,3708,96.9
TR00317,C037,8858,11035,31.1
TR00317,C043,2548,6162,69.9
TR00317,C043,9016,9551,98.9
TR00317,C048,2070,3990,90.8
TR00317,C048,9827,10706,20.8
TR00318,C003,4545,8036,27.2
TR00318,C012,1117,1941,83.8
TR00318,C012,8329,11741,65.4
TR00318,C021,263,1762,81.7
TR00318,C036,4131,6251,70.8
TR00319,C016,4246,6868,30.5
TR00319,C016,10790,13105,63.0
TR00319,C023,1037,14568,78.8
TR00319,C027,4702,6160,22.1
TR00319,C030,2621,3388,34.0
TR00319,C039,1792,4247,29.2
TR00319,C039,11563,15445,62.4
TR00319,C045,1175,2384,88.5
TR00319,C048,3853,6890,73.4
TR00319,C048,12511,14510,53.0
TR00320,C016,3363,6868,54.2
TR00320,C025,1717,1950,70.6
TR00320,C025,3759,4213,29.6
TR00320,C029,904,2159,68.9
TR00320,C029,3728,5453,92.0
TR00320,C035,0,976,21.6
TR00320,C042,0,6957,70.1
TR00320,C046,1266,2784,98.9
TR00320,C046,3995,4262,90.0
TR00321,C007,19,2051,32.5
TR00321,C007,5525,6313,42.0
TR00321,C009,1250,3238,65.7
TR00321,C009,6590,9728,67.4
TR00321,C012,462,1456,54.2
TR00321,C012,6298,7206,28.1
TR00321,C021,135,1524,45.0
TR00321,C024,1839,5062,50.3
TR00321,C037,892,10871,81.8
TR00322,C001,483,14204,79.6
TR00322,C003,730,4462,25.0
TR00322,C003,9216,11381,96.4
TR00322,C009,4217,6003,96.5
TR00322,C028,2060,2729,57.4
TR00322,C028,10647,12243,25.9
TR00322,C032,0,6109,41.5
TR00322,C033,236,1750,54.8
TR00322,C033,4640,5454,58.8
TR00322,C033,9863,10796,36.9
TR00322,C033,12858,13153,98.0
TR00322,C035,1118,2018,21.5
TR00322,C035,9239,10037,57.7
TR00322,C037,6587,7153,96.7
TR00323,C006,6633,9464,20.4
TR00323,C012,495,2083,51.6
TR00323,C012,9702,10013,42.1
TR00323,C024,4080,4697,30.4
TR00323,C024,9587,11338,21.4
TR00323,C028,5776,7901,59.6
TR00323,C006,7649,16841,79.5
TR00324,C017,515,2595,81.5
TR00324,C017,5560,6180,93.3
TR00324,C017,9915,11925,94.3
TR00324,C017,13754,14200,54.8
TR00324,C022,6998,10437,27.0
TR00324,C030,2818,5242,92.6
TR00324,C030,12446,16218,69.2
TR00324,C050,673,1176,27.0
TR00324,C050,13400,13727,23.0
TR00324,C022,12451,16864,62.7
TR00325,C007,985,2953,95.0
TR00325,C007,8154,9842,65.6
TR00325,C018,3111,6063,78.3
TR00325,C018,9559,11908,78.3
TR00325,C021,2245,2804,68.3
TR00325,C021,7833,11478,96.0
TR00325,C028,1028,4148,44.1
TR00325,C028,8075,12059,60.3
TR00325,C038,113,2444,92.1
TR00325,C038,3645,4426,64.4
TR00325,C038,6880,7563,67.3
TR00325,C038,10548,12671,49.1
TR00325,C041,1233,3021,25.0
TR00325,C041,8944,12725,99.6
TR00325,C043,25,1310,94.2
TR00325,C043,4111,6401,43.0
TR00325,C043,7159,9538,43.8
TR00325,C043,10798,12091,96.0
TR00325,C050,0,5553,72.8
TR00326,C013,5720,8490,44.5
TR00326,C022,5003,6722,94.4
TR00326,C026,6284,8058,39.8
TR00326,C032,665,2308,64.4
TR00326,C032,10231,12139,38.3
TR00327,C014,2338,3046,76.9
TR00327,C014,12729,13589,58.4
TR00327,C017,4010,6442,80.0
TR00327,C017,10194,12770,48.8
TR00327,C021,4017,6257,94.5
TR00327,C021,10249,11441,73.3
TR00327,C037,1155,16895,99.7
TR00327,C043,686,4661,53.7
TR00327,C043,12840,15411,60.1
TR00327,C048,0,5631,52.7
TR00328,C004,789,17842,87.9
TR00328,C006,2930,4091,59.4
TR00328,C006,13409,14457,80.2
TR00328,C011,1598,3824,86.8
TR00328,C020,4047,6343,27.0
TR00328,C020,12977,15482,96.0
TR00328,C036,7341,10979,31.6
TR00328,C041,2889,6760,57.9
TR00328,C041,13946,14450,93.7
TR00328,C050,0,3380,48.6
TR00329,C007,3671,6185,36.8
TR00329,C007,10660,13320,71.0
TR00329,C009,3784,7030,53.0
TR00329,C045,2272,3022,98.6
TR00329,C045,9261,11145,35.0
TR00329,C050,3023,3523,85.6
TR00329,C050,11532,13803,25.9
TR00330,C015,591,3310,89.0
TR00330,C015,9177,10667,66.0
TR00330,C017,701,4211,88.3
TR00330,C017,6543,9935,35.2
TR00330,C018,4702,7226,51.5
TR00330,C027,783,2357,98.0
TR00330,C036,2030,9961,68.6
TR00330,C049,428,2322,52.7
TR00330,C049,4653,5430,71.5
TR00330,C049,9584,10555,50.2
TR00331,C035,2233,12265,66.5
TR00331,C036,3248,3953,98.4
TR00331,C036,9600,13174,60.2
TR00331,C039,3912,5080,44.5
TR00331,C042,3037,5903,31.5
TR00331,C042,9482,10430,23.4
TR00331,C044,2629,5709,97.0
TR00331,C044,7509,10186,21.7
TR00331,C045,571,11943,70.8
TR00331,C048,3512,3936,83.8
TR00331,C048,8901,12253,84.1
TR00331,C049,1290,2724,50.4
TR00331,C049,7465,9726,96.0
TR00332,C004,888,2338,63.8
TR00332,C004,6355,7811,73.6
TR00332,C014,1261,2556,53.2
TR00332,C014,6190,8551,69.3
TR00332,C020,0,1417,61.5
TR00332,C022,700,4442,98.9
TR00332,C022,4593,7653,30.9
TR00332,C037,1035,3852,75.0
TR00332,C037,6047,6532,72.7
TR00333,C006,0,5509,31.4
TR00333,C011,964,13216,92.3
TR00333,C041,756,4145,73.8
TR00333,C041,8214,8852,57.2
TR00333,C044,1212,1857,79.6
TR00333,C044,8765,9064,35.1
TR00333,C046,3052,5086,20.7
TR00333,C046,9954,13633,80.0
TR00334,C004,2312,4539,37.2
TR00334,C012,1159,12417,90.9
TR00334,C032,3450,4520,80.0
TR00334,C035,977,2472,70.6
TR00334,C035,3164,5162,62.1
TR00334,C035,6314,8220,66.6
TR00334,C035,10077,11631,86.9
TR00334,C038,3078,4131,99.9
TR00334,C038,6821,7325,50.2
TR00334,C040,5987,7161,51.6
TR00334,C050,1277,4213,52.9
TR00334,C050,8604,9906,61.8
TR00335,C017,6505,8010,39.6
TR00335,C025,1184,2934,67.4
TR00335,C025,8829,9545,99.0
TR00335,C027,1450,2551,88.9
TR00335,C027,6074,6698,99.7
TR00335,C027,9984,11681,49.0
TR00335,C028,1160,12657,66.1
TR00335,C036,4863,7105,62.2
TR00335,C040,383,11725,82.0
TR00335,C047,0,6466,80.3
TR00336,C018,488,2046,71.7
TR00336,C019,2988,4900,84.1
TR00336,C038,1393,4544,47.7
TR00336,C038,7991,8396,96.0
TR00336,C042,4410,6010,91.9
TR00336,C045,2371,12487,98.7
TR00337,C020,1476,5302,25.4
TR00337,C023,206,985,80.7
TR00337,C029,911,4006,23.3
TR00337,C030,566,1201,78.7
TR00337,C030,3736,4963,53.8
TR00337,C033,805,2211,35.0
TR00338,C015,1321,3787,63.2
TR00338,C015,4320,4668,59.5
TR00338,C015,9849,11444,60.2
TR00338,C015,13573,14640,72.0
TR00338,C018,6190,8147,63.7
TR00338,C021,1175,2737,75.4
TR00338,C021,9730,11863,76.2
TR00338,C030,0,2718,88.8
TR00338,C031,1213,3453,93.6
TR00338,C031,10093,10350,87.0
TR00338,C036,879,4802,36.7
TR00338,C038,3683,4528,72.5
TR00338,C038,11331,11963,83.6
TR00338,C042,6348,8298,21.7
TR00339,C001,1313,4961,76.6
TR00339,C002,1106,8196,67.5
TR00339,C009,1188,5160,63.9
TR00339,C047,393,2438,26.8
TR00339,C047,6311,9861,42.1
TR00339,C048,5076,5665,99.8
TR00340,C019,2413,3199,60.9
TR00340,C019,12068,14069,85.9
TR00340,C020,4115,7962,68.3
TR00340,C044,2287,3333,51.7
TR00340,C044,12306,12746,86.2
TR00340,C045,1420,2276,78.1
TR00340,C045,12370,15642,77.0
TR00341,C004,211,2591,75.1
TR00341,C004,6484,7737,84.8
TR00341,C006,1122,3913,59.8
TR00341,C006,7572,10120,52.9
TR00341,C019,2388,2694,33.8
TR00341,C019,7844,11531,35.5
TR00341,C035,1033,10570,74.3
TR00341,C048,1721,3077,71.8
TR00341,C048,7389,8357,41.4
TR00342,C001,2472,3783,82.5
TR00342,C007,3706,5503,56.7
TR00342,C008,0,15478,73.7
TR00342,C024,6155,8580,31.4
TR00342,C037,2360,3639,49.1
TR00342,C037,11702,15559,49.0
TR00342,C039,720,3947,56.6
TR00342,C040,1386,3429,97.7
TR00342,C040,5342,6587,74.8
TR00342,C040,10087,12563,57.1
TR00342,C040,14077,14940,74.7
TR00343,C006,893,1785,79.1
TR00343,C008,1663,3502,27.0
TR00343,C020,2882,5848,70.9
TR00343,C023,0,1355,35.8
TR00343,C028,337,1791,43.1
TR00343,C038,4252,5135,43.1
TR00343,C042,481,3020,58.9
TR00344,C006,2702,3470,44.6
TR00344,C006,12556,15991,31.0
TR00344,C009,346,1459,60.1
TR00344,C009,9496,11007,77.2
TR00344,C031,1382,4844,48.1
TR00344,C039,200,2675,93.5
TR00344,C039,11708,12981,67.3
TR00344,C043,5932,8096,65.4
TR00345,C008,4896,7689,68.6
TR00345,C008,12569,16177,96.8
TR00345,C020,6671,8232,80.6
TR00345,C025,1727,3455,84.3
TR00345,C025,13991,15856,31.9
TR00345,C028,1087,3617,84.4
TR00345,C028,10585,13512,71.2
TR00345,C039,752,2130,48.4
TR00345,C039,6721,7448,66.4
TR00345,C039,15374,17041,72.4
TR00346,C004,5558,8531,60.8
TR00346,C010,310,1283,43.6
TR00346,C022,6227,8181,51.0
TR00346,C025,1537,2989,88.4
TR00346,C025,7549,8880,84.2
TR00346,C025,13982,14490,55.7
TR00346,C043,4396,7441,50.6
TR00346,C048,150,606,46.5
TR00346,C004,7976,13867,66.9
TR00347,C009,514,3786,57.1
TR00347,C009,7234,9315,69.0
TR00347,C021,1474,4415,54.7
TR00347,C021,6481,6945,97.2
TR00347,C031,664,2475,76.9
TR00347,C034,1696,4986,80.3
TR00347,C034,7523,8588,72.4
TR00347,C035,0,1233,78.7
TR00347,C047,699,3057,76.0
TR00347,C047,5983,8402,39.8
TR00348,C006,2647,16190,82.4
TR00348,C016,1981,5204,52.3
TR00348,C016,8376,11238,50.2
TR00348,C039,2484,4565,85.8
TR00348,C048,2127,16135,83.5
TR00349,C015,8562,10792,98.7
TR00349,C029,2074,2808,36.5
TR00349,C029,10677,12952,69.9
TR00349,C035,4571,7296,27.2
TR00349,C047,1585,2301,30.9
TR00349,C048,91,1084,38.7
TR00349,C048,11828,12327,48.7
TR00350,C003,1517,7687,64.4
TR00350,C006,2691,5766,49.4
TR00350,C021,3306,4896,21.4
TR00350,C040,1376,2100,81.5
TR00350,C040,6475,7178,42.1
TR00351,C008,3915,5667,53.7
TR00351,C016,1853,2608,67.2
TR00351,C016,6277,6984,87.8
TR00351,C028,204,2592,48.1
TR00351,C028,4703,6761,89.0
TR00351,C028,8195,8867,70.4
TR00351,C034,50,1030,80.0
TR00351,C034,6606,8955,87.0
TR00351,C040,2740,5200,85.9
TR00351,C040,7735,10169,64.2
TR00352,C002,3109,3535,67.7
TR00352,C002,8800,10682,53.1
TR00352,C007,1464,13526,99.2
TR00352,C013,1831,15016,68.9
TR00352,C023,2654,5680,66.1
TR00352,C038,678,2660,23.3
TR00352,C039,6049,6747,72.1
TR00353,C008,2451,3239,49.8
TR00353,C008,8071,8592,20.3
TR00353,C016,583,3836,80.2
TR00353,C016,7495,9153,49.1
TR00353,C017,5012,7086,78.8
TR00353,C018,0,2276,69.3
TR00353,C027,2284,4772,42.0
TR00353,C027,6567,7414,68.9
TR00353,C031,0,3619,32.5
TR00353,C033,1697,4456,51.8
TR00353,C033,7985,8872,88.7
TR00353,C050,1772,2000,48.6
TR00354,C003,1781,4271,75.8
TR00354,C003,6757,7617,31.4
TR00354,C008,2652,3155,78.4
TR00354,C008,6759,7370,21.0
TR00354,C009,4500,5187,23.9
TR00354,C016,182,1325,70.9
TR00354,C016,7766,8594,62.8
TR00354,C036,4435,8237,71.9
TR00355,C012,5997,9073,99.3
TR00355,C034,0,5141,60.5
TR00355,C038,0,6333,85.0
TR00355,C044,1309,3357,78.5
TR00355,C044,9804,13457,96.5
TR00355,C046,2786,6107,75.7
TR00355,C012,9376,14249,79.6
TR00356,C008,5654,6522,75.2
TR00356,C009,1377,4058,88.4
TR00356,C011,2469,5640,75.4
TR00356,C011,7733,8343,62.4
TR00356,C015,595,3201,97.6
TR00356,C015,6807,10367,47.6
TR00356,C017,5492,7327,53.0
TR00356,C025,906,2701,62.8
TR00356,C037,1096,2236,57.3
TR00356,C037,3911,4817,74.3
TR00356,C037,8316,9853,94.8
TR00357,C006,5343,8450,37.0
TR00357,C021,471,792,75.3
TR00357,C021,8022,9094,39.4
TR00357,C036,496,2337,98.2
TR00357,C036,8035,11164,66.4
TR00357,C043,382,2716,55.4
TR00357,C043,4180,4834,78.9
TR00357,C043,7139,9630,60.7
TR00357,C043,10928,12580,92.7
TR00358,C003,4094,4855,37.7
TR00358,C004,4840,8034,62.5
TR00358,C012,801,2054,67.7
TR00358,C012,2786,4636,90.5
TR00358,C012,6139,7418,61.3
TR00358,C012,8792,10282,40.5
TR00358,C014,3052,6984,36.3
TR00358,C019,1882,10861,83.0
TR00359,C017,935,4647,97.0
TR00359,C025,2093,2297,89.4
TR00359,C026,16,4801,69.3
TR00359,C033,2267,3323,38.8
TR00359,C039,1205,1489,48.0
TR00359,C042,602,3911,64.6
TR00359,C049,0,2038,77.9
TR00360,C005,574,7066,89.8
TR00360,C012,1619,2809,87.9
TR00360,C012,5064,6674,93.6
TR00360,C018,1025,2668,88.3
TR00360,C018,5870,7711,37.4
TR00360,C028,654,8194,79.5
TR00360,C030,1420,4445,92.4
TR00360,C035,423,6902,64.3
TR00361,C006,638,5905,73.4
TR00361,C018,261,1900,93.6
TR00361,C019,955,5302,99.7
TR00361,C026,816,5792,86.0
TR00362,C007,0,2110,37.8
TR00362,C013,3180,6951,73.7
TR00362,C017,2235,3449,58.7
TR00362,C021,19,2257,84.7
TR00362,C021,4923,5348,79.7
TR00362,C046,1496,2483,21.0
TR00362,C046,5175,8598,25.2
TR00362,C047,1276,5100,38.2
TR00362,C048,3494,3708,80.4
TR00363,C003,1346,2807,77.7
TR00363,C003,5486,6195,63.0
TR00363,C003,11715,12681,34.2
TR00363,C020,1804,12624,95.8
TR00363,C034,0,5245,80.4
TR00363,C035,860,1956,83.8
TR00363,C035,9013,9254,79.4
TR00363,C042,875,14062,81.0
TR00363,C044,1143,4705,88.8
TR00363,C044,9456,13242,82.1
TR00363,C046,209,3063,52.1
TR00363,C046,10225,14206,42.2
TR00364,C003,3177,5177,33.6
TR00364,C003,9443,10427,57.0
TR00364,C008,4002,7915,76.9
TR00364,C008,11341,12153,88.8
TR00364,C020,413,1199,69.9
TR00364,C022,2604,4628,33.8
TR00364,C022,11619,14753,61.3
TR00364,C043,1024,2146,22.8
TR00364,C043,11836,13945,69.6
TR00365,C002,990,1855,55.5
TR00365,C002,6139,7272,78.7
TR00365,C002,10403,11826,68.3
TR00365,C002,14429,14836,71.9
TR00365,C003,345,1712,39.4
TR00365,C012,3184,16515,96.9
TR00365,C024,213,1037,91.5
TR00365,C024,9591,10140,38.8
TR00365,C027,5895,9715,25.9
TR00365,C033,8263,10869,71.4
TR00365,C048,3977,6614,57.4
TR00365,C048,13227,16170,77.2
TR00366,C013,1783,4189,81.3
TR00366,C013,6723,9728,28.1
TR00366,C018,2236,4800,45.6
TR00366,C019,2508,4818,68.1
TR00366,C027,617,3778,97.8
TR00366,C027,5635,7126,77.3
TR00366,C038,1497,2591,48.7
TR00366,C038,6695,7620,68.7
TR00367,C006,793,1240,26.4
TR00367,C006,5987,6862,68.8
TR00367,C012,1624,7683,98.2
TR00367,C017,2231,2959,27.5
TR00367,C018,2414,2993,89.4
TR00367,C018,5172,8258,89.9
TR00367,C022,1683,2797,37.8
TR00367,C022,5244,8468,61.6
TR00367,C040,2035,3743,82.6
TR00367,C040,6673,7965,77.7
TR00367,C044,2113,2676,29.9
TR00367,C044,6780,8445,82.8
TR00367,C046,2097,2750,24.3
TR00367,C046,7091,7337,78.2
TR00368,C013,755,2133,88.3
TR00368,C016,0,1619,87.9
TR00368,C022,827,2159,34.6
TR00368,C022,3841,5658,41.1
TR00368,C024,2919,4079,68.4
TR00368,C033,293,4964,71.2
TR00368,C045,369,4622,95.3
TR00369,C007,1553,3637,84.1
TR00369,C007,8908,9630,52.0
TR00369,C024,3351,5576,81.8
TR00369,C029,1333,3295,35.5
TR00369,C029,5926,7163,57.9
TR00369,C029,10942,13031,66.6
TR00369,C041,1948,13174,86.6
TR00369,C043,0,6320,44.3
TR00370,C031,4243,7525,36.2
TR00370,C034,6507,9405,49.0
TR00370,C045,2314,11671,64.4
TR00370,C047,1409,4055,38.5
TR00371,C002,368,1463,89.1
TR00371,C004,2375,5874,48.8
TR00371,C020,15,1170,49.3
TR00371,C020,4464,5057,59.2
TR00371,C028,1205,2974,74.5
TR00371,C036,12,5698,95.7
TR00371,C048,264,2296,57.5
TR00371,C048,3936,4253,65.5
TR00372,C010,0,5170,75.0
TR00372,C014,782,2563,92.6
TR00372,C014,9526,11283,31.2
TR00372,C030,1428,3443,56.6
TR00372,C030,11744,12366,43.5
TR00372,C035,7294,10163,29.1
TR00372,C036,6980,8588,72.0
TR00372,C043,2607,6194,73.3
TR00373,C033,7491,10194,41.1
TR00373,C036,3767,7736,67.2
TR00373,C036,10024,11884,96.6
TR00373,C037,92,1252,86.1
TR00373,C037,4896,6017,80.3
TR00373,C037,9118,11027,34.2
TR00373,C037,13190,14618,79.8
TR00373,C042,2054,5816,37.6
TR00373,C042,10132,11762,56.8
TR00374,C006,587,3401,79.5
TR00374,C011,561,1704,54.8
TR00374,C031,2589,4239,24.1
TR00374,C031,6615,7667,86.5
TR00374,C042,1590,11323,68.6
TR00375,C007,1206,4961,63.4
TR00375,C015,5658,7856,95.6
TR00375,C019,2774,3431,51.9
TR00375,C019,7237,10784,85.5
TR00375,C040,4017,7491,27.4
TR00375,C044,5784,7949,35.0
TR00375,C048,186,1537,32.5
TR00376,C013,0,4525,74.4
TR00376,C016,908,10430,60.1
TR00376,C018,1955,3111,76.2
TR00376,C020,66,1513,27.5
TR00376,C020,5352,6611,93.6
TR00376,C021,2005,4753,24.7
TR00376,C021,5832,8925,92.6
TR00376,C025,1113,3853,83.2
TR00376,C037,25,3006,23.3
TR00377,C003,7443,8671,36.1
TR00377,C013,1100,3416,66.5
TR00377,C013,4741,5247,98.9
TR00377,C013,9343,11629,38.8
TR00377,C013,12457,13108,54.0
TR00377,C015,0,3413,56.7
TR00377,C018,1260,2449,62.5
TR00377,C022,2462,3117,45.8
TR00377,C022,10436,10758,51.4
TR00377,C029,55,12621,63.3
TR00377,C033,2822,6684,98.6
TR00377,C038,5575,7779,39.9
TR00377,C003,8367,13437,85.6
TR00378,C004,1414,3446,49.4
TR00378,C004,4514,5337,90.8
TR00378,C015,590,1677,24.0
TR00378,C015,4909,5489,95.5
TR00378,C031,491,6461,72.7
TR00378,C033,1764,2661,29.5
TR00378,C033,3689,6128,92.3
TR00378,C036,8,2243,88.0
TR00378,C036,4430,5315,91.9
TR00378,C041,0,897,76.3
TR00378,C042,1765,3408,63.7
TR00378,C042,5018,5396,98.6
TR00379,C007,722,3789,69.5
TR00379,C008,844,1796,91.7
TR00379,C012,408,1338,84.4
TR00379,C012,3323,4795,35.4
TR00379,C021,34,4131,94.2
TR00379,C029,0,1906,39.1
TR00379,C033,1001,4580,95.7
TR00379,C034,229,1824,88.0
TR00379,C034,3345,4769,39.1
TR00379,C045,248,1240,69.5
TR00379,C045,3579,4081,70.0
TR00380,C003,2228,6050,90.6
TR00380,C007,126,1446,90.1
TR00380,C007,8565,10019,87.7
TR00380,C030,1797,3967,52.7
TR00380,C032,5640,6639,97.3
TR00380,C036,227,875,42.0
TR00380,C036,7891,8806,45.3
TR00381,C019,2365,9495,72.0
TR00381,C037,2196,5159,58.5
TR00381,C037,8245,10842,66.9
TR00381,C044,3073,6349,36.1
TR00381,C048,2268,5461,70.5
TR00381,C048,6719,8961,50.5
TR00382,C019,84,1347,40.6
TR00382,C022,393,2185,35.9
TR00382,C022,3630,4866,88.3
TR00382,C022,6772,8452,75.5
TR00382,C025,76,1404,44.2
TR00382,C045,2346,3787,93.3
TR00382,C045,6797,7808,57.4
TR00383,C029,586,3711,84.3
TR00383,C031,2689,4245,83.6
TR00383,C040,1099,4894,35.9
TR00383,C040,9006,10570,41.9
TR00383,C048,261,1587,89.1
TR00383,C048,5503,7659,72.5
TR00383,C048,9806,10756,83.6
TR00384,C003,1239,14773,82.5
TR00384,C007,4606,5037,23.9
TR00384,C007,9890,12711,88.8
TR00384,C008,2288,6158,66.7
TR00384,C008,9869,12472,68.9
TR00384,C021,619,948,32.9
TR00384,C027,9564,10626,97.4
TR00384,C030,141,1056,28.4
TR00385,C007,174,573,45.8
TR00385,C007,3531,4820,68.2
TR00385,C013,388,977,74.8
TR00385,C013,3727,4438,74.5
TR00385,C017,775,1136,30.3
TR00385,C017,3722,4999,98.5
TR00385,C026,777,4644,90.0
TR00385,C033,2539,4162,31.8
TR00385,C007,918,3462,62.2
TR00386,C010,235,1097,27.0
TR00386,C010,6745,10628,68.9
TR00386,C015,1927,5091,75.2
TR00386,C018,27,9876,94.1
TR00386,C021,4765,5941,89.1
TR00386,C024,521,10162,96.4
TR00386,C026,774,2431,58.8
TR00386,C026,4517,6478,91.1
TR00386,C026,7359,7640,48.4
TR00386,C028,1348,10831,87.3
TR00386,C035,798,2126,62.5
TR00386,C035,4493,4794,83.8
TR00386,C035,7613,7872,52.4
TR00387,C015,760,8034,60.5
TR00387,C026,2419,2740,65.6
TR00387,C030,1668,7679,87.7
TR00387,C046,4510,7540,25.4
TR00388,C005,4065,5627,35.8
TR00388,C005,12123,15076,85.5
TR00388,C006,2361,4403,94.3
TR00388,C006,11126,12604,78.4
TR00388,C016,460,13267,81.4
TR00388,C019,3073,6241,95.2
TR00388,C019,11366,13627,27.5
TR00388,C021,3062,6584,69.2
TR00388,C026,4373,5744,77.3
TR00388,C031,303,1872,41.3
TR00388,C031,5778,6332,83.5
TR00388,C031,12526,14446,49.0
TR00388,C044,368,2572,57.4
TR00388,C044,8705,11139,99.4
TR00389,C005,3637,7535,93.4
TR00389,C006,142,1416,23.5
TR00389,C006,5211,6081,86.1
TR00389,C024,260,2530,35.3
TR00389,C024,3063,3999,55.6
TR00389,C024,5098,6152,77.1
TR00389,C032,1370,3018,32.3
TR00389,C032,5476,6913,47.1
TR00389,C036,1139,3200,54.0
TR00389,C044,1453,5947,69.4
TR00390,C007,2361,5040,87.1
TR00390,C015,3721,4495,21.5
TR00390,C023,1338,1595,49.0
TR00390,C025,1764,9381,70.3
TR00390,C033,3226,3754,21.7
TR00390,C048,1576,2738,89.6
TR00391,C004,0,1334,67.6
TR00391,C010,400,1067,39.1
TR00391,C010,6475,7345,92.9
TR00391,C011,2066,3484,82.5
TR00391,C011,5631,8252,21.1
TR00391,C016,1191,2123,73.7
TR00391,C016,4775,6439,36.6
TR00391,C017,0,2137,23.5
TR00391,C024,1825,2977,25.7
TR00391,C026,1765,4330,56.0
TR00391,C033,1299,5226,45.6
TR00392,C001,4869,5362,34.1
TR00392,C038,2966,4621,33.4
TR00392,C041,939,7905,85.2
TR00392,C042,93,2457,65.7
TR00392,C042,7313,9152,38.0
TR00392,C044,421,1157,41.5
TR00392,C044,2883,3653,43.8
TR00392,C044,5465,6592,74.1
TR00392,C044,8130,9696,34.4
TR00393,C005,45,1531,40.6
TR00393,C009,396,800,83.7
TR00393,C013,2859,3992,80.9
TR00393,C032,0,5234,39.1
TR00393,C039,217,3295,38.5
TR00393,C039,9877,12910,78.5
TR00393,C042,2735,3581,80.7
TR00394,C019,4769,8236,99.8
TR00394,C024,1689,5104,72.8
TR00394,C024,10986,11477,49.0
TR00394,C028,3403,5843,41.9
TR00394,C028,11351,14353,94.6
TR00394,C031,2344,2810,96.9
TR00394,C031,10319,10559,86.5
TR00394,C050,1751,13255,79.8
TR00395,C004,25,2202,61.4
TR00395,C004,9983,10693,86.1
TR00395,C029,7411,11352,60.5
TR00395,C042,5851,7659,48.2
TR00395,C043,6364,8464,53.0
TR00395,C045,7106,10241,68.9
TR00395,C049,5761,8938,40.1
TR00396,C002,709,2468,62.4
TR00396,C002,3642,3917,46.0
TR00396,C003,905,2350,58.1
TR00396,C003,3043,3744,96.7
TR00396,C014,1177,2559,32.1
TR00396,C014,3541,4730,35.8
TR00396,C025,476,4362,97.6
TR00396,C030,1277,2559,64.7
TR00396,C030,4134,4957,88.1
TR00396,C035,2583,4399,95.9
TR00396,C041,1173,1642,28.8
TR00396,C041,3454,3774,38.3
TR00396,C043,432,4399,40.1
TR00397,C002,354,7503,89.2
TR00397,C005,471,7705,78.2
TR00397,C007,1853,2638,83.8
TR00397,C014,832,6787,60.9
TR00397,C018,3690,6198,69.8
TR00397,C021,254,4245,49.2
TR00397,C038,3841,5129,39.5
TR00397,C042,2807,6781,84.2
TR00398,C002,1148,1581,72.3
TR00398,C002,4786,6630,56.6
TR00398,C008,485,3187,81.4
TR00398,C008,5935,7083,56.3
TR00398,C017,266,3840,90.1
TR00398,C017,5463,7931,86.2
TR00398,C024,192,3344,54.6
TR00398,C024,6035,7649,43.8
TR00398,C025,1571,2319,90.0
TR00398,C025,4477,8023,29.5
TR00398,C042,1391,2772,81.4
TR00398,C042,5203,6820,69.1
TR00399,C005,1568,5469,40.0
TR00399,C005,6045,8452,98.2
TR00399,C028,2948,4445,74.5
TR00399,C036,291,2765,97.0
TR00399,C046,1301,2336,79.2
TR00399,C046,5584,7534,93.5
TR00400,C011,674,3008,44.8
TR00400,C014,5229,7747,31.4
TR00400,C017,600,1116,37.2
TR00400,C017,6425,8279,67.2
TR00400,C024,1839,9243,61.8
TR00400,C034,662,1430,31.6
TR00400,C034,3692,3974,42.5
TR00400,C034,8000,8739,74.5
TR00400,C036,4392,6891,44.1
TR00400,C048,1823,3846,77.3
TR00400,C048,6234,6727,86.3
TR00401,C023,529,3211,51.2
TR00401,C023,7251,8490,56.4
TR00401,C033,1649,2499,60.8
TR00401,C033,5408,5718,35.4
TR00401,C037,679,2976,78.1
TR00401,C050,90,2705,80.7
TR00401,C050,6288,9572,74.5
TR00401,C023,4280,7137,77.0
TR00402,C001,2411,4891,42.4
TR00402,C002,3097,3815,20.2
TR00402,C004,5157,8989,52.0
TR00402,C016,3306,6257,35.7
TR00402,C016,8452,9892,90.7
TR00402,C022,3728,7578,45.5
TR00402,C027,2945,5068,46.4
TR00402,C027,8545,9635,92.3
TR00403,C001,1188,2286,67.2
TR00403,C002,2535,4479,49.6
TR00403,C002,9742,11454,65.1
TR00403,C015,7180,9250,98.3
TR00403,C017,3108,5863,66.5
TR00403,C019,1106,2116,44.0
TR00403,C019,6185,6685,43.5
TR00403,C019,10255,12059,73.9
TR00403,C024,1699,3434,55.2
TR00403,C024,8089,9780,98.0
TR00403,C046,1743,4932,98.6
TR00404,C005,6018,6442,60.0
TR00404,C032,1597,3466,77.7
TR00404,C032,9049,11634,68.8
TR00404,C039,0,5500,86.3
TR00404,C049,1570,14747,98.7
TR00404,C050,2952,3290,21.9
TR00404,C050,11713,12508,99.1
TR00405,C002,1374,2310,72.5
TR00405,C002,5747,7452,56.3
TR00405,C004,1582,3747,56.0
TR00405,C004,6655,8139,84.9
TR00405,C008,2052,2452,41.6
TR00405,C008,6280,6866,60.4
TR00405,C029,2261,5500,55.4
TR00405,C035,1321,2636,75.9
TR00405,C035,5275,6315,57.3
TR00405,C002,0,2896,67.1
TR00406,C010,70,2549,44.4
TR00406,C010,3536,3754,47.2
TR00406,C010,7372,8644,31.9
TR00406,C010,10761,13142,41.2
TR00406,C012,0,1517,46.4
TR00406,C020,1537,11403,71.4
TR00406,C030,3126,5603,23.7
TR00407,C008,2180,4595,60.2
TR00407,C008,6021,6763,46.1
TR00407,C009,317,2731,57.9
TR00407,C009,5843,7516,72.7
TR00407,C018,0,5135,31.8
TR00407,C043,1279,3354,56.1
TR00407,C048,1502,8768,90.3
TR00408,C003,0,843,66.1
TR00408,C005,196,10477,62.6
TR00408,C019,0,2563,52.7
TR00408,C023,292,2868,30.8
TR00408,C023,6850,9018,35.0
TR00408,C024,845,4384,75.1
TR00408,C024,5740,7883,54.6
TR00408,C030,539,2719,70.3
TR00408,C030,6965,9329,34.1
TR00409,C014,171,2247,31.1
TR00409,C014,5753,7263,58.2
TR00409,C014,11952,13248,32.4
TR00409,C020,1357,5003,74.5
TR00409,C028,7235,10306,51.3
TR00409,C030,2828,5407,99.4
TR00409,C030,10204,11051,89.6
TR00409,C020,4460,9271,86.9
TR00410,C004,1433,2684,48.3
TR00410,C004,4390,4987,53.4
TR00410,C007,60,621,36.5
TR00410,C007,2379,4020,45.9
TR00410,C007,4349,5540,50.2
TR00410,C023,528,1241,26.8
TR00410,C026,476,2751,52.4
TR00410,C004,606,4059,76.3
TR00411,C003,7330,9702,48.6
TR00411,C012,387,3049,31.2
TR00411,C012,10174,11630,25.9
TR00411,C014,2137,4592,86.0
TR00411,C014,8210,10430,32.4
TR00411,C017,6394,7424,29.0
TR00411,C018,1393,1839,61.3
TR00411,C021,575,1739,39.5
TR00411,C021,10200,11569,30.0
TR00411,C024,2355,5797,78.7
TR00411,C003,11351,15808,69.2
TR00412,C004,3195,4552,93.6
TR00412,C004,11532,11771,58.5
TR00412,C016,1460,11853,76.0
TR00412,C024,2952,15548,68.7
TR00412,C028,1026,4039,65.9
TR00412,C040,946,4630,74.2
TR00412,C040,9054,11009,49.5
TR00413,C005,3293,15226,60.9
TR00413,C011,2790,5216,31.8
TR00413,C011,10299,13708,93.6
TR00413,C022,3552,18293,88.6
TR00413,C023,897,17240,76.7
TR00413,C024,8101,9837,57.0
TR00413,C030,1318,2300,52.3
TR00413,C044,0,3992,45.0
TR00413,C050,124,2335,78.0
TR00414,C010,1794,17361,98.2
TR00414,C043,652,14730,97.7
TR00414,C045,6841,9456,70.8
TR00414,C046,0,968,48.7
TR00415,C008,1358,14030,81.4
TR00415,C015,3729,7572,24.6
TR00415,C015,11063,13978,35.0
TR00415,C018,0,6909,83.2
TR00415,C019,4233,7340,28.6
TR00415,C019,10207,12636,48.4
TR00415,C020,2463,4587,92.8
TR00415,C020,12237,15419,52.4
TR00415,C021,7198,9248,79.8
TR00415,C033,8345,12254,89.2
TR00415,C045,7443,9511,61.8
TR00416,C003,7106,10436,67.8
TR00416,C004,1842,4967,96.0
TR00416,C004,8341,9020,73.0
TR00416,C010,3118,5587,72.0
TR00416,C019,1798,4519,97.5
TR00416,C019,9709,12776,32.9
TR00416,C026,3370,6983,80.8
TR00416,C032,330,3073,32.0
TR00416,C032,10292,11900,42.3
TR00416,C039,3480,5356,25.9
TR00416,C039,11084,11419,70.2
TR00416,C045,600,3679,40.8
TR00417,C003,4714,8081,93.3
TR00417,C003,13593,17098,86.7
TR00417,C019,1933,4928,84.5
TR00417,C034,3546,4231,32.3
TR00417,C035,5010,6206,62.9
TR00417,C039,442,17682,61.1
TR00417,C046,6244,8245,41.2
TR00418,C003,3282,3915,91.0
TR00418,C008,2500,3217,48.2
TR00418,C012,8617,10523,91.2
TR00418,C014,130,366,85.0
TR00418,C014,10712,11919,96.2
TR00418,C019,768,2319,43.1
TR00418,C019,5305,6274,76.9
TR00418,C019,10551,11656,39.6
TR00418,C019,16125,17176,80.9
TR00418,C024,1758,2994,64.9
TR00418,C024,11060,13269,92.9
TR00418,C033,7762,8148,55.9
TR00418,C043,780,4483,73.0
TR00418,C043,11809,15739,93.7
TR00419,C002,2743,3692,32.4
TR00419,C002,7573,9921,46.0
TR00419,C004,790,4109,69.0
TR00419,C004,9243,9902,88.1
TR00419,C005,2008,10881,81.8
TR00419,C006,766,2914,46.5
TR00419,C006,9914,13038,36.5
TR00419,C016,1248,3363,61.8
TR00419,C016,8761,11111,62.3
TR00419,C029,1061,12574,69.6
TR00419,C035,25,1905,61.1
TR00419,C035,3978,6216,59.9
TR00419,C035,6923,8954,78.1
TR00419,C035,10864,12897,49.2
TR00419,C041,0,4126,57.2
TR00420,C001,2228,5176,65.6
TR00420,C002,853,2523,66.1
TR00420,C002,4841,5679,71.4
TR00420,C010,2244,2942,48.2
TR00420,C018,50,318,98.0
TR00420,C018,1737,3161,58.6
TR00420,C018,3500,3868,35.5
TR00420,C018,5170,6189,83.6
TR00420,C029,49,3205,81.8
TR00420,C029,3410,4175,84.0
TR00420,C046,287,922,39.5
TR00420,C046,3403,4507,95.9
TR00421,C016,33,633,69.9
TR00421,C016,5552,7051,95.6
TR00421,C018,245,2765,64.1
TR00421,C019,268,8094,85.2
TR00421,C027,674,1162,78.6
TR00421,C027,5497,7262,71.8
TR00422,C009,2016,3340,87.9
TR00422,C009,6220,7192,79.1
TR00422,C011,1919,2170,96.5
TR00422,C011,6191,8612,86.3
TR00422,C017,2983,3983,38.1
TR00422,C018,0,2236,85.7
TR00422,C019,706,2699,54.5
TR00422,C037,580,10744,86.0
TR00423,C012,2702,12281,60.9
TR00423,C022,1803,4134,48.9
TR00423,C022,7923,10901,89.2
TR00423,C046,1818,4607,27.6
TR00423,C046,8812,10704,32.8
TR00423,C050,1291,12715,81.6
TR00424,C015,0,2736,64.9
TR00424,C021,1057,1496,43.9
TR00424,C021,11071,12005,95.9
TR00424,C024,1052,1823,35.7
TR00424,C024,6011,6377,61.3
TR00424,C024,10578,11973,33.0
TR00424,C024,15832,18253,71.2
TR00424,C026,1444,4324,80.9
TR00424,C026,13614,16363,68.0
TR00424,C029,6301,8318,43.0
TR00424,C043,4715,5869,80.1
TR00425,C017,2047,5496,59.2
TR00425,C021,937,1608,54.7
TR00425,C032,1074,1390,59.4
TR00425,C033,2487,4515,63.7
TR00425,C040,112,1376,38.7
TR00425,C040,2335,3531,52.4
TR00425,C040,4013,4996,57.3
TR00425,C046,841,5503,67.2
TR00425,C047,0,2415,54.8
TR00426,C002,3544,4866,83.3
TR00426,C009,161,458,24.3
TR00426,C017,4237,7602,26.4
TR00426,C021,480,1239,84.7
TR00426,C021,3508,5899,90.2
TR00426,C021,6503,8803,58.3
TR00426,C037,1327,9230,99.8
TR00427,C009,3329,5653,32.3
TR00427,C018,2112,4795,20.3
TR00427,C025,6087,8010,79.2
TR00427,C033,1674,5025,44.2
TR00427,C033,11638,12237,54.8
TR00427,C042,3528,6729,50.7
TR00427,C048,871,2692,54.4
TR00427,C048,5576,8070,30.3
TR00427,C048,8698,9980,55.0
TR00427,C048,12798,13000,63.5
TR00428,C010,1450,4728,47.9
TR00428,C018,59,2261,36.1
TR00428,C018,6640,8877,26.0
TR00428,C028,4796,5555,91.2
TR00428,C033,843,2334,95.5
TR00428,C033,9047,9643,23.4
TR00428,C037,5486,8548,53.7
TR00428,C038,2665,3321,40.0
TR00428,C049,1726,3662,22.7
TR00428,C049,8241,10256,24.8
TR00429,C024,1234,12467,63.3
TR00429,C035,2201,2637,97.7
TR00429,C035,8721,11194,33.6
TR00429,C037,1702,10931,89.4
TR00429,C043,1032,10648,68.0
TR00429,C048,1012,1908,81.7
TR00429,C048,7314,8766,79.4
TR00430,C002,2839,15754,71.4
TR00430,C011,3230,14134,62.9
TR00430,C012,5245,6912,43.9
TR00430,C019,4439,7865,50.6
TR00430,C019,9572,11705,25.6
TR00430,C026,4444,7930,64.4
TR00430,C026,12588,14429,56.8
TR00430,C029,2010,5776,53.9
TR00430,C029,11413,14700,60.4
TR00430,C039,6482,9576,87.2
TR00430,C049,1175,3301,38.7
TR00430,C049,12058,13469,58.4
TR00431,C008,2203,4792,46.6
TR00431,C009,883,1286,36.6
TR00431,C009,8764,9655,84.1
TR00431,C011,6687,10551,94.9
TR00431,C018,2883,6830,41.0
TR00431,C018,11479,15390,40.1
TR00431,C039,492,2736,86.2
TR00431,C041,1026,3303,56.7
TR00431,C041,8686,9738,33.4
TR00432,C012,6182,7312,93.2
TR00432,C014,623,2929,43.0
TR00432,C014,5467,6740,41.1
TR00432,C014,9363,9634,46.7
TR00432,C014,13709,14555,97.4
TR00432,C018,29,836,91.8
TR00432,C018,11893,12120,45.5
TR00432,C021,902,3082,87.8
TR00432,C023,963,2716,69.8
TR00432,C023,9215,9768,66.1
TR00432,C030,4094,6933,71.2
TR00432,C044,1928,2512,82.1
TR00432,C044,9652,11385,46.6
TR00432,C046,3627,4493,94.2
TR00432,C046,10306,13881,72.1
TR00433,C001,453,1925,51.9
TR00433,C001,5126,7590,90.0
TR00433,C001,10170,12561,46.9
TR00433,C001,14892,15982,36.4
TR00433,C007,782,3720,68.8
TR00433,C007,11632,14029,64.7
TR00433,C011,0,6078,32.2
TR00433,C020,1532,1782,64.0
TR00433,C020,8354,9594,92.6
TR00433,C020,14047,16158,62.5
TR00433,C043,879,3913,64.0
TR00433,C043,11100,14537,52.1
TR00434,C016,1108,3566,66.6
TR00434,C031,1172,5865,90.2
TR00434,C033,1283,4592,87.0
TR00434,C043,43,3511,40.1
TR00435,C001,1520,2381,54.8
TR00435,C001,4057,5389,49.2
TR00435,C007,267,1676,23.2
TR00435,C007,3138,4735,26.2
TR00435,C018,346,1503,71.4
TR00435,C018,2392,3339,31.2
TR00435,C018,4529,5295,69.8
TR00435,C023,1085,4724,76.3
TR00435,C039,1219,2496,73.6
TR00435,C042,1032,2160,55.7
TR00435,C042,4211,4500,47.9
TR00435,C043,744,1867,57.0
TR00435,C043,4644,5182,70.3
TR00436,C007,2311,2664,51.3
TR00436,C007,5170,6667,93.3
TR00436,C029,469,1379,52.7
TR00436,C029,2737,3703,83.1
TR00436,C029,5276,6954,51.1
TR00436,C029,8258,8947,36.7
TR00436,C032,0,3042,38.9
TR00436,C047,1969,8908,89.3
TR00436,C049,659,1417,58.8
TR00436,C049,2757,3368,93.8
TR00436,C049,5413,6755,34.0
TR00436,C049,7964,9558,97.5
TR00437,C018,3801,4939,73.7
TR00437,C031,3333,5658,68.9
TR00437,C034,841,2417,43.6
TR00437,C034,9045,11543,78.9
TR00437,C035,1355,3961,63.9
TR00437,C035,9070,9362,89.8
TR00437,C038,2021,4741,54.7
TR00437,C038,11329,11716,59.5
TR00437,C039,3600,7446,81.1
TR00437,C048,1300,11803,83.3
TR00438,C001,844,15125,99.8
TR00438,C006,1279,16852,66.0
TR00438,C009,3458,7368,53.8
TR00438,C009,10527,11326,77.1
TR00438,C017,1640,5295,97.0
TR00438,C019,6268,6921,51.0
TR00438,C030,4832,7002,97.0
TR00438,C046,1555,4465,81.3
TR00438,C046,9056,12170,95.1
TR00438,C049,264,14324,64.1
TR00439,C009,1170,6032,89.7
TR00439,C012,22,381,94.2
TR00439,C012,3187,4732,74.5
TR00439,C012,5094,5490,32.5
TR00439,C026,1620,3157,51.8
TR00439,C026,4314,6002,50.7
TR00439,C027,0,2808,70.8
TR00439,C029,293,2796,24.2
TR00439,C029,3969,5621,20.8
TR00439,C035,3530,5777,54.8
TR00439,C039,1309,2000,26.1
TR00439,C039,4376,7079,91.4
TR00439,C048,421,4082,26.0
TR00440,C012,1988,2323,70.2
TR00440,C012,11661,13116,90.9
TR00440,C013,1859,3836,97.4
TR00440,C013,8267,12260,58.6
TR00440,C018,0,4385,54.0
TR00440,C019,221,692,47.9
TR00440,C019,9142,10753,57.7
TR00440,C027,3023,12418,84.5
TR00441,C001,2833,4791,22.7
TR00441,C020,1585,3769,87.9
TR00441,C030,17,9086,72.9
TR00441,C031,507,1519,80.8
TR00441,C031,5603,9347,30.2
TR00441,C035,623,3141,29.7
TR00441,C035,5507,7179,29.9
TR00441,C046,48,2361,97.9
TR00441,C046,6396,7241,53.2
TR00442,C001,1548,2954,64.6
TR00442,C001,9888,12747,47.9
TR00442,C007,6587,7646,58.6
TR00442,C018,842,4253,72.2
TR00442,C018,8236,9651,56.7
TR00442,C023,0,2170,52.6
TR00442,C024,1049,11179,94.2
TR00442,C026,0,5622,84.3
TR00442,C030,1395,4397,66.6
TR00442,C030,10335,13354,57.5
TR00442,C034,1149,2596,83.1
TR00443,C008,268,521,92.9
TR00443,C008,3461,4192,26.0
TR00443,C009,257,1080,42.2
TR00443,C009,1621,2171,68.3
TR00443,C009,2784,3111,52.7
TR00443,C009,4042,4898,57.6
TR00443,C010,2170,2635,59.5
TR00443,C011,9,2045,42.5
TR00443,C011,3087,3984,29.8
TR00443,C019,974,4500,66.3
TR00443,C030,1910,4582,59.1
TR00443,C045,455,1531,67.6
TR00443,C045,3281,4750,27.4
TR00444,C003,1447,2710,46.2
TR00444,C003,5053,6917,47.6
TR00444,C006,467,1841,54.1
TR00444,C006,4396,6712,22.8
TR00444,C021,811,3679,49.1
TR00444,C021,5128,6453,25.8
TR00444,C022,671,2501,56.4
TR00444,C022,2623,4861,66.0
TR00444,C022,5480,7080,82.9
TR00444,C027,1526,2638,45.0
TR00444,C027,4171,4485,96.5
TR00445,C003,8674,11618,62.7
TR00445,C005,2786,5233,36.3
TR00445,C009,458,984,52.3
TR00445,C009,4826,7187,38.4
TR00445,C009,8755,9016,52.5
TR00445,C009,13822,16218,66.2
TR00445,C014,7519,10922,61.8
TR00445,C016,6126,7145,62.5
TR00445,C048,601,1470,52.4
TR00446,C008,8709,10216,75.4
TR00446,C010,2035,4485,30.9
TR00446,C010,13131,16597,45.4
TR00446,C016,1125,14240,84.3
TR00446,C050,2471,4437,34.5
TR00446,C050,12316,16302,100.0
TR00447,C003,3104,4514,54.0
TR00447,C003,9121,9440,30.5
TR00447,C013,895,1902,60.3
TR00447,C013,11326,13208,50.6
TR00447,C016,6870,7457,38.0
TR00447,C039,2725,13739,86.3
TR00447,C040,480,3212,44.1
TR00447,C040,12514,15159,56.1
TR00447,C044,3642,4381,71.3
TR00447,C048,5248,7049,61.4
TR00448,C014,762,4629,80.3
TR00448,C014,6046,6880,91.4
TR00448,C016,1875,2586,68.5
TR00448,C027,3011,6899,59.0
TR00448,C039,2183,3999,68.9
TR00448,C039,5760,6398,79.7
TR00449,C003,1272,3824,43.9
TR00449,C003,11610,13819,42.2
TR00449,C004,1351,1628,83.7
TR00449,C004,11791,12411,57.8
TR00449,C014,2039,4015,54.5
TR00449,C014,12658,14496,47.0
TR00449,C026,21,2710,25.2
TR00449,C026,11199,14910,63.7
TR00449,C029,553,2402,88.1
TR00449,C029,7276,9445,95.7
TR00449,C029,14367,15657,52.5
TR00449,C036,264,1749,60.6
TR00449,C036,10271,13727,26.9
TR00449,C037,600,2845,89.2
TR00449,C037,6341,8144,37.8
TR00449,C037,9849,10460,51.0
TR00449,C037,15716,17696,70.9
TR00449,C047,3250,6678,63.5
TR00450,C009,2259,5012,39.6
TR00450,C016,2707,3559,45.3
TR00450,C024,754,2972,46.9
TR00450,C028,2458,5266,39.3
TR00450,C032,129,2236,69.4
TR00450,C036,2910,3856,88.0
TR00450,C038,0,944,48.5
TR00451,C006,84,954,58.7
TR00451,C006,6284,8432,44.8
TR00451,C008,1239,7146,83.9
TR00451,C010,0,1729,60.7
TR00451,C019,38,2133,96.6
TR00451,C019,5385,7591,67.5
TR00451,C026,2451,5233,32.3
TR00451,C028,2967,4739,91.4
TR00451,C039,4085,4318,69.5
TR00451,C047,460,3179,22.2
TR00452,C001,2281,2939,27.1
TR00452,C001,7785,9660,62.1
TR00452,C023,885,2256,94.3
TR00452,C023,5950,9693,53.0
TR00452,C024,839,1214,48.3
TR00452,C030,3253,6011,37.3
TR00452,C031,2401,5215,23.5
TR00452,C031,7131,9097,90.6
TR00452,C048,44,292,76.3
TR00452,C048,6537,9493,61.0
TR00453,C007,1250,11425,96.1
TR00453,C025,1219,4560,50.4
TR00453,C029,500,1957,82.1
TR00453,C029,7276,10826,54.7
TR00453,C050,1914,2285,36.9
TR00453,C050,8124,10417,61.5
TR00454,C001,2985,5079,90.4
TR00454,C001,10953,11486,30.7
TR00454,C010,204,2967,64.9
TR00454,C010,10567,11602,78.8
TR00454,C018,0,6181,25.1
TR00454,C020,3265,7223,49.9
TR00454,C020,8427,11696,78.4
TR00454,C022,3078,3871,61.8
TR00454,C033,3825,6362,73.2
TR00454,C033,11878,13011,26.8
TR00454,C036,2202,2455,80.7
TR00454,C036,9198,10910,26.5
TR00454,C049,7064,9511,35.7
TR00455,C003,7282,10422,35.8
TR00455,C017,4138,4396,72.0
TR00455,C017,12004,15814,72.6
TR00455,C028,5193,7876,73.7
TR00455,C034,145,1869,72.1
TR00455,C034,6748,7309,31.2
TR00455,C034,11810,12054,83.4
TR00455,C038,0,5648,23.9
TR00455,C040,2426,6020,98.3
TR00455,C040,9942,10815,91.3
TR00455,C050,3381,15610,89.5
TR00456,C013,356,723,51.1
TR00456,C013,6733,10230,20.4
TR00456,C014,5112,6297,58.3
TR00456,C020,3755,4775,99.5
TR00456,C029,1690,2350,54.3
TR00456,C029,6666,8332,63.7
TR00456,C047,55,480,81.5
TR00456,C047,6557,9154,95.8
TR00457,C005,0,7309,22.6
TR00457,C006,1563,1857,95.6
TR00457,C017,696,3730,77.0
TR00457,C017,8935,10617,21.6
TR00457,C018,1243,2453,67.7
TR00457,C018,10900,11971,97.1
TR00457,C020,287,823,59.8
TR00457,C020,5609,6051,45.5
TR00457,C020,11071,11975,70.3
TR00457,C021,398,14737,73.9
TR00457,C027,1924,5730,76.0
TR00457,C027,10832,12860,55.5
TR00457,C036,3355,5139,86.6
TR00457,C036,8931,11815,47.1
TR00458,C011,1946,4156,59.7
TR00458,C014,2613,4903,49.5
TR00458,C015,1547,2378,24.3
TR00458,C015,4810,5564,64.6
TR00458,C041,1372,3184,22.2
TR00458,C041,4463,5681,93.5
TR00458,C046,279,1850,53.8
TR00458,C046,2728,4188,86.3
TR00458,C046,4924,5950,59.5
TR00458,C048,770,1061,63.0
TR00458,C048,4488,6322,24.4
TR00459,C010,1741,5315,21.2
TR00459,C017,1050,5598,85.2
TR00459,C036,2644,5870,38.4
TR00459,C040,0,1881,55.8
TR00459,C047,734,2367,69.9
TR00459,C047,3652,4230,74.4
TR00459,C048,388,2307,50.2
TR00460,C009,2175,2834,53.5
TR00460,C009,8651,9053,51.3
TR00460,C020,674,2229,68.9
TR00460,C020,5256,6979,39.0
TR00460,C020,9252,10900,66.2
TR00460,C020,12237,12701,31.9
TR00460,C030,346,666,23.1
TR00460,C048,413,4167,37.6
TR00460,C050,866,1128,92.2
TR00460,C050,4159,5218,81.2
TR00460,C050,8425,9020,50.8
TR00460,C050,13447,14220,75.8
TR00461,C005,1912,2722,73.2
TR00461,C005,4679,7575,53.7
TR00461,C006,401,2595,69.3
TR00461,C006,5061,5916,24.9
TR00461,C008,1885,3254,33.7
TR00461,C008,4368,5641,23.6
TR00461,C012,330,727,63.7
TR00461,C012,4730,6031,99.4
TR00461,C022,129,1699,96.1
TR00461,C022,2341,3783,95.1
TR00461,C022,4080,4457,76.8
TR00461,C022,6684,7703,98.5
TR00461,C031,179,2999,95.5
TR00461,C031,5950,6523,39.4
TR00461,C045,0,1155,89.0
TR00461,C048,668,1533,61.2
TR00461,C048,2471,3320,36.3
TR00461,C048,4434,5944,41.9
TR00461,C048,6286,6913,99.0
TR00462,C002,911,2563,28.3
TR00462,C002,7474,8829,70.0
TR00462,C009,476,1600,40.8
TR00462,C009,3491,4277,71.4
TR00462,C009,6569,7797,71.5
TR00462,C009,9513,10222,84.7
TR00462,C037,2861,5305,52.5
TR00462,C037,6769,7423,24.6
TR00462,C044,4341,8169,87.6
TR00462,C050,4131,4420,89.0
TR00463,C027,1192,11337,73.9
TR00463,C028,0,1420,89.1
TR00463,C034,4455,5756,73.4
TR00463,C040,101,1551,74.6
TR00463,C040,9147,9970,33.4
TR00464,C024,0,6598,86.8
TR00464,C025,2909,14022,79.5
TR00464,C031,7576,11423,79.3
TR00464,C033,3471,6498,73.7
TR00464,C033,10683,12206,35.2
TR00464,C034,4079,4766,80.2
TR00464,C034,9008,11362,66.2
TR00464,C037,1155,2723,84.8
TR00464,C037,5151,6518,56.4
TR00464,C037,9322,11452,55.4
TR00464,C037,14068,14728,92.3
TR00464,C041,2064,5131,67.1
TR00464,C041,11501,12170,69.5
TR00464,C047,4182,5893,37.3
TR00464,C047,11865,12500,40.6
TR00465,C016,2788,14837,94.7
TR00465,C041,3982,4455,25.5
TR00465,C046,2578,14202,68.1
TR00465,C050,2433,5887,61.3
TR00465,C050,8856,9863,96.3
TR00466,C018,1236,1486,70.0
TR00466,C018,5541,7000,42.8
TR00466,C020,800,8487,66.0
TR00466,C021,343,1175,77.2
TR00466,C021,2130,3591,80.1
TR00466,C021,4425,4958,71.7
TR00466,C021,6472,7777,92.9
TR00466,C024,1529,6631,81.2
TR00466,C034,2613,4406,88.8
TR00466,C039,233,2817,92.7
TR00466,C039,6206,6621,53.7
TR00466,C042,150,7389,61.1
TR00466,C044,634,1855,91.8
TR00467,C012,1354,4380,24.4
TR00467,C013,1367,8240,93.0
TR00467,C015,3299,4813,44.3
TR00467,C017,1249,4576,56.6
TR00467,C017,6892,7730,67.8
TR00467,C027,334,3855,82.8
TR00467,C027,6821,9490,83.2
TR00467,C030,0,4727,30.0
TR00467,C050,417,1641,70.6
TR00467,C050,5693,6049,67.2
TR00468,C019,2037,4029,40.5
TR00468,C019,6410,8980,87.3
TR00468,C021,1209,8671,97.6
TR00468,C024,124,767,84.4
TR00468,C024,7256,10057,82.9
TR00468,C028,2083,3321,39.1
TR00468,C028,5789,8100,25.9
TR00469,C019,1005,3484,68.1
TR00469,C019,8444,12212,97.4
TR00469,C023,2627,5833,27.2
TR00469,C026,2015,5728,22.0
TR00469,C029,66,1282,29.3
TR00469,C041,1827,3915,90.2
TR00469,C041,7752,10327,45.4
TR00469,C042,0,6174,53.9
TR00469,C049,1137,2425,96.3
TR00469,C049,4294,5062,60.9
TR00469,C049,7758,10247,48.4
TR00469,C049,10690,11678,81.1
TR00470,C006,3694,6424,92.0
TR00470,C012,1371,6982,64.0
TR00470,C013,447,1839,46.8
TR00470,C013,2122,3545,85.6
TR00470,C013,3865,4724,95.9
TR00470,C013,6075,7081,55.3
TR00470,C016,117,1090,37.1
TR00470,C016,5218,7334,42.0
TR00470,C029,0,631,78.6
TR00470,C031,1610,2051,53.2
TR00470,C031,5281,6522,56.0
TR00470,C033,901,1646,37.6
TR00470,C033,5236,5469,79.3
TR00471,C011,3867,5254,83.8
TR00471,C021,2735,3328,83.8
TR00471,C021,11315,13020,66.1
TR00471,C032,1147,1889,30.2
TR00471,C032,5122,5619,63.8
TR00471,C032,9389,11392,69.5
TR00471,C032,14709,15663,37.8
TR00471,C042,4057,7323,55.5
TR00471,C042,10140,13255,54.0
TR00471,C043,1714,5463,27.6
TR00471,C043,11877,12341,90.2
TR00471,C046,647,1471,28.2
TR00471,C046,9406,12085,40.2
TR00471,C049,1136,2990,83.3
TR00471,C049,5893,8129,70.1
TR00471,C049,9185,10721,53.2
TR00471,C049,14413,15596,49.3
TR00472,C005,1246,3230,41.5
TR00472,C005,6836,8440,49.1
TR00472,C026,2384,4540,44.6
TR00472,C026,6061,8840,57.3
TR00472,C045,2902,6570,59.9
TR00472,C048,827,1606,38.8
TR00472,C048,3320,4008,98.3
TR00472,C048,6299,6601,88.8
TR00472,C048,9048,9932,56.9
TR00473,C006,1382,3732,94.9
TR00473,C006,5003,5458,59.7
TR00473,C006,9949,12399,53.4
TR00473,C020,2144,13152,85.3
TR00473,C036,24,3290,56.3
TR00473,C036,7047,7343,86.3
TR00473,C045,3432,4152,73.4
TR00474,C005,1296,14077,64.2
TR00474,C027,726,3098,34.0
TR00474,C027,4491,5339,62.5
TR00474,C027,9624,10397,99.5
TR00474,C027,12502,13013,75.8
TR00474,C031,2486,4200,22.8
TR00474,C031,8700,9290,35.0
TR00474,C043,2958,5730,43.1
TR00474,C043,11612,14570,52.9
TR00474,C047,1032,2349,91.9
TR00474,C047,4646,7057,95.7
TR00474,C047,8466,10064,49.9
TR00474,C047,13128,14175,60.6
TR00475,C003,274,1840,43.6
TR00475,C003,4339,5293,30.9
TR00475,C003,7047,9260,78.4
TR00475,C003,10585,13058,97.5
TR00475,C009,2322,11932,92.1
TR00475,C033,1012,3076,88.6
TR00475,C033,7984,11365,95.2
TR00475,C037,1136,10187,99.3
TR00476,C003,2821,4372,76.4
TR00476,C003,11340,11727,71.7
TR00476,C005,0,5449,39.6
TR00476,C013,214,1577,30.9
TR00476,C013,10953,13113,36.2
TR00476,C025,694,1830,23.8
TR00476,C038,233,18577,88.5
TR00476,C040,2317,2934,76.5
TR00476,C040,13676,14695,78.7
TR00476,C043,206,2269,94.9
TR00476,C043,6946,8626,71.2
TR00476,C043,13307,14339,54.3
TR00477,C009,3647,5847,46.8
TR00477,C009,11634,14293,90.9
TR00477,C016,81,15191,99.4
TR00477,C017,927,13410,79.0
TR00477,C025,1869,4289,88.1
TR00477,C025,6849,7362,58.6
TR00477,C025,12772,14604,91.8
TR00477,C028,1816,16520,79.6
TR00477,C040,0,7583,53.1
TR00478,C001,6032,9155,42.7
TR00478,C005,3402,4377,98.7
TR00478,C005,10770,11922,40.9
TR00478,C007,1294,1989,73.7
TR00478,C007,5845,6744,91.0
TR00478,C007,11822,14185,74.7
TR00478,C047,793,14022,99.6
TR00479,C010,0,7065,54.6
TR00479,C030,3539,18024,82.5
TR00479,C037,1502,3748,71.1
TR00479,C037,9625,12448,88.5
TR00479,C044,2822,4907,63.8
TR00479,C044,12235,12592,66.7
TR00480,C015,0,3543,77.1
TR00480,C018,6206,6643,52.7
TR00480,C026,466,888,54.2
TR00480,C026,9574,11224,89.5
TR00480,C030,714,1354,50.0
TR00480,C030,11342,12847,35.5
TR00481,C012,1809,5691,80.2
TR00481,C014,4066,7939,25.2
TR00481,C016,0,4550,32.5
TR00481,C039,1321,3418,53.1
TR00481,C039,6797,7881,93.6
TR00481,C039,11653,12358,99.2
TR00481,C040,4023,7358,90.6
TR00481,C040,10295,14092,66.8
TR00481,C041,0,2862,80.2
TR00481,C046,1603,3439,93.8
TR00481,C046,12127,13520,27.2
TR00481,C048,389,3402,99.1
TR00481,C048,8855,9985,66.8
TR00482,C006,304,5287,86.4
TR00482,C007,230,640,37.7
TR00482,C007,3889,5690,96.4
TR00482,C017,733,5343,80.2
TR00482,C019,1253,2928,80.7
TR00482,C019,4067,5771,85.1
TR00482,C029,348,1836,90.4
TR00482,C029,3660,5248,51.5
TR00482,C039,924,2459,74.9
TR00482,C039,3701,5843,20.9
TR00482,C048,330,4938,86.2
TR00482,C050,450,2273,87.0
TR00483,C009,1322,2357,82.6
TR00483,C009,5308,6947,80.1
TR00483,C009,10575,11069,81.4
TR00483,C019,0,5315,67.6
TR00483,C022,4528,5154,57.3
TR00483,C028,2493,3831,93.0
TR00483,C045,1879,2991,52.9
TR00483,C045,10017,11711,85.1
TR00483,C046,271,13176,96.7
TR00484,C002,72,1258,75.3
TR00484,C002,3791,5210,49.3
TR00484,C002,7776,9776,78.0
TR00484,C002,11185,13067,90.9
TR00484,C006,2180,3941,85.0
TR00484,C006,9006,10518,84.3
TR00484,C008,1108,3095,50.6
TR00484,C008,3646,4140,88.3
TR00484,C008,7946,8420,99.5
TR00484,C008,10769,10997,45.0
TR00484,C013,1373,3866,73.7
TR00484,C013,4619,6799,49.8
TR00484,C013,10291,12460,97.1
TR00484,C022,959,2305,76.8
TR00484,C023,2695,4983,91.5
TR00484,C023,7022,10436,67.7
TR00484,C025,357,1398,26.8
TR00484,C025,7199,9763,25.9
TR00484,C030,1051,3185,64.6
TR00484,C030,7143,9885,50.4
TR00485,C004,707,7120,75.8
TR00485,C013,1665,5161,47.0
TR00485,C019,1110,3676,22.3
TR00485,C019,4002,5139,69.7
TR00485,C026,1177,2402,64.6
TR00485,C026,4196,6294,20.6
TR00485,C041,1547,2050,86.3
TR00485,C041,5054,6812,31.9
TR00485,C013,3587,5685,79.6
TR00486,C008,748,15637,71.2
TR00486,C015,2343,14780,70.0
TR00486,C020,3498,5280,86.2
TR00486,C020,11565,12751,71.9
TR00486,C023,1981,5647,45.0
TR00486,C028,21,2604,68.2
TR00486,C036,2976,6223,90.4
TR00486,C036,9927,11249,51.9
TR00486,C039,7027,10421,56.8
TR00486,C040,1868,4234,82.6
TR00486,C040,11463,14278,76.8
TR00487,C009,2804,5049,70.0
TR00487,C026,540,3983,24.2
TR00487,C026,10700,13589,39.0
TR00487,C033,670,4634,91.6
TR00487,C033,11449,14938,22.3
TR00487,C035,96,1655,28.9
TR00488,C001,1643,6813,66.0
TR00488,C002,1294,2038,56.0
TR00488,C002,4875,6833,62.6
TR00488,C006,0,4229,85.5
TR00488,C021,1204,3739,37.1
TR00488,C021,4785,6827,59.3
TR00488,C023,1358,2601,98.9
TR00488,C025,1464,4910,65.9
TR00488,C038,115,2523,86.6
TR00488,C038,2877,4718,43.4
TR00488,C038,6000,6703,50.5
TR00488,C048,1804,4546,21.4
TR00489,C008,2362,5424,33.9
TR00489,C008,7551,9511,26.1
TR00489,C013,1596,3605,29.0
TR00489,C013,6967,9757,96.0
TR00489,C015,2167,3181,63.8
TR00489,C015,8331,9136,97.9
TR00489,C028,3363,4219,54.5
TR00489,C028,7754,8991,92.4
TR00489,C032,3832,5558,34.1
TR00489,C036,1695,13373,85.1
TR00490,C005,4712,7194,30.9
TR00490,C010,0,3978,62.2
TR00490,C014,729,1346,33.0
TR00490,C014,10243,11412,79.8
TR00490,C039,4564,8076,84.1
TR00490,C039,11699,15473,83.7
TR00490,C041,8547,11101,80.7
TR00491,C011,2902,5727,48.8
TR00491,C013,4901,5950,72.7
TR00491,C021,839,13171,97.2
TR00491,C026,1057,11211,76.6
TR00491,C042,25,2326,84.6
TR00491,C042,3687,5646,31.3
TR00491,C042,8350,9199,60.6
TR00491,C042,11599,13315,92.4
TR00491,C046,684,11125,66.6
TR00492,C001,2476,3771,46.0
TR00492,C004,422,3546,65.2
TR00492,C004,6936,7513,93.2
TR00492,C012,738,1297,78.1
TR00492,C012,4700,6055,41.4
TR00492,C012,8924,10288,40.0
TR00492,C015,1412,4197,39.9
TR00492,C030,1848,9956,64.6
TR00492,C034,2636,5443,41.9
TR00492,C035,4059,4357,47.6
TR00492,C042,726,2716,82.1
TR00492,C042,6979,9411,41.8
TR00493,C001,813,1035,40.5
TR00493,C001,3364,4602,48.5
TR00493,C001,5479,5923,60.1
TR00493,C011,3631,7442,72.4
TR00493,C014,789,4419,52.3
TR00493,C016,574,2224,29.3
TR00493,C016,5749,6273,64.7
TR00493,C019,0,982,87.1
TR00493,C025,671,7204,84.5
TR00494,C003,1728,13495,77.9
TR00494,C006,0,2695,28.3
TR00494,C013,2198,4279,88.1
TR00494,C013,9453,10756,38.5
TR00494,C018,2861,6072,57.1
TR00494,C029,2586,3374,87.8
TR00494,C029,10084,12759,95.6
TR00494,C031,2515,4062,79.5
TR00494,C031,9067,10081,37.9
TR00494,C036,846,1306,30.4
TR00494,C036,4609,6409,69.5
TR00494,C036,7713,10135,78.9
TR00494,C036,11269,12679,96.6
TR00494,C038,304,2756,34.3
TR00494,C038,4679,5677,59.0
TR00494,C038,7777,9374,62.7
TR00494,C038,11807,13843,78.0
TR00495,C009,2642,13384,75.4
TR00495,C017,6772,10382,27.9
TR00495,C020,2591,11696,81.5
TR00495,C023,348,2558,59.3
TR00495,C023,7564,9639,76.7
TR00495,C026,375,1842,75.4
TR00495,C026,10446,10773,54.0
TR00495,C046,1159,12646,87.0
TR00496,C014,0,2771,74.8
TR00496,C015,578,876,40.6
TR00496,C022,1518,2655,92.4
TR00496,C022,5679,7567,98.9
TR00496,C032,1993,3333,95.5
TR00496,C032,4731,6147,37.1
TR00496,C044,195,2069,74.8
TR00496,C044,6195,7141,44.4
TR00497,C002,1246,2139,71.4
TR00497,C002,3168,4091,88.1
TR00497,C020,2101,3289,65.1
TR00497,C033,891,2556,52.7
TR00497,C033,3753,6068,33.1
TR00497,C049,583,1072,46.4
TR00497,C049,3599,4680,39.4
TR00498,C030,1231,3094,88.1
TR00498,C030,8251,10137,73.7
TR00498,C037,2973,16042,88.4
TR00498,C039,1826,16490,70.5
TR00498,C050,6353,6950,29.1
TR00499,C001,2607,3971,99.0
TR00499,C001,13257,16549,39.5
TR00499,C002,1226,2129,79.6
TR00499,C002,7523,8513,61.7
TR00499,C002,14306,15565,93.9
TR00499,C012,388,2306,59.0
TR00499,C012,12024,13569,21.8
TR00499,C021,1187,2381,63.4
TR00499,C021,12463,14142,52.7
TR00499,C047,8219,10365,27.4
TR00500,C001,2187,4929,88.3
TR00500,C004,0,2335,76.4
TR00500,C005,320,4294,73.1
TR00500,C009,533,2023,40.9
TR00500,C009,3911,5196,38.3
TR00500,C024,1508,3802,70.0
TR00500,C034,1059,2046,98.6
TR00500,C034,3335,4891,86.3
TR00500,C046,0,1939,64.7
TR00501,C008,1431,4083,55.4
TR00501,C008,7414,7633,84.8
TR00501,C012,3757,5616,49.5
TR00501,C034,1503,2517,64.8
TR00501,C034,7721,9205,92.1
TR00501,C042,388,1566,52.9
TR00501,C042,5033,6914,55.6
TR00501,C042,8637,9946,32.7
TR00501,C048,2023,5196,92.3
TR00502,C018,24,403,81.8
TR00502,C018,3347,4996,54.7
TR00502,C023,792,1081,97.5
TR00502,C023,3516,4151,38.9
TR00502,C031,502,2987,49.0
TR00502,C038,731,4176,90.0
TR00502,C043,848,1640,48.4
TR00502,C043,3579,4421,53.3
TR00502,C050,842,1208,57.1
TR00502,C050,3600,3888,96.1
TR00503,C002,385,1009,56.6
TR00503,C002,12458,13717,51.1
TR00503,C005,3103,6123,99.5
TR00503,C005,11210,13622,93.0
TR00503,C018,1259,3530,51.6
TR00503,C018,10602,11993,76.5
TR00503,C034,5442,8683,24.0
TR00503,C038,468,4450,33.8
TR00503,C040,2461,3169,86.5
TR00503,C050,7487,11372,42.0
TR00504,C019,1742,2237,38.2
TR00504,C019,10995,12672,32.4
TR00504,C020,8840,12153,74.8
TR00504,C021,86,17664,64.6
TR00504,C023,365,1000,23.0
TR00504,C023,13480,14761,79.5
TR00504,C029,2017,14434,73.2
TR00504,C044,1298,15124,95.7
TR00505,C015,1165,11069,76.9
TR00505,C020,2199,11619,92.6
TR00505,C024,744,1535,69.3
TR00505,C025,60,2984,90.6
TR00505,C025,10086,11294,88.4
TR00505,C039,2671,4484,97.3
TR00505,C039,7376,8037,80.4
TR00505,C042,2267,12627,88.7
TR00505,C046,1031,2139,49.1
TR00505,C046,3921,4337,57.4
TR00505,C046,7580,8457,47.9
TR00505,C046,11733,14150,47.6
TR00506,C001,1571,2238,95.4
TR00506,C004,517,4093,88.5
TR00506,C007,1034,2400,77.8
TR00506,C007,4493,5413,88.2
TR00506,C010,801,2577,65.4
TR00506,C010,4343,4739,84.4
TR00506,C013,342,2054,53.9
TR00506,C030,752,2137,62.9
TR00506,C030,4130,4510,93.5
TR00506,C050,529,5019,70.2
TR00507,C001,1632,3024,38.8
TR00507,C008,1944,2370,68.8
TR00507,C008,5133,7405,26.7
TR00507,C019,0,3210,75.0
TR00507,C027,3701,6437,27.8
TR00507,C039,1483,2263,86.6
TR00507,C039,5711,7749,32.5
TR00508,C010,1426,3419,80.3
TR00508,C010,6963,7729,54.8
TR00508,C014,1334,11636,87.6
TR00508,C022,2356,3156,94.2
TR00508,C022,7279,7964,72.7
TR00508,C030,1570,11292,80.4
TR00508,C040,2708,5961,20.6
TR00509,C007,1548,1801,64.4
TR00509,C008,622,1412,86.2
TR00509,C008,3760,4410,48.4
TR00509,C027,1023,3901,53.0
TR00509,C033,737,3353,47.7
TR00509,C046,145,2159,64.0
TR00509,C046,4902,5908,31.3
TR00510,C008,0,2920,57.2
TR00510,C016,2022,2426,68.9
TR00510,C016,9618,12155,90.1
TR00510,C019,8549,11412,23.8
TR00510,C028,0,4852,77.5
TR00510,C036,3947,5890,96.1
TR00510,C036,9735,11192,72.7
TR00510,C049,1863,4483,74.5
TR00510,C050,838,4642,53.0
TR00510,C050,11066,13574,95.3
TR00511,C005,5474,6000,45.6
TR00511,C012,2952,4159,96.7
TR00511,C012,7503,9271,85.2
TR00511,C016,1448,3374,29.6
TR00511,C016,8802,11562,21.9
TR00511,C020,1,1132,40.3
TR00511,C020,3800,4764,95.2
TR00511,C020,7691,7980,66.9
TR00511,C020,10723,11203,69.0
TR00511,C023,1672,2618,25.7
TR00511,C023,7757,11540,34.8
TR00511,C024,2224,3953,76.7
TR00511,C024,7265,7605,94.2
TR00511,C044,525,750,85.5
TR00511,C046,1784,4188,35.2
TR00511,C046,8101,11558,32.8
TR00512,C005,2650,5470,59.4
TR00512,C014,0,6616,32.5
TR00512,C018,5493,7251,36.8
TR00512,C020,339,2295,23.4
TR00512,C024,143,735,23.9
TR00512,C024,9857,12287,77.2
TR00512,C040,2859,15103,80.5
TR00512,C041,1666,4584,50.4
TR00512,C041,9797,11894,75.0
TR00513,C015,0,3840,83.7
TR00513,C028,2362,5112,36.2
TR00513,C030,3264,4814,36.9
TR00513,C032,966,1408,33.2
TR00513,C032,9281,12345,47.5
TR00513,C033,1218,1820,35.9
TR00513,C042,1029,3125,62.5
TR00513,C042,8444,12199,67.1
TR00513,C047,1944,10383,74.9
TR00514,C006,833,4023,94.0
TR00514,C006,10473,13010,24.2
TR00514,C027,2465,4290,92.9
TR00514,C029,2676,13030,82.6
TR00514,C032,5007,8383,23.4
TR00514,C034,0,1724,33.6
TR00514,C035,6257,7511,84.9
TR00514,C046,1537,5091,52.0
TR00515,C022,511,2023,63.3
TR00515,C022,11124,12227,47.1
TR00515,C023,1431,2015,64.0
TR00515,C023,5379,6829,63.7
TR00515,C023,10914,11508,60.8
TR00515,C031,4127,4543,38.7
TR00515,C037,2241,5901,61.0
TR00515,C037,11205,13683,51.7
TR00516,C003,4033,4342,25.5
TR00516,C005,43,1536,24.7
TR00516,C005,6482,6929,54.2
TR00516,C027,1897,3571,25.8
TR00516,C027,6783,8740,55.0
TR00516,C048,1378,2498,47.1
TR00516,C048,5508,9355,92.4
TR00517,C001,418,2703,58.5
TR00517,C001,12107,13136,43.2
TR00517,C004,7176,9541,55.2
TR00517,C016,662,3737,37.7
TR00517,C016,12891,13677,22.9
TR00517,C019,179,4003,57.4
TR00517,C019,10846,12413,39.1
TR00517,C027,2200,17000,82.1
TR00517,C033,1388,4414,26.3
TR00517,C038,200,4074,40.9
TR00517,C038,11667,13871,49.0
TR00517,C048,0,6726,20.8
TR00518,C006,1102,4823,84.3
TR00518,C026,2862,5144,27.8
TR00518,C026,11027,14388,92.1
TR00518,C031,1176,14887,80.5
TR00518,C042,533,14611,89.4
TR00518,C046,2543,3304,94.9
TR00518,C046,10685,13921,48.6
TR00518,C050,6374,8762,22.5
TR00519,C004,1960,5446,28.4
TR00519,C010,466,16233,94.4
TR00519,C017,0,2763,78.4
TR00519,C019,2550,5623,57.3
TR00519,C019,10020,11259,32.2
TR00519,C033,61,13614,94.7
TR00519,C036,577,2852,21.2
TR00519,C048,160,1751,74.5
TR00519,C048,5969,8294,65.1
TR00519,C048,12705,14873,71.9
TR00520,C023,504,2949,42.4
TR00520,C023,6135,8332,73.5
TR00520,C030,465,2937,83.6
TR00520,C038,169,922,86.8
TR00520,C038,3738,5360,78.6
TR00520,C038,6600,7480,68.8
TR00520,C038,9269,10633,64.1
TR00520,C048,2766,5024,54.0
TR00520,C048,8405,10760,84.2
TR00521,C003,1175,2227,54.0
TR00521,C003,5814,7125,87.7
TR00521,C003,10937,13064,84.4
TR00521,C004,664,13856,99.2
TR00521,C007,384,2739,27.2
TR00521,C007,11346,14570,41.4
TR00521,C016,0,1428,49.6
TR00521,C032,5441,9085,87.4
TR00521,C040,20,1313,59.3
TR00521,C040,4363,4820,66.5
TR00521,C040,7922,10276,42.3
TR00521,C040,12167,12839,32.0
TR00521,C047,3678,4064,90.8
TR00521,C047,9335,12462,33.3
TR00521,C048,2684,6356,48.5
TR00521,C048,9382,11788,68.6
TR00522,C004,2989,3202,35.1
TR00522,C004,9479,10119,56.8
TR00522,C013,5983,9031,64.5
TR00522,C027,0,5321,64.6
TR00522,C029,0,7023,24.4
TR00522,C035,301,13549,98.9
TR00522,C041,0,5032,58.5
TR00523,C012,15,4677,64.5
TR00523,C025,773,1724,96.2
TR00523,C027,304,1528,23.8
TR00523,C027,3145,4924,48.7
TR00523,C029,930,4904,27.1
TR00523,C031,405,4397,98.3
TR00523,C034,0,1601,81.7
TR00523,C046,1370,2795,64.5
TR00524,C007,3160,5471,54.3
TR00524,C021,2,247,90.4
TR00524,C021,4151,6873,65.8
TR00524,C030,401,2950,81.9
TR00524,C031,1646,3415,28.7
TR00524,C031,5583,5974,85.2
TR00524,C050,843,2031,63.6
TR00524,C050,3970,6451,73.9
TR00525,C010,2054,4173,31.1
TR00525,C010,7622,7980,91.6
TR00525,C017,2714,4411,75.4
TR00525,C020,3825,7807,97.0
TR00525,C050,206,1345,91.8
TR00525,C050,7919,9310,77.1
TR00525,C010,5432,9741,64.7
TR00526,C002,924,1168,23.4
TR00526,C002,5863,6583,48.4
TR00526,C007,2060,5202,56.9
TR00526,C020,1776,5423,31.7
TR00526,C035,2171,4136,54.3
TR00526,C035,6245,6539,99.0
TR00526,C036,1074,7607,75.0
TR00527,C008,2421,5878,90.6
TR00527,C008,8715,9706,62.8
TR00527,C020,198,15677,81.6
TR00527,C026,2734,3213,21.9
TR00527,C033,3534,6448,62.0
TR00527,C033,9315,11990,99.0
TR00527,C037,3465,5144,35.2
TR00527,C038,6848,7521,66.4
TR00528,C013,6477,7357,41.5
TR00528,C018,0,6303,87.0
TR00528,C027,1118,1695,69.0
TR00528,C027,9170,12081,79.9
TR00528,C028,4676,5977,74.0
TR00528,C040,2495,6371,30.2
TR00528,C040,8328,10843,26.9
TR00528,C041,826,13006,77.3
TR00528,C044,832,1575,45.1
TR00528,C044,5817,6378,97.2
TR00528,C044,9871,10575,88.1
TR00528,C045,1743,11716,80.1
TR00529,C007,1046,1607,59.9
TR00529,C007,3042,3693,80.0
TR00529,C011,532,2941,91.5
TR00529,C022,199,1759,64.5
TR00529,C022,3216,4351,37.7
TR00529,C026,1744,4334,73.8
TR00529,C032,1126,2299,41.9
TR00529,C032,3308,5055,65.2
TR00529,C045,308,642,84.4
TR00529,C045,3415,4765,57.5
TR00529,C046,0,1646,45.4
TR00530,C007,3585,6063,75.2
TR00530,C007,8263,9222,42.4
TR00530,C008,1772,5315,99.8
TR00530,C012,1950,2795,75.0
TR00530,C012,11138,12615,48.2
TR00530,C016,800,1528,51.6
TR00530,C016,6332,7156,43.9
TR00530,C016,12115,14160,48.5
TR00530,C017,399,3694,48.4
TR00530,C017,11067,13520,90.0
TR00530,C021,1782,3020,69.4
TR00530,C021,8069,9279,54.5
TR00530,C042,262,3468,32.4
TR00530,C042,10096,12806,58.4
TR00530,C045,2210,6110,82.8
TR00531,C008,1533,10195,67.4
TR00531,C009,4661,6356,85.3
TR00531,C018,1618,3618,20.5
TR00531,C018,8400,10561,56.5
TR00531,C020,2192,5501,86.5
TR00531,C020,7727,9081,49.9
TR00531,C025,4152,5695,84.7
TR00531,C029,2795,3457,87.2
TR00531,C034,1371,4146,91.5
TR00531,C047,2729,3365,21.3
TR00532,C020,2181,3494,57.9
TR00532,C020,9515,10059,74.8
TR00532,C029,837,3179,84.1
TR00532,C029,8599,11588,77.2
TR00532,C038,1536,2052,42.1
TR00532,C038,9571,11488,46.4
TR00532,C041,5146,7591,59.0
TR00532,C050,1212,4251,25.9
TR00532,C050,7388,9785,31.5
TR00533,C015,3373,5767,47.0
TR00533,C015,9894,11642,66.8
TR00533,C020,1608,3533,98.6
TR00533,C020,9303,10447,75.8
TR00533,C031,7212,8476,92.0
TR00533,C034,4904,6382,35.2
TR00533,C043,1294,3463,91.0
TR00533,C043,4840,5301,38.5
TR00533,C043,10301,12222,64.4
TR00533,C015,8251,12434,73.9
TR00534,C011,399,869,20.4
TR00534,C011,4956,7712,28.8
TR00534,C030,607,1538,37.5
TR00534,C030,3445,3832,81.4
TR00534,C030,6328,7644,58.3
TR00534,C031,784,1951,43.1
TR00534,C031,3963,4917,68.4
TR00534,C031,6463,8864,41.3
TR00534,C045,325,4209,77.5
TR00534,C045,6666,7250,45.8
TR00534,C011,0,3073,60.6
TR00535,C003,1617,3835,36.5
TR00535,C003,4952,8351,75.4
TR00535,C026,1000,1320,87.3
TR00535,C026,6236,8062,97.1
TR00535,C037,565,4165,45.6
TR00535,C037,6102,8909,75.4
TR00535,C040,1066,4165,31.7
TR00535,C040,5760,6490,27.7
TR00535,C042,1544,9834,90.9
TR00536,C017,550,1135,49.6
TR00536,C027,3527,4716,52.5
TR00536,C028,459,4005,40.1
TR00536,C032,971,1568,21.6
TR00536,C032,8544,10610,60.7
TR00537,C002,582,2238,62.1
TR00537,C003,2397,3624,20.4
TR00537,C009,468,4693,91.8
TR00537,C024,42,1324,31.7
TR00537,C026,2348,5832,91.8
TR00537,C027,0,1144,26.7
TR00537,C047,1424,1710,33.1
TR00537,C047,4080,5491,97.8
TR00537,C050,720,1657,96.6
TR00538,C008,574,1971,97.4
TR00538,C019,4980,6172,31.7
TR00538,C020,366,1599,47.3
TR00538,C020,7379,7842,35.6
TR00538,C030,0,3440,23.1
TR00538,C047,518,3494,52.1
TR00538,C047,8236,11867,56.7
TR00539,C010,1323,1576,48.0
TR00539,C017,586,1342,25.4
TR00539,C025,0,2070,71.6
TR00539,C042,4254,5334,48.8
TR00539,C045,0,2474,40.0
TR00540,C001,8101,9179,42.6
TR00540,C017,1734,3493,60.4
TR00540,C032,432,3035,27.4
TR00540,C032,11554,12543,92.9
TR00540,C043,165,1290,41.3
TR00540,C043,7239,7908,61.0
TR00540,C043,13949,14656,68.6
TR00540,C047,4913,6074,100.0
TR00541,C002,0,4469,52.3
TR00541,C010,1185,3440,90.6
TR00541,C010,6451,7276,95.2
TR00541,C010,11078,13453,83.2
TR00541,C020,1330,14329,89.3
TR00541,C026,1430,2532,35.0
TR00541,C026,6717,8825,34.4
TR00541,C026,10627,11534,97.4
TR00542,C011,844,1242,58.6
TR00542,C011,11535,12658,65.8
TR00542,C017,1316,2558,49.9
TR00542,C017,4671,6373,32.2
TR00542,C017,8502,10202,65.9
TR00542,C017,12424,12715,80.1
TR00542,C019,964,2821,95.4
TR00542,C031,1281,3044,44.9
TR00542,C031,4169,5290,32.8
TR00542,C031,8719,10637,74.2
TR00542,C031,13076,13952,64.5
TR00542,C042,2949,4223,80.8
TR00542,C042,8382,10601,31.0
TR00543,C005,1918,11582,84.0
TR00543,C020,7199,7566,89.6
TR00543,C041,2799,4307,75.1
TR00543,C041,10548,13754,88.9
TR00543,C044,4580,8160,24.0
TR00544,C011,1953,2931,54.7
TR00544,C011,6530,6946,44.6
TR00544,C018,1024,8332,97.1
TR00544,C019,989,1664,52.2
TR00544,C019,5040,6262,43.0
TR00544,C034,1661,8582,72.3
TR00544,C035,3725,6165,90.8
TR00544,C039,1101,4257,78.1
TR00544,C039,5297,7581,58.2
TR00544,C046,2184,4844,39.0
TR00544,C049,4070,5082,35.3
TR00545,C016,2365,2757,54.6
TR00545,C027,2780,4972,34.1
TR00545,C027,12568,13827,65.1
TR00545,C036,1412,3282,37.0
TR00545,C036,5806,6007,80.9
TR00545,C036,10692,12104,68.1
TR00545,C036,14549,16137,82.1
TR00545,C048,2641,3622,31.8
TR00545,C048,10364,11497,28.9
TR00545,C050,8999,10612,70.6
TR00546,C004,340,10188,64.7
TR00546,C015,940,8426,94.3
TR00546,C031,3812,4385,79.2
TR00546,C041,1029,1588,53.7
TR00546,C041,5981,8168,20.2
TR00546,C043,1581,4087,31.3
TR00546,C043,5467,9306,50.4
TR00546,C044,79,1997,27.9
TR00546,C044,5206,5584,44.5
TR00546,C050,1551,3360,39.5
TR00546,C050,5579,6603,67.3
TR00547,C008,7722,8858,91.7
TR00547,C012,2788,5945,93.5
TR00547,C012,10265,12352,33.2
TR00547,C013,3435,3689,61.9
TR00547,C013,10528,10745,63.2
TR00547,C026,7926,11669,27.2
TR00547,C030,3168,6625,38.0
TR00547,C037,3552,6422,62.9
TR00547,C037,10750,13916,28.2
TR00547,C044,1718,4199,66.6
TR00547,C044,8863,9815,78.4
TR00548,C005,2426,3441,69.6
TR00548,C005,8669,11023,66.6
TR00548,C022,1658,13884,84.7
TR00548,C023,2786,6297,89.1
TR00548,C023,7671,10964,75.7
TR00548,C040,5831,6787,34.1
TR00549,C005,1352,5221,20.5
TR00549,C005,8937,10630,25.7
TR00549,C013,2687,5555,33.2
TR00549,C013,8197,9673,79.6
TR00549,C017,1679,3629,36.0
TR00549,C017,11408,15039,88.6
TR00549,C019,1933,14907,90.4
TR00549,C021,2197,2916,69.5
TR00549,C021,9472,9775,70.1
TR00549,C023,0,4484,57.7
TR00549,C031,997,4538,90.0
TR00549,C031,8455,9421,37.8
TR00549,C041,0,1487,47.1
TR00550,C002,694,7313,99.8
TR00550,C006,0,3115,89.4
TR00550,C014,574,3542,52.1
TR00550,C014,4042,5329,68.8
TR00550,C020,333,6184,82.7
TR00550,C025,0,3234,32.7
TR00550,C036,684,3101,53.5
TR00550,C036,3902,5106,79.4
TR00550,C046,3531,4015,28.7
TR00550,C050,344,3436,43.6
TR00550,C050,4135,4472,75.8
TR00551,C008,2325,3047,62.3
TR00551,C008,11418,11849,77.8
TR00551,C016,0,3796,47.1
TR00551,C023,1677,3338,59.6
TR00551,C023,12954,16614,20.9
TR00551,C026,2469,3434,28.9
TR00551,C026,13403,14301,24.9
TR00551,C028,6571,9762,72.5
TR00551,C030,776,1403,51.6
TR00551,C030,6029,8019,30.1
TR00551,C030,10411,12041,38.0
TR00551,C030,15222,17029,38.5
TR00551,C040,1933,4450,34.9
TR00551,C040,13399,16835,41.8
TR00551,C045,4687,7568,97.5
TR00552,C008,856,4527,39.3
TR00552,C008,9658,10681,60.7
TR00552,C017,273,12014,72.0
TR00552,C020,7323,11160,76.6
TR00552,C049,3016,6583,62.8
TR00553,C006,4248,6421,69.5
TR00553,C011,3029,3741,32.8
TR00553,C011,11011,11797,55.1
TR00553,C014,344,2920,74.8
TR00553,C014,12927,16886,83.2
TR00553,C022,8053,9368,99.5
TR00553,C031,1689,4216,79.6
TR00553,C042,610,2232,65.9
TR00553,C042,4921,5391,71.0
TR00553,C042,9300,11295,48.6
TR00553,C042,14649,16367,96.5
TR00553,C046,741,2258,93.1
TR00553,C046,7366,8985,92.5
TR00553,C046,13110,14149,46.4
TR00554,C001,1063,1626,40.8
TR00554,C001,3428,4821,29.6
TR00554,C002,1298,2850,65.4
TR00554,C002,3138,3576,20.5
TR00554,C003,252,1327,86.2
TR00554,C003,4183,4751,69.4
TR00554,C007,202,2508,57.0
TR00554,C007,3059,4102,44.3
TR00554,C017,1010,1795,23.6
TR00554,C017,3925,5586,89.1
TR00554,C023,2309,5561,75.2
TR00554,C032,1316,2708,35.2
TR00554,C032,4382,5830,53.5
TR00554,C049,0,2801,65.6
TR00555,C004,2361,4563,27.5
TR00555,C007,0,7535,26.7
TR00555,C021,2662,17271,80.0
TR00555,C031,402,3900,88.7
TR00555,C033,5276,7814,95.5
TR00555,C034,2559,4802,66.3
TR00555,C034,11451,12366,46.4
TR00555,C049,1920,4431,79.0
TR00555,C049,12190,14788,36.2
TR00556,C008,95,15604,88.1
TR00556,C013,4263,7655,26.2
TR00556,C013,10841,13464,29.2
TR00556,C022,7365,11179,63.9
TR00556,C026,3119,13530,99.8
TR00556,C044,8160,9830,99.8
TR00557,C006,1004,2926,99.2
TR00557,C006,8217,10627,85.0
TR00557,C011,1738,2991,75.4
TR00557,C011,9095,10515,29.0
TR00557,C027,0,847,51.2
TR00557,C031,2051,2747,23.1
TR00557,C040,1068,1739,24.7
TR00557,C040,9365,12684,79.8
TR00557,C044,1736,11760,81.5
TR00557,C050,1485,1825,67.0
TR00557,C050,4858,6358,96.5
TR00557,C050,10268,10994,62.9
TR00558,C002,7703,10193,32.6
TR00558,C007,3093,6821,22.8
TR00558,C008,4519,4939,50.9
TR00558,C010,2426,5240,56.5
TR00558,C010,9780,13177,71.6
TR00558,C020,7164,8687,45.8
TR00558,C022,0,630,38.5
TR00558,C035,1775,2697,44.3
TR00558,C035,10650,13989,80.5
TR00559,C006,1209,2354,35.5
TR00559,C006,6969,8982,55.0
TR00559,C011,0,3853,86.6
TR00559,C013,2083,4942,25.4
TR00559,C013,6076,8203,40.8
TR00559,C022,1398,3188,30.0
TR00559,C024,2976,4663,79.0
TR00559,C029,1645,4566,36.6
TR00559,C037,0,4293,83.6
TR00559,C043,3322,5798,93.7
TR00560,C001,5426,6637,45.7
TR00560,C017,1593,4600,37.4
TR00560,C017,8648,11107,81.6
TR00560,C028,5341,7195,21.9
TR00560,C032,6623,7393,53.9
TR00560,C034,2694,3004,23.7
TR00560,C045,2883,5057,20.5
TR00560,C045,8152,11061,82.3
TR00561,C005,1476,15814,98.2
TR00561,C012,2727,6565,72.3
TR00561,C020,7228,10158,35.9
TR00561,C025,417,3895,27.9
TR00561,C025,8319,8981,39.7
TR00561,C029,941,2400,55.9
TR00561,C029,9145,9629,48.0
TR00561,C037,2097,2947,76.4
TR00561,C037,11578,14329,37.0
TR00561,C040,146,434,50.0
TR00561,C048,2561,2892,23.7
TR00561,C048,11097,14859,85.9
TR00562,C004,1625,2031,60.3
TR00562,C004,5985,6410,65.9
TR00562,C007,0,1156,35.8
TR00562,C016,2826,6018,78.5
TR00562,C031,293,3260,87.2
TR00562,C031,4412,5052,91.5
TR00562,C049,361,1138,76.3
TR00562,C050,1093,2957,26.4
TR00562,C050,4514,4744,39.3
TR00563,C011,1690,4355,31.0
TR00563,C011,5754,6774,43.7
TR00563,C015,1198,3634,40.9
TR00563,C015,5234,8076,99.0
TR00563,C016,1355,3560,35.1
TR00563,C024,3160,3743,83.9
TR00563,C043,72,1510,55.4
TR00563,C043,6798,9013,61.2
TR00564,C005,1417,2572,44.8
TR00564,C005,3705,7312,68.8
TR00564,C026,1420,4682,55.6
TR00564,C031,0,1680,42.1
TR00564,C037,1444,2878,60.5
TR00564,C037,4798,5420,24.4
TR00564,C005,3672,6318,74.9
TR00565,C027,855,3339,39.2
TR00565,C027,5269,7480,41.9
TR00565,C027,9907,11264,51.4
TR00565,C027,14909,17293,33.7
TR00565,C028,1958,2536,37.2
TR00565,C038,9220,12193,57.2
TR00565,C042,2395,5786,77.5
TR00565,C042,9980,10524,51.1
TR00565,C044,7786,11185,67.0
TR00566,C016,1005,3773,47.0
TR00566,C024,2704,10353,89.7
TR00566,C025,1087,2036,73.9
TR00566,C026,3856,4456,80.0
TR00566,C029,2463,2892,95.0
TR00566,C029,7490,9066,61.3
TR00566,C030,1264,4954,81.5
TR00566,C030,8099,9039,93.6
TR00566,C044,245,4057,84.7
TR00566,C044,9742,10226,58.9
TR00567,C013,0,1485,61.5
TR00567,C024,1090,15024,86.6
TR00567,C028,5894,8671,52.0
TR00567,C036,3713,5398,93.6
TR00567,C038,3894,4645,51.1
TR00567,C045,2307,5933,73.6
TR00567,C046,664,3737,99.2
TR00567,C046,8318,9187,36.8
TR00568,C020,0,1302,31.7
TR00568,C021,1510,7753,88.9
TR00568,C023,1676,5574,75.4
TR00568,C026,503,2066,65.3
TR00568,C027,68,961,50.7
TR00568,C027,4801,6590,28.3
TR00568,C031,0,1146,70.2
TR00568,C038,1139,6508,66.8
TR00569,C003,7703,10557,86.0
TR00569,C009,2439,15097,65.3
TR00569,C012,190,14109,92.3
TR00569,C014,3942,5966,53.6
TR00569,C014,8685,10713,95.8
TR00569,C021,1687,5094,56.1
TR00569,C021,10474,13738,67.3
TR00569,C024,2352,2734,70.4
TR00569,C041,2416,3418,91.4
TR00569,C041,10037,12998,37.0
TR00569,C048,757,14852,91.3
TR00570,C007,2079,2765,68.1
TR00570,C007,4822,7283,73.4
TR00570,C020,189,4035,26.6
TR00570,C023,964,3696,99.6
TR00570,C023,4923,8359,89.9
TR00570,C024,114,833,29.6
TR00570,C033,625,4210,29.1
TR00570,C033,5336,6931,67.6
TR00570,C040,248,3605,64.0
TR00570,C042,356,4043,93.4
TR00570,C042,6320,7423,100.0
TR00570,C048,265,1154,37.2
TR00570,C048,3705,4253,59.2
TR00570,C048,6500,7504,86.2
TR00571,C001,1024,2511,90.5
TR00571,C001,11743,14137,49.5
TR00571,C011,4222,6822,52.7
TR00571,C011,10960,12560,42.5
TR00571,C012,2496,18068,99.4
TR00571,C021,147,1056,49.3
TR00571,C021,5278,5730,34.4
TR00571,C021,9921,11539,34.7
TR00571,C021,16142,16402,45.2
TR00571,C027,8994,12240,41.1
TR00571,C029,8024,8719,76.9
TR00571,C035,4740,5317,49.3
TR00571,C035,14578,15015,32.9
TR00571,C040,2470,3849,70.1
TR00571,C040,14066,17810,23.1
TR00572,C006,1694,9507,82.0
TR00572,C012,1451,2177,51.7
TR00572,C017,1800,10612,78.0
TR00572,C019,0,2791,37.7
TR00572,C029,4668,7264,91.4
TR00572,C032,938,1574,79.5
TR00572,C042,313,2312,99.7
TR00572,C042,2805,4972,65.9
TR00572,C042,6171,7616,69.6
TR00572,C042,8804,9106,31.7
TR00573,C005,3992,7495,70.3
TR00573,C015,2181,2661,49.4
TR00573,C015,5439,5957,91.0
TR00573,C026,2012,2278,56.7
TR00573,C026,5678,7249,70.0
TR00573,C027,1329,3428,64.3
TR00573,C027,7470,9180,41.5
TR00573,C033,1636,2125,33.0
TR00573,C034,1871,5052,66.9
TR00573,C034,6645,8414,75.6
TR00573,C049,1592,2125,36.9
TR00573,C049,7169,7861,85.7
TR00574,C002,4758,7205,56.3
TR00574,C008,681,1415,88.4
TR00574,C008,10445,10664,51.2
TR00574,C018,1047,1381,65.7
TR00574,C018,8576,10284,65.5
TR00574,C031,1521,3241,64.4
TR00574,C031,4859,7346,37.9
TR00574,C031,10180,12441,45.9
TR00574,C038,7044,8542,65.8
TR00574,C045,482,2204,90.6
TR00574,C045,9272,9612,93.6
TR00575,C012,268,750,36.5
TR00575,C016,395,1085,60.1
TR00575,C016,4052,6499,43.8
TR00575,C016,7146,8363,30.2
TR00575,C018,534,3731,28.8
TR00575,C018,7042,9693,22.8
TR00575,C020,421,3429,45.0
TR00575,C020,6507,8660,63.5
TR00575,C030,1322,8125,62.8
TR00575,C047,266,1332,92.1
TR00575,C047,6908,8963,65.5
TR00575,C049,673,9212,78.2
TR00576,C012,1748,4870,47.2
TR00576,C012,7862,8906,94.3
TR00576,C016,3478,6288,25.9
TR00576,C027,441,9779,87.4
TR00576,C029,0,4088,25.6
TR00576,C036,3875,6803,99.4
TR00576,C043,1807,2883,63.4
TR00576,C043,7925,9178,67.7
TR00576,C046,217,2077,49.4
TR00576,C046,5965,6264,65.6
TR00576,C048,1787,4506,33.6
TR00576,C048,6899,7508,34.7
TR00577,C010,693,2039,27.5
TR00577,C013,439,1090,20.8
TR00577,C025,220,440,35.5
TR00577,C025,2707,2958,32.1
TR00577,C025,4571,5608,51.8
TR00577,C025,6729,8439,74.2
TR00577,C029,2045,3380,48.1
TR00577,C045,1679,7651,70.2
TR00577,C049,146,2768,33.1
TR00577,C049,5013,5669,52.2
TR00578,C005,0,1287,89.1
TR00578,C032,2664,3637,62.3
TR00578,C033,1028,6017,71.3
TR00578,C035,1218,3250,97.9
TR00578,C035,4588,6152,74.3
TR00578,C041,1507,2607,23.0
TR00578,C041,4713,6122,37.9
TR00578,C045,320,2205,52.4
TR00578,C045,3911,6244,29.8
TR00578,C046,369,866,35.9
TR00578,C046,2124,3399,85.9
TR00578,C046,3701,4155,34.5
TR00578,C046,5262,5467,62.7
TR00579,C019,3808,5024,35.0
TR00579,C019,11990,13129,56.1
TR00579,C020,739,16053,71.1
TR00579,C028,2139,5551,35.9
TR00579,C028,12790,16426,66.6
TR00579,C035,892,2789,64.9
TR00579,C035,5327,6157,73.3
TR00579,C035,9113,9662,68.1
TR00579,C035,13729,15747,98.7
TR00579,C036,1863,4325,24.5
TR00579,C037,3167,7143,97.0
TR00579,C037,12506,15912,35.5
TR00579,C049,116,376,48.7
TR00579,C049,12407,13341,53.6
TR00580,C015,2036,4700,31.8
TR00580,C015,8705,12442,45.2
TR00580,C028,2517,2985,60.8
TR00580,C028,10526,12839,81.3
TR00580,C033,0,5014,59.1
TR00580,C040,5115,7749,93.7
TR00581,C006,4559,7800,74.0
TR00581,C008,0,3709,66.8
TR00581,C012,0,2058,22.7
TR00581,C013,0,5563,57.6
TR00581,C035,346,2256,45.8
TR00581,C035,4626,5048,55.4
TR00581,C035,9190,11660,78.7
TR00581,C041,0,768,62.5
TR00582,C002,891,2797,88.9
TR00582,C002,3946,5124,52.4
TR00582,C011,1499,6642,99.1
TR00582,C014,1735,2293,58.8
TR00582,C015,1231,3122,23.6
TR00582,C015,5165,5709,50.7
TR00582,C019,586,7718,64.8
TR00582,C037,1548,7058,93.3
TR00583,C005,265,2687,34.2
TR00583,C005,3989,6057,68.7
TR00583,C008,1468,7474,72.8
TR00583,C016,1002,3263,27.1
TR00583,C016,5430,7544,70.3
TR00583,C020,1561,3791,71.6
TR00583,C020,5357,5847,58.5
TR00583,C032,1902,5857,34.3
TR00583,C043,0,2042,88.1
TR00584,C001,785,14186,77.2
TR00584,C007,1183,4294,99.5
TR00584,C009,784,2436,34.4
TR00584,C009,4940,7149,50.3
TR00584,C009,10570,12204,34.4
TR00584,C014,672,10943,68.4
TR00584,C037,2104,10882,83.1
TR00584,C040,1572,4139,53.8
TR00584,C040,7500,11249,55.9
TR00584,C048,4042,7076,74.5
TR00585,C012,1827,4000,29.8
TR00585,C016,289,2261,95.4
TR00585,C016,9175,11696,63.3
TR00585,C019,1042,2543,67.2
TR00585,C019,3677,5038,56.6
TR00585,C019,7048,8948,97.2
TR00585,C019,9981,10533,96.1
TR00585,C027,4883,7656,79.3
TR00586,C025,662,1596,62.0
TR00586,C025,5606,7634,34.8
TR00586,C026,1758,4643,97.3
TR00586,C026,4984,8952,56.8
TR00586,C031,3029,3518,64.7
TR00586,C036,1357,3566,75.5
TR00586,C036,5343,7197,60.1
TR00587,C003,1821,5532,68.5
TR00587,C023,1581,2059,82.4
TR00587,C023,5156,6256,62.7
TR00587,C024,940,5993,82.1
TR00587,C043,1904,2608,49.4
TR00587,C043,5649,6852,31.8
TR00588,C007,1899,3205,56.9
TR00588,C007,9855,12853,53.0
TR00588,C011,4626,6672,26.3
TR00588,C020,1991,4523,33.9
TR00588,C021,2621,4584,56.6
TR00588,C025,1343,11284,98.8
TR00588,C030,596,3187,60.6
TR00588,C035,1513,12488,83.6
TR00588,C041,3131,4253,88.7
TR00588,C041,7916,11832,52.3
TR00589,C001,427,4194,42.4
TR00589,C001,6495,8458,59.8
TR00589,C005,0,3757,37.1
TR00589,C007,570,2584,35.2
TR00589,C007,5786,8807,59.7
TR00589,C016,122,1892,76.2
TR00589,C016,5517,6679,20.1
TR00589,C020,591,8068,65.6
TR00589,C036,240,3942,23.0
TR00589,C042,3985,4645,39.6
TR00589,C049,132,2258,88.2
TR00589,C049,5816,9186,89.9
TR00590,C002,299,2860,83.1
TR00590,C002,10228,10915,61.6
TR00590,C004,1980,16446,72.6
TR00590,C022,962,16235,95.7
TR00590,C034,2876,13880,84.5
TR00591,C009,831,4327,69.7
TR00591,C009,6969,7360,76.8
TR00591,C011,1852,3800,52.3
TR00591,C011,6963,10311,63.0
TR00591,C019,2712,5067,76.9
TR00591,C027,932,2553,95.0
TR00591,C027,4778,5298,66.2
TR00591,C027,8659,9180,53.4
TR00591,C030,2672,3231,96.4
TR00591,C030,7680,10783,88.0
TR00591,C034,1351,10385,80.2
TR00591,C040,688,4301,74.5
TR00591,C040,7657,9438,86.8
TR00591,C046,2579,3934,30.6
TR00591,C046,7951,10139,92.8
TR00591,C009,7966,11352,82.5
TR00592,C011,464,1475,27.7
TR00592,C012,367,889,79.4
TR00592,C012,2534,5004,20.1
TR00592,C015,989,4743,72.2
TR00592,C034,96,3925,67.0
TR00592,C048,1006,1482,88.9
TR00592,C048,2975,4273,62.8
TR00592,C050,247,1607,24.7
TR00592,C050,3499,4391,84.5
TR00592,C011,254,3364,68.6
TR00593,C013,1340,2325,27.1
TR00593,C013,4909,6338,81.2
TR00593,C029,1018,1230,94.0
TR00593,C029,4319,4756,54.2
TR00593,C033,140,1035,77.2
TR00593,C033,3693,5488,47.6
TR00593,C034,1266,3253,36.6
TR00593,C034,3556,4055,24.9
TR00594,C001,2132,4744,27.3
TR00594,C004,108,3164,48.1
TR00594,C004,5514,6584,20.3
TR00594,C015,3503,3708,50.6
TR00594,C026,495,2261,67.3
TR00594,C026,2561,4053,79.0
TR00594,C026,4680,6953,71.3
TR00594,C026,7119,8893,77.5
TR00594,C031,632,1837,75.1
TR00594,C031,3220,4963,58.3
TR00594,C031,7018,7324,54.4
TR00594,C041,4575,5285,45.8
TR00594,C001,4883,6987,71.3
TR00595,C012,2619,4259,55.8
TR00595,C012,10792,12815,22.4
TR00595,C014,8405,11474,41.5
TR00595,C029,8222,10552,39.2
TR00595,C030,1499,3919,95.2
TR00595,C046,2893,5289,51.8
TR00596,C001,2854,6704,86.8
TR00596,C008,2459,11133,97.7
TR00596,C014,1384,2551,77.1
TR00596,C017,2465,10283,67.9
TR00596,C022,2671,3618,60.6
TR00596,C022,6958,8798,70.0
TR00596,C030,622,2687,98.9
TR00596,C031,250,11384,95.8
TR00596,C045,37,627,35.1
TR00596,C045,4154,6069,39.4
TR00596,C045,7044,8230,73.2
TR00596,C045,10279,11750,59.3
TR00597,C014,6854,10157,63.2
TR00597,C021,487,2150,64.2
TR00597,C021,4708,5036,58.2
TR00597,C021,9717,12161,33.6
TR00597,C021,13561,14590,91.6
TR00597,C043,188,748,94.7
TR00597,C043,8602,10021,43.4
TR00597,C047,775,2560,41.1
TR00597,C047,10407,10840,56.8
TR00598,C027,1075,3030,37.0
TR00598,C031,652,1242,89.1
TR00598,C031,6156,6391,53.6
TR00598,C042,1714,10516,70.2
TR00598,C043,566,929,56.7
TR00598,C043,6728,7295,84.4
TR00598,C049,1584,9562,69.9
TR00598,C050,555,9917,72.8
TR00599,C003,49,3694,44.0
TR00599,C003,11056,14568,23.9
TR00599,C007,977,4254,54.3
TR00599,C019,416,1343,51.5
TR00599,C019,6294,7324,51.2
TR00599,C019,14211,15851,82.4
TR00599,C028,1881,5425,50.0
TR00599,C028,12127,16126,21.1
TR00599,C031,1191,4955,32.4
TR00599,C031,9701,12800,52.7
TR00600,C014,627,1233,52.0
TR00600,C014,3416,5429,45.2
TR00600,C019,306,1690,33.1
TR00600,C021,41,2222,46.8
TR00600,C021,4409,5613,91.1
TR00600,C022,943,1852,30.5
TR00600,C022,3681,4923,61.8
TR00600,C033,1175,1742,84.6
TR00600,C033,3107,4153,89.3
TR00600,C040,88,5131,74.2
TR00601,C010,75,784,26.7
TR00601,C010,3740,4438,30.9
TR00601,C021,1001,2379,70.4
TR00601,C021,4094,5179,85.6
TR00601,C031,41,946,32.3
TR00601,C035,810,4798,78.9
TR00601,C037,875,5669,60.4
TR00601,C042,0,940,67.0
TR00602,C004,1410,7332,96.7
TR00602,C005,237,2698,66.4
TR00602,C005,3230,3496,47.7
TR00602,C005,6154,7498,62.5
TR00602,C011,2746,6240,50.0
TR00602,C034,1159,2500,75.5
TR00602,C034,6199,7760,79.8
TR00602,C040,661,6840,71.0
TR00602,C042,233,2196,30.0
TR00602,C042,6109,6320,23.4
TR00602,C045,3345,3621,64.2
TR00602,C050,3361,7353,89.1
TR00603,C007,409,1439,82.4
TR00603,C007,3219,3516,27.1
TR00603,C012,1876,5397,69.8
TR00603,C022,839,2070,76.2
TR00603,C022,3620,4254,38.4
TR00603,C026,1275,4230,53.6
TR00604,C003,0,5486,58.0
TR00604,C026,4468,4793,53.3
TR00604,C026,12818,13165,20.8
TR00604,C039,3486,4443,67.0
TR00604,C041,7805,8078,62.3
TR00604,C045,1710,4204,77.6
TR00604,C045,11154,12281,58.6
TR00605,C009,241,3417,89.1
TR00605,C010,1845,5563,20.5
TR00605,C015,912,3555,63.1
TR00605,C015,9091,9767,80.1
TR00605,C026,461,941,53.7
TR00605,C026,9520,11186,64.6
TR00605,C039,915,1429,27.8
TR00605,C039,6825,9130,64.9
TR00606,C003,2854,5426,63.9
TR00606,C003,8030,11050,61.5
TR00606,C010,1236,4941,41.1
TR00606,C010,11151,14556,46.0
TR00606,C016,2985,4978,47.9
TR00606,C043,5332,7422,40.8
TR00606,C046,5746,5965,48.7
TR00607,C005,3413,4523,78.8
TR00607,C038,297,1960,56.0
TR00607,C039,3202,6855,45.8
TR00607,C040,739,1436,38.0
TR00607,C040,4777,5249,34.6
TR00608,C007,231,1949,82.1
TR00608,C022,316,729,73.2
TR00608,C022,7939,11131,69.2
TR00608,C027,3944,5230,90.8
TR00608,C028,3443,5136,88.4
TR00609,C001,6625,7571,44.0
TR00609,C021,0,5557,50.5
TR00609,C030,998,4634,89.2
TR00609,C030,12819,13554,89.2
TR00609,C038,1504,3502,83.9
TR00609,C038,5692,6835,68.1
TR00609,C038,9230,10469,89.3
TR00609,C038,14228,15946,55.6
TR00609,C042,2499,5645,35.3
TR00609,C042,9335,10770,45.1
TR00609,C047,7385,8675,37.2
TR00610,C002,3638,4325,34.1
TR00610,C002,10938,13977,64.7
TR00610,C014,3481,6846,76.4
TR00610,C014,9919,10978,99.1
TR00610,C024,4906,6438,75.6
TR00610,C028,2820,6653,55.2
TR00610,C028,9593,12633,37.6
TR00610,C029,1288,3591,45.4
TR00610,C039,5032,5650,65.4
TR00610,C050,1422,2635,25.9
TR00610,C050,9506,12920,91.9
TR00611,C011,960,2162,65.0
TR00611,C011,2999,3282,31.6
TR00611,C013,794,2331,42.8
TR00611,C013,3346,4512,29.0
TR00611,C014,1162,1479,47.6
TR00611,C014,3585,5037,68.3
TR00611,C021,154,2181,63.5
TR00611,C021,2810,3393,94.9
TR00611,C023,716,3128,65.1
TR00611,C027,1114,1866,21.3
TR00611,C029,510,1096,70.8
TR00611,C029,3093,4549,76.5
TR00611,C048,370,3845,74.8
TR00612,C003,1478,3395,42.1
TR00612,C003,5548,6949,95.2
TR00612,C003,9629,12010,75.4
TR00612,C003,13767,16246,47.5
TR00612,C022,1909,5048,30.1
TR00612,C022,13016,15691,50.5
TR00612,C035,6097,9324,94.3
TR00612,C042,1197,3977,66.3
TR00612,C042,11928,15155,81.0
TR00613,C006,1124,2014,73.7
TR00613,C006,4956,5239,83.3
TR00613,C006,7633,9935,54.3
TR00613,C006,11528,12449,67.2
TR00613,C010,1385,4547,91.4
TR00613,C011,1864,5334,61.2
TR00613,C011,9271,13066,21.8
TR00613,C027,1954,3059,97.2
TR00613,C010,482,5045,72.6
TR00614,C012,0,6678,39.5
TR00614,C017,748,2200,21.7
TR00614,C017,11089,13899,59.5
TR00614,C024,2544,5310,98.7
TR00614,C029,4304,7068,33.5
TR00614,C029,9116,10348,77.5
TR00614,C035,4066,5707,63.5
TR00614,C044,7633,10616,85.4
TR00614,C017,11812,18069,86.3
TR00615,C010,234,1802,82.4
TR00615,C010,9751,12414,59.3
TR00615,C011,0,1273,67.4
TR00615,C012,227,2062,47.1
TR00615,C012,7682,8591,59.4
TR00615,C014,2250,11795,63.7
TR00615,C015,152,2540,61.0
TR00615,C035,6750,7721,60.0
TR00615,C047,559,1279,62.7
TR00615,C047,5118,5628,65.0
TR00615,C047,10360,11076,91.4
TR00616,C001,216,969,64.3
TR00616,C001,6494,8518,76.9
TR00616,C013,4306,5855,64.2
TR00616,C015,1577,2397,76.1
TR00616,C015,6809,9341,61.2
TR00616,C019,598,1865,56.4
TR00616,C036,0,5016,40.3
TR00616,C040,3596,6032,37.5
TR00616,C041,949,1977,95.2
TR00616,C041,7016,7521,41.3
TR00616,C048,1480,1961,23.0
TR00617,C004,2218,2937,59.7
TR00617,C004,10865,11216,53.3
TR00617,C010,2146,14357,72.3
TR00617,C013,3718,5066,59.4
TR00617,C013,10873,14602,57.9
TR00617,C024,3880,7425,54.3
TR00617,C024,9318,11976,42.9
TR00617,C033,220,3831,48.4
TR00617,C034,76,2315,46.7
TR00617,C034,7862,10812,75.5
TR00617,C040,4820,6744,59.7
TR00618,C004,0,4183,26.5
TR00618,C005,3683,7408,97.6
TR00618,C015,390,3504,27.4
TR00618,C025,3921,4292,63.7
TR00618,C025,11867,13484,90.0
TR00618,C034,1231,4716,61.1
TR00618,C034,8990,11040,48.7
TR00618,C039,447,14601,86.7
TR00618,C040,35,15020,98.7
TR00618,C047,0,1484,65.0
TR00619,C002,0,2285,83.9
TR00619,C004,2859,3982,29.1
TR00619,C004,9683,9992,53.3
TR00619,C006,4,1897,84.2
TR00619,C006,4395,6058,59.6
TR00619,C006,7469,8092,70.0
TR00619,C006,11211,12252,69.1
TR00619,C016,2568,6329,70.9
TR00619,C016,9283,10847,64.4
TR00619,C022,4406,5115,78.8
TR00619,C026,1118,14718,98.5
TR00620,C016,4680,7744,30.4
TR00620,C017,712,1314,97.0
TR00620,C017,5959,9592,97.6
TR00620,C020,1205,3814,91.0
TR00620,C025,2904,6547,95.7
TR00620,C029,3053,6258,27.7
TR00620,C046,162,8872,68.5
TR00621,C002,938,1467,50.7
TR00621,C002,5525,6374,36.0
TR00621,C002,10904,13285,98.1
TR00621,C007,515,918,51.1
TR00621,C007,3588,3955,74.4
TR00621,C007,7302,9373,31.3
TR00621,C007,11914,13976,85.4
TR00621,C008,613,3246,58.6
TR00621,C015,195,2360,52.0
TR00621,C017,2112,3432,47.7
TR00621,C019,4549,5171,32.5
TR00621,C046,488,1285,89.0
TR00621,C046,5929,6134,49.6
TR00621,C046,9808,11187,92.9
TR00621,C047,3165,5039,78.9
TR00622,C002,2102,10531,70.7
TR00622,C005,1115,2131,62.7
TR00622,C005,4424,5035,74.9
TR00622,C005,9099,10434,59.2
TR00622,C008,2265,4152,64.5
TR00622,C008,6349,6670,67.6
TR00622,C009,373,1580,79.3
TR00622,C009,8624,10899,76.7
TR00622,C021,399,1695,95.2
TR00622,C021,4911,7299,73.4
TR00622,C021,8866,9127,91.1
TR00622,C038,138,2518,98.2
TR00622,C038,4736,7023,38.6
TR00622,C038,8713,9405,37.8
TR00622,C043,270,1584,39.3
TR00622,C043,4872,6895,61.8
TR00622,C043,8998,9878,48.6
TR00622,C045,4354,8038,57.0
TR00623,C009,347,2312,32.6
TR00623,C009,3214,4083,67.1
TR00623,C011,2167,4560,52.9
TR00623,C012,445,997,81.9
TR00623,C012,3382,4199,90.0
TR00623,C025,745,968,53.2
TR00623,C025,3000,3363,87.1
TR00623,C028,143,732,84.3
TR00623,C028,3047,4268,29.4
TR00623,C036,345,1319,73.4
TR00623,C036,3186,4850,38.4
TR00623,C038,762,3161,33.4
TR00623,C039,1124,2442,31.7
TR00623,C039,3650,5248,97.4
TR00624,C004,1450,3649,58.2
TR00624,C004,10175,14058,93.5
TR00624,C007,2004,2507,98.3
TR00624,C007,11317,11825,99.8
TR00624,C011,5189,6883,59.1
TR00624,C014,1510,17377,86.0
TR00624,C017,1543,5108,29.9
TR00624,C017,11506,14605,37.5
TR00624,C021,2920,6744,50.5
TR00624,C031,8296,10677,48.8
TR00624,C033,2248,3783,96.7
TR00624,C033,9636,13185,41.0
TR00625,C003,5591,6978,64.0
TR00625,C009,1034,1601,26.2
TR00625,C009,11574,15093,88.5
TR00625,C028,667,2533,46.1
TR00625,C028,12748,13265,67.1
TR00625,C041,6242,8537,25.9
TR00625,C048,7688,10186,91.5
TR00626,C033,1823,2140,40.9
TR00626,C033,11102,13523,21.3
TR00626,C036,771,2116,75.2
TR00626,C036,5304,5868,83.5
TR00626,C036,10549,11727,83.1
TR00626,C036,14663,15701,66.4
TR00626,C039,0,7184,25.3
TR00626,C047,9200,10406,28.9
TR00626,C033,0,8425,66.9
TR00627,C014,1264,2439,74.7
TR00627,C014,9430,11414,93.4
TR00627,C016,129,2383,67.0
TR00627,C016,7264,10964,93.8
TR00627,C031,3394,4151,30.0
TR00627,C031,8944,12084,83.0
TR00627,C043,2454,13544,89.6
TR00628,C009,1842,4694,40.1
TR00628,C036,4487,7956,45.0
TR00628,C036,11711,15687,96.9
TR00628,C037,7575,9783,23.5
TR00628,C048,427,3807,34.1
TR00628,C048,12065,13947,98.8
TR00629,C003,5623,8195,63.2
TR00629,C013,1037,2288,41.0
TR00629,C013,11637,13879,30.1
TR00629,C014,106,418,87.9
TR00629,C032,3351,7307,45.7
TR00629,C033,2738,6506,91.9
TR00629,C033,12083,12594,47.1
TR00629,C034,5412,8866,59.5
TR00629,C043,1868,3422,22.9
TR00630,C006,433,1259,86.9
TR00630,C008,0,5569,59.8
TR00630,C011,1172,1805,40.3
TR00630,C011,12590,15797,86.3
TR00630,C022,4189,8163,84.6
TR00630,C022,11854,14244,94.2
TR00630,C033,953,1415,20.5
TR00630,C049,8333,9085,93.2
TR00631,C003,1814,15973,79.9
TR00631,C009,0,575,83.9
TR00631,C013,5613,9540,93.8
TR00631,C023,2305,4369,49.6
TR00631,C023,10633,12098,71.1
TR00631,C030,6858,8345,31.2
TR00631,C039,1630,3139,62.3
TR00631,C039,10903,13181,66.7
TR00631,C050,2917,13852,98.1
TR00632,C003,0,2199,46.3
TR00632,C014,583,1554,55.9
TR00632,C015,4405,6020,36.3
TR00632,C015,12945,16117,81.3
TR00632,C025,663,2517,65.1
TR00632,C025,14105,17671,80.5
TR00632,C046,0,2159,73.8
TR00632,C049,1195,2658,40.6
TR00632,C049,10907,13057,53.8
TR00632,C014,13080,18134,86.2
TR00633,C012,1298,1804,89.5
TR00633,C012,8593,10622,92.6
TR00633,C024,1522,11086,70.6
TR00633,C034,2854,3643,62.1
TR00633,C034,8766,11663,49.5
TR00633,C046,4407,6199,60.3
TR00634,C010,2521,16279,85.7
TR00634,C013,1193,2625,88.1
TR00634,C013,4939,5400,37.2
TR00634,C013,9069,10865,35.4
TR00634,C013,13611,15972,63.3
TR00634,C014,1256,5156,21.7
TR00634,C014,11957,15294,75.3
TR00634,C026,7148,10798,58.8
TR00634,C038,0,1289,59.5
TR00634,C041,1406,3240,67.4
TR00634,C041,10590,14161,43.4
TR00635,C006,696,4630,60.4
TR00635,C006,6248,8024,27.3
TR00635,C013,0,3980,74.1
TR00635,C017,1076,4793,83.4
TR00635,C017,5573,7102,76.5
TR00635,C019,1335,3617,46.6
TR00635,C019,5431,6467,30.1
TR00635,C041,4232,7965,95.0
TR00635,C049,406,1817,38.7
TR00635,C049,3146,5150,87.4
TR00635,C049,5899,7090,63.8
TR00635,C049,8707,9349,95.7
TR00636,C009,1432,4557,66.7
TR00636,C014,4493,7611,66.2
TR00636,C014,13633,16732,25.9
TR00636,C018,2070,4069,61.5
TR00636,C022,3712,4953,32.0
TR00636,C022,12464,14995,57.7
TR00636,C025,409,3071,58.7
TR00636,C038,550,2420,46.3
TR00636,C038,8011,9886,30.1
TR00636,C038,13676,14058,70.6
TR00636,C046,2882,5821,56.6
TR00637,C011,253,1011,40.1
TR00637,C011,1552,2567,50.3
TR00637,C011,3059,4156,52.1
TR00637,C011,4368,4772,80.0
TR00637,C019,1669,3428,50.2
TR00637,C020,1732,5506,57.6
TR00637,C028,868,2557,88.5
TR00637,C028,3866,4182,60.8
TR00637,C040,611,5524,79.7
TR00638,C005,568,4869,84.5
TR00638,C011,99,1471,84.8
TR00638,C011,2410,3174,77.8
TR00638,C011,4398,5195,75.5
TR00638,C028,331,1191,55.5
TR00638,C028,1728,2378,37.9
TR00638,C028,3090,4100,72.0
TR00638,C028,4485,4756,74.2
TR00638,C036,152,549,63.2
TR00638,C036,1553,1810,94.9
TR00638,C036,3129,4090,79.9
TR00638,C036,4362,4805,55.5
TR00638,C040,135,5381,83.8
TR00638,C046,194,1783,39.6
TR00638,C048,2727,3241,90.3
TR00639,C012,2899,3465,81.9
TR00639,C022,1122,4389,70.2
TR00639,C030,1106,2625,61.2
TR00639,C030,6850,8830,65.7
TR00639,C045,173,1051,77.9
TR00639,C045,7619,8999,30.0
TR00639,C049,3197,4166,91.4
TR00640,C004,4,533,52.7
TR00640,C004,6022,8519,90.3
TR00640,C006,1043,1919,37.6
TR00640,C006,7449,9807,90.7
TR00640,C014,1698,4792,95.6
TR00640,C032,4544,6192,88.5
TR00640,C033,4379,5603,64.2
TR00640,C049,0,3270,78.6
TR00640,C050,2696,3395,34.2
TR00640,C050,8162,9269,54.9
TR00641,C015,605,1455,67.7
TR00641,C018,156,1853,70.0
TR00641,C018,9526,11414,89.5
TR00641,C028,3983,5639,98.6
TR00641,C039,3678,7318,74.5
TR00641,C039,10438,13220,81.2
TR00641,C042,276,595,49.5
TR00641,C042,4693,4942,61.6
TR00641,C042,8986,11021,73.2
TR00641,C042,12829,13093,75.0
TR00641,C046,239,883,77.2
TR00641,C046,8393,8872,86.5
TR00642,C032,3983,7345,69.1
TR00642,C036,443,14724,83.8
TR00642,C040,0,5654,22.1
TR00642,C046,3642,5417,36.6
TR00642,C046,12153,15772,29.4
TR00643,C004,2442,4426,69.1
TR00643,C027,603,3212,24.0
TR00643,C036,304,1629,39.8
TR00643,C036,5927,6453,58.4
TR00643,C041,426,3098,44.6
TR00643,C041,5743,9641,32.5
TR00644,C004,458,983,60.5
TR00644,C005,5761,8998,48.9
TR00644,C009,1482,2046,99.0
TR00644,C009,7089,9540,89.8
TR00644,C010,4006,6931,32.8
TR00644,C042,0,2160,85.6
TR00644,C048,1135,1563,54.8
TR00644,C048,9543,12977,75.0
TR00645,C011,342,1907,76.6
TR00645,C011,3436,5363,52.3
TR00645,C011,5822,6039,48.3
TR00645,C018,191,2583,59.5
TR00645,C018,4277,6792,77.2
TR00645,C020,928,7144,95.5
TR00645,C037,289,3074,30.3
TR00645,C037,4499,8107,48.1
TR00645,C039,910,2085,31.9
TR00645,C040,565,2073,57.7
TR00645,C040,4585,7391,25.1
TR00645,C042,260,1747,63.2
TR00645,C042,3030,3786,32.2
TR00645,C042,6292,7532,54.2
TR00645,C048,1629,7851,84.8
TR00646,C001,2520,2798,64.0
TR00646,C009,992,2371,24.3
TR00646,C009,3487,4678,59.8
TR00646,C015,57,1364,65.5
TR00646,C015,2914,4249,70.3
TR00646,C041,1018,1551,89.9
TR00646,C041,3742,4907,87.4
TR00647,C006,1232,1730,54.6
TR00647,C019,2372,9691,62.8
TR00647,C020,998,2389,65.5
TR00647,C020,3926,5570,80.1
TR00647,C020,6159,6939,35.3
TR00647,C020,10088,11486,85.5
TR00647,C022,621,3242,40.4
TR00647,C022,8205,9325,96.3
TR00647,C044,2561,4400,57.2
TR00647,C044,7584,10655,56.4
TR00647,C048,439,10230,81.2
TR00648,C022,925,13043,86.0
TR00648,C031,0,1390,29.7
TR00648,C036,1816,2404,23.7
TR00648,C036,9599,10242,65.8
TR00648,C037,977,2903,54.4
TR00648,C037,6602,7126,98.7
TR00648,C037,12107,14368,61.9
TR00648,C041,5463,6337,42.6
TR00648,C048,8035,11169,66.1
TR00649,C003,961,2510,64.8
TR00649,C003,4990,5707,95.9
TR00649,C003,9405,10839,69.6
TR00649,C003,13287,15300,67.6
TR00649,C005,130,1127,84.6
TR00649,C005,8812,12297,40.6
TR00649,C012,2275,4440,31.3
TR00649,C012,11414,14708,64.0
TR00649,C016,0,1360,64.4
TR00649,C026,5983,8045,74.9
TR00649,C029,998,1512,65.6
TR00649,C029,4979,6263,86.2
TR00649,C029,9297,10042,77.9
TR00649,C029,12627,14723,41.6
TR00649,C043,1640,2178,38.5
TR00649,C043,11683,13852,56.3
TR00649,C044,4566,4819,69.3
TR00650,C002,316,8180,72.0
TR00650,C006,1401,3506,76.8
TR00650,C006,4890,5951,62.9
TR00650,C013,3634,6586,57.6
TR00650,C020,1133,2203,37.9
TR00650,C044,572,8436,87.1
TR00650,C050,0,2214,66.7
TR00651,C005,0,2013,45.2
TR00651,C013,4964,5645,21.5
TR00651,C019,1851,3955,90.6
TR00651,C020,1697,11502,64.7
TR00651,C025,2417,4209,65.5
TR00651,C041,2172,5360,86.0
TR00651,C041,9221,9615,59.6
TR00651,C043,220,834,36.8
TR00651,C043,7639,9194,86.9
TR00651,C046,64,2224,80.3
TR00651,C046,3895,4591,80.4
TR00651,C046,7475,9602,70.5
TR00651,C046,11211,13147,76.9
TR00652,C002,807,1181,87.7
TR00652,C002,6542,8291,66.1
TR00652,C006,0,4662,33.1
TR00652,C012,1760,4795,53.8
TR00652,C012,5535,8394,57.9
TR00652,C025,1333,9264,72.7
TR00652,C027,874,2076,22.6
TR00652,C027,8033,8863,88.0
TR00652,C028,4744,7659,36.6
TR00652,C030,2233,2543,89.6
TR00652,C030,6408,8410,70.1
TR00653,C010,3451,4310,98.5
TR00653,C012,488,1452,35.2
TR00653,C012,7813,11562,60.3
TR00653,C017,562,4221,43.8
TR00653,C017,7928,10800,96.5
TR00653,C022,993,2779,74.6
TR00653,C022,4283,5957,36.4
TR00653,C022,7109,7655,65.9
TR00653,C022,10161,11167,79.8
TR00654,C001,1249,11295,92.9
TR00654,C014,1063,4529,68.8
TR00654,C015,837,1518,69.5
TR00654,C015,4784,5505,56.0
TR00654,C015,9298,9883,64.4
TR00654,C018,1688,4354,67.2
TR00654,C018,7372,9336,39.9
TR00654,C022,666,3427,59.5
TR00654,C022,9959,12134,21.8
TR00654,C030,1263,3534,53.1
TR00654,C030,4807,5506,99.8
TR00654,C030,10093,10458,97.8
TR00654,C032,2075,5485,55.3
TR00654,C033,1917,3351,43.0
TR00655,C004,1690,4303,52.6
TR00655,C004,10363,10653,79.2
TR00655,C016,5250,6740,21.4
TR00655,C020,770,2978,31.7
TR00655,C020,4860,6932,67.0
TR00655,C020,7963,8858,89.9
TR00655,C020,12313,13240,64.6
TR00655,C028,1938,3678,74.1
TR00655,C028,9104,11388,79.7
TR00655,C033,423,2270,97.0
TR00655,C033,5992,8075,30.8
TR00655,C033,10028,11658,96.9
TR00655,C049,6387,7381,38.6
TR00656,C003,1438,2894,57.3
TR00656,C005,1732,3864,20.4
TR00656,C013,1524,4698,40.7
TR00656,C017,764,2740,31.6
TR00656,C017,3659,4672,42.3
TR00656,C020,205,1838,40.7
TR00656,C020,2853,3925,85.9
TR00656,C020,5106,6675,43.5
TR00656,C029,3088,4125,96.6
TR00656,C038,0,2902,89.3
TR00657,C018,876,2345,30.2
TR00657,C018,2893,3117,64.6
TR00657,C025,551,2424,91.8
TR00657,C025,3175,5265,61.3
TR00657,C043,493,3521,87.8
TR00657,C046,466,2106,70.2
TR00657,C046,3357,3664,37.0
TR00657,C048,483,1576,40.3
TR00658,C015,0,2737,80.2
TR00658,C021,5993,9363,69.7
TR00658,C037,895,2472,60.0
TR00658,C037,6646,8338,43.7
TR00658,C037,10873,11911,76.1
TR00658,C039,1859,5135,47.4
TR00658,C039,10007,13601,42.8
TR00658,C044,2097,3603,69.6
TR00659,C006,1537,4757,53.0
TR00659,C008,1330,4663,72.9
TR00659,C008,6479,8268,89.2
TR00659,C014,3563,4117,35.7
TR00659,C023,4501,6721,67.0
TR00659,C041,1537,9258,80.1
TR00660,C012,2114,3977,66.7
TR00660,C012,12536,15084,61.2
TR00660,C018,1361,2311,42.4
TR00660,C018,11466,12303,99.7
TR00660,C021,3674,7623,98.8
TR00660,C029,7762,11738,52.7
TR00660,C030,1225,3910,70.6
TR00660,C030,9495,11635,21.4
TR00660,C034,0,5585,41.8
TR00660,C044,2060,2699,98.5
TR00661,C012,1393,2826,52.6
TR00661,C012,12205,16123,60.2
TR00661,C017,1967,15222,67.7
TR00661,C030,7962,11259,77.0
TR00661,C032,1958,4142,51.8
TR00661,C032,12629,13147,83.8
TR00661,C033,3940,6704,38.6
TR00661,C042,4632,5548,94.4
TR00661,C049,2436,4420,79.5
TR00661,C049,11184,11843,82.4
TR00661,C050,1933,14189,71.2
TR00662,C013,934,1410,49.4
TR00662,C013,4966,6990,38.4
TR00662,C017,1744,3982,94.2
TR00662,C017,4186,5191,47.8
TR00662,C019,487,2084,81.1
TR00662,C019,3231,4113,94.5
TR00662,C019,6052,6530,76.6
TR00662,C034,3192,7134,69.8
TR00662,C038,828,2775,72.8
TR00662,C044,0,940,50.3
TR00663,C012,2251,4402,90.9
TR00663,C013,3254,3567,32.7
TR00663,C013,9466,12306,24.7
TR00663,C036,3546,6210,25.0
TR00663,C042,4059,6097,94.1
TR00663,C042,10402,12948,20.3
TR00664,C002,2952,4066,79.5
TR00664,C002,8933,12911,95.0
TR00664,C003,6656,8917,96.0
TR00664,C008,846,15830,66.0
TR00664,C012,7473,10429,51.9
TR00664,C022,4395,4917,60.4
TR00664,C030,968,3151,96.0
TR00664,C030,4757,5835,63.2
TR00664,C030,8476,10848,70.9
TR00664,C030,13136,14689,85.6
TR00664,C034,2984,3505,49.5
TR00664,C034,12503,14039,35.9
TR00664,C044,7643,8303,63.9
TR00665,C003,4658,6018,34.5
TR00665,C006,2103,3735,23.1
TR00665,C006,7340,10292,21.0
TR00665,C018,1715,3895,79.6
TR00665,C018,8493,11136,32.2
TR00665,C030,2423,4768,79.0
TR00665,C030,7742,9233,40.2
TR00665,C032,214,1001,66.6
TR00665,C038,385,3607,41.6
TR00665,C043,2864,5579,81.1
TR00665,C043,9558,13069,97.8
TR00665,C047,1314,5180,32.8
TR00665,C047,8056,10080,26.0
TR00666,C014,334,1664,24.2
TR00666,C014,3067,4818,66.9
TR00666,C020,1127,1881,53.0
TR00666,C020,3568,5091,31.3
TR00666,C033,285,1267,82.5
TR00666,C033,3095,3411,97.2
TR00666,C049,220,1133,37.3
TR00666,C049,3112,5013,40.1
TR00667,C013,889,2901,76.3
TR00667,C013,9216,12275,65.2
TR00667,C016,387,2434,91.8
TR00667,C016,5223,7092,67.2
TR00667,C016,8842,10252,92.9
TR00667,C016,12033,13261,84.7
TR00667,C022,3179,6184,51.3
TR00667,C032,137,2618,91.2
TR00667,C032,11004,11572,86.8
TR00667,C038,7657,11347,88.3
TR00668,C001,3971,4947,31.2
TR00668,C011,2533,5429,84.1
TR00668,C031,2257,4405,72.5
TR00668,C031,11948,13072,27.3
TR00668,C033,3559,4393,88.4
TR00668,C033,9709,10629,56.2
TR00668,C038,1624,3186,73.5
TR00668,C041,625,3996,62.0
TR00668,C041,11058,13558,71.2
TR00668,C044,1962,2743,44.8
TR00668,C044,10118,12581,74.1
TR00669,C003,3350,5066,75.1
TR00669,C003,8856,10962,92.1
TR00669,C005,2991,3792,99.0
TR00669,C005,7372,11343,41.9
TR00669,C013,4416,8061,32.9
TR00669,C032,1700,2644,72.9
TR00669,C036,0,3443,44.9
TR00669,C040,0,804,78.4
TR00669,C042,1517,4824,52.9
TR00669,C042,8310,9080,68.9
TR00669,C048,6088,8809,46.1
TR00670,C003,0,2536,27.8
TR00670,C018,750,1252,50.3
TR00670,C018,3638,4795,48.5
TR00670,C024,1196,1847,82.0
TR00670,C024,4551,6126,99.8
TR00670,C032,668,1487,81.1
TR00670,C032,2404,2712,57.5
TR00670,C032,4983,6674,96.8
TR00670,C043,21,2219,38.8
TR00670,C043,2860,3264,80.1
TR00670,C043,5049,6297,58.1
TR00670,C048,1099,5443,62.1
TR00671,C013,5043,8966,55.8
TR00671,C014,2579,6481,70.2
TR00671,C024,5711,7595,93.3
TR00671,C031,4552,5694,28.7
TR00671,C032,2822,4572,58.8
TR00671,C032,9894,11570,23.9
TR00672,C002,3199,4221,83.0
TR00672,C002,8162,10581,65.6
TR00672,C007,4471,7342,52.9
TR00672,C008,6232,7483,46.4
TR00672,C015,440,1380,27.8
TR00672,C020,199,1505,90.0
TR00672,C020,3586,5781,94.0
TR00672,C020,7237,8447,63.1
TR00672,C020,10096,11118,38.8
TR00672,C032,2428,3519,87.2
TR00672,C045,944,1534,34.8
TR00672,C045,5047,6481,78.6
TR00672,C045,9718,10513,55.2
TR00673,C010,720,3010,33.7
TR00673,C010,4575,6172,54.3
TR00673,C014,0,538,29.5
TR00673,C025,1134,3665,71.0
TR00673,C025,3815,7139,50.6
TR00673,C026,1118,6013,68.5
TR00673,C048,1465,2620,36.5
TR00673,C048,5028,7495,22.9
TR00673,C050,65,1423,31.2
TR00673,C050,2088,3147,69.7
TR00673,C050,4173,5342,97.4
TR00673,C050,5941,7617,55.1
TR00674,C004,0,654,72.0
TR00674,C010,86,1655,96.6
TR00674,C010,3348,4251,46.6
TR00674,C019,1946,5637,73.2
TR00674,C035,1515,2126,59.1
TR00674,C035,3599,4141,84.3
TR00674,C041,1222,4645,76.9
TR00675,C010,396,1484,55.2
TR00675,C010,2263,2992,92.9
TR00675,C010,4298,5380,79.9
TR00675,C011,1233,4040,54.6
TR00675,C044,0,1403,56.9
TR00675,C047,2559,4318,71.5
TR00676,C008,2030,4976,94.0
TR00676,C014,540,1776,55.8
TR00676,C014,6091,8213,78.7
TR00676,C022,3384,7355,39.1
TR00676,C038,1509,3124,95.8
TR00676,C038,5537,8108,98.3
TR00676,C044,905,2057,89.5
TR00676,C044,3502,3917,84.5
TR00676,C044,6287,6735,54.7
TR00676,C046,403,1896,84.7
TR00676,C046,2439,2763,94.7
TR00676,C046,4714,5925,81.1
TR00676,C046,6392,7992,71.3
TR00677,C026,6772,10523,86.7
TR00677,C029,60,3620,68.2
TR00677,C030,2806,12371,80.1
TR00677,C031,2691,6142,58.6
TR00677,C031,11521,15102,96.3
TR00678,C010,255,1183,36.9
TR00678,C010,6065,8303,85.2
TR00678,C021,2401,5873,39.5
TR00678,C023,4449,8255,95.0
TR00678,C024,1250,2652,53.8
TR00678,C024,6774,8887,55.8
TR00678,C034,1692,2199,48.9
TR00678,C040,1479,7340,87.1
TR00678,C043,0,4090,82.0
TR00679,C012,2007,9915,80.7
TR00679,C022,2330,2826,98.3
TR00679,C035,980,4625,97.1
TR00679,C035,8057,8475,45.4
TR00679,C047,1921,4298,56.9
TR00679,C047,6605,10542,66.5
TR00680,C005,3116,4012,55.7
TR00680,C016,1125,2752,68.3
TR00680,C016,3600,6001,37.6
TR00680,C044,889,3069,76.0
TR00680,C044,3253,4660,49.2
TR00680,C046,429,646,62.8
TR00680,C046,4605,5193,37.4
TR00681,C013,1541,3161,41.7
TR00681,C013,5742,7880,31.5
TR00681,C013,11187,13675,81.1
TR00681,C013,15747,17067,60.7
TR00681,C025,1020,2141,44.8
TR00681,C025,10624,11208,95.0
TR00681,C026,94,15115,65.9
TR00681,C047,1631,3402,62.3
TR00681,C047,9974,10800,37.9
TR00681,C050,3507,5289,20.8
TR00681,C050,10259,12025,26.0
TR00681,C050,13490,18618,77.3
TR00682,C016,1319,18115,92.7
TR00682,C029,897,2130,99.9
TR00682,C029,12343,13624,47.7
TR00682,C035,140,1679,41.3
TR00682,C035,8299,8529,95.3
TR00682,C035,14442,15227,78.5
TR00682,C044,3150,4811,71.7
TR00682,C044,10297,10866,92.2
TR00683,C015,2102,2764,68.9
TR00683,C020,1444,3352,86.8
TR00683,C020,6871,7203,60.0
TR00683,C028,1681,5203,24.5
TR00683,C028,7923,11373,81.0
TR00683,C035,271,1270,96.5
TR00683,C035,4058,4903,31.6
TR00683,C035,7200,8765,86.8
TR00683,C035,10204,11485,43.8
TR00683,C036,2031,11999,77.7
TR00683,C046,3870,6644,22.7
TR00683,C048,509,9760,67.1
TR00684,C007,2644,3203,45.8
TR00684,C013,167,2278,34.8
TR00684,C018,0,850,74.7
TR00684,C022,577,1483,32.6
TR00684,C036,1169,1823,92.0
TR00684,C041,295,1994,27.8
TR00684,C041,3418,4008,55.9
TR00684,C045,0,1952,88.6
TR00685,C006,663,14969,85.6
TR00685,C012,2012,4055,65.1
TR00685,C012,8323,12070,77.9
TR00685,C014,20,884,58.2
TR00685,C014,9515,13434,24.5
TR00685,C023,7515,8037,56.9
TR00685,C024,2990,5153,86.1
TR00685,C024,11025,12634,60.8
TR00685,C035,6368,8659,92.0
TR00685,C039,1452,2160,31.4
TR00686,C025,1734,3144,81.5
TR00686,C025,9823,12791,58.5
TR00686,C028,1553,1930,92.8
TR00686,C028,12373,15905,87.4
TR00686,C034,496,12494,86.0
TR00686,C048,2388,15898,91.7
TR00687,C001,4088,4520,29.9
TR00687,C001,10791,11869,33.1
TR00687,C019,4058,5388,34.5
TR00687,C019,8678,10980,25.1
TR00687,C025,7630,8766,43.8
TR00687,C035,515,1017,40.9
TR00687,C037,3344,4766,29.8
TR00687,C037,12045,14946,86.3
TR00688,C010,2494,4132,84.3
TR00688,C011,388,1190,78.1
TR00688,C011,2368,2601,96.8
TR00688,C011,4459,5015,42.7
TR00688,C023,42,1642,68.9
TR00688,C023,4291,5716,54.2
TR00688,C030,1386,2220,56.8
TR00688,C030,4270,4780,40.0
TR00688,C033,334,1120,86.2
TR00688,C034,226,3371,56.6
TR00688,C010,53,1828,76.5
TR00689,C003,0,4357,62.4
TR00689,C007,1499,4460,75.5
TR00689,C007,6169,8475,52.0
TR00689,C010,520,4394,30.7
TR00689,C010,7059,8060,76.8
TR00689,C014,83,2390,80.5
TR00689,C014,5843,7605,75.4
TR00689,C022,1805,5158,27.2
TR00689,C026,2210,3168,76.3
TR00689,C026,7025,8987,40.3
TR00689,C031,3400,6562,79.7
TR00689,C034,403,1347,94.1
TR00690,C006,0,1091,60.8
TR00690,C012,2096,4882,30.6
TR00690,C030,2587,4131,60.8
TR00690,C042,802,2388,59.7
TR00690,C042,3903,4879,43.6
TR00691,C001,1310,3446,61.3
TR00691,C001,4133,6253,62.3
TR00691,C014,2301,2780,31.6
TR00691,C020,466,3181,55.8
TR00691,C020,5122,6991,26.0
TR00691,C021,2454,6174,59.9
TR00691,C037,1432,2369,47.7
TR00691,C037,4571,6055,59.8
TR00691,C048,1175,1382,87.7
TR00691,C048,4245,4681,73.2
TR00691,C050,1365,3029,22.6
TR00692,C014,480,2062,73.1
TR00692,C014,4885,5336,89.2
TR00692,C022,200,7338,97.9
TR00692,C026,463,2723,60.8
TR00692,C027,0,2790,48.3
TR00692,C029,669,2473,50.0
TR00692,C030,424,1831,94.1
TR00692,C040,395,6981,62.2
TR00693,C002,0,1514,78.4
TR00693,C014,2083,4178,98.7
TR00693,C014,10612,13102,75.9
TR00693,C030,7319,11112,37.8
TR00693,C033,1332,1947,46.0
TR00693,C033,8612,9762,85.7
TR00693,C042,3995,7596,49.0
TR00693,C042,9684,10004,87.0
TR00693,C043,1214,1830,91.2
TR00693,C043,10419,10690,74.3
TR00693,C045,470,3742,31.5
TR00694,C004,0,9718,23.3
TR00694,C012,0,3463,40.4
TR00694,C015,15,16320,86.5
TR00694,C018,2712,16469,96.0
TR00694,C021,3000,5116,98.7
TR00694,C021,10479,13315,66.6
TR00694,C030,7122,8380,75.5
TR00694,C044,4082,6724,68.4
TR00694,C044,11700,15005,68.0
TR00694,C050,4073,6632,49.8
TR00695,C007,761,1086,57.8
TR00695,C007,3940,5668,72.5
TR00695,C007,6389,6824,46.3
TR00695,C011,634,7694,73.0
TR00695,C014,32,732,74.8
TR00695,C023,621,7549,69.2
TR00695,C042,4374,4705,79.8
TR00695,C047,3834,5151,25.5
TR00696,C005,661,3630,51.8
TR00696,C005,5758,8106,99.3
TR00696,C006,813,3053,50.1
TR00696,C006,5319,7758,30.3
TR00696,C011,1093,1300,54.3
TR00696,C011,5814,8099,58.0
TR00696,C012,1137,2706,69.6
TR00696,C012,5549,5948,89.4
TR00696,C017,684,2962,84.5
TR00696,C017,4082,7106,41.2
TR00697,C028,1179,4668,75.6
TR00697,C028,8034,10618,92.1
TR00697,C034,7538,10762,73.8
TR00697,C036,22,1036,75.3
TR00697,C036,6881,8790,75.5
TR00697,C036,11560,13225,62.4
TR00697,C048,717,14129,65.3
TR00698,C005,2801,14953,69.9
TR00698,C007,220,2382,91.8
TR00698,C007,11347,11706,72.7
TR00698,C024,1075,2149,93.5
TR00698,C024,11611,11908,25.3
TR00698,C026,3224,6305,92.7
TR00698,C026,8598,10380,79.9
TR00698,C027,0,6733,75.0
TR00698,C046,2047,14286,88.2
TR00698,C049,1990,12923,79.0
TR00699,C005,44,434,43.9
TR00699,C005,5770,8152,91.6
TR00699,C005,11080,12479,30.8
TR00699,C007,2828,5160,29.0
TR00699,C007,10643,13814,91.2
TR00699,C011,4515,6984,70.3
TR00699,C018,1500,3316,44.3
TR00699,C018,6226,7442,97.5
TR00699,C018,11207,12921,38.0
TR00699,C031,1444,5438,32.5
TR00699,C033,2123,13604,79.4
TR00700,C018,1630,4539,29.9
TR00700,C018,9618,10551,69.6
TR00700,C032,3758,7120,23.1
TR00700,C033,1820,2744,57.3
TR00700,C033,8280,10710,93.7
TR00700,C042,5754,8327,46.2
TR00700,C044,118,10851,81.5
TR00701,C004,399,3435,88.8
TR00701,C004,4213,5861,42.4
TR00701,C006,1917,4761,35.6
TR00701,C022,109,872,45.4
TR00701,C022,2405,3615,50.3
TR00701,C022,3980,5142,62.2
TR00701,C022,6269,7584,49.8
TR00701,C023,2632,4402,32.0
TR00701,C034,2523,2803,98.9
TR00701,C004,1052,3937,65.6
TR00702,C001,0,2444,35.2
TR00702,C004,5342,6400,76.1
TR00702,C006,1879,3787,43.4
TR00702,C006,7773,8362,54.0
TR00702,C012,37,2283,35.3
TR00702,C012,6244,6936,60.6
TR00702,C013,3716,5076,84.1
TR00702,C022,1901,5749,34.8
TR00702,C022,7228,9277,25.3
TR00702,C040,2592,5478,68.2
TR00702,C040,8172,9183,43.9
TR00702,C004,6280,9728,80.2
TR00703,C004,769,1274,87.9
TR00703,C004,10579,14041,94.9
TR00703,C010,7099,9334,37.8
TR00703,C013,4920,6483,57.9
TR00703,C026,745,13656,95.6
TR00703,C037,471,1116,45.7
TR00703,C037,8128,8628,51.1
TR00704,C006,2575,2816,99.2
TR00704,C007,1807,4289,87.2
TR00704,C007,11052,12718,61.8
TR00704,C009,2810,5023,67.1
TR00704,C009,11653,15563,32.5
TR00704,C019,2158,15245,93.7
TR00704,C021,1895,15843,84.0
TR00704,C025,973,1231,28.7
TR00704,C029,3372,6439,79.4
TR00704,C029,12505,13418,55.0
TR00704,C038,3888,4464,35.6
TR00704,C038,12090,12478,45.4
TR00705,C003,2104,17312,92.4
TR00705,C006,889,2063,63.2
TR00705,C006,9626,11161,45.2
TR00705,C019,6679,9654,84.7
TR00705,C040,2655,5763,87.8
TR00705,C040,11570,14501,21.5
TR00705,C046,1932,4499,94.3
TR00705,C046,12113,14007,56.5
TR00706,C016,3757,4230,87.9
TR00706,C041,6752,9449,36.6
TR00706,C044,3638,7071,33.0
TR00706,C047,2727,5014,76.2
TR00706,C016,597,5045,87.5
TR00707,C002,172,1107,70.1
TR00707,C002,10270,11822,32.5
TR00707,C004,914,14080,70.5
TR00707,C022,920,2358,45.7
TR00707,C022,9769,11590,88.8
TR00707,C031,1217,12901,82.5
TR00707,C032,4004,4602,25.3
TR00707,C043,951,1314,44.8
TR00707,C043,4850,5764,71.7
TR00707,C043,8707,10558,62.0
TR00707,C043,12970,15247,61.0
TR00707,C044,734,3120,66.7
TR00707,C044,4883,6454,74.4
TR00707,C044,8787,9706,44.5
TR00707,C044,12796,14455,41.9
TR00708,C005,484,10340,79.7
TR00708,C006,1949,9648,75.3
TR00708,C008,2707,5928,41.9
TR00708,C008,6328,8683,65.8
TR00708,C015,1978,11740,64.7
TR00708,C018,3424,6903,41.9
TR00708,C021,3445,3838,93.5
TR00708,C030,2489,3565,50.6
TR00708,C030,9139,10765,61.9
TR00708,C036,1083,4616,76.7
TR00709,C003,1558,4898,39.9
TR00709,C019,161,2731,64.8
TR00709,C042,709,5335,76.6
TR00709,C048,305,744,74.4
TR00710,C007,0,2227,76.4
TR00710,C010,898,1603,91.1
TR00710,C010,4722,5521,58.8
TR00710,C017,1980,4215,95.9
TR00710,C018,2731,5079,51.0
TR00710,C030,490,1753,86.7
TR00710,C030,4409,5478,86.4
TR00710,C039,1919,2370,59.0
TR00710,C048,1568,2638,75.7
TR00710,C048,3792,4345,58.6
TR00710,C050,1520,2027,66.4
TR00710,C050,3743,4907,24.2
TR00711,C005,0,654,49.3
TR00711,C011,578,4210,35.0
TR00711,C018,2270,4973,24.5
TR00711,C023,1389,3595,44.7
TR00711,C028,1651,2403,81.8
TR00711,C034,1048,1513,50.5
TR00711,C034,4173,5020,78.7
TR00711,C039,2360,3143,32.7
TR00712,C004,8726,9073,66.7
TR00712,C013,565,14917,87.6
TR00712,C014,0,7972,33.6
TR00712,C015,1196,3123,90.1
TR00712,C015,11295,13132,71.7
TR00712,C018,0,6147,49.4
TR00712,C026,5252,5760,55.5
TR00712,C041,282,16762,64.5
TR00713,C006,3019,4436,88.9
TR00713,C008,336,2365,51.0
TR00713,C008,2526,3408,61.8
TR00713,C008,5371,6014,87.7
TR00713,C019,121,6356,68.2
TR00713,C025,1104,7310,90.3
TR00713,C031,1250,2471,80.0
TR00713,C031,4669,5794,45.8
TR00713,C038,603,4308,23.7
TR00713,C045,122,5858,92.4
TR00713,C050,2205,5890,65.5
TR00714,C001,1500,13509,94.4
TR00714,C008,2490,3199,87.4
TR00714,C008,8217,10515,81.4
TR00714,C009,424,917,44.4
TR00714,C009,5518,6008,36.5
TR00714,C009,11193,12145,70.6
TR00714,C013,4396,6118,59.1
TR00714,C017,6792,10301,65.0
TR00714,C029,4491,6458,80.5
TR00714,C030,992,3028,54.0
TR00714,C030,10037,13927,69.3
TR00715,C001,653,2164,35.4
TR00715,C001,4732,6132,82.0
TR00715,C019,628,4542,87.4
TR00715,C032,202,1033,56.9
TR00715,C032,2524,3578,91.9
TR00715,C032,4208,5147,71.4
TR00715,C032,6269,7903,76.5
TR00715,C043,1482,7908,77.4
TR00715,C044,903,3947,56.5
TR00715,C044,4722,5598,80.6
TR00715,C045,1736,2815,53.5
TR00715,C045,6094,6370,43.4
TR00716,C002,2937,3368,88.1
TR00716,C004,680,2164,52.7
TR00716,C004,2797,3356,43.6
TR00716,C004,4592,5898,67.8
TR00716,C007,1371,3204,72.0
TR00716,C007,4591,4848,22.1
TR00716,C011,2960,3731,88.0
TR00716,C015,95,1559,46.3
TR00716,C015,4581,4837,23.8
TR00716,C021,115,486,76.5
TR00716,C021,2258,3162,39.0
TR00716,C021,3532,4342,46.5
TR00716,C021,5129,5945,45.3
TR00716,C049,487,838,79.0
TR00716,C049,4844,5158,81.5
TR00717,C001,5341,6375,99.0
TR00717,C006,4837,7542,42.4
TR00717,C010,2277,6065,32.0
TR00717,C010,6503,7509,24.8
TR00717,C019,2156,5198,99.0
TR00717,C019,6409,9996,65.6
TR00717,C038,2487,4902,25.7
TR00717,C038,7037,8613,99.8
TR00717,C040,2517,6065,86.0
TR00717,C040,7207,8764,23.9
TR00718,C014,779,1113,24.9
TR00718,C014,3440,4841,20.6
TR00718,C018,0,1973,32.0
TR00718,C036,577,2318,54.9
TR00718,C036,3630,4062,56.0
TR00718,C038,1414,2182,88.0
TR00718,C038,3878,4080,21.2
TR00718,C048,684,960,97.4
TR00719,C009,2948,5582,75.7
TR00719,C009,13334,13828,79.8
TR00719,C014,4263,7488,99.8
TR00719,C014,9340,12614,36.2
TR00719,C017,2576,6559,36.1
TR00719,C035,3037,14843,73.8
TR00720,C019,849,1282,82.3
TR00720,C019,9241,9944,87.4
TR00720,C033,2541,2816,93.8
TR00720,C038,1631,2984,65.1
TR00720,C039,3802,7328,56.4
TR00720,C042,1566,2854,73.4
TR00720,C042,13416,16905,84.4
TR00720,C043,1788,5310,64.6
TR00720,C043,10309,11128,67.5
TR00720,C047,2460,3622,82.9
TR00721,C001,5929,7681,71.9
TR00721,C007,5043,5523,93.4
TR00721,C012,0,4741,87.7
TR00721,C013,2772,4659,71.5
TR00721,C013,11342,15175,56.7
TR00721,C032,955,2112,65.3
TR00721,C032,4417,4977,77.8
TR00721,C032,8813,9981,61.8
TR00721,C032,13047,13927,62.1
TR00721,C034,1065,3251,60.7
TR00721,C034,6390,7485,34.9
TR00721,C034,12171,13401,65.4
TR00721,C039,6757,7542,38.8
TR00722,C001,569,2462,39.6
TR00722,C001,3164,5077,79.3
TR00722,C001,6039,7376,96.0
TR00722,C001,8115,8560,55.9
TR00722,C002,196,396,78.6
TR00722,C002,3178,3784,89.1
TR00722,C002,6163,7270,64.7
TR00722,C002,8517,10345,36.7
TR00722,C020,1374,4742,30.1
TR00722,C021,852,8884,75.9
TR00722,C024,0,3487,42.5
TR00722,C028,226,3380,27.1
TR00722,C029,4743,6234,38.6
TR00722,C031,0,4921,80.1
TR00723,C002,162,3448,98.7
TR00723,C002,4828,8400,33.3
TR00723,C012,2646,5789,32.3
TR00723,C020,2121,5402,46.2
TR00723,C032,818,2033,65.5
TR00723,C041,578,3721,85.6
TR00723,C041,6974,8341,39.1
TR00724,C011,2015,3534,48.7
TR00724,C011,10633,12112,47.2
TR00724,C014,726,4009,91.6
TR00724,C014,14193,17559,50.8
TR00724,C022,2990,17227,66.6
TR00724,C025,2833,6181,68.3
TR00724,C025,12998,14220,77.0
TR00725,C009,7734,8908,94.9
TR00725,C018,1934,12930,79.7
TR00725,C043,0,1006,55.6
TR00725,C048,1771,3226,76.6
TR00725,C048,11026,12981,44.1
TR00726,C001,2340,3401,40.7
TR00726,C001,10093,12701,66.5
TR00726,C007,2903,4773,90.7
TR00726,C007,7764,11751,76.7
TR00726,C014,342,3259,89.9
TR00726,C020,6402,9551,63.8
TR00726,C022,1184,2853,62.2
TR00726,C022,7917,8727,54.5
TR00726,C027,1688,2002,36.0
TR00726,C045,1966,2448,89.7
TR00726,C045,9041,10209,56.8
TR00726,C048,7230,8852,69.2
TR00727,C001,2284,4012,82.9
TR00727,C001,9237,10304,67.0
TR00727,C006,1448,4615,47.4
TR00727,C006,8697,10375,48.8
TR00727,C022,3506,5484,64.6
TR00727,C022,9101,10941,33.2
TR00727,C037,2968,3880,79.0
TR00727,C044,5110,6576,38.9
TR00728,C002,2133,9500,61.8
TR00728,C014,1032,1644,71.0
TR00728,C014,8154,8903,28.9
TR00728,C030,24,1917,51.7
TR00728,C041,444,1842,54.2
TR00728,C041,6019,6391,21.9
TR00728,C050,1717,5440,44.2
TR00729,C004,6265,6970,90.3
TR00729,C007,1407,3712,93.1
TR00729,C010,4487,5174,78.6
TR00729,C032,6111,9157,96.2
TR00729,C042,826,2423,61.0
TR00729,C042,3824,5707,64.1
TR00729,C042,7360,9156,58.8
TR00729,C042,10828,12424,78.7
TR00730,C007,0,4203,37.9
TR00730,C019,7,2263,50.4
TR00730,C022,2187,3850,32.6
TR00730,C022,8366,10535,60.3
TR00730,C026,0,5898,52.5
TR00730,C028,3375,6512,86.4
TR00730,C028,9075,11380,77.0
TR00730,C033,2135,4169,96.4
TR00730,C033,10419,11425,69.0
TR00730,C043,1940,3060,78.2
TR00731,C003,0,2632,33.6
TR00731,C007,4956,6762,54.5
TR00731,C032,227,9291,97.1
TR00731,C040,2121,2704,95.7
TR00731,C040,5890,7877,79.3
TR00731,C043,1721,2108,87.2
TR00731,C043,7023,10363,44.4
TR00731,C046,865,9021,87.2
TR00732,C016,1541,8177,99.3
TR00732,C023,1581,8265,74.9
TR00732,C027,1849,2373,40.9
TR00732,C027,7138,8322,51.5
TR00732,C044,0,2263,59.4
TR00733,C003,1228,5200,82.1
TR00733,C006,753,1164,45.4
TR00733,C006,10918,13958,65.9
TR00733,C016,583,1033,59.7
TR00733,C016,9486,12138,64.0
TR00733,C018,907,2551,78.4
TR00733,C018,4548,5345,77.5
TR00733,C018,8637,9203,63.3
TR00733,C018,11981,12536,68.9
TR00733,C021,861,14097,98.1
TR00733,C043,724,2296,33.8
TR00733,C043,4066,5222,31.4
TR00733,C043,7740,9043,73.9
TR00733,C043,12505,14997,68.7
TR00733,C046,1244,2779,74.3
TR00733,C046,9876,11168,70.1
TR00733,C050,716,4026,45.5
TR00734,C013,2483,12788,74.4
TR00734,C031,757,1504,35.4
TR00734,C031,9963,12297,80.4
TR00734,C036,1320,12819,67.1
TR00734,C046,778,2732,40.0
TR00734,C046,8997,12924,59.9
TR00734,C049,972,4710,39.2
TR00734,C049,7203,8098,59.5
TR00734,C050,2850,4262,26.9
TR00734,C050,8219,10743,72.1
TR00735,C006,821,2150,83.1
TR00735,C006,13192,15218,39.7
TR00735,C008,2378,5309,46.1
TR00735,C015,4179,5674,56.7
TR00735,C015,9297,11765,68.2
TR00735,C027,2634,6406,73.7
TR00735,C027,10279,13559,63.4
TR00736,C010,2736,16791,94.1
TR00736,C011,160,16744,81.6
TR00736,C020,1639,16586,74.7
TR00736,C029,3894,6712,98.8
TR00737,C007,2010,2926,65.2
TR00737,C007,7932,10882,32.0
TR00737,C009,3858,7688,21.2
TR00737,C009,9663,12443,71.1
TR00737,C017,2396,2596,40.6
TR00737,C034,6819,10046,81.9
TR00737,C035,373,13681,93.7
TR00737,C038,4321,7156,78.4
TR00737,C047,0,1357,87.0
TR00737,C049,0,7550,47.4
TR00738,C004,2043,4023,62.0
TR00738,C004,6732,7355,26.0
TR00738,C005,941,2542,48.2
TR00738,C005,4190,6023,68.5
TR00738,C005,9189,10779,40.3
TR00738,C027,744,2255,53.0
TR00738,C027,3088,5498,38.7
TR00738,C027,7019,7287,64.8
TR00738,C027,9688,12000,73.3
TR00738,C038,103,9486,80.0
TR00738,C043,1659,3603,46.8
TR00738,C043,8417,11203,64.2
TR00738,C044,2110,5019,24.9
TR00738,C044,8961,10047,93.5
TR00738,C049,5225,8319,47.2
TR00739,C018,1779,4177,42.9
TR00739,C018,7732,11190,87.8
TR00739,C024,506,2800,32.4
TR00739,C024,5725,8160,87.3
TR00739,C024,11498,13750,65.2
TR00739,C029,1993,4853,38.9
TR00739,C029,7525,8758,84.6
TR00739,C036,1270,1542,55.6
TR00739,C042,415,1423,38.3
TR00739,C042,4763,6714,83.3
TR00739,C042,8620,10654,33.3
TR00739,C042,11341,13555,36.2
TR00739,C047,0,5090,46.3
TR00740,C008,362,1044,94.5
TR00740,C008,3457,4339,26.9
TR00740,C023,482,2602,68.4
TR00740,C023,4194,5658,21.8
TR00740,C034,969,5211,82.0
TR00740,C040,686,1561,59.0
TR00740,C040,3454,4670,45.1
TR00741,C012,160,2311,57.4
TR00741,C012,4100,5124,93.7
TR00741,C022,342,5477,92.3
TR00741,C025,0,2645,40.9
TR00741,C034,716,3046,61.2
TR00741,C034,3452,5731,41.8
TR00741,C038,1150,2239,74.7
TR00741,C043,958,4499,97.0
TR00742,C002,171,4043,48.2
TR00742,C002,8869,10303,93.1
TR00742,C007,1666,10160,94.4
TR00742,C010,5247,5829,88.4
TR00742,C011,255,872,26.8
TR00742,C011,6660,9459,72.8
TR00742,C034,877,11882,74.8
TR00742,C050,0,2105,78.4
TR00743,C013,662,1320,69.0
TR00743,C013,5083,6989,98.3
TR00743,C016,1611,4343,57.9
TR00743,C020,12,1265,90.7
TR00743,C020,5531,7438,56.7
TR00743,C022,1849,3745,67.9
TR00743,C024,1273,2807,35.4
TR00744,C004,544,1693,75.3
TR00744,C021,787,3422,59.9
TR00744,C025,894,2384,63.6
TR00744,C025,3613,4282,51.7
TR00744,C036,191,951,69.5
TR00744,C036,3696,5133,64.9
TR00744,C037,0,3065,33.4
TR00744,C038,2016,5646,69.3
TR00744,C043,0,1610,53.2
TR00745,C005,793,1061,33.4
TR00745,C005,5412,7357,91.3
TR00745,C012,397,7038,61.0
TR00745,C019,111,1561,78.6
TR00745,C019,3189,3967,60.7
TR00745,C019,5664,6628,89.6
TR00745,C032,888,3682,43.7
TR00745,C032,4809,6135,96.4
TR00745,C042,1074,2585,56.2
TR00745,C042,4958,7988,53.8
TR00745,C050,2735,6354,53.0
TR00746,C004,332,3943,83.5
TR00746,C010,29,1179,50.3
TR00746,C010,8963,9387,70.9
TR00746,C015,5381,6506,75.8
TR00746,C023,7128,10856,57.4
TR00746,C037,7087,8240,52.4
TR00747,C002,0,1439,56.3
TR00747,C022,0,7728,78.7
TR00747,C033,1665,4206,86.4
TR00747,C033,9535,9930,78.1
TR00747,C037,2060,2991,95.5
TR00747,C037,10969,13979,89.7
TR00748,C002,6282,8896,56.6
TR00748,C004,25,3993,94.9
TR00748,C021,3400,5741,30.7
TR00748,C021,9802,12367,39.6
TR00748,C025,1147,4903,47.2
TR00748,C025,9626,10343,73.1
TR00748,C046,5241,8345,38.1
TR00749,C003,3490,4699,79.4
TR00749,C003,11952,12760,47.2
TR00749,C009,8944,11406,47.1
TR00749,C010,1311,4173,76.2
TR00749,C016,1774,17148,85.7
TR00749,C018,2153,6106,65.8
TR00749,C038,4409,5504,95.8
TR00749,C039,381,963,83.6
TR00749,C039,5680,6157,96.7
TR00749,C039,10046,12521,55.2
TR00749,C039,15502,16907,47.9
TR00750,C007,220,3737,51.2
TR00750,C018,873,7733,67.1
TR00750,C024,1135,4339,73.6
TR00750,C038,1415,3795,27.9
TR00750,C043,1529,1929,69.4
TR00750,C044,1514,7844,84.2
TR00750,C048,800,2714,34.3
TR00750,C049,1310,3793,46.3
TR00750,C049,5670,6313,78.4
TR00751,C010,1759,3675,23.6
TR00751,C010,6200,8455,53.3
TR00751,C018,2547,4676,33.3
TR00751,C018,6974,8307,29.9
TR00751,C028,681,1487,82.0
TR00751,C028,6455,7373,42.0
TR00751,C032,508,1172,42.6
TR00751,C032,3393,4294,64.1
TR00751,C032,5316,6029,53.0
TR00751,C032,8450,8667,50.6
TR00751,C042,3675,5751,23.4
TR00751,C044,1311,4460,88.1
TR00751,C050,852,2684,66.3
TR00751,C050,4079,4741,67.4
TR00751,C050,6992,8826,84.2
TR00752,C002,883,2575,38.6
TR00752,C002,5513,5888,96.8
TR00752,C002,11177,12725,34.6
TR00752,C012,406,3653,94.8
TR00752,C012,10948,13977,25.8
TR00752,C041,2564,4845,69.0
TR00752,C041,10280,14006,60.2
TR00752,C047,3101,5177,41.3
TR00753,C002,936,2277,42.8
TR00753,C002,4464,6817,66.2
TR00753,C002,7468,8105,54.0
TR00753,C002,12082,13079,88.2
TR00753,C015,5901,8495,80.2
TR00753,C017,1916,3492,55.8
TR00753,C017,9681,11502,85.0
TR00753,C033,1783,5579,22.7
TR00753,C033,9312,9931,76.0
TR00753,C041,113,2350,90.9
TR00753,C041,4000,6059,39.3
TR00753,C041,8467,10603,33.1
TR00753,C041,11390,13365,65.5
TR00753,C048,547,1780,64.8
TR00753,C048,4442,5211,92.1
TR00753,C048,8522,10036,43.8
TR00753,C048,11666,12875,46.4
TR00754,C003,882,3215,40.7
TR00754,C003,7032,9402,92.4
TR00754,C004,0,4493,32.7
TR00754,C014,4448,7079,68.0
TR00754,C028,698,2574,43.1
TR00754,C028,3512,4022,42.0
TR00754,C028,6199,7682,63.4
TR00754,C028,9795,10244,33.7
TR00754,C029,1352,9296,61.8
TR00754,C033,996,10028,91.1
TR00754,C042,1033,2446,98.4
TR00754,C042,8755,11659,79.0
TR00755,C007,1879,5486,64.1
TR00755,C010,1304,1967,20.2
TR00755,C010,9136,12729,74.0
TR00755,C011,6445,7832,72.8
TR00755,C013,2614,5455,69.8
TR00755,C013,10110,11906,82.9
TR00755,C015,371,16010,72.3
TR00755,C035,2427,5760,75.9
TR00755,C035,10600,13703,75.1
TR00755,C043,2493,2913,91.1
TR00755,C043,12321,12750,51.7
TR00756,C008,3080,5406,83.2
TR00756,C008,8875,11732,23.0
TR00756,C018,4172,5929,99.2
TR00756,C022,5221,9089,84.4
TR00756,C038,4290,7426,96.5
TR00756,C045,1736,2160,66.7
TR00756,C045,9661,11131,62.5
TR00757,C001,1271,2226,95.1
TR00757,C001,4031,6691,22.9
TR00757,C004,1007,6136,81.2
TR00757,C029,429,1331,29.9
TR00757,C029,4035,5537,60.6
TR00757,C047,1478,3303,69.4
TR00757,C047,4726,7522,78.1
TR00758,C006,1486,3788,92.3
TR00758,C006,13299,15643,40.7
TR00758,C009,1895,5467,49.7
TR00758,C014,8588,11112,36.0
TR00758,C015,1989,5238,26.3
TR00758,C026,3637,4589,51.1
TR00758,C026,12075,12424,39.7
TR00758,C037,4765,8410,37.9
TR00758,C006,11663,15055,68.7
TR00759,C002,5085,5925,52.4
TR00759,C018,677,10578,60.4
TR00759,C020,2364,4405,85.1
TR00759,C020,6540,8421,73.6
TR00759,C030,829,2546,55.2
TR00759,C030,7021,7760,59.0
TR00760,C005,50,3984,98.8
TR00760,C006,862,1564,27.1
TR00760,C006,5032,7891,75.3
TR00760,C008,196,1801,26.1
TR00760,C008,6782,7361,71.4
TR00760,C024,302,3039,20.7
TR00760,C029,1463,2989,23.2
TR00760,C029,5675,6336,31.8
TR00760,C030,3179,4123,39.4
TR00760,C049,804,8947,61.0
TR00761,C003,0,1601,24.9
TR00761,C007,4359,6211,60.4
TR00761,C007,9109,11079,97.0
TR00761,C025,1915,2355,55.7
TR00761,C025,7334,7911,84.9
TR00761,C025,11921,12127,72.4
TR00761,C044,0,508,39.4
TR00761,C046,1361,2504,64.8
TR00761,C046,7224,9248,52.0
TR00761,C046,12662,14371,94.0
TR00761,C048,2691,6664,27.3
TR00761,C048,11129,13086,98.0
TR00762,C006,850,2365,92.4
TR00762,C006,8419,8931,41.7
TR00762,C011,1803,10825,74.9
TR00762,C017,789,1260,41.8
TR00762,C017,3277,5773,82.8
TR00762,C017,6197,8022,59.1
TR00762,C017,9814,12097,73.9
TR00762,C018,256,1809,39.9
TR00762,C018,3473,5644,80.7
TR00762,C018,6727,8788,60.1
TR00762,C018,10097,11642,93.6
TR00762,C031,5281,6890,20.2
TR00762,C038,0,1995,23.2
TR00762,C039,1451,5345,43.2
TR00762,C039,7251,9559,95.3
TR00762,C049,1571,2418,45.8
TR00762,C049,6734,7483,88.3
TR00763,C001,1483,3052,65.2
TR00763,C001,7413,8091,72.2
TR00763,C006,0,4149,22.8
TR00763,C008,768,1927,93.0
TR00763,C008,7786,10975,34.6
TR00763,C009,0,6211,48.9
TR00763,C029,1093,2694,81.5
TR00763,C029,10062,11254,61.0
TR00763,C031,0,3039,42.8
TR00763,C045,6244,8444,21.3
TR00763,C049,0,4180,74.5
TR00764,C003,116,1897,27.0
TR00764,C003,9178,9700,94.4
TR00764,C020,1952,3972,96.3
TR00764,C020,9441,11740,38.8
TR00764,C027,512,3495,60.5
TR00764,C027,9878,13629,74.6
TR00764,C038,0,4513,36.2
TR00764,C048,6354,6749,97.1
TR00764,C050,919,2900,90.9
TR00764,C050,3970,4754,72.4
TR00764,C050,8592,10935,42.6
TR00764,C050,11733,12589,52.0
TR00765,C006,0,971,63.1
TR00765,C027,0,2285,64.8
TR00765,C031,266,4965,93.1
TR00765,C041,277,1071,34.0
TR00765,C041,3817,5464,61.7
TR00766,C001,3011,3862,69.8
TR00766,C001,10107,12992,80.1
TR00766,C016,224,15019,65.4
TR00766,C018,104,11579,89.2
TR00766,C038,7192,9987,67.4
TR00767,C001,75,2142,51.0
TR00767,C001,8114,10282,25.1
TR00767,C010,447,10193,75.6
TR00767,C030,760,4738,75.0
TR00767,C030,7289,8344,26.2
TR00767,C033,2926,5766,76.7
TR00767,C033,9131,11668,33.7
TR00767,C042,4590,7839,66.7
TR00767,C045,850,2349,87.0
TR00767,C045,5447,6773,90.7
TR00767,C045,9324,11467,77.6
TR00768,C001,706,910,92.6
TR00768,C001,9219,9995,98.6
TR00768,C018,3147,12676,76.7
TR00768,C028,85,13354,67.7
TR00768,C029,3026,5491,57.6
TR00768,C029,8813,10756,69.0
TR00768,C034,1266,2599,50.3
TR00768,C034,4459,5588,84.5
TR00768,C034,8784,9405,67.6
TR00768,C034,13219,14131,56.8
TR00768,C038,1136,4180,78.2
TR00768,C038,11373,11618,37.5
TR00768,C042,6854,8478,32.1
TR00768,C050,3213,14950,80.2
TR00769,C007,5301,8917,52.9
TR00769,C033,2902,6545,33.2
TR00769,C033,10912,12418,76.1
TR00769,C037,4037,7858,70.9
TR00769,C039,297,2170,32.5
TR00769,C039,8197,10541,61.7
TR00769,C045,1529,5366,85.9
TR00769,C045,7901,10184,64.3
TR00769,C050,6346,8398,64.5
TR00770,C018,2504,2778,57.4
TR00770,C018,6119,9941,93.1
TR00770,C026,1345,5171,68.6
TR00770,C026,8331,8907,79.6
TR00770,C027,5573,7836,67.8
TR00770,C033,4705,7580,82.8
TR00770,C034,2380,4400,36.4
TR00770,C034,6712,8360,44.0
TR00770,C047,1002,3342,63.7
TR00770,C047,6100,9116,34.6
TR00770,C049,1067,3417,45.9
TR00770,C049,4926,6631,34.0
TR00770,C049,8617,10780,33.6
TR00771,C001,0,3629,76.4
TR00771,C002,3623,3874,82.4
TR00771,C002,8052,11463,83.8
TR00771,C013,1477,3284,63.8
TR00771,C013,6187,8618,78.4
TR00771,C013,10704,12910,67.7
TR00771,C026,0,5837,40.3
TR00771,C027,2851,12467,78.0
TR00771,C035,544,3616,98.1
TR00771,C042,3208,3981,39.5
TR00771,C042,9248,13033,84.0
TR00771,C049,238,13227,86.9
TR00772,C001,1552,2453,50.4
TR00772,C001,5040,5562,30.8
TR00772,C007,1450,7654,66.4
TR00772,C011,3091,4845,56.5
TR00772,C030,2000,4553,90.7
TR00772,C036,1195,2583,50.2
TR00772,C036,5799,7468,52.6
TR00772,C042,848,1616,58.6
TR00772,C042,5642,7863,24.5
TR00772,C045,298,6916,90.9
TR00773,C007,2554,3605,30.1
TR00773,C010,2702,5628,85.3
TR00773,C010,7163,9105,26.8
TR00773,C014,113,1720,96.4
TR00773,C014,6329,7429,42.4
TR00773,C014,9823,11751,66.1
TR00773,C016,94,529,68.2
TR00773,C016,4467,6763,62.5
TR00773,C016,7848,10023,94.0
TR00773,C016,11030,12601,38.0
TR00773,C017,8,2999,71.9
TR00773,C017,7438,8329,35.9
TR00773,C033,6763,7517,80.2
TR00774,C016,5045,5692,66.5
TR00774,C033,6320,7679,49.5
TR00774,C040,2418,6208,56.2
TR00774,C040,9878,11564,87.7
TR00774,C045,954,4098,89.5
TR00775,C011,2915,4255,34.9
TR00775,C011,9437,11349,88.8
TR00775,C028,8435,11397,80.7
TR00775,C034,1255,2577,62.5
TR00775,C034,7096,8458,84.5
TR00775,C034,13122,14471,78.8
TR00775,C038,1960,2758,88.7
TR00775,C038,6698,8437,48.8
TR00775,C038,12910,14251,97.8
TR00776,C002,3370,6455,50.6
TR00776,C018,388,2432,60.9
TR00776,C018,4595,5636,46.9
TR00776,C021,2747,4420,64.7
TR00776,C023,2706,3916,34.1
TR00776,C002,2824,4565,87.7
TR00777,C021,2095,2432,28.8
TR00777,C023,1414,3080,87.9
TR00777,C030,1037,2644,31.0
TR00777,C043,1624,2130,57.1
TR00777,C043,9435,11540,31.0
TR00778,C002,1580,8094,87.2
TR00778,C011,967,1768,54.8
TR00778,C014,579,3387,29.7
TR00778,C017,2916,6911,35.7
TR00778,C023,3803,6141,36.1
TR00778,C026,828,2715,94.2
TR00778,C026,4963,6086,89.7
TR00778,C038,2124,4166,48.3
TR00778,C038,5610,6644,41.5
TR00778,C046,4119,4910,23.8
TR00779,C002,1655,3704,78.4
TR00779,C004,1259,3482,93.5
TR00779,C014,2190,4334,98.3
TR00779,C029,2703,6653,37.2
TR00779,C045,2437,5090,77.6
TR00779,C050,579,4291,46.9
TR00780,C003,157,677,30.2
TR00780,C003,5887,6801,20.5
TR00780,C015,4907,8700,73.3
TR00780,C034,4828,5457,25.5
TR00780,C038,892,2074,47.7
TR00780,C038,5868,6369,29.9
TR00780,C042,2388,3870,20.9
TR00780,C042,6607,7098,28.6
TR00780,C048,389,1094,90.5
TR00780,C048,3285,3563,91.7
TR00780,C048,5233,7077,92.4
TR00780,C048,7919,8578,63.5
TR00781,C020,5037,5917,78.6
TR00781,C022,1863,9927,99.1
TR00781,C026,2227,9487,89.2
TR00781,C031,3058,4928,37.0
TR00781,C032,357,1159,50.2
TR00781,C032,7596,9798,44.6
TR00781,C033,0,877,84.7
TR00781,C037,102,3838,51.9
TR00781,C037,6216,6624,82.0
TR00782,C006,777,3735,29.1
TR00782,C012,2059,2418,24.5
TR00782,C012,9124,11928,59.3
TR00782,C015,900,10285,93.4
TR00782,C039,2040,2610,97.9
TR00782,C039,7515,7750,96.0
TR00782,C047,1858,3527,38.2
TR00782,C047,8677,11909,68.1
TR00782,C050,60,1047,37.7
TR00782,C050,8826,11788,35.4
TR00783,C001,857,1958,42.2
TR00783,C001,3689,4975,65.2
TR00783,C003,303,2134,79.0
TR00783,C003,3268,4274,67.3
TR00783,C006,295,4128,79.1
TR00783,C013,720,1554,44.6
TR00783,C023,598,1492,69.9
TR00783,C023,2642,3432,48.2
TR00783,C024,2511,2863,52.1
TR00783,C028,268,1860,78.5
TR00783,C043,603,1314,57.3
TR00783,C043,3271,3555,69.8
TR00784,C019,0,5577,37.1
TR00784,C021,6283,9491,65.6
TR00784,C032,3365,3880,34.5
TR00784,C032,9277,12936,60.9
TR00784,C035,1408,2341,89.6
TR00784,C035,8441,8833,71.2
TR00784,C021,9204,13636,60.7
TR00785,C001,614,2609,25.4
TR00785,C005,1015,1822,82.2
TR00785,C005,3933,5688,92.4
TR00785,C005,7750,9951,81.6
TR00785,C022,12,3177,67.5
TR00785,C022,6914,9902,26.2
TR00785,C030,2992,5774,80.4
TR00785,C041,4462,8043,88.9
TR00786,C005,3625,5777,93.6
TR00786,C014,5975,9061,49.0
TR00786,C021,5946,6425,63.7
TR00786,C038,530,891,49.4
TR00786,C038,9410,10533,48.8
TR00786,C041,0,2015,36.4
TR00786,C048,2733,6726,67.0
TR00787,C001,1912,2939,98.4
TR00787,C001,13481,17274,75.8
TR00787,C003,2126,4118,73.9
TR00787,C003,11699,12142,53.7
TR00787,C006,475,3275,73.0
TR00787,C034,4329,6877,51.3
TR00788,C002,3620,6131,89.3
TR00788,C007,5204,6373,55.9
TR00788,C024,785,3527,70.9
TR00788,C039,178,1583,77.6
TR00788,C039,5953,8197,32.7
TR00788,C043,2106,5509,62.4
TR00789,C003,1078,3575,65.3
TR00789,C003,8075,8897,93.8
TR00789,C018,2502,3271,25.1
TR00789,C018,8575,9244,56.5
TR00789,C033,1415,2774,65.0
TR00789,C033,7179,9022,36.1
TR00789,C034,4272,5493,30.6
TR00789,C046,666,2567,63.6
TR00789,C046,8701,10863,71.0
TR00789,C049,1033,3042,33.4
TR00789,C049,4860,6941,34.3
TR00789,C049,7832,8212,34.5
TR00790,C001,1732,5090,98.5
TR00790,C019,2833,6286,54.7
TR00790,C023,971,3854,60.4
TR00790,C023,5427,6140,39.2
TR00790,C039,73,1237,50.9
TR00790,C039,4855,6050,30.8
TR00790,C047,623,2073,41.7
TR00790,C047,2968,4761,64.3
TR00790,C047,4840,6296,89.3
TR00790,C047,7657,9030,51.8
TR00791,C003,235,2341,76.6
TR00791,C003,6365,7598,37.3
TR00791,C007,2544,3758,21.0
TR00791,C010,2677,3121,33.5
TR00791,C010,6502,8476,76.9
TR00791,C014,4815,8345,56.8
TR00791,C017,5221,5938,67.2
TR00791,C036,268,1341,66.5
TR00791,C036,6430,7837,41.6
TR00791,C049,473,8988,68.1
TR00791,C050,2139,4676,73.1
TR00791,C050,8100,10383,70.9
TR00792,C012,607,2770,37.6
TR00792,C012,5008,5728,40.0
TR00792,C012,9162,10802,50.3
TR00792,C023,2120,2349,76.3
TR00792,C023,7438,10364,64.4
TR00792,C031,2328,4137,38.9
TR00792,C031,6986,8993,64.2
TR00792,C037,2849,5964,66.8
TR00792,C037,8081,10289,53.7
TR00792,C039,3,1875,77.7
TR00792,C039,9202,12290,48.2
TR00793,C005,2577,5168,84.4
TR00793,C011,1248,5140,64.7
TR00793,C018,1441,2845,40.9
TR00793,C021,0,2045,87.9
TR00793,C025,977,13569,85.1
TR00793,C038,464,2950,26.1
TR00793,C038,9415,11698,91.3
TR00793,C045,2692,5171,85.0
TR00793,C045,10517,11212,31.7
TR00793,C047,0,2668,46.8
TR00794,C005,1401,2473,28.8
TR00794,C005,6147,7434,97.7
TR00794,C019,2329,2610,29.7
TR00794,C028,2332,3541,50.1
TR00794,C028,6543,8466,94.4
TR00794,C035,2105,3887,26.4
TR00794,C037,718,1881,73.1
TR00794,C037,2641,4536,48.9
TR00794,C037,5325,5839,75.3
TR00794,C037,7163,7507,45.1
TR00794,C044,154,490,23.7
TR00794,C044,5544,5812,51.8
TR00795,C001,1481,4215,31.6
TR00795,C001,7053,8681,88.3
TR00795,C003,927,3027,73.5
TR00795,C034,5611,7340,22.3
TR00795,C050,5809,7219,67.1
TR00796,C008,3741,5632,55.1
TR00796,C016,1159,9034,66.3
TR00796,C028,147,2457,77.6
TR00796,C033,4247,6486,86.4
TR00796,C047,5708,8902,94.0
TR00796,C050,906,10282,82.5
TR00797,C002,1190,4937,99.3
TR00797,C002,6907,10736,64.2
TR00797,C007,2665,5792,81.8
TR00797,C007,6209,7914,45.9
TR00797,C017,4918,7127,96.3
TR00797,C047,1100,4899,56.4
TR00797,C047,7454,10299,94.9
TR00798,C003,3206,4477,69.2
TR00798,C003,10112,12794,27.2
TR00798,C006,4919,5536,62.5
TR00798,C030,171,13076,82.2
TR00798,C036,748,12797,95.9
TR00798,C041,1225,3452,82.2
TR00798,C041,9598,10261,64.1
TR00798,C042,3313,7246,98.3
TR00798,C042,10583,10871,84.0
TR00799,C003,0,1377,77.3
TR00799,C005,1056,2752,21.2
TR00799,C005,3779,4345,68.3
TR00799,C018,492,4767,81.4
TR00799,C032,0,2191,89.6
TR00799,C037,2393,3777,58.6
TR00799,C043,987,2588,96.3
TR00799,C043,3668,4458,58.4
TR00799,C046,412,1210,70.6
TR00799,C046,3278,4735,38.6
TR00800,C014,2360,3803,71.6
TR00800,C014,8383,9732,32.1
TR00800,C027,2251,5197,20.1
TR00800,C031,2642,9996,84.4
TR00800,C036,1192,2307,47.2
TR00800,C036,5235,6297,79.2
TR00800,C036,9909,10189,83.9
TR00800,C042,555,3994,93.9
TR00800,C042,8796,11762,60.7
TR00800,C045,988,4217,63.6
TR00800,C045,7899,10667,54.8
TR00800,C048,2983,5490,81.7
TR00800,C048,9502,10191,76.9
TR00800,C050,0,2237,67.3
TR00801,C004,3005,5299,91.7
TR00801,C004,12837,14164,75.1
TR00801,C008,2939,17977,87.6
TR00801,C013,0,5395,31.8
TR00801,C035,2564,4761,80.7
TR00801,C039,463,15067,64.0
TR00801,C041,8164,10461,21.8
TR00801,C050,0,8399,21.4
TR00802,C014,448,1892,29.1
TR00802,C014,4490,5682,81.7
TR00802,C024,1564,5556,44.3
TR00802,C025,274,8651,77.3
TR00802,C031,2049,2480,93.4
TR00802,C031,4729,8315,94.8
TR00802,C039,2107,4356,44.5
TR00802,C039,4844,7112,38.2
TR00802,C049,601,1515,64.3
TR00802,C049,2827,4397,91.3
TR00802,C049,4935,5701,58.2
TR00802,C049,7189,7761,71.0
TR00803,C002,1396,4405,53.5
TR00803,C007,53,1937,62.5
TR00803,C007,3369,3709,98.8
TR00803,C007,6102,6738,98.2
TR00803,C007,8213,10126,33.5
TR00803,C026,2887,3089,72.8
TR00803,C031,1678,7914,63.8
TR00803,C034,555,4343,20.9
TR00803,C034,5322,7101,83.9
TR00804,C001,743,3769,27.3
TR00804,C011,6677,7598,82.8
TR00804,C013,2734,6130,43.2
TR00804,C013,9184,12822,66.2
TR00804,C015,3770,5579,81.1
TR00804,C016,2211,3496,41.3
TR00804,C016,7271,8220,41.3
TR00804,C025,1284,2743,38.9
TR00804,C025,8619,9006,84.9
TR00804,C031,5270,6150,94.6
TR00804,C042,3745,4845,85.8
TR00804,C001,7716,12084,85.8
TR00805,C033,5204,5782,60.1
TR00805,C034,1940,5499,44.3
TR00805,C034,10130,14082,27.3
TR00805,C036,0,1557,71.0
TR00805,C043,370,1100,70.8
TR00805,C043,4551,5223,87.7
TR00805,C043,8133,10465,92.1
TR00805,C043,11605,13970,73.8
TR00805,C033,8099,13974,78.3
TR00806,C018,2846,4294,20.6
TR00806,C018,9330,11637,41.9
TR00806,C024,3202,3890,20.0
TR00806,C035,453,1473,28.4
TR00806,C035,9197,10298,36.4
TR00806,C039,2827,5187,21.8
TR00806,C018,3912,9576,71.5
TR00807,C001,785,15628,69.8
TR00807,C007,65,2301,36.3
TR00807,C007,10450,13155,60.4
TR00807,C016,1218,4421,62.1
TR00807,C016,10471,13312,60.6
TR00807,C025,0,5366,46.3
TR00807,C031,3503,4228,87.9
TR00807,C031,10194,12162,70.0
TR00807,C042,1677,4118,23.7
TR00807,C042,10256,11574,76.8
TR00807,C046,3063,18236,98.6
TR00808,C018,0,781,25.2
TR00808,C020,43,1670,77.6
TR00808,C030,1621,2370,92.5
TR00808,C039,2191,4445,46.8
TR00808,C044,1324,1841,21.3
TR00808,C044,4153,5429,53.9
TR00809,C011,2580,2872,33.4
TR00809,C011,8433,9245,44.6
TR00809,C013,1424,2388,98.0
TR00809,C021,2213,5616,66.8
TR00809,C033,1860,3080,29.1
TR00809,C033,8315,9357,76.1
TR00809,C044,219,1397,76.3
TR00809,C044,7896,9139,44.2
TR00810,C018,2852,4009,63.5
TR00810,C018,9918,11549,72.8
TR00810,C024,2497,17554,84.2
TR00810,C034,2542,5605,49.6
TR00810,C034,13380,13841,84.1
TR00810,C042,268,16211,96.7
TR00811,C005,1839,3306,37.1
TR00811,C015,1282,6886,71.5
TR00811,C033,3794,4706,22.3
TR00811,C039,481,995,74.2
TR00811,C039,4457,5562,33.4
TR00811,C048,577,6423,69.8
TR00812,C002,2579,12973,78.1
TR00812,C019,442,3032,48.8
TR00812,C019,9189,10973,62.8
TR00812,C041,2602,10411,84.1
TR00812,C050,4550,7776,36.7
TR00813,C014,2034,5656,68.0
TR00813,C029,4340,6732,64.6
TR00813,C029,11079,13497,25.8
TR00813,C038,843,2613,68.9
TR00813,C038,12303,12939,75.5
TR00813,C046,4527,5989,27.0
TR00813,C046,9948,11772,67.6
TR00813,C047,7702,10610,29.3
TR00813,C049,4415,5196,96.2
TR00813,C049,10827,12684,75.0
TR00814,C012,1098,2899,54.6
TR00814,C012,3959,4736,42.6
TR00814,C016,955,1793,37.6
TR00814,C016,3126,5490,93.3
TR00814,C045,210,5359,60.3
TR00814,C046,2054,5341,24.9
TR00815,C005,1547,2110,82.2
TR00815,C005,11749,12413,99.9
TR00815,C016,2637,4845,67.0
TR00815,C021,4461,5257,33.0
TR00815,C021,12103,12607,50.8
TR00815,C022,4254,7187,42.2
TR00815,C022,14139,17482,30.7
TR00815,C046,494,2231,29.1
TR00815,C046,13580,15524,32.1
TR00816,C003,224,1121,88.7
TR00816,C003,3928,4474,64.3
TR00816,C029,574,2274,79.4
TR00816,C039,751,1811,55.9
TR00816,C039,2903,4767,51.4
TR00816,C042,0,2169,35.8
TR00817,C006,315,1079,50.3
TR00817,C006,7119,8224,52.5
TR00817,C007,2235,3384,59.3
TR00817,C007,6300,9367,70.1
TR00817,C019,3611,5235,49.0
TR00817,C021,1314,2552,52.5
TR00817,C021,6235,8198,89.6
TR00817,C039,774,7831,74.9
TR00818,C004,117,980,70.9
TR00818,C016,229,2770,50.7
TR00818,C016,9623,12530,45.1
TR00818,C018,4049,4373,47.0
TR00818,C020,615,1416,75.9
TR00818,C020,11442,11858,41.2
TR00818,C024,2702,4662,76.8
TR00818,C024,11906,15326,60.7
TR00818,C028,0,2698,36.9
TR00818,C040,1067,1716,87.3
TR00818,C040,6044,6693,78.8
TR00818,C040,10485,10977,75.1
TR00818,C040,15141,15543,95.3
TR00818,C041,3355,16444,79.0
TR00819,C003,0,8839,25.9
TR00819,C008,0,3815,22.0
TR00819,C013,370,2263,74.3
TR00819,C013,8405,10650,56.5
TR00819,C013,13135,14465,86.4
TR00819,C014,359,799,37.7
TR00819,C014,7551,7931,73.5
TR00819,C014,13553,14297,88.7
TR00819,C025,2762,16911,92.9
TR00819,C037,759,1496,90.1
TR00819,C037,12280,14338,67.3
TR00820,C001,596,2231,77.9
TR00820,C006,1124,4375,60.8
TR00820,C006,7599,8683,58.1
TR00820,C014,430,4028,68.1
TR00820,C014,5773,7901,78.2
TR00820,C021,1668,3183,56.8
TR00820,C030,660,2847,89.5
TR00820,C030,3489,5562,89.0
TR00820,C030,6296,6652,69.2
TR00820,C030,9437,11293,36.2
TR00820,C040,955,1273,48.0
TR00820,C040,6865,9989,38.8
TR00820,C045,2802,5502,92.0
TR00820,C045,7800,10729,76.8
TR00821,C008,0,1579,61.0
TR00821,C013,721,2151,88.2
TR00821,C013,4327,4877,74.0
TR00821,C017,981,1801,73.6
TR00821,C017,3727,4309,97.3
TR00821,C040,1121,6247,79.1
TR00821,C044,178,3322,31.9
TR00822,C003,799,3875,82.8
TR00822,C012,772,1941,38.9
TR00822,C012,2832,4713,47.6
TR00822,C012,5718,6769,58.6
TR00822,C025,3612,4779,39.7
TR00822,C028,1739,2244,32.7
TR00822,C028,3902,5282,32.5
TR00822,C033,1077,6769,92.6
TR00823,C002,2981,4378,33.5
TR00823,C011,1169,4955,95.3
TR00823,C011,6108,9815,25.4
TR00823,C013,2977,3236,60.7
TR00823,C021,2528,4144,61.8
TR00823,C021,5314,7916,77.3
TR00823,C022,1541,2047,95.1
TR00823,C022,5526,6975,78.9
TR00823,C026,38,2686,31.5
TR00823,C026,6423,9708,33.3
TR00823,C035,1071,4262,96.3
TR00823,C035,6334,9166,51.7
TR00824,C004,893,1427,78.0
TR00824,C004,3348,4524,60.2
TR00824,C004,5967,7294,79.6
TR00824,C007,3773,6371,68.2
TR00824,C018,2277,2604,29.2
TR00824,C022,103,3072,97.6
TR00824,C022,5881,7858,40.8
TR00824,C024,745,8070,88.2
TR00824,C035,509,2348,50.5
TR00824,C035,3012,4303,87.9
TR00824,C035,6128,7509,73.0
TR00824,C047,534,1686,50.6
TR00824,C047,2376,3406,95.1
TR00824,C047,4568,5702,59.1
TR00824,C047,6559,7669,51.6
TR00824,C050,977,3019,46.7
TR00825,C014,7317,11275,54.0
TR00825,C016,2451,3500,80.7
TR00825,C016,10795,14562,99.1
TR00825,C028,4031,6630,35.8
TR00825,C028,10438,11309,41.2
TR00825,C032,538,15274,88.2
TR00825,C042,2992,13616,81.6
TR00825,C043,504,1205,63.4
TR00825,C043,9262,9636,97.0
TR00826,C005,1224,12363,80.7
TR00826,C009,3549,4048,62.7
TR00826,C014,1564,4373,76.6
TR00826,C014,9253,11435,97.7
TR00826,C041,5439,7483,77.6
TR00827,C007,7624,10151,75.2
TR00827,C021,1761,19736,72.6
TR00827,C033,3544,3921,25.2
TR00827,C037,4155,8090,41.7
TR00828,C011,1626,3116,63.2
TR00828,C014,1272,5339,72.3
TR00828,C018,2770,5964,56.6
TR00828,C022,1016,3031,24.9
TR00828,C022,3813,4591,53.9
TR00828,C040,656,1364,34.9
TR00828,C040,3810,5277,30.3
TR00828,C042,2917,3656,34.2
TR00828,C048,0,767,53.1
TR00829,C002,484,1889,20.1
TR00829,C002,4341,6230,58.6
TR00829,C042,61,1497,30.0
TR00829,C046,893,6309,76.3
TR00829,C048,3023,4307,21.9
TR00830,C005,2576,5109,26.4
TR00830,C008,1722,3191,32.0
TR00830,C008,8274,9858,63.2
TR00830,C021,606,2427,85.6
TR00830,C021,4020,5048,37.0
TR00830,C021,7715,9183,30.8
TR00830,C021,11390,11981,62.5
TR00830,C030,2231,4861,95.4
TR00830,C030,8200,10717,90.9
TR00830,C035,1271,5179,62.6
TR00830,C035,10301,13654,27.6
TR00830,C041,6037,7290,67.6
TR00830,C050,419,2588,69.1
TR00830,C050,7662,9581,93.0
TR00830,C005,2103,5965,72.1
TR00831,C017,198,4217,77.1
TR00831,C018,376,5384,67.7
TR00831,C019,115,1992,94.8
TR00831,C019,3389,4011,78.7
TR00831,C021,1871,2368,61.3
TR00831,C022,508,1414,70.4
TR00831,C022,3401,3811,39.4
TR00831,C032,810,1035,75.4
TR00831,C032,3724,4414,29.7
TR00831,C043,877,1885,69.5
TR00831,C043,3671,4626,50.9
TR00831,C046,0,1598,20.9
TR00832,C006,5400,7405,32.4
TR00832,C007,2089,10857,63.4
TR00832,C023,0,1556,40.9
TR00832,C034,153,2096,73.5
TR00832,C034,6415,8238,93.9
TR00832,C038,1212,2444,58.9
TR00832,C038,7321,9382,43.0
TR00832,C039,264,4023,73.6
TR00832,C039,5969,8878,73.6
TR00832,C042,264,2369,81.4
TR00832,C042,6225,8220,73.1
TR00833,C013,0,2011,56.0
TR00833,C016,120,1806,97.2
TR00833,C016,3947,5110,99.9
TR00833,C033,166,1338,51.5
TR00833,C033,4449,5800,64.0
TR00833,C041,876,5670,88.8
TR00833,C048,172,1598,66.0
TR00834,C005,2893,5573,53.4
TR00834,C005,8637,11165,35.7
TR00834,C023,1173,3189,96.8
TR00834,C023,7671,9105,39.2
TR00834,C025,1865,2473,87.2
TR00834,C025,9025,10889,74.8
TR00834,C034,1299,2263,78.8
TR00834,C046,7529,9097,96.9
TR00835,C023,3067,4689,52.0
TR00835,C041,1548,3354,32.1
TR00835,C041,3543,5040,76.3
TR00835,C042,329,1031,90.6
TR00835,C042,4442,6381,86.2
TR00835,C043,679,2138,23.4
TR00835,C043,4306,4526,94.5
TR00836,C007,172,2377,35.6
TR00836,C007,7110,8744,43.3
TR00836,C007,13737,14731,43.1
TR00836,C013,3758,7409,32.0
TR00836,C013,13184,15910,84.6
TR00836,C037,3233,17169,99.1
TR00836,C039,1533,4903,94.6
TR00836,C048,1598,2234,38.7
TR00837,C023,1790,3207,33.2
TR00837,C029,961,4502,88.0
TR00837,C032,464,1379,37.6
TR00837,C032,7105,7627,80.6
TR00837,C040,3188,5427,46.8
TR00838,C020,1106,2484,77.0
TR00838,C023,4764,8410,62.2
TR00838,C025,4807,8299,77.6
TR00838,C027,799,4471,87.1
TR00838,C027,9118,10105,83.2
TR00838,C044,1656,2585,36.4
TR00838,C044,8266,12193,60.9
TR00839,C010,825,9450,63.2
TR00839,C019,1001,1278,47.3
TR00839,C019,5718,9679,92.9
TR00839,C033,5318,7578,37.8
TR00839,C049,3579,4413,41.3
TR00839,C019,2047,11161,81.7
TR00840,C003,39,1014,47.3
TR00840,C003,6899,7786,93.5
TR00840,C017,853,8942,75.9
TR00840,C029,3395,4901,86.5
TR00840,C034,2077,4792,94.3
TR00840,C044,251,2106,37.2
TR00840,C044,6212,9487,41.2
TR00840,C046,493,2848,82.2
TR00840,C046,5743,8000,67.9
TR00840,C047,1132,4520,82.9
TR00840,C047,8033,10025,21.1
TR00841,C003,1195,3325,67.1
TR00841,C003,9887,10375,63.2
TR00841,C005,63,1249,61.6
TR00841,C007,3616,5678,23.6
TR00841,C007,12632,13735,24.1
TR00841,C022,4220,5550,51.5
TR00841,C022,13509,16029,27.4
TR00841,C023,6588,8309,21.8
TR00841,C029,0,3240,71.4
TR00842,C009,4050,6104,43.3
TR00842,C014,2321,4875,30.0
TR00842,C014,11440,12817,37.1
TR00842,C017,93,2653,78.4
TR00842,C017,11127,12773,87.7
TR00842,C023,314,2796,72.3
TR00842,C023,11307,13244,65.7
TR00842,C031,1035,1833,70.4
TR00842,C031,5670,7364,52.2
TR00842,C031,9734,11645,41.7
TR00842,C031,14268,15099,56.3
TR00842,C033,0,8242,59.6
TR00842,C036,7681,11465,37.3
TR00842,C039,4539,6263,80.5
TR00842,C039,11779,12709,48.1
TR00843,C010,1538,4749,84.5
TR00843,C025,1184,3516,69.6
TR00843,C025,8048,10188,82.2
TR00843,C026,2719,13056,79.3
TR00843,C027,1594,4462,48.2
TR00843,C027,8190,8422,85.9
TR00843,C028,2463,3747,73.6
TR00843,C028,11103,12789,60.1
TR00843,C040,2291,4733,41.1
TR00843,C040,10226,12507,61.3
TR00843,C043,6712,10310,26.2
TR00843,C050,580,14471,81.9
TR00844,C001,0,8453,21.5
TR00844,C002,950,2694,64.8
TR00844,C002,4930,6166,37.7
TR00844,C002,9107,10686,72.2
TR00844,C002,14027,15739,47.2
TR00844,C011,1943,15087,60.8
TR00844,C019,4193,8073,88.9
TR00844,C019,11569,12698,24.2
TR00844,C029,1348,3460,51.1
TR00844,C029,11894,12664,95.9
TR00844,C036,6305,7232,46.1
TR00844,C039,2450,6004,31.1
TR00844,C039,10775,14556,71.7
TR00844,C044,3562,4297,95.2
TR00844,C044,9282,9598,95.7
TR00845,C006,0,5191,88.7
TR00845,C008,253,2621,74.4
TR00845,C008,6080,6397,48.5
TR00845,C018,1619,2591,30.4
TR00845,C045,2198,5351,82.3
TR00845,C045,5943,8632,20.1
TR00846,C016,1568,3053,49.9
TR00846,C016,3418,6201,54.8
TR00846,C018,808,5175,76.2
TR00846,C025,656,5337,61.1
TR00846,C032,1780,3000,48.7
TR00847,C004,2534,4677,21.7
TR00847,C004,9392,12384,25.7
TR00847,C005,8547,11377,27.2
TR00847,C010,1953,2589,42.7
TR00847,C010,9068,9693,47.5
TR00847,C028,4651,6818,75.7
TR00847,C038,1382,1831,35.9
TR00847,C038,8944,12590,29.1
TR00847,C004,4627,16956,84.7
TR00848,C003,1314,1725,88.5
TR00848,C003,4847,5783,86.4
TR00848,C003,8551,10288,75.6
TR00848,C003,13205,14031,60.0
TR00848,C004,0,8428,69.7
TR00848,C013,5941,8978,83.5
TR00848,C023,138,2117,24.1
TR00848,C023,9778,10339,97.5
TR00848,C036,2988,6703,46.7
TR00848,C036,8995,10150,22.7
TR00848,C041,104,660,81.6
TR00848,C041,7068,8760,47.4
TR00848,C041,12912,14915,49.5
TR00848,C048,0,5588,59.4
TR00848,C013,2295,10203,74.0
TR00849,C022,0,7227,62.5
TR00849,C027,288,2646,55.3
TR00849,C036,1832,4156,21.3
TR00849,C036,10833,12474,29.2
TR00849,C039,2810,3321,28.1
TR00849,C039,10942,11312,88.1
TR00849,C027,871,6039,87.8
TR00850,C002,2876,6240,95.8
TR00850,C010,0,3053,31.9
TR00850,C011,685,1784,76.3
TR00850,C011,5262,7481,45.5
TR00850,C012,889,3647,61.8
TR00850,C012,4334,6654,27.0
TR00850,C015,1167,2984,88.0
TR00850,C015,4188,4519,40.3
TR00850,C039,1372,3162,40.1
TR00851,C007,1071,10602,99.1
TR00851,C011,469,4058,70.0
TR00851,C019,283,1310,58.1
TR00851,C019,8728,9536,71.0
TR00851,C046,0,3921,29.4
TR00852,C001,1044,1798,92.7
TR00852,C001,2799,4212,42.9
TR00852,C009,638,1009,54.8
TR00852,C009,3017,5169,91.7
TR00852,C024,1530,3557,22.2
TR00852,C027,1929,4767,75.0
TR00852,C035,1945,3125,88.3
TR00852,C042,399,1022,33.4
TR00852,C042,1463,2525,64.3
TR00852,C042,2755,3135,97.7
TR00852,C042,4313,4867,73.0
TR00852,C046,987,2428,89.2
TR00852,C046,3358,3861,23.8
TR00852,C047,2323,3568,68.6
TR00853,C010,316,3488,21.5
TR00853,C023,5033,5312,46.9
TR00853,C028,634,2624,37.9
TR00853,C028,3185,4264,81.6
TR00853,C028,6133,7777,79.1
TR00853,C028,8460,10438,87.1
TR00853,C034,1161,9628,87.3
TR00853,C043,437,2131,61.3
TR00853,C043,7870,10860,65.5
TR00854,C002,501,1151,42.2
TR00854,C002,3232,4619,75.2
TR00854,C002,5921,7534,84.6
TR00854,C002,8977,10338,75.1
TR00854,C010,2090,9816,71.7
TR00854,C025,895,10611,66.5
TR00854,C037,1936,3041,94.7
TR00854,C037,5910,9349,34.3
TR00854,C041,2092,4913,94.2
TR00854,C041,7174,10726,29.0
TR00854,C044,522,1029,97.3
TR00854,C044,7253,9701,83.8
TR00855,C002,2471,4982,52.1
TR00855,C010,374,1180,59.8
TR00855,C010,9375,11376,85.2
TR00855,C033,898,2272,89.4
TR00855,C033,5586,6044,79.8
TR00855,C033,8856,9449,98.3
TR00855,C033,13795,15361,49.5
TR00855,C042,0,3242,46.3
TR00856,C005,933,2866,58.9
TR00856,C005,7731,11223,36.2
TR00856,C007,2661,4736,57.6
TR00856,C015,1267,12672,72.4
TR00856,C040,996,3326,95.4
TR00856,C040,7486,8148,60.3
TR00856,C005,1100,11536,72.5
TR00857,C001,0,3886,87.8
TR00857,C002,280,1374,75.5
TR00857,C002,5393,6560,76.0
TR00857,C002,8646,9778,60.8
TR00857,C002,12921,14348,83.2
TR00857,C010,4920,6300,56.6
TR00857,C020,321,12964,94.6
TR00857,C021,1372,16371,94.3
TR00857,C033,1149,1843,76.9
TR00857,C033,4267,5141,49.2
TR00857,C033,9474,9964,80.0
TR00857,C033,13400,14250,59.8
TR00857,C044,3092,16869,79.6
TR00857,C049,4472,5939,63.4
TR00858,C002,189,7872,69.0
TR00858,C007,2048,3041,26.2
TR00858,C007,5521,7894,48.4
TR00858,C012,1289,2071,26.2
TR00858,C013,4162,6913,25.7
TR00858,C015,412,3838,79.3
TR00858,C015,5716,7421,91.6
TR00858,C028,2010,4453,60.6
TR00858,C028,6663,7286,21.4
TR00858,C029,1010,6979,78.0
TR00859,C004,4225,6317,76.5
TR00859,C010,825,1648,30.4
TR00859,C010,13393,14505,31.2
TR00859,C022,403,2669,94.7
TR00859,C022,11672,14105,91.4
TR00859,C026,1797,3454,31.5
TR00859,C026,9619,12574,96.9
TR00859,C027,0,4027,33.1
TR00859,C028,1140,4674,72.0
TR00859,C034,3533,17789,88.2
TR00859,C038,2430,16683,98.4
TR00860,C007,7218,8612,40.0
TR00860,C010,2236,3805,63.4
TR00860,C010,13282,16195,64.9
TR00860,C012,2063,4162,27.7
TR00860,C012,10976,13454,80.3
TR00860,C021,8113,8495,86.8
TR00860,C028,0,3619,68.5
TR00860,C031,4859,7785,97.9
TR00860,C033,2758,5446,29.0
TR00860,C033,12692,15215,55.7
TR00860,C037,0,3210,40.6
TR00861,C001,2851,4155,24.7
TR00861,C001,9042,12181,37.7
TR00861,C003,292,2488,21.3
TR00861,C003,6646,9097,77.3
TR00861,C012,4972,8078,47.5
TR00861,C020,2862,6596,53.3
TR00861,C022,1290,2252,42.0
TR00861,C022,5064,6517,85.8
TR00861,C022,9100,10138,98.7
TR00861,C023,296,2117,62.9
TR00861,C023,4171,4580,85.1
TR00861,C023,7254,9047,56.5
TR00861,C023,10021,11196,67.8
TR00861,C038,922,2879,49.5
TR00861,C038,7442,11245,21.0
TR00861,C001,137,3347,81.9
TR00862,C030,0,2604,65.2
TR00862,C036,3777,6701,94.2
TR00862,C042,3745,7650,97.3
TR00862,C045,180,3846,60.2
TR00863,C009,4300,6351,38.2
TR00863,C021,3600,7083,36.1
TR00863,C036,1011,2181,76.3
TR00863,C036,10196,11982,96.4
TR00863,C046,2190,12713,66.9
TR00864,C009,700,2680,22.7
TR00864,C009,3641,6154,37.7
TR00864,C027,537,1598,97.8
TR00864,C027,2462,4327,32.6
TR00864,C027,4832,6138,90.7
TR00864,C039,635,1160,62.3
TR00864,C050,2644,5870,75.4
TR00865,C005,2664,5528,20.1
TR00865,C005,10021,12869,87.6
TR00865,C014,2842,4053,79.5
TR00865,C014,10428,12429,74.3
TR00865,C022,1165,2313,38.0
TR00865,C022,8505,12050,68.0
TR00865,C028,1246,4549,20.3
TR00865,C028,8482,11716,28.7
TR00865,C032,484,4323,41.5
TR00866,C005,1089,2809,83.4
TR00866,C005,6193,6685,73.8
TR00866,C014,2167,3443,77.6
TR00866,C014,6002,8286,88.7
TR00866,C017,1950,4445,31.5
TR00866,C017,5362,8919,71.7
TR00866,C021,3305,6446,49.8
TR00866,C035,887,4576,48.2
TR00866,C035,5139,5363,69.3
TR00866,C042,86,2539,23.3
TR00866,C045,716,9342,85.3
TR00867,C009,949,2882,74.1
TR00867,C009,4532,6010,62.5
TR00867,C023,627,2872,42.3
TR00867,C023,4346,5288,81.3
TR00867,C031,1222,4704,60.7
TR00867,C032,1598,2340,59.4
TR00867,C032,5052,5860,70.3
TR00867,C038,246,3476,39.0
TR00867,C038,4552,6231,48.2
TR00867,C042,1146,2164,88.3
TR00867,C042,4366,5626,62.0
TR00867,C009,3667,5691,80.1
TR00868,C013,0,4222,32.9
TR00868,C026,1037,1845,30.0
TR00868,C027,2008,5200,31.4
TR00868,C029,3265,5241,33.7
TR00868,C033,3829,6438,35.6
TR00868,C034,302,2454,84.4
TR00868,C049,1102,8256,66.9
TR00869,C006,3295,4543,20.4
TR00869,C009,1370,3649,56.9
TR00869,C012,3020,5220,22.8
TR00869,C017,555,882,89.3
TR00869,C017,2081,2462,79.0
TR00869,C017,4526,5760,38.1
TR00869,C017,6215,7731,48.6
TR00869,C020,121,863,88.7
TR00869,C020,5580,6800,92.9
TR00869,C028,1887,3483,84.4
TR00869,C028,5931,7880,49.0
TR00869,C038,713,3732,48.7
TR00869,C038,6131,7059,30.2
TR00870,C002,532,8093,84.7
TR00870,C007,0,1122,89.8
TR00870,C023,2023,2685,90.3
TR00870,C023,6198,8379,63.7
TR00870,C025,523,6545,77.1
TR00870,C027,573,2014,85.6
TR00870,C027,2231,3498,30.8
TR00870,C027,4733,5704,90.5
TR00870,C027,6575,7011,95.7
TR00870,C038,3104,4359,81.0
TR00870,C045,3240,6837,25.0
TR00871,C034,3031,6292,86.9
TR00871,C041,554,1259,29.6
TR00871,C041,8099,9685,89.2
TR00871,C044,3009,5100,65.6
TR00871,C048,1698,4485,96.8
TR00871,C048,5903,8631,79.6
TR00872,C003,422,1024,39.4
TR00872,C003,2202,3799,48.9
TR00872,C003,4561,5128,90.8
TR00872,C003,6240,7014,96.6
TR00872,C006,1015,7269,88.9
TR00872,C030,527,3713,83.0
TR00872,C030,5225,7270,25.5
TR00872,C032,0,3934,47.5
TR00872,C047,1546,5991,76.8
TR00872,C048,3256,5868,92.3
TR00873,C007,153,4838,89.0
TR00873,C021,0,963,36.4
TR00873,C023,2735,3150,23.0
TR00873,C038,0,2673,82.2
TR00873,C041,1196,2914,67.5
TR00873,C041,3405,5457,48.9
TR00873,C042,989,2552,36.6
TR00873,C042,4142,5384,76.6
TR00873,C048,572,5003,67.3
TR00874,C009,1448,4425,86.2
TR00874,C009,9735,11980,84.4
TR00874,C014,4706,5121,46.5
TR00874,C020,5442,8329,45.7
TR00874,C025,1914,14987,92.4
TR00874,C029,0,7185,72.3
TR00874,C031,1413,17498,92.5
TR00874,C034,3213,7077,43.0
TR00874,C034,8871,12270,40.2
TR00875,C001,8533,10639,81.0
TR00875,C002,786,2070,75.2
TR00875,C002,13537,16453,91.4
TR00875,C024,1714,2867,90.7
TR00875,C024,11803,12013,65.6
TR00875,C034,5406,6802,95.1
TR00875,C040,1373,2460,94.0
TR00875,C040,14638,17194,68.0
TR00875,C043,288,15799,85.4
TR00875,C049,5725,9713,65.9
TR00876,C004,0,6394,34.5
TR00876,C005,3042,4354,98.3
TR00876,C005,8560,11603,43.0
TR00876,C012,1111,3748,28.7
TR00876,C014,2780,14364,71.6
TR00876,C026,3823,4325,30.0
TR00876,C026,8453,11510,95.2
TR00876,C028,27,914,63.9
TR00876,C028,4363,5756,32.8
TR00876,C028,8195,10356,61.3
TR00876,C028,12973,13408,31.7
TR00876,C042,1521,3091,66.2
TR00876,C042,11312,12849,61.8
TR00877,C004,807,4022,20.4
TR00877,C004,6602,10273,53.2
TR00877,C009,245,1127,37.6
TR00877,C009,4365,5790,91.3
TR00877,C009,8847,9055,43.5
TR00877,C041,480,2086,66.8
TR00877,C041,7581,11476,76.5
TR00877,C042,5001,8134,36.5
TR00877,C047,1429,5135,63.7
TR00877,C047,7072,10205,43.7
TR00877,C048,412,4334,50.0
TR00878,C013,212,2540,37.2
TR00878,C013,3899,4337,89.2
TR00878,C013,7771,10023,72.9
TR00878,C032,1851,2398,33.4
TR00878,C032,7610,8497,81.7
TR00878,C035,202,850,47.2
TR00878,C035,4887,6296,39.3
TR00878,C035,8130,10038,80.1
TR00878,C037,2487,4597,52.9
TR00878,C037,7677,10707,82.3
TR00878,C040,4169,4448,97.2
TR00878,C043,3042,4455,89.7
TR00879,C002,3608,4591,72.9
TR00879,C002,11371,12739,70.0
TR00879,C009,3284,4237,47.3
TR00879,C009,11544,13264,87.8
TR00879,C013,652,2866,23.4
TR00879,C018,1237,4464,48.2
TR00879,C020,2106,3828,36.0
TR00879,C020,12085,13673,79.7
TR00879,C035,454,3139,75.9
TR00879,C036,0,3187,61.8
TR00879,C043,3412,5493,52.6
TR00879,C043,8682,11985,43.1
TR00880,C001,2118,5445,37.4
TR00880,C005,1316,2113,39.7
TR00880,C033,624,4313,42.9
TR00880,C040,536,5168,96.1
TR00880,C050,176,3089,85.6
TR00881,C007,2132,4987,78.6
TR00881,C007,8796,10530,33.6
TR00881,C011,5183,8965,35.5
TR00881,C013,2370,4295,79.7
TR00881,C022,1528,3537,39.5
TR00881,C022,8481,11505,51.7
TR00881,C045,2033,4477,70.2
TR00881,C045,7352,9755,58.7
TR00882,C007,8394,11424,28.5
TR00882,C010,0,2664,37.4
TR00882,C017,1095,2005,80.4
TR00882,C017,11581,14556,26.8
TR00882,C020,2498,4547,83.1
TR00882,C020,13128,14641,41.5
TR00882,C047,287,3904,68.4
TR00883,C003,6479,6722,46.7
TR00883,C010,493,1059,59.8
TR00883,C010,9494,13049,97.0
TR00883,C015,3884,7512,34.4
TR00883,C015,9908,10869,63.7
TR00883,C019,706,1515,87.4
TR00883,C019,9399,11714,33.0
TR00883,C033,1978,2919,48.5
TR00883,C033,8716,9372,92.5
TR00883,C044,7829,11318,20.5
TR00883,C046,1168,1759,69.5
TR00884,C009,777,1573,51.0
TR00884,C009,3922,4686,84.0
TR00884,C022,990,4119,96.9
TR00884,C027,634,1516,46.3
TR00884,C027,3476,4861,96.3
TR00884,C029,2388,4899,33.3
TR00884,C035,352,1389,79.0
TR00885,C009,5959,9172,71.0
TR00885,C015,354,3866,58.0
TR00885,C015,10016,10971,44.7
TR00885,C027,323,1032,21.3
TR00885,C027,8402,10312,87.0
TR00885,C049,887,3613,56.5
TR00886,C009,53,14328,61.6
TR00886,C012,2914,5209,92.9
TR00886,C012,11123,14094,84.0
TR00886,C016,6087,7630,99.4
TR00886,C027,168,3016,40.9
TR00886,C027,12676,14701,47.5
TR00886,C038,3779,5210,40.5
TR00886,C038,11371,12773,71.4
TR00886,C042,2737,15346,92.9
TR00886,C047,1547,15335,96.6
TR00887,C006,1109,4337,98.1
TR00887,C008,1174,1798,98.5
TR00887,C008,3588,5668,53.9
TR00887,C019,452,2116,22.2
TR00887,C019,4115,5632,93.1
TR00887,C028,810,4751,62.0
TR00887,C030,2430,4393,28.8
TR00887,C035,1074,4753,72.3
TR00887,C041,1106,5035,99.3
TR00888,C006,83,614,73.6
TR00888,C006,8681,9525,82.5
TR00888,C012,3316,5346,49.3
TR00888,C012,10685,13570,40.2
TR00888,C020,2019,2997,96.6
TR00888,C020,8420,9251,61.3
TR00888,C023,4953,5407,45.0
TR00888,C042,500,907,92.6
TR00889,C011,792,3202,28.0
TR00889,C011,9342,10144,33.4
TR00889,C030,894,4809,76.1
TR00889,C030,10655,11584,24.4
TR00889,C032,289,1129,77.3
TR00889,C032,4226,5192,78.5
TR00889,C032,8743,10865,94.3
TR00889,C032,11828,12355,98.2
TR00889,C035,2993,5157,80.0
TR00889,C035,9102,9727,32.7
TR00889,C039,145,12129,92.0
TR00889,C040,4974,8552,44.2
TR00889,C042,3324,6738,48.9
TR00889,C042,9598,9905,28.7
TR00890,C028,2521,5150,75.7
TR00890,C034,3614,3938,93.3
TR00890,C034,11806,13932,92.2
TR00890,C044,8001,11353,84.9
TR00890,C046,861,2114,88.2
TR00891,C009,81,2232,39.9
TR00891,C009,3949,5912,82.6
TR00891,C009,6883,8276,99.0
TR00891,C009,9988,11215,71.7
TR00891,C018,1720,3227,26.6
TR00891,C018,8711,10945,71.5
TR00891,C024,290,2391,94.0
TR00891,C024,5168,5526,31.6
TR00891,C024,8717,8976,73.5
TR00891,C031,5849,6157,94.6
TR00891,C032,4419,6434,54.2
TR00891,C033,2400,10145,93.7
TR00891,C036,3953,6845,63.5
TR00891,C047,0,2033,48.5
TR00892,C009,173,2643,62.9
TR00892,C009,9936,11514,78.0
TR00892,C010,3591,6331,86.4
TR00892,C011,3048,16137,63.4
TR00892,C027,4470,5762,50.3
TR00892,C035,3197,6336,59.9
TR00892,C035,13030,16217,25.4
TR00892,C039,266,13193,82.1
TR00893,C004,1303,2671,22.8
TR00893,C004,4144,4908,77.4
TR00893,C009,197,3129,83.5
TR00893,C010,348,1223,94.5
TR00893,C010,3144,3998,46.3
TR00893,C027,2110,3670,62.6
TR00893,C031,314,5802,66.6
TR00893,C036,2013,2264,28.7
TR00893,C038,903,2739,30.4
TR00893,C038,3419,3749,61.9
TR00893,C048,243,1476,46.1
TR00893,C048,1631,1919,94.6
TR00893,C048,3307,4016,81.7
TR00893,C048,5080,5920,44.5
TR00894,C011,222,1142,89.8
TR00894,C032,1143,4321,38.8
TR00894,C038,2658,3876,87.1
TR00894,C038,8048,10344,36.8
TR00894,C045,776,2081,71.1
TR00894,C045,3031,3937,87.2
TR00894,C045,6050,7199,30.7
TR00894,C045,9352,10665,96.6
TR00895,C003,2423,4602,84.9
TR00895,C003,8972,10627,77.6
TR00895,C012,1121,1925,74.5
TR00895,C020,243,3841,69.7
TR00895,C020,12312,15185,58.0
TR00895,C027,1194,13470,89.3
TR00895,C040,2293,15217,74.8
TR00896,C002,2064,4583,26.7
TR00896,C018,0,969,77.2
TR00896,C034,115,5206,80.3
TR00896,C036,1898,5051,90.7
TR00896,C040,676,1483,53.8
TR00896,C040,2679,2983,66.2
TR00896,C048,1154,1414,24.2
TR00896,C048,3064,3707,60.1
TR00897,C001,2138,2939,29.9
TR00897,C001,7369,8696,50.7
TR00897,C009,2892,5879,66.7
TR00897,C013,2558,5034,71.1
TR00897,C013,7848,8754,27.4
TR00897,C025,1833,4003,46.6
TR00897,C025,9585,11483,51.4
TR00897,C030,5282,9081,86.3
TR00897,C042,5108,6221,90.8
TR00897,C047,2521,6022,56.7
TR00897,C047,10466,11345,53.4
TR00898,C002,6138,8727,74.6
TR00898,C003,2717,4853,89.3
TR00898,C003,10956,14005,62.8
TR00898,C004,3539,5816,20.8
TR00898,C004,10494,11818,91.0
TR00898,C007,341,2840,71.4
TR00898,C007,11649,12648,87.6
TR00898,C008,3346,6610,29.3
TR00898,C008,10224,13949,40.3
TR00898,C013,996,3225,50.0
TR00898,C018,483,3008,89.4
TR00898,C018,10917,13442,73.2
TR00898,C045,619,1904,93.7
TR00899,C009,0,8721,51.2
TR00899,C013,827,1658,39.3
TR00899,C025,0,4203,42.3
TR00899,C031,9120,11637,60.9
TR00899,C037,983,15213,97.1
TR00899,C043,1496,3598,59.0
TR00899,C043,10188,11548,29.2
TR00899,C049,3491,7144,88.3
TR00899,C049,10113,13441,56.6
TR00900,C009,1308,18010,77.9
TR00900,C025,2293,3488,66.0
TR00900,C025,10879,12561,49.5
TR00900,C046,1580,15934,92.4
TR00900,C048,1809,2281,92.4
TR00901,C024,2010,3749,63.7
TR00901,C025,1575,5274,96.9
TR00901,C036,1205,2041,99.0
TR00901,C047,485,1879,82.3
TR00901,C047,4085,5169,80.5
TR00902,C001,4743,7485,75.3
TR00902,C006,5154,6303,49.7
TR00902,C013,504,947,83.4
TR00902,C013,7210,8935,30.3
TR00902,C025,1933,2885,99.2
TR00902,C025,6193,9600,48.0
TR00902,C035,3277,6596,22.6
TR00903,C001,0,2029,85.6
TR00903,C009,1450,4123,88.0
TR00903,C009,5416,8614,89.4
TR00903,C015,0,1400,27.1
TR00903,C036,2014,2523,79.4
TR00903,C037,2503,5004,33.9
TR00903,C042,0,4100,80.0
TR00903,C047,1912,4007,62.4
TR00903,C047,7261,8691,69.2
TR00903,C050,1458,4914,65.8
TR00904,C015,0,3025,25.6
TR00904,C016,2828,6656,32.1
TR00904,C022,4580,8417,78.5
TR00904,C048,909,1984,85.8
TR00904,C048,5066,6290,86.0
TR00904,C048,9838,11177,86.7
TR00905,C010,5817,6632,52.9
TR00905,C021,2062,3631,81.5
TR00905,C021,8334,12243,52.0
TR00905,C024,40,1695,88.2
TR00905,C024,5229,6558,43.7
TR00905,C024,9018,9813,38.1
TR00905,C025,5356,7030,24.0
TR00905,C046,354,3222,63.9
TR00905,C046,6913,9873,38.1
TR00905,C048,3903,6030,70.7
TR00906,C006,627,1510,38.2
TR00906,C006,5722,6960,60.2
TR00906,C010,1294,1807,86.9
TR00906,C010,4723,6044,82.6
TR00906,C011,356,4140,73.2
TR00906,C014,392,1571,51.4
TR00906,C014,4800,6159,99.2
TR00906,C018,1956,4483,25.3
TR00906,C022,549,6968,89.0
TR00906,C038,0,774,48.8
TR00907,C019,2986,6629,87.2
TR00907,C019,10999,13865,78.0
TR00907,C025,2260,16012,93.6
TR00907,C032,0,3498,63.7
TR00907,C046,3413,4172,41.8
TR00908,C005,1380,3502,58.1
TR00908,C017,313,1374,56.5
TR00908,C017,12637,16143,48.4
TR00908,C031,7346,11301,32.1
TR00908,C037,585,866,96.9
TR00908,C037,12462,14355,52.3
TR00909,C010,548,1152,92.9
TR00909,C010,6022,7786,71.0
TR00909,C028,1913,2432,29.0
TR00909,C028,7158,7418,31.3
TR00909,C030,0,4913,59.7
TR00909,C037,1943,5573,79.3
TR00909,C037,7246,11240,26.0
TR00909,C046,864,1552,57.9
TR00909,C046,7347,8522,63.7
TR00910,C006,2718,5017,77.8
TR00910,C006,12172,13268,80.4
TR00910,C015,1024,4541,97.6
TR00910,C015,13089,16234,52.0
TR00910,C032,17,2516,74.1
TR00910,C032,7331,8321,37.8
TR00910,C032,13827,14641,70.4
TR00910,C035,7809,11185,88.4
TR00910,C036,2174,3382,84.6
TR00910,C036,13124,16524,48.1
TR00910,C039,7245,11100,61.2
TR00910,C044,3009,6263,27.5
TR00910,C047,6951,8241,83.9
TR00911,C010,1684,2890,91.4
TR00911,C010,5518,7804,59.9
TR00911,C017,1297,6199,92.2
TR00911,C020,3816,5354,41.8
TR00911,C032,218,728,96.6
TR00911,C048,0,1985,24.9
TR00912,C006,409,2470,59.3
TR00912,C006,8278,10374,72.4
TR00912,C008,1441,5178,97.3
TR00912,C008,9381,10534,70.1
TR00912,C031,2484,2871,23.1
TR00912,C031,9534,11085,66.7
TR00912,C047,3640,7049,74.6
TR00912,C048,922,2567,48.7
TR00912,C048,9234,11701,73.7
TR00913,C002,810,5003,99.3
TR00913,C018,653,1115,71.6
TR00913,C018,2134,3389,73.9
TR00913,C018,4558,5327,99.3
TR00913,C025,1422,3413,34.8
TR00913,C030,1556,5029,34.0
TR00913,C049,13,1647,93.0
TR00913,C049,2348,3379,97.1
TR00913,C049,4283,5363,72.6
TR00913,C050,990,2218,81.0
TR00913,C050,3637,4654,37.5
TR00914,C001,344,12970,67.6
TR00914,C002,819,13409,75.0
TR00914,C003,278,2423,87.8
TR00914,C003,7480,10990,45.1
TR00914,C004,3206,4747,45.0
TR00914,C005,743,2481,62.1
TR00914,C005,4155,5890,93.8
TR00914,C005,7025,7529,40.5
TR00914,C005,10473,12810,86.0
TR00914,C035,983,12577,90.6
TR00914,C037,366,888,49.8
TR00914,C037,4307,5310,42.7
TR00914,C037,7762,9777,59.6
TR00914,C037,10596,11405,97.3
TR00915,C012,2466,4514,48.7
TR00915,C017,905,1842,86.5
TR00915,C017,2989,4400,96.8
TR00915,C018,159,4643,88.5
TR00915,C025,0,1522,28.1
TR00916,C020,5,213,91.8
TR00916,C020,2601,3078,30.9
TR00916,C020,4570,5766,87.2
TR00916,C020,6483,7846,59.4
TR00916,C021,1548,3742,51.7
TR00916,C023,265,1435,39.1
TR00916,C023,5875,6319,37.6
TR00916,C037,93,600,69.8
TR00916,C037,5603,6023,27.5
TR00916,C039,0,2140,63.2
TR00916,C041,1314,7154,71.7
TR00917,C006,5741,8331,67.0
TR00917,C014,2196,3638,76.5
TR00917,C014,7926,9810,53.7
TR00917,C028,2052,3573,41.1
TR00917,C028,8139,10107,34.1
TR00917,C042,2141,3554,24.1
TR00917,C047,706,1780,61.9
TR00917,C047,7978,10187,61.0
TR00918,C012,2742,5930,94.7
TR00918,C032,2771,6563,25.3
TR00918,C032,8798,10451,72.9
TR00918,C041,4678,6301,79.9
TR00918,C043,0,3711,26.0
TR00919,C001,660,2277,70.1
TR00919,C003,2222,3945,41.1
TR00919,C003,9218,10468,52.2
TR00919,C012,3065,4247,87.0
TR00919,C015,2822,3116,78.1
TR00919,C015,7716,10956,54.3
TR00919,C024,1882,3952,97.9
TR00919,C024,8110,9016,56.9
TR00919,C042,783,1984,78.7
TR00919,C042,5895,6421,60.3
TR00919,C042,10655,12022,97.3
TR00919,C044,2060,14655,89.9
TR00919,C047,3965,4325,72.2
TR00920,C002,3379,13684,72.7
TR00920,C009,7368,9617,51.6
TR00920,C010,3450,16420,78.5
TR00920,C019,604,17403,92.9
TR00920,C021,683,4145,74.3
TR00921,C017,2443,4623,47.0
TR00921,C017,10363,14011,81.1
TR00921,C024,813,3086,85.0
TR00921,C024,3737,6013,85.7
TR00921,C024,7949,8254,39.3
TR00921,C024,11275,12387,46.9
TR00921,C025,2814,4566,37.1
TR00921,C025,8457,10532,43.7
TR00921,C037,280,13031,62.7
TR00921,C044,2064,14157,70.3
TR00921,C047,221,1235,82.5
TR00921,C047,9252,11097,92.0
TR00922,C010,378,835,64.8
TR00922,C010,1575,1917,55.8
TR00922,C010,3393,4028,71.8
TR00922,C010,4960,6014,63.8
TR00922,C015,414,1988,67.9
TR00922,C015,3760,5211,26.4
TR00922,C024,2956,5593,99.4
TR00922,C030,22,2702,85.8
TR00922,C030,3605,5165,80.8
TR00923,C019,4424,6019,98.9
TR00923,C026,1390,1964,49.0
TR00923,C026,6122,6327,84.0
TR00923,C028,2068,4852,58.2
TR00923,C038,1859,9345,78.4
TR00923,C039,1818,3952,36.0
TR00923,C039,6490,6777,79.8
TR00923,C042,1641,7562,83.0
TR00924,C009,93,3752,60.5
TR00924,C017,757,2371,35.6
TR00924,C022,1395,3483,69.4
TR00924,C022,4841,7400,30.9
TR00924,C031,587,2470,49.8
TR00924,C031,4811,5782,93.0
TR00924,C039,3343,4038,40.0
TR00924,C040,0,1019,44.1
TR00925,C017,785,4457,61.8
TR00925,C020,2322,5325,64.7
TR00925,C030,404,1269,73.0
TR00925,C030,2324,3150,77.1
TR00925,C030,4118,4361,52.8
TR00925,C031,1407,2727,92.0
TR00925,C031,4235,4946,95.9
TR00925,C041,1381,1600,78.1
TR00925,C041,3736,4585,83.6
TR00925,C049,0,1632,83.0
TR00926,C028,1359,2731,91.8
TR00926,C042,1075,5391,89.7
TR00926,C045,8,1527,78.6
TR00926,C045,4713,6017,88.6
TR00926,C047,2701,5569,36.8
TR00927,C015,1365,3373,60.6
TR00927,C015,10389,11452,73.7
TR00927,C025,1539,2560,97.9
TR00927,C025,11393,13345,45.0
TR00927,C030,4912,6530,35.4
TR00927,C033,617,1067,58.9
TR00927,C033,10804,13922,94.9
TR00928,C010,4938,7612,21.1
TR00928,C018,1667,14654,85.8
TR00928,C032,0,2875,46.7
TR00928,C044,3706,5382,83.9
TR00929,C002,100,762,75.2
TR00929,C002,7173,9131,99.0
TR00929,C009,1037,1910,36.0
TR00929,C009,4546,6079,65.4
TR00929,C009,7025,7688,86.6
TR00929,C019,0,2675,81.9
TR00929,C023,2466,4482,31.9
TR00929,C023,5848,8215,55.9
TR00930,C003,2505,3901,45.0
TR00930,C007,3498,6464,32.5
TR00930,C007,12536,13654,86.2
TR00930,C010,5431,6515,28.3
TR00930,C011,1405,2397,65.4
TR00930,C011,6702,8683,30.4
TR00930,C011,12011,12412,91.7
TR00930,C016,3921,7850,25.5
TR00930,C016,10159,13667,97.9
TR00930,C017,1654,4633,91.6
TR00930,C017,11127,13375,50.4
TR00930,C020,6907,9248,52.3
TR00930,C039,1325,4885,38.7
TR00930,C039,9055,11324,78.5
TR00931,C019,638,1530,50.5
TR00931,C019,4674,6652,58.3
TR00931,C019,10080,10352,33.4
TR00931,C019,14669,16703,78.6
TR00931,C033,5812,6015,76.8
TR00931,C036,3528,5838,24.3
TR00931,C036,10958,14720,57.0
TR00931,C037,2794,6555,37.6
TR00932,C011,96,6405,80.3
TR00932,C025,0,3283,89.3
TR00932,C033,546,960,73.6
TR00932,C033,1753,3249,58.0
TR00932,C033,3742,4706,70.9
TR00932,C033,5340,5634,34.7
TR00932,C045,1112,5221,82.5
TR00932,C049,1700,2985,68.3
TR00932,C045,1358,6568,74.7
TR00933,C004,1023,2244,68.3
TR00933,C004,8457,9493,35.4
TR00933,C016,2500,5334,73.0
TR00933,C016,8186,12073,58.5
TR00933,C022,3609,7072,53.7
TR00933,C023,1314,2035,68.4
TR00933,C023,8709,11524,57.1
TR00933,C026,1452,3192,90.1
TR00933,C044,2771,6713,47.1
TR00933,C044,9366,10342,93.5
TR00934,C017,3750,4898,79.3
TR00934,C019,1027,3973,81.1
TR00934,C019,7884,10622,20.4
TR00934,C028,1332,4017,55.6
TR00934,C041,1783,4216,78.9
TR00934,C041,7431,8625,71.3
TR00935,C002,872,1300,60.4
TR00935,C002,4943,6139,35.7
TR00935,C018,2508,5689,74.5
TR00935,C027,377,1512,77.3
TR00935,C027,3215,5133,89.0
TR00935,C027,5206,7430,33.1
TR00935,C042,583,3014,82.7
TR00936,C002,1782,2497,38.7
TR00936,C002,11546,14413,27.9
TR00936,C004,2263,14917,82.9
TR00936,C013,1762,4179,56.3
TR00936,C027,4177,4646,75.3
TR00936,C040,197,15613,96.9
TR00936,C046,41,1015,75.8
TR00936,C046,4143,6337,30.5
TR00936,C046,8595,9743,91.1
TR00936,C046,12801,13709,43.8
TR00937,C002,4231,5687,24.7
TR00937,C011,0,2794,41.2
TR00937,C016,1931,15828,72.8
TR00937,C020,2253,3819,46.3
TR00937,C024,891,4430,90.9
TR00937,C024,13934,17597,42.2
TR00937,C027,1695,3290,31.2
TR00937,C027,9382,10703,63.4
TR00938,C005,3372,3982,73.6
TR00938,C020,1856,3678,27.3
TR00938,C020,6360,7952,68.7
TR00938,C029,520,978,34.9
TR00938,C029,2614,3040,58.9
TR00938,C029,4615,6091,68.6
TR00938,C029,7345,8755,44.1
TR00938,C030,2998,3477,71.9
TR00939,C008,0,4486,67.6
TR00939,C009,4114,5193,89.1
TR00939,C021,2745,3920,88.0
TR00939,C021,6291,8493,69.0
TR00939,C032,495,1432,62.2
TR00939,C032,3838,5827,62.0
TR00939,C032,6895,7622,40.1
TR00939,C032,9522,11467,92.0
TR00939,C034,2583,5186,94.1
TR00939,C034,6937,8024,40.4
TR00939,C035,5323,6897,61.5
TR00939,C040,3324,5552,83.6
TR00939,C042,1869,2840,41.8
TR00939,C042,7648,8083,95.5
TR00940,C005,15,785,72.3
TR00940,C005,3135,4383,99.1
TR00940,C005,6233,6433,87.0
TR00940,C005,9091,10032,77.3
TR00940,C008,0,1191,63.3
TR00940,C015,4652,8629,59.6
TR00940,C019,4552,6640,43.5
TR00940,C024,1643,9666,63.6
TR00940,C050,315,802,28.4
TR00940,C050,6447,7071,76.9
TR00941,C001,3255,4561,91.2
TR00941,C001,6994,8238,30.7
TR00941,C014,2461,6262,93.4
TR00941,C022,1480,2050,81.9
TR00941,C028,3613,5678,90.7
TR00941,C031,887,3269,98.9
TR00941,C031,9026,12702,92.8
TR00941,C045,4737,7089,67.2
TR00941,C050,2624,4881,91.1
TR00941,C050,7729,9647,29.8
TR00942,C002,236,3541,99.6
TR00942,C002,5120,8868,92.1
TR00942,C003,998,1953,41.6
TR00942,C003,5509,7250,64.7
TR00942,C007,791,2823,95.8
TR00942,C015,681,4133,41.3
TR00942,C015,5597,6209,45.6
TR00942,C037,889,1740,77.5
TR00942,C037,6180,7237,88.2
TR00942,C038,0,2638,90.0
TR00943,C001,2636,4743,89.4
TR00943,C001,14152,15963,39.9
TR00943,C006,8796,12072,59.8
TR00943,C007,3757,7046,23.6
TR00943,C007,11518,14190,99.4
TR00943,C015,1388,2198,49.2
TR00943,C015,10637,11930,43.4
TR00943,C021,535,1099,85.6
TR00943,C036,9720,12808,60.9
TR00944,C004,1410,1676,45.6
TR00944,C004,7692,8476,48.5
TR00944,C008,2027,5040,54.0
TR00944,C008,7965,9106,53.4
TR00944,C012,614,3759,38.8
TR00944,C012,9451,11530,54.7
TR00944,C014,2950,6747,39.6
TR00944,C023,2182,5935,84.0
TR00944,C027,288,2196,97.5
TR00944,C031,5755,7275,40.4
TR00944,C044,1217,1789,52.6
TR00944,C044,5460,7833,86.3
TR00944,C044,10126,10394,61.6
TR00945,C001,1125,2885,46.0
TR00945,C001,10339,12723,31.3
TR00945,C009,1827,5096,29.4
TR00945,C009,10273,13658,70.8
TR00945,C012,226,4205,58.2
TR00945,C020,49,337,93.5
TR00945,C020,6074,6628,82.0
TR00945,C020,12409,13033,35.6
TR00945,C028,4395,6693,46.9
TR00945,C028,11879,15093,71.6
TR00945,C032,1212,3279,78.6
TR00945,C038,5934,7399,30.6
TR00946,C002,1505,1834,73.9
TR00946,C002,3547,5879,27.7
TR00946,C014,1624,3359,72.3
TR00946,C019,1130,4886,70.7
TR00946,C043,1248,2856,21.3
TR00946,C043,4977,5446,22.6
TR00947,C001,1988,3491,48.2
TR00947,C001,9835,10358,81.5
TR00947,C003,995,4287,97.1
TR00947,C003,11216,15211,75.6
TR00947,C017,6666,9334,37.8
TR00947,C033,1955,2750,65.9
TR00947,C033,11347,13937,70.9
TR00947,C046,2089,13968,73.6
TR00948,C010,2676,6525,48.1
TR00948,C021,1282,3470,39.0
TR00948,C021,12588,16272,21.2
TR00948,C024,311,17260,91.3
TR00948,C031,8564,9524,32.0
TR00948,C037,4334,5930,41.7
TR00948,C037,14017,15392,60.9
TR00949,C002,0,851,30.5
TR00949,C015,221,4006,81.4
TR00949,C017,660,1663,83.1
TR00949,C017,3833,5371,80.5
TR00949,C017,5985,8260,83.8
TR00949,C043,1700,2398,60.3
TR00950,C005,7190,8580,47.6
TR00950,C012,1959,18409,87.7
TR00950,C029,1319,3664,23.0
TR00950,C029,14868,17955,55.1
TR00950,C045,660,4116,75.0
TR00950,C045,10175,12856,50.3
TR00951,C005,41,13215,90.0
TR00951,C007,411,767,32.4
TR00951,C007,6290,8687,43.2
TR00951,C007,9951,10824,52.0
TR00951,C008,5278,6656,51.2
TR00951,C010,1379,2152,83.7
TR00951,C010,7299,9400,43.9
TR00951,C034,5155,7126,53.5
TR00952,C007,2877,5965,21.2
TR00952,C007,11876,15278,60.5
TR00952,C011,886,2758,57.2
TR00952,C033,733,15327,76.0
TR00952,C036,214,1583,32.1
TR00952,C036,10413,11844,26.6
TR00952,C041,0,8318,82.4
TR00952,C047,3077,4353,87.4
TR00952,C047,8455,10322,59.3
TR00952,C048,68,3312,91.2
TR00953,C002,3627,6056,32.7
TR00953,C002,10534,12733,90.9
TR00953,C010,667,2911,65.7
TR00953,C010,6164,8547,44.0
TR00953,C010,10360,11385,72.7
TR00953,C010,15532,16345,64.4
TR00953,C026,617,4528,78.3
TR00953,C030,2702,3367,59.6
TR00953,C030,13008,16148,73.2
TR00953,C037,3691,4255,36.6
TR00953,C037,12106,13144,33.1
TR00953,C038,8050,12022,33.0
TR00953,C046,1832,2615,55.9
TR00953,C046,13475,14856,24.0
TR00954,C004,2068,3192,86.6
TR00954,C004,7345,11171,77.5
TR00954,C008,359,9107,76.0
TR00954,C009,2818,3134,29.5
TR00954,C017,2401,5536,63.2
TR00954,C019,1258,3187,49.9
TR00954,C019,7701,8480,49.9
TR00954,C021,515,1271,91.6
TR00954,C021,3152,4317,42.1
TR00954,C021,6357,7579,50.7
TR00954,C021,8692,9220,59.8
TR00954,C033,2079,5466,90.3
TR00954,C033,6792,8577,71.0
TR00954,C041,968,3644,54.6
TR00954,C041,7804,8599,33.0
TR00955,C014,2223,3845,94.6
TR00955,C034,4085,4601,90.5
TR00955,C042,900,1858,86.3
TR00955,C042,5107,9043,31.8
TR00955,C045,688,1842,39.0
TR00955,C045,3647,4310,78.9
TR00955,C045,6093,6657,73.8
TR00955,C048,1273,4231,62.0
TR00955,C048,5354,7827,55.0
TR00955,C050,684,3833,80.7
TR00956,C001,1981,5000,22.1
TR00956,C001,7660,9396,95.0
TR00956,C004,1311,4735,67.1
TR00956,C017,882,2646,40.5
TR00956,C017,3153,5079,61.6
TR00956,C017,6116,6946,64.4
TR00956,C017,8868,9967,59.5
TR00956,C028,1206,3949,48.4
TR00956,C028,7433,10154,47.1
TR00956,C035,5120,6056,90.8
TR00956,C044,943,9980,92.0
TR00956,C045,2089,5009,41.6
TR00957,C005,4824,5855,99.3
TR00957,C018,1464,4551,76.6
TR00957,C018,7021,8732,83.8
TR00957,C024,1658,4051,65.6
TR00957,C026,5386,8428,61.1
TR00957,C044,2373,5494,97.4
TR00958,C003,519,3294,55.6
TR00958,C007,715,7591,78.2
TR00958,C010,343,1333,43.9
TR00958,C010,3999,4584,98.4
TR00958,C020,788,1902,99.1
TR00958,C020,4132,7591,77.8
TR00958,C050,447,2434,59.2
TR00959,C007,1758,3621,23.2
TR00959,C007,5309,9078,21.5
TR00959,C033,1731,4505,31.1
TR00959,C033,4887,6394,76.4
TR00959,C035,1210,4650,23.6
TR00959,C035,7099,8990,77.3
TR00959,C044,367,1126,99.7
TR00959,C044,5004,8089,64.0
TR00960,C003,75,12383,78.1
TR00960,C007,0,5496,43.5
TR00960,C012,1210,2205,70.6
TR00960,C012,5339,5923,51.7
TR00960,C012,8655,10217,42.1
TR00960,C012,13307,14533,56.5
TR00960,C023,3880,6672,55.6
TR00960,C023,12189,15077,84.1
TR00960,C026,0,1616,59.3
TR00960,C037,685,1219,99.9
TR00960,C037,6363,7289,75.6
TR00960,C037,11872,12507,57.9
TR00960,C046,1261,5218,70.2
TR00960,C046,9926,13393,49.4
TR00961,C037,772,990,52.9
TR00961,C043,407,1041,53.0
TR00961,C043,5146,6672,23.0
TR00961,C046,238,2001,53.4
TR00961,C046,3225,3834,33.4
TR00961,C046,5129,6089,34.0
TR00961,C047,477,1389,25.1
TR00961,C047,3985,5674,34.7
TR00961,C037,0,1333,60.3
TR00962,C013,1961,3041,53.1
TR00962,C017,3531,4298,99.6
TR00962,C023,1832,9862,85.5
TR00962,C025,2487,4588,79.7
TR00962,C025,6950,9006,96.8
TR00962,C043,245,2508,90.6
TR00962,C043,5869,6218,92.6
TR00962,C044,1089,2404,94.7
TR00962,C044,7487,9736,30.0
TR00962,C047,3345,6836,86.1
TR00962,C050,71,748,80.0
TR00962,C050,7047,7928,51.7
TR00962,C013,0,2246,61.9
TR00963,C001,2275,4579,57.4
TR00963,C001,9618,11949,38.7
TR00963,C015,7192,9207,29.4
TR00963,C017,584,1208,53.3
TR00963,C017,9467,10668,90.4
TR00963,C022,93,13505,85.6
TR00963,C033,0,5243,67.6
TR00964,C001,1697,2919,25.4
TR00964,C006,3876,6753,81.0
TR00964,C006,12472,13336,81.1
TR00964,C030,1938,3019,30.5
TR00964,C038,2598,13976,71.8
TR00964,C042,7393,8815,52.6
TR00965,C005,1129,9591,92.5
TR00965,C036,54,2753,25.6
TR00965,C036,5615,7279,76.9
TR00965,C048,1090,3942,61.0
TR00965,C048,5531,6170,96.5
TR00965,C049,498,2076,97.6
TR00965,C049,3226,4336,84.2
TR00965,C049,5409,7352,46.8
TR00965,C049,7802,8623,81.0
TR00966,C005,4153,6749,28.3
TR00966,C008,1459,4401,47.0
TR00966,C008,8759,11444,67.0
TR00966,C011,7412,8305,36.5
TR00966,C013,264,990,79.9
TR00966,C013,5950,8254,50.3
TR00966,C013,11560,14049,33.5
TR00966,C021,3101,5018,25.0
TR00966,C021,9923,11453,27.3
TR00966,C024,287,590,78.7
TR00966,C024,4395,6712,95.5
TR00966,C024,7963,9894,60.8
TR00966,C024,11886,12306,71.5
TR00966,C040,5416,6375,52.2
TR00966,C041,194,2903,67.2
TR00966,C041,10256,11069,51.5
TR00967,C007,4147,5617,82.8
TR00967,C009,4286,4626,56.9
TR00967,C010,2261,3597,39.9
TR00967,C010,9376,12324,53.4
TR00967,C024,7030,8029,50.9
TR00967,C033,3136,5613,27.9
TR00967,C036,952,1530,35.0
TR00967,C036,10873,13838,71.2
TR00967,C049,2646,13436,82.4
TR00968,C005,289,2157,42.0
TR00968,C006,380,1294,49.7
TR00968,C008,228,7351,67.6
TR00968,C015,4101,5205,73.1
TR00968,C016,2802,3608,30.1
TR00968,C017,2716,3566,61.9
TR00968,C029,1128,3001,24.2
TR00968,C029,5838,8086,61.5
TR00968,C045,30,8510,76.4
TR00969,C004,235,3979,95.1
TR00969,C004,10118,10846,59.1
TR00969,C008,1890,2697,62.7
TR00969,C008,10739,12613,40.5
TR00969,C010,1593,5399,22.4
TR00969,C028,3127,3913,79.4
TR00969,C028,11487,15221,97.9
TR00969,C043,0,5448,21.6
TR00969,C048,669,15912,94.7
TR00970,C008,4816,5817,24.3
TR00970,C023,1542,11163,89.4
TR00970,C025,2016,4757,77.2
TR00970,C029,1678,3053,45.6
TR00970,C029,7390,11356,57.5
TR00970,C032,3068,5642,85.4
TR00970,C033,210,10637,80.7
TR00971,C017,301,1105,91.7
TR00971,C026,1304,3808,86.1
TR00971,C026,12704,14683,47.0
TR00971,C041,2682,16382,81.2
TR00971,C047,0,8456,24.9
TR00972,C002,523,2415,31.0
TR00972,C002,8439,9633,84.8
TR00972,C007,2029,3067,41.2
TR00972,C007,8600,12435,93.4
TR00972,C019,4486,5848,39.1
TR00972,C028,2847,4081,81.4
TR00972,C029,2002,5911,69.9
TR00972,C044,1714,3276,92.8
TR00972,C044,8473,10160,75.0
TR00972,C045,1743,5110,98.2
TR00972,C045,8885,9763,91.2
TR00973,C004,174,3289,78.8
TR00973,C004,9371,9682,84.1
TR00973,C014,1334,3869,99.8
TR00973,C014,7989,8319,45.8
TR00973,C022,4316,6514,84.4
TR00973,C037,3305,3744,55.1
TR00973,C040,5884,7431,32.5
TR00973,C043,1226,4923,60.6
TR00973,C043,8851,11327,49.3
TR00973,C045,10,2954,98.7
TR00974,C030,5474,9316,39.5
TR00974,C031,3126,7010,45.4
TR00974,C031,9668,10064,44.6
TR00974,C038,1187,3618,27.4
TR00974,C038,13240,15428,90.3
TR00974,C042,2871,5218,98.9
TR00974,C046,0,5603,21.4
TR00975,C005,2360,2746,40.9
TR00975,C005,6889,8933,71.4
TR00975,C016,418,9839,98.6
TR00975,C026,1270,2440,55.3
TR00975,C032,71,3482,69.7
TR00975,C032,7442,8903,91.1
TR00975,C040,3460,4461,38.3
TR00975,C041,1537,4205,29.8
TR00975,C046,2358,4143,55.3
TR00975,C046,6444,7724,50.6
TR00975,C048,1536,4748,53.9
TR00975,C048,7201,7828,83.0
TR00976,C004,987,2668,92.7
TR00976,C004,3706,5574,30.5
TR00976,C022,204,2291,29.2
TR00976,C022,4404,5315,69.2
TR00976,C027,800,4106,30.5
TR00976,C036,263,1311,81.9
TR00976,C036,3737,4298,35.8
TR00977,C001,3634,5580,96.3
TR00977,C010,611,1509,74.5
TR00977,C010,6316,7384,51.6
TR00977,C017,3956,7254,62.2
TR00977,C024,2928,5752,66.5
TR00977,C027,47,646,55.7
TR00977,C027,5422,8164,88.4
TR00977,C048,833,6887,96.1
TR00978,C003,1089,2985,90.0
TR00978,C003,5155,7036,61.8
TR00978,C006,3818,4335,20.4
TR00978,C010,548,1654,89.1
TR00978,C018,2480,5714,25.6
TR00978,C042,793,3257,42.2
TR00978,C047,3233,5193,35.3
TR00979,C004,597,8127,63.8
TR00979,C029,1108,9324,60.1
TR00979,C036,2097,3000,42.4
TR00979,C036,7195,7972,42.6
TR00979,C039,2391,2858,95.2
TR00979,C039,7485,10006,90.2
TR00979,C040,1239,4494,63.3
TR00979,C040,5154,6028,93.3
TR00979,C041,409,844,44.4
TR00979,C041,6281,7313,88.7
TR00979,C047,147,3077,90.4
TR00979,C047,5349,6936,97.9
TR00980,C001,4375,7730,81.4
TR00980,C002,630,10835,97.3
TR00980,C027,451,2176,38.4
TR00980,C027,6592,9422,64.9
TR00980,C034,0,2694,29.0
TR00980,C041,1792,2790,30.1
TR00980,C047,2054,10889,66.9
TR00981,C001,0,4881,23.2
TR00981,C002,433,668,64.9
TR00981,C002,9892,10306,93.2
TR00981,C009,1400,1844,33.3
TR00981,C014,0,1383,41.1
TR00981,C025,2621,6447,70.0
TR00981,C025,13064,16039,55.0
TR00981,C026,3024,3343,83.2
TR00981,C030,4061,7696,76.8
TR00981,C030,11255,12054,51.8
TR00981,C036,8644,9465,90.2
TR00982,C004,178,831,93.8
TR00982,C009,540,1904,82.7
TR00982,C009,3742,4263,61.6
TR00982,C011,2859,5859,45.1
TR00982,C016,951,1477,54.6
TR00982,C016,4088,5259,53.5
TR00982,C031,2110,5110,93.4
TR00982,C035,339,2144,96.1
TR00982,C035,3436,4146,83.9
TR00982,C041,1019,1338,59.0
TR00982,C041,3227,3710,83.5
TR00982,C042,1058,2971,29.8
TR00983,C026,69,2694,95.3
TR00983,C026,10322,13037,46.4
TR00983,C027,3560,7531,56.1
TR00983,C038,5122,6333,93.5
TR00983,C039,1148,2480,31.0
TR00983,C039,11601,13909,92.2
TR00983,C047,2021,13575,96.7
TR00984,C002,2119,19020,98.5
TR00984,C013,4982,6117,39.2
TR00984,C013,12232,14700,38.2
TR00984,C024,1839,18555,66.5
TR00984,C033,5709,9057,64.2
TR00984,C040,827,1382,98.6
TR00984,C040,6523,6834,37.9
TR00984,C040,10292,10954,49.4
TR00984,C040,16360,18502,36.5
TR00984,C041,7649,8771,75.7
TR00984,C044,4707,7419,53.0
TR00984,C044,12647,15212,22.4
TR00985,C002,2732,3403,23.7
TR00985,C002,12300,13509,36.1
TR00985,C003,1255,4716,48.0
TR00985,C003,9810,11316,48.8
TR00985,C005,756,1513,67.0
TR00985,C005,11895,12240,59.3
TR00985,C010,1559,2246,45.7
TR00985,C010,7504,8224,51.4
TR00985,C010,12237,12689,42.6
TR00985,C015,777,2940,50.0
TR00985,C015,5883,8013,38.8
TR00985,C015,10103,10351,42.5
TR00985,C015,14463,15118,88.2
TR00985,C020,5524,9299,67.0
TR00985,C044,373,2798,52.2
TR00985,C044,7069,7906,80.3
TR00985,C044,13061,15506,66.6
TR00986,C008,1466,3785,58.2
TR00986,C028,233,1343,59.5
TR00986,C028,2462,3906,51.9
TR00986,C028,4391,4646,75.4
TR00986,C031,1086,2080,85.1
TR00986,C031,3993,4980,69.3
TR00986,C047,259,1192,76.1
TR00986,C047,1679,2108,78.4
TR00986,C047,3457,4070,34.9
TR00986,C047,5381,6489,56.5
TR00986,C048,364,2658,46.6
TR00986,C048,3535,6201,52.0
TR00986,C049,0,2171,41.9
TR00987,C009,0,3580,53.3
TR00987,C016,5358,8850,81.1
TR00987,C017,648,2293,95.1
TR00987,C018,857,1632,92.8
TR00987,C019,4177,5770,41.6
TR00987,C034,435,1335,86.3
TR00987,C034,4554,6742,32.2
TR00987,C034,9376,10758,93.7
TR00987,C041,408,4405,54.2
TR00987,C046,0,6021,56.2
TR00988,C006,1822,2272,77.6
TR00988,C006,4317,7635,99.3
TR00988,C007,3147,4963,33.4
TR00988,C010,1254,6271,99.1
TR00988,C031,374,2688,79.7
TR00988,C031,4816,7956,54.7
TR00988,C032,2385,4967,95.2
TR00988,C036,377,1098,74.9
TR00989,C001,1823,4516,75.8
TR00989,C011,1351,3076,78.1
TR00989,C011,4361,5090,39.4
TR00989,C019,954,4634,69.3
TR00989,C030,290,2823,89.7
TR00989,C042,1253,6248,83.7
TR00990,C002,172,2178,56.5
TR00990,C002,9507,11936,59.3
TR00990,C009,345,2021,75.1
TR00990,C009,8246,10116,54.4
TR00990,C014,1127,2715,58.9
TR00990,C014,8656,11071,93.4
TR00990,C026,5754,7422,40.7
TR00990,C027,3245,4920,44.4
TR00990,C030,215,1343,74.9
TR00990,C030,8410,10708,80.3
TR00990,C033,1506,12072,64.3
TR00991,C006,1851,2411,83.2
TR00991,C006,4176,5865,36.9
TR00991,C012,1247,7512,64.4
TR00991,C016,295,4057,37.2
TR00991,C018,580,2475,72.0
TR00991,C018,5720,6964,37.3
TR00991,C021,674,6204,66.0
TR00991,C041,2095,5939,83.0
TR00991,C047,1865,3742,44.6
TR00991,C047,5493,8240,36.1
TR00991,C049,821,1827,69.9
TR00991,C049,4551,7611,74.6
TR00992,C007,723,2869,90.3
TR00992,C007,6997,9508,59.4
TR00992,C012,1871,2958,28.7
TR00992,C012,5418,8063,34.3
TR00992,C014,260,522,86.7
TR00992,C014,6223,6928,63.9
TR00992,C018,1661,4599,56.8
TR00992,C018,5911,6581,41.9
TR00992,C021,1777,9133,81.7
TR00992,C025,543,3066,46.3
TR00992,C025,6654,8115,27.2
TR00992,C027,2307,4938,65.5
TR00992,C027,5457,7749,27.4
TR00992,C044,1088,3037,90.7
TR00992,C044,5816,8615,43.8
TR00993,C010,195,2143,73.5
TR00993,C010,3521,4124,60.2
TR00993,C017,1961,4895,47.6
TR00993,C019,367,5025,76.7
TR00993,C025,1199,1985,64.9
TR00993,C025,3349,4506,56.3
TR00993,C031,1091,4700,73.1
TR00993,C032,1165,2352,98.3
TR00993,C032,3207,5651,90.1
TR00993,C048,1179,1645,93.3
TR00993,C048,3190,4018,87.5
TR00994,C011,760,967,28.4
TR00994,C011,4006,5314,95.6
TR00994,C025,893,1776,33.5
TR00994,C032,837,2557,31.1
TR00994,C032,4512,5952,27.2
TR00994,C040,19,1081,42.2
TR00994,C040,1649,2958,80.1
TR00994,C040,3493,4526,91.8
TR00994,C040,4641,5511,51.1
TR00995,C019,2932,3923,36.4
TR00995,C031,2461,4019,56.0
TR00995,C031,12543,14338,62.3
TR00995,C037,3123,3504,30.9
TR00995,C042,1302,4568,50.5
TR00995,C019,7999,10896,82.2
TR00996,C004,703,3534,41.3
TR00996,C004,7613,10102,33.7
TR00996,C007,131,2596,85.3
TR00996,C007,4594,4873,42.7
TR00996,C007,7483,8699,91.9
TR00996,C010,317,1464,86.6
TR00996,C036,206,8290,71.4
TR00996,C040,0,3895,82.2
TR00996,C041,717,9460,91.4
TR00997,C012,2318,9045,89.6
TR00997,C018,2539,5481,71.0
TR00997,C018,8021,8396,66.1
TR00997,C021,2365,6307,54.2
TR00997,C027,621,2205,44.3
TR00997,C027,3816,4984,95.1
TR00997,C027,6489,6763,45.4
TR00997,C027,8784,9150,68.1
TR00997,C031,93,974,63.4
TR00997,C035,605,2798,32.4
TR00997,C035,2981,4390,67.4
TR00997,C035,6052,6509,45.7
TR00997,C035,9366,9981,53.7
TR00997,C037,5479,6686,65.9
TR00997,C046,294,1234,27.7
TR00997,C046,7653,7953,39.9
TR00998,C010,3325,5551,83.9
TR00998,C018,7882,10280,82.7
TR00998,C022,6293,9026,29.3
TR00998,C028,4879,6757,95.2
TR00998,C037,4786,5094,78.5
TR00998,C041,4617,7478,59.2
TR00998,C041,12720,13756,86.4
TR00999,C015,6860,9108,69.3
TR00999,C017,0,6633,38.6
TR00999,C020,814,1062,40.6
TR00999,C029,1640,5434,42.4
TR00999,C029,10217,12017,47.1
TR00999,C040,3715,4070,78.8
TR00999,C041,4503,6054,36.7
TR00999,C041,9610,13479,58.1
TR00999,C043,4132,7124,76.7
TR00999,C043,10705,10973,84.8
TR00999,C046,694,1827,87.7
TR00999,C046,4632,6442,45.6
TR00999,C046,10073,12529,79.2
TR00999,C046,15027,17185,84.7
TR01000,C011,686,1322,86.4
TR01000,C011,3503,4705,87.0
TR01000,C011,6674,8428,68.8
TR01000,C011,8987,9485,42.2
TR01000,C025,1737,5470,28.5
TR01000,C025,8489,9102,85.2
TR01000,C027,3868,4318,42.3
TR01000,C028,0,1751,63.0
TR01000,C030,3176,6331,85.8
TR01001,C007,7092,9933,85.2
TR01001,C021,5955,8102,78.0
TR01001,C024,2930,4806,91.4
TR01001,C024,9641,10944,94.8
TR01001,C041,1051,4465,31.5
TR01001,C047,1547,14742,65.7
TR01001,C050,2260,2810,64.3
TR01001,C050,11440,12885,33.7
TR01002,C020,101,3686,35.5
TR01002,C020,5518,6972,98.3
TR01002,C021,1602,7447,97.8
TR01002,C022,1337,3914,49.7
TR01002,C022,4845,6969,28.0
TR01002,C036,247,3015,65.3
TR01002,C036,5793,7745,89.9
TR01002,C050,3590,4922,96.6
TR01003,C012,1054,2919,95.0
TR01003,C012,3448,4636,55.2
TR01003,C029,708,1733,86.6
TR01003,C029,4325,4857,28.1
TR01003,C036,1386,2020,70.5
TR01003,C036,3828,5074,29.3
TR01003,C038,1617,2765,51.6
TR01003,C038,4956,5992,94.6
TR01003,C041,2428,5290,28.3
TR01003,C048,295,663,91.0
TR01003,C048,4651,6285,79.9
TR01004,C004,3229,6543,56.7
TR01004,C008,4526,7703,75.3
TR01004,C009,622,1639,54.7
TR01004,C009,2779,3801,49.6
TR01004,C009,6111,7178,91.1
TR01004,C009,8039,8893,57.5
TR01004,C014,0,4255,44.3
TR01004,C032,926,9546,77.2
TR01004,C048,777,4100,47.2
TR01004,C048,7204,9271,89.5
TR01005,C008,1069,3461,65.9
TR01005,C008,8776,12182,29.0
TR01005,C010,769,3211,71.6
TR01005,C010,4437,6503,66.2
TR01005,C010,7579,9784,49.4
TR01005,C010,10515,12805,90.3
TR01005,C017,2147,10491,76.0
TR01005,C028,0,2763,44.9
TR01005,C038,129,3765,71.2
TR01005,C038,8123,8911,49.3
TR01005,C048,2431,3143,25.2
TR01005,C048,9759,12664,78.8
TR01006,C016,140,2013,53.9
TR01006,C031,722,2534,90.8
TR01006,C031,3631,6104,64.2
TR01006,C033,506,991,67.8
TR01006,C033,2774,3499,83.1
TR01006,C033,4777,7068,58.2
TR01006,C037,796,1963,85.7
TR01006,C037,3757,6918,59.7
TR01006,C038,1081,3530,32.1
TR01006,C047,1420,6672,71.7
TR01007,C016,2625,3251,70.5
TR01007,C016,7889,10375,33.6
TR01007,C017,3514,6420,30.1
TR01007,C017,9275,11216,40.2
TR01007,C021,4752,6512,25.1
TR01007,C040,118,3055,69.1
TR01007,C040,11226,11839,27.7
TR01007,C044,639,957,62.8
TR01008,C018,3831,6912,33.1
TR01008,C023,578,1771,85.8
TR01008,C027,1105,3106,48.2
TR01008,C027,7992,8679,49.8
TR01008,C038,1638,2813,47.8
TR01008,C038,10034,10878,82.4
TR01009,C006,0,4759,74.2
TR01009,C027,31,2555,39.3
TR01009,C027,6427,9220,80.5
TR01009,C033,3423,6341,90.7
TR01009,C042,3813,5829,31.4
TR01009,C049,0,4822,25.9
TR01010,C005,2083,3638,88.2
TR01010,C005,6768,9294,43.1
TR01010,C009,2537,3724,43.3
TR01010,C009,7248,8400,34.1
TR01010,C017,2394,3343,89.9
TR01010,C017,6757,10288,30.8
TR01010,C023,1086,3724,20.0
TR01010,C023,6272,6488,73.0
TR01010,C028,1318,2384,36.2
TR01010,C028,5919,6542,55.7
TR01010,C036,504,2405,89.4
TR01010,C036,3243,4718,69.9
TR01010,C036,5622,6851,73.2
TR01010,C036,8513,9862,97.5
TR01010,C042,1430,4762,85.6
TR01010,C042,7003,7823,35.2
TR01010,C005,6447,10301,84.7
TR01011,C005,1228,2056,38.5
TR01011,C005,6312,8439,68.7
TR01011,C022,5253,8728,34.3
TR01011,C029,193,8495,78.1
TR01011,C035,1877,9986,68.8
TR01012,C002,78,1996,45.1
TR01012,C002,3932,4276,97.1
TR01012,C014,627,1062,65.5
TR01012,C018,745,1860,35.6
TR01012,C018,3533,5303,69.8
TR01012,C021,1666,3401,91.2
TR01012,C025,355,1243,90.6
TR01012,C025,1573,2217,43.9
TR01012,C025,3275,3751,98.8
TR01012,C025,4460,5237,50.5
TR01012,C039,375,1192,49.0
TR01012,C039,2161,2499,70.4
TR01012,C039,4296,4587,50.9
TR01013,C004,1094,1975,90.9
TR01013,C004,4964,6322,64.1
TR01013,C004,7942,9851,41.6
TR01013,C004,12881,13365,66.9
TR01013,C010,0,1430,87.6
TR01013,C015,2899,6708,63.4
TR01013,C018,2672,11875,76.4
TR01013,C030,446,3796,66.8
TR01013,C030,10235,10886,63.2
TR01013,C037,3069,5061,23.3
TR01013,C037,9433,10639,81.0
TR01014,C010,1605,3560,62.8
TR01014,C010,12921,16597,68.8
TR01014,C023,5286,8516,32.9
TR01014,C028,7720,9091,86.1
TR01014,C032,3314,3788,68.2
TR01014,C032,9315,10523,64.7
TR01014,C039,599,17909,67.1
TR01015,C035,1995,2997,77.9
TR01015,C039,730,2464,42.5
TR01015,C039,4404,6596,54.2
TR01015,C039,8099,10470,53.8
TR01015,C041,2951,6558,45.3
TR01015,C045,689,4028,84.1
TR01015,C045,6333,8314,99.2
TR01015,C047,3695,7032,74.4
TR01016,C007,3983,6054,71.8
TR01016,C007,11858,13542,50.1
TR01016,C017,563,16136,62.6
TR01016,C020,1747,3182,38.8
TR01016,C020,7637,9142,37.2
TR01016,C020,14270,15365,45.1
TR01016,C036,492,1422,91.2
TR01016,C036,6002,8099,55.8
TR01016,C036,9897,11569,39.0
TR01016,C036,15102,17487,93.9
TR01016,C038,4107,5861,21.7
TR01016,C042,639,3357,55.9
TR01016,C047,2068,2965,68.2
TR01016,C047,10315,12866,92.3
TR01017,C007,458,10291,79.5
TR01017,C021,175,3272,86.5
TR01017,C021,7149,9080,59.3
TR01017,C022,1733,4822,58.1
TR01017,C032,1332,8164,68.6
TR01017,C035,5010,6834,20.5
TR01017,C044,2569,3210,49.9
TR01017,C044,5662,8339,26.0
TR01018,C003,702,1061,75.0
TR01018,C003,9900,10712,88.1
TR01018,C009,7099,8439,68.8
TR01018,C010,7985,11364,64.9
TR01018,C018,3174,13730,63.3
TR01018,C024,2374,4519,71.5
TR01018,C028,2487,13662,93.4
TR01018,C048,937,15857,84.0
TR01019,C001,1145,5453,76.2
TR01019,C003,0,1761,64.8
TR01019,C010,428,3360,41.3
TR01019,C010,5016,6814,98.7
TR01019,C036,2899,3547,69.8
TR01019,C038,732,2845,22.6
TR01019,C038,4937,5954,20.3
TR01019,C041,0,542,58.6
TR01019,C047,900,2314,27.4
TR01019,C047,4923,5483,80.1
TR01020,C006,0,2348,86.0
TR01020,C007,0,2393,30.9
TR01020,C008,627,3119,70.8
TR01020,C008,5483,5694,94.1
TR01020,C012,222,2457,38.2
TR01020,C012,4917,6551,90.2
TR01020,C020,3425,7239,64.0
TR01020,C027,414,1276,93.7
TR01020,C027,2706,4358,37.3
TR01020,C027,5033,5813,44.5
TR01020,C028,0,1122,62.4
TR01020,C033,1339,3015,52.2
TR01020,C033,4099,7384,54.1
TR01021,C002,1335,2359,47.9
TR01021,C002,11640,14467,34.2
TR01021,C007,678,2166,69.9
TR01021,C029,2259,14922,92.2
TR01021,C034,2247,5695,51.1
TR01022,C002,2170,3232,69.6
TR01022,C002,8934,9175,81.7
TR01022,C013,5673,6160,63.7
TR01022,C017,1342,11341,64.1
TR01022,C018,2933,4376,77.1
TR01022,C030,922,3489,87.6
TR01022,C030,6191,9248,55.6
TR01023,C017,8554,11481,78.4
TR01023,C024,2316,5862,79.8
TR01023,C024,9252,11065,27.8
TR01023,C028,3724,4629,98.9
TR01023,C028,12957,14481,81.4
TR01023,C046,3596,5907,21.2
TR01024,C003,822,2009,48.0
TR01024,C007,2170,4115,31.2
TR01024,C007,8027,9756,63.5
TR01024,C008,0,4618,32.0
TR01024,C022,1560,4154,79.1
TR01024,C022,6097,9982,68.5
TR01024,C031,527,1026,87.2
TR01024,C031,4985,6046,36.6
TR01024,C031,8235,10129,78.5
TR01024,C035,3220,5648,34.6
TR01024,C043,2958,5919,34.4
TR01024,C043,7145,8640,28.3
TR01025,C004,2140,5169,25.4
TR01025,C004,11188,14139,50.8
TR01025,C008,6326,9817,41.4
TR01025,C027,5258,6794,23.1
TR01025,C039,1743,2656,39.2
TR01025,C039,8447,9013,60.4
TR01025,C040,547,3948,27.1
TR01025,C040,10788,13076,31.0
TR01025,C042,0,4707,35.8
TR01025,C047,458,1449,59.3
TR01025,C047,4181,6343,45.5
TR01025,C047,8049,9396,43.4
TR01025,C047,12713,14894,92.8
TR01026,C015,1809,2524,66.8
TR01026,C015,4578,4931,33.9
TR01026,C019,0,1078,67.0
TR01026,C039,1318,2259,60.0
TR01026,C039,4315,6578,94.5
TR01026,C044,1520,2870,94.7
TR01026,C044,5350,5807,81.3
TR01026,C050,1164,4019,85.5
TR01027,C016,338,7588,84.7
TR01027,C024,550,1344,59.7
TR01027,C024,4512,7337,95.4
TR01027,C028,1172,4634,79.1
TR01027,C042,1869,2588,98.9
TR01027,C042,5101,7526,37.6
TR01028,C002,1206,4138,39.6
TR01028,C002,8231,10357,36.4
TR01028,C005,5458,7121,41.0
TR01028,C013,3911,4487,35.1
TR01028,C036,1966,3605,50.6
TR01028,C036,6536,8728,80.1
TR01028,C041,12,3030,45.7
TR01028,C041,8384,8798,26.2
TR01028,C050,4750,6261,44.6
TR01028,C002,3152,7554,81.4
TR01029,C022,2660,2925,61.6
TR01029,C022,8356,8743,72.1
TR01029,C031,133,472,73.4
TR01029,C031,6178,8200,54.6
TR01029,C036,1326,2255,51.8
TR01029,C036,6974,8162,95.6
TR01029,C039,938,2828,27.9
TR01029,C039,8888,9380,96.7
TR01030,C015,401,3071,97.7
TR01030,C019,1453,4600,56.0
TR01030,C031,3038,3874,54.1
TR01030,C031,9890,11496,84.1
TR01030,C033,4299,5588,94.9
TR01030,C033,11370,12097,92.5
TR01030,C047,7799,11097,98.2
TR01031,C010,1469,3500,96.7
TR01031,C010,9610,11729,36.4
TR01031,C012,6657,7571,61.7
TR01031,C018,2691,6160,90.9
TR01031,C021,0,7666,66.1
TR01031,C032,227,12367,83.0
TR01032,C003,1673,13565,81.9
TR01032,C008,1108,3036,61.6
TR01032,C019,1573,15730,62.4
TR01032,C022,2698,5724,43.8
TR01032,C024,698,4336,86.4
TR01032,C024,11974,14152,51.6
TR01032,C026,5610,6066,80.1
TR01033,C006,1128,2739,96.6
TR01033,C006,4260,4509,88.4
TR01033,C006,8281,8711,45.1
TR01033,C006,13634,14046,35.5
TR01033,C011,1294,15555,90.1
TR01033,C019,1634,3392,98.8
TR01033,C022,4494,7181,53.9
TR01033,C026,150,1964,22.6
TR01033,C027,1551,2189,89.3
TR01033,C027,6922,7497,81.1
TR01033,C027,11963,12925,57.5
TR01033,C039,5826,8441,62.8
TR01033,C042,1172,2943,89.9
TR01033,C042,6575,7498,39.8
TR01033,C042,11220,12667,50.3
TR01034,C007,1267,3752,73.5
TR01034,C007,10565,12377,71.9
TR01034,C018,418,2936,61.8
TR01034,C023,3485,3763,56.0
TR01034,C023,9214,12606,41.3
TR01034,C031,2339,3851,69.4
TR01034,C031,7632,10657,47.2
TR01034,C050,1979,5368,62.8
TR01034,C007,0,6435,63.3
TR01035,C001,2533,14611,71.4
TR01035,C012,90,3376,65.6
TR01035,C028,1987,4498,68.2
TR01035,C028,10960,13877,43.0
TR01035,C044,4478,8170,57.2
TR01036,C015,0,2554,48.7
TR01036,C020,1065,1840,54.9
TR01036,C020,5774,6355,45.5
TR01036,C020,12597,13923,74.5
TR01036,C029,1457,3944,95.9
TR01036,C029,7115,8100,80.2
TR01036,C029,12568,14767,94.3
TR01036,C030,1285,3355,41.0
TR01036,C030,4379,6641,34.1
TR01036,C030,9214,10079,75.2
TR01036,C030,13027,14387,75.6
TR01036,C035,128,3107,40.9
TR01036,C035,11494,14953,67.6
TR01036,C039,1162,3901,48.5
TR01036,C039,10722,13948,67.9
TR01037,C013,3135,17042,79.6
TR01037,C019,0,8041,58.9
TR01037,C027,470,4380,75.3
TR01037,C027,13453,14485,75.3
TR01037,C031,0,4167,73.2
TR01037,C037,2330,6298,44.6
TR01037,C037,14099,15235,83.4
TR01037,C043,1702,2072,39.0
TR01037,C043,7139,9446,71.5
TR01037,C043,14747,17005,86.7
TR01037,C045,0,9228,84.1
TR01038,C002,76,1428,90.2
TR01038,C002,3665,4256,30.3
TR01038,C002,5905,6514,61.4
TR01038,C005,561,1580,64.3
TR01038,C005,4852,5600,39.3
TR01038,C009,464,8578,95.6
TR01038,C011,2242,4509,94.6
TR01038,C033,1603,3747,53.1
TR01038,C033,6368,8054,45.6
TR01038,C043,1028,7764,74.7
TR01038,C044,682,1776,86.5
TR01038,C045,1676,2792,63.1
TR01038,C045,5943,7541,75.8
TR01039,C002,822,1101,83.0
TR01039,C002,5462,5840,48.2
TR01039,C021,1455,3772,78.0
TR01039,C031,473,2129,94.5
TR01039,C031,2420,3098,33.6
TR01039,C031,4762,5748,89.9
TR01039,C031,6443,7809,69.2
TR01039,C041,1972,3352,88.5
TR01040,C005,2973,3379,36.0
TR01040,C012,2456,4891,37.0
TR01040,C012,10276,10747,52.1
TR01040,C019,2226,5235,74.3
TR01040,C023,1360,5355,38.5
TR01040,C023,14352,16137,77.8
TR01040,C026,0,1316,32.4
TR01040,C044,773,4422,91.7
TR01040,C044,11210,14843,99.9
TR01040,C046,1339,4077,73.4
TR01040,C046,12964,16724,29.3
TR01040,C050,3071,19452,95.8
TR01041,C002,150,4067,66.1
TR01041,C005,1053,2396,20.8
TR01041,C005,2804,5022,35.7
TR01041,C016,746,5177,61.9
TR01041,C025,493,2168,84.2
TR01041,C025,3230,5229,51.1
TR01041,C032,21,4636,96.6
TR01041,C034,537,2034,57.7
TR01041,C034,2740,4592,69.5
TR01042,C007,667,4129,58.7
TR01042,C007,9238,10770,33.8
TR01042,C020,4512,8229,84.0
TR01042,C022,46,1232,99.9
TR01042,C039,440,1534,88.0
TR01042,C039,6211,8440,41.8
TR01042,C039,10419,11155,56.3
TR01043,C003,4329,6044,83.5
TR01043,C003,13467,15002,63.7
TR01043,C018,1856,14450,85.4
TR01043,C019,2807,6729,49.5
TR01043,C019,10853,11087,39.2
TR01043,C021,1590,3513,73.1
TR01043,C025,2146,2767,64.7
TR01043,C025,12841,14793,86.2
TR01043,C042,0,7941,51.8
TR01044,C013,3077,3538,59.6
TR01044,C013,7537,9940,39.7
TR01044,C024,3971,4592,32.1
TR01044,C026,406,1305,73.6
TR01044,C026,7491,10077,23.6
TR01044,C030,0,4816,44.2
TR01044,C036,3704,5278,48.9
TR01044,C049,1611,2036,70.8
TR01044,C049,9170,10981,77.9
TR01044,C050,4820,8742,54.3
TR01045,C003,2729,2990,62.2
TR01045,C010,1146,2054,66.3
TR01045,C010,4180,5174,40.1
TR01045,C032,337,4684,94.0
TR01045,C044,824,1998,30.2
TR01045,C044,3678,4084,89.4
TR01046,C004,1671,11273,96.3
TR01046,C012,2817,3198,38.9
TR01046,C012,8192,10605,70.4
TR01046,C013,671,4367,78.6
TR01046,C016,60,750,85.9
TR01046,C016,6522,9060,45.5
TR01046,C031,2144,2905,55.2
TR01046,C046,5219,6402,68.2
TR01047,C009,50,2896,91.7
TR01047,C009,6594,10204,42.3
TR01047,C014,762,3597,40.7
TR01047,C015,1435,5116,84.0
TR01047,C019,1179,9272,70.4
TR01047,C020,5174,6749,42.8
TR01047,C024,0,1234,70.4
TR01047,C033,1608,5185,20.0
TR01047,C047,5638,6678,55.0
TR01048,C009,324,15560,80.2
TR01048,C011,3659,5729,22.4
TR01048,C011,10416,14280,78.9
TR01048,C013,960,1818,71.5
TR01048,C018,2543,3263,35.5
TR01048,C018,10491,12786,42.1
TR01048,C039,733,2370,71.2
TR01048,C039,10555,11280,63.4
TR01048,C042,5281,6976,40.9
TR01048,C044,2848,5874,33.0
TR01048,C048,2119,4455,27.3
TR01048,C048,8961,9908,47.9
TR01049,C006,541,1112,51.4
TR01049,C006,2390,3000,70.5
TR01049,C006,4153,4595,51.3
TR01049,C006,6016,6569,50.3
TR01049,C014,3419,5452,59.6
TR01049,C017,3613,7168,89.1
TR01049,C028,0,3086,31.2
TR01049,C034,447,1243,52.5
TR01049,C034,5245,6808,23.8
TR01049,C039,176,1964,73.8
TR01049,C042,840,2536,96.6
TR01049,C042,3764,5288,85.2
TR01049,C048,250,538,80.3
TR01049,C048,4198,4625,26.1
TR01050,C005,265,522,72.9
TR01050,C005,3048,4470,96.6
TR01050,C018,1119,1757,27.8
TR01050,C018,3656,4966,97.0
TR01050,C019,904,1909,64.5
TR01050,C019,3035,5009,21.9
TR01050,C020,1255,1832,82.3
TR01050,C020,3732,4817,55.3
TR01050,C022,508,4078,85.2
TR01050,C024,111,567,81.9
TR01051,C004,573,12525,82.5
TR01051,C013,2511,6179,64.4
TR01051,C013,6835,7060,26.6
TR01051,C026,31,1191,87.8
TR01051,C026,8440,11694,85.1
TR01051,C028,1626,3059,97.3
TR01051,C030,2816,5464,21.0
TR01051,C030,7945,10269,41.3
TR01052,C010,346,1822,58.7
TR01052,C010,7080,7383,28.8
TR01052,C016,196,1979,87.1
TR01052,C016,5844,8045,45.1
TR01052,C016,8872,10579,60.9
TR01052,C046,2564,3219,26.2
TR01052,C046,7535,10846,71.1
TR01052,C049,0,4024,67.9
TR01053,C010,592,2807,42.2
TR01053,C016,249,1927,88.8
TR01053,C016,2473,4016,85.1
TR01053,C016,4454,4770,50.7
TR01053,C016,6426,7479,58.9
TR01053,C025,1951,3357,40.7
TR01053,C025,5868,7134,63.1
TR01053,C028,1702,2853,21.2
TR01053,C028,4452,5615,20.8
TR01053,C032,830,2076,33.6
TR01053,C032,4493,5177,88.6
TR01053,C036,1830,2249,95.9
TR01053,C036,4461,5575,55.9
TR01053,C041,0,3130,74.5
TR01054,C011,1141,4681,28.1
TR01054,C011,6526,8215,53.7
TR01054,C018,858,4177,99.1
TR01054,C018,5706,8903,59.6
TR01054,C021,762,3817,27.3
TR01054,C021,7122,8948,93.3
TR01054,C036,1938,4383,62.8
TR01054,C042,357,1779,80.5
TR01055,C020,1592,4092,97.5
TR01055,C022,56,1840,65.0
TR01055,C030,253,1279,57.6
TR01055,C030,11835,12358,51.7
TR01055,C037,784,1301,27.5
TR01055,C039,3810,7756,68.2
TR01055,C039,8440,11222,60.2
TR01055,C049,4182,4573,86.5
TR01056,C003,592,4177,20.7
TR01056,C003,10637,14478,33.8
TR01056,C016,0,784,80.4
TR01056,C018,1098,1665,58.5
TR01056,C018,11546,14440,66.1
TR01056,C029,0,4580,42.7
TR01056,C031,3898,7597,88.2
TR01056,C033,6111,6664,70.3
TR01056,C036,1451,14051,66.7
TR01056,C046,3261,4601,96.3
TR01056,C046,8388,8836,72.7
TR01057,C011,534,736,42.4
TR01057,C011,3783,4827,96.4
TR01057,C021,1064,1981,83.7
TR01057,C024,1343,1798,66.6
TR01057,C024,3625,3971,80.5
TR01057,C033,75,836,41.4
TR01057,C033,3499,4537,80.6
TR01057,C034,94,1762,58.1
TR01057,C034,3589,5169,81.8
TR01057,C035,506,1083,64.4
TR01058,C005,1797,4912,69.7
TR01058,C005,9385,9731,87.2
TR01058,C028,5287,5881,32.5
TR01058,C040,3403,3964,96.5
TR01058,C047,3402,7308,38.9
TR01059,C001,105,3803,30.0
TR01059,C001,5945,7001,69.8
TR01059,C007,0,3950,35.1
TR01059,C008,883,1532,80.3
TR01059,C008,3702,4955,94.0
TR01059,C008,6009,6568,89.3
TR01059,C018,901,2071,87.4
TR01059,C018,4509,6473,78.8
TR01059,C037,3980,4463,25.9
TR01059,C046,4093,5242,52.4
TR01059,C047,3914,5239,77.2
TR01060,C007,2206,4498,60.2
TR01060,C017,504,1956,46.5
TR01060,C022,1362,14847,68.1
TR01060,C038,1352,2521,27.7
TR01060,C038,12054,14246,50.4
TR01060,C039,1396,3056,73.0
TR01060,C039,6476,8828,46.5
TR01060,C039,12683,13666,59.4
TR01060,C040,676,1692,56.9
TR01060,C007,6418,13600,79.8
TR01061,C029,8529,9723,26.3
TR01061,C033,6856,7651,92.9
TR01061,C035,4443,5812,54.0
TR01061,C035,12133,12981,34.5
TR01061,C038,984,2207,52.6
TR01061,C038,11203,12522,65.1
TR01061,C045,3855,4837,94.2
TR01061,C045,10141,14037,87.0
TR01061,C046,753,1247,29.4
TR01061,C048,3403,14430,63.3
TR01061,C050,2483,4683,60.2
TR01061,C050,9754,11719,45.2
TR01062,C009,1011,4317,63.3
TR01062,C022,2338,4414,45.1
TR01062,C022,10541,13924,64.6
TR01062,C027,3644,7004,52.1
TR01062,C027,9204,12124,52.5
TR01062,C028,4337,5848,74.0
TR01062,C048,2306,3264,90.4
TR01062,C048,11399,11607,72.4
TR01063,C004,524,3504,66.7
TR01063,C005,570,1360,79.3
TR01063,C014,5802,7809,32.9
TR01063,C028,3020,6872,98.8
TR01063,C031,5218,8729,82.2
TR01063,C032,3143,5923,76.5
TR01063,C032,11271,12873,28.0
TR01064,C002,2146,3759,28.6
TR01064,C002,5836,6090,83.2
TR01064,C015,0,1857,69.0
TR01064,C022,1632,3200,39.7
TR01064,C022,8036,8872,50.4
TR01064,C033,1474,1707,60.6
TR01064,C033,6004,8999,58.8
TR01065,C001,6072,9994,54.5
TR01065,C026,2671,6225,28.2
TR01065,C027,1403,4552,46.6
TR01065,C027,7885,10234,94.8
TR01065,C028,591,820,23.3
TR01065,C028,8042,11258,73.1
TR01065,C030,0,3748,35.4
TR01065,C034,1382,4845,59.7
TR01065,C034,10645,13293,67.6
TR01065,C036,2991,4567,20.8
TR01065,C036,9853,13781,70.7
TR01065,C043,2754,12894,92.7
TR01066,C005,0,3523,65.8
TR01066,C018,422,13393,72.6
TR01066,C024,0,4632,32.7
TR01066,C027,2214,3134,35.9
TR01066,C027,8907,9485,45.3
TR01066,C028,519,2992,49.8
TR01066,C033,482,2704,77.8
TR01066,C033,4518,5830,72.3
TR01066,C033,8254,10734,64.3
TR01066,C033,11004,12246,78.8
TR01067,C002,4860,5445,99.2
TR01067,C007,1386,2367,55.4
TR01067,C013,162,14577,69.8
TR01067,C020,3672,5940,22.9
TR01067,C023,249,1877,30.6
TR01067,C027,1287,4971,54.6
TR01067,C027,11415,13555,35.1
TR01067,C034,2423,4046,47.2
TR01067,C034,9568,13185,69.4
TR01067,C002,0,7764,87.8
TR01068,C003,1339,1756,24.4
TR01068,C017,1297,3900,75.1
TR01068,C029,348,861,81.9
TR01068,C029,4260,5900,39.2
TR01068,C037,565,5701,72.6
TR01068,C041,1042,2783,99.0
TR01068,C041,3490,5072,24.7
TR01068,C042,1112,3011,27.4
TR01068,C042,4205,5683,92.3
TR01069,C019,679,7972,88.5
TR01069,C022,0,3466,33.8
TR01069,C023,318,651,62.9
TR01069,C023,2634,4083,54.1
TR01069,C023,4717,5742,82.2
TR01069,C023,7393,8105,30.1
TR01069,C027,410,1910,80.9
TR01069,C027,2957,4430,79.4
TR01069,C027,4925,6573,43.8
TR01069,C027,7338,7800,70.5
TR01069,C028,568,1862,66.4
TR01069,C029,1247,2449,72.3
TR01069,C029,5027,5373,74.1
TR01069,C034,264,2837,79.9
TR01069,C034,6354,7481,74.2
TR01070,C006,1372,3254,91.2
TR01070,C006,4658,5469,33.6
TR01070,C015,2846,6347,31.4
TR01070,C019,1583,3406,75.8
TR01070,C019,5029,6464,86.7
TR01070,C027,0,797,80.0
TR01070,C037,209,671,80.2
TR01070,C037,2827,3858,47.3
TR01070,C037,5051,6692,92.7
TR01071,C006,2642,3359,45.9
TR01071,C011,882,4715,21.0
TR01071,C011,10450,10905,79.2
TR01071,C014,5957,7698,77.3
TR01071,C029,742,14874,62.1
TR01072,C004,3195,5361,31.9
TR01072,C004,14081,15978,72.6
TR01072,C016,5347,7620,76.8
TR01072,C024,8058,10979,86.9
TR01072,C025,4165,6223,35.2
TR01072,C026,8884,9871,54.4
TR01072,C028,1841,14756,92.0
TR01072,C044,2319,5824,33.9
TR01072,C044,12628,14585,69.0
TR01073,C002,1673,3887,38.6
TR01073,C004,764,2704,97.4
TR01073,C004,11502,15324,69.4
TR01073,C026,1907,5376,77.8
TR01073,C044,2256,4571,91.8
TR01073,C044,10892,12302,37.6
TR01073,C047,703,19162,95.5
TR01073,C048,5532,9355,70.8
TR01074,C002,512,1611,86.2
TR01074,C002,6429,7842,88.4
TR01074,C013,1827,3835,64.8
TR01074,C013,6508,7183,55.5
TR01074,C019,3609,6776,84.0
TR01074,C031,2739,4584,72.4
TR01074,C031,6720,7844,79.7
TR01074,C032,240,2261,30.8
TR01074,C032,4427,6142,66.5
TR01074,C032,8328,9709,80.9
TR01075,C005,4014,6249,30.6
TR01075,C010,4015,6455,54.4
TR01075,C011,0,3596,78.9
TR01075,C019,1492,9372,76.4
TR01075,C032,366,3955,77.9
TR01075,C039,1091,3940,92.3
TR01075,C039,5447,7596,43.8
TR01075,C042,2077,4175,87.8
TR01075,C042,5309,7132,60.7
TR01075,C047,186,8803,96.3
TR01076,C001,985,2481,67.4
TR01076,C022,1982,5697,83.0
TR01076,C023,939,2563,67.5
TR01076,C023,2911,3995,66.7
TR01076,C024,2827,5529,29.7
TR01077,C009,4578,7680,26.4
TR01077,C009,10989,11449,79.0
TR01077,C015,0,7956,89.4
TR01077,C017,8316,11570,60.6
TR01077,C027,877,3039,97.5
TR01078,C015,1213,2078,45.8
TR01078,C015,9624,11619,48.0
TR01078,C023,0,7375,54.9
TR01078,C036,1269,2463,55.6
TR01078,C036,9748,11107,58.2
TR01078,C045,4565,8428,27.0
TR01079,C007,0,1103,38.7
TR01079,C014,0,1808,47.2
TR01079,C021,222,4965,69.3
TR01079,C027,656,4923,86.9
TR01079,C031,934,1733,76.8
TR01079,C031,3489,5286,81.9
TR01079,C037,362,1400,37.2
TR01079,C037,1760,2499,57.2
TR01079,C037,2949,4230,44.7
TR01079,C037,4432,4669,94.0
TR01079,C044,912,1435,79.1
TR01079,C044,3991,4761,64.6
TR01080,C005,2080,2860,78.8
TR01080,C005,9859,12098,97.4
TR01080,C023,7734,10399,46.6
TR01080,C042,500,880,41.9
TR01080,C048,1175,14429,74.3
TR01081,C003,694,3436,93.3
TR01081,C017,0,2228,58.2
TR01081,C021,3496,6700,77.3
TR01081,C021,12284,15411,44.0
TR01081,C031,1299,4389,80.3
TR01081,C042,1371,2691,66.9
TR01081,C042,11494,13578,55.0
TR01082,C006,4755,8207,71.0
TR01082,C015,3382,3642,37.9
TR01082,C017,3460,17055,64.8
TR01082,C031,1831,2112,40.3
TR01082,C042,964,3103,63.9
TR01082,C042,11462,13364,98.2
TR01083,C008,1107,1784,95.1
TR01083,C008,13611,17074,63.0
TR01083,C022,2881,3151,41.9
TR01083,C022,11909,14724,73.8
TR01083,C033,587,2450,82.9
TR01083,C033,5927,7883,34.6
TR01083,C033,10534,12585,82.9
TR01083,C033,16467,18889,33.8
TR01083,C045,1498,3667,56.2
TR01083,C045,12441,12906,57.4
TR01083,C049,101,1567,62.7
TR01083,C049,5767,7711,91.4
TR01083,C049,10446,11183,66.2
TR01083,C049,16526,17968,71.3
TR01084,C002,0,6405,81.0
TR01084,C008,972,1628,35.9
TR01084,C008,4156,5172,61.9
TR01084,C008,7531,10022,40.2
TR01084,C008,10739,13013,87.9
TR01084,C013,156,1371,74.7
TR01084,C013,7142,10282,77.6
TR01084,C016,2818,4134,50.2
TR01084,C016,7802,11015,41.9
TR01084,C031,4116,7052,59.6
TR01084,C035,3331,4483,50.1
TR01084,C035,8152,11699,50.8
TR01084,C036,0,3248,76.6
TR01084,C046,888,3291,79.7
TR01084,C046,8259,9118,30.1
TR01085,C004,1682,3500,53.4
TR01085,C004,8501,10667,36.3
TR01085,C004,14837,15960,86.9
TR01085,C011,5529,6078,24.8
TR01085,C020,1368,2601,38.4
TR01085,C020,10488,12713,58.3
TR01085,C038,3910,6805,25.4
TR01085,C011,6555,12972,64.6
TR01086,C010,2245,3785,80.4
TR01086,C010,9683,13351,31.7
TR01086,C036,2732,3099,75.4
TR01086,C044,6287,9185,82.3
TR01086,C049,731,4024,91.4
TR01087,C001,3905,5982,63.5
TR01087,C021,373,3255,42.1
TR01087,C021,7841,11663,85.0
TR01087,C037,0,3133,79.5
TR01087,C048,2921,5062,40.4
TR01087,C048,8254,9502,81.5
TR01088,C007,320,1475,64.4
TR01088,C007,11977,12383,27.9
TR01088,C012,8710,10437,92.0
TR01088,C025,4584,7226,49.6
TR01088,C029,8197,9577,24.7
TR01088,C037,1867,18269,77.8
TR01089,C009,3440,4032,33.4
TR01089,C009,8594,11029,50.2
TR01089,C023,0,5646,31.6
TR01089,C025,2727,6560,51.5
TR01089,C025,9286,12057,88.2
TR01089,C042,1681,5413,47.3
TR01089,C042,12620,13884,62.4
TR01089,C045,6702,9641,56.9
TR01089,C046,1529,5106,29.0
TR01089,C048,3316,12789,72.4
TR01090,C011,0,4912,39.4
TR01090,C022,935,2895,43.6
TR01090,C022,6254,7979,31.3
TR01090,C042,793,1729,83.2
TR01090,C048,686,3602,80.2
TR01090,C048,5470,6814,30.2
TR01091,C001,934,2727,26.3
TR01091,C001,11505,15212,75.6
TR01091,C002,2728,5742,35.4
TR01091,C025,5321,7175,26.3
TR01091,C031,315,1974,59.2
TR01091,C036,6040,7848,49.0
TR01091,C045,105,1729,96.1
TR01091,C045,9410,10545,43.3
TR01092,C028,1653,5127,63.5
TR01092,C031,789,1133,61.1
TR01092,C031,3244,4606,83.8
TR01092,C034,87,1519,46.7
TR01092,C034,2981,4000,87.4
TR01092,C035,0,1619,38.6
TR01092,C040,1682,3276,28.8
TR01093,C001,802,1700,74.9
TR01093,C001,3561,3783,84.0
TR01093,C009,707,1567,37.2
TR01093,C009,2828,3676,75.7
TR01093,C024,64,1655,24.8
TR01093,C024,2778,4594,55.7
TR01093,C036,2191,4664,57.2
TR01093,C041,1257,2312,64.0
TR01093,C041,2849,4046,54.9
TR01093,C050,347,1379,53.3
TR01093,C050,2859,3246,99.7
TR01094,C001,1893,2230,31.3
TR01094,C008,336,2407,49.8
TR01094,C008,9634,10517,65.5
TR01094,C012,921,4500,81.3
TR01094,C012,8475,9262,31.9
TR01094,C023,2627,3931,74.9
TR01094,C023,9279,12992,63.7
TR01094,C032,4009,4213,23.6
TR01094,C037,2926,6698,32.2
TR01094,C040,2172,4123,80.7
TR01094,C040,8255,9120,84.9
TR01095,C024,2411,5532,68.4
TR01095,C024,6113,8570,66.5
TR01095,C025,2621,3686,24.5
TR01095,C025,6743,9700,91.0
TR01095,C026,1613,2185,46.5
TR01095,C030,3623,6105,50.9
TR01095,C043,2198,5548,34.7
TR01095,C043,7664,9742,67.0
TR01095,C048,3449,6574,60.7
TR01096,C008,750,1137,92.9
TR01096,C008,8217,10011,37.5
TR01096,C008,14706,15188,42.7
TR01096,C011,2918,3961,29.7
TR01096,C011,13439,16648,75.6
TR01096,C015,0,7375,56.7
TR01096,C031,3758,6469,87.3
TR01096,C031,11345,13863,81.4
TR01096,C033,1296,3762,84.5
TR01096,C033,14354,17951,79.6
TR01096,C036,2350,4358,50.4
TR01096,C036,10471,13726,57.6
TR01096,C037,0,4902,35.1
TR01096,C049,6574,10086,21.2
TR01097,C004,337,3338,73.3
TR01097,C004,6448,9735,64.3
TR01097,C028,303,1663,75.3
TR01097,C028,3999,5281,56.8
TR01097,C028,6690,7211,32.4
TR01097,C028,10482,12394,99.1
TR01097,C035,604,1190,28.6
TR01097,C038,504,1854,81.6
TR01097,C038,9072,11105,91.8
TR01097,C042,1615,10106,64.4
TR01097,C048,64,2922,89.4
TR01097,C048,8538,8984,31.5
TR01098,C003,4771,5338,54.5
TR01098,C019,529,2275,68.3
TR01098,C019,12093,12433,43.7
TR01098,C027,0,4147,84.6
TR01098,C041,4519,6230,92.3
TR01098,C041,11805,12263,74.2
TR01098,C003,12442,19282,80.5
TR01099,C001,270,1909,44.6
TR01099,C001,2978,3516,40.4
TR01099,C006,378,1226,27.1
TR01099,C006,3633,4248,26.5
TR01099,C011,353,1416,67.5
TR01099,C011,2850,3964,35.4
TR01099,C023,1349,2615,66.2
TR01099,C024,1217,2118,22.5
TR01099,C024,3401,4548,41.3
TR01099,C026,49,317,46.7
TR01099,C026,2295,2932,94.5
TR01099,C026,3522,4138,41.8
TR01099,C041,1585,2388,52.2
TR01099,C049,406,933,53.9
TR01099,C049,1976,2380,35.6
TR01099,C049,3671,5144,43.7
TR01100,C002,974,3392,78.7
TR01100,C002,6270,7360,41.7
TR01100,C002,13845,14190,50.2
TR01100,C014,6793,10547,99.9
TR01100,C032,2929,6383,73.3
TR01100,C032,13720,15544,88.6
TR01100,C046,6114,6630,67.2
TR01100,C047,1484,4216,53.2
TR01100,C048,1377,3226,96.2
TR01100,C048,7649,9381,95.1
TR01100,C048,13238,13747,52.0
TR01101,C008,819,5397,64.7
TR01101,C010,2269,3639,99.6
TR01101,C023,177,1296,58.8
TR01101,C029,2747,3117,31.0
TR01101,C049,109,1419,31.3
TR01101,C049,4539,4906,67.7
TR01102,C014,1983,5242,70.2
TR01102,C014,10194,10743,64.1
TR01102,C018,2858,6584,30.0
TR01102,C018,10080,13834,34.2
TR01102,C019,40,13537,60.3
TR01102,C035,57,2002,97.2
TR01102,C035,6365,7644,34.4
TR01102,C035,10530,11905,61.3
TR01102,C037,3551,5404,91.8
TR01102,C037,9611,12215,82.4
TR01102,C042,797,12849,88.3
TR01102,C047,1690,5029,46.3
TR01102,C047,9921,10478,91.6
TR01103,C005,2803,5995,91.7
TR01103,C005,11218,11457,96.9
TR01103,C010,3041,15113,92.4
TR01103,C013,612,3905,82.7
TR01103,C013,10678,13804,63.1
TR01103,C021,3651,15519,78.2
TR01103,C038,1269,2320,86.2
TR01103,C038,10694,11769,52.5
TR01103,C041,890,4078,71.6
TR01103,C041,10294,12335,55.7
TR01103,C045,4248,4791,65.5
TR01103,C045,12279,12510,40.6
TR01103,C049,2155,2663,50.2
TR01103,C049,13008,15650,70.1
TR01104,C008,1275,2264,69.2
TR01104,C008,8700,12625,52.2
TR01104,C019,169,3112,69.0
TR01104,C019,9569,10849,56.0
TR01104,C020,3005,4409,44.4
TR01104,C020,7974,10322,57.6
TR01104,C030,1195,5187,23.9
TR01104,C030,8245,9523,86.5
TR01104,C035,1306,4856,47.1
TR01104,C035,7881,9236,90.2
TR01104,C038,2453,11117,95.8
TR01105,C019,770,4628,92.3
TR01105,C024,1079,1629,86.2
TR01105,C028,355,1104,78.9
TR01105,C028,1684,2279,64.5
TR01105,C028,2723,3066,60.0
TR01105,C028,3926,4880,87.8
TR01105,C030,1064,2012,78.6
TR01105,C030,3582,3886,87.7
TR01105,C032,326,1504,36.4
TR01105,C032,3451,4106,34.8
TR01105,C037,628,4271,69.8
TR01106,C023,0,2720,70.7
TR01106,C029,2816,3140,39.1
TR01106,C038,1225,2424,22.3
TR01106,C043,152,1941,89.6
TR01106,C043,6543,7171,75.3
TR01106,C047,1473,1831,57.4
TR01106,C047,5590,9345,64.4
TR01107,C017,1820,5244,95.5
TR01107,C017,9541,11140,77.5
TR01107,C020,581,3099,34.5
TR01107,C020,9825,10525,69.8
TR01107,C024,428,1487,77.6
TR01107,C024,10152,12127,70.8
TR01107,C026,2196,3588,44.8
TR01107,C026,7442,11239,66.2
TR01107,C028,1695,5446,68.1
TR01107,C028,8552,10928,20.1
TR01107,C042,5979,7516,22.8
TR01108,C005,28,999,93.2
TR01108,C005,5137,6091,49.2
TR01108,C005,8889,9317,47.7
TR01108,C005,12005,14294,64.0
TR01108,C020,2471,2775,36.3
TR01108,C020,8057,8683,80.9
TR01108,C023,5816,8405,43.9
TR01108,C029,3106,6457,88.4
TR01108,C029,10784,13318,98.3
TR01108,C032,1277,2388,92.5
TR01108,C032,4701,6979,98.4
TR01108,C032,8492,10194,33.1
TR01108,C032,13297,15451,75.4
TR01108,C033,2185,2880,94.3
TR01108,C040,1917,15624,74.5
TR01108,C044,3390,6545,51.8
TR01108,C044,8986,11674,80.4
TR01109,C007,299,4121,23.2
TR01109,C007,5193,6485,41.0
TR01109,C008,2353,5484,30.8
TR01109,C013,568,1501,83.1
TR01109,C013,6665,8331,87.2
TR01109,C019,407,6797,99.9
TR01109,C021,659,2886,77.4
TR01109,C033,966,2974,75.6
TR01109,C033,6490,8582,92.9
TR01109,C041,2003,2437,40.3
TR01110,C019,1323,3214,49.9
TR01110,C019,3806,5956,22.8
TR01110,C020,0,2517,52.1
TR01110,C022,982,3734,61.9
TR01110,C022,5569,5914,58.4
TR01110,C027,2673,3109,28.1
TR01110,C036,0,3080,68.1
TR01110,C045,1493,2180,27.0
TR01110,C045,5351,6632,64.8
TR01110,C046,1443,2234,20.4
TR01110,C046,4210,5826,61.9
TR01111,C001,2211,2644,47.2
TR01111,C019,1616,2362,89.6
TR01111,C027,775,2219,84.2
TR01111,C027,3619,4623,49.5
TR01111,C042,703,2237,42.2
TR01111,C042,2691,3724,22.2
TR01111,C043,77,2493,53.8
TR01111,C049,62,448,65.1
TR01111,C001,1218,2363,69.2
TR01112,C003,1243,2929,21.9
TR01112,C003,7391,10522,89.0
TR01112,C011,932,1215,38.9
TR01112,C013,362,2112,40.1
TR01112,C013,3030,4762,93.8
TR01112,C013,6935,8951,84.7
TR01112,C013,9122,11514,74.5
TR01112,C029,736,4503,78.9
TR01112,C029,6702,7831,94.0
TR01112,C043,181,11555,97.6
TR01112,C048,634,11678,71.2
TR01113,C002,366,13111,94.5
TR01113,C004,4920,8412,65.5
TR01113,C009,6101,9386,41.0
TR01113,C015,3838,5095,63.9
TR01113,C015,9437,12198,88.2
TR01113,C022,485,2510,65.6
TR01113,C022,12008,15479,21.9
TR01113,C027,19,401,74.1
TR01113,C027,8396,10822,59.5
TR01113,C039,1099,2110,81.5
TR01114,C005,2360,3899,64.3
TR01114,C017,2524,4537,36.1
TR01114,C017,8213,11505,66.4
TR01114,C020,6575,9867,83.5
TR01114,C024,3356,5251,38.5
TR01114,C024,10634,11798,40.1
TR01114,C033,0,2285,83.5
TR01115,C005,5176,7416,66.3
TR01115,C007,2494,4388,23.8
TR01115,C007,8987,11732,72.7
TR01115,C017,6154,8587,39.0
TR01115,C031,157,3218,33.4
TR01115,C031,8263,8838,98.4
TR01115,C035,76,804,72.4
TR01115,C035,6708,9627,99.0
TR01116,C004,1268,2333,59.1
TR01116,C004,9684,13403,95.0
TR01116,C008,53,1899,24.4
TR01116,C008,8461,11660,24.6
TR01116,C010,2584,4652,36.2
TR01116,C010,9564,11201,34.8
TR01116,C013,864,1753,98.4
TR01116,C022,1599,14760,76.4
TR01116,C035,1763,5361,51.5
TR01116,C035,10289,11011,43.3
TR01116,C041,1107,3225,59.3
TR01116,C041,10576,14238,79.2
TR01116,C046,1874,3692,63.0
TR01116,C046,10298,14164,72.1
TR01117,C004,726,3158,62.2
TR01117,C004,11694,13150,82.3
TR01117,C015,8640,10866,50.1
TR01117,C025,572,4098,33.2
TR01117,C030,179,1002,82.7
TR01117,C030,10829,11213,51.7
TR01117,C032,1302,2534,38.8
TR01117,C032,12596,16352,75.2
TR01118,C001,3146,5225,32.7
TR01118,C001,13092,15711,69.7
TR01118,C005,5597,7041,42.6
TR01118,C029,1494,4856,81.9
TR01118,C029,10527,12664,26.2
TR01118,C031,242,1587,74.5
TR01118,C031,5597,7208,94.8
TR01118,C031,9882,12160,72.1
TR01118,C031,14352,14587,45.5
TR01119,C010,4091,7120,41.1
TR01119,C013,3442,4961,48.8
TR01119,C013,7601,8120,29.4
TR01119,C016,147,3254,83.6
TR01119,C016,10227,12204,51.7
TR01119,C031,904,1804,73.1
TR01119,C031,10651,12593,95.6
TR01119,C036,2232,2547,44.6
TR01119,C036,10996,11547,33.2
TR01119,C040,652,1077,84.8
TR01119,C040,7544,9478,75.9
TR01119,C042,43,319,61.9
TR01119,C042,4046,5215,67.4
TR01119,C042,7969,9809,68.0
TR01119,C042,11506,12760,80.9
TR01119,C043,2517,6144,46.3
TR01119,C043,10142,12092,83.8
TR01120,C003,999,13742,73.4
TR01120,C013,0,3246,89.6
TR01120,C020,1465,2070,45.0
TR01120,C020,8168,9203,63.4
TR01120,C025,2249,5722,42.6
TR01120,C025,9980,12493,62.0
TR01120,C035,1301,3042,38.5
TR01120,C035,11443,14973,89.2
TR01121,C009,2865,5403,75.4
TR01121,C012,1203,7669,75.8
TR01121,C016,430,3483,44.3
TR01121,C026,906,1906,42.1
TR01121,C026,5272,7173,72.3
TR01121,C039,726,2396,33.4
TR01121,C039,6648,7177,70.0
TR01121,C043,125,757,81.1
TR01121,C043,3366,4962,30.0
TR01121,C043,5765,7633,98.7
TR01121,C043,7970,9330,63.4
TR01121,C047,1312,4668,50.9
TR01121,C047,6952,7964,52.8
TR01121,C048,5039,5295,78.8
TR01122,C010,6993,9342,61.6
TR01122,C014,3163,5042,92.0
TR01122,C040,3015,5210,47.4
TR01122,C040,9792,10389,57.3
TR01122,C046,6161,8364,41.6
TR01122,C049,182,570,31.3
TR01122,C049,12659,13602,58.7
TR01122,C010,2837,6012,64.6
TR01123,C025,2542,5521,76.9
TR01123,C026,690,2692,71.4
TR01123,C026,3405,4032,80.0
TR01123,C026,7375,8359,32.9
TR01123,C036,904,3366,70.4
TR01123,C036,5442,6059,49.1
TR01123,C040,506,8435,81.6
TR01123,C046,346,2710,53.8
TR01123,C046,3376,5603,36.9
TR01123,C046,7207,9336,66.1
TR01124,C014,1456,2051,88.2
TR01124,C014,6892,7623,87.3
TR01124,C019,0,4856,22.4
TR01124,C028,60,2871,37.6
TR01124,C029,265,9717,77.6
TR01124,C032,1430,3315,51.5
TR01124,C032,6408,7712,90.6
TR01124,C042,689,8636,73.0
TR01125,C003,2215,3831,41.1
TR01125,C009,750,2752,23.2
TR01125,C009,5165,6818,79.5
TR01125,C020,893,3644,48.1
TR01125,C020,4423,6334,57.8
TR01125,C049,1478,2911,86.7
TR01125,C049,5078,6990,97.5
TR01126,C001,1782,13291,89.0
TR01126,C008,1012,11227,86.9
TR01126,C022,1455,1990,52.1
TR01126,C022,9495,10093,46.4
TR01126,C027,0,6078,63.3
TR01126,C032,3380,3708,88.5
TR01126,C032,9584,11347,66.1
TR01126,C036,311,13359,63.8
TR01126,C048,0,2907,46.0
TR01126,C049,1469,2239,47.7
TR01126,C049,5549,6294,42.2
TR01126,C049,9664,11988,52.8
TR01127,C005,3447,5359,70.1
TR01127,C005,9991,13024,87.7
TR01127,C009,2072,3159,36.7
TR01127,C009,10441,12346,82.2
TR01127,C018,3839,5631,40.6
TR01127,C018,8115,11188,58.5
TR01127,C048,4861,8319,50.5
TR01128,C006,188,12162,98.4
TR01128,C011,2971,6320,25.3
TR01128,C011,9917,13562,84.6
TR01128,C015,3915,5702,98.9
TR01128,C022,976,12612,70.9
TR01128,C048,908,4012,87.3
TR01128,C006,5410,13512,62.5
TR01129,C006,1509,3808,56.8
TR01129,C006,8547,9160,57.6
TR01129,C011,2424,3348,98.0
TR01129,C011,7741,9537,90.3
TR01129,C014,1515,4853,59.0
TR01129,C014,7787,9877,81.7
TR01129,C035,3101,5816,35.9
TR01129,C035,7217,7480,46.2
TR01129,C047,2456,5198,21.6
TR01129,C047,8652,9736,75.2
TR01130,C011,158,2555,66.5
TR01130,C011,7400,8104,25.2
TR01130,C014,4312,7569,63.9
TR01130,C016,669,1097,43.9
TR01130,C016,3041,4455,30.2
TR01130,C016,6345,7955,63.2
TR01130,C016,8839,9195,52.5
TR01130,C018,1095,4224,40.0
TR01130,C034,2831,6701,36.7
TR01130,C036,4452,4727,87.3
TR01130,C040,3777,4406,22.8
TR01130,C050,4629,7139,27.9
TR01131,C011,1665,3706,34.7
TR01131,C019,0,5095,53.8
TR01131,C025,540,2359,32.0
TR01131,C025,10295,11874,35.6
TR01131,C033,8427,11112,33.1
TR01131,C034,2076,3092,21.0
TR01131,C034,9451,10544,94.4
TR01131,C050,976,1365,88.4
TR01131,C050,12018,15961,46.2
TR01132,C005,1032,3109,89.3
TR01132,C005,4324,4584,38.5
TR01132,C015,8,828,88.8
TR01132,C038,867,3963,71.1
TR01132,C050,85,1861,82.6
TR01133,C002,3311,3563,59.5
TR01133,C003,1852,11183,94.2
TR01133,C006,0,5532,79.6
TR01133,C022,1913,4785,42.5
TR01133,C024,1827,3945,89.9
TR01133,C027,1644,3888,47.1
TR01133,C034,2307,4288,52.3
TR01133,C034,8352,9090,95.6
TR01133,C039,1946,2827,41.9
TR01133,C039,8019,8389,79.1
TR01134,C003,726,1035,41.9
TR01134,C003,5657,5857,91.2
TR01134,C013,0,1737,81.0
TR01134,C023,0,2175,25.9
TR01134,C026,0,1546,47.5
TR01134,C028,580,1352,86.0
TR01134,C028,4279,4651,98.0
TR01134,C036,125,5989,70.8
TR01134,C049,1202,6520,77.5
TR01135,C013,1902,3469,43.2
TR01135,C020,0,4106,87.5
TR01135,C023,1573,3379,94.0
TR01135,C023,6553,7811,47.9
TR01135,C023,12594,14999,52.6
TR01135,C039,3347,6494,27.3
TR01135,C039,8909,9578,67.5
TR01135,C013,10386,14515,85.6
TR01136,C004,566,2036,90.4
TR01136,C004,4537,5197,46.8
TR01136,C004,9462,11243,87.3
TR01136,C004,12984,13718,51.1
TR01136,C010,820,1303,79.1
TR01136,C013,707,15945,87.2
TR01136,C019,1448,13143,77.5
TR01136,C022,1777,3792,75.4
TR01136,C022,9510,11622,56.0
TR01136,C026,7164,9031,21.1
TR01136,C041,6630,7665,98.8
TR01136,C042,3456,4597,61.5
TR01136,C042,10762,14256,91.3
TR01136,C010,5531,16439,75.1
TR01137,C009,1897,2489,28.8
TR01137,C014,2893,6444,45.6
TR01137,C027,568,1017,81.8
TR01137,C027,4849,6459,62.0
TR01137,C029,1332,3818,86.9
TR01137,C042,780,3052,55.2
TR01137,C042,4684,6635,73.8
TR01137,C047,1184,3177,43.4
TR01137,C049,0,809,40.3
TR01138,C012,1405,2690,63.5
TR01138,C012,5682,7824,49.9
TR01138,C023,2802,5572,81.6
TR01138,C023,7956,10110,93.4
TR01138,C025,5216,5881,81.1
TR01138,C039,2108,4739,86.6
TR01138,C039,7857,8462,44.5
TR01139,C006,2383,5775,68.5
TR01139,C006,6368,8228,94.6
TR01139,C011,137,2979,24.7
TR01139,C011,6980,7292,33.7
TR01139,C018,2536,5006,83.2
TR01139,C018,7192,10776,64.6
TR01139,C019,2237,3089,69.4
TR01139,C049,1680,11549,84.5
TR01140,C004,590,851,29.6
TR01140,C004,7849,10665,75.5
TR01140,C007,435,13409,60.3
TR01140,C033,549,1599,66.1
TR01140,C033,8786,10248,23.8
TR01140,C041,2830,5594,80.3
TR01140,C045,4905,5923,65.2
TR01141,C003,4612,5944,75.5
TR01141,C003,13467,16501,32.1
TR01141,C006,2416,6378,90.5
TR01141,C006,12896,14633,47.9
TR01141,C007,507,2179,38.4
TR01141,C026,4965,6539,71.2
TR01141,C032,2652,15671,68.0
TR01142,C001,3139,3769,95.6
TR01142,C027,3030,5363,46.2
TR01142,C027,7218,10729,20.6
TR01142,C030,972,4138,72.6
TR01142,C030,8017,9112,51.2
TR01142,C036,3934,4612,43.5
TR01142,C050,2661,5109,64.0
TR01142,C050,6839,7787,77.3
TR01143,C023,331,2582,76.6
TR01143,C023,4130,4342,97.6
TR01143,C023,7583,9430,34.9
TR01143,C023,12150,12881,41.7
TR01143,C028,2695,12843,83.0
TR01143,C034,0,3380,61.8
TR01143,C048,5338,6760,61.1
TR01143,C049,2974,6583,33.8
TR01143,C049,7730,8695,42.8
TR01144,C010,0,4934,23.7
TR01144,C011,0,6780,46.5
TR01144,C018,2333,12941,76.5
TR01144,C021,0,1641,85.0
TR01144,C033,6051,6468,96.6
TR01145,C012,256,1239,95.2
TR01145,C033,443,2172,47.9
TR01145,C033,3972,5722,93.2
TR01145,C033,7475,8530,83.3
TR01145,C036,1622,8701,61.4
TR01145,C038,202,520,29.1
TR01145,C038,5362,6939,30.7
TR01145,C040,163,3852,49.7
TR01145,C045,2103,3496,78.2
TR01145,C045,6260,8403,37.8
TR01145,C050,790,7867,72.3
TR01146,C023,245,3666,83.1
TR01146,C023,10145,13550,84.9
TR01146,C025,2776,3137,98.8
TR01146,C025,7678,8126,78.8
TR01146,C026,1142,2416,40.9
TR01146,C026,3667,5078,77.8
TR01146,C026,7441,7933,73.8
TR01146,C026,11545,13456,40.5
TR01146,C029,2305,3877,89.6
TR01146,C029,8468,10049,31.6
TR01146,C047,604,3986,75.4
TR01146,C048,3507,5782,57.9
TR01146,C048,9288,10025,72.8
TR01147,C002,6642,7632,81.8
TR01147,C018,830,12253,72.9
TR01147,C026,879,2159,99.7
TR01147,C026,8385,11559,54.9
TR01147,C031,1000,10256,72.1
TR01147,C039,2406,3577,34.6
TR01147,C040,1133,4543,99.9
TR01147,C042,1014,2150,88.8
TR01147,C042,4012,5636,40.7
TR01147,C042,6760,7144,89.0
TR01147,C042,10792,12320,53.5
TR01147,C047,0,1257,67.1
TR01148,C001,1225,2345,37.7
TR01148,C001,3721,3926,74.5
TR01148,C003,259,4249,93.7
TR01148,C019,354,4580,73.6
TR01148,C029,202,578,98.8
TR01148,C029,3830,4930,68.7
TR01148,C035,792,2115,28.6
TR01149,C002,1422,2517,25.0
TR01149,C002,5641,6974,88.7
TR01149,C007,4128,6257,75.2
TR01149,C045,0,1466,62.3
TR01149,C046,921,3271,55.2
TR01149,C046,4843,7831,66.6
TR01149,C049,1962,3634,90.0
TR01150,C001,6048,8237,73.7
TR01150,C012,5189,7147,55.1
TR01150,C022,6528,10456,40.6
TR01150,C048,1990,5806,28.8
TR01151,C014,2804,4046,70.3
TR01151,C028,6307,7448,51.3
TR01151,C030,7077,9787,47.5
TR01151,C036,5588,9062,43.3
TR01151,C014,3017,7795,64.3
TR01152,C003,5708,6519,63.3
TR01152,C011,97,899,44.9
TR01152,C011,3694,5142,97.0
TR01152,C011,8085,10277,85.1
TR01152,C011,11581,12406,55.2
TR01152,C024,7126,8681,66.9
TR01152,C025,0,3745,82.1
TR01152,C028,3287,4659,23.4
TR01152,C028,9620,12307,97.0
TR01152,C032,1535,2952,59.3
TR01152,C032,10276,12377,97.2
TR01152,C040,2066,4755,38.0
TR01152,C040,7498,8750,54.5
TR01153,C002,1450,3013,26.1
TR01153,C002,4531,5218,53.5
TR01153,C004,607,5327,60.5
TR01153,C018,1050,6836,97.7
TR01153,C023,616,818,64.8
TR01153,C023,4004,6283,67.8
TR01154,C005,3421,5264,55.1
TR01154,C005,7696,9196,44.8
TR01154,C013,2129,5922,29.7
TR01154,C013,10898,12255,88.0
TR01154,C017,631,4559,29.4
TR01154,C017,8062,11628,20.2
TR01154,C023,964,3174,88.5
TR01154,C030,1699,3747,91.0
TR01154,C044,2919,13888,67.5
TR01155,C002,4207,7517,62.4
TR01155,C005,0,2882,66.6
TR01155,C011,1227,4419,62.2
TR01155,C011,8488,9610,42.1
TR01155,C022,1484,4754,50.4
TR01155,C030,2855,5898,62.8
TR01155,C030,8726,9144,84.6
TR01155,C036,801,13554,84.6
TR01155,C042,87,1463,69.7
TR01155,C042,8446,9364,40.2
TR01156,C003,4226,4610,65.9
TR01156,C003,11863,12488,49.6
TR01156,C016,461,1050,65.3
TR01156,C016,6539,7109,71.3
TR01156,C016,14106,15637,79.8
TR01156,C040,4399,7135,86.7
TR01156,C042,2634,14924,73.6
TR01157,C001,1684,4738,37.6
TR01157,C005,326,2580,88.8
TR01157,C005,5462,6654,60.3
TR01157,C014,4859,6643,70.8
TR01157,C021,2486,5238,100.0
TR01157,C021,6418,9151,24.4
TR01157,C023,4922,6706,31.3
TR01157,C043,1093,4385,21.0
TR01158,C002,778,5796,65.8
TR01158,C005,1392,1888,64.7
TR01158,C031,1195,1582,88.9
TR01158,C031,3630,4972,83.4
TR01158,C035,0,1215,26.3
TR01158,C044,331,3867,22.2
TR01158,C048,856,6725,91.4
TR01158,C049,432,5392,68.7
TR01159,C007,753,2574,61.4
TR01159,C021,2444,5306,75.1
TR01159,C021,7020,9312,98.7
TR01159,C027,350,2894,99.6
TR01159,C027,7720,8184,31.4
TR01159,C030,2161,3725,56.7
TR01159,C045,0,2624,86.9
TR01160,C005,1225,3456,69.0
TR01160,C005,4917,5954,53.9
TR01160,C005,10058,11216,68.6
TR01160,C018,4766,7433,91.0
TR01160,C020,2437,2961,74.6
TR01160,C020,7704,10337,83.0
TR01160,C036,2083,3174,96.8
TR01160,C036,8011,9218,89.6
TR01161,C013,2730,4063,96.3
TR01161,C013,10461,11016,93.4
TR01161,C026,2001,3606,47.2
TR01161,C026,10355,12958,81.4
TR01161,C028,948,4480,87.2
TR01161,C028,12296,15022,46.2
TR01161,C032,4638,7924,43.2
TR01161,C045,1608,2822,28.5
TR01161,C045,9870,11681,41.9
TR01161,C048,2619,3340,98.4
TR01161,C048,10060,12258,30.2
TR01162,C002,2728,5272,23.5
TR01162,C020,3624,5119,65.3
TR01162,C024,0,5373,66.2
TR01162,C026,3154,4873,43.2
TR01162,C042,479,1496,85.2
TR01162,C042,10211,10905,21.9
TR01162,C048,98,2411,29.9
TR01162,C048,10613,14365,86.2
TR01163,C002,1154,3754,54.7
TR01163,C016,4074,5788,42.9
TR01163,C023,6593,9355,81.7
TR01163,C026,3707,7072,69.8
TR01163,C026,9052,12631,49.2
TR01163,C030,951,1618,64.3
TR01163,C030,6781,9224,69.8
TR01163,C030,12588,13895,53.5
TR01163,C036,5589,8070,22.5
TR01163,C041,2816,4043,95.4
TR01163,C041,11074,12848,74.0
TR01163,C050,2738,3510,66.3
TR01164,C017,325,658,43.1
TR01164,C017,4227,6096,79.1
TR01164,C025,2371,4309,44.9
TR01164,C033,980,1326,29.8
TR01164,C033,3527,6009,26.8
TR01164,C044,1067,1293,84.7
TR01164,C044,4579,6009,66.7
TR01164,C045,207,3378,60.6
TR01165,C010,0,2286,87.7
TR01165,C025,527,1283,21.0
TR01165,C025,4686,7192,75.7
TR01165,C039,1164,3609,63.3
TR01165,C039,3759,6868,24.9
TR01165,C046,283,3646,62.5
TR01165,C046,3996,4457,52.2
TR01165,C047,895,1870,74.3
TR01165,C047,4834,5722,49.1
TR01166,C011,1266,2676,91.5
TR01166,C011,3183,4643,86.0
TR01166,C015,343,805,46.5
TR01166,C015,1494,1889,32.9
TR01166,C015,2838,3258,31.6
TR01166,C015,4386,5195,58.5
TR01166,C021,666,5094,73.1
TR01166,C026,394,929,30.4
TR01166,C026,1403,2182,46.6
TR01166,C026,3053,3748,43.5
TR01166,C026,4112,4915,80.4
TR01166,C035,990,1432,62.5
TR01166,C035,3149,4018,95.8
TR01166,C036,790,4811,67.7
TR01166,C039,1340,2601,25.4
TR01167,C001,28,3222,45.1
TR01167,C001,3959,4747,75.5
TR01167,C008,262,6676,65.3
TR01167,C026,119,1172,50.0
TR01167,C026,4879,5478,30.1
TR01167,C043,1160,2659,36.8
TR01167,C043,4130,5841,24.4
TR01167,C045,747,2701,46.1
TR01167,C045,4430,6524,88.9
TR01168,C002,1218,4796,73.3
TR01168,C002,6912,7355,99.7
TR01168,C008,5944,8218,81.8
TR01168,C011,581,2087,70.0
TR01168,C011,6610,10466,50.6
TR01168,C013,1215,3286,24.7
TR01168,C013,7794,9274,20.2
TR01168,C021,906,4160,74.4
TR01168,C021,6807,8669,58.2
TR01169,C016,989,4780,52.4
TR01169,C017,2231,3884,82.8
TR01169,C017,6680,10679,45.6
TR01169,C025,450,1292,57.1
TR01169,C035,5131,9056,65.5
TR01169,C040,66,2040,58.6
TR01169,C040,3636,5421,59.6
TR01169,C040,6541,8541,64.5
TR01169,C040,10200,11567,49.8
TR01170,C009,1194,2406,69.8
TR01170,C009,3675,6195,82.1
TR01170,C010,246,1687,23.8
TR01170,C010,4187,4648,26.5
TR01170,C018,479,1361,72.1
TR01170,C022,134,1435,32.4
TR01170,C022,3505,6339,78.0
TR01170,C029,625,1017,87.7
TR01170,C029,3814,4815,30.4
TR01170,C036,599,3080,86.4
TR01170,C036,3683,4478,68.6
TR01171,C005,4295,4595,80.5
TR01171,C005,10023,11113,64.6
TR01171,C014,4678,7322,37.0
TR01171,C017,2773,4332,98.6
TR01171,C017,11458,13132,60.7
TR01171,C021,8615,10508,54.1
TR01171,C034,3939,6309,23.1
TR01171,C034,12103,15542,72.2
TR01171,C042,0,3601,31.4
TR01171,C044,912,1491,41.6
TR01172,C003,135,417,35.3
TR01172,C003,3888,5269,50.9
TR01172,C008,2161,2366,73.6
TR01172,C019,1095,2670,54.8
TR01172,C019,3863,4717,72.7
TR01172,C020,1053,3112,76.7
TR01172,C020,4502,5521,35.7
TR01172,C025,588,2150,88.5
TR01172,C025,4585,6222,94.0
TR01172,C046,829,3155,76.7
TR01172,C046,4179,6134,71.0
TR01172,C048,414,1701,89.1
TR01172,C048,4266,5487,50.7
TR01173,C001,1333,2168,44.0
TR01173,C001,6683,9108,68.3
TR01173,C009,1449,2817,98.4
TR01173,C009,6849,7786,52.7
TR01173,C012,1095,1666,98.0
TR01173,C012,6276,6995,86.2
TR01173,C015,1922,2603,50.0
TR01173,C015,5313,8570,86.0
TR01173,C036,0,2199,42.2
TR01173,C042,2569,6414,45.5
TR01173,C048,325,8792,80.7
TR01174,C004,376,2495,45.4
TR01174,C004,5487,6082,50.5
TR01174,C009,1845,7143,77.8
TR01174,C031,2085,4063,80.3
TR01174,C031,5534,5982,92.0
TR01174,C036,606,3253,93.1
TR01174,C038,1183,2004,40.7
TR01174,C038,5518,8311,81.8
TR01174,C044,795,1928,91.7
TR01174,C047,1153,2359,78.3
TR01174,C047,5485,6623,29.2
TR01175,C014,1557,4865,23.4
TR01175,C024,0,1322,82.6
TR01175,C038,1090,2120,20.3
TR01175,C038,2982,4600,98.2
TR01175,C044,1077,3541,67.6
TR01175,C048,1719,2511,95.4
TR01176,C006,1724,9441,75.0
TR01176,C009,1559,2528,41.1
TR01176,C009,5630,7378,59.7
TR01176,C015,768,1463,47.4
TR01176,C027,216,1273,87.3
TR01176,C027,3762,4510,77.9
TR01176,C027,6919,8846,95.2
TR01176,C028,1278,2001,44.6
TR01176,C028,7157,7492,39.1
TR01176,C045,521,962,98.6
TR01176,C045,3755,6149,92.7
TR01176,C045,6899,7792,33.0
TR01176,C049,668,1869,92.0
TR01176,C049,2624,4277,87.8
TR01176,C049,5333,7356,96.4
TR01176,C049,7508,9648,30.7
TR01177,C019,571,3345,87.9
TR01177,C019,5044,6086,74.0
TR01177,C027,46,7143,70.9
TR01177,C033,0,1357,24.4
TR01177,C039,156,2123,97.5
TR01177,C039,3059,3973,41.8
TR01177,C039,5010,7081,59.3
TR01177,C040,579,6964,67.8
TR01177,C041,625,1497,27.0
TR01177,C050,1176,4419,49.8
TR01178,C002,1371,1952,69.1
TR01178,C002,6939,7449,99.6
TR01178,C007,226,1601,82.1
TR01178,C007,3124,3807,33.4
TR01178,C007,6577,7786,56.3
TR01178,C007,8758,9976,100.0
TR01178,C009,1324,3419,67.8
TR01178,C009,5999,6259,64.1
TR01178,C045,1808,2368,89.6
TR01179,C007,239,2998,62.5
TR01179,C028,388,1545,23.4
TR01179,C028,5277,6345,61.0
TR01179,C038,88,8319,98.4
TR01179,C039,2661,3660,42.3
TR01179,C044,58,1701,41.3
TR01179,C044,4278,4559,69.3
TR01179,C048,210,2511,76.0
TR01179,C048,4550,6125,38.4
TR01180,C004,4147,7876,50.5
TR01180,C006,1170,2219,83.4
TR01180,C031,2113,2989,69.6
TR01180,C031,6138,7676,34.6
TR01180,C033,1778,2167,45.3
TR01180,C033,4685,6431,65.9
TR01181,C012,479,5013,90.9
TR01181,C015,0,1031,37.3
TR01181,C027,29,1589,63.4
TR01181,C027,3329,3586,47.9
TR01181,C031,1413,2549,51.7
TR01181,C031,3642,5946,54.3
TR01181,C033,35,1122,51.1
TR01181,C033,1932,3091,48.0
TR01181,C033,3534,3777,33.4
TR01181,C033,4945,5632,39.0
TR01181,C036,620,1125,98.1
TR01182,C005,93,2887,67.0
TR01182,C005,5701,7952,71.6
TR01182,C015,0,3993,20.6
TR01182,C016,379,1400,88.8
TR01182,C016,4182,6268,60.1
TR01182,C016,7470,8416,31.5
TR01182,C034,2621,4121,86.1
TR01182,C043,220,3021,30.8
TR01182,C043,5606,6482,51.0
TR01182,C044,806,9028,79.4
TR01182,C045,2733,3231,32.6
TR01182,C048,4023,5305,23.8
TR01183,C002,1715,4796,83.5
TR01183,C011,40,2499,31.3
TR01183,C011,3605,4706,79.2
TR01183,C011,7357,9762,95.7
TR01183,C012,578,1980,22.7
TR01183,C013,2202,4002,99.5
TR01183,C013,7456,10251,67.7
TR01183,C043,411,2513,86.7
TR01183,C043,4385,5507,87.1
TR01183,C043,7379,8021,81.3
TR01184,C001,713,1376,78.0
TR01184,C001,4085,5525,28.6
TR01184,C005,715,1697,45.8
TR01184,C005,3276,3578,44.4
TR01184,C022,0,890,37.2
TR01184,C046,2491,2834,67.9
TR01185,C003,383,5246,75.5
TR01185,C014,14,707,49.5
TR01185,C014,1692,2070,92.7
TR01185,C014,3475,4078,49.0
TR01185,C014,5050,5287,59.2
TR01185,C024,112,5154,93.2
TR01185,C034,1494,2084,65.2
TR01185,C034,4133,5990,93.9
TR01185,C035,718,4698,63.2
TR01185,C037,0,700,74.5
TR01185,C048,0,888,61.3
TR01186,C005,749,1222,40.7
TR01186,C005,7353,9337,35.5
TR01186,C008,695,936,30.1
TR01186,C008,3099,4382,95.6
TR01186,C008,5713,7326,91.5
TR01186,C008,8317,9540,33.5
TR01186,C017,2052,3619,81.0
TR01186,C017,7356,8356,49.1
TR01186,C018,1964,3355,68.5
TR01186,C037,3472,6195,79.7
TR01186,C041,1119,2529,71.0
TR01186,C041,6604,7287,29.6
TR01186,C046,2306,6076,61.2
TR01187,C003,5403,7469,85.3
TR01187,C019,1557,1929,69.4
TR01187,C019,8748,9700,81.3
TR01187,C024,0,1169,52.3
TR01187,C029,3841,6030,21.8
TR01187,C040,2165,4076,94.2
TR01187,C040,9168,12967,43.9
TR01188,C024,4996,8429,47.3
TR01188,C031,881,3359,45.1
TR01188,C031,8490,10838,53.2
TR01188,C035,5469,7143,33.6
TR01188,C042,2149,12287,76.0
TR01188,C044,1720,5298,39.5
TR01188,C044,10301,13893,76.4
TR01188,C047,1756,14880,69.3
TR01188,C050,2806,4079,86.6
TR01188,C050,8807,9110,50.1
TR01189,C007,1084,7402,91.2
TR01189,C010,1515,1937,97.1
TR01189,C010,6210,7237,53.5
TR01189,C020,3964,6484,69.8
TR01189,C026,1888,4636,71.5
TR01189,C026,5383,7127,42.0
TR01189,C029,495,1934,42.1
TR01189,C029,6957,7610,20.5
TR01189,C039,69,4027,54.3
TR01190,C005,233,2703,75.2
TR01190,C005,2960,4207,49.0
TR01190,C014,447,1020,46.4
TR01190,C014,4335,4668,87.6
TR01190,C046,1426,2232,98.8
TR01190,C046,3454,5626,63.3
TR01190,C047,439,856,88.2
TR01190,C047,3995,4347,66.5
TR01191,C001,0,808,44.7
TR01191,C008,1638,3544,56.6
TR01191,C008,6162,6923,49.3
TR01191,C027,52,8249,94.8
TR01191,C047,546,1250,53.2
TR01192,C001,3305,6192,84.6
TR01192,C011,1348,4714,72.2
TR01192,C025,9,1531,30.1
TR01192,C030,3394,6755,28.6
TR01193,C001,1284,5162,46.2
TR01193,C001,11432,13142,63.2
TR01193,C007,7348,9608,94.7
TR01193,C010,7055,8464,54.0
TR01193,C024,3072,5799,54.3
TR01193,C024,12989,16722,53.4
TR01193,C044,2711,4032,34.0
TR01193,C044,10147,10671,64.0
TR01193,C045,3166,6388,31.7
TR01193,C045,9114,9524,42.5
TR01193,C049,3153,4091,92.7
TR01193,C049,11133,11758,95.9
TR01194,C007,5610,9510,91.0
TR01194,C026,3665,7186,51.9
TR01194,C046,3354,3636,90.5
TR01194,C046,9989,12288,70.7
TR01194,C049,0,6912,67.7
TR01195,C001,301,2777,61.3
TR01195,C001,5685,6172,89.8
TR01195,C001,9963,12279,50.7
TR01195,C006,1458,2117,74.1
TR01195,C006,7929,9115,72.4
TR01195,C014,1993,5981,44.3
TR01195,C048,2897,5272,72.7
TR01196,C003,4018,4809,21.1
TR01196,C020,276,2729,49.9
TR01196,C020,2898,5096,39.7
TR01196,C020,5902,7805,66.9
TR01196,C033,933,7518,95.0
TR01196,C042,112,1370,54.5
TR01196,C042,6032,8019,74.9
TR01196,C048,484,2971,79.3
TR01196,C048,5765,7348,64.2
TR01197,C009,614,13302,75.0
TR01197,C013,2531,4797,89.8
TR01197,C013,10908,13120,33.5
TR01197,C025,3110,5455,84.1
TR01197,C025,10504,11171,72.2
TR01197,C028,3544,5487,51.4
TR01197,C044,182,16539,71.6
TR01198,C008,7912,11132,81.6
TR01198,C023,133,2055,79.1
TR01198,C023,4567,4962,83.0
TR01198,C023,8994,11195,32.9
TR01198,C023,13711,15375,71.1
TR01198,C026,3674,4731,56.5
TR01198,C026,12361,13159,24.5
TR01198,C035,1764,5393,90.6
TR01198,C035,11508,13789,38.8
TR01199,C002,874,2658,57.1
TR01199,C002,4732,6200,99.5
TR01199,C003,291,841,56.1
TR01199,C003,3301,4329,75.5
TR01199,C013,2331,4088,72.2
TR01199,C019,816,3121,40.6
TR01199,C019,4293,5638,87.2
TR01199,C028,1673,3972,57.0
TR01199,C030,1158,5545,96.8
TR01199,C031,1211,1564,83.5
TR01199,C031,3703,5308,56.0
TR01199,C050,249,5699,76.0
TR01200,C003,1187,4995,60.9
TR01200,C005,336,14208,97.1
TR01200,C012,2773,13245,66.5
TR01200,C023,3127,3460,41.1
TR01200,C023,8364,11101,68.5
TR01200,C025,3543,6892,60.0
TR01200,C025,8468,12311,60.1
TR01200,C049,1790,3812,39.3
TR01201,C011,2209,3775,75.9
TR01201,C011,10838,14490,58.7
TR01201,C027,4028,6338,68.6
TR01201,C038,662,1445,32.1
TR01201,C038,5628,7038,42.2
TR01201,C038,9246,9864,33.7
TR01201,C038,13717,14444,45.5
TR01201,C043,2522,6466,47.6
TR01201,C046,3521,16823,81.8
TR01201,C048,5349,8630,43.2
TR01202,C002,6620,6960,71.9
TR01202,C012,2831,4541,41.4
TR01202,C012,10608,12839,98.2
TR01202,C016,584,4329,72.3
TR01202,C016,9991,13533,31.2
TR01202,C031,2983,15155,81.0
TR01202,C032,5065,7642,30.4
TR01202,C048,9033,11614,55.3
TR01203,C007,455,1198,55.1
TR01203,C007,4983,7342,63.9
TR01203,C007,9384,10009,46.6
TR01203,C011,4583,7549,46.4
TR01203,C026,2719,3649,54.6
TR01203,C026,8547,8899,35.3
TR01203,C031,399,2830,76.1
TR01203,C036,2548,4351,38.8
TR01203,C036,7515,8678,69.9
TR01203,C041,1801,12235,95.5
TR01203,C048,2338,3544,87.0
TR01204,C003,465,2611,77.7
TR01204,C003,3917,5759,99.9
TR01204,C034,1369,5765,71.9
TR01204,C035,850,2452,79.8
TR01204,C035,3524,4997,83.0
TR01204,C036,884,6865,75.0
TR01204,C040,2032,4066,42.0
TR01204,C043,467,3734,88.2
TR01204,C049,472,1691,94.8
TR01204,C049,2519,3754,84.6
TR01204,C049,5074,5365,47.6
TR01205,C012,904,2670,74.3
TR01205,C029,197,823,42.7
TR01205,C029,1857,2323,69.1
TR01205,C029,2979,3179,57.0
TR01205,C029,4638,4939,48.2
TR01205,C036,2740,4372,37.1
TR01205,C045,0,2555,36.7
TR01206,C004,125,350,65.0
TR01206,C004,2524,2903,37.3
TR01206,C004,4498,5459,44.5
TR01206,C010,690,2604,28.0
TR01206,C017,1134,4601,82.1
TR01206,C020,1007,2841,63.7
TR01206,C020,4338,5628,46.5
TR01206,C025,1847,2761,59.6
TR01206,C026,284,1528,61.9
TR01206,C026,2269,3275,79.4
TR01206,C026,4327,5006,30.1
TR01206,C040,474,1136,90.9
TR01206,C040,1559,2399,42.4
TR01206,C040,3015,3813,96.5
TR01206,C040,4969,5718,93.7
TR01206,C049,1239,1538,49.7
TR01206,C049,3047,3914,68.2
TR01207,C008,1203,1854,71.5
TR01207,C008,4323,5616,97.4
TR01207,C016,3897,4159,99.8
TR01207,C022,2179,3355,44.7
TR01207,C027,402,2983,63.4
TR01207,C027,4500,7318,90.0
TR01207,C031,2445,4982,88.4
TR01207,C037,2406,4213,47.6
TR01207,C039,408,3658,95.2
TR01207,C039,6194,6912,31.3
TR01207,C040,0,1125,52.2
TR01208,C006,0,878,24.4
TR01208,C007,22,3240,77.6
TR01208,C007,6789,7358,36.8
TR01208,C013,903,1988,25.6
TR01208,C013,5697,7342,65.4
TR01208,C027,4463,7847,71.8
TR01208,C028,3185,6547,35.8
TR01208,C007,0,3709,80.6
TR01209,C002,4294,6625,50.9
TR01209,C013,1531,5439,83.4
TR01209,C026,924,8131,94.2
TR01209,C035,0,4565,79.9
TR01210,C021,1141,2193,76.0
TR01210,C021,12022,13983,21.9
TR01210,C038,8536,11881,75.9
TR01210,C042,3333,16114,72.0
TR01210,C048,1122,14018,76.6
TR01211,C005,1878,12695,72.0
TR01211,C006,4549,5647,83.6
TR01211,C028,2173,3185,68.3
TR01211,C031,3205,4484,53.2
TR01211,C031,8470,10703,36.0
TR01211,C034,1997,3284,47.9
TR01211,C034,6896,8565,48.6
TR01211,C039,1520,3196,29.9
TR01211,C039,8765,9492,47.3
TR01211,C041,0,3509,70.3
TR01212,C009,0,3410,67.1
TR01212,C012,2661,5074,52.8
TR01212,C015,2050,3100,99.3
TR01212,C015,6499,8406,96.4
TR01212,C018,0,1552,52.5
TR01212,C038,3663,7549,97.1
TR01212,C040,4124,7299,86.1
TR01212,C045,2863,6672,20.6
TR01213,C007,1603,3126,74.8
TR01213,C008,2359,3875,29.8
TR01213,C026,739,2047,95.4
TR01213,C037,732,7055,63.1
TR01213,C039,226,3365,86.4
TR01213,C045,1315,1682,95.3
TR01214,C005,901,1870,84.8
TR01214,C005,4629,5740,54.8
TR01214,C007,772,1820,32.5
TR01214,C007,2707,4423,73.8
TR01214,C007,5928,6483,32.2
TR01214,C009,1120,2335,99.6
TR01214,C009,5703,7697,55.4
TR01214,C015,1919,2700,98.7
TR01214,C015,4333,7511,70.9
TR01214,C020,978,2847,67.5
TR01214,C020,4739,7734,72.6
TR01214,C031,651,1795,77.4
TR01214,C031,5686,7286,49.2
TR01214,C034,928,1810,70.7
TR01214,C034,4605,6846,78.0
TR01214,C039,1130,1686,74.7
TR01215,C011,3696,6140,45.4
TR01215,C036,0,1931,45.5
TR01215,C039,401,1429,79.0
TR01215,C039,4976,6694,44.0
TR01215,C039,9005,9744,51.2
TR01215,C039,14329,15942,90.3
TR01215,C043,915,1674,85.3
TR01215,C043,6007,6939,82.9
TR01215,C043,11963,13082,97.3
TR01215,C011,5783,13222,66.9
TR01216,C002,683,2015,54.7
TR01216,C002,6879,7726,63.0
TR01216,C002,14970,17301,88.8
TR01216,C012,56,2729,91.3
TR01216,C013,2328,4566,59.6
TR01216,C013,12889,15522,52.8
TR01216,C037,6809,10671,23.8
TR01216,C041,2211,3645,37.8
TR01216,C041,11010,11681,33.6
TR01217,C002,3159,4824,31.1
TR01217,C003,3897,5559,48.5
TR01217,C015,773,1852,38.1
TR01217,C021,300,1155,95.6
TR01217,C021,6446,8760,75.8
TR01217,C037,2270,3736,88.6
TR01217,C041,1494,2317,61.3
TR01217,C041,5743,8469,88.6
TR01218,C008,1422,11904,76.4
TR01218,C011,3172,4197,88.1
TR01218,C020,7187,8631,71.3
TR01218,C043,0,1214,52.8
TR01219,C017,2702,4830,49.4
TR01219,C024,2314,3461,76.1
TR01219,C024,7353,7555,95.6
TR01219,C033,2126,4779,75.7
TR01219,C041,2259,4736,30.4
TR01219,C041,6944,7748,66.1
TR01219,C043,759,1697,21.8
TR01220,C008,1748,9536,99.1
TR01220,C016,2071,3683,80.7
TR01220,C016,7560,9924,50.8
TR01220,C024,2731,4970,83.6
TR01220,C040,0,3475,63.8
TR01220,C041,0,4356,81.7
TR01220,C042,559,1121,66.4
TR01220,C047,842,2180,63.6
TR01220,C047,3864,5539,83.1
TR01220,C047,8140,9685,53.0
TR01221,C015,1317,1653,24.3
TR01221,C024,2617,15016,84.8
TR01221,C036,7702,9817,88.4
TR01221,C046,2268,2773,24.9
TR01221,C046,10671,10998,74.7
TR01222,C015,3978,5518,29.4
TR01222,C020,5621,6408,44.3
TR01222,C038,3025,5676,66.2
TR01222,C042,892,3923,67.0
TR01222,C042,6862,7249,65.3
TR01222,C046,4479,5457,94.6
TR01222,C047,2818,3175,30.6
TR01222,C047,7674,11468,39.6
TR01222,C049,2254,10255,73.6
TR01223,C003,0,3736,35.7
TR01223,C015,3163,6966,48.4
TR01223,C015,13191,15029,89.9
TR01223,C017,757,1997,69.6
TR01223,C017,13142,14686,88.4
TR01223,C020,2820,6669,36.8
TR01223,C020,12328,14688,90.5
TR01223,C035,730,13631,73.2
TR01223,C047,3667,6412,49.8
TR01223,C047,10480,11079,87.3
TR01223,C015,4205,8661,60.1
TR01224,C017,865,13154,92.7
TR01224,C023,2661,4913,26.1
TR01224,C023,9430,11404,24.4
TR01224,C025,0,4107,70.3
TR01224,C030,1756,3536,97.8
TR01224,C049,3634,4103,80.7
TR01224,C049,10979,14090,62.8
TR01225,C003,0,1959,42.5
TR01225,C019,2322,4030,31.5
TR01225,C023,1173,5676,66.9
TR01225,C025,454,1786,20.9
TR01225,C025,4802,6158,42.5
TR01225,C032,431,2995,42.5
TR01225,C034,114,1653,67.1
TR01225,C034,3926,4446,47.3
TR01225,C035,625,6547,73.5
TR01225,C044,864,2960,78.4
TR01225,C044,4543,6233,59.8
TR01226,C010,921,1177,74.5
TR01226,C024,2332,3264,89.6
TR01226,C024,7926,10118,21.5
TR01226,C031,1694,3011,54.8
TR01226,C034,1930,4994,53.4
TR01226,C038,819,1236,58.0
TR01227,C007,251,2776,55.1
TR01227,C009,0,5693,85.4
TR01227,C032,3540,5201,93.2
TR01227,C048,1426,5136,59.8
TR01228,C006,2800,3421,46.8
TR01228,C006,7706,8950,98.3
TR01228,C008,2420,4738,87.7
TR01228,C022,4619,7454,23.6
TR01228,C031,1195,4665,49.4
TR01228,C031,7014,7263,61.7
TR01228,C033,48,1753,90.7
TR01228,C033,3441,3976,34.4
TR01228,C033,6635,8404,31.1
TR01228,C033,9203,9677,55.1
TR01228,C040,1137,2131,58.4
TR01228,C040,4079,6536,84.1
TR01228,C040,8577,8925,48.0
TR01228,C044,990,3303,91.5
TR01228,C044,6343,9578,54.8
TR01228,C047,2414,4972,51.5
TR01229,C004,889,2034,60.0
TR01229,C004,3805,4197,97.3
TR01229,C007,2158,3980,25.0
TR01229,C011,704,1972,83.6
TR01229,C011,3733,4472,55.2
TR01229,C018,684,4411,78.4
TR01229,C034,293,665,59.7
TR01229,C034,1520,2302,67.0
TR01229,C034,2889,3309,78.1
TR01229,C034,4213,4563,97.4
TR01229,C038,1613,3947,96.0
TR01230,C004,2430,13848,69.6
TR01230,C006,1047,4339,24.0
TR01230,C006,10830,14061,87.0
TR01230,C010,2020,3114,69.3
TR01230,C010,11369,12713,71.3
TR01230,C016,194,651,47.6
TR01230,C039,5353,6679,77.6
TR01230,C043,0,6027,47.1
TR01230,C048,486,2369,27.7
TR01230,C050,6614,7557,56.1
TR01231,C008,3147,5248,83.7
TR01231,C008,7660,11557,91.5
TR01231,C017,3313,5801,58.8
TR01231,C017,8059,11540,41.5
TR01231,C018,4889,5318,50.0
TR01231,C025,5130,5966,27.3
TR01231,C039,3034,5919,99.9
TR01231,C039,11218,11821,62.4
TR01232,C007,2996,4643,41.7
TR01232,C007,10124,11685,99.8
TR01232,C018,0,6614,80.3
TR01232,C028,0,2871,24.6
TR01232,C029,1401,1620,54.7
TR01232,C029,11526,12484,86.1
TR01232,C038,3523,5963,60.6
TR01233,C003,1296,4475,74.6
TR01233,C004,6009,9909,89.6
TR01233,C005,0,5681,54.0
TR01233,C016,2708,5879,88.2
TR01233,C016,8340,11244,23.8
TR01233,C033,1385,5058,26.5
TR01233,C033,7950,10092,53.4
TR01233,C041,913,2309,60.4
TR01233,C041,7304,7716,91.8
TR01233,C047,1764,3498,24.0
TR01233,C003,4778,9261,86.0
TR01234,C001,1532,2563,80.2
TR01234,C001,4401,7043,44.1
TR01234,C004,18,6615,78.4
TR01234,C011,3105,4485,91.0
TR01234,C030,1884,3704,30.1
TR01234,C030,4719,6817,25.1
TR01234,C041,3858,4879,76.8
TR01234,C043,1053,1425,54.0
TR01234,C043,4149,5830,30.2
TR01234,C047,0,3738,87.8
TR01234,C050,1066,1935,29.5
TR01234,C050,5489,6970,39.8
TR01235,C001,608,1021,95.0
TR01235,C001,4696,5750,77.6
TR01235,C001,7899,9233,43.9
TR01235,C001,11823,13056,73.5
TR01235,C008,3434,6765,75.1
TR01235,C008,10441,14338,87.9
TR01235,C015,1314,3626,86.4
TR01235,C015,7592,10130,94.9
TR01235,C017,704,1367,43.5
TR01235,C017,4078,6084,62.6
TR01235,C017,7413,8727,99.8
TR01235,C017,11854,12514,45.4
TR01235,C028,466,2942,49.9
TR01235,C028,10717,12959,28.5
TR01235,C034,2179,4070,22.5
TR01235,C038,0,1290,73.2
TR01236,C003,1651,2507,44.2
TR01236,C003,6271,10258,22.9
TR01236,C004,1219,2207,29.7
TR01236,C010,2066,4021,76.4
TR01236,C018,434,3979,28.3
TR01236,C027,1040,1802,95.0
TR01236,C027,7334,9026,96.6
TR01237,C002,1797,3176,58.9
TR01237,C002,6938,7260,77.4
TR01237,C033,4342,8018,90.9
TR01237,C037,0,4633,83.8
TR01237,C038,1506,8835,74.7
TR01238,C008,95,650,20.1
TR01238,C009,3606,4671,44.1
TR01238,C010,1038,2742,66.0
TR01238,C010,6491,8960,57.6
TR01238,C010,10171,12172,64.9
TR01238,C010,16188,16644,97.9
TR01238,C014,66,2506,31.4
TR01238,C014,6277,6850,98.8
TR01238,C014,11199,13242,78.2
TR01238,C014,15759,16260,90.8
TR01238,C019,3814,6010,75.5
TR01238,C019,13525,17378,30.0
TR01238,C022,1379,2365,24.4
TR01238,C022,14063,14478,72.3
TR01238,C024,2321,3003,34.0
TR01238,C035,8569,10185,76.4
TR01239,C005,3650,6228,67.6
TR01239,C014,0,4285,81.8
TR01239,C026,2074,3329,96.6
TR01239,C026,6952,8082,95.7
TR01239,C040,1127,2728,80.5
TR01239,C040,7634,9529,23.3
TR01239,C041,1548,3136,78.7
TR01239,C041,6140,7783,84.7
TR01239,C045,2230,3427,72.8
TR01239,C045,8145,10054,70.4
TR01240,C013,1627,3625,63.8
TR01240,C024,2483,2984,60.7
TR01240,C024,8292,8900,65.8
TR01240,C027,1536,5295,50.0
TR01240,C027,10833,14616,35.8
TR01240,C032,2720,4715,98.4
TR01240,C033,476,1592,57.6
TR01240,C033,8149,9479,70.5
TR01240,C036,2211,2826,88.2
TR01240,C036,8610,8940,60.4
TR01241,C019,5114,8095,39.9
TR01241,C020,630,2088,91.7
TR01241,C022,476,700,39.9
TR01241,C022,6456,8427,82.8
TR01241,C025,0,1319,67.9
TR01241,C026,1788,10834,75.4
TR01241,C040,1111,11268,83.2
TR01242,C011,604,2910,47.3
TR01242,C011,11130,12969,37.8
TR01242,C012,685,1478,74.9
TR01242,C012,12572,15400,88.9
TR01242,C014,4448,6891,81.2
TR01242,C014,14167,15591,72.5
TR01242,C015,2277,5743,73.3
TR01242,C015,11945,15117,30.3
TR01242,C042,4883,6255,53.4
TR01242,C048,7992,8631,31.2
TR01243,C008,247,1934,69.7
TR01243,C008,3714,5325,80.7
TR01243,C008,6805,8706,95.7
TR01243,C008,10605,12728,78.5
TR01243,C009,0,6169,42.9
TR01243,C031,2454,3589,78.8
TR01243,C032,2218,5441,76.1
TR01244,C004,1166,16648,64.2
TR01244,C014,1250,3976,37.3
TR01244,C014,9831,13146,93.7
TR01244,C019,2331,15549,72.6
TR01244,C033,1787,14403,95.2
TR01244,C034,312,3709,44.6
TR01244,C043,1270,4222,87.7
TR01244,C043,10752,11108,47.0
TR01245,C004,491,893,42.9
TR01245,C006,1687,3477,25.8
TR01245,C006,8897,11553,98.2
TR01245,C020,5521,8858,65.7
TR01245,C024,0,1963,77.4
TR01245,C025,570,874,47.7
TR01245,C025,6445,7812,74.6
TR01245,C031,4000,7393,92.2
TR01245,C040,1795,5132,44.6
TR01245,C040,8770,11118,97.7
TR01245,C041,5380,8237,37.1
TR01246,C002,0,568,40.6
TR01246,C010,1141,3009,68.8
TR01246,C010,8622,10562,45.2
TR01246,C017,92,3716,63.1
TR01246,C017,8714,9435,31.1
TR01246,C020,3277,5839,45.5
TR01246,C037,983,1847,61.7
TR01246,C037,7696,8068,60.5
TR01246,C049,1273,3669,88.0
TR01246,C049,9425,9864,63.8
TR01247,C011,4742,8387,47.4
TR01247,C018,1755,9833,60.7
TR01247,C021,0,3456,26.6
TR01247,C033,1996,5119,82.7
TR01247,C033,6215,8577,67.5
TR01247,C036,2970,4691,70.9
TR01247,C040,3900,6453,89.9
TR01248,C004,572,4568,76.0
TR01248,C007,2180,4524,68.1
TR01248,C007,6469,8361,93.5
TR01248,C013,4515,7608,80.5
TR01248,C026,4428,6452,25.8
TR01248,C033,1541,3346,68.2
TR01248,C033,6125,8883,90.3
TR01248,C040,2235,4113,38.0
TR01248,C048,653,8281,83.9
TR01248,C049,4538,7257,77.7
TR01249,C010,152,766,83.9
TR01249,C020,154,6067,93.5
TR01249,C021,1361,2233,56.7
TR01249,C021,3787,4336,35.3
TR01249,C028,1727,3437,48.9
TR01249,C028,4765,6429,56.7
TR01249,C038,727,2070,44.0
TR01249,C038,5465,6821,90.4
TR01250,C001,3799,4455,86.9
TR01250,C001,8070,10311,74.4
TR01250,C004,7719,9662,59.3
TR01250,C024,881,3270,31.3
TR01250,C024,9158,12914,90.9
TR01250,C032,7342,10941,97.0
TR01250,C033,1055,1703,64.8
TR01250,C033,10312,12485,79.9
TR01250,C040,903,3492,38.3
TR01250,C048,2577,3862,66.7
TR01250,C048,10918,13919,26.4
TR01251,C007,712,1933,51.2
TR01251,C007,4041,6254,75.8
TR01251,C011,0,2400,25.4
TR01251,C021,970,4274,77.0
TR01251,C032,1176,5635,69.9
TR01251,C033,2347,4342,94.4
TR01251,C041,565,853,51.7
TR01251,C041,1735,2384,81.2
TR01251,C041,3968,4738,65.9
TR01251,C041,5311,6593,85.1
TR01251,C045,15,6817,70.4
TR01251,C049,2603,4671,90.5
TR01252,C002,1918,16661,67.6
TR01252,C021,1316,14205,99.2
TR01252,C026,901,2943,48.2
TR01252,C026,10132,11493,89.0
TR01252,C032,859,15485,91.9
TR01252,C033,8239,9216,99.2
TR01252,C045,347,2427,47.0
TR01252,C045,8563,11605,95.0
TR01253,C004,3823,7063,30.4
TR01253,C004,9387,12446,55.0
TR01253,C007,2998,3690,91.5
TR01253,C007,9968,11282,73.9
TR01253,C020,1360,2588,79.3
TR01253,C020,6042,7809,88.1
TR01253,C020,9365,9639,53.2
TR01253,C020,15171,15493,93.6
TR01253,C042,511,4377,30.8
TR01253,C042,11924,15298,87.8
TR01253,C044,157,18156,72.3
TR01253,C045,5253,5469,69.9
TR01254,C009,1328,3721,58.2
TR01254,C009,6140,7334,38.8
TR01254,C009,11987,12812,99.7
TR01254,C011,270,13063,96.4
TR01254,C012,335,2116,68.8
TR01254,C012,6645,8851,84.5
TR01254,C012,11714,12873,83.2
TR01254,C028,1883,3430,45.0
TR01254,C028,12309,13340,67.9
TR01254,C035,5213,6101,27.8
TR01254,C038,490,16616,85.0
TR01254,C044,1060,4443,93.9
TR01254,C044,11119,14267,78.0
TR01255,C011,3082,5061,27.6
TR01255,C027,707,1353,62.9
TR01255,C027,7030,8761,66.6
TR01255,C027,13496,15192,76.2
TR01255,C036,749,15988,97.7
TR01255,C039,7931,9399,42.9
TR01255,C047,3414,14332,66.4
TR01256,C019,1326,2449,75.2
TR01256,C019,6412,7624,35.9
TR01256,C022,1672,3275,27.6
TR01256,C022,5028,8213,33.7
TR01256,C032,881,1451,58.2
TR01256,C036,95,7150,73.5
TR01256,C043,1312,4292,71.4
TR01257,C022,279,1844,46.0
TR01257,C022,6489,6805,60.0
TR01257,C024,399,2383,40.9
TR01257,C029,3401,5714,66.0
TR01257,C037,2950,4080,83.8
TR01257,C046,0,943,63.3
TR01257,C049,3505,3940,40.6
TR01258,C001,1001,2067,52.2
TR01258,C001,3621,4166,46.1
TR01258,C005,87,527,95.0
TR01258,C005,3579,4718,47.4
TR01258,C006,1269,2376,53.0
TR01258,C006,3619,5460,94.7
TR01258,C009,174,2271,46.3
TR01258,C009,3081,3738,58.5
TR01258,C022,210,1710,58.2
TR01258,C037,1145,2344,46.1
TR01258,C037,2958,3974,90.6
TR01258,C042,0,1613,31.2
TR01259,C009,482,1272,87.0
TR01259,C009,1654,2742,39.4
TR01259,C009,3481,4172,32.0
TR01259,C009,4760,5125,80.0
TR01259,C012,907,1909,46.8
TR01259,C021,1417,1823,91.5
TR01259,C046,358,2711,35.5
TR01259,C049,1368,1622,52.6
TR01259,C049,4349,4794,87.3
TR01260,C009,700,2359,79.9
TR01260,C009,4709,6216,37.4
TR01260,C020,252,3118,76.3
TR01260,C020,5210,6071,35.3
TR01260,C021,3413,6763,69.1
TR01260,C036,2972,4691,21.6
TR01260,C042,1192,1654,96.8
TR01260,C042,3778,5830,93.8
TR01260,C043,1081,1714,72.9
TR01260,C043,3838,6542,52.9
TR01260,C046,1096,5807,91.9
TR01261,C003,0,3563,47.9
TR01261,C022,823,3349,54.6
TR01261,C022,5855,7883,89.2
TR01261,C024,1182,2914,37.7
TR01261,C024,5604,8235,20.2
TR01261,C026,1599,8029,86.8
TR01261,C030,302,2884,44.7
TR01261,C036,735,8700,91.3
TR01261,C039,2294,2729,91.0
TR01261,C039,5210,8183,96.9
TR01262,C015,2405,3370,23.7
TR01262,C020,3955,4425,63.9
TR01262,C020,11364,13596,62.1
TR01262,C027,2766,3023,99.5
TR01262,C027,12227,14042,80.9
TR01262,C048,334,15149,69.7
TR01263,C013,245,1838,88.5
TR01263,C013,4780,7616,30.4
TR01263,C016,1446,2718,53.9
TR01263,C016,5418,5712,92.5
TR01263,C017,929,2798,55.9
TR01263,C017,6596,8622,41.9
TR01263,C042,1216,3056,39.0
TR01263,C050,1746,4033,45.2
TR01263,C050,6149,6933,80.2
TR01264,C007,2720,5716,48.4
TR01264,C011,1685,2377,94.7
TR01264,C022,478,2156,32.4
TR01264,C022,3694,5013,32.7
TR01264,C036,1690,3275,58.2
TR01265,C009,1129,1608,66.2
TR01265,C009,6152,7036,45.9
TR01265,C013,67,2119,36.4
TR01265,C013,4187,5807,55.0
TR01265,C013,8296,10343,39.0
TR01265,C016,528,3591,96.9
TR01265,C016,6970,10472,21.0
TR01265,C037,2181,9949,61.1
TR01265,C042,821,8847,85.8
TR01265,C045,76,1351,51.7
TR01265,C045,8243,9983,63.0
TR01266,C013,940,1741,48.9
TR01266,C013,7479,9821,85.3
TR01266,C013,14515,15671,31.4
TR01266,C021,3033,4322,97.4
TR01266,C021,12933,15014,68.2
TR01266,C022,2528,3560,68.2
TR01266,C032,0,8802,57.1
TR01266,C040,3985,5209,38.0
TR01266,C048,4941,5281,64.1
TR01266,C048,10043,12731,38.3
TR01266,C050,2431,5064,64.7
TR01267,C003,1388,2756,77.4
TR01267,C003,12169,12533,97.4
TR01267,C008,393,2461,86.1
TR01267,C008,7498,8916,85.8
TR01267,C008,15187,17208,78.7
TR01267,C013,2450,3774,57.8
TR01267,C013,13515,14085,69.9
TR01267,C018,3189,16185,97.3
TR01267,C027,8291,10170,24.2
TR01267,C034,54,1500,72.3
TR01267,C034,13516,14865,35.2
TR01268,C017,258,13817,62.1
TR01268,C020,3214,5859,72.9
TR01268,C025,3483,3842,24.4
TR01268,C025,7846,11413,34.1
TR01268,C031,438,3198,64.4
TR01268,C038,2638,11656,83.4
TR01269,C003,1607,3129,46.3
TR01269,C003,5854,6329,32.3
TR01269,C009,1899,2899,27.0
TR01269,C009,5987,8023,71.9
TR01269,C012,3020,4606,57.3
TR01269,C020,1518,2014,78.4
TR01269,C021,1511,2993,28.2
TR01269,C035,76,2506,91.8
TR01269,C039,1451,3209,89.6
TR01269,C039,6920,8315,38.2
TR01270,C007,0,2502,72.6
TR01270,C011,2292,11327,99.8
TR01270,C012,1454,2068,29.9
TR01270,C012,8513,9878,41.7
TR01270,C017,47,2638,97.9
TR01270,C035,1781,3429,32.0
TR01270,C035,8639,9428,99.5
TR01270,C048,5431,7787,69.9
TR01270,C049,3218,3921,53.6
TR01270,C049,7330,9588,30.0
TR01271,C003,2676,3755,77.5
TR01271,C003,7677,10900,66.1
TR01271,C012,1612,2049,51.1
TR01271,C012,8050,9909,79.0
TR01271,C025,220,1908,55.7
TR01271,C044,826,1847,30.0
TR01271,C044,3024,5437,95.8
TR01271,C044,6645,7218,97.5
TR01271,C044,8983,10771,94.4
TR01272,C008,843,2548,55.1
TR01272,C008,3563,4718,94.9
TR01272,C008,7360,7570,77.8
TR01272,C019,1584,2159,35.4
TR01272,C019,7159,7636,82.7
TR01272,C024,4165,5288,86.6
TR01272,C026,1910,2392,64.1
TR01272,C026,5125,6905,61.3
TR01272,C040,2255,4244,22.3
TR01272,C040,5625,8650,61.6
TR01272,C041,810,3485,77.1
TR01272,C041,6549,7620,42.3
TR01272,C050,988,3798,64.0
TR01273,C012,3445,5033,37.4
TR01273,C012,9756,11069,68.6
TR01273,C013,4265,4750,35.8
TR01273,C013,11019,11680,80.4
TR01273,C023,1886,4981,39.3
TR01273,C023,12387,14941,54.9
TR01273,C046,3775,6377,32.1
TR01273,C046,11837,15084,35.9
TR01273,C050,0,5691,63.7
TR01274,C014,1136,9847,99.1
TR01274,C032,1553,5202,37.1
TR01274,C032,6533,7905,61.2
TR01274,C034,297,1042,45.6
TR01274,C034,6173,8740,65.8
TR01274,C038,1112,2008,50.4
TR01274,C038,5637,6121,92.5
TR01274,C039,96,10148,62.3
TR01275,C017,551,9585,80.1
TR01275,C024,1593,4225,46.0
TR01275,C024,6303,7262,89.3
TR01275,C027,0,3070,44.3
TR01275,C030,772,3006,57.6
TR01275,C030,6890,8113,94.1
TR01275,C040,1030,4039,60.9
TR01275,C045,3303,5754,91.9
TR01275,C049,4034,7536,61.2
TR01276,C004,263,1319,85.7
TR01276,C004,8077,9597,97.7
TR01276,C006,1027,1846,73.6
TR01276,C006,9089,10437,100.0
TR01276,C010,2412,5592,51.3
TR01276,C010,7512,10126,38.4
TR01276,C029,897,11561,76.4
TR01276,C032,427,3807,27.3
TR01276,C032,7774,8937,80.5
TR01276,C043,1188,2796,36.6
TR01276,C043,7442,8376,97.1
TR01276,C046,982,1371,29.6
TR01276,C046,10109,11289,98.2
TR01276,C048,0,4269,29.1
TR01277,C010,1901,2363,68.4
TR01277,C010,4700,6043,97.0
TR01277,C014,273,2969,36.9
TR01277,C014,6091,9279,34.1
TR01277,C015,574,1417,58.8
TR01277,C015,6880,8470,29.7
TR01277,C024,976,2585,40.3
TR01277,C024,4960,5941,93.3
TR01277,C044,1733,7776,83.4
TR01277,C049,1764,2148,57.2
TR01277,C049,6107,6534,33.0
TR01278,C025,368,2193,24.8
TR01278,C025,4921,6423,46.0
TR01278,C026,3636,4118,29.4
TR01278,C030,1490,6134,65.0
TR01278,C033,290,7026,98.6
TR01278,C047,319,1232,86.3
TR01279,C019,140,1081,88.2
TR01279,C019,9304,11537,53.0
TR01279,C025,286,3144,38.5
TR01279,C028,4597,5529,35.3
TR01279,C033,6405,9220,56.5
TR01279,C035,2317,3773,70.8
TR01279,C035,11987,12213,34.0
TR01279,C042,7657,10485,67.2
TR01280,C004,2949,6538,85.9
TR01280,C005,1611,1910,85.4
TR01280,C005,5144,6476,64.9
TR01280,C008,1804,3118,96.9
TR01280,C011,28,3254,88.3
TR01280,C011,5144,7044,20.7
TR01280,C012,1481,2223,91.2
TR01280,C012,4906,5823,77.8
TR01280,C041,1652,2382,67.5
TR01280,C041,4278,4683,40.7
TR01280,C043,0,2911,26.0
TR01280,C045,2708,5373,27.5
TR01280,C004,3617,6865,73.9
TR01281,C007,0,5020,27.9
TR01281,C008,239,13722,84.2
TR01281,C009,0,3758,27.6
TR01281,C018,6692,10076,96.7
TR01281,C023,381,584,87.2
TR01281,C023,5142,5882,59.8
TR01281,C023,8159,8585,34.1
TR01281,C023,12519,13939,46.8
TR01281,C033,4489,6745,67.2
TR01281,C039,5993,7662,29.1
TR01281,C040,1808,2672,93.3
TR01281,C040,8790,10499,52.4
TR01282,C002,484,1189,69.7
TR01282,C002,3798,6731,89.0
TR01282,C006,0,3195,70.7
TR01282,C012,826,2079,77.2
TR01282,C012,4884,5719,73.8
TR01282,C031,553,1002,69.2
TR01282,C031,1931,3101,62.6
TR01282,C031,4153,5064,67.8
TR01282,C031,5946,7132,62.3
TR01282,C033,1408,4035,23.5
TR01283,C002,456,3198,51.0
TR01283,C002,6302,8015,41.4
TR01283,C005,0,874,82.0
TR01283,C013,142,845,98.6
TR01283,C013,4658,6369,51.5
TR01283,C037,956,2721,48.5
TR01283,C037,3435,4713,77.4
TR01283,C037,6730,7581,42.3
TR01283,C039,1389,3317,63.9
TR01283,C039,5444,6527,34.0
TR01283,C040,1503,2812,82.5
TR01283,C040,4669,5966,63.5
TR01283,C002,693,3057,68.8
TR01284,C006,103,342,95.6
TR01284,C006,4153,7734,29.2
TR01284,C008,468,883,91.7
TR01284,C008,2469,2712,65.8
TR01284,C008,4060,4487,79.7
TR01284,C008,6139,7755,56.1
TR01284,C009,643,3177,90.6
TR01284,C009,5607,7239,34.1
TR01284,C011,1753,2002,90.4
TR01284,C016,2061,5098,89.5
TR01284,C017,305,2498,49.6
TR01284,C017,3168,3830,75.0
TR01284,C017,5508,7157,98.3
TR01284,C047,231,934,88.9
TR01284,C047,4850,6722,47.4
TR01285,C007,579,3521,66.1
TR01285,C011,3066,5551,23.3
TR01285,C011,9714,10492,84.8
TR01285,C035,2797,4352,62.8
TR01285,C035,8885,10098,24.7
TR01285,C049,4423,7011,42.9
TR01286,C003,3125,6929,37.7
TR01286,C007,2841,5549,31.6
TR01286,C010,522,2097,49.2
TR01286,C010,3746,6074,42.3
TR01286,C016,495,2541,63.3
TR01286,C016,3744,6101,96.8
TR01286,C017,1347,1751,52.8
TR01286,C020,471,1633,46.6
TR01286,C020,4654,5509,66.1
TR01286,C039,2593,3749,54.9
TR01286,C047,999,2819,60.0
TR01286,C047,4169,5473,85.7
TR01287,C001,811,4949,60.7
TR01287,C018,1098,4712,74.0
TR01287,C025,1,1641,66.3
TR01287,C025,3573,4242,43.9
TR01287,C028,551,2959,64.9
TR01287,C028,3749,4294,89.4
TR01287,C038,1889,4535,66.0
TR01287,C040,945,1822,40.3
TR01287,C040,3785,5869,35.5
TR01288,C005,1858,3495,63.9
TR01288,C005,5259,6171,56.9
TR01288,C012,1946,4219,65.6
TR01288,C012,5547,6490,49.5
TR01288,C020,2637,4656,91.8
TR01288,C033,3029,5309,53.6
TR01288,C036,256,1699,33.4
TR01288,C036,3112,4308,97.1
TR01288,C036,5007,5312,60.5
TR01288,C036,7858,8902,61.2
TR01288,C040,1295,2352,32.9
TR01289,C004,841,1267,49.4
TR01289,C004,2799,4394,95.0
TR01289,C011,145,4928,66.5
TR01289,C021,273,3978,61.3
TR01289,C026,866,1193,68.5
TR01289,C026,2806,3109,40.0
TR01289,C031,1140,1995,52.9
TR01289,C031,3140,5130,31.9
TR01289,C032,0,1051,25.1
TR01290,C001,632,13741,95.6
TR01290,C013,3320,4931,63.9
TR01290,C013,11496,13679,30.2
TR01290,C029,1593,4628,40.1
TR01290,C036,4142,5112,75.9
TR01290,C049,2847,6492,46.5
TR01290,C050,2998,15526,96.6
TR01291,C004,1985,5316,56.0
TR01291,C022,1830,5025,27.6
TR01291,C026,2213,2533,85.8
TR01291,C031,314,2646,47.8
TR01291,C031,4135,5015,93.1
TR01291,C042,390,2864,35.2
TR01291,C042,3549,6567,55.3
TR01291,C044,1192,4095,53.4
TR01291,C049,2259,5900,62.8
TR01292,C013,1472,3313,40.8
TR01292,C014,2171,2579,42.3
TR01292,C014,8832,9567,99.2
TR01292,C022,0,2080,66.5
TR01292,C023,6587,8219,84.0
TR01292,C037,2068,3510,98.3
TR01292,C037,8623,10169,33.8
TR01293,C004,81,16801,70.5
TR01293,C016,2057,2938,92.6
TR01293,C016,10082,12439,40.4
TR01293,C028,317,2219,64.6
TR01293,C028,13852,15397,82.4
TR01293,C031,8251,8765,36.9
TR01293,C032,968,1297,80.9
TR01293,C032,6011,7946,93.1
TR01293,C032,9920,10888,61.2
TR01293,C032,15527,15830,96.4
TR01293,C042,3010,4316,63.1
TR01293,C042,12223,16034,33.0
TR01293,C044,6167,7668,52.0
TR01293,C047,77,1978,72.6
TR01293,C047,10622,11215,61.0
TR01294,C003,1892,2177,80.8
TR01294,C009,104,376,61.9
TR01294,C009,2932,3948,90.7
TR01294,C009,5191,6634,38.4
TR01294,C009,7282,8628,92.0
TR01294,C015,0,3022,54.3
TR01294,C016,1121,2768,51.9
TR01294,C016,5679,6056,99.3
TR01294,C024,632,3536,90.8
TR01294,C026,1283,4238,40.7
TR01294,C037,2824,3951,39.4
TR01294,C044,2508,3242,81.8
TR01295,C013,2292,5641,29.9
TR01295,C017,372,1176,97.9
TR01295,C020,187,409,37.8
TR01295,C020,3038,3651,58.6
TR01295,C020,5125,5452,43.0
TR01295,C033,537,6916,62.8
TR01295,C037,1754,4291,86.3
TR01295,C049,441,6462,71.0
TR01296,C001,5428,6061,41.8
TR01296,C009,2220,4329,35.7
TR01296,C012,581,1553,87.4
TR01296,C012,4717,5937,74.9
TR01296,C012,8131,9828,94.7
TR01296,C012,12270,13580,80.5
TR01296,C030,3715,6540,66.0
TR01296,C030,9991,11472,43.5
TR01296,C031,2913,5437,41.2
TR01296,C040,0,4480,47.2
TR01296,C042,3755,7724,66.9
TR01296,C048,291,1171,40.1
TR01296,C048,8332,8677,85.0
TR01297,C011,170,809,36.5
TR01297,C011,2280,2745,35.5
TR01297,C011,3995,4361,70.1
TR01297,C011,6115,7104,66.9
TR01297,C013,2420,4426,35.3
TR01297,C016,2192,4766,22.1
TR01297,C017,757,3379,65.4
TR01297,C017,4818,6209,54.5
TR01297,C025,959,6204,83.7
TR01297,C039,91,843,77.7
TR01297,C039,4480,6490,62.9
TR01298,C009,3273,6242,94.7
TR01298,C009,9212,9865,66.0
TR01298,C024,776,2999,78.5
TR01298,C027,1113,3175,45.1
TR01298,C030,5529,9314,86.1
TR01298,C033,5854,6679,35.6
TR01298,C034,2024,16500,86.3
TR01298,C037,3527,18125,73.7
TR01298,C038,759,15890,74.9
TR01299,C014,1794,5032,75.3
TR01299,C014,6482,8126,86.3
TR01299,C019,228,781,48.2
TR01299,C019,6404,7278,85.2
TR01299,C020,2143,3234,38.3
TR01299,C021,3772,6406,29.9
TR01299,C033,2845,3670,99.5
TR01299,C040,1813,10217,80.3
TR01299,C049,5677,5926,29.7
TR01299,C050,273,9857,66.2
TR01300,C010,874,10331,95.3
TR01300,C018,2818,3398,29.4
TR01300,C018,8147,9103,86.4
TR01300,C027,743,4291,88.3
TR01300,C035,2399,3055,64.0
TR01300,C035,9298,12265,72.1
TR01300,C040,478,2001,77.1
TR01300,C041,3198,5682,65.6
TR01300,C041,7433,7637,27.9
TR01300,C044,720,1189,55.4
TR01301,C011,568,835,83.2
TR01301,C011,3493,4113,78.4
TR01301,C011,6856,8234,64.5
TR01301,C011,10229,10787,33.2
TR01301,C013,450,1223,78.8
TR01301,C013,6294,6735,73.6
TR01301,C017,2971,6527,76.4
TR01301,C020,1319,2096,23.9
TR01301,C020,7135,7603,35.3
TR01301,C022,5343,7102,58.2
TR01301,C029,3097,6161,38.2
TR01301,C029,8654,10938,37.1
TR01301,C045,1300,10172,63.6
TR01302,C001,955,3152,26.7
TR01302,C001,5928,7378,81.2
TR01302,C016,893,2187,51.6
TR01302,C016,5572,8420,73.6
TR01302,C032,2712,5458,46.9
TR01302,C035,2292,3726,91.0
TR01302,C042,590,7085,85.2
TR01302,C043,2572,3070,45.1
TR01303,C002,2246,4176,46.4
TR01303,C002,6159,6953,49.8
TR01303,C027,304,1718,61.9
TR01303,C027,4938,7647,91.4
TR01303,C034,1154,2861,46.0
TR01303,C042,1812,2546,22.1
TR01303,C042,6092,6543,43.6
TR01303,C049,0,3821,54.8
TR01303,C050,0,1993,42.7
TR01304,C008,908,10972,86.0
TR01304,C019,0,5608,39.8
TR01304,C021,0,3560,31.4
TR01304,C041,6128,8028,44.7
TR01304,C043,2130,3795,35.5
TR01304,C043,9147,12036,94.7
TR01304,C046,1789,5114,86.7
TR01304,C046,6898,8360,51.3
TR01304,C049,1208,2528,95.1
TR01304,C049,9360,11023,76.5
TR01305,C003,964,4075,71.4
TR01305,C005,660,2319,38.4
TR01305,C005,6344,8377,75.9
TR01305,C005,14202,16076,78.2
TR01305,C022,2724,4208,51.7
TR01305,C022,12438,14543,41.4
TR01305,C027,3258,5136,75.4
TR01305,C027,13667,17028,61.0
TR01305,C030,1006,1437,34.5
TR01305,C030,6045,7438,41.7
TR01305,C030,10350,11667,99.5
TR01305,C030,14226,15977,45.7
TR01305,C036,4602,5379,84.3
TR01305,C045,575,2616,42.9
TR01306,C003,745,1936,50.9
TR01306,C003,4182,4434,87.1
TR01306,C006,1448,2743,67.4
TR01306,C006,4511,5424,85.0
TR01306,C008,0,1031,35.7
TR01306,C010,879,3105,43.0
TR01306,C010,3829,6233,92.0
TR01306,C022,746,2210,44.6
TR01306,C022,4873,5916,62.3
TR01306,C035,1108,4122,29.9
TR01306,C041,1570,2968,62.7
TR01306,C041,4708,5320,45.2
TR01306,C047,1395,2089,46.7
TR01306,C047,3434,6485,54.8
TR01307,C003,413,4078,72.9
TR01307,C003,6026,9151,61.6
TR01307,C004,74,2181,62.5
TR01307,C004,3553,3964,88.8
TR01307,C004,6522,6932,52.8
TR01307,C008,649,7579,80.9
TR01307,C025,701,1433,25.6
TR01307,C025,7277,9159,57.5
TR01307,C032,1654,5621,89.6
TR01307,C045,952,7960,87.2
TR01308,C008,56,8147,93.1
TR01308,C009,1665,3309,36.4
TR01308,C009,6366,7162,100.0
TR01308,C047,2974,5362,49.3
TR01308,C049,390,2062,83.4
TR01308,C049,3022,4980,77.7
TR01308,C049,6496,8116,62.1
TR01308,C050,1036,2313,36.3
TR01308,C050,4613,4919,36.8
TR01309,C011,4322,5427,79.3
TR01309,C027,4493,8193,28.7
TR01309,C033,1141,3891,62.5
TR01309,C033,8610,10070,73.7
TR01309,C034,1030,1994,81.5
TR01309,C034,8324,9132,89.7
TR01309,C037,1688,2999,27.5
TR01309,C037,8287,10591,35.2
TR01309,C041,341,962,71.1
TR01309,C041,8880,9639,58.5
TR01310,C003,973,4948,31.6
TR01310,C009,344,2297,77.2
TR01310,C009,9322,10187,95.9
TR01310,C011,6248,9751,47.0
TR01310,C022,1612,5527,61.4
TR01310,C022,9844,10428,43.5
TR01310,C025,2428,6050,66.1
TR01310,C025,7459,11119,33.0
TR01310,C034,2246,4348,70.1
TR01310,C034,9030,11057,58.3
TR01310,C044,4798,8480,22.2
TR01311,C019,550,4451,24.3
TR01311,C019,5369,5881,80.6
TR01311,C021,580,2346,31.7
TR01311,C021,6554,7933,44.2
TR01311,C025,1979,7583,79.3
TR01311,C030,1537,9591,68.1
TR01311,C036,1244,3183,39.4
TR01311,C045,961,2993,90.7
TR01311,C045,4385,5914,55.0
TR01311,C045,7305,9227,62.9
TR01312,C011,0,4311,65.0
TR01312,C015,273,2959,27.0
TR01312,C023,940,2344,77.9
TR01312,C036,4548,4909,82.9
TR01312,C041,3274,4564,99.2
TR01312,C041,8806,11458,99.1
TR01312,C047,444,3564,38.9
TR01312,C047,7363,9173,26.7
TR01313,C036,2524,3116,88.2
TR01313,C036,12170,14381,73.8
TR01313,C038,5835,6077,69.9
TR01313,C045,7316,9874,73.1
TR01313,C047,1025,2995,38.2
TR01313,C047,5092,6187,51.3
TR01313,C047,8995,9800,61.2
TR01313,C047,14125,15436,77.2
TR01313,C050,1197,1491,92.4
TR01313,C050,11073,12018,81.3
TR01313,C036,12506,16726,61.6
TR01314,C002,1230,1736,65.8
TR01314,C002,4618,7750,51.8
TR01314,C004,2829,3687,87.8
TR01314,C013,2704,4051,62.1
TR01314,C046,623,1304,52.2
TR01314,C046,6145,7934,30.3
TR01315,C001,1573,2656,91.8
TR01315,C001,7692,8949,87.1
TR01315,C001,13687,15368,49.8
TR01315,C006,1196,3332,93.9
TR01315,C006,8044,8828,96.0
TR01315,C006,12609,14623,34.5
TR01315,C014,3696,5556,65.2
TR01315,C019,2489,4119,66.2
TR01315,C019,11069,11748,40.5
TR01315,C039,4009,6498,78.6
TR01315,C039,12199,12407,56.8
TR01315,C042,115,18453,83.3
TR01315,C043,3479,7402,81.7
TR01315,C043,12011,14200,24.5
TR01316,C003,3499,7349,90.9
TR01316,C003,11263,12677,48.3
TR01316,C012,4155,7585,79.1
TR01316,C022,3589,4933,57.0
TR01316,C022,7861,8907,49.5
TR01316,C037,4960,6348,51.4
TR01317,C002,1148,4887,76.0
TR01317,C006,2225,5318,47.1
TR01317,C009,3670,4072,35.9
TR01317,C023,3403,6738,58.4
TR01317,C043,417,2050,96.1
TR01317,C043,2680,3283,56.0
TR01317,C043,6107,7324,82.8
TR01317,C045,883,7527,66.6
TR01317,C047,0,2363,39.6
TR01317,C050,1580,4971,91.7
TR01318,C003,280,2812,58.4
TR01318,C003,3962,5808,41.4
TR01318,C014,754,4527,76.8
TR01318,C018,157,1261,78.3
TR01318,C018,2011,2471,70.3
TR01318,C018,3325,4163,33.4
TR01318,C018,4798,5011,75.4
TR01318,C028,1193,3134,90.6
TR01318,C028,4620,5832,85.2
TR01318,C029,1480,3059,59.0
TR01318,C029,4706,4920,25.6
TR01318,C030,1479,3625,67.9
TR01318,C044,2608,5797,30.3
TR01318,C045,3117,3958,73.2
TR01319,C010,840,3417,73.3
TR01319,C010,8781,12410,28.6
TR01319,C021,2811,3424,56.6
TR01319,C021,9084,11644,40.8
TR01319,C034,1183,3556,39.6
TR01319,C036,121,2477,36.8
TR01319,C039,356,3296,21.2
TR01319,C039,10346,10984,20.5
TR01319,C045,1499,3171,88.7
TR01319,C045,8980,9493,31.8
TR01320,C002,702,3376,23.4
TR01320,C002,5602,7385,85.6
TR01320,C011,106,687,72.0
TR01320,C011,4781,8613,41.2
TR01320,C031,416,3165,90.3
TR01320,C031,5463,5996,61.8
TR01320,C033,1086,8292,80.1
TR01320,C047,1790,2355,91.2
TR01321,C010,1105,3332,20.9
TR01321,C010,5889,6787,41.3
TR01321,C013,379,924,86.4
TR01321,C013,2434,3837,93.8
TR01321,C013,4161,4763,61.0
TR01321,C013,5935,6468,75.3
TR01321,C016,594,851,36.3
TR01321,C016,2251,2831,88.8
TR01321,C016,4395,4659,73.5
TR01321,C016,6514,7010,41.8
TR01321,C032,1208,2362,66.5
TR01321,C032,5181,5623,30.0
TR01321,C037,1454,6712,60.7
TR01321,C044,472,2596,95.1
TR01321,C044,3106,4296,48.7
TR01321,C044,5957,7120,83.6
TR01322,C010,382,1768,20.2
TR01322,C010,3813,4445,35.0
TR01322,C014,2328,6108,86.6
TR01322,C025,1498,2722,39.1
TR01322,C025,3704,4546,32.5
TR01322,C027,99,984,89.8
TR01322,C027,4129,5916,72.9
TR01323,C012,3307,4332,69.1
TR01323,C016,4249,7233,44.2
TR01323,C027,2721,6626,95.7
TR01323,C028,0,3823,80.9
TR01323,C036,1053,4041,95.5
TR01323,C036,6478,8355,41.8
TR01323,C041,691,7155,64.6
TR01323,C046,0,1270,71.5
TR01324,C002,1147,1360,91.2
TR01324,C007,43,343,49.5
TR01324,C015,937,1466,31.8
TR01324,C015,4029,4629,51.7
TR01324,C035,0,2494,60.2
TR01324,C040,658,1306,64.6
TR01324,C040,3477,4884,48.2
TR01325,C002,1574,7884,89.8
TR01325,C004,935,8534,73.2
TR01325,C009,99,2068,80.1
TR01325,C009,2735,4092,84.0
TR01325,C009,5030,6874,34.4
TR01325,C009,7483,9160,99.3
TR01325,C016,1499,4203,27.7
TR01325,C016,6969,8314,73.0
TR01325,C025,700,3088,41.1
TR01325,C025,6139,6385,73.0
TR01325,C028,1085,9834,85.2
TR01325,C031,2832,3591,89.5
TR01326,C001,288,611,79.2
TR01326,C001,4602,6516,94.6
TR01326,C002,770,1245,44.9
TR01326,C002,5252,6474,61.0
TR01326,C008,1330,8036,76.9
TR01326,C009,908,8569,80.5
TR01326,C014,189,2366,86.5
TR01326,C014,3266,4785,67.5
TR01326,C014,6328,8482,62.1
TR01326,C026,1861,2226,88.4
TR01326,C026,6298,7216,33.3
TR01326,C028,4287,6690,81.4
TR01327,C010,390,1651,31.6
TR01327,C010,5210,5984,38.6
TR01327,C018,1930,3261,28.9
TR01327,C024,72,1388,42.2
TR01327,C024,3756,6362,55.3
TR01327,C036,651,2479,69.9
TR01327,C036,5194,5711,26.6
TR01327,C046,0,2325,52.4
TR01328,C001,381,920,60.3
TR01328,C001,7908,8354,66.3
TR01328,C009,1376,2698,96.0
TR01328,C009,7265,10617,95.7
TR01328,C017,1267,3489,33.1
TR01328,C024,4189,7259,64.8
TR01328,C038,724,9376,64.4
TR01329,C009,2347,4767,67.4
TR01329,C009,6466,9846,23.2
TR01329,C010,305,3060,54.9
TR01329,C010,5602,8370,57.6
TR01329,C015,5169,6586,85.2
TR01329,C022,2606,5047,66.6
TR01329,C022,5621,8447,69.4
TR01329,C025,844,1052,57.6
TR01329,C040,259,861,44.5
TR01329,C040,3470,3866,58.9
TR01329,C040,5799,7552,80.1
TR01329,C040,7993,8279,31.0
TR01329,C047,899,4366,75.8
TR01329,C047,5872,9560,36.0
TR01329,C050,1919,3846,67.8
TR01329,C050,5891,7534,66.8
TR01330,C015,4827,8337,24.4
TR01330,C028,3332,6450,67.9
TR01330,C039,874,18661,78.5
TR01330,C044,3474,6235,37.9
TR01330,C044,11255,14966,65.6
TR01330,C046,473,4429,37.7
TR01330,C046,10348,11030,79.2
TR01330,C015,8546,15390,86.5
TR01331,C005,130,2628,89.7
TR01331,C005,7074,8939,88.4
TR01331,C012,1938,2408,63.5
TR01331,C012,6137,6918,50.0
TR01331,C017,1077,2879,70.6
TR01331,C027,629,7641,92.8
TR01331,C030,773,3051,73.6
TR01331,C030,5812,7520,90.7
TR01331,C032,1226,9648,64.7
TR01331,C034,2520,4524,45.3
TR01331,C039,0,1593,74.5
TR01332,C011,966,1784,70.5
TR01332,C011,3726,6322,32.7
TR01332,C019,339,2404,24.9
TR01332,C019,4690,5557,76.2
TR01332,C023,1096,4020,56.6
TR01332,C036,2722,6390,55.9
TR01333,C002,739,966,76.2
TR01333,C002,3373,5145,44.4
TR01333,C002,6775,8367,95.7
TR01333,C002,10252,11606,49.5
TR01333,C003,4136,6237,91.7
TR01333,C027,1618,3093,31.2
TR01333,C027,6441,8314,64.4
TR01333,C032,1547,3431,84.5
TR01333,C033,2104,5318,46.8
TR01333,C033,8757,9676,84.1
TR01333,C049,2991,6020,55.3
TR01333,C049,6888,10547,94.4
TR01334,C020,158,1809,53.3
TR01334,C026,0,842,37.0
TR01334,C028,3184,4790,64.2
TR01334,C039,378,6373,93.6
TR01334,C041,3452,6520,22.9
TR01334,C044,1382,1657,47.1
TR01334,C044,4224,6295,77.8
TR01334,C048,1547,4013,47.4
TR01334,C048,4483,5631,84.7
TR01335,C004,2383,5596,40.0
TR01335,C019,61,3995,72.4
TR01335,C021,0,884,89.0
TR01335,C022,4167,5667,39.6
TR01335,C025,1837,8116,80.8
TR01335,C026,1404,3408,43.5
TR01335,C026,5462,8652,81.3
TR01335,C040,1591,7931,85.5
TR01336,C024,594,7003,81.8
TR01336,C030,0,3412,72.2
TR01336,C032,246,3341,96.2
TR01336,C041,14,676,30.8
TR01337,C013,1067,2621,30.4
TR01337,C013,7889,9035,83.7
TR01337,C013,12534,14303,42.0
TR01337,C018,653,3741,93.2
TR01337,C022,952,17102,71.5
TR01337,C038,1911,5035,62.0
TR01338,C026,2438,4566,79.9
TR01338,C026,7168,9738,35.6
TR01338,C040,1030,1928,92.5
TR01338,C040,6169,7796,76.1
TR01338,C041,1764,2530,48.6
TR01338,C041,6474,9765,28.0
TR01338,C043,3919,6588,96.2
TR01338,C049,1149,2858,75.8
TR01338,C049,7443,8871,98.5
TR01339,C009,658,2546,86.4
TR01339,C009,4400,4792,30.3
TR01339,C016,1102,2191,78.8
TR01339,C016,3683,4507,38.9
TR01339,C024,0,1157,77.4
TR01339,C032,694,3717,52.3
TR01339,C033,12,244,30.6
TR01339,C033,1902,2656,35.9
TR01339,C033,3302,3847,62.8
TR01339,C033,5056,5790,37.2
TR01339,C046,497,1642,37.4
TR01340,C030,995,4308,54.6
TR01340,C037,0,967,36.3
TR01340,C041,0,1885,38.4
TR01340,C046,2154,3330,81.1
TR01341,C009,1879,14072,70.8
TR01341,C016,3897,5518,35.1
TR01341,C024,3428,5053,26.5
TR01341,C024,10298,13482,76.2
TR01341,C029,444,1930,94.6
TR01341,C036,7392,10288,25.5
TR01341,C038,2525,4586,89.8
TR01341,C038,10442,13785,98.1
TR01341,C046,1347,3028,21.5
TR01341,C046,10942,14044,83.1
TR01341,C049,0,4925,44.4
TR01342,C009,1842,14500,83.4
TR01342,C021,455,4098,28.0
TR01342,C021,8613,11844,72.0
TR01342,C022,5701,7251,57.4
TR01342,C023,61,3061,80.5
TR01342,C023,10153,12365,76.4
TR01342,C027,4434,5864,56.4
TR01342,C031,777,2050,69.7
TR01342,C047,1204,2746,84.8
TR01342,C047,5844,8173,30.4
TR01342,C047,11960,12768,62.2
TR01343,C007,1368,1702,80.9
TR01343,C007,7798,9270,53.1
TR01343,C011,0,2252,80.8
TR01343,C014,216,1847,80.9
TR01343,C014,8990,11663,56.4
TR01343,C030,1045,2652,53.0
TR01343,C030,8387,10621,86.1
TR01343,C031,962,1333,40.7
TR01343,C031,8824,12171,95.6
TR01343,C036,1385,4305,54.5
TR01343,C048,4500,4990,34.3
TR01344,C011,1707,3493,44.4
TR01344,C019,0,3948,27.9
TR01344,C022,1776,4226,29.3
TR01344,C022,6232,7169,45.2
TR01344,C043,2440,6380,23.3
TR01344,C011,1083,4384,66.7
TR01345,C027,1008,6018,60.9
TR01345,C028,2359,2886,63.9
TR01345,C033,1522,2554,33.5
TR01345,C034,397,2869,71.2
TR01345,C034,4580,6583,60.2
TR01345,C038,443,1268,24.0
TR01345,C038,4215,5834,80.4
TR01345,C046,2867,3558,31.6
TR01345,C050,1121,1831,73.4
TR01345,C050,5286,6350,85.1
TR01346,C005,515,1374,34.0
TR01346,C005,4394,6121,92.7
TR01346,C005,7527,9906,90.6
TR01346,C009,4750,7960,26.4
TR01346,C011,968,8568,65.5
TR01346,C016,851,3192,22.7
TR01346,C016,5278,6437,90.1
TR01346,C018,4848,5457,82.7
TR01346,C025,765,8176,65.5
TR01346,C026,0,2331,83.2
TR01346,C043,1153,1724,51.6
TR01346,C043,6781,8493,73.5
TR01347,C004,635,15383,68.3
TR01347,C008,6555,7204,40.2
TR01347,C010,2875,5939,78.8
TR01347,C010,12479,12883,48.4
TR01347,C028,1394,2090,78.3
TR01347,C033,1748,16245,60.4
TR01347,C039,5262,7666,53.2
TR01347,C040,8000,11435,51.7
TR01347,C047,4013,5941,43.0
TR01347,C047,12012,13239,47.6
TR01348,C008,1993,3428,69.4
TR01348,C014,247,681,90.1
TR01348,C014,2273,3009,50.0
TR01348,C014,3661,4818,95.9
TR01348,C026,330,2274,72.5
TR01348,C026,2807,3829,57.7
TR01348,C048,274,984,76.8
TR01348,C048,1526,2403,74.5
TR01348,C048,2703,3609,77.0
TR01348,C048,3956,4507,98.7
TR01349,C004,1331,3480,68.7
TR01349,C004,6808,9597,42.0
TR01349,C005,3973,6529,37.6
TR01349,C013,1033,3398,52.9
TR01349,C013,5864,6280,95.8
TR01349,C014,1367,1962,67.9
TR01349,C014,7282,7598,54.3
TR01349,C016,4357,6778,58.4
TR01349,C023,3147,6943,98.6
TR01349,C039,1552,4122,92.1
TR01349,C039,5870,6864,86.1
TR01349,C043,607,2488,56.8
TR01349,C043,6631,8780,65.6
TR01350,C001,342,3844,44.9
TR01350,C002,1155,15210,88.4
TR01350,C007,6563,7358,35.4
TR01350,C036,2141,2830,74.7
TR01350,C036,9271,12656,75.4
TR01350,C039,1834,13476,61.0
TR01350,C043,3875,4248,80.6
TR01350,C043,7933,9638,50.7
TR01350,C050,1963,12134,90.7
TR01351,C001,134,607,91.6
TR01351,C001,4266,5315,66.5
TR01351,C006,51,914,27.9
TR01351,C006,5028,5518,73.9
TR01351,C027,632,5421,70.8
TR01351,C039,381,779,80.8
TR01351,C039,1752,3400,88.2
TR01351,C039,4015,4338,98.7
TR01351,C039,5723,6662,98.7
TR01351,C047,275,1136,30.3
TR01351,C047,2116,3133,62.6
TR01351,C047,4038,4395,95.6
TR01351,C047,5270,5738,87.4
TR01352,C004,4349,6296,49.8
TR01352,C009,1928,2619,44.2
TR01352,C009,9000,9601,49.4
TR01352,C010,1413,3299,27.9
TR01352,C012,193,3532,93.7
TR01352,C012,6673,8675,73.4
TR01352,C024,1432,5219,87.9
TR01352,C024,7713,10457,55.4
TR01352,C029,385,596,87.5
TR01352,C050,551,3693,76.7
TR01353,C004,2410,11464,89.7
TR01353,C010,548,11279,68.4
TR01353,C028,5007,7334,41.0
TR01353,C045,540,4376,63.6
TR01353,C045,8054,8512,68.4
TR01353,C049,592,3632,86.8
TR01353,C049,6541,6753,37.1
TR01354,C006,1522,4746,35.7
TR01354,C006,8242,10633,35.4
TR01354,C007,351,1192,84.5
TR01354,C007,9216,10808,79.5
TR01354,C010,2112,4149,46.9
TR01354,C010,10088,10291,84.0
TR01354,C013,5671,7748,65.7
TR01354,C023,4141,6763,22.2
TR01354,C025,4680,5526,33.9
TR01354,C026,2215,13305,82.3
TR01355,C001,2074,2445,25.4
TR01355,C001,6245,7642,72.3
TR01355,C034,2223,3794,29.1
TR01355,C034,5296,5938,86.9
TR01355,C035,1246,1896,46.4
TR01355,C045,8,3379,79.6
TR01355,C045,5705,7152,41.3
TR01356,C026,267,1478,39.9
TR01356,C026,7024,8793,97.3
TR01356,C026,14821,15477,33.7
TR01356,C027,4036,6203,69.6
TR01356,C027,11155,11395,95.9
TR01356,C031,7307,8980,91.7
TR01356,C032,8647,9962,70.0
TR01356,C036,727,17288,89.9
TR01357,C001,0,4407,59.6
TR01357,C003,1088,10129,98.5
TR01357,C016,665,9445,89.8
TR01357,C029,103,1840,28.4
TR01357,C030,3877,4238,96.8
TR01357,C038,0,5146,53.4
TR01357,C039,2684,3752,34.2
TR01357,C047,2736,5507,53.6
TR01358,C010,9666,9941,22.2
TR01358,C018,574,2632,83.9
TR01358,C018,6035,8263,31.7
TR01358,C018,10213,10923,83.5
TR01358,C018,15435,16767,47.2
TR01358,C027,1539,18613,73.4
TR01358,C030,773,17170,90.4
TR01358,C034,2729,3455,86.6
TR01358,C050,793,3506,48.0
TR01358,C050,12151,16066,29.1
TR01359,C009,902,2061,61.4
TR01359,C009,3593,4866,36.9
TR01359,C009,6612,7491,36.5
TR01359,C009,8526,10974,51.2
TR01359,C023,1368,9215,61.8
TR01359,C025,5301,9100,20.7
TR01359,C029,1681,10729,64.2
TR01359,C033,5119,7965,84.4
TR01359,C043,2247,5305,99.2
TR01359,C043,8322,10111,54.1
TR01359,C044,2,8864,84.1
TR01359,C050,0,3712,24.6
TR01360,C008,4270,6316,54.5
TR01360,C020,1443,3506,98.0
TR01360,C020,4765,7640,55.7
TR01360,C022,811,6628,99.5
TR01360,C025,1637,4980,30.2
TR01360,C040,4229,4539,38.5
TR01361,C010,1854,2851,38.3
TR01361,C012,1929,2722,29.6
TR01361,C012,5741,6937,35.2
TR01361,C014,16,1985,34.9
TR01361,C014,5443,6240,44.4
TR01361,C027,1264,4326,89.8
TR01361,C032,1287,4849,31.8
TR01362,C004,912,2971,43.8
TR01362,C019,4221,7210,87.9
TR01362,C033,6102,8223,73.3
TR01362,C045,1269,12849,77.5
TR01363,C003,806,2927,31.3
TR01363,C003,4470,5867,92.9
TR01363,C022,940,6236,90.9
TR01363,C035,152,493,81.3
TR01363,C035,2049,2799,99.2
TR01363,C035,3767,4544,48.9
TR01363,C035,5957,6646,88.2
TR01363,C036,264,6416,78.5
TR01363,C045,282,849,71.7
TR01363,C045,4126,5943,77.2
TR01363,C048,1076,3363,52.4
TR01363,C048,5387,6852,66.5
TR01364,C025,725,1706,75.8
TR01364,C025,6752,7762,28.8
TR01364,C040,1018,9172,94.4
TR01364,C042,1481,1713,89.2
TR01364,C042,6891,8739,81.6
TR01364,C044,178,1252,35.4
TR01364,C044,3791,4156,47.8
TR01364,C044,7784,9717,43.0
TR01365,C010,1240,9057,97.0
TR01365,C027,3564,5938,90.7
TR01365,C028,1299,1682,84.4
TR01365,C028,5837,6626,86.1
TR01365,C029,2359,4377,89.8
TR01365,C029,7335,9211,50.7
TR01365,C030,476,1807,41.3
TR01365,C030,3246,4751,80.1
TR01365,C030,5209,5472,69.6
TR01365,C030,8066,8618,74.4
TR01365,C038,476,2323,99.3
TR01365,C038,2696,3157,37.9
TR01365,C038,4976,5508,81.1
TR01365,C038,7439,8209,44.2
TR01365,C045,420,7677,63.0
TR01366,C005,2319,3148,59.3
TR01366,C007,1236,1637,59.0
TR01366,C007,3760,4351,74.3
TR01366,C021,400,1241,95.6
TR01366,C029,168,3891,60.7
TR01366,C033,128,1278,59.5
TR01366,C033,3003,3919,59.8
TR01366,C048,0,823,77.0
TR01367,C001,360,8067,75.2
TR01367,C026,3425,6154,41.7
TR01367,C043,4313,7207,41.6
TR01367,C046,1867,4260,45.2
TR01367,C046,5733,7865,56.5
TR01367,C050,1361,3138,99.3
TR01367,C050,5570,7254,83.9
TR01368,C010,78,526,70.1
TR01368,C010,10478,12041,94.4
TR01368,C019,1671,5456,40.9
TR01368,C019,10534,12465,22.2
TR01368,C023,376,816,37.0
TR01368,C023,5527,6693,72.9
TR01368,C023,8812,11070,38.7
TR01368,C023,13698,13939,57.3
TR01368,C025,8320,9974,22.9
TR01368,C027,1412,2908,30.2
TR01368,C034,653,1186,33.5
TR01368,C034,6448,6844,39.8
TR01368,C034,11737,13513,33.3
TR01368,C043,3129,4789,64.5
TR01368,C043,10641,14212,42.7
TR01368,C019,8618,14911,66.1
TR01369,C002,2361,3859,46.2
TR01369,C004,470,1083,88.2
TR01369,C004,2160,2738,94.1
TR01369,C004,3661,4123,63.9
TR01369,C004,5038,5970,57.0
TR01369,C006,634,5953,63.0
TR01369,C013,1860,5204,68.4
TR01369,C018,704,5503,98.8
TR01369,C050,870,3068,84.4
TR01369,C050,3372,6404,64.7
TR01370,C014,132,356,59.6
TR01370,C014,6102,8325,43.3
TR01370,C014,10707,12549,32.1
TR01370,C015,837,1377,52.0
TR01370,C015,8500,10247,66.7
TR01370,C016,3291,5125,40.3
TR01370,C016,8297,10058,39.6
TR01370,C020,3530,4337,34.5
TR01370,C020,7482,9212,58.0
TR01370,C029,5468,6577,20.6
TR01370,C032,625,1418,33.7
TR01370,C032,4423,5857,42.5
TR01370,C032,8303,9747,40.1
TR01370,C032,12292,12677,55.8
TR01370,C047,4472,5418,67.4
TR01371,C003,656,3850,87.2
TR01371,C003,8112,8798,95.9
TR01371,C006,2625,6132,50.3
TR01371,C006,7521,8761,80.3
TR01371,C016,2897,5231,34.5
TR01371,C039,944,3117,51.9
TR01372,C009,1463,2143,63.2
TR01372,C009,5531,6201,82.4
TR01372,C009,9311,9534,95.9
TR01372,C009,13894,15299,57.9
TR01372,C012,7464,9831,47.9
TR01372,C016,2747,4581,97.1
TR01372,C016,13209,16861,51.5
TR01372,C017,2885,4853,42.1
TR01372,C017,9848,12849,80.6
TR01372,C027,4105,5098,32.4
TR01372,C027,10226,12619,47.5
TR01372,C034,3120,17262,64.2
TR01372,C038,586,1925,73.6
TR01372,C038,11834,12561,93.5
TR01373,C021,143,3062,76.7
TR01373,C021,5861,8174,80.1
TR01373,C025,1483,2226,41.0
TR01373,C037,0,4647,53.8
TR01373,C048,912,8117,77.1
TR01374,C003,0,1141,32.3
TR01374,C011,809,5054,70.9
TR01374,C014,145,5441,97.7
TR01374,C015,1015,2460,91.9
TR01374,C015,3449,4455,42.6
TR01374,C016,149,2223,56.1
TR01374,C016,3417,4485,82.2
TR01374,C022,981,4851,68.0
TR01374,C039,764,1429,86.9
TR01374,C050,799,5840,64.2
TR01375,C005,9801,13601,84.2
TR01375,C007,4637,7872,38.7
TR01375,C007,13973,17914,28.3
TR01375,C008,4488,5318,48.6
TR01375,C008,13861,14221,97.1
TR01375,C018,3539,16369,77.0
TR01375,C022,0,932,22.0
TR01375,C025,951,3005,80.4
TR01375,C025,11160,14254,28.2
TR01375,C048,1124,2281,79.7
TR01375,C048,6743,7872,39.0
TR01375,C048,15104,15601,31.8
TR01376,C001,633,3580,53.7
TR01376,C012,3203,6859,48.2
TR01376,C022,3929,4694,87.2
TR01376,C030,3466,4196,97.1
TR01376,C030,11915,14621,94.4
TR01376,C041,5396,6243,42.6
TR01376,C044,4364,8322,89.9
TR01376,C044,9781,10938,95.7
TR01376,C045,1968,3228,91.7
TR01376,C045,6722,6944,47.2
TR01376,C045,12703,14485,94.6
TR01376,C050,1992,3296,60.8
TR01377,C006,1814,5191,45.3
TR01377,C006,10484,13493,42.2
TR01377,C010,803,4460,89.0
TR01377,C010,8380,11408,63.0
TR01377,C029,1863,3468,35.7
TR01377,C029,9894,12896,90.0
TR01377,C030,3308,6202,27.9
TR01377,C030,9201,11143,83.6
TR01377,C039,2228,5101,47.3
TR01377,C041,2522,5984,68.1
TR01377,C046,1976,5679,89.5
TR01377,C046,10259,12954,79.3
TR01377,C050,3563,7002,89.4
TR01377,C050,11544,14619,90.8
TR01378,C004,3223,5681,99.7
TR01378,C004,7670,8869,85.3
TR01378,C018,560,12620,95.0
TR01378,C020,526,2998,31.2
TR01378,C020,3722,5953,39.7
TR01378,C020,7099,8738,34.0
TR01378,C020,10753,12355,31.8
TR01378,C030,1290,1565,45.7
TR01378,C030,5177,5553,61.6
TR01378,C030,9282,10719,94.1
TR01378,C038,1409,5156,91.4
TR01378,C038,8777,10869,63.8
TR01379,C004,8,1658,76.0
TR01379,C004,4097,6009,68.1
TR01379,C007,742,1361,81.1
TR01379,C007,4562,5381,62.3
TR01379,C031,507,2116,95.2
TR01379,C031,4556,4984,67.7
TR01379,C040,497,3915,76.1
TR01379,C050,1446,2177,53.4
TR01379,C050,3357,4336,46.5
TR01380,C011,677,1490,82.9
TR01380,C011,4074,6332,37.5
TR01380,C011,7191,7567,36.4
TR01380,C014,1447,1897,36.9
TR01380,C014,6197,7257,50.2
TR01380,C042,1462,3420,70.9
TR01380,C043,850,7807,62.5
TR01380,C045,712,2807,63.5
TR01380,C048,1391,1696,57.9
TR01380,C048,7150,9517,49.8
TR01380,C050,392,1703,74.8
TR01380,C050,2880,4815,44.3
TR01380,C050,5553,6822,37.7
TR01380,C050,7731,9679,74.7
TR01381,C005,3813,5333,82.9
TR01381,C015,3002,4481,76.3
TR01381,C023,353,3260,72.5
TR01381,C023,12626,15419,64.8
TR01381,C030,2650,6447,66.1
TR01381,C030,11708,13988,65.7
TR01381,C036,0,8564,75.1
TR01381,C050,2284,5242,54.8
TR01382,C002,1943,3995,32.6
TR01382,C003,466,3259,61.5
TR01382,C003,4630,5021,84.1
TR01382,C022,851,1501,54.7
TR01382,C031,2880,4422,42.1
TR01382,C046,787,1263,95.1
TR01382,C050,0,2939,82.7
TR01383,C006,7630,8307,28.1
TR01383,C014,2092,5957,93.2
TR01383,C024,6819,9491,64.6
TR01383,C049,431,1941,76.9
TR01383,C049,9338,10548,83.3
TR01384,C007,800,2464,30.5
TR01384,C007,5715,6627,67.6
TR01384,C007,10531,10873,44.2
TR01384,C029,926,3710,64.9
TR01384,C029,10018,12809,37.7
TR01384,C038,5907,7323,54.7
TR01384,C046,4205,4447,28.7
TR01384,C048,2479,14228,71.0
TR01385,C004,3287,5548,63.2
TR01385,C004,9624,10310,48.9
TR01385,C019,1025,2872,56.7
TR01385,C019,10719,12971,93.3
TR01385,C025,1629,2674,45.3
TR01385,C025,11977,14858,63.9
TR01385,C026,4176,4590,83.9
TR01385,C027,308,2042,99.0
TR01385,C027,11910,15316,75.7
TR01385,C037,372,13942,79.3
TR01385,C040,1395,5382,71.6
TR01385,C040,10179,12070,78.3
TR01385,C045,3813,6794,37.8
TR01385,C045,10422,11952,64.2
TR01386,C037,6694,10320,59.5
TR01386,C040,1537,5176,80.2
TR01386,C040,11022,13977,77.3
TR01386,C041,0,6388,83.9
TR01386,C047,1643,2439,92.0
TR01386,C047,8813,10185,60.3
TR01387,C009,530,1216,26.8
TR01387,C009,10278,10588,64.4
TR01387,C026,1376,3505,79.4
TR01387,C032,7267,7521,49.9
TR01387,C038,3877,4699,46.7
TR01387,C048,4565,8017,34.7
TR01387,C009,8853,13302,60.7
TR01388,C002,645,995,32.2
TR01388,C002,8275,9514,86.4
TR01388,C009,7055,7479,32.1
TR01388,C011,3412,5931,68.1
TR01388,C012,137,11257,63.3
TR01388,C022,487,1196,33.7
TR01388,C022,6288,8781,30.2
TR01388,C022,9900,11472,91.9
TR01388,C045,173,1380,38.0
TR01388,C049,685,13970,88.5
TR01389,C008,151,999,43.5
TR01389,C008,4093,5101,46.3
TR01389,C014,286,2010,91.1
TR01389,C014,3234,3450,85.2
TR01389,C017,2411,3661,28.6
TR01389,C021,1962,5396,41.2
TR01389,C024,260,1274,24.4
TR01389,C024,3956,5024,57.7
TR01389,C029,803,4561,59.8
TR01389,C037,1324,2069,44.1
TR01389,C037,3247,4454,72.8
TR01389,C040,2539,4449,85.4
TR01390,C010,790,1098,58.0
TR01390,C010,9554,13230,33.3
TR01390,C012,232,1597,74.1
TR01390,C012,7255,8687,89.9
TR01390,C012,11134,13466,44.3
TR01390,C020,3271,4027,80.7
TR01390,C023,1503,2224,41.9
TR01390,C028,477,3238,28.7
TR01390,C028,9108,10986,67.1
TR01390,C038,5853,6674,60.2
TR01390,C040,1769,2646,92.8
TR01390,C040,6926,7674,87.5
TR01390,C040,12439,14056,51.6
TR01391,C002,1015,2245,33.2
TR01391,C002,4454,4701,53.4
TR01391,C002,7598,9009,59.0
TR01391,C009,2248,4467,83.0
TR01391,C017,1649,2572,87.2
TR01391,C030,285,1912,83.6
TR01391,C030,6427,9437,75.0
TR01391,C036,2548,2893,36.7
TR01391,C036,6771,10175,72.8
TR01391,C045,2055,4189,91.3
TR01391,C045,6685,8174,41.9
TR01392,C001,866,3266,53.5
TR01392,C023,1623,2905,84.7
TR01392,C035,2488,3134,74.2
TR01392,C035,7072,7860,96.2
TR01392,C041,2643,4254,64.5
TR01393,C003,1172,2771,40.4
TR01393,C003,9445,12572,75.5
TR01393,C008,3638,4378,41.3
TR01393,C008,10851,13278,36.6
TR01393,C010,2104,5254,27.7
TR01393,C010,7958,11621,95.3
TR01393,C026,3956,5110,52.2
TR01393,C032,332,2267,50.1
TR01393,C032,10037,11884,25.1
TR01393,C040,629,2924,99.6
TR01393,C040,10841,11558,39.2
TR01393,C045,551,2294,35.3
TR01393,C045,10579,13084,32.3
TR01394,C010,1389,3188,47.6
TR01394,C010,11639,12128,45.7
TR01394,C011,750,3598,30.4
TR01394,C011,10354,11973,23.4
TR01394,C012,130,462,83.5
TR01394,C012,11256,13156,34.4
TR01394,C015,4675,6334,88.3
TR01394,C016,3912,4699,43.1
TR01394,C016,9554,13212,76.6
TR01394,C040,4585,5267,36.0
TR01395,C022,0,4518,80.8
TR01395,C032,1289,4249,36.1
TR01395,C036,921,3210,82.9
TR01395,C038,2288,3411,67.6
TR01395,C038,6378,9021,33.1
TR01395,C046,342,7791,85.8
TR01396,C007,370,1605,20.6
TR01396,C007,10627,13197,82.9
TR01396,C018,2972,3627,53.9
TR01396,C018,11398,12475,41.2
TR01396,C020,4308,5418,74.3
TR01396,C021,369,3268,37.9
TR01396,C021,12025,15724,51.4
TR01396,C036,3279,3545,38.0
TR01396,C042,1850,2578,85.7
TR01396,C042,9645,10206,67.6
TR01396,C049,1735,2038,23.7
TR01396,C049,10766,10999,80.6
TR01397,C002,7997,11890,82.5
TR01397,C006,907,1468,96.8
TR01397,C012,6705,10572,95.4
TR01397,C020,846,3770,99.1
TR01397,C020,10131,13063,77.6
TR01397,C045,1899,3746,30.4
TR01397,C045,10202,10947,66.7
TR01397,C050,2825,6112,79.8
TR01397,C050,11216,12910,87.7
TR01398,C002,450,3897,89.2
TR01398,C016,1092,9400,98.0
TR01398,C027,3591,7246,58.1
TR01398,C043,0,4121,55.8
TR01399,C012,1015,2714,57.4
TR01399,C012,9489,12170,72.1
TR01399,C013,4596,4978,88.2
TR01399,C014,3779,5476,39.5
TR01399,C014,12063,13977,70.4
TR01399,C015,0,8371,31.1
TR01399,C026,1530,3474,30.3
TR01399,C026,6101,7719,45.3
TR01399,C026,11647,13228,95.4
TR01399,C035,1911,2138,33.0
TR01399,C035,11659,12187,36.5
TR01399,C037,813,16832,73.8
TR01399,C041,3487,7160,54.4
TR01399,C041,11813,13486,40.0
TR01400,C009,307,951,37.4
TR01400,C009,8050,9831,71.1
TR01400,C010,1388,4948,28.5
TR01400,C011,1774,2941,29.8
TR01400,C011,8215,11680,24.9
TR01400,C038,2216,3161,38.8
TR01400,C038,8094,9589,84.4
TR01400,C047,1159,2446,49.4
TR01400,C009,0,4037,63.7
TR01401,C007,131,14328,87.6
TR01401,C010,1179,2798,45.4
TR01401,C010,11311,13406,42.7
TR01401,C017,0,5794,28.3
TR01401,C032,4138,6646,27.0
TR01401,C032,12017,13140,55.6
TR01401,C047,7609,8179,88.7
TR01401,C050,3293,6472,81.9
TR01401,C050,11722,15684,36.2
TR01402,C002,229,15635,96.3
TR01402,C011,4059,7680,45.6
TR01402,C011,10189,11067,99.2
TR01402,C023,2675,3360,52.7
TR01402,C023,11004,12500,32.8
TR01402,C026,654,16269,66.2
TR01402,C029,500,2017,79.4
TR01402,C029,4990,5464,36.8
TR01402,C029,8585,11078,97.0
TR01402,C029,13333,13687,31.4
TR01402,C045,1261,3132,88.9
TR01402,C045,8925,12611,84.2
TR01403,C006,2076,3918,99.8
TR01403,C006,12079,13660,99.0
TR01403,C017,1594,5032,95.7
TR01403,C017,10174,11228,67.8
TR01403,C024,2051,2360,86.3
TR01403,C024,9480,12542,55.0
TR01403,C045,6907,9658,73.9
TR01403,C048,3226,6899,90.3
TR01403,C048,11842,12970,21.5
TR01404,C011,0,3091,44.2
TR01404,C025,2549,6229,78.5
TR01404,C025,10891,12389,82.8
TR01404,C026,0,5643,49.9
TR01404,C031,3558,5430,55.7
TR01404,C043,2292,3782,86.1
TR01404,C046,106,1177,87.7
TR01405,C014,4680,5172,72.2
TR01405,C017,1081,3196,65.3
TR01405,C017,6227,6741,49.3
TR01405,C018,1612,3100,54.0
TR01405,C018,5871,7965,69.4
TR01405,C027,702,4230,41.0
TR01405,C028,638,1202,53.7
TR01405,C028,5542,7472,95.9
TR01405,C041,1641,4216,71.0
TR01405,C047,3585,7443,29.4
TR01406,C002,1053,2176,98.5
TR01406,C002,4522,4866,37.7
TR01406,C006,1572,2913,82.2
TR01406,C006,3968,5369,49.2
TR01406,C020,1717,2860,69.4
TR01406,C020,3861,5758,89.8
TR01406,C021,150,1563,89.8
TR01406,C021,4259,5141,51.7
TR01406,C025,351,1365,37.5
TR01406,C025,4946,7529,95.2
TR01406,C031,1392,1889,51.6
TR01406,C031,5125,5527,77.8
TR01406,C045,1109,4835,66.5
TR01407,C002,507,14492,65.6
TR01407,C016,1592,3160,75.2
TR01407,C016,8710,11894,98.0
TR01407,C024,6711,10478,47.0
TR01407,C029,1508,12802,95.8
TR01407,C040,313,575,74.6
TR01407,C040,6331,6572,52.3
TR01407,C040,11785,13369,70.4
TR01407,C041,0,6349,77.8
TR01408,C006,2736,4752,48.6
TR01408,C006,6335,7759,67.0
TR01408,C008,2632,4607,81.1
TR01408,C008,5870,6581,51.9
TR01408,C024,1811,3272,80.6
TR01408,C026,3111,5274,99.2
TR01408,C033,1962,3957,25.9
TR01408,C033,7937,8984,74.7
TR01408,C045,4545,5061,94.0
TR01408,C046,102,3511,72.5
TR01408,C006,245,2750,87.2
TR01409,C026,319,2617,36.8
TR01409,C026,3797,4982,38.9
TR01409,C026,6491,7395,48.8
TR01409,C033,1268,8273,86.3
TR01409,C036,955,2400,23.4
TR01409,C036,5193,8385,60.8
TR01409,C038,365,7475,76.6
TR01409,C043,0,1957,39.3
TR01409,C047,1801,4701,56.4
TR01409,C049,0,1710,79.3
TR01410,C010,1255,1710,39.9
TR01410,C010,9969,12348,65.5
TR01410,C018,8196,9398,47.8
TR01410,C020,2926,5263,70.6
TR01410,C020,11921,12412,56.9
TR01410,C031,6229,7136,84.7
TR01410,C036,0,6604,20.7
TR01410,C049,1597,2281,31.0
TR01411,C007,1490,3019,43.5
TR01411,C007,5669,7022,39.1
TR01411,C007,9671,10366,30.2
TR01411,C033,2057,3390,73.6
TR01411,C033,8897,10374,76.7
TR01411,C034,1945,5534,65.8
TR01411,C034,7535,9159,96.2
TR01411,C043,2351,3362,49.1
TR01411,C043,7215,8098,92.5
TR01412,C002,1732,3238,40.4
TR01412,C003,0,3440,55.2
TR01412,C007,1920,2300,67.9
TR01412,C007,10603,13899,87.3
TR01412,C020,2259,2811,25.8
TR01412,C028,2282,4823,69.3
TR01412,C028,11757,14739,37.9
TR01412,C038,533,1521,54.0
TR01412,C038,5700,6047,74.2
TR01412,C038,9533,9959,76.0
TR01412,C038,14091,16317,92.4
TR01412,C044,0,692,68.1
TR01412,C049,2184,2872,97.8
TR01412,C049,12508,14958,76.2
TR01413,C001,1238,1910,52.2
TR01413,C001,3421,4959,25.6
TR01413,C013,954,4159,70.2
TR01413,C034,445,1971,41.6
TR01413,C034,2738,4744,42.8
TR01413,C039,1074,1409,69.2
TR01413,C001,853,1894,80.8
TR01414,C005,8427,9379,87.4
TR01414,C008,2476,4532,51.5
TR01414,C008,10350,11515,69.1
TR01414,C021,3747,4346,48.2
TR01414,C021,13762,14224,51.7
TR01414,C024,0,1437,73.6
TR01414,C027,2025,4084,89.8
TR01414,C027,8583,9394,59.2
TR01414,C027,14018,14673,61.9
TR01414,C029,733,3757,22.9
TR01414,C029,14735,15635,62.0
TR01414,C033,1975,2580,97.1
TR01415,C007,913,1271,77.5
TR01415,C007,4899,5324,67.4
TR01415,C007,9136,9581,88.6
TR01415,C010,3042,5623,62.6
TR01415,C010,8104,11331,77.8
TR01415,C012,1524,4790,86.6
TR01415,C028,1276,2247,95.6
TR01415,C028,6596,9691,71.6
TR01415,C041,5428,6890,29.5
TR01415,C044,0,717,23.7
TR01415,C048,710,2451,38.0
TR01416,C027,862,4622,61.2
TR01416,C038,0,960,55.2
TR01416,C039,793,8487,84.9
TR01416,C049,3293,5248,23.6
TR01417,C003,3945,7487,30.3
TR01417,C029,1373,3746,79.1
TR01417,C029,5937,7022,85.4
TR01417,C034,0,1478,78.9
TR01417,C040,0,2848,48.5
TR01417,C042,3231,3894,60.3
TR01417,C048,1967,2687,38.2
TR01417,C048,5767,8293,60.1
TR01418,C006,5822,6546,76.6
TR01418,C035,0,6113,22.2
TR01418,C036,2381,16398,71.1
TR01418,C048,4079,5305,65.2
TR01418,C048,11566,12602,35.0
TR01419,C007,3932,6913,73.8
TR01419,C008,518,2977,24.6
TR01419,C008,6523,9121,21.6
TR01419,C018,1840,8670,86.4
TR01419,C020,88,3815,33.2
TR01419,C024,431,1449,57.1
TR01419,C029,1339,3714,20.0
TR01419,C040,323,2051,92.6
TR01419,C040,2727,4321,64.5
TR01419,C040,4743,6818,48.2
TR01419,C040,7072,7736,45.9
TR01419,C044,1514,9076,62.2
TR01420,C005,1651,3639,73.1
TR01420,C005,9413,12154,83.8
TR01420,C009,0,5606,34.6
TR01420,C021,938,1987,94.0
TR01420,C021,6152,8215,42.3
TR01420,C021,10840,11788,70.5
TR01420,C022,3131,3795,30.0
TR01420,C023,5001,6606,97.8
TR01420,C031,3279,6198,97.9
TR01420,C031,10877,12009,67.0
TR01420,C047,267,2575,65.0
TR01420,C047,4381,5138,79.4
TR01420,C047,8736,11171,65.3
TR01420,C047,12966,15447,30.1
TR01420,C005,6945,12530,76.2
TR01421,C011,699,2294,59.0
TR01421,C011,3602,5524,75.4
TR01421,C021,435,1636,75.4
TR01421,C038,0,2404,52.5
TR01421,C046,444,680,27.3
TR01421,C046,3529,4180,80.9
TR01422,C012,4012,7946,93.6
TR01422,C020,1347,1864,30.1
TR01422,C020,9915,13153,92.7
TR01422,C021,179,1861,21.9
TR01422,C034,2231,4610,93.5
TR01422,C034,10352,13195,31.8
TR01423,C003,1680,3676,84.4
TR01423,C003,6303,6555,35.4
TR01423,C004,1484,3613,69.1
TR01423,C004,5566,6680,95.7
TR01423,C010,1448,1713,41.0
TR01423,C010,6156,10063,54.4
TR01423,C026,2775,4376,94.5
TR01424,C005,2616,5531,58.2
TR01424,C019,1448,4877,60.3
TR01424,C019,5648,9397,42.2
TR01424,C023,588,1874,21.0
TR01424,C023,6858,10219,54.8
TR01424,C036,1672,4033,78.1
TR01424,C036,7484,9759,24.8
TR01424,C038,1009,3561,56.8
TR01424,C038,7671,10414,48.7
TR01424,C049,954,10067,99.8
TR01425,C001,3380,5893,50.1
TR01425,C001,12421,15477,43.1
TR01425,C006,5357,9102,67.6
TR01425,C022,3838,7199,20.3
TR01425,C022,11321,13189,67.0
TR01425,C034,4342,6162,97.0
TR01425,C034,11683,12815,84.6
TR01425,C035,4165,5732,92.3
TR01425,C035,13772,14990,89.0
TR01426,C003,17,2282,57.5
TR01426,C003,5076,6823,77.0
TR01426,C004,2930,4862,24.5
TR01426,C006,0,1171,54.3
TR01426,C017,948,1267,73.0
TR01426,C017,4276,5134,54.7
TR01426,C021,627,2478,85.0
TR01426,C021,5419,7673,68.5
TR01426,C032,629,6760,67.7
TR01426,C041,1549,1800,32.6
TR01426,C041,4950,6555,63.9
TR01426,C049,1604,2724,95.0
TR01426,C049,5095,7574,44.2
TR01426,C004,2596,8115,70.4
TR01427,C010,620,1306,50.0
TR01427,C010,3149,5400,82.0
TR01427,C043,54,960,37.0
TR01427,C043,1997,3516,97.8
TR01427,C043,4005,5761,83.4
TR01427,C049,2648,4077,63.6
TR01427,C050,628,4556,53.0
TR01428,C003,0,6566,68.5
TR01428,C017,2150,3929,46.3
TR01428,C047,3724,4655,62.8
TR01428,C047,9307,13269,67.3
TR01428,C048,7384,8577,56.0
TR01429,C022,4233,4777,91.9
TR01429,C024,240,1045,33.8
TR01429,C024,6172,9244,54.2
TR01429,C031,4247,8043,60.6
TR01429,C035,1165,2620,60.9
TR01429,C035,4688,5773,67.0
TR01429,C035,8120,9666,32.0
TR01429,C043,725,1349,30.4
TR01429,C043,6940,9345,40.8
TR01429,C049,1885,2760,74.2
TR01429,C049,8215,9464,76.5
TR01430,C002,0,1068,82.8
TR01430,C018,0,2469,23.3
TR01430,C020,1824,3660,92.6
TR01430,C020,4288,6902,59.9
TR01430,C033,1351,2818,56.0
TR01430,C033,4077,6064,29.5
TR01430,C035,1119,1882,36.5
TR01430,C035,3805,4397,71.6
TR01430,C038,1009,2054,39.2
TR01430,C038,5334,6305,56.9
TR01430,C044,0,3421,26.5
TR01430,C049,1345,1568,31.6
TR01430,C049,4411,6936,62.2
TR01430,C020,1240,3227,82.4
TR01431,C005,120,2041,39.2
TR01431,C005,6109,6325,85.5
TR01431,C005,9782,10735,69.7
TR01431,C020,683,1637,56.5
TR01431,C020,7793,8445,35.4
TR01431,C030,2700,5735,31.4
TR01431,C047,2686,5212,96.8
TR01432,C009,2848,5777,29.0
TR01432,C016,160,3511,71.5
TR01432,C016,9227,12969,93.1
TR01432,C018,940,3333,99.7
TR01432,C018,8833,11869,96.1
TR01432,C023,3701,4640,75.9
TR01432,C023,10317,12391,52.4
TR01432,C037,7377,9289,51.1
TR01432,C039,7363,11218,60.0
TR01432,C040,2037,15667,83.9
TR01433,C008,0,7609,71.0
TR01433,C017,256,17206,62.4
TR01433,C025,0,3422,60.3
TR01433,C029,2501,2816,20.6
TR01433,C029,13622,16156,58.8
TR01433,C031,2585,4583,97.0
TR01433,C031,14182,17585,93.2
TR01433,C033,1305,2050,61.4
TR01433,C033,13138,13701,93.3
TR01433,C040,0,7545,28.4
TR01434,C003,182,1143,45.5
TR01434,C003,2183,3682,69.7
TR01434,C003,4085,4695,57.2
TR01434,C003,6051,7552,94.6
TR01434,C015,1175,3329,43.7
TR01434,C015,4220,4892,92.7
TR01434,C018,1352,2898,85.4
TR01434,C018,4841,6839,93.7
TR01434,C034,1413,3645,21.9
TR01434,C034,4285,5941,94.9
TR01434,C040,952,1869,91.2
TR01434,C040,3987,4847,42.7
TR01435,C008,41,1139,23.5
TR01435,C020,984,5873,96.9
TR01435,C024,0,1090,83.9
TR01435,C025,573,2236,60.5
TR01435,C027,1286,2781,44.5
TR01435,C027,5315,5975,35.6
TR01435,C031,1384,5710,79.3
TR01435,C034,844,3504,24.3
TR01435,C034,4252,6438,45.8
TR01436,C001,65,1899,55.5
TR01436,C001,10776,12014,58.6
TR01436,C008,869,3730,81.5
TR01436,C008,13618,14598,96.7
TR01436,C015,863,14644,70.7
TR01436,C017,3363,15174,82.2
TR01436,C038,8864,12844,25.3
TR01436,C042,3891,7850,96.8
TR01436,C046,4607,6732,48.8
TR01436,C046,13491,14693,87.5
TR01436,C048,1850,5724,42.0
TR01436,C048,9945,10336,94.0
TR01437,C003,0,3712,72.7
TR01437,C009,0,2316,82.2
TR01437,C021,156,1587,76.7
TR01437,C021,10017,10786,74.8
TR01437,C024,0,4016,39.5
TR01437,C028,3716,5146,55.1
TR01437,C028,12582,16213,63.1
TR01437,C031,6445,9790,88.6
TR01437,C043,774,1003,53.9
TR01437,C043,10712,14601,32.1
TR01437,C050,0,8456,36.5
TR01438,C017,976,1421,60.2
TR01438,C017,5197,6649,60.7
TR01438,C017,8165,8871,77.3
TR01438,C017,12292,14302,85.8
TR01438,C028,1060,1733,82.2
TR01438,C028,6459,8511,53.7
TR01438,C028,12421,12867,64.1
TR01438,C033,1691,3667,83.6
TR01438,C033,10384,11402,78.5
TR01438,C037,6702,7721,31.2
TR01438,C037,3522,8514,63.1
TR01439,C008,2512,4290,20.2
TR01439,C008,7195,9962,65.7
TR01439,C010,555,10546,63.2
TR01439,C016,2546,3835,84.2
TR01439,C016,6965,9453,57.8
TR01439,C019,2050,4350,78.2
TR01439,C019,7464,9255,57.5
TR01439,C026,1885,3701,33.9
TR01439,C027,2128,3020,58.5
TR01439,C038,809,2062,38.7
TR01439,C038,6530,8418,49.8
TR01440,C001,1361,2104,82.9
TR01440,C001,3475,5987,75.1
TR01440,C014,1239,2194,70.4
TR01440,C020,247,4919,68.0
TR01440,C033,773,3244,64.2
TR01440,C037,253,1560,86.6
TR01440,C037,3700,4858,25.4
TR01440,C047,661,1736,87.0
TR01440,C047,2459,2856,87.5
TR01440,C047,4420,4680,39.6
TR01441,C009,529,806,20.3
TR01441,C009,11549,15267,34.0
TR01441,C018,858,3649,36.4
TR01441,C018,9782,10307,61.4
TR01441,C040,643,3950,45.4
TR01441,C040,10282,12717,99.5
TR01441,C042,3408,6818,66.3
TR01441,C042,9973,11501,90.7
TR01441,C045,667,12263,60.4
TR01442,C010,6782,9350,62.8
TR01442,C011,3126,6369,20.8
TR01442,C011,13296,14062,83.5
TR01442,C016,6726,8479,75.5
TR01442,C026,867,2591,54.4
TR01442,C026,9628,10034,64.8
TR01442,C036,0,9122,23.9
TR01442,C044,8996,12677,94.9
TR01442,C045,1199,15929,76.2
TR01442,C049,3213,7097,62.1
TR01442,C049,12321,12576,62.5
TR01443,C012,111,1894,65.3
TR01443,C012,5740,6636,38.3
TR01443,C012,9253,11480,80.8
TR01443,C013,1440,5355,59.0
TR01443,C019,590,2810,80.4
TR01443,C019,8173,11545,69.8
TR01443,C025,2975,3207,47.1
TR01443,C025,8605,10954,25.5
TR01443,C044,1140,13691,73.0
TR01443,C048,3947,6162,90.2
TR01444,C001,421,13368,61.0
TR01444,C011,705,14063,71.0
TR01444,C039,61,935,87.9
TR01444,C039,5986,8150,33.4
TR01444,C039,10331,11220,80.0
TR01444,C049,354,4135,20.9
TR01444,C049,9767,11207,43.3
TR01445,C001,1389,2880,58.2
TR01445,C001,10202,11291,74.5
TR01445,C012,0,7638,37.7
TR01445,C015,654,1957,60.4
TR01445,C015,5138,7188,60.3
TR01445,C015,9524,10161,53.3
TR01445,C015,14345,16640,52.6
TR01445,C018,4508,5213,98.3
TR01445,C025,3269,6550,92.6
TR01445,C025,11126,14318,68.1
TR01445,C042,8044,8250,58.8
TR01445,C045,681,16498,82.9
TR01445,C046,2350,6290,38.6
TR01446,C013,1572,9319,79.2
TR01446,C015,1880,2191,92.9
TR01446,C027,396,9441,69.3
TR01446,C033,1571,2771,41.8
TR01446,C033,6077,7039,89.1
TR01446,C015,4290,8556,84.6
TR01447,C001,6090,8568,40.8
TR01447,C015,3878,5611,37.8
TR01447,C018,1470,3826,86.7
TR01447,C021,1598,5347,78.1
TR01447,C021,13622,14613,40.1
TR01447,C050,1760,4773,100.0
TR01447,C050,13994,17651,84.6
TR01448,C002,0,7599,30.4
TR01448,C007,847,3187,48.5
TR01448,C007,12182,14280,30.7
TR01448,C017,1026,3233,98.1
TR01448,C025,1581,3202,49.4
TR01448,C025,9527,12448,78.0
TR01448,C041,5806,6228,44.1
TR01449,C008,728,2455,40.4
TR01449,C008,8161,9466,33.5
TR01449,C012,1448,13426,97.5
TR01449,C047,3565,6232,57.0
TR01449,C047,8224,11023,57.4
TR01449,C050,3410,4391,88.9
TR01449,C050,10859,13624,53.5
TR01450,C002,1872,5089,81.6
TR01450,C004,1835,2080,43.4
TR01450,C004,10666,11568,70.1
TR01450,C015,0,7464,71.6
TR01450,C021,2040,14141,98.6
TR01450,C022,1885,5723,78.3
TR01450,C022,11730,12262,20.1
TR01450,C023,0,2214,74.6
TR01450,C035,1952,2484,79.8
TR01450,C035,8632,9164,46.2
TR01450,C049,2114,13891,77.7
TR01451,C003,919,2417,67.9
TR01451,C003,9876,13468,79.2
TR01451,C010,1229,2681,88.4
TR01451,C028,7,595,33.9
TR01451,C028,9925,11437,96.0
TR01451,C032,3191,3515,27.8
TR01451,C032,10511,11231,97.4
TR01451,C036,2495,4013,22.8
TR01451,C036,8997,9583,51.8
TR01451,C045,2896,14199,63.4
TR01451,C048,1161,4526,30.3
TR01452,C019,4284,6108,93.4
TR01452,C019,12437,13286,80.6
TR01452,C026,1773,2853,27.3
TR01452,C035,2666,5371,27.9
TR01452,C035,11961,15174,83.8
TR01452,C041,1519,4681,43.2
TR01452,C041,14419,14752,30.7
TR01452,C045,9051,10641,45.8
TR01453,C009,1928,5385,64.8
TR01453,C012,938,2001,69.4
TR01453,C012,3422,5066,66.2
TR01453,C020,606,1290,41.8
TR01453,C020,3808,5574,33.4
TR01453,C030,60,637,99.2
TR01453,C030,1752,2010,46.6
TR01453,C030,3250,3491,30.3
TR01453,C030,4391,5317,36.9
TR01453,C033,2155,4311,39.5
TR01453,C035,1545,2286,22.0
TR01453,C040,902,2545,60.8
TR01454,C001,1113,8023,78.7
TR01454,C010,386,8215,84.8
TR01454,C018,2353,4286,29.8
TR01454,C018,5279,7406,34.3
TR01454,C019,225,874,43.8
TR01454,C019,4980,6939,46.2
TR01454,C031,1736,4977,90.8
TR01454,C034,333,2520,75.7
TR01454,C034,5741,6736,87.7
TR01454,C044,682,2153,70.2
TR01454,C044,2912,4452,74.6
TR01454,C044,5459,6476,94.9
TR01454,C044,7508,9300,50.5
TR01455,C015,570,2879,89.0
TR01455,C015,5319,6145,29.9
TR01455,C024,3475,4590,68.8
TR01455,C043,546,2140,74.4
TR01455,C046,828,2833,63.0
TR01455,C046,5195,7408,38.7
TR01456,C006,1737,4407,69.0
TR01456,C025,1328,4649,84.8
TR01456,C029,4,2072,58.9
TR01456,C029,2469,2869,30.2
TR01456,C029,4945,6128,51.4
TR01456,C029,7088,8211,66.4
TR01456,C033,980,2097,59.5
TR01456,C033,4589,7951,61.7
TR01456,C037,1221,4290,78.0
TR01456,C037,5506,5874,78.4
TR01457,C003,842,1941,43.1
TR01457,C003,2945,4550,69.3
TR01457,C012,804,2035,25.2
TR01457,C024,236,828,70.6
TR01457,C024,3206,4257,86.8
TR01457,C025,617,4328,95.9
TR01457,C029,459,2219,79.8
TR01457,C029,2667,3940,72.1
TR01457,C035,742,1094,47.7
TR01457,C035,3312,4026,76.4
TR01457,C050,1239,1656,91.4
TR01457,C050,2581,4058,76.4
TR01457,C003,1626,3985,69.7
TR01458,C021,3253,7245,59.2
TR01458,C028,507,767,43.4
TR01458,C028,6447,6923,54.0
TR01458,C031,1896,3123,32.5
TR01458,C036,4260,7260,53.8
TR01458,C040,730,1884,58.7
TR01458,C040,5872,8973,59.7
TR01458,C050,1148,1799,91.4
TR01458,C050,5688,8126,91.0
TR01459,C011,3163,4276,64.9
TR01459,C017,1525,3590,95.8
TR01459,C017,5153,6922,53.2
TR01459,C020,1196,2272,27.3
TR01459,C020,5506,5823,23.1
TR01459,C023,1215,3054,41.2
TR01459,C023,5299,6872,39.0
TR01459,C027,466,7231,82.7
TR01459,C033,1507,5282,79.2
TR01459,C038,1476,5838,88.0
TR01459,C044,500,864,52.9
TR01459,C044,5214,6802,50.7
TR01460,C006,1619,7578,98.3
TR01460,C007,2091,3835,37.6
TR01460,C007,5357,5815,52.6
TR01460,C019,770,4137,45.4
TR01460,C019,5431,7547,26.1
TR01460,C028,1342,3064,52.3
TR01460,C042,3021,4972,57.7
TR01461,C004,109,3040,83.8
TR01461,C006,648,2637,53.4
TR01461,C006,7311,8466,72.4
TR01461,C006,11406,13523,80.4
TR01461,C009,2373,3511,95.0
TR01461,C020,546,2683,49.4
TR01461,C020,7186,9103,94.3
TR01461,C020,12486,13810,86.8
TR01461,C035,626,16228,94.3
TR01461,C038,2808,13489,72.2
TR01462,C003,0,7611,44.7
TR01462,C015,1190,3224,71.6
TR01462,C015,5206,6824,51.8
TR01462,C015,10034,11984,85.2
TR01462,C015,14876,16713,34.8
TR01462,C024,3135,6752,59.7
TR01462,C026,240,874,21.5
TR01462,C026,13824,14756,71.6
TR01462,C027,1288,4218,77.0
TR01462,C027,11807,14185,31.3
TR01462,C031,145,1474,82.3
TR01462,C031,12225,15932,55.6
TR01462,C049,1359,3771,63.7
TR01462,C049,11027,12145,97.5
TR01463,C009,1867,3782,90.4
TR01463,C015,1410,2638,64.6
TR01463,C015,5723,7103,82.2
TR01463,C039,3995,4816,95.7
TR01463,C047,1517,3574,38.2
TR01463,C047,5288,5676,36.4
TR01463,C050,463,1093,78.1
TR01463,C050,2271,3542,51.2
TR01463,C050,4651,6252,71.3
TR01463,C050,6895,7503,99.2
TR01464,C011,853,3426,41.3
TR01464,C014,4905,6067,85.0
TR01464,C017,1269,4100,31.6
TR01464,C017,7899,10897,82.9
TR01464,C019,290,3161,38.3
TR01464,C019,7254,10452,31.2
TR01464,C023,819,1538,68.8
TR01464,C023,7756,7978,85.5
TR01464,C030,5539,6485,86.0
TR01464,C032,1353,10770,88.4
TR01464,C037,138,9954,62.5
TR01465,C006,10,562,23.6
TR01465,C010,0,1122,61.0
TR01465,C020,2632,5854,47.8
TR01465,C025,93,1315,74.8
TR01465,C025,1736,2198,45.9
TR01465,C025,3574,4598,82.4
TR01465,C025,4852,5243,60.3
TR01465,C029,478,1474,80.7
TR01465,C029,2110,2342,64.8
TR01465,C029,3601,4347,68.8
TR01465,C029,4912,5454,66.0
TR01465,C047,1665,4153,54.3
TR01466,C014,1977,5584,64.4
TR01466,C014,9087,11829,58.7
TR01466,C017,2776,4960,82.8
TR01466,C017,9255,9837,72.6
TR01466,C025,1776,4602,27.0
TR01466,C025,6612,8446,40.4
TR01466,C040,2,825,83.1
TR01466,C040,8283,10983,62.3
TR01466,C042,573,2857,85.9
TR01466,C042,5340,7337,38.2
TR01466,C042,8992,9916,80.7
TR01466,C046,2089,5406,48.0
TR01466,C046,7603,8690,83.4
TR01467,C006,760,3787,34.3
TR01467,C011,3679,5586,50.2
TR01467,C012,940,4343,28.8
TR01467,C012,12283,14023,44.9
TR01467,C027,2876,4328,65.7
TR01467,C027,10318,14132,55.7
TR01467,C040,2158,19010,95.0
TR01467,C044,1447,2989,46.3
TR01467,C044,7496,9636,92.5
TR01467,C044,14896,15579,86.5
TR01467,C006,7008,19332,75.4
TR01468,C004,152,1819,63.2
TR01468,C004,4895,7007,35.0
TR01468,C004,7790,9913,95.0
TR01468,C004,12520,14198,84.6
TR01468,C009,1943,12161,94.7
TR01468,C011,2880,5333,59.6
TR01468,C011,10689,14265,27.6
TR01468,C049,4658,6221,100.0
TR01469,C001,4461,5494,63.1
TR01469,C006,16,3448,34.6
TR01469,C006,4861,6780,66.9
TR01469,C008,94,3904,59.2
TR01469,C008,5760,7677,43.1
TR01469,C010,4013,6004,61.7
TR01469,C012,4306,4903,81.1
TR01469,C022,1065,3746,95.1
TR01469,C022,6439,7957,79.3
TR01469,C025,2680,4758,81.5
TR01470,C003,799,2323,82.0
TR01470,C003,3892,4897,63.2
TR01470,C027,939,2062,84.6
TR01470,C027,2912,4279,58.8
TR01470,C036,0,1763,32.2
TR01470,C041,1113,1472,63.7
TR01470,C041,4143,4571,81.4
TR01470,C044,533,5096,61.4
TR01471,C016,2957,5905,96.3
TR01471,C019,1360,2668,36.9
TR01471,C019,4578,5290,53.2
TR01471,C038,861,5015,97.9
TR01471,C041,716,1111,54.1
TR01472,C001,7263,8398,98.6
TR01472,C009,128,2501,66.7
TR01472,C009,11654,11900,67.9
TR01472,C018,1807,5539,30.6
TR01472,C018,9954,12110,93.7
TR01472,C021,4132,5962,92.8
TR01472,C025,1705,3376,22.7
TR01472,C025,11192,13016,36.7
TR01472,C029,0,3916,28.3
TR01473,C007,4070,4358,33.0
TR01473,C007,11259,13996,45.8
TR01473,C020,478,3046,88.0
TR01473,C020,10156,10985,33.3
TR01473,C022,0,3082,24.7
TR01473,C034,3558,6307,43.4
TR01473,C034,12772,15682,65.7
TR01473,C043,2681,4849,46.3
TR01473,C043,11208,13351,66.6
TR01473,C048,4171,5277,27.4
TR01474,C008,6229,8419,75.7
TR01474,C013,3322,6895,65.0
TR01474,C021,2456,3368,49.4
TR01474,C021,7813,11378,99.3
TR01474,C034,6889,9274,88.2
TR01474,C036,3161,5572,27.6
TR01474,C036,10019,11688,49.5
TR01474,C040,1354,4355,93.1
TR01474,C040,9620,10218,75.9
TR01474,C047,5443,7528,53.9
TR01475,C028,2529,4697,58.4
TR01475,C028,9453,10765,37.2
TR01475,C031,0,1163,78.8
TR01475,C035,4128,6087,23.6
TR01475,C039,2552,6037,30.6
TR01475,C039,8288,10611,75.0
TR01475,C041,1060,2731,82.9
TR01475,C041,8810,12354,63.1
TR01475,C044,1489,1924,78.9
TR01476,C009,937,4641,43.2
TR01476,C009,5926,8391,54.1
TR01476,C010,651,8107,72.3
TR01476,C016,1824,2243,96.1
TR01476,C016,6039,7823,59.4
TR01476,C048,247,2152,32.6
TR01476,C048,6964,8153,85.6
TR01477,C020,2271,3248,84.2
TR01477,C020,8586,9315,41.6
TR01477,C046,3180,6163,69.5
TR01477,C047,1145,2524,95.0
TR01477,C047,8062,8915,69.7
TR01477,C048,1845,14425,60.1
TR01478,C003,633,865,51.6
TR01478,C006,1443,1745,93.5
TR01478,C010,1735,1995,25.7
TR01478,C020,0,755,30.4
TR01478,C041,226,577,63.4
TR01478,C041,1928,2155,83.3
TR01478,C041,3675,5036,84.4
TR01478,C041,5467,6102,37.9
TR01478,C042,2891,6380,52.7
TR01478,C044,1774,5278,97.6
TR01479,C001,694,3509,56.6
TR01479,C010,0,1799,35.7
TR01479,C024,1352,1874,54.3
TR01479,C024,4188,4472,53.3
TR01479,C050,333,605,55.6
TR01479,C050,3773,4105,74.1
TR01480,C005,887,3595,66.8
TR01480,C013,5550,8185,45.9
TR01480,C031,5067,7900,24.7
TR01480,C033,1562,3126,38.9
TR01480,C033,8171,10367,65.0
TR01480,C036,1466,2087,76.0
TR01481,C007,2477,4830,75.1
TR01481,C007,8050,8939,29.4
TR01481,C010,1751,2549,77.5
TR01481,C010,6276,9232,30.9
TR01481,C016,2116,10188,84.9
TR01481,C033,1941,2164,31.8
TR01481,C041,272,936,40.4
TR01481,C041,3288,3994,35.6
TR01481,C041,6208,7793,98.9
TR01481,C041,8607,9683,79.8
TR01482,C004,77,341,45.2
TR01482,C004,2615,3218,31.0
TR01482,C004,4825,6145,30.1
TR01482,C004,7498,9096,75.8
TR01482,C009,497,3125,83.4
TR01482,C009,6363,7715,48.2
TR01482,C016,0,2194,75.8
TR01482,C019,117,1623,65.6
TR01482,C019,2971,4327,53.8
TR01482,C019,4818,6463,96.1
TR01482,C019,7127,8133,42.5
TR01482,C022,378,2671,83.5
TR01482,C022,5519,6145,99.0
TR01482,C028,808,2222,22.5
TR01482,C028,5938,8089,64.3
TR01482,C034,112,763,55.2
TR01482,C034,4954,7831,30.5
TR01482,C038,2441,3705,87.1
TR01483,C001,1663,3460,86.3
TR01483,C011,1309,1645,46.6
TR01483,C011,5491,6006,47.0
TR01483,C011,11463,12422,34.3
TR01483,C013,550,1240,58.1
TR01483,C013,5659,7177,94.2
TR01483,C013,11103,13107,66.1
TR01483,C020,3716,6892,34.7
TR01483,C034,1588,4565,90.6
TR01483,C034,8567,9322,96.3
TR01483,C042,1153,3662,49.8
TR01483,C042,7754,9784,72.1
TR01483,C043,4538,8380,69.8
TR01483,C045,1751,2904,20.0
TR01483,C045,11129,15061,42.6
TR01484,C001,3628,5759,58.9
TR01484,C001,9230,12562,83.6
TR01484,C007,2651,6642,99.4
TR01484,C007,10335,11437,69.6
TR01484,C022,1649,2798,91.3
TR01484,C022,8641,9800,75.5
TR01484,C031,7116,7893,67.2
TR01484,C038,5311,7405,73.0
TR01484,C046,4427,5846,47.6
TR01484,C050,122,968,56.9
TR01484,C050,3890,6191,41.6
TR01484,C050,7393,9757,93.3
TR01484,C050,12161,13433,49.7
TR01485,C004,0,2606,30.1
TR01485,C005,3355,4989,35.3
TR01485,C017,1597,4005,26.0
TR01485,C017,11847,14503,31.6
TR01485,C047,6524,8903,47.9
TR01486,C005,0,880,23.9
TR01486,C009,3438,5077,42.0
TR01486,C009,12330,14798,77.8
TR01486,C010,1002,4178,36.7
TR01486,C010,12261,13378,62.6
TR01486,C014,6532,8938,42.4
TR01487,C004,1148,1908,62.3
TR01487,C008,0,1120,46.1
TR01487,C016,1302,4601,21.0
TR01487,C023,33,2311,54.9
TR01487,C023,3830,4966,36.3
TR01487,C023,7016,7579,87.8
TR01487,C023,10130,10574,65.8
TR01487,C035,137,1905,64.5
TR01487,C035,3887,4354,52.4
TR01487,C035,6192,8195,63.6
TR01487,C035,9869,11406,95.3
TR01488,C002,904,2576,40.3
TR01488,C014,865,4006,77.0
TR01488,C017,0,5513,78.8
TR01488,C020,4539,6941,80.3
TR01488,C024,1229,3591,44.3
TR01488,C024,4840,6356,60.3
TR01488,C024,8780,9871,37.6
TR01488,C043,5405,6452,74.6
TR01488,C047,820,1079,82.4
TR01488,C047,7744,11360,38.0
TR01488,C048,603,2348,56.2
TR01488,C048,3809,4210,39.0
TR01488,C048,7143,7729,65.5
TR01488,C048,9524,10363,49.6
TR01489,C002,194,1552,34.1
TR01489,C002,4494,6815,67.2
TR01489,C005,607,1100,37.2
TR01489,C005,2166,2407,41.2
TR01489,C005,4257,4499,78.4
TR01489,C005,5850,6896,37.2
TR01489,C015,154,2158,85.0
TR01489,C015,5105,7532,57.1
TR01489,C026,204,3870,83.8
TR01489,C039,18,6656,61.7
TR01489,C046,1371,3589,28.3
TR01489,C046,4821,6453,42.9
TR01490,C008,0,5460,32.0
TR01490,C020,1705,5583,36.7
TR01490,C020,7482,7728,42.2
TR01490,C022,659,2179,80.2
TR01490,C022,6535,7161,51.6
TR01490,C023,779,3068,72.1
TR01490,C028,2755,3727,59.2
TR01490,C030,1138,4322,38.8
TR01490,C036,133,1188,85.6
TR01490,C049,3127,3894,62.2
TR01491,C002,1263,4061,63.6
TR01491,C002,8896,11645,49.0
TR01491,C003,4709,6070,62.2
TR01491,C013,3251,6246,68.2
TR01491,C013,9593,12966,94.4
TR01491,C026,806,4080,99.0
TR01491,C026,10656,11364,70.5
TR01492,C010,6438,6734,52.9
TR01492,C012,0,6713,20.9
TR01492,C023,472,1986,90.3
TR01492,C023,10373,11479,77.8
TR01492,C027,6986,10312,25.6
TR01492,C030,7593,9022,94.6
TR01492,C034,1615,3582,79.8
TR01492,C034,9846,11889,74.3
TR01493,C010,534,3190,26.6
TR01493,C010,12875,15781,27.3
TR01493,C014,0,3368,88.7
TR01493,C022,2639,3427,57.8
TR01493,C022,10528,11871,40.5
TR01493,C025,4220,7380,74.8
TR01493,C025,12663,15010,84.1
TR01493,C041,5792,7754,54.2
TR01493,C045,4363,4612,87.7
TR01493,C050,623,1837,41.6
TR01493,C050,11326,15238,46.7
TR01494,C011,2143,5336,68.1
TR01494,C012,900,7487,68.8
TR01494,C014,1915,2618,75.3
TR01494,C014,6131,6658,73.5
TR01494,C015,2983,5786,53.8
TR01494,C025,1773,2723,85.4
TR01494,C025,5441,5790,56.2
TR01494,C035,3446,6512,31.7
TR01495,C003,654,2894,52.1
TR01495,C003,3975,5003,96.9
TR01495,C012,149,1838,34.2
TR01495,C012,4149,5167,98.2
TR01495,C026,1117,2826,93.9
TR01495,C026,4097,5214,64.6
TR01495,C038,1731,3779,63.4
TR01496,C007,4467,7145,68.6
TR01496,C007,10010,13844,94.8
TR01496,C011,1111,1691,50.1
TR01496,C011,6763,8957,97.1
TR01496,C011,13078,15161,95.7
TR01496,C029,3682,15005,73.8
TR01496,C032,4187,8053,60.2
TR01496,C045,0,635,70.3
TR01497,C003,1807,4515,34.2
TR01497,C006,1204,2273,32.1
TR01497,C006,5396,5811,59.3
TR01497,C006,10094,12527,41.5
TR01497,C008,2235,2916,70.0
TR01497,C008,8939,12482,96.7
TR01497,C011,46,12993,71.7
TR01497,C022,2800,3055,35.3
TR01497,C042,2705,4469,56.2
TR01497,C042,10178,10602,39.0
TR01497,C045,2473,3045,45.1
TR01497,C045,8392,12314,66.2
TR01497,C047,263,4087,95.6
TR01497,C047,9980,12593,59.7
TR01498,C003,1086,16600,84.3
TR01498,C004,2148,15680,97.4
TR01498,C010,7491,10980,72.4
TR01498,C016,1884,4843,90.0
TR01498,C016,14746,18652,39.8
TR01498,C025,1667,5459,60.3
TR01498,C025,12488,16246,45.0
TR01498,C027,3677,4450,55.5
TR01498,C027,10975,14527,99.2
TR01498,C033,2911,15225,91.2
TR01499,C004,221,1294,55.7
TR01499,C004,5324,7826,50.4
TR01499,C011,3681,5113,44.2
TR01499,C016,951,3675,99.5
TR01499,C016,6669,7038,56.0
TR01499,C018,1425,6794,79.2
TR01499,C019,1339,7789,96.0
TR01499,C030,185,3481,69.6
TR01499,C030,5905,7520,87.8
TR01499,C032,1741,2580,86.0
TR01499,C032,4558,4856,38.5
TR01500,C005,7836,9100,84.1
TR01500,C009,3228,4766,52.0
TR01500,C009,13375,16650,28.8
TR01500,C016,1184,3894,30.4
TR01500,C016,11023,11993,84.3
TR01500,C020,807,2509,92.2
TR01500,C020,12499,16425,23.9
TR01500,C032,0,6268,34.4
TR01500,C039,12,14631,79.5
TR01500,C045,0,8443,70.9
TR01501,C013,5949,7851,84.3
TR01501,C016,2867,6588,96.5
TR01501,C027,732,3044,71.3
TR01501,C027,8199,9482,71.7
TR01501,C029,1162,1603,76.0
TR01501,C029,5396,6374,63.7
TR01501,C029,9986,11745,51.2
TR01501,C039,5927,6227,30.7
TR01502,C013,873,1498,70.4
TR01502,C013,11079,12695,91.1
TR01502,C017,5261,8646,95.3
TR01502,C022,2114,15560,68.4
TR01502,C029,5340,7219,85.7
TR01502,C030,6610,9138,95.8
TR01502,C037,7160,10463,73.0
TR01502,C047,6466,8691,66.1
TR01502,C049,3963,6789,94.7
TR01503,C003,3359,6098,26.1
TR01503,C007,2650,4461,86.6
TR01503,C007,9394,10723,28.7
TR01503,C014,6544,10528,51.4
TR01503,C020,1228,5096,24.9
TR01503,C045,1941,11244,83.5
TR01503,C050,2648,3861,61.0
TR01503,C050,7962,11445,99.8
TR01504,C010,213,1207,82.0
TR01504,C010,7131,9039,32.3
TR01504,C015,1347,1658,75.5
TR01504,C015,7014,9660,27.2
TR01504,C033,1002,2475,80.4
TR01504,C033,4029,5984,57.9
TR01504,C033,6564,8211,50.1
TR01504,C033,9676,10652,56.3
TR01504,C034,1682,2137,44.3
TR01504,C034,7552,10471,94.1
TR01504,C036,0,5198,54.6
TR01504,C038,4402,4675,96.7
TR01504,C050,1208,2875,57.8
TR01504,C050,7990,9200,27.9
TR01505,C002,3904,7583,99.1
TR01505,C002,12649,15625,39.8
TR01505,C009,2385,15573,76.6
TR01505,C016,2404,5664,45.7
TR01505,C016,11642,12256,95.9
TR01505,C017,7197,7450,52.9
TR01505,C019,3410,4549,91.6
TR01505,C026,3103,6713,39.8
TR01505,C026,9841,10520,84.2
TR01505,C038,25,1298,90.6
TR01505,C038,6458,6739,67.6
TR01505,C038,12120,13109,63.4
TR01505,C044,2328,16901,99.3
TR01506,C001,7740,8844,84.9
TR01506,C004,2195,5634,98.8
TR01506,C004,11333,14389,82.1
TR01506,C014,1921,2742,43.5
TR01506,C014,6575,8264,70.5
TR01506,C014,13081,13457,59.0
TR01506,C043,3840,5044,33.1
TR01507,C007,2231,11591,92.1
TR01507,C008,1160,3372,37.2
TR01507,C008,7422,9766,61.0
TR01507,C012,3251,4456,66.8
TR01507,C027,34,2508,60.0
TR01507,C029,934,1565,21.7
TR01507,C029,6827,10593,34.1
TR01507,C039,1411,3481,57.9
TR01507,C039,7396,8069,99.8
TR01507,C040,0,5187,27.4
TR01508,C019,0,2594,62.7
TR01508,C022,411,1775,69.6
TR01508,C022,2185,3238,77.2
TR01508,C022,4303,5858,45.5
TR01508,C022,6721,8060,74.5
TR01508,C023,608,2653,89.5
TR01508,C023,4694,6943,74.9
TR01508,C036,1093,3011,31.0
TR01508,C036,6244,8238,56.5
TR01508,C038,0,650,57.9
TR01508,C044,722,3503,71.5
TR01508,C047,627,1088,46.5
TR01508,C047,3686,4091,97.8
TR01508,C047,6090,7072,43.3
TR01508,C048,1811,2419,48.5
TR01509,C011,133,1862,99.8
TR01509,C011,6881,8265,76.9
TR01509,C013,0,1806,77.9
TR01509,C022,1847,12372,74.9
TR01509,C026,372,1724,34.4
TR01509,C026,7263,9411,37.3
TR01509,C035,1390,1612,51.0
TR01509,C035,5726,6059,57.1
TR01509,C035,8890,10476,95.2
TR01509,C039,2457,5258,88.0
TR01509,C039,9426,10028,77.3
TR01510,C010,2917,5882,52.9
TR01510,C010,13077,15175,87.2
TR01510,C024,3440,14199,69.7
TR01510,C028,800,1211,51.9
TR01510,C028,7663,9091,49.5
TR01510,C028,14240,14444,82.0
TR01510,C048,3535,14228,65.0
TR01511,C017,573,2721,69.2
TR01511,C017,4179,6479,79.3
TR01511,C017,8443,9235,63.7
TR01511,C017,13696,14899,67.5
TR01511,C037,0,7371,74.5
TR01511,C042,2275,16426,91.1
TR01511,C044,95,2456,60.6
TR01511,C044,5017,6152,50.0
TR01511,C044,9244,11736,92.4
TR01511,C044,12599,14846,65.3
TR01511,C048,2303,15531,93.8
TR01512,C007,1216,5054,69.0
TR01512,C007,6348,8265,100.0
TR01512,C016,184,960,59.3
TR01512,C016,7007,9416,53.0
TR01512,C017,153,2864,90.4
TR01512,C017,6838,7614,35.2
TR01512,C028,906,4058,33.0
TR01512,C041,2819,5040,78.5
TR01512,C041,6899,8082,23.4
TR01512,C050,1106,1690,46.3
TR01512,C050,6941,8783,73.3
TR01513,C003,799,1423,57.6
TR01513,C016,4635,8160,97.3
TR01513,C019,2344,4900,74.4
TR01513,C019,5382,5745,56.9
TR01513,C020,2477,6217,25.2
TR01513,C025,201,1755,48.2
TR01513,C025,2612,3336,79.4
TR01513,C025,5411,6583,62.1
TR01513,C025,7906,9766,52.6
TR01513,C040,0,2581,84.3
TR01514,C001,1375,4438,33.1
TR01514,C018,179,1554,33.6
TR01514,C018,9447,13085,74.8
TR01514,C020,0,612,57.3
TR01514,C037,0,704,38.8
TR01514,C041,2285,10961,97.8
TR01514,C043,293,11682,82.4
TR01514,C046,1476,12678,85.2
TR01514,C049,2982,4786,30.3
TR01514,C049,7916,9367,78.9
TR01515,C013,108,1027,67.8
TR01515,C018,1149,3047,45.7
TR01515,C018,5995,7666,60.4
TR01515,C018,11557,12795,34.0
TR01515,C023,5812,6573,21.5
TR01515,C035,6284,6736,34.5
TR01516,C007,452,3323,55.7
TR01516,C007,4814,8141,75.5
TR01516,C013,315,6304,72.9
TR01516,C047,689,1963,22.0
TR01516,C047,5746,7027,75.2
TR01516,C048,255,1696,46.6
TR01516,C048,4732,4985,80.5
TR01517,C010,923,2354,44.3
TR01517,C010,4671,6838,29.0
TR01517,C015,772,1108,55.1
TR01517,C015,3263,4914,64.1
TR01517,C015,6517,6947,81.4
TR01517,C022,4192,5194,53.1
TR01517,C030,455,2093,23.9
TR01517,C030,5048,6770,22.8
TR01517,C031,1196,4810,33.0
TR01517,C032,1347,3151,66.7
TR01517,C034,1779,2436,28.4
TR01517,C034,6270,6559,69.9
TR01517,C038,0,3736,63.3
TR01518,C005,2302,11895,81.3
TR01518,C007,808,2779,49.0
TR01518,C007,8974,10455,54.9
TR01518,C016,3831,4266,33.0
TR01518,C021,3653,5389,71.2
TR01518,C029,70,1470,28.1
TR01518,C029,7140,8104,27.2
TR01518,C040,395,3807,50.0
TR01518,C040,7869,11027,83.0
TR01518,C045,4387,8035,51.1
TR01518,C048,0,5187,69.8
TR01519,C009,587,1923,88.3
TR01519,C009,3647,4320,36.1
TR01519,C025,452,2016,47.3
TR01519,C036,191,2098,73.6
TR01519,C036,3547,4475,85.4
TR01519,C039,249,2476,50.0
TR01519,C039,2751,3295,71.2
TR01519,C045,2346,3432,74.9
TR01519,C048,1178,1816,51.3
TR01519,C048,3658,3876,94.4
TR01520,C017,446,3442,72.0
TR01520,C017,10400,11333,74.4
TR01520,C024,61,2701,38.1
TR01520,C024,9843,13593,88.5
TR01520,C029,85,4044,54.0
TR01520,C031,0,3129,72.3
TR01520,C037,1223,3600,46.5
TR01520,C037,5846,6718,67.6
TR01520,C037,11882,12870,54.8
TR01520,C045,4859,6103,69.7
TR01520,C049,0,6757,52.9
TR01521,C018,2985,3821,62.6
TR01521,C018,7283,10763,62.8
TR01521,C020,3390,4554,60.8
TR01521,C025,101,893,96.0
TR01521,C025,6863,8752,93.9
TR01521,C044,1795,2380,27.5
TR01521,C044,9251,11612,30.3
TR01521,C045,1321,3769,21.5
TR01521,C045,7927,8731,55.6
TR01522,C002,2200,5327,42.9
TR01522,C002,11561,12707,60.5
TR01522,C003,0,7272,49.1
TR01522,C004,2372,4946,98.2
TR01522,C004,12237,14617,91.0
TR01522,C008,4068,4475,26.1
TR01522,C015,2079,18930,83.8
TR01522,C023,3407,6282,55.8
TR01522,C023,14507,18014,95.5
TR01522,C047,383,1754,53.8
TR01522,C047,14313,16528,30.0
TR01523,C002,863,1078,37.6
TR01523,C012,2264,2730,60.4
TR01523,C029,103,2366,35.2
TR01523,C029,3157,4414,88.1
TR01523,C041,2127,4118,63.5
TR01523,C050,1162,2681,44.0
TR01523,C050,3318,3962,27.1
TR01524,C007,7871,11636,92.1
TR01524,C011,6939,7320,57.6
TR01524,C012,3735,6922,20.3
TR01524,C031,1407,2295,71.0
TR01524,C032,3964,6581,89.8
TR01524,C032,13283,16901,22.1
TR01524,C040,1087,4284,96.5
TR01524,C040,9610,12510,34.1
TR01524,C044,781,4230,61.0
TR01525,C027,3494,7314,85.5
TR01525,C038,1831,5350,93.1
TR01525,C038,8349,10223,38.9
TR01525,C039,3638,6529,91.1
TR01525,C039,9491,10462,23.9
TR01525,C047,6950,8960,88.1
TR01525,C050,7099,9476,66.3
TR01526,C015,866,2027,54.9
TR01526,C015,4021,5234,99.6
TR01526,C015,8171,9332,75.6
TR01526,C015,11352,11803,32.5
TR01526,C019,2246,10724,82.3
TR01526,C029,1034,1575,83.2
TR01526,C036,2637,4801,93.5
TR01527,C007,34,638,77.0
TR01527,C007,2243,3726,75.1
TR01527,C007,4496,5612,97.4
TR01527,C021,777,2915,82.5
TR01527,C023,1379,2251,79.9
TR01527,C023,3338,4651,99.2
TR01527,C038,745,5769,93.9
TR01527,C039,916,5034,69.6
TR01528,C005,56,14295,62.3
TR01528,C007,1022,1306,85.6
TR01528,C007,6770,8580,93.2
TR01528,C007,11348,13591,82.7
TR01528,C013,3000,4521,98.0
TR01528,C013,8926,12643,79.8
TR01528,C024,4094,7663,81.4
TR01528,C025,5433,6258,98.6
TR01529,C009,2248,2601,71.6
TR01529,C014,1442,2392,28.5
TR01529,C017,550,1799,92.9
TR01529,C017,4790,5847,39.4
TR01529,C039,104,2787,85.1
TR01529,C039,4673,6544,35.2
TR01530,C001,1100,2949,49.4
TR01530,C001,8125,10528,32.3
TR01530,C003,3013,4857,68.0
TR01530,C003,7139,8875,93.9
TR01530,C010,694,10261,96.2
TR01530,C020,1822,9586,64.9
TR01530,C024,1925,10204,60.1
TR01530,C030,362,1607,76.3
TR01530,C030,3375,5790,30.0
TR01530,C030,7261,8434,64.2
TR01530,C030,9488,11818,31.3
TR01531,C006,228,1216,32.5
TR01531,C009,3488,4256,92.1
TR01531,C023,131,819,61.8
TR01531,C023,2187,3360,61.3
TR01531,C023,4068,4832,53.5
TR01531,C023,5983,7444,36.4
TR01531,C033,893,3007,53.2
TR01531,C033,4991,7180,62.5
TR01531,C038,681,2283,81.0
TR01531,C038,4050,7038,51.1
TR01531,C039,1525,2256,41.0
TR01531,C039,5163,6109,61.6
TR01531,C040,1121,7442,96.5
TR01531,C046,3493,6787,75.2
TR01532,C004,1181,8138,81.0
TR01532,C008,827,2465,36.3
TR01532,C008,4692,5947,82.7
TR01532,C010,898,4272,96.2
TR01532,C010,5502,6319,75.9
TR01532,C038,3675,6713,92.7
TR01533,C012,1523,2397,24.8
TR01533,C019,2712,5672,83.3
TR01533,C019,13599,15485,60.7
TR01533,C021,1586,15364,79.3
TR01533,C044,1941,5895,96.0
TR01534,C001,374,1796,42.1
TR01534,C024,910,4285,61.3
TR01534,C028,112,1988,23.8
TR01534,C033,2226,3794,28.8
TR01534,C035,963,1661,88.3
TR01534,C035,3180,3765,27.8
TR01535,C012,505,1055,65.9
TR01535,C012,4138,5041,63.1
TR01535,C012,6498,7057,32.5
TR01535,C020,361,1112,74.7
TR01535,C020,4252,5505,34.4
TR01535,C020,6453,7598,58.5
TR01535,C034,4529,6825,48.0
TR01535,C039,1516,7829,76.9
TR01535,C042,473,781,75.9
TR01535,C042,6262,6783,48.8
TR01535,C046,1970,5450,64.3
TR01535,C048,721,2629,66.4
TR01535,C048,6869,9006,43.1
TR01536,C007,985,1227,50.9
TR01536,C011,2295,4210,37.1
TR01536,C011,5672,7953,40.8
TR01536,C014,2740,5482,99.4
TR01536,C015,587,1722,72.5
TR01536,C015,6817,9024,94.1
TR01536,C020,2784,4484,78.8
TR01536,C027,640,2645,33.3
TR01536,C048,239,3704,43.5
TR01536,C048,6805,7656,73.3
TR01536,C049,1884,3879,59.7
TR01536,C049,5533,8074,69.6
TR01537,C001,3567,4479,34.1
TR01537,C001,11630,13397,69.1
TR01537,C016,4038,5393,79.3
TR01537,C016,12170,12637,67.0
TR01537,C027,3038,6897,22.0
TR01537,C027,10480,11073,82.9
TR01537,C030,2473,3367,75.4
TR01537,C031,513,13091,73.0
TR01537,C041,302,3472,23.5
TR01537,C041,9172,11382,27.6
TR01537,C042,4748,8599,99.7
TR01537,C047,1767,5596,29.7
TR01538,C004,7447,9636,30.4
TR01538,C010,908,2546,57.2
TR01538,C017,955,12988,79.0
TR01538,C023,2800,4383,80.4
TR01538,C024,3088,16188,83.0
TR01538,C038,256,745,51.0
TR01538,C038,4445,5423,50.2
TR01538,C038,9695,12088,85.6
TR01538,C038,13831,16091,97.5
TR01538,C040,2195,4764,45.5
TR01538,C040,12044,13384,39.3
TR01538,C049,3928,6707,20.1
TR01538,C049,9085,11755,64.7
TR01539,C003,462,982,21.9
TR01539,C003,5744,5960,21.2
TR01539,C010,1639,6391,64.1
TR01539,C016,2034,2727,34.9
TR01539,C016,4175,6549,44.9
TR01539,C029,530,1941,48.6
TR01539,C029,5539,7978,68.3
TR01539,C035,0,1192,27.1
TR01540,C005,112,1438,68.2
TR01540,C005,8125,9626,45.2
TR01540,C005,13824,14400,46.0
TR01540,C024,0,8970,41.6
TR01540,C027,5193,5818,86.0
TR01540,C041,3674,5455,41.8
TR01540,C041,13062,16256,88.8
TR01540,C049,3887,6070,90.7
TR01540,C049,11453,12222,36.0
TR01540,C027,9750,16399,82.2
TR01541,C005,950,11926,86.4
TR01541,C006,2951,4275,36.8
TR01541,C006,8647,11722,33.0
TR01541,C018,3152,4115,71.9
TR01541,C018,9427,10043,82.7
TR01541,C019,5937,7581,72.1
TR01541,C037,592,872,77.9
TR01541,C037,4366,5702,66.4
TR01541,C037,7697,8304,92.1
TR01541,C037,10641,11553,74.3
TR01541,C043,2721,4805,30.0
TR01541,C043,9873,11151,87.0
TR01542,C001,249,3340,81.0
TR01542,C007,2558,5941,28.2
TR01542,C007,8255,10886,82.4
TR01542,C013,1007,10041,70.7
TR01542,C021,1257,3913,80.4
TR01542,C021,9142,10648,32.8
TR01542,C024,2223,10957,84.2
TR01542,C026,2201,3889,42.5
TR01542,C031,0,2189,78.5
TR01542,C038,1972,2808,23.8
TR01542,C038,7103,7886,62.4
TR01543,C003,3049,5344,93.0
TR01543,C003,11422,12962,71.4
TR01543,C010,517,1946,48.9
TR01543,C010,6605,7355,43.6
TR01543,C010,12907,14251,76.4
TR01543,C015,2196,3697,37.1
TR01543,C015,9589,10617,28.4
TR01543,C029,2725,5193,75.8
TR01543,C029,10641,12379,44.1
TR01543,C030,826,13796,68.1
TR01543,C038,0,4169,56.1
TR01543,C047,2159,2549,36.0
TR01543,C047,9546,11664,25.9
TR01543,C003,3926,8528,67.1
TR01544,C001,1356,12328,63.9
TR01544,C002,1597,4366,70.6
TR01544,C002,8311,11049,55.5
TR01544,C010,1076,3036,26.1
TR01544,C013,2230,5562,23.0
TR01544,C013,6767,10342,84.6
TR01544,C042,4765,7978,26.1
TR01545,C003,1989,2731,38.6
TR01545,C003,8124,9314,26.6
TR01545,C011,1982,10123,82.2
TR01545,C020,577,1520,83.3
TR01545,C020,6019,7246,90.2
TR01545,C022,493,2951,80.9
TR01545,C022,6812,8412,68.1
TR01545,C024,84,1324,52.5
TR01545,C024,2945,4359,69.2
TR01545,C024,5701,7177,44.5
TR01545,C024,8685,9785,49.0
TR01545,C028,3913,6987,80.1
TR01545,C003,1539,4171,76.7
TR01546,C011,1483,3257,60.5
TR01546,C011,3556,4588,24.2
TR01546,C021,385,2902,64.0
TR01546,C023,775,3399,82.7
TR01546,C023,4180,6355,25.4
TR01546,C050,635,1216,52.6
TR01546,C050,2922,4266,67.9
TR01546,C050,5302,6286,73.4
TR01547,C005,964,4008,93.0
TR01547,C007,239,3245,86.0
TR01547,C011,1018,2607,35.9
TR01547,C011,2909,3661,75.8
TR01547,C013,346,839,78.8
TR01547,C013,3732,4711,97.4
TR01547,C037,940,2104,83.5
TR01547,C037,3511,4272,64.8
TR01547,C038,188,2355,74.8
TR01547,C038,3720,4263,30.7
TR01547,C047,1622,3559,61.8
TR01548,C001,1633,3300,87.1
TR01548,C008,540,4013,27.3
TR01548,C025,735,1726,49.1
TR01548,C025,3621,3972,86.9
TR01548,C032,147,2397,84.6
TR01548,C032,3350,5827,93.1
TR01548,C035,1172,3687,75.7
TR01548,C036,0,660,66.6
TR01548,C038,389,676,60.2
TR01548,C038,4231,4907,90.8
TR01548,C046,356,2445,76.8
TR01548,C001,3140,4638,62.0
TR01549,C003,4442,6848,71.0
TR01549,C004,1342,3443,55.3
TR01549,C004,5418,7305,94.1
TR01549,C004,10911,11337,37.6
TR01549,C006,1854,3351,80.2
TR01549,C006,7817,10225,76.8
TR01549,C023,3183,3776,70.4
TR01549,C031,35,1156,45.9
TR01549,C031,9749,10034,52.8
TR01550,C026,0,1423,55.8
TR01550,C027,581,3058,26.0
TR01550,C031,573,1354,77.2
TR01550,C031,2625,3957,84.4
TR01550,C031,4855,5567,33.4
TR01550,C049,545,1890,81.1
TR01550,C049,3813,4197,88.7
TR01551,C003,1876,3948,82.0
TR01551,C003,4656,6706,97.2
TR01551,C007,1000,7219,94.2
TR01551,C025,0,3119,72.2
TR01551,C026,1358,6134,90.3
TR01551,C031,406,1269,84.4
TR01551,C031,4916,7727,45.5
TR01552,C012,1965,3232,85.5
TR01552,C012,7038,8138,47.0
TR01552,C028,4907,7275,88.2
TR01552,C037,764,2274,27.6
TR01552,C043,764,1671,79.8
TR01552,C043,3728,5155,86.6
TR01552,C043,7021,7744,91.5
TR01552,C043,9756,11080,57.3
TR01552,C048,630,1087,53.3
TR01552,C048,8464,8721,83.5
TR01553,C009,1322,3560,31.7
TR01553,C009,6138,8646,64.3
TR01553,C012,2495,4497,81.4
TR01553,C023,724,1291,98.8
TR01553,C023,8309,10846,33.3
TR01553,C027,854,3080,56.4
TR01553,C027,6731,8595,49.5
TR01553,C036,2556,6077,75.4
TR01553,C048,1973,2647,65.1
TR01553,C048,7607,9448,53.9
TR01554,C025,365,1371,60.5
TR01554,C028,1154,2151,46.4
TR01554,C028,7612,9388,44.6
TR01554,C032,502,761,51.9
TR01554,C032,6904,10243,79.6
TR01554,C034,1556,2535,38.8
TR01554,C034,6201,9334,43.2
TR01554,C037,2005,5550,29.0
TR01555,C002,874,4868,68.8
TR01555,C006,441,3504,22.5
TR01555,C034,389,924,53.7
TR01555,C034,1900,2271,37.2
TR01555,C034,3251,3489,93.1
TR01555,C034,4883,5339,30.5
TR01555,C035,254,5173,62.8
TR01555,C037,436,5947,76.1
TR01555,C043,387,5398,99.4
TR01555,C046,647,5252,93.5
TR01556,C002,2857,6251,89.9
TR01556,C002,11278,11528,72.7
TR01556,C004,5,1262,73.6
TR01556,C023,2592,3108,88.7
TR01556,C023,10884,11648,95.7
TR01556,C024,2282,3105,85.8
TR01556,C024,10075,12045,83.3
TR01556,C032,3081,3542,28.4
TR01556,C032,12516,13284,21.0
TR01556,C046,3043,5761,61.2
TR01556,C046,10432,14000,28.7
TR01556,C048,2312,15292,95.1
TR01557,C013,2951,3713,29.1
TR01557,C019,1175,1943,73.1
TR01557,C019,5158,6161,74.4
TR01557,C024,213,2130,61.1
TR01557,C024,2838,3827,67.0
TR01557,C024,4901,5811,41.2
TR01557,C024,6556,6868,83.0
TR01557,C030,1931,3768,96.3
TR01557,C030,4525,8458,92.6
TR01557,C045,3498,5785,54.1
TR01558,C003,151,2359,88.2
TR01558,C003,10264,12040,30.6
TR01558,C014,3369,17153,70.3
TR01558,C015,1032,4479,79.5
TR01558,C015,14252,18001,99.1
TR01558,C029,1030,2994,74.9
TR01558,C029,6245,6670,31.5
TR01558,C029,10202,12676,56.7
TR01558,C029,15307,15751,92.6
TR01558,C030,8681,9872,66.9
TR01558,C032,2337,3334,38.7
TR01558,C032,12413,14396,40.7
TR01558,C040,4185,5342,56.0
TR01558,C040,10900,14329,71.3
TR01558,C042,9613,10417,56.1
TR01559,C005,2696,3942,73.5
TR01559,C006,5197,5797,86.5
TR01559,C023,2061,5097,89.0
TR01559,C023,5827,7050,67.7
TR01559,C033,1924,4800,42.3
TR01559,C033,6732,8873,40.5
TR01559,C036,136,2499,59.8
TR01559,C037,441,2232,51.8
TR01559,C047,4635,5527,32.0
TR01560,C008,100,16527,85.7
TR01560,C010,2668,2996,57.6
TR01560,C010,11121,13589,50.0
TR01560,C029,1139,1972,51.7
TR01560,C029,6590,8975,51.0
TR01560,C029,13313,13948,41.6
TR01560,C034,5405,5676,83.8
TR01560,C039,206,1319,92.6
TR01560,C039,8088,8567,60.4
TR01560,C039,12843,13824,44.5
TR01560,C043,0,4700,76.5
TR01560,C045,750,4230,58.8
TR01561,C014,1919,2656,36.6
TR01561,C016,388,1807,49.5
TR01561,C016,4276,6549,96.3
TR01561,C019,278,3195,46.5
TR01561,C019,4694,5472,93.0
TR01561,C039,1333,6384,87.8
TR01561,C041,1099,3270,29.8
TR01561,C044,701,2107,77.5
TR01561,C044,5001,6585,48.7
TR01561,C045,1378,2778,28.9
TR01561,C045,4587,5979,30.7
TR01562,C006,338,1754,93.1
TR01562,C007,4671,8482,85.6
TR01562,C017,1073,2405,28.9
TR01562,C017,6782,9388,66.4
TR01562,C047,3944,7531,72.8
TR01563,C010,1093,3550,30.9
TR01563,C010,10362,12727,30.4
TR01563,C011,4777,6918,73.8
TR01563,C016,6993,7563,58.1
TR01563,C019,4083,7888,58.5
TR01563,C019,14250,15592,50.2
TR01563,C028,1230,1440,83.8
TR01563,C028,13072,16045,57.3
TR01563,C037,928,2718,93.4
TR01563,C037,11287,12880,79.7
TR01563,C039,1401,1697,32.0
TR01563,C039,7184,7867,33.2
TR01563,C039,13886,14732,63.8
TR01564,C015,2709,5234,69.8
TR01564,C023,3112,4364,85.6
TR01564,C027,70,1178,94.7
TR01564,C027,4026,4975,73.4
TR01564,C034,2077,3020,95.2
TR01564,C039,1482,1881,53.7
TR01564,C039,5144,5510,26.9
TR01564,C041,1014,3035,26.7
TR01564,C041,3617,5796,66.2
TR01564,C047,214,2776,78.7
TR01564,C047,4963,5211,61.4
TR01564,C049,350,3376,64.1
TR01564,C049,4016,5220,34.1
TR01565,C028,72,2325,68.8
TR01565,C028,3716,4231,68.1
TR01565,C039,2866,6306,82.5
TR01565,C042,867,3980,31.4
TR01565,C045,984,3122,85.0
TR01565,C047,2762,3966,31.7
TR01566,C002,3611,4274,71.4
TR01566,C016,2165,4098,68.0
TR01566,C016,6871,7296,69.8
TR01566,C025,1245,4613,86.4
TR01566,C025,4936,6110,45.3
TR01566,C027,1872,8584,74.0
TR01566,C047,3590,6777,63.6
TR01566,C048,1145,1593,25.9
TR01566,C002,2884,9473,74.3
TR01567,C002,3423,6264,30.5
TR01567,C006,1668,2270,90.8
TR01567,C010,2926,13121,79.1
TR01567,C018,1192,2548,42.6
TR01567,C018,11077,12243,67.8
TR01567,C020,1534,15049,60.2
TR01567,C039,0,3359,32.6
TR01567,C043,2648,5210,74.0
TR01567,C043,9504,10937,57.8
TR01567,C046,2586,3474,77.5
TR01567,C046,9648,10441,73.2
TR01568,C006,1236,2841,22.0
TR01568,C013,2581,3443,43.4
TR01568,C019,935,1186,93.1
TR01568,C021,864,7341,86.7
TR01568,C026,662,7807,99.5
TR01568,C037,1873,8627,80.2
TR01568,C039,1994,5398,33.3
TR01569,C004,74,662,55.4
TR01569,C004,3715,5151,44.2
TR01569,C004,6970,9229,78.6
TR01569,C004,10528,10897,60.3
TR01569,C007,2757,3856,91.0
TR01569,C007,8256,11508,93.7
TR01569,C015,1467,10537,81.5
TR01569,C024,1897,4203,39.2
TR01569,C024,6830,7624,38.7
TR01569,C037,2069,3262,52.7
TR01569,C039,2992,6256,95.2
TR01569,C039,9386,10483,98.2
TR01570,C004,1691,5157,88.1
TR01570,C012,100,3118,24.1
TR01570,C012,6464,7149,53.6
TR01570,C022,0,3419,47.7
TR01570,C035,1289,2252,22.5
TR01570,C035,5207,8184,41.0
TR01570,C041,0,3720,63.8
TR01571,C001,3746,4662,76.8
TR01571,C007,1506,4579,85.5
TR01571,C007,4931,6148,30.9
TR01571,C011,1230,3568,41.4
TR01571,C011,5470,7897,43.7
TR01571,C015,2669,3480,55.1
TR01571,C017,1596,3613,42.7
TR01571,C017,4812,8769,61.4
TR01571,C020,1543,3652,68.5
TR01571,C020,6330,8879,60.8
TR01571,C043,47,6995,92.7
TR01571,C047,2571,6350,48.5
TR01572,C015,2130,4204,55.9
TR01572,C015,5274,8616,21.8
TR01572,C016,739,2978,82.5
TR01572,C031,4478,8311,76.9
TR01572,C035,0,2039,27.3
TR01572,C040,1101,3287,28.3
TR01572,C040,7216,7959,66.4
TR01572,C041,1733,9685,99.6
TR01573,C001,353,2788,83.4
TR01573,C001,7344,8459,74.3
TR01573,C002,573,4224,82.2
TR01573,C006,1686,3588,79.5
TR01573,C006,6201,7342,22.3
TR01573,C027,4466,5020,28.6
TR01573,C034,3766,6483,69.5
TR01573,C036,309,9040,76.4
TR01573,C046,3116,3331,56.3
TR01574,C008,1937,2522,45.9
TR01574,C008,12030,12787,27.7
TR01574,C009,325,12557,60.5
TR01574,C013,309,14877,82.9
TR01574,C014,1397,1632,97.8
TR01574,C016,637,1336,32.3
TR01574,C016,11199,12986,99.7
TR01574,C018,3578,6845,56.7
TR01574,C018,8338,11576,29.5
TR01574,C042,1408,1996,54.7
TR01574,C042,8492,10047,48.3
TR01574,C045,0,4738,36.9
TR01575,C033,2551,14263,90.1
TR01575,C035,1518,3858,62.4
TR01575,C035,10245,13694,74.5
TR01575,C036,598,3367,52.9
TR01575,C036,9023,11415,66.9
TR01575,C038,6769,7519,56.8
TR01576,C010,3424,7272,46.0
TR01576,C013,0,575,84.8
TR01576,C015,641,8729,62.7
TR01576,C023,241,1834,30.3
TR01576,C023,6059,8718,83.2
TR01576,C032,1538,9788,65.3
TR01576,C044,0,2643,42.4
TR01577,C007,0,3303,39.4
TR01577,C013,2132,4723,25.7
TR01577,C019,6036,7467,62.0
TR01577,C022,3274,3831,45.5
TR01578,C016,674,2337,92.6
TR01578,C016,9301,12835,92.8
TR01578,C026,1438,5174,30.7
TR01578,C030,3794,7125,83.7
TR01578,C033,275,2346,30.4
TR01578,C033,3491,4971,55.9
TR01578,C033,7703,9049,74.3
TR01578,C033,10799,12366,68.2
TR01578,C043,2143,5551,84.2
TR01578,C043,9274,10137,95.5
TR01579,C005,1918,4322,70.6
TR01579,C015,472,2119,30.2
TR01579,C015,7952,10840,76.5
TR01579,C025,3385,4103,97.2
TR01579,C028,2031,6009,40.3
TR01579,C038,502,1392,46.2
TR01579,C038,4400,6709,83.3
TR01579,C038,8565,10983,92.6
TR01580,C002,4543,7805,83.8
TR01580,C002,10599,12154,76.3
TR01580,C006,7826,11400,98.7
TR01580,C023,1232,5109,49.7
TR01580,C026,3845,5258,89.4
TR01580,C032,3576,5986,27.7
TR01580,C035,587,2119,45.9
TR01580,C035,9506,9778,65.7
TR01580,C050,0,2015,86.5
TR01581,C002,987,8246,90.2
TR01581,C007,885,3045,47.4
TR01581,C026,879,1958,99.2
TR01581,C026,3923,5365,74.4
TR01581,C026,7319,9025,46.8
TR01581,C034,2274,3652,50.9
TR01581,C034,5830,8563,28.1
TR01581,C035,3017,5099,73.5
TR01581,C041,1203,3511,28.9
TR01582,C002,3439,4646,94.5
TR01582,C005,5294,6454,62.4
TR01582,C012,3519,6923,43.5
TR01582,C012,8065,11115,67.5
TR01582,C014,1449,2681,97.4
TR01582,C014,8716,9481,27.0
TR01582,C021,461,728,46.8
TR01582,C021,9952,11295,63.8
TR01582,C033,764,2775,78.8
TR01582,C033,8269,11106,65.8
TR01582,C043,3476,6520,82.7
TR01582,C047,129,2939,65.5
TR01583,C002,1504,1708,32.9
TR01583,C002,6716,7255,80.9
TR01583,C007,3441,5136,34.3
TR01583,C011,442,7410,72.5
TR01583,C020,1427,2023,69.5
TR01583,C026,1824,5139,87.9
TR01583,C033,0,3131,39.6
TR01583,C042,1393,2253,94.2
TR01584,C002,132,1890,76.1
TR01584,C002,7036,7663,32.3
TR01584,C002,12593,13318,35.8
TR01584,C003,4034,5764,35.9
TR01584,C003,9937,13905,67.5
TR01584,C009,2353,17534,97.2
TR01584,C014,983,17188,87.3
TR01584,C020,4649,5894,20.0
TR01584,C030,922,1851,92.6
TR01584,C038,1248,4075,61.3
TR01585,C002,2165,3669,38.2
TR01585,C017,0,4322,54.9
TR01585,C026,2468,5820,41.4
TR01585,C037,1297,7017,79.6
TR01585,C039,186,7227,79.4
TR01585,C041,2166,3893,57.4
TR01585,C041,6078,7414,32.7
TR01586,C021,0,4089,38.1
TR01586,C027,1047,2619,27.5
TR01586,C029,1829,2479,75.0
TR01586,C029,12686,16630,69.3
TR01586,C031,18,1940,99.2
TR01586,C034,2412,4982,84.7
TR01586,C034,9727,13561,47.9
TR01586,C045,2389,4845,22.5
TR01586,C050,4178,5665,97.5
TR01586,C050,12250,12956,93.3
TR01587,C004,366,3880,45.0
TR01587,C009,4426,4895,96.3
TR01587,C012,5130,7328,24.0
TR01587,C034,552,1267,35.6
TR01587,C034,4662,4911,37.0
TR01587,C034,9349,10965,64.1
TR01587,C034,14166,15726,86.7
TR01587,C049,2520,6065,23.6
TR01587,C049,11332,15008,34.9
TR01588,C014,2461,18226,71.0
TR01588,C019,705,1682,93.3
TR01588,C019,4924,6789,61.7
TR01588,C019,9794,10570,35.5
TR01588,C019,15059,17101,61.5
TR01588,C022,2939,3554,96.8
TR01588,C025,0,4182,87.6
TR01588,C026,798,2917,87.3
TR01588,C026,6912,7763,36.5
TR01588,C026,13521,15562,80.1
TR01588,C029,1025,3150,57.4
TR01588,C029,12684,16329,42.8
TR01588,C035,668,2379,61.8
TR01588,C035,4987,5273,74.2
TR01588,C035,9295,10821,65.2
TR01588,C035,14875,16233,92.0
TR01588,C039,1949,3600,54.9
TR01588,C039,7894,9720,52.9
TR01588,C039,13752,14630,68.9
TR01589,C018,7515,8246,69.6
TR01589,C028,596,3998,53.6
TR01589,C028,10054,11276,97.6
TR01589,C045,4210,4788,79.8
TR01589,C046,7018,8049,27.1
TR01590,C022,329,1669,81.6
TR01590,C022,6691,9761,27.6
TR01590,C033,183,4146,61.7
TR01590,C036,3386,6426,51.3
TR01590,C042,1697,3480,28.6
TR01590,C042,7299,9088,68.0
TR01591,C016,0,1487,47.5
TR01591,C024,1420,2241,45.2
TR01591,C026,147,2130,80.8
TR01591,C026,3811,4757,95.8
TR01591,C032,439,2349,27.0
TR01591,C033,949,4384,63.9
TR01591,C038,1683,4320,27.6
TR01591,C040,1019,4074,51.3
TR01591,C048,0,2499,24.9
TR01592,C011,4771,5393,92.7
TR01592,C012,2139,2457,38.6
TR01592,C012,10330,11510,66.2
TR01592,C023,2141,5784,90.8
TR01592,C023,8286,8924,74.3
TR01592,C024,0,7136,83.3
TR01592,C035,2550,5308,29.1
TR01592,C036,1329,3289,93.9
TR01593,C001,965,7240,69.5
TR01593,C009,105,1149,89.9
TR01593,C009,4329,5094,71.0
TR01593,C011,7,2282,91.9
TR01593,C015,1219,6066,87.4
TR01593,C036,1978,3240,31.6
TR01594,C001,4540,5929,27.2
TR01594,C001,13650,15039,44.1
TR01594,C003,7121,10872,97.0
TR01594,C022,812,2202,64.1
TR01594,C022,5691,7106,96.8
TR01594,C022,10036,11452,50.6
TR01594,C022,14482,14776,95.8
TR01594,C026,726,16587,91.0
TR01594,C028,6650,8843,90.6
TR01594,C043,0,9182,53.9
TR01594,C044,0,6356,51.5
TR01594,C049,939,17481,60.6
TR01595,C019,667,4391,80.3
TR01595,C023,322,4020,87.4
TR01595,C033,45,1412,87.0
TR01595,C033,3401,3771,81.7
TR01595,C049,625,4149,53.4
TR01596,C001,4215,7429,76.1
TR01596,C021,1292,2059,76.7
TR01596,C026,1406,1939,78.9
TR01596,C026,6132,7591,63.1
TR01596,C043,0,1782,49.6
TR01597,C001,2027,4578,55.0
TR01597,C002,298,2739,34.1
TR01597,C002,3470,4949,79.8
TR01597,C006,462,1379,80.8
TR01597,C006,2169,2597,90.2
TR01597,C006,3889,4346,98.4
TR01597,C006,5266,6274,83.4
TR01597,C012,1982,3360,98.2
TR01597,C013,0,3168,62.2
TR01597,C017,2911,6904,23.7
TR01597,C033,192,3035,69.3
TR01597,C033,3605,6531,81.8
TR01597,C036,1692,2245,22.0
TR01597,C036,4855,5382,78.0
TR01598,C002,104,3119,74.1
TR01598,C002,8794,10795,93.0
TR01598,C003,912,2109,47.3
TR01598,C003,6143,8322,54.1
TR01598,C003,10413,12873,83.6
TR01598,C021,3866,6046,31.9
TR01598,C024,23,1255,44.2
TR01598,C024,8359,11086,66.0
TR01598,C029,1398,4308,71.0
TR01598,C029,8620,11813,68.8
TR01598,C038,493,1158,47.0
TR01598,C038,4414,4874,31.6
TR01598,C038,7941,8755,94.4
TR01598,C038,11780,13794,66.6
TR01598,C039,3688,6132,36.5
TR01598,C039,10120,13489,83.7
TR01598,C048,0,7022,60.8
TR01599,C008,3512,5072,63.3
TR01599,C012,1112,2958,54.3
TR01599,C012,5279,5861,21.2
TR01599,C013,663,964,79.3
TR01599,C015,709,6963,96.7
TR01599,C023,326,726,83.1
TR01599,C031,5,6112,70.5
TR01599,C044,618,2741,90.4
TR01599,C044,4740,7357,52.3
TR01599,C046,1437,6994,80.3
TR01599,C008,5029,6812,74.9
TR01600,C006,44,2376,62.4
TR01600,C006,3729,4068,29.9
TR01600,C010,215,2022,85.0
TR01600,C010,4237,4611,97.5
TR01600,C015,0,1178,71.7
TR01600,C027,1468,4545,92.3
TR01600,C033,604,1274,39.4
TR01600,C033,2102,2445,32.4
TR01600,C033,4096,5431,75.5
TR01600,C039,746,2715,64.5
TR01600,C039,4019,4595,35.7
TR01600,C043,839,2673,99.7
TR01600,C043,3121,4689,77.4
TR01601,C003,617,2610,67.9
TR01601,C003,5165,5562,49.4
TR01601,C003,9830,10319,62.1
TR01601,C006,1254,4644,82.8
TR01601,C006,10462,10884,76.8
TR01601,C011,2726,5501,53.9
TR01601,C011,7269,9745,51.5
TR01601,C024,3100,5214,41.7
TR01601,C024,9135,12002,25.4
TR01601,C026,342,14117,62.5
TR01602,C005,1977,9506,60.0
TR01602,C014,613,4163,20.4
TR01602,C017,184,2147,49.6
TR01602,C017,4398,5793,30.1
TR01602,C017,8327,9484,32.1
TR01602,C036,3524,3978,28.1
TR01602,C038,4,873,60.2
TR01602,C038,2797,3289,76.3
TR01602,C038,5813,6979,86.8
TR01602,C038,8406,9544,69.1
TR01602,C044,4715,5083,57.5
TR01602,C049,0,3784,36.4
TR01602,C005,7535,10652,67.6
TR01603,C001,741,4247,41.4
TR01603,C001,10529,13557,95.2
TR01603,C014,3799,4860,82.7
TR01603,C046,5767,7942,28.3
TR01603,C047,2432,3474,45.9
TR01603,C047,8726,9317,63.0
TR01603,C001,3162,7204,68.9
TR01604,C006,1875,3207,62.5
TR01604,C006,9180,12564,29.1
TR01604,C016,5603,9273,72.5
TR01604,C024,6960,10693,21.7
TR01604,C036,0,3325,26.1
TR01604,C042,902,3685,86.8
TR01604,C042,8045,9891,36.0
TR01604,C049,2419,5369,84.6
TR01605,C003,3036,5377,48.5
TR01605,C015,146,718,50.9
TR01605,C015,4880,5473,77.3
TR01605,C018,0,3409,24.5
TR01605,C032,760,3023,26.1
TR01605,C032,5587,6096,54.9
TR01605,C033,0,3180,22.6
TR01605,C044,233,3715,43.5
TR01606,C001,629,3967,45.2
TR01606,C006,814,1086,98.1
TR01606,C006,4287,5167,53.4
TR01606,C006,8415,9602,54.8
TR01606,C019,2293,4735,78.4
TR01606,C027,794,9334,75.2
TR01606,C035,317,4156,51.9
TR01606,C035,8974,11573,80.5
TR01606,C040,1926,4800,87.6
TR01606,C040,8922,10021,56.9
TR01606,C041,4961,6108,95.8
TR01607,C007,6007,8769,64.8
TR01607,C008,1195,3032,47.0
TR01607,C008,4272,4554,99.6
TR01607,C008,8731,10743,89.0
TR01607,C016,2720,4600,52.6
TR01607,C016,8338,10846,31.7
TR01607,C017,2171,4709,55.2
TR01607,C017,7775,10504,41.8
TR01607,C028,2729,6219,68.3
TR01607,C028,7029,7693,29.4
TR01607,C041,1405,10307,67.3
TR01607,C047,423,4182,82.1
TR01608,C012,0,1428,20.8
TR01608,C016,1744,3340,31.1
TR01608,C016,6730,7440,71.5
TR01608,C016,10778,12281,94.8
TR01608,C018,68,3046,84.7
TR01608,C018,8043,9172,85.5
TR01608,C025,2824,15240,74.3
TR01608,C042,514,1135,53.4
TR01608,C042,5107,7139,61.4
TR01608,C042,8758,10040,51.7
TR01608,C042,12552,14553,89.4
TR01608,C045,3507,6698,73.1
TR01608,C045,8667,9873,83.7
TR01608,C048,625,14101,92.8
TR01609,C005,2076,3514,90.4
TR01609,C026,1717,4915,87.8
TR01609,C026,5911,7451,75.4
TR01609,C030,1474,9145,78.6
TR01609,C042,870,1353,29.4
TR01609,C042,5598,6201,36.5
TR01610,C009,2172,3953,39.5
TR01610,C009,12192,15265,35.4
TR01610,C013,3341,5407,65.1
TR01610,C016,5898,7805,55.7
TR01610,C018,3886,4921,50.7
TR01610,C018,12088,13458,98.7
TR01610,C024,1230,1637,88.7
TR01610,C037,3322,5433,81.3
TR01611,C027,5115,8111,58.4
TR01611,C029,5387,6364,25.8
TR01611,C035,3351,4225,64.9
TR01611,C039,1779,4042,61.6
TR01611,C039,6211,7986,31.2
TR01611,C042,872,3610,83.7
TR01611,C042,6364,8639,72.1
TR01611,C045,0,2423,25.1
TR01611,C047,173,8865,74.4
TR01611,C048,0,1760,43.3
TR01611,C027,0,5333,84.5
TR01612,C008,1506,4470,42.3
TR01612,C008,6825,9906,50.7
TR01612,C009,3480,6194,38.5
TR01612,C036,1000,1784,61.1
TR01612,C036,6715,7609,73.8
TR01612,C038,1673,1879,21.7
TR01612,C043,1363,2242,73.9
TR01612,C043,5544,6113,78.4
TR01612,C043,9029,11370,53.0
TR01613,C002,1890,11667,95.1
TR01613,C003,682,1467,38.7
TR01613,C003,6682,8179,73.0
TR01613,C008,190,2551,87.9
TR01613,C008,4963,6054,98.9
TR01613,C008,8314,9260,88.5
TR01613,C014,412,3793,55.4
TR01613,C022,0,1761,25.0
TR01613,C039,0,1141,72.0
TR01613,C046,124,2071,26.7
TR01613,C046,6930,7724,71.0
TR01613,C049,1808,3953,87.6
TR01613,C049,8603,10095,51.7
TR01614,C002,1139,2969,38.0
TR01614,C002,6576,7368,82.7
TR01614,C007,3721,4753,41.4
TR01614,C015,1920,10405,68.9
TR01614,C020,5185,6858,26.7
TR01614,C024,100,744,27.4
TR01614,C024,6605,10429,77.6
TR01614,C030,860,4672,69.4
TR01614,C030,6862,7510,91.2
TR01615,C009,265,2635,57.5
TR01615,C009,5370,6336,34.0
TR01615,C028,194,635,56.7
TR01615,C028,6476,7064,53.7
TR01615,C034,4313,5336,99.6
TR01615,C050,29,943,94.7
TR01615,C050,3311,4958,34.1
TR01615,C050,5417,5812,71.4
TR01615,C050,7729,10111,61.7
TR01615,C009,2315,6209,64.7
TR01616,C001,136,933,69.2
TR01616,C006,3558,5299,30.2
TR01616,C019,3397,5049,44.6
TR01616,C023,2777,14859,83.7
TR01616,C044,4295,6572,72.5
TR01616,C047,2523,4430,96.6
TR01617,C006,6426,9257,88.1
TR01617,C007,8644,11369,36.9
TR01617,C011,2566,2870,72.1
TR01617,C011,11027,14107,98.0
TR01617,C015,764,2951,69.8
TR01617,C015,5257,5773,66.2
TR01617,C015,10569,11541,62.1
TR01617,C015,15665,17549,98.5
TR01617,C024,9227,10674,49.2
TR01617,C028,0,9451,62.5
TR01617,C038,4703,7510,47.1
TR01617,C038,10502,11923,60.0
TR01617,C047,965,1180,69.1
TR01617,C047,12053,12695,66.1
TR01618,C001,4201,6197,85.9
TR01618,C008,505,1495,95.7
TR01618,C009,606,2606,90.4
TR01618,C009,7933,11193,47.3
TR01618,C011,411,13110,79.9
TR01618,C021,1068,3030,31.6
TR01618,C021,4592,5771,95.9
TR01618,C021,9437,10705,40.4
TR01618,C025,2397,4427,43.0
TR01618,C026,4573,6681,40.5
TR01618,C035,818,4743,45.4
TR01619,C010,2124,5508,82.2
TR01619,C010,9575,11652,52.9
TR01619,C011,2153,6018,88.6
TR01619,C011,11170,12967,93.8
TR01619,C015,1731,3442,31.9
TR01619,C015,10974,13712,32.4
TR01619,C018,502,773,86.2
TR01619,C018,8770,9170,92.3
TR01619,C024,3227,3444,69.7
TR01619,C037,2074,5732,82.1
TR01619,C037,9667,13569,52.3
TR01619,C010,3582,11114,76.5
TR01620,C011,7174,10664,22.4
TR01620,C022,1333,2006,46.9
TR01620,C022,6440,7941,93.2
TR01620,C022,11244,13278,66.8
TR01620,C036,3869,4688,66.9
TR01620,C036,8139,11909,22.8
TR01620,C037,644,15656,71.9
TR01620,C038,2742,13303,82.2
TR01620,C039,2677,14433,70.2
TR01620,C046,1285,12220,99.6
TR01621,C007,0,2041,67.7
TR01621,C011,1579,2091,82.7
TR01621,C012,1400,3044,24.9
TR01621,C012,5130,6533,89.7
TR01621,C014,1644,2744,48.8
TR01621,C014,4586,4893,27.4
TR01621,C043,0,3449,87.9
TR01621,C011,2956,6473,64.3
TR01622,C009,4830,8623,36.7
TR01622,C018,67,3017,94.0
TR01622,C030,1499,2348,57.2
TR01622,C032,1481,2900,90.0
TR01622,C032,6497,8212,45.3
TR01622,C037,0,2856,75.7
TR01622,C038,453,7606,71.9
TR01623,C016,0,1521,25.9
TR01623,C025,1453,1999,59.2
TR01623,C025,4149,4796,98.5
TR01623,C041,0,1576,40.6
TR01623,C047,816,1655,65.6
TR01624,C008,1299,1882,59.9
TR01624,C008,4833,7883,61.8
TR01624,C025,0,2797,54.9
TR01624,C029,0,1986,70.6
TR01624,C034,314,2691,91.5
TR01624,C034,3032,3631,99.2
TR01624,C034,6036,6288,37.0
TR01625,C005,224,663,73.9
TR01625,C005,2629,4140,67.1
TR01625,C005,4799,5718,40.6
TR01625,C011,528,1706,95.7
TR01625,C011,2749,4454,70.2
TR01625,C011,5195,6210,80.7
TR01625,C014,1316,5470,61.8
TR01625,C018,1065,2807,85.7
TR01625,C018,4693,4953,29.2
TR01625,C026,0,2542,28.6
TR01625,C040,0,796,69.0
TR01625,C044,257,1600,97.1
TR01625,C044,2219,2777,92.9
TR01625,C044,3564,4073,56.3
TR01625,C044,5568,6025,66.9
TR01625,C018,1475,4615,86.9
TR01626,C001,2520,4439,87.0
TR01626,C003,1168,2262,65.8
TR01626,C003,3278,5441,85.4
TR01626,C013,502,2291,64.8
TR01626,C013,3300,4162,35.7
TR01626,C025,3,1560,53.6
TR01626,C025,1910,2692,41.5
TR01626,C025,4176,4567,50.2
TR01626,C046,880,1819,60.4
TR01626,C046,3574,3979,35.8
TR01626,C049,1365,2687,80.1
TR01626,C049,3494,4424,62.7
TR01627,C015,0,1744,55.1
TR01627,C020,1414,1653,54.4
TR01627,C020,9677,11235,35.4
TR01627,C025,5041,7958,95.3
TR01627,C035,7457,11091,36.3
TR01627,C044,8326,10613,39.4
TR01628,C004,2382,11036,63.4
TR01628,C009,1003,1614,40.3
TR01628,C009,3919,4768,79.7
TR01628,C009,6285,7119,75.8
TR01628,C009,10173,11228,41.1
TR01628,C012,0,2869,25.8
TR01628,C014,2560,3795,64.7
TR01628,C020,2537,2809,74.3
TR01628,C027,2802,3183,55.3
TR01628,C027,7127,10308,41.4
TR01628,C032,1793,4618,42.0
TR01628,C042,3022,3477,32.2
TR01628,C042,7685,7975,33.6
TR01629,C005,1584,4006,51.7
TR01629,C006,2924,5493,49.4
TR01629,C026,158,2550,26.6
TR01629,C026,6095,7261,39.0
TR01629,C037,1022,3297,37.9
TR01629,C037,5209,5928,81.6
TR01629,C047,766,4078,37.5
TR01629,C047,5057,6370,66.2
TR01629,C048,366,4066,36.1
TR01629,C048,5870,8600,54.9
TR01630,C005,0,1570,26.4
TR01630,C006,1989,4894,85.7
TR01630,C009,0,4798,42.0
TR01630,C020,8123,11493,70.4
TR01630,C029,8043,8433,84.0
TR01630,C032,92,2160,77.5
TR01630,C032,10454,13011,27.7
TR01630,C033,4003,6681,92.7
TR01630,C038,2516,2723,71.6
TR01630,C038,9960,11091,94.6
TR01631,C005,4258,4834,78.3
TR01631,C039,0,4788,55.0
TR01631,C047,3167,6401,78.6
TR01631,C050,18,1227,75.5
TR01631,C050,2863,3110,77.7
TR01631,C050,5628,6017,90.1
TR01631,C050,8857,9208,46.6
TR01632,C003,50,9219,64.0
TR01632,C007,87,1208,94.2
TR01632,C007,2393,4203,94.3
TR01632,C007,5289,5879,88.7
TR01632,C007,7824,8986,74.8
TR01632,C020,2330,3487,56.4
TR01632,C027,1215,7510,76.2
TR01632,C032,0,716,66.6
TR01632,C033,1,2400,75.2
TR01632,C033,4208,5226,45.4
TR01632,C033,7021,8784,98.4
TR01633,C004,707,3873,43.4
TR01633,C004,12279,13755,95.8
TR01633,C017,1396,2968,74.1
TR01633,C017,10663,11760,30.9
TR01633,C018,2033,17069,69.3
TR01633,C021,1796,18075,66.6
TR01633,C028,3373,6481,87.5
TR01633,C028,12003,13388,99.7
TR01633,C046,1221,2310,75.8
TR01633,C047,1203,2638,64.1
TR01633,C047,6624,8601,65.4
TR01633,C047,14124,14535,61.0
TR01634,C018,987,3432,55.9
TR01634,C018,6203,6981,25.8
TR01634,C031,1136,4671,26.9
TR01634,C040,750,1016,34.4
TR01634,C040,4881,7855,71.0
TR01634,C042,2075,3534,50.2
TR01634,C042,6213,6968,86.3
TR01635,C005,2201,3414,79.3
TR01635,C005,11441,13308,22.7
TR01635,C007,3836,6412,98.5
TR01635,C007,10507,13020,81.0
TR01635,C022,52,2114,33.0
TR01635,C022,3923,4711,31.0
TR01635,C022,7856,9433,86.6
TR01635,C022,12123,12543,91.9
TR01635,C038,1541,13308,61.2
TR01635,C040,0,5981,76.0
TR01635,C050,6842,9216,55.1
TR01636,C013,3762,6562,54.0
TR01636,C015,1286,4075,82.7
TR01636,C015,8270,10766,37.5
TR01636,C037,3021,6918,69.5
TR01636,C050,0,2525,70.9
TR01637,C008,3035,6794,99.4
TR01637,C008,13842,14786,64.9
TR01637,C011,2470,17164,97.6
TR01637,C012,1134,1926,21.1
TR01637,C018,7598,10512,67.4
TR01637,C028,1994,2857,91.8
TR01637,C028,12328,16096,92.9
TR01637,C029,202,1824,93.6
TR01637,C029,7257,7935,65.6
TR01637,C029,13993,15187,99.9
TR01638,C004,1167,4666,98.3
TR01638,C011,447,845,42.2
TR01638,C011,5507,5973,98.6
TR01638,C012,0,1667,46.5
TR01638,C024,43,1283,60.2
TR01638,C024,3217,4498,34.5
TR01638,C024,6066,6630,95.6
TR01638,C035,946,6937,71.0
TR01638,C039,1856,3989,36.0
TR01638,C039,5120,6942,34.1
TR01639,C009,1636,4085,44.7
TR01639,C009,7042,9305,86.3
TR01639,C017,96,1420,24.9
TR01639,C019,11,927,28.8
TR01639,C019,9720,10650,74.3
TR01639,C021,5500,6896,97.9
TR01639,C033,5373,8995,32.2
TR01639,C037,0,5425,52.1
TR01639,C044,1714,12829,95.5
TR01640,C002,1822,3995,58.1
TR01640,C002,7016,8585,97.2
TR01640,C002,15373,17605,88.7
TR01640,C012,1352,1901,77.9
TR01640,C012,6877,8656,91.9
TR01640,C012,14799,15144,40.4
TR01640,C024,898,4320,55.5
TR01640,C030,837,2036,99.2
TR01640,C030,5753,8085,82.7
TR01640,C030,11485,12925,64.8
TR01640,C030,16326,17185,88.6
TR01640,C033,3639,6260,65.9
TR01640,C048,1956,17429,75.5
TR01640,C049,1181,1949,53.4
TR01640,C049,14813,16022,91.3
TR01640,C050,2989,5628,44.9
TR01640,C050,11347,13092,39.5
TR01641,C012,3107,4505,65.8
TR01641,C014,510,1322,64.5
TR01641,C014,3468,5214,70.4
TR01641,C017,411,1011,58.1
TR01641,C017,2745,2980,47.0
TR01641,C017,4327,5758,30.2
TR01641,C021,1993,3935,61.6
TR01641,C023,140,837,42.0
TR01641,C023,4340,5855,67.7
TR01641,C027,181,1040,98.1
TR01641,C027,1691,2955,71.0
TR01641,C027,3310,4145,54.5
TR01641,C027,5034,5787,59.3
TR01641,C045,1932,3039,65.9
TR01642,C023,2549,3209,27.1
TR01642,C026,1583,3013,97.8
TR01642,C031,18,1381,60.6
TR01642,C036,1610,1983,67.6
TR01642,C036,7179,10626,96.8
TR01643,C003,1700,4469,88.6
TR01643,C004,324,850,98.7
TR01643,C004,1907,3412,39.7
TR01643,C004,4031,4940,87.2
TR01643,C010,276,978,25.7
TR01643,C012,2058,3578,20.5
TR01643,C031,271,2086,45.7
TR01643,C031,2919,5318,83.4
TR01643,C040,231,594,99.8
TR01643,C040,2058,2878,47.0
TR01643,C040,4008,5187,40.1
TR01644,C001,1147,15869,75.5
TR01644,C006,7274,10176,98.3
TR01644,C025,2643,13778,68.6
TR01644,C026,3139,4259,76.5
TR01644,C026,8619,10705,44.1
TR01644,C041,1448,15503,63.5
TR01644,C050,7565,11053,73.5
TR01645,C006,1012,4965,68.1
TR01645,C016,225,2142,82.8
TR01645,C021,312,3820,78.9
TR01645,C026,285,4448,63.7
TR01645,C029,823,4640,73.7
TR01645,C030,93,1928,26.7
TR01645,C030,3451,4027,42.0
TR01645,C038,655,1358,78.8
TR01645,C038,2807,4015,90.8
TR01645,C048,1024,3678,94.8
TR01646,C013,611,14293,96.6
TR01646,C017,1603,2945,28.4
TR01646,C017,13047,14685,94.3
TR01646,C024,3357,4026,37.7
TR01646,C024,13374,14311,55.3
TR01646,C025,2325,5452,36.9
TR01646,C025,9597,10797,66.7
TR01646,C039,3273,17316,88.6
TR01646,C017,2501,11494,61.4
TR01647,C008,2377,5057,94.3
TR01647,C018,961,1320,23.6
TR01647,C018,2906,4422,25.5
TR01647,C029,1082,2143,88.8
TR01647,C029,3171,4177,72.8
TR01647,C040,181,1100,69.3
TR01647,C040,3845,4398,62.7
TR01647,C048,1289,4014,38.5
TR01647,C050,116,478,80.5
TR01647,C050,3382,4089,89.4
TR01648,C015,2133,3545,70.3
TR01648,C028,688,923,34.9
TR01648,C028,2730,3339,63.8
TR01648,C028,4750,5227,69.9
TR01648,C028,6627,8032,71.5
TR01648,C039,4135,5352,96.7
TR01648,C047,367,3450,94.2
TR01648,C047,5011,7456,76.0
TR01649,C005,745,3068,34.6
TR01649,C005,5150,6056,32.1
TR01649,C011,0,3406,37.2
TR01649,C012,3522,6300,38.5
TR01649,C014,447,1482,57.3
TR01649,C014,2665,3560,56.0
TR01649,C014,5621,6988,77.9
TR01649,C015,1057,3919,20.7
TR01649,C017,626,1602,38.9
TR01649,C026,21,844,63.7
TR01649,C026,5224,7071,93.6
TR01649,C050,2643,5154,83.9
TR01650,C015,1590,8082,80.0
TR01650,C021,1832,2240,78.9
TR01650,C021,7468,8595,52.1
TR01650,C036,0,2703,82.3
TR01650,C039,1768,8861,71.8
TR01650,C043,0,4044,35.9
TR01650,C045,0,3015,44.0
TR01650,C046,136,8261,68.4
TR01650,C047,4256,7017,49.7
TR01651,C001,4581,7995,68.6
TR01651,C002,386,4267,38.8
TR01651,C002,5705,7800,93.8
TR01651,C003,589,1156,61.5
TR01651,C003,4932,7414,62.5
TR01651,C008,329,1686,23.5
TR01651,C008,5820,7637,72.1
TR01651,C029,1018,2902,80.4
TR01651,C029,5431,5803,89.2
TR01651,C032,1345,7403,77.6
TR01652,C007,192,1213,61.0
TR01652,C007,1770,2490,36.2
TR01652,C007,3740,4271,79.8
TR01652,C007,5378,6615,97.5
TR01652,C011,499,5091,63.1
TR01652,C015,2079,2413,39.9
TR01652,C019,1862,3625,68.5
TR01652,C028,1431,1670,78.0
TR01652,C031,728,4186,35.9
TR01652,C048,100,6121,94.3
TR01653,C005,1294,3987,99.5
TR01653,C005,4266,7885,89.8
TR01653,C010,1492,6741,78.2
TR01653,C011,0,1101,80.0
TR01653,C016,0,1209,54.7
TR01653,C033,3931,6341,25.0
TR01653,C038,281,682,52.3
TR01653,C038,5338,5791,65.5
TR01653,C040,3196,6772,59.9
TR01654,C004,472,8980,74.6
TR01654,C020,2285,4507,74.5
TR01654,C020,6463,6794,60.6
TR01654,C022,0,1497,36.3
TR01654,C024,3231,7133,47.9
TR01654,C037,2896,6053,57.7
TR01655,C012,797,6649,63.4
TR01655,C027,1007,1903,48.2
TR01655,C027,3910,5835,52.4
TR01655,C030,764,3190,61.9
TR01655,C031,1267,2500,97.8
TR01655,C031,3944,5450,55.6
TR01655,C042,405,5623,95.1
TR01655,C044,263,1293,76.6
TR01655,C045,410,2508,66.8
TR01656,C007,587,2598,23.7
TR01656,C007,5463,8893,86.4
TR01656,C012,0,2986,48.0
TR01656,C017,2284,2914,38.3
TR01656,C017,5337,6582,61.1
TR01656,C020,0,1937,56.1
TR01656,C038,1038,7330,89.6
TR01656,C046,70,1423,77.0
TR01656,C046,4924,6351,40.3
TR01657,C001,85,2309,29.1
TR01657,C001,4320,6749,37.5
TR01657,C020,2448,6420,58.0
TR01657,C022,588,3974,81.4
TR01657,C026,477,2178,21.7
TR01657,C026,5071,7250,76.2
TR01657,C029,825,2380,58.3
TR01657,C029,5569,6112,45.4
TR01658,C017,809,5101,91.2
TR01658,C018,1645,2243,66.0
TR01658,C020,1071,2890,38.0
TR01658,C020,3418,5633,62.2
TR01658,C025,1228,1599,50.9
TR01658,C025,4750,6300,59.9
TR01658,C030,998,2464,69.0
TR01658,C030,3455,4034,35.6
TR01658,C044,44,2837,54.3
TR01658,C044,3506,5395,66.8
TR01658,C046,173,658,71.4
TR01658,C046,1999,2706,93.6
TR01658,C046,3258,3782,55.9
TR01658,C046,5117,5830,41.9
TR01659,C004,359,12994,79.6
TR01659,C021,366,2271,51.4
TR01659,C021,9615,11370,72.4
TR01659,C034,625,3761,84.4
TR01659,C038,0,3519,65.3
TR01659,C050,3057,12942,76.7
TR01660,C005,754,1651,95.8
TR01660,C005,4370,6464,36.2
TR01660,C005,8430,8886,85.7
TR01660,C008,491,9566,76.1
TR01660,C013,2621,4805,88.3
TR01660,C013,7265,7469,35.5
TR01660,C017,3977,5523,64.7
TR01660,C038,2250,3499,75.2
TR01660,C038,7599,10772,85.1
TR01660,C040,970,3772,90.4
TR01660,C040,5814,8229,60.7
TR01660,C044,4391,4694,84.6
TR01660,C047,2367,4819,74.4
TR01660,C047,6201,8473,23.2
TR01661,C022,5428,9123,93.4
TR01661,C025,3782,6504,91.6
TR01661,C025,11763,12142,82.7
TR01661,C027,642,2101,41.2
TR01661,C030,4240,5005,93.9
TR01661,C031,3395,3742,36.9
TR01661,C036,454,14702,89.3
TR01661,C041,4241,7160,52.1
TR01661,C048,1134,4696,53.8
TR01661,C048,10835,13636,22.1
TR01662,C004,408,685,43.8
TR01662,C004,5029,5270,53.2
TR01662,C004,8766,9270,44.3
TR01662,C004,12683,14024,39.9
TR01662,C008,877,2297,60.8
TR01662,C008,9265,10259,34.4
TR01662,C017,270,14078,61.1
TR01662,C025,1455,4338,58.0
TR01662,C025,9616,12135,99.2
TR01662,C032,6046,8816,75.5
TR01662,C040,1395,3776,58.6
TR01662,C040,6325,6545,63.7
TR01662,C040,11301,13048,71.6
TR01662,C045,3597,7379,98.9
TR01662,C045,11589,13011,92.8
TR01662,C048,363,14339,99.4
TR01663,C006,0,4932,59.1
TR01663,C017,770,3755,24.5
TR01663,C017,6805,9883,38.1
TR01663,C018,769,1913,70.2
TR01663,C018,3336,5273,51.1
TR01663,C018,6732,8426,87.7
TR01663,C018,9326,11100,62.5
TR01663,C035,960,10876,85.4
TR01663,C046,2177,4944,43.3
TR01663,C046,8087,9611,62.3
TR01664,C014,1309,1740,82.1
TR01664,C014,9009,10704,94.2
TR01664,C016,0,4550,40.1
TR01664,C025,322,1100,55.2
TR01664,C038,1364,3722,99.1
TR01664,C038,9759,10788,72.7
TR01665,C004,2418,4529,76.3
TR01665,C015,0,1853,64.8
TR01665,C017,1287,2357,45.9
TR01665,C017,3270,4528,77.1
TR01665,C029,510,770,20.8
TR01665,C029,3016,4803,59.4
TR01665,C036,0,628,81.5
TR01665,C041,877,1617,36.6
TR01665,C041,2740,2950,91.2
TR01665,C043,1486,2092,92.6
TR01665,C047,2,266,66.4
TR01665,C047,3186,4808,24.0
TR01666,C001,3680,5249,68.5
TR01666,C001,8421,9092,58.7
TR01666,C006,1602,3538,51.4
TR01666,C011,105,12395,87.0
TR01666,C013,3427,3881,64.2
TR01666,C013,8009,10498,36.7
TR01666,C023,390,2125,86.1
TR01666,C038,493,3771,81.9
TR01666,C040,1274,3492,82.4
TR01666,C040,4128,4734,88.8
TR01666,C040,8956,11412,88.0
TR01666,C040,11661,12294,47.4
TR01666,C042,4470,7292,91.1
TR01667,C007,1714,10515,68.9
TR01667,C008,353,1774,64.5
TR01667,C008,3217,4902,94.6
TR01667,C008,6725,7825,52.9
TR01667,C008,8887,9413,95.5
TR01667,C017,2436,4760,60.7
TR01667,C019,3563,5936,63.8
TR01667,C025,153,3486,76.8
TR01667,C050,1678,10003,78.2
TR01668,C002,0,576,82.0
TR01668,C010,425,1289,57.3
TR01668,C010,3005,4523,44.0
TR01668,C010,6016,6443,38.7
TR01668,C018,333,3898,39.3
TR01668,C018,5650,7313,74.2
TR01668,C020,825,1751,95.1
TR01668,C022,438,1872,64.3
TR01668,C022,5450,5925,76.3
TR01668,C042,1651,3119,23.0
TR01668,C043,1891,5690,96.0
TR01668,C046,0,2593,88.0
TR01669,C003,148,2554,40.7
TR01669,C003,9443,10467,65.1
TR01669,C005,2640,5424,98.0
TR01669,C005,8551,12211,29.9
TR01669,C006,1152,1750,58.3
TR01669,C006,4316,6705,79.5
TR01669,C006,8195,9647,85.9
TR01669,C006,12177,12702,81.3
TR01669,C009,2973,11645,83.0
TR01669,C011,4378,6835,65.1
TR01669,C013,1860,3787,96.1
TR01669,C013,10198,13218,71.2
TR01669,C030,4398,7092,33.5
TR01669,C046,2437,13780,93.6
TR01670,C010,155,2750,31.3
TR01670,C011,1468,3149,99.4
TR01670,C011,4250,7063,95.9
TR01670,C018,572,6492,66.6
TR01670,C027,187,980,92.0
TR01671,C015,0,1891,73.4
TR01671,C028,1100,1671,67.3
TR01671,C028,3909,5313,44.6
TR01671,C034,1652,2905,40.3
TR01671,C034,3569,6399,79.2
TR01671,C036,1199,2407,43.1
TR01671,C036,4605,4883,93.2
TR01671,C045,469,5202,76.6
TR01672,C007,3851,7235,67.7
TR01672,C029,3993,4847,41.8
TR01672,C029,12335,13855,66.7
TR01672,C033,4246,4560,88.9
TR01672,C033,12587,15073,82.5
TR01672,C039,865,14973,95.6
TR01672,C041,2194,5222,63.0
TR01672,C041,9430,10364,69.0
TR01672,C042,4763,7479,34.8
TR01673,C020,1712,2962,98.1
TR01673,C020,5938,6544,30.9
TR01673,C020,11851,12844,40.1
TR01673,C023,953,1273,39.9
TR01673,C023,4968,7299,33.7
TR01673,C023,8921,9718,63.7
TR01673,C023,12602,14264,46.0
TR01673,C033,3205,5915,34.7
TR01673,C037,806,3427,45.3
TR01673,C040,3233,4212,30.8
TR01673,C040,9378,12590,99.2
TR01673,C047,7721,11508,21.8
TR01673,C049,519,1459,50.7
TR01673,C049,9228,11969,37.4
TR01674,C015,4180,6709,34.4
TR01674,C019,132,1484,60.7
TR01674,C019,7063,7590,82.3
TR01674,C024,1098,2298,46.0
TR01674,C024,8001,9365,73.5
TR01674,C029,2891,4443,49.2
TR01674,C029,6130,7671,53.6
TR01674,C040,171,2249,50.6
TR01674,C040,7664,11102,77.8
TR01675,C017,259,2890,88.6
TR01675,C020,821,2516,82.4
TR01675,C020,3398,3719,60.0
TR01675,C037,318,1106,46.4
TR01675,C037,3679,4468,35.9
TR01675,C038,1114,1791,39.7
TR01675,C038,3020,5223,22.9
TR01675,C044,1315,1992,79.8
TR01675,C044,3954,4942,68.8
TR01675,C047,624,2460,41.9
TR01675,C049,352,4892,65.8
TR01676,C009,597,1852,53.0
TR01676,C009,3314,4931,45.4
TR01676,C009,5762,6016,80.7
TR01676,C031,323,2059,55.0
TR01676,C031,2262,4077,55.1
TR01676,C031,4398,5902,57.5
TR01676,C031,6649,7496,44.5
TR01676,C033,456,7230,65.9
TR01676,C038,267,840,54.6
TR01676,C041,0,754,41.0
TR01676,C042,1386,2012,33.7
TR01676,C042,5970,8208,49.5
TR01676,C044,4103,4567,37.1
TR01676,C047,688,2106,97.5
TR01676,C047,5004,6329,55.0
TR01677,C025,1133,2564,31.5
TR01677,C027,786,1833,63.9
TR01677,C028,92,384,49.6
TR01677,C028,2966,4880,51.2
TR01677,C029,379,5137,98.8
TR01677,C032,2103,2885,57.9
TR01677,C041,222,5138,68.5
TR01678,C006,3622,4897,60.7
TR01678,C006,11296,13457,33.1
TR01678,C015,1432,3726,74.6
TR01678,C015,12287,14316,80.9
TR01678,C017,3344,15574,95.0
TR01678,C022,7163,8534,77.5
TR01678,C036,2005,4477,87.6
TR01678,C048,2119,5870,28.1
TR01678,C048,11183,12748,81.3
TR01678,C050,430,1525,30.6
TR01678,C006,4338,9454,78.8
TR01679,C004,1395,3490,92.2
TR01679,C004,9377,12431,88.6
TR01679,C013,1504,3573,58.5
TR01679,C013,6424,8273,92.1
TR01679,C013,12718,13139,56.5
TR01679,C033,7073,7454,98.4
TR01679,C036,197,14022,91.8
TR01679,C037,0,4226,59.6
TR01679,C038,2477,15830,82.9
TR01680,C003,645,2613,69.2
TR01680,C003,7297,7612,66.6
TR01680,C018,3208,4052,98.3
TR01680,C024,908,2826,87.9
TR01680,C024,5665,7486,92.8
TR01680,C024,9167,11624,51.1
TR01680,C032,39,882,77.4
TR01680,C032,4350,5231,65.4
TR01680,C032,7117,8074,42.4
TR01680,C032,10882,12185,43.3
TR01680,C036,2525,3439,91.6
TR01680,C041,2795,5308,52.6
TR01681,C001,1540,2671,99.3
TR01681,C003,1666,11809,83.6
TR01681,C008,2662,3311,76.7
TR01681,C008,8263,9717,75.1
TR01681,C010,5479,7663,75.2
TR01681,C011,1958,10507,77.1
TR01681,C020,4752,7855,93.1
TR01681,C036,1870,2921,29.4
TR01681,C036,8147,8717,91.1
TR01682,C001,0,803,57.8
TR01682,C015,1268,8859,84.4
TR01682,C019,1536,4509,90.3
TR01682,C020,0,3109,77.3
TR01682,C033,2982,4529,66.4
TR01682,C042,4261,7996,78.5
TR01682,C044,1995,8831,66.3
TR01683,C001,397,2138,63.2
TR01683,C001,6709,7523,30.8
TR01683,C009,3147,3554,95.8
TR01683,C015,1457,9721,83.4
TR01683,C019,854,1402,92.7
TR01683,C019,6368,7737,80.8
TR01683,C022,506,10236,76.3
TR01683,C037,826,1348,81.3
TR01683,C037,2623,3388,65.5
TR01683,C037,5603,6284,91.9
TR01683,C037,7941,9375,76.1
TR01683,C041,1706,2583,67.0
TR01683,C041,5460,6697,36.7
TR01683,C048,0,4014,76.2
TR01684,C008,2210,2792,96.3
TR01684,C008,10641,12808,96.3
TR01684,C015,8049,11073,75.3
TR01684,C022,0,6641,22.1
TR01684,C029,2996,6788,33.9
TR01684,C029,12740,14886,42.3
TR01684,C030,2822,5887,36.4
TR01684,C030,9990,11453,28.5
TR01684,C044,2816,5043,72.9
TR01684,C045,12,3120,97.0
TR01684,C045,11495,12079,85.9
TR01684,C048,1921,15814,61.4
TR01685,C008,3155,4934,70.2
TR01685,C013,1128,8003,98.2
TR01685,C014,104,1011,79.6
TR01685,C014,5226,5440,96.5
TR01685,C017,162,3466,23.4
TR01685,C017,5930,7892,82.1
TR01685,C022,712,9406,78.4
TR01686,C013,2325,2960,99.3
TR01686,C015,1335,13407,95.9
TR01686,C016,2004,4438,71.7
TR01686,C016,8721,9347,33.8
TR01686,C017,6890,7314,59.8
TR01686,C020,7328,10333,50.8
TR01686,C035,1184,2630,33.3
TR01686,C045,7036,7717,41.9
TR01686,C046,3663,4264,93.4
TR01687,C007,2011,3244,86.8
TR01687,C011,210,13012,69.5
TR01687,C022,2927,6839,24.0
TR01687,C026,2033,14095,95.8
TR01687,C027,1613,5412,78.7
TR01687,C032,61,2143,78.2
TR01687,C032,8529,9171,58.7
TR01687,C043,6125,8521,56.3
TR01687,C045,3027,5293,50.2
TR01687,C045,7816,9092,46.6
TR01688,C005,2562,5659,22.5
TR01688,C005,9576,10365,75.2
TR01688,C015,550,14124,89.0
TR01688,C029,2934,4026,77.2
TR01688,C041,5607,9005,97.1
TR01688,C047,6181,8843,97.7
TR01688,C048,0,5640,23.7
TR01689,C008,4126,7414,52.5
TR01689,C008,11640,13492,21.9
TR01689,C012,0,7062,82.3
TR01689,C025,930,17651,78.7
TR01689,C030,551,1671,33.3
TR01689,C030,10898,11186,77.4
TR01689,C034,1619,3649,84.5
TR01689,C034,13331,13564,53.2
TR01689,C042,3382,15687,82.6
TR01689,C048,1231,13991,97.1
TR01689,C049,5237,5528,68.1
TR01690,C019,2583,14464,67.4
TR01690,C022,3608,5633,92.8
TR01690,C022,8890,12791,53.7
TR01690,C024,7709,10680,54.3
TR01690,C041,163,2622,93.6
TR01690,C041,4837,5802,40.9
TR01690,C041,8980,9380,72.8
TR01690,C041,13655,14569,53.8
TR01691,C005,195,2863,71.3
TR01691,C005,6723,8561,30.4
TR01691,C007,347,1835,30.1
TR01691,C007,7095,7552,34.1
TR01691,C012,4353,4637,74.2
TR01691,C016,750,1882,67.2
TR01691,C016,6908,7845,57.4
TR01691,C026,1932,4669,95.1
TR01691,C026,5080,5459,29.7
TR01691,C028,0,3437,82.9
TR01691,C029,1374,1714,60.2
TR01691,C029,6206,8821,29.8
TR01691,C042,725,8340,62.5
TR01692,C005,8679,9214,58.4
TR01692,C017,4430,5906,88.4
TR01692,C017,10883,12033,70.8
TR01692,C026,1642,13930,79.0
TR01692,C041,2842,3446,75.4
TR01692,C042,1473,3825,83.5
TR01692,C042,6683,7508,67.3
TR01692,C042,13124,15536,78.2
TR01692,C049,8830,10882,66.7
TR01693,C007,438,1050,61.7
TR01693,C007,4048,5893,96.7
TR01693,C007,8666,9831,48.0
TR01693,C007,12070,14001,79.5
TR01693,C015,2260,4630,74.1
TR01693,C015,10802,13317,35.6
TR01693,C025,0,4770,62.9
TR01693,C043,471,962,53.6
TR01693,C043,9766,10820,96.9
TR01693,C015,0,4515,75.4
TR01694,C005,0,2736,49.7
TR01694,C006,618,2279,98.0
TR01694,C006,3822,4347,30.4
TR01694,C006,7507,8694,42.9
TR01694,C006,10339,12298,75.4
TR01694,C024,567,2363,67.2
TR01694,C024,6624,7499,78.3
TR01694,C035,256,3552,97.3
TR01695,C015,1394,4902,90.1
TR01695,C021,191,523,39.5
TR01695,C021,2541,3133,37.2
TR01695,C021,4312,5977,79.8
TR01695,C023,842,4564,96.9
TR01695,C035,781,2182,59.4
TR01695,C035,3896,4775,41.7
TR01695,C039,467,5247,91.5
TR01695,C040,1119,2509,58.1
TR01695,C040,4210,4990,81.6
TR01695,C050,1064,1566,79.8
TR01695,C050,3208,4749,61.2
TR01696,C019,2533,3167,36.8
TR01696,C019,7600,9515,48.7
TR01696,C021,3271,6084,86.1
TR01696,C030,5241,5617,26.1
TR01696,C039,1273,4652,68.2
TR01696,C039,7227,9011,56.1
TR01696,C045,834,11286,83.2
TR01697,C001,871,2171,80.8
TR01697,C001,4452,4914,92.8
TR01697,C001,7868,9665,78.1
TR01697,C001,11908,12676,82.2
TR01697,C010,48,4023,24.8
TR01697,C010,8469,11943,46.1
TR01697,C015,2656,5027,84.7
TR01697,C015,10310,11934,38.7
TR01697,C025,3120,6533,38.8
TR01697,C025,9807,12452,53.7
TR01697,C045,646,3075,96.0
TR01697,C045,5837,7935,82.1
TR01697,C045,9983,11601,60.5
TR01698,C006,840,3901,44.0
TR01698,C006,6202,8378,43.2
TR01698,C007,561,3401,98.0
TR01698,C007,6713,8429,87.7
TR01698,C009,3189,4799,35.0
TR01698,C034,1823,7757,93.3
TR01699,C004,76,542,87.1
TR01699,C011,207,453,91.2
TR01699,C011,9840,11395,88.7
TR01699,C015,688,1902,41.2
TR01699,C015,6222,7614,55.4
TR01699,C015,13818,14675,39.4
TR01699,C024,2533,4721,59.1
TR01699,C024,13254,16256,74.2
TR01699,C044,908,2071,48.0
TR01699,C044,10291,11451,66.3
TR01699,C049,276,2348,62.4
TR01699,C049,13675,17141,83.8
TR01700,C003,6993,10156,74.5
TR01700,C013,3372,6604,43.6
TR01700,C030,5573,6399,33.2
TR01700,C034,1828,4166,32.1
TR01700,C034,11017,14952,74.7
TR01700,C043,7015,8728,46.2
TR01700,C045,7888,10765,73.6
TR01700,C047,418,2191,32.8
TR01700,C047,4365,4624,99.2
TR01700,C047,9380,9591,65.8
TR01700,C047,12893,15250,57.6
TR01701,C001,2574,3256,92.0
TR01701,C013,604,4067,45.3
TR01701,C017,367,970,54.6
TR01701,C017,3343,5762,68.8
TR01701,C019,0,809,40.1
TR01702,C016,5421,6837,72.5
TR01702,C020,984,1291,57.0
TR01702,C020,7997,10234,30.8
TR01702,C046,2371,2865,26.8
TR01702,C046,8159,10550,84.9
TR01702,C050,1642,1846,27.5
TR01703,C003,1969,3121,52.7
TR01703,C021,7539,10225,22.7
TR01703,C022,3796,4513,50.6
TR01703,C024,1153,3045,96.9
TR01703,C024,5385,6250,34.4
TR01703,C024,10282,12676,91.8
TR01703,C037,485,1586,56.8
TR01703,C037,10022,12358,82.5
TR01703,C041,295,2233,85.6
TR01703,C045,1240,3368,33.1
TR01703,C050,2447,3622,30.4
TR01703,C050,9599,10845,27.7
TR01704,C002,5872,7716,63.8
TR01704,C018,1702,3804,79.0
TR01704,C022,3471,18068,98.3
TR01704,C031,9438,10991,55.3
TR01704,C033,3281,6568,53.9
TR01704,C048,2391,19219,71.2
TR01704,C049,39,2001,65.2
TR01704,C049,13547,16810,61.9
TR01705,C006,1021,3189,32.7
TR01705,C006,5498,7537,80.9
TR01705,C006,9465,11219,58.7
TR01705,C006,15111,16350,95.3
TR01705,C009,1424,2385,83.6
TR01705,C009,9866,10173,44.6
TR01705,C030,7262,8668,82.0
TR01705,C032,5004,6431,59.4
TR01706,C014,36,579,35.8
TR01706,C014,7388,10556,34.6
TR01706,C015,6546,9212,88.4
TR01706,C019,2958,4273,82.2
TR01706,C021,1351,11956,74.1
TR01706,C029,2026,3428,41.6
TR01706,C014,0,5872,72.6
TR01707,C014,6626,9098,77.1
TR01707,C016,690,12433,89.5
TR01707,C017,7123,10195,32.8
TR01707,C024,0,2110,47.9
TR01707,C028,1614,2970,41.3
TR01707,C028,7379,7908,50.5
TR01707,C043,174,2376,66.0
TR01707,C043,4549,6582,92.0
TR01707,C043,8082,9871,37.0
TR01707,C043,12143,13063,92.2
TR01707,C050,0,5021,54.5
TR01708,C004,619,828,54.5
TR01708,C004,3274,5379,82.8
TR01708,C014,2211,2823,73.1
TR01708,C023,2621,3634,70.9
TR01708,C037,824,2507,66.9
TR01708,C037,3391,4125,56.4
TR01708,C038,1582,4280,42.9
TR01708,C042,948,1587,47.6
TR01708,C042,4417,5997,23.2
TR01708,C049,426,1102,84.7
TR01708,C049,1779,2356,99.1
TR01708,C049,3452,3863,70.5
TR01708,C049,4664,5708,39.1
TR01709,C010,2241,4295,38.5
TR01709,C010,4699,6679,68.2
TR01709,C026,3567,6737,26.0
TR01709,C034,161,1698,37.4
TR01709,C034,5091,6465,78.6
TR01709,C039,3919,6865,44.1
TR01709,C042,1730,3294,55.6
TR01709,C042,7034,9124,33.2
TR01709,C045,2088,5540,68.0
TR01710,C001,2964,6232,45.5
TR01710,C001,10511,11910,86.8
TR01710,C010,620,15702,95.9
TR01710,C012,30,13573,73.4
TR01710,C016,4090,6967,72.6
TR01710,C021,3824,6166,28.6
TR01710,C021,8747,10504,44.8
TR01710,C025,3661,4718,67.9
TR01710,C047,632,15371,86.1
TR01711,C013,1539,2581,56.7
TR01711,C013,8436,9304,52.7
TR01711,C013,13819,15286,34.0
TR01711,C023,9190,12956,54.5
TR01711,C030,3454,4421,48.2
TR01711,C030,11990,12690,46.8
TR01711,C038,4281,6519,64.1
TR01711,C040,1918,3941,99.8
TR01711,C043,2938,5263,94.9
TR01711,C043,12930,14208,93.9
TR01711,C044,436,2997,76.4
TR01711,C044,11181,11958,62.8
TR01712,C010,6521,10307,41.8
TR01712,C038,0,2718,20.9
TR01712,C047,1244,16030,78.6
TR01712,C049,209,17019,77.8
TR01713,C004,3711,6606,96.6
TR01713,C004,9803,10427,80.6
TR01713,C016,3235,5625,82.4
TR01713,C016,10388,12260,31.1
TR01713,C032,847,3326,63.2
TR01713,C032,11820,14287,28.9
TR01713,C042,7011,10685,91.0
TR01714,C022,1347,2122,77.7
TR01714,C029,1703,5397,51.5
TR01714,C029,11527,12641,53.0
TR01714,C031,4252,5692,74.5
TR01714,C050,3257,4452,29.9
TR01714,C050,10502,11016,76.0
TR01715,C011,655,2588,54.1
TR01715,C011,3797,5402,28.4
TR01715,C019,0,1884,56.8
TR01715,C021,2126,4456,53.5
TR01715,C044,237,911,56.5
TR01715,C044,3531,4218,21.7
TR01715,C050,1135,5655,75.2
TR01716,C004,558,782,80.2
TR01716,C004,3257,3701,80.6
TR01716,C004,6765,7368,63.7
TR01716,C005,156,2695,83.6
TR01716,C005,4791,5705,58.1
TR01716,C010,0,636,84.5
TR01716,C011,736,4235,62.2
TR01716,C011,6097,7225,20.0
TR01716,C027,2698,3418,21.5
TR01716,C036,67,8380,65.5
TR01716,C047,548,3009,93.9
TR01716,C047,3237,4526,53.2
TR01716,C047,6818,7165,78.9
TR01717,C015,4010,4449,81.0
TR01717,C019,2143,12136,65.4
TR01717,C020,369,1822,26.3
TR01717,C021,643,2285,37.2
TR01717,C021,8455,9071,53.6
TR01717,C023,4580,6642,65.9
TR01717,C032,2354,3400,44.9
TR01717,C042,1538,10365,73.8
TR01717,C048,3047,3446,42.2
TR01717,C048,9117,9344,76.4
TR01718,C002,1494,5038,95.1
TR01718,C008,134,4176,67.4
TR01718,C011,0,1031,87.9
TR01718,C020,727,1783,30.4
TR01718,C020,3305,3790,93.2
TR01718,C022,1215,2192,73.4
TR01718,C022,3789,5155,94.1
TR01718,C044,0,2127,42.1
TR01718,C050,2527,4642,42.5
TR01719,C014,2398,4034,46.5
TR01719,C019,1156,1371,72.6
TR01719,C019,10982,13613,92.2
TR01719,C020,845,1179,43.9
TR01719,C020,7202,9213,46.7
TR01719,C020,12368,14604,35.8
TR01719,C022,2043,16464,97.0
TR01719,C023,2349,5449,49.6
TR01719,C023,13397,17084,71.8
TR01719,C029,3534,4294,92.0
TR01719,C029,9787,13291,95.0
TR01719,C047,3844,6861,61.4
TR01719,C047,11021,12844,61.8
TR01720,C009,1477,3934,43.8
TR01720,C009,5438,9044,80.4
TR01720,C014,677,2295,81.8
TR01720,C014,3769,5061,56.3
TR01720,C014,7109,8993,35.3
TR01720,C024,556,1927,93.0
TR01720,C024,6012,7547,98.2
TR01720,C026,2597,4127,27.4
TR01720,C026,7518,9492,20.2
TR01720,C028,1596,2226,92.9
TR01720,C028,7834,8898,97.1
TR01720,C039,708,1605,38.0
TR01720,C039,6370,6790,55.0
TR01720,C044,569,1098,92.7
TR01720,C045,76,1994,27.5
TR01721,C019,0,4950,22.4
TR01721,C023,358,2806,67.4
TR01721,C023,4053,5515,81.5
TR01721,C023,8125,8617,34.0
TR01721,C027,1740,3773,68.9
TR01721,C027,6243,9988,64.9
TR01721,C030,2517,3085,59.0
TR01721,C030,6530,7996,93.2
TR01721,C032,305,899,77.7
TR01721,C040,835,2344,31.1
TR01721,C040,3153,3572,50.6
TR01721,C040,5854,7970,34.8
TR01721,C040,8268,10134,79.9
TR01721,C041,1916,2557,25.4
TR01721,C041,7077,9979,39.5
TR01721,C048,1522,9002,99.9
TR01722,C001,92,8706,96.3
TR01722,C007,0,1334,51.1
TR01722,C009,0,3422,41.6
TR01722,C017,1766,3170,65.7
TR01722,C043,590,3302,73.0
TR01722,C043,5889,7163,99.5
TR01723,C004,0,3376,42.2
TR01723,C010,191,1743,94.8
TR01723,C010,5185,6506,82.7
TR01723,C027,3586,4088,65.7
TR01723,C037,215,3208,52.6
TR01723,C038,748,2006,89.5
TR01723,C038,3186,4086,41.0
TR01723,C038,5067,5300,68.1
TR01723,C038,7499,9607,72.6
TR01723,C041,235,2860,98.2
TR01723,C041,6168,8713,67.6
TR01724,C008,0,1503,64.8
TR01724,C030,68,3434,58.3
TR01724,C043,2216,3530,62.3
TR01724,C043,7256,8082,90.7
TR01724,C050,1406,4819,57.9
TR01725,C002,2354,3994,25.3
TR01725,C003,1135,2697,37.1
TR01725,C003,5081,6491,65.2
TR01725,C012,1359,3561,39.8
TR01725,C012,4243,6024,36.4
TR01725,C027,947,4599,88.5
TR01725,C028,1116,6688,99.8
TR01726,C022,166,3376,61.9
TR01726,C022,11342,13502,62.2
TR01726,C031,1819,4222,86.3
TR01726,C031,8519,9237,81.3
TR01726,C036,2555,6453,61.3
TR01726,C037,6715,8731,79.5
TR01726,C039,0,3453,24.0
TR01726,C040,369,2384,35.4
TR01726,C040,12613,13542,93.5
TR01726,C043,59,686,27.4
TR01727,C021,2829,5548,48.5
TR01727,C029,1390,2789,35.8
TR01727,C029,4019,5735,21.4
TR01727,C030,17,7541,61.4
TR01727,C048,1817,3395,54.4
TR01727,C048,5772,6202,21.8
TR01728,C010,709,4641,67.6
TR01728,C013,2310,2943,68.5
TR01728,C033,487,4381,63.4
TR01728,C034,2476,4613,99.8
TR01728,C034,6205,9668,95.9
TR01728,C036,1637,4439,39.1
TR01728,C042,372,2374,59.9
TR01728,C042,4094,4980,46.1
TR01728,C042,7782,9621,99.8
TR01729,C003,591,1304,81.2
TR01729,C009,520,1734,57.4
TR01729,C009,2988,3687,51.1
TR01729,C009,5885,6602,62.7
TR01729,C009,8782,10666,61.5
TR01729,C016,2376,3261,65.9
TR01729,C016,6315,8149,60.4
TR01729,C040,309,10540,70.8
TR01729,C042,0,3551,84.2
TR01730,C001,1727,3258,21.3
TR01730,C001,8870,9177,85.2
TR01730,C003,2247,4652,33.8
TR01730,C004,644,2747,68.1
TR01730,C004,4248,5879,46.1
TR01730,C004,7577,8798,73.6
TR01730,C004,12223,14687,32.6
TR01730,C006,1850,3398,98.5
TR01730,C006,8018,11760,46.8
TR01730,C016,0,6254,73.7
TR01730,C046,2017,3777,45.8
TR01731,C011,3549,6026,98.3
TR01731,C021,2769,3143,28.2
TR01731,C022,678,6966,74.6
TR01731,C031,1777,4598,92.7
TR01732,C002,286,762,33.9
TR01732,C002,5695,7253,79.3
TR01732,C003,8,732,81.3
TR01732,C017,2315,4353,81.7
TR01732,C021,636,7628,94.5
TR01732,C026,2835,5262,21.6
TR01732,C036,724,2133,91.6
TR01732,C036,2896,4420,64.1
TR01732,C036,5601,6538,89.8
TR01732,C036,8000,8365,76.7
TR01732,C037,60,3530,62.1
TR01732,C044,2957,5653,93.2
TR01733,C016,2826,3160,57.1
TR01733,C021,4961,8782,31.1
TR01733,C036,5503,8192,96.4
TR01733,C045,0,6731,42.6
TR01734,C005,1379,1969,26.3
TR01734,C005,3763,4715,44.0
TR01734,C013,92,2492,99.7
TR01734,C013,3655,5732,90.2
TR01734,C017,860,1283,27.2
TR01734,C031,984,1463,91.0
TR01734,C031,3307,5108,44.8
TR01734,C036,2204,3245,66.2
TR01734,C041,12,2044,56.4
TR01734,C047,1856,5074,90.1
TR01735,C015,0,4310,42.7
TR01735,C018,443,2802,80.4
TR01735,C028,971,1246,60.5
TR01735,C028,7657,9565,36.8
TR01735,C035,5476,9103,65.1
TR01735,C038,2671,5661,61.5
TR01735,C038,9561,9971,47.1
TR01735,C049,2504,6240,24.3
TR01735,C049,6637,7995,76.1
TR01735,C050,630,2163,73.9
TR01736,C005,3012,14887,69.7
TR01736,C010,1416,1974,51.2
TR01736,C010,9801,10176,55.5
TR01736,C023,555,12256,72.0
TR01736,C032,1783,4687,43.1
TR01736,C032,11402,14788,79.8
TR01736,C033,3133,3926,75.7
TR01736,C048,554,3670,93.5
TR01737,C019,2033,3629,50.3
TR01737,C019,10112,10312,62.7
TR01737,C024,894,14068,76.2
TR01737,C030,920,2223,97.4
TR01737,C030,9101,11895,60.3
TR01737,C034,3845,5495,37.2
TR01737,C034,10058,10812,68.2
TR01737,C040,7208,9025,43.7
TR01737,C043,1555,14850,72.3
TR01737,C044,525,13759,71.0
TR01737,C048,3378,4593,37.6
TR01737,C048,8705,9124,89.6
TR01738,C002,1061,3263,58.1
TR01738,C002,7460,10183,23.2
TR01738,C004,2282,4456,52.2
TR01738,C004,7009,8755,93.1
TR01738,C009,538,2118,43.4
TR01738,C009,3242,4773,94.2
TR01738,C009,5884,6798,88.5
TR01738,C009,8535,8919,94.1
TR01738,C026,5088,8331,89.8
TR01738,C032,3474,6784,96.6
TR01738,C050,816,2020,35.5
TR01738,C050,6246,8573,59.0
TR01739,C006,2766,14839,73.2
TR01739,C025,164,3961,82.7
TR01739,C025,9980,10405,29.8
TR01739,C029,2699,13033,60.3
TR01739,C030,994,1600,29.8
TR01739,C033,3987,5192,76.0
TR01739,C038,1943,3679,70.1
TR01739,C038,9740,10407,62.1
TR01740,C004,3331,7127,94.0
TR01740,C006,1042,10588,86.8
TR01740,C017,682,941,38.4
TR01740,C017,2963,4801,39.9
TR01740,C017,5913,7899,74.5
TR01740,C017,8892,9766,46.3
TR01740,C028,0,2611,37.6
TR01740,C029,502,2734,53.2
TR01740,C029,5411,5730,83.4
TR01740,C035,1852,3111,63.2
TR01740,C035,6260,8675,62.9
TR01740,C038,2246,2712,85.4
TR01741,C002,1050,2709,97.2
TR01741,C014,268,1357,26.8
TR01741,C014,12031,13434,90.6
TR01741,C018,2737,3441,74.8
TR01741,C018,11160,12058,52.2
TR01741,C021,19,973,97.0
TR01741,C021,12526,13499,35.8
TR01741,C023,624,1225,74.2
TR01741,C023,6367,7847,54.2
TR01741,C023,12674,14609,30.6
TR01741,C041,2571,4711,69.0
TR01741,C041,10124,11723,78.9
TR01741,C046,8332,9002,59.5
TR01741,C047,842,3881,90.6
TR01742,C003,3002,6108,84.1
TR01742,C014,1408,2366,82.8
TR01742,C014,5115,6979,43.5
TR01742,C014,10763,11464,39.8
TR01742,C022,4979,8891,64.7
TR01742,C025,7019,10924,78.4
TR01742,C030,754,11094,64.3
TR01742,C032,0,5816,29.8
TR01742,C041,2639,14309,60.2
TR01742,C044,6112,9207,93.5
TR01743,C001,680,13470,67.7
TR01743,C008,767,4271,51.8
TR01743,C008,8594,10012,57.2
TR01743,C017,2814,4833,56.8
TR01743,C017,7762,11443,80.8
TR01743,C034,707,12085,66.1
TR01744,C011,1740,9223,66.7
TR01744,C017,747,2878,71.7
TR01744,C017,4784,5733,89.6
TR01744,C017,8127,8779,52.7
TR01744,C025,1112,4512,33.6
TR01744,C040,0,2169,68.2
TR01744,C043,1319,4801,72.6
TR01745,C004,733,1893,96.5
TR01745,C004,4375,5399,92.4
TR01745,C010,650,1764,46.5
TR01745,C010,2862,3335,62.4
TR01745,C010,4954,6277,77.0
TR01745,C022,312,1704,65.7
TR01745,C022,2248,3649,30.9
TR01745,C022,4375,6382,69.5
TR01745,C023,1540,2222,30.7
TR01745,C023,4759,5370,62.8
TR01745,C030,684,1065,42.2
TR01745,C030,3673,6324,61.4
TR01745,C032,342,2764,64.0
TR01745,C048,476,801,70.0
TR01745,C048,4597,6261,80.9
TR01746,C006,1847,3691,56.4
TR01746,C006,4973,5200,65.1
TR01746,C008,0,1569,53.9
TR01746,C010,0,2578,36.8
TR01746,C018,1461,2989,36.6
TR01746,C018,5846,6609,54.1
TR01746,C043,1530,7469,98.7
TR01746,C048,4308,7315,51.5
TR01747,C001,986,2618,66.1
TR01747,C001,7827,9938,78.9
TR01747,C014,1955,8455,89.3
TR01747,C016,367,9083,80.5
TR01747,C028,1992,9057,92.1
TR01747,C031,1232,10351,93.0
TR01747,C037,473,1688,67.2
TR01747,C037,3070,3816,86.8
TR01747,C037,6090,8321,82.4
TR01747,C037,8826,9535,80.0
TR01747,C044,433,2458,46.3
TR01747,C044,5663,7910,36.3
TR01748,C012,479,3784,38.5
TR01748,C012,5753,7272,92.4
TR01748,C021,2604,4351,87.8
TR01748,C021,5733,9574,98.5
TR01748,C022,1214,4372,87.0
TR01748,C023,2459,2699,25.9
TR01748,C030,1050,3925,62.6
TR01748,C030,5701,9018,56.2
TR01748,C043,1441,3217,96.8
TR01748,C043,8258,10980,60.8
TR01748,C045,0,3580,67.4
TR01748,C048,52,10254,60.0
TR01749,C012,2371,3711,97.9
TR01749,C016,934,3830,78.4
TR01749,C016,4944,6524,57.7
TR01749,C017,217,7432,98.7
TR01749,C023,635,1466,85.3
TR01749,C023,5000,5500,30.1
TR01749,C026,3641,4712,80.2
TR01749,C036,688,2353,47.6
TR01749,C036,4850,6597,77.8
TR01749,C046,1329,6930,74.4
TR01749,C048,1571,2820,99.3
TR01749,C048,4865,6172,78.6
TR01750,C002,2482,13631,69.3
TR01750,C004,92,4027,25.1
TR01750,C004,9155,12678,98.7
TR01750,C012,6639,10215,80.3
TR01750,C049,1163,14701,81.1
TR01751,C009,1130,2158,69.7
TR01751,C009,3765,4569,76.0
TR01751,C017,1199,1971,27.9
TR01751,C017,3572,4384,55.7
TR01751,C030,150,3827,71.0
TR01751,C037,1122,1849,29.5
TR01751,C037,2768,3333,34.1
TR01751,C050,438,4548,94.6
TR01752,C012,227,2358,56.7
TR01752,C012,6247,7467,91.8
TR01752,C015,50,3310,35.7
TR01752,C015,7973,10618,68.8
TR01752,C025,2503,4208,50.0
TR01752,C048,0,2209,67.3
TR01752,C049,563,1381,90.9
TR01752,C049,8202,9074,56.6
TR01753,C009,3116,6859,69.8
TR01753,C009,8782,12724,49.3
TR01753,C026,1451,5049,39.6
TR01753,C035,3749,5004,36.3
TR01753,C036,3669,7417,72.7
TR01753,C036,11234,12206,73.7
TR01753,C040,2586,4312,66.0
TR01754,C005,2159,4958,90.9
TR01754,C005,6155,7111,32.0
TR01754,C019,1397,1991,21.2
TR01754,C019,8378,10110,21.8
TR01754,C029,2111,2391,69.2
TR01754,C029,7565,8896,67.5
TR01754,C045,4924,6212,54.7
TR01755,C002,0,4589,27.1
TR01755,C005,4658,5843,37.3
TR01755,C006,0,4148,30.7
TR01755,C019,4529,7376,44.6
TR01755,C005,7025,14749,82.6
TR01756,C006,1061,2952,63.1
TR01756,C006,13908,14174,28.8
TR01756,C016,385,2294,42.0
TR01756,C016,7285,8679,91.5
TR01756,C016,15035,17354,42.4
TR01756,C022,425,2275,48.6
TR01756,C022,6163,7253,51.4
TR01756,C022,10214,11758,81.2
TR01756,C022,14871,15504,97.5
TR01756,C030,4914,6125,55.2
TR01756,C030,12750,14762,88.6
TR01756,C032,4379,8065,49.8
TR01756,C032,13931,17616,68.4
TR01757,C026,3395,6375,28.6
TR01757,C037,161,4070,79.0
TR01757,C037,11386,13484,90.6
TR01757,C039,7242,7628,55.3
TR01757,C040,684,3847,43.7
TR01757,C040,9229,11870,69.7
TR01758,C015,207,972,87.9
TR01758,C015,8293,8726,52.3
TR01758,C029,4455,7592,46.9
TR01758,C039,6284,10140,46.3
TR01758,C046,615,3908,81.6
TR01758,C046,9139,10643,22.0
TR01759,C007,651,1683,71.6
TR01759,C007,11983,14472,67.8
TR01759,C025,1270,1569,62.9
TR01759,C025,9926,12861,27.7
TR01759,C038,1832,5603,33.7
TR01759,C038,13429,16208,21.4
TR01759,C040,7465,10496,29.4
TR01759,C046,193,14034,96.9
TR01760,C001,5233,8425,61.5
TR01760,C008,2530,5370,88.0
TR01760,C009,788,14590,65.0
TR01760,C026,4359,6438,20.8
TR01760,C027,505,11928,90.3
TR01760,C042,1726,12306,83.9
TR01761,C002,173,706,63.5
TR01761,C002,4305,5740,45.1
TR01761,C002,7399,8362,85.0
TR01761,C015,0,2262,83.5
TR01761,C022,1781,3945,83.9
TR01761,C046,2411,4767,47.2
TR01761,C046,5966,6994,28.5
TR01761,C022,6655,10440,65.5
TR01762,C013,1106,3211,43.5
TR01762,C013,5889,7209,87.2
TR01762,C020,2056,3912,29.0
TR01762,C020,5209,7767,91.0
TR01762,C024,2466,5648,57.2
TR01762,C038,1706,2334,60.8
TR01762,C038,5478,5765,35.9
TR01763,C012,3274,4445,57.1
TR01763,C012,12044,13901,36.0
TR01763,C014,1199,18135,65.5
TR01763,C023,6114,8184,99.6
TR01763,C025,317,17058,82.9
TR01763,C043,0,1508,75.9
TR01763,C045,704,1014,75.6
TR01763,C045,6069,8401,77.5
TR01763,C045,9983,11644,90.3
TR01763,C045,13918,14472,35.8
TR01763,C048,1887,3324,66.2
TR01763,C048,10645,12621,67.0
TR01764,C005,831,3269,68.8
TR01764,C005,4434,6590,61.4
TR01764,C010,91,1120,23.6
TR01764,C012,1395,4756,94.2
TR01764,C014,1087,2572,20.9
TR01764,C014,4810,7295,33.4
TR01764,C038,211,3337,84.6
TR01764,C038,5029,6853,93.6
TR01764,C043,1930,3777,81.1
TR01764,C048,1054,4060,97.3
TR01764,C050,1944,3167,63.7
TR01764,C050,6112,7563,68.3
TR01765,C005,621,1058,62.7
TR01765,C005,6257,6966,55.1
TR01765,C005,10491,10820,71.4
TR01765,C014,1137,13437,69.9
TR01765,C019,0,1032,24.4
TR01765,C024,1664,4728,80.0
TR01765,C024,9898,11599,28.5
TR01765,C032,968,1428,39.5
TR01765,C032,7938,9899,38.3
TR01765,C049,800,3093,81.9
TR01765,C049,3993,4945,87.4
TR01765,C049,8252,8565,87.2
TR01765,C049,11562,12985,75.2
TR01765,C014,325,5342,61.4
TR01766,C008,3159,5263,50.5
TR01766,C017,502,3664,52.0
TR01766,C022,291,1198,53.5
TR01766,C022,2282,4162,64.7
TR01766,C022,4276,6132,63.4
TR01766,C025,58,699,74.1
TR01766,C027,942,5561,67.6
TR01766,C037,2453,5237,68.2
TR01766,C040,678,2684,33.2
TR01766,C040,4225,5894,60.8
TR01767,C013,370,14491,83.4
TR01767,C016,2953,4787,51.9
TR01767,C016,8412,10749,94.9
TR01767,C023,2851,4524,79.0
TR01767,C023,10604,14391,60.6
TR01767,C027,1127,1952,67.9
TR01767,C027,10681,11897,58.3
TR01767,C043,5525,8908,33.5
TR01768,C006,4140,7817,99.0
TR01768,C010,0,7812,81.4
TR01768,C012,3737,4100,61.4
TR01768,C012,9150,10703,66.2
TR01768,C014,1466,2018,40.6
TR01768,C014,7973,10050,57.9
TR01768,C020,2483,6224,24.8
TR01768,C020,9578,10253,39.3
TR01768,C025,2787,4530,99.0
TR01768,C025,10713,12934,94.3
TR01768,C026,6830,9727,24.1
TR01768,C035,7807,10822,94.0
TR01769,C015,3058,4194,52.2
TR01769,C015,8222,8965,57.6
TR01769,C016,904,1916,95.4
TR01769,C016,4222,6326,53.6
TR01769,C016,9339,11260,67.0
TR01769,C016,12868,15231,54.3
TR01769,C022,405,2441,91.8
TR01769,C022,9666,12022,78.9
TR01769,C024,1239,2151,92.0
TR01769,C024,10366,12537,76.3
TR01769,C026,2857,6817,40.7
TR01769,C041,0,1733,56.4
TR01770,C016,1801,4090,81.8
TR01770,C023,1638,3537,81.5
TR01770,C023,4366,5013,53.8
TR01770,C024,71,453,27.4
TR01770,C024,4190,6416,68.4
TR01770,C044,1211,4098,39.4
TR01771,C005,5370,9191,94.1
TR01771,C006,3820,6871,87.2
TR01771,C012,263,1903,26.4
TR01771,C012,8152,8550,94.1
TR01771,C030,1559,3617,51.6
TR01771,C030,6209,8251,74.9
TR01771,C039,1687,5286,58.4
TR01771,C039,7551,9871,28.7
TR01771,C043,458,11884,61.1
TR01771,C045,78,1141,45.5
TR01771,C045,3197,4879,33.0
TR01771,C045,6705,8301,79.7
TR01771,C045,9690,10254,94.4
TR01772,C004,9771,13650,26.7
TR01772,C009,1414,3335,55.7
TR01772,C016,2126,5646,29.9
TR01772,C016,10666,14319,99.3
TR01772,C024,805,14877,81.9
TR01772,C028,665,976,37.0
TR01772,C028,11335,13191,67.6
TR01772,C030,9288,12350,76.5
TR01772,C036,1531,3223,41.8
TR01772,C050,2065,4359,75.5
TR01772,C050,8068,10288,65.5
TR01772,C050,15031,16884,71.6
TR01773,C005,4382,5350,26.7
TR01773,C005,11876,13729,33.6
TR01773,C019,5071,5350,53.0
TR01773,C031,9370,12128,85.8
TR01773,C045,0,3882,34.8
TR01774,C016,462,2959,28.9
TR01774,C016,5133,5771,72.1
TR01774,C022,2457,5797,93.4
TR01774,C045,1107,6571,87.3
TR01774,C049,567,813,99.7
TR01774,C049,2228,2748,72.0
TR01774,C049,3996,4957,81.9
TR01774,C049,5777,6162,45.0
TR01775,C004,1710,5437,27.7
TR01775,C011,4255,7703,95.5
TR01775,C042,4572,6814,56.8
TR01775,C050,4459,7186,87.5
TR01776,C016,2861,3357,26.8
TR01776,C019,3926,6975,33.7
TR01776,C036,1871,2409,95.2
TR01776,C036,7958,8445,73.9
TR01776,C040,828,1301,28.3
TR01776,C040,8800,12768,76.5
TR01776,C047,2345,4454,51.6
TR01776,C047,7088,10027,28.9
TR01776,C048,168,12068,72.8
TR01776,C050,2357,5717,75.4
TR01776,C050,7412,8476,61.5
TR01777,C007,3055,6804,85.7
TR01777,C012,1443,1980,70.9
TR01777,C012,7353,10963,75.2
TR01777,C015,2408,2652,29.1
TR01777,C015,6714,8684,34.4
TR01777,C033,622,9748,86.5
TR01777,C050,1920,11187,99.1
TR01778,C003,1206,4082,69.8
TR01778,C005,2857,5489,55.6
TR01778,C022,379,1174,29.4
TR01778,C022,4974,5941,89.2
TR01778,C023,0,2232,57.4
TR01778,C035,159,878,72.8
TR01778,C035,2596,4210,94.3
TR01778,C035,4679,4993,33.7
TR01778,C038,742,1532,98.4
TR01778,C038,3874,4653,98.0
TR01778,C050,761,1759,36.2
TR01778,C050,4683,6389,92.5
TR01779,C001,772,3005,90.0
TR01779,C001,11807,13669,50.1
TR01779,C004,2695,17823,77.0
TR01779,C008,359,1332,99.1
TR01779,C013,1839,3073,45.0
TR01779,C013,13428,14127,68.6
TR01779,C032,887,16025,85.2
TR01779,C041,3433,4752,88.8
TR01779,C049,3301,4073,34.1
TR01780,C010,539,5598,64.0
TR01780,C014,1740,3901,65.1
TR01780,C023,720,6071,88.4
TR01780,C029,1145,2139,73.8
TR01780,C045,905,1619,49.5
TR01780,C045,3762,5500,76.2
TR01781,C004,3854,7091,97.6
TR01781,C010,174,1725,54.3
TR01781,C010,7655,9315,96.1
TR01781,C025,1712,11881,79.7
TR01781,C028,1191,4699,22.7
TR01781,C028,8429,12403,80.7
TR01782,C009,3741,6151,77.4
TR01782,C009,10131,11249,39.9
TR01782,C010,221,845,94.1
TR01782,C010,11485,12303,20.5
TR01782,C016,614,14277,66.2
TR01782,C020,3000,12989,62.0
TR01782,C021,4653,4860,57.1
TR01782,C032,5517,7154,71.0
TR01783,C030,220,1393,59.9
TR01783,C030,1999,3328,100.0
TR01783,C030,3408,4411,41.7
TR01783,C030,5119,6415,49.8
TR01783,C035,0,2913,47.2
TR01783,C038,88,5640,98.7
TR01783,C046,402,3581,33.2
TR01784,C009,36,961,56.4
TR01784,C009,2580,3213,84.0
TR01784,C009,4111,4969,51.0
TR01784,C013,495,709,69.9
TR01784,C013,2539,2975,61.8
TR01784,C013,4181,5029,88.2
TR01784,C016,36,1276,61.7
TR01784,C016,3215,4793,82.8
TR01784,C032,611,1034,35.4
TR01784,C034,9,1864,53.4
TR01784,C034,3187,4334,99.3
TR01784,C035,1127,1779,25.0
TR01784,C042,931,2024,98.4
TR01784,C042,3045,4204,88.0
TR01784,C044,67,624,90.4
TR01784,C044,3918,4375,81.9
TR01785,C003,1327,2530,37.4
TR01785,C003,7603,8721,76.0
TR01785,C003,12570,13009,77.4
TR01785,C015,295,2201,38.8
TR01785,C015,11502,13243,70.8
TR01785,C020,5643,6715,32.8
TR01785,C029,1019,15600,91.0
TR01785,C045,6369,9352,43.6
TR01785,C049,3306,16188,65.8
TR01786,C008,3503,5629,35.9
TR01786,C008,14636,18573,21.6
TR01786,C015,112,2477,98.6
TR01786,C016,1800,5057,53.1
TR01786,C016,10010,13456,75.9
TR01786,C027,6437,9720,31.9
TR01786,C035,987,2151,50.3
TR01786,C035,10553,13271,54.0
TR01786,C046,159,732,85.9
TR01786,C046,12804,16757,67.1
TR01787,C020,7015,9909,86.1
TR01787,C026,0,9024,77.3
TR01787,C034,4025,7914,95.4
TR01787,C050,2861,4262,88.3
TR01788,C002,0,3588,27.7
TR01788,C011,5382,9232,49.1
TR01788,C039,2806,3361,48.0
TR01788,C039,10377,13892,77.9
TR01788,C046,2721,13313,72.9
TR01789,C006,2457,4243,45.6
TR01789,C031,3223,4437,64.6
TR01789,C038,4232,6616,86.9
TR01789,C043,0,5249,54.0
TR01789,C050,154,13984,100.0
TR01790,C002,6887,8152,96.5
TR01790,C013,449,1357,77.5
TR01790,C013,7283,9168,34.5
TR01790,C013,14665,15443,91.8
TR01790,C021,4151,5521,30.9
TR01790,C021,10283,13526,24.9
TR01790,C023,2881,5745,82.8
TR01790,C023,14058,14496,48.0
TR01790,C028,450,1438,92.2
TR01790,C028,10142,10924,83.9
TR01790,C037,8291,8581,81.1
TR01790,C002,6995,16713,63.9
TR01791,C007,3195,6068,60.2
TR01791,C007,13374,15512,99.4
TR01791,C008,1914,16790,84.4
TR01791,C012,1303,4212,64.2
TR01791,C016,636,1272,20.9
TR01791,C016,11086,12971,39.5
TR01791,C020,0,5677,40.1
TR01791,C033,3065,6945,26.9
TR01791,C033,12702,13496,22.9
TR01791,C044,6076,6623,82.8
TR01792,C003,785,2843,38.4
TR01792,C003,9698,11499,96.5
TR01792,C004,1115,2408,96.7
TR01792,C004,5889,7601,35.5
TR01792,C004,9626,10071,87.9
TR01792,C012,1277,11059,92.3
TR01792,C029,2428,10602,69.9
TR01792,C030,2360,3855,33.7
TR01792,C030,8577,8808,83.1
TR01792,C040,2098,2488,97.7
TR01792,C040,6800,7173,64.8
TR01792,C044,111,1563,85.7
TR01792,C044,3477,4692,51.0
TR01792,C044,7643,7974,82.8
TR01792,C044,10450,12144,52.8
TR01793,C002,261,1440,34.0
TR01793,C002,2227,3868,70.3
TR01793,C002,4657,5197,68.4
TR01793,C018,214,2992,98.9
TR01793,C018,4461,5692,40.5
TR01793,C036,400,5967,69.5
TR01793,C043,2293,5336,86.6
TR01794,C032,1202,1673,71.9
TR01794,C032,3492,4606,57.4
TR01794,C040,705,1331,85.8
TR01794,C042,1272,1673,98.8
TR01794,C043,1428,2268,69.2
TR01794,C043,4290,4686,94.7
TR01794,C044,1213,2837,66.2
TR01794,C044,4419,6182,21.6
TR01794,C045,400,1553,74.8
TR01794,C045,2251,2885,49.0
TR01794,C045,4554,5300,57.8
TR01794,C050,227,507,90.4
TR01794,C050,1957,2878,33.1
TR01794,C050,3428,3827,45.1
TR01794,C050,5091,5929,71.5
TR01795,C005,785,3668,54.8
TR01795,C005,7422,11366,64.4
TR01795,C014,935,4895,57.6
TR01795,C018,275,9892,90.3
TR01795,C034,0,4550,64.3
TR01796,C004,3167,3425,42.3
TR01796,C006,3847,7190,87.4
TR01796,C014,801,4269,51.3
TR01796,C014,9700,12031,79.3
TR01796,C025,1585,3940,51.2
TR01796,C025,6490,6830,47.3
TR01796,C025,11052,12222,86.2
TR01796,C031,3558,4764,26.4
TR01796,C049,528,3778,94.1
TR01797,C002,1262,4831,52.5
TR01797,C002,9381,10138,47.7
TR01797,C014,1422,5366,20.7
TR01797,C014,10366,12498,80.9
TR01797,C027,748,3003,86.0
TR01797,C027,10710,13521,51.2
TR01797,C032,3137,6960,79.1
TR01797,C032,8655,10287,82.1
TR01798,C008,4777,7335,76.5
TR01798,C012,0,3122,79.6
TR01798,C021,2628,4082,78.0
TR01798,C021,7215,11136,72.0
TR01798,C046,981,4304,39.8
TR01798,C046,5814,9406,91.0
TR01799,C015,805,8524,86.9
TR01799,C024,4567,5542,46.7
TR01799,C025,0,552,81.0
TR01799,C037,4355,6346,67.7
TR01799,C024,1470,3616,86.8
TR01800,C009,2498,11136,69.5
TR01800,C011,3431,4023,34.8
TR01800,C011,9301,13170,50.5
TR01800,C026,3678,7187,89.1
TR01800,C037,5700,7419,46.6
TR01800,C042,1237,1953,54.9
TR01800,C042,10676,13781,41.1
TR01801,C005,789,1132,70.8
TR01801,C005,6351,6606,94.2
TR01801,C017,1639,4889,31.4
TR01801,C017,7856,10155,33.0
TR01801,C031,3889,6097,70.8
TR01801,C035,1657,3968,80.5
TR01801,C035,6028,8320,86.5
TR01802,C004,411,4200,66.5
TR01802,C004,11665,14244,94.3
TR01802,C011,2346,4891,52.9
TR01802,C017,0,7436,29.1
TR01802,C027,427,4059,98.6
TR01802,C027,9736,13201,21.2
TR01802,C042,5655,8668,27.7
TR01802,C048,3186,5548,93.9
TR01802,C048,10477,12558,37.2
TR01803,C005,990,4894,55.9
TR01803,C015,2872,6221,23.3
TR01803,C020,1190,4205,27.9
TR01803,C030,3195,5228,28.1
TR01803,C034,474,1744,30.3
TR01803,C034,3889,4824,46.8
TR01803,C042,1152,1858,70.9
TR01803,C046,1127,5152,62.4
TR01804,C011,1649,5014,75.9
TR01804,C029,3160,5783,86.5
TR01804,C035,394,6326,79.3
TR01804,C040,34,1773,48.1
TR01804,C040,3861,6216,67.5
TR01805,C025,889,1698,70.1
TR01805,C025,4508,6594,83.0
TR01805,C033,890,2788,42.2
TR01805,C033,3843,6356,97.2
TR01805,C035,1531,2834,39.1
TR01805,C035,5056,6207,61.9
TR01805,C036,683,1364,74.5
TR01805,C036,3962,5776,97.9
TR01806,C010,1438,15956,62.2
TR01806,C020,5384,9166,53.0
TR01806,C033,503,3760,64.3
TR01806,C042,1840,5020,70.9
TR01806,C042,12621,12906,61.7
TR01806,C043,1686,18190,64.8
TR01806,C044,3483,6711,57.4
TR01806,C045,4431,7323,92.2
TR01806,C045,12811,13025,30.5
TR01806,C047,1451,1920,41.0
TR01807,C006,2976,3469,73.7
TR01807,C007,0,4123,24.5
TR01807,C015,783,4356,53.8
TR01807,C017,4751,5233,71.2
TR01807,C018,0,815,60.5
TR01807,C019,732,2587,68.4
TR01807,C019,3815,5112,91.3
TR01807,C019,6164,8289,63.0
TR01807,C019,9325,10566,60.9
TR01807,C030,987,3473,88.8
TR01807,C030,5847,7448,53.6
TR01807,C038,1090,2734,65.6
TR01807,C038,4336,5250,53.2
TR01807,C038,8344,8722,75.7
TR01808,C002,2082,3548,36.8
TR01808,C014,2712,6026,97.0
TR01808,C016,838,3008,65.6
TR01808,C018,599,2781,39.2
TR01808,C018,3674,4037,48.5
TR01808,C022,0,771,51.4
TR01808,C023,830,5736,93.7
TR01808,C028,383,6825,75.9
TR01809,C009,1740,2171,96.0
TR01809,C009,7305,9086,30.8
TR01809,C021,344,9381,78.1
TR01809,C027,191,870,53.7
TR01809,C027,3024,3682,57.4
TR01809,C027,5849,6185,58.6
TR01809,C027,8462,9078,53.0
TR01809,C048,217,2537,86.7
TR01809,C048,3467,4962,64.0
TR01809,C048,6936,8931,39.4
TR01810,C003,2946,3517,64.7
TR01810,C003,7289,9447,92.9
TR01810,C029,575,2725,83.0
TR01810,C029,9295,10848,80.1
TR01810,C035,2580,3638,26.6
TR01810,C036,1910,9584,63.0
TR01810,C037,374,3593,22.6
TR01810,C037,6917,7747,34.5
TR01810,C045,972,2342,59.0
TR01811,C008,2908,6513,59.4
TR01811,C036,1212,2919,23.9
TR01811,C041,5050,8820,82.7
TR01811,C045,652,1813,66.7
TR01811,C045,9681,12630,24.8
TR01811,C008,6685,11813,86.8
TR01812,C016,2249,4388,50.1
TR01812,C016,6464,9564,64.5
TR01812,C018,936,1883,85.8
TR01812,C018,7919,9136,51.5
TR01812,C022,5744,6424,87.4
TR01812,C032,2901,5015,74.8
TR01812,C032,8026,8873,75.8
TR01812,C041,207,2224,89.7
TR01812,C041,7046,8446,60.4
TR01813,C003,5346,5627,76.1
TR01813,C004,4241,7647,62.0
TR01813,C004,10498,13263,51.4
TR01813,C020,2277,13270,91.2
TR01813,C029,767,1663,38.1
TR01813,C029,5216,6856,44.5
TR01813,C029,8768,9366,89.3
TR01813,C029,13062,14698,36.1
TR01813,C033,48,3330,48.0
TR01813,C033,11364,15002,92.8
TR01813,C037,622,2543,90.7
TR01813,C040,3144,4495,63.5
TR01814,C012,154,11727,61.7
TR01814,C018,1597,4162,72.5
TR01814,C018,7749,11384,93.1
TR01814,C028,746,12381,83.7
TR01814,C029,1623,11272,95.9
TR01814,C032,2358,2794,27.7
TR01814,C032,7360,8744,67.9
TR01814,C034,2104,2377,68.5
TR01814,C034,9024,11413,61.4
TR01814,C040,1299,2111,76.2
TR01814,C040,7855,9545,57.1
TR01814,C042,1236,2131,32.9
TR01814,C042,7680,8750,32.3
TR01814,C018,1953,5825,60.0
TR01815,C007,1631,3420,98.9
TR01815,C007,9642,9984,35.4
TR01815,C018,591,1163,90.0
TR01815,C018,4185,5295,99.1
TR01815,C018,8660,10550,95.1
TR01815,C018,12447,14482,98.0
TR01815,C036,5863,8358,40.5
TR01815,C040,1215,3773,40.1
TR01815,C040,10564,13006,80.6
TR01815,C049,2063,5321,52.1
TR01816,C013,21,1453,45.6
TR01816,C013,7118,7994,34.7
TR01816,C024,1550,1781,78.9
TR01816,C042,603,1179,41.3
TR01816,C045,2210,5372,79.0
TR01816,C045,6532,9720,41.8
TR01816,C013,5887,9443,60.3
TR01817,C003,2377,3096,51.6
TR01817,C003,9675,10231,35.6
TR01817,C004,60,1522,60.9
TR01817,C004,4124,5850,86.0
TR01817,C004,7804,8622,40.6
TR01817,C004,10162,12361,57.6
TR01817,C012,392,3995,35.3
TR01817,C012,9390,13240,85.1
TR01817,C028,1061,2880,59.4
TR01817,C028,4343,4703,99.6
TR01817,C028,7202,8107,77.5
TR01817,C028,10707,12040,93.7
TR01817,C029,2654,4696,39.9
TR01817,C029,8862,12729,49.8
TR01817,C044,920,3083,35.3
TR01817,C044,6947,8772,90.0
TR01817,C048,2006,3046,64.3
TR01817,C049,1940,12807,93.8
TR01818,C007,97,1005,34.9
TR01818,C007,3492,5895,65.8
TR01818,C007,6324,7170,70.4
TR01818,C007,9796,10719,47.2
TR01818,C014,4250,7790,21.6
TR01818,C017,2424,6004,91.5
TR01818,C019,2715,4336,88.2
TR01818,C019,8921,11370,94.0
TR01818,C046,5367,6796,54.5
TR01819,C016,2904,5910,73.1
TR01819,C016,8821,10062,73.2
TR01819,C017,1222,2183,97.8
TR01819,C017,5066,6976,40.3
TR01819,C017,10951,12232,80.8
TR01819,C024,2217,5543,32.1
TR01819,C042,0,4046,70.9
TR01820,C011,3695,5100,26.3
TR01820,C011,11236,12656,23.2
TR01820,C017,242,1447,70.7
TR01820,C017,11295,12053,34.8
TR01820,C032,0,5423,57.0
TR01820,C037,7379,9984,98.2
TR01820,C043,4711,5431,88.3
TR01821,C007,3659,7050,55.4
TR01821,C008,3693,5081,82.2
TR01821,C013,1708,4261,44.6
TR01821,C022,5913,9724,38.9
TR01821,C026,2388,5137,52.8
TR01821,C026,9111,9960,65.6
TR01821,C043,1973,3021,37.6
TR01821,C043,8558,9539,33.3
TR01821,C045,282,3679,44.7
TR01821,C045,9376,10383,64.3
TR01822,C014,1724,2942,87.3
TR01822,C014,6193,8272,84.3
TR01822,C023,1609,2145,86.4
TR01822,C023,5610,8350,82.9
TR01822,C026,380,973,42.5
TR01822,C026,2862,4825,46.9
TR01822,C026,5808,8206,45.9
TR01822,C034,2010,2284,66.1
TR01822,C034,5718,6870,55.4
TR01822,C041,2197,4897,35.1
TR01823,C006,7267,10606,94.1
TR01823,C010,0,4159,87.8
TR01823,C015,1646,4774,71.0
TR01823,C015,11203,14892,38.8
TR01823,C028,1840,16162,65.8
TR01823,C030,1818,3157,80.2
TR01823,C030,6469,7490,47.2
TR01823,C030,11018,11914,71.3
TR01823,C031,2205,3846,39.4
TR01823,C031,10880,13998,85.1
TR01823,C047,3014,5299,64.4
TR01823,C048,492,3395,85.8
TR01823,C048,9114,9636,91.5
TR01824,C022,809,2585,92.2
TR01824,C022,4972,6413,33.0
TR01824,C024,642,7434,98.3
TR01824,C030,1789,3231,47.7
TR01824,C030,4701,4956,73.9
TR01824,C034,1365,2905,46.5
TR01824,C034,5143,6414,37.1
TR01824,C045,1141,1596,74.8
TR01824,C045,3854,6849,47.7
TR01824,C047,1542,2368,25.2
TR01824,C047,5343,5800,21.2
TR01825,C007,767,3092,81.0
TR01825,C007,9119,9341,99.5
TR01825,C020,1032,3890,47.0
TR01825,C020,10370,11152,45.9
TR01825,C026,308,1745,78.3
TR01825,C026,9653,11525,70.6
TR01825,C033,2845,4173,57.0
TR01825,C033,9703,12083,61.5
TR01825,C042,1176,2031,83.8
TR01825,C042,9724,11676,42.7
TR01825,C050,0,7159,27.8
TR01826,C010,1033,10175,61.3
TR01826,C013,737,3454,41.0
TR01826,C035,1611,4178,97.1
TR01826,C047,3846,4047,38.7
TR01827,C005,928,13058,76.5
TR01827,C017,934,3835,86.3
TR01827,C023,139,1125,46.5
TR01827,C023,11187,14285,46.0
TR01827,C033,1642,4074,72.2
TR01827,C034,7297,10435,89.0
TR01827,C042,3827,5055,90.3
TR01827,C042,11235,13748,89.3
TR01828,C002,3170,5254,69.8
TR01828,C002,10077,13489,21.5
TR01828,C007,2936,6456,91.8
TR01828,C007,10708,12798,79.8
TR01828,C016,6095,9384,31.8
TR01828,C024,2565,4230,33.5
TR01828,C024,9367,12280,20.6
TR01828,C029,1784,5209,29.6
TR01828,C030,741,3551,50.8
TR01828,C030,8263,11705,61.1
TR01828,C039,2648,13101,80.0
TR01828,C045,4394,4616,89.3
TR01829,C001,0,5904,82.4
TR01829,C003,103,674,25.6
TR01829,C003,11068,13886,45.6
TR01829,C018,4932,6445,76.6
TR01829,C033,3766,7556,57.4
TR01829,C049,3320,6835,51.8
TR01829,C049,10790,12166,63.9
TR01830,C001,1311,1807,31.4
TR01830,C001,4896,7032,43.6
TR01830,C036,2288,5478,55.2
TR01830,C041,285,1343,50.8
TR01830,C041,3554,4741,40.3
TR01830,C041,5837,8007,75.1
TR01830,C048,301,1068,75.4
TR01830,C048,2309,3575,80.9
TR01830,C048,4621,6029,86.2
TR01830,C048,6379,7716,94.3
TR01830,C050,137,1445,38.3
TR01830,C050,2554,3258,61.0
TR01830,C050,4063,5660,88.8
TR01830,C050,6497,7704,77.1
TR01831,C023,561,1451,89.7
TR01831,C023,2005,3700,94.0
TR01831,C023,4164,5004,99.5
TR01831,C034,77,5396,82.9
TR01831,C036,943,4638,92.9
TR01831,C042,661,5215,76.5
TR01831,C048,80,2852,78.0
TR01831,C048,4009,5382,58.0
TR01832,C005,2915,5152,53.8
TR01832,C005,9958,12204,25.4
TR01832,C009,6650,9324,78.7
TR01832,C015,2112,15527,79.5
TR01832,C026,2860,13297,87.2
TR01832,C028,2549,5910,75.5
TR01832,C028,9512,12825,31.9
TR01832,C031,1199,2598,84.4
TR01832,C031,5872,7347,47.0
TR01832,C031,12375,12754,82.8
TR01833,C022,242,9757,79.8
TR01833,C024,0,2670,44.7
TR01833,C028,1314,3131,37.7
TR01833,C028,7135,10046,60.6
TR01833,C041,1707,2198,80.6
TR01833,C041,6984,9901,79.7
TR01833,C046,2178,5345,33.7
TR01834,C001,1885,3819,63.0
TR01834,C006,1414,1670,94.3
TR01834,C006,4081,5569,23.2
TR01834,C020,1314,3876,61.0
TR01834,C022,0,1501,68.0
TR01834,C028,250,846,79.8
TR01834,C028,4200,5326,31.3
TR01834,C029,2262,5072,42.7
TR01834,C034,825,3169,73.6
TR01834,C035,1343,2135,69.8
TR01834,C035,3095,3915,49.2
TR01835,C019,105,2434,81.2
TR01835,C020,3306,4474,34.9
TR01835,C021,2035,3275,70.7
TR01835,C021,5706,6669,59.9
TR01835,C027,0,1715,30.1
TR01835,C044,119,620,96.7
TR01835,C047,71,6844,93.9
TR01836,C003,174,3497,65.6
TR01836,C024,4366,5078,44.6
TR01836,C030,2481,2745,44.9
TR01836,C031,0,2677,70.5
TR01836,C041,5408,7219,78.8
TR01836,C045,542,1222,58.3
TR01836,C045,7634,9944,44.8
TR01836,C049,659,2763,35.9
TR01836,C049,3503,4316,84.9
TR01836,C049,6604,8200,53.7
TR01836,C049,9347,11569,93.7
TR01837,C009,636,1907,49.6
TR01837,C009,5401,6430,92.1
TR01837,C017,563,2409,42.0
TR01837,C017,2919,3341,51.1
TR01837,C017,5260,6897,98.6
TR01837,C017,7823,9994,52.4
TR01837,C026,230,552,30.4
TR01837,C026,3821,5029,78.3
TR01837,C026,6916,8312,33.9
TR01837,C034,1187,2827,31.2
TR01837,C034,7039,9747,33.0
TR01837,C036,1350,1553,78.7
TR01837,C042,2524,2920,56.2
TR01837,C042,6819,8176,53.9
TR01837,C050,2169,6100,92.8
TR01838,C002,4374,7412,97.7
TR01838,C027,49,3628,97.2
TR01838,C035,156,1144,57.9
TR01838,C035,5135,5464,31.6
TR01838,C036,2323,4743,40.7
TR01838,C040,4435,4948,27.0
TR01839,C002,3608,4119,47.8
TR01839,C011,1010,1784,57.5
TR01839,C011,12460,14900,24.8
TR01839,C021,0,6773,26.5
TR01839,C024,1298,17204,70.0
TR01839,C025,7665,9167,40.8
TR01839,C026,0,2888,67.3
TR01839,C037,2978,6977,85.6
TR01840,C017,709,16060,69.3
TR01840,C028,1160,4653,87.0
TR01840,C028,10025,13183,74.4
TR01840,C032,2043,4445,76.7
TR01840,C032,10475,11625,74.3
TR01840,C034,2699,6333,89.4
TR01840,C034,9916,11763,52.1
TR01840,C038,3588,6316,56.1
TR01840,C038,10332,10599,27.6
TR01840,C043,3772,6690,43.9
TR01840,C043,11024,13779,32.2
TR01841,C002,220,2296,68.0
TR01841,C002,3797,5550,90.4
TR01841,C006,543,2424,40.9
TR01841,C006,4618,5395,63.7
TR01841,C024,808,3313,68.0
TR01841,C024,4289,5965,43.3
TR01841,C025,2447,4337,80.3
TR01841,C037,330,6072,83.9
TR01841,C039,351,3385,44.7
TR01841,C039,4768,6084,51.4
TR01841,C046,722,2135,70.8
TR01841,C046,2839,3202,39.8
TR01841,C046,4793,6051,69.5
TR01841,C049,317,707,67.0
TR01841,C049,3720,6646,37.3
TR01842,C003,609,983,52.7
TR01842,C003,4655,6921,89.7
TR01842,C003,8610,10116,88.9
TR01842,C003,12153,13779,31.8
TR01842,C022,0,2152,86.8
TR01842,C023,1012,3360,39.8
TR01842,C023,11285,12015,95.3
TR01842,C043,27,2238,21.9
TR01842,C043,10196,13454,28.7
TR01843,C008,251,1223,75.4
TR01843,C008,1881,3346,59.7
TR01843,C008,3726,4966,94.4
TR01843,C008,6103,6822,82.1
TR01843,C022,905,4177,31.7
TR01843,C028,0,2993,48.4
TR01843,C030,2937,4044,86.8
TR01843,C040,1615,3239,78.9
TR01843,C040,4775,5717,98.5
TR01844,C002,56,14252,76.2
TR01844,C004,624,979,30.2
TR01844,C004,9202,9589,75.5
TR01844,C010,71,2530,98.1
TR01844,C010,8562,8965,44.9
TR01844,C026,88,1715,65.4
TR01844,C026,3869,6135,69.3
TR01844,C026,8416,9791,38.7
TR01844,C026,11229,12376,38.0
TR01844,C040,512,14216,60.9
TR01844,C042,2259,2721,99.2
TR01844,C044,3326,4692,37.5
TR01845,C011,2483,5927,32.6
TR01845,C011,11702,12948,24.1
TR01845,C014,3056,3948,51.9
TR01845,C034,2819,3193,85.8
TR01845,C034,11145,13792,30.1
TR01845,C038,1444,16047,95.5
TR01845,C039,0,5516,53.0
TR01845,C042,0,7859,33.8
TR01845,C044,5172,6076,23.2
TR01845,C046,0,7297,29.2
TR01846,C003,1403,2613,65.9
TR01846,C003,6031,9765,87.8
TR01846,C008,824,1272,47.1
TR01846,C008,5427,8485,52.3
TR01846,C019,789,1052,50.7
TR01846,C019,6208,7772,23.0
TR01846,C037,1937,4075,58.7
TR01846,C037,7465,7890,27.5
TR01846,C039,1492,4034,39.4
TR01846,C039,6686,9094,31.4
TR01846,C045,563,1335,35.1
TR01846,C045,5129,6544,34.9
TR01847,C004,0,1901,60.0
TR01847,C007,3186,4277,62.1
TR01847,C010,3804,6420,96.6
TR01847,C012,1373,4603,91.5
TR01847,C012,7724,7961,84.2
TR01847,C018,2383,3068,44.7
TR01847,C026,681,1706,31.2
TR01847,C026,3342,5704,41.9
TR01847,C026,6865,8377,92.3
TR01847,C026,8934,9259,38.6
TR01847,C029,3279,6705,81.8
TR01847,C041,1169,11176,66.9
TR01848,C002,543,2838,25.0
TR01848,C006,515,4680,88.1
TR01848,C011,1082,1631,27.3
TR01848,C011,3903,5286,83.7
TR01848,C013,555,4979,73.8
TR01848,C032,630,1647,62.1
TR01848,C032,2065,3375,37.1
TR01848,C032,4196,5533,52.1
TR01849,C027,9370,12123,68.2
TR01849,C028,4283,7175,90.9
TR01849,C028,10493,13577,73.7
TR01849,C040,1827,2899,48.7
TR01849,C046,1382,3659,37.1
TR01849,C046,10728,11950,41.7
TR01849,C050,3470,5905,53.3
TR01849,C050,10397,12528,87.8
TR01850,C005,1555,3137,33.8
TR01850,C007,2571,5272,34.2
TR01850,C009,458,2688,63.1
TR01850,C009,6993,8129,47.8
TR01850,C017,4586,8581,94.5
TR01850,C039,1162,3843,89.5
TR01850,C039,6913,7614,78.1
TR01850,C044,396,2571,59.7
TR01850,C044,4741,6940,46.6
TR01850,C044,8777,9339,52.7
TR01850,C048,1943,5059,98.6
TR01850,C048,6488,6978,77.7
TR01851,C003,181,1226,50.3
TR01851,C003,5716,6130,54.0
TR01851,C003,11262,12592,79.1
TR01851,C004,3149,3587,94.8
TR01851,C004,9940,13249,38.3
TR01851,C006,7170,8046,84.2
TR01851,C022,2109,4605,59.0
TR01851,C022,10490,13728,53.7
TR01851,C023,23,2700,20.7
TR01851,C023,11524,13458,38.8
TR01852,C009,2722,6708,32.3
TR01852,C010,1739,8391,67.5
TR01852,C021,344,1464,29.9
TR01852,C021,6238,7284,27.9
TR01852,C026,24,2297,79.1
TR01852,C026,6417,6768,38.8
TR01852,C035,1220,4407,94.3
TR01852,C035,6417,8328,58.6
TR01852,C044,655,8562,96.5
TR01853,C008,1243,4734,83.1
TR01853,C008,13213,16693,90.9
TR01853,C012,625,980,88.3
TR01853,C012,10543,12904,23.0
TR01853,C015,4543,5832,42.2
TR01853,C015,11025,11386,96.4
TR01853,C029,0,8179,41.7
TR01853,C032,187,17360,75.0
TR01853,C045,0,5228,43.7
TR01853,C048,5003,6750,74.2
TR01854,C001,2751,5913,30.8
TR01854,C007,0,1235,67.4
TR01854,C014,167,591,37.8
TR01854,C014,5163,6385,43.3
TR01854,C020,892,1699,28.6
TR01854,C020,5035,6477,73.4
TR01854,C025,736,2192,67.0
TR01854,C030,1490,2585,62.6
TR01854,C030,3631,5044,61.3
TR01854,C032,0,2011,85.1
TR01854,C037,94,2849,87.5
TR01854,C037,3483,6327,97.2
TR01855,C013,878,2089,48.9
TR01855,C013,2947,5533,85.6
TR01855,C023,1197,1956,29.6
TR01855,C023,3674,4813,70.3
TR01855,C024,220,1036,66.1
TR01855,C024,3671,4221,84.7
TR01855,C048,898,2442,29.7
TR01855,C048,3772,5473,46.6
TR01856,C012,1780,16852,65.1
TR01856,C020,7610,8833,56.5
TR01856,C024,3456,4683,83.7
TR01856,C024,11302,13028,99.0
TR01856,C028,3987,6752,26.1
TR01856,C028,9954,13885,74.1
TR01856,C033,7037,8545,77.7
TR01856,C044,399,2696,67.7
TR01856,C049,400,2230,42.0
TR01856,C049,11960,13404,43.4
TR01857,C010,3044,6386,44.5
TR01857,C025,1355,5057,57.4
TR01857,C028,1588,1817,76.3
TR01857,C028,5811,6723,23.1
TR01857,C036,936,4612,80.7
TR01857,C038,1334,6233,65.7
TR01857,C043,401,1960,70.8
TR01857,C047,1922,3054,67.9
TR01857,C047,5097,6766,90.5
TR01858,C004,277,2004,34.0
TR01858,C004,7431,9046,25.1
TR01858,C010,103,1858,99.4
TR01858,C010,3934,4875,94.4
TR01858,C010,8587,10445,31.6
TR01858,C010,11912,13518,44.9
TR01858,C023,2872,4374,92.4
TR01858,C023,8544,10978,87.3
TR01858,C030,7375,9812,70.6
TR01858,C037,3530,6693,45.0
TR01858,C037,8362,10381,96.4
TR01858,C043,6791,10475,33.6
TR01858,C045,2164,4174,56.3
TR01859,C015,5975,8133,21.0
TR01859,C022,3240,3746,89.9
TR01859,C042,1823,4864,52.7
TR01859,C042,7316,8723,26.3
TR01859,C046,2366,3521,82.6
TR01859,C046,8868,9465,42.2
TR01860,C008,3895,7200,25.8
TR01860,C019,1863,4272,57.4
TR01860,C019,9055,9627,98.3
TR01860,C020,2053,4263,50.8
TR01860,C020,9527,10063,38.5
TR01860,C028,2568,4419,38.7
TR01860,C028,10056,13697,95.7
TR01860,C041,2462,3008,84.9
TR01860,C045,2326,4674,95.9
TR01860,C045,9527,10107,47.9
TR01861,C007,379,588,82.2
TR01861,C007,7601,8137,27.3
TR01861,C009,1803,4353,26.6
TR01861,C009,6613,10302,62.1
TR01861,C016,0,1241,41.5
TR01861,C028,2019,5330,58.8
TR01861,C040,282,2015,88.9
TR01861,C040,6777,10174,33.0
TR01861,C042,1318,11702,67.2
TR01862,C003,4188,7907,56.5
TR01862,C003,10399,12157,63.0
TR01862,C004,1665,3579,29.5
TR01862,C004,13012,14491,53.1
TR01862,C014,1420,1911,36.5
TR01862,C029,3170,3889,26.7
TR01862,C032,2619,5529,57.1
TR01862,C032,14733,18313,29.9
TR01862,C036,3091,6596,21.6
TR01862,C036,12327,14928,89.0
TR01862,C038,2087,3201,64.4
TR01862,C038,7372,9172,77.2
TR01862,C038,14917,16558,63.5
TR01862,C042,1618,3599,65.5
TR01862,C042,10157,10821,56.9
TR01862,C003,5681,9731,80.9
TR01863,C009,1079,1965,77.6
TR01863,C013,522,1923,44.0
TR01863,C027,4085,7129,43.9
TR01863,C035,6742,8326,52.8
TR01863,C040,4172,4667,47.1
TR01863,C045,328,4132,39.1
TR01863,C045,10616,13014,55.0
TR01864,C007,1105,12626,89.9
TR01864,C009,5247,8210,96.0
TR01864,C049,3658,6626,45.3
TR01864,C049,11206,14407,76.2
TR01864,C050,7347,11059,84.2
TR01865,C001,0,1663,79.9
TR01865,C010,2223,4610,40.0
TR01865,C020,624,2710,39.3
TR01865,C045,538,816,93.8
TR01865,C045,3567,3822,97.6
TR01866,C009,1282,2318,25.9
TR01866,C009,5866,7462,32.0
TR01866,C022,177,1272,79.6
TR01866,C022,3046,5222,52.9
TR01866,C022,6053,6759,68.7
TR01866,C037,1129,3792,54.2
TR01866,C037,4663,7789,24.3
TR01866,C042,480,1951,58.7
TR01866,C042,3128,4751,75.2
TR01866,C042,6274,6516,48.4
TR01867,C002,2357,4645,58.8
TR01867,C003,1953,3926,94.4
TR01867,C014,3929,4959,69.5
TR01867,C021,6872,8149,28.4
TR01867,C025,2582,5650,43.8
TR01867,C032,2222,4827,71.1
TR01867,C036,3009,5874,29.0
TR01867,C036,8400,9835,97.5
TR01867,C002,6360,9942,76.1
TR01868,C002,1723,2350,78.7
TR01868,C002,10192,12114,47.3
TR01868,C008,1882,2252,60.6
TR01868,C008,10371,13611,92.8
TR01868,C010,669,1689,54.5
TR01868,C010,10016,11806,85.0
TR01868,C015,6805,10198,64.8
TR01868,C020,3126,6942,82.8
TR01868,C024,2177,5666,33.0
TR01868,C024,12009,15985,33.0
TR01868,C034,3957,7243,28.0
TR01868,C034,9106,9517,33.7
TR01868,C048,4884,7496,39.7
TR01869,C003,1746,3011,39.2
TR01869,C003,6186,7925,38.0
TR01869,C013,1955,4970,88.9
TR01869,C013,8317,10482,83.7
TR01869,C024,1952,9632,84.4
TR01869,C033,1538,10615,84.0
TR01869,C047,5683,7003,41.9
TR01870,C001,2069,12969,92.0
TR01870,C020,0,4436,59.3
TR01870,C023,1332,15315,68.1
TR01870,C025,2209,5776,66.0
TR01870,C025,11860,12852,91.4
TR01870,C028,3253,4363,31.0
TR01870,C028,11021,13323,37.0
TR01870,C034,1228,1469,76.1
TR01870,C034,5671,6888,44.2
TR01870,C034,12014,12572,31.9
TR01870,C042,0,4137,40.1
TR01871,C018,3604,5306,38.4
TR01871,C018,11066,12612,65.2
TR01871,C023,7335,11256,43.0
TR01871,C028,246,14754,63.2
TR01871,C038,523,13861,76.4
TR01872,C002,942,2313,35.4
TR01872,C002,3819,5701,42.4
TR01872,C003,2297,4521,66.7
TR01872,C015,470,727,70.7
TR01872,C015,2041,2885,38.2
TR01872,C015,3643,4590,91.2
TR01872,C015,4815,6072,77.4
TR01872,C019,107,5133,78.2
TR01872,C022,762,4802,86.4
TR01872,C024,973,6156,65.8
TR01872,C044,8,2507,70.5
TR01872,C044,3925,4642,53.7
TR01873,C004,1638,5431,87.8
TR01873,C004,8390,11375,72.5
TR01873,C006,1191,9351,68.1
TR01873,C008,928,9718,63.3
TR01873,C022,5808,6909,70.9
TR01873,C031,0,4130,87.2
TR01873,C035,8,3621,98.6
TR01873,C035,6187,8566,31.8
TR01873,C044,593,3764,99.4
TR01873,C044,8515,11830,30.7
TR01873,C045,3001,4147,70.4
TR01873,C045,7659,10734,76.9
TR01874,C004,0,5065,64.5
TR01874,C039,3539,7217,65.9
TR01874,C041,3362,5715,74.8
TR01874,C041,9135,11351,68.3
TR01874,C046,3318,4995,25.6
TR01874,C046,8411,8853,56.3
TR01875,C017,2350,4342,51.5
TR01875,C025,4119,4922,70.9
TR01875,C027,0,5277,70.4
TR01875,C035,1772,10678,84.3
TR01875,C048,2887,6035,62.0
TR01875,C048,7408,8571,88.0
TR01876,C014,653,1358,70.9
TR01876,C014,2656,4575,38.2
TR01876,C014,5837,7789,77.7
TR01876,C014,8708,9450,72.2
TR01876,C023,1896,3219,76.4
TR01876,C023,5877,8172,39.5
TR01876,C026,655,3711,78.1
TR01876,C026,5263,7018,49.3
TR01876,C039,3138,4338,58.9
TR01876,C046,0,3208,82.9
TR01877,C006,323,807,87.8
TR01877,C006,6303,8803,84.0
TR01877,C011,399,9354,60.9
TR01877,C016,2190,3187,49.1
TR01877,C016,5311,9171,29.9
TR01877,C017,1622,2530,61.3
TR01877,C017,5873,7282,83.9
TR01877,C041,355,1595,81.3
TR01877,C041,3203,3926,81.6
TR01877,C041,5762,6020,86.1
TR01877,C041,7794,8562,59.3
TR01877,C048,1295,4901,51.6
TR01877,C048,7462,8667,35.2
TR01878,C008,3722,4489,56.1
TR01878,C009,1917,3428,22.8
TR01878,C009,6381,7785,95.4
TR01878,C026,273,1261,20.5
TR01878,C026,5318,5839,28.1
TR01878,C047,4021,6077,29.3
TR01878,C008,2791,5907,82.2
TR01879,C009,1300,3719,21.0
TR01879,C009,9501,9780,22.2
TR01879,C015,670,2215,61.8
TR01879,C015,8419,10792,61.5
TR01879,C019,416,880,44.1
TR01879,C020,2349,3768,33.4
TR01879,C020,11864,14243,49.9
TR01879,C022,2293,4188,62.5
TR01879,C022,10976,11817,20.7
TR01879,C036,1180,4650,60.1
TR01879,C041,1211,2107,95.5
TR01879,C041,7138,9434,32.7
TR01879,C041,12658,14421,86.6
TR01879,C049,1920,4488,83.2
TR01879,C049,11250,14686,55.3
TR01880,C004,915,1529,44.5
TR01880,C004,5390,6644,53.0
TR01880,C004,10193,11549,77.6
TR01880,C004,15333,16697,66.9
TR01880,C011,270,2533,88.6
TR01880,C011,14114,14916,31.2
TR01880,C024,917,3485,53.7
TR01880,C024,12314,13920,72.7
TR01880,C028,2043,4594,82.0
TR01880,C029,2593,3948,87.0
TR01880,C029,10260,11356,36.7
TR01880,C037,4507,6620,99.4
TR01880,C037,11648,12919,24.9
TR01880,C044,7402,11376,74.1
TR01880,C050,2624,18507,81.0
TR01880,C011,6977,16422,83.8
TR01881,C003,1376,4442,23.9
TR01881,C008,1862,4187,45.8
TR01881,C008,6870,7919,99.8
TR01881,C008,14288,14932,86.0
TR01881,C034,3403,15602,63.5
TR01881,C041,4102,4972,33.2
TR01881,C045,0,7820,64.8
TR01882,C006,1131,4241,99.6
TR01882,C006,6630,9215,94.3
TR01882,C009,139,2611,50.7
TR01882,C009,5227,6066,33.2
TR01882,C012,2282,5891,97.9
TR01882,C028,3609,4603,49.8
TR01882,C031,999,1230,86.8
TR01882,C033,836,7397,85.9
TR01883,C033,4178,4412,94.4
TR01883,C033,10736,13332,40.3
TR01883,C040,5863,9253,57.2
TR01883,C047,4176,7838,54.6
TR01883,C047,10037,12661,31.3
TR01883,C048,7154,8885,40.7
TR01884,C015,1181,3736,59.7
TR01884,C015,8894,12817,42.4
TR01884,C022,6818,10796,46.0
TR01884,C027,2440,3288,94.2
TR01884,C034,363,13101,87.5
TR01884,C039,3330,4225,92.3
TR01884,C039,9183,11919,42.3
TR01884,C045,0,2835,73.6
TR01884,C048,7271,8857,23.7
TR01884,C049,1227,2556,44.4
TR01884,C049,8035,11071,31.3
TR01885,C006,982,3149,82.7
TR01885,C006,4118,7458,46.9
TR01885,C019,977,2927,89.1
TR01885,C019,5630,7519,58.7
TR01885,C021,3248,6029,91.6
TR01885,C026,1375,2135,97.1
TR01885,C048,925,1994,68.8
TR01885,C048,4560,6153,53.1
TR01886,C009,2139,12643,87.7
TR01886,C019,2712,4335,95.7
TR01886,C019,7508,7825,59.7
TR01886,C023,2758,10929,60.8
TR01886,C041,6449,9315,27.1
TR01886,C042,263,1844,30.3
TR01886,C042,4382,6243,93.5
TR01886,C042,7308,8312,44.0
TR01886,C042,11548,12684,55.6
TR01886,C009,981,5462,80.4
TR01887,C003,2334,3694,46.3
TR01887,C023,2604,4740,90.6
TR01887,C023,11447,15025,72.8
TR01887,C029,6130,8643,20.7
TR01887,C030,1497,15035,86.2
TR01887,C036,3356,5079,72.7
TR01887,C036,9555,13233,77.4
TR01887,C043,3341,7100,67.1
TR01887,C043,10674,13962,33.8
TR01887,C050,6129,7222,44.4
TR01888,C008,2985,3677,99.3
TR01888,C017,888,2781,24.4
TR01888,C017,7284,8993,39.7
TR01888,C022,4582,8481,51.6
TR01888,C026,6386,8593,64.3
TR01888,C036,3252,3600,41.7
TR01888,C036,10127,13457,39.1
TR01888,C039,1307,13807,95.9
TR01888,C045,5259,5632,30.4
TR01888,C046,1746,12210,64.8
TR01889,C002,926,3379,74.3
TR01889,C002,5149,5554,43.9
TR01889,C017,10,2710,25.1
TR01889,C017,4904,8049,21.9
TR01889,C019,1904,2169,45.5
TR01889,C019,5685,6629,51.9
TR01889,C036,140,7753,85.4
TR01889,C038,107,885,56.0
TR01889,C038,3118,5058,30.6
TR01889,C038,5881,6943,51.8
TR01889,C045,259,750,38.3
TR01889,C045,6092,7017,43.1
TR01890,C001,1903,2742,98.2
TR01890,C005,1151,4981,32.6
TR01890,C005,8356,11654,40.2
TR01890,C010,2033,4178,77.4
TR01890,C013,1329,1604,83.3
TR01890,C015,2423,4199,67.0
TR01890,C015,7566,9426,39.5
TR01890,C033,4824,6228,54.0
TR01890,C036,2957,4207,64.6
TR01890,C001,3729,6281,75.2
TR01891,C001,2767,3750,97.1
TR01891,C011,3692,5112,62.3
TR01891,C011,10937,13536,36.7
TR01891,C015,3833,4391,80.4
TR01891,C015,9206,12742,37.5
TR01891,C034,1311,3296,32.2
TR01891,C034,9664,12497,74.8
TR01891,C038,5141,7613,32.2
TR01891,C050,2509,4852,97.0
TR01891,C050,7744,9336,73.3
TR01892,C003,446,1170,76.3
TR01892,C003,11186,13509,25.0
TR01892,C011,1255,3051,62.1
TR01892,C011,12067,12405,49.1
TR01892,C024,1804,16329,70.0
TR01892,C047,4169,5553,31.2
TR01892,C047,8931,12039,93.2
TR01893,C009,3568,17371,84.1
TR01893,C011,3341,4139,53.6
TR01893,C011,13983,14655,61.6
TR01893,C018,2752,6179,31.4
TR01893,C018,9991,10377,21.7
TR01893,C022,154,2374,50.4
TR01893,C022,7289,8594,73.4
TR01893,C022,13669,15522,46.9
TR01893,C023,334,1945,56.9
TR01893,C023,11248,14710,70.2
TR01893,C026,6708,8670,51.8
TR01893,C030,3992,5098,83.7
TR01893,C030,10976,14827,90.4
TR01893,C038,578,3091,51.4
TR01893,C038,9593,13402,55.1
TR01894,C015,1041,4057,61.4
TR01894,C020,1670,2564,90.8
TR01894,C020,10457,13592,22.7
TR01894,C022,1400,2958,43.6
TR01894,C037,2706,3795,89.0
TR01894,C037,11317,12907,55.6
TR01894,C038,269,2411,93.7
TR01894,C040,1573,1822,89.3
TR01894,C040,6813,7339,31.6
TR01894,C040,11716,13022,88.4
TR01894,C045,2737,5892,89.5
TR01894,C045,9106,9489,49.8
TR01894,C048,4094,4311,76.5
TR01894,C048,11382,11633,65.8
TR01895,C003,670,2841,97.5
TR01895,C007,1709,3833,86.2
TR01895,C010,97,11087,64.7
TR01895,C011,704,1838,60.3
TR01895,C011,6329,8423,46.5
TR01895,C022,1527,3257,25.6
TR01895,C022,6920,8228,31.8
TR01895,C025,739,9864,96.6
TR01895,C041,1609,1925,44.2
TR01895,C041,8995,9532,76.0
TR01895,C045,6142,7040,76.5
TR01896,C005,1350,3552,27.4
TR01896,C005,11532,13884,48.1
TR01896,C009,264,16753,88.4
TR01896,C016,1101,5052,91.5
TR01896,C016,9015,10834,69.4
TR01896,C019,3073,13989,77.7
TR01896,C024,0,2832,55.9
TR01896,C026,1051,1805,25.2
TR01896,C049,4285,4818,31.3
TR01897,C011,2118,4099,95.6
TR01897,C011,6805,7363,88.4
TR01897,C024,4661,4979,31.1
TR01897,C026,1076,2780,71.2
TR01897,C046,1722,8411,64.4
TR01898,C003,1422,3030,64.5
TR01898,C003,5624,8424,90.7
TR01898,C009,1719,3898,38.4
TR01898,C009,6127,7571,76.0
TR01898,C021,4359,4934,27.9
TR01898,C023,2670,5374,67.8
TR01898,C026,2009,4309,40.3
TR01898,C026,5704,6501,79.9
TR01898,C037,1370,1915,81.2
TR01898,C039,90,615,22.7
TR01898,C039,6624,7631,45.6
TR01898,C048,1083,6750,95.2
TR01899,C008,1248,3247,82.4
TR01899,C008,9343,11707,53.0
TR01899,C023,2945,4230,74.8
TR01899,C023,7270,10444,42.2
TR01899,C028,1219,2880,35.2
TR01899,C028,6942,9778,93.0
TR01899,C031,1536,5104,69.8
TR01899,C031,9224,10052,86.6
TR01899,C036,3970,6511,84.4
TR01899,C038,125,1146,93.4
TR01899,C038,4997,7208,70.1
TR01899,C038,9548,10776,30.9
TR01899,C041,2004,4524,74.0
TR01899,C041,8723,9255,40.6
TR01900,C001,2003,3304,67.9
TR01900,C001,9837,11390,28.1
TR01900,C011,1270,1979,98.8
TR01900,C011,8157,10646,73.9
TR01900,C036,5133,6083,52.9
TR01900,C040,1132,1847,62.3
TR01900,C040,4139,4385,37.4
TR01900,C040,7863,8982,83.4
TR01900,C040,12181,13831,41.2
TR01900,C045,566,4201,58.9
TR01900,C045,8465,11167,95.4
TR01900,C049,983,13315,90.4
TR01901,C004,6510,9986,64.8
TR01901,C014,0,3011,32.4
TR01901,C044,669,1317,92.7
TR01901,C046,6694,8097,93.4
TR01901,C048,4855,8694,58.0
TR01901,C050,376,2464,89.1
TR01901,C050,10880,13210,45.5
TR01902,C001,870,1603,87.0
TR01902,C003,1921,2836,32.1
TR01902,C003,6272,7348,33.1
TR01902,C010,1741,2791,22.4
TR01902,C010,5156,5739,83.5
TR01902,C011,999,2181,74.2
TR01902,C011,5410,7689,22.1
TR01902,C020,266,930,95.5
TR01902,C020,2604,4115,93.5
TR01902,C020,5063,6478,79.6
TR01902,C020,6971,8353,90.9
TR01902,C037,2664,3782,67.5
TR01902,C047,4392,5689,63.5
TR01903,C002,2885,13567,78.6
TR01903,C006,599,11754,78.4
TR01903,C010,3737,6368,45.5
TR01903,C012,468,2236,51.1
TR01903,C012,8446,11831,73.0
TR01903,C022,2,1263,72.0
TR01903,C022,4550,5627,43.3
TR01903,C022,7983,8692,83.7
TR01903,C022,11387,13397,40.3
TR01903,C024,1911,5838,47.9
TR01903,C032,6151,8195,83.2
TR01903,C038,882,1549,60.4
TR01903,C038,4622,5442,93.7
TR01903,C038,7652,9171,36.8
TR01903,C038,11612,13093,55.3
TR01904,C016,247,2671,42.6
TR01904,C016,3472,5560,99.5
TR01904,C016,6302,7827,60.4
TR01904,C016,10088,12044,87.6
TR01904,C019,2140,10235,66.1
TR01904,C020,1976,5854,99.2
TR01904,C020,6715,10132,53.5
TR01904,C023,1709,3291,88.9
TR01904,C023,7697,11488,88.8
TR01904,C025,1250,3735,93.6
TR01904,C025,6983,9400,74.8
TR01904,C048,2883,5198,52.6
TR01904,C048,8098,10217,30.0
TR01905,C001,2017,3923,53.7
TR01905,C003,150,1288,64.0
TR01905,C003,1713,2590,68.6
TR01905,C003,3830,4534,76.5
TR01905,C003,5406,6727,30.3
TR01905,C037,3300,5537,85.1
TR01905,C040,120,3924,71.1
TR01905,C044,460,5701,92.3
TR01905,C046,308,1536,68.7
TR01905,C046,1712,2339,30.9
TR01905,C046,3895,4734,64.0
TR01905,C046,5206,5508,85.8
TR01906,C019,2481,5574,52.5
TR01906,C019,9295,11911,36.3
TR01906,C021,1353,3354,41.6
TR01906,C021,6810,10154,95.3
TR01906,C023,6668,10059,23.5
TR01906,C028,1681,2670,74.7
TR01906,C028,7164,11062,92.3
TR01906,C031,2167,3620,81.9
TR01906,C031,6795,8099,38.9
TR01906,C047,0,2538,85.0
TR01907,C009,2135,3164,99.3
TR01907,C009,4480,4681,38.2
TR01907,C018,979,3220,32.6
TR01907,C018,4634,8534,56.3
TR01907,C021,207,609,55.4
TR01907,C022,2104,3169,97.6
TR01907,C032,3059,4893,94.8
TR01907,C035,678,980,36.8
TR01907,C035,5481,5717,64.6
TR01908,C015,5874,6503,26.2
TR01908,C025,1015,2259,47.7
TR01908,C025,5719,6404,30.3
TR01908,C025,9091,10883,50.9
TR01908,C025,14154,15518,55.4
TR01908,C028,5605,7607,32.9
TR01908,C043,5291,7028,74.2
TR01909,C008,1211,2749,50.9
TR01909,C017,3341,7094,38.3
TR01909,C018,813,2852,29.7
TR01909,C018,4391,5401,52.1
TR01909,C022,1206,7481,77.2
TR01909,C037,591,992,69.7
TR01909,C037,5125,6593,93.3
TR01909,C044,1782,3201,38.7
TR01909,C044,4430,7999,63.8
TR01910,C011,163,454,27.0
TR01910,C011,5558,9509,41.5
TR01910,C012,26,2395,74.9
TR01910,C012,6189,9525,35.3
TR01910,C015,599,10414,68.3
TR01910,C025,1746,5101,22.5
TR01910,C025,7271,10241,63.7
TR01910,C046,1642,8316,84.2
TR01911,C014,3502,6533,39.7
TR01911,C014,7420,10412,85.0
TR01911,C016,1285,2609,97.8
TR01911,C016,9756,10869,36.7
TR01911,C028,2339,11154,84.6
TR01911,C034,1704,11074,79.9
TR01911,C038,1483,11744,84.7
TR01911,C048,1323,3262,53.1
TR01911,C048,5181,6691,54.5
TR01911,C048,10438,11441,93.8
TR01912,C015,501,1212,59.2
TR01912,C015,2913,4767,38.2
TR01912,C015,5270,7361,80.6
TR01912,C015,7634,8725,57.6
TR01912,C016,475,1544,45.6
TR01912,C016,3904,4989,73.2
TR01912,C016,7621,10007,52.0
TR01912,C022,0,2171,47.4
TR01912,C027,826,8301,83.9
TR01912,C031,0,1573,88.8
TR01913,C009,1221,1855,99.5
TR01913,C013,6475,9248,46.7
TR01913,C028,7056,9686,22.9
TR01913,C031,835,13768,78.2
TR01913,C040,2421,4114,58.0
TR01913,C040,7623,9074,89.3
TR01913,C046,1497,11479,97.9
TR01914,C001,643,4292,35.6
TR01914,C001,4654,7233,52.1
TR01914,C012,1671,3384,34.8
TR01914,C012,4857,6183,81.7
TR01914,C013,2195,3675,32.7
TR01914,C013,6397,8193,66.2
TR01914,C015,118,2822,28.3
TR01914,C015,4735,7569,62.5
TR01914,C030,357,1653,61.0
TR01914,C030,2785,3789,77.6
TR01914,C030,4676,5429,86.0
TR01914,C030,7099,7862,39.6
TR01914,C035,1101,8703,75.8
TR01914,C036,1513,3351,43.7
TR01914,C036,4777,8243,96.9
TR01914,C040,45,2214,60.9
TR01914,C040,5602,8050,50.1
TR01915,C006,224,3570,96.4
TR01915,C006,10223,11892,69.3
TR01915,C007,5964,8554,34.6
TR01915,C018,2365,3244,92.5
TR01915,C020,73,1871,75.2
TR01915,C020,7931,9307,33.0
TR01915,C040,3000,6748,28.3
TR01915,C040,8323,10871,79.3
TR01915,C047,2703,12078,92.3
TR01916,C021,4321,5333,27.4
TR01916,C026,2064,5568,74.9
TR01916,C033,1586,10991,82.4
TR01916,C037,534,2858,71.9
TR01916,C037,9286,11233,62.4
TR01916,C049,1697,3032,93.0
TR01916,C049,8222,9256,53.8
TR01917,C012,472,1013,75.2
TR01917,C012,3275,3654,96.5
TR01917,C012,5400,5796,48.0
TR01917,C012,8817,10193,38.6
TR01917,C013,339,1558,95.0
TR01917,C013,3933,5937,70.9
TR01917,C013,7940,8878,72.5
TR01917,C023,1289,8679,67.1
TR01917,C030,2272,4763,66.6
TR01917,C030,6381,7393,69.6
TR01917,C036,2674,4753,89.6
TR01917,C036,5952,8261,83.6
TR01917,C047,735,9818,96.0
TR01918,C021,513,1479,82.2
TR01918,C021,6812,8228,80.0
TR01918,C021,12765,14495,31.2
TR01918,C026,1459,5240,23.6
TR01918,C026,12638,15871,84.5
TR01918,C027,99,3366,20.1
TR01918,C027,11192,11978,55.4
TR01918,C039,6838,10650,78.5
TR01918,C050,0,5696,26.8
TR01919,C010,20,2844,86.0
TR01919,C014,916,2283,41.5
TR01919,C014,3790,5133,36.3
TR01919,C017,273,3220,36.2
TR01919,C018,422,5393,76.2
TR01919,C025,1268,2444,32.6
TR01919,C025,2863,3306,58.3
TR01919,C028,317,1146,49.3
TR01919,C028,1621,2162,92.6
TR01919,C028,3086,3794,80.5
TR01919,C028,4291,4516,93.1
TR01919,C039,449,1162,35.0
TR01919,C039,3035,3329,30.3
TR01920,C012,1787,5311,61.3
TR01920,C012,10803,12162,63.1
TR01920,C031,1377,12366,63.5
TR01920,C036,5807,9650,91.4
TR01920,C042,1283,3534,87.9
TR01920,C042,5679,6384,93.4
TR01920,C042,10644,12862,49.0
TR01921,C018,2914,13902,87.1
TR01921,C019,5860,8430,25.0
TR01921,C024,1107,2709,21.0
TR01921,C024,10686,12880,36.8
TR01921,C039,3385,4536,51.0
TR01922,C005,906,16598,96.2
TR01922,C011,6518,8714,42.3
TR01922,C018,5695,8308,59.4
TR01922,C021,1160,4965,75.5
TR01922,C022,771,3731,58.7
TR01922,C022,9985,13645,45.5
TR01922,C045,6758,9657,48.4
TR01923,C004,0,5151,20.3
TR01923,C019,2261,5098,68.3
TR01923,C032,2861,5247,47.8
TR01923,C032,6370,8338,46.5
TR01923,C050,840,4736,58.5
TR01923,C050,6555,7021,28.2
TR01924,C005,588,1253,75.3
TR01924,C005,2564,3022,47.8
TR01924,C005,4244,4967,44.9
TR01924,C005,6400,6771,92.5
TR01924,C033,645,1539,35.0
TR01924,C033,2276,3154,98.4
TR01924,C033,4249,5565,82.4
TR01924,C033,6167,6376,55.1
TR01924,C039,1037,3587,28.6
TR01924,C039,4274,7485,50.0
TR01924,C044,378,3271,30.6
TR01924,C047,1924,3326,68.6
TR01924,C047,4933,7510,90.2
TR01925,C003,2480,3514,33.8
TR01925,C003,8244,9877,71.3
TR01925,C006,1544,2255,46.2
TR01925,C006,11709,13833,34.7
TR01925,C007,7028,9898,70.8
TR01925,C024,163,1559,21.5
TR01925,C024,10904,11981,26.7
TR01925,C035,3983,7780,97.0
TR01925,C035,8713,11910,25.9
TR01925,C038,2762,15631,99.1
TR01925,C044,1381,3948,49.2
TR01925,C048,418,685,67.1
TR01925,C048,5052,6864,80.0
TR01925,C048,8554,10781,57.1
TR01925,C048,13238,14944,65.9
TR01926,C004,1729,3246,43.2
TR01926,C004,6097,8382,64.1
TR01926,C011,91,831,99.6
TR01926,C011,4242,4829,72.8
TR01926,C011,8627,10583,49.5
TR01926,C015,3492,5894,87.2
TR01926,C025,866,10390,98.5
TR01926,C036,935,3033,98.5
TR01926,C036,8268,11061,37.6
TR01926,C038,3824,4285,22.3
TR01927,C016,3238,6525,78.8
TR01927,C016,11152,14125,62.8
TR01927,C021,2443,4472,89.1
TR01927,C025,472,3581,85.5
TR01927,C047,676,13464,87.4
TR01927,C050,916,13332,66.2
TR01928,C004,2333,5094,90.4
TR01928,C010,16,2455,35.0
TR01928,C010,3485,5178,55.6
TR01928,C012,1186,2946,98.8
TR01928,C013,12,1128,56.4
TR01928,C013,2007,2379,64.4
TR01928,C013,3704,4556,83.8
TR01928,C013,5100,5745,80.9
TR01928,C031,68,5115,96.8
TR01928,C033,1527,5343,24.3
TR01928,C038,0,3239,26.0
TR01928,C048,455,2831,23.3
TR01928,C048,3557,5342,93.7
TR01929,C010,5344,8368,29.2
TR01929,C018,0,3022,89.7
TR01929,C035,1460,12253,67.7
TR01929,C041,390,12961,99.3
TR01929,C046,1872,2094,83.2
TR01929,C046,8078,11724,74.0
TR01929,C048,0,3775,61.9
TR01929,C050,6190,7399,51.1
TR01930,C004,1531,5289,89.2
TR01930,C026,2260,3459,42.1
TR01930,C026,9458,10982,66.4
TR01930,C030,6271,10009,71.4
TR01930,C034,850,10219,70.6
TR01930,C049,1796,2427,95.9
TR01930,C049,7493,7783,62.8
TR01931,C013,2718,4519,30.5
TR01931,C013,8399,11367,77.2
TR01931,C027,1491,2663,45.0
TR01931,C045,927,11009,71.7
TR01931,C048,779,1813,38.4
TR01931,C048,6534,7904,75.3
TR01931,C050,3289,6548,98.4
TR01932,C008,1277,3051,79.0
TR01932,C008,8505,11709,30.2
TR01932,C010,647,3745,31.6
TR01932,C013,6631,9071,66.8
TR01932,C020,4539,5357,23.5
TR01932,C022,2096,11682,87.6
TR01932,C025,1570,4555,84.6
TR01932,C048,0,5717,25.2
TR01933,C006,1585,4594,65.3
TR01933,C006,7557,9889,72.3
TR01933,C011,320,863,73.8
TR01933,C011,3366,4102,37.7
TR01933,C011,5606,7492,64.0
TR01933,C011,7756,9673,53.8
TR01933,C031,0,3425,83.8
TR01933,C047,232,2274,44.6
TR01933,C047,5715,7431,38.8
TR01934,C004,1698,16062,66.5
TR01934,C012,2907,15232,77.6
TR01934,C014,1126,4501,89.7
TR01934,C018,839,17793,99.2
TR01934,C025,1064,3140,66.6
TR01934,C025,6519,7158,99.8
TR01934,C025,13643,15106,71.1
TR01934,C032,1337,4370,90.9
TR01934,C032,11517,14782,93.0
TR01934,C048,2960,6417,34.2
TR01934,C048,13717,16119,87.0
TR01935,C005,1987,5397,64.8
TR01935,C005,9930,13080,56.6
TR01935,C013,1675,5446,63.8
TR01935,C013,11018,12158,76.9
TR01935,C035,171,438,82.8
TR01935,C035,8799,9595,77.6
TR01935,C037,4630,5109,30.2
TR01935,C041,2909,3155,53.3
TR01935,C041,8310,10949,44.1
TR01935,C047,2355,6286,88.2
TR01935,C047,10864,11779,39.7
TR01936,C010,2408,4446,94.6
TR01936,C010,11100,13399,71.3
TR01936,C023,707,1321,53.2
TR01936,C023,5829,6744,71.6
TR01936,C023,11683,13487,89.2
TR01936,C030,576,12698,76.6
TR01936,C036,1951,2784,30.4
TR01936,C037,1696,14881,67.8
TR01937,C009,0,837,60.7
TR01937,C011,698,1687,81.6
TR01937,C011,8932,10365,68.1
TR01937,C023,2046,14247,94.1
TR01937,C033,0,2744,43.6
TR01937,C034,1086,2634,34.6
TR01937,C034,5980,6285,31.2
TR01937,C034,10974,12775,31.2
TR01937,C043,3451,6444,29.4
TR01937,C043,7767,10242,22.7
TR01937,C050,3065,6923,52.9
TR01937,C050,7748,9033,89.3
TR01938,C020,1296,2411,41.4
TR01938,C020,4892,5801,40.4
TR01938,C020,9403,11542,30.1
TR01938,C039,987,3079,88.3
TR01938,C039,7540,9047,66.4
TR01938,C044,2494,5604,55.9
TR01938,C044,8514,8995,81.7
TR01938,C050,170,1162,37.3
TR01938,C050,3668,5928,34.9
TR01938,C050,7516,7745,42.3
TR01938,C050,10022,10335,41.6
TR01939,C009,5020,6022,90.0
TR01939,C011,1649,2426,66.3
TR01939,C011,5119,6879,59.1
TR01939,C011,10991,12155,75.9
TR01939,C014,5045,8028,99.9
TR01939,C028,322,1577,23.1
TR01939,C028,8190,10533,81.7
TR01939,C031,1287,4504,87.0
TR01939,C040,3564,4243,90.7
TR01939,C040,8315,11235,97.1
TR01939,C044,1794,12859,87.0
TR01939,C050,1773,2462,53.8
TR01939,C050,9439,12232,31.9
TR01940,C005,2002,15984,81.9
TR01940,C011,4549,7306,44.3
TR01940,C012,788,3128,98.6
TR01940,C012,10795,11541,44.6
TR01940,C017,543,1570,99.2
TR01940,C017,11329,12130,51.3
TR01940,C023,1811,2023,70.7
TR01940,C023,6652,8392,62.4
TR01940,C023,12225,14104,51.1
TR01940,C036,2249,4541,95.4
TR01940,C036,9289,10869,54.4
TR01940,C049,2557,4829,40.3
TR01940,C049,11608,14707,99.9
TR01941,C004,2071,13581,93.0
TR01941,C008,1459,13455,89.0
TR01941,C011,1605,3042,76.2
TR01941,C035,3593,6421,86.9
TR01941,C046,2568,4880,23.7
TR01941,C046,11381,12448,22.3
TR01942,C008,1868,5816,61.4
TR01942,C015,1984,3645,87.8
TR01942,C015,5563,7828,87.1
TR01942,C029,139,2532,55.5
TR01942,C037,565,1751,90.3
TR01942,C037,4213,4750,64.7
TR01942,C008,425,4127,85.0
TR01943,C006,3802,6182,89.1
TR01943,C013,517,3860,49.7
TR01943,C013,11999,15168,29.8
TR01943,C014,4229,7851,68.3
TR01943,C014,10834,12959,39.2
TR01943,C016,2778,4391,20.7
TR01943,C017,4619,7190,86.0
TR01943,C017,11405,14700,75.3
TR01943,C021,3526,16355,63.0
TR01944,C008,3276,15154,79.2
TR01944,C009,397,3023,93.4
TR01944,C009,10758,13923,73.0
TR01944,C036,1354,4336,93.2
TR01944,C036,11150,11689,21.2
TR01944,C047,1778,16242,95.4
TR01944,C049,1797,14488,98.8
TR01945,C007,2871,4128,27.8
TR01945,C018,0,1394,42.9
TR01945,C020,2194,2445,75.4
TR01945,C020,6256,7955,40.9
TR01945,C025,1719,2728,21.0
TR01945,C025,5650,6407,80.2
TR01945,C045,876,1134,54.9
TR01945,C045,3137,4875,65.1
TR01945,C045,6663,9126,87.9
TR01945,C049,1153,2935,31.2
TR01945,C049,5325,6914,23.0
TR01945,C007,1762,5840,84.6
TR01946,C001,1178,1578,31.7
TR01946,C001,3660,5020,85.5
TR01946,C010,124,6579,72.1
TR01946,C014,581,4421,35.3
TR01946,C023,413,1421,43.3
TR01946,C023,3766,5970,78.8
TR01946,C036,926,1885,44.2
TR01946,C036,3699,4133,78.8
TR01947,C009,293,1468,41.9
TR01947,C009,5915,7427,51.8
TR01947,C012,1544,3657,97.3
TR01947,C012,6086,7393,83.8
TR01947,C026,894,4155,55.8
TR01947,C026,6367,7071,80.5
TR01947,C033,1243,6728,65.8
TR01947,C039,817,1209,29.6
TR01947,C039,5043,5345,97.5
TR01947,C049,92,428,34.5
TR01948,C003,2037,4341,30.5
TR01948,C003,7580,9814,45.0
TR01948,C004,1915,8721,67.5
TR01948,C009,4684,5106,28.5
TR01948,C013,927,2290,89.5
TR01948,C015,3533,4360,25.8
TR01948,C019,705,8761,67.1
TR01948,C026,215,8673,88.1
TR01948,C037,1441,4005,40.5
TR01949,C002,2168,4186,55.6
TR01949,C002,6439,6939,77.5
TR01949,C006,743,1922,83.5
TR01949,C006,7765,8103,96.9
TR01949,C012,1478,4383,50.1
TR01949,C021,0,4943,33.4
TR01949,C022,0,4491,33.9
TR01949,C027,2535,3838,27.1
TR01949,C027,7706,10198,33.5
TR01949,C028,1098,4052,60.9
TR01949,C028,6101,7516,93.6
TR01949,C043,668,4409,91.0
TR01949,C043,8552,10999,69.7
TR01950,C020,1697,2225,83.9
TR01950,C020,4833,6352,99.7
TR01950,C023,3609,4161,61.5
TR01950,C038,867,6359,76.8
TR01950,C048,984,4709,38.1
TR01951,C009,6363,10228,80.2
TR01951,C029,4358,7877,45.2
TR01951,C032,6279,8484,74.8
TR01951,C035,5619,9233,53.6
TR01951,C042,4288,7442,56.7
TR01951,C047,2228,2440,90.0
TR01951,C047,8514,9573,94.5
TR01952,C007,1018,5086,72.6
TR01952,C014,2542,3097,68.0
TR01952,C023,596,855,28.8
TR01952,C035,496,2297,85.0
TR01952,C035,2938,3958,80.5
TR01952,C041,260,864,93.1
TR01952,C041,3055,3281,65.0
TR01953,C006,1967,13798,99.8
TR01953,C018,0,3812,72.6
TR01953,C046,2297,15604,80.9
TR01953,C048,2149,16329,71.9
TR01953,C050,0,582,84.0
TR01954,C004,1010,3292,76.7
TR01954,C006,177,14115,67.5
TR01954,C009,152,2862,95.2
TR01954,C009,10976,12126,76.7
TR01954,C012,0,4858,84.8
TR01954,C014,2519,13124,72.4
TR01954,C021,2040,4943,60.6
TR01954,C021,9015,11339,66.2
TR01954,C039,484,4387,79.8
TR01954,C039,9913,13458,41.1
TR01954,C044,1087,2468,51.7
TR01954,C044,4587,5688,95.3
TR01954,C044,8723,11012,80.2
TR01954,C044,11974,12454,76.7
TR01955,C033,363,2606,47.5
TR01955,C033,4512,5310,26.9
TR01955,C037,109,5380,99.1
TR01955,C038,404,1043,62.4
TR01955,C048,1911,5077,60.6
TR01956,C001,1318,3219,79.6
TR01956,C030,263,3624,75.4
TR01956,C046,2113,4186,73.7
TR01956,C046,4653,8602,75.2
TR01956,C048,3715,4287,38.0
TR01957,C001,3498,3849,40.7
TR01957,C001,11758,13712,69.0
TR01957,C010,1687,1931,88.9
TR01957,C014,9138,9776,34.1
TR01957,C028,358,2253,35.3
TR01957,C028,10360,13212,87.8
TR01957,C045,4459,5911,89.3
TR01957,C046,4357,7692,71.3
TR01958,C006,2015,5724,66.2
TR01958,C018,4512,8479,85.6
TR01958,C021,1233,3813,67.9
TR01958,C030,345,1084,50.0
TR01958,C030,4730,7666,32.7
TR01958,C032,1042,8605,66.5
TR01959,C020,2880,6853,80.4
TR01959,C031,75,7289,92.6
TR01959,C032,1540,2830,41.9
TR01959,C039,1394,2073,38.6
TR01959,C039,5274,6864,76.0
TR01959,C044,2942,3252,70.9
TR01959,C045,356,1964,45.7
TR01959,C045,4556,6565,21.0
TR01959,C046,0,2697,24.2
TR01959,C049,116,1656,83.0
TR01959,C049,3223,4572,35.4
TR01959,C049,5279,6633,54.1
TR01960,C006,2117,2431,84.2
TR01960,C006,5617,6483,88.0
TR01960,C032,2014,5900,32.0
TR01960,C033,395,1259,56.6
TR01960,C033,5871,8278,86.6
TR01960,C041,1968,4401,78.8
TR01960,C041,6600,7522,34.0
TR01960,C046,2004,2664,95.1
TR01960,C046,6508,8531,51.1
TR01960,C047,3020,3331,75.3
TR01961,C021,538,1687,40.8
TR01961,C021,4082,4771,33.8
TR01961,C023,1205,5117,62.9
TR01961,C027,0,746,36.2
TR01961,C030,0,2884,82.6
TR01961,C034,398,3613,69.8
TR01961,C035,1022,5173,65.4
TR01961,C043,391,902,78.1
TR01961,C043,1903,3049,74.5
TR01961,C043,3272,3486,43.5
TR01961,C043,5135,5925,55.6
TR01961,C049,1251,2862,67.3
TR01961,C049,4119,4669,78.6
TR01962,C005,355,2574,94.5
TR01962,C005,5111,5521,75.2
TR01962,C005,9349,10478,81.1
TR01962,C005,12983,13460,81.7
TR01962,C006,3100,5686,27.1
TR01962,C006,10182,11812,97.3
TR01962,C007,27,1130,44.5
TR01962,C007,7154,7909,49.2
TR01962,C007,11387,13096,55.9
TR01962,C009,2216,5137,78.7
TR01962,C009,12272,13608,57.9
TR01962,C022,1290,14127,62.8
TR01962,C028,63,1011,77.8
TR01962,C028,11682,12451,70.7
TR01962,C030,3951,7125,95.3
TR01962,C030,12380,13611,58.5
TR01962,C049,5261,6610,56.5
TR01963,C005,269,10994,88.0
TR01963,C012,5098,7920,44.8
TR01963,C022,327,4281,20.1
TR01963,C025,2892,4666,21.7
TR01963,C031,453,4122,58.5
TR01963,C031,7293,8817,71.0
TR01963,C049,3990,5074,86.8
TR01963,C050,308,2911,31.6
TR01963,C050,7538,10473,47.8
TR01964,C004,904,5211,75.3
TR01964,C010,203,3245,52.7
TR01964,C010,3660,5376,52.3
TR01964,C011,1607,2127,99.7
TR01964,C011,4542,5503,24.3
TR01964,C014,890,1274,30.8
TR01964,C014,4406,5850,72.4
TR01964,C025,2891,3293,86.3
TR01964,C033,1614,2123,60.3
TR01964,C033,3340,6058,54.5
TR01964,C039,628,6200,65.5
TR01964,C046,384,787,80.0
TR01964,C046,3874,5094,93.1
TR01965,C004,2729,3015,50.4
TR01965,C004,8919,11524,24.5
TR01965,C021,0,1330,23.5
TR01965,C022,341,2050,99.6
TR01965,C022,3675,4327,90.8
TR01965,C022,7782,9686,64.0
TR01965,C022,10989,12196,66.8
TR01965,C029,312,3359,92.8
TR01965,C029,8957,10393,84.8
TR01965,C030,1170,1621,27.0
TR01965,C030,8448,9001,60.4
TR01965,C031,1682,3254,92.7
TR01965,C031,10366,11335,83.7
TR01965,C043,1594,2971,50.1
TR01965,C043,9092,10568,30.9
TR01965,C049,252,2186,76.2
TR01965,C049,8946,11131,98.1
TR01966,C005,1742,2150,57.5
TR01966,C005,5529,6559,47.0
TR01966,C031,833,3288,86.8
TR01966,C031,6222,8033,48.2
TR01966,C034,475,683,45.2
TR01966,C034,2695,3887,69.1
TR01966,C034,4604,5760,65.5
TR01966,C034,6814,7620,87.2
TR01966,C049,0,1390,44.7
TR01967,C004,1217,2943,35.5
TR01967,C004,4243,5543,94.0
TR01967,C021,1776,4081,68.7
TR01967,C023,1093,5965,98.1
TR01967,C025,1865,2527,93.1
TR01967,C032,1036,4706,33.5
TR01967,C048,182,6680,84.4
TR01967,C049,0,3219,38.2
TR01967,C050,1394,1664,90.2
TR01967,C050,5450,7484,45.2
TR01968,C011,4173,7142,45.8
TR01968,C011,13179,16137,79.8
TR01968,C012,0,3740,32.3
TR01968,C018,7497,9680,80.3
TR01968,C022,1516,3672,79.1
TR01968,C022,11896,14594,96.4
TR01968,C049,5286,5905,42.6
TR01969,C006,2136,4574,72.0
TR01969,C008,129,4789,76.4
TR01969,C015,831,2182,43.2
TR01969,C015,4203,5643,79.4
TR01969,C021,2130,4423,75.1
TR01969,C025,2249,5346,45.9
TR01969,C036,1113,1913,76.2
TR01969,C036,4057,5490,84.4
TR01970,C005,454,15257,69.0
TR01970,C009,2755,3129,53.0
TR01970,C009,8168,9984,65.4
TR01970,C025,0,5344,34.6
TR01970,C030,77,1470,89.4
TR01970,C030,4388,5931,53.2
TR01970,C030,8371,10065,54.2
TR01970,C030,11856,12166,94.4
TR01970,C033,5650,8685,72.8
TR01970,C039,924,2146,42.0
TR01970,C039,10414,11079,82.4
TR01970,C041,3766,5594,73.7
TR01971,C008,1881,5877,24.0
TR01971,C008,13599,14658,32.4
TR01971,C011,2942,3510,52.8
TR01971,C011,13427,16664,52.2
TR01971,C015,4760,8422,34.4
TR01971,C015,12747,15619,66.3
TR01971,C023,182,3661,42.6
TR01971,C023,9891,12398,32.6
TR01971,C038,625,2635,77.8
TR01971,C038,6231,7010,80.3
TR01971,C038,10238,10771,70.4
TR01971,C038,15181,17103,58.0
TR01971,C040,6354,7342,77.5
TR01971,C047,980,4465,94.1
TR01972,C012,305,3844,59.4
TR01972,C012,8435,10612,54.9
TR01972,C015,2333,3209,84.7
TR01972,C015,10583,14521,38.6
TR01972,C023,2171,13191,85.0
TR01972,C027,1154,3949,56.1
TR01972,C027,9938,13094,30.1
TR01972,C036,1609,3946,42.6
TR01973,C003,416,2459,95.5
TR01973,C010,2362,3875,98.3
TR01973,C010,10079,12906,72.3
TR01973,C016,3556,6478,22.0
TR01973,C021,1044,1427,31.7
TR01973,C021,11305,12268,62.4
TR01973,C024,0,4443,45.5
TR01973,C032,812,1573,80.9
TR01973,C043,3401,6908,43.1
TR01973,C045,2830,5516,65.1
TR01973,C045,10153,10930,89.2
TR01973,C003,9536,13432,63.4
TR01974,C002,1151,2679,53.6
TR01974,C002,4151,5686,32.3
TR01974,C002,8676,10167,44.5
TR01974,C002,12524,14980,49.0
TR01974,C013,2961,5387,37.6
TR01974,C015,465,1602,31.1
TR01974,C015,5811,7012,38.6
TR01974,C015,10999,13161,35.0
TR01974,C026,3097,3867,67.4
TR01974,C029,3277,5213,38.1
TR01974,C037,6655,8692,94.0
TR01974,C049,1025,2845,61.6
TR01974,C049,3940,4908,66.0
TR01974,C049,8406,9951,32.2
TR01974,C049,12100,12917,77.5
TR01975,C006,2034,3788,68.0
TR01975,C006,7485,9052,67.3
TR01975,C012,46,716,69.3
TR01975,C012,8468,10192,68.3
TR01975,C017,1135,12891,67.1
TR01975,C020,2164,4092,55.4
TR01975,C024,335,2516,84.7
TR01975,C024,8833,10854,50.6
TR01975,C040,282,2532,80.5
TR01975,C040,8180,8381,76.5
TR01976,C004,2461,3055,81.5
TR01976,C008,48,2003,39.4
TR01976,C008,4033,4965,68.3
TR01976,C024,1666,4523,63.9
TR01976,C033,1708,3115,72.0
TR01976,C034,385,648,53.7
TR01976,C034,2351,2783,71.6
TR01976,C034,3811,4040,46.4
TR01976,C036,1035,1703,81.6
TR01977,C007,361,7073,68.8
TR01977,C011,1087,2605,31.2
TR01977,C011,4553,7195,79.5
TR01977,C013,0,3132,69.5
TR01977,C016,34,1875,66.1
TR01977,C016,4584,6035,89.6
TR01977,C019,903,3977,39.0
TR01977,C019,5173,7412,22.0
TR01977,C029,3998,6062,69.3
TR01977,C048,1063,5015,23.3
TR01978,C010,614,3737,20.2
TR01978,C010,5893,6603,39.0
TR01978,C019,1124,1516,52.3
TR01978,C019,6078,8669,38.8
TR01978,C023,18,1971,60.8
TR01978,C023,5969,7490,95.8
TR01978,C028,2859,4230,76.2
TR01978,C032,1532,3784,68.7
TR01978,C032,6679,9511,24.3
TR01978,C043,1516,3507,79.9
TR01978,C043,6224,8006,33.2
TR01978,C045,3328,5079,66.1
TR01979,C002,428,8963,74.0
TR01979,C004,1382,4723,35.2
TR01979,C004,6849,7398,86.0
TR01979,C015,5114,8852,61.1
TR01979,C016,3171,6267,21.8
TR01979,C050,160,2360,69.0
TR01979,C050,4438,5004,68.1
TR01979,C050,7664,9955,96.9
TR01980,C006,6162,9468,49.1
TR01980,C025,2351,5718,70.8
TR01980,C025,10169,11903,96.7
TR01980,C029,1402,12592,95.4
TR01980,C037,2348,4561,63.0
TR01980,C037,9701,13321,74.3
TR01980,C041,1771,5115,50.1
TR01980,C041,11032,11822,26.7
TR01980,C043,84,434,63.1
TR01981,C011,490,3574,47.6
TR01981,C016,3230,3786,85.2
TR01981,C033,1063,2743,65.5
TR01981,C033,3392,4310,98.7
TR01981,C042,1303,5810,94.2
TR01981,C050,229,1320,82.4
TR01982,C003,0,2862,64.1
TR01982,C004,1642,16024,92.9
TR01982,C014,4529,4933,93.8
TR01982,C014,12980,13343,96.7
TR01982,C021,2818,4846,87.3
TR01982,C021,10876,12899,99.9
TR01982,C035,3932,17987,93.7
TR01983,C004,739,1409,90.2
TR01983,C005,1017,3030,70.5
TR01983,C005,3465,5829,48.9
TR01983,C025,374,1825,45.8
TR01983,C025,4375,5762,77.7
TR01983,C034,0,1947,82.3
TR01983,C039,0,3135,71.2
TR01984,C002,2940,14356,98.8
TR01984,C005,2562,5734,25.2
TR01984,C005,12615,15435,39.9
TR01984,C015,7138,7342,93.2
TR01984,C026,1368,3071,33.6
TR01984,C030,133,2270,37.2
TR01984,C033,5420,7966,37.6
TR01984,C035,3258,6990,54.5
TR01984,C043,2974,5947,60.3
TR01985,C004,2369,4514,92.5
TR01985,C004,12493,15658,75.7
TR01985,C008,8334,11613,84.2
TR01985,C010,1547,4767,20.2
TR01985,C010,10676,14016,42.0
TR01985,C012,0,8486,54.9
TR01985,C019,582,14863,61.4
TR01985,C024,4963,6303,42.3
TR01985,C041,2472,3913,70.0
TR01986,C028,3580,5985,79.8
TR01986,C029,6665,7280,79.1
TR01986,C030,1015,2385,83.3
TR01986,C030,5332,7000,83.2
TR01986,C030,9336,10602,66.7
TR01986,C030,13354,15010,43.5
TR01986,C034,46,15661,82.0
TR01986,C046,5435,7395,77.5
TR01987,C029,1280,3300,24.6
TR01987,C029,4488,6232,26.3
TR01987,C032,805,1689,68.0
TR01987,C032,4005,4984,83.6
TR01987,C039,2929,3372,39.5
TR01987,C046,432,3376,57.8
TR01987,C029,293,2806,72.2
TR01988,C008,731,3587,34.1
TR01988,C008,10329,11653,82.6
TR01988,C022,2975,16146,98.2
TR01988,C027,1676,5079,32.7
TR01988,C027,11150,12146,42.5
TR01988,C031,2722,4538,61.6
TR01988,C036,7388,10857,30.3
TR01988,C050,8983,9689,30.2
TR01989,C001,900,4091,99.2
TR01989,C009,646,4034,73.3
TR01989,C009,6596,7542,95.5
TR01989,C021,827,1424,61.6
TR01989,C021,4706,5199,90.4
TR01989,C021,9755,11972,85.8
TR01989,C037,2497,3320,55.5
TR01989,C042,1654,4310,99.8
TR01989,C044,556,10766,96.1
TR01990,C008,3180,6834,87.2
TR01990,C008,8499,9680,100.0
TR01990,C013,2566,4297,62.1
TR01990,C013,10657,13871,44.0
TR01990,C023,5592,7735,51.3
TR01990,C025,2406,3457,23.8
TR01990,C025,9807,10999,25.4
TR01990,C030,2489,5919,57.0
TR01990,C030,8448,9712,22.8
TR01990,C031,2756,5736,44.6
TR01990,C031,8374,11907,95.6
TR01990,C036,2253,4781,65.3
TR01990,C036,8151,8778,75.3
TR01990,C045,2210,3224,55.0
TR01990,C045,12085,13801,31.1
TR01991,C021,1665,2311,26.3
TR01991,C021,7403,10026,83.6
TR01991,C024,3910,7879,71.4
TR01991,C027,1147,2456,75.3
TR01991,C027,4172,6150,45.6
TR01991,C027,8586,9969,92.1
TR01991,C033,75,11575,86.6
TR01991,C049,649,2348,73.4
TR01991,C049,8373,9209,76.9
TR01992,C008,0,7496,34.7
TR01992,C011,1259,5257,40.6
TR01992,C011,9769,11529,75.3
TR01992,C014,1212,4700,23.8
TR01992,C014,8848,11286,96.1
TR01992,C024,352,877,98.5
TR01992,C024,12433,15510,60.4
TR01992,C027,1468,2186,70.3
TR01992,C027,6917,7438,66.2
TR01992,C027,12682,13846,77.3
TR01992,C037,0,7760,32.3
TR01992,C044,678,1670,22.6
TR01992,C050,784,4665,44.7
TR01993,C003,4627,8519,83.4
TR01993,C003,10471,13744,77.1
TR01993,C011,2879,4272,91.0
TR01993,C011,11352,13534,26.7
TR01993,C023,1214,17204,78.9
TR01993,C027,267,800,41.9
TR01993,C027,13487,15781,93.6
TR01993,C039,1532,4346,96.8
TR01993,C039,13197,14838,27.2
TR01993,C044,2431,4985,95.1
TR01993,C044,10353,13595,38.7
TR01993,C049,217,3140,56.3
TR01994,C011,2969,13245,64.1
TR01994,C014,3048,13636,62.8
TR01994,C020,0,6383,71.8
TR01994,C027,5531,6603,54.0
TR01994,C028,1368,3838,86.3
TR01994,C028,9268,10825,50.1
TR01994,C031,0,3204,33.5
TR01994,C043,5396,5926,42.8
TR01995,C001,4089,7463,32.0
TR01995,C010,546,1361,54.1
TR01995,C010,5078,7751,95.0
TR01995,C012,894,1800,58.4
TR01995,C012,4258,5764,65.7
TR01995,C017,1548,4379,78.2
TR01995,C035,588,3784,85.1
TR01995,C035,5552,7933,65.5
TR01995,C040,0,1664,28.6
TR01996,C001,3130,4445,26.1
TR01996,C001,7699,9747,55.0
TR01996,C002,3572,6269,90.7
TR01996,C002,9243,10591,23.1
TR01996,C006,234,11953,98.0
TR01996,C014,589,810,66.4
TR01996,C014,7780,10135,54.7
TR01996,C022,1047,2737,39.5
TR01996,C022,9076,11697,52.4
TR01996,C027,5030,6482,92.1
TR01996,C028,5685,8983,83.9
TR01996,C044,2783,3811,62.6
TR01997,C001,1406,5329,82.5
TR01997,C011,398,1286,47.2
TR01997,C014,173,1573,78.6
TR01997,C014,3673,4778,52.5
TR01997,C016,1046,1678,22.1
TR01997,C018,615,2579,46.3
TR01997,C018,4516,5122,68.6
TR01997,C025,942,1197,65.1
TR01997,C025,4606,5337,30.8
TR01997,C038,1935,5777,51.7
TR01998,C001,313,3880,60.4
TR01998,C016,564,2541,65.6
TR01998,C016,4218,5041,90.3
TR01998,C021,2328,3434,78.7
TR01998,C025,453,1212,59.2
TR01998,C025,3663,4026,88.1
TR01998,C029,1329,1873,44.7
TR01998,C029,3484,4663,58.9
TR01998,C034,950,2486,62.0
TR01998,C034,3467,4801,94.0
TR01998,C045,165,2451,92.6
TR01998,C045,3986,4993,47.3
TR01998,C001,4110,5979,83.5
TR01999,C001,0,624,55.8
TR01999,C002,51,1189,29.0
TR01999,C004,0,1655,36.6
TR01999,C027,0,5648,27.4
TR01999,C035,0,2757,78.5
TR01999,C040,4178,7499,48.4
TR01999,C040,8765,10611,97.1
TR01999,C042,2907,13449,69.0
TR01999,C049,76,2303,65.8
TR01999,C049,11194,12675,90.7
TR02000,C004,3408,4351,30.9
TR02000,C004,10126,11407,25.0
TR02000,C014,1801,3354,94.2
TR02000,C015,1141,2887,72.6
TR02000,C015,9450,10925,32.0
TR02000,C024,2182,3426,52.1
TR02000,C024,10376,12031,31.5
TR02000,C034,1180,2315,99.5
TR02000,C034,9801,12333,60.9
TR02000,C040,3572,4377,45.6
TR02000,C040,9595,10434,53.5
TR02000,C048,1227,2476,28.5
TR02000,C048,9896,13087,36.2
TR02001,C010,2952,14800,75.9
TR02001,C019,1897,5604,91.3
TR02001,C019,11205,11990,29.3
TR02001,C025,1189,2458,42.3
TR02001,C032,1850,5605,99.6
TR02001,C032,8587,11225,76.3
TR02001,C049,2853,4171,55.7
TR02001,C049,11801,12731,30.1
TR02002,C002,1452,3497,48.9
TR02002,C002,11475,13024,70.0
TR02002,C007,5252,8506,47.7
TR02002,C015,3043,5689,67.3
TR02002,C015,10523,13729,88.5
TR02002,C022,1294,2757,53.8
TR02002,C030,4765,6518,38.8
TR02002,C035,1055,4216,85.0
TR02002,C044,4186,6812,43.8
TR02003,C004,652,1244,44.3
TR02003,C004,2933,4112,97.2
TR02003,C004,5171,6034,83.8
TR02003,C004,7292,9235,44.6
TR02003,C013,1802,7490,83.3
TR02003,C021,1354,3495,62.9
TR02003,C024,797,2989,40.1
TR02003,C024,5244,7807,98.4
TR02003,C037,1861,5747,66.0
TR02003,C038,1847,2106,69.2
TR02003,C038,5022,5600,49.1
TR02004,C003,4116,5526,33.2
TR02004,C021,22,12439,66.9
TR02004,C024,305,11136,76.2
TR02004,C026,5874,6402,22.6
TR02004,C042,2225,4864,36.4
TR02005,C003,8479,9889,25.9
TR02005,C016,4443,4796,69.6
TR02005,C028,4353,5214,63.2
TR02005,C028,11131,14983,69.4
TR02005,C039,4454,8048,65.3
TR02005,C039,11563,14997,53.8
TR02006,C005,944,1231,61.3
TR02006,C014,1790,3500,49.1
TR02006,C014,5873,6815,42.4
TR02006,C017,190,2437,99.3
TR02006,C020,383,1116,36.7
TR02006,C032,696,2495,61.9
TR02006,C032,5280,7142,82.8
TR02006,C039,2309,5494,72.8
TR02007,C011,1941,10219,80.8
TR02007,C016,21,1977,35.5
TR02007,C016,6940,7418,31.2
TR02007,C017,1825,3798,65.5
TR02007,C017,7356,10375,48.3
TR02007,C025,786,2546,85.5
TR02007,C035,677,3057,57.4
TR02007,C040,1187,1977,76.6
TR02007,C040,7406,10362,91.3
TR02007,C044,5363,7545,28.3
TR02007,C050,5158,7227,53.0
TR02008,C002,353,10259,72.6
TR02008,C014,3629,6149,63.4
TR02008,C020,2309,4925,37.7
TR02008,C039,3566,6096,30.6
TR02008,C045,2683,5716,62.8
TR02008,C045,7433,8894,63.0
TR02008,C046,2539,2793,40.5
TR02008,C046,8552,10900,53.1
TR02008,C050,576,2005,57.2
TR02008,C050,3769,4574,88.5
TR02008,C050,7044,7757,60.2
TR02008,C050,10066,10871,73.3
TR02009,C004,3254,5278,48.4
TR02009,C004,10800,13854,83.5
TR02009,C005,203,963,78.0
TR02009,C005,4788,6243,48.9
TR02009,C005,8212,8787,98.8
TR02009,C005,12005,12372,74.2
TR02009,C021,3790,5909,57.2
TR02009,C021,9371,10230,76.1
TR02009,C029,285,1235,98.4
TR02009,C029,11380,14605,71.1
TR02009,C030,1281,3496,88.2
TR02009,C030,10388,13614,41.3
TR02009,C041,2809,13997,69.8
TR02009,C045,2603,4576,38.3
TR02009,C045,10887,11325,44.9
TR02009,C049,0,3802,59.8
TR02010,C012,4360,7475,98.2
TR02010,C027,3246,12392,89.2
TR02010,C030,0,7570,74.5
TR02010,C032,6497,6809,45.1
TR02010,C033,2148,5634,56.7
TR02010,C033,10509,11972,96.8
TR02010,C050,353,1014,79.4
TR02010,C050,10381,12933,25.6
TR02010,C012,5348,11221,83.3
TR02011,C002,1145,3629,76.0
TR02011,C002,6849,8507,84.7
TR02011,C009,1766,3960,24.2
TR02011,C009,7789,9421,52.2
TR02011,C025,1065,1707,28.9
TR02011,C031,2602,4025,74.9
TR02011,C031,5955,6901,98.4
TR02011,C033,92,325,20.7
TR02011,C033,7622,10741,82.9
TR02011,C044,1308,2886,73.4
TR02011,C044,5520,7531,86.1
TR02011,C046,4178,6696,54.8
TR02012,C005,5920,6819,73.0
TR02012,C010,3141,16544,78.2
TR02012,C023,2850,4646,76.9
TR02012,C023,11970,13780,38.7
TR02012,C033,2154,3034,60.1
TR02012,C033,11891,13486,90.8
TR02012,C037,4449,4735,41.1
TR02012,C038,2147,2890,54.2
TR02012,C038,12449,14751,46.4
TR02012,C039,2294,5677,68.0
TR02012,C039,13477,16648,86.1
TR02012,C048,0,7691,76.1
TR02013,C028,3262,5196,57.7
TR02013,C029,142,1394,63.6
TR02013,C029,10450,12570,95.5
TR02013,C035,1176,3497,96.0
TR02013,C035,6055,7528,32.6
TR02013,C035,10253,11287,51.1
TR02013,C035,14906,17380,67.2
TR02013,C037,5591,6291,54.4
TR02013,C038,3990,6333,67.4
TR02013,C039,3381,16941,98.4
TR02014,C010,4320,7887,40.6
TR02014,C010,12269,12611,88.0
TR02014,C014,7678,9600,84.5
TR02014,C039,6341,8949,30.0
TR02014,C046,2513,4669,92.9
TR02015,C001,3521,6751,41.2
TR02015,C011,3142,5474,84.6
TR02015,C024,449,3432,52.3
TR02015,C024,5389,6529,87.3
TR02015,C025,746,9745,93.8
TR02015,C028,3038,6047,39.9
TR02015,C035,60,8294,90.0
TR02015,C042,2294,4818,23.4
TR02015,C042,5319,7329,97.1
TR02015,C046,228,1621,87.4
TR02016,C015,2246,3478,70.4
TR02016,C015,8762,11100,24.6
TR02016,C022,700,1133,78.5
TR02016,C022,3210,4041,74.7
TR02016,C022,6824,8786,87.9
TR02016,C022,9155,11618,49.4
TR02016,C025,102,1303,69.1
TR02016,C026,0,1657,53.5
TR02017,C002,0,4430,57.4
TR02017,C004,1075,3465,22.2
TR02017,C023,1322,2821,94.3
TR02017,C023,7727,9262,72.7
TR02017,C025,1874,2413,53.5
TR02017,C025,7419,9774,66.4
TR02017,C026,0,2055,30.4
TR02017,C032,1887,5872,97.3
TR02017,C032,8243,11543,92.0
TR02017,C039,2942,4295,67.5
TR02017,C039,7072,8612,89.7
TR02018,C012,2981,5046,79.4
TR02018,C012,7454,10181,36.5
TR02018,C014,1530,2847,57.0
TR02018,C017,5235,5906,82.0
TR02018,C021,1377,2851,36.2
TR02018,C021,6118,8294,22.7
TR02018,C029,197,419,43.5
TR02018,C029,7828,9916,99.9
TR02018,C031,3804,7701,98.5
TR02018,C034,1579,10145,61.4
TR02018,C043,2167,4678,20.3
TR02019,C012,4084,7311,99.7
TR02019,C012,13486,15511,22.9
TR02019,C017,1263,2563,48.9
TR02019,C017,9166,9858,31.0
TR02019,C034,4006,5489,27.4
TR02019,C040,994,2640,97.7
TR02020,C009,1283,4255,67.3
TR02020,C014,1236,2790,51.3
TR02020,C014,4108,5250,77.8
TR02020,C028,1280,4696,23.6
TR02020,C030,2563,3997,62.7
TR02020,C034,679,2027,92.1
TR02020,C034,4115,6007,92.8
TR02020,C036,341,3576,35.8
TR02020,C038,1471,2792,84.8
TR02020,C038,3958,4599,87.5
TR02020,C042,1318,3220,24.5
TR02021,C013,162,2003,41.0
TR02021,C013,7512,9913,68.5
TR02021,C013,13388,14781,69.8
TR02021,C014,4111,7523,58.3
TR02021,C014,13685,14770,41.5
TR02021,C017,4350,4762,85.2
TR02021,C020,225,632,54.0
TR02021,C020,4888,5520,55.5
TR02021,C020,9847,10987,33.2
TR02021,C020,15064,15688,93.2
TR02021,C028,0,2604,54.2
TR02021,C041,381,2529,47.7
TR02021,C042,2511,5559,74.9
TR02021,C042,13301,15513,27.8
TR02021,C046,0,7491,49.0
TR02022,C022,935,3343,40.8
TR02022,C024,324,863,93.7
TR02022,C024,3365,3672,48.3
TR02022,C024,5729,6246,86.1
TR02022,C024,9004,10517,69.5
TR02022,C025,426,740,62.0
TR02022,C025,2740,3538,31.3
TR02022,C025,5968,6457,82.0
TR02022,C025,8933,9186,31.5
TR02022,C035,3611,6228,28.5
TR02022,C036,0,615,44.7
TR02022,C022,646,4440,77.0
TR02023,C002,3721,5807,49.1
TR02023,C002,11827,12299,85.1
TR02023,C003,2493,5608,50.2
TR02023,C015,3516,6355,49.8
TR02023,C023,2997,5999,27.5
TR02023,C023,10740,13848,90.0
TR02023,C024,2261,12789,81.3
TR02023,C033,7302,9828,55.7
TR02024,C003,5571,7531,45.7
TR02024,C011,8765,9825,98.1
TR02024,C016,609,15159,73.1
TR02024,C017,1171,3308,70.4
TR02024,C017,7406,8212,86.7
TR02024,C017,13217,15570,88.9
TR02024,C027,2551,5325,75.0
TR02024,C027,12712,15448,31.0
TR02024,C034,471,675,55.5
TR02024,C034,5268,6955,83.2
TR02024,C034,11069,12885,43.0
TR02024,C034,14678,16921,43.1
TR02024,C046,4081,4541,53.7
TR02024,C046,12726,15760,49.3
TR02025,C010,1556,3117,59.4
TR02025,C010,7036,8547,40.4
TR02025,C010,10935,12769,30.7
TR02025,C043,2780,5349,91.7
TR02025,C046,3043,14302,62.5
TR02025,C049,1364,1832,86.5
TR02026,C011,414,9148,92.6
TR02026,C014,1753,2705,42.7
TR02026,C021,2223,2601,64.3
TR02026,C021,7041,9285,63.5
TR02026,C036,3529,3769,20.4
TR02026,C037,0,1289,25.6
TR02026,C048,161,9133,76.1
TR02027,C009,963,2323,64.1
TR02027,C009,5026,7108,72.6
TR02027,C009,8258,9513,84.7
TR02027,C009,12525,13480,89.3
TR02027,C017,6032,6410,26.7
TR02027,C018,482,1063,42.8
TR02027,C018,4600,7063,69.8
TR02027,C018,7713,8776,50.8
TR02027,C018,12718,13267,63.6
TR02027,C026,7511,10044,33.6
TR02027,C047,0,2637,73.2
TR02028,C004,189,1391,85.8
TR02028,C004,1559,2553,57.0
TR02028,C004,2878,3634,73.1
TR02028,C004,4706,5261,60.9
TR02028,C026,714,1467,75.4
TR02028,C026,4027,4960,80.6
TR02028,C038,1179,2185,32.5
TR02028,C038,3755,4313,92.5
TR02028,C040,0,775,49.0
TR02028,C046,0,1429,62.0
TR02028,C049,80,1789,94.7
TR02028,C049,3109,3755,77.9
TR02029,C008,1419,1894,57.8
TR02029,C008,3285,4886,96.3
TR02029,C010,324,5532,72.1
TR02029,C016,0,1872,23.0
TR02029,C036,900,2497,51.5
TR02030,C004,3810,7708,55.0
TR02030,C007,0,4327,87.7
TR02030,C015,6766,10284,62.9
TR02030,C034,792,2456,51.0
TR02030,C034,7515,7728,74.4
TR02030,C038,3656,5417,86.2
TR02031,C001,6492,8658,82.6
TR02031,C011,712,1720,42.6
TR02031,C011,5986,7697,68.5
TR02031,C011,9734,10294,97.9
TR02031,C011,14101,15549,90.3
TR02031,C024,308,2654,65.1
TR02031,C025,1102,1935,60.5
TR02031,C025,10514,11987,85.8
TR02031,C026,3848,6995,82.3
TR02031,C026,12381,12832,52.4
TR02031,C029,510,2740,58.6
TR02031,C039,883,3345,69.5
TR02031,C039,5192,6794,86.9
TR02031,C039,10371,11286,96.2
TR02031,C039,14276,15983,72.8
TR02032,C012,312,3252,37.0
TR02032,C012,6001,8614,53.3
TR02032,C025,3226,3930,80.6
TR02032,C027,402,1953,44.2
TR02032,C027,6878,10056,22.4
TR02032,C033,2815,6678,64.3
TR02032,C035,4245,6236,85.0
TR02032,C038,318,4063,90.5
TR02032,C038,8763,10524,33.9
TR02032,C042,1600,5128,63.2
TR02033,C010,1968,4424,38.0
TR02033,C015,3320,3964,40.5
TR02033,C030,2486,4029,42.0
TR02033,C034,0,1559,48.7
TR02033,C040,1088,3668,55.8
TR02033,C040,5014,5579,31.6
TR02033,C044,2368,3602,97.8
TR02034,C016,3201,3561,24.9
TR02034,C028,1992,3279,20.0
TR02034,C028,6020,6637,79.8
TR02034,C040,1147,3874,62.5
TR02034,C047,449,1343,47.2
TR02034,C047,4955,6470,42.7
TR02034,C048,1320,3279,69.6
TR02034,C048,4936,6137,85.7
TR02035,C010,2402,5657,38.9
TR02035,C015,1919,3421,61.7
TR02035,C020,2459,6215,78.8
TR02035,C021,1436,5331,71.0
TR02035,C021,7145,9202,83.8
TR02035,C045,1582,3826,67.0
TR02035,C045,6967,7932,47.3
TR02035,C047,2610,3195,79.6
TR02035,C047,6377,9264,50.2
TR02035,C048,2297,3692,65.2
TR02035,C048,6828,8953,72.8
TR02036,C001,3531,6081,37.8
TR02036,C001,10405,12815,47.8
TR02036,C009,3305,19130,78.4
TR02036,C012,0,2642,39.1
TR02036,C015,4134,7698,53.8
TR02036,C023,4162,7440,71.4
TR02036,C023,14350,16370,78.8
TR02036,C029,1432,4169,87.9
TR02036,C029,12585,13893,40.9
TR02037,C002,888,3558,39.5
TR02037,C004,324,4705,81.4
TR02037,C009,785,1053,44.7
TR02037,C009,3107,3989,67.7
TR02037,C010,1195,2301,83.3
TR02037,C010,3976,4598,59.3
TR02037,C019,1080,4400,88.4
TR02037,C021,0,1559,37.2
TR02037,C025,800,1683,20.4
TR02037,C031,2542,5409,89.6
TR02038,C012,4050,5243,32.4
TR02038,C027,2442,17987,96.5
TR02038,C039,4764,5351,86.8
TR02038,C039,14020,15370,51.5
TR02038,C041,5292,6013,99.9
TR02039,C004,3081,5900,45.9
TR02039,C014,517,3415,87.8
TR02039,C015,234,834,99.8
TR02039,C015,8629,11187,40.0
TR02039,C017,1678,4408,36.9
TR02039,C017,7738,10645,38.0
TR02039,C031,4885,6632,73.2
TR02039,C033,1119,9411,95.4
TR02039,C048,2505,5903,73.2
TR02039,C048,8034,9385,23.4
TR02039,C049,1784,4150,88.2
TR02039,C049,6280,8152,82.7
TR02040,C016,2136,3810,78.6
TR02040,C016,7265,7550,20.6
TR02040,C017,1577,3546,85.4
TR02040,C017,6613,7604,40.7
TR02040,C025,0,2859,35.3
TR02040,C026,377,2695,45.9
TR02040,C026,4990,7590,89.8
TR02040,C027,1125,2602,86.4
TR02040,C027,6233,8161,21.9
TR02040,C032,241,3511,51.6
TR02040,C045,130,3911,68.3
TR02040,C048,2018,4713,48.7
TR02040,C048,7125,7508,95.4
TR02041,C014,1178,2055,99.4
TR02041,C014,5218,5561,99.3
TR02041,C015,462,2161,57.0
TR02041,C015,2625,3970,52.1
TR02041,C015,5629,7339,67.5
TR02041,C015,7967,8730,78.6
TR02041,C018,3690,4563,70.1
TR02041,C022,561,4261,80.8
TR02041,C022,5807,7354,27.3
TR02041,C033,1552,9031,96.6
TR02041,C034,690,2360,73.7
TR02041,C034,5232,8256,29.8
TR02041,C048,1213,2883,60.7
TR02041,C048,6172,7779,52.2
TR02042,C003,4320,7637,24.2
TR02042,C009,2397,2811,52.4
TR02042,C009,8015,8818,50.3
TR02042,C015,1951,4497,50.4
TR02042,C015,8848,10253,53.2
TR02042,C030,1057,1629,84.1
TR02042,C030,3925,5714,93.6
TR02042,C030,6956,8420,90.8
TR02042,C030,10372,12780,55.1
TR02042,C034,1107,3213,46.3
TR02042,C043,2182,5049,64.2
TR02042,C043,8668,12081,26.6
TR02042,C003,0,5048,63.7
TR02043,C001,1079,3263,59.6
TR02043,C001,7290,7963,98.5
TR02043,C003,791,3313,39.6
TR02043,C003,8835,11099,50.5
TR02043,C020,2439,6124,49.5
TR02043,C020,9122,9859,43.8
TR02043,C031,2791,4517,85.5
TR02043,C031,6239,6813,86.7
TR02043,C041,5795,6558,95.2
TR02043,C046,1048,2763,80.5
TR02043,C046,4166,4448,54.6
TR02043,C046,8910,11227,65.4
TR02044,C010,3036,5293,37.0
TR02044,C010,12567,14411,50.7
TR02044,C013,8623,12285,42.1
TR02044,C018,0,5912,46.3
TR02044,C035,1610,17052,99.0
TR02044,C038,3606,4127,76.5
TR02044,C038,12165,15610,57.1
TR02044,C040,2944,5199,23.9
TR02044,C040,11330,13073,52.2
TR02044,C048,4946,6016,94.8
TR02044,C049,3939,5965,50.4
TR02044,C049,10439,11073,88.6
TR02045,C009,1028,1434,29.9
TR02045,C009,3370,5032,21.9
TR02045,C012,337,2355,68.9
TR02045,C012,2933,3287,59.5
TR02045,C017,113,1223,55.7
TR02045,C036,923,1562,93.8
TR02045,C042,615,4422,55.1
TR02045,C047,185,1229,33.0
TR02045,C047,2902,3365,49.5
TR02045,C048,0,1039,73.3
TR02046,C014,2753,3999,81.6
TR02046,C030,1106,1841,29.4
TR02046,C030,7272,7572,97.8
TR02046,C036,1421,3914,97.3
TR02046,C036,6054,8182,48.0
TR02046,C040,2785,4356,39.9
TR02047,C001,656,12631,61.4
TR02047,C020,5277,5675,47.0
TR02047,C023,966,1926,91.0
TR02047,C023,4847,5166,47.0
TR02047,C023,8050,9363,41.5
TR02047,C023,12137,12781,54.0
TR02047,C032,461,1719,94.8
TR02047,C047,2326,3951,78.6
TR02048,C009,938,5051,75.2
TR02048,C012,0,1822,36.4
TR02048,C023,0,982,31.7
TR02048,C048,3,2315,39.8
TR02048,C048,3791,5429,41.5
TR02049,C001,899,4460,27.1
TR02049,C007,2905,3651,26.2
TR02049,C016,3373,4801,40.4
TR02049,C016,10324,11572,57.2
TR02049,C032,6208,10103,76.2
TR02049,C045,5370,8058,24.2
TR02049,C047,7907,10805,23.2
TR02049,C001,5313,15212,85.2
TR02050,C007,0,8395,37.9
TR02050,C018,2289,3252,64.1
TR02050,C018,12117,13938,37.6
TR02050,C033,3419,4129,30.2
TR02050,C033,12089,15854,30.2
TR02050,C038,3637,6790,48.1
TR02050,C045,1919,3600,34.5
TR02050,C045,7873,8460,99.2
TR02050,C045,13805,15581,86.0
TR02051,C004,718,5121,92.2
TR02051,C013,837,1134,92.5
TR02051,C013,3737,5364,85.2
TR02051,C014,1351,2173,32.5
TR02051,C014,3464,4803,65.9
TR02051,C024,348,2621,48.2
TR02051,C024,3937,4695,41.1
TR02051,C032,79,5295,71.7
TR02051,C045,112,771,82.6
TR02051,C045,3579,4813,70.7
TR02051,C047,184,2585,22.9
TR02051,C049,247,1842,85.0
TR02051,C049,3624,4498,87.1
TR02052,C008,732,1589,54.8
TR02052,C008,4615,6459,82.2
TR02052,C017,654,1646,55.0
TR02052,C017,2306,3309,48.8
TR02052,C017,4579,5168,32.0
TR02052,C036,109,910,97.3
TR02052,C036,3995,4665,33.3
TR02052,C039,1003,4762,68.3
TR02053,C003,2129,4483,64.8
TR02053,C003,9091,11404,45.8
TR02053,C007,2760,5104,51.1
TR02053,C007,8732,10269,47.2
TR02053,C012,2044,5032,36.1
TR02053,C012,8169,11084,82.7
TR02053,C023,213,689,64.0
TR02053,C023,5484,7762,95.1
TR02053,C023,10464,11217,30.1
TR02053,C026,6083,8111,68.8
TR02054,C003,2050,5425,27.9
TR02054,C006,2628,3011,92.4
TR02054,C006,8174,11050,23.6
TR02054,C017,0,5422,63.7
TR02054,C021,1775,4016,48.9
TR02054,C021,8735,9643,24.9
TR02055,C016,1514,7220,82.7
TR02055,C020,3468,6837,91.8
TR02055,C022,3846,7341,58.8
TR02055,C025,691,4036,40.3
TR02055,C026,3217,3483,72.9
TR02055,C033,3635,5035,95.6
TR02055,C034,857,1649,55.3
TR02055,C034,5223,6660,52.3
TR02055,C050,193,7480,77.5
TR02056,C008,6240,8372,38.5
TR02056,C012,5046,8105,66.3
TR02056,C022,3019,5807,88.6
TR02056,C022,9663,11635,83.8
TR02056,C026,4714,6083,75.5
TR02057,C028,5413,6688,43.4
TR02057,C033,0,626,26.0
TR02057,C037,6380,9292,95.1
TR02057,C040,562,2850,59.4
TR02057,C040,7959,9523,33.1
TR02057,C050,397,3279,58.2
TR02057,C050,8308,11753,86.0
TR02058,C001,3180,3409,72.3
TR02058,C006,1373,2578,74.5
TR02058,C006,6614,7076,50.5
TR02058,C007,2096,8622,86.8
TR02058,C016,812,1741,74.2
TR02058,C016,2775,4346,79.3
TR02058,C016,5853,7515,34.3
TR02058,C016,8784,10024,44.2
TR02058,C024,2380,4323,80.9
TR02058,C047,2348,4531,48.5
TR02059,C013,181,608,30.7
TR02059,C013,7684,7986,77.2
TR02059,C027,3021,6436,33.8
TR02059,C027,9362,12794,50.4
TR02059,C028,6315,9043,36.7
TR02059,C035,3095,5728,74.6
TR02059,C035,7093,7569,21.6
TR02059,C048,717,1451,48.0
TR02059,C048,4587,5853,63.8
TR02059,C048,7399,8263,93.8
TR02059,C048,11347,12450,59.1
TR02059,C050,1778,3722,92.0
TR02059,C050,8603,10657,42.2
TR02060,C001,1189,1712,68.7
TR02060,C001,5073,6796,94.4
TR02060,C001,10349,10743,39.5
TR02060,C003,4378,7041,64.6
TR02060,C013,448,2831,63.5
TR02060,C013,9449,12569,77.6
TR02060,C016,990,4401,67.5
TR02060,C016,8400,11535,34.3
TR02060,C026,0,690,29.8
TR02060,C030,952,2851,92.4
TR02060,C030,4910,5887,95.1
TR02060,C030,9143,10981,74.9
TR02060,C031,2920,5455,60.9
TR02060,C031,9471,12192,71.3
TR02060,C044,704,2749,57.5
TR02061,C004,0,2218,46.5
TR02061,C007,2446,4512,71.2
TR02061,C007,7972,8701,70.8
TR02061,C012,1147,3665,35.9
TR02061,C012,6041,9926,29.0
TR02061,C015,2476,4126,28.3
TR02061,C015,7982,11345,44.3
TR02061,C028,928,2508,47.7
TR02061,C028,8680,9787,75.7
TR02061,C040,240,10360,91.0
TR02061,C043,889,1261,61.0
TR02061,C043,7674,9057,41.4
TR02061,C048,1379,4464,25.2
TR02062,C010,709,1820,41.0
TR02062,C010,3732,5152,61.7
TR02062,C010,8112,9623,92.8
TR02062,C017,672,4630,46.9
TR02062,C025,649,4619,23.5
TR02062,C033,2908,6897,50.7
TR02062,C042,471,2697,66.9
TR02062,C042,4040,5552,99.9
TR02062,C042,8246,10234,69.4
TR02062,C048,3902,5228,22.5
TR02062,C050,517,8860,79.9
TR02063,C004,252,11424,89.2
TR02063,C005,975,14947,91.1
TR02063,C029,5579,7666,92.0
TR02063,C037,4781,7631,44.2
TR02063,C041,6888,10825,36.8
TR02063,C042,0,6044,66.0
TR02063,C045,3189,7184,75.2
TR02063,C045,10264,11506,35.1
TR02064,C011,1352,1991,76.8
TR02064,C011,3720,4644,71.7
TR02064,C014,2216,4097,53.6
TR02064,C016,2281,3582,93.0
TR02064,C050,272,711,89.2
TR02064,C050,3243,4356,83.7
TR02064,C011,1377,2640,60.1
TR02065,C006,6137,7759,37.0
TR02065,C011,3823,4736,90.3
TR02065,C014,1425,5411,89.2
TR02065,C018,2398,4996,40.2
TR02065,C018,9714,12489,45.1
TR02065,C023,5626,6714,38.6
TR02065,C037,942,1279,68.8
TR02065,C037,8364,9018,34.9
TR02065,C045,3320,3929,53.9
TR02066,C001,1809,2559,53.8
TR02066,C008,2254,12902,81.3
TR02066,C009,748,2576,45.6
TR02066,C009,3895,4646,42.8
TR02066,C009,8016,8313,92.1
TR02066,C009,11672,12987,63.2
TR02066,C010,1826,2874,32.1
TR02066,C010,7631,9212,33.7
TR02066,C028,1991,5297,91.8
TR02066,C029,5947,9866,51.2
TR02066,C040,447,3797,47.7
TR02066,C044,113,2345,78.9
TR02067,C002,1725,3304,68.4
TR02067,C002,6892,8521,71.7
TR02067,C004,789,4525,64.1
TR02067,C004,5374,7111,80.1
TR02067,C005,2829,6511,22.2
TR02067,C006,4578,6333,21.0
TR02067,C008,495,4283,25.1
TR02067,C021,199,1152,41.8
TR02067,C021,6369,9075,95.8
TR02067,C025,733,1444,34.1
TR02067,C025,6391,7510,43.7
TR02068,C009,3766,6273,85.0
TR02068,C010,3223,3570,52.9
TR02068,C010,7412,9819,94.2
TR02068,C014,41,391,83.6
TR02068,C026,2540,3573,73.0
TR02068,C026,8597,10634,62.3
TR02068,C034,5952,8237,38.1
TR02068,C036,1329,11874,67.8
TR02068,C046,1796,3780,69.9
TR02068,C046,8666,10223,81.2
TR02069,C011,0,7292,48.0
TR02069,C019,2824,4105,20.3
TR02069,C019,12364,13163,50.5
TR02069,C023,1832,3772,97.0
TR02069,C023,6728,7305,39.5
TR02069,C023,12905,15364,93.5
TR02069,C026,37,2965,30.6
TR02069,C038,360,1739,79.9
TR02069,C038,10247,11281,66.0
TR02069,C043,3284,16349,80.5
TR02069,C047,617,2401,78.5
TR02069,C047,11453,12005,38.1
TR02069,C019,2846,9093,70.8
TR02070,C023,127,3477,33.2
TR02070,C030,303,685,78.1
TR02070,C030,4642,6839,92.5
TR02070,C034,2249,3506,92.8
TR02070,C042,486,6481,82.0
TR02071,C006,2015,3255,39.3
TR02071,C008,274,1661,75.2
TR02071,C008,6183,7592,57.2
TR02071,C017,337,8975,93.6
TR02071,C042,0,752,84.4
TR02071,C047,1042,2973,50.2
TR02071,C047,3657,5300,85.2
TR02071,C047,7690,8832,93.9
TR02072,C006,944,2898,64.7
TR02072,C006,4881,6786,83.2
TR02072,C012,337,3415,92.4
TR02072,C037,1000,1923,88.8
TR02072,C037,4108,5500,66.7
TR02072,C042,212,2022,54.2
TR02072,C042,5231,5815,57.0
TR02072,C048,1215,3269,82.9
TR02072,C048,3882,4804,44.4
TR02073,C001,1401,3693,30.7
TR02073,C001,9889,11686,59.3
TR02073,C010,7643,10120,52.9
TR02073,C016,47,665,23.1
TR02073,C021,1992,5070,93.2
TR02073,C021,9819,11648,26.6
TR02073,C030,806,2523,99.3
TR02073,C030,11764,13440,61.8
TR02073,C041,0,4458,30.4
TR02073,C050,2591,3192,84.6
TR02073,C050,8835,12512,23.5
TR02074,C011,0,5393,26.1
TR02074,C017,297,668,69.2
TR02074,C017,4061,4786,42.2
TR02074,C017,8887,9097,49.0
TR02074,C028,2112,3339,71.4
TR02074,C029,364,1760,95.4
TR02074,C029,6445,8873,80.3
TR02074,C032,2562,6236,20.6
TR02074,C039,1761,2318,78.7
TR02074,C039,6385,7528,43.0
TR02074,C043,1470,10223,96.2
TR02074,C044,2219,4979,25.7
TR02075,C009,510,2810,86.6
TR02075,C009,5717,8695,60.8
TR02075,C010,808,3243,32.2
TR02075,C010,5177,9167,96.0
TR02075,C019,3588,5840,53.9
TR02075,C030,417,3635,67.2
TR02075,C030,5208,7691,56.2
TR02075,C032,564,943,29.6
TR02075,C041,4858,7939,64.6
TR02076,C003,2987,6060,21.3
TR02076,C006,3454,4518,66.0
TR02076,C009,1963,4244,74.8
TR02076,C009,6404,7327,72.0
TR02076,C013,2330,3827,38.5
TR02076,C018,1523,2377,67.6
TR02076,C027,0,526,52.5
TR02076,C049,2186,5262,77.2
TR02077,C006,9159,12256,30.6
TR02077,C022,8732,11072,77.9
TR02077,C026,4197,5799,23.9
TR02077,C026,12890,13958,32.8
TR02077,C027,6535,9590,65.5
TR02077,C040,2078,4947,89.7
TR02077,C040,11323,12749,27.0
TR02077,C043,3478,15879,62.8
TR02077,C044,1862,15911,62.7
TR02077,C050,7889,8813,74.2
TR02078,C015,3961,5579,56.0
TR02078,C025,507,4134,62.6
TR02078,C025,10041,10753,87.5
TR02078,C027,3552,6273,24.3
TR02078,C031,415,797,61.0
TR02078,C031,10405,13929,55.3
TR02078,C032,371,2740,77.7
TR02078,C032,12562,13004,83.6
TR02078,C044,1223,4045,93.1
TR02078,C044,11904,13060,61.4
TR02079,C009,944,1521,56.5
TR02079,C011,1378,2057,31.1
TR02079,C019,973,1782,75.1
TR02079,C019,5796,7408,29.4
TR02079,C021,0,3002,65.2
TR02079,C027,65,3841,25.4
TR02079,C027,5410,7753,24.1
TR02079,C030,1029,4803,64.5
TR02079,C037,2319,3319,31.6
TR02079,C037,5795,6462,36.9
TR02079,C044,3906,4264,49.4
TR02080,C011,2791,3335,64.9
TR02080,C011,14004,16181,22.2
TR02080,C014,0,2205,67.7
TR02080,C032,2851,6495,42.9
TR02080,C032,13076,14146,41.1
TR02080,C046,4806,5418,29.2
TR02080,C046,13882,16641,70.3
TR02081,C006,6344,7597,33.2
TR02081,C009,2992,14104,65.4
TR02081,C018,3642,7036,92.4
TR02081,C018,13016,14690,78.4
TR02081,C027,1493,2889,64.7
TR02081,C027,8954,10218,71.7
TR02081,C029,5874,7260,98.6
TR02081,C035,1511,4960,92.0
TR02081,C039,1207,2746,30.2
TR02081,C039,5880,6377,53.0
TR02081,C039,12285,12889,55.6
TR02082,C002,3379,3908,41.2
TR02082,C006,2771,5951,35.4
TR02082,C006,10007,11280,69.2
TR02082,C033,3291,5054,88.1
TR02082,C033,7956,8184,36.5
TR02082,C034,137,2370,45.6
TR02082,C034,4490,6761,41.6
TR02082,C034,8543,8896,94.7
TR02082,C034,12505,14731,61.7
TR02082,C048,2294,12239,83.5
TR02082,C050,821,2856,59.4
TR02082,C050,6752,7372,67.4
TR02082,C050,10388,11470,95.1
TR02083,C031,1360,2760,75.5
TR02083,C031,9323,12802,51.7
TR02083,C036,116,897,61.8
TR02083,C036,4118,5902,87.5
TR02083,C036,7389,9304,49.8
TR02083,C036,10810,12070,32.2
TR02083,C037,2399,6350,52.0
TR02083,C037,7590,7806,20.7
TR02083,C041,806,3006,88.3
TR02083,C041,6986,9281,75.0
TR02083,C043,4066,7425,74.0
TR02084,C001,1729,4035,79.1
TR02084,C001,5878,6920,49.2
TR02084,C006,2036,3934,94.4
TR02084,C006,4479,8411,65.3
TR02084,C015,507,1691,87.0
TR02084,C015,4863,5815,31.5
TR02084,C039,608,3283,88.0
TR02084,C039,5727,8282,26.6
TR02085,C005,2389,4995,84.2
TR02085,C005,9504,12952,31.1
TR02085,C014,181,1531,58.1
TR02085,C014,12302,15046,70.2
TR02085,C029,214,1211,91.6
TR02085,C029,6408,7349,31.5
TR02085,C029,13009,14508,80.2
TR02085,C031,0,4944,82.9
TR02085,C036,2969,4329,51.5
TR02085,C043,1586,2260,37.9
TR02085,C043,10390,10899,60.7
TR02085,C048,1808,3549,59.5
TR02085,C048,11152,14466,21.7
TR02086,C005,110,5485,79.5
TR02086,C012,2459,4748,79.3
TR02086,C018,1230,2194,43.9
TR02086,C018,3762,4800,55.3
TR02086,C029,1128,3172,25.1
TR02086,C033,1252,4472,56.3
TR02086,C039,207,4584,89.6
TR02086,C048,1137,2854,21.8
TR02086,C048,3590,3904,84.3
TR02086,C050,2780,5785,66.9
TR02087,C002,2486,14214,66.1
TR02087,C022,1331,5104,84.5
TR02087,C027,3116,6228,47.1
TR02087,C027,11820,12864,50.1
TR02087,C036,258,1003,70.6
TR02087,C036,9938,11802,34.4
TR02088,C007,504,3054,89.6
TR02088,C010,844,2425,83.5
TR02088,C014,694,1700,70.1
TR02088,C014,4703,5116,51.1
TR02088,C025,871,2545,39.0
TR02088,C025,4921,6549,99.3
TR02089,C004,2747,3453,89.5
TR02089,C014,3447,4134,47.6
TR02089,C024,1557,3607,77.0
TR02089,C029,931,2026,98.2
TR02089,C029,4607,5508,34.9
TR02089,C030,586,1768,75.6
TR02089,C030,6084,7281,37.0
TR02089,C042,0,3849,46.5
TR02089,C004,756,4202,76.3
TR02090,C013,6934,10749,30.5
TR02090,C026,1536,2647,55.4
TR02090,C026,6740,8152,87.1
TR02090,C026,13584,15583,45.5
TR02090,C028,223,1555,87.9
TR02090,C028,12094,13831,30.5
TR02090,C030,6450,9636,21.1
TR02090,C031,3346,5393,21.2
TR02090,C036,3826,4045,62.9
TR02090,C036,13800,15404,24.2
TR02090,C040,4614,7236,42.7
TR02090,C044,3159,18023,77.0
TR02090,C013,12226,17893,73.4
TR02091,C006,175,1199,47.1
TR02091,C006,1862,2490,77.3
TR02091,C006,3211,3534,95.3
TR02091,C006,5179,5629,30.7
TR02091,C013,740,2634,94.9
TR02091,C013,3520,5953,84.9
TR02091,C019,280,497,65.4
TR02091,C024,82,6146,69.6
TR02091,C028,1004,1957,75.1
TR02091,C028,4289,4890,39.2
TR02091,C030,1166,1855,80.0
TR02091,C034,946,6240,77.7
TR02091,C035,0,980,89.9
TR02092,C002,1269,4048,46.9
TR02092,C011,713,4275,77.0
TR02092,C031,1052,1979,29.8
TR02092,C037,564,1323,61.4
TR02092,C037,4381,4926,36.6
TR02092,C046,0,2240,67.7
TR02093,C005,1374,1833,72.3
TR02093,C005,6613,7111,39.4
TR02093,C010,4301,6608,94.5
TR02093,C011,497,1634,48.0
TR02093,C011,6781,8467,57.3
TR02093,C012,1319,2032,39.8
TR02093,C025,756,2265,81.0
TR02093,C031,1653,3921,23.7
TR02093,C031,5116,5713,57.9
TR02093,C038,76,2452,50.7
TR02093,C038,4970,8243,80.7
TR02093,C045,4451,5760,33.8
TR02094,C004,3465,4311,24.4
TR02094,C006,2038,2767,62.9
TR02094,C006,6643,6857,59.0
TR02094,C020,0,2831,45.9
TR02094,C022,30,8166,98.4
TR02094,C035,34,8596,85.5
TR02094,C040,2254,2909,79.5
TR02094,C040,4804,5722,67.6
TR02094,C042,386,1534,90.9
TR02094,C042,6100,6529,85.4
TR02095,C002,1154,1725,27.6
TR02095,C002,10077,13390,85.6
TR02095,C004,1085,2289,83.1
TR02095,C004,10707,12510,69.3
TR02095,C008,2749,3354,67.3
TR02095,C008,8750,10584,61.0
TR02095,C011,3375,6211,74.1
TR02095,C011,11348,14233,62.6
TR02095,C017,2743,3409,30.2
TR02095,C017,10548,11702,45.4
TR02095,C045,1751,3120,80.4
TR02095,C045,11014,12957,68.2
TR02095,C047,458,4396,86.7
TR02095,C047,12471,14358,40.0
TR02096,C014,1268,5092,95.9
TR02096,C014,6391,8214,51.8
TR02096,C020,1276,10366,70.0
TR02096,C025,913,11087,62.7
TR02096,C027,5219,7689,21.0
TR02096,C037,1815,5144,53.2
TR02096,C037,7991,8503,92.8
TR02096,C046,1428,10443,75.5
TR02096,C048,528,1024,22.6
TR02097,C005,2270,3671,94.1
TR02097,C005,6127,9042,42.0
TR02097,C014,1718,4650,32.8
TR02097,C036,406,9371,65.6
TR02097,C038,283,795,47.4
TR02097,C038,6260,9265,71.0
TR02097,C043,923,1901,64.8
TR02097,C043,7228,9321,92.5
TR02098,C011,3151,15280,98.2
TR02098,C019,0,3150,77.1
TR02098,C037,2933,6879,45.2
TR02098,C037,10875,11783,34.8
TR02098,C043,3202,5794,24.7
TR02098,C043,8895,10898,32.1
TR02099,C014,0,4679,72.2
TR02099,C016,1231,4476,47.3
TR02099,C016,11397,13274,96.5
TR02099,C023,8789,12267,84.8
TR02099,C025,227,18400,90.6
TR02099,C032,2601,4747,23.6
TR02099,C033,5909,8805,22.7
TR02099,C038,2265,5590,52.3
TR02099,C038,13311,14792,35.7
TR02099,C039,1997,5363,69.6
TR02099,C039,11381,14303,21.6
TR02100,C018,797,2171,62.5
TR02100,C018,3688,5319,60.6
TR02100,C025,429,2124,90.8
TR02100,C025,2735,4762,75.7
TR02100,C038,1951,5249,75.0
TR02100,C040,1031,2500,64.4
TR02100,C040,3966,4539,95.3
TR02100,C043,1175,2116,89.0
TR02100,C043,2756,5214,48.9
TR02101,C014,63,641,99.7
TR02101,C014,3406,4251,93.1
TR02101,C014,6331,7086,96.7
TR02101,C019,655,2111,49.3
TR02101,C019,2629,3786,99.0
TR02101,C019,4436,5846,82.2
TR02101,C019,6538,7845,81.0
TR02101,C030,3952,7212,39.8
TR02101,C037,128,7952,97.5
TR02101,C038,2128,2833,74.9
TR02101,C038,5161,7651,70.3
TR02102,C020,0,2689,76.5
TR02102,C023,707,4687,96.6
TR02102,C031,1118,2221,32.7
TR02102,C031,3823,4228,92.0
TR02102,C034,106,2605,20.2
TR02102,C034,3785,4829,45.5
TR02102,C050,1400,2178,31.5
TR02102,C050,4077,4478,93.4
TR02103,C004,591,4290,31.2
TR02103,C009,1382,2847,32.4
TR02103,C009,3529,3774,67.7
TR02103,C017,817,1906,67.4
TR02103,C017,3631,4854,27.0
TR02103,C022,870,1894,35.6
TR02103,C022,3697,4708,50.4
TR02103,C028,898,1119,57.7
TR02103,C029,397,2980,25.7
TR02103,C029,3575,5778,36.0
TR02103,C031,603,1926,62.3
TR02103,C031,3927,4406,43.7
TR02104,C012,842,2013,35.3
TR02104,C017,3064,6106,96.0
TR02104,C028,908,3992,30.6
TR02104,C028,5154,7580,57.5
TR02104,C032,1564,2606,43.6
TR02104,C032,5340,6255,77.6
TR02104,C034,694,1935,77.1
TR02104,C034,5843,7249,57.5
TR02104,C036,3286,6801,31.9
TR02104,C012,3917,6212,61.4
TR02105,C004,0,2762,45.7
TR02105,C011,2808,6519,50.9
TR02105,C025,2060,2933,61.8
TR02105,C029,1060,2674,38.2
TR02105,C029,10914,11247,99.8
TR02105,C044,1711,2319,28.0
TR02106,C002,1150,10545,70.4
TR02106,C009,1917,8555,81.5
TR02106,C015,0,4255,31.6
TR02106,C024,3973,7808,84.9
TR02106,C029,4428,7047,79.5
TR02106,C031,845,2079,87.4
TR02106,C031,3465,3924,69.1
TR02106,C031,6006,7033,66.5
TR02106,C031,8687,10238,81.2
TR02106,C034,0,2056,59.3
TR02106,C048,990,1402,52.1
TR02106,C048,7509,10157,83.8
TR02107,C030,2845,5713,58.1
TR02107,C036,210,1662,68.9
TR02107,C037,3803,5659,51.3
TR02107,C044,2807,5095,98.8
TR02108,C012,877,1577,30.4
TR02108,C012,7297,8275,40.3
TR02108,C015,3095,7078,75.4
TR02108,C015,9322,10934,41.9
TR02108,C028,0,5020,25.4
TR02108,C033,2940,4004,39.8
TR02108,C033,8663,11730,86.7
TR02108,C034,1484,4460,29.1
TR02108,C034,8978,9786,43.8
TR02108,C037,2168,13079,84.2
TR02109,C004,5837,7544,57.2
TR02109,C010,3524,7278,42.4
TR02109,C010,9842,13096,99.3
TR02109,C027,1526,2105,82.3
TR02109,C027,9996,12528,37.5
TR02109,C031,169,2507,55.0
TR02109,C033,5015,6498,35.9
TR02110,C003,1412,2310,81.0
TR02110,C005,0,4174,65.3
TR02110,C009,2484,6456,40.8
TR02110,C028,1473,3823,81.1
TR02110,C028,6503,6887,57.9
TR02110,C028,10803,12120,70.5
TR02110,C035,0,3349,66.7
TR02110,C037,623,3679,98.1
TR02110,C037,11496,11718,30.2
TR02110,C050,4556,6207,86.3
TR02111,C020,15,3863,57.3
TR02111,C023,4135,5676,70.5
TR02111,C025,604,12017,80.4
TR02111,C027,99,1355,44.7
TR02111,C027,3886,6074,32.0
TR02111,C027,8376,9097,96.7
TR02111,C027,11825,13519,50.9
TR02111,C033,2544,13094,94.9
TR02112,C009,273,1447,68.0
TR02112,C009,4564,6280,44.7
TR02112,C009,7870,8867,76.7
TR02112,C018,1494,2274,68.3
TR02112,C018,6622,8081,98.3
TR02112,C027,2738,3013,32.8
TR02112,C027,7814,8385,51.3
TR02112,C038,91,1981,80.0
TR02112,C038,6689,10289,52.3
TR02112,C040,1149,10211,88.3
TR02112,C041,4357,7697,78.2
TR02113,C001,288,2235,22.8
TR02113,C001,5987,8037,42.1
TR02113,C014,370,2469,56.6
TR02113,C015,790,4012,91.5
TR02113,C015,4496,5303,35.1
TR02113,C024,2039,2302,25.1
TR02113,C024,5884,6474,37.8
TR02113,C037,325,1755,28.9
TR02113,C037,6138,6926,55.8
TR02113,C038,2038,4128,81.7
TR02113,C038,4737,5040,28.3
TR02113,C039,2086,5136,91.6
TR02113,C050,3343,6463,86.6
TR02114,C002,1506,5743,67.0
TR02114,C006,90,579,27.7
TR02114,C006,4193,6064,62.2
TR02114,C010,1423,6267,78.9
TR02114,C011,1342,1681,43.4
TR02114,C011,4937,6196,67.5
TR02114,C016,519,3738,44.2
TR02114,C016,5584,6076,74.8
TR02114,C017,0,2706,24.9
TR02114,C019,286,5705,81.5
TR02114,C038,236,825,36.6
TR02114,C038,2424,2906,37.6
TR02114,C038,4331,4823,54.9
TR02114,C038,6029,7009,69.0
TR02115,C001,885,5048,87.8
TR02115,C006,1190,4766,73.1
TR02115,C023,1233,5970,73.6
TR02115,C024,2077,5074,74.6
TR02115,C030,1446,2741,96.1
TR02115,C030,3825,4857,76.0
TR02115,C037,1027,5936,68.9
TR02115,C045,632,1050,30.3
TR02115,C045,2491,3964,73.8
TR02115,C045,4530,5552,97.2
TR02115,C050,441,1091,89.0
TR02115,C050,3153,4857,64.9
TR02116,C002,2515,17168,84.0
TR02116,C012,0,4354,55.7
TR02116,C016,448,3512,95.9
TR02116,C016,13180,16576,75.5
TR02116,C042,4020,7621,22.5
TR02116,C042,13139,16254,89.6
TR02116,C048,2000,17868,74.3
TR02117,C006,6424,7739,77.3
TR02117,C019,2578,11863,64.0
TR02117,C021,5747,6488,45.5
TR02117,C040,741,13690,95.5
TR02117,C045,844,2199,87.5
TR02117,C045,8113,11480,98.2
TR02117,C047,9,1350,37.5
TR02117,C047,8759,9355,81.4
TR02117,C050,2112,3820,61.2
TR02117,C050,8827,10974,47.5
TR02118,C020,430,2707,39.3
TR02118,C020,5636,6625,96.9
TR02118,C024,1631,2902,82.0
TR02118,C024,4729,5186,37.7
TR02118,C029,961,2761,78.4
TR02118,C029,5338,6733,36.0
TR02118,C037,2245,2789,40.1
TR02118,C041,60,355,43.6
TR02118,C041,2296,3342,32.9
TR02118,C041,3980,5402,71.4
TR02118,C041,6288,6717,90.8
TR02119,C011,1855,5352,33.1
TR02119,C011,8862,10939,29.1
TR02119,C012,1336,4210,20.2
TR02119,C012,9683,13656,68.1
TR02119,C014,2680,12002,98.8
TR02119,C017,2313,4098,44.7
TR02119,C017,9283,11852,37.0
TR02119,C023,2329,12472,66.8
TR02119,C028,254,13302,67.5
TR02119,C034,1076,1966,47.3
TR02119,C034,3639,4607,96.9
TR02119,C034,7232,8225,66.0
TR02119,C034,11548,11906,40.5
TR02120,C003,449,782,88.6
TR02120,C003,5652,6061,85.0
TR02120,C003,10305,12668,42.9
TR02120,C003,15684,17309,38.2
TR02120,C007,327,3448,84.1
TR02120,C007,12253,13717,27.9
TR02120,C014,2684,5831,72.2
TR02120,C014,14140,17468,43.2
TR02120,C044,4891,7580,45.9
TR02120,C044,14109,14649,43.2
TR02121,C002,0,1526,21.1
TR02121,C013,1001,1955,55.9
TR02121,C013,8635,10510,50.6
TR02121,C025,5242,7542,37.7
TR02121,C028,2747,5691,35.1
TR02121,C028,6276,9971,66.8
TR02121,C031,1283,1840,38.2
TR02121,C045,533,11705,97.9
TR02122,C009,90,3322,75.4
TR02122,C009,4971,6328,48.2
TR02122,C010,1600,2720,65.3
TR02122,C010,3941,4987,99.7
TR02122,C020,1380,3082,81.3
TR02122,C020,4626,6175,72.7
TR02122,C027,905,6296,92.4
TR02123,C004,5721,8768,81.5
TR02123,C006,0,3401,89.8
TR02123,C020,0,2475,82.7
TR02123,C032,3373,6057,46.2
TR02123,C042,1780,11992,82.4
TR02124,C002,1433,2874,56.2
TR02124,C002,3383,5117,25.1
TR02124,C003,1061,5090,87.1
TR02124,C023,614,942,47.1
TR02124,C023,4074,5829,29.3
TR02124,C026,2017,4879,53.3
TR02124,C028,1865,4162,20.1
TR02124,C034,48,1314,52.0
TR02124,C034,2306,2863,51.9
TR02124,C034,4807,5830,71.2
TR02124,C038,120,5504,98.0
TR02124,C048,1049,1603,83.1
TR02125,C001,133,2584,40.9
TR02125,C005,1319,4353,54.1
TR02125,C008,2127,4270,40.1
TR02125,C008,7249,9587,98.1
TR02125,C008,13959,14788,78.5
TR02125,C013,1799,16797,66.1
TR02125,C032,2917,5296,79.9
TR02125,C032,14155,17849,84.1
TR02126,C006,2320,5068,31.3
TR02126,C019,1898,14895,60.9
TR02126,C024,851,3185,27.5
TR02126,C024,10062,10745,85.4
TR02126,C046,2079,17630,84.6
TR02127,C008,31,2009,43.4
TR02127,C008,7987,9339,37.2
TR02127,C013,913,1536,45.3
TR02127,C013,2882,3390,54.2
TR02127,C013,6348,6850,30.8
TR02127,C013,9098,11183,39.8
TR02127,C028,1653,2163,78.0
TR02127,C028,8016,10138,53.7
TR02127,C036,1991,4868,71.0
TR02127,C036,8042,10982,64.3
TR02127,C037,87,3545,85.1
TR02127,C050,2698,4466,23.4
TR02127,C050,5755,9021,77.2
TR02128,C017,3138,3568,29.6
TR02128,C023,4780,6416,38.8
TR02128,C031,1203,3678,89.3
TR02128,C031,9693,13041,55.0
TR02128,C041,2903,3442,82.2
TR02128,C042,5324,7478,46.4
TR02128,C049,146,14204,92.8
TR02129,C017,7722,8999,84.6
TR02129,C028,1486,5239,37.7
TR02129,C028,9488,11896,77.7
TR02129,C031,1911,2416,31.8
TR02129,C032,2304,17094,86.3
TR02129,C036,4042,4830,41.5
TR02129,C037,273,16317,77.0
TR02129,C041,2222,13815,90.7
TR02129,C043,6989,10531,67.9
TR02130,C023,1413,5102,34.7
TR02130,C030,882,2192,34.0
TR02130,C030,5116,6803,94.7
TR02130,C031,0,1049,71.8
TR02130,C035,2569,5342,93.9
TR02131,C001,2168,3210,79.3
TR02131,C009,503,2553,49.2
TR02131,C009,4981,6653,96.5
TR02131,C009,9015,9502,94.7
TR02131,C009,13460,14015,39.1
TR02131,C023,224,4079,24.0
TR02131,C023,12233,15875,93.3
TR02131,C025,1971,3246,68.5
TR02131,C025,9191,10194,43.2
TR02131,C039,1298,16591,91.7
TR02131,C040,1171,1966,79.2
TR02131,C040,6111,6677,38.0
TR02131,C040,12608,13898,78.0
TR02131,C045,149,3848,37.7
TR02131,C050,2233,2773,60.6
TR02131,C050,11989,14245,62.9
TR02132,C008,1533,2308,87.1
TR02132,C012,1036,3515,54.8
TR02132,C012,8045,9407,95.0
TR02132,C023,784,4462,46.2
TR02132,C023,9029,9511,54.2
TR02132,C033,586,1474,92.3
TR02132,C033,4878,7155,50.9
TR02132,C033,9003,10539,61.9
TR02132,C033,12044,13019,80.2
TR02132,C036,2141,4409,36.4
TR02132,C036,10095,10506,98.8
TR02132,C008,5496,8593,66.2
TR02133,C006,1403,2672,43.7
TR02133,C006,6151,7120,50.8
TR02133,C007,1517,2171,54.0
TR02133,C012,662,1591,85.6
TR02133,C012,2471,4122,84.4
TR02133,C012,4259,4843,69.5
TR02133,C012,6859,8319,97.2
TR02133,C023,575,4162,53.6
TR02133,C023,6144,7407,29.8
TR02133,C024,1485,2985,60.0
TR02133,C024,4878,7738,85.5
TR02133,C048,1529,7703,87.7
TR02134,C006,378,603,58.3
TR02134,C006,2058,2393,30.2
TR02134,C006,3548,4689,43.4
TR02134,C006,5408,5778,98.2
TR02134,C010,428,1681,74.6
TR02134,C010,2436,2766,94.9
TR02134,C010,5072,6499,63.8
TR02134,C016,861,1251,33.2
TR02134,C016,3396,4398,75.6
TR02134,C018,2754,3247,99.1
TR02134,C022,1232,3129,41.0
TR02134,C022,4496,4750,79.9
TR02134,C025,1402,3276,55.0
TR02134,C025,3684,4462,86.3
TR02134,C031,1496,4163,93.3
TR02134,C048,978,5471,73.5
TR02135,C003,230,1536,56.7
TR02135,C003,3145,3587,71.6
TR02135,C003,5016,5924,47.3
TR02135,C003,8173,8809,78.5
TR02135,C007,1053,2898,68.6
TR02135,C007,6002,6446,44.9
TR02135,C030,274,4136,92.7
TR02135,C030,7009,7847,45.3
TR02135,C032,4166,4809,66.4
TR02135,C034,680,4587,78.9
TR02135,C037,1934,4754,77.3
TR02135,C037,6349,9569,30.6
TR02136,C005,207,2523,91.7
TR02136,C005,2661,4072,87.3
TR02136,C005,6129,6714,35.8
TR02136,C005,8373,9545,82.3
TR02136,C007,1698,5124,87.9
TR02136,C047,756,4177,92.4
TR02136,C047,7689,9488,69.2
TR02136,C050,978,1615,67.7
TR02136,C050,5752,7110,39.0
TR02137,C004,473,1259,90.5
TR02137,C004,5542,6846,40.3
TR02137,C009,682,1871,62.7
TR02137,C009,5399,6878,85.2
TR02137,C010,638,1791,69.7
TR02137,C010,4809,6591,87.2
TR02137,C015,193,2105,76.4
TR02137,C019,838,1933,48.2
TR02137,C034,1568,7234,81.7
TR02137,C049,1504,3156,66.2
TR02137,C049,5853,6958,97.8
TR02138,C006,1088,19447,64.3
TR02138,C013,3612,6919,87.1
TR02138,C015,2618,4746,95.4
TR02138,C015,14105,14375,72.0
TR02138,C028,8876,11493,20.1
TR02138,C038,1436,3029,99.7
TR02138,C038,10428,11140,28.1
TR02139,C018,1293,3809,62.8
TR02139,C018,11806,13698,68.6
TR02139,C019,1634,4789,96.2
TR02139,C034,4076,4450,32.6
TR02139,C034,9940,11721,52.9
TR02139,C037,2453,17075,83.5
TR02140,C016,1468,4390,72.7
TR02140,C016,7707,11017,30.2
TR02140,C029,1502,13525,72.6
TR02140,C032,5481,6415,83.3
TR02140,C035,170,2754,34.8
TR02140,C037,2672,13657,89.0
TR02140,C046,4944,6354,54.1
TR02141,C001,1050,1729,93.1
TR02141,C001,2822,3097,62.9
TR02141,C013,610,1977,33.4
TR02141,C013,3157,4288,40.6
TR02141,C018,1629,4875,33.0
TR02141,C029,545,751,28.5
TR02141,C029,3519,4276,69.2
TR02141,C035,951,4604,56.2
TR02141,C040,1734,2266,56.5
TR02142,C002,1587,2164,27.6
TR02142,C005,1779,2984,51.4
TR02142,C005,4246,7052,71.4
TR02142,C030,2329,4185,99.1
TR02142,C033,1411,1923,98.0
TR02142,C039,1301,2993,45.5
TR02142,C039,4653,7227,93.5
TR02142,C045,2024,2698,24.0
TR02143,C004,3424,3762,87.3
TR02143,C031,1552,2414,97.8
TR02143,C032,4117,4738,52.0
TR02143,C039,1609,7211,82.2
TR02144,C001,4321,6886,46.1
TR02144,C016,1016,2391,94.6
TR02144,C016,5629,5904,81.0
TR02144,C016,9528,11202,70.0
TR02144,C034,6143,7858,39.8
TR02144,C038,3624,5888,20.2
TR02144,C048,1637,13276,84.8
TR02145,C009,2143,6004,88.8
TR02145,C014,4595,7984,89.4
TR02145,C014,10651,11035,71.4
TR02145,C016,4571,7127,47.4
TR02145,C016,12576,14179,20.1
TR02145,C029,2780,4229,81.3
TR02145,C029,10507,13943,38.4
TR02145,C031,1536,2771,97.0
TR02145,C037,3076,5330,80.3
TR02145,C037,9723,13630,98.9
TR02145,C040,3241,6039,91.0
TR02145,C040,10359,14042,97.7
TR02146,C001,1178,2147,81.3
TR02146,C001,7394,7787,81.4
TR02146,C022,1393,9712,84.2
TR02146,C023,2032,9783,61.8
TR02146,C026,817,3100,89.7
TR02146,C026,4201,5770,31.5
TR02146,C026,7462,9575,56.1
TR02146,C026,9630,11792,62.8
TR02146,C032,3667,5827,77.4
TR02146,C034,3124,3705,90.1
TR02146,C034,8082,9676,30.0
TR02146,C042,2496,2894,49.3
TR02147,C005,1590,3943,39.4
TR02147,C005,9370,10676,69.9
TR02147,C015,35,1638,97.8
TR02147,C027,2714,3595,50.5
TR02147,C035,2691,4205,31.6
TR02147,C035,12143,14234,99.3
TR02147,C040,1473,4813,94.5
TR02147,C043,765,4628,52.4
TR02147,C047,1330,2681,60.9
TR02147,C047,9345,10484,77.3
TR02147,C005,7918,14495,76.1
TR02148,C001,941,1232,52.9
TR02148,C001,6098,7548,44.7
TR02148,C015,1646,5274,22.5
TR02148,C025,2702,4464,20.3
TR02148,C025,6894,7633,68.2
TR02148,C027,914,1610,80.8
TR02148,C037,908,2412,38.1
TR02148,C037,6794,8645,32.7
TR02149,C005,5237,6558,59.5
TR02149,C008,2539,4971,21.6
TR02149,C008,8866,12436,43.2
TR02149,C021,884,3284,22.3
TR02149,C028,1251,3428,98.9
TR02149,C028,6505,9382,21.1
TR02149,C029,1614,2556,53.2
TR02149,C029,7027,9508,32.9
TR02149,C032,3091,5420,31.0
TR02149,C034,535,746,50.0
TR02149,C034,7403,8342,56.4
TR02149,C044,2929,5663,81.5
TR02149,C044,8960,11956,99.1
TR02150,C008,116,2510,79.6
TR02150,C008,14835,17669,69.4
TR02150,C011,3327,5814,82.1
TR02150,C011,11930,15535,63.7
TR02150,C014,2673,6011,39.0
TR02150,C014,10945,13768,42.2
TR02150,C035,3238,17527,82.7
TR02150,C046,3180,6134,60.6
TR02150,C049,3090,4890,25.1
TR02151,C002,1469,17495,77.9
TR02151,C004,4853,6835,65.1
TR02151,C006,5069,6985,25.8
TR02151,C012,2753,4705,68.3
TR02151,C012,11834,13659,64.1
TR02151,C022,590,4313,79.9
TR02151,C022,10612,12062,40.8
TR02151,C040,3151,14462,89.2
TR02151,C045,1607,3790,40.0
TR02152,C009,5447,6283,29.8
TR02152,C014,2240,3440,38.4
TR02152,C014,8351,11442,76.7
TR02152,C022,1039,2945,29.9
TR02152,C022,8169,11344,40.6
TR02152,C023,1251,4192,94.5
TR02152,C023,7210,7859,44.5
TR02152,C026,1532,2239,48.9
TR02152,C030,2662,3282,32.4
TR02152,C036,0,4592,51.6
TR02153,C011,1184,4164,70.7
TR02153,C012,2113,4941,89.0
TR02153,C016,120,4118,75.3
TR02153,C023,125,3210,26.2
TR02153,C026,0,2481,71.0
TR02153,C030,2034,2602,20.6
TR02153,C033,301,4809,84.0
TR02154,C003,4833,5166,47.3
TR02154,C004,3250,4528,69.9
TR02154,C004,8364,11404,43.5
TR02154,C009,1175,1760,69.8
TR02154,C009,4922,6223,31.6
TR02154,C009,7957,9507,56.5
TR02154,C009,12071,12344,84.5
TR02154,C010,5392,7573,22.9
TR02154,C025,2760,14412,96.9
TR02154,C041,2097,5677,56.7
TR02155,C005,1569,2441,66.5
TR02155,C009,204,5772,93.4
TR02155,C022,542,1158,61.2
TR02155,C022,3289,5887,44.5
TR02155,C023,195,2099,85.9
TR02155,C023,4376,5017,53.2
TR02156,C023,100,11364,78.8
TR02156,C026,2837,3840,77.8
TR02156,C026,8156,11136,59.0
TR02156,C047,1352,1694,77.5
TR02156,C047,7615,8817,86.3
TR02156,C049,2257,5446,45.4
TR02156,C049,7784,8371,40.5
TR02157,C014,1636,2904,55.9
TR02157,C014,5765,6732,35.2
TR02157,C016,2849,6669,33.8
TR02157,C025,671,1681,90.1
TR02157,C025,5106,7581,87.0
TR02157,C039,93,8251,72.6
TR02158,C001,981,2611,51.2
TR02158,C013,2301,14350,82.1
TR02158,C034,1436,2064,30.2
TR02158,C034,8625,9706,97.4
TR02158,C043,2056,4168,88.7
TR02158,C043,10825,14366,20.1
TR02158,C045,55,2685,55.0
TR02158,C045,9527,13444,28.3
TR02159,C007,6157,7116,44.9
TR02159,C011,844,1499,51.1
TR02159,C021,1946,3278,78.9
TR02159,C032,2232,5558,64.0
TR02159,C032,8360,10216,29.0
TR02159,C033,344,3416,39.0
TR02159,C033,6886,8757,56.7
TR02159,C037,1103,4112,43.9
TR02159,C047,2594,3086,86.8
TR02159,C047,7871,8075,42.3
TR02159,C049,331,3518,74.0
TR02159,C049,6995,8857,45.4
TR02160,C001,684,2175,31.1
TR02160,C001,5397,7359,30.0
TR02160,C004,1501,2960,55.6
TR02160,C039,0,1350,87.4
TR02160,C047,1965,2551,39.3
TR02160,C047,6036,8257,65.9
TR02161,C016,1417,2136,41.4
TR02161,C016,5606,7089,71.1
TR02161,C016,12142,12457,37.2
TR02161,C030,2987,3556,50.9
TR02161,C030,8180,11892,38.4
TR02161,C037,7996,8670,95.3
TR02161,C046,0,5175,72.2
TR02162,C005,1664,2925,59.7
TR02162,C005,5742,7048,68.2
TR02162,C010,105,3833,87.9
TR02162,C010,4298,6302,28.8
TR02162,C016,792,3218,98.2
TR02162,C016,5425,7033,42.7
TR02162,C026,226,1299,66.9
TR02162,C026,4788,7136,85.9
TR02162,C040,725,3548,58.6
TR02162,C040,5275,7604,52.9
TR02162,C041,903,3678,45.8
TR02162,C041,4773,6469,33.1
TR02162,C043,2737,5991,88.2
TR02163,C013,2408,4078,92.9
TR02163,C013,6715,7100,99.8
TR02163,C016,223,2107,89.2
TR02163,C016,2734,3720,76.6
TR02163,C016,5778,7576,62.5
TR02163,C016,8054,10018,47.1
TR02163,C025,0,2143,52.8
TR02163,C031,1651,4555,87.7
TR02163,C031,5586,7099,45.8
TR02163,C033,443,2114,67.0
TR02163,C033,6640,8541,59.3
TR02163,C039,297,1987,70.2
TR02163,C039,7073,8151,79.2
TR02163,C042,2902,4661,65.0
TR02164,C015,2092,4091,49.8
TR02164,C015,8263,9243,33.7
TR02164,C016,0,1420,29.1
TR02164,C017,2969,6849,82.2
TR02164,C017,11809,13239,82.3
TR02164,C019,3274,5376,29.2
TR02164,C019,10585,13856,78.2
TR02164,C026,2018,4204,91.3
TR02164,C026,7895,11208,97.8
TR02164,C028,0,2607,85.9
TR02164,C034,1204,1568,31.4
TR02164,C034,9854,11071,51.6
TR02164,C037,6027,6899,72.1
TR02165,C002,979,1718,91.3
TR02165,C002,5173,5436,79.3
TR02165,C002,8836,9162,63.4
TR02165,C004,5621,6864,20.0
TR02165,C009,2680,5584,46.0
TR02165,C011,1731,2042,93.9
TR02165,C011,8927,11115,88.7
TR02165,C016,0,1796,72.6
TR02165,C018,1661,4615,67.2
TR02165,C018,9194,12010,83.9
TR02165,C034,4557,7063,43.5
TR02165,C046,3007,4074,70.4
TR02165,C046,8659,9606,83.6
TR02166,C015,4113,7505,41.5
TR02166,C015,10736,13129,62.8
TR02166,C032,2887,16225,77.4
TR02166,C036,1332,2841,30.6
TR02166,C036,5625,7892,87.6
TR02166,C036,9976,11359,70.3
TR02166,C036,15457,16295,72.1
TR02166,C050,3914,5400,49.5
TR02166,C050,10738,12424,34.2
TR02167,C003,0,4184,32.4
TR02167,C008,2730,3336,36.4
TR02167,C008,7302,9654,61.5
TR02167,C013,1997,11544,66.0
TR02167,C036,38,11567,92.0
TR02167,C046,4071,7442,30.7
TR02168,C016,2714,3483,63.2
TR02168,C016,10147,12826,25.7
TR02168,C017,2264,6011,76.8
TR02168,C017,8959,9911,41.1
TR02168,C028,575,11789,90.0
TR02168,C030,6731,9178,59.8
TR02168,C045,774,4762,24.4
TR02168,C045,9337,9874,35.1
TR02169,C003,1122,10927,79.1
TR02169,C005,0,2389,80.9
TR02169,C007,1358,2983,31.7
TR02169,C007,6401,8225,71.1
TR02169,C050,1902,5441,91.0
TR02170,C005,104,3048,70.8
TR02170,C005,8881,12687,77.5
TR02170,C015,2834,3727,50.0
TR02170,C015,7750,9559,64.3
TR02170,C022,0,2970,64.1
TR02170,C037,0,5113,75.2
TR02170,C039,1041,1634,54.6
TR02170,C039,3843,4081,62.2
TR02170,C039,7047,8968,90.3
TR02170,C039,9821,10317,38.2
TR02170,C040,0,4455,31.1
TR02170,C041,1006,1362,81.2
TR02170,C041,8300,9787,48.1
TR02170,C050,372,1511,83.3
TR02170,C050,8012,8609,71.8
TR02171,C003,1365,2594,71.6
TR02171,C003,8082,11054,25.6
TR02171,C005,1899,3488,83.9
TR02171,C005,7731,10684,54.7
TR02171,C013,841,2954,55.0
TR02171,C013,4921,7237,73.6
TR02171,C013,10080,11675,86.5
TR02171,C018,2268,12890,92.1
TR02171,C030,0,2907,39.6
TR02171,C037,1903,10256,75.9
TR02171,C047,1102,4585,37.0
TR02171,C047,7997,8585,71.8
TR02171,C049,478,2013,63.9
TR02172,C004,1345,3491,52.5
TR02172,C004,10710,12742,66.6
TR02172,C011,4137,5237,73.5
TR02172,C019,0,1010,44.8
TR02172,C021,1235,1886,76.8
TR02172,C021,6410,7980,67.9
TR02172,C021,11057,11998,72.6
TR02172,C021,16374,17634,48.7
TR02172,C023,797,2152,58.4
TR02172,C023,12974,14814,39.8
TR02172,C025,9811,11330,21.0
TR02172,C028,2211,19290,96.7
TR02172,C047,0,9090,45.0
TR02173,C009,2597,6123,75.3
TR02173,C010,1404,2578,67.1
TR02173,C010,4773,7024,63.9
TR02173,C020,506,1965,50.4
TR02173,C020,4983,6484,84.9
TR02173,C033,9,1693,73.6
TR02173,C033,2229,2622,50.6
TR02173,C033,4124,5535,82.9
TR02173,C033,5736,6686,35.7
TR02173,C044,773,2006,84.1
TR02173,C044,4102,5809,31.5
TR02174,C002,2746,6535,38.4
TR02174,C005,4854,5896,50.2
TR02174,C006,751,2508,65.7
TR02174,C006,8108,10919,54.6
TR02174,C011,728,3921,56.2
TR02174,C036,2740,4442,65.2
TR02174,C039,2568,4069,47.0
TR02174,C039,8952,10482,80.4
TR02174,C041,1279,3721,80.3
TR02174,C041,8628,10790,40.6
TR02174,C042,0,1897,39.2
TR02175,C009,1313,2474,45.6
TR02175,C009,5055,7417,82.6
TR02175,C011,1908,2869,51.6
TR02175,C011,5927,6586,56.2
TR02175,C026,3538,5277,35.6
TR02175,C035,1027,1662,39.0
TR02175,C035,4744,6935,54.8
TR02175,C047,2884,4351,84.5
TR02175,C049,473,2728,77.6
TR02175,C049,4499,5546,77.0
TR02176,C004,7797,10922,64.9
TR02176,C018,8183,8906,40.7
TR02176,C026,2103,2505,59.9
TR02176,C026,13060,15150,51.5
TR02176,C029,0,3305,22.1
TR02176,C031,0,7262,53.8
TR02176,C047,461,16219,72.4
TR02176,C048,2440,4391,31.3
TR02176,C048,12435,14579,58.3
TR02177,C002,2743,5565,21.4
TR02177,C002,8253,9347,92.6
TR02177,C008,443,11502,88.8
TR02177,C029,2351,9161,72.4
TR02177,C043,5786,7898,26.3
TR02177,C046,3572,6904,71.4
TR02178,C007,342,4768,67.9
TR02178,C013,569,2390,57.4
TR02178,C013,3557,5325,96.7
TR02178,C023,160,1089,73.8
TR02178,C023,1510,1937,78.3
TR02178,C023,3014,3887,92.5
TR02178,C023,4407,4723,66.9
TR02178,C035,825,2280,53.3
TR02178,C035,3961,4892,83.6
TR02179,C008,2788,4429,34.9
TR02179,C035,3744,6978,20.2
TR02179,C037,1552,2098,59.8
TR02179,C040,1279,4715,44.6
TR02179,C043,1726,3468,73.1
TR02179,C043,5976,8141,36.2
TR02180,C008,1363,5046,88.2
TR02180,C008,5930,9284,54.8
TR02180,C013,0,4484,55.2
TR02180,C023,829,2101,92.3
TR02180,C023,6000,8127,36.5
TR02180,C036,4530,6381,29.2
TR02180,C041,2149,4355,74.4
TR02180,C041,6494,9060,34.3
TR02180,C050,2105,2706,86.7
TR02180,C050,6832,10447,69.7
TR02181,C001,565,2234,42.7
TR02181,C003,3306,5170,49.1
TR02181,C021,5726,6599,78.5
TR02181,C038,770,1549,70.0
TR02181,C038,3132,3555,36.7
TR02181,C038,6833,7546,32.0
TR02181,C038,9747,11623,46.5
TR02181,C042,560,3712,89.8
TR02181,C042,6577,7982,78.1
TR02181,C050,1417,2866,36.8
TR02182,C003,786,1470,93.0
TR02182,C004,141,1131,99.6
TR02182,C004,2624,3940,55.7
TR02182,C004,6035,6982,69.4
TR02182,C004,8498,9371,67.3
TR02182,C006,209,1692,60.1
TR02182,C006,3311,4371,45.8
TR02182,C006,5584,7289,57.6
TR02182,C006,8582,10215,63.6
TR02182,C008,1102,3591,89.5
TR02182,C012,600,982,31.8
TR02182,C012,2814,3917,99.4
TR02182,C012,5905,7596,61.4
TR02182,C012,8601,8954,48.0
TR02182,C050,2101,5798,55.4
TR02183,C008,0,4862,66.7
TR02183,C028,344,790,60.4
TR02183,C028,7918,9451,84.8
TR02183,C029,88,2472,68.2
TR02183,C029,7230,11164,60.6
TR02183,C031,1539,3429,96.8
TR02183,C031,7531,9796,72.8
TR02183,C047,1904,4086,49.6
TR02183,C047,7276,8034,65.2
TR02183,C048,32,1730,87.6
TR02184,C018,2843,4623,38.2
TR02184,C024,2427,4155,26.0
TR02184,C030,6397,8295,63.1
TR02184,C037,1479,4238,84.6
TR02184,C037,7886,8621,87.1
TR02184,C047,6692,9166,68.6
TR02185,C016,436,966,30.4
TR02185,C016,3641,5967,43.7
TR02185,C016,7127,7497,63.1
TR02185,C016,11071,12377,67.5
TR02185,C025,2404,12721,93.8
TR02185,C028,422,1428,80.2
TR02185,C028,3429,4976,60.2
TR02185,C028,7585,9016,55.0
TR02185,C028,10056,10520,65.2
TR02185,C031,1884,3125,30.0
TR02185,C031,7515,7799,62.7
TR02185,C036,873,3777,46.8
TR02185,C036,7098,8331,99.4
TR02186,C009,1323,3364,51.6
TR02186,C009,8334,10110,39.4
TR02186,C015,2498,12198,99.2
TR02186,C017,0,4570,55.7
TR02186,C027,2791,6089,57.1
TR02186,C027,7729,10778,53.1
TR02186,C046,1577,3263,70.8
TR02186,C046,7989,9295,77.4
TR02187,C005,1672,1975,93.8
TR02187,C018,417,1208,51.1
TR02187,C018,3424,5273,36.5
TR02187,C018,6871,8811,71.6
TR02187,C023,1687,3355,49.8
TR02187,C023,5860,8466,71.8
TR02187,C025,622,2096,86.5
TR02187,C025,6673,7107,76.2
TR02187,C045,2223,2440,64.4
TR02187,C045,4983,8046,78.5
TR02187,C047,97,1011,93.4
TR02187,C047,5768,9190,39.6
TR02188,C001,1677,4324,41.4
TR02188,C001,10576,10829,58.8
TR02188,C002,8305,9524,47.7
TR02188,C022,6870,9281,41.5
TR02188,C036,1851,4321,76.9
TR02188,C036,7351,8039,43.9
TR02188,C036,11705,12959,88.6
TR02188,C045,7282,10225,90.3
TR02189,C005,1740,4341,31.0
TR02189,C029,2148,4011,83.6
TR02189,C029,6633,7945,71.1
TR02189,C036,3148,6246,49.7
TR02189,C036,9587,11062,75.9
TR02189,C038,4792,6311,32.9
TR02189,C043,3283,4219,81.5
TR02189,C043,8623,10947,25.8
TR02189,C045,4365,4608,34.2
TR02190,C006,987,2185,53.7
TR02190,C006,5789,6709,55.3
TR02190,C006,11278,12520,87.2
TR02190,C016,1550,2564,60.8
TR02190,C016,5973,8128,39.6
TR02190,C016,11515,13654,93.9
TR02190,C020,2922,13274,87.0
TR02190,C028,1149,2400,40.3
TR02190,C028,5644,7055,58.2
TR02190,C028,11445,12517,84.1
TR02190,C033,4659,7176,76.0
TR02191,C007,780,3950,90.4
TR02191,C022,4,17382,84.1
TR02191,C025,1021,4561,41.4
TR02191,C045,0,2337,57.0
TR02192,C014,996,2548,54.7
TR02192,C014,4131,4392,36.4
TR02192,C014,7627,8624,87.2
TR02192,C014,12037,13114,38.8
TR02192,C021,2689,11128,98.1
TR02192,C025,5456,6933,75.9
TR02192,C032,730,13988,69.4
TR02193,C020,133,5944,71.1
TR02193,C029,1088,2065,60.8
TR02193,C029,3697,5336,78.7
TR02193,C032,864,4794,64.5
TR02193,C039,607,1609,84.0
TR02194,C018,1241,5186,27.5
TR02194,C021,2821,6157,32.6
TR02194,C040,1399,4318,28.5
TR02194,C040,7981,8711,100.0
TR02194,C046,3013,5383,39.0
TR02194,C046,7619,8977,54.2
TR02195,C007,621,973,85.0
TR02195,C007,3258,4642,41.9
TR02195,C007,6051,7020,75.7
TR02195,C007,8304,10234,49.9
TR02195,C018,5055,5938,65.9
TR02195,C033,516,1923,50.8
TR02195,C033,5972,8820,47.8
TR02195,C040,4009,8002,21.3
TR02195,C044,939,4051,34.6
TR02195,C044,8239,8802,59.5
TR02195,C018,6361,8462,86.2
TR02196,C002,2014,17110,67.2
TR02196,C004,321,2384,95.8
TR02196,C004,6935,7471,32.6
TR02196,C004,13629,15159,55.0
TR02196,C007,3535,6951,45.0
TR02196,C007,13849,17733,84.9
TR02196,C024,6093,8923,25.0
TR02196,C040,2841,4571,47.4
TR02196,C040,9561,12178,45.2
TR02196,C044,563,3002,64.3
TR02196,C044,12037,15419,52.6
TR02196,C046,1918,5663,29.0
TR02197,C006,678,8456,65.4
TR02197,C008,3954,5990,40.8
TR02197,C024,1144,2243,67.2
TR02197,C026,59,836,61.7
TR02197,C026,3477,4843,38.4
TR02197,C026,6155,8155,94.8
TR02197,C036,1258,1922,59.5
TR02197,C036,5532,8678,62.1
TR02197,C038,1691,3649,52.3
TR02197,C038,5023,8046,50.4
TR02197,C041,3791,7285,66.0
TR02198,C013,487,1621,97.9
TR02198,C013,1992,2274,77.4
TR02198,C013,3393,3824,61.3
TR02198,C013,5143,5479,42.2
TR02198,C028,719,2405,24.4
TR02198,C028,4716,5514,95.9
TR02198,C038,84,2249,37.0
TR02198,C038,4257,5691,95.5
TR02198,C039,56,2343,61.9
TR02198,C039,4296,6498,87.2
TR02198,C040,768,1836,57.2
TR02198,C040,4556,6142,32.7
TR02199,C001,5599,7547,95.4
TR02199,C009,2722,4475,38.8
TR02199,C009,7239,9450,41.7
TR02199,C014,4929,6787,27.2
TR02199,C018,3686,5764,94.9
TR02199,C021,2566,4056,68.8
TR02199,C021,7215,8879,45.7
TR02199,C032,2296,4755,45.9
TR02199,C048,1353,2829,55.2
TR02199,C048,8250,10646,50.5
TR02200,C002,192,3902,57.3
TR02200,C006,256,1323,53.6
TR02200,C006,1908,3708,53.1
TR02200,C006,4189,4513,57.9
TR02200,C006,5722,6197,47.4
TR02200,C033,897,1191,62.1
TR02200,C033,4650,7155,66.4
TR02200,C040,1025,3411,58.2
TR02200,C040,5568,5869,73.0
TR02200,C042,2929,4066,33.4
TR02201,C010,3561,4002,52.2
TR02201,C013,3966,4819,41.1
TR02201,C013,12867,16115,76.7
TR02201,C014,2951,3838,45.6
TR02201,C014,9437,11447,39.4
TR02201,C016,5118,7665,56.2
TR02201,C020,0,1105,59.3
TR02202,C002,1617,3774,29.0
TR02202,C003,5429,7680,25.5
TR02202,C004,3501,4211,48.7
TR02202,C004,8834,10740,72.6
TR02202,C019,2731,12146,72.3
TR02202,C022,1186,3643,43.7
TR02202,C022,5140,5585,58.8
TR02202,C022,10236,11365,97.0
TR02202,C023,2223,3290,97.9
TR02202,C023,10422,12055,70.5
TR02202,C026,24,3486,28.3
TR02202,C026,8208,11523,62.6
TR02203,C011,0,1672,23.3
TR02203,C017,913,1456,62.0
TR02203,C017,5178,6252,99.5
TR02203,C017,9064,10622,62.0
TR02203,C017,13957,15045,49.8
TR02203,C018,7102,7976,72.2
TR02203,C026,3541,4595,94.1
TR02203,C026,10076,12324,24.4
TR02203,C028,5351,7712,60.4
TR02203,C036,189,3111,84.4
TR02203,C041,7995,8929,58.8
TR02203,C044,1460,2996,62.6
TR02203,C044,11643,13686,54.9
TR02204,C004,2084,3145,67.8
TR02204,C015,151,1294,50.6
TR02204,C015,2735,4738,46.3
TR02204,C035,1157,1390,46.9
TR02204,C035,3392,5096,77.9
TR02204,C044,0,587,37.5
TR02204,C050,173,1509,96.2
TR02204,C050,3646,4416,58.8
TR02205,C001,2707,5407,74.8
TR02205,C016,3331,3950,30.7
TR02205,C029,333,2508,99.0
TR02205,C041,3259,6319,37.7
TR02205,C043,1798,2328,56.1
TR02205,C043,7889,8892,41.5
TR02205,C049,35,13521,75.9
TR02206,C003,0,7692,56.9
TR02206,C010,3190,5792,83.4
TR02206,C011,1947,14802,74.8
TR02206,C025,4052,5203,40.3
TR02206,C025,10037,12479,44.9
TR02206,C030,1159,3260,86.4
TR02206,C030,10834,13254,56.2
TR02206,C031,447,3593,64.4
TR02206,C037,1621,4597,95.3
TR02207,C010,6314,7985,66.7
TR02207,C015,3940,6513,28.5
TR02207,C018,1719,2788,84.8
TR02207,C018,7661,9417,81.6
TR02207,C046,6965,10091,64.5
TR02207,C010,0,6199,70.9
TR02208,C003,2429,4343,86.5
TR02208,C003,12778,15284,87.8
TR02208,C004,3827,6508,24.6
TR02208,C007,441,1423,89.4
TR02208,C007,9510,10134,38.4
TR02208,C027,4045,6818,64.2
TR02208,C027,11675,14788,79.1
TR02208,C034,3075,6633,40.5
TR02208,C035,1127,1725,56.9
TR02208,C035,12445,13991,60.7
TR02208,C041,1373,2211,26.6
TR02208,C003,0,4963,62.2
TR02209,C007,2204,3718,45.7
TR02209,C007,6917,10131,93.9
TR02209,C027,2495,2974,20.6
TR02209,C027,6527,7218,21.4
TR02209,C030,3891,4787,75.1
TR02209,C034,153,2629,95.0
TR02209,C034,4549,4962,83.3
TR02209,C034,7413,9660,41.3
TR02209,C043,2436,4715,59.1
TR02209,C043,6910,8322,67.4
TR02209,C046,1757,4051,96.0
TR02209,C046,7023,8731,94.0
TR02209,C049,4877,8271,27.7
TR02210,C006,2500,3604,53.6
TR02210,C022,202,12368,64.8
TR02210,C032,1454,3737,78.1
TR02210,C032,5437,7775,93.0
TR02210,C032,10558,11971,52.3
TR02210,C038,1987,5971,66.2
TR02210,C038,9251,11634,33.6
TR02211,C012,292,2641,47.6
TR02211,C012,6036,8050,99.5
TR02211,C013,2237,3750,53.1
TR02211,C024,139,3477,42.8
TR02211,C024,6261,7183,53.4
TR02211,C027,0,5313,64.0
TR02211,C030,2607,4170,31.9
TR02211,C030,7986,8530,73.1
TR02211,C035,821,1897,66.5
TR02211,C035,3798,4872,54.3
TR02211,C035,6072,7476,68.9
TR02211,C035,9364,10429,75.3
TR02211,C043,1768,4098,54.3
TR02212,C001,1289,1725,88.6
TR02212,C001,3731,5096,63.3
TR02212,C012,486,884,70.0
TR02212,C012,4126,6264,55.0
TR02212,C021,2108,3444,84.9
TR02212,C029,702,1653,34.3
TR02212,C029,4432,5191,41.1
TR02212,C050,244,1829,21.6
TR02212,C050,3424,5432,76.6
TR02213,C018,2683,4708,49.1
TR02213,C018,11964,15542,86.4
TR02213,C024,3401,4775,85.8
TR02213,C024,9868,13714,67.2
TR02213,C031,839,15739,78.3
TR02213,C033,3387,6560,98.2
TR02213,C033,11592,13141,64.9
TR02213,C040,2912,3630,79.4
TR02213,C045,1514,2344,94.6
TR02213,C045,6839,8245,85.5
TR02213,C045,11584,13419,43.5
TR02214,C021,573,921,45.6
TR02214,C021,3943,5723,89.0
TR02214,C023,2785,3082,79.4
TR02214,C025,126,2847,58.0
TR02214,C025,3370,3836,80.7
TR02214,C033,417,1803,97.5
TR02214,C037,711,2313,99.2
TR02214,C041,2110,5218,23.1
TR02214,C043,2727,4462,64.4
TR02214,C047,501,1554,85.9
TR02214,C047,3711,5408,83.3
TR02215,C028,1924,2883,25.0
TR02215,C031,1864,2533,94.2
TR02215,C031,10293,10892,39.8
TR02215,C033,214,1995,66.3
TR02215,C033,9794,12896,87.1
TR02215,C042,218,1750,31.3
TR02215,C042,11219,13211,39.7
TR02215,C045,2068,2469,53.5
TR02215,C045,9655,11092,40.2
TR02215,C047,2334,3682,49.0
TR02215,C047,10129,11912,60.3
TR02215,C049,1983,3920,42.3
TR02216,C016,2192,13513,62.5
TR02216,C022,3509,7273,73.7
TR02216,C027,243,1674,71.7
TR02216,C027,8591,12412,32.0
TR02216,C034,5698,7167,81.2
TR02216,C035,300,2305,74.4
TR02216,C035,9532,10536,37.2
TR02216,C041,0,4144,82.2
TR02217,C002,975,1818,26.2
TR02217,C002,4377,6077,90.5
TR02217,C017,955,1313,71.2
TR02217,C017,4692,5913,98.8
TR02217,C020,718,1631,60.2
TR02217,C020,3747,5315,89.6
TR02217,C027,1750,5509,71.8
TR02217,C033,486,987,29.6
TR02217,C033,4248,5563,22.5
TR02217,C044,126,905,90.2
TR02217,C044,2223,2803,83.2
TR02217,C044,3654,4999,84.0
TR02217,C044,5579,5847,93.0
TR02218,C005,455,1758,55.4
TR02218,C005,6780,7569,49.8
TR02218,C005,13814,15053,63.4
TR02218,C006,9481,10932,83.6
TR02218,C016,4224,6786,75.9
TR02218,C017,0,9794,26.3
TR02218,C027,2881,4767,72.4
TR02218,C027,14769,17709,80.7
TR02218,C049,2102,4613,45.3
TR02218,C050,3109,5747,82.3
TR02219,C007,291,2657,56.3
TR02219,C007,3931,6001,42.0
TR02219,C007,7011,7826,54.2
TR02219,C016,3162,5479,24.9
TR02219,C024,951,2562,38.2
TR02219,C024,4891,8030,74.7
TR02219,C025,1970,3983,98.3
TR02219,C025,5380,7443,81.0
TR02219,C028,2298,4772,33.1
TR02219,C035,1021,3613,53.6
TR02219,C035,4739,5088,80.5
TR02219,C040,0,1638,21.8
TR02219,C046,2158,4135,63.1
TR02219,C046,4651,8030,30.2
TR02220,C003,0,8508,78.8
TR02220,C006,2830,6548,54.7
TR02220,C006,10256,12953,68.9
TR02220,C010,941,2273,62.0
TR02220,C010,7018,9006,58.2
TR02220,C010,14730,16459,69.3
TR02220,C022,0,2448,37.2
TR02220,C033,3335,6288,81.3
TR02220,C033,13725,14508,82.3
TR02220,C042,0,3862,77.7
TR02220,C046,1268,2196,88.2
TR02220,C046,13291,13565,91.8
TR02221,C008,199,729,50.4
TR02221,C008,1589,1856,49.9
TR02221,C008,3220,3477,57.7
TR02221,C008,4719,5282,55.3
TR02221,C012,554,1256,80.7
TR02221,C012,2935,4890,37.6
TR02221,C016,311,911,97.0
TR02221,C016,1673,2314,57.7
TR02221,C016,3031,3371,80.0
TR02221,C016,4395,5593,30.5
TR02221,C023,0,1391,67.3
TR02221,C028,0,920,21.0
TR02221,C045,827,5663,97.4
TR02221,C049,1357,4371,72.3
TR02222,C016,2560,3554,49.3
TR02222,C016,8498,11546,65.3
TR02222,C031,0,5861,79.7
TR02222,C032,543,11678,79.4
TR02222,C037,1796,4517,31.5
TR02222,C037,8111,10522,52.1
TR02222,C039,101,1568,84.1
TR02222,C039,6452,7745,59.9
TR02222,C041,2167,2517,64.9
TR02222,C041,9222,11498,27.8
TR02222,C045,2567,4540,77.2
TR02222,C045,9108,11913,55.2
TR02222,C046,1439,4704,70.1
TR02222,C046,8351,8621,44.1
TR02223,C006,620,6158,99.3
TR02223,C014,3255,3477,60.2
TR02223,C029,3453,5915,80.1
TR02223,C031,862,3784,37.1
TR02223,C039,424,2037,25.0
TR02223,C039,4115,5746,30.4
TR02223,C047,2645,4163,31.3
TR02223,C049,1711,4741,83.3
TR02224,C006,3422,4241,57.1
TR02224,C006,9415,11892,91.5
TR02224,C012,1357,12714,82.5
TR02224,C015,2031,3544,54.7
TR02224,C015,9344,12380,81.0
TR02224,C016,92,12519,65.3
TR02224,C027,874,4783,97.5
TR02225,C017,468,1637,86.8
TR02225,C017,5461,6633,65.6
TR02225,C023,2156,3617,55.8
TR02225,C032,1127,6389,95.1
TR02225,C047,1756,3437,69.0
TR02226,C005,1072,1731,22.2
TR02226,C006,298,1006,91.2
TR02226,C006,2392,3462,64.0
TR02226,C006,3881,4655,96.7
TR02226,C021,0,2413,47.2
TR02226,C027,298,1445,39.0
TR02226,C027,1879,2707,76.3
TR02226,C027,3847,5363,74.0
TR02226,C035,1049,2391,76.4
TR02226,C035,3564,5087,29.2
TR02226,C005,3873,4772,79.3
TR02227,C011,3866,4465,24.4
TR02227,C011,10941,11620,33.4
TR02227,C018,4123,7716,27.5
TR02227,C018,10776,11496,63.4
TR02227,C021,4157,5371,45.1
TR02227,C021,9846,10553,88.2
TR02227,C025,138,1050,36.0
TR02227,C025,5749,7630,65.7
TR02227,C025,12785,14875,85.3
TR02227,C031,2488,3094,28.3
TR02227,C031,12189,14570,88.4
TR02227,C033,1181,15073,68.5
TR02227,C048,1792,4662,28.1
TR02228,C005,2377,2748,92.5
TR02228,C005,6882,10144,38.1
TR02228,C023,1518,4193,83.8
TR02228,C025,605,1804,91.9
TR02228,C025,8436,10777,46.5
TR02228,C029,3697,4441,97.7
TR02228,C031,1598,4525,86.8
TR02228,C037,1912,2704,28.6
TR02228,C040,2969,5447,92.0
TR02228,C047,2714,4185,50.1
TR02229,C003,2793,5197,45.9
TR02229,C013,3472,4098,98.1
TR02229,C016,1807,4466,58.6
TR02229,C016,8285,9661,39.8
TR02229,C019,4206,5044,70.9
TR02229,C031,1751,3571,94.9
TR02229,C031,7547,8344,36.5
TR02229,C035,2216,5745,66.8
TR02229,C035,8414,10509,78.4
TR02229,C037,4525,5427,89.8
TR02229,C050,2365,3124,86.6
TR02229,C050,5832,8313,31.4
TR02230,C002,0,3326,63.3
TR02230,C004,500,16103,69.7
TR02230,C011,5527,6850,78.2
TR02230,C019,2897,4908,30.9
TR02230,C019,12560,16164,81.5
TR02230,C034,3703,6295,77.4
TR02230,C041,1443,16956,76.1
TR02231,C002,2964,5156,82.9
TR02231,C005,3638,6432,81.7
TR02231,C005,9249,12747,64.5
TR02231,C006,1225,3238,31.3
TR02231,C008,6624,9645,39.3
TR02231,C019,2104,12940,81.6
TR02231,C030,1042,3552,83.3
TR02231,C030,9970,12133,53.5
TR02231,C034,0,3835,68.6
TR02231,C040,3609,5405,32.5
TR02231,C040,8662,11225,74.1
TR02232,C002,2706,4214,60.3
TR02232,C013,1265,2512,22.4
TR02232,C013,8545,8759,94.8
TR02232,C039,1700,4458,63.8
TR02232,C050,2735,4349,72.0
TR02232,C050,8770,9924,77.7
TR02233,C001,5454,6193,48.8
TR02233,C012,2563,5185,97.8
TR02233,C012,9700,11175,44.0
TR02233,C026,755,2534,46.0
TR02233,C026,9976,13080,94.5
TR02233,C029,679,1994,50.5
TR02233,C036,1326,3097,84.8
TR02233,C036,6468,8094,94.8
TR02233,C036,11524,14000,77.5
TR02233,C040,501,12259,69.9
TR02233,C001,4762,9620,63.9
TR02234,C002,4076,4936,91.1
TR02234,C009,530,1023,98.3
TR02234,C009,3293,4348,89.4
TR02234,C009,6140,7137,67.9
TR02234,C021,1880,2369,53.4
TR02234,C021,5993,8010,56.4
TR02234,C030,906,3939,75.6
TR02234,C030,4640,7858,40.7
TR02234,C035,350,6488,70.1
TR02234,C045,621,1325,34.3
TR02234,C046,62,7851,77.2
TR02234,C050,1461,4355,64.9
TR02235,C003,1050,1727,56.1
TR02235,C003,7750,8979,56.1
TR02235,C007,1397,5099,41.6
TR02235,C007,6320,8270,29.2
TR02235,C027,4619,5642,48.8
TR02235,C039,1663,5446,45.9
TR02235,C048,3569,4098,23.3
TR02235,C049,1577,2163,96.5
TR02235,C049,7143,7588,42.3
TR02235,C050,1458,2205,92.2
TR02235,C050,6696,7681,59.5
TR02236,C007,531,1017,93.1
TR02236,C007,3532,5043,69.7
TR02236,C007,7117,7373,98.7
TR02236,C018,1693,3968,42.1
TR02236,C023,0,1658,73.5
TR02236,C025,658,8260,79.6
TR02236,C029,3556,5057,99.1
TR02236,C032,1523,3248,78.0
TR02236,C042,105,3143,45.6
TR02236,C044,910,8511,67.4
TR02237,C004,605,2094,76.2
TR02237,C004,5716,7030,29.8
TR02237,C011,0,5462,27.5
TR02237,C016,2296,5237,59.3
TR02237,C016,7687,11071,23.6
TR02237,C045,145,409,39.5
TR02237,C045,7424,9586,73.5
TR02237,C050,629,4609,81.2
TR02237,C050,7511,8980,24.9
TR02238,C002,2983,19200,72.5
TR02238,C012,2051,18205,68.8
TR02238,C025,2368,5767,30.6
TR02238,C036,972,3426,83.3
TR02238,C036,6585,6913,58.0
TR02238,C036,13364,14396,33.9
TR02238,C037,1158,4796,93.7
TR02238,C037,12144,13236,21.3
TR02238,C043,3036,4496,37.8
TR02238,C043,12577,14269,40.7
TR02238,C050,2223,2852,79.0
TR02238,C050,11369,13931,53.7
TR02239,C002,0,4090,20.5
TR02239,C005,1514,2019,86.7
TR02239,C005,9478,10102,79.7
TR02239,C009,4955,8421,49.3
TR02239,C029,1597,2134,73.0
TR02239,C029,6139,7033,42.2
TR02239,C029,11180,12324,99.2
TR02239,C040,499,4382,81.6
TR02239,C042,7622,8721,68.1
TR02239,C044,840,2834,65.1
TR02239,C044,4593,4825,66.3
TR02239,C044,8194,9295,54.6
TR02239,C044,12788,15267,72.7
TR02240,C002,2031,4353,63.8
TR02240,C002,10390,11653,47.3
TR02240,C005,1977,2771,58.3
TR02240,C005,9910,11129,80.2
TR02240,C007,530,3522,65.2
TR02240,C007,10989,12601,27.8
TR02240,C018,2144,5576,46.1
TR02240,C028,2564,4199,81.5
TR02240,C028,8946,9624,39.3
TR02240,C041,7285,10468,89.9
TR02240,C046,1471,3394,80.8
TR02241,C002,592,12790,64.1
TR02241,C008,2568,3593,66.1
TR02241,C009,589,3993,96.2
TR02241,C018,1142,4279,47.0
TR02241,C018,8695,10135,87.3
TR02241,C033,0,4162,77.3
TR02241,C038,0,1616,84.0
TR02241,C049,5688,9095,39.8
TR02242,C023,25,2569,25.9
TR02242,C024,948,3097,67.5
TR02242,C032,1200,1879,66.2
TR02242,C032,3924,5555,35.6
TR02242,C038,1427,1903,53.6
TR02242,C038,4086,5354,68.6
TR02242,C040,1024,3580,32.0
TR02242,C041,1439,1974,75.5
TR02242,C041,5309,6940,79.0
TR02242,C044,1298,3686,71.6
TR02243,C001,2535,5824,29.6
TR02243,C001,7068,8366,28.8
TR02243,C006,2394,5178,67.0
TR02243,C029,1642,2715,82.8
TR02243,C038,1274,1769,32.4
TR02243,C038,8119,8965,68.6
TR02243,C048,3106,3812,28.7
TR02243,C048,7555,11203,63.0
TR02244,C001,1111,4848,78.4
TR02244,C001,10394,12234,93.1
TR02244,C008,1579,3009,86.2
TR02244,C008,11664,13090,84.7
TR02244,C033,6661,8614,66.2
TR02244,C035,7043,11000,24.5
TR02244,C040,0,4501,24.0
TR02244,C043,0,5169,52.3
TR02245,C002,437,1804,94.3
TR02245,C002,5935,6945,92.6
TR02245,C002,11826,12936,87.5
TR02245,C016,2854,5303,21.3
TR02245,C016,8678,12361,52.7
TR02245,C020,2281,5158,61.1
TR02245,C024,2467,15054,86.7
TR02245,C028,382,2647,30.3
TR02245,C044,0,2403,74.8
TR02245,C050,3619,4723,64.0
TR02245,C050,8179,10312,60.1
TR02246,C009,4170,6250,68.8
TR02246,C023,0,2610,84.6
TR02246,C028,3347,16133,93.1
TR02246,C031,7936,9658,36.6
TR02247,C009,2295,10592,72.9
TR02247,C012,1567,4671,84.0
TR02247,C013,486,2596,25.4
TR02247,C015,445,3436,68.0
TR02247,C015,7077,8268,78.5
TR02248,C011,506,871,93.2
TR02248,C011,5736,7668,74.4
TR02248,C011,9285,9998,76.6
TR02248,C011,14123,14720,97.2
TR02248,C014,3000,3646,74.5
TR02248,C014,10266,12325,97.6
TR02248,C038,2307,5942,25.2
TR02248,C038,10021,10232,67.1
TR02248,C040,4468,8337,85.4
TR02248,C042,1895,4483,71.2
TR02248,C050,4009,6727,59.6
TR02248,C050,9542,12980,40.1
TR02248,C014,0,4685,65.1
TR02249,C004,3471,4409,77.3
TR02249,C004,10397,11728,54.2
TR02249,C021,2973,6350,65.3
TR02249,C021,10216,13435,44.8
TR02249,C024,2647,5192,62.2
TR02249,C024,8828,12200,25.9
TR02249,C039,2554,13334,68.0
TR02249,C043,0,5909,65.3
TR02250,C003,3073,5194,78.6
TR02250,C003,12585,13225,94.4
TR02250,C011,0,2542,72.5
TR02250,C017,2874,19097,86.9
TR02250,C020,4671,8194,83.9
TR02250,C020,11675,13319,34.9
TR02250,C025,4641,5902,35.2
TR02250,C028,2379,15270,76.2
TR02250,C031,1091,3739,96.7
TR02250,C031,11647,11896,82.2
TR02250,C043,435,1897,69.3
TR02250,C043,5554,6677,90.4
TR02250,C043,10200,11887,70.2
TR02250,C043,15996,16368,30.8
TR02251,C006,1609,3313,74.8
TR02251,C006,8675,8917,37.6
TR02251,C008,3920,7634,31.0
TR02251,C008,8469,10984,56.8
TR02251,C009,1163,3152,43.3
TR02251,C009,4257,6688,86.9
TR02251,C009,9432,11327,32.7
TR02251,C009,12993,14017,83.4
TR02251,C019,3048,13529,82.0
TR02251,C023,1987,2707,26.7
TR02251,C023,9144,11755,23.3
TR02251,C026,3810,6995,68.1
TR02251,C026,8927,12030,73.2
TR02251,C048,2101,3365,46.8
TR02251,C048,8747,10626,37.8
TR02251,C049,1427,5133,58.5
TR02252,C007,1832,4247,55.8
TR02252,C007,8940,12092,30.3
TR02252,C008,3138,5722,43.8
TR02252,C008,7429,8634,30.6
TR02252,C021,260,1673,37.0
TR02252,C021,8907,9627,78.5
TR02252,C024,0,5998,83.5
TR02252,C029,811,2436,55.3
TR02252,C029,3902,6148,43.3
TR02252,C029,7224,7530,86.5
TR02252,C029,9852,10338,41.8
TR02252,C037,1421,5141,100.0
TR02252,C037,8317,9175,84.2
TR02252,C047,3694,6265,55.4
TR02253,C007,1521,4310,46.0
TR02253,C007,9060,11615,62.1
TR02253,C010,1770,4680,83.1
TR02253,C010,8514,12176,84.7
TR02253,C035,1215,2566,61.5
TR02253,C035,9430,11851,55.5
TR02253,C036,5275,9142,93.5
TR02253,C041,1035,1897,33.3
TR02253,C041,6793,8393,37.2
TR02253,C043,1262,2315,30.2
TR02253,C043,8908,11421,85.8
TR02253,C045,0,5570,85.5
TR02254,C002,5082,7946,50.0
TR02254,C020,1463,2321,60.8
TR02254,C020,9050,12536,87.7
TR02254,C030,262,608,70.4
TR02254,C030,7188,8658,99.0
TR02254,C035,1279,1683,52.2
TR02254,C035,4734,6074,42.7
TR02254,C035,8771,11011,91.5
TR02254,C037,799,1990,98.6
TR02254,C037,4010,5484,67.0
TR02254,C037,7287,7622,58.9
TR02254,C037,9960,11023,85.4
TR02254,C043,14,1837,86.3
TR02254,C045,3551,6444,39.2
TR02255,C005,6055,9881,84.7
TR02255,C008,0,1994,26.9
TR02255,C009,1956,14680,61.0
TR02255,C017,403,1253,99.1
TR02255,C017,5600,8058,97.9
TR02255,C017,11465,11813,99.6
TR02255,C018,0,852,25.9
TR02256,C012,1356,8244,93.9
TR02256,C013,1312,6579,98.4
TR02256,C016,2243,4305,45.3
TR02256,C032,531,2872,96.3
TR02256,C032,5397,7788,49.4
TR02256,C034,875,1260,73.7
TR02256,C034,6125,8350,21.3
TR02256,C038,1732,2964,26.3
TR02256,C038,4662,7043,25.1
TR02256,C044,1100,3929,99.0
TR02257,C003,459,1591,32.6
TR02257,C003,7286,8350,85.8
TR02257,C009,2572,3117,96.6
TR02257,C011,359,1855,35.6
TR02257,C022,1491,4743,61.7
TR02257,C022,7466,9513,59.7
TR02257,C046,489,726,39.2
TR02257,C046,2886,4380,43.9
TR02257,C046,5621,6224,42.6
TR02257,C046,8432,9378,49.8
TR02257,C047,10,1308,85.5
TR02257,C047,3236,4085,80.8
TR02257,C047,6123,7773,59.8
TR02257,C047,8780,9514,56.8
TR02258,C017,1731,4877,60.9
TR02258,C018,1684,2826,31.5
TR02258,C028,1270,4828,64.6
TR02258,C034,645,9214,74.3
TR02258,C046,2027,3811,42.4
TR02258,C046,6172,9627,63.2
TR02258,C047,694,8458,87.9
TR02259,C016,1035,3040,24.9
TR02259,C016,4995,6006,76.0
TR02259,C022,2189,3180,97.1
TR02259,C023,325,3512,55.9
TR02259,C023,5247,5493,95.1
TR02259,C026,1164,3804,75.1
TR02259,C026,5621,6182,20.5
TR02259,C043,98,1173,90.1
TR02260,C001,1202,1481,69.0
TR02260,C001,9096,11532,76.9
TR02260,C007,2506,3094,44.2
TR02260,C019,212,2250,39.4
TR02260,C019,9571,10988,61.1
TR02260,C021,7463,9634,72.6
TR02260,C023,2112,5139,67.2
TR02260,C023,10546,13356,22.7
TR02260,C034,694,1151,43.4
TR02260,C034,4359,6725,67.2
TR02260,C034,8763,9318,54.3
TR02260,C034,11871,12372,49.1
TR02260,C048,243,15277,87.4
TR02261,C014,1588,4491,29.2
TR02261,C019,500,708,23.5
TR02261,C025,436,10927,85.2
TR02261,C040,1551,3433,42.5
TR02261,C040,6796,7752,31.3
TR02261,C042,1240,2863,89.7
TR02261,C042,5573,6962,33.7
TR02261,C047,3050,5050,79.8
TR02262,C016,303,3054,94.4
TR02262,C022,891,4538,27.8
TR02262,C022,6897,8606,36.0
TR02262,C034,1059,3648,53.8
TR02262,C034,5449,8214,59.7
TR02262,C035,491,1363,54.8
TR02262,C035,4785,7926,64.9
TR02262,C036,0,1098,57.1
TR02262,C042,1874,2928,31.9
TR02262,C042,5885,8385,42.1
TR02262,C046,2573,5387,77.7
TR02263,C007,35,1875,42.4
TR02263,C007,2151,3316,84.4
TR02263,C007,4020,4748,89.6
TR02263,C008,2832,5208,28.8
TR02263,C010,0,1057,36.2
TR02263,C018,745,970,51.3
TR02263,C018,3936,5181,83.4
TR02263,C029,144,1473,95.5
TR02263,C029,3254,4887,61.3
TR02263,C041,386,2025,79.8
TR02263,C041,3521,4196,81.9
TR02264,C004,3024,5836,81.4
TR02264,C004,11235,14660,20.1
TR02264,C014,7268,8582,84.2
TR02264,C027,1710,5147,58.5
TR02264,C045,1984,5429,64.7
TR02264,C045,11213,13495,97.6
TR02264,C047,1707,2967,72.4
TR02265,C001,3037,5688,48.9
TR02265,C010,1667,2946,52.9
TR02265,C010,6711,8308,76.9
TR02265,C023,1286,2595,51.6
TR02265,C023,4641,7139,94.3
TR02265,C023,9631,10629,56.1
TR02265,C026,699,1355,92.1
TR02265,C026,4901,6305,39.1
TR02265,C026,8701,8991,59.2
TR02265,C042,516,11789,96.3
TR02266,C014,3090,13242,70.8
TR02266,C015,1054,13340,99.8
TR02266,C016,7789,8883,29.6
TR02266,C026,1339,2638,41.5
TR02266,C026,6694,8320,60.1
TR02266,C026,11747,13571,85.6
TR02266,C032,3663,6395,27.0
TR02266,C032,10830,13064,30.0
TR02266,C044,3484,6872,82.0
TR02266,C044,12390,13944,28.7
TR02267,C024,572,5100,98.4
TR02267,C030,418,1710,33.9
TR02267,C030,2033,2356,62.4
TR02267,C030,3976,4836,86.6
TR02267,C048,676,2416,81.8
TR02267,C050,619,3249,48.8
TR02268,C004,1352,3094,97.8
TR02268,C004,10832,11217,30.3
TR02268,C006,3372,5119,72.5
TR02268,C011,758,2006,50.4
TR02268,C011,12539,15917,90.4
TR02268,C014,7845,8760,45.7
TR02268,C016,7431,9073,99.8
TR02268,C017,4697,7478,30.5
TR02268,C022,3414,5777,77.5
TR02268,C022,12202,14882,97.0
TR02269,C003,1096,4610,82.0
TR02269,C010,39,1085,86.4
TR02269,C010,1915,2240,75.1
TR02269,C010,3780,4774,78.2
TR02269,C020,676,4584,96.9
TR02269,C029,491,5161,70.3
TR02269,C030,90,985,69.4
TR02269,C039,2265,3994,70.6
TR02269,C050,51,1015,78.6
TR02269,C050,3122,4536,67.6
TR02270,C007,3377,4491,81.1
TR02270,C008,4662,7357,89.7
TR02270,C017,2888,3780,23.8
TR02270,C017,7751,10770,75.5
TR02270,C019,2350,5963,37.2
TR02270,C019,8335,9658,99.5
TR02270,C022,2373,2700,24.4
TR02270,C025,2610,2987,71.4
TR02270,C030,453,3261,99.2
TR02270,C043,1763,4386,37.8
TR02270,C043,7827,8482,89.8
TR02271,C018,117,3500,91.9
TR02271,C018,4672,5725,55.1
TR02271,C019,1231,7039,60.1
TR02271,C030,1875,2421,54.6
TR02271,C030,5516,5801,48.8
TR02271,C035,2121,2909,32.7
TR02271,C049,522,1699,72.0
TR02271,C049,4127,4878,36.9
TR02272,C006,1685,3353,69.6
TR02272,C006,6969,7939,57.2
TR02272,C016,144,2962,27.9
TR02272,C016,7776,9421,68.0
TR02272,C030,544,3246,36.5
TR02272,C030,6202,8814,86.8
TR02272,C034,1910,4321,28.3
TR02272,C034,5687,7656,69.7
TR02272,C037,1821,3547,70.9
TR02272,C037,7295,8589,81.5
TR02272,C039,398,3309,85.4
TR02272,C039,5921,8918,25.5
TR02272,C045,3761,5942,96.1
TR02273,C010,1387,4911,43.7
TR02273,C010,8640,11506,68.8
TR02273,C029,1702,5052,20.3
TR02273,C042,2629,5262,43.1
TR02273,C045,6667,10361,64.6
TR02274,C014,5871,9047,83.8
TR02274,C020,903,1363,48.9
TR02274,C020,9431,10609,72.8
TR02274,C025,1124,2541,72.2
TR02274,C025,11279,14150,96.4
TR02274,C036,5360,6903,60.7
TR02274,C038,2099,3748,44.4
TR02274,C038,9659,12558,62.7
TR02274,C043,4113,5986,96.0
TR02274,C050,0,5300,84.0
TR02275,C002,643,1336,62.0
TR02275,C002,11372,14873,79.8
TR02275,C015,1701,4015,34.9
TR02275,C016,3495,4447,33.1
TR02275,C016,12856,15724,78.4
TR02275,C026,1350,3685,23.8
TR02275,C026,9958,10921,67.5
TR02275,C027,3421,4855,71.8
TR02275,C027,12742,15739,62.8
TR02275,C031,7151,8766,73.0
TR02275,C041,1455,1931,39.7
TR02275,C041,10854,11858,68.7
TR02275,C045,1540,3463,23.7
TR02275,C045,12460,16375,92.3
TR02276,C002,445,1026,85.9
TR02276,C002,1886,2718,80.1
TR02276,C002,3513,3840,46.9
TR02276,C002,4702,5386,89.7
TR02276,C011,1871,2732,62.2
TR02276,C013,78,452,62.5
TR02276,C047,1050,1516,36.7
TR02276,C047,4269,5920,71.4
TR02277,C008,2424,4412,43.9
TR02277,C008,7953,9386,76.0
TR02277,C021,2488,3898,56.3
TR02277,C038,1123,11329,96.1
TR02277,C045,4743,6638,27.7
TR02277,C047,689,2469,48.8
TR02277,C047,4192,5478,37.6
TR02277,C047,7920,10036,49.2
TR02277,C047,11316,13247,44.3
TR02278,C009,513,3578,84.4
TR02278,C015,5189,6267,90.9
TR02278,C017,0,4627,64.2
TR02278,C022,1482,16355,81.5
TR02278,C026,1994,16362,89.6
TR02278,C028,2742,6445,45.5
TR02278,C030,1484,5452,40.6
TR02278,C030,10888,13184,38.8
TR02278,C031,1367,2170,51.6
TR02278,C031,10793,12010,21.2
TR02279,C011,5181,6518,99.0
TR02279,C031,1888,3338,45.2
TR02279,C031,7217,9488,51.6
TR02279,C031,14672,15830,57.4
TR02279,C035,3204,3410,85.4
TR02279,C035,11417,15142,43.8
TR02279,C043,1824,17122,83.7
TR02280,C009,1969,4114,45.7
TR02280,C009,6130,7350,49.8
TR02280,C019,850,2360,49.3
TR02280,C019,3405,3723,70.5
TR02280,C019,6222,6786,35.8
TR02280,C019,9185,11197,53.8
TR02280,C024,3141,4475,70.0
TR02280,C034,1818,9360,72.4
TR02280,C042,3062,4382,41.7
TR02280,C048,128,3371,49.4
TR02280,C024,6531,9003,65.9
TR02281,C027,1549,2886,58.4
TR02281,C029,744,3449,57.8
TR02281,C029,6689,7898,58.8
TR02281,C033,2566,3119,44.5
TR02281,C033,6943,8080,83.5
TR02281,C050,1704,11378,78.0
TR02282,C019,529,2359,31.6
TR02282,C019,11042,12467,35.7
TR02282,C038,1499,2758,62.7
TR02282,C038,11517,13073,80.1
TR02282,C039,3625,4798,41.0
TR02282,C039,13686,15122,21.8
TR02282,C048,808,16231,60.6
TR02283,C004,132,1960,36.5
TR02283,C004,2327,2720,75.8
TR02283,C004,4514,4731,47.0
TR02283,C004,6650,8548,62.1
TR02283,C012,1317,4531,72.8
TR02283,C022,314,3479,52.3
TR02283,C022,6095,8227,55.4
TR02283,C025,2145,3662,59.5
TR02283,C026,3196,5777,88.2
TR02283,C031,1586,2693,89.7
TR02283,C031,6301,8622,85.9
TR02283,C049,1292,6596,64.3
TR02284,C007,1046,3357,21.4
TR02284,C007,10312,12129,66.8
TR02284,C011,3406,6195,33.4
TR02284,C011,10897,13463,60.7
TR02284,C012,97,646,44.5
TR02284,C012,9893,10300,28.6
TR02284,C028,3260,6135,22.4
TR02284,C028,10634,13626,44.7
TR02284,C044,2895,13561,77.5
TR02284,C045,588,1270,38.2
TR02284,C045,8366,8682,87.1
TR02285,C002,3014,5725,49.1
TR02285,C002,8872,11040,91.8
TR02285,C034,1176,12483,76.7
TR02285,C038,0,6285,51.2
TR02285,C049,3761,5782,33.8
TR02286,C006,2178,2389,57.9
TR02286,C012,135,1330,88.3
TR02286,C012,3672,4181,83.5
TR02286,C012,5989,6493,47.5
TR02286,C012,8607,10713,88.3
TR02286,C025,0,2459,64.6
TR02286,C027,461,9839,76.7
TR02286,C042,3240,4384,51.2
TR02287,C005,359,15265,92.5
TR02287,C007,7175,8190,83.5
TR02287,C025,0,7383,29.7
TR02287,C039,493,2427,43.0
TR02287,C039,10931,14091,24.2
TR02287,C045,3570,16544,84.3
TR02287,C046,2588,2790,24.3
TR02287,C046,10047,12093,22.1
TR02287,C048,90,2309,60.2
TR02287,C048,6555,7064,32.8
TR02287,C048,14119,14777,75.0
TR02288,C014,612,2553,55.6
TR02288,C014,6345,8997,54.5
TR02288,C018,173,3847,58.9
TR02288,C018,7830,10607,34.4
TR02288,C020,1306,2436,97.3
TR02288,C020,7061,8303,32.8
TR02288,C024,843,3042,53.1
TR02288,C028,972,3278,82.6
TR02288,C028,7134,9213,35.8
TR02288,C033,5038,8508,90.7
TR02288,C048,2476,3267,56.0
TR02288,C048,6048,9003,75.1
TR02288,C050,956,3061,47.7
TR02288,C050,8044,8513,37.8
TR02289,C001,949,5699,75.8
TR02289,C009,522,2138,57.1
TR02289,C011,1764,3254,37.6
TR02289,C039,644,5527,79.5
TR02289,C042,250,1900,34.8
TR02289,C009,2977,4482,73.0
TR02290,C005,2736,17799,75.8
TR02290,C014,48,2474,82.5
TR02290,C014,10664,10915,53.8
TR02290,C017,614,3538,79.5
TR02290,C017,13403,16913,93.2
TR02290,C021,4574,7044,36.0
TR02290,C021,14020,14314,56.2
TR02290,C027,2428,4303,47.4
TR02290,C027,11613,13991,87.7
TR02290,C044,1849,15978,64.1
TR02290,C046,527,3080,42.3
TR02290,C046,13347,16133,86.5
TR02291,C016,17,1675,62.5
TR02291,C016,9200,12671,66.6
TR02291,C020,0,4966,67.3
TR02291,C024,133,996,39.5
TR02291,C024,9828,11645,74.2
TR02291,C029,2988,5147,22.1
TR02291,C038,4321,8087,75.8
TR02291,C041,2056,12946,81.4
TR02291,C044,1140,4276,75.8
TR02291,C047,1981,5807,92.1
TR02292,C001,726,2065,79.5
TR02292,C001,6287,9910,66.4
TR02292,C003,2105,4347,38.0
TR02292,C007,730,8844,99.3
TR02292,C008,821,3135,61.9
TR02292,C020,3439,5683,66.9
TR02292,C021,1022,1386,99.0
TR02292,C021,7952,9332,45.9
TR02292,C028,1632,2678,28.8
TR02292,C042,4050,4359,54.1
TR02293,C001,117,2103,71.4
TR02293,C001,3659,5417,48.3
TR02293,C001,6473,8129,87.2
TR02293,C011,2006,3488,55.3
TR02293,C017,1314,2758,71.2
TR02293,C017,4596,5537,31.1
TR02293,C024,1699,3511,54.6
TR02293,C024,6699,8206,69.0
TR02293,C037,125,3659,73.8
TR02293,C037,6262,6860,25.2
TR02293,C038,261,1241,59.5
TR02293,C039,116,463,61.1
TR02293,C039,2316,4161,44.8
TR02293,C039,5173,6331,60.1
TR02293,C039,7059,8801,94.4
TR02293,C049,751,1984,97.6
TR02293,C049,6609,6834,63.6
TR02294,C008,333,2329,80.8
TR02294,C008,4852,7389,70.0
TR02294,C013,1562,3404,62.6
TR02294,C023,0,965,44.7
TR02294,C028,39,773,95.6
TR02294,C028,2573,4338,60.3
TR02294,C028,5020,5807,70.2
TR02294,C028,6728,7762,51.1
TR02294,C030,911,1481,85.5
TR02294,C039,587,2217,46.4
TR02294,C044,1713,3772,86.6
TR02294,C044,4542,5507,32.7
TR02294,C050,3348,7188,61.6
TR02295,C010,554,3448,83.8
TR02295,C010,8766,10643,96.9
TR02295,C014,1390,3794,87.9
TR02295,C014,7421,11348,48.7
TR02295,C020,2702,5243,37.0
TR02295,C020,6457,6988,99.3
TR02295,C034,3603,7253,90.1
TR02295,C039,3353,6587,41.7
TR02295,C040,2952,3488,93.2
TR02295,C040,7476,9473,58.5
TR02296,C016,433,2502,64.5
TR02296,C016,5493,7150,75.2
TR02296,C018,1139,2824,45.3
TR02296,C018,5918,6328,32.4
TR02296,C030,550,2228,49.9
TR02296,C035,883,3002,98.7
TR02296,C036,1081,7312,96.9
TR02296,C045,2944,6660,70.7
TR02297,C009,1244,1870,46.7
TR02297,C009,5726,7771,61.4
TR02297,C011,897,2891,93.7
TR02297,C011,5734,7948,31.8
TR02297,C022,2055,4372,32.5
TR02297,C022,5222,7918,50.6
TR02297,C023,1096,3393,65.6
TR02297,C023,6535,7859,48.4
TR02297,C026,238,1970,87.8
TR02297,C026,2889,3670,62.8
TR02297,C026,4644,5581,94.7
TR02297,C026,7149,8434,40.3
TR02297,C029,1533,8595,66.4
TR02297,C045,1934,2665,36.7
TR02297,C050,85,3823,36.9
TR02297,C050,5756,7285,78.7
TR02298,C022,3444,7185,41.2
TR02298,C022,9023,12843,23.7
TR02298,C026,1788,4439,51.4
TR02298,C026,8639,11413,69.3
TR02298,C030,3051,5445,83.2
TR02298,C030,9790,12785,95.5
TR02298,C038,0,5897,57.8
TR02298,C040,922,1994,55.7
TR02298,C040,9416,11409,80.7
TR02298,C041,4032,5577,98.9
TR02298,C043,3042,4278,37.6
TR02299,C001,0,3815,85.0
TR02299,C018,1455,12844,64.4
TR02299,C019,612,2148,59.8
TR02299,C019,5975,8202,66.0
TR02299,C019,9979,10679,72.5
TR02299,C024,3155,5522,59.4
TR02299,C024,6893,10272,88.1
TR02299,C026,689,2096,99.4
TR02299,C026,9258,12263,70.0
TR02299,C029,3128,4587,87.1
TR02299,C029,6798,9808,28.3
TR02299,C035,1824,5387,77.3
TR02299,C035,7095,9669,89.1
TR02299,C048,1307,13545,72.8
TR02300,C002,414,1217,45.6
TR02300,C002,4723,5512,87.5
TR02300,C002,8178,9521,38.2
TR02300,C004,3110,4048,42.3
TR02300,C012,228,1741,99.1
TR02300,C012,3658,4471,55.5
TR02300,C012,5818,6790,45.6
TR02300,C012,8866,9399,58.3
TR02300,C022,1322,3095,23.6
TR02300,C022,7103,8748,43.2
TR02300,C025,604,3907,72.3
TR02300,C031,600,4521,96.8
TR02300,C048,1771,1971,87.6
TR02301,C003,1731,5245,31.4
TR02301,C003,8346,11239,87.1
TR02301,C008,290,2024,73.8
TR02301,C021,563,2304,96.7
TR02301,C021,6242,9550,75.7
TR02301,C030,723,2480,50.6
TR02301,C030,3809,4834,74.9
TR02301,C030,6597,7395,55.9
TR02301,C030,9256,11500,70.1
TR02301,C034,2936,5450,85.3
TR02301,C034,6181,9326,50.5
TR02301,C044,2373,11076,98.8
TR02301,C048,667,1803,95.2
TR02301,C048,7984,10906,64.4
TR02302,C004,4841,6483,80.0
TR02302,C019,1507,2716,65.5
TR02302,C019,6432,6850,60.4
TR02302,C019,14044,15822,39.0
TR02302,C033,761,2032,37.8
TR02302,C033,11878,13868,40.7
TR02302,C038,0,4413,32.6
TR02302,C040,125,479,60.8
TR02302,C040,4896,5333,67.9
TR02302,C040,9639,10368,49.1
TR02302,C040,14564,16642,62.8
TR02302,C004,587,4292,63.9
TR02303,C023,9068,12411,96.9
TR02303,C039,3691,4358,83.8
TR02303,C043,0,1182,67.2
TR02303,C048,4306,6749,47.7
TR02304,C014,1064,4391,45.8
TR02304,C014,5504,5882,63.0
TR02304,C025,2685,5228,36.6
TR02304,C047,937,2971,47.9
TR02304,C049,3013,4920,85.3
TR02305,C006,5325,8050,65.8
TR02305,C010,1344,2477,100.0
TR02305,C010,9796,10296,31.2
TR02305,C011,3871,4300,32.4
TR02305,C014,1211,4172,51.6
TR02305,C015,1884,4309,70.6
TR02305,C015,11154,13974,88.5
TR02305,C039,1573,5440,27.4
TR02305,C044,975,3438,38.7
TR02306,C018,2656,5620,78.3
TR02306,C022,2172,4584,80.0
TR02306,C022,9195,12174,31.7
TR02306,C025,553,841,22.8
TR02306,C032,1927,5659,61.5
TR02306,C032,6734,10259,81.3
TR02306,C041,1052,1855,58.3
TR02306,C041,7864,9751,81.1
TR02306,C044,2549,3222,100.0
TR02306,C044,7291,9029,80.3
TR02306,C047,519,2371,39.6
TR02306,C047,4063,5632,33.0
TR02306,C047,7360,9453,36.5
TR02306,C047,10449,11447,45.1
TR02307,C022,1024,1354,97.7
TR02307,C022,4418,5118,98.7
TR02307,C026,2587,3740,31.9
TR02307,C033,272,1498,80.0
TR02307,C033,1800,3090,43.5
TR02307,C033,3593,4245,89.1
TR02307,C033,5543,6636,40.9
TR02307,C040,247,961,46.8
TR02307,C050,1009,2863,94.1
TR02307,C050,4665,6563,55.6
TR02308,C006,2602,4716,70.2
TR02308,C007,0,6416,72.0
TR02308,C009,4018,7471,76.8
TR02308,C015,2103,5194,77.1
TR02308,C015,7961,8337,72.3
TR02308,C036,0,648,37.7
TR02308,C040,743,1323,23.2
TR02308,C040,8305,9757,32.3
TR02308,C050,1222,3960,47.7
TR02308,C050,8230,8647,23.3
TR02309,C001,1330,2604,87.6
TR02309,C001,4314,5871,88.4
TR02309,C006,569,2622,85.1
TR02309,C026,2012,2435,77.8
TR02309,C032,2266,3211,70.5
TR02309,C033,0,2875,61.3
TR02309,C038,1011,1908,45.9
TR02309,C038,4623,5621,44.6
TR02310,C010,237,2223,41.8
TR02310,C010,4407,4693,66.0
TR02310,C011,0,2869,64.7
TR02310,C016,338,1500,55.7
TR02310,C022,9,2148,22.8
TR02310,C022,3127,4943,94.6
TR02310,C029,0,2068,64.0
TR02310,C037,1076,5498,77.8
TR02310,C040,1872,3275,49.0
TR02310,C041,1188,2746,27.4
TR02310,C041,4184,5711,59.7
TR02311,C005,8065,9900,61.1
TR02311,C010,7637,10765,21.7
TR02311,C025,7409,10312,81.0
TR02311,C028,2024,3704,33.9
TR02311,C028,13917,17146,75.6
TR02311,C032,2353,6094,45.2
TR02311,C032,13463,14010,76.1
TR02311,C036,918,2979,37.0
TR02312,C002,710,4053,42.2
TR02312,C019,752,3785,76.2
TR02312,C043,3421,4361,85.0
TR02312,C043,9326,13093,84.2
TR02312,C047,2949,14506,68.4
TR02312,C050,705,14561,86.2
TR02313,C003,26,556,46.4
TR02313,C003,7455,10469,44.0
TR02313,C011,1188,4766,74.0
TR02313,C011,9246,9840,24.5
TR02313,C017,1770,5443,50.4
TR02313,C022,2421,3456,62.9
TR02313,C022,6729,10422,69.7
TR02313,C024,935,2992,70.0
TR02313,C042,5682,8305,41.2
TR02313,C049,3254,4000,64.6
TR02314,C004,607,2933,72.4
TR02314,C005,768,4749,85.7
TR02314,C013,0,2492,50.0
TR02314,C020,3444,4821,33.7
TR02314,C025,937,2727,37.1
TR02314,C025,4154,6894,49.6
TR02314,C035,921,3262,21.5
TR02314,C037,1148,3458,51.7
TR02314,C037,4274,5844,84.6
TR02314,C049,3358,4793,20.9
TR02315,C003,1829,5419,45.7
TR02315,C003,13709,14782,30.0
TR02315,C015,4567,4874,21.2
TR02315,C019,2980,15217,70.8
TR02315,C027,4778,6201,94.7
TR02315,C032,1708,4186,73.2
TR02315,C032,10237,11080,93.2
TR02315,C036,934,1770,83.0
TR02315,C036,7322,8472,90.2
TR02315,C036,13619,15903,76.2
TR02315,C040,98,15610,90.4
TR02315,C044,3415,7075,33.6
TR02315,C044,10772,11973,93.9
TR02316,C009,139,742,43.0
TR02316,C012,1421,2005,58.2
TR02316,C012,4761,5849,37.8
TR02316,C012,9779,10291,32.4
TR02316,C028,4782,5630,94.6
TR02316,C031,4399,8302,67.8
TR02316,C035,302,2018,99.1
TR02316,C035,7954,11734,84.6
TR02316,C043,799,11163,62.1
TR02316,C045,2056,5139,46.7
TR02316,C045,7331,8068,91.0
TR02317,C005,0,3627,54.0
TR02317,C008,343,2058,95.4
TR02317,C008,2606,3005,74.1
TR02317,C008,5213,6959,82.9
TR02317,C008,7181,8679,83.1
TR02317,C014,36,3987,61.3
TR02317,C015,152,2565,85.2
TR02317,C015,6476,9211,47.1
TR02317,C039,1019,2275,30.1
TR02317,C039,5489,6493,42.8
TR02317,C014,6690,8871,73.6
TR02318,C009,921,4130,72.1
TR02318,C022,1043,1511,59.6
TR02318,C022,4376,5866,69.2
TR02318,C032,1068,6399,73.7
TR02318,C033,1235,1490,61.2
TR02318,C033,4770,5228,24.4
TR02318,C041,0,2411,79.3
TR02319,C011,354,3241,56.8
TR02319,C011,4623,6732,45.4
TR02319,C013,351,2271,87.6
TR02319,C013,4708,5078,34.7
TR02319,C018,871,1934,87.8
TR02319,C018,5016,6948,87.3
TR02319,C027,49,329,36.1
TR02319,C031,535,2719,93.7
TR02319,C031,4504,6962,91.7
TR02319,C038,839,1303,42.8
TR02319,C038,3753,4069,38.1
TR02319,C047,1551,2481,73.7
TR02319,C047,4838,5770,82.1
TR02320,C032,774,2824,62.6
TR02320,C032,7012,9066,60.1
TR02320,C032,14108,16205,97.3
TR02320,C033,1565,3426,30.1
TR02320,C033,10920,12162,80.9
TR02320,C034,2077,5890,89.1
TR02320,C043,6754,7283,58.3
TR02320,C033,4361,10513,69.4
TR02321,C003,1441,3673,31.3
TR02321,C003,5387,8735,30.4
TR02321,C009,1379,7785,92.3
TR02321,C014,1380,8638,81.9
TR02321,C018,4247,6098,84.9
TR02321,C022,34,979,52.3
TR02321,C027,1790,4234,44.1
TR02321,C037,663,1025,55.2
TR02321,C037,5087,7621,50.0
TR02321,C045,1068,2648,64.1
TR02321,C045,5868,7707,49.1
TR02322,C001,1392,6212,71.7
TR02322,C016,1454,2371,88.2
TR02322,C016,5630,6931,42.9
TR02322,C034,1655,2647,87.2
TR02322,C034,4158,5501,29.5
TR02322,C040,626,1935,23.8
TR02322,C040,3924,5767,55.2
TR02323,C002,468,2211,60.6
TR02323,C002,4052,4400,36.6
TR02323,C004,565,1503,47.2
TR02323,C004,4587,5748,89.6
TR02323,C008,580,3214,67.3
TR02323,C013,1477,1679,84.7
TR02323,C013,4409,6486,29.4
TR02323,C020,2882,4694,95.4
TR02323,C033,661,4586,86.2
TR02323,C041,2263,4357,36.3
TR02324,C004,0,4930,53.0
TR02324,C007,2582,4893,34.8
TR02324,C007,7868,8150,61.6
TR02324,C020,1761,3245,76.1
TR02324,C020,7940,8466,83.2
TR02324,C022,2871,6447,24.7
TR02324,C034,1787,2517,23.6
TR02324,C034,7459,10213,79.7
TR02324,C048,1489,10490,96.6
TR02325,C015,255,3595,35.1
TR02325,C020,2272,5804,42.5
TR02325,C020,9641,9858,67.9
TR02325,C023,0,1877,30.3
TR02325,C027,185,3140,60.7
TR02325,C027,7228,10466,67.8
TR02325,C028,2794,6772,43.6
TR02325,C039,507,1602,29.3
TR02326,C001,435,1059,47.9
TR02326,C001,5829,8070,37.1
TR02326,C005,3733,6861,65.4
TR02326,C015,890,4467,39.0
TR02326,C015,6741,8323,55.9
TR02326,C018,53,960,95.2
TR02326,C028,1721,3512,27.8
TR02326,C028,6638,7055,98.9
TR02326,C039,0,3833,70.5
TR02327,C001,2587,5775,76.3
TR02327,C011,4969,6749,77.8
TR02327,C020,2406,17790,90.3
TR02327,C021,391,1920,32.5
TR02327,C021,6584,7070,61.7
TR02327,C021,14711,15486,55.7
TR02327,C032,4781,6554,71.0
TR02327,C032,13316,15662,83.6
TR02327,C046,4043,6490,32.3
TR02327,C046,9821,13261,46.6
TR02328,C018,0,2734,77.4
TR02328,C022,2293,3606,76.4
TR02328,C028,648,974,87.0
TR02328,C028,3260,4565,20.8
TR02328,C030,46,1636,98.9
TR02328,C033,200,1317,61.9
TR02328,C033,1802,2940,54.0
TR02328,C033,3098,4359,64.0
TR02328,C033,4935,5814,32.2
TR02328,C044,319,737,31.8
TR02328,C044,1590,2360,81.6
TR02328,C044,3418,4019,59.6
TR02328,C044,4807,5692,78.9
TR02328,C045,2725,5876,51.5
TR02329,C001,585,1662,99.2
TR02329,C001,2691,3418,53.0
TR02329,C001,5392,6978,89.5
TR02329,C001,8022,9048,81.4
TR02329,C002,517,1939,83.7
TR02329,C002,6266,7500,92.4
TR02329,C021,667,2440,88.4
TR02329,C021,6322,10020,61.8
TR02329,C032,1094,2746,94.7
TR02329,C032,6242,9197,83.5
TR02329,C036,1020,2613,45.0
TR02329,C036,3476,5681,81.2
TR02329,C036,7626,8450,52.3
TR02330,C002,1122,3615,71.1
TR02330,C002,8269,10471,74.0
TR02330,C004,1116,14511,75.7
TR02330,C024,2967,13674,87.6
TR02330,C026,3633,6888,91.1
TR02330,C026,9578,11508,66.4
TR02330,C027,132,1108,67.0
TR02330,C027,10546,10818,42.3
TR02330,C033,628,2784,52.2
TR02330,C033,5795,8015,41.4
TR02330,C033,10947,11228,86.7
TR02330,C044,6836,9785,39.9
TR02330,C050,110,1764,21.7
TR02330,C050,10136,12792,26.0
TR02331,C024,0,7230,30.4
TR02331,C026,494,1623,95.8
TR02331,C026,11995,13263,90.0
TR02331,C040,345,3828,22.8
TR02331,C043,1895,5448,85.3
TR02331,C043,12158,14528,33.8
TR02332,C003,70,2128,26.8
TR02332,C003,8196,9677,56.9
TR02332,C021,2159,2822,29.9
TR02332,C035,401,1156,33.4
TR02332,C035,7978,8364,72.5
TR02332,C039,4972,7808,53.2
TR02332,C047,237,1606,54.5
TR02332,C047,4883,6199,66.0
TR02332,C047,9170,10489,71.7
TR02333,C001,7518,10747,77.9
TR02333,C002,7095,8401,70.2
TR02333,C026,2072,4114,53.6
TR02333,C026,10361,11589,20.5
TR02333,C037,2076,12690,85.6
TR02333,C039,2724,4277,63.4
TR02333,C039,9468,11353,59.7
TR02333,C044,401,12699,77.8
TR02333,C046,155,2594,64.2
TR02333,C050,394,594,94.5
TR02333,C050,8171,9466,29.7
TR02334,C001,2824,4652,62.9
TR02334,C011,1448,3402,98.6
TR02334,C011,8580,11796,40.2
TR02334,C015,0,1982,65.6
TR02334,C022,7077,10435,73.7
TR02334,C026,2155,2495,34.3
TR02334,C026,10609,13365,65.6
TR02334,C030,7603,8084,78.5
TR02335,C007,1081,1667,22.9
TR02335,C012,890,2212,28.3
TR02335,C012,3463,5563,37.5
TR02335,C022,196,838,21.1
TR02335,C022,3198,4609,56.6
TR02335,C023,0,2419,41.8
TR02335,C035,837,1131,95.2
TR02335,C035,4221,4717,31.4
TR02335,C049,1816,2887,56.6
TR02335,C050,841,5026,92.8
TR02335,C007,585,3203,86.7
TR02336,C001,1561,2291,77.4
TR02336,C001,5172,6450,81.1
TR02336,C001,11468,13221,77.9
TR02336,C002,12,3220,55.2
TR02336,C002,8024,10320,34.6
TR02336,C016,2617,5485,89.5
TR02336,C016,8093,9978,23.3
TR02336,C020,2742,14694,64.3
TR02336,C023,2370,12231,97.0
TR02336,C028,3053,4740,37.7
TR02336,C032,2439,13834,96.7
TR02336,C034,222,1227,58.8
TR02336,C034,10717,12215,77.2
TR02336,C002,8030,13209,66.7
TR02337,C006,128,700,75.5
TR02337,C006,2357,3693,44.7
TR02337,C006,4515,4755,67.3
TR02337,C006,6074,6355,74.8
TR02337,C010,238,510,87.4
TR02337,C010,2075,3075,58.9
TR02337,C010,4450,5212,51.4
TR02337,C010,6252,7601,58.8
TR02337,C013,972,3124,47.3
TR02337,C013,4777,5061,64.0
TR02337,C016,409,943,54.1
TR02337,C016,4946,7345,90.4
TR02337,C019,936,2947,79.4
TR02337,C027,463,2391,45.6
TR02337,C036,801,3130,20.1
TR02338,C003,2591,4317,32.9
TR02338,C017,4069,5396,84.4
TR02338,C018,2047,3731,59.1
TR02338,C045,1504,5432,59.5
TR02339,C009,2300,3801,79.4
TR02339,C009,13898,16797,22.1
TR02339,C017,5008,5549,48.3
TR02339,C022,456,1160,30.4
TR02339,C022,5087,5363,51.0
TR02339,C022,10854,11239,88.6
TR02339,C022,15216,16730,62.0
TR02339,C034,4635,5573,45.0
TR02339,C038,1119,1893,78.2
TR02339,C038,7628,8519,90.3
TR02339,C038,14875,15676,30.6
TR02339,C009,0,6939,63.7
TR02340,C014,1065,2920,57.3
TR02340,C014,3931,6086,73.0
TR02340,C015,66,5315,85.5
TR02340,C035,267,1285,36.0
TR02340,C035,1783,3305,56.0
TR02340,C035,3916,4481,34.7
TR02340,C035,5485,5830,77.3
TR02340,C037,1055,6669,71.3
TR02340,C049,913,3233,32.0
TR02341,C012,97,2849,98.7
TR02341,C012,4700,6018,50.0
TR02341,C014,2867,3328,24.6
TR02341,C017,3559,4432,73.4
TR02341,C022,0,2539,61.7
TR02341,C036,24,3826,29.4
TR02341,C037,183,1767,81.8
TR02341,C037,3544,4571,97.3
TR02341,C037,5473,6577,95.7
TR02341,C039,1862,3194,22.8
TR02341,C047,1581,6864,71.1
TR02342,C004,273,586,43.8
TR02342,C004,1669,1928,37.8
TR02342,C004,2766,3203,74.3
TR02342,C004,4274,5072,36.4
TR02342,C005,1171,2526,58.4
TR02342,C005,3448,4538,62.1
TR02342,C007,178,1441,82.5
TR02342,C007,2761,5066,56.7
TR02342,C020,930,4675,99.7
TR02342,C027,769,3542,94.5
TR02342,C034,722,4316,98.0
TR02342,C041,192,1612,52.8
TR02342,C041,3115,4417,75.7
TR02342,C047,754,4918,70.5
TR02343,C003,3181,6463,79.9
TR02343,C003,6794,8178,21.6
TR02343,C004,1215,2892,68.8
TR02343,C004,4662,6348,93.4
TR02343,C004,9675,10331,57.5
TR02343,C005,2074,4300,60.0
TR02343,C005,9144,9833,26.1
TR02343,C009,3721,4134,36.2
TR02343,C011,3864,4311,28.8
TR02343,C015,2100,4300,23.5
TR02343,C042,527,4193,22.3
TR02344,C013,2379,4236,52.8
TR02344,C016,2280,5008,95.5
TR02344,C016,9961,13661,99.2
TR02344,C021,1070,3263,79.9
TR02344,C021,10485,11520,77.6
TR02344,C025,2063,15973,97.2
TR02344,C026,305,3000,69.8
TR02344,C026,10376,13269,31.0
TR02344,C041,0,4798,65.1
TR02344,C043,820,13564,93.8
TR02345,C019,645,1442,36.5
TR02345,C019,3833,4793,32.0
TR02345,C026,785,2342,91.0
TR02345,C026,3378,5986,98.3
TR02345,C036,2448,3599,57.9
TR02345,C042,296,2766,23.2
TR02345,C042,3119,5042,25.3
TR02346,C009,1547,1757,60.5
TR02346,C014,339,7766,62.6
TR02346,C017,3502,7123,84.1
TR02346,C019,440,712,42.2
TR02346,C029,681,7849,78.2
TR02346,C038,797,3421,86.9
TR02346,C038,4923,7749,45.4
TR02346,C044,28,1678,87.2
TR02346,C044,2814,5048,77.1
TR02346,C044,6308,6726,81.4
TR02346,C047,85,2913,93.3
TR02346,C047,6168,7175,89.9
TR02347,C002,1546,10718,97.2
TR02347,C010,1106,4511,20.2
TR02347,C038,130,3849,83.5
TR02347,C038,7174,10335,23.3
TR02347,C046,1524,4322,42.5
TR02347,C046,5588,8555,39.5
TR02348,C020,2553,14147,92.1
TR02348,C045,2963,12123,73.1
TR02348,C049,5527,5975,46.6
TR02348,C050,1979,5229,69.1
TR02348,C050,10548,13093,49.2
TR02349,C010,2284,3357,40.9
TR02349,C010,12625,15546,39.7
TR02349,C015,0,2841,30.1
TR02349,C029,1214,4892,32.8
TR02349,C029,10247,14080,94.8
TR02349,C043,4181,6812,43.1
TR02349,C048,4014,6159,48.1
TR02350,C030,5756,8166,40.5
TR02350,C034,0,2383,74.8
TR02350,C042,2887,5002,87.6
TR02350,C042,12319,15731,23.7
TR02350,C050,1616,1846,93.4
TR02350,C050,6259,6570,41.9
TR02350,C050,11749,12767,50.9
TR02351,C006,3842,7006,79.3
TR02351,C006,11675,13163,57.8
TR02351,C007,2833,15308,85.0
TR02351,C010,6056,6477,88.6
TR02351,C027,0,6504,52.7
TR02351,C032,6687,8024,97.2
TR02351,C041,2565,2910,75.1
TR02351,C044,0,3299,64.5
TR02351,C049,6265,9686,82.5
TR02352,C015,0,1105,36.0
TR02352,C022,5246,7687,49.2
TR02352,C029,926,4560,97.9
TR02352,C029,6705,9982,52.2
TR02352,C035,1328,2335,44.2
TR02352,C035,5899,9556,21.1
TR02352,C037,1360,5227,36.1
TR02352,C037,6586,9732,41.2
TR02352,C039,3895,4733,88.1
TR02352,C043,1026,1511,93.6
TR02352,C043,7190,10244,96.6
TR02352,C048,821,1132,49.0
TR02352,C048,7934,8493,41.2
TR02353,C023,158,545,59.3
TR02353,C030,2919,5938,66.6
TR02353,C035,2489,5399,29.2
TR02353,C040,1392,2902,84.8
TR02353,C040,3161,4401,22.2
TR02353,C041,673,2340,23.7
TR02353,C041,4207,5754,67.5
TR02353,C045,1173,2385,45.1
TR02353,C045,3435,5893,72.2
TR02353,C048,1093,2593,79.6
TR02353,C048,3723,5462,53.6
TR02354,C005,3782,5584,84.0
TR02354,C006,1749,3634,80.9
TR02354,C006,8611,10043,98.4
TR02354,C012,6571,10296,89.4
TR02354,C021,1732,5350,81.2
TR02354,C021,9589,13046,70.9
TR02354,C025,0,3348,64.7
TR02354,C028,1765,2511,51.1
TR02354,C033,0,4525,27.6
TR02354,C047,3211,5873,67.8
TR02355,C004,1479,3432,31.1
TR02355,C007,2196,3210,66.2
TR02355,C019,75,3078,89.6
TR02355,C019,5828,8016,79.4
TR02355,C029,2666,3771,76.2
TR02355,C042,776,1657,44.2
TR02355,C045,1160,2760,48.6
TR02355,C045,4873,7513,31.7
TR02356,C022,1491,2755,29.7
TR02356,C022,10593,13781,80.6
TR02356,C024,3749,5335,38.4
TR02356,C025,937,4727,41.4
TR02356,C025,10147,11388,49.3
TR02356,C027,1706,4006,67.6
TR02356,C027,6562,7613,45.3
TR02356,C027,13530,15779,90.3
TR02356,C031,3500,16086,82.9
TR02356,C022,14040,18793,63.5
TR02357,C005,1677,5622,77.5
TR02357,C011,5528,6540,98.5
TR02357,C023,1882,10926,89.3
TR02357,C031,2276,9924,70.9
TR02357,C043,1642,2878,40.0
TR02358,C001,1380,10949,69.8
TR02358,C011,549,3221,25.3
TR02358,C024,2784,4589,24.2
TR02358,C034,918,10971,64.7
TR02359,C009,1529,3727,78.2
TR02359,C009,6524,6881,82.5
TR02359,C014,1826,3345,74.2
TR02359,C014,7576,9073,80.6
TR02359,C019,1911,2740,39.0
TR02359,C021,733,3409,69.0
TR02359,C021,8840,10656,67.5
TR02359,C032,2967,3376,50.1
TR02359,C032,8104,10563,91.7
TR02359,C037,2914,4714,83.2
TR02360,C001,0,3837,34.0
TR02360,C006,1427,3038,97.8
TR02360,C018,1432,3029,51.9
TR02360,C023,0,3153,48.3
TR02360,C026,3304,6163,81.3
TR02360,C047,0,1439,44.2
TR02361,C002,285,3641,71.6
TR02361,C002,7602,8590,47.1
TR02361,C008,5141,7737,89.7
TR02361,C009,4155,5046,77.8
TR02361,C018,2390,3096,84.3
TR02361,C029,1978,3449,33.2
TR02361,C029,5954,8597,63.0
TR02361,C046,1241,2809,27.0
TR02361,C046,6770,10021,30.0
TR02361,C050,1344,2471,67.5
TR02361,C050,6819,9476,91.2
TR02362,C014,48,2426,89.1
TR02362,C014,2796,4709,35.7
TR02362,C014,5584,6698,30.2
TR02362,C014,8404,8799,69.4
TR02362,C015,1341,2635,57.4
TR02362,C015,6020,7049,69.6
TR02362,C017,1881,9882,70.1
TR02362,C022,40,3014,43.3
TR02362,C022,7073,7299,58.4
TR02362,C025,2223,5966,35.7
TR02362,C029,1171,4455,29.2
TR02362,C029,7289,9312,75.3
TR02362,C049,240,9986,82.5
TR02363,C003,0,1655,58.0
TR02363,C008,73,289,83.6
TR02363,C008,4522,6236,65.6
TR02363,C008,7555,8751,52.3
TR02363,C008,10513,11333,55.4
TR02363,C010,62,3814,40.5
TR02363,C010,9711,10915,90.8
TR02363,C023,1359,4206,62.5
TR02363,C023,8571,11127,20.2
TR02363,C026,892,1689,78.7
TR02363,C028,3042,4760,56.6
TR02363,C028,9074,11153,86.5
TR02363,C037,1415,4847,29.0
TR02363,C038,964,2441,24.1
TR02364,C008,3561,7165,60.2
TR02364,C018,1236,1664,86.9
TR02364,C018,6330,7642,70.0
TR02364,C020,1566,4329,55.1
TR02364,C033,508,2650,38.4
TR02364,C033,6944,9882,45.7
TR02364,C043,1569,4864,31.0
TR02364,C043,8464,11140,54.3
TR02365,C001,841,9271,73.5
TR02365,C012,0,4460,72.4
TR02365,C017,268,10664,78.9
TR02365,C047,2605,6177,41.8
TR02366,C001,2704,4317,49.8
TR02366,C001,7314,7827,96.5
TR02366,C022,2480,4621,38.3
TR02366,C022,6678,9913,41.4
TR02366,C029,1152,4667,88.7
TR02366,C030,2092,3206,88.4
TR02366,C030,8025,10122,48.6
TR02366,C035,4325,7462,97.4
TR02366,C043,551,3109,69.3
TR02366,C043,7398,10796,39.8
TR02366,C049,2275,2490,30.9
TR02366,C049,7802,8326,34.9
TR02367,C001,238,4517,78.8
TR02367,C003,1600,5388,36.1
TR02367,C020,248,465,61.7
TR02367,C020,3653,4530,35.6
TR02367,C026,1743,3013,48.5
TR02367,C035,2369,4442,76.2
TR02367,C039,483,3705,99.5
TR02367,C040,2738,5334,71.7
TR02367,C046,884,5525,82.1
TR02368,C003,2885,5054,81.8
TR02368,C008,188,2855,56.0
TR02368,C008,4649,6037,76.5
TR02368,C020,616,4911,93.3
TR02368,C026,193,6271,86.2
TR02369,C040,3054,3860,94.9
TR02369,C042,5363,8973,48.3
TR02369,C048,1176,1423,38.1
TR02369,C048,7131,10342,20.8
TR02369,C050,2687,4040,31.9
TR02369,C050,7726,8836,91.0
TR02370,C004,1257,2770,47.1
TR02370,C004,3912,4389,90.9
TR02370,C007,971,4854,89.5
TR02370,C012,425,3409,77.3
TR02370,C035,472,3847,69.7
TR02370,C040,1019,2041,93.3
TR02370,C040,3730,5270,94.7
TR02371,C001,1191,3461,36.1
TR02371,C001,6675,7547,81.7
TR02371,C014,714,2805,86.1
TR02371,C014,6036,9986,46.4
TR02371,C017,1708,4850,53.3
TR02371,C017,7399,7771,53.2
TR02371,C023,5012,7904,30.4
TR02371,C025,1257,1950,73.9
TR02371,C025,6233,7287,27.1
TR02371,C029,726,1507,99.6
TR02371,C029,7237,8765,72.8
TR02371,C036,1053,2357,61.2
TR02371,C036,3959,4689,90.0
TR02371,C036,7899,9909,87.7
TR02371,C043,1864,2805,62.7
TR02371,C043,7442,9444,50.1
TR02372,C010,3540,15971,65.2
TR02372,C013,3562,18739,71.1
TR02372,C021,2531,4759,92.4
TR02372,C021,13002,13940,88.2
TR02372,C035,2822,18332,81.4
TR02372,C038,3023,15533,77.5
TR02372,C042,2669,3751,89.9
TR02373,C007,1561,9577,69.7
TR02373,C011,369,2625,69.7
TR02373,C011,6820,10339,33.9
TR02373,C034,0,1665,85.4
TR02373,C049,739,2988,32.9
TR02373,C049,3747,5415,94.2
TR02373,C049,7517,10008,77.8
TR02374,C011,499,3870,31.0
TR02374,C011,6454,7108,44.4
TR02374,C019,103,2301,49.1
TR02374,C019,3549,5329,61.3
TR02374,C019,6155,7488,40.0
TR02374,C022,889,2560,84.7
TR02374,C022,3790,5441,74.6
TR02374,C022,5909,6318,94.5
TR02374,C025,0,2145,22.7
TR02374,C029,1531,1889,94.7
TR02374,C029,5860,8497,39.9
TR02374,C041,4027,6347,26.9
TR02374,C048,372,702,59.9
TR02374,C048,5344,5846,99.9
TR02374,C011,785,3598,77.2
TR02375,C008,509,1245,85.7
TR02375,C008,4719,7155,53.8
TR02375,C008,9026,11112,32.1
TR02375,C014,2814,5603,67.4
TR02375,C018,1646,11600,96.7
TR02375,C022,1350,4931,73.1
TR02375,C022,9574,10387,33.7
TR02375,C025,323,2955,73.1
TR02375,C025,6792,7291,74.8
TR02375,C044,128,2141,95.6
TR02375,C044,3933,4410,35.2
TR02375,C044,7247,8768,55.8
TR02375,C044,9801,11656,94.4
TR02375,C046,3138,3815,39.5
TR02376,C012,756,1564,72.5
TR02376,C012,11484,13393,65.6
TR02376,C020,6620,9841,73.8
TR02376,C023,6620,9070,30.0
TR02376,C035,3815,5093,80.6
TR02376,C035,10834,11332,44.1
TR02376,C048,3235,4227,55.9
TR02377,C002,0,3169,24.3
TR02377,C006,2968,4138,58.5
TR02377,C016,249,2393,53.5
TR02377,C016,4420,5199,82.9
TR02377,C036,224,1050,85.1
TR02377,C036,2536,3661,64.5
TR02377,C036,5195,6590,82.6
TR02377,C049,1921,3700,45.9
TR02378,C007,0,3147,81.7
TR02378,C013,6610,7603,51.4
TR02378,C019,5223,7624,22.8
TR02378,C020,211,4030,50.0
TR02378,C020,7382,9448,61.7
TR02378,C032,0,5891,76.1
TR02378,C047,1145,1605,55.3
TR02378,C047,5375,6523,58.0
TR02378,C047,9200,11276,73.4
TR02379,C009,4315,7971,85.9
TR02379,C009,9686,10093,50.3
TR02379,C032,1616,3678,24.9
TR02379,C037,1715,4189,70.5
TR02379,C037,6178,7596,92.9
TR02379,C037,13963,15940,87.4
TR02379,C038,5550,6261,38.4
TR02379,C042,1191,3148,90.9
TR02379,C042,12294,13960,88.1
TR02379,C045,1239,4673,25.9
TR02379,C045,9424,11181,31.7
TR02379,C050,1084,1788,77.4
TR02379,C050,12401,15577,53.8
TR02380,C015,195,1955,77.1
TR02380,C015,5153,7498,94.0
TR02380,C020,1713,3397,42.6
TR02380,C020,4656,5968,99.3
TR02380,C039,337,1952,78.2
TR02380,C039,5463,6118,23.7
TR02380,C049,357,2419,94.5
TR02380,C049,4537,5252,99.4
TR02381,C002,987,2207,77.0
TR02381,C002,4671,5938,95.9
TR02381,C002,8235,9313,32.4
TR02381,C011,4558,7913,86.6
TR02381,C014,1977,2608,25.0
TR02381,C014,7338,11094,45.5
TR02381,C023,25,2277,35.5
TR02381,C023,3341,4284,85.1
TR02381,C023,6254,8304,93.5
TR02381,C023,9635,11624,43.3
TR02381,C027,2294,3418,72.2
TR02381,C027,8016,10791,92.4
TR02381,C037,379,1547,93.6
TR02381,C041,1168,2039,86.8
TR02381,C041,8679,9614,67.0
TR02381,C043,2258,2776,71.9
TR02382,C005,113,1402,69.9
TR02382,C005,6863,7577,41.9
TR02382,C016,2371,3483,77.3
TR02382,C016,8434,10661,21.4
TR02382,C018,1982,5272,83.8
TR02382,C018,7075,9237,60.4
TR02382,C024,0,1217,20.8
TR02382,C026,1264,3182,33.4
TR02382,C026,7128,8116,38.5
TR02382,C031,294,2486,86.7
TR02382,C031,5328,6496,46.8
TR02382,C031,8888,10452,57.0
TR02382,C045,1588,4206,47.3
TR02382,C045,8893,11262,45.8
TR02382,C050,4140,7754,56.5
TR02383,C004,294,8633,66.0
TR02383,C006,420,2902,49.5
TR02383,C006,6040,7381,42.3
TR02383,C007,1531,4228,20.6
TR02383,C007,4898,8248,52.4
TR02383,C015,1332,4043,39.5
TR02383,C017,2710,6287,77.8
TR02383,C023,3213,7073,86.3
TR02384,C002,1982,4039,63.2
TR02384,C002,8092,8425,80.9
TR02384,C003,4909,5763,83.2
TR02384,C004,27,11359,66.4
TR02384,C023,2883,5002,80.8
TR02384,C023,8459,8742,44.4
TR02384,C027,0,4640,68.7
TR02384,C035,92,10419,91.8
TR02384,C050,435,1957,58.6
TR02385,C001,2722,3746,68.7
TR02385,C005,85,1848,98.8
TR02385,C005,2493,3315,85.3
TR02385,C005,4490,5404,92.8
TR02385,C022,0,993,43.6
TR02385,C024,63,303,76.5
TR02385,C034,1469,1868,60.4
TR02385,C034,3797,4311,76.8
TR02386,C002,1566,2316,51.7
TR02386,C002,6830,7810,73.0
TR02386,C006,269,536,73.5
TR02386,C006,6910,9414,67.6
TR02386,C016,2274,10395,69.0
TR02386,C017,770,1641,59.1
TR02386,C017,4088,6067,62.9
TR02386,C017,7217,8470,85.7
TR02386,C017,10425,12086,72.3
TR02386,C023,943,1454,42.6
TR02386,C023,3423,4194,92.4
TR02386,C023,7588,8817,90.0
TR02386,C023,10634,12831,32.1
TR02386,C027,3379,6751,45.4
TR02386,C027,7233,7484,35.7
TR02386,C033,1179,2049,65.5
TR02386,C045,274,875,99.4
TR02386,C045,4687,5126,30.2
TR02386,C045,9394,10698,85.1
TR02386,C002,6250,11339,74.9
TR02387,C003,3858,6703,23.7
TR02387,C003,11500,15196,37.6
TR02387,C007,1989,2424,70.0
TR02387,C007,9356,11460,85.8
TR02387,C009,2697,5000,93.3
TR02387,C009,9377,12117,95.6
TR02387,C019,530,4085,23.8
TR02387,C019,11450,13589,34.8
TR02387,C023,381,15572,82.3
TR02387,C027,434,825,30.2
TR02387,C027,9384,9781,56.1
TR02387,C034,441,1583,90.8
TR02387,C034,4933,6907,56.1
TR02387,C034,8958,10638,31.1
TR02387,C034,12686,13384,90.5
TR02388,C001,435,1230,45.4
TR02388,C001,2442,3681,65.4
TR02388,C001,4369,5488,75.8
TR02388,C003,276,3798,90.1
TR02388,C007,1128,3853,41.0
TR02388,C017,18,692,88.3
TR02388,C017,1528,2161,92.1
TR02388,C017,3241,4344,69.0
TR02388,C017,4732,5528,40.0
TR02388,C032,308,916,86.8
TR02388,C032,2099,3608,89.9
TR02388,C032,3917,5149,34.0
TR02388,C047,1459,5125,38.4
TR02388,C050,328,2013,55.4
TR02388,C050,4019,4747,97.2
TR02389,C016,151,3920,82.5
TR02389,C016,5404,8111,90.2
TR02389,C023,3643,5871,66.4
TR02389,C032,0,736,50.9
TR02389,C046,3326,5720,72.7
TR02389,C049,1338,1791,60.5
TR02389,C049,4398,5619,34.7
TR02390,C012,3558,6678,75.9
TR02390,C015,656,2127,25.5
TR02390,C021,33,8722,98.3
TR02390,C023,7,3992,22.7
TR02390,C026,3330,5166,81.3
TR02390,C031,2198,4383,80.9
TR02390,C035,608,1573,87.3
TR02390,C035,5873,8354,86.1
TR02390,C045,1793,3528,26.3
TR02390,C045,6777,7669,85.8
TR02390,C012,698,4015,82.8
TR02391,C016,1623,2250,98.8
TR02391,C016,5591,6450,69.3
TR02391,C017,507,1422,24.0
TR02391,C017,4296,6174,21.1
TR02391,C018,962,1213,92.0
TR02391,C018,4771,5974,32.8
TR02391,C033,3254,4637,94.0
TR02391,C039,1463,5459,58.2
TR02391,C043,20,696,86.1
TR02391,C043,5570,7736,52.2
TR02392,C008,1818,4568,96.9
TR02392,C010,3196,4420,78.9
TR02392,C021,1229,2691,97.8
TR02392,C021,4974,8022,88.7
TR02392,C022,1882,3240,96.4
TR02392,C022,5920,6770,41.1
TR02392,C034,0,2290,48.3
TR02392,C036,876,7675,97.0
TR02392,C040,0,519,73.3
TR02393,C006,733,2119,80.1
TR02393,C006,5648,7005,29.9
TR02393,C014,1065,3543,31.2
TR02393,C014,5372,6515,34.2
TR02393,C016,519,8038,68.9
TR02393,C020,1753,3130,72.1
TR02393,C020,4415,6064,90.0
TR02393,C026,2404,6127,56.7
TR02394,C001,234,6089,73.6
TR02394,C007,533,6127,68.4
TR02394,C013,1226,5108,96.2
TR02394,C048,515,2629,77.0
TR02395,C011,0,596,44.5
TR02395,C033,0,2283,79.3
TR02395,C039,0,916,34.1
TR02395,C049,768,1274,94.5
TR02395,C049,405,2241,70.2
TR02396,C002,1431,3531,53.9
TR02396,C002,4077,7262,24.5
TR02396,C004,0,3205,51.8
TR02396,C022,1355,7109,67.6
TR02396,C049,1296,2939,97.3
TR02396,C049,4025,5564,58.1
TR02397,C003,46,13712,98.3
TR02397,C006,212,16677,71.4
TR02397,C022,179,16480,92.3
TR02397,C029,252,16502,98.7
TR02397,C037,8689,12508,24.9
TR02397,C050,1004,1600,66.5
TR02397,C050,11013,14373,71.8
TR02398,C010,6029,7424,37.2
TR02398,C012,1843,11024,70.3
TR02398,C013,1793,3942,98.2
TR02398,C013,7796,11294,84.9
TR02398,C025,2852,4408,23.5
TR02398,C025,9072,12522,37.2
TR02398,C031,967,1285,38.4
TR02398,C034,6533,8766,77.1
TR02398,C035,3032,5244,55.5
TR02398,C035,8590,12554,81.6
TR02398,C036,1074,2248,62.2
TR02398,C036,4547,6055,73.5
TR02398,C036,7945,10232,61.4
TR02398,C036,10982,11343,81.6
TR02399,C013,26,240,90.5
TR02399,C018,5521,8374,83.9
TR02399,C030,3352,4221,85.8
TR02399,C030,12021,15117,72.7
TR02399,C032,921,1167,80.9
TR02399,C032,5323,6477,44.2
TR02399,C032,9900,11652,45.7
TR02399,C032,14557,16383,69.0
TR02399,C045,300,2950,48.1
TR02399,C045,9330,9578,66.1
TR02399,C050,564,3140,64.2
TR02400,C014,1687,3875,40.1
TR02400,C014,8047,10480,23.6
TR02400,C018,2792,5411,47.8
TR02400,C018,11591,12970,85.1
TR02400,C019,631,3189,33.5
TR02400,C019,10877,11532,97.9
TR02400,C021,0,3501,40.7
TR02400,C024,1964,3926,44.3
TR02400,C024,11108,14698,33.6
TR02400,C033,3483,4814,61.4
TR02400,C036,2556,14563,90.3
TR02401,C009,2664,5006,32.6
TR02401,C011,639,5235,96.2
TR02401,C020,1574,1818,84.0
TR02401,C026,384,2394,95.2
TR02401,C026,3705,4713,49.5
TR02401,C037,968,5204,93.4
TR02402,C010,846,1202,77.1
TR02402,C010,4140,4654,76.4
TR02402,C010,7036,7845,59.4
TR02402,C010,10359,12398,52.9
TR02402,C011,3389,3922,31.9
TR02402,C017,3114,4718,30.8
TR02402,C017,7313,7884,60.7
TR02402,C024,3685,6778,34.0
TR02402,C025,146,1144,69.3
TR02402,C025,7485,8186,60.3
TR02402,C026,3514,6366,37.1
TR02402,C049,5633,7085,37.0
TR02403,C007,1407,14035,90.1
TR02403,C010,1529,2225,90.0
TR02403,C032,2567,5028,23.4
TR02403,C047,800,12516,74.8
TR02403,C049,354,13841,82.1
TR02403,C050,2203,3376,84.9
TR02403,C050,7495,7797,23.6
TR02404,C008,0,5377,48.5
TR02404,C012,5293,8109,83.0
TR02404,C022,2542,4916,74.9
TR02404,C043,651,1548,45.8
TR02404,C043,7709,8937,80.4
TR02404,C048,980,1570,37.3
TR02404,C048,6895,8235,53.1
TR02405,C010,5032,5409,36.6
TR02405,C016,2593,4973,70.3
TR02405,C016,8069,11572,50.4
TR02405,C020,469,1957,66.5
TR02405,C020,3980,5218,36.2
TR02405,C020,6348,6670,36.7
TR02405,C020,9320,9626,63.7
TR02405,C028,1814,2929,74.5
TR02405,C028,7331,7576,64.7
TR02405,C037,1055,3975,96.4
TR02405,C037,8376,9084,78.0
TR02405,C046,5829,8902,85.8
TR02405,C047,462,1106,59.4
TR02405,C047,3209,4268,44.9
TR02405,C047,6229,6520,80.3
TR02405,C047,9271,11350,40.0
TR02406,C007,1031,1845,39.6
TR02406,C007,5152,7862,95.4
TR02406,C014,129,724,76.0
TR02406,C014,4528,7996,25.5
TR02406,C015,403,1532,36.8
TR02406,C015,2274,2558,91.4
TR02406,C015,4146,5674,54.8
TR02406,C015,6390,7170,96.9
TR02406,C021,1358,2047,21.7
TR02406,C021,4161,5382,54.1
TR02406,C044,758,1903,46.8
TR02406,C044,4106,5125,26.9
TR02407,C006,1256,1605,46.7
TR02407,C006,7306,8157,72.1
TR02407,C013,229,3004,68.2
TR02407,C020,332,1395,40.8
TR02407,C020,4182,5587,35.3
TR02407,C020,7076,9306,89.1
TR02407,C020,10417,12383,58.2
TR02407,C030,2594,3709,77.0
TR02407,C039,2013,2722,98.9
TR02407,C039,9582,11853,94.7
TR02407,C040,307,2497,23.8
TR02407,C041,1790,3294,76.6
TR02407,C041,8372,10613,98.0
TR02407,C047,1376,3136,54.8
TR02407,C047,8023,9961,92.4
TR02408,C018,1520,2532,98.6
TR02408,C019,1560,2719,97.3
TR02408,C019,3488,4008,77.8
TR02408,C020,833,2960,32.9
TR02408,C020,4964,6285,32.2
TR02408,C026,1102,6664,63.3
TR02408,C034,833,1638,70.4
TR02408,C034,4279,5362,47.3
TR02408,C035,484,1684,52.0
TR02408,C035,2430,3395,69.0
TR02408,C035,4697,5911,34.0
TR02408,C047,1053,6339,94.8
TR02408,C018,3678,6449,85.0
TR02409,C009,816,2731,83.5
TR02409,C018,530,6628,70.0
TR02409,C026,1777,2652,50.3
TR02409,C026,5612,6524,94.6
TR02409,C029,0,3164,34.1
TR02409,C043,2388,4252,44.6
TR02409,C047,654,1726,34.7
TR02409,C047,3293,4194,33.9
TR02409,C047,5828,6927,78.2
TR02410,C007,1041,2845,44.5
TR02410,C007,4685,6012,67.5
TR02410,C029,110,1640,79.0
TR02410,C029,4073,5897,70.2
TR02410,C031,1088,1961,80.0
TR02410,C035,1489,2985,25.2
TR02410,C035,3521,5657,62.4
TR02410,C045,1458,1706,67.5
TR02410,C045,4533,4865,51.4
TR02411,C009,4012,4926,42.8
TR02411,C009,9637,10526,62.3
TR02411,C020,2625,12450,91.8
TR02411,C022,600,4048,58.9
TR02411,C022,8259,9595,75.8
TR02411,C025,4266,6673,85.1
TR02411,C026,2889,5248,41.9
TR02411,C039,3490,7401,78.0
TR02411,C039,8769,9494,91.3
TR02411,C041,768,3496,47.4
TR02411,C041,9164,11831,34.9
TR02412,C014,2832,5023,93.0
TR02412,C014,12060,13467,32.9
TR02412,C019,1355,3279,45.4
TR02412,C019,10313,10524,97.1
TR02412,C026,0,1711,36.4
TR02412,C031,4619,5752,95.1
TR02412,C033,2209,6077,50.6
TR02412,C038,462,3485,77.4
TR02412,C038,10783,13251,44.8
TR02412,C042,3978,6106,80.0
TR02412,C042,10093,10981,89.7
TR02413,C001,51,1393,92.4
TR02413,C001,6839,8375,89.9
TR02413,C004,1195,12560,83.1
TR02413,C007,2117,10410,87.8
TR02413,C019,0,4260,74.0
TR02413,C020,22,3667,74.9
TR02413,C028,956,2600,93.9
TR02413,C028,8713,9640,84.1
TR02413,C029,2382,2843,84.4
TR02414,C001,995,1508,76.3
TR02414,C001,4468,6395,60.9
TR02414,C004,378,1212,43.7
TR02414,C004,3298,5706,43.1
TR02414,C005,503,1509,93.6
TR02414,C005,3440,5631,75.3
TR02414,C013,164,1665,53.0
TR02414,C013,3369,3844,26.5
TR02414,C023,741,4505,84.6
TR02414,C034,375,754,36.7
TR02414,C034,1987,2442,69.1
TR02414,C034,3655,4108,37.4
TR02414,C034,5180,5883,91.8
TR02414,C035,45,1678,72.6
TR02414,C035,3561,4287,55.9
TR02414,C040,730,2491,26.9
TR02414,C040,4340,5319,49.9
TR02415,C002,6371,7849,58.5
TR02415,C005,872,1361,60.8
TR02415,C005,5846,7198,95.2
TR02415,C005,12859,15231,72.1
TR02415,C023,3590,6443,64.1
TR02415,C023,12501,12741,54.6
TR02415,C026,0,6431,27.7
TR02415,C028,3565,7253,45.8
TR02415,C046,5625,7391,58.5
TR02415,C002,3446,7970,63.6
TR02416,C006,1696,3830,98.6
TR02416,C006,7829,8812,31.0
TR02416,C023,192,1809,41.2
TR02416,C023,8356,10080,54.4
TR02416,C027,397,988,64.4
TR02416,C027,9240,12319,79.4
TR02416,C028,476,4119,61.5
TR02416,C028,7724,8245,62.0
TR02416,C033,0,4960,21.5
TR02416,C035,1419,12551,98.0
TR02416,C036,0,1152,28.0
TR02417,C019,2734,5256,99.8
TR02417,C019,8842,11745,50.5
TR02417,C031,5396,9163,93.5
TR02417,C036,6161,8517,68.6
TR02417,C045,573,14949,87.5
TR02417,C047,7136,11124,58.7
TR02418,C008,4346,6410,98.2
TR02418,C013,3306,4160,60.4
TR02418,C016,825,3158,62.4
TR02418,C027,2695,5952,59.8
TR02418,C027,6610,9030,30.3
TR02418,C043,156,579,91.4
TR02418,C046,3145,3553,32.0
TR02418,C046,6735,10583,51.3
TR02418,C049,4217,6419,34.2
TR02419,C001,994,4979,37.2
TR02419,C008,370,1770,21.3
TR02419,C008,3822,5073,31.5
TR02419,C010,307,731,77.6
TR02419,C010,1545,2118,82.9
TR02419,C010,2721,3172,56.0
TR02419,C010,4166,5271,87.6
TR02419,C013,2368,3746,51.1
TR02419,C027,1194,2567,43.1
TR02419,C027,3933,4886,44.3
TR02419,C031,1041,4350,65.9
TR02419,C046,426,775,57.8
TR02419,C046,1666,2380,48.4
TR02419,C046,2945,3263,65.1
TR02419,C046,4334,5124,88.4
TR02419,C050,770,1164,95.5
TR02419,C050,3957,4786,83.0
TR02420,C006,4542,5872,78.8
TR02420,C029,1820,3735,37.6
TR02420,C029,10415,12060,69.5
TR02420,C030,2832,4121,77.9
TR02420,C032,1687,3842,70.4
TR02420,C032,6274,7555,54.8
TR02420,C032,12410,14307,75.6
TR02420,C036,321,2071,49.8
TR02420,C036,5489,7154,63.1
TR02420,C036,10222,11727,68.9
TR02420,C036,14759,15777,73.7
TR02420,C047,4781,5230,32.4
TR02421,C003,5271,5628,37.1
TR02421,C019,2884,13752,96.5
TR02421,C036,283,14364,94.8
TR02421,C044,1968,5124,91.1
TR02421,C047,191,3590,65.7
TR02422,C004,1095,1921,49.2
TR02422,C013,1187,2356,98.7
TR02422,C013,3821,4126,81.8
TR02422,C015,1312,1879,49.4
TR02422,C015,4184,5637,56.0
TR02422,C034,26,1708,93.5
TR02422,C034,3530,5053,94.1
TR02422,C049,407,1483,75.8
TR02422,C049,3758,4125,36.3
TR02423,C012,2937,6218,96.5
TR02423,C012,8520,12179,95.5
TR02423,C029,53,3774,85.2
TR02423,C037,2242,3384,93.4
TR02423,C043,1472,5345,38.0
TR02423,C043,8716,9204,36.3
TR02424,C005,364,1949,97.5
TR02424,C005,4608,7215,25.6
TR02424,C010,3570,4318,40.8
TR02424,C019,1225,2060,36.0
TR02424,C019,5221,5777,30.0
TR02424,C038,505,3520,27.7
TR02424,C044,1173,1619,50.4
TR02424,C044,4011,7070,63.5
TR02424,C045,1304,4749,71.0
TR02425,C006,1648,2230,56.2
TR02425,C015,2385,17990,62.9
TR02425,C016,3529,3770,70.8
TR02425,C016,13070,15982,98.7
TR02425,C020,1914,5441,98.3
TR02425,C030,2657,16941,97.4
TR02425,C031,165,3099,48.0
TR02425,C031,12908,14677,72.4
TR02425,C038,798,17416,94.7
TR02426,C016,1237,4213,58.5
TR02426,C016,12225,12539,33.1
TR02426,C018,4754,8380,60.1
TR02426,C018,10468,11698,30.5
TR02426,C034,0,8074,56.6
TR02426,C035,2150,18394,77.0
TR02426,C037,286,3758,57.3
TR02426,C037,10780,13479,89.9
TR02426,C038,2956,15266,62.1
TR02427,C015,1481,2789,94.0
TR02427,C020,1884,5186,90.7
TR02427,C024,252,6057,68.4
TR02427,C028,1524,3069,62.1
TR02427,C028,4534,5140,36.2
TR02427,C034,333,2449,56.7
TR02427,C041,476,755,72.1
TR02427,C041,2024,3079,77.1
TR02427,C041,3699,3936,84.1
TR02427,C041,5052,6284,35.0
TR02427,C044,0,1621,78.3
TR02428,C009,2430,5626,96.7
TR02428,C020,2,2768,45.6
TR02428,C020,6027,7307,45.9
TR02428,C021,791,1067,21.0
TR02428,C021,4621,6034,59.0
TR02428,C026,554,930,86.5
TR02428,C026,2143,3990,60.8
TR02428,C026,4204,5350,81.9
TR02428,C026,6737,7354,63.3
TR02428,C048,244,1960,84.8
TR02428,C048,2622,3894,65.8
TR02428,C048,4573,5339,90.3
TR02428,C048,6395,6693,41.0
TR02429,C002,1613,5319,28.4
TR02429,C007,2423,4921,44.3
TR02429,C007,8468,11439,47.7
TR02429,C016,813,3294,75.5
TR02429,C037,0,5613,72.9
TR02429,C038,17,1653,71.9
TR02429,C047,2118,8945,84.1
TR02430,C008,557,4032,70.1
TR02430,C012,108,3251,90.8
TR02430,C012,10552,11645,77.4
TR02430,C029,2101,4783,30.2
TR02430,C029,10984,14746,99.0
TR02430,C035,3506,4196,21.3
TR02430,C043,1020,1582,96.2
TR02430,C043,12279,14806,97.4
TR02430,C049,3742,7317,34.5
TR02431,C005,2622,15427,86.9
TR02431,C010,1350,3853,74.4
TR02431,C010,9443,12205,56.8
TR02431,C029,119,2183,93.8
TR02431,C029,6911,9013,73.4
TR02431,C029,12324,14182,86.1
TR02431,C033,1805,15088,73.5
TR02431,C040,0,7543,46.5
TR02432,C004,292,2253,39.0
TR02432,C009,71,3911,63.5
TR02432,C009,9213,9593,33.0
TR02432,C024,2310,2547,73.5
TR02432,C024,8141,9183,32.6
TR02432,C031,854,2809,49.3
TR02432,C031,7377,9686,74.2
TR02432,C032,100,1462,25.3
TR02432,C032,10561,11963,54.4
TR02432,C041,2813,5073,77.5
TR02432,C041,7958,11158,26.9
TR02433,C016,568,1470,22.8
TR02433,C016,6903,8664,26.4
TR02433,C022,0,3804,88.9
TR02433,C023,200,2099,85.1
TR02433,C023,2584,3492,62.7
TR02433,C023,5401,6936,95.2
TR02433,C023,7584,8556,99.4
TR02433,C026,1872,3386,31.7
TR02433,C033,1827,4472,39.2
TR02433,C033,6436,8640,70.2
TR02434,C004,743,2235,69.8
TR02434,C004,3673,5954,55.8
TR02434,C004,7711,9200,55.2
TR02434,C018,510,4482,74.2
TR02434,C018,6381,10295,67.8
TR02434,C031,819,1118,90.3
TR02434,C031,4483,4896,91.3
TR02434,C031,8399,10327,87.4
TR02434,C042,3517,4807,62.2
TR02434,C046,1618,2448,71.7
TR02434,C046,6294,9273,35.7
TR02435,C010,2738,4344,53.0
TR02435,C016,1095,3335,92.5
TR02435,C016,8600,9186,40.2
TR02435,C021,98,2589,70.9
TR02435,C021,5799,7109,50.9
TR02435,C021,10498,11795,62.5
TR02435,C027,3300,3724,36.0
TR02435,C027,10237,12044,44.7
TR02435,C044,0,2270,66.4
TR02435,C047,2553,4878,83.4
TR02435,C049,3373,5043,63.4
TR02435,C049,9407,12910,47.6
TR02435,C010,1050,4396,81.3
TR02436,C016,71,2063,64.5
TR02436,C016,4170,6157,62.5
TR02436,C017,1022,3246,38.4
TR02436,C024,1360,2147,81.8
TR02436,C024,3923,7265,87.9
TR02436,C045,950,2884,86.1
TR02436,C045,4725,6605,67.7
TR02437,C003,728,3366,35.4
TR02437,C003,13184,14776,61.5
TR02437,C021,1504,5348,59.3
TR02437,C036,6886,10795,30.2
TR02437,C042,315,938,73.2
TR02437,C042,7119,8540,75.9
TR02437,C042,12970,13693,81.7
TR02437,C044,3606,5335,27.0
TR02438,C011,2536,3376,71.1
TR02438,C028,891,2655,34.5
TR02438,C028,3188,6208,20.8
TR02438,C029,1789,3517,24.3
TR02438,C050,1791,5016,27.2
TR02439,C002,278,3481,77.7
TR02439,C008,284,2694,26.4
TR02439,C008,6594,8075,73.5
TR02439,C024,3657,6474,71.0
TR02439,C025,4948,5225,36.4
TR02439,C041,235,2583,95.0
TR02439,C041,8302,10888,56.2
TR02440,C018,397,3822,56.8
TR02440,C018,11632,14843,33.5
TR02440,C026,1897,18135,82.5
TR02440,C028,3925,5250,84.1
TR02440,C028,11142,12192,48.2
TR02440,C032,2398,3832,71.0
TR02440,C043,120,2918,24.0
TR02441,C003,5590,8103,47.6
TR02441,C015,4216,4611,43.8
TR02441,C015,10498,13348,22.1
TR02441,C019,3645,4284,33.8
TR02441,C019,12663,16650,79.6
TR02441,C020,564,993,42.0
TR02441,C020,6594,8413,47.8
TR02441,C020,14499,16584,55.5
TR02441,C041,1220,14926,92.2
TR02441,C043,398,2440,43.1
TR02442,C003,1167,4406,86.7
TR02442,C003,10181,11577,91.3
TR02442,C009,2616,3008,90.7
TR02442,C025,1849,3397,47.4
TR02442,C025,9530,10135,97.6
TR02442,C035,3780,4715,45.9
TR02442,C035,11352,14895,85.7
TR02442,C037,618,1818,55.1
TR02442,C037,7522,8317,98.1
TR02442,C037,14121,15978,54.2
TR02442,C038,2719,16236,92.4
TR02442,C048,42,3248,23.1
TR02442,C049,2746,5651,44.0
TR02443,C013,1686,2192,39.8
TR02443,C013,8553,10764,66.4
TR02443,C039,3000,5277,89.2
TR02443,C041,4860,8798,93.8
TR02443,C044,0,1501,44.4
TR02444,C005,493,1836,25.5
TR02444,C017,1466,4572,59.4
TR02444,C017,8041,11668,78.7
TR02444,C024,4024,5700,29.4
TR02444,C028,130,2889,89.5
TR02445,C006,673,1622,43.3
TR02445,C006,3568,4476,70.8
TR02445,C006,6951,8120,93.1
TR02445,C007,0,2577,62.9
TR02445,C016,3555,5825,67.6
TR02445,C021,1404,2341,85.2
TR02445,C021,4779,6893,95.9
TR02445,C022,0,2242,34.4
TR02445,C023,538,1420,95.0
TR02445,C023,6035,9085,29.7
TR02445,C027,4166,6932,55.1
TR02445,C030,1637,4273,51.7
TR02446,C004,2094,5907,88.0
TR02446,C004,6935,9488,75.7
TR02446,C015,557,9603,89.7
TR02446,C034,179,2410,69.9
TR02446,C050,2058,9708,75.2
TR02447,C005,1554,2841,71.9
TR02447,C006,345,1898,70.7
TR02447,C006,4720,5847,63.1
TR02447,C006,7778,9200,93.3
TR02447,C006,11194,13598,79.4
TR02447,C023,3455,5112,96.4
TR02447,C023,9950,10645,43.1
TR02447,C035,2198,4401,89.5
TR02447,C035,10437,14211,66.5
TR02447,C047,0,5859,83.4
TR02447,C049,1576,3695,37.7
TR02448,C026,755,3563,80.8
TR02448,C026,9227,12728,56.6
TR02448,C031,641,988,66.5
TR02448,C031,9958,11148,83.4
TR02448,C035,2373,3219,40.0
TR02448,C035,8986,11397,27.0
TR02448,C038,723,2404,66.7
TR02448,C038,8834,11413,91.3
TR02448,C041,1788,3770,39.1
TR02448,C041,10527,11730,62.2
TR02448,C044,3389,6953,61.1
TR02449,C002,4455,5396,75.4
TR02449,C009,963,10479,93.9
TR02449,C026,865,2835,44.5
TR02449,C026,6654,9059,85.7
TR02449,C028,0,5846,68.6
TR02449,C040,0,5099,61.2
TR02449,C046,2614,3564,76.9
TR02449,C046,6567,7413,81.5
TR02450,C002,1407,2932,98.3
TR02450,C002,4562,6686,53.0
TR02450,C005,3412,5233,51.3
TR02450,C013,230,6584,75.4
TR02450,C017,49,3311,58.8
TR02450,C019,3155,3677,91.0
TR02450,C026,817,1945,83.3
TR02450,C026,3604,5708,75.8
TR02450,C041,830,2207,68.5
TR02450,C041,3624,4872,91.7
TR02450,C047,1138,5595,97.6
TR02451,C021,241,821,21.6
TR02451,C021,3684,4510,27.1
TR02451,C022,652,4544,60.8
TR02451,C026,2855,5331,44.0
TR02451,C036,1753,2227,34.4
TR02451,C041,10,1490,33.8
TR02451,C041,3897,5682,96.4
TR02452,C003,1344,1861,97.0
TR02452,C003,5129,6226,31.5
TR02452,C003,10216,12435,38.0
TR02452,C003,14151,14436,33.3
TR02452,C004,4350,5271,65.0
TR02452,C004,12203,14189,35.8
TR02452,C005,8803,12625,93.3
TR02452,C014,926,3302,43.1
TR02452,C014,11119,11791,59.2
TR02452,C016,0,7691,67.5
TR02452,C022,2792,3240,79.2
TR02452,C022,10556,13240,37.3
TR02452,C047,2034,16687,62.0
TR02453,C006,79,2348,57.6
TR02453,C006,4832,6846,75.1
TR02453,C006,9625,10505,75.6
TR02453,C007,498,1416,99.8
TR02453,C007,6978,7688,68.9
TR02453,C020,31,401,48.1
TR02453,C020,9614,10221,61.3
TR02453,C030,256,718,28.5
TR02453,C030,9709,11556,47.3
TR02453,C033,1339,11946,85.9
TR02453,C034,1608,12531,66.8
TR02453,C049,1081,3926,32.1
TR02453,C007,0,4461,77.9
TR02454,C006,818,5236,92.4
TR02454,C007,378,1273,84.6
TR02454,C007,1600,2426,92.3
TR02454,C007,3041,4216,47.6
TR02454,C007,4631,5441,83.7
TR02454,C017,869,3496,23.6
TR02454,C020,278,1954,21.2
TR02454,C020,3023,4912,86.1
TR02454,C028,515,1835,32.3
TR02454,C028,3197,4383,78.4
TR02454,C030,904,1370,48.2
TR02454,C030,3493,3884,39.8
TR02454,C044,2493,4909,56.6
TR02454,C017,2345,4535,64.5
TR02455,C003,163,2522,33.9
TR02455,C016,8420,9004,36.2
TR02455,C023,16,1761,62.8
TR02455,C023,11766,14646,76.5
TR02455,C026,3284,16140,76.9
TR02455,C031,4142,7833,73.7
TR02455,C031,13254,17164,42.3
TR02455,C041,1679,4815,31.9
TR02455,C043,3119,6259,92.8
TR02455,C043,9352,12044,38.8
TR02455,C049,6938,10367,63.0
TR02456,C012,1737,11132,99.5
TR02456,C016,5873,6075,40.9
TR02456,C033,4910,7977,96.4
TR02456,C041,0,5469,39.1
TR02456,C044,2281,5714,26.5
TR02456,C044,9877,13327,26.7
TR02456,C050,2481,3917,71.6
TR02456,C050,9731,13536,40.7
TR02457,C001,559,1887,26.9
TR02457,C001,12104,15936,68.9
TR02457,C009,175,1010,91.6
TR02457,C009,9290,9921,51.3
TR02457,C010,1656,13035,79.0
TR02457,C014,1371,16497,70.2
TR02457,C033,297,2008,83.0
TR02457,C033,9413,11037,54.9
TR02457,C039,4038,5213,74.9
TR02457,C039,10520,13004,82.5
TR02457,C046,1613,4637,37.2
TR02457,C046,9964,11988,65.2
TR02457,C001,6145,12900,86.0
TR02458,C007,3966,4558,46.2
TR02458,C023,1549,2253,32.5
TR02458,C023,5894,7779,85.4
TR02458,C031,36,716,57.2
TR02458,C031,7583,8023,43.0
TR02458,C042,453,1743,92.9
TR02458,C042,3685,4561,40.0
TR02458,C042,7939,9349,80.4
TR02458,C044,2477,6211,95.0
TR02459,C007,356,566,39.8
TR02459,C007,1585,2436,46.8
TR02459,C007,2706,3517,66.3
TR02459,C007,4136,4936,83.1
TR02459,C011,215,2304,37.8
TR02459,C013,459,4771,86.2
TR02459,C020,1169,2110,55.5
TR02459,C020,3714,4263,46.2
TR02459,C039,82,2840,91.4
TR02459,C047,1943,4827,78.4
TR02460,C020,1968,5650,96.1
TR02460,C021,0,1366,86.6
TR02460,C033,923,3678,76.0
TR02460,C040,1313,1878,66.6
TR02460,C040,8913,10590,35.8
TR02461,C007,2324,4295,25.8
TR02461,C010,65,2383,93.2
TR02461,C010,4346,4662,87.7
TR02461,C013,91,5347,78.0
TR02461,C015,69,590,65.2
TR02461,C017,79,1487,43.4
TR02461,C017,3691,4001,57.3
TR02461,C020,1287,2079,59.7
TR02461,C020,3227,5369,85.4
TR02461,C038,173,1301,88.2
TR02461,C038,3794,5014,81.8
TR02461,C043,0,1958,70.7
TR02462,C022,1525,4375,82.9
TR02462,C022,14428,15880,76.9
TR02462,C035,25,657,85.6
TR02462,C035,14070,16637,30.9
TR02462,C036,6995,7638,72.5
TR02462,C037,8080,11770,89.6
TR02463,C002,2643,3825,56.3
TR02463,C004,2590,3206,78.8
TR02463,C004,6857,7538,88.6
TR02463,C005,1396,12921,96.1
TR02463,C008,903,1839,32.1
TR02463,C025,3882,5880,25.4
TR02463,C032,1383,5325,71.6
TR02463,C032,6934,7474,23.2
TR02464,C016,2340,5267,46.8
TR02464,C016,10830,13884,37.9
TR02464,C027,1197,14669,90.4
TR02464,C041,985,15016,95.3
TR02464,C049,4321,7464,46.4
TR02464,C049,9838,10927,66.9
TR02465,C006,0,7777,66.8
TR02465,C009,1364,4718,50.0
TR02465,C025,5833,8995,36.9
TR02465,C042,6635,7618,33.4
TR02465,C045,2394,4116,34.3
TR02465,C045,12498,13465,53.3
TR02465,C009,2151,8344,63.1
TR02466,C012,5618,7617,87.7
TR02466,C013,222,1361,74.2
TR02466,C013,4020,4385,63.1
TR02466,C013,8002,9331,57.9
TR02466,C019,935,2480,62.9
TR02466,C019,3338,4257,76.4
TR02466,C019,6911,8927,61.8
TR02466,C019,9161,9761,54.9
TR02466,C041,3770,4826,92.4
TR02467,C001,294,1420,64.0
TR02467,C001,4424,6397,66.5
TR02467,C001,8224,8686,47.0
TR02467,C013,786,1758,87.0
TR02467,C013,5697,9346,55.6
TR02467,C018,1464,3299,58.0
TR02467,C018,6637,7590,35.3
TR02467,C019,3109,4023,52.4
TR02467,C021,2596,3563,74.9
TR02467,C021,5404,9366,24.1
TR02467,C043,2499,4956,63.2
TR02467,C043,6814,8823,57.7
TR02468,C005,1777,10403,67.9
TR02468,C011,2857,6699,90.3
TR02468,C018,807,2015,37.9
TR02468,C018,4802,6192,90.3
TR02468,C018,9474,11569,77.8
TR02468,C022,288,3068,44.9
TR02468,C022,7159,7846,33.5
TR02468,C037,2067,2855,75.6
TR02468,C044,2038,4230,91.4
TR02468,C044,7578,7857,39.8
TR02469,C007,2202,2986,48.5
TR02469,C007,5380,5825,80.2
TR02469,C019,2341,5381,77.7
TR02469,C021,3136,4477,58.2
TR02469,C023,1870,3689,70.2
TR02469,C023,6075,6412,33.3
TR02469,C025,812,2443,75.2
TR02469,C025,4771,5617,79.5
TR02469,C026,922,1185,81.5
TR02469,C026,3431,5391,67.1
TR02469,C026,7114,8882,96.2
TR02469,C037,496,1937,60.9
TR02469,C037,5025,6547,67.5
TR02470,C011,4234,4899,89.4
TR02470,C021,2888,5660,52.3
TR02470,C021,9152,10341,83.6
TR02470,C025,1883,4811,69.8
TR02470,C029,1270,1591,87.8
TR02471,C011,1117,1968,44.4
TR02471,C016,550,3628,89.2
TR02471,C016,5863,7377,51.5
TR02471,C028,1572,2818,53.5
TR02471,C028,5940,7510,62.1
TR02471,C031,1384,8569,60.5
TR02471,C047,614,1038,37.9
TR02472,C001,1310,12192,91.7
TR02472,C009,81,604,73.0
TR02472,C009,7720,8938,83.6
TR02472,C042,1288,4011,88.6
TR02472,C043,602,12210,68.3
TR02472,C049,1172,1488,54.3
TR02472,C049,4081,5808,40.1
TR02472,C049,7596,7965,72.5
TR02472,C049,12137,12713,36.5
TR02473,C003,0,1301,62.4
TR02473,C017,1253,3911,80.6
TR02473,C018,2235,3429,59.2
TR02473,C018,7468,9102,20.5
TR02473,C037,1931,4798,21.7
TR02474,C003,2988,6986,83.8
TR02474,C003,9339,12542,61.8
TR02474,C019,2989,4048,21.1
TR02474,C019,9515,10181,79.9
TR02474,C022,4819,5883,81.1
TR02474,C024,1317,4203,61.4
TR02474,C024,9359,12366,76.4
TR02474,C029,4500,8086,43.5
TR02474,C034,750,3298,36.4
TR02474,C039,1057,4808,68.6
TR02474,C039,10900,13626,53.4
TR02474,C040,1739,5017,61.8
TR02474,C040,9568,11836,31.1
TR02475,C001,551,1734,85.8
TR02475,C001,4031,4337,48.7
TR02475,C004,51,698,64.3
TR02475,C004,3136,4783,51.6
TR02475,C024,287,2399,35.0
TR02475,C024,3384,4551,55.3
TR02475,C026,0,1563,57.5
TR02475,C027,0,1593,34.0
TR02476,C002,6561,9191,38.6
TR02476,C013,2889,3930,85.8
TR02476,C013,12347,12762,53.3
TR02476,C016,5116,7747,71.9
TR02476,C020,1016,2653,24.3
TR02476,C027,7340,8106,48.8
TR02476,C049,488,978,88.9
TR02476,C049,10686,13124,39.6
TR02477,C015,930,2216,96.1
TR02477,C015,4144,5304,62.4
TR02477,C021,911,2165,43.7
TR02477,C025,638,2150,83.3
TR02477,C027,628,2450,69.6
TR02477,C027,2912,5316,99.5
TR02477,C042,1845,2532,26.0
TR02478,C016,4210,4537,35.3
TR02478,C016,11260,15229,44.5
TR02478,C023,1204,2816,33.0
TR02478,C023,9219,12350,32.1
TR02478,C029,3339,5547,88.2
TR02478,C032,6347,6952,53.5
TR02478,C034,4146,6359,38.9
TR02478,C036,3521,6825,67.2
TR02478,C036,12423,15841,23.3
TR02478,C039,0,2764,38.5
TR02478,C042,998,16814,81.5
TR02479,C016,5212,7773,100.0
TR02479,C018,1161,2868,37.7
TR02479,C018,6343,8995,58.6
TR02479,C019,1696,4835,68.6
TR02479,C019,9155,10013,86.3
TR02479,C029,6243,7868,67.2
TR02479,C031,365,9857,90.6
TR02479,C044,2073,5582,25.5
TR02479,C045,23,10958,91.6
TR02480,C009,2316,3917,29.5
TR02480,C016,3801,7467,77.5
TR02480,C025,976,2146,81.6
TR02480,C025,7541,10719,66.5
TR02480,C033,2667,2974,77.5
TR02480,C033,9516,10580,54.0
TR02480,C045,362,2713,87.6
TR02480,C045,5686,6833,37.7
TR02480,C045,10384,10929,34.7
TR02481,C002,648,1547,89.3
TR02481,C002,3217,4663,77.9
TR02481,C009,1447,4809,23.6
TR02481,C012,1074,1400,28.4
TR02481,C012,3995,5283,75.9
TR02481,C014,69,1959,59.0
TR02481,C014,4015,4977,57.0
TR02481,C022,2302,4106,68.1
TR02481,C034,1561,4006,68.2
TR02481,C040,738,1144,92.3
TR02481,C040,3530,4509,22.8
TR02481,C045,524,1697,42.1
TR02482,C001,2749,4514,64.3
TR02482,C003,1519,12447,71.6
TR02482,C009,2791,5474,34.4
TR02482,C011,458,835,72.6
TR02482,C011,4175,5705,38.4
TR02482,C011,7719,7927,88.2
TR02482,C011,11832,13486,98.7
TR02482,C016,5323,8985,45.1
TR02482,C018,793,3036,46.4
TR02482,C018,7331,9880,56.8
TR02483,C014,710,2410,72.6
TR02483,C014,6135,6928,52.0
TR02483,C022,2739,5473,52.5
TR02483,C025,1914,3567,97.5
TR02483,C025,6085,6662,57.5
TR02483,C029,1749,2683,90.7
TR02483,C036,224,6791,61.9
TR02483,C037,1963,3098,45.6
TR02483,C037,5082,5402,68.2
TR02483,C044,3868,4229,54.7
TR02484,C008,1799,3635,49.5
TR02484,C008,9373,11592,47.1
TR02484,C010,2288,4932,89.9
TR02484,C025,2379,2886,64.7
TR02484,C025,8547,12535,60.0
TR02484,C026,8190,9910,55.1
TR02484,C031,6555,8416,52.3
TR02484,C033,1549,2358,20.9
TR02484,C033,11612,11902,62.7
TR02485,C001,830,1440,84.8
TR02485,C001,4018,5353,35.5
TR02485,C001,8999,10927,57.8
TR02485,C012,2007,9858,69.1
TR02485,C017,897,2140,35.7
TR02485,C017,8370,9489,67.2
TR02485,C035,4402,8353,56.9
TR02485,C038,2329,4298,74.2
TR02485,C038,7005,10265,42.5
TR02485,C044,157,2218,99.7
TR02485,C044,3206,3709,82.4
TR02485,C044,6774,8242,99.0
TR02485,C044,9689,11173,52.8
TR02485,C045,1772,2889,71.9
TR02485,C045,7373,8110,46.3
TR02485,C048,60,3990,78.0
TR02486,C011,1375,13960,68.9
TR02486,C013,1362,13730,63.3
TR02486,C046,705,3240,23.0
TR02486,C049,2560,3886,92.2
TR02487,C010,3314,7115,59.3
TR02487,C010,7601,10408,79.7
TR02487,C011,5683,9495,31.6
TR02487,C015,2464,13476,88.7
TR02487,C018,281,12517,81.9
TR02487,C026,3106,5119,43.3
TR02487,C026,10944,12348,84.4
TR02487,C039,521,3112,30.3
TR02487,C039,8931,11662,56.6
TR02488,C002,5095,6678,78.6
TR02488,C003,856,1301,38.5
TR02488,C027,2213,5069,26.9
TR02488,C036,7075,7927,92.1
TR02488,C038,701,3632,93.7
TR02488,C038,10118,13433,80.0
TR02488,C039,2841,12730,72.6
TR02488,C047,544,1696,55.7
TR02488,C048,0,4383,83.7
TR02489,C008,0,980,31.8
TR02489,C012,1548,2963,98.8
TR02489,C012,3901,4507,79.1
TR02489,C022,1008,5228,66.7
TR02489,C029,100,3134,74.8
TR02489,C029,4033,5891,93.3
TR02489,C043,3112,5128,30.1
TR02489,C049,337,6109,91.9
TR02490,C004,2034,4682,78.3
TR02490,C006,608,1916,79.5
TR02490,C006,6000,9920,46.4
TR02490,C012,3317,6663,60.2
TR02490,C015,1725,2859,28.7
TR02490,C030,0,5365,89.5
TR02490,C032,2300,5339,33.6
TR02490,C038,0,5557,76.2
TR02490,C046,392,8827,66.4
TR02491,C003,2113,5180,71.2
TR02491,C003,10462,13799,60.9
TR02491,C009,3309,4246,56.5
TR02491,C009,12310,14079,97.1
TR02491,C022,2261,4288,86.8
TR02491,C022,12167,15951,33.7
TR02491,C026,8149,11271,77.6
TR02491,C050,1173,2557,33.6
TR02491,C050,4986,5398,38.4
TR02491,C050,9230,11626,93.2
TR02491,C050,14713,16113,32.0
TR02492,C002,1077,2655,31.0
TR02492,C013,2278,3592,80.6
TR02492,C013,5948,8538,50.9
TR02492,C016,790,3642,42.0
TR02492,C020,0,539,42.5
TR02492,C038,375,946,40.0
TR02492,C038,2521,3782,51.1
TR02492,C038,4687,5841,63.4
TR02492,C038,7086,8146,39.0
TR02493,C005,6889,10816,88.6
TR02493,C014,5016,7269,84.6
TR02493,C039,0,9033,52.4
TR02493,C046,4380,6066,96.5
TR02494,C027,2133,2665,33.1
TR02494,C029,0,2448,70.2
TR02494,C049,755,1342,31.5
TR02494,C049,3933,4918,95.8
TR02494,C050,391,2275,44.8
TR02494,C050,4002,4392,47.9
TR02495,C002,550,3320,43.0
TR02495,C002,6235,7379,27.0
TR02495,C003,2968,3924,80.2
TR02495,C020,3529,5797,49.4
TR02495,C030,1844,2325,24.0
TR02495,C030,7896,10609,99.2
TR02496,C004,6620,10281,30.8
TR02496,C010,3150,4013,45.1
TR02496,C013,3142,6629,81.0
TR02496,C013,6863,8764,82.6
TR02496,C019,442,1771,63.6
TR02496,C019,7216,7776,79.4
TR02496,C038,879,2986,59.0
TR02497,C001,2177,19175,65.7
TR02497,C004,1476,2725,85.8
TR02497,C012,1960,5770,62.5
TR02497,C027,2669,6425,92.3
TR02497,C027,11986,12343,31.9
TR02497,C035,1180,5010,86.5
TR02497,C035,12983,13844,79.4
TR02497,C043,4983,5385,34.4
TR02497,C048,3434,6947,40.9
TR02497,C048,13956,16686,36.8
TR02498,C008,5695,6669,29.9
TR02498,C012,222,1131,98.5
TR02498,C012,3655,5372,84.6
TR02498,C012,7886,10015,51.6
TR02498,C012,11030,13163,30.7
TR02498,C018,2226,5063,59.5
TR02498,C018,9283,9943,45.2
TR02498,C019,0,7043,46.2
TR02498,C020,1170,1402,44.7
TR02498,C039,0,3929,76.9
TR02498,C041,927,2898,80.0
TR02498,C041,4783,5417,92.1
TR02498,C041,10184,11781,78.5
TR02499,C001,531,1711,61.8
TR02499,C001,3626,6385,91.0
TR02499,C002,711,5618,65.1
TR02499,C011,2025,5685,84.2
TR02499,C015,306,1364,79.6
TR02499,C015,3261,5720,35.6
TR02499,C021,699,1414,76.9
TR02499,C026,763,2281,95.3
TR02499,C026,3738,6026,76.2
TR02499,C036,327,3647,81.2
TR02499,C039,2521,4372,94.7
TR02500,C013,0,1060,72.0
TR02500,C034,1800,2115,29.2
TR02500,C034,5209,6489,22.0
TR02500,C037,1063,6973,96.1
TR02500,C043,2204,3755,26.9
TR02500,C043,6114,6793,77.4
TR02501,C005,2650,16507,60.6
TR02501,C006,233,1077,60.9
TR02501,C010,4882,7886,54.0
TR02501,C013,2750,4993,28.4
TR02501,C028,1586,4547,56.1
TR02501,C028,12288,14929,63.0
TR02501,C037,1010,4434,62.0
TR02501,C049,1433,1708,53.0
TR02502,C010,217,494,75.3
TR02502,C010,6811,8420,98.3
TR02502,C024,519,1467,96.7
TR02502,C024,2755,4569,52.6
TR02502,C024,5524,6733,73.4
TR02502,C024,8070,8777,66.0
TR02502,C025,1822,2215,69.3
TR02502,C025,6593,9846,50.5
TR02502,C044,0,4330,80.2
TR02502,C045,428,891,41.2
TR02502,C045,3765,6016,89.3
TR02502,C045,7311,8948,82.7
TR02503,C005,752,3021,73.5
TR02503,C005,6297,9257,53.0
TR02503,C015,1799,3410,31.2
TR02503,C015,7610,8636,42.7
TR02503,C023,2102,5602,33.1
TR02503,C028,2026,4506,70.7
TR02503,C028,7065,7400,25.1
TR02503,C035,1557,3295,76.1
TR02503,C047,1551,2829,86.6
TR02504,C006,2902,4883,26.8
TR02504,C006,12619,16313,35.8
TR02504,C021,0,3875,45.1
TR02504,C026,397,1149,41.7
TR02504,C026,10605,14298,47.3
TR02504,C046,2330,16260,85.8
TR02504,C047,2451,5264,90.7
TR02505,C005,402,1699,58.8
TR02505,C005,6639,7417,74.2
TR02505,C020,2780,4686,92.6
TR02505,C030,3745,4215,42.9
TR02505,C031,64,553,32.7
TR02505,C031,3253,5072,70.4
TR02505,C031,6643,9129,82.7
TR02505,C037,1499,7299,62.5
TR02505,C047,0,2900,36.7
TR02506,C003,1131,6902,74.1
TR02506,C012,147,3582,44.4
TR02506,C018,871,3271,42.6
TR02506,C018,4108,4414,81.5
TR02506,C040,971,2972,72.9
TR02506,C040,3680,6052,88.1
TR02507,C006,5379,7535,64.4
TR02507,C013,1585,3872,76.9
TR02507,C013,10898,12790,79.8
TR02507,C024,3984,6513,40.0
TR02507,C024,8988,12924,41.1
TR02507,C032,6867,7439,22.1
TR02508,C004,7531,11156,89.9
TR02508,C008,6672,8606,22.0
TR02508,C017,5212,8114,86.4
TR02508,C020,952,1958,47.5
TR02508,C020,4960,7047,53.5
TR02508,C020,8735,10367,31.7
TR02508,C020,12346,14615,54.5
TR02508,C024,362,13064,76.7
TR02508,C033,2135,3178,93.5
TR02508,C033,10053,11165,47.7
TR02508,C039,0,6054,52.1
TR02508,C041,561,1397,43.5
TR02508,C041,9310,11519,25.0
TR02509,C002,265,2257,22.1
TR02509,C002,7059,7903,78.5
TR02509,C009,6348,7631,88.8
TR02509,C013,3592,4817,28.0
TR02509,C022,226,12945,97.3
TR02509,C030,2087,11095,60.6
TR02509,C032,0,2755,35.3
TR02509,C035,660,883,61.3
TR02509,C035,3592,4839,30.8
TR02509,C035,7167,7596,33.5
TR02509,C035,10384,12423,61.5
TR02510,C002,1891,3694,57.3
TR02510,C021,4101,7387,40.0
TR02510,C028,2373,4037,90.5
TR02510,C032,5976,6657,59.7
TR02510,C044,5054,8286,24.2
TR02510,C002,0,3672,66.0
TR02511,C018,4689,7954,20.1
TR02511,C019,5101,6703,35.6
TR02511,C022,5374,8136,78.6
TR02511,C035,3551,5541,58.4
TR02511,C050,3998,6339,48.2
TR02512,C002,3501,6079,62.9
TR02512,C003,111,1782,27.8
TR02512,C003,9847,10311,90.4
TR02512,C006,3978,7576,65.3
TR02512,C007,12,1033,54.9
TR02512,C007,7833,11123,83.1
TR02512,C014,1946,13413,67.5
TR02512,C022,4470,5678,56.5
TR02512,C033,2138,5152,55.2
TR02512,C033,9022,11957,99.6
TR02513,C009,225,11237,79.1
TR02513,C011,1880,9884,99.3
TR02513,C021,0,3622,83.6
TR02513,C040,0,5545,68.5
TR02513,C048,0,4211,85.3
TR02514,C003,1364,5008,38.6
TR02514,C003,10029,10505,29.5
TR02514,C015,1124,2255,92.8
TR02514,C015,5908,7092,58.9
TR02514,C015,12144,12564,77.5
TR02514,C017,1236,3203,26.1
TR02514,C038,1845,3231,81.1
TR02514,C038,9403,11783,52.5
TR02514,C046,0,7766,29.1
TR02515,C013,29,912,84.7
TR02515,C013,1687,2387,64.3
TR02515,C013,2828,3714,44.2
TR02515,C013,4191,5096,34.3
TR02515,C021,937,1859,85.8
TR02515,C021,2700,4480,65.2
TR02515,C028,1972,2501,28.9
TR02515,C039,994,4935,73.6
TR02516,C002,547,1502,74.0
TR02516,C002,6360,8428,72.6
TR02516,C007,1652,1884,86.3
TR02516,C007,5920,6764,83.8
TR02516,C016,1115,2245,98.2
TR02516,C016,5589,9233,74.3
TR02516,C026,3972,7774,89.5
TR02516,C028,4633,6688,68.4
TR02516,C038,78,3089,48.7
TR02516,C038,5111,6340,28.4
TR02516,C041,1315,4262,76.6
TR02516,C047,2175,5143,92.3
TR02517,C002,1432,1874,61.4
TR02517,C002,5843,6442,47.4
TR02517,C002,9743,10091,84.8
TR02517,C002,13507,13904,34.2
TR02517,C007,3807,7027,88.3
TR02517,C007,10596,11613,57.2
TR02517,C014,3319,4207,66.5
TR02517,C023,6214,7218,21.1
TR02517,C026,1065,17494,60.2
TR02517,C028,2826,5663,78.7
TR02517,C043,3216,5973,38.8
TR02517,C043,13028,13931,44.3
TR02518,C004,402,8964,64.9
TR02518,C023,4695,7829,47.4
TR02518,C028,583,10058,79.7
TR02518,C037,62,2147,90.2
TR02518,C037,4132,4418,80.0
TR02518,C037,6898,8886,90.2
TR02519,C006,5188,7163,65.7
TR02519,C007,2672,3941,63.4
TR02519,C012,3914,6355,67.1
TR02519,C012,11353,13381,68.5
TR02519,C013,7035,9292,64.1
TR02519,C016,8024,11944,63.2
TR02519,C026,441,2167,84.7
TR02519,C033,367,3018,66.8
TR02519,C033,8896,12530,94.4
TR02519,C045,6154,8336,60.8
TR02520,C003,2207,6200,48.9
TR02520,C010,2001,3280,50.1
TR02520,C010,4406,4818,45.3
TR02520,C016,216,3811,50.0
TR02520,C030,0,2872,38.8
TR02520,C031,1452,2023,62.4
TR02520,C031,4269,7358,83.6
TR02520,C039,3162,3401,47.5
TR02520,C040,951,1799,43.4
TR02520,C040,5434,6045,30.0
TR02520,C050,1484,3154,78.7
TR02520,C050,5301,7514,56.4
TR02521,C003,612,3480,35.1
TR02521,C003,5883,7995,92.7
TR02521,C005,0,2299,57.6
TR02521,C006,1138,3771,55.2
TR02521,C017,1065,3029,40.5
TR02521,C017,5125,6476,98.8
TR02521,C030,2012,2255,33.4
TR02521,C030,5949,7933,41.8
TR02521,C032,1183,1840,24.9
TR02521,C032,4845,7798,37.7
TR02522,C006,2917,6080,50.5
TR02522,C006,9232,12042,93.4
TR02522,C007,853,1863,80.5
TR02522,C007,11064,14183,60.7
TR02522,C008,2293,3932,63.5
TR02522,C008,9139,13014,70.1
TR02522,C020,2172,2420,77.4
TR02522,C020,10213,10745,38.8
TR02522,C041,394,2955,77.8
TR02522,C041,11316,14311,99.4
TR02523,C015,1320,7132,90.3
TR02523,C016,3718,5754,81.7
TR02523,C029,1238,6332,66.1
TR02523,C047,672,1047,68.4
TR02523,C047,4887,7704,37.2
TR02523,C048,63,7709,93.8
TR02524,C006,3143,6413,21.4
TR02524,C007,1255,2902,90.7
TR02524,C007,4959,6467,78.9
TR02524,C013,636,3622,20.6
TR02524,C031,4033,4705,29.3
TR02524,C038,78,2012,85.7
TR02524,C049,243,1598,83.9
TR02524,C049,2088,2667,87.6
TR02524,C049,4287,4941,43.8
TR02524,C049,6251,7257,86.3
TR02525,C005,63,3015,96.9
TR02525,C005,11390,14725,43.6
TR02525,C006,1008,16546,81.8
TR02525,C010,1415,5304,23.3
TR02525,C010,10101,13057,64.2
TR02525,C042,432,1752,34.0
TR02525,C042,9753,10298,35.1
TR02525,C050,3882,4539,35.4
TR02525,C050,10085,11825,96.9
TR02526,C009,653,2941,80.4
TR02526,C009,5450,6901,26.7
TR02526,C016,1123,2663,94.7
TR02526,C016,4015,7261,68.3
TR02526,C021,405,1281,32.9
TR02526,C021,1865,2292,71.7
TR02526,C021,4126,5450,93.8
TR02526,C021,6060,7147,58.2
TR02526,C035,0,2867,73.3
TR02526,C045,971,2910,83.9
TR02526,C045,5276,5914,68.9
TR02527,C014,1454,7265,93.6
TR02527,C022,643,8128,85.9
TR02527,C023,1857,3951,29.8
TR02527,C023,4716,7470,53.7
TR02527,C029,1262,3904,26.6
TR02527,C029,5751,6160,86.5
TR02527,C030,0,1877,68.9
TR02527,C042,1517,7749,74.1
TR02528,C007,32,3783,53.4
TR02528,C007,7312,9281,42.6
TR02528,C008,737,3700,75.6
TR02528,C010,411,1491,75.6
TR02528,C010,10307,12616,52.9
TR02528,C014,2192,5902,70.9
TR02528,C027,743,4119,71.2
TR02528,C027,10068,12611,24.1
TR02528,C034,877,3446,37.9
TR02528,C035,2186,5604,34.8
TR02528,C035,9390,12055,62.5
TR02528,C036,2325,4915,50.1
TR02528,C036,9830,13630,35.1
TR02528,C007,1432,6229,61.6
TR02529,C003,933,2313,37.8
TR02529,C003,6301,8467,87.4
TR02529,C006,1270,2835,94.6
TR02529,C008,711,9140,87.9
TR02529,C013,175,2056,62.6
TR02529,C013,2804,4356,53.5
TR02529,C013,5630,5969,98.2
TR02529,C013,7356,8596,90.0
TR02529,C017,4527,5490,87.0
TR02529,C021,4736,5335,71.5
TR02529,C026,1185,7978,68.3
TR02529,C050,899,9617,99.1
TR02530,C022,1327,10558,88.2
TR02530,C025,848,1118,80.9
TR02530,C025,3946,4496,43.8
TR02530,C025,6679,7263,32.6
TR02530,C025,10260,12365,64.4
TR02530,C026,0,2728,86.4
TR02530,C032,2768,3073,52.8
TR02530,C032,7963,11109,43.2
TR02530,C034,243,11196,61.3
TR02530,C040,3450,5574,30.8
TR02530,C048,2021,11583,62.5
TR02531,C006,2530,2846,51.5
TR02531,C024,2874,4986,20.7
TR02531,C031,6043,9184,37.0
TR02531,C043,788,11856,60.2
TR02531,C046,572,13089,87.6
TR02532,C024,2574,2934,70.6
TR02532,C024,8281,11393,63.9
TR02532,C028,3249,5918,72.1
TR02532,C034,927,2074,93.9
TR02532,C034,4815,5763,75.0
TR02532,C034,9384,11259,74.7
TR02532,C036,1726,5334,59.4
TR02532,C036,7254,9338,95.8
TR02532,C040,1331,4915,32.4
TR02532,C024,4807,9175,74.0
TR02533,C017,3310,6662,43.7
TR02533,C027,219,3852,65.5
TR02533,C032,565,3835,28.9
TR02533,C043,649,1258,79.8
TR02533,C043,3315,5186,46.7
TR02533,C043,7085,8041,43.7
TR02533,C047,1029,4680,91.4
TR02533,C047,6850,8052,42.2
TR02534,C008,1517,1796,74.4
TR02534,C014,2063,13598,73.8
TR02534,C022,6479,10355,99.7
TR02534,C039,799,1460,33.0
TR02534,C039,9934,12089,93.8
TR02535,C024,1283,1490,70.3
TR02535,C024,9490,13122,27.4
TR02535,C029,4180,5641,26.4
TR02535,C029,9500,10820,32.0
TR02535,C038,5816,7079,30.1
TR02535,C041,175,4128,26.1
TR02535,C041,12741,14613,63.0
TR02536,C008,798,1417,59.3
TR02536,C008,9511,11088,98.5
TR02536,C021,2850,3985,82.2
TR02536,C021,10688,14139,49.7
TR02536,C024,1180,4475,27.3
TR02536,C024,10033,11116,39.5
TR02536,C028,3729,7237,26.5
TR02536,C028,10322,12101,49.4
TR02536,C043,2903,5865,22.7
TR02536,C021,8974,12227,64.9
TR02537,C008,587,2312,49.9
TR02537,C023,1485,2945,57.6
TR02537,C023,4171,5969,28.9
TR02537,C031,111,1039,46.8
TR02537,C040,250,2473,77.3
TR02537,C042,146,5355,62.9
TR02537,C048,382,1879,22.7
TR02537,C048,3931,4668,45.8
TR02538,C002,2243,3187,73.3
TR02538,C002,14639,17591,73.0
TR02538,C004,0,3561,36.5
TR02538,C019,229,2881,66.4
TR02538,C019,12506,13781,26.5
TR02538,C027,60,611,23.0
TR02538,C027,12659,15189,44.1
TR02538,C034,767,3182,62.8
TR02538,C042,2700,3446,27.8
TR02538,C043,60,19551,84.9
TR02539,C012,615,2390,50.7
TR02539,C012,6793,8137,47.2
TR02539,C012,12647,13968,32.2
TR02539,C020,184,2310,33.0
TR02539,C020,5145,6816,62.6
TR02539,C020,8772,10807,78.8
TR02539,C020,12381,12709,48.9
TR02539,C021,0,7116,20.9
TR02539,C026,2072,2540,83.4
TR02539,C026,10587,11737,97.8
TR02539,C043,3126,13438,82.0
TR02539,C045,756,15368,99.6
TR02540,C012,3187,5908,59.9
TR02540,C012,7338,9706,55.9
TR02540,C013,4305,7257,45.4
TR02540,C022,268,3272,73.9
TR02540,C024,5573,7156,49.9
TR02540,C029,1923,5153,83.6
TR02540,C029,6730,9386,64.7
TR02540,C034,2247,12550,81.7
TR02540,C044,2816,5774,35.9
TR02540,C050,1111,1903,51.6
TR02541,C003,190,4443,88.8
TR02541,C007,876,1495,33.4
TR02541,C007,3136,3716,27.0
TR02541,C009,1013,2053,67.6
TR02541,C009,2957,4674,74.8
TR02541,C018,31,2285,68.3
TR02541,C018,2921,3876,99.4
TR02541,C019,1551,2291,74.9
TR02541,C024,2143,4273,84.4
TR02542,C016,5570,9147,64.4
TR02542,C022,815,1632,32.8
TR02542,C022,3586,4532,54.6
TR02542,C022,6245,6593,82.8
TR02542,C022,9332,11174,53.3
TR02542,C028,0,1668,73.0
TR02542,C045,940,2473,46.9
TR02542,C045,7776,8793,31.1
TR02543,C018,1007,2057,86.9
TR02543,C018,9902,11117,45.1
TR02543,C019,178,11849,88.9
TR02543,C028,912,3069,64.1
TR02543,C028,4564,5594,90.3
TR02543,C028,7991,9247,82.6
TR02543,C028,11289,13392,68.2
TR02543,C031,936,3201,90.5
TR02543,C031,8455,10509,76.8
TR02543,C034,3149,5635,61.1
TR02543,C044,346,3778,59.0
TR02543,C044,9517,9823,62.9
TR02543,C046,286,1124,82.3
TR02544,C011,0,548,68.3
TR02544,C030,6691,9454,58.3
TR02544,C034,238,1253,34.6
TR02544,C038,1230,15907,93.4
TR02545,C018,1662,2205,67.2
TR02545,C023,1794,3388,32.8
TR02545,C031,1443,6287,82.4
TR02545,C034,1159,3360,56.2
TR02545,C041,904,3591,92.6
TR02545,C041,4840,8164,51.6
TR02545,C043,3932,5996,59.0
TR02546,C024,4333,5534,87.3
TR02546,C024,13587,16607,57.3
TR02546,C026,1437,15535,74.2
TR02546,C030,2274,6089,64.2
TR02546,C030,12158,14416,91.6
TR02546,C031,932,18209,63.1
TR02546,C038,822,2881,76.5
TR02546,C038,7518,9943,79.0
TR02546,C038,12644,15141,86.8
TR02547,C014,795,2725,65.3
TR02547,C022,1206,1787,61.3
TR02547,C022,5004,5346,52.0
TR02547,C023,977,7096,64.0
TR02547,C031,1435,4583,70.8
TR02547,C032,25,8253,93.6
TR02547,C044,562,1276,30.5
TR02547,C044,5654,8436,84.4
TR02547,C050,2912,4356,58.3
TR02548,C015,411,1640,53.9
TR02548,C015,3149,5439,57.3
TR02548,C016,447,2452,34.9
TR02548,C016,3095,4129,62.1
TR02548,C018,863,4178,41.3
TR02548,C031,988,1311,49.4
TR02548,C031,4068,4725,49.8
TR02548,C045,2639,3608,96.6
TR02549,C003,777,3236,31.6
TR02549,C013,869,3144,69.5
TR02549,C013,10420,14062,52.3
TR02549,C020,1021,2018,47.3
TR02549,C020,6314,8698,62.3
TR02549,C020,10783,13119,83.5
TR02549,C036,6361,7575,21.7
TR02550,C005,2742,3806,20.8
TR02550,C011,1968,2845,56.9
TR02550,C011,5483,6493,29.1
TR02550,C012,130,4036,49.1
TR02550,C020,2449,4579,83.9
TR02550,C020,5981,9261,93.1
TR02550,C022,539,2538,29.6
TR02550,C029,182,3379,72.1
TR02550,C029,6936,10107,80.8
TR02550,C041,644,2125,43.0
TR02550,C041,4463,5716,34.8
TR02550,C041,7265,9445,69.5
TR02550,C042,0,5201,84.3
TR02551,C009,2357,3616,44.0
TR02551,C009,5495,5991,74.1
TR02551,C011,296,2731,35.4
TR02551,C011,6931,7582,90.0
TR02551,C014,825,4330,70.8
TR02551,C025,1008,1949,59.5
TR02551,C025,5534,8595,66.8
TR02551,C038,1416,7888,67.6
TR02551,C049,90,847,66.0
TR02551,C049,4534,4855,32.6
TR02551,C049,7546,9092,30.3
TR02552,C008,2358,2824,34.4
TR02552,C008,10819,12032,57.4
TR02552,C009,6852,10627,52.0
TR02552,C042,3734,4783,98.2
TR02552,C042,8103,9758,56.6
TR02552,C043,2116,4029,32.5
TR02552,C043,8745,11259,82.7
TR02553,C001,1435,3874,31.4
TR02553,C009,145,1081,81.6
TR02553,C009,1661,2834,73.3
TR02553,C009,3195,3470,90.6
TR02553,C009,4677,5807,44.0
TR02553,C020,700,2807,65.5
TR02553,C020,3667,5410,84.2
TR02553,C033,1367,1571,24.2
TR02553,C033,3476,3818,73.6
TR02553,C039,923,2471,66.9
TR02553,C041,1548,1979,86.5
TR02553,C046,984,2598,78.2
TR02553,C001,1814,3225,66.3
TR02554,C001,2956,5894,53.6
TR02554,C014,0,3657,29.1
TR02554,C020,2481,6295,75.4
TR02554,C043,1051,7942,68.6
TR02555,C005,2172,16713,78.5
TR02555,C007,2794,6104,43.0
TR02555,C007,9601,12421,56.6
TR02555,C010,3013,17711,63.4
TR02555,C031,715,14323,66.3
TR02555,C033,25,14854,89.8
TR02555,C050,2770,14745,70.1
TR02556,C011,836,4360,68.4
TR02556,C015,50,14411,98.0
TR02556,C027,3392,4913,99.8
TR02556,C027,7677,9928,72.0
TR02556,C038,2632,5001,56.5
TR02556,C039,1997,5720,43.7
TR02556,C039,8831,10979,53.7
TR02556,C043,1074,13270,65.3
TR02556,C048,2104,11806,86.9
TR02557,C006,31,3505,91.8
TR02557,C006,4896,7134,26.0
TR02557,C015,2450,5811,95.6
TR02557,C032,141,6468,94.7
TR02557,C033,564,1485,80.3
TR02557,C033,2273,3520,48.1
TR02557,C033,3820,4914,72.0
TR02557,C033,5748,5993,93.0
TR02557,C040,46,6446,64.6
TR02557,C046,0,3260,54.6
TR02557,C049,1090,3572,72.8
TR02557,C049,4172,5328,61.1
TR02558,C016,0,6732,42.1
TR02558,C019,2437,3790,24.8
TR02558,C036,4499,5957,67.4
TR02558,C036,11015,14401,31.8
TR02558,C040,488,3241,41.7
TR02558,C040,13349,13752,92.0
TR02558,C041,1581,17867,89.3
TR02558,C045,1210,16877,62.1
TR02559,C012,782,4615,32.8
TR02559,C012,8820,11754,30.2
TR02559,C023,1829,11013,81.7
TR02559,C028,2367,4034,36.1
TR02559,C029,2232,4177,96.3
TR02559,C029,9543,12603,53.9
TR02559,C047,2029,4776,29.3
TR02560,C001,0,8804,59.5
TR02560,C022,4083,6144,47.8
TR02560,C022,13640,14779,93.4
TR02560,C026,7877,9360,39.3
TR02560,C033,1896,3512,54.6
TR02560,C033,13027,16245,89.8
TR02560,C038,2291,3266,84.4
TR02560,C038,13418,14435,86.3
TR02560,C040,761,4504,57.5
TR02560,C040,13303,17196,65.7
TR02560,C048,9299,11025,35.7
TR02561,C005,172,3675,55.3
TR02561,C005,6453,7627,89.5
TR02561,C016,1227,8518,87.3
TR02561,C026,1434,2655,65.7
TR02561,C033,1833,2910,60.1
TR02561,C033,5457,8563,34.1
TR02561,C039,2911,3897,67.6
TR02561,C050,210,7678,92.3
TR02562,C006,4393,7658,61.6
TR02562,C006,9272,11968,56.5
TR02562,C007,4533,6423,62.1
TR02562,C013,76,1683,83.0
TR02562,C022,2540,3352,74.7
TR02562,C025,4413,6151,33.3
TR02562,C025,9213,10181,98.1
TR02562,C049,546,1658,73.4
TR02563,C023,8435,12056,37.0
TR02563,C024,731,1170,96.0
TR02563,C024,9602,9904,49.8
TR02563,C029,3412,14538,91.1
TR02563,C031,6871,10770,50.6
TR02564,C015,359,1819,72.1
TR02564,C015,5483,7669,73.5
TR02564,C021,1371,3201,73.6
TR02564,C021,5296,7125,60.5
TR02564,C022,247,2706,99.6
TR02564,C022,5448,7711,60.7
TR02564,C030,1419,2545,26.5
TR02564,C030,6355,7476,30.4
TR02565,C011,1775,4325,76.1
TR02565,C016,0,2511,38.2
TR02565,C023,1320,6598,65.3
TR02565,C024,2039,3588,75.5
TR02565,C024,6274,7827,70.2
TR02565,C040,744,1774,91.2
TR02565,C046,273,2210,91.4
TR02565,C046,5403,6964,70.4
TR02566,C006,2372,17704,73.8
TR02566,C008,37,956,97.9
TR02566,C008,12532,13127,73.7
TR02566,C019,1637,4526,81.4
TR02566,C028,1791,5072,35.9
TR02566,C038,3497,14322,86.0
TR02566,C043,1091,2037,60.9
TR02566,C043,10316,12869,89.9
TR02567,C011,53,2953,93.7
TR02567,C015,5451,6800,45.4
TR02567,C022,0,1419,21.2
TR02567,C024,1626,13595,83.5
TR02567,C032,6181,9003,62.7
TR02567,C041,1929,12311,83.1
TR02567,C043,0,2002,45.0
TR02567,C050,1392,4439,98.9
TR02567,C050,10295,13597,62.8
TR02568,C009,327,1347,78.6
TR02568,C009,7996,8588,47.9
TR02568,C009,13944,15859,53.6
TR02568,C024,1407,2603,26.1
TR02568,C024,10222,12773,64.4
TR02568,C026,1536,15307,74.2
TR02568,C038,1709,2229,51.4
TR02568,C038,9523,11486,24.7
TR02568,C039,1096,1463,60.2
TR02568,C039,9704,11739,73.7
TR02568,C041,2337,2596,42.4
TR02568,C041,10595,12983,52.0
TR02568,C047,2146,18610,61.3
TR02569,C011,570,3281,70.1
TR02569,C011,9294,12351,23.9
TR02569,C022,320,738,35.3
TR02569,C022,7610,8912,73.6
TR02569,C032,1767,4571,83.8
TR02569,C032,8742,11906,56.1
TR02569,C037,1199,3105,45.5
TR02569,C037,9505,12549,37.1
TR02569,C043,1706,2572,82.4
TR02570,C008,6657,8734,86.6
TR02570,C016,98,1507,98.3
TR02570,C016,10408,12476,84.7
TR02570,C017,279,1670,54.6
TR02570,C017,5302,6129,86.1
TR02570,C017,8467,10579,77.7
TR02570,C017,13388,15141,87.1
TR02570,C018,493,4285,40.6
TR02570,C018,10527,12662,79.7
TR02570,C029,4505,6172,83.7
TR02570,C036,621,1638,41.6
TR02570,C036,6343,7131,79.5
TR02570,C036,11283,13101,45.8
TR02570,C008,2942,8869,82.4
TR02571,C005,0,3917,63.6
TR02571,C027,2778,3167,77.4
TR02571,C027,10025,13223,71.7
TR02571,C035,524,4211,46.4
TR02571,C035,11715,13591,38.7
TR02571,C038,7410,7930,48.9
TR02571,C040,0,1900,56.9
TR02571,C049,3843,4921,46.7
TR02571,C027,4980,15836,84.1
TR02572,C012,470,2257,76.1
TR02572,C012,4503,5891,80.4
TR02572,C012,9767,11198,80.5
TR02572,C014,5494,9312,63.6
TR02572,C016,2777,6147,37.0
TR02572,C016,6749,8501,94.3
TR02572,C022,400,11224,79.0
TR02572,C031,0,1340,35.5
TR02572,C037,957,1397,35.7
TR02572,C037,7015,9441,81.5
TR02572,C043,2640,11154,65.7
TR02572,C044,2111,5630,60.7
TR02573,C011,2658,3214,39.3
TR02573,C011,12130,13901,72.1
TR02573,C014,3620,15482,83.8
TR02573,C016,1294,3561,87.2
TR02573,C016,12786,15721,55.0
TR02573,C018,8000,9517,54.2
TR02573,C024,38,984,94.0
TR02573,C024,7060,7759,91.1
TR02573,C024,12243,14459,60.3
TR02573,C026,3113,16606,98.9
TR02573,C039,0,1123,84.9
TR02573,C049,5346,7958,59.5
TR02574,C002,2731,5286,87.4
TR02574,C024,2273,3143,50.1
TR02574,C026,72,754,83.3
TR02574,C026,1832,2518,55.9
TR02574,C026,3039,3994,77.1
TR02574,C026,4296,4634,63.3
TR02574,C047,1672,3720,54.3
TR02575,C005,2158,4335,37.6
TR02575,C011,179,1256,93.2
TR02575,C011,3758,4757,33.0
TR02575,C014,382,5580,88.6
TR02575,C019,1230,1657,79.7
TR02575,C019,2991,3676,48.1
TR02575,C028,81,1290,46.4
TR02575,C028,3418,4847,53.8
TR02575,C048,1467,1951,29.7
TR02576,C026,464,872,89.3
TR02576,C026,3837,5183,91.8
TR02576,C035,59,1156,79.7
TR02576,C035,3275,3787,37.1
TR02576,C039,1137,2275,35.5
TR02576,C039,4017,4935,63.6
TR02576,C050,1060,2236,83.0
TR02577,C002,336,813,90.2
TR02577,C002,4342,4915,88.8
TR02577,C015,839,1573,38.1
TR02577,C015,4392,6207,68.5
TR02577,C023,563,2674,21.3
TR02577,C035,2826,4848,76.2
TR02577,C046,3125,5655,42.4
TR02578,C011,2789,4166,76.3
TR02578,C013,310,2878,24.2
TR02578,C013,9715,13297,29.1
TR02578,C018,780,1427,81.4
TR02578,C023,1670,2050,72.1
TR02578,C023,8424,9235,57.7
TR02578,C029,266,3940,60.1
TR02578,C033,2328,3092,92.9
TR02578,C033,11087,12970,59.4
TR02578,C040,3844,5061,27.8
TR02578,C040,10138,11639,53.6
TR02578,C045,789,2847,43.3
TR02579,C025,2008,2258,54.0
TR02579,C025,7752,8106,90.5
TR02579,C025,14504,15772,81.6
TR02579,C038,1091,2766,85.0
TR02579,C038,5445,7305,78.1
TR02579,C038,10305,10605,89.5
TR02579,C038,14739,16413,91.4
TR02579,C040,1419,3050,42.0
TR02579,C040,7715,9455,56.5
TR02579,C040,14432,16579,79.9
TR02579,C050,2644,17450,84.0
TR02579,C025,4904,13879,67.2
TR02580,C006,1827,4588,80.1
TR02580,C006,6180,7013,65.9
TR02580,C015,2944,3322,57.7
TR02580,C015,7845,9664,72.8
TR02580,C038,0,5596,69.5
TR02580,C043,1055,4625,67.6
TR02580,C043,7898,9372,83.4
TR02580,C050,235,1220,95.2
TR02580,C050,4813,5754,76.5
TR02580,C050,9243,10127,85.6
TR02581,C025,2267,6119,99.1
TR02581,C026,6530,9002,22.8
TR02581,C043,5198,7589,47.6
TR02581,C049,1033,4688,98.3
TR02582,C011,2713,15619,81.2
TR02582,C018,3709,7139,65.4
TR02582,C018,13154,16899,60.8
TR02582,C021,0,3042,85.5
TR02582,C036,3147,6975,66.0
TR02582,C036,8999,12236,63.4
TR02582,C037,2270,2908,76.4
TR02582,C037,9682,11156,34.4
TR02582,C041,3585,7276,33.7
TR02582,C041,11178,14702,85.1
TR02582,C047,329,2025,87.6
TR02583,C011,1499,3518,52.2
TR02583,C013,225,1605,64.0
TR02583,C013,4265,5951,96.0
TR02583,C017,1809,2196,66.1
TR02583,C017,4133,5315,81.7
TR02583,C024,928,2576,61.3
TR02583,C025,755,3140,49.8
TR02583,C028,330,1412,85.6
TR02583,C031,381,2540,59.7
TR02583,C031,3977,6018,20.6
TR02583,C049,236,810,54.7
TR02583,C049,3938,4739,87.5
TR02584,C003,2028,12654,92.6
TR02584,C004,1610,3759,93.5
TR02584,C021,4025,4493,25.6
TR02584,C021,11826,13520,27.1
TR02584,C031,3256,4202,44.1
TR02584,C031,12147,15193,76.9
TR02584,C047,1442,2799,78.4
TR02584,C047,8994,11557,60.5
TR02585,C008,73,891,45.8
TR02585,C029,3089,4068,42.2
TR02585,C029,10402,10608,63.3
TR02585,C031,1884,2651,85.6
TR02585,C031,7130,9092,39.2
TR02585,C031,14330,16210,68.6
TR02585,C034,4332,5885,92.8
TR02585,C034,10210,13134,77.9
TR02585,C008,14596,18692,61.5
TR02586,C004,338,5377,65.3
TR02586,C016,1385,1885,69.0
TR02586,C016,3814,5433,45.9
TR02586,C023,0,698,54.3
TR02586,C024,40,5350,73.1
TR02586,C027,878,1756,66.3
TR02586,C027,3640,4067,41.9
TR02586,C043,983,2596,77.8
TR02586,C043,3245,4866,89.3
TR02587,C030,2088,5497,45.1
TR02587,C033,189,2473,34.1
TR02587,C033,3620,6392,98.7
TR02587,C039,1128,3241,67.4
TR02587,C039,4430,5331,49.9
TR02587,C046,1187,2829,77.9
TR02587,C046,4542,5135,71.7
TR02588,C002,646,2539,62.7
TR02588,C020,2021,4747,81.4
TR02588,C034,580,1537,23.9
TR02588,C034,5376,5892,76.8
TR02588,C035,1431,3096,75.0
TR02588,C035,5112,6256,55.1
TR02588,C039,914,3647,47.5
TR02588,C039,5126,5650,56.8
TR02588,C040,1098,2703,38.5
TR02588,C048,517,8345,69.7
TR02588,C050,769,7949,89.0
TR02589,C011,2104,4671,84.9
TR02589,C012,905,3485,87.0
TR02589,C013,917,14829,61.8
TR02589,C014,6710,7611,36.4
TR02589,C029,674,2733,70.6
TR02589,C029,7061,7441,40.7
TR02589,C029,12361,12755,40.1
TR02589,C038,2057,3310,60.0
TR02589,C038,10869,14641,39.5
TR02589,C050,617,1482,80.5
TR02589,C050,12573,15799,38.3
TR02590,C002,1106,2478,74.6
TR02590,C002,4442,6831,38.3
TR02590,C002,8415,9747,89.4
TR02590,C002,11861,13054,52.4
TR02590,C003,3650,6828,98.6
TR02590,C018,0,5490,33.1
TR02590,C029,5574,9096,42.4
TR02590,C043,1112,12616,86.4
TR02591,C002,5647,8053,94.4
TR02591,C015,0,4126,69.5
TR02591,C024,442,867,68.5
TR02591,C024,6680,9362,70.5
TR02591,C026,2438,3505,79.6
TR02591,C026,8343,9910,71.2
TR02591,C030,6541,9289,75.1
TR02591,C045,306,2143,63.7
TR02591,C045,7682,10359,30.6
TR02592,C001,2730,4049,80.5
TR02592,C002,713,2426,48.1
TR02592,C002,6382,7431,95.6
TR02592,C014,3770,4522,86.0
TR02592,C017,664,1821,61.8
TR02592,C017,3028,3872,64.7
TR02592,C017,5489,7082,37.7
TR02592,C017,7402,9163,83.2
TR02592,C018,348,779,55.2
TR02592,C018,3983,4972,60.8
TR02592,C018,6961,8426,55.0
TR02592,C019,0,2432,56.2
TR02592,C025,414,2090,95.0
TR02592,C025,6577,9063,53.5
TR02592,C039,4825,6247,63.6
TR02593,C011,730,1506,71.9
TR02593,C011,3798,6638,60.1
TR02593,C024,1325,2449,24.8
TR02593,C024,5381,6988,22.3
TR02593,C034,0,2345,44.4
TR02593,C042,425,6921,92.4
TR02593,C043,254,2980,27.0
TR02593,C043,3904,6006,56.5
TR02594,C014,999,2123,97.5
TR02594,C014,3436,5074,91.9
TR02594,C021,1080,3109,43.3
TR02594,C021,4673,5110,51.0
TR02594,C039,2080,2458,29.5
TR02594,C047,128,5950,85.2
TR02595,C001,0,6667,86.0
TR02595,C010,0,2852,74.0
TR02595,C032,1352,2190,33.2
TR02595,C032,8879,9804,39.4
TR02595,C035,6412,9237,89.1
TR02595,C044,4865,8640,42.1
TR02596,C004,2703,3961,82.8
TR02596,C005,700,3448,64.3
TR02596,C005,7331,8326,34.7
TR02596,C007,1439,4738,38.6
TR02596,C007,7834,9641,61.2
TR02596,C008,6873,9806,31.0
TR02596,C029,15,2461,86.8
TR02596,C029,4421,6698,31.4
TR02596,C029,7266,8769,33.6
TR02596,C029,11299,12441,90.7
TR02596,C032,976,11664,89.0
TR02596,C048,428,3351,35.0
TR02596,C048,9848,10637,27.0
TR02597,C023,558,2065,78.5
TR02597,C023,4217,5756,83.8
TR02597,C026,1145,7029,99.0
TR02597,C029,606,2146,21.1
TR02597,C029,4417,4865,39.0
TR02597,C035,698,5508,66.9
TR02598,C018,179,1531,95.1
TR02598,C028,1552,4770,25.2
TR02598,C028,7874,9778,51.7
TR02598,C030,201,11082,83.7
TR02598,C045,0,3244,72.2
TR02599,C004,3311,7030,70.7
TR02599,C008,182,659,51.4
TR02599,C008,9846,13453,26.4
TR02599,C011,643,4400,51.3
TR02599,C011,10146,10435,77.8
TR02599,C013,0,1854,24.6
TR02599,C033,1395,1697,67.6
TR02600,C004,3994,7908,73.7
TR02600,C030,1957,4494,87.0
TR02600,C030,6224,7492,22.3
TR02600,C044,1590,3202,70.1
TR02600,C044,6355,7283,31.4
TR02600,C045,3398,6996,61.8
TR02601,C003,3280,5495,65.5
TR02601,C003,9976,13547,36.6
TR02601,C021,998,4791,25.8
TR02601,C027,1525,2188,27.1
TR02601,C027,10821,12747,49.7
TR02601,C028,2034,12825,85.1
TR02601,C037,6475,7209,34.9
TR02601,C038,827,2187,48.6
TR02601,C038,5427,5889,36.1
TR02601,C038,11365,13590,79.9
TR02601,C046,1256,3696,72.0
TR02601,C046,8825,9067,62.1
TR02602,C007,8703,12220,73.4
TR02602,C009,2061,17130,76.0
TR02602,C016,1535,16099,83.6
TR02602,C043,6629,6949,30.6
TR02602,C046,0,7220,40.9
TR02602,C049,2243,5370,59.8
TR02603,C005,34,1112,47.3
TR02603,C005,5958,6258,98.8
TR02603,C005,13022,13344,65.1
TR02603,C012,1981,14796,60.8
TR02603,C022,1310,15964,70.9
TR02603,C024,7577,8163,74.7
TR02603,C034,2686,6387,47.1
TR02603,C034,9897,11530,88.9
TR02603,C050,544,3190,61.4
TR02604,C005,9482,12604,60.9
TR02604,C010,2756,4812,54.4
TR02604,C010,13542,15502,98.7
TR02604,C017,7239,8364,76.6
TR02604,C018,440,2564,61.4
TR02604,C018,6057,7976,53.3
TR02604,C018,9852,10782,53.4
TR02604,C018,14906,15522,78.2
TR02604,C030,605,2127,74.4
TR02604,C034,1688,4125,24.6
TR02604,C034,13055,13771,96.2
TR02604,C039,256,3769,62.1
TR02604,C039,12300,16288,71.2
TR02604,C042,7237,10895,50.8
TR02605,C002,765,3334,81.4
TR02605,C026,3484,5107,56.5
TR02605,C030,857,8026,83.0
TR02605,C034,460,3209,28.5
TR02605,C045,1195,7642,96.3
TR02606,C002,5800,7154,86.9
TR02606,C004,2344,10761,66.3
TR02606,C010,439,2989,78.0
TR02606,C033,0,1877,32.9
TR02607,C006,2639,6535,51.5
TR02607,C015,1693,3069,41.0
TR02607,C015,6178,9350,53.9
TR02607,C026,1280,4390,95.1
TR02607,C026,7221,10816,98.3
TR02607,C034,486,2665,51.1
TR02607,C034,4847,5697,80.3
TR02607,C034,7751,8035,75.9
TR02607,C037,4895,5433,65.4
TR02607,C039,1486,8898,81.5
TR02607,C044,3193,4053,65.3
TR02608,C003,850,2100,51.0
TR02608,C003,3584,3875,73.8
TR02608,C003,6465,6822,65.9
TR02608,C003,10039,12343,82.0
TR02608,C007,1738,5123,85.9
TR02608,C007,7177,9675,89.2
TR02608,C010,685,1262,46.9
TR02608,C010,6575,9077,81.2
TR02608,C018,2172,12529,64.9
TR02608,C019,1298,2766,75.8
TR02608,C019,8907,12069,91.0
TR02608,C042,5382,9016,77.1
TR02608,C044,1186,12840,70.5
TR02608,C045,47,792,40.1
TR02608,C045,8113,9782,35.2
TR02609,C024,2850,6507,72.7
TR02609,C025,7765,10155,39.4
TR02609,C029,3642,4050,51.5
TR02609,C037,1736,4018,80.4
TR02609,C037,9627,10765,41.5
TR02609,C043,5864,6726,55.5
TR02609,C024,96,3800,87.7
TR02610,C009,0,4410,61.3
TR02610,C023,41,353,41.2
TR02610,C023,3232,3981,91.4
TR02610,C023,5678,7421,73.4
TR02610,C023,7585,8392,67.4
TR02610,C026,234,546,35.2
TR02610,C026,5524,7046,35.4
TR02610,C031,1812,9454,76.7
TR02610,C040,4239,5788,90.9
TR02611,C001,537,4235,52.5
TR02611,C021,0,5807,75.4
TR02611,C024,0,5430,29.7
TR02611,C028,2959,14284,86.8
TR02611,C030,1923,4037,98.4
TR02611,C033,4125,5847,81.7
TR02611,C033,10339,10690,64.8
TR02611,C038,3625,5230,28.0
TR02612,C002,2339,4438,39.7
TR02612,C008,400,2094,76.5
TR02612,C008,3217,4731,26.8
TR02612,C033,1072,4752,98.9
TR02612,C038,1112,2258,84.2
TR02612,C038,3606,4015,95.6
TR02612,C042,897,2432,97.9
TR02612,C044,0,2210,23.4
TR02612,C046,2672,2908,81.6
TR02613,C024,2827,3797,67.2
TR02613,C024,10099,10372,92.1
TR02613,C027,446,2846,55.7
TR02613,C027,7025,7424,59.6
TR02613,C027,11887,13081,56.5
TR02613,C047,6985,7486,22.6
TR02613,C048,0,7169,28.7
TR02613,C024,1554,10598,84.5
TR02614,C002,509,1250,47.9
TR02614,C002,3635,5907,84.3
TR02614,C002,7063,8974,68.5
TR02614,C002,10666,12604,95.1
TR02614,C007,969,4194,51.7
TR02614,C007,10499,13136,38.6
TR02614,C027,933,2401,99.9
TR02614,C027,5436,6714,40.9
TR02614,C027,10295,10941,77.6
TR02614,C030,956,2636,72.5
TR02614,C030,8305,9466,59.5
TR02614,C038,1382,12214,69.3
TR02614,C047,977,3355,34.0
TR02614,C047,9252,10716,55.1
TR02614,C050,2356,2884,80.3
TR02615,C011,8110,11660,86.9
TR02615,C019,4265,5293,64.6
TR02615,C027,3107,5824,51.9
TR02615,C030,760,2352,86.2
TR02615,C030,6333,8812,43.6
TR02615,C030,11405,12787,92.7
TR02615,C034,0,2661,46.9
TR02615,C035,3236,5126,54.8
TR02615,C035,11902,12502,62.9
TR02615,C038,1535,3317,51.2
TR02615,C038,11992,14646,85.3
TR02616,C002,973,3138,90.4
TR02616,C002,10739,12246,67.5
TR02616,C023,3827,6235,54.7
TR02616,C030,1027,2055,93.4
TR02616,C030,12699,13346,79.8
TR02616,C034,430,1560,59.0
TR02616,C034,10007,10292,65.5
TR02616,C037,1391,3883,77.1
TR02616,C039,2096,3794,74.6
TR02616,C039,9874,13725,84.9
TR02616,C045,0,1542,63.6
TR02616,C048,3112,4896,24.8
TR02616,C048,12127,14124,42.7
TR02616,C023,0,6619,77.1
TR02617,C008,20,2160,35.8
TR02617,C008,2692,4836,52.3
TR02617,C008,5323,6946,86.7
TR02617,C008,7895,9972,46.8
TR02617,C024,61,2533,98.8
TR02617,C024,6181,7898,67.2
TR02617,C031,129,3413,96.7
TR02617,C035,657,2325,48.7
TR02617,C035,3866,4480,39.4
TR02617,C035,7022,9109,30.9
TR02617,C042,68,2750,47.5
TR02618,C019,3185,15666,99.9
TR02618,C020,1111,2486,93.0
TR02618,C021,1872,2493,29.7
TR02618,C024,6835,10516,54.3
TR02618,C032,4126,6849,65.8
TR02618,C045,8523,12425,32.8
TR02619,C005,6521,9476,40.9
TR02619,C014,1791,2376,91.3
TR02619,C014,7213,8810,57.6
TR02619,C014,13057,15478,40.5
TR02619,C015,2869,12992,70.8
TR02619,C028,1558,4660,47.6
TR02619,C029,2417,5803,86.3
TR02619,C037,1561,2560,86.3
TR02619,C037,11847,13383,90.2
TR02619,C049,2807,14063,99.2
TR02619,C050,4064,7081,42.7
TR02619,C050,8549,10528,67.6
TR02620,C013,459,2132,66.0
TR02620,C018,1543,3510,32.2
TR02620,C026,0,2739,74.6
TR02620,C028,354,1467,30.8
TR02620,C028,6018,9748,87.8
TR02620,C035,1528,3030,78.6
TR02620,C035,5163,7949,82.0
TR02620,C042,658,3861,50.2
TR02620,C042,6755,8073,46.2
TR02620,C044,0,1094,84.2
TR02621,C019,0,1485,53.6
TR02621,C020,1515,2012,70.1
TR02621,C020,4403,7525,85.6
TR02621,C023,1235,2086,66.6
TR02621,C023,4792,5866,97.5
TR02621,C039,774,1660,58.0
TR02621,C042,657,2595,42.1
TR02621,C042,3401,5424,85.1
TR02621,C042,5855,6528,85.2
TR02621,C049,787,2041,40.9
TR02622,C003,798,4239,64.8
TR02622,C016,3594,7121,74.4
TR02622,C023,215,1307,87.1
TR02622,C023,3370,4192,63.3
TR02622,C023,6084,7270,57.9
TR02622,C023,8561,10117,97.6
TR02622,C030,1496,5187,41.2
TR02623,C005,4784,6863,97.0
TR02623,C007,878,4219,77.6
TR02623,C007,13096,15218,83.1
TR02623,C018,2745,6068,70.0
TR02623,C018,10209,11149,81.6
TR02623,C030,6408,6883,52.9
TR02623,C031,2609,16114,96.7
TR02623,C032,211,3113,41.8
TR02623,C032,11978,12683,65.0
TR02624,C001,1590,7904,97.7
TR02624,C008,930,1914,41.0
TR02624,C008,5878,9807,69.9
TR02624,C043,2905,4124,39.1
TR02624,C044,2291,3179,84.1
TR02624,C044,7399,8723,42.4
TR02624,C048,1039,7813,95.1
TR02625,C006,3016,5541,82.3
TR02625,C006,8722,9328,41.6
TR02625,C015,1786,2673,53.6
TR02625,C015,10272,12358,40.9
TR02625,C017,576,2278,98.2
TR02625,C017,4895,5590,69.6
TR02625,C017,9392,9711,94.5
TR02625,C017,13863,14104,71.4
TR02625,C019,773,1552,80.3
TR02625,C025,1685,13020,96.6
TR02625,C041,4406,5606,21.9
TR02625,C042,1088,13353,63.2
TR02625,C044,840,2684,37.1
TR02626,C006,2624,6063,85.7
TR02626,C017,53,2399,43.0
TR02626,C017,8181,9899,99.8
TR02626,C017,13620,14788,51.9
TR02626,C024,0,9591,28.6
TR02626,C033,4187,6639,96.4
TR02626,C033,10432,13498,35.0
TR02626,C046,1396,3501,61.6
TR02626,C046,10555,11484,60.6
TR02626,C048,362,1765,97.1
TR02627,C001,0,7796,28.6
TR02627,C008,1043,1700,76.7
TR02627,C008,4176,4566,70.1
TR02627,C008,8794,11207,46.3
TR02627,C008,12235,14379,36.5
TR02627,C011,1234,2996,42.5
TR02627,C011,10621,11540,24.5
TR02627,C044,125,1493,88.4
TR02627,C044,11432,14084,98.6
TR02628,C003,2127,18534,63.6
TR02628,C011,2182,4612,34.9
TR02628,C011,14580,18232,97.7
TR02628,C027,1333,4929,40.3
TR02628,C027,14446,16418,99.1
TR02628,C029,8284,9149,73.1
TR02628,C032,3583,5891,91.9
TR02628,C032,10808,14459,88.6
TR02628,C036,3737,7330,81.2
TR02628,C036,11396,13074,59.0
TR02628,C044,2529,18779,93.3
TR02628,C049,9205,13050,33.3
TR02629,C017,0,881,69.1
TR02629,C022,1498,6070,78.5
TR02629,C023,36,6377,81.6
TR02629,C036,1829,5157,46.0
TR02629,C038,0,1120,86.1
TR02629,C045,1320,2334,58.1
TR02629,C045,5047,5416,74.1
TR02629,C023,3138,4884,68.4
TR02630,C007,3228,6496,37.1
TR02630,C007,14560,18131,76.0
TR02630,C018,0,8249,85.9
TR02630,C019,1637,2020,93.3
TR02630,C023,4535,6753,81.9
TR02630,C025,7446,10586,92.0
TR02631,C013,770,1197,99.0
TR02631,C020,317,1021,73.3
TR02631,C020,3843,4540,41.6
TR02631,C037,166,683,67.3
TR02631,C037,1904,2242,55.9
TR02631,C037,3325,3530,91.9
TR02631,C037,4796,5677,92.9
TR02631,C046,49,1726,85.8
TR02632,C002,1987,3579,73.2
TR02632,C002,6158,6664,56.3
TR02632,C011,550,7352,61.3
TR02632,C012,169,2719,91.0
TR02632,C012,6322,6912,96.3
TR02632,C020,718,1923,44.9
TR02632,C020,2411,4123,53.0
TR02632,C020,4726,5927,61.4
TR02632,C020,7466,8031,75.5
TR02632,C025,1006,1964,94.1
TR02632,C025,6379,6826,65.2
TR02632,C036,2115,2370,96.3
TR02632,C045,525,786,91.1
TR02632,C045,3072,5464,91.8
TR02632,C045,6342,8639,82.9
TR02633,C001,3447,6037,44.7
TR02633,C001,11166,13071,51.6
TR02633,C018,961,14474,92.1
TR02633,C021,1308,3358,30.9
TR02633,C021,13728,15466,23.3
TR02633,C030,3428,5632,73.0
TR02633,C030,13336,13930,70.0
TR02633,C032,2678,3584,69.1
TR02633,C038,1621,4310,98.0
TR02633,C038,12048,12420,24.6
TR02634,C002,631,4452,68.2
TR02634,C002,7614,11585,77.2
TR02634,C003,2707,4175,62.1
TR02634,C003,7825,9901,87.9
TR02634,C026,1147,1511,68.4
TR02634,C026,7256,9227,47.7
TR02634,C028,4425,6620,94.0
TR02635,C012,575,3773,57.7
TR02635,C012,11627,14295,62.4
TR02635,C019,7094,10043,78.6
TR02635,C021,3536,6754,71.0
TR02635,C021,11763,15241,49.6
TR02635,C030,607,15654,68.2
TR02635,C036,6544,8842,25.3
TR02635,C046,5813,7786,96.1
TR02635,C047,5111,7560,89.4
TR02635,C050,3041,5382,86.0
TR02635,C050,9815,12091,41.1
TR02636,C001,3838,6184,78.2
TR02636,C002,2645,18701,97.3
TR02636,C024,6560,9719,69.5
TR02636,C030,3853,7389,51.6
TR02636,C030,13024,14394,43.7
TR02636,C037,1828,3954,87.4
TR02636,C037,13039,13689,45.3
TR02637,C009,3966,6990,43.8
TR02637,C014,1772,4407,75.1
TR02637,C014,5267,9008,90.0
TR02637,C026,3051,3498,37.7
TR02637,C034,628,3064,28.5
TR02637,C035,800,1090,63.9
TR02637,C035,5471,6604,54.3
TR02637,C037,0,2808,52.1
TR02637,C039,874,2010,87.0
TR02637,C039,5202,7340,95.8
TR02637,C009,0,3576,67.8
TR02638,C021,4203,4413,69.6
TR02638,C023,1510,2834,37.2
TR02638,C027,542,1766,60.5
TR02638,C027,3758,5687,38.9
TR02638,C027,5872,6888,84.0
TR02638,C027,9312,11379,64.1
TR02638,C040,4878,5753,84.7
TR02638,C045,0,3006,22.6
TR02638,C021,6919,10332,80.1
TR02639,C007,952,2511,30.8
TR02639,C007,7959,8177,24.6
TR02639,C019,1086,1999,84.4
TR02639,C019,7912,9882,67.4
TR02639,C020,217,1874,97.6
TR02639,C023,4532,6665,70.8
TR02639,C027,779,2435,27.5
TR02639,C027,7382,10440,63.3
TR02639,C028,3498,5003,68.6
TR02639,C032,52,2461,76.3
TR02639,C032,6366,8768,57.7
TR02639,C042,4246,5850,33.1
TR02640,C001,2190,4636,82.7
TR02640,C001,6510,8271,41.7
TR02640,C015,213,3387,74.7
TR02640,C015,5760,6242,72.1
TR02640,C016,416,2411,37.0
TR02640,C016,6977,7742,60.1
TR02640,C029,1193,8254,80.1
TR02640,C036,281,4222,24.6
TR02640,C036,6326,9796,91.0
TR02640,C043,2482,4022,55.6
TR02640,C043,5318,9290,35.7
TR02640,C050,1397,4857,95.6
TR02640,C050,6144,6344,39.6
TR02641,C001,5082,8400,99.9
TR02641,C007,1216,3907,77.4
TR02641,C017,2948,3850,45.5
TR02641,C029,2577,6283,87.2
TR02641,C029,8573,10278,60.4
TR02641,C036,1144,16331,88.1
TR02641,C044,900,13430,93.8
TR02642,C023,3868,7053,60.0
TR02642,C023,13397,13783,37.5
TR02642,C029,1862,2118,84.0
TR02642,C032,0,2912,35.5
TR02642,C034,2948,5296,48.2
TR02642,C034,12762,13506,73.7
TR02642,C035,2769,19196,92.7
TR02642,C036,5,1121,70.6
TR02642,C036,10489,12798,70.3
TR02642,C038,931,2627,49.8
TR02642,C038,11310,11848,90.3
TR02643,C040,3339,6416,31.1
TR02643,C042,1631,2278,47.7
TR02643,C042,6339,7163,59.8
TR02643,C046,2554,4440,79.0
TR02643,C046,7968,10168,28.2
TR02643,C047,3932,5790,22.2
TR02643,C040,4681,7666,74.6
TR02644,C002,638,4203,66.3
TR02644,C002,8622,9657,49.5
TR02644,C008,208,1922,67.6
TR02644,C008,6842,7422,87.2
TR02644,C008,12625,13588,35.4
TR02644,C009,6004,7226,43.6
TR02644,C010,1340,2752,39.4
TR02644,C018,0,7469,62.9
TR02645,C006,2730,4237,68.0
TR02645,C006,12493,14092,38.2
TR02645,C010,728,1596,64.8
TR02645,C010,12521,14005,48.0
TR02645,C012,4366,7683,60.6
TR02645,C012,14673,15212,72.8
TR02645,C017,2883,4480,88.1
TR02645,C017,13307,15950,60.4
TR02645,C021,3086,3304,21.6
TR02645,C021,10988,13979,79.3
TR02645,C033,7870,8971,32.5
TR02645,C042,0,1910,35.2
TR02645,C045,4751,5917,54.7
TR02645,C045,11067,13432,91.1
TR02646,C002,2152,6019,98.1
TR02646,C002,10252,10632,30.4
TR02646,C010,2805,15110,81.8
TR02646,C014,529,3910,86.5
TR02646,C014,10498,12959,98.1
TR02646,C017,10,3114,86.7
TR02646,C017,10718,13377,55.8
TR02646,C031,309,1624,96.3
TR02646,C031,4807,6218,32.6
TR02646,C031,9463,10465,37.3
TR02646,C031,14099,15391,87.9
TR02646,C040,0,3359,76.7
TR02646,C041,3348,4336,46.9
TR02646,C050,1029,4216,58.4
TR02647,C001,878,4856,59.1
TR02647,C001,10061,14029,99.4
TR02647,C002,4020,5684,77.7
TR02647,C004,2078,4033,55.9
TR02647,C004,14028,14396,59.6
TR02647,C005,2831,18374,91.5
TR02647,C023,1606,1838,88.2
TR02647,C023,13001,14597,39.6
TR02647,C035,136,2376,75.5
TR02647,C035,5652,7459,43.8
TR02647,C035,10702,11670,93.4
TR02647,C035,14670,16422,69.5
TR02648,C004,341,3778,81.7
TR02648,C007,2102,2958,75.6
TR02648,C011,254,3888,67.4
TR02648,C011,5283,5880,36.1
TR02648,C024,4173,8048,97.0
TR02648,C036,1708,8923,66.2
TR02648,C040,2167,3368,23.9
TR02648,C040,4758,6896,38.0
TR02648,C044,854,8361,96.5
TR02648,C048,234,2620,56.2
TR02648,C048,3657,4708,42.4
TR02648,C048,6627,8010,76.0
TR02649,C021,2017,2526,97.6
TR02649,C022,2369,3025,57.9
TR02649,C026,5106,6191,37.2
TR02649,C033,0,1204,27.2
TR02649,C039,412,813,96.6
TR02649,C039,5647,7084,98.6
TR02649,C039,11070,12446,99.8
TR02649,C041,3143,4687,95.0
TR02649,C045,2313,5303,86.4
TR02649,C021,2905,7346,70.3
TR02650,C016,0,803,66.2
TR02650,C017,1175,5399,73.1
TR02650,C022,37,5737,74.2
TR02650,C025,1585,2031,86.1
TR02650,C030,3072,6599,41.9
TR02650,C043,351,2053,70.0
TR02650,C043,4306,7097,62.5
TR02650,C050,644,4427,42.1
TR02651,C001,4320,8023,43.0
TR02651,C020,0,1563,72.8
TR02651,C023,486,1946,37.6
TR02651,C023,4362,5804,57.5
TR02651,C023,8631,10472,66.0
TR02651,C023,12411,14745,91.8
TR02651,C028,2166,15126,61.9
TR02651,C030,7429,10896,51.4
TR02651,C040,175,2477,59.2
TR02651,C040,4321,6176,43.0
TR02651,C040,8209,10609,88.1
TR02651,C040,12071,13109,42.1
TR02652,C008,5215,6974,85.4
TR02652,C013,897,13960,85.3
TR02652,C018,6020,9949,89.9
TR02652,C023,2872,5438,32.8
TR02652,C023,10503,13851,81.9
TR02652,C034,6545,6760,69.7
TR02652,C042,1982,4304,67.5
TR02652,C042,10947,12916,41.9
TR02653,C002,1996,5170,92.8
TR02653,C010,472,1303,71.0
TR02653,C010,10000,11451,87.0
TR02653,C015,0,3757,55.1
TR02653,C020,2117,3773,96.1
TR02653,C020,13111,14403,53.5
TR02653,C034,1064,3247,87.7
TR02653,C034,5878,6800,74.1
TR02653,C034,10289,12214,33.0
TR02653,C034,15018,16843,61.3
TR02653,C039,2304,5157,83.5
TR02653,C047,0,3448,61.1
TR02654,C001,1380,2544,95.3
TR02654,C001,4352,4862,76.7
TR02654,C023,166,972,71.1
TR02654,C023,3111,3750,92.6
TR02654,C023,5545,5956,80.2
TR02654,C033,2390,3354,83.1
TR02654,C034,155,2012,35.7
TR02654,C034,4721,6188,92.7
TR02654,C037,490,1001,60.2
TR02654,C037,2345,2988,33.6
TR02654,C037,4064,4775,58.4
TR02654,C037,5882,6611,94.0
TR02654,C038,0,524,67.7
TR02654,C001,0,3114,70.3
TR02655,C003,1324,3038,37.6
TR02655,C003,7519,7964,55.1
TR02655,C006,2601,4575,65.0
TR02655,C006,6433,10053,38.0
TR02655,C014,741,1061,50.2
TR02655,C014,4887,6467,53.1
TR02655,C014,8889,9234,55.6
TR02655,C019,1997,4437,94.5
TR02655,C019,6116,10093,52.4
TR02655,C035,1706,2336,88.3
TR02655,C035,7129,9509,37.8
TR02655,C038,3505,7180,63.5
TR02655,C040,2852,5347,94.3
TR02655,C048,29,11149,65.9
TR02656,C003,1391,3054,51.5
TR02656,C007,3088,12916,93.0
TR02656,C024,3548,6373,88.6
TR02656,C034,2121,2659,20.4
TR02656,C049,2076,13888,80.4
TR02657,C014,2648,6273,69.8
TR02657,C014,8728,12023,55.8
TR02657,C024,2761,5434,51.6
TR02657,C024,8899,9761,96.4
TR02657,C029,1168,4264,85.9
TR02657,C031,251,2612,56.3
TR02657,C031,8094,8787,43.1
TR02657,C042,1982,4259,28.4
TR02657,C042,7987,11286,92.7
TR02658,C002,5276,6715,43.6
TR02658,C039,2758,4746,68.4
TR02658,C042,2868,14301,88.4
TR02658,C050,522,1934,45.1
TR02659,C030,983,1634,73.8
TR02659,C030,8598,11557,28.6
TR02659,C039,1703,12027,71.2
TR02659,C040,4857,7277,44.1
TR02659,C044,2439,4805,29.0
TR02659,C044,7786,8941,74.6
TR02659,C046,1400,10939,68.3
TR02659,C047,266,1052,75.3
TR02659,C047,4360,4876,82.5
TR02659,C047,7916,9311,82.3
TR02659,C047,11594,13998,77.2
TR02659,C048,1592,13972,96.9
TR02660,C016,5448,8352,94.3
TR02660,C021,769,4136,62.8
TR02660,C023,53,2895,27.7
TR02660,C030,1010,2244,80.2
TR02660,C030,3978,5935,49.8
TR02660,C030,8493,9563,32.9
TR02660,C041,4012,4650,86.6
TR02660,C044,0,2937,49.4
TR02661,C004,2552,4244,81.7
TR02661,C004,6176,7277,35.4
TR02661,C011,1931,5488,86.2
TR02661,C011,5943,7509,65.9
TR02661,C035,4491,6594,54.5
TR02661,C047,1517,4135,22.6
TR02661,C047,7038,9551,21.1
TR02662,C014,5488,6312,47.6
TR02662,C025,1173,3357,63.8
TR02662,C025,5786,7687,28.5
TR02662,C028,776,2614,83.7
TR02662,C028,6544,7725,24.3
TR02662,C035,2563,5375,74.9
TR02662,C035,7159,9952,72.6
TR02662,C044,144,1518,84.6
TR02662,C044,4282,4492,78.1
TR02662,C044,8669,10937,79.0
TR02662,C047,5311,6028,99.1
TR02662,C048,225,10986,92.2
TR02663,C010,249,3689,28.2
TR02663,C019,981,4519,82.2
TR02663,C019,4994,8764,23.2
TR02663,C023,3680,6017,70.7
TR02663,C034,247,2693,82.0
TR02663,C034,4175,5828,79.1
TR02663,C034,7471,9685,38.0
TR02663,C036,1167,2142,88.0
TR02663,C049,621,8685,81.5
TR02664,C003,1188,2231,86.9
TR02664,C008,6389,9948,93.2
TR02664,C015,1165,1515,51.3
TR02664,C015,10250,13621,26.2
TR02664,C047,1258,5189,55.8
TR02664,C048,6182,6469,29.8
TR02665,C013,329,590,93.7
TR02665,C013,3786,4434,43.7
TR02665,C014,899,2632,96.2
TR02665,C018,8,924,49.2
TR02665,C018,3642,3953,40.0
TR02665,C022,952,2593,66.2
TR02665,C022,3288,4603,52.6
TR02665,C025,919,2816,74.9
TR02665,C033,907,2303,89.8
TR02665,C033,2789,3470,42.3
TR02665,C035,257,2388,26.3
TR02665,C035,3015,5157,80.9
TR02665,C044,1784,2534,65.7
TR02665,C013,2731,4984,62.9
TR02666,C005,1551,8973,97.2
TR02666,C010,687,1963,32.5
TR02666,C010,3387,4309,82.7
TR02666,C010,6365,8326,99.1
TR02666,C010,8463,10054,76.3
TR02666,C012,791,3158,24.5
TR02666,C016,1513,3908,37.9
TR02666,C016,7775,8022,54.0
TR02666,C040,2223,2850,37.3
TR02666,C040,7300,9947,76.6
TR02666,C042,0,1794,47.8
TR02666,C045,582,1903,81.6
TR02666,C045,4635,5048,94.7
TR02666,C045,8427,9329,55.5
TR02666,C046,2138,5184,77.5
TR02667,C005,16,2500,64.5
TR02667,C009,2269,3085,85.4
TR02667,C014,55,4095,72.8
TR02667,C036,2019,4519,89.9
TR02667,C038,419,1189,55.2
TR02667,C038,3240,3722,46.3
TR02668,C004,84,740,62.2
TR02668,C004,6634,8120,73.8
TR02668,C004,11536,12976,97.9
TR02668,C010,137,1206,58.9
TR02668,C010,9604,11039,43.5
TR02668,C011,223,569,85.9
TR02668,C011,4430,6183,94.6
TR02668,C011,7939,10253,82.2
TR02668,C011,11866,12328,71.2
TR02668,C014,11,13076,67.9
TR02668,C033,405,3283,87.8
TR02668,C033,8527,9991,39.6
TR02669,C020,589,4249,65.4
TR02669,C024,497,1899,23.1
TR02669,C024,2702,3739,32.1
TR02669,C025,667,1390,55.3
TR02669,C025,2852,4566,53.1
TR02669,C030,273,1243,98.6
TR02669,C030,2843,4587,94.4
TR02669,C034,1505,5169,46.9
TR02670,C010,1654,9338,61.6
TR02670,C036,2301,5661,35.5
TR02670,C046,927,3056,24.2
TR02670,C048,260,9022,69.3
TR02670,C036,4684,6547,86.8
TR02671,C009,6922,9291,29.6
TR02671,C018,2345,12334,99.9
TR02671,C019,7598,10103,28.4
TR02671,C020,3622,5806,63.4
TR02671,C020,10567,14378,87.0
TR02671,C021,5793,9656,85.5
TR02671,C032,593,982,39.1
TR02671,C032,4908,6267,77.3
TR02671,C032,8407,10350,89.4
TR02671,C032,12870,13259,80.1
TR02672,C006,880,2327,75.6
TR02672,C021,195,996,45.2
TR02672,C027,86,1769,59.6
TR02672,C027,3210,4052,79.3
TR02672,C028,646,1553,94.7
TR02672,C028,3017,4094,52.2
TR02672,C033,1285,2303,61.0
TR02672,C033,3955,4649,71.6
TR02672,C043,695,2730,48.5
TR02672,C043,3074,4892,69.4
TR02672,C046,830,2410,47.6
TR02673,C003,0,2551,52.5
TR02673,C004,0,1595,88.6
TR02673,C007,1103,15855,61.1
TR02673,C031,3958,7749,96.3
TR02673,C034,1293,12421,60.7
TR02673,C036,397,3369,73.3
TR02673,C036,10925,12900,73.5
TR02673,C047,2676,5234,47.3
TR02673,C050,6736,8272,83.0
TR02674,C012,4362,7447,55.3
TR02674,C016,5140,6575,51.4
TR02674,C024,1312,4364,82.7
TR02674,C024,9250,11383,20.2
TR02674,C030,2525,11612,79.3
TR02675,C015,5271,7201,64.7
TR02675,C018,1026,4452,78.4
TR02675,C018,10151,13056,61.9
TR02675,C021,537,3569,75.1
TR02675,C021,12308,14293,95.2
TR02675,C029,9319,11332,99.4
TR02675,C032,3487,4044,30.6
TR02675,C036,3631,6238,27.5
TR02675,C037,2355,16569,80.1
TR02675,C042,2048,2582,78.2
TR02675,C042,11573,14234,75.4
TR02676,C009,893,2647,62.4
TR02676,C016,27,958,66.9
TR02676,C016,2227,2553,81.7
TR02676,C016,4283,4698,45.8
TR02676,C018,935,4209,75.2
TR02676,C028,1282,1649,67.8
TR02676,C028,3740,4336,45.4
TR02676,C033,1705,3745,26.4
TR02676,C035,0,1980,54.5
TR02676,C050,369,4674,61.6
TR02677,C005,0,2488,68.7
TR02677,C011,178,3064,25.1
TR02677,C016,594,1062,58.3
TR02677,C026,1309,4576,61.9
TR02677,C033,2620,3574,53.2
TR02677,C039,0,1007,68.2
TR02677,C050,230,5251,74.9
TR02678,C011,2458,5902,62.3
TR02678,C013,2081,5097,89.2
TR02678,C013,6732,9973,27.0
TR02678,C019,558,10421,61.3
TR02678,C028,1927,2197,99.7
TR02678,C028,7383,10375,55.8
TR02678,C033,1941,5095,22.1
TR02678,C047,5679,7447,44.5
TR02679,C006,1353,9548,98.4
TR02679,C007,1403,4670,63.9
TR02679,C009,167,2863,50.1
TR02679,C009,5948,7351,20.5
TR02679,C011,2360,4323,78.6
TR02679,C011,5873,9294,48.5
TR02679,C023,0,4039,47.1
TR02679,C034,1967,3830,71.7
TR02679,C050,269,2884,57.0
TR02679,C050,6392,7633,56.3
TR02680,C020,2511,4081,64.5
TR02680,C027,8549,9272,70.4
TR02680,C030,4264,6573,73.3
TR02680,C033,7557,10216,86.4
TR02680,C039,1625,4098,45.1
TR02680,C039,9711,10793,26.7
TR02681,C001,2725,6693,20.3
TR02681,C006,744,1867,35.4
TR02681,C006,4395,4700,51.2
TR02681,C014,638,3075,83.5
TR02681,C014,4835,6207,56.7
TR02681,C026,1419,3346,42.2
TR02681,C026,4786,6313,51.0
TR02681,C027,165,1342,37.6
TR02681,C027,4393,6474,32.7
TR02681,C030,912,3231,54.7
TR02681,C030,3814,4277,69.3
TR02681,C040,907,2374,54.1
TR02681,C040,3838,5435,82.7
TR02681,C048,1440,2984,26.6
TR02681,C048,4179,5047,62.7
TR02682,C007,550,2562,39.3
TR02682,C008,1612,3986,24.1
TR02682,C008,6296,9005,74.4
TR02682,C011,0,1918,52.2
TR02682,C019,5489,7976,69.8
TR02682,C022,5285,6912,87.9
TR02682,C038,124,2717,63.6
TR02682,C038,7962,11067,69.8
TR02682,C039,5212,6294,30.8
TR02683,C001,1796,2513,31.2
TR02683,C011,624,4251,86.3
TR02683,C014,1436,2413,29.9
TR02683,C014,4651,5852,66.1
TR02683,C024,961,6117,66.7
TR02683,C026,681,1899,97.5
TR02683,C026,2638,3223,78.3
TR02683,C026,4972,6401,81.0
TR02683,C035,2954,3535,91.5
TR02683,C040,1721,5100,55.8
TR02683,C041,147,995,78.4
TR02683,C041,2178,2660,41.8
TR02683,C041,3322,4821,49.2
TR02683,C041,5050,5406,36.3
TR02684,C006,88,652,57.6
TR02684,C006,3499,5147,33.0
TR02684,C018,700,4930,94.1
TR02684,C030,2189,4945,62.9
TR02684,C040,1306,2210,68.5
TR02684,C040,3964,5955,66.8
TR02685,C004,484,1159,82.5
TR02685,C005,101,635,71.0
TR02685,C005,2237,3235,88.6
TR02685,C005,5003,6525,74.7
TR02685,C014,874,3189,29.0
TR02685,C018,2664,2916,24.7
TR02685,C021,2916,3402,79.0
TR02685,C028,2,5246,68.2
TR02685,C033,548,3272,63.1
TR02685,C033,3877,4435,93.9
TR02685,C042,241,2217,94.3
TR02685,C042,3768,4690,66.6
TR02685,C004,1460,2909,63.0
TR02686,C004,395,2462,72.3
TR02686,C004,3484,4619,52.7
TR02686,C004,6492,8135,49.2
TR02686,C023,4019,5214,44.5
TR02686,C024,492,8467,95.6
TR02686,C029,203,3874,43.6
TR02686,C042,2640,6379,99.3
TR02687,C001,454,1471,56.1
TR02687,C001,12052,12499,61.3
TR02687,C002,4032,6461,28.1
TR02687,C007,1748,2232,89.3
TR02687,C007,10982,14626,30.2
TR02687,C032,2667,18602,64.0
TR02687,C040,1294,4123,37.6
TR02687,C040,12133,15626,40.0
TR02688,C008,3336,6669,45.6
TR02688,C008,8050,8496,39.0
TR02688,C025,1519,3699,82.8
TR02688,C025,9497,10821,58.9
TR02688,C030,3383,5018,97.3
TR02688,C030,9067,12666,43.5
TR02688,C035,0,6758,75.9
TR02688,C038,2018,4389,91.5
TR02688,C038,8865,9639,60.2
TR02688,C040,3342,6054,31.5
TR02688,C040,6917,7981,65.6
TR02688,C043,1138,1374,22.5
TR02688,C043,9905,12841,58.8
TR02689,C001,1729,3201,83.6
TR02689,C001,6713,7092,21.2
TR02689,C009,1794,4194,39.8
TR02689,C009,5091,8271,75.8
TR02689,C015,4212,6978,76.6
TR02689,C018,1006,3103,60.9
TR02689,C018,4826,5528,87.0
TR02689,C042,4278,7498,99.4
TR02689,C043,213,2950,80.7
TR02689,C049,828,4077,29.4
TR02689,C049,6697,8904,58.0
TR02690,C006,2344,3379,73.3
TR02690,C006,7714,10497,27.6
TR02690,C020,1705,4345,93.8
TR02690,C020,10524,11911,95.6
TR02690,C022,2631,14084,73.0
TR02690,C024,4503,5376,58.2
TR02690,C032,16,1526,50.0
TR02690,C032,4291,4728,66.2
TR02690,C032,8107,10576,54.8
TR02690,C032,12182,14030,74.4
TR02690,C034,5659,8145,80.1
TR02690,C046,336,2367,44.3
TR02690,C046,10731,13679,66.8
TR02691,C001,1239,3208,22.0
TR02691,C001,6675,8797,75.6
TR02691,C013,177,3751,69.2
TR02691,C013,6446,8496,47.4
TR02691,C020,1023,3835,80.6
TR02691,C034,4891,8124,25.5
TR02692,C007,1458,2453,34.2
TR02692,C008,4141,5507,33.2
TR02692,C011,1914,7795,97.7
TR02692,C017,855,3964,33.6
TR02692,C017,5660,8862,74.0
TR02692,C021,469,3965,61.1
TR02692,C021,4953,5673,23.5
TR02692,C034,1008,8699,92.7
TR02692,C039,3326,4289,85.1
TR02693,C039,1620,5601,65.0
TR02693,C043,1077,1404,47.4
TR02693,C045,7249,9524,51.8
TR02693,C046,2166,3314,59.4
TR02693,C046,10240,11994,98.6
TR02693,C050,3066,4649,98.9
TR02694,C002,82,15160,76.7
TR02694,C008,9280,12475,74.3
TR02694,C018,1158,17691,84.3
TR02694,C042,1829,3468,33.8
TR02694,C042,10684,12740,94.8
TR02695,C014,703,2307,73.4
TR02695,C014,3277,4377,74.2
TR02695,C014,5238,7396,61.7
TR02695,C016,995,6070,64.8
TR02695,C020,498,3485,54.9
TR02695,C032,1477,2751,81.5
TR02695,C032,5426,6750,79.7
TR02695,C035,693,2371,58.9
TR02695,C035,4056,6932,76.9
TR02695,C040,1281,3045,41.1
TR02695,C040,4595,7286,40.3
TR02695,C042,816,1912,31.8
TR02695,C042,4307,6116,28.2
TR02695,C047,1347,2895,61.4
TR02695,C047,4475,4975,39.2
TR02696,C006,608,2198,60.7
TR02696,C006,3065,3360,83.4
TR02696,C006,5609,6469,50.1
TR02696,C012,1708,3537,63.7
TR02696,C012,3963,5172,33.8
TR02696,C022,1316,3383,74.2
TR02696,C022,4597,4872,33.6
TR02696,C026,1192,2205,27.4
TR02696,C028,0,2524,43.0
TR02696,C033,1260,2733,37.7
TR02696,C033,5148,6644,94.5
TR02696,C035,234,6572,69.8
TR02696,C041,1380,3528,48.7
TR02696,C041,5039,5581,78.9
TR02697,C001,7677,8730,52.6
TR02697,C002,6794,7715,31.4
TR02697,C004,6684,9379,53.4
TR02697,C007,3172,6191,54.3
TR02697,C008,3239,5486,66.2
TR02697,C017,888,16810,85.8
TR02697,C024,1748,2343,30.6
TR02697,C024,7304,8361,77.1
TR02697,C024,13210,15011,41.4
TR02697,C037,2044,5761,49.8
TR02697,C037,13227,14770,38.3
TR02698,C017,85,640,22.9
TR02698,C017,3714,4080,24.3
TR02698,C036,1427,3022,35.9
TR02698,C046,67,861,61.6
TR02698,C046,1427,2135,74.1
TR02698,C046,2845,3282,95.3
TR02698,C046,4300,4915,35.2
TR02698,C048,729,4363,77.7
TR02699,C004,0,1479,39.5
TR02699,C006,196,12886,82.9
TR02699,C041,459,3380,93.0
TR02699,C041,10533,13127,59.0
TR02699,C044,2326,2795,77.5
TR02700,C001,7897,11744,63.6
TR02700,C007,2705,12546,94.7
TR02700,C020,4598,7862,83.5
TR02700,C025,2082,4949,35.4
TR02700,C025,11153,12601,42.8
TR02700,C027,3063,15728,88.4
TR02700,C046,1288,2061,53.4
TR02700,C046,10757,11137,24.2
TR02701,C007,7,1982,62.6
TR02701,C007,3489,5982,70.0
TR02701,C017,2081,4245,66.4
TR02701,C018,1369,1855,78.0
TR02701,C025,771,2338,83.9
TR02701,C025,4311,6409,94.4
TR02701,C031,181,657,90.5
TR02701,C031,3714,4949,39.7
TR02701,C033,0,1221,64.5
TR02701,C044,1115,1610,72.0
TR02701,C044,4283,5723,64.3
TR02701,C050,0,1732,29.0
TR02702,C016,1506,10118,67.2
TR02702,C021,1456,2004,99.2
TR02702,C024,1353,1856,99.0
TR02702,C028,428,4343,45.2
TR02702,C028,6276,9311,86.9
TR02702,C031,2034,3340,79.1
TR02702,C037,1686,8126,89.3
TR02702,C038,2922,3463,87.2
TR02702,C049,124,541,89.2
TR02702,C049,6394,8858,94.3
TR02703,C016,2008,5208,45.3
TR02703,C016,6817,8522,51.0
TR02703,C023,873,3698,22.5
TR02703,C037,144,10840,98.6
TR02703,C046,1008,2901,81.6
TR02703,C046,7165,7812,60.0
TR02703,C016,6153,10641,68.0
TR02704,C010,694,3669,49.1
TR02704,C013,875,2745,31.3
TR02704,C013,9135,11422,22.2
TR02704,C017,3842,6215,57.9
TR02704,C018,3223,3781,46.6
TR02704,C018,9819,12475,64.1
TR02704,C032,210,1097,92.0
TR02704,C032,11369,14333,65.1
TR02705,C012,1179,2315,29.1
TR02705,C012,3385,4216,71.9
TR02705,C013,927,4454,67.6
TR02705,C017,839,2244,81.1
TR02705,C017,3405,5341,41.5
TR02705,C023,0,1598,22.4
TR02705,C025,1329,4668,22.3
TR02705,C038,457,3702,25.4
TR02705,C045,2255,5137,28.6
TR02706,C006,1899,4850,67.2
TR02706,C006,6796,9117,26.2
TR02706,C007,3068,7032,44.1
TR02706,C027,446,1484,98.7
TR02706,C027,3803,6216,75.5
TR02706,C027,8030,10387,58.3
TR02706,C030,4074,6941,29.8
TR02706,C031,1184,3925,40.1
TR02706,C032,4423,7915,45.6
TR02706,C045,442,1070,58.1
TR02706,C045,3220,4036,32.5
TR02706,C045,5538,6419,46.4
TR02706,C045,8217,8794,77.7
TR02706,C050,2765,5278,61.0
TR02707,C004,2049,3441,72.1
TR02707,C009,4466,5261,65.2
TR02707,C010,1813,4060,60.7
TR02707,C010,4966,8736,23.3
TR02707,C017,473,3229,72.9
TR02707,C025,160,2568,63.3
TR02707,C027,3146,5356,85.1
TR02707,C031,644,2566,29.4
TR02707,C031,5844,8585,78.0
TR02708,C026,473,3256,75.7
TR02708,C039,3722,15454,90.4
TR02708,C041,319,2734,86.3
TR02708,C041,5923,6953,54.5
TR02708,C041,10220,11930,32.4
TR02708,C041,14409,15234,55.1
TR02708,C045,712,3763,99.0
TR02708,C046,295,1751,76.0
TR02708,C046,12128,14623,37.3
TR02709,C022,113,2374,34.0
TR02709,C022,6244,8531,57.4
TR02709,C030,1816,2892,73.8
TR02709,C039,2267,3142,38.1
TR02709,C039,5950,9276,40.6
TR02709,C044,369,3131,25.4
TR02709,C044,7813,11254,41.7
TR02709,C049,1506,1840,71.5
TR02709,C049,6909,7938,25.5
TR02710,C022,1823,16045,86.7
TR02710,C023,1640,17172,67.8
TR02710,C032,271,2595,70.3
TR02710,C032,11489,13288,59.2
TR02710,C036,1409,2043,78.3
TR02710,C036,11166,13111,46.0
TR02710,C040,1318,2516,78.9
TR02710,C040,5226,6818,55.3
TR02710,C040,9168,11122,53.9
TR02710,C040,13534,14184,68.8
TR02710,C046,3196,16642,66.2
TR02711,C010,1683,2176,21.6
TR02711,C010,4856,7666,55.7
TR02711,C017,869,3947,28.4
TR02711,C017,5656,7247,95.1
TR02711,C034,1956,2760,76.7
TR02711,C035,366,980,36.6
TR02711,C035,2099,2930,38.5
TR02711,C035,4126,5535,40.4
TR02711,C035,6549,7038,82.5
TR02711,C047,1083,7046,81.0
TR02712,C034,1061,1419,85.3
TR02712,C036,1095,6320,60.3
TR02712,C040,1892,4835,71.7
TR02712,C041,3818,4999,50.5
TR02712,C046,3289,6711,55.5
TR02713,C006,3826,5375,46.8
TR02713,C008,1842,3518,96.4
TR02713,C008,5954,9682,51.3
TR02713,C037,0,5158,76.3
TR02713,C045,812,2684,58.9
TR02714,C005,666,3825,94.1
TR02714,C007,4657,8579,85.2
TR02714,C007,14234,16926,71.7
TR02714,C028,4225,7373,85.4
TR02714,C028,10526,10946,73.0
TR02714,C037,7,1742,48.9
TR02714,C037,9708,11313,61.5
TR02715,C003,1859,2553,96.7
TR02715,C025,2202,3774,88.6
TR02715,C031,1291,4601,33.9
TR02715,C031,6186,7776,88.6
TR02715,C037,0,619,58.1
TR02715,C040,787,1824,41.1
TR02715,C040,3622,4701,92.9
TR02715,C040,5736,6371,48.4
TR02715,C040,9179,11262,74.9
TR02715,C044,759,4061,59.9
TR02715,C044,8288,10891,20.3
TR02716,C024,989,9509,74.5
TR02716,C028,316,2535,73.9
TR02716,C028,4288,4686,31.5
TR02716,C028,8745,10324,65.8
TR02716,C032,2664,4881,75.4
TR02716,C032,8830,11797,26.0
TR02716,C038,2343,10583,84.3
TR02716,C039,2810,5154,26.5
TR02716,C039,7057,10737,42.0
TR02716,C045,1047,1547,78.3
TR02716,C045,4475,5845,86.3
TR02716,C045,8722,10547,73.3
TR02717,C005,3516,4956,27.3
TR02717,C005,7404,10342,46.1
TR02717,C006,2132,3986,25.5
TR02717,C006,9663,11622,94.2
TR02717,C019,5456,7322,67.2
TR02717,C022,788,3669,84.8
TR02717,C039,0,3634,68.5
TR02717,C040,6756,7837,37.0
TR02718,C004,3918,4233,50.8
TR02718,C004,11555,14583,36.2
TR02718,C012,191,3661,59.1
TR02718,C012,11243,12575,87.6
TR02718,C019,1875,12610,74.1
TR02718,C020,453,15696,94.4
TR02718,C035,517,1894,45.5
TR02718,C035,9552,12030,33.3
TR02718,C038,3848,5692,93.0
TR02718,C038,12016,13361,21.5
TR02718,C046,4319,7288,44.6
TR02719,C025,857,3505,22.2
TR02719,C025,5318,7272,72.0
TR02719,C029,583,2808,21.9
TR02719,C029,6176,7075,69.0
TR02719,C032,759,3697,41.1
TR02719,C040,1564,3108,69.9
TR02719,C040,5628,7713,74.1
TR02719,C043,2506,6234,43.4
TR02720,C009,1461,3886,61.5
TR02720,C009,6595,8359,79.5
TR02720,C013,1054,2762,21.6
TR02720,C013,5199,7786,94.1
TR02720,C022,654,881,67.7
TR02720,C022,5221,5494,58.3
TR02720,C023,2988,6982,64.9
TR02720,C025,178,8188,80.7
TR02720,C041,2137,4428,97.3
TR02720,C043,1159,2562,22.8
TR02720,C043,7108,8000,52.8
TR02721,C014,0,2828,33.7
TR02721,C019,3154,4623,20.7
TR02721,C020,393,1560,65.0
TR02721,C020,4783,6219,92.3
TR02721,C028,711,4681,38.1
TR02721,C030,479,819,95.5
TR02721,C030,3923,4913,70.6
TR02721,C031,924,3279,36.4
TR02721,C031,4726,5776,40.8
TR02721,C033,1904,3001,37.4
TR02721,C050,474,681,53.0
TR02721,C050,1807,3455,64.9
TR02721,C050,4207,5186,64.8
TR02721,C050,5589,6250,62.2
TR02721,C019,1300,5463,85.6
TR02722,C025,91,13619,61.6
TR02722,C026,2898,6454,70.6
TR02722,C026,8473,11042,82.5
TR02722,C028,539,3857,75.4
TR02722,C030,5630,8194,36.4
TR02722,C037,941,1780,35.7
TR02722,C037,4240,6157,39.1
TR02722,C037,8708,9074,31.5
TR02722,C037,12876,15123,89.5
TR02723,C011,76,3159,66.3
TR02723,C011,5571,7004,64.1
TR02723,C017,1654,4111,24.1
TR02723,C017,5566,6848,69.6
TR02723,C021,964,3503,42.8
TR02723,C021,5956,8269,78.5
TR02723,C025,40,2353,59.7
TR02723,C036,1544,2381,97.6
TR02723,C036,4642,7871,91.6
TR02723,C040,337,3211,50.3
TR02723,C040,4209,5486,48.1
TR02724,C002,0,6224,67.4
TR02724,C005,1499,3924,99.3
TR02724,C005,9502,9944,57.0
TR02724,C006,65,1612,75.0
TR02724,C028,4932,6810,91.2
TR02724,C036,0,5852,72.1
TR02724,C048,1259,4127,93.3
TR02724,C048,7803,11264,95.9
TR02725,C013,0,5063,72.8
TR02725,C021,3195,5946,94.5
TR02725,C021,9946,13320,52.7
TR02725,C024,0,8230,24.3
TR02725,C039,2389,5251,31.4
TR02725,C049,1531,3484,35.6
TR02725,C049,12492,13176,92.3
TR02726,C004,1775,3814,94.4
TR02726,C004,7345,9333,92.4
TR02726,C005,1998,10772,96.7
TR02726,C012,2044,4340,53.8
TR02726,C012,6989,7621,56.0
TR02726,C019,226,11373,60.2
TR02726,C032,1074,4713,43.4
TR02726,C036,5033,8900,62.3
TR02726,C037,679,4482,81.1
TR02726,C044,1148,3347,77.4
TR02726,C044,7743,10004,48.6
TR02727,C015,1567,2547,40.0
TR02727,C015,4009,5993,78.1
TR02727,C023,1442,3241,64.7
TR02727,C027,2483,4786,43.4
TR02727,C044,345,876,21.6
TR02727,C044,5104,5535,93.8
TR02728,C001,759,4407,92.6
TR02728,C005,1318,2454,31.5
TR02728,C005,4683,6940,94.7
TR02728,C005,8694,11168,47.2
TR02728,C032,3139,4889,24.3
TR02728,C032,6367,9555,73.1
TR02728,C033,5253,9009,87.6
TR02728,C035,1257,2780,64.6
TR02728,C035,5134,5534,92.3
TR02728,C035,8801,9173,67.8
TR02728,C040,3002,4940,44.4
TR02728,C040,9283,11200,95.7
TR02728,C041,1458,4197,46.8
TR02729,C011,982,2343,91.6
TR02729,C011,7233,9153,56.4
TR02729,C020,1475,4121,94.1
TR02729,C020,8634,10019,94.3
TR02729,C022,3499,4399,68.5
TR02729,C038,236,1606,53.6
TR02729,C038,6996,8776,95.6
TR02730,C001,8246,9803,89.6
TR02730,C003,0,5660,89.8
TR02730,C028,2220,6162,42.5
TR02730,C034,4153,6015,77.7
TR02730,C041,7036,8022,34.0
TR02730,C043,323,15347,94.7
TR02730,C047,5050,6695,59.7
TR02730,C048,3530,17864,73.1
TR02731,C001,0,1687,63.1
TR02731,C002,3135,3751,78.9
TR02731,C012,2198,5858,83.5
TR02731,C029,382,3426,96.0
TR02731,C032,601,1445,30.3
TR02731,C032,2268,3427,100.0
TR02731,C032,4262,5550,83.5
TR02731,C032,6694,8279,54.2
TR02732,C020,4139,4927,49.5
TR02732,C020,13079,15515,47.8
TR02732,C022,1748,3284,99.3
TR02732,C022,12735,16433,56.8
TR02732,C030,0,7987,43.9
TR02732,C033,0,3649,38.7
TR02732,C037,202,17900,69.7
TR02732,C044,4990,7291,27.1
TR02733,C002,0,2046,70.4
TR02733,C005,1051,4150,95.2
TR02733,C023,555,1146,53.5
TR02733,C023,3103,4456,34.3
TR02733,C025,20,1968,51.0
TR02733,C025,3669,4226,69.6
TR02733,C030,0,1952,40.0
TR02733,C031,0,1196,53.5
TR02734,C009,1437,2261,79.7
TR02734,C009,8688,10973,45.8
TR02734,C022,5183,7552,68.7
TR02734,C027,2435,12498,87.8
TR02734,C031,3650,7114,94.3
TR02734,C044,1372,5202,95.8
TR02735,C002,605,9182,66.1
TR02735,C018,0,3946,83.9
TR02735,C029,0,1590,47.7
TR02735,C032,4425,6524,21.4
TR02735,C041,0,3928,76.1
TR02735,C047,73,2021,85.4
TR02735,C047,4767,8555,33.2
TR02735,C048,3755,6744,45.1
TR02735,C050,2475,4284,91.3
TR02736,C003,3268,6056,32.6
TR02736,C003,7994,11975,32.7
TR02736,C013,4463,4667,80.6
TR02736,C021,1470,4433,60.9
TR02736,C030,924,2439,41.7
TR02736,C030,4517,4989,52.4
TR02736,C030,7493,8290,46.9
TR02736,C030,11372,13520,89.5
TR02736,C031,1537,1895,20.2
TR02736,C031,7779,11540,33.7
TR02736,C033,252,2054,37.6
TR02736,C033,9964,11111,81.6
TR02736,C034,4575,6671,95.1
TR02736,C038,3588,6499,24.1
TR02737,C003,546,3569,31.1
TR02737,C003,10438,11886,59.6
TR02737,C021,1713,4649,46.2
TR02737,C021,9928,11771,50.4
TR02737,C026,5452,5834,63.3
TR02737,C038,326,3039,98.1
TR02737,C045,1140,3563,43.0
TR02737,C045,11581,12512,65.2
TR02737,C050,1692,3720,61.5
TR02738,C003,768,1216,67.1
TR02738,C003,2914,3295,79.6
TR02738,C003,5024,5508,96.0
TR02738,C003,7875,8760,34.0
TR02738,C018,2863,3510,94.7
TR02738,C026,1252,8389,96.2
TR02738,C035,169,567,44.9
TR02739,C005,477,7965,77.5
TR02739,C011,1529,2820,33.3
TR02739,C011,4690,5953,77.7
TR02739,C021,537,1076,92.8
TR02739,C021,2624,2887,93.5
TR02739,C021,5003,5507,68.5
TR02739,C021,6829,8858,69.8
TR02739,C027,627,8284,74.8
TR02739,C029,2830,4840,55.9
TR02739,C038,1583,8843,95.3
TR02740,C003,1373,4196,92.0
TR02740,C003,11064,13414,89.7
TR02740,C005,3861,7740,53.1
TR02740,C005,13016,16000,57.4
TR02740,C012,1870,2847,86.0
TR02740,C012,11997,15228,30.7
TR02740,C013,0,1449,64.6
TR02740,C015,1219,3208,53.7
TR02740,C015,9839,11296,28.8
TR02740,C033,2221,18077,69.4
TR02741,C004,5588,8280,34.2
TR02741,C016,1276,1525,21.1
TR02741,C018,371,1925,99.7
TR02741,C018,7343,9726,29.0
TR02741,C024,1489,5083,94.3
TR02741,C028,5693,6722,62.1
TR02741,C029,4905,7483,98.5
TR02741,C033,4335,5139,83.0
TR02741,C047,0,3606,46.3
TR02742,C002,2366,4933,64.7
TR02742,C006,2769,3632,48.4
TR02742,C006,6086,8243,92.2
TR02742,C014,1312,8594,85.8
TR02742,C031,0,2729,33.5
TR02742,C050,2102,8491,96.3
TR02743,C006,1413,3453,51.5
TR02743,C012,1085,3378,95.9
TR02743,C012,5005,6585,77.2
TR02743,C012,7935,8296,59.3
TR02743,C020,3095,3917,34.9
TR02743,C030,1964,5099,60.7
TR02743,C030,6093,8509,23.2
TR02743,C040,1402,11012,71.1
TR02743,C006,5983,10676,76.0
TR02744,C001,6223,9189,49.2
TR02744,C003,5484,6716,27.9
TR02744,C012,1541,11928,81.3
TR02744,C014,1179,2785,82.2
TR02744,C014,10455,12531,31.0
TR02744,C040,2542,15173,77.4
TR02744,C044,3546,5006,63.3
TR02744,C044,9820,12351,29.2
TR02745,C011,2077,3774,52.4
TR02745,C022,2269,5424,28.2
TR02745,C022,12585,13059,63.3
TR02745,C043,7196,7462,83.8
TR02745,C044,43,1483,20.7
TR02745,C045,767,14146,79.3
TR02746,C005,2216,5060,85.4
TR02746,C009,3297,5348,93.7
TR02746,C010,839,1508,69.2
TR02746,C010,3871,4076,44.6
TR02746,C016,859,2379,23.8
TR02746,C016,4530,5204,35.6
TR02746,C020,627,1864,31.0
TR02746,C020,2778,4447,96.9
TR02746,C020,5413,6269,60.2
TR02746,C029,0,2560,42.9
TR02746,C037,27,3654,63.0
TR02746,C037,5461,6023,25.8
TR02746,C039,0,3652,23.4
TR02747,C004,2114,15909,76.7
TR02747,C013,3234,6332,52.3
TR02747,C013,11655,15458,46.0
TR02747,C022,81,3150,79.3
TR02747,C022,13612,15627,61.5
TR02747,C031,1451,16789,75.9
TR02747,C037,632,1073,30.9
TR02747,C037,5148,6921,32.0
TR02747,C037,10519,12121,48.3
TR02747,C037,15107,15490,75.5
TR02747,C045,3293,4458,27.2
TR02747,C045,12030,13409,65.6
TR02747,C046,1559,5105,48.0
TR02747,C046,9800,10304,89.2
TR02747,C047,0,5537,88.5
TR02748,C019,6930,7572,20.6
TR02748,C020,3090,4800,34.4
TR02748,C020,9357,13164,38.4
TR02748,C041,4223,7921,48.6
TR02748,C041,11131,12042,42.2
TR02748,C048,1114,4790,57.4
TR02748,C048,10419,13614,43.7
TR02749,C004,2614,4182,98.1
TR02749,C017,0,741,30.0
TR02749,C020,2099,3904,50.5
TR02749,C024,2387,3078,49.1
TR02749,C042,2467,3839,87.1
TR02749,C048,2327,5115,30.5
TR02749,C050,210,1187,88.1
TR02749,C050,1822,2398,44.8
TR02749,C050,3320,3586,91.4
TR02749,C050,4783,5027,39.2
TR02750,C001,3858,7409,61.1
TR02750,C011,0,1630,55.9
TR02750,C015,4115,5351,81.5
TR02750,C016,1762,3781,83.0
TR02750,C021,2642,4140,38.1
TR02750,C035,1385,8635,60.3
TR02750,C046,786,8295,73.2
TR02750,C047,4308,8124,59.3
TR02751,C003,5233,8105,54.2
TR02751,C005,1730,10918,92.7
TR02751,C033,177,1428,36.4
TR02751,C033,8168,10922,92.8
TR02751,C035,2783,5230,30.2
TR02751,C041,1340,3959,87.8
TR02751,C042,1313,4551,63.4
TR02751,C042,9162,13105,75.9
TR02751,C043,1739,5330,28.7
TR02752,C004,840,2946,88.5
TR02752,C004,3873,6095,75.4
TR02752,C004,8492,9184,64.8
TR02752,C004,12318,12985,88.7
TR02752,C011,963,12247,74.5
TR02752,C014,2559,6248,58.5
TR02752,C014,9261,11001,84.5
TR02752,C022,0,5382,38.9
TR02752,C028,516,13001,96.7
TR02752,C038,2935,5805,79.9
TR02752,C047,2850,11826,67.8
TR02752,C050,1806,3047,43.0
TR02752,C050,10817,13718,32.5
TR02753,C023,1011,1816,38.6
TR02753,C023,3687,6300,32.9
TR02753,C025,623,2233,34.3
TR02753,C030,152,612,75.7
TR02753,C030,3670,4202,47.9
TR02753,C046,410,3172,51.7
TR02753,C046,4645,5715,83.6
TR02754,C010,479,3495,49.1
TR02754,C010,12905,13634,43.8
TR02754,C014,7681,10991,54.3
TR02754,C041,1485,2456,49.4
TR02754,C041,10776,12584,26.4
TR02754,C046,7849,11794,33.0
TR02755,C003,0,4345,25.6
TR02755,C010,5463,7531,71.7
TR02755,C013,165,1300,20.9
TR02755,C013,5996,6229,83.2
TR02755,C023,843,1932,70.6
TR02755,C028,3434,4576,87.0
TR02755,C046,1165,11715,88.5
TR02755,C047,596,11597,90.5
TR02755,C049,1324,10566,65.6
TR02756,C015,1397,9316,81.0
TR02756,C019,2930,6427,88.8
TR02756,C020,2113,4117,24.8
TR02756,C020,6099,10054,89.0
TR02756,C021,2583,3870,94.1
TR02756,C021,7568,11125,41.5
TR02756,C034,2452,4316,97.2
TR02756,C039,2676,4197,29.1
TR02756,C039,8279,10944,32.4
TR02756,C049,350,2246,67.6
TR02756,C049,2846,3816,53.8
TR02756,C049,5980,6685,99.2
TR02756,C049,8553,10815,71.7
TR02756,C050,5219,7415,38.7
TR02757,C002,1754,2676,22.8
TR02757,C024,985,1514,88.6
TR02757,C028,254,2292,38.3
TR02757,C043,878,1510,25.4
TR02757,C043,3840,5581,86.8
TR02758,C008,2321,3121,98.3
TR02758,C008,12856,15850,28.2
TR02758,C013,1056,2760,78.3
TR02758,C013,5203,7359,53.8
TR02758,C013,9736,10472,46.0
TR02758,C013,14145,16562,83.0
TR02758,C024,2700,4343,88.1
TR02758,C024,10538,14132,23.3
TR02758,C040,2562,3380,73.0
TR02758,C040,10100,12822,62.8
TR02758,C041,1333,2960,73.9
TR02758,C050,50,3854,89.4
TR02759,C013,651,3241,78.5
TR02759,C013,7613,8332,84.7
TR02759,C016,3329,7081,72.0
TR02759,C022,2693,6288,65.3
TR02759,C031,48,1131,77.9
TR02759,C031,7206,8871,91.7
TR02759,C033,5035,8559,61.5
TR02759,C045,5824,9286,37.9
TR02760,C003,932,1751,53.5
TR02760,C003,4933,7495,53.5
TR02760,C019,0,2999,39.3
TR02760,C032,856,3135,96.7
TR02760,C040,306,6116,61.8
TR02760,C045,1385,3043,76.5
TR02760,C045,5742,6312,52.1
TR02760,C047,1510,4427,80.7
TR02760,C049,2045,5323,57.3
TR02760,C050,1545,3017,74.3
TR02760,C050,4695,7431,26.4
TR02761,C005,3018,6306,39.9
TR02761,C008,653,4034,53.2
TR02761,C008,8687,10128,66.6
TR02761,C013,784,1687,57.3
TR02761,C013,5601,7604,55.8
TR02761,C013,10320,11520,94.6
TR02761,C017,28,2919,86.9
TR02761,C017,7341,8238,38.2
TR02761,C018,1489,4155,93.5
TR02761,C031,3218,5077,45.9
TR02761,C031,9695,11945,29.7
TR02761,C040,850,4205,31.7
TR02761,C046,2090,2421,28.4
TR02761,C046,10238,12738,67.6
TR02762,C007,48,1712,85.5
TR02762,C007,5828,7478,49.8
TR02762,C015,1747,4098,87.2
TR02762,C015,5732,9469,40.6
TR02762,C016,2289,3198,48.6
TR02762,C016,6724,7934,20.3
TR02762,C017,4509,7234,26.5
TR02762,C040,464,1898,61.0
TR02762,C040,4957,7151,43.2
TR02763,C012,160,2574,45.9
TR02763,C012,3698,4107,20.1
TR02763,C023,670,2286,48.3
TR02763,C023,4278,5066,89.1
TR02763,C028,1067,1419,82.4
TR02763,C036,946,3984,38.1
TR02763,C050,1877,3194,55.4
TR02764,C003,54,1714,69.8
TR02764,C003,7444,10536,25.9
TR02764,C018,3654,4629,47.0
TR02764,C033,2749,5364,24.8
TR02764,C033,7981,8767,45.9
TR02764,C038,1367,9131,89.7
TR02765,C012,0,2131,70.9
TR02765,C015,69,3897,68.5
TR02765,C031,330,7546,81.9
TR02765,C043,320,732,34.8
TR02765,C045,1680,3700,30.4
TR02765,C045,3998,5544,47.2
TR02765,C047,553,815,49.2
TR02765,C047,2421,2686,98.8
TR02765,C047,4019,4255,56.1
TR02765,C047,6377,7696,90.2
TR02765,C048,2042,5273,31.3
TR02766,C011,5335,6605,21.1
TR02766,C014,653,1962,42.4
TR02766,C014,4235,6040,68.9
TR02766,C014,8317,9383,42.8
TR02766,C014,11511,12142,37.7
TR02766,C017,2074,3753,63.1
TR02766,C018,894,4093,77.4
TR02766,C023,1234,2422,61.2
TR02766,C023,6563,7970,40.5
TR02766,C023,10953,12748,32.9
TR02766,C026,2700,4273,52.8
TR02766,C026,9851,12596,77.2
TR02766,C042,5217,6639,55.4
TR02766,C046,1181,4260,35.3
TR02767,C009,0,4215,70.5
TR02767,C028,1948,3451,91.6
TR02767,C028,5327,7196,22.6
TR02767,C034,74,1055,55.3
TR02767,C034,7502,9188,59.4
TR02767,C035,1194,3097,79.6
TR02767,C035,5399,8026,45.5
TR02767,C048,1359,9803,83.3
TR02768,C010,387,2397,74.6
TR02768,C010,4680,6124,30.6
TR02768,C011,607,1594,24.7
TR02768,C012,0,2439,46.9
TR02768,C013,1246,2538,51.7
TR02768,C013,4586,5471,95.2
TR02768,C025,720,2085,86.6
TR02768,C025,4091,5899,82.9
TR02768,C029,2582,6477,27.8
TR02768,C039,1399,2687,65.6
TR02768,C039,4383,5561,45.7
TR02768,C045,680,2173,87.1
TR02768,C045,4770,5577,55.9
TR02769,C003,812,1799,57.9
TR02769,C003,14000,16969,55.4
TR02769,C016,1084,18130,71.3
TR02769,C022,7467,8785,56.6
TR02769,C025,4618,8313,78.5
TR02769,C025,12393,12810,50.0
TR02769,C028,0,3480,40.0
TR02769,C039,4072,7439,58.1
TR02770,C002,4121,4714,65.5
TR02770,C002,9907,11426,62.3
TR02770,C006,3293,13042,79.3
TR02770,C012,53,1303,28.0
TR02770,C012,11218,14821,31.0
TR02770,C013,325,4195,23.5
TR02770,C015,4079,4610,81.6
TR02770,C015,11475,13887,37.2
TR02770,C026,862,3102,73.3
TR02770,C026,11122,13201,96.9
TR02770,C030,367,1307,73.5
TR02770,C030,8727,10993,84.5
TR02770,C047,2988,3431,43.4
TR02771,C004,1584,4811,84.8
TR02771,C013,472,1249,57.4
TR02771,C013,3300,5197,79.1
TR02771,C016,1134,6049,71.7
TR02771,C037,3003,4971,46.3
TR02771,C041,858,2428,77.0
TR02771,C041,4610,5763,59.2
TR02771,C042,929,1145,66.3
TR02771,C042,4050,5101,97.8
TR02771,C047,324,1003,42.4
TR02771,C047,2465,3941,45.8
TR02771,C047,4953,5726,65.3
TR02772,C001,1435,3115,55.6
TR02772,C001,5779,8498,43.3
TR02772,C008,4252,6636,51.3
TR02772,C023,4299,6197,61.4
TR02772,C031,1771,4156,43.6
TR02772,C031,5022,5911,47.1
TR02772,C033,3347,6359,31.2
TR02772,C042,99,1177,33.7
TR02772,C042,5180,7261,36.4
TR02772,C001,3975,6541,74.7
TR02773,C004,2151,4483,60.3
TR02773,C012,648,8455,72.8
TR02773,C014,1008,7365,74.6
TR02773,C036,2036,3452,88.1
TR02773,C036,5257,8177,38.3
TR02773,C041,1421,2463,99.5
TR02773,C041,5003,5608,76.5
TR02773,C047,489,930,95.1
TR02773,C047,5286,7866,91.0
TR02773,C049,0,790,48.6
TR02774,C016,183,3687,45.1
TR02774,C016,8055,9708,99.7
TR02774,C035,1633,10344,94.2
TR02774,C036,3057,6134,69.0
TR02774,C045,261,2382,37.4
TR02774,C045,8015,8836,49.6
TR02774,C046,747,2049,54.6
TR02774,C046,3833,4656,71.1
TR02774,C046,6573,8486,34.4
TR02774,C046,8881,10606,70.4
TR02775,C026,2035,2304,89.9
TR02775,C029,6029,7290,76.8
TR02775,C037,7978,11246,71.1
TR02775,C049,5947,8767,57.5
TR02775,C026,2186,8561,70.9
TR02776,C007,2155,5277,87.8
TR02776,C007,9881,13383,94.5
TR02776,C009,7107,8271,97.3
TR02776,C029,5742,8518,70.3
TR02776,C031,3804,5786,84.5
TR02776,C034,3090,4398,78.2
TR02776,C034,9780,10131,58.9
TR02776,C044,4008,4917,58.4
TR02776,C044,10892,11743,54.2
TR02777,C004,763,3024,58.0
TR02777,C008,1696,2680,81.2
TR02777,C008,5575,6457,49.8
TR02777,C009,1062,1498,62.4
TR02777,C010,152,2177,58.8
TR02777,C010,3900,5000,75.0
TR02777,C011,593,2635,88.0
TR02777,C011,5327,5848,92.3
TR02777,C015,409,5792,75.3
TR02777,C017,2994,6103,45.3
TR02777,C024,837,3236,78.1
TR02777,C024,4354,4613,59.1
TR02778,C001,867,2191,43.1
TR02778,C009,737,2126,42.4
TR02778,C019,1158,5874,69.5
TR02778,C025,0,1411,25.9
TR02778,C027,1566,2788,87.3
TR02778,C027,4251,4640,56.8
TR02778,C038,132,1213,80.4
TR02778,C038,3785,6211,41.7
TR02778,C046,379,949,64.4
TR02778,C046,2126,2363,50.5
TR02778,C046,3399,3904,43.0
TR02778,C046,5048,5944,97.9
TR02779,C002,2427,5112,63.2
TR02779,C002,11726,14979,80.7
TR02779,C027,1520,3803,94.1
TR02779,C027,9740,11091,76.9
TR02779,C045,1267,1965,32.9
TR02779,C045,8389,11743,42.4
TR02779,C050,1552,4767,75.2
TR02779,C050,9100,12275,46.0
TR02780,C007,1001,2906,93.7
TR02780,C007,9121,11833,71.0
TR02780,C009,2255,2686,58.7
TR02780,C012,402,4112,57.4
TR02780,C021,1272,13666,70.0
TR02780,C038,0,2821,73.6
TR02780,C047,1540,10655,62.9
TR02781,C013,136,3807,77.9
TR02781,C013,5448,7357,99.3
TR02781,C020,1872,4036,41.8
TR02781,C020,5154,8592,28.7
TR02781,C022,831,2080,33.5
TR02781,C022,3663,4240,37.7
TR02781,C022,6085,6898,72.8
TR02781,C033,0,4089,65.9
TR02781,C044,1031,3486,27.9
TR02782,C002,2259,4471,71.4
TR02782,C002,8537,9626,86.7
TR02782,C008,4912,6828,80.3
TR02782,C010,1333,3361,77.2
TR02782,C010,10961,11915,29.3
TR02782,C015,2567,4806,33.2
TR02782,C015,10108,12001,83.8
TR02782,C022,2086,2648,75.0
TR02782,C022,10270,12193,61.0
TR02782,C032,1694,4714,84.4
TR02782,C032,9730,11381,59.2
TR02782,C033,91,2031,39.0
TR02782,C033,4991,5272,61.1
TR02782,C033,11348,13751,38.0
TR02782,C037,5590,6301,57.0
TR02783,C010,2253,3369,41.5
TR02783,C010,6119,7699,39.8
TR02783,C025,1296,2566,77.3
TR02783,C025,6814,7061,32.1
TR02783,C033,305,8163,86.6
TR02783,C041,334,1597,89.0
TR02783,C041,2899,4392,70.4
TR02783,C041,5637,7588,69.2
TR02783,C041,8012,8564,58.3
TR02783,C042,5093,5566,59.7
TR02784,C003,1090,2270,66.4
TR02784,C007,1744,3402,31.5
TR02784,C008,2121,4419,30.8
TR02784,C008,12042,13292,71.6
TR02784,C027,4293,6794,47.2
TR02784,C027,12788,15830,76.2
TR02784,C030,7215,11049,38.3
TR02784,C037,1567,5214,57.5
TR02784,C037,12156,14722,57.4
TR02784,C050,0,1064,35.5
TR02784,C003,10352,16342,75.9
TR02785,C002,434,2352,44.5
TR02785,C002,3202,3875,51.2
TR02785,C002,5392,5809,99.7
TR02785,C002,7870,8196,84.2
TR02785,C033,0,3833,49.6
TR02785,C045,546,2042,68.4
TR02785,C045,2601,4687,83.0
TR02785,C045,5642,6479,39.1
TR02785,C045,8030,8778,44.4
TR02785,C046,612,1556,95.1
TR02785,C046,5458,8516,68.8
TR02785,C047,1550,2441,89.5
TR02785,C050,1230,2534,38.8
TR02785,C050,6741,8972,37.0
TR02786,C003,2204,10197,94.3
TR02786,C006,0,4179,68.4
TR02786,C029,307,1903,32.2
TR02786,C029,5303,6333,87.4
TR02786,C029,8446,9112,33.6
TR02786,C033,2261,5816,47.9
TR02787,C003,693,1503,40.2
TR02787,C003,4407,6871,97.3
TR02787,C004,2119,5348,97.6
TR02787,C022,1219,3707,74.9
TR02787,C025,1768,2975,33.8
TR02787,C025,4027,6508,29.6
TR02787,C035,595,2283,41.7
TR02787,C035,4496,5738,77.3
TR02787,C037,1216,3874,95.9
TR02787,C042,913,2512,56.0
TR02787,C042,4551,5182,21.1
TR02788,C006,852,1819,56.2
TR02788,C006,5223,6991,78.4
TR02788,C006,9545,11198,95.7
TR02788,C006,13206,13928,72.3
TR02788,C024,0,2648,64.8
TR02788,C025,1339,4498,81.3
TR02788,C039,1028,2748,92.6
TR02788,C039,12135,13290,57.0
TR02789,C005,2360,3918,82.8
TR02789,C006,6749,10069,48.0
TR02789,C011,2367,4830,67.0
TR02789,C011,10315,11119,46.8
TR02789,C029,5391,7533,67.6
TR02789,C039,1986,3418,42.4
TR02789,C039,14014,17913,35.2
TR02789,C040,7564,11481,34.3
TR02789,C045,0,5542,26.7
TR02790,C002,504,6846,67.1
TR02790,C010,3020,6860,59.5
TR02790,C015,2454,2945,88.4
TR02790,C026,399,1159,50.9
TR02790,C026,3617,4069,62.5
TR02790,C029,483,2028,45.8
TR02790,C029,3933,5155,26.7
TR02790,C032,1145,1357,59.7
TR02790,C032,3829,5408,70.4
TR02790,C043,1122,6750,82.3
TR02790,C046,691,3518,32.4
TR02790,C046,5270,6890,98.1
TR02791,C019,1185,2963,43.0
TR02791,C019,3428,4928,64.4
TR02791,C027,1157,2241,28.6
TR02791,C028,1234,2891,74.0
TR02791,C028,4194,6278,53.8
TR02791,C031,1433,4536,93.9
TR02792,C015,40,457,77.6
TR02792,C015,13856,14250,89.4
TR02792,C024,957,3688,49.6
TR02792,C024,13400,14807,24.8
TR02792,C027,2604,4451,97.1
TR02792,C028,0,9354,33.5
TR02792,C029,706,1219,75.7
TR02792,C029,6037,6349,52.0
TR02792,C029,10492,12893,36.2
TR02792,C029,14991,17223,77.8
TR02792,C030,1382,4099,92.6
TR02792,C030,11526,12238,51.1
TR02792,C034,3781,6004,69.9
TR02792,C034,13519,16295,53.6
TR02792,C037,1579,3201,89.2
TR02792,C037,11629,13344,66.3
TR02793,C002,2823,5688,87.5
TR02793,C002,9776,11108,23.4
TR02793,C003,0,8020,81.2
TR02793,C004,4918,6351,59.0
TR02793,C009,0,6225,33.1
TR02793,C012,84,1131,92.4
TR02793,C012,10538,11141,34.8
TR02793,C015,6515,7767,25.7
TR02793,C034,1956,14409,65.4
TR02793,C037,0,813,63.2
TR02794,C001,2555,5696,67.2
TR02794,C003,2235,4458,26.2
TR02794,C013,1639,5600,45.7
TR02794,C023,1446,2001,99.6
TR02794,C023,4697,5833,73.8
TR02794,C026,1304,1884,33.4
TR02794,C026,3335,3954,66.8
TR02794,C028,352,2694,46.8
TR02794,C028,3593,4667,39.5
TR02795,C013,3670,5701,81.3
TR02795,C013,12579,15250,42.9
TR02795,C022,3806,5449,50.1
TR02795,C022,12768,13410,89.6
TR02795,C026,1670,2783,41.4
TR02795,C026,12645,14797,44.7
TR02795,C033,0,5437,62.6
TR02795,C035,3173,4912,67.8
TR02795,C035,9984,10823,67.0
TR02796,C005,1515,3234,38.1
TR02796,C005,12211,13981,67.5
TR02796,C008,1609,2746,65.8
TR02796,C008,7378,8555,51.8
TR02796,C008,11954,14199,56.8
TR02796,C017,2278,4179,53.4
TR02796,C025,3575,6595,24.1
TR02796,C025,11408,12596,53.5
TR02796,C034,6592,8973,31.1
TR02796,C044,4387,6178,64.2
TR02796,C049,4916,7846,86.4
TR02797,C005,1710,3996,61.8
TR02797,C010,445,3475,27.2
TR02797,C015,370,1027,57.6
TR02797,C015,1870,2079,34.6
TR02797,C015,3199,3403,88.7
TR02797,C015,4447,5674,31.8
TR02797,C039,1212,2121,55.8
TR02797,C039,3584,4860,65.4
TR02797,C041,728,5624,84.2
TR02797,C048,40,4810,81.5
TR02797,C005,3566,5617,69.3
TR02798,C003,1868,16857,65.8
TR02798,C012,3829,16607,63.3
TR02798,C024,119,15270,85.7
TR02798,C027,0,6210,79.0
TR02798,C032,3111,4317,43.7
TR02798,C032,14925,17769,32.5
TR02798,C038,1952,3032,63.0
TR02798,C038,12801,14208,75.3
TR02798,C044,2666,4916,82.0
TR02798,C046,49,2524,66.3
TR02799,C015,1036,2564,43.5
TR02799,C015,4358,6235,44.0
TR02799,C028,3018,4243,48.8
TR02799,C029,831,3518,56.0
TR02799,C029,5427,6777,88.1
TR02799,C046,510,3152,60.6
TR02799,C046,3866,4218,96.9
TR02800,C006,3573,6846,91.0
TR02800,C009,128,1454,42.9
TR02800,C039,646,4062,26.6
TR02800,C039,9648,10214,60.3
TR02800,C040,3582,5395,25.1
TR02800,C050,3065,6377,70.7
TR02800,C050,8751,9343,70.7
TR02801,C007,822,3717,28.3
TR02801,C007,11662,13939,92.9
TR02801,C011,2367,6316,22.6
TR02801,C011,11028,14785,40.1
TR02801,C014,8168,9762,23.2
TR02801,C028,0,6083,89.4
TR02801,C040,1150,3892,57.3
TR02801,C040,10714,11182,22.5
TR02802,C006,1819,13652,81.7
TR02802,C027,2904,5526,62.5
TR02802,C028,31,822,89.0
TR02802,C028,10414,13179,57.8
TR02802,C043,928,15580,77.3
TR02802,C047,0,2869,74.1
TR02803,C017,2255,2694,22.8
TR02803,C017,6606,8459,33.9
TR02803,C024,2373,4749,66.8
TR02803,C025,1914,2551,47.4
TR02803,C025,6584,9930,83.7
TR02803,C043,4138,4647,71.3
TR02804,C004,1745,4272,38.7
TR02804,C006,1069,4053,59.9
TR02804,C014,62,855,98.3
TR02804,C020,0,1955,51.8
TR02804,C027,0,5443,70.1
TR02804,C041,3602,5730,51.2
TR02804,C041,8476,8763,74.7
TR02804,C044,760,3081,59.4
TR02804,C044,8222,10267,71.4
TR02804,C048,2400,4430,60.2
TR02804,C048,8306,9232,86.2
TR02805,C001,2476,6067,35.5
TR02805,C006,459,2546,78.4
TR02805,C006,5298,6196,65.0
TR02805,C026,1039,7239,91.6
TR02805,C035,1226,2504,75.8
TR02805,C035,4727,5680,98.2
TR02805,C048,1405,2536,90.7
TR02805,C048,5153,7035,94.3
TR02806,C005,9141,11344,52.5
TR02806,C010,3608,6783,97.1
TR02806,C010,11797,12035,82.7
TR02806,C029,770,3391,28.7
TR02806,C029,13116,16126,50.9
TR02806,C033,1881,3280,37.1
TR02806,C033,12026,12279,36.5
TR02806,C045,1583,3136,63.4
TR02807,C004,920,1782,44.2
TR02807,C004,8996,10799,53.5
TR02807,C007,693,4344,61.8
TR02807,C007,8735,9886,71.1
TR02807,C011,2338,13860,82.7
TR02807,C019,6519,9574,94.0
TR02807,C050,2781,12488,68.3
TR02808,C001,3179,5933,37.6
TR02808,C006,11,1270,50.0
TR02808,C012,1127,7357,80.2
TR02808,C017,1387,4163,42.8
TR02808,C024,968,2182,90.2
TR02808,C001,4704,7008,87.7
TR02809,C012,8839,12495,93.0
TR02809,C015,0,6920,60.3
TR02809,C021,4349,6541,22.8
TR02809,C021,9365,9760,80.7
TR02809,C022,7984,10308,22.1
TR02809,C048,898,14387,60.2
TR02809,C049,377,2354,97.9
TR02809,C049,6345,7880,49.9
TR02809,C049,13907,15976,34.7
TR02810,C005,696,10575,74.8
TR02810,C009,1933,4225,28.4
TR02810,C024,693,9800,86.4
TR02810,C031,2217,3450,49.6
TR02810,C031,7885,11685,43.9
TR02810,C032,2080,5051,59.2
TR02810,C032,7571,10708,84.5
TR02810,C039,841,4176,91.9
TR02810,C044,832,3093,56.9
TR02810,C044,8996,10821,52.1
TR02810,C046,1032,1697,52.8
TR02810,C046,4174,6019,58.1
TR02810,C046,8772,9831,74.8
TR02811,C002,1156,3817,40.4
TR02811,C025,4885,6799,55.2
TR02811,C027,2010,8073,63.3
TR02811,C031,4397,5306,35.6
TR02811,C032,1328,8070,72.1
TR02811,C039,871,3011,85.9
TR02811,C039,5452,7626,43.3
TR02811,C042,868,3614,91.9
TR02811,C042,5193,6394,31.3
TR02812,C003,1801,3078,54.2
TR02812,C003,10654,12324,63.7
TR02812,C007,7460,9656,61.9
TR02812,C017,871,2278,56.6
TR02812,C030,4608,6233,77.6
TR02812,C032,1832,3023,67.6
TR02812,C032,9970,11822,30.0
TR02812,C040,933,2788,86.3
TR02812,C044,2093,4085,36.8
TR02812,C046,160,2220,36.8
TR02812,C046,5548,6626,51.1
TR02812,C046,12143,13947,97.8
TR02813,C008,83,1891,74.4
TR02813,C011,3727,5250,79.6
TR02813,C024,4519,7399,23.9
TR02813,C037,2259,4519,54.5
TR02813,C037,7519,8517,45.3
TR02814,C005,1016,3026,55.4
TR02814,C005,4485,6524,52.1
TR02814,C005,9976,11849,75.9
TR02814,C012,1440,5283,74.2
TR02814,C017,3306,3930,25.2
TR02814,C017,7072,9362,29.2
TR02814,C021,1217,3294,57.2
TR02814,C022,1116,12138,75.2
TR02814,C026,1234,5151,62.6
TR02814,C026,7825,9276,67.0
TR02814,C031,1930,10846,65.5
TR02815,C015,852,2330,62.6
TR02815,C015,6674,9485,29.0
TR02815,C026,2075,5009,36.3
TR02815,C026,6093,8665,72.3
TR02815,C029,630,4098,35.9
TR02815,C029,5387,6824,72.5
TR02815,C030,956,2757,76.7
TR02815,C015,3723,6762,65.9
TR02816,C016,1615,2651,90.7
TR02816,C016,12476,12906,42.5
TR02816,C019,5589,6884,35.3
TR02816,C021,3734,5421,27.9
TR02816,C042,0,2327,51.4
TR02816,C048,6002,9948,89.5
TR02817,C010,2937,4670,56.7
TR02817,C019,275,8200,65.0
TR02817,C023,1195,1764,81.3
TR02817,C023,4898,6599,95.4
TR02817,C025,1755,5337,26.5
TR02817,C034,1268,3032,98.5
TR02817,C034,4602,5822,59.3
TR02817,C035,499,4210,51.8
TR02818,C008,4033,6689,38.1
TR02818,C013,1389,3106,96.7
TR02818,C021,1340,3011,42.9
TR02818,C021,7605,8232,40.0
TR02818,C032,472,4282,83.1
TR02818,C032,9721,12835,79.3
TR02818,C033,1993,3439,24.6
TR02818,C034,7234,7687,97.7
TR02818,C042,899,1612,68.6
TR02818,C042,6205,7194,31.8
TR02818,C042,10564,13013,51.2
TR02818,C046,2371,5354,65.1
TR02818,C046,10044,13920,25.0
TR02819,C009,509,809,29.9
TR02819,C009,3745,5027,84.9
TR02819,C012,60,2387,43.3
TR02819,C012,3923,4423,99.2
TR02819,C017,257,1561,31.6
TR02819,C017,2860,3626,90.5
TR02819,C020,531,2565,69.2
TR02819,C020,3416,5275,76.3
TR02819,C023,1265,1601,32.2
TR02819,C023,2802,3504,63.8
TR02819,C037,157,1032,58.1
TR02819,C037,3638,3885,62.9
TR02819,C041,253,607,89.8
TR02819,C041,1619,2519,90.8
TR02819,C041,2807,3955,38.5
TR02819,C041,4410,5574,64.5
TR02819,C044,1260,4192,48.4
TR02820,C012,3377,7035,80.3
TR02820,C012,11268,14306,28.7
TR02820,C014,1572,13200,66.4
TR02820,C018,2325,13805,71.6
TR02820,C028,3076,3685,37.7
TR02820,C028,12197,14239,50.3
TR02821,C009,695,2323,79.0
TR02821,C009,11397,11892,90.6
TR02821,C014,2292,3815,69.5
TR02821,C014,13949,16082,79.1
TR02821,C020,5932,6180,92.2
TR02821,C024,3361,7059,43.7
TR02821,C036,1043,1263,91.7
TR02821,C036,5313,7218,85.6
TR02821,C036,10538,11607,38.3
TR02821,C036,14391,15053,44.3
TR02821,C038,4155,7412,46.1
TR02821,C038,11568,14828,78.6
TR02821,C046,981,3238,44.0
TR02821,C046,9656,11950,73.3
TR02821,C048,2269,3248,65.8
TR02822,C004,2066,3157,80.6
TR02822,C004,5158,6517,96.1
TR02822,C005,1339,3277,85.1
TR02822,C005,5228,7437,76.0
TR02822,C006,37,8124,72.3
TR02822,C011,10,1015,39.4
TR02822,C016,145,635,77.7
TR02822,C016,2792,3700,50.4
TR02822,C016,4875,5978,44.2
TR02822,C016,6854,7084,76.9
TR02822,C019,0,1127,40.3
TR02823,C008,1994,4627,48.5
TR02823,C031,2092,4495,34.1
TR02823,C034,1000,4961,69.9
TR02823,C035,498,4229,72.7
TR02823,C050,563,4472,66.4
TR02824,C005,1015,1528,74.8
TR02824,C005,10106,11692,31.2
TR02824,C009,203,2105,22.5
TR02824,C009,9775,11238,33.3
TR02824,C013,2247,13601,92.3
TR02824,C030,1985,3483,39.6
TR02824,C030,8130,10269,54.1
TR02824,C034,18,1281,57.2
TR02824,C034,8847,11111,60.9
TR02825,C006,1585,5506,88.3
TR02825,C033,297,2130,56.4
TR02825,C033,4968,6335,42.1
TR02825,C035,268,2807,98.9
TR02825,C035,5243,6353,27.7
TR02825,C042,471,1597,28.3
TR02825,C042,3788,4021,50.1
TR02825,C044,978,2091,31.6
TR02825,C044,4355,7301,93.3
TR02825,C047,1248,2088,94.9
TR02826,C003,2489,4154,23.0
TR02826,C003,8429,10958,49.7
TR02826,C014,326,9351,84.3
TR02826,C016,640,11510,63.1
TR02826,C021,0,2888,63.8
TR02826,C028,815,1411,97.6
TR02826,C028,4900,6805,83.1
TR02826,C028,7738,9259,33.2
TR02826,C037,0,2346,57.4
TR02826,C050,1167,3289,42.8
TR02826,C050,5965,7372,97.6
TR02827,C011,1645,4979,50.6
TR02827,C011,7959,11038,76.6
TR02827,C012,2418,3785,47.6
TR02827,C012,7208,9411,80.0
TR02827,C028,1295,2017,94.5
TR02827,C028,6083,7368,51.0
TR02827,C030,2096,4977,34.2
TR02827,C030,7692,8320,68.7
TR02827,C035,1084,2199,89.0
TR02827,C035,6127,8579,75.9
TR02827,C036,2479,4550,46.3
TR02828,C012,661,1922,74.6
TR02828,C012,4991,6079,69.8
TR02828,C012,10321,12758,79.0
TR02828,C012,14020,14336,86.7
TR02828,C017,771,2641,45.7
TR02828,C018,39,1879,79.8
TR02828,C018,10185,11374,60.6
TR02828,C038,0,8644,28.1
TR02828,C017,7398,13992,73.5
TR02829,C005,1861,3071,29.1
TR02829,C005,5968,8629,36.4
TR02829,C013,1198,2450,83.5
TR02829,C013,4994,8787,76.7
TR02829,C017,1918,3843,57.7
TR02829,C017,5732,8212,64.9
TR02829,C040,1489,7388,90.9
TR02829,C044,627,3453,21.9
TR02829,C044,4965,7686,38.3
TR02829,C046,2742,5578,72.2
TR02829,C050,415,1517,54.9
TR02829,C050,2526,3612,59.0
TR02829,C050,5421,6985,62.3
TR02829,C050,7288,7881,77.5
TR02830,C003,2478,5232,63.1
TR02830,C003,8850,12345,70.6
TR02830,C010,893,1910,65.5
TR02830,C010,4329,6034,79.7
TR02830,C010,8031,8909,89.2
TR02830,C010,11179,11908,90.9
TR02830,C027,5812,6730,54.8
TR02830,C033,605,12245,80.0
TR02830,C038,1107,3180,82.8
TR02830,C038,9839,12150,88.0
TR02830,C047,1080,3438,56.9
TR02830,C047,4174,4519,86.6
TR02830,C047,7716,10209,59.3
TR02830,C047,11249,13200,54.9
TR02831,C020,112,8607,87.7
TR02831,C025,2029,4851,25.7
TR02831,C025,6731,9015,30.3
TR02831,C026,2002,2786,70.6
TR02831,C026,6412,8016,84.3
TR02831,C047,2382,3924,53.5
TR02831,C048,1341,5069,79.9
TR02832,C006,0,2632,81.4
TR02832,C008,989,2133,49.8
TR02832,C008,5043,8666,67.5
TR02832,C012,0,2121,83.2
TR02832,C033,1713,4595,23.0
TR02833,C003,3849,6138,45.0
TR02833,C004,275,1969,21.3
TR02833,C004,5306,6513,91.0
TR02833,C012,1117,9164,64.2
TR02833,C036,294,2738,84.8
TR02833,C036,6275,7593,41.7
TR02833,C042,1785,4194,23.4
TR02833,C043,1523,2438,71.9
TR02833,C043,6532,7649,80.9
TR02833,C046,288,908,33.5
TR02833,C046,3087,3818,66.7
TR02833,C046,5269,6838,79.8
TR02833,C046,7593,8506,47.5
TR02833,C048,608,3169,25.7
TR02833,C048,5935,8917,44.3
TR02834,C011,3390,4225,85.0
TR02834,C011,10001,13848,45.4
TR02834,C020,455,1806,40.2
TR02834,C020,8947,9557,76.8
TR02834,C034,683,3252,92.8
TR02834,C034,9500,12821,32.3
TR02834,C049,0,4891,47.2
TR02835,C007,1512,2668,88.0
TR02835,C013,1485,1915,57.0
TR02835,C018,509,771,47.1
TR02835,C018,1806,3258,52.1
TR02835,C018,3510,3941,35.7
TR02835,C018,5301,6239,54.8
TR02835,C019,840,2437,95.6
TR02835,C034,1015,1344,69.7
TR02835,C034,4541,6263,68.6
TR02835,C007,812,2543,65.9
TR02836,C009,6226,10064,96.1
TR02836,C012,457,17687,97.0
TR02836,C017,2718,3610,66.7
TR02836,C017,11134,12877,70.7
TR02836,C018,2452,5727,43.3
TR02836,C018,10495,11409,92.7
TR02836,C026,793,2570,91.4
TR02836,C026,12456,15865,32.2
TR02836,C031,188,934,49.9
TR02836,C031,12859,16436,66.3
TR02836,C044,0,5950,89.3
TR02836,C045,356,17458,67.9
TR02837,C001,703,1067,38.2
TR02837,C001,3544,3976,77.2
TR02837,C018,1204,2195,93.9
TR02837,C018,3274,4481,60.1
TR02837,C021,722,4886,96.1
TR02837,C022,2151,3535,85.7
TR02837,C024,11,530,99.4
TR02837,C024,1891,2534,40.5
TR02837,C024,3736,4111,43.4
TR02837,C033,480,1161,66.2
TR02837,C033,2613,4819,70.6
TR02837,C046,797,1513,66.2
TR02837,C046,3777,4579,27.5
TR02837,C048,390,2376,71.6
TR02837,C048,3332,4246,99.9
TR02838,C011,1524,7909,89.2
TR02838,C015,819,3458,30.6
TR02838,C015,5893,7426,73.2
TR02838,C026,1127,8670,98.1
TR02838,C037,2442,2795,86.5
TR02838,C037,6775,9749,42.6
TR02838,C047,640,2158,51.3
TR02838,C047,2568,3457,42.1
TR02838,C047,5070,6644,35.5
TR02838,C047,7657,8785,92.1
TR02839,C003,4219,4961,58.6
TR02839,C012,0,571,79.0
TR02839,C015,1258,4001,97.9
TR02839,C015,6051,8373,72.2
TR02839,C027,3739,7352,85.8
TR02839,C033,1716,2532,24.4
TR02839,C048,47,8415,68.6
TR02840,C005,3781,5259,80.3
TR02840,C027,2801,3719,40.3
TR02840,C027,10427,14207,43.9
TR02840,C041,2267,5238,58.8
TR02840,C042,3485,7119,33.0
TR02840,C042,9261,11221,41.3
TR02840,C044,7022,10501,83.8
TR02840,C046,4648,6944,46.5
TR02840,C050,493,2439,90.0
TR02841,C009,0,2022,74.7
TR02841,C016,6097,7892,81.4
TR02841,C020,2716,5211,94.8
TR02841,C021,2023,4363,53.8
TR02841,C021,12107,14223,84.6
TR02841,C032,4624,6823,64.5
TR02841,C032,9711,10030,82.3
TR02841,C034,1768,3363,69.4
TR02841,C034,9593,10294,21.6
TR02841,C046,6927,7375,73.5
TR02842,C002,4038,4436,26.5
TR02842,C002,11251,13924,28.4
TR02842,C010,3409,7043,68.2
TR02842,C015,3343,16195,61.3
TR02842,C026,7824,9764,32.4
TR02842,C032,4423,6620,38.9
TR02842,C044,3344,7085,34.7
TR02842,C044,11107,11688,83.8
TR02843,C010,244,8546,78.8
TR02843,C018,198,2314,66.0
TR02843,C018,6369,7975,53.4
TR02843,C020,990,4459,82.6
TR02843,C021,204,1591,44.2
TR02843,C021,8040,10760,62.9
TR02843,C033,1808,8305,88.5
TR02843,C035,31,2678,72.4
TR02843,C035,6244,8461,88.9
TR02843,C039,346,9476,95.8
TR02843,C048,3376,5467,86.0
TR02844,C002,2153,12074,80.1
TR02844,C005,1218,1475,24.1
TR02844,C005,7772,11336,27.9
TR02844,C041,1324,4338,39.8
TR02844,C041,9388,10887,72.9
TR02844,C042,1875,4894,53.4
TR02844,C042,8187,10343,97.3
TR02845,C010,73,482,24.8
TR02845,C016,0,730,72.5
TR02845,C017,3931,4474,78.3
TR02845,C017,10811,13770,96.8
TR02845,C020,3598,7536,89.0
TR02845,C046,180,466,59.8
TR02845,C046,8839,9817,92.0
TR02846,C002,1649,4333,54.8
TR02846,C004,985,3099,43.8
TR02846,C004,4238,5276,63.0
TR02846,C007,1223,2259,38.3
TR02846,C007,4513,5500,38.3
TR02846,C014,288,898,38.1
TR02846,C014,1729,2996,38.2
TR02846,C014,3673,4174,89.8
TR02846,C014,5125,6303,79.0
TR02846,C018,882,1309,32.6
TR02846,C018,4412,4921,46.4
TR02846,C040,1422,3135,99.6
TR02846,C040,3533,4273,40.7
TR02847,C014,1470,2314,26.2
TR02847,C014,5319,6125,60.9
TR02847,C015,649,1086,38.1
TR02847,C015,4896,5704,66.2
TR02847,C023,1154,2436,57.8
TR02847,C023,5392,5855,89.0
TR02847,C025,1193,2682,96.8
TR02847,C025,4861,5523,75.3
TR02847,C032,2485,4984,86.5
TR02847,C042,1051,2973,43.9
TR02847,C042,5078,5907,78.8
TR02848,C015,36,566,80.8
TR02848,C015,4894,6162,73.9
TR02848,C016,2103,5263,36.5
TR02848,C022,1356,2536,85.4
TR02848,C049,1456,2175,39.7
TR02848,C049,5260,6999,91.4
TR02848,C050,296,1409,32.5
TR02848,C050,4992,5371,21.0
TR02849,C001,1839,4429,71.5
TR02849,C001,5970,6897,47.9
TR02849,C007,631,2563,25.5
TR02849,C007,5727,8702,26.0
TR02849,C009,990,8345,76.2
TR02849,C010,1432,6958,89.4
TR02849,C022,419,954,91.1
TR02849,C022,2492,3298,41.4
TR02849,C022,5022,5781,69.9
TR02849,C022,7414,7617,36.5
TR02849,C024,0,2005,29.7
TR02849,C026,66,1476,67.4
TR02849,C046,2035,2285,82.3
TR02850,C002,766,4528,60.8
TR02850,C009,0,1257,58.4
TR02850,C019,43,5413,80.1
TR02850,C026,0,1631,67.9
TR02850,C027,2507,4709,64.3
TR02850,C032,1724,2143,76.9
TR02850,C033,475,2443,51.4
TR02850,C033,2876,4942,34.3
TR02850,C045,549,1731,67.2
TR02850,C045,3041,3630,41.3
TR02851,C002,2476,3443,41.6
TR02851,C002,8787,11172,48.1
TR02851,C004,2093,5604,67.0
TR02851,C004,9592,10582,45.2
TR02851,C011,222,973,99.5
TR02851,C011,10514,10873,34.9
TR02851,C025,509,2891,37.8
TR02851,C025,11569,14201,86.6
TR02851,C033,1113,15331,94.6
TR02851,C039,7699,8353,82.2
TR02851,C042,2555,4771,29.7
TR02851,C042,9729,11713,93.5
TR02851,C049,642,2013,54.0
TR02851,C049,11353,11731,36.2
TR02852,C002,731,1588,36.8
TR02852,C002,6784,8566,56.0
TR02852,C002,11590,12013,59.2
TR02852,C012,0,4517,67.3
TR02852,C030,1059,3407,91.7
TR02852,C030,6938,8976,50.6
TR02852,C030,12331,14062,80.4
TR02852,C037,0,1135,30.2
TR02852,C038,2756,3626,91.0
TR02853,C001,512,11077,72.2
TR02853,C005,2316,3283,76.5
TR02853,C010,825,1162,43.0
TR02853,C010,4909,6944,45.4
TR02853,C010,9888,12371,65.5
TR02853,C027,2021,5215,23.6
TR02853,C027,9176,9583,73.5
TR02853,C039,819,14434,75.0
TR02853,C044,473,3003,37.6
TR02853,C044,8492,10886,28.8
TR02854,C008,8029,11460,56.4
TR02854,C011,965,4829,38.9
TR02854,C011,10957,12074,81.7
TR02854,C028,2170,6156,57.5
TR02854,C028,13394,15632,63.2
TR02854,C029,6801,8353,69.9
TR02854,C050,1255,2984,70.7
TR02854,C050,8176,10052,84.6
TR02854,C050,13868,14833,97.2
TR02855,C008,1419,4865,73.4
TR02855,C013,527,6144,84.5
TR02855,C016,2370,5496,98.3
TR02855,C021,1472,1686,48.4
TR02855,C021,4139,6912,21.0
TR02855,C030,1440,7712,82.0
TR02855,C041,1822,2485,75.6
TR02855,C041,5856,7152,25.6
TR02855,C042,1244,2584,35.4
TR02855,C048,1830,4493,52.9
TR02856,C010,4180,7271,24.5
TR02856,C012,2874,4208,49.6
TR02856,C012,8963,11643,97.7
TR02856,C013,512,2462,96.1
TR02856,C013,9321,11131,32.9
TR02856,C028,4487,6746,68.2
TR02856,C042,2579,4645,50.0
TR02857,C011,0,3031,36.9
TR02857,C015,0,2360,72.8
TR02857,C017,65,7616,62.8
TR02857,C018,816,2739,52.2
TR02857,C018,4076,7388,89.2
TR02857,C045,3564,5881,81.8
TR02857,C049,975,1435,63.0
TR02857,C049,4904,7260,57.2
TR02858,C009,0,4290,52.4
TR02858,C025,1969,5246,31.6
TR02858,C025,10659,11733,76.5
TR02858,C029,2968,16158,89.8
TR02858,C033,2761,3682,23.5
TR02858,C042,1790,4588,74.8
TR02859,C002,4842,8787,87.1
TR02859,C007,3946,7330,48.4
TR02859,C011,1727,2812,30.4
TR02859,C011,6162,7164,43.4
TR02859,C036,385,1356,32.6
TR02859,C036,4079,5861,37.9
TR02859,C036,6715,7010,47.3
TR02860,C001,0,9278,89.6
TR02860,C010,2459,2826,73.3
TR02860,C010,12251,13956,83.8
TR02860,C026,3895,6162,85.6
TR02860,C026,13839,17781,76.3
TR02860,C028,4133,6028,22.5
TR02860,C028,14358,14801,50.9
TR02860,C036,3544,7522,85.0
TR02860,C038,2495,4286,56.2
TR02860,C038,13301,14613,69.6
TR02860,C039,3048,5608,95.7
TR02860,C039,11655,15422,44.3
TR02860,C045,765,3127,95.9
TR02860,C045,8803,11124,55.8
TR02860,C045,14520,15258,53.1
TR02861,C001,359,1304,46.6
TR02861,C001,5136,6924,45.1
TR02861,C009,2158,2551,69.2
TR02861,C009,6411,9760,45.2
TR02861,C025,444,2279,91.0
TR02861,C025,5697,7104,47.3
TR02861,C048,3911,4623,34.2
TR02862,C003,2571,4283,26.0
TR02862,C003,6076,9244,82.1
TR02862,C020,951,2587,58.1
TR02862,C020,3724,6099,88.4
TR02862,C020,7955,9706,44.1
TR02862,C037,2267,4918,50.9
TR02862,C037,6763,9826,23.2
TR02862,C040,0,2474,29.5
TR02862,C044,0,2318,86.5
TR02862,C050,3720,5926,47.5
TR02863,C002,612,1079,82.2
TR02863,C002,9653,10146,44.9
TR02863,C004,0,3833,39.3
TR02863,C006,7680,8093,60.7
TR02863,C030,768,2242,77.3
TR02863,C030,4199,4900,68.5
TR02863,C030,8171,8643,87.5
TR02863,C030,12806,14291,41.5
TR02863,C006,8063,15893,61.8
TR02864,C013,1426,5056,66.5
TR02864,C013,12974,16429,74.8
TR02864,C015,3946,7254,41.9
TR02864,C015,9708,10692,59.4
TR02864,C019,1662,15948,90.1
TR02864,C026,925,2119,67.8
TR02864,C026,4957,6899,38.9
TR02864,C026,9975,11860,98.1
TR02864,C026,14366,15520,60.4
TR02864,C031,315,2309,93.9
TR02864,C037,910,2352,51.4
TR02864,C037,9715,11265,68.5
TR02864,C046,410,15231,93.4
TR02864,C047,6610,7655,52.7
TR02865,C014,1511,4559,24.0
TR02865,C014,5687,8786,81.8
TR02865,C018,1457,8983,72.4
TR02865,C029,3522,6986,73.6
TR02865,C036,1842,2549,48.3
TR02865,C036,7043,9189,67.4
TR02865,C040,892,1803,72.6
TR02865,C040,3562,5538,52.8
TR02865,C040,6911,8065,68.5
TR02866,C004,1293,1493,37.0
TR02866,C004,7170,9049,70.4
TR02866,C017,735,3182,82.6
TR02866,C017,7134,9962,53.8
TR02866,C021,508,1751,73.3
TR02866,C028,3531,4470,72.3
TR02866,C044,367,2535,87.8
TR02866,C044,7091,7548,26.1
TR02866,C050,2535,4744,89.8
TR02867,C006,3496,7238,45.6
TR02867,C023,1069,3001,78.4
TR02867,C030,1195,2230,68.6
TR02867,C030,4166,6093,72.4
TR02867,C033,3297,6026,49.3
TR02867,C037,1916,5583,53.5
TR02868,C002,374,9470,73.0
TR02868,C010,936,1918,62.1
TR02868,C010,3462,3747,41.4
TR02868,C010,6259,8476,97.1
TR02868,C010,8994,10829,60.1
TR02868,C021,1058,2972,45.5
TR02868,C021,8289,8544,65.9
TR02868,C033,2628,3150,63.4
TR02868,C033,8276,11066,69.5
TR02868,C040,189,2144,71.0
TR02868,C040,6123,6614,78.7
TR02868,C050,2932,6787,39.3
TR02869,C011,2170,3393,23.2
TR02869,C011,8559,11332,80.3
TR02869,C017,30,2650,94.9
TR02869,C030,1428,3972,85.5
TR02869,C030,7102,8860,41.3
TR02869,C042,1488,3829,85.3
TR02869,C042,9103,10941,64.4
TR02870,C004,7058,9154,88.6
TR02870,C020,44,15429,83.0
TR02870,C027,1198,5088,28.1
TR02870,C036,3681,7291,94.8
TR02870,C036,11841,15792,69.5
TR02870,C037,571,2145,47.8
TR02870,C037,9786,13273,28.9
TR02870,C038,5567,7815,82.1
TR02870,C049,42,309,53.4
TR02870,C049,10930,12423,42.9
TR02871,C002,5727,9474,37.3
TR02871,C008,1989,2738,54.0
TR02871,C008,9333,12318,63.2
TR02871,C020,1179,2396,87.5
TR02871,C020,7962,9913,61.2
TR02871,C031,906,4644,57.9
TR02871,C043,1446,4745,44.3
TR02871,C043,7439,10570,65.4
TR02871,C046,3271,3786,60.7
TR02871,C046,8416,9472,56.9
TR02871,C048,0,5669,61.4
TR02872,C013,479,1881,33.0
TR02872,C015,3012,4844,70.2
TR02872,C015,7370,8532,81.0
TR02872,C026,1067,1872,90.0
TR02872,C026,3567,4532,84.3
TR02872,C026,7117,8232,86.7
TR02872,C026,11324,12316,55.2
TR02872,C027,663,2673,97.1
TR02872,C027,6870,9908,42.6
TR02872,C034,2557,4019,31.6
TR02872,C036,3661,6996,72.2
TR02872,C043,1557,10572,79.0
TR02873,C009,0,3376,66.2
TR02873,C010,557,4280,71.8
TR02873,C010,11676,12155,26.5
TR02873,C012,1728,2918,55.9
TR02873,C012,11208,12301,72.4
TR02873,C038,1856,15942,69.5
TR02874,C004,741,4735,77.1
TR02874,C004,6005,8196,57.7
TR02874,C008,1806,5202,77.5
TR02874,C008,6951,10156,80.6
TR02874,C012,1041,2250,69.7
TR02874,C012,4035,4437,74.1
TR02874,C012,8447,8960,44.6
TR02874,C014,526,10720,83.4
TR02874,C015,3483,6720,21.9
TR02874,C018,2989,3689,48.6
TR02874,C019,479,1501,38.5
TR02874,C019,3887,6300,88.7
TR02874,C019,8171,8617,46.4
TR02874,C041,919,2124,56.1
TR02874,C041,6268,8675,32.6
TR02875,C016,13,6129,73.0
TR02875,C020,479,5375,86.0
TR02875,C041,158,1743,75.4
TR02875,C041,4133,4805,51.1
TR02875,C043,2054,3330,58.4
TR02875,C049,875,3331,59.4
TR02876,C006,700,2897,21.4
TR02876,C006,4650,6219,23.4
TR02876,C039,491,5807,77.0
TR02876,C043,2497,4341,59.8
TR02876,C049,1467,2332,92.7
TR02877,C008,8539,9822,63.4
TR02877,C011,4423,5353,29.4
TR02877,C013,1917,16765,91.3
TR02877,C017,9213,12378,99.1
TR02877,C020,5505,7766,54.6
TR02877,C025,3023,4481,81.9
TR02877,C029,2426,5976,24.2
TR02877,C029,9806,11880,34.9
TR02878,C009,995,1455,69.8
TR02878,C021,345,968,64.4
TR02878,C021,2125,3121,30.0
TR02878,C021,3844,4538,87.2
TR02878,C032,1401,3779,26.8
TR02878,C034,413,688,94.6
TR02878,C034,3778,4332,54.3
TR02878,C044,468,1532,34.6
TR02878,C044,3029,3346,59.8
TR02878,C045,1219,1536,66.1
TR02878,C045,3668,4223,56.5
TR02878,C046,556,4429,82.5
TR02879,C013,1202,4858,23.0
TR02879,C014,415,1220,83.2
TR02879,C014,3953,4779,61.8
TR02879,C014,7912,9816,54.1
TR02879,C021,1057,2320,82.3
TR02879,C021,4107,6088,99.2
TR02879,C021,7531,9240,69.7
TR02879,C027,798,2703,47.1
TR02879,C034,4162,5670,65.1
TR02879,C043,607,4578,69.0
TR02880,C018,1543,3677,90.3
TR02880,C018,5306,6386,82.2
TR02880,C019,1158,4340,27.8
TR02880,C019,4926,7528,33.3
TR02880,C036,622,4042,60.8
TR02880,C036,6305,6591,21.1
TR02880,C044,3437,5415,23.8
TR02880,C019,0,3364,81.8
TR02881,C002,4709,6983,30.4
TR02881,C007,408,2697,32.7
TR02881,C007,4087,4437,64.6
TR02881,C007,7065,8583,74.2
TR02881,C010,1101,1920,25.9
TR02881,C032,0,4755,30.3
TR02881,C041,453,4072,25.6
TR02881,C041,5664,7424,35.1
TR02881,C042,365,1171,85.8
TR02881,C042,6873,8452,29.0
TR02881,C047,1159,7664,73.1
TR02882,C008,3479,6686,77.7
TR02882,C008,11722,14323,89.2
TR02882,C020,4837,5518,93.0
TR02882,C020,12716,14963,43.2
TR02882,C041,978,4499,26.5
TR02882,C041,11708,15433,77.7
TR02882,C044,4125,4769,89.5
TR02882,C044,13343,17039,98.2
TR02883,C010,4573,8444,37.8
TR02883,C010,11732,12288,88.5
TR02883,C019,1094,3244,46.4
TR02883,C019,11694,15403,43.9
TR02883,C020,5299,9034,71.4
TR02883,C034,5881,9554,71.3
TR02883,C035,0,8844,89.3
TR02883,C040,4702,8080,99.2
TR02883,C042,2062,4888,64.4
TR02884,C042,933,2160,53.4
TR02884,C042,7777,9033,94.9
TR02884,C042,12657,13695,36.6
TR02884,C044,380,1658,85.5
TR02884,C044,8300,10546,33.2
TR02884,C044,13064,14524,58.8
TR02884,C045,2784,3531,84.1
TR02884,C045,11839,15582,67.4
TR02884,C049,2075,5337,28.1
TR02884,C049,10104,13797,39.8
TR02885,C006,338,1466,41.9
TR02885,C006,7641,9591,34.2
TR02885,C010,2084,4953,56.8
TR02885,C010,10701,12819,50.6
TR02885,C023,3514,4467,23.6
TR02885,C023,8634,12403,39.7
TR02885,C027,1352,3365,91.3
TR02885,C027,7326,7534,30.1
TR02885,C028,1426,5317,75.5
TR02885,C028,7504,8329,46.3
TR02885,C029,2604,12831,93.3
TR02885,C034,2977,3883,64.9
TR02885,C034,8401,8881,33.0
TR02885,C044,1570,2031,25.1
TR02886,C007,420,1236,51.6
TR02886,C007,7202,11180,20.3
TR02886,C009,281,10102,74.1
TR02886,C014,1036,3799,48.7
TR02886,C014,8211,10261,35.4
TR02886,C025,2200,5357,38.0
TR02886,C035,3585,4597,59.2
TR02886,C042,0,2675,26.1
TR02887,C003,1057,1972,85.6
TR02887,C003,5079,7222,33.6
TR02887,C003,10480,12345,61.4
TR02887,C006,2219,2898,33.3
TR02887,C006,7338,9876,82.6
TR02887,C009,2034,12123,64.3
TR02887,C030,1979,2470,32.6
TR02887,C030,10181,13613,78.8
TR02887,C046,1548,5040,56.9
TR02887,C046,9785,10589,92.0
TR02887,C049,3158,4259,40.7
TR02887,C049,8596,10005,30.6
TR02888,C003,244,2181,93.7
TR02888,C003,6102,6511,86.6
TR02888,C014,896,1573,59.8
TR02888,C014,5114,6958,78.4
TR02888,C036,1342,1798,58.8
TR02888,C040,3835,7155,45.9
TR02889,C004,1823,2272,66.4
TR02889,C004,13801,16862,29.3
TR02889,C007,2592,4877,83.1
TR02889,C007,10363,11576,66.4
TR02889,C009,1252,1587,62.5
TR02889,C009,12860,16498,38.4
TR02889,C011,3187,14759,98.4
TR02889,C028,139,625,82.6
TR02889,C028,11148,14062,67.8
TR02889,C034,0,2001,38.5
TR02889,C038,5824,7223,82.4
TR02889,C040,1984,2919,80.2
TR02889,C040,13636,14150,59.8
TR02890,C005,697,2356,56.0
TR02890,C005,5344,7755,53.9
TR02890,C005,8448,8925,70.1
TR02890,C007,830,4353,88.5
TR02890,C007,9247,10763,51.4
TR02890,C022,2425,3872,61.7
TR02890,C022,7600,11148,55.7
TR02890,C026,629,2083,42.9
TR02890,C034,1032,3193,45.2
TR02890,C034,7717,9995,80.3
TR02890,C039,1366,2246,42.6
TR02890,C039,8588,9586,98.0
TR02891,C014,202,1170,67.5
TR02891,C014,5264,5770,36.3
TR02891,C014,8924,9211,96.2
TR02891,C019,4136,4445,95.5
TR02891,C022,830,11278,86.6
TR02891,C023,1843,5777,93.4
TR02891,C023,8207,10105,33.8
TR02891,C024,2540,2810,98.4
TR02891,C024,6666,7609,89.4
TR02891,C033,75,2556,74.6
TR02891,C033,9241,12649,62.6
TR02891,C045,2766,5567,22.1
TR02891,C045,8310,12153,99.0
TR02892,C016,1856,2222,74.6
TR02892,C016,5727,6762,26.6
TR02892,C017,2049,3230,69.0
TR02892,C017,5181,6554,49.2
TR02892,C026,123,1561,50.7
TR02892,C026,5038,7061,58.8
TR02892,C028,1559,8173,64.4
TR02892,C029,294,615,44.3
TR02892,C029,3133,5451,99.7
TR02892,C029,6441,7293,84.4
TR02892,C033,3965,4893,30.0
TR02892,C040,774,1086,38.8
TR02892,C040,2993,4727,53.1
TR02892,C040,5966,6986,36.4
TR02892,C049,1679,3598,57.0
TR02892,C049,5106,6459,44.1
TR02893,C016,738,6043,65.7
TR02893,C033,1292,2280,24.8
TR02893,C033,4855,6653,46.0
TR02893,C034,668,2297,27.9
TR02893,C035,71,3654,75.0
TR02893,C048,497,2629,76.5
TR02893,C048,4906,5411,23.4
TR02893,C050,1260,3210,38.9
TR02894,C007,2914,4089,31.7
TR02894,C008,1689,4626,52.9
TR02894,C008,10367,13200,49.0
TR02894,C011,2661,4453,71.2
TR02894,C020,266,979,81.0
TR02894,C020,5868,7767,38.4
TR02894,C020,10133,10785,90.2
TR02894,C030,1115,4554,55.1
TR02894,C030,8815,10390,80.0
TR02894,C031,1560,3873,50.0
TR02894,C039,4188,7687,94.3
TR02894,C046,1687,2232,65.8
TR02894,C007,188,9105,72.2
TR02895,C003,0,3842,84.1
TR02895,C010,3481,4934,47.8
TR02895,C012,176,573,94.6
TR02895,C012,3375,4762,45.1
TR02895,C012,6499,7426,60.0
TR02895,C015,731,4205,63.1
TR02895,C022,903,1783,35.7
TR02895,C022,6311,6726,63.9
TR02896,C001,683,3598,83.4
TR02896,C003,2421,4512,24.7
TR02896,C015,284,5439,99.9
TR02896,C016,583,1939,84.3
TR02896,C016,4068,4539,95.1
TR02896,C023,1076,5355,87.3
TR02896,C025,790,1727,70.7
TR02896,C025,3984,5705,40.3
TR02896,C038,2220,3916,93.6
TR02896,C050,0,1498,31.3
TR02897,C006,6,999,43.9
TR02897,C006,3599,4636,82.8
TR02897,C019,406,4137,56.8
TR02897,C021,906,1709,23.9
TR02897,C021,4505,7014,69.1
TR02897,C023,325,2368,91.0
TR02897,C023,2472,3264,43.2
TR02897,C023,5268,5959,95.0
TR02897,C029,2225,2756,47.4
TR02897,C033,0,2399,80.6
TR02897,C046,1619,2766,86.2
TR02897,C046,4747,7118,57.2
TR02898,C003,562,2559,69.6
TR02898,C003,4823,6661,62.8
TR02898,C006,1902,3033,27.5
TR02898,C006,6550,8771,60.7
TR02898,C014,4287,5123,74.6
TR02898,C015,993,2660,91.8
TR02898,C015,4863,5068,71.3
TR02898,C025,1814,2997,65.3
TR02898,C031,91,1825,49.8
TR02898,C031,3061,3507,35.9
TR02898,C031,4645,5729,89.4
TR02898,C031,7025,8070,65.6
TR02898,C038,1929,4564,48.5
TR02898,C040,2085,2379,50.7
TR02898,C040,5572,8037,41.0
TR02899,C003,2452,4800,90.3
TR02899,C003,9904,12183,71.7
TR02899,C014,2635,4158,24.8
TR02899,C014,13140,17057,35.3
TR02899,C015,241,2512,63.4
TR02899,C015,13471,15199,52.8
TR02899,C023,0,7591,35.1
TR02899,C029,3537,7338,27.9
TR02899,C029,9682,9895,66.9
TR02899,C034,1314,3190,94.4
TR02899,C034,9832,10182,34.1
TR02899,C046,0,2110,35.0
TR02900,C003,507,2410,50.2
TR02900,C003,4769,6132,60.5
TR02900,C003,9001,10658,33.9
TR02900,C003,12923,14525,73.7
TR02900,C009,634,4563,51.9
TR02900,C009,10114,11562,23.7
TR02900,C027,6676,9315,64.9
TR02900,C032,146,1297,99.8
TR02900,C032,4179,5056,38.2
TR02900,C032,9699,11533,57.2
TR02900,C032,13724,14657,68.7
TR02900,C036,0,552,34.5
TR02900,C039,1466,3993,52.6
TR02900,C040,250,3889,21.0
TR02900,C046,1858,5106,93.3
TR02900,C046,11165,14343,26.5
TR02901,C002,4984,8771,64.9
TR02901,C003,2123,2759,63.5
TR02901,C003,6506,8669,50.4
TR02901,C009,5198,9170,60.1
TR02901,C012,631,1433,53.2
TR02901,C012,3971,4270,78.2
TR02901,C012,8289,8563,52.8
TR02901,C025,2468,6089,98.5
TR02901,C033,1647,11139,79.4
TR02901,C045,597,3596,56.9
TR02901,C045,7035,10460,43.4
TR02901,C049,5639,9291,27.6
TR02902,C001,26,3315,84.9
TR02902,C001,5346,6096,53.9
TR02902,C021,4001,6368,47.0
TR02902,C025,1341,6774,61.8
TR02902,C041,314,2546,29.6
TR02902,C041,6367,8140,87.6
TR02902,C046,1143,3056,85.0
TR02902,C048,469,2764,92.8
TR02902,C048,3095,4791,94.5
TR02902,C048,6266,7576,66.2
TR02903,C008,0,5631,50.0
TR02903,C020,910,1229,63.0
TR02903,C020,6213,7356,78.5
TR02903,C025,2205,5698,38.6
TR02903,C025,8414,10439,50.5
TR02903,C041,86,2246,83.8
TR02903,C041,8473,8927,25.2
TR02904,C003,2060,5795,94.2
TR02904,C032,0,2279,62.4
TR02904,C040,19,2496,95.4
TR02904,C040,3645,4035,85.6
TR02904,C040,6150,7722,94.2
TR02904,C040,9349,10183,99.0
TR02904,C041,4033,6503,97.5
TR02904,C043,1774,5215,20.4
TR02904,C043,6997,9650,83.6
TR02905,C009,710,967,80.9
TR02905,C011,264,2641,77.0
TR02905,C011,3589,4273,20.2
TR02905,C017,1958,2838,56.6
TR02905,C034,709,2319,35.2
TR02905,C034,3196,3571,89.3
TR02906,C003,3503,5398,55.6
TR02906,C007,1383,4016,26.7
TR02906,C007,8842,11974,43.8
TR02906,C015,2325,5041,36.5
TR02906,C015,6314,7222,78.5
TR02906,C025,482,1762,33.7
TR02906,C025,8852,9479,89.2
TR02906,C034,2234,5179,53.9
TR02906,C034,6722,7028,39.6
TR02907,C016,710,2666,92.7
TR02907,C016,11246,14668,61.1
TR02907,C031,2588,3737,34.6
TR02907,C031,7663,10132,48.1
TR02907,C045,4578,5818,56.2
TR02907,C048,178,2208,50.0
TR02907,C048,4675,4997,99.8
TR02907,C048,7663,8398,75.4
TR02907,C048,11951,13873,36.5
TR02907,C050,3293,7047,62.2
TR02908,C001,8509,8965,84.3
TR02908,C006,700,1668,93.4
TR02908,C014,9258,9598,80.0
TR02908,C029,2673,6279,99.0
TR02908,C029,10299,13538,20.5
TR02908,C036,3487,15290,76.4
TR02908,C040,5653,8635,47.2
TR02908,C044,4498,5643,31.4
TR02908,C046,1375,14607,77.1
TR02909,C009,3643,7608,84.2
TR02909,C011,1719,3507,89.8
TR02909,C011,9962,11163,61.3
TR02909,C021,1532,1895,47.7
TR02909,C021,7836,11206,40.9
TR02909,C022,1463,2118,56.9
TR02909,C022,7329,8113,50.3
TR02909,C029,6126,7654,43.4
TR02909,C033,1487,5112,53.6
TR02909,C033,9141,9783,98.7
TR02909,C047,1393,3212,51.0
TR02909,C047,8673,10164,37.9
TR02910,C014,1097,4644,94.1
TR02910,C025,838,3739,82.8
TR02910,C039,0,2124,75.1
TR02910,C042,0,924,85.6
TR02911,C010,1963,2287,99.0
TR02911,C010,5922,7218,63.1
TR02911,C016,287,3803,84.7
TR02911,C016,7351,9245,50.7
TR02911,C022,563,9445,94.1
TR02911,C023,483,1379,81.0
TR02911,C025,1300,3353,63.0
TR02911,C025,5168,5934,77.6
TR02911,C026,2366,5854,64.2
TR02911,C041,3702,4555,43.9
TR02912,C014,131,2100,78.2
TR02912,C014,5992,6289,53.5
TR02912,C014,12525,13461,50.6
TR02912,C016,2202,15211,69.9
TR02912,C032,3084,15121,89.1
TR02912,C038,4542,6591,99.8
TR02913,C001,496,2812,59.6
TR02913,C018,4224,7263,64.1
TR02913,C026,2977,4638,85.5
TR02913,C028,2011,4520,84.9
TR02913,C028,5965,9149,73.7
TR02913,C041,92,1446,74.6
TR02913,C041,6566,8844,77.6
TR02913,C042,0,4010,68.2
TR02913,C049,747,2645,55.8
TR02913,C049,6364,8799,79.4
TR02914,C013,487,1943,76.7
TR02914,C013,3218,3778,65.2
TR02914,C034,337,3631,55.3
TR02914,C038,2451,3963,85.2
TR02914,C044,1740,3691,29.4
TR02915,C004,1293,2970,35.4
TR02915,C004,5174,5518,51.3
TR02915,C004,8918,10054,47.1
TR02915,C006,1840,5496,64.4
TR02915,C006,7777,11770,63.1
TR02915,C007,48,870,61.3
TR02915,C027,0,3534,53.5
TR02915,C039,2373,3759,66.3
TR02915,C039,8731,10002,29.3
TR02915,C047,309,2091,36.4
TR02915,C047,8437,10919,48.2
TR02916,C016,2076,4713,34.1
TR02916,C017,45,2606,24.8
TR02916,C017,13856,14352,46.9
TR02916,C020,1981,2184,80.5
TR02916,C020,13332,14467,76.7
TR02916,C030,543,15419,85.7
TR02916,C035,6295,8408,63.4
TR02916,C041,3698,6455,99.3
TR02916,C041,13201,15197,73.9
TR02916,C047,3010,3357,86.8
TR02917,C010,2894,4212,73.2
TR02917,C035,441,1921,49.5
TR02917,C035,3355,6166,79.7
TR02917,C039,2218,2865,22.7
TR02917,C050,0,3216,86.8
TR02918,C003,5705,5980,36.2
TR02918,C025,2639,4925,77.2
TR02918,C025,11753,12825,48.6
TR02918,C030,635,3778,40.3
TR02918,C042,4593,7880,95.4
TR02918,C049,70,2482,25.7
TR02918,C049,14084,14999,54.7
TR02919,C006,1885,3989,38.4
TR02919,C006,7037,10218,52.4
TR02919,C010,1880,10979,72.6
TR02919,C021,865,2826,72.3
TR02919,C021,7896,9453,46.9
TR02919,C025,2950,5505,40.3
TR02919,C025,6008,7640,72.7
TR02919,C006,2850,8753,65.0
TR02920,C024,1579,2027,94.6
TR02920,C024,5340,8304,74.3
TR02920,C028,1980,3651,95.3
TR02920,C028,6350,8388,24.3
TR02920,C030,2146,4315,25.8
TR02920,C030,4975,8460,85.6
TR02920,C033,3834,7353,73.3
TR02920,C036,618,2083,85.2
TR02920,C045,0,1896,42.9
TR02921,C013,2668,15339,64.3
TR02921,C022,3449,5235,60.1
TR02921,C037,2996,3516,47.0
TR02921,C037,9486,12099,46.6
TR02921,C042,0,3958,48.1
TR02922,C003,5780,7348,67.5
TR02922,C004,4302,7252,35.8
TR02922,C030,60,405,99.9
TR02922,C030,6825,7166,46.0
TR02922,C032,2143,5788,75.2
TR02922,C032,9249,10000,76.2
TR02922,C003,3510,7493,78.1
TR02923,C002,4717,5586,41.4
TR02923,C004,474,953,89.7
TR02923,C004,4834,7069,91.2
TR02923,C004,9894,12348,81.8
TR02923,C004,14146,15680,65.8
TR02923,C028,4365,8193,98.3
TR02923,C033,1502,5115,83.4
TR02923,C033,11846,15175,41.7
TR02923,C036,2628,4507,94.9
TR02923,C036,10357,13155,96.3
TR02923,C038,391,601,73.5
TR02923,C038,7233,9542,49.4
TR02923,C038,12309,13449,54.9
TR02923,C043,950,3511,25.0
TR02923,C043,11320,14164,24.7
TR02924,C003,1092,1916,92.5
TR02924,C003,8254,8833,81.2
TR02924,C010,2025,4913,20.2
TR02924,C013,1143,4920,65.0
TR02924,C013,7690,8477,23.5
TR02924,C025,1797,13099,95.5
TR02924,C040,445,11123,60.8
TR02924,C048,2842,4997,56.3
TR02924,C048,8888,12589,62.9
TR02924,C050,6273,9407,61.0
TR02925,C005,982,2691,89.4
TR02925,C005,3012,4546,25.6
TR02925,C012,119,1268,47.8
TR02925,C012,4013,5325,30.2
TR02925,C028,695,2014,99.6
TR02925,C028,3569,4655,61.9
TR02925,C029,0,1858,40.7
TR02925,C050,2390,4498,71.5
TR02926,C008,1575,1958,62.6
TR02926,C008,9135,12389,65.2
TR02926,C014,1362,3127,51.6
TR02926,C014,4762,5861,30.8
TR02926,C014,9002,11057,93.4
TR02926,C030,1291,2856,63.2
TR02926,C030,5426,7002,33.2
TR02926,C030,9504,10863,87.3
TR02926,C039,2243,10814,96.6
TR02926,C008,6016,9665,81.2
TR02927,C002,1344,2049,73.2
TR02927,C002,4982,5400,54.2
TR02927,C004,0,4257,33.0
TR02927,C007,2352,3895,53.7
TR02927,C007,7220,8340,75.6
TR02927,C018,4004,7924,86.7
TR02927,C021,4554,5004,66.1
TR02927,C035,2035,4173,96.8
TR02927,C037,3736,7713,87.9
TR02927,C041,2939,6315,79.4
TR02928,C002,66,1667,70.8
TR02928,C002,3237,3641,29.5
TR02928,C015,712,1243,99.7
TR02928,C019,626,838,86.1
TR02928,C019,3780,5358,58.5
TR02928,C023,1264,2264,54.7
TR02928,C023,2910,4132,49.8
TR02928,C026,603,1865,65.4
TR02928,C026,2829,4265,98.2
TR02928,C041,1901,2315,56.1
TR02929,C003,834,1436,59.6
TR02929,C003,3025,3864,33.4
TR02929,C004,0,1187,86.0
TR02929,C005,1994,2928,91.9
TR02929,C006,2614,3562,20.6
TR02929,C010,926,1989,50.3
TR02929,C010,3386,5405,91.3
TR02929,C031,871,5638,73.2
TR02929,C048,1466,2161,34.1
TR02929,C048,4069,4738,86.5
TR02930,C015,1643,3292,20.3
TR02930,C015,9791,10591,87.7
TR02930,C017,2927,5770,62.9
TR02930,C038,2682,4838,90.4
TR02930,C038,7680,10343,24.1
TR02930,C045,3505,4317,61.7
TR02930,C047,6049,9370,94.8
TR02930,C015,5457,10656,71.4
TR02931,C003,203,1747,69.6
TR02931,C004,32,1625,71.7
TR02931,C004,3915,5301,82.8
TR02931,C004,7222,7830,69.3
TR02931,C004,10214,10789,51.2
TR02931,C005,6030,9218,69.3
TR02931,C008,1780,3173,67.5
TR02931,C008,7775,9349,33.5
TR02931,C016,528,11934,78.9
TR02931,C028,829,2039,20.5
TR02931,C028,8121,8782,49.1
TR02931,C049,263,1311,61.5
TR02931,C049,7151,7635,52.0
TR02931,C050,1035,12477,85.1
TR02932,C002,512,2312,56.6
TR02932,C002,5715,7042,68.3
TR02932,C013,1545,2654,93.5
TR02932,C013,5297,6472,89.8
TR02932,C016,3735,6223,31.2
TR02932,C020,993,1772,41.5
TR02932,C020,5141,7871,59.4
TR02932,C027,850,2943,57.5
TR02932,C027,4685,7814,58.2
TR02932,C030,240,1912,23.9
TR02932,C030,5950,7399,51.1
TR02932,C039,1854,4423,86.7
TR02932,C047,3913,7727,65.3
TR02933,C004,0,2849,24.3
TR02933,C007,941,4328,99.7
TR02933,C007,7926,10556,88.5
TR02933,C012,4570,5469,96.6
TR02933,C021,4626,4834,90.7
TR02933,C022,5436,5745,61.8
TR02933,C023,1235,11027,81.1
TR02933,C037,1654,2526,95.5
TR02933,C037,8222,8815,55.9
TR02933,C044,790,2222,77.7
TR02934,C009,0,1870,66.1
TR02934,C017,617,3050,38.7
TR02934,C017,9916,11576,62.8
TR02934,C020,3509,4518,28.0
TR02934,C020,10935,13673,99.6
TR02934,C021,2637,5691,67.1
TR02934,C021,10438,13885,25.1
TR02934,C027,4162,7932,25.3
TR02934,C027,12165,14787,95.5
TR02934,C028,2961,15406,92.5
TR02934,C031,2603,3735,29.6
TR02934,C031,11996,15599,45.3
TR02934,C044,5193,7205,60.9
TR02934,C020,11611,18789,77.8
TR02935,C006,0,2239,87.6
TR02935,C011,747,4059,55.8
TR02935,C013,291,538,36.7
TR02935,C031,2824,4813,88.7
TR02935,C031,9213,11478,56.8
TR02936,C005,1332,2059,97.8
TR02936,C005,7473,9736,85.7
TR02936,C010,6585,7673,72.2
TR02936,C022,1260,2492,78.0
TR02936,C022,9544,12351,24.5
TR02936,C031,2949,5379,68.7
TR02936,C031,8860,10843,89.6
TR02936,C036,5876,8066,77.4
TR02936,C041,4522,5231,74.9
TR02936,C050,9,12871,83.1
TR02937,C015,1830,3866,95.3
TR02937,C015,9560,13143,85.8
TR02937,C016,5855,8938,92.7
TR02937,C019,859,2605,88.9
TR02937,C019,5830,6869,37.2
TR02937,C019,8998,10889,59.8
TR02937,C029,1742,4083,97.9
TR02937,C029,8840,10742,66.5
TR02937,C037,5507,8726,33.0
TR02937,C044,102,1591,55.8
TR02937,C049,6114,7235,35.5
TR02937,C050,4919,7092,67.7
TR02938,C009,39,2520,29.1
TR02938,C009,6415,7503,27.6
TR02938,C010,819,3631,45.2
TR02938,C010,4757,6905,37.8
TR02938,C013,1479,3238,25.5
TR02938,C013,6094,6577,62.9
TR02938,C019,2765,4545,96.1
TR02938,C025,1847,2734,41.2
TR02938,C030,2173,4321,22.9
TR02938,C030,5788,8625,35.1
TR02938,C036,2574,4247,31.5
TR02939,C001,3341,6445,65.6
TR02939,C003,1161,6402,92.6
TR02939,C015,382,2314,98.0
TR02939,C015,5276,7421,55.1
TR02939,C025,1300,3058,87.9
TR02939,C025,5142,5862,55.0
TR02939,C041,3824,5075,36.9
TR02939,C043,222,1188,70.7
TR02939,C043,2630,3112,97.6
TR02939,C043,4415,5221,40.2
TR02939,C043,6555,7864,35.0
TR02940,C004,0,4049,89.7
TR02940,C010,0,3999,79.5
TR02940,C043,1830,4117,71.0
TR02940,C043,8817,10590,56.1
TR02940,C048,8252,10859,75.2
TR02940,C050,1830,4723,57.2
TR02941,C004,1595,11854,71.6
TR02941,C008,211,2047,48.8
TR02941,C013,1004,2925,42.1
TR02941,C013,5511,6254,64.2
TR02941,C013,9450,10875,34.2
TR02941,C039,1301,9938,67.5
TR02941,C044,2040,5289,75.0
TR02941,C044,7671,11247,71.9
TR02942,C001,1022,3292,42.6
TR02942,C001,3959,4290,56.8
TR02942,C001,7959,9332,91.9
TR02942,C001,11624,12235,81.1
TR02942,C011,2662,4243,97.7
TR02942,C011,7935,10391,41.9
TR02942,C041,2961,5326,25.0
TR02942,C049,1104,2645,72.9
TR02942,C049,4524,5915,76.3
TR02942,C049,7860,8095,55.6
TR02942,C049,11881,13721,81.4
TR02942,C011,8887,14573,75.5
TR02943,C020,92,2422,93.5
TR02943,C037,1031,1585,43.5
TR02943,C042,3149,3818,43.7
TR02943,C049,2205,3826,46.1
TR02944,C004,3156,6967,86.9
TR02944,C004,12364,13083,58.2
TR02944,C008,3726,6800,29.9
TR02944,C008,8453,11502,50.5
TR02944,C023,8019,11089,72.0
TR02944,C032,2784,6156,83.3
TR02944,C033,664,2222,92.6
TR02944,C036,3011,3268,78.7
TR02944,C036,9773,10685,99.9
TR02944,C042,597,2987,65.7
TR02944,C042,9871,11621,55.7
TR02945,C008,1590,4559,95.2
TR02945,C008,9105,11979,66.4
TR02945,C027,378,896,77.9
TR02945,C027,7409,8150,82.8
TR02945,C041,0,889,72.9
TR02945,C042,6688,10637,62.4
TR02945,C049,0,1530,51.3
TR02946,C003,326,7350,74.0
TR02946,C010,3474,5893,39.0
TR02946,C018,475,1332,99.2
TR02946,C018,4812,6982,52.1
TR02946,C034,1697,3677,43.8
TR02947,C001,865,3746,31.4
TR02947,C004,1590,2249,61.1
TR02947,C029,1450,2273,64.4
TR02947,C029,3991,6051,30.0
TR02947,C031,666,1806,38.4
TR02947,C036,529,4947,69.7
TR02947,C041,687,2881,54.2
TR02947,C041,4063,4443,58.0
TR02947,C044,1476,2291,89.1
TR02947,C044,3702,5304,55.9
TR02947,C047,95,2336,60.1
TR02948,C015,2563,4256,98.4
TR02948,C015,9992,10291,77.1
TR02948,C031,772,3750,80.8
TR02948,C032,1755,4117,69.5
TR02948,C042,3351,5244,27.0
TR02948,C042,13935,14920,71.0
TR02949,C002,2276,13502,66.8
TR02949,C015,323,1303,41.3
TR02949,C015,4048,5413,75.6
TR02949,C015,7590,8232,97.3
TR02949,C015,10871,11775,73.9
TR02949,C016,0,3767,29.2
TR02949,C025,3093,4151,64.5
TR02949,C046,2289,5924,57.3
TR02950,C003,847,1303,46.2
TR02950,C003,4594,6021,35.6
TR02950,C003,8322,10098,46.8
TR02950,C003,11265,12948,51.4
TR02950,C031,0,1899,88.9
TR02950,C034,1153,3800,29.1
TR02950,C045,5859,8052,50.9
TR02950,C034,0,3698,71.6
TR02951,C001,1083,5072,54.5
TR02951,C001,7207,8465,96.3
TR02951,C005,319,3839,26.7
TR02951,C005,9124,10885,57.8
TR02951,C007,1655,10801,62.3
TR02951,C023,5708,7985,28.5
TR02951,C025,180,1062,60.5
TR02952,C008,1020,1427,72.5
TR02952,C008,4765,7574,43.0
TR02952,C010,858,1448,88.0
TR02952,C010,5672,8018,96.2
TR02952,C015,2497,3087,37.5
TR02952,C018,112,1562,27.7
TR02952,C037,1051,1621,82.3
TR02953,C010,1304,1660,62.9
TR02953,C010,4488,6322,94.5
TR02953,C010,9520,11713,87.9
TR02953,C022,1167,2156,94.9
TR02953,C022,5464,7629,31.6
TR02953,C022,9912,10379,41.1
TR02953,C025,847,4383,94.1
TR02953,C028,1356,12212,69.4
TR02953,C032,2863,5408,88.6
TR02953,C032,7374,8831,40.6
TR02953,C034,457,1488,78.9
TR02953,C034,6923,8313,94.2
TR02953,C042,1838,3476,23.1
TR02954,C003,1420,4972,96.3
TR02954,C003,9568,11263,58.8
TR02954,C006,6620,8913,96.2
TR02954,C013,1645,14859,82.5
TR02954,C023,6915,8563,53.4
TR02954,C031,3034,14380,70.6
TR02954,C039,3127,4280,61.3
TR02954,C040,7818,8772,77.6
TR02955,C010,453,2008,58.7
TR02955,C012,13,2743,60.0
TR02955,C012,5517,6906,65.0
TR02955,C020,565,982,70.8
TR02955,C020,5398,7460,65.3
TR02955,C022,1486,4631,49.7
TR02955,C035,668,3257,98.5
TR02955,C043,835,3534,20.2
TR02955,C043,5295,7342,92.8
TR02956,C004,900,4023,42.5
TR02956,C004,7498,9520,50.8
TR02956,C005,359,2973,34.0
TR02956,C005,7276,8420,24.4
TR02956,C006,2464,3323,61.4
TR02956,C006,6417,7936,22.0
TR02956,C022,2174,4062,47.7
TR02956,C022,8352,10905,98.7
TR02956,C033,811,2478,41.6
TR02956,C043,1518,1834,68.5
TR02956,C043,6366,9023,46.3
TR02956,C046,1180,1724,37.7
TR02956,C046,6182,6881,55.2
TR02957,C004,1363,3041,86.5
TR02957,C004,3533,5921,42.8
TR02957,C021,748,2437,52.3
TR02957,C021,4864,5252,61.7
TR02957,C023,1161,3261,68.9
TR02957,C023,3454,6338,63.6
TR02957,C025,261,1633,97.3
TR02957,C025,4549,4801,97.7
TR02957,C026,1570,2871,23.7
TR02957,C026,4063,4343,63.5
TR02957,C030,48,2572,56.7
TR02957,C030,4432,4640,47.9
TR02957,C035,2151,2849,45.5
TR02957,C041,2566,3548,52.7
TR02958,C008,294,1944,66.0
TR02958,C008,7473,10054,92.0
TR02958,C017,1716,5251,82.9
TR02958,C017,6533,9812,54.9
TR02958,C020,0,1214,41.2
TR02958,C024,2007,2278,32.9
TR02958,C024,7942,8592,51.3
TR02958,C030,5064,6210,39.8
TR02958,C037,468,2462,53.1
TR02958,C037,5677,9005,38.6
TR02959,C008,2669,4495,38.1
TR02959,C024,2603,6447,25.7
TR02959,C030,2131,6008,84.4
TR02959,C030,9559,9812,80.4
TR02959,C050,613,2928,99.1
TR02959,C050,6880,10721,65.5
TR02960,C006,670,1158,32.6
TR02960,C006,3111,4249,64.1
TR02960,C008,1316,3496,28.0
TR02960,C013,541,1929,48.8
TR02960,C013,3442,4068,94.5
TR02960,C025,17,318,69.0
TR02960,C025,1607,2061,76.8
TR02960,C025,2955,3791,82.5
TR02960,C025,4026,5219,91.0
TR02960,C037,351,1528,56.1
TR02961,C007,0,3325,38.4
TR02961,C010,2572,3404,24.8
TR02961,C010,8173,12115,83.7
TR02961,C012,4759,6838,76.5
TR02961,C014,462,2301,76.1
TR02961,C014,5254,7475,37.2
TR02961,C014,9369,9977,83.5
TR02961,C028,889,3033,34.2
TR02961,C028,8854,9769,58.0
TR02961,C029,1855,4730,72.6
TR02961,C030,2335,3139,74.1
TR02961,C030,8683,9058,61.7
TR02961,C048,2415,11722,83.5
TR02962,C004,1441,3168,49.1
TR02962,C004,4112,5006,31.7
TR02962,C027,530,2950,43.3
TR02962,C027,3937,4922,81.8
TR02962,C033,341,3599,100.0
TR02962,C033,5181,7749,50.8
TR02962,C039,1016,2791,72.8
TR02962,C039,5352,7755,22.5
TR02962,C045,1897,3736,24.8
TR02962,C045,5741,6168,29.8
TR02962,C048,1925,3358,32.6
TR02962,C048,4828,6787,96.5
TR02963,C008,830,2176,86.3
TR02963,C008,4420,6084,68.4
TR02963,C017,302,2903,96.0
TR02963,C017,5221,6374,52.0
TR02963,C019,200,1835,49.8
TR02963,C033,3404,6796,32.6
TR02963,C047,520,1365,27.4
TR02963,C047,4306,6044,63.5
TR02964,C003,859,4686,62.7
TR02964,C020,838,1925,48.1
TR02964,C025,1794,2220,21.0
TR02964,C042,67,4795,82.1
TR02964,C046,1254,2782,71.2
TR02964,C048,1364,2116,39.0
TR02964,C048,3108,4992,81.6
TR02965,C004,5489,7001,32.2
TR02965,C009,2259,5321,31.1
TR02965,C025,634,1611,36.0
TR02965,C025,4125,5923,68.6
TR02965,C025,8288,9650,63.0
TR02965,C025,11320,13624,68.8
TR02965,C041,176,3116,93.0
TR02965,C042,0,6816,68.7
TR02965,C048,603,11654,77.4
TR02966,C031,3759,7471,95.0
TR02966,C035,1634,1849,41.7
TR02966,C035,7173,9877,66.7
TR02966,C039,781,1055,86.1
TR02966,C039,3424,3635,69.7
TR02966,C039,6561,7466,70.0
TR02966,C039,9713,11685,53.8
TR02966,C049,1910,5075,88.5
TR02967,C005,1390,4179,73.7
TR02967,C005,10309,14225,29.3
TR02967,C010,747,2640,70.1
TR02967,C010,5050,5271,53.1
TR02967,C010,11449,13200,41.2
TR02967,C020,2649,3951,53.3
TR02967,C020,10662,13643,60.3
TR02967,C024,2901,3140,26.2
TR02967,C024,10719,13496,65.5
TR02967,C029,1933,2724,64.1
TR02967,C029,10130,13003,38.5
TR02967,C036,4604,6506,28.0
TR02967,C038,0,6123,75.0
TR02967,C039,1538,4498,71.3
TR02968,C008,2003,4598,59.5
TR02968,C008,7084,8696,92.9
TR02968,C011,503,2055,99.9
TR02968,C011,3048,4375,36.3
TR02968,C011,5604,7976,72.4
TR02968,C011,9043,10741,79.5
TR02968,C015,1878,10819,70.7
TR02968,C018,1939,2704,38.5
TR02968,C018,6835,9084,88.0
TR02968,C021,2246,5262,43.4
TR02968,C021,6445,7910,34.7
TR02968,C028,3005,4985,34.4
TR02968,C037,3324,3620,77.7
TR02968,C040,1305,2928,64.9
TR02968,C040,7863,9917,98.2
TR02969,C002,40,1462,96.8
TR02969,C025,2159,5101,42.8
TR02969,C025,9339,10269,81.2
TR02969,C028,1556,3890,71.5
TR02969,C028,12025,13869,84.2
TR02969,C041,1305,3618,69.3
TR02969,C041,10452,11503,88.4
TR02969,C046,2707,6423,87.3
TR02970,C005,545,3006,49.1
TR02970,C027,734,1902,67.2
TR02970,C027,3756,4599,76.0
TR02970,C037,1506,3020,59.1
TR02970,C037,4317,5568,66.7
TR02970,C039,1141,1804,25.3
TR02970,C039,5243,7142,45.5
TR02971,C006,798,1400,93.8
TR02971,C006,4762,7165,85.4
TR02971,C017,0,1345,71.4
TR02971,C025,1829,2049,90.5
TR02971,C025,4767,5741,66.1
TR02971,C036,74,2920,37.2
TR02971,C036,5417,5838,20.7
TR02971,C043,716,2432,37.6
TR02971,C046,356,6067,87.6
TR02971,C048,702,1857,96.9
TR02972,C005,332,2611,77.6
TR02972,C008,1692,5410,43.0
TR02972,C019,1165,1713,52.3
TR02972,C019,4441,6295,37.4
TR02972,C040,1335,2004,67.5
TR02972,C040,3338,5968,93.2
TR02972,C043,1,1350,34.7
TR02972,C005,841,5252,66.5
TR02973,C001,956,1542,79.4
TR02973,C001,4922,5280,90.7
TR02973,C003,166,4051,25.8
TR02973,C003,5741,6403,67.8
TR02973,C005,1800,7746,86.6
TR02973,C025,1413,2868,84.5
TR02973,C029,1412,2738,71.6
TR02973,C047,945,3716,87.2
TR02974,C010,8598,9678,64.8
TR02974,C023,0,8512,44.2
TR02974,C027,2841,4302,77.7
TR02974,C027,9283,12435,93.5
TR02974,C046,3642,6556,55.8
TR02975,C013,1907,3015,42.6
TR02975,C013,11382,12173,82.6
TR02975,C019,4493,5013,31.3
TR02975,C019,13103,15331,66.6
TR02975,C031,6857,8683,82.4
TR02975,C039,118,3050,20.6
TR02975,C039,13017,15711,35.5
TR02975,C043,1366,18151,75.8
TR02976,C013,2333,4238,79.5
TR02976,C013,7048,9739,65.6
TR02976,C015,3241,5741,38.4
TR02976,C015,9342,10955,37.0
TR02976,C019,1433,2519,55.2
TR02976,C026,779,1682,30.3
TR02976,C026,3604,5854,81.5
TR02976,C026,7868,8613,84.9
TR02976,C026,10644,10880,92.5
TR02976,C031,3031,6898,95.0
TR02976,C031,9462,12020,58.3
TR02976,C040,1596,5274,46.5
TR02977,C003,3817,4859,24.8
TR02977,C005,3461,6490,78.7
TR02977,C016,858,1097,51.4
TR02977,C016,6025,6958,27.4
TR02977,C030,0,3643,41.4
TR02977,C041,5135,6605,98.4
TR02978,C026,1107,4418,68.6
TR02978,C031,945,3071,78.5
TR02978,C031,7894,9980,73.1
TR02978,C031,12834,14855,60.3
TR02978,C036,774,4507,35.6
TR02978,C036,13302,15315,87.1
TR02978,C047,482,15346,88.9
TR02979,C002,478,4214,81.6
TR02979,C010,3646,5522,62.5
TR02979,C015,984,3402,47.7
TR02979,C015,6023,7023,61.3
TR02979,C022,645,869,51.7
TR02979,C022,2531,3678,79.9
TR02979,C022,4109,5276,90.0
TR02979,C022,6536,7685,75.6
TR02979,C027,2920,4959,32.9
TR02980,C001,5047,5277,99.0
TR02980,C003,0,1525,82.6
TR02980,C012,454,1192,22.4
TR02980,C025,838,1655,73.0
TR02980,C025,2999,4019,61.1
TR02980,C025,5838,7367,52.4
TR02980,C025,8986,9773,45.7
TR02980,C030,1990,2960,89.7
TR02980,C030,7211,8725,27.6
TR02980,C031,2212,5345,97.1
TR02980,C031,7849,10245,90.1
TR02980,C033,939,3108,51.4
TR02980,C039,1586,5017,45.6
TR02980,C039,7518,8575,58.2
TR02981,C023,3590,5208,91.1
TR02981,C028,4240,5024,21.0
TR02981,C037,679,1511,98.8
TR02981,C037,5711,6170,72.9
TR02981,C039,366,4128,46.5
TR02981,C039,7078,9318,76.2
TR02981,C046,1909,9635,81.9
TR02981,C048,147,2416,58.3
TR02981,C048,7050,8859,78.1
TR02982,C002,1491,4670,61.2
TR02982,C002,9421,9921,23.4
TR02982,C004,957,1264,57.6
TR02982,C004,8707,12307,77.5
TR02982,C008,2722,4072,40.3
TR02982,C008,7435,10960,86.3
TR02982,C009,0,1813,42.2
TR02982,C015,683,3053,54.8
TR02982,C015,8824,9661,79.0
TR02982,C017,3089,5698,63.8
TR02982,C037,0,2680,63.0
TR02982,C049,1628,2137,50.4
TR02982,C049,7048,7294,96.4
TR02983,C008,0,3395,38.3
TR02983,C015,2539,17062,73.7
TR02983,C023,3398,3723,79.8
TR02983,C023,13383,17113,51.1
TR02983,C027,0,8155,85.8
TR02983,C030,0,4973,86.8
TR02983,C033,908,3209,43.7
TR02983,C033,6691,7594,99.8
TR02983,C033,12983,13462,47.7
TR02983,C040,1720,3574,59.4
TR02983,C040,7978,9183,59.6
TR02983,C040,13065,14363,82.0
TR02983,C044,7922,9359,38.5
TR02984,C003,2619,6214,69.5
TR02984,C003,12055,14343,67.1
TR02984,C005,891,4517,22.8
TR02984,C007,1397,1789,46.4
TR02984,C007,4446,4920,58.8
TR02984,C007,9641,11805,70.0
TR02984,C007,13655,16044,92.3
TR02984,C010,1412,4102,47.0
TR02984,C010,11607,14067,32.5
TR02984,C022,997,14079,80.1
TR02984,C023,492,1751,25.0
TR02984,C023,12481,14981,76.8
TR02984,C024,2090,2697,92.1
TR02984,C024,11377,12564,38.3
TR02984,C040,3582,5274,89.3
TR02984,C040,12552,15509,49.9
TR02985,C001,3426,6602,30.5
TR02985,C001,10239,10862,50.3
TR02985,C005,1565,2122,89.5
TR02985,C007,1810,5578,33.2
TR02985,C007,9180,12089,92.7
TR02985,C027,3934,7832,43.1
TR02985,C031,2346,3855,74.1
TR02985,C031,9907,10281,61.8
TR02985,C040,842,11147,89.5
TR02986,C023,1426,1659,69.0
TR02986,C023,9672,11254,55.8
TR02986,C026,2729,11366,92.8
TR02986,C027,439,875,62.2
TR02986,C032,5166,5836,54.1
TR02986,C048,967,2284,65.0
TR02987,C012,4072,5296,42.4
TR02987,C017,1224,2701,55.4
TR02987,C017,5080,6317,87.6
TR02987,C030,1245,5193,35.1
TR02987,C032,8,1049,75.8
TR02987,C032,3652,5901,65.1
TR02987,C032,7417,7844,51.6
TR02987,C047,2492,4490,52.4
TR02987,C047,6378,9558,26.9
TR02987,C012,987,2939,84.2
TR02988,C014,143,1872,81.9
TR02988,C014,11497,13727,83.8
TR02988,C015,9288,12048,20.9
TR02988,C017,3104,6531,42.9
TR02988,C017,13004,13452,43.2
TR02988,C029,2330,4815,62.4
TR02988,C029,10570,12207,28.3
TR02988,C032,0,4993,20.2
TR02988,C035,2816,4617,60.5
TR02988,C035,12346,12826,60.1
TR02989,C009,564,3953,68.8
TR02989,C009,4463,5272,79.2
TR02989,C029,553,3488,69.5
TR02989,C029,4970,5374,68.7
TR02989,C036,433,802,37.4
TR02989,C036,4646,5185,41.8
TR02989,C041,1249,6641,87.0
TR02989,C043,3056,4407,26.7
TR02990,C008,398,2008,74.3
TR02990,C008,8834,11342,73.3
TR02990,C011,1433,3217,36.2
TR02990,C011,5912,7059,73.9
TR02990,C011,10713,11172,78.0
TR02990,C016,19,745,30.0
TR02990,C016,5554,6820,96.9
TR02990,C016,10841,11631,57.5
TR02990,C025,3000,4788,80.6
TR02990,C025,9994,11737,31.0
TR02990,C036,2101,3824,23.7
TR02990,C047,386,1037,38.0
TR02990,C047,5537,7173,50.3
TR02990,C047,10943,13184,87.7
TR02991,C005,7380,8278,67.8
TR02991,C020,3270,6741,90.2
TR02991,C020,9570,11614,83.8
TR02991,C022,3752,6102,41.6
TR02991,C032,3072,4881,87.6
TR02991,C032,10884,13672,89.9
TR02991,C036,4057,6115,37.5
TR02991,C036,9987,13503,89.5
TR02992,C006,252,1040,43.5
TR02992,C007,1545,2449,60.9
TR02992,C007,8090,9135,47.5
TR02992,C013,197,817,83.9
TR02992,C013,3309,3662,79.4
TR02992,C013,6049,7666,86.8
TR02992,C013,8743,10167,39.4
TR02992,C017,3822,7475,40.1
TR02992,C019,964,3456,54.6
TR02992,C019,5902,7106,38.6
TR02992,C046,4465,6654,93.4
TR02992,C006,1060,4044,85.6
TR02993,C006,2710,6402,38.4
TR02993,C007,50,3440,87.4
TR02993,C017,5271,9069,65.4
TR02993,C022,937,4755,70.7
TR02993,C022,8618,12507,37.1
TR02993,C040,0,5012,61.1
TR02993,C046,609,2144,83.5
TR02993,C046,6277,8267,70.7
TR02993,C046,12419,13313,38.9
TR02993,C006,11715,16111,84.6
TR02994,C004,1064,1793,29.9
TR02994,C004,2701,4681,31.0
TR02994,C012,1312,1759,44.6
TR02994,C022,1953,4863,78.7
TR02994,C036,2277,4545,72.5
TR02994,C040,498,2877,50.6
TR02994,C049,795,4235,85.3
TR02995,C004,5642,8154,62.0
TR02995,C015,1410,1889,83.8
TR02995,C015,6855,9752,78.1
TR02995,C018,1624,4416,98.6
TR02995,C018,8483,11621,86.6
TR02995,C020,621,1519,48.6
TR02995,C020,4412,5208,30.8
TR02995,C020,8576,10479,78.8
TR02995,C021,4231,5492,30.5
TR02995,C025,606,920,67.1
TR02995,C025,4666,6939,40.7
TR02995,C025,9016,9740,98.1
TR02995,C031,1464,4422,50.0
TR02995,C047,750,1317,32.8
TR02995,C047,5121,7608,61.2
TR02995,C047,9194,11387,45.3
TR02996,C014,946,10398,90.4
TR02996,C018,2006,5048,33.1
TR02996,C018,9331,13099,89.8
TR02996,C021,26,902,84.8
TR02996,C022,362,12347,90.7
TR02996,C033,1564,4742,93.3
TR02996,C034,0,2236,26.8
TR02996,C044,2018,4312,43.9
TR02996,C044,9768,11788,94.9
TR02996,C050,1591,4427,67.1
TR02996,C050,7041,10468,44.2
TR02997,C002,2776,3674,57.3
TR02997,C002,6134,9609,39.3
TR02997,C009,176,9676,97.6
TR02997,C012,1837,4259,75.0
TR02997,C012,7783,9024,32.6
TR02997,C016,208,1006,28.3
TR02997,C016,7121,9351,97.6
TR02997,C022,2055,10120,65.5
TR02997,C026,0,1118,80.7
TR02997,C034,762,3349,85.9
TR02997,C034,5866,6424,32.3
TR02997,C048,43,1980,78.3
TR02997,C048,8154,10478,71.4
TR02998,C019,4857,7257,88.6
TR02998,C024,3789,6958,22.2
TR02998,C040,1404,2376,35.2
TR02998,C040,5460,8481,73.3
TR02998,C042,1265,2707,48.7
TR02998,C042,6430,9547,78.6
TR02999,C007,2135,5142,88.0
TR02999,C007,8399,10856,44.3
TR02999,C017,53,1969,32.7
TR02999,C017,8086,11030,52.0
TR02999,C020,2134,10688,81.6
TR02999,C025,495,1452,39.8
TR02999,C025,4206,6396,37.0
TR02999,C025,7773,9579,89.5
TR02999,C038,1086,4505,69.0
TR02999,C038,5778,9218,78.5
TR02999,C039,2729,6087,94.5
TR02999,C044,2614,3507,73.1
TR02999,C045,0,4670,58.3
