from_zone_id,to_zone_id,distance_km
1.0,1.0,0.0
1.0,23.0,12.53
1.0,103.0,14.33
1.0,104.0,14.87
1.0,115.0,14.47
1.0,156.0,8.91
1.0,187.0,10.05
1.0,206.0,11.13
1.0,245.0,12.04
1.0,251.0,12.26
2.0,2.0,0.0
2.0,10.0,10.17
2.0,27.0,11.92
2.0,28.0,14.14
2.0,30.0,2.18
2.0,35.0,11.19
2.0,39.0,8.23
2.0,61.0,14.7
2.0,62.0,14.98
2.0,63.0,11.14
2.0,71.0,12.54
2.0,72.0,11.39
2.0,76.0,8.23
2.0,77.0,10.21
2.0,85.0,14.07
2.0,86.0,8.72
2.0,89.0,14.76
2.0,91.0,11.09
2.0,96.0,12.6
2.0,102.0,13.66
2.0,117.0,5.71
2.0,124.0,6.27
2.0,130.0,13.51
2.0,132.0,6.67
2.0,134.0,13.4
2.0,139.0,13.13
2.0,149.0,13.12
2.0,150.0,13.59
2.0,154.0,8.63
2.0,155.0,9.35
2.0,165.0,13.99
2.0,177.0,12.7
2.0,180.0,8.81
2.0,188.0,14.32
2.0,197.0,11.42
2.0,201.0,5.84
2.0,203.0,11.87
2.0,205.0,13.3
2.0,210.0,12.69
2.0,215.0,12.25
2.0,216.0,8.81
2.0,218.0,10.39
2.0,219.0,9.99
2.0,222.0,7.26
2.0,258.0,10.91
3.0,3.0,0.0
3.0,15.0,13.76
3.0,18.0,4.78
3.0,20.0,4.39
3.0,31.0,3.28
3.0,32.0,1.95
3.0,41.0,14.56
3.0,42.0,12.42
3.0,46.0,7.63
3.0,47.0,6.7
3.0,51.0,2.55
3.0,53.0,12.3
3.0,58.0,4.53
3.0,59.0,6.53
3.0,60.0,6.2
3.0,69.0,8.96
3.0,74.0,13.67
3.0,78.0,5.12
3.0,81.0,2.7
3.0,94.0,5.88
3.0,116.0,12.53
3.0,119.0,9.6
3.0,120.0,9.58
3.0,126.0,8.8
3.0,127.0,8.01
3.0,128.0,8.64
3.0,136.0,6.51
3.0,138.0,13.57
3.0,147.0,8.74
3.0,152.0,13.67
3.0,153.0,7.21
3.0,159.0,9.96
3.0,167.0,8.18
3.0,168.0,11.42
3.0,169.0,6.81
3.0,171.0,14.75
3.0,174.0,3.98
3.0,182.0,4.11
3.0,183.0,2.86
3.0,184.0,4.44
3.0,185.0,1.67
3.0,194.0,13.81
3.0,199.0,11.48
3.0,200.0,8.4
3.0,208.0,6.61
3.0,212.0,5.92
3.0,213.0,6.96
3.0,220.0,7.52
3.0,223.0,14.34
3.0,235.0,7.83
3.0,240.0,5.87
3.0,241.0,5.65
3.0,242.0,2.63
3.0,243.0,9.57
3.0,244.0,10.98
3.0,247.0,10.04
3.0,248.0,5.25
3.0,250.0,4.77
3.0,252.0,11.77
3.0,254.0,2.9
3.0,259.0,4.96
4.0,4.0,0.0
4.0,7.0,8.45
4.0,8.0,10.04
4.0,12.0,5.27
4.0,13.0,4.68
4.0,17.0,5.61
4.0,24.0,11.57
4.0,25.0,5.69
4.0,26.0,13.68
4.0,33.0,4.58
4.0,34.0,3.42
4.0,35.0,11.49
4.0,36.0,7.43
4.0,37.0,7.41
4.0,40.0,6.88
4.0,41.0,12.18
4.0,42.0,14.46
4.0,43.0,8.72
4.0,45.0,2.88
4.0,48.0,5.84
4.0,49.0,5.5
4.0,50.0,6.56
4.0,52.0,5.88
4.0,54.0,6.1
4.0,56.0,13.4
4.0,57.0,14.34
4.0,61.0,8.36
4.0,62.0,8.97
4.0,63.0,12.46
4.0,65.0,4.29
4.0,66.0,3.3
4.0,68.0,4.43
4.0,70.0,13.41
4.0,71.0,12.45
4.0,72.0,12.12
4.0,74.0,12.2
4.0,75.0,10.34
4.0,76.0,14.47
4.0,77.0,12.37
4.0,79.0,1.15
4.0,80.0,4.64
4.0,82.0,11.35
4.0,83.0,9.68
4.0,85.0,11.74
4.0,87.0,4.21
4.0,88.0,4.87
4.0,89.0,12.73
4.0,90.0,3.52
4.0,95.0,14.4
4.0,96.0,12.37
4.0,97.0,4.85
4.0,100.0,4.57
4.0,102.0,11.65
4.0,103.0,9.09
4.0,104.0,7.99
4.0,105.0,6.95
4.0,106.0,7.53
4.0,107.0,2.08
4.0,111.0,10.62
4.0,112.0,3.17
4.0,113.0,2.33
4.0,114.0,2.37
4.0,125.0,3.42
4.0,129.0,11.33
4.0,133.0,12.21
4.0,137.0,2.45
4.0,138.0,13.7
4.0,140.0,6.61
4.0,141.0,6.63
4.0,142.0,7.35
4.0,143.0,7.76
4.0,144.0,2.26
4.0,145.0,4.46
4.0,146.0,6.49
4.0,148.0,1.7
4.0,151.0,10.95
4.0,152.0,14.09
4.0,157.0,8.31
4.0,158.0,3.93
4.0,160.0,10.82
4.0,161.0,5.04
4.0,162.0,4.87
4.0,163.0,5.98
4.0,164.0,3.76
4.0,166.0,12.71
4.0,168.0,13.99
4.0,170.0,3.53
4.0,173.0,13.37
4.0,177.0,9.88
4.0,179.0,8.87
4.0,181.0,7.85
4.0,186.0,4.02
4.0,188.0,10.09
4.0,189.0,6.85
4.0,190.0,9.17
4.0,193.0,6.63
4.0,194.0,11.47
4.0,195.0,7.93
4.0,196.0,12.65
4.0,198.0,8.75
4.0,199.0,14.43
4.0,202.0,6.36
4.0,207.0,10.47
4.0,209.0,3.67
4.0,211.0,2.74
4.0,217.0,3.56
4.0,223.0,11.21
4.0,224.0,1.19
4.0,225.0,7.24
4.0,226.0,6.17
4.0,227.0,12.41
4.0,228.0,11.16
4.0,229.0,5.02
4.0,230.0,5.36
4.0,231.0,3.55
4.0,232.0,1.49
4.0,233.0,3.91
4.0,234.0,2.86
4.0,236.0,8.62
4.0,237.0,6.71
4.0,238.0,10.0
4.0,239.0,8.85
4.0,246.0,5.28
4.0,249.0,3.29
4.0,255.0,2.29
4.0,256.0,2.68
4.0,257.0,10.3
4.0,258.0,14.44
4.0,260.0,8.42
4.0,261.0,4.55
4.0,262.0,8.38
4.0,263.0,8.59
5.0,5.0,0.0
5.0,6.0,14.75
5.0,23.0,8.12
5.0,44.0,6.4
5.0,84.0,3.51
5.0,99.0,3.54
5.0,109.0,4.19
5.0,110.0,6.77
5.0,115.0,14.74
5.0,118.0,7.93
5.0,156.0,11.77
5.0,172.0,9.7
5.0,176.0,7.46
5.0,187.0,12.28
5.0,204.0,2.81
5.0,214.0,12.51
5.0,245.0,14.82
5.0,251.0,11.75
6.0,5.0,14.75
6.0,6.0,0.0
6.0,11.0,7.18
6.0,14.0,5.89
6.0,21.0,9.82
6.0,22.0,8.69
6.0,23.0,11.07
6.0,26.0,10.28
6.0,29.0,12.63
6.0,40.0,14.32
6.0,54.0,14.87
6.0,55.0,9.94
6.0,67.0,7.05
6.0,85.0,14.97
6.0,89.0,13.51
6.0,99.0,13.22
6.0,103.0,13.46
6.0,104.0,14.85
6.0,105.0,14.24
6.0,106.0,14.03
6.0,108.0,10.21
6.0,109.0,11.31
6.0,110.0,10.18
6.0,111.0,11.84
6.0,115.0,3.15
6.0,118.0,7.11
6.0,123.0,11.96
6.0,133.0,12.17
6.0,149.0,13.78
6.0,150.0,14.56
6.0,156.0,11.56
6.0,165.0,13.15
6.0,172.0,5.59
6.0,176.0,7.97
6.0,178.0,11.56
6.0,181.0,14.38
6.0,187.0,8.7
6.0,190.0,14.56
6.0,195.0,13.05
6.0,206.0,6.61
6.0,210.0,14.66
6.0,214.0,2.51
6.0,221.0,2.71
6.0,227.0,9.64
6.0,228.0,10.18
6.0,245.0,5.57
6.0,251.0,6.44
6.0,257.0,13.04
7.0,4.0,8.45
7.0,7.0,0.0
7.0,8.0,2.54
7.0,9.0,14.75
7.0,12.0,13.71
7.0,13.0,12.96
7.0,17.0,10.82
7.0,20.0,14.65
7.0,24.0,7.84
7.0,25.0,13.37
7.0,28.0,14.36
7.0,31.0,14.99
7.0,33.0,12.8
7.0,34.0,10.59
7.0,35.0,14.36
7.0,36.0,8.96
7.0,37.0,9.77
7.0,40.0,14.77
7.0,41.0,7.21
7.0,42.0,8.67
7.0,43.0,5.96
7.0,45.0,11.32
7.0,47.0,12.14
7.0,48.0,7.81
7.0,49.0,11.8
7.0,50.0,8.43
7.0,52.0,13.94
7.0,53.0,9.02
7.0,54.0,14.31
7.0,56.0,7.39
7.0,57.0,7.5
7.0,59.0,11.66
7.0,60.0,11.31
7.0,61.0,12.97
7.0,62.0,14.32
7.0,63.0,12.31
7.0,65.0,12.21
7.0,66.0,11.39
7.0,68.0,9.13
7.0,69.0,10.3
7.0,70.0,5.72
7.0,73.0,12.56
7.0,74.0,6.16
7.0,75.0,5.1
7.0,77.0,14.2
7.0,78.0,12.85
7.0,79.0,8.9
7.0,80.0,7.04
7.0,82.0,5.74
7.0,83.0,4.58
7.0,87.0,12.65
7.0,88.0,13.32
7.0,90.0,9.05
7.0,92.0,10.11
7.0,93.0,9.29
7.0,94.0,14.39
7.0,95.0,9.95
7.0,96.0,10.88
7.0,97.0,12.07
7.0,100.0,7.78
7.0,102.0,9.82
7.0,107.0,8.03
7.0,112.0,5.76
7.0,113.0,9.33
7.0,114.0,9.93
7.0,116.0,10.15
7.0,119.0,11.25
7.0,120.0,12.58
7.0,121.0,13.93
7.0,125.0,11.06
7.0,126.0,8.35
7.0,129.0,3.88
7.0,134.0,12.81
7.0,135.0,12.0
7.0,137.0,7.04
7.0,138.0,5.47
7.0,140.0,3.94
7.0,141.0,4.52
7.0,142.0,7.11
7.0,143.0,7.86
7.0,144.0,10.46
7.0,145.0,4.02
7.0,146.0,1.99
7.0,147.0,8.86
7.0,148.0,10.1
7.0,151.0,7.61
7.0,152.0,9.13
7.0,157.0,5.84
7.0,158.0,10.67
7.0,159.0,8.38
7.0,160.0,7.73
7.0,161.0,6.48
7.0,162.0,5.9
7.0,163.0,6.46
7.0,164.0,7.53
7.0,166.0,8.47
7.0,167.0,9.9
7.0,168.0,6.75
7.0,169.0,12.98
7.0,170.0,6.85
7.0,171.0,12.3
7.0,173.0,6.44
7.0,177.0,12.48
7.0,179.0,1.77
7.0,180.0,14.99
7.0,182.0,13.15
7.0,186.0,8.32
7.0,189.0,13.42
7.0,192.0,11.92
7.0,193.0,2.49
7.0,194.0,4.37
7.0,196.0,8.14
7.0,197.0,13.94
7.0,198.0,8.32
7.0,199.0,6.0
7.0,202.0,3.37
7.0,207.0,2.29
7.0,208.0,14.04
7.0,209.0,12.11
7.0,211.0,10.66
7.0,212.0,11.24
7.0,213.0,10.75
7.0,217.0,9.5
7.0,223.0,2.83
7.0,224.0,7.69
7.0,225.0,10.86
7.0,226.0,3.54
7.0,229.0,5.11
7.0,230.0,7.18
7.0,231.0,11.73
7.0,232.0,9.84
7.0,233.0,5.9
7.0,234.0,8.47
7.0,235.0,13.39
7.0,236.0,5.0
7.0,237.0,5.22
7.0,238.0,7.42
7.0,239.0,7.35
7.0,242.0,14.71
7.0,243.0,14.14
7.0,244.0,12.04
7.0,246.0,9.46
7.0,247.0,9.94
7.0,248.0,11.92
7.0,249.0,10.07
7.0,250.0,13.05
7.0,252.0,12.23
7.0,253.0,8.73
7.0,255.0,7.55
7.0,256.0,8.68
7.0,258.0,12.84
7.0,260.0,2.94
7.0,261.0,12.93
7.0,262.0,3.66
7.0,263.0,4.31
8.0,4.0,10.04
8.0,7.0,2.54
8.0,8.0,0.0
8.0,13.0,14.24
8.0,17.0,13.13
8.0,18.0,13.61
8.0,20.0,12.37
8.0,24.0,5.84
8.0,31.0,12.8
8.0,32.0,14.14
8.0,33.0,14.57
8.0,34.0,12.61
8.0,36.0,11.48
8.0,37.0,12.28
8.0,41.0,4.92
8.0,42.0,6.16
8.0,43.0,4.76
8.0,45.0,12.81
8.0,47.0,9.78
8.0,48.0,7.81
8.0,49.0,14.01
8.0,50.0,8.22
8.0,53.0,8.94
8.0,56.0,9.0
8.0,57.0,8.68
8.0,58.0,14.71
8.0,59.0,9.36
8.0,60.0,9.14
8.0,63.0,14.79
8.0,65.0,14.1
8.0,66.0,13.2
8.0,68.0,9.63
8.0,69.0,7.83
8.0,70.0,6.49
8.0,73.0,13.38
8.0,74.0,3.68
8.0,75.0,3.03
8.0,78.0,10.62
8.0,79.0,10.25
8.0,80.0,9.41
8.0,82.0,7.69
8.0,83.0,6.84
8.0,87.0,14.12
8.0,88.0,14.8
8.0,90.0,9.8
8.0,92.0,10.8
8.0,93.0,10.71
8.0,94.0,12.0
8.0,95.0,11.87
8.0,96.0,13.28
8.0,97.0,14.12
8.0,100.0,8.19
8.0,102.0,12.22
8.0,107.0,9.15
8.0,112.0,7.79
8.0,113.0,10.42
8.0,114.0,11.08
8.0,116.0,7.67
8.0,119.0,8.72
8.0,120.0,10.05
8.0,125.0,12.14
8.0,126.0,6.46
8.0,127.0,12.88
8.0,128.0,13.8
8.0,129.0,5.24
8.0,134.0,14.75
8.0,135.0,13.53
8.0,136.0,12.9
8.0,137.0,8.17
8.0,138.0,5.54
8.0,140.0,4.01
8.0,141.0,4.41
8.0,142.0,6.55
8.0,143.0,7.2
8.0,144.0,11.81
8.0,145.0,5.66
8.0,146.0,3.81
8.0,147.0,6.62
8.0,148.0,11.56
8.0,151.0,5.77
8.0,152.0,6.73
8.0,153.0,14.4
8.0,157.0,8.34
8.0,158.0,11.5
8.0,159.0,5.95
8.0,160.0,10.06
8.0,161.0,6.79
8.0,162.0,6.36
8.0,163.0,6.41
8.0,164.0,8.2
8.0,166.0,6.26
8.0,167.0,7.56
8.0,168.0,4.29
8.0,169.0,10.56
8.0,170.0,7.65
8.0,171.0,12.73
8.0,173.0,7.7
8.0,179.0,1.18
8.0,182.0,11.33
8.0,183.0,14.55
8.0,185.0,13.53
8.0,186.0,8.9
8.0,192.0,13.05
8.0,193.0,3.41
8.0,194.0,1.84
8.0,196.0,10.18
8.0,198.0,10.85
8.0,199.0,4.87
8.0,202.0,3.87
8.0,207.0,3.4
8.0,208.0,12.89
8.0,209.0,13.59
8.0,211.0,11.87
8.0,212.0,9.38
8.0,213.0,9.26
8.0,217.0,11.66
8.0,223.0,1.97
8.0,224.0,9.09
8.0,225.0,13.32
8.0,226.0,6.01
8.0,229.0,5.68
8.0,230.0,7.34
8.0,231.0,13.0
8.0,232.0,11.51
8.0,233.0,6.75
8.0,234.0,9.37
8.0,235.0,10.91
8.0,236.0,3.79
8.0,237.0,4.96
8.0,238.0,5.89
8.0,239.0,6.23
8.0,241.0,14.73
8.0,242.0,12.87
8.0,243.0,11.61
8.0,244.0,9.51
8.0,246.0,9.74
8.0,247.0,7.42
8.0,248.0,9.94
8.0,249.0,10.98
8.0,250.0,11.43
8.0,252.0,12.04
8.0,253.0,9.48
8.0,255.0,9.58
8.0,256.0,10.76
8.0,260.0,5.38
8.0,261.0,14.29
8.0,262.0,2.64
8.0,263.0,3.11
9.0,7.0,14.75
9.0,9.0,0.0
9.0,10.0,10.59
9.0,15.0,4.75
9.0,16.0,2.36
9.0,19.0,7.2
9.0,28.0,6.24
9.0,38.0,10.17
9.0,46.0,14.43
9.0,53.0,7.52
9.0,56.0,8.02
9.0,57.0,7.31
9.0,58.0,13.78
9.0,63.0,14.08
9.0,64.0,5.59
9.0,70.0,9.14
9.0,73.0,2.2
9.0,82.0,10.07
9.0,83.0,11.75
9.0,92.0,4.79
9.0,93.0,6.08
9.0,95.0,7.94
9.0,96.0,12.23
9.0,98.0,2.71
9.0,101.0,8.59
9.0,102.0,12.01
9.0,121.0,3.71
9.0,122.0,6.64
9.0,126.0,14.09
9.0,129.0,10.88
9.0,130.0,6.89
9.0,131.0,4.65
9.0,134.0,7.78
9.0,135.0,4.98
9.0,138.0,10.14
9.0,139.0,11.9
9.0,157.0,13.34
9.0,160.0,11.32
9.0,171.0,3.5
9.0,173.0,8.36
9.0,175.0,3.91
9.0,180.0,12.89
9.0,182.0,14.95
9.0,191.0,7.35
9.0,192.0,3.22
9.0,196.0,9.15
9.0,197.0,9.58
9.0,198.0,14.25
9.0,199.0,12.08
9.0,203.0,14.71
9.0,205.0,9.21
9.0,207.0,12.55
9.0,208.0,11.34
9.0,212.0,14.51
9.0,213.0,12.55
9.0,215.0,8.32
9.0,216.0,11.54
9.0,218.0,11.71
9.0,219.0,13.31
9.0,223.0,13.64
9.0,250.0,13.7
9.0,252.0,6.27
9.0,253.0,6.1
9.0,258.0,11.86
9.0,260.0,13.21
10.0,2.0,10.17
10.0,9.0,10.59
10.0,10.0,0.0
10.0,16.0,12.46
10.0,19.0,10.96
10.0,28.0,5.18
10.0,30.0,11.57
10.0,35.0,13.46
10.0,36.0,14.46
10.0,37.0,14.8
10.0,38.0,6.57
10.0,39.0,13.51
10.0,56.0,11.88
10.0,57.0,12.77
10.0,63.0,9.73
10.0,64.0,13.3
10.0,73.0,11.19
10.0,76.0,9.91
10.0,77.0,11.76
10.0,82.0,13.08
10.0,83.0,14.24
10.0,86.0,11.91
10.0,92.0,12.78
10.0,93.0,10.63
10.0,95.0,8.87
10.0,96.0,9.35
10.0,98.0,8.29
10.0,101.0,13.27
10.0,102.0,10.1
10.0,117.0,12.45
10.0,121.0,7.36
10.0,122.0,5.72
10.0,124.0,6.73
10.0,130.0,3.75
10.0,131.0,6.34
10.0,132.0,4.72
10.0,134.0,5.99
10.0,135.0,8.0
10.0,139.0,5.21
10.0,157.0,14.05
10.0,160.0,11.48
10.0,171.0,13.29
10.0,173.0,13.46
10.0,175.0,10.2
10.0,177.0,13.66
10.0,180.0,6.26
10.0,191.0,7.68
10.0,192.0,9.89
10.0,196.0,10.63
10.0,197.0,5.0
10.0,198.0,12.97
10.0,203.0,6.52
10.0,205.0,3.58
10.0,215.0,2.27
10.0,216.0,3.2
10.0,218.0,2.24
10.0,219.0,3.84
10.0,222.0,11.17
10.0,253.0,13.24
10.0,258.0,7.35
11.0,6.0,7.18
11.0,11.0,0.0
11.0,12.0,14.51
11.0,14.0,3.91
11.0,17.0,14.31
11.0,21.0,2.7
11.0,22.0,1.79
11.0,25.0,12.17
11.0,26.0,4.44
11.0,27.0,13.01
11.0,29.0,6.18
11.0,33.0,13.5
11.0,34.0,14.74
11.0,35.0,13.93
11.0,39.0,12.98
11.0,40.0,11.07
11.0,49.0,13.27
11.0,52.0,12.15
11.0,54.0,12.18
11.0,55.0,4.56
11.0,61.0,12.79
11.0,62.0,11.23
11.0,65.0,13.57
11.0,66.0,14.58
11.0,67.0,2.36
11.0,71.0,9.71
11.0,72.0,11.82
11.0,85.0,8.74
11.0,88.0,14.55
11.0,89.0,7.15
11.0,91.0,9.2
11.0,97.0,13.2
11.0,103.0,13.24
11.0,104.0,14.35
11.0,105.0,12.47
11.0,106.0,10.33
11.0,108.0,3.72
11.0,111.0,7.28
11.0,115.0,9.17
11.0,118.0,14.21
11.0,123.0,4.85
11.0,133.0,6.36
11.0,149.0,6.61
11.0,150.0,7.92
11.0,154.0,11.78
11.0,155.0,10.38
11.0,165.0,6.15
11.0,172.0,11.86
11.0,176.0,14.23
11.0,177.0,14.9
11.0,178.0,4.56
11.0,181.0,10.12
11.0,188.0,10.42
11.0,189.0,11.64
11.0,190.0,9.44
11.0,195.0,10.46
11.0,206.0,11.72
11.0,210.0,7.67
11.0,214.0,9.06
11.0,221.0,7.67
11.0,225.0,14.91
11.0,227.0,5.53
11.0,228.0,7.07
11.0,245.0,11.27
11.0,251.0,13.25
11.0,257.0,7.95
12.0,4.0,5.27
12.0,7.0,13.71
12.0,11.0,14.51
12.0,12.0,0.0
12.0,13.0,1.34
12.0,14.0,11.57
12.0,17.0,7.5
12.0,22.0,13.5
12.0,25.0,4.15
12.0,26.0,10.98
12.0,33.0,2.49
12.0,34.0,4.95
12.0,35.0,13.04
12.0,36.0,10.9
12.0,37.0,10.45
12.0,40.0,4.11
12.0,43.0,12.94
12.0,45.0,2.39
12.0,48.0,9.17
12.0,49.0,6.32
12.0,50.0,9.57
12.0,52.0,3.18
12.0,54.0,2.71
12.0,61.0,9.46
12.0,62.0,9.16
12.0,65.0,3.47
12.0,66.0,3.33
12.0,67.0,12.23
12.0,68.0,6.9
12.0,71.0,12.2
12.0,72.0,12.77
12.0,75.0,14.97
12.0,77.0,14.41
12.0,79.0,4.9
12.0,80.0,8.96
12.0,83.0,14.69
12.0,85.0,10.97
12.0,87.0,1.06
12.0,88.0,0.45
12.0,89.0,11.32
12.0,90.0,6.14
12.0,91.0,14.74
12.0,97.0,4.87
12.0,100.0,8.0
12.0,103.0,3.83
12.0,104.0,2.87
12.0,105.0,2.12
12.0,106.0,5.13
12.0,107.0,6.09
12.0,111.0,7.97
12.0,112.0,8.32
12.0,113.0,4.95
12.0,114.0,4.24
12.0,115.0,14.84
12.0,125.0,3.54
12.0,133.0,10.15
12.0,137.0,7.02
12.0,140.0,11.41
12.0,141.0,11.28
12.0,142.0,11.05
12.0,143.0,11.17
12.0,144.0,3.35
12.0,145.0,9.69
12.0,146.0,11.73
12.0,148.0,3.61
12.0,151.0,14.93
12.0,157.0,12.98
12.0,158.0,4.77
12.0,161.0,9.12
12.0,162.0,9.24
12.0,163.0,9.97
12.0,164.0,7.51
12.0,165.0,13.7
12.0,170.0,7.77
12.0,177.0,11.99
12.0,178.0,13.54
12.0,179.0,14.0
12.0,181.0,6.11
12.0,186.0,7.17
12.0,188.0,9.98
12.0,189.0,6.51
12.0,190.0,7.99
12.0,193.0,11.75
12.0,195.0,4.08
12.0,198.0,12.69
12.0,202.0,11.33
12.0,206.0,13.47
12.0,209.0,1.6
12.0,211.0,3.45
12.0,217.0,6.34
12.0,221.0,13.95
12.0,224.0,6.07
12.0,225.0,9.56
12.0,226.0,11.33
12.0,227.0,9.04
12.0,228.0,7.44
12.0,229.0,9.69
12.0,230.0,9.05
12.0,231.0,2.34
12.0,232.0,4.01
12.0,233.0,8.53
12.0,234.0,6.16
12.0,236.0,13.12
12.0,237.0,11.13
12.0,238.0,13.87
12.0,239.0,12.59
12.0,245.0,14.45
12.0,246.0,7.51
12.0,249.0,4.86
12.0,255.0,6.88
12.0,256.0,6.3
12.0,257.0,8.36
12.0,260.0,13.59
12.0,261.0,0.95
12.0,262.0,13.19
12.0,263.0,13.26
13.0,4.0,4.68
13.0,7.0,12.96
13.0,8.0,14.24
13.0,12.0,1.34
13.0,13.0,0.0
13.0,14.0,12.89
13.0,17.0,7.96
13.0,22.0,14.83
13.0,24.0,14.37
13.0,25.0,5.11
13.0,26.0,12.29
13.0,33.0,3.33
13.0,34.0,5.26
13.0,35.0,13.73
13.0,36.0,11.08
13.0,37.0,10.74
13.0,40.0,5.32
13.0,43.0,11.78
13.0,45.0,2.0
13.0,48.0,7.93
13.0,49.0,6.95
13.0,50.0,8.3
13.0,52.0,4.31
13.0,54.0,3.93
13.0,61.0,10.17
13.0,62.0,10.04
13.0,65.0,4.14
13.0,66.0,3.67
13.0,67.0,13.57
13.0,68.0,5.64
13.0,71.0,13.21
13.0,72.0,13.63
13.0,75.0,13.88
13.0,79.0,4.06
13.0,80.0,8.84
13.0,83.0,14.32
13.0,85.0,12.05
13.0,87.0,1.23
13.0,88.0,1.37
13.0,89.0,12.49
13.0,90.0,4.93
13.0,97.0,5.55
13.0,100.0,6.81
13.0,103.0,4.6
13.0,104.0,3.37
13.0,105.0,3.43
13.0,106.0,6.33
13.0,107.0,5.1
13.0,111.0,9.25
13.0,112.0,7.84
13.0,113.0,3.87
13.0,114.0,3.17
13.0,125.0,2.3
13.0,133.0,11.39
13.0,137.0,6.07
13.0,140.0,10.41
13.0,141.0,10.23
13.0,142.0,9.83
13.0,143.0,9.91
13.0,144.0,2.5
13.0,145.0,8.94
13.0,146.0,10.97
13.0,148.0,2.98
13.0,151.0,13.71
13.0,157.0,12.78
13.0,158.0,3.47
13.0,161.0,7.99
13.0,162.0,8.17
13.0,163.0,8.81
13.0,164.0,6.38
13.0,165.0,14.91
13.0,170.0,6.71
13.0,177.0,12.53
13.0,178.0,14.8
13.0,179.0,13.11
13.0,181.0,7.23
13.0,186.0,5.97
13.0,188.0,10.94
13.0,189.0,7.39
13.0,190.0,9.07
13.0,193.0,10.88
13.0,195.0,5.41
13.0,198.0,12.76
13.0,202.0,10.39
13.0,206.0,14.39
13.0,209.0,1.45
13.0,211.0,2.38
13.0,217.0,6.51
13.0,224.0,5.27
13.0,225.0,10.01
13.0,226.0,10.85
13.0,227.0,10.38
13.0,228.0,8.78
13.0,229.0,8.67
13.0,230.0,7.87
13.0,231.0,1.24
13.0,232.0,3.7
13.0,233.0,7.53
13.0,234.0,5.04
13.0,236.0,12.01
13.0,237.0,10.03
13.0,238.0,12.65
13.0,239.0,11.36
13.0,246.0,6.21
13.0,249.0,3.62
13.0,255.0,6.61
13.0,256.0,6.26
13.0,257.0,9.57
13.0,260.0,13.1
13.0,261.0,0.55
13.0,262.0,12.17
13.0,263.0,12.19
14.0,6.0,5.89
14.0,11.0,3.91
14.0,12.0,11.57
14.0,13.0,12.89
14.0,14.0,0.0
14.0,17.0,13.23
14.0,21.0,6.2
14.0,22.0,4.28
14.0,25.0,10.17
14.0,26.0,4.68
14.0,29.0,10.0
14.0,33.0,11.1
14.0,34.0,12.93
14.0,35.0,14.5
14.0,39.0,14.62
14.0,40.0,8.83
14.0,45.0,13.34
14.0,49.0,11.93
14.0,52.0,9.79
14.0,54.0,9.63
14.0,55.0,8.43
14.0,61.0,12.44
14.0,62.0,10.91
14.0,65.0,11.44
14.0,66.0,12.38
14.0,67.0,1.95
14.0,71.0,10.62
14.0,72.0,12.64
14.0,85.0,9.26
14.0,87.0,12.29
14.0,88.0,11.7
14.0,89.0,7.91
14.0,91.0,11.11
14.0,97.0,11.45
14.0,103.0,9.69
14.0,104.0,10.92
14.0,105.0,9.46
14.0,106.0,8.37
14.0,108.0,7.59
14.0,111.0,5.96
14.0,115.0,6.53
14.0,118.0,12.77
14.0,123.0,8.16
14.0,133.0,6.41
14.0,144.0,14.57
14.0,148.0,14.48
14.0,149.0,9.56
14.0,150.0,11.6
14.0,154.0,14.89
14.0,155.0,12.85
14.0,165.0,8.15
14.0,172.0,11.42
14.0,176.0,13.83
14.0,178.0,6.72
14.0,181.0,8.59
14.0,187.0,12.35
14.0,188.0,10.44
14.0,189.0,10.4
14.0,190.0,8.67
14.0,195.0,7.79
14.0,206.0,8.32
14.0,209.0,12.7
14.0,210.0,11.05
14.0,211.0,14.88
14.0,214.0,8.33
14.0,217.0,14.06
14.0,221.0,4.96
14.0,225.0,14.33
14.0,227.0,3.76
14.0,228.0,4.54
14.0,231.0,13.86
14.0,232.0,14.19
14.0,245.0,8.16
14.0,251.0,10.69
14.0,256.0,14.84
14.0,257.0,7.16
14.0,261.0,12.51
15.0,3.0,13.76
15.0,9.0,4.75
15.0,15.0,0.0
15.0,16.0,3.33
15.0,19.0,9.65
15.0,28.0,10.84
15.0,31.0,14.8
15.0,32.0,14.77
15.0,38.0,14.23
15.0,46.0,9.68
15.0,51.0,14.14
15.0,53.0,6.34
15.0,56.0,10.19
15.0,57.0,8.84
15.0,58.0,9.37
15.0,59.0,14.6
15.0,60.0,13.39
15.0,64.0,6.17
15.0,70.0,9.63
15.0,73.0,4.91
15.0,78.0,14.32
15.0,82.0,12.02
15.0,83.0,13.55
15.0,92.0,5.79
15.0,93.0,8.75
15.0,95.0,11.4
15.0,98.0,7.25
15.0,101.0,9.99
15.0,121.0,8.29
15.0,122.0,11.03
15.0,126.0,11.86
15.0,129.0,11.7
15.0,130.0,11.64
15.0,131.0,9.28
15.0,134.0,12.04
15.0,135.0,8.98
15.0,138.0,9.85
15.0,147.0,13.67
15.0,160.0,14.17
15.0,167.0,14.49
15.0,168.0,14.99
15.0,171.0,3.43
15.0,173.0,9.7
15.0,175.0,6.92
15.0,182.0,11.33
15.0,183.0,10.93
15.0,184.0,12.73
15.0,185.0,12.93
15.0,191.0,11.13
15.0,192.0,6.67
15.0,196.0,12.03
15.0,197.0,13.97
15.0,199.0,10.82
15.0,205.0,13.77
15.0,207.0,12.94
15.0,208.0,7.22
15.0,212.0,11.39
15.0,213.0,9.5
15.0,215.0,13.07
15.0,223.0,13.32
15.0,242.0,11.79
15.0,248.0,12.17
15.0,250.0,10.01
15.0,252.0,3.38
15.0,253.0,7.0
15.0,260.0,14.58
16.0,9.0,2.36
16.0,10.0,12.46
16.0,15.0,3.33
16.0,16.0,0.0
16.0,19.0,6.57
16.0,28.0,8.48
16.0,38.0,10.9
16.0,46.0,12.73
16.0,53.0,8.17
16.0,56.0,10.01
16.0,57.0,9.07
16.0,58.0,12.7
16.0,64.0,3.81
16.0,70.0,10.57
16.0,73.0,3.98
16.0,82.0,12.04
16.0,83.0,13.7
16.0,92.0,6.18
16.0,93.0,8.18
16.0,95.0,10.25
16.0,96.0,14.58
16.0,98.0,4.18
16.0,101.0,7.37
16.0,102.0,14.33
16.0,121.0,6.0
16.0,122.0,7.78
16.0,126.0,14.44
16.0,129.0,12.48
16.0,130.0,8.88
16.0,131.0,6.19
16.0,134.0,10.12
16.0,135.0,7.33
16.0,138.0,11.29
16.0,139.0,12.99
16.0,160.0,13.54
16.0,171.0,4.11
16.0,173.0,10.09
16.0,175.0,3.62
16.0,182.0,14.5
16.0,183.0,14.27
16.0,191.0,7.8
16.0,192.0,5.43
16.0,196.0,11.36
16.0,197.0,11.89
16.0,199.0,12.86
16.0,205.0,10.57
16.0,207.0,14.02
16.0,208.0,10.51
16.0,212.0,14.37
16.0,213.0,12.43
16.0,215.0,10.22
16.0,216.0,13.71
16.0,218.0,13.31
16.0,219.0,14.8
16.0,223.0,14.85
16.0,250.0,13.2
16.0,252.0,6.01
16.0,253.0,7.56
16.0,258.0,14.22
17.0,4.0,5.61
17.0,7.0,10.82
17.0,8.0,13.13
17.0,11.0,14.31
17.0,12.0,7.5
17.0,13.0,7.96
17.0,14.0,13.23
17.0,17.0,0.0
17.0,21.0,13.74
17.0,22.0,12.68
17.0,25.0,4.12
17.0,26.0,9.88
17.0,33.0,5.09
17.0,34.0,2.74
17.0,35.0,5.98
17.0,36.0,3.82
17.0,37.0,3.12
17.0,39.0,9.63
17.0,40.0,5.44
17.0,43.0,13.48
17.0,45.0,6.19
17.0,48.0,11.3
17.0,49.0,1.48
17.0,50.0,12.08
17.0,52.0,5.26
17.0,54.0,5.93
17.0,56.0,12.51
17.0,57.0,13.91
17.0,61.0,2.77
17.0,62.0,3.67
17.0,63.0,8.06
17.0,65.0,4.07
17.0,66.0,4.29
17.0,67.0,12.72
17.0,68.0,10.04
17.0,70.0,13.92
17.0,71.0,7.06
17.0,72.0,6.52
17.0,75.0,14.48
17.0,76.0,9.29
17.0,77.0,7.09
17.0,79.0,6.65
17.0,80.0,3.8
17.0,82.0,10.74
17.0,83.0,9.41
17.0,85.0,6.66
17.0,87.0,6.79
17.0,88.0,7.08
17.0,89.0,7.96
17.0,90.0,9.11
17.0,91.0,9.82
17.0,93.0,14.12
17.0,95.0,12.2
17.0,96.0,8.76
17.0,97.0,2.78
17.0,100.0,10.08
17.0,102.0,8.44
17.0,103.0,10.62
17.0,104.0,10.17
17.0,105.0,7.71
17.0,106.0,5.25
17.0,107.0,7.66
17.0,111.0,7.32
17.0,112.0,5.58
17.0,113.0,7.8
17.0,114.0,7.56
17.0,123.0,13.53
17.0,124.0,12.67
17.0,125.0,8.2
17.0,129.0,12.05
17.0,133.0,8.03
17.0,134.0,13.71
17.0,137.0,7.77
17.0,138.0,14.84
17.0,140.0,10.88
17.0,141.0,11.13
17.0,142.0,12.57
17.0,143.0,13.1
17.0,144.0,6.78
17.0,145.0,7.91
17.0,146.0,9.37
17.0,148.0,6.09
17.0,149.0,12.71
17.0,155.0,11.93
17.0,157.0,7.13
17.0,158.0,9.17
17.0,160.0,8.72
17.0,161.0,10.25
17.0,162.0,9.89
17.0,163.0,11.14
17.0,164.0,9.25
17.0,165.0,10.39
17.0,170.0,8.85
17.0,173.0,13.19
17.0,177.0,4.59
17.0,178.0,11.12
17.0,179.0,12.0
17.0,180.0,11.69
17.0,181.0,4.68
17.0,186.0,9.62
17.0,188.0,4.82
17.0,189.0,2.83
17.0,190.0,4.87
17.0,193.0,10.15
17.0,194.0,14.89
17.0,195.0,7.0
17.0,196.0,10.9
17.0,197.0,13.25
17.0,198.0,5.8
17.0,202.0,10.34
17.0,207.0,12.04
17.0,209.0,6.52
17.0,210.0,14.63
17.0,211.0,7.46
17.0,216.0,14.69
17.0,217.0,2.06
17.0,222.0,9.91
17.0,223.0,13.56
17.0,224.0,6.62
17.0,225.0,2.06
17.0,226.0,7.34
17.0,227.0,9.5
17.0,228.0,8.93
17.0,229.0,9.73
17.0,230.0,10.74
17.0,231.0,7.52
17.0,232.0,5.02
17.0,233.0,8.88
17.0,234.0,8.47
17.0,236.0,13.09
17.0,237.0,11.46
17.0,238.0,14.95
17.0,239.0,13.95
17.0,246.0,10.89
17.0,249.0,8.65
17.0,255.0,4.09
17.0,256.0,3.05
17.0,257.0,6.38
17.0,258.0,10.49
17.0,260.0,9.14
17.0,261.0,7.49
17.0,262.0,12.41
17.0,263.0,12.82
18.0,3.0,4.78
18.0,8.0,13.61
18.0,18.0,0.0
18.0,20.0,1.53
18.0,24.0,12.8
18.0,31.0,2.2
18.0,32.0,2.87
18.0,41.0,11.54
18.0,42.0,9.2
18.0,46.0,12.35
18.0,47.0,3.84
18.0,51.0,6.95
18.0,53.0,13.81
18.0,58.0,8.68
18.0,59.0,4.32
18.0,60.0,4.98
18.0,69.0,6.01
18.0,74.0,11.11
18.0,75.0,12.99
18.0,78.0,3.38
18.0,81.0,6.27
18.0,94.0,1.75
18.0,116.0,8.83
18.0,119.0,5.95
18.0,120.0,5.42
18.0,126.0,8.2
18.0,127.0,3.25
18.0,128.0,3.87
18.0,136.0,1.79
18.0,138.0,13.85
18.0,147.0,7.13
18.0,151.0,13.44
18.0,152.0,10.18
18.0,153.0,2.56
18.0,159.0,7.7
18.0,166.0,11.7
18.0,167.0,6.06
18.0,168.0,9.36
18.0,169.0,3.21
18.0,174.0,1.87
18.0,179.0,14.76
18.0,182.0,5.68
18.0,183.0,7.07
18.0,184.0,9.16
18.0,185.0,4.44
18.0,194.0,11.91
18.0,199.0,11.29
18.0,200.0,5.05
18.0,208.0,9.88
18.0,212.0,6.28
18.0,213.0,8.15
18.0,220.0,3.15
18.0,223.0,13.38
18.0,235.0,3.64
18.0,236.0,14.83
18.0,238.0,14.49
18.0,240.0,4.07
18.0,241.0,1.43
18.0,242.0,5.37
18.0,243.0,5.0
18.0,244.0,6.86
18.0,247.0,6.85
18.0,248.0,5.32
18.0,250.0,6.99
18.0,252.0,14.34
18.0,254.0,4.08
18.0,259.0,6.14
18.0,262.0,14.88
18.0,263.0,14.73
19.0,9.0,7.2
19.0,10.0,10.96
19.0,15.0,9.65
19.0,16.0,6.57
19.0,19.0,0.0
19.0,28.0,9.79
19.0,38.0,6.12
19.0,53.0,14.55
19.0,56.0,14.74
19.0,57.0,14.33
19.0,64.0,3.95
19.0,73.0,9.38
19.0,92.0,11.98
19.0,93.0,12.74
19.0,95.0,13.63
19.0,98.0,5.63
19.0,101.0,2.33
19.0,121.0,8.5
19.0,122.0,5.3
19.0,130.0,8.78
19.0,131.0,5.92
19.0,132.0,14.6
19.0,134.0,12.05
19.0,135.0,10.58
19.0,139.0,8.79
19.0,171.0,10.41
19.0,175.0,3.29
19.0,191.0,3.38
19.0,192.0,9.93
19.0,197.0,13.07
19.0,203.0,11.49
19.0,205.0,7.67
19.0,215.0,9.36
19.0,216.0,13.51
19.0,218.0,10.65
19.0,219.0,11.56
19.0,252.0,12.58
19.0,253.0,13.28
20.0,3.0,4.39
20.0,7.0,14.65
20.0,8.0,12.37
20.0,18.0,1.53
20.0,20.0,0.0
20.0,24.0,12.08
20.0,31.0,1.16
20.0,32.0,2.51
20.0,41.0,10.72
20.0,42.0,8.44
20.0,43.0,14.19
20.0,46.0,11.63
20.0,47.0,2.73
20.0,51.0,6.84
20.0,53.0,12.28
20.0,58.0,7.67
20.0,59.0,3.01
20.0,60.0,3.5
20.0,69.0,5.06
20.0,70.0,14.02
20.0,74.0,10.11
20.0,75.0,11.99
20.0,78.0,1.89
20.0,81.0,6.45
20.0,94.0,1.52
20.0,116.0,8.32
20.0,119.0,5.36
20.0,120.0,5.2
20.0,126.0,6.72
20.0,127.0,3.92
20.0,128.0,4.79
20.0,129.0,14.78
20.0,136.0,2.49
20.0,138.0,12.34
20.0,147.0,5.79
20.0,151.0,12.7
20.0,152.0,9.56
20.0,153.0,3.82
20.0,159.0,6.54
20.0,166.0,11.04
20.0,167.0,4.82
20.0,168.0,8.18
20.0,169.0,2.5
20.0,174.0,2.95
20.0,179.0,13.53
20.0,182.0,4.28
20.0,183.0,6.17
20.0,184.0,8.82
20.0,185.0,3.54
20.0,194.0,10.73
20.0,199.0,9.81
20.0,200.0,6.58
20.0,207.0,13.88
20.0,208.0,8.59
20.0,212.0,4.75
20.0,213.0,6.64
20.0,220.0,4.56
20.0,223.0,12.02
20.0,235.0,3.44
20.0,236.0,13.86
20.0,238.0,13.74
20.0,239.0,14.98
20.0,240.0,5.44
20.0,241.0,2.96
20.0,242.0,4.24
20.0,243.0,5.23
20.0,244.0,6.62
20.0,247.0,6.03
20.0,248.0,3.79
20.0,250.0,5.61
20.0,252.0,12.88
20.0,254.0,4.68
20.0,259.0,7.0
20.0,262.0,13.8
20.0,263.0,13.7
21.0,6.0,9.82
21.0,11.0,2.7
21.0,14.0,6.2
21.0,17.0,13.74
21.0,21.0,0.0
21.0,22.0,2.05
21.0,25.0,12.36
21.0,26.0,4.37
21.0,27.0,10.55
21.0,29.0,3.9
21.0,33.0,13.91
21.0,34.0,14.65
21.0,35.0,12.28
21.0,39.0,10.76
21.0,40.0,11.49
21.0,49.0,12.91
21.0,52.0,12.59
21.0,54.0,12.77
21.0,55.0,3.62
21.0,61.0,11.79
21.0,62.0,10.3
21.0,65.0,13.78
21.0,66.0,14.8
21.0,67.0,4.3
21.0,71.0,8.08
21.0,72.0,10.12
21.0,76.0,14.74
21.0,77.0,13.7
21.0,85.0,7.45
21.0,89.0,5.91
21.0,91.0,6.98
21.0,97.0,13.15
21.0,103.0,14.68
21.0,105.0,13.41
21.0,106.0,10.6
21.0,108.0,1.92
21.0,111.0,7.47
21.0,115.0,11.86
21.0,123.0,2.15
21.0,133.0,5.8
21.0,149.0,3.97
21.0,150.0,5.4
21.0,154.0,9.08
21.0,155.0,7.84
21.0,165.0,4.12
21.0,172.0,14.21
21.0,177.0,13.5
21.0,178.0,2.75
21.0,181.0,10.12
21.0,188.0,9.32
21.0,189.0,11.32
21.0,190.0,8.98
21.0,195.0,11.24
21.0,206.0,14.32
21.0,210.0,4.98
21.0,214.0,11.55
21.0,221.0,10.35
21.0,222.0,13.13
21.0,225.0,13.96
21.0,227.0,6.38
21.0,228.0,8.08
21.0,245.0,13.93
21.0,257.0,7.68
22.0,6.0,8.69
22.0,11.0,1.79
22.0,12.0,13.5
22.0,13.0,14.83
22.0,14.0,4.28
22.0,17.0,12.68
22.0,21.0,2.05
22.0,22.0,0.0
22.0,25.0,10.82
22.0,26.0,2.84
22.0,27.0,12.54
22.0,29.0,5.95
22.0,33.0,12.26
22.0,34.0,13.28
22.0,35.0,12.13
22.0,37.0,14.61
22.0,39.0,11.29
22.0,40.0,9.83
22.0,45.0,14.71
22.0,49.0,11.7
22.0,52.0,10.92
22.0,54.0,11.03
22.0,55.0,5.23
22.0,61.0,11.06
22.0,62.0,9.5
22.0,65.0,12.24
22.0,66.0,13.26
22.0,67.0,2.33
22.0,71.0,7.92
22.0,72.0,10.04
22.0,76.0,15.0
22.0,77.0,13.68
22.0,85.0,6.95
22.0,87.0,13.95
22.0,88.0,13.5
22.0,89.0,5.36
22.0,91.0,7.54
22.0,97.0,11.75
22.0,103.0,12.68
22.0,104.0,13.67
22.0,105.0,11.54
22.0,106.0,9.01
22.0,108.0,3.82
22.0,111.0,5.88
22.0,115.0,10.34
22.0,123.0,3.88
22.0,133.0,4.67
22.0,149.0,5.35
22.0,150.0,7.4
22.0,154.0,10.67
22.0,155.0,8.91
22.0,165.0,4.46
22.0,172.0,13.58
22.0,177.0,13.11
22.0,178.0,2.87
22.0,181.0,8.67
22.0,188.0,8.66
22.0,189.0,10.08
22.0,190.0,7.82
22.0,195.0,9.42
22.0,206.0,12.55
22.0,209.0,14.24
22.0,210.0,6.78
22.0,214.0,10.72
22.0,217.0,14.06
22.0,221.0,8.79
22.0,222.0,13.59
22.0,225.0,13.19
22.0,227.0,4.48
22.0,228.0,6.15
22.0,245.0,12.26
22.0,251.0,14.5
22.0,257.0,6.37
22.0,261.0,14.36
23.0,1.0,12.53
23.0,5.0,8.12
23.0,6.0,11.07
23.0,23.0,0.0
23.0,44.0,13.76
23.0,84.0,11.55
23.0,99.0,4.68
23.0,109.0,8.3
23.0,110.0,10.07
23.0,115.0,9.4
23.0,118.0,5.13
23.0,156.0,3.67
23.0,172.0,8.92
23.0,176.0,8.45
23.0,187.0,4.62
23.0,204.0,10.53
23.0,206.0,9.0
23.0,214.0,9.93
23.0,221.0,10.97
23.0,245.0,8.33
23.0,251.0,5.3
24.0,4.0,11.57
24.0,7.0,7.84
24.0,8.0,5.84
24.0,13.0,14.37
24.0,18.0,12.8
24.0,20.0,12.08
24.0,24.0,0.0
24.0,31.0,12.95
24.0,32.0,14.44
24.0,34.0,14.87
24.0,41.0,1.62
24.0,42.0,3.65
24.0,43.0,2.87
24.0,45.0,13.65
24.0,47.0,9.41
24.0,48.0,6.44
24.0,50.0,6.2
24.0,53.0,14.0
24.0,56.0,14.84
24.0,57.0,14.47
24.0,59.0,9.51
24.0,60.0,10.03
24.0,66.0,14.82
24.0,68.0,8.75
24.0,69.0,7.09
24.0,70.0,12.21
24.0,74.0,3.13
24.0,75.0,2.81
24.0,78.0,10.92
24.0,79.0,11.16
24.0,80.0,13.12
24.0,82.0,13.46
24.0,83.0,12.41
24.0,87.0,14.75
24.0,90.0,9.45
24.0,94.0,11.06
24.0,100.0,7.58
24.0,107.0,9.8
24.0,112.0,10.8
24.0,113.0,10.69
24.0,114.0,11.39
24.0,116.0,4.14
24.0,119.0,6.85
24.0,120.0,7.66
24.0,125.0,12.07
24.0,126.0,9.02
24.0,127.0,10.74
24.0,128.0,11.33
24.0,129.0,11.08
24.0,136.0,11.43
24.0,137.0,9.13
24.0,138.0,11.0
24.0,140.0,5.5
24.0,141.0,5.19
24.0,142.0,4.53
24.0,143.0,4.55
24.0,144.0,12.42
24.0,145.0,8.52
24.0,146.0,7.8
24.0,147.0,7.85
24.0,148.0,12.53
24.0,151.0,0.66
24.0,152.0,2.69
24.0,153.0,12.5
24.0,157.0,13.44
24.0,158.0,10.97
24.0,159.0,6.33
24.0,161.0,6.6
24.0,162.0,6.7
24.0,163.0,5.68
24.0,164.0,8.15
24.0,166.0,1.18
24.0,167.0,7.97
24.0,168.0,5.47
24.0,169.0,9.65
24.0,170.0,8.1
24.0,173.0,13.52
24.0,174.0,14.66
24.0,179.0,6.09
24.0,182.0,13.07
24.0,185.0,14.57
24.0,186.0,8.41
24.0,193.0,6.66
24.0,194.0,4.83
24.0,199.0,9.36
24.0,202.0,6.14
24.0,207.0,9.24
24.0,209.0,14.3
24.0,211.0,12.16
24.0,212.0,11.33
24.0,213.0,12.18
24.0,217.0,14.43
24.0,220.0,13.32
24.0,223.0,7.6
24.0,224.0,10.38
24.0,226.0,10.48
24.0,229.0,6.65
24.0,230.0,6.54
24.0,231.0,13.24
24.0,232.0,12.97
24.0,233.0,7.67
24.0,234.0,9.48
24.0,235.0,9.26
24.0,236.0,3.3
24.0,237.0,4.9
24.0,238.0,1.73
24.0,239.0,3.03
24.0,241.0,13.45
24.0,242.0,14.38
24.0,243.0,8.89
24.0,244.0,6.43
24.0,246.0,8.34
24.0,247.0,6.06
24.0,248.0,11.4
24.0,249.0,10.75
24.0,250.0,13.74
24.0,255.0,12.26
24.0,256.0,13.4
24.0,260.0,10.74
24.0,261.0,14.63
24.0,262.0,4.37
24.0,263.0,3.77
25.0,4.0,5.69
25.0,7.0,13.37
25.0,11.0,12.17
25.0,12.0,4.15
25.0,13.0,5.11
25.0,14.0,10.17
25.0,17.0,4.12
25.0,21.0,12.36
25.0,22.0,10.82
25.0,25.0,0.0
25.0,26.0,8.03
25.0,33.0,1.81
25.0,34.0,2.78
25.0,35.0,9.02
25.0,36.0,7.92
25.0,37.0,7.24
25.0,39.0,11.88
25.0,40.0,1.45
25.0,43.0,14.41
25.0,45.0,4.16
25.0,48.0,11.26
25.0,49.0,2.67
25.0,50.0,11.88
25.0,52.0,1.19
25.0,54.0,1.88
25.0,61.0,5.46
25.0,62.0,5.01
25.0,63.0,12.02
25.0,65.0,1.42
25.0,66.0,2.44
25.0,67.0,10.16
25.0,68.0,9.35
25.0,71.0,8.1
25.0,72.0,8.62
25.0,76.0,12.69
25.0,77.0,10.48
25.0,79.0,6.17
25.0,80.0,7.01
25.0,82.0,14.48
25.0,83.0,13.01
25.0,85.0,6.96
25.0,87.0,3.92
25.0,88.0,3.84
25.0,89.0,7.54
25.0,90.0,8.41
25.0,91.0,10.71
25.0,96.0,12.86
25.0,97.0,1.46
25.0,100.0,9.97
25.0,102.0,12.57
25.0,103.0,6.62
25.0,104.0,6.38
25.0,105.0,3.7
25.0,106.0,1.85
25.0,107.0,7.52
25.0,108.0,14.27
25.0,111.0,4.94
25.0,112.0,7.62
25.0,113.0,6.95
25.0,114.0,6.4
25.0,123.0,12.8
25.0,125.0,6.43
25.0,133.0,6.7
25.0,137.0,8.12
25.0,140.0,12.24
25.0,141.0,12.3
25.0,142.0,12.94
25.0,143.0,13.27
25.0,144.0,5.31
25.0,145.0,9.7
25.0,146.0,11.58
25.0,148.0,4.92
25.0,149.0,12.57
25.0,155.0,13.07
25.0,157.0,10.9
25.0,158.0,7.69
25.0,160.0,12.75
25.0,161.0,10.67
25.0,162.0,10.55
25.0,163.0,11.61
25.0,164.0,9.24
25.0,165.0,10.04
25.0,170.0,9.16
25.0,177.0,8.18
25.0,178.0,10.18
25.0,179.0,14.17
25.0,181.0,2.3
25.0,186.0,9.26
25.0,188.0,5.84
25.0,189.0,2.37
25.0,190.0,4.01
25.0,193.0,12.02
25.0,195.0,2.96
25.0,196.0,14.91
25.0,198.0,9.88
25.0,202.0,11.9
25.0,206.0,14.64
25.0,209.0,3.96
25.0,210.0,14.64
25.0,211.0,5.87
25.0,217.0,4.07
25.0,221.0,13.83
25.0,222.0,12.83
25.0,224.0,6.86
25.0,225.0,6.05
25.0,226.0,10.26
25.0,227.0,6.74
25.0,228.0,5.63
25.0,229.0,10.7
25.0,230.0,10.9
25.0,231.0,5.3
25.0,232.0,4.29
25.0,233.0,9.6
25.0,234.0,8.05
25.0,236.0,14.3
25.0,237.0,12.4
25.0,239.0,14.47
25.0,246.0,10.14
25.0,249.0,7.43
25.0,255.0,5.82
25.0,256.0,4.72
25.0,257.0,4.79
25.0,258.0,14.52
25.0,260.0,12.37
25.0,261.0,4.57
25.0,262.0,13.98
25.0,263.0,14.23
26.0,4.0,13.68
26.0,6.0,10.28
26.0,11.0,4.44
26.0,12.0,10.98
26.0,13.0,12.29
26.0,14.0,4.68
26.0,17.0,9.88
26.0,21.0,4.37
26.0,22.0,2.84
26.0,25.0,8.03
26.0,26.0,0.0
26.0,27.0,13.92
26.0,29.0,7.95
26.0,33.0,9.54
26.0,34.0,10.44
26.0,35.0,9.98
26.0,36.0,12.91
26.0,37.0,11.96
26.0,39.0,9.95
26.0,40.0,7.13
26.0,45.0,12.01
26.0,49.0,8.86
26.0,52.0,8.22
26.0,54.0,8.41
26.0,55.0,7.92
26.0,61.0,8.43
26.0,62.0,6.85
26.0,63.0,14.54
26.0,65.0,9.45
26.0,66.0,10.47
26.0,67.0,3.25
26.0,71.0,5.97
26.0,72.0,8.03
26.0,76.0,13.2
26.0,77.0,11.63
26.0,79.0,14.19
26.0,80.0,13.67
26.0,85.0,4.69
26.0,87.0,11.33
26.0,88.0,10.93
26.0,89.0,3.25
26.0,91.0,6.56
26.0,97.0,8.91
26.0,103.0,10.7
26.0,104.0,11.52
26.0,105.0,9.14
26.0,106.0,6.25
26.0,108.0,6.29
26.0,111.0,3.11
26.0,113.0,14.93
26.0,114.0,14.33
26.0,115.0,11.2
26.0,123.0,5.29
26.0,125.0,14.15
26.0,133.0,1.98
26.0,144.0,13.23
26.0,148.0,12.92
26.0,149.0,5.91
26.0,150.0,8.94
26.0,154.0,11.04
26.0,155.0,8.51
26.0,165.0,3.84
26.0,177.0,10.71
26.0,178.0,2.86
26.0,181.0,5.84
26.0,188.0,6.14
26.0,189.0,7.24
26.0,190.0,5.01
26.0,195.0,6.93
26.0,198.0,14.72
26.0,206.0,12.71
26.0,209.0,11.59
26.0,210.0,7.83
26.0,211.0,13.72
26.0,214.0,12.58
26.0,217.0,11.22
26.0,221.0,9.63
26.0,222.0,12.07
26.0,224.0,14.87
26.0,225.0,10.51
26.0,227.0,2.4
26.0,228.0,4.02
26.0,231.0,12.92
26.0,232.0,12.31
26.0,245.0,12.71
26.0,255.0,13.36
26.0,256.0,12.16
26.0,257.0,3.53
26.0,261.0,11.79
27.0,2.0,11.92
27.0,11.0,13.01
27.0,21.0,10.55
27.0,22.0,12.54
27.0,26.0,13.92
27.0,27.0,0.0
27.0,29.0,6.84
27.0,30.0,11.5
27.0,39.0,11.6
27.0,55.0,9.39
27.0,67.0,14.84
27.0,71.0,12.96
27.0,72.0,13.78
27.0,85.0,13.69
27.0,89.0,13.02
27.0,91.0,10.18
27.0,108.0,9.34
27.0,117.0,14.02
27.0,123.0,8.76
27.0,133.0,14.22
27.0,149.0,8.13
27.0,150.0,5.15
27.0,154.0,5.07
27.0,155.0,8.18
27.0,165.0,10.63
27.0,178.0,11.07
27.0,201.0,7.58
27.0,210.0,6.1
27.0,222.0,13.24
28.0,2.0,14.14
28.0,7.0,14.36
28.0,9.0,6.24
28.0,10.0,5.18
28.0,15.0,10.84
28.0,16.0,8.48
28.0,19.0,9.79
28.0,28.0,0.0
28.0,35.0,13.29
28.0,36.0,12.24
28.0,37.0,12.87
28.0,38.0,8.53
28.0,39.0,14.81
28.0,53.0,10.87
28.0,56.0,7.09
28.0,57.0,7.74
28.0,63.0,8.74
28.0,64.0,10.56
28.0,70.0,10.1
28.0,73.0,6.25
28.0,76.0,10.62
28.0,77.0,11.69
28.0,80.0,14.27
28.0,82.0,8.65
28.0,83.0,10.08
28.0,92.0,7.61
28.0,93.0,5.57
28.0,95.0,4.57
28.0,96.0,7.31
28.0,98.0,4.85
28.0,101.0,11.99
28.0,102.0,7.55
28.0,121.0,2.56
28.0,122.0,5.3
28.0,124.0,8.81
28.0,129.0,10.85
28.0,130.0,1.96
28.0,131.0,3.87
28.0,132.0,9.8
28.0,134.0,2.28
28.0,135.0,2.83
28.0,138.0,11.72
28.0,139.0,8.79
28.0,157.0,10.58
28.0,160.0,8.0
28.0,171.0,8.34
28.0,173.0,8.53
28.0,175.0,7.56
28.0,177.0,12.76
28.0,180.0,6.79
28.0,191.0,7.5
28.0,192.0,4.78
28.0,196.0,6.44
28.0,197.0,3.52
28.0,198.0,10.38
28.0,199.0,14.29
28.0,203.0,11.03
28.0,205.0,5.89
28.0,207.0,12.69
28.0,215.0,3.2
28.0,216.0,5.34
28.0,218.0,7.03
28.0,219.0,8.77
28.0,222.0,12.48
28.0,223.0,14.47
28.0,225.0,14.14
28.0,226.0,13.46
28.0,252.0,11.28
28.0,253.0,8.06
28.0,258.0,6.22
28.0,260.0,11.87
29.0,6.0,12.63
29.0,11.0,6.18
29.0,14.0,10.0
29.0,21.0,3.9
29.0,22.0,5.95
29.0,26.0,7.95
29.0,27.0,6.84
29.0,29.0,0.0
29.0,35.0,13.44
29.0,39.0,10.82
29.0,40.0,14.92
29.0,55.0,3.03
29.0,61.0,13.94
29.0,62.0,12.63
29.0,67.0,8.15
29.0,71.0,9.65
29.0,72.0,11.34
29.0,77.0,14.54
29.0,85.0,9.62
29.0,89.0,8.36
29.0,91.0,7.5
29.0,106.0,13.97
29.0,108.0,2.5
29.0,111.0,10.93
29.0,123.0,2.81
29.0,133.0,8.91
29.0,149.0,3.81
29.0,150.0,1.96
29.0,154.0,6.78
29.0,155.0,7.11
29.0,165.0,5.89
29.0,178.0,5.43
29.0,181.0,13.31
29.0,188.0,11.52
29.0,189.0,14.2
29.0,190.0,11.87
29.0,195.0,14.87
29.0,201.0,13.12
29.0,210.0,2.82
29.0,214.0,13.86
29.0,221.0,13.7
29.0,222.0,13.13
29.0,227.0,10.16
29.0,228.0,11.87
29.0,257.0,10.82
30.0,2.0,2.18
30.0,10.0,11.57
30.0,27.0,11.5
30.0,30.0,0.0
30.0,35.0,13.23
30.0,39.0,10.02
30.0,63.0,13.32
30.0,71.0,14.22
30.0,72.0,13.26
30.0,76.0,10.39
30.0,77.0,12.32
30.0,86.0,7.43
30.0,91.0,12.49
30.0,96.0,14.76
30.0,117.0,3.86
30.0,124.0,8.4
30.0,132.0,7.47
30.0,139.0,13.81
30.0,149.0,14.05
30.0,150.0,13.97
30.0,154.0,9.1
30.0,155.0,10.51
30.0,177.0,14.79
30.0,180.0,10.91
30.0,197.0,13.37
30.0,201.0,4.47
30.0,203.0,12.14
30.0,205.0,14.41
30.0,210.0,13.31
30.0,215.0,13.75
30.0,216.0,10.63
30.0,218.0,11.42
30.0,219.0,10.7
30.0,222.0,9.31
30.0,258.0,13.03
31.0,3.0,3.28
31.0,7.0,14.99
31.0,8.0,12.8
31.0,15.0,14.8
31.0,18.0,2.2
31.0,20.0,1.16
31.0,24.0,12.95
31.0,31.0,0.0
31.0,32.0,1.49
31.0,41.0,11.53
31.0,42.0,9.31
31.0,43.0,14.94
31.0,46.0,10.48
31.0,47.0,3.54
31.0,51.0,5.77
31.0,53.0,11.87
31.0,58.0,6.58
31.0,59.0,3.56
31.0,60.0,3.68
31.0,69.0,5.87
31.0,70.0,13.91
31.0,74.0,10.8
31.0,75.0,12.67
31.0,78.0,2.19
31.0,81.0,5.51
31.0,94.0,2.68
31.0,116.0,9.3
31.0,119.0,6.36
31.0,120.0,6.3
31.0,126.0,6.81
31.0,127.0,5.03
31.0,128.0,5.85
31.0,129.0,14.81
31.0,136.0,3.56
31.0,138.0,12.26
31.0,147.0,6.18
31.0,151.0,13.56
31.0,152.0,10.5
31.0,153.0,4.72
31.0,159.0,7.15
31.0,166.0,11.95
31.0,167.0,5.36
31.0,168.0,8.73
31.0,169.0,3.54
31.0,174.0,2.88
31.0,179.0,13.97
31.0,182.0,3.53
31.0,183.0,5.05
31.0,184.0,7.69
31.0,185.0,2.4
31.0,194.0,11.24
31.0,199.0,9.83
31.0,200.0,7.08
31.0,207.0,14.04
31.0,208.0,7.69
31.0,212.0,4.44
31.0,213.0,6.18
31.0,220.0,5.34
31.0,223.0,12.28
31.0,235.0,4.57
31.0,236.0,14.55
31.0,238.0,14.57
31.0,240.0,5.47
31.0,241.0,3.56
31.0,242.0,3.2
31.0,243.0,6.39
31.0,244.0,7.71
31.0,247.0,6.9
31.0,248.0,3.49
31.0,250.0,4.81
31.0,252.0,12.21
31.0,253.0,14.78
31.0,254.0,4.04
31.0,259.0,6.46
31.0,262.0,14.4
31.0,263.0,14.34
32.0,3.0,1.95
32.0,8.0,14.14
32.0,15.0,14.77
32.0,18.0,2.87
32.0,20.0,2.51
32.0,24.0,14.44
32.0,31.0,1.49
32.0,32.0,0.0
32.0,41.0,13.02
32.0,42.0,10.8
32.0,46.0,9.49
32.0,47.0,5.03
32.0,51.0,4.33
32.0,53.0,12.47
32.0,58.0,5.96
32.0,59.0,5.02
32.0,60.0,5.0
32.0,69.0,7.36
32.0,70.0,14.81
32.0,74.0,12.27
32.0,75.0,14.12
32.0,78.0,3.62
32.0,81.0,4.01
32.0,94.0,3.95
32.0,116.0,10.78
32.0,119.0,7.83
32.0,120.0,7.7
32.0,126.0,7.98
32.0,127.0,6.06
32.0,128.0,6.73
32.0,136.0,4.57
32.0,138.0,13.22
32.0,147.0,7.54
32.0,152.0,11.99
32.0,153.0,5.36
32.0,159.0,8.59
32.0,166.0,13.44
32.0,167.0,6.8
32.0,168.0,10.14
32.0,169.0,4.99
32.0,174.0,2.49
32.0,182.0,3.94
32.0,183.0,4.3
32.0,184.0,6.38
32.0,185.0,1.83
32.0,194.0,12.63
32.0,199.0,10.9
32.0,200.0,7.02
32.0,208.0,7.55
32.0,212.0,5.34
32.0,213.0,6.83
32.0,220.0,5.77
32.0,223.0,13.51
32.0,235.0,5.93
32.0,240.0,4.89
32.0,241.0,3.88
32.0,242.0,2.99
32.0,243.0,7.63
32.0,244.0,9.13
32.0,247.0,8.39
32.0,248.0,4.47
32.0,250.0,5.03
32.0,252.0,12.43
32.0,254.0,2.75
32.0,259.0,5.19
33.0,4.0,4.58
33.0,7.0,12.8
33.0,8.0,14.57
33.0,11.0,13.5
33.0,12.0,2.49
33.0,13.0,3.33
33.0,14.0,11.1
33.0,17.0,5.09
33.0,21.0,13.91
33.0,22.0,12.26
33.0,25.0,1.81
33.0,26.0,9.54
33.0,33.0,0.0
33.0,34.0,2.78
33.0,35.0,10.55
33.0,36.0,8.66
33.0,37.0,8.13
33.0,39.0,13.6
33.0,40.0,2.44
33.0,43.0,13.16
33.0,45.0,2.47
33.0,48.0,9.78
33.0,49.0,3.84
33.0,50.0,10.35
33.0,52.0,1.35
33.0,54.0,1.52
33.0,61.0,6.97
33.0,62.0,6.72
33.0,63.0,13.15
33.0,65.0,1.02
33.0,66.0,1.42
33.0,67.0,11.37
33.0,68.0,7.75
33.0,71.0,9.89
33.0,72.0,10.33
33.0,75.0,14.9
33.0,76.0,14.14
33.0,77.0,11.92
33.0,79.0,4.79
33.0,80.0,7.11
33.0,82.0,14.63
33.0,83.0,13.06
33.0,85.0,8.76
33.0,87.0,2.11
33.0,88.0,2.12
33.0,89.0,9.31
33.0,90.0,6.83
33.0,91.0,12.52
33.0,96.0,13.77
33.0,97.0,2.38
33.0,100.0,8.51
33.0,102.0,13.35
33.0,103.0,5.64
33.0,104.0,5.09
33.0,105.0,2.84
33.0,106.0,3.31
33.0,107.0,6.15
33.0,111.0,6.43
33.0,112.0,7.1
33.0,113.0,5.4
33.0,114.0,4.78
33.0,123.0,14.48
33.0,125.0,4.68
33.0,133.0,8.38
33.0,137.0,6.88
33.0,140.0,11.19
33.0,141.0,11.18
33.0,142.0,11.54
33.0,143.0,11.81
33.0,144.0,3.69
33.0,145.0,8.93
33.0,146.0,10.91
33.0,148.0,3.43
33.0,149.0,14.33
33.0,155.0,14.87
33.0,157.0,11.14
33.0,158.0,5.96
33.0,160.0,13.24
33.0,161.0,9.35
33.0,162.0,9.3
33.0,163.0,10.27
33.0,164.0,7.83
33.0,165.0,11.79
33.0,170.0,7.85
33.0,177.0,9.51
33.0,178.0,11.85
33.0,179.0,13.39
33.0,181.0,4.04
33.0,186.0,7.75
33.0,188.0,7.61
33.0,189.0,4.07
33.0,190.0,5.81
33.0,193.0,11.18
33.0,195.0,3.35
33.0,198.0,10.53
33.0,202.0,10.94
33.0,206.0,14.55
33.0,207.0,14.64
33.0,209.0,2.16
33.0,211.0,4.18
33.0,217.0,4.25
33.0,221.0,14.28
33.0,222.0,14.42
33.0,224.0,5.68
33.0,225.0,7.14
33.0,226.0,9.98
33.0,227.0,7.98
33.0,228.0,6.62
33.0,229.0,9.56
33.0,230.0,9.48
33.0,231.0,3.52
33.0,232.0,3.1
33.0,233.0,8.41
33.0,234.0,6.56
33.0,236.0,13.14
33.0,237.0,11.19
33.0,238.0,14.31
33.0,239.0,13.08
33.0,246.0,8.5
33.0,249.0,5.76
33.0,255.0,5.4
33.0,256.0,4.52
33.0,257.0,6.48
33.0,260.0,12.19
33.0,261.0,2.78
33.0,262.0,12.96
33.0,263.0,13.15
34.0,4.0,3.42
34.0,7.0,10.59
34.0,8.0,12.61
34.0,11.0,14.74
34.0,12.0,4.95
34.0,13.0,5.26
34.0,14.0,12.93
34.0,17.0,2.74
34.0,21.0,14.65
34.0,22.0,13.28
34.0,24.0,14.87
34.0,25.0,2.78
34.0,26.0,10.44
34.0,33.0,2.78
34.0,34.0,0.0
34.0,35.0,8.68
34.0,36.0,5.95
34.0,37.0,5.52
34.0,39.0,12.18
34.0,40.0,4.21
34.0,43.0,12.01
34.0,45.0,3.45
34.0,48.0,9.26
34.0,49.0,2.13
34.0,50.0,9.97
34.0,52.0,3.53
34.0,54.0,4.06
34.0,56.0,13.85
34.0,61.0,5.26
34.0,62.0,5.62
34.0,63.0,10.65
34.0,65.0,1.85
34.0,66.0,1.63
34.0,67.0,12.83
34.0,68.0,7.68
34.0,70.0,14.67
34.0,71.0,9.09
34.0,72.0,8.96
34.0,75.0,13.4
34.0,76.0,12.03
34.0,77.0,9.83
34.0,79.0,4.26
34.0,80.0,4.38
34.0,82.0,11.91
34.0,83.0,10.38
34.0,85.0,8.32
34.0,87.0,4.14
34.0,88.0,4.5
34.0,89.0,9.31
34.0,90.0,6.73
34.0,91.0,11.86
34.0,95.0,14.08
34.0,96.0,11.11
34.0,97.0,1.53
34.0,100.0,7.98
34.0,102.0,10.63
34.0,103.0,8.41
34.0,104.0,7.75
34.0,105.0,5.62
34.0,106.0,4.56
34.0,107.0,5.47
34.0,111.0,7.46
34.0,112.0,4.85
34.0,113.0,5.32
34.0,114.0,4.98
34.0,123.0,14.82
34.0,125.0,5.5
34.0,129.0,12.66
34.0,133.0,8.86
34.0,137.0,5.84
34.0,140.0,9.67
34.0,141.0,9.79
34.0,142.0,10.75
34.0,143.0,11.19
34.0,144.0,4.11
34.0,145.0,7.0
34.0,146.0,8.83
34.0,148.0,3.44
34.0,149.0,14.31
34.0,151.0,14.27
34.0,155.0,14.11
34.0,157.0,8.38
34.0,158.0,6.55
34.0,160.0,10.47
34.0,161.0,8.43
34.0,162.0,8.2
34.0,163.0,9.37
34.0,164.0,7.18
34.0,165.0,11.84
34.0,170.0,6.94
34.0,173.0,14.24
34.0,177.0,7.33
34.0,178.0,12.26
34.0,179.0,11.43
34.0,180.0,14.31
34.0,181.0,4.62
34.0,186.0,7.39
34.0,188.0,6.72
34.0,189.0,3.43
34.0,190.0,5.76
34.0,193.0,9.32
34.0,194.0,14.22
34.0,195.0,5.63
34.0,196.0,12.57
34.0,198.0,7.78
34.0,202.0,9.27
34.0,207.0,12.25
34.0,209.0,3.81
34.0,211.0,4.78
34.0,217.0,1.47
34.0,222.0,12.61
34.0,223.0,13.42
34.0,224.0,4.59
34.0,225.0,4.75
34.0,226.0,7.49
34.0,227.0,9.42
34.0,228.0,8.4
34.0,229.0,8.24
34.0,230.0,8.78
34.0,231.0,4.78
34.0,232.0,2.43
34.0,233.0,7.21
34.0,234.0,6.18
34.0,236.0,11.8
34.0,237.0,9.97
34.0,238.0,13.35
34.0,239.0,12.24
34.0,246.0,8.53
34.0,249.0,6.08
34.0,255.0,3.05
34.0,256.0,1.94
34.0,257.0,6.98
34.0,258.0,12.97
34.0,260.0,9.63
34.0,261.0,4.81
34.0,262.0,11.37
34.0,263.0,11.66
35.0,2.0,11.19
35.0,4.0,11.49
35.0,7.0,14.36
35.0,10.0,13.46
35.0,11.0,13.93
35.0,12.0,13.04
35.0,13.0,13.73
35.0,14.0,14.5
35.0,17.0,5.98
35.0,21.0,12.28
35.0,22.0,12.13
35.0,25.0,9.02
35.0,26.0,9.98
35.0,28.0,13.29
35.0,29.0,13.44
35.0,30.0,13.23
35.0,33.0,10.55
35.0,34.0,8.68
35.0,35.0,0.0
35.0,36.0,5.42
35.0,37.0,4.74
35.0,39.0,3.99
35.0,40.0,9.8
35.0,45.0,12.1
35.0,49.0,6.78
35.0,52.0,10.18
35.0,54.0,10.86
35.0,56.0,12.73
35.0,57.0,14.36
35.0,61.0,3.58
35.0,62.0,4.31
35.0,63.0,4.61
35.0,65.0,9.61
35.0,66.0,10.1
35.0,67.0,13.24
35.0,71.0,4.23
35.0,72.0,2.17
35.0,76.0,3.75
35.0,77.0,1.7
35.0,79.0,12.58
35.0,80.0,8.1
35.0,82.0,11.68
35.0,83.0,11.1
35.0,85.0,5.3
35.0,87.0,12.52
35.0,88.0,12.67
35.0,89.0,6.82
35.0,91.0,5.96
35.0,93.0,13.65
35.0,95.0,10.94
35.0,96.0,6.48
35.0,97.0,8.2
35.0,102.0,6.96
35.0,105.0,12.65
35.0,106.0,9.06
35.0,107.0,13.48
35.0,108.0,13.63
35.0,111.0,9.07
35.0,112.0,10.57
35.0,113.0,13.74
35.0,114.0,13.54
35.0,123.0,11.16
35.0,124.0,7.32
35.0,125.0,14.17
35.0,129.0,13.98
35.0,130.0,14.24
35.0,132.0,14.0
35.0,133.0,8.1
35.0,134.0,11.15
35.0,135.0,13.7
35.0,137.0,13.43
35.0,144.0,12.76
35.0,145.0,12.7
35.0,146.0,13.53
35.0,148.0,12.07
35.0,149.0,9.64
35.0,150.0,12.8
35.0,154.0,10.37
35.0,155.0,7.27
35.0,157.0,8.85
35.0,160.0,8.66
35.0,164.0,14.96
35.0,165.0,8.17
35.0,170.0,14.45
35.0,173.0,14.03
35.0,177.0,1.89
35.0,178.0,9.57
35.0,180.0,7.24
35.0,181.0,7.98
35.0,188.0,4.21
35.0,189.0,6.69
35.0,190.0,6.54
35.0,193.0,14.58
35.0,195.0,11.14
35.0,196.0,10.51
35.0,197.0,9.9
35.0,198.0,6.31
35.0,201.0,14.64
35.0,207.0,14.73
35.0,209.0,12.32
35.0,210.0,11.08
35.0,211.0,13.44
35.0,215.0,14.01
35.0,216.0,10.26
35.0,217.0,7.96
35.0,222.0,3.93
35.0,224.0,12.4
35.0,225.0,4.29
35.0,226.0,10.94
35.0,227.0,11.0
35.0,228.0,11.37
35.0,229.0,14.93
35.0,231.0,13.43
35.0,232.0,11.0
35.0,233.0,14.28
35.0,234.0,14.33
35.0,249.0,14.62
35.0,255.0,9.61
35.0,256.0,8.83
35.0,257.0,7.69
35.0,258.0,7.07
35.0,260.0,11.79
35.0,261.0,13.22
36.0,4.0,7.43
36.0,7.0,8.96
36.0,8.0,11.48
36.0,10.0,14.46
36.0,12.0,10.9
36.0,13.0,11.08
36.0,17.0,3.82
36.0,25.0,7.92
36.0,26.0,12.91
36.0,28.0,12.24
36.0,33.0,8.66
36.0,34.0,5.95
36.0,35.0,5.42
36.0,36.0,0.0
36.0,37.0,0.96
36.0,39.0,9.39
36.0,40.0,9.26
36.0,43.0,13.17
36.0,45.0,9.12
36.0,48.0,12.11
36.0,49.0,5.3
36.0,50.0,12.94
36.0,52.0,9.03
36.0,53.0,14.46
36.0,54.0,9.68
36.0,56.0,8.89
36.0,57.0,10.38
36.0,61.0,4.52
36.0,62.0,6.07
36.0,63.0,5.04
36.0,65.0,7.65
36.0,66.0,7.57
36.0,68.0,11.54
36.0,70.0,10.74
36.0,71.0,8.56
36.0,72.0,7.09
36.0,73.0,14.6
36.0,74.0,14.95
36.0,75.0,13.51
36.0,76.0,7.38
36.0,77.0,5.57
36.0,79.0,8.57
36.0,80.0,3.04
36.0,82.0,7.29
36.0,83.0,6.24
36.0,85.0,8.83
36.0,87.0,10.04
36.0,88.0,10.45
36.0,89.0,10.38
36.0,90.0,10.75
36.0,91.0,10.98
36.0,92.0,13.31
36.0,93.0,10.39
36.0,95.0,8.38
36.0,96.0,5.16
36.0,97.0,6.52
36.0,100.0,11.1
36.0,102.0,4.69
36.0,103.0,14.29
36.0,104.0,13.7
36.0,105.0,11.41
36.0,106.0,9.04
36.0,107.0,9.11
36.0,111.0,10.75
36.0,112.0,5.54
36.0,113.0,9.74
36.0,114.0,9.76
36.0,121.0,13.47
36.0,124.0,10.21
36.0,125.0,10.69
36.0,129.0,9.09
36.0,130.0,13.79
36.0,133.0,10.94
36.0,134.0,9.97
36.0,135.0,11.5
36.0,137.0,8.79
36.0,138.0,11.91
36.0,140.0,10.4
36.0,141.0,10.82
36.0,142.0,12.88
36.0,143.0,13.54
36.0,144.0,9.31
36.0,145.0,7.45
36.0,146.0,8.12
36.0,148.0,8.58
36.0,149.0,14.43
36.0,155.0,12.61
36.0,157.0,3.85
36.0,158.0,11.35
36.0,160.0,4.94
36.0,161.0,10.77
36.0,162.0,10.25
36.0,163.0,11.51
36.0,164.0,10.3
36.0,165.0,12.47
36.0,170.0,9.69
36.0,173.0,9.77
36.0,177.0,3.53
36.0,178.0,13.54
36.0,179.0,10.5
36.0,180.0,8.68
36.0,181.0,8.36
36.0,186.0,10.9
36.0,188.0,6.97
36.0,189.0,6.49
36.0,190.0,8.07
36.0,192.0,13.06
36.0,193.0,9.19
36.0,194.0,13.32
36.0,195.0,10.82
36.0,196.0,7.13
36.0,197.0,9.7
36.0,198.0,1.99
36.0,199.0,13.87
36.0,202.0,9.7
36.0,207.0,9.54
36.0,209.0,9.65
36.0,211.0,9.94
36.0,215.0,14.14
36.0,216.0,11.51
36.0,217.0,4.58
36.0,222.0,8.71
36.0,223.0,11.38
36.0,224.0,8.01
36.0,225.0,2.4
36.0,226.0,5.52
36.0,227.0,12.95
36.0,228.0,12.59
36.0,229.0,9.8
36.0,230.0,11.43
36.0,231.0,10.35
36.0,232.0,7.56
36.0,233.0,9.33
36.0,234.0,9.99
36.0,236.0,12.53
36.0,237.0,11.34
36.0,238.0,14.75
36.0,239.0,14.01
36.0,246.0,12.35
36.0,249.0,10.72
36.0,253.0,12.26
36.0,255.0,5.17
36.0,256.0,4.94
36.0,257.0,9.61
36.0,258.0,7.11
36.0,260.0,6.55
36.0,261.0,10.69
36.0,262.0,11.53
36.0,263.0,12.08
37.0,4.0,7.41
37.0,7.0,9.77
37.0,8.0,12.28
37.0,10.0,14.8
37.0,12.0,10.45
37.0,13.0,10.74
37.0,17.0,3.12
37.0,22.0,14.61
37.0,25.0,7.24
37.0,26.0,11.96
37.0,28.0,12.87
37.0,33.0,8.13
37.0,34.0,5.52
37.0,35.0,4.74
37.0,36.0,0.96
37.0,37.0,0.0
37.0,39.0,8.73
37.0,40.0,8.53
37.0,43.0,13.73
37.0,45.0,8.83
37.0,48.0,12.42
37.0,49.0,4.58
37.0,50.0,13.24
37.0,52.0,8.38
37.0,54.0,9.05
37.0,56.0,9.81
37.0,57.0,11.32
37.0,61.0,3.56
37.0,62.0,5.12
37.0,63.0,5.17
37.0,65.0,7.11
37.0,66.0,7.14
37.0,68.0,11.68
37.0,70.0,11.69
37.0,71.0,7.65
37.0,72.0,6.26
37.0,75.0,14.2
37.0,76.0,7.11
37.0,77.0,5.14
37.0,79.0,8.56
37.0,80.0,3.4
37.0,82.0,8.24
37.0,83.0,7.19
37.0,85.0,7.88
37.0,87.0,9.65
37.0,88.0,10.01
37.0,89.0,9.42
37.0,90.0,10.84
37.0,91.0,10.12
37.0,92.0,14.23
37.0,93.0,11.27
37.0,95.0,9.16
37.0,96.0,5.65
37.0,97.0,5.89
37.0,100.0,11.35
37.0,102.0,5.33
37.0,103.0,13.72
37.0,104.0,13.21
37.0,105.0,10.82
37.0,106.0,8.24
37.0,107.0,9.22
37.0,111.0,9.84
37.0,112.0,5.91
37.0,113.0,9.74
37.0,114.0,9.69
37.0,121.0,14.21
37.0,123.0,14.71
37.0,124.0,10.16
37.0,125.0,10.54
37.0,129.0,10.03
37.0,130.0,14.34
37.0,133.0,9.99
37.0,134.0,10.59
37.0,135.0,12.27
37.0,137.0,9.0
37.0,138.0,12.86
37.0,140.0,10.97
37.0,141.0,11.36
37.0,142.0,13.31
37.0,143.0,13.95
37.0,144.0,9.14
37.0,145.0,7.97
37.0,146.0,8.81
37.0,148.0,8.41
37.0,149.0,13.53
37.0,155.0,11.82
37.0,157.0,4.8
37.0,158.0,11.31
37.0,160.0,5.81
37.0,161.0,11.13
37.0,162.0,10.64
37.0,163.0,11.91
37.0,164.0,10.53
37.0,165.0,11.53
37.0,170.0,9.96
37.0,173.0,10.72
37.0,177.0,2.86
37.0,178.0,12.59
37.0,179.0,11.27
37.0,180.0,8.84
37.0,181.0,7.51
37.0,186.0,11.08
37.0,188.0,6.02
37.0,189.0,5.65
37.0,190.0,7.14
37.0,192.0,13.9
37.0,193.0,9.84
37.0,194.0,14.11
37.0,195.0,10.09
37.0,196.0,8.0
37.0,197.0,10.17
37.0,198.0,2.84
37.0,199.0,14.8
37.0,202.0,10.3
37.0,207.0,10.45
37.0,209.0,9.3
37.0,211.0,9.79
37.0,215.0,14.61
37.0,216.0,11.77
37.0,217.0,4.25
37.0,222.0,8.26
37.0,223.0,12.25
37.0,224.0,8.12
37.0,225.0,1.47
37.0,226.0,6.28
37.0,227.0,12.04
37.0,228.0,11.72
37.0,229.0,10.25
37.0,230.0,11.76
37.0,231.0,10.1
37.0,232.0,7.36
37.0,233.0,9.69
37.0,234.0,10.1
37.0,236.0,13.14
37.0,237.0,11.84
37.0,239.0,14.5
37.0,246.0,12.5
37.0,249.0,10.69
37.0,253.0,13.2
37.0,255.0,5.25
37.0,256.0,4.8
37.0,257.0,8.68
37.0,258.0,7.46
37.0,260.0,7.45
37.0,261.0,10.32
37.0,262.0,12.19
37.0,263.0,12.72
38.0,9.0,10.17
38.0,10.0,6.57
38.0,15.0,14.23
38.0,16.0,10.9
38.0,19.0,6.12
38.0,28.0,8.53
38.0,38.0,0.0
38.0,64.0,9.74
38.0,73.0,11.87
38.0,86.0,13.66
38.0,92.0,14.28
38.0,93.0,13.56
38.0,95.0,13.1
38.0,98.0,7.5
38.0,101.0,8.06
38.0,121.0,8.96
38.0,122.0,3.72
38.0,124.0,13.28
38.0,130.0,6.67
38.0,131.0,5.94
38.0,132.0,8.97
38.0,134.0,10.56
38.0,135.0,10.76
38.0,139.0,2.71
38.0,171.0,13.64
38.0,175.0,7.41
38.0,180.0,12.71
38.0,191.0,3.17
38.0,192.0,11.46
38.0,196.0,14.97
38.0,197.0,10.62
38.0,203.0,5.37
38.0,205.0,3.11
38.0,215.0,6.17
38.0,216.0,9.71
38.0,218.0,5.3
38.0,219.0,5.72
38.0,258.0,13.41
39.0,2.0,8.23
39.0,10.0,13.51
39.0,11.0,12.98
39.0,14.0,14.62
39.0,17.0,9.63
39.0,21.0,10.76
39.0,22.0,11.29
39.0,25.0,11.88
39.0,26.0,9.95
39.0,27.0,11.6
39.0,28.0,14.81
39.0,29.0,10.82
39.0,30.0,10.02
39.0,33.0,13.6
39.0,34.0,12.18
39.0,35.0,3.99
39.0,36.0,9.39
39.0,37.0,8.73
39.0,39.0,0.0
39.0,40.0,12.3
39.0,49.0,10.11
39.0,52.0,12.94
39.0,54.0,13.56
39.0,55.0,13.29
39.0,61.0,6.93
39.0,62.0,6.88
39.0,63.0,7.14
39.0,65.0,12.77
39.0,66.0,13.43
39.0,67.0,12.98
39.0,71.0,4.35
39.0,72.0,3.27
39.0,76.0,4.22
39.0,77.0,4.21
39.0,80.0,12.08
39.0,83.0,14.75
39.0,85.0,5.9
39.0,89.0,6.82
39.0,91.0,3.79
39.0,95.0,13.54
39.0,96.0,9.2
39.0,97.0,11.4
39.0,102.0,9.98
39.0,106.0,11.38
39.0,108.0,11.65
39.0,111.0,10.28
39.0,112.0,14.53
39.0,117.0,13.85
39.0,123.0,9.11
39.0,124.0,6.78
39.0,132.0,12.67
39.0,133.0,8.52
39.0,134.0,12.97
39.0,149.0,7.25
39.0,150.0,9.75
39.0,154.0,6.53
39.0,155.0,3.85
39.0,157.0,12.62
39.0,160.0,11.99
39.0,165.0,6.83
39.0,177.0,5.87
39.0,178.0,8.43
39.0,180.0,8.05
39.0,181.0,10.26
39.0,188.0,6.12
39.0,189.0,9.53
39.0,190.0,8.44
39.0,195.0,13.37
39.0,196.0,13.55
39.0,197.0,11.29
39.0,198.0,10.05
39.0,201.0,10.81
39.0,210.0,8.13
39.0,215.0,14.67
39.0,216.0,10.54
39.0,217.0,11.68
39.0,218.0,14.96
39.0,222.0,2.38
39.0,225.0,8.18
39.0,226.0,14.89
39.0,227.0,11.69
39.0,228.0,12.59
39.0,232.0,14.58
39.0,255.0,13.48
39.0,256.0,12.62
39.0,257.0,9.01
39.0,258.0,8.9
40.0,4.0,6.88
40.0,6.0,14.32
40.0,7.0,14.77
40.0,11.0,11.07
40.0,12.0,4.11
40.0,13.0,5.32
40.0,14.0,8.83
40.0,17.0,5.44
40.0,21.0,11.49
40.0,22.0,9.83
40.0,25.0,1.45
40.0,26.0,7.13
40.0,29.0,14.92
40.0,33.0,2.44
40.0,34.0,4.21
40.0,35.0,9.8
40.0,36.0,9.26
40.0,37.0,8.53
40.0,39.0,12.3
40.0,40.0,0.0
40.0,45.0,4.89
40.0,48.0,12.22
40.0,49.0,3.95
40.0,50.0,12.78
40.0,52.0,1.1
40.0,54.0,1.41
40.0,61.0,6.35
40.0,62.0,5.57
40.0,63.0,13.13
40.0,65.0,2.61
40.0,66.0,3.57
40.0,67.0,8.96
40.0,68.0,10.18
40.0,71.0,8.24
40.0,72.0,9.1
40.0,76.0,13.53
40.0,77.0,11.35
40.0,79.0,7.2
40.0,80.0,8.46
40.0,83.0,14.45
40.0,85.0,6.92
40.0,87.0,4.25
40.0,88.0,3.95
40.0,89.0,7.2
40.0,90.0,9.26
40.0,91.0,10.68
40.0,96.0,14.09
40.0,97.0,2.9
40.0,100.0,10.94
40.0,102.0,13.85
40.0,103.0,5.71
40.0,104.0,5.76
40.0,105.0,2.93
40.0,106.0,1.02
40.0,107.0,8.57
40.0,108.0,13.42
40.0,111.0,4.02
40.0,112.0,9.01
40.0,113.0,7.84
40.0,114.0,7.22
40.0,115.0,13.61
40.0,123.0,12.15
40.0,125.0,7.03
40.0,133.0,6.08
40.0,137.0,9.25
40.0,140.0,13.48
40.0,141.0,13.51
40.0,142.0,13.96
40.0,143.0,14.24
40.0,144.0,6.12
40.0,145.0,11.04
40.0,146.0,12.95
40.0,148.0,5.86
40.0,149.0,12.13
40.0,155.0,13.06
40.0,157.0,12.32
40.0,158.0,8.33
40.0,160.0,14.12
40.0,161.0,11.76
40.0,162.0,11.68
40.0,163.0,12.68
40.0,164.0,10.26
40.0,165.0,9.6
40.0,170.0,10.25
40.0,177.0,9.17
40.0,178.0,9.52
40.0,181.0,2.07
40.0,186.0,10.18
40.0,188.0,6.18
40.0,189.0,3.17
40.0,190.0,3.96
40.0,193.0,13.34
40.0,195.0,1.57
40.0,198.0,11.23
40.0,202.0,13.18
40.0,206.0,13.23
40.0,209.0,4.47
40.0,210.0,14.2
40.0,211.0,6.59
40.0,217.0,5.52
40.0,221.0,12.39
40.0,222.0,13.47
40.0,224.0,8.02
40.0,225.0,7.25
40.0,226.0,11.7
40.0,227.0,5.56
40.0,228.0,4.29
40.0,229.0,11.89
40.0,230.0,11.91
40.0,231.0,5.82
40.0,232.0,5.41
40.0,233.0,10.77
40.0,234.0,9.0
40.0,237.0,13.56
40.0,245.0,13.92
40.0,246.0,10.92
40.0,249.0,8.17
40.0,255.0,7.23
40.0,256.0,6.14
40.0,257.0,4.25
40.0,260.0,13.81
40.0,261.0,4.79
41.0,3.0,14.56
41.0,4.0,12.18
41.0,7.0,7.21
41.0,8.0,4.92
41.0,18.0,11.54
41.0,20.0,10.72
41.0,24.0,1.62
41.0,31.0,11.53
41.0,32.0,13.02
41.0,41.0,0.0
41.0,42.0,2.36
41.0,43.0,3.58
41.0,45.0,14.47
41.0,47.0,8.01
41.0,48.0,7.53
41.0,50.0,7.43
41.0,53.0,12.56
41.0,56.0,13.84
41.0,57.0,13.34
41.0,59.0,8.04
41.0,60.0,8.49
41.0,68.0,9.84
41.0,69.0,5.67
41.0,70.0,11.02
41.0,74.0,1.62
41.0,75.0,2.19
41.0,78.0,9.45
41.0,79.0,11.92
41.0,80.0,13.17
41.0,82.0,12.61
41.0,83.0,11.72
41.0,90.0,10.44
41.0,94.0,9.79
41.0,100.0,8.56
41.0,107.0,10.57
41.0,112.0,11.0
41.0,113.0,11.58
41.0,114.0,12.29
41.0,116.0,3.35
41.0,119.0,5.67
41.0,120.0,6.66
41.0,125.0,13.07
41.0,126.0,7.41
41.0,127.0,9.76
41.0,128.0,10.45
41.0,129.0,10.09
41.0,136.0,10.29
41.0,137.0,9.8
41.0,138.0,9.7
41.0,140.0,5.72
41.0,141.0,5.57
41.0,142.0,5.63
41.0,143.0,5.81
41.0,144.0,13.27
41.0,145.0,8.67
41.0,146.0,7.59
41.0,147.0,6.25
41.0,148.0,13.3
41.0,151.0,2.1
41.0,152.0,2.03
41.0,153.0,11.48
41.0,157.0,13.01
41.0,158.0,12.04
41.0,159.0,4.74
41.0,160.0,14.92
41.0,161.0,7.42
41.0,162.0,7.39
41.0,163.0,6.56
41.0,164.0,9.02
41.0,166.0,1.39
41.0,167.0,6.43
41.0,168.0,3.86
41.0,169.0,8.35
41.0,170.0,8.85
41.0,173.0,12.43
41.0,174.0,13.4
41.0,179.0,5.45
41.0,182.0,11.49
41.0,183.0,14.87
41.0,185.0,13.06
41.0,186.0,9.4
41.0,193.0,6.55
41.0,194.0,3.56
41.0,199.0,7.88
41.0,200.0,14.85
41.0,202.0,6.24
41.0,207.0,8.28
41.0,208.0,14.49
41.0,211.0,13.08
41.0,212.0,9.72
41.0,213.0,10.56
41.0,217.0,14.78
41.0,220.0,12.35
41.0,223.0,6.46
41.0,224.0,11.02
41.0,226.0,10.23
41.0,229.0,7.17
41.0,230.0,7.5
41.0,231.0,14.2
41.0,232.0,13.63
41.0,233.0,8.28
41.0,234.0,10.37
41.0,235.0,8.11
41.0,236.0,3.57
41.0,237.0,5.49
41.0,238.0,3.05
41.0,239.0,4.27
41.0,241.0,12.3
41.0,242.0,12.82
41.0,243.0,8.03
41.0,244.0,5.61
41.0,246.0,9.52
41.0,247.0,4.7
41.0,248.0,9.83
41.0,249.0,11.75
41.0,250.0,12.14
41.0,253.0,13.83
41.0,255.0,12.59
41.0,256.0,13.77
41.0,260.0,10.15
41.0,262.0,4.21
41.0,263.0,3.76
42.0,3.0,12.42
42.0,4.0,14.46
42.0,7.0,8.67
42.0,8.0,6.16
42.0,18.0,9.2
42.0,20.0,8.44
42.0,24.0,3.65
42.0,31.0,9.31
42.0,32.0,10.8
42.0,41.0,2.36
42.0,42.0,0.0
42.0,43.0,5.94
42.0,47.0,5.77
42.0,48.0,9.88
42.0,50.0,9.75
42.0,51.0,14.97
42.0,53.0,12.21
42.0,56.0,14.52
42.0,57.0,13.77
42.0,58.0,13.83
42.0,59.0,5.91
42.0,60.0,6.53
42.0,68.0,12.2
42.0,69.0,3.46
42.0,70.0,11.41
42.0,74.0,2.54
42.0,75.0,4.19
42.0,78.0,7.3
42.0,79.0,14.24
42.0,81.0,14.81
42.0,82.0,13.57
42.0,83.0,12.94
42.0,90.0,12.8
42.0,94.0,7.45
42.0,100.0,10.92
42.0,107.0,12.9
42.0,112.0,13.08
42.0,113.0,13.93
42.0,114.0,14.64
42.0,116.0,1.55
42.0,119.0,3.31
42.0,120.0,4.34
42.0,126.0,6.22
42.0,127.0,7.43
42.0,128.0,8.17
42.0,129.0,10.88
42.0,136.0,7.93
42.0,137.0,12.11
42.0,138.0,9.87
42.0,140.0,7.91
42.0,141.0,7.83
42.0,142.0,7.98
42.0,143.0,8.12
42.0,145.0,10.75
42.0,146.0,9.44
42.0,147.0,4.66
42.0,151.0,4.27
42.0,152.0,1.45
42.0,153.0,9.14
42.0,157.0,14.5
42.0,158.0,14.4
42.0,159.0,3.11
42.0,161.0,9.76
42.0,162.0,9.71
42.0,163.0,8.91
42.0,164.0,11.37
42.0,166.0,2.67
42.0,167.0,4.49
42.0,168.0,3.11
42.0,169.0,6.02
42.0,170.0,11.18
42.0,173.0,12.97
42.0,174.0,11.06
42.0,179.0,7.0
42.0,182.0,9.65
42.0,183.0,12.98
42.0,185.0,10.99
42.0,186.0,11.76
42.0,193.0,8.52
42.0,194.0,4.39
42.0,199.0,7.6
42.0,200.0,12.54
42.0,202.0,8.35
42.0,207.0,9.22
42.0,208.0,13.07
42.0,212.0,8.04
42.0,213.0,9.2
42.0,220.0,10.02
42.0,223.0,7.18
42.0,224.0,13.32
42.0,226.0,11.98
42.0,229.0,9.44
42.0,230.0,9.86
42.0,233.0,10.58
42.0,234.0,12.72
42.0,235.0,5.75
42.0,236.0,5.85
42.0,237.0,7.81
42.0,238.0,5.31
42.0,239.0,6.57
42.0,240.0,13.0
42.0,241.0,9.94
42.0,242.0,10.87
42.0,243.0,5.78
42.0,244.0,3.45
42.0,246.0,11.86
42.0,247.0,2.41
42.0,248.0,7.97
42.0,249.0,14.11
42.0,250.0,10.46
42.0,252.0,14.61
42.0,253.0,13.95
42.0,254.0,13.09
42.0,255.0,14.74
42.0,260.0,11.54
42.0,262.0,6.26
42.0,263.0,5.92
43.0,4.0,8.72
43.0,7.0,5.96
43.0,8.0,4.76
43.0,12.0,12.94
43.0,13.0,11.78
43.0,17.0,13.48
43.0,20.0,14.19
43.0,24.0,2.87
43.0,25.0,14.41
43.0,31.0,14.94
43.0,33.0,13.16
43.0,34.0,12.01
43.0,36.0,13.17
43.0,37.0,13.73
43.0,41.0,3.58
43.0,42.0,5.94
43.0,43.0,0.0
43.0,45.0,10.91
43.0,47.0,11.46
43.0,48.0,4.02
43.0,49.0,13.89
43.0,50.0,4.07
43.0,52.0,14.5
43.0,53.0,13.67
43.0,54.0,14.6
43.0,56.0,13.32
43.0,57.0,13.25
43.0,59.0,11.39
43.0,60.0,11.66
43.0,65.0,13.01
43.0,66.0,12.0
43.0,68.0,6.3
43.0,69.0,9.13
43.0,70.0,11.17
43.0,74.0,4.17
43.0,75.0,2.47
43.0,78.0,12.8
43.0,79.0,8.38
43.0,80.0,10.37
43.0,82.0,11.7
43.0,83.0,10.43
43.0,87.0,12.06
43.0,88.0,12.7
43.0,90.0,6.87
43.0,94.0,13.34
43.0,97.0,13.51
43.0,100.0,4.98
43.0,104.0,14.88
43.0,105.0,15.0
43.0,107.0,7.02
43.0,112.0,7.99
43.0,113.0,8.0
43.0,114.0,8.71
43.0,116.0,6.82
43.0,119.0,9.25
43.0,120.0,10.23
43.0,125.0,9.49
43.0,126.0,9.91
43.0,127.0,13.33
43.0,128.0,14.0
43.0,129.0,9.67
43.0,136.0,13.87
43.0,137.0,6.3
43.0,138.0,10.3
43.0,140.0,2.77
43.0,141.0,2.38
43.0,142.0,2.2
43.0,143.0,2.64
43.0,144.0,9.7
43.0,145.0,5.76
43.0,146.0,5.38
43.0,147.0,9.21
43.0,148.0,9.75
43.0,151.0,2.29
43.0,152.0,5.38
43.0,157.0,11.11
43.0,158.0,8.48
43.0,159.0,7.88
43.0,160.0,13.4
43.0,161.0,3.84
43.0,162.0,3.87
43.0,163.0,2.97
43.0,164.0,5.44
43.0,166.0,3.99
43.0,167.0,9.66
43.0,168.0,6.54
43.0,169.0,11.88
43.0,170.0,5.3
43.0,173.0,12.23
43.0,179.0,4.44
43.0,182.0,14.47
43.0,186.0,5.82
43.0,193.0,4.18
43.0,194.0,4.73
43.0,196.0,14.07
43.0,198.0,13.23
43.0,199.0,9.32
43.0,202.0,3.49
43.0,207.0,7.85
43.0,209.0,11.59
43.0,211.0,9.5
43.0,212.0,12.59
43.0,213.0,13.04
43.0,217.0,11.57
43.0,223.0,6.74
43.0,224.0,7.55
43.0,225.0,14.35
43.0,226.0,8.0
43.0,229.0,3.79
43.0,230.0,3.92
43.0,231.0,10.61
43.0,232.0,10.14
43.0,233.0,4.82
43.0,234.0,6.79
43.0,235.0,11.69
43.0,236.0,1.0
43.0,237.0,2.04
43.0,238.0,1.59
43.0,239.0,1.47
43.0,243.0,11.57
43.0,244.0,9.12
43.0,246.0,6.06
43.0,247.0,8.23
43.0,248.0,12.87
43.0,249.0,8.17
43.0,250.0,14.92
43.0,253.0,14.21
43.0,255.0,9.4
43.0,256.0,10.54
43.0,260.0,8.67
43.0,261.0,12.0
43.0,262.0,2.33
43.0,263.0,1.71
44.0,5.0,6.4
44.0,23.0,13.76
44.0,44.0,0.0
44.0,84.0,5.13
44.0,99.0,9.16
44.0,109.0,9.98
44.0,110.0,12.08
44.0,118.0,14.33
44.0,176.0,13.46
44.0,204.0,3.59
45.0,4.0,2.88
45.0,7.0,11.32
45.0,8.0,12.81
45.0,12.0,2.39
45.0,13.0,2.0
45.0,14.0,13.34
45.0,17.0,6.19
45.0,22.0,14.71
45.0,24.0,13.65
45.0,25.0,4.16
45.0,26.0,12.01
45.0,33.0,2.47
45.0,34.0,3.45
45.0,35.0,12.1
45.0,36.0,9.12
45.0,37.0,8.83
45.0,40.0,4.89
45.0,41.0,14.47
45.0,43.0,10.91
45.0,45.0,0.0
45.0,48.0,7.37
45.0,49.0,5.37
45.0,50.0,7.91
45.0,52.0,3.79
45.0,54.0,3.75
45.0,61.0,8.61
45.0,62.0,8.7
45.0,63.0,14.0
45.0,65.0,2.85
45.0,66.0,2.04
45.0,67.0,13.74
45.0,68.0,5.29
45.0,71.0,12.04
45.0,72.0,12.22
45.0,74.0,14.69
45.0,75.0,12.8
45.0,77.0,13.28
45.0,79.0,2.61
45.0,80.0,6.84
45.0,82.0,14.05
45.0,83.0,12.39
45.0,85.0,11.03
45.0,87.0,1.33
45.0,88.0,2.0
45.0,89.0,11.7
45.0,90.0,4.38
45.0,91.0,14.74
45.0,96.0,14.27
45.0,97.0,4.1
45.0,100.0,6.12
45.0,102.0,13.69
45.0,103.0,6.21
45.0,104.0,5.15
45.0,105.0,4.18
45.0,106.0,5.78
45.0,107.0,3.91
45.0,111.0,8.9
45.0,112.0,5.96
45.0,113.0,2.99
45.0,114.0,2.33
45.0,125.0,2.28
45.0,129.0,14.18
45.0,133.0,10.83
45.0,137.0,4.76
45.0,140.0,9.17
45.0,141.0,9.08
45.0,142.0,9.18
45.0,143.0,9.4
45.0,144.0,1.25
45.0,145.0,7.31
45.0,146.0,9.35
45.0,148.0,1.25
45.0,151.0,13.0
45.0,157.0,10.8
45.0,158.0,3.53
45.0,160.0,13.18
45.0,161.0,7.07
45.0,162.0,7.1
45.0,163.0,7.97
45.0,164.0,5.5
45.0,165.0,14.2
45.0,166.0,14.82
45.0,170.0,5.63
45.0,177.0,10.78
45.0,178.0,14.3
45.0,179.0,11.65
45.0,181.0,6.45
45.0,186.0,5.33
45.0,188.0,9.7
45.0,189.0,6.14
45.0,190.0,8.14
45.0,193.0,9.41
45.0,194.0,14.15
45.0,195.0,5.56
45.0,198.0,10.77
45.0,202.0,9.03
45.0,207.0,13.35
45.0,209.0,0.79
45.0,211.0,1.72
45.0,217.0,4.58
45.0,223.0,14.06
45.0,224.0,3.72
45.0,225.0,8.19
45.0,226.0,8.98
45.0,227.0,10.38
45.0,228.0,8.94
45.0,229.0,7.47
45.0,230.0,7.13
45.0,231.0,1.33
45.0,232.0,1.72
45.0,233.0,6.31
45.0,234.0,4.18
45.0,236.0,10.99
45.0,237.0,9.01
45.0,238.0,11.98
45.0,239.0,10.73
45.0,246.0,6.04
45.0,249.0,3.29
45.0,255.0,4.63
45.0,256.0,4.26
45.0,257.0,8.93
45.0,260.0,11.24
45.0,261.0,1.73
45.0,262.0,10.96
45.0,263.0,11.07
46.0,3.0,7.63
46.0,9.0,14.43
46.0,15.0,9.68
46.0,16.0,12.73
46.0,18.0,12.35
46.0,20.0,11.63
46.0,31.0,10.48
46.0,32.0,9.49
46.0,46.0,0.0
46.0,47.0,13.21
46.0,51.0,6.32
46.0,53.0,12.1
46.0,58.0,4.42
46.0,59.0,12.67
46.0,60.0,11.78
46.0,64.0,13.85
46.0,73.0,14.25
46.0,78.0,11.54
46.0,81.0,7.68
46.0,92.0,13.95
46.0,94.0,13.15
46.0,126.0,12.75
46.0,136.0,14.0
46.0,138.0,14.99
46.0,147.0,13.72
46.0,153.0,14.83
46.0,167.0,13.77
46.0,169.0,13.71
46.0,171.0,12.26
46.0,174.0,11.56
46.0,182.0,8.62
46.0,183.0,5.52
46.0,184.0,4.03
46.0,185.0,8.1
46.0,199.0,14.08
46.0,208.0,5.98
46.0,212.0,10.25
46.0,213.0,9.64
46.0,235.0,14.92
46.0,240.0,12.99
46.0,241.0,13.28
46.0,242.0,7.65
46.0,248.0,10.29
46.0,250.0,7.83
46.0,252.0,9.71
46.0,253.0,14.59
46.0,254.0,9.85
46.0,259.0,10.62
47.0,3.0,6.7
47.0,7.0,12.14
47.0,8.0,9.78
47.0,18.0,3.84
47.0,20.0,2.73
47.0,24.0,9.41
47.0,31.0,3.54
47.0,32.0,5.03
47.0,41.0,8.01
47.0,42.0,5.77
47.0,43.0,11.46
47.0,46.0,13.21
47.0,47.0,0.0
47.0,51.0,9.24
47.0,53.0,11.12
47.0,57.0,14.35
47.0,58.0,8.9
47.0,59.0,0.86
47.0,60.0,2.06
47.0,69.0,2.34
47.0,70.0,12.21
47.0,74.0,7.38
47.0,75.0,9.26
47.0,78.0,1.68
47.0,81.0,9.05
47.0,92.0,14.4
47.0,94.0,2.27
47.0,116.0,5.84
47.0,119.0,2.97
47.0,120.0,3.37
47.0,126.0,4.8
47.0,127.0,4.03
47.0,128.0,5.12
47.0,129.0,12.67
47.0,136.0,3.37
47.0,138.0,10.49
47.0,140.0,12.88
47.0,141.0,12.96
47.0,142.0,13.6
47.0,143.0,13.82
47.0,146.0,13.57
47.0,147.0,3.4
47.0,151.0,10.02
47.0,152.0,6.98
47.0,153.0,5.02
47.0,159.0,3.86
47.0,162.0,14.98
47.0,163.0,14.38
47.0,166.0,8.41
47.0,167.0,2.25
47.0,168.0,5.52
47.0,169.0,1.07
47.0,171.0,14.89
47.0,173.0,13.89
47.0,174.0,5.59
47.0,179.0,10.92
47.0,182.0,4.77
47.0,183.0,7.71
47.0,184.0,10.96
47.0,185.0,5.39
47.0,193.0,12.98
47.0,194.0,8.08
47.0,199.0,7.84
47.0,200.0,8.39
47.0,202.0,13.11
47.0,207.0,11.58
47.0,208.0,9.01
47.0,212.0,4.05
47.0,213.0,5.95
47.0,220.0,5.95
47.0,223.0,9.62
47.0,229.0,14.56
47.0,235.0,2.26
47.0,236.0,11.13
47.0,237.0,13.11
47.0,238.0,11.04
47.0,239.0,12.28
47.0,240.0,7.9
47.0,241.0,5.0
47.0,242.0,5.56
47.0,243.0,4.19
47.0,244.0,4.58
47.0,247.0,3.36
47.0,248.0,3.37
47.0,250.0,5.96
47.0,252.0,12.38
47.0,253.0,13.75
47.0,254.0,7.41
47.0,259.0,9.73
47.0,260.0,14.5
47.0,262.0,11.09
47.0,263.0,10.97
48.0,4.0,5.84
48.0,7.0,7.81
48.0,8.0,7.81
48.0,12.0,9.17
48.0,13.0,7.93
48.0,17.0,11.3
48.0,24.0,6.44
48.0,25.0,11.26
48.0,33.0,9.78
48.0,34.0,9.26
48.0,36.0,12.11
48.0,37.0,12.42
48.0,40.0,12.22
48.0,41.0,7.53
48.0,42.0,9.88
48.0,43.0,4.02
48.0,45.0,7.37
48.0,48.0,0.0
48.0,49.0,11.33
48.0,50.0,0.83
48.0,52.0,11.13
48.0,54.0,11.12
48.0,56.0,14.9
48.0,61.0,14.07
48.0,62.0,14.78
48.0,65.0,9.84
48.0,66.0,8.83
48.0,68.0,2.32
48.0,69.0,13.15
48.0,70.0,13.52
48.0,74.0,8.18
48.0,75.0,6.38
48.0,79.0,5.11
48.0,80.0,9.07
48.0,82.0,12.99
48.0,83.0,11.43
48.0,87.0,8.38
48.0,88.0,8.98
48.0,90.0,3.04
48.0,97.0,10.63
48.0,100.0,1.29
48.0,103.0,12.3
48.0,104.0,10.91
48.0,105.0,11.27
48.0,106.0,13.03
48.0,107.0,3.79
48.0,112.0,6.58
48.0,113.0,4.39
48.0,114.0,5.05
48.0,116.0,10.58
48.0,119.0,13.18
48.0,120.0,14.08
48.0,125.0,5.64
48.0,126.0,13.73
48.0,129.0,11.66
48.0,137.0,3.53
48.0,138.0,13.06
48.0,140.0,3.94
48.0,141.0,3.43
48.0,142.0,1.91
48.0,143.0,2.03
48.0,144.0,6.13
48.0,145.0,5.19
48.0,146.0,6.24
48.0,147.0,13.18
48.0,148.0,6.36
48.0,151.0,5.78
48.0,152.0,9.12
48.0,157.0,11.25
48.0,158.0,4.53
48.0,159.0,11.89
48.0,160.0,13.82
48.0,161.0,1.49
48.0,162.0,2.11
48.0,163.0,1.4
48.0,164.0,2.08
48.0,166.0,7.61
48.0,167.0,13.67
48.0,168.0,10.49
48.0,170.0,2.48
48.0,173.0,14.19
48.0,179.0,6.98
48.0,181.0,13.53
48.0,186.0,2.04
48.0,189.0,12.67
48.0,190.0,14.96
48.0,193.0,5.33
48.0,194.0,8.4
48.0,195.0,12.92
48.0,198.0,12.78
48.0,199.0,12.66
48.0,202.0,4.44
48.0,207.0,10.08
48.0,209.0,7.96
48.0,211.0,5.79
48.0,217.0,9.25
48.0,223.0,9.66
48.0,224.0,4.71
48.0,225.0,12.65
48.0,226.0,8.1
48.0,229.0,2.87
48.0,230.0,0.72
48.0,231.0,6.84
48.0,232.0,7.02
48.0,233.0,2.82
48.0,234.0,3.22
48.0,236.0,4.53
48.0,237.0,2.85
48.0,238.0,4.72
48.0,239.0,3.43
48.0,244.0,12.87
48.0,246.0,2.05
48.0,247.0,12.22
48.0,249.0,4.32
48.0,255.0,7.33
48.0,256.0,8.25
48.0,260.0,9.67
48.0,261.0,8.22
48.0,262.0,5.23
48.0,263.0,4.96
49.0,4.0,5.5
49.0,7.0,11.8
49.0,8.0,14.01
49.0,11.0,13.27
49.0,12.0,6.32
49.0,13.0,6.95
49.0,14.0,11.93
49.0,17.0,1.48
49.0,21.0,12.91
49.0,22.0,11.7
49.0,25.0,2.67
49.0,26.0,8.86
49.0,33.0,3.84
49.0,34.0,2.13
49.0,35.0,6.78
49.0,36.0,5.3
49.0,37.0,4.58
49.0,39.0,10.11
49.0,40.0,3.95
49.0,43.0,13.89
49.0,45.0,5.37
49.0,48.0,11.33
49.0,49.0,0.0
49.0,50.0,12.06
49.0,52.0,3.83
49.0,54.0,4.52
49.0,56.0,13.94
49.0,61.0,3.24
49.0,62.0,3.49
49.0,63.0,9.39
49.0,65.0,2.85
49.0,66.0,3.34
49.0,67.0,11.55
49.0,68.0,9.81
49.0,71.0,6.96
49.0,72.0,6.87
49.0,76.0,10.32
49.0,77.0,8.09
49.0,79.0,6.39
49.0,80.0,4.93
49.0,82.0,12.14
49.0,83.0,10.76
49.0,85.0,6.26
49.0,87.0,5.74
49.0,88.0,5.92
49.0,89.0,7.35
49.0,90.0,8.86
49.0,91.0,9.74
49.0,95.0,13.68
49.0,96.0,10.2
49.0,97.0,1.45
49.0,100.0,10.07
49.0,102.0,9.91
49.0,103.0,9.24
49.0,104.0,8.87
49.0,105.0,6.31
49.0,106.0,3.8
49.0,107.0,7.57
49.0,108.0,14.76
49.0,111.0,6.11
49.0,112.0,6.26
49.0,113.0,7.45
49.0,114.0,7.1
49.0,123.0,12.91
49.0,124.0,13.78
49.0,125.0,7.54
49.0,129.0,13.32
49.0,133.0,7.12
49.0,137.0,7.87
49.0,140.0,11.42
49.0,141.0,11.61
49.0,142.0,12.76
49.0,143.0,13.23
49.0,144.0,6.18
49.0,145.0,8.56
49.0,146.0,10.21
49.0,148.0,5.55
49.0,149.0,12.29
49.0,155.0,11.97
49.0,157.0,8.52
49.0,158.0,8.64
49.0,160.0,10.19
49.0,161.0,10.43
49.0,162.0,10.15
49.0,163.0,11.36
49.0,164.0,9.26
49.0,165.0,9.86
49.0,170.0,8.96
49.0,173.0,14.57
49.0,177.0,5.67
49.0,178.0,10.4
49.0,179.0,12.85
49.0,180.0,12.97
49.0,181.0,3.34
49.0,186.0,9.5
49.0,188.0,4.6
49.0,189.0,1.62
49.0,190.0,3.94
49.0,193.0,10.87
49.0,195.0,5.52
49.0,196.0,12.37
49.0,197.0,14.66
49.0,198.0,7.28
49.0,202.0,10.95
49.0,207.0,13.19
49.0,209.0,5.54
49.0,210.0,14.28
49.0,211.0,6.84
49.0,217.0,2.38
49.0,222.0,10.7
49.0,223.0,14.59
49.0,224.0,6.63
49.0,225.0,3.39
49.0,226.0,8.42
49.0,227.0,8.24
49.0,228.0,7.55
49.0,229.0,10.1
49.0,230.0,10.83
49.0,231.0,6.7
49.0,232.0,4.55
49.0,233.0,9.14
49.0,234.0,8.3
49.0,236.0,13.6
49.0,237.0,11.85
49.0,239.0,14.22
49.0,246.0,10.66
49.0,249.0,8.2
49.0,255.0,4.56
49.0,256.0,3.38
49.0,257.0,5.33
49.0,258.0,11.87
49.0,260.0,10.36
49.0,261.0,6.44
49.0,262.0,13.04
49.0,263.0,13.4
50.0,4.0,6.56
50.0,7.0,8.43
50.0,8.0,8.22
50.0,12.0,9.57
50.0,13.0,8.3
50.0,17.0,12.08
50.0,24.0,6.2
50.0,25.0,11.88
50.0,33.0,10.35
50.0,34.0,9.97
50.0,36.0,12.94
50.0,37.0,13.24
50.0,40.0,12.78
50.0,41.0,7.43
50.0,42.0,9.75
50.0,43.0,4.07
50.0,45.0,7.91
50.0,48.0,0.83
50.0,49.0,12.06
50.0,50.0,0.0
50.0,52.0,11.69
50.0,54.0,11.64
50.0,61.0,14.84
50.0,65.0,10.46
50.0,66.0,9.46
50.0,68.0,2.67
50.0,69.0,13.09
50.0,70.0,14.11
50.0,74.0,8.23
50.0,75.0,6.51
50.0,79.0,5.77
50.0,80.0,9.9
50.0,82.0,13.71
50.0,83.0,12.17
50.0,87.0,8.84
50.0,88.0,9.42
50.0,90.0,3.53
50.0,97.0,11.31
50.0,100.0,2.0
50.0,103.0,12.53
50.0,104.0,11.14
50.0,105.0,11.69
50.0,106.0,13.63
50.0,107.0,4.49
50.0,112.0,7.41
50.0,113.0,4.95
50.0,114.0,5.57
50.0,116.0,10.33
50.0,119.0,13.03
50.0,120.0,13.86
50.0,125.0,6.03
50.0,126.0,13.94
50.0,129.0,12.3
50.0,137.0,4.32
50.0,138.0,13.58
50.0,140.0,4.5
50.0,141.0,3.95
50.0,142.0,1.86
50.0,143.0,1.66
50.0,144.0,6.67
50.0,145.0,5.99
50.0,146.0,6.94
50.0,147.0,13.28
50.0,148.0,6.97
50.0,151.0,5.55
50.0,152.0,8.89
50.0,157.0,12.05
50.0,158.0,4.84
50.0,159.0,11.93
50.0,160.0,14.62
50.0,161.0,2.29
50.0,162.0,2.9
50.0,163.0,1.97
50.0,164.0,2.82
50.0,166.0,7.36
50.0,167.0,13.71
50.0,168.0,10.61
50.0,170.0,3.29
50.0,173.0,14.84
50.0,179.0,7.48
50.0,181.0,14.16
50.0,186.0,2.62
50.0,189.0,13.37
50.0,193.0,5.98
50.0,194.0,8.66
50.0,195.0,13.41
50.0,198.0,13.61
50.0,199.0,13.04
50.0,202.0,5.07
50.0,207.0,10.67
50.0,209.0,8.45
50.0,211.0,6.26
50.0,217.0,10.02
50.0,223.0,10.12
50.0,224.0,5.46
50.0,225.0,13.46
50.0,226.0,8.89
50.0,229.0,3.62
50.0,230.0,1.54
50.0,231.0,7.26
50.0,232.0,7.69
50.0,233.0,3.65
50.0,234.0,3.84
50.0,236.0,4.73
50.0,237.0,3.3
50.0,238.0,4.48
50.0,239.0,3.19
50.0,244.0,12.61
50.0,246.0,2.14
50.0,247.0,12.13
50.0,249.0,4.73
50.0,255.0,8.14
50.0,256.0,9.03
50.0,260.0,10.4
50.0,261.0,8.62
50.0,262.0,5.6
50.0,263.0,5.25
51.0,3.0,2.55
51.0,15.0,14.14
51.0,18.0,6.95
51.0,20.0,6.84
51.0,31.0,5.77
51.0,32.0,4.33
51.0,42.0,14.97
51.0,46.0,6.32
51.0,47.0,9.24
51.0,51.0,0.0
51.0,53.0,13.79
51.0,58.0,4.87
51.0,59.0,9.07
51.0,60.0,8.71
51.0,69.0,11.51
51.0,78.0,7.67
51.0,81.0,1.39
51.0,94.0,8.27
51.0,119.0,12.13
51.0,120.0,12.04
51.0,126.0,11.12
51.0,127.0,10.2
51.0,128.0,10.7
51.0,136.0,8.74
51.0,147.0,11.21
51.0,153.0,9.15
51.0,159.0,12.49
51.0,167.0,10.71
51.0,168.0,13.9
51.0,169.0,9.31
51.0,174.0,5.67
51.0,182.0,6.27
51.0,183.0,3.67
51.0,184.0,2.42
51.0,185.0,4.09
51.0,199.0,13.61
51.0,200.0,9.54
51.0,208.0,7.47
51.0,212.0,8.2
51.0,213.0,8.9
51.0,220.0,9.26
51.0,235.0,10.26
51.0,240.0,6.71
51.0,241.0,7.51
51.0,242.0,4.72
51.0,243.0,11.9
51.0,244.0,13.46
51.0,247.0,12.58
51.0,248.0,7.64
51.0,250.0,6.57
51.0,252.0,12.7
51.0,254.0,3.62
51.0,259.0,4.42
52.0,4.0,5.88
52.0,7.0,13.94
52.0,11.0,12.15
52.0,12.0,3.18
52.0,13.0,4.31
52.0,14.0,9.79
52.0,17.0,5.26
52.0,21.0,12.59
52.0,22.0,10.92
52.0,25.0,1.19
52.0,26.0,8.22
52.0,33.0,1.35
52.0,34.0,3.53
52.0,35.0,10.18
52.0,36.0,9.03
52.0,37.0,8.38
52.0,39.0,12.94
52.0,40.0,1.1
52.0,43.0,14.5
52.0,45.0,3.79
52.0,48.0,11.13
52.0,49.0,3.83
52.0,50.0,11.69
52.0,52.0,0.0
52.0,54.0,0.69
52.0,61.0,6.64
52.0,62.0,6.1
52.0,63.0,13.2
52.0,65.0,1.74
52.0,66.0,2.6
52.0,67.0,10.02
52.0,68.0,9.08
52.0,71.0,9.02
52.0,72.0,9.7
52.0,76.0,13.87
52.0,77.0,11.66
52.0,79.0,6.13
52.0,80.0,7.89
52.0,83.0,13.89
52.0,85.0,7.78
52.0,87.0,3.19
52.0,88.0,2.95
52.0,89.0,8.19
52.0,90.0,8.17
52.0,91.0,11.55
52.0,96.0,14.02
52.0,97.0,2.51
52.0,100.0,9.86
52.0,102.0,13.69
52.0,103.0,5.43
52.0,104.0,5.22
52.0,105.0,2.51
52.0,106.0,2.04
52.0,107.0,7.5
52.0,108.0,14.51
52.0,111.0,5.12
52.0,112.0,8.2
52.0,113.0,6.75
52.0,114.0,6.12
52.0,115.0,14.3
52.0,123.0,13.22
52.0,125.0,5.94
52.0,133.0,7.14
52.0,137.0,8.21
52.0,140.0,12.49
52.0,141.0,12.5
52.0,142.0,12.89
52.0,143.0,13.16
52.0,144.0,5.03
52.0,145.0,10.14
52.0,146.0,12.08
52.0,148.0,4.79
52.0,149.0,13.16
52.0,155.0,13.93
52.0,157.0,11.85
52.0,158.0,7.24
52.0,160.0,13.8
52.0,161.0,10.7
52.0,162.0,10.64
52.0,163.0,11.62
52.0,164.0,9.19
52.0,165.0,10.62
52.0,170.0,9.2
52.0,177.0,9.37
52.0,178.0,10.59
52.0,179.0,14.61
52.0,181.0,2.93
52.0,186.0,9.1
52.0,188.0,6.85
52.0,189.0,3.5
52.0,190.0,4.8
52.0,193.0,12.42
52.0,195.0,2.14
52.0,198.0,10.97
52.0,202.0,12.22
52.0,206.0,13.68
52.0,209.0,3.38
52.0,211.0,5.49
52.0,217.0,4.94
52.0,221.0,13.14
52.0,222.0,13.96
52.0,224.0,7.0
52.0,225.0,7.22
52.0,226.0,10.98
52.0,227.0,6.63
52.0,228.0,5.29
52.0,229.0,10.88
52.0,230.0,10.84
52.0,231.0,4.74
52.0,232.0,4.4
52.0,233.0,9.74
52.0,234.0,7.92
52.0,236.0,14.47
52.0,237.0,12.53
52.0,239.0,14.44
52.0,245.0,14.44
52.0,246.0,9.82
52.0,249.0,7.07
52.0,255.0,6.44
52.0,256.0,5.43
52.0,257.0,5.28
52.0,260.0,13.15
52.0,261.0,3.77
52.0,262.0,14.26
52.0,263.0,14.46
53.0,3.0,12.3
53.0,7.0,9.02
53.0,8.0,8.94
53.0,9.0,7.52
53.0,15.0,6.34
53.0,16.0,8.17
53.0,18.0,13.81
53.0,19.0,14.55
53.0,20.0,12.28
53.0,24.0,14.0
53.0,28.0,10.87
53.0,31.0,11.87
53.0,32.0,12.47
53.0,36.0,14.46
53.0,41.0,12.56
53.0,42.0,12.21
53.0,43.0,13.67
53.0,46.0,12.1
53.0,47.0,11.12
53.0,51.0,13.79
53.0,53.0,0.0
53.0,56.0,6.07
53.0,57.0,4.44
53.0,58.0,9.25
53.0,59.0,10.28
53.0,60.0,9.16
53.0,63.0,14.79
53.0,64.0,11.9
53.0,69.0,10.94
53.0,70.0,3.84
53.0,73.0,5.58
53.0,74.0,10.94
53.0,75.0,11.54
53.0,78.0,10.55
53.0,80.0,14.22
53.0,81.0,14.73
53.0,82.0,7.19
53.0,83.0,8.33
53.0,92.0,3.3
53.0,93.0,5.92
53.0,94.0,13.0
53.0,95.0,8.76
53.0,96.0,12.74
53.0,98.0,9.99
53.0,102.0,11.94
53.0,112.0,14.08
53.0,116.0,13.58
53.0,119.0,12.5
53.0,120.0,13.72
53.0,121.0,8.94
53.0,122.0,13.76
53.0,126.0,6.6
53.0,129.0,5.87
53.0,130.0,12.49
53.0,131.0,11.56
53.0,134.0,10.82
53.0,135.0,8.09
53.0,136.0,14.26
53.0,138.0,3.56
53.0,140.0,12.66
53.0,141.0,13.17
53.0,145.0,12.91
53.0,146.0,10.97
53.0,147.0,8.46
53.0,151.0,14.18
53.0,152.0,13.5
53.0,157.0,10.67
53.0,159.0,9.54
53.0,160.0,10.09
53.0,162.0,14.85
53.0,166.0,13.89
53.0,167.0,9.53
53.0,168.0,9.11
53.0,169.0,12.19
53.0,171.0,4.14
53.0,173.0,4.73
53.0,174.0,14.72
53.0,175.0,11.31
53.0,179.0,9.62
53.0,182.0,8.53
53.0,183.0,10.12
53.0,184.0,13.43
53.0,185.0,10.89
53.0,191.0,14.82
53.0,192.0,6.27
53.0,193.0,11.45
53.0,194.0,9.22
53.0,196.0,8.36
53.0,197.0,12.76
53.0,198.0,12.75
53.0,199.0,4.68
53.0,202.0,12.25
53.0,207.0,6.77
53.0,208.0,6.6
53.0,212.0,7.53
53.0,213.0,5.69
53.0,215.0,13.96
53.0,223.0,6.99
53.0,226.0,11.11
53.0,229.0,14.07
53.0,233.0,14.92
53.0,235.0,13.31
53.0,236.0,12.71
53.0,237.0,13.79
53.0,238.0,14.58
53.0,242.0,9.73
53.0,244.0,14.16
53.0,247.0,11.51
53.0,248.0,8.49
53.0,250.0,7.56
53.0,252.0,3.21
53.0,253.0,2.99
53.0,258.0,13.62
53.0,260.0,8.89
53.0,262.0,11.57
53.0,263.0,12.05
54.0,4.0,6.1
54.0,6.0,14.87
54.0,7.0,14.31
54.0,11.0,12.18
54.0,12.0,2.71
54.0,13.0,3.93
54.0,14.0,9.63
54.0,17.0,5.93
54.0,21.0,12.77
54.0,22.0,11.03
54.0,25.0,1.88
54.0,26.0,8.41
54.0,33.0,1.52
54.0,34.0,4.06
54.0,35.0,10.86
54.0,36.0,9.68
54.0,37.0,9.05
54.0,39.0,13.56
54.0,40.0,1.41
54.0,43.0,14.6
54.0,45.0,3.75
54.0,48.0,11.12
54.0,49.0,4.52
54.0,50.0,11.64
54.0,52.0,0.69
54.0,54.0,0.0
54.0,61.0,7.33
54.0,62.0,6.75
54.0,63.0,13.89
54.0,65.0,2.22
54.0,66.0,2.93
54.0,67.0,9.99
54.0,68.0,9.0
54.0,71.0,9.59
54.0,72.0,10.33
54.0,76.0,14.56
54.0,77.0,12.35
54.0,79.0,6.23
54.0,80.0,8.44
54.0,83.0,14.43
54.0,85.0,8.3
54.0,87.0,2.92
54.0,88.0,2.56
54.0,89.0,8.61
54.0,90.0,8.12
54.0,91.0,12.07
54.0,96.0,14.69
54.0,97.0,3.16
54.0,100.0,9.87
54.0,102.0,14.36
54.0,103.0,4.73
54.0,104.0,4.54
54.0,105.0,1.81
54.0,106.0,2.43
54.0,107.0,7.58
54.0,108.0,14.69
54.0,111.0,5.34
54.0,112.0,8.6
54.0,113.0,6.73
54.0,114.0,6.07
54.0,115.0,13.88
54.0,123.0,13.5
54.0,125.0,5.76
54.0,133.0,7.46
54.0,137.0,8.35
54.0,140.0,12.69
54.0,141.0,12.67
54.0,142.0,12.92
54.0,143.0,13.15
54.0,144.0,4.99
54.0,145.0,10.45
54.0,146.0,12.43
54.0,148.0,4.85
54.0,149.0,13.53
54.0,155.0,14.45
54.0,157.0,12.43
54.0,158.0,7.06
54.0,160.0,14.42
54.0,161.0,10.78
54.0,162.0,10.76
54.0,163.0,11.69
54.0,164.0,9.23
54.0,165.0,11.0
54.0,170.0,9.3
54.0,177.0,10.06
54.0,178.0,10.88
54.0,179.0,14.92
54.0,181.0,3.44
54.0,186.0,9.08
54.0,188.0,7.45
54.0,189.0,4.18
54.0,190.0,5.33
54.0,193.0,12.7
54.0,195.0,1.85
54.0,198.0,11.62
54.0,202.0,12.46
54.0,206.0,13.14
54.0,209.0,3.21
54.0,211.0,5.39
54.0,217.0,5.51
54.0,221.0,12.76
54.0,222.0,14.62
54.0,224.0,7.18
54.0,225.0,7.91
54.0,226.0,11.44
54.0,227.0,6.65
54.0,228.0,5.2
54.0,229.0,11.04
54.0,230.0,10.87
54.0,231.0,4.52
54.0,232.0,4.61
54.0,233.0,9.89
54.0,234.0,7.93
54.0,236.0,14.62
54.0,237.0,12.66
54.0,239.0,14.47
54.0,245.0,13.93
54.0,246.0,9.71
54.0,249.0,6.96
54.0,255.0,6.87
54.0,256.0,5.92
54.0,257.0,5.66
54.0,260.0,13.63
54.0,261.0,3.41
54.0,262.0,14.47
54.0,263.0,14.64
55.0,6.0,9.94
55.0,11.0,4.56
55.0,14.0,8.43
55.0,21.0,3.62
55.0,22.0,5.23
55.0,26.0,7.92
55.0,27.0,9.39
55.0,29.0,3.03
55.0,39.0,13.29
55.0,55.0,0.0
55.0,62.0,13.84
55.0,67.0,6.88
55.0,71.0,11.33
55.0,72.0,13.26
55.0,85.0,10.92
55.0,89.0,9.43
55.0,91.0,9.68
55.0,106.0,14.16
55.0,108.0,1.83
55.0,111.0,11.03
55.0,115.0,12.64
55.0,123.0,4.27
55.0,133.0,9.42
55.0,149.0,6.04
55.0,150.0,4.96
55.0,154.0,9.81
55.0,155.0,9.79
55.0,165.0,7.32
55.0,172.0,13.06
55.0,178.0,6.23
55.0,181.0,13.72
55.0,188.0,12.81
55.0,189.0,14.94
55.0,190.0,12.6
55.0,195.0,14.65
55.0,210.0,5.72
55.0,214.0,10.96
55.0,221.0,11.35
55.0,227.0,9.7
55.0,228.0,11.36
55.0,245.0,14.97
55.0,257.0,11.3
56.0,4.0,13.4
56.0,7.0,7.39
56.0,8.0,9.0
56.0,9.0,8.02
56.0,10.0,11.88
56.0,15.0,10.19
56.0,16.0,10.01
56.0,17.0,12.51
56.0,19.0,14.74
56.0,24.0,14.84
56.0,28.0,7.09
56.0,34.0,13.85
56.0,35.0,12.73
56.0,36.0,8.89
56.0,37.0,9.81
56.0,41.0,13.84
56.0,42.0,14.52
56.0,43.0,13.32
56.0,48.0,14.9
56.0,49.0,13.94
56.0,53.0,6.07
56.0,56.0,0.0
56.0,57.0,1.64
56.0,59.0,14.84
56.0,60.0,13.94
56.0,61.0,13.3
56.0,62.0,14.87
56.0,63.0,8.72
56.0,64.0,13.6
56.0,69.0,14.64
56.0,70.0,3.4
56.0,72.0,14.86
56.0,73.0,6.03
56.0,74.0,12.39
56.0,75.0,12.03
56.0,76.0,11.98
56.0,77.0,11.72
56.0,79.0,14.29
56.0,80.0,9.48
56.0,82.0,2.05
56.0,83.0,3.74
56.0,92.0,4.42
56.0,93.0,2.0
56.0,95.0,3.19
56.0,96.0,6.67
56.0,97.0,14.9
56.0,98.0,9.14
56.0,100.0,14.57
56.0,102.0,5.87
56.0,107.0,13.95
56.0,112.0,10.25
56.0,121.0,6.57
56.0,122.0,11.78
56.0,124.0,12.31
56.0,126.0,10.81
56.0,129.0,3.76
56.0,130.0,9.04
56.0,131.0,9.7
56.0,134.0,5.94
56.0,135.0,4.61
56.0,137.0,13.1
56.0,138.0,5.12
56.0,140.0,11.25
56.0,141.0,11.83
56.0,142.0,14.46
56.0,145.0,10.04
56.0,146.0,8.67
56.0,147.0,12.34
56.0,151.0,14.74
56.0,157.0,5.47
56.0,159.0,12.8
56.0,160.0,4.13
56.0,161.0,13.45
56.0,162.0,12.83
56.0,163.0,13.64
56.0,164.0,14.1
56.0,167.0,13.55
56.0,168.0,11.65
56.0,170.0,13.35
56.0,171.0,6.77
56.0,173.0,1.71
56.0,175.0,11.6
56.0,177.0,11.3
56.0,179.0,8.92
56.0,180.0,9.75
56.0,182.0,14.17
56.0,186.0,14.91
56.0,191.0,13.6
56.0,192.0,4.87
56.0,193.0,9.66
56.0,194.0,10.33
56.0,196.0,2.3
56.0,197.0,7.55
56.0,198.0,7.0
56.0,199.0,7.77
56.0,202.0,10.58
56.0,205.0,12.96
56.0,207.0,5.6
56.0,208.0,12.67
56.0,212.0,12.77
56.0,213.0,11.24
56.0,215.0,10.23
56.0,216.0,10.54
56.0,217.0,12.39
56.0,218.0,13.96
56.0,222.0,14.03
56.0,223.0,7.41
56.0,224.0,13.18
56.0,225.0,11.28
56.0,226.0,7.35
56.0,229.0,12.05
56.0,230.0,14.21
56.0,232.0,14.37
56.0,233.0,12.49
56.0,234.0,14.65
56.0,236.0,12.34
56.0,237.0,12.54
56.0,238.0,14.71
56.0,239.0,14.73
56.0,247.0,14.8
56.0,248.0,13.72
56.0,250.0,13.38
56.0,252.0,8.39
56.0,253.0,3.44
56.0,255.0,11.46
56.0,256.0,12.11
56.0,258.0,7.75
56.0,260.0,5.3
56.0,262.0,11.0
56.0,263.0,11.64
57.0,4.0,14.34
57.0,7.0,7.5
57.0,8.0,8.68
57.0,9.0,7.31
57.0,10.0,12.77
57.0,15.0,8.84
57.0,16.0,9.07
57.0,17.0,13.91
57.0,19.0,14.33
57.0,24.0,14.47
57.0,28.0,7.74
57.0,35.0,14.36
57.0,36.0,10.38
57.0,37.0,11.32
57.0,41.0,13.34
57.0,42.0,13.77
57.0,43.0,13.25
57.0,47.0,14.35
57.0,53.0,4.44
57.0,56.0,1.64
57.0,57.0,0.0
57.0,58.0,13.69
57.0,59.0,13.56
57.0,60.0,12.61
57.0,61.0,14.83
57.0,63.0,10.35
57.0,64.0,12.78
57.0,69.0,13.56
57.0,70.0,2.36
57.0,73.0,5.16
57.0,74.0,11.81
57.0,75.0,11.7
57.0,76.0,13.59
57.0,77.0,13.36
57.0,78.0,14.15
57.0,80.0,10.7
57.0,82.0,3.18
57.0,83.0,4.73
57.0,92.0,3.07
57.0,93.0,2.16
57.0,95.0,4.51
57.0,96.0,8.3
57.0,98.0,8.87
57.0,102.0,7.51
57.0,107.0,14.69
57.0,112.0,11.17
57.0,121.0,6.66
57.0,122.0,11.94
57.0,124.0,13.77
57.0,126.0,9.55
57.0,129.0,3.62
57.0,130.0,9.62
57.0,131.0,9.76
57.0,134.0,7.0
57.0,135.0,4.99
57.0,137.0,13.78
57.0,138.0,4.0
57.0,140.0,11.44
57.0,141.0,12.01
57.0,142.0,14.6
57.0,145.0,10.65
57.0,146.0,9.05
57.0,147.0,11.18
57.0,151.0,14.45
57.0,152.0,14.8
57.0,157.0,6.79
57.0,159.0,11.79
57.0,160.0,5.73
57.0,161.0,13.85
57.0,162.0,13.24
57.0,163.0,13.93
57.0,164.0,14.65
57.0,166.0,14.73
57.0,167.0,12.38
57.0,168.0,10.78
57.0,170.0,13.92
57.0,171.0,5.47
57.0,173.0,1.06
57.0,175.0,11.1
57.0,177.0,12.91
57.0,179.0,8.81
57.0,180.0,11.22
57.0,182.0,12.64
57.0,183.0,14.52
57.0,191.0,13.57
57.0,192.0,4.43
57.0,193.0,9.92
57.0,194.0,9.78
57.0,196.0,3.92
57.0,197.0,8.78
57.0,198.0,8.54
57.0,199.0,6.62
57.0,202.0,10.83
57.0,205.0,13.44
57.0,207.0,5.4
57.0,208.0,11.03
57.0,212.0,11.33
57.0,213.0,9.72
57.0,215.0,10.94
57.0,216.0,11.74
57.0,217.0,13.64
57.0,218.0,14.75
57.0,223.0,6.89
57.0,224.0,14.01
57.0,225.0,12.78
57.0,226.0,8.18
57.0,229.0,12.44
57.0,230.0,14.59
57.0,233.0,13.01
57.0,236.0,12.26
57.0,237.0,12.72
57.0,238.0,14.53
57.0,239.0,14.7
57.0,242.0,13.97
57.0,247.0,13.82
57.0,248.0,12.29
57.0,250.0,11.82
57.0,252.0,6.81
57.0,253.0,1.89
57.0,255.0,12.54
57.0,256.0,13.28
57.0,258.0,9.27
57.0,260.0,5.97
57.0,262.0,10.94
57.0,263.0,11.55
58.0,3.0,4.53
58.0,8.0,14.71
58.0,9.0,13.78
58.0,15.0,9.37
58.0,16.0,12.7
58.0,18.0,8.68
58.0,20.0,7.67
58.0,31.0,6.58
58.0,32.0,5.96
58.0,42.0,13.83
58.0,46.0,4.42
58.0,47.0,8.9
58.0,51.0,4.87
58.0,53.0,9.25
58.0,57.0,13.69
58.0,58.0,0.0
58.0,59.0,8.31
58.0,60.0,7.37
58.0,64.0,14.92
58.0,69.0,10.64
58.0,70.0,12.67
58.0,73.0,12.93
58.0,74.0,14.3
58.0,78.0,7.27
58.0,81.0,6.09
58.0,92.0,11.85
58.0,93.0,14.99
58.0,94.0,9.15
58.0,116.0,14.42
58.0,119.0,11.79
58.0,120.0,12.25
58.0,126.0,8.44
58.0,127.0,11.59
58.0,128.0,12.44
58.0,129.0,14.33
58.0,136.0,10.14
58.0,138.0,11.51
58.0,147.0,9.31
58.0,153.0,11.23
58.0,159.0,10.84
58.0,167.0,9.35
58.0,168.0,11.85
58.0,169.0,9.5
58.0,171.0,10.82
58.0,173.0,13.9
58.0,174.0,8.38
58.0,182.0,4.22
58.0,183.0,1.69
58.0,184.0,4.19
58.0,185.0,4.24
58.0,192.0,14.38
58.0,194.0,13.77
58.0,199.0,10.14
58.0,200.0,12.88
58.0,207.0,14.39
58.0,208.0,2.69
58.0,212.0,5.84
58.0,213.0,5.45
58.0,220.0,11.72
58.0,223.0,13.35
58.0,235.0,10.76
58.0,240.0,10.4
58.0,241.0,9.84
58.0,242.0,3.46
58.0,243.0,12.73
58.0,244.0,13.47
58.0,247.0,11.72
58.0,248.0,5.88
58.0,250.0,3.43
58.0,252.0,7.85
58.0,253.0,12.11
58.0,254.0,7.37
58.0,259.0,9.04
59.0,3.0,6.53
59.0,7.0,11.66
59.0,8.0,9.36
59.0,15.0,14.6
59.0,18.0,4.32
59.0,20.0,3.01
59.0,24.0,9.51
59.0,31.0,3.56
59.0,32.0,5.02
59.0,41.0,8.04
59.0,42.0,5.91
59.0,43.0,11.39
59.0,46.0,12.67
59.0,47.0,0.86
59.0,51.0,9.07
59.0,53.0,10.28
59.0,56.0,14.84
59.0,57.0,13.56
59.0,58.0,8.31
59.0,59.0,0.0
59.0,60.0,1.21
59.0,69.0,2.47
59.0,70.0,11.45
59.0,74.0,7.24
59.0,75.0,9.11
59.0,78.0,1.41
59.0,81.0,9.01
59.0,82.0,14.7
59.0,83.0,14.74
59.0,92.0,13.56
59.0,94.0,2.93
59.0,116.0,6.2
59.0,119.0,3.47
59.0,120.0,4.1
59.0,126.0,4.03
59.0,127.0,4.87
59.0,128.0,5.96
59.0,129.0,11.99
59.0,136.0,4.12
59.0,138.0,9.73
59.0,140.0,12.64
59.0,141.0,12.75
59.0,142.0,13.56
59.0,143.0,13.82
59.0,145.0,14.96
59.0,146.0,13.17
59.0,147.0,2.81
59.0,151.0,10.1
59.0,152.0,7.21
59.0,153.0,5.77
59.0,159.0,3.59
59.0,161.0,15.0
59.0,162.0,14.8
59.0,163.0,14.26
59.0,166.0,8.58
59.0,167.0,1.82
59.0,168.0,5.19
59.0,169.0,1.91
59.0,171.0,14.04
59.0,173.0,13.13
59.0,174.0,5.95
59.0,179.0,10.53
59.0,182.0,4.12
59.0,183.0,7.23
59.0,184.0,10.64
59.0,185.0,5.09
59.0,193.0,12.64
59.0,194.0,7.73
59.0,199.0,7.11
59.0,200.0,9.08
59.0,202.0,12.83
59.0,207.0,10.98
59.0,208.0,8.26
59.0,212.0,3.22
59.0,213.0,5.11
59.0,220.0,6.69
59.0,223.0,9.06
59.0,229.0,14.34
59.0,235.0,3.11
59.0,236.0,10.99
59.0,237.0,12.95
59.0,238.0,11.09
59.0,239.0,12.29
59.0,240.0,8.38
59.0,241.0,5.59
59.0,242.0,5.08
59.0,243.0,5.02
59.0,244.0,5.19
59.0,247.0,3.56
59.0,248.0,2.61
59.0,250.0,5.25
59.0,252.0,11.53
59.0,253.0,12.93
59.0,254.0,7.57
59.0,259.0,9.95
59.0,260.0,13.92
59.0,262.0,10.85
59.0,263.0,10.78
60.0,3.0,6.2
60.0,7.0,11.31
60.0,8.0,9.14
60.0,15.0,13.39
60.0,18.0,4.98
60.0,20.0,3.5
60.0,24.0,10.03
60.0,31.0,3.68
60.0,32.0,5.0
60.0,41.0,8.49
60.0,42.0,6.53
60.0,43.0,11.66
60.0,46.0,11.78
60.0,47.0,2.06
60.0,51.0,8.71
60.0,53.0,9.16
60.0,56.0,13.94
60.0,57.0,12.61
60.0,58.0,7.37
60.0,59.0,1.21
60.0,60.0,0.0
60.0,69.0,3.26
60.0,70.0,10.57
60.0,73.0,14.65
60.0,74.0,7.49
60.0,75.0,9.29
60.0,78.0,1.61
60.0,81.0,8.82
60.0,82.0,13.93
60.0,83.0,14.08
60.0,92.0,12.46
60.0,93.0,14.61
60.0,94.0,3.87
60.0,116.0,7.05
60.0,119.0,4.52
60.0,120.0,5.27
60.0,126.0,3.22
60.0,127.0,6.01
60.0,128.0,7.09
60.0,129.0,11.28
60.0,136.0,5.11
60.0,138.0,8.87
60.0,140.0,12.66
60.0,141.0,12.83
60.0,142.0,13.86
60.0,143.0,14.18
60.0,145.0,14.8
60.0,146.0,12.93
60.0,147.0,2.56
60.0,151.0,10.58
60.0,152.0,7.92
60.0,153.0,6.75
60.0,159.0,3.79
60.0,162.0,14.89
60.0,163.0,14.45
60.0,166.0,9.18
60.0,167.0,2.06
60.0,168.0,5.22
60.0,169.0,3.08
60.0,171.0,12.86
60.0,173.0,12.24
60.0,174.0,6.4
60.0,179.0,10.32
60.0,182.0,3.16
60.0,183.0,6.45
60.0,184.0,10.05
60.0,185.0,4.62
60.0,193.0,12.5
60.0,194.0,7.65
60.0,199.0,6.31
60.0,200.0,9.93
60.0,202.0,12.78
60.0,207.0,10.4
60.0,208.0,7.12
60.0,212.0,2.02
60.0,213.0,3.9
60.0,220.0,7.64
60.0,223.0,8.6
60.0,226.0,14.8
60.0,229.0,14.38
60.0,235.0,4.32
60.0,236.0,11.17
60.0,237.0,13.08
60.0,238.0,11.52
60.0,239.0,12.68
60.0,240.0,8.93
60.0,241.0,6.35
60.0,242.0,4.35
60.0,243.0,6.23
60.0,244.0,6.28
60.0,247.0,4.35
60.0,248.0,1.52
60.0,250.0,4.16
60.0,252.0,10.32
60.0,253.0,11.88
60.0,254.0,7.7
60.0,259.0,10.13
60.0,260.0,13.39
60.0,262.0,10.88
60.0,263.0,10.89
61.0,2.0,14.7
61.0,4.0,8.36
61.0,7.0,12.97
61.0,11.0,12.79
61.0,12.0,9.46
61.0,13.0,10.17
61.0,14.0,12.44
61.0,17.0,2.77
61.0,21.0,11.79
61.0,22.0,11.06
61.0,25.0,5.46
61.0,26.0,8.43
61.0,29.0,13.94
61.0,33.0,6.97
61.0,34.0,5.26
61.0,35.0,3.58
61.0,36.0,4.52
61.0,37.0,3.56
61.0,39.0,6.93
61.0,40.0,6.35
61.0,45.0,8.61
61.0,48.0,14.07
61.0,49.0,3.24
61.0,50.0,14.84
61.0,52.0,6.64
61.0,54.0,7.33
61.0,56.0,13.3
61.0,57.0,14.83
61.0,61.0,0.0
61.0,62.0,1.57
61.0,63.0,6.94
61.0,65.0,6.04
61.0,66.0,6.58
61.0,67.0,11.56
61.0,68.0,12.79
61.0,71.0,4.43
61.0,72.0,3.76
61.0,76.0,7.23
61.0,77.0,5.03
61.0,79.0,9.37
61.0,80.0,6.01
61.0,82.0,11.79
61.0,83.0,10.74
61.0,85.0,4.38
61.0,87.0,8.96
61.0,88.0,9.09
61.0,89.0,5.88
61.0,90.0,11.85
61.0,91.0,7.15
61.0,93.0,14.65
61.0,95.0,12.31
61.0,96.0,8.23
61.0,97.0,4.63
61.0,100.0,12.85
61.0,102.0,8.26
61.0,103.0,12.01
61.0,104.0,11.85
61.0,105.0,9.13
61.0,106.0,5.72
61.0,107.0,10.42
61.0,108.0,13.47
61.0,111.0,6.55
61.0,112.0,8.16
61.0,113.0,10.5
61.0,114.0,10.22
61.0,123.0,11.28
61.0,124.0,10.77
61.0,125.0,10.75
61.0,129.0,13.57
61.0,133.0,6.45
61.0,134.0,13.26
61.0,137.0,10.54
61.0,140.0,13.48
61.0,141.0,13.77
61.0,144.0,9.36
61.0,145.0,10.47
61.0,146.0,11.73
61.0,148.0,8.7
61.0,149.0,10.25
61.0,150.0,13.8
61.0,154.0,12.55
61.0,155.0,9.18
61.0,157.0,8.36
61.0,158.0,11.8
61.0,160.0,9.22
61.0,161.0,13.0
61.0,162.0,12.62
61.0,163.0,13.88
61.0,164.0,12.02
61.0,165.0,8.09
61.0,170.0,11.61
61.0,173.0,14.27
61.0,177.0,2.87
61.0,178.0,9.07
61.0,179.0,14.31
61.0,180.0,10.27
61.0,181.0,4.73
61.0,186.0,12.38
61.0,188.0,2.48
61.0,189.0,3.18
61.0,190.0,3.8
61.0,193.0,12.61
61.0,195.0,7.78
61.0,196.0,11.36
61.0,197.0,12.42
61.0,198.0,6.3
61.0,202.0,12.9
61.0,207.0,13.88
61.0,209.0,8.78
61.0,210.0,12.09
61.0,211.0,10.03
61.0,216.0,13.34
61.0,217.0,4.83
61.0,222.0,7.46
61.0,224.0,9.39
61.0,225.0,2.17
61.0,226.0,9.43
61.0,227.0,8.71
61.0,228.0,8.65
61.0,229.0,12.42
61.0,230.0,13.5
61.0,231.0,9.94
61.0,232.0,7.66
61.0,233.0,11.61
61.0,234.0,11.23
61.0,237.0,14.14
61.0,246.0,13.64
61.0,249.0,11.31
61.0,255.0,6.82
61.0,256.0,5.82
61.0,257.0,5.28
61.0,258.0,9.53
61.0,260.0,10.88
61.0,261.0,9.66
61.0,262.0,14.93
62.0,2.0,14.98
62.0,4.0,8.97
62.0,7.0,14.32
62.0,11.0,11.23
62.0,12.0,9.16
62.0,13.0,10.04
62.0,14.0,10.91
62.0,17.0,3.67
62.0,21.0,10.3
62.0,22.0,9.5
62.0,25.0,5.01
62.0,26.0,6.85
62.0,29.0,12.63
62.0,33.0,6.72
62.0,34.0,5.62
62.0,35.0,4.31
62.0,36.0,6.07
62.0,37.0,5.12
62.0,39.0,6.88
62.0,40.0,5.57
62.0,45.0,8.7
62.0,48.0,14.78
62.0,49.0,3.49
62.0,52.0,6.1
62.0,54.0,6.75
62.0,55.0,13.84
62.0,56.0,14.87
62.0,61.0,1.57
62.0,62.0,0.0
62.0,63.0,8.26
62.0,65.0,5.93
62.0,66.0,6.66
62.0,67.0,9.99
62.0,68.0,13.3
62.0,71.0,3.48
62.0,72.0,3.61
62.0,76.0,8.05
62.0,77.0,5.95
62.0,79.0,9.88
62.0,80.0,7.29
62.0,82.0,13.36
62.0,83.0,12.28
62.0,85.0,3.01
62.0,87.0,8.81
62.0,88.0,8.83
62.0,89.0,4.42
62.0,90.0,12.35
62.0,91.0,6.26
62.0,95.0,13.84
62.0,96.0,9.69
62.0,97.0,4.59
62.0,100.0,13.53
62.0,102.0,9.78
62.0,103.0,11.27
62.0,104.0,11.28
62.0,105.0,8.48
62.0,106.0,4.77
62.0,107.0,11.04
62.0,108.0,12.02
62.0,111.0,5.07
62.0,112.0,9.25
62.0,113.0,10.94
62.0,114.0,10.56
62.0,123.0,9.92
62.0,124.0,11.63
62.0,125.0,10.94
62.0,133.0,4.88
62.0,134.0,14.69
62.0,137.0,11.28
62.0,140.0,14.55
62.0,141.0,14.8
62.0,144.0,9.61
62.0,145.0,11.58
62.0,146.0,12.97
62.0,148.0,9.01
62.0,149.0,9.04
62.0,150.0,12.64
62.0,154.0,11.87
62.0,155.0,8.49
62.0,157.0,9.89
62.0,158.0,12.09
62.0,160.0,10.79
62.0,161.0,13.82
62.0,162.0,13.5
62.0,163.0,14.73
62.0,164.0,12.71
62.0,165.0,6.75
62.0,170.0,12.37
62.0,177.0,4.19
62.0,178.0,7.61
62.0,180.0,11.4
62.0,181.0,3.68
62.0,186.0,12.98
62.0,188.0,1.15
62.0,189.0,2.65
62.0,190.0,2.35
62.0,193.0,13.79
62.0,195.0,6.85
62.0,196.0,12.93
62.0,197.0,13.75
62.0,198.0,7.87
62.0,202.0,14.01
62.0,209.0,8.74
62.0,210.0,10.97
62.0,211.0,10.27
62.0,216.0,14.47
62.0,217.0,5.59
62.0,222.0,7.9
62.0,224.0,10.07
62.0,225.0,3.69
62.0,226.0,10.79
62.0,227.0,7.19
62.0,228.0,7.26
62.0,229.0,13.37
62.0,230.0,14.25
62.0,231.0,9.99
62.0,232.0,8.04
62.0,233.0,12.48
62.0,234.0,11.79
62.0,246.0,14.15
62.0,249.0,11.66
62.0,255.0,7.73
62.0,256.0,6.63
62.0,257.0,3.76
62.0,258.0,10.85
62.0,260.0,12.35
62.0,261.0,9.5
63.0,2.0,11.14
63.0,4.0,12.46
63.0,7.0,12.31
63.0,8.0,14.79
63.0,9.0,14.08
63.0,10.0,9.73
63.0,17.0,8.06
63.0,25.0,12.02
63.0,26.0,14.54
63.0,28.0,8.74
63.0,30.0,13.32
63.0,33.0,13.15
63.0,34.0,10.65
63.0,35.0,4.61
63.0,36.0,5.04
63.0,37.0,5.17
63.0,39.0,7.14
63.0,40.0,13.13
63.0,45.0,14.0
63.0,49.0,9.39
63.0,52.0,13.2
63.0,53.0,14.79
63.0,54.0,13.89
63.0,56.0,8.72
63.0,57.0,10.35
63.0,61.0,6.94
63.0,62.0,8.26
63.0,63.0,0.0
63.0,65.0,12.13
63.0,66.0,12.27
63.0,70.0,11.73
63.0,71.0,8.83
63.0,72.0,6.74
63.0,73.0,12.99
63.0,76.0,3.36
63.0,77.0,3.18
63.0,79.0,13.61
63.0,80.0,8.0
63.0,82.0,8.17
63.0,83.0,8.15
63.0,85.0,9.87
63.0,87.0,14.79
63.0,89.0,11.42
63.0,91.0,10.24
63.0,92.0,12.61
63.0,93.0,9.32
63.0,95.0,6.48
63.0,96.0,2.07
63.0,97.0,10.81
63.0,98.0,13.47
63.0,102.0,2.91
63.0,106.0,12.61
63.0,107.0,14.12
63.0,111.0,13.31
63.0,112.0,10.4
63.0,113.0,14.78
63.0,114.0,14.79
63.0,121.0,10.67
63.0,122.0,13.61
63.0,124.0,5.27
63.0,129.0,10.82
63.0,130.0,9.85
63.0,131.0,12.58
63.0,132.0,11.55
63.0,133.0,12.62
63.0,134.0,6.55
63.0,135.0,9.11
63.0,137.0,13.74
63.0,138.0,13.31
63.0,139.0,14.94
63.0,140.0,14.71
63.0,144.0,14.29
63.0,145.0,11.99
63.0,146.0,12.11
63.0,148.0,13.57
63.0,149.0,13.95
63.0,154.0,13.52
63.0,155.0,10.97
63.0,157.0,6.48
63.0,160.0,5.07
63.0,162.0,14.98
63.0,165.0,12.72
63.0,170.0,14.59
63.0,171.0,14.58
63.0,173.0,10.24
63.0,177.0,4.09
63.0,178.0,14.16
63.0,179.0,14.04
63.0,180.0,3.67
63.0,181.0,11.66
63.0,188.0,8.55
63.0,189.0,10.0
63.0,190.0,10.61
63.0,192.0,11.25
63.0,193.0,13.29
63.0,195.0,14.63
63.0,196.0,6.43
63.0,197.0,5.49
63.0,198.0,4.24
63.0,202.0,13.98
63.0,205.0,12.85
63.0,207.0,12.01
63.0,209.0,14.45
63.0,211.0,14.94
63.0,215.0,9.83
63.0,216.0,6.63
63.0,217.0,9.43
63.0,218.0,11.83
63.0,219.0,13.05
63.0,222.0,5.35
63.0,223.0,14.08
63.0,224.0,13.03
63.0,225.0,6.01
63.0,226.0,9.45
63.0,229.0,14.43
63.0,232.0,12.52
63.0,233.0,14.13
63.0,253.0,12.0
63.0,255.0,10.21
63.0,256.0,9.93
63.0,257.0,11.96
63.0,258.0,2.6
63.0,260.0,9.41
64.0,9.0,5.59
64.0,10.0,13.3
64.0,15.0,6.17
64.0,16.0,3.81
64.0,19.0,3.95
64.0,28.0,10.56
64.0,38.0,9.74
64.0,46.0,13.85
64.0,53.0,11.9
64.0,56.0,13.6
64.0,57.0,12.78
64.0,58.0,14.92
64.0,64.0,0.0
64.0,70.0,14.37
64.0,73.0,7.63
64.0,92.0,9.97
64.0,93.0,11.68
64.0,95.0,13.36
64.0,98.0,5.71
64.0,101.0,3.81
64.0,121.0,8.48
64.0,122.0,7.73
64.0,130.0,10.26
64.0,131.0,7.16
64.0,134.0,12.59
64.0,135.0,10.27
64.0,139.0,12.28
64.0,171.0,7.9
64.0,173.0,13.82
64.0,175.0,3.14
64.0,191.0,6.64
64.0,192.0,8.8
64.0,196.0,14.7
64.0,197.0,14.08
64.0,205.0,10.54
64.0,208.0,13.15
64.0,215.0,11.29
64.0,218.0,13.53
64.0,219.0,14.72
64.0,252.0,9.41
64.0,253.0,11.34
65.0,4.0,4.29
65.0,7.0,12.21
65.0,8.0,14.1
65.0,11.0,13.57
65.0,12.0,3.47
65.0,13.0,4.14
65.0,14.0,11.44
65.0,17.0,4.07
65.0,21.0,13.78
65.0,22.0,12.24
65.0,25.0,1.42
65.0,26.0,9.45
65.0,33.0,1.02
65.0,34.0,1.85
65.0,35.0,9.61
65.0,36.0,7.65
65.0,37.0,7.11
65.0,39.0,12.77
65.0,40.0,2.61
65.0,43.0,13.01
65.0,45.0,2.85
65.0,48.0,9.84
65.0,49.0,2.85
65.0,50.0,10.46
65.0,52.0,1.74
65.0,54.0,2.22
65.0,61.0,6.04
65.0,62.0,5.93
65.0,63.0,12.13
65.0,65.0,0.0
65.0,66.0,1.02
65.0,67.0,11.53
65.0,68.0,7.95
65.0,71.0,9.21
65.0,72.0,9.5
65.0,75.0,14.62
65.0,76.0,13.17
65.0,77.0,10.95
65.0,79.0,4.74
65.0,80.0,6.23
65.0,82.0,13.76
65.0,83.0,12.21
65.0,85.0,8.18
65.0,87.0,2.92
65.0,88.0,3.07
65.0,89.0,8.88
65.0,90.0,7.0
65.0,91.0,11.9
65.0,96.0,12.75
65.0,97.0,1.41
65.0,100.0,8.55
65.0,102.0,12.34
65.0,103.0,6.64
65.0,104.0,6.11
65.0,105.0,3.8
65.0,106.0,3.24
65.0,107.0,6.1
65.0,111.0,6.36
65.0,112.0,6.46
65.0,113.0,5.55
65.0,114.0,5.01
65.0,123.0,14.2
65.0,125.0,5.13
65.0,129.0,14.45
65.0,133.0,8.11
65.0,137.0,6.71
65.0,140.0,10.88
65.0,141.0,10.92
65.0,142.0,11.51
65.0,143.0,11.85
65.0,144.0,3.94
65.0,145.0,8.44
65.0,146.0,10.36
65.0,148.0,3.51
65.0,149.0,13.92
65.0,155.0,14.23
65.0,157.0,10.23
65.0,158.0,6.36
65.0,160.0,12.28
65.0,161.0,9.26
65.0,162.0,9.14
65.0,163.0,10.19
65.0,164.0,7.82
65.0,165.0,11.39
65.0,170.0,7.74
65.0,177.0,8.52
65.0,178.0,11.58
65.0,179.0,12.91
65.0,181.0,3.7
65.0,186.0,7.84
65.0,188.0,6.88
65.0,189.0,3.32
65.0,190.0,5.31
65.0,193.0,10.73
65.0,195.0,3.88
65.0,196.0,14.39
65.0,198.0,9.54
65.0,202.0,10.57
65.0,207.0,13.96
65.0,209.0,2.81
65.0,211.0,4.53
65.0,217.0,3.31
65.0,221.0,14.88
65.0,222.0,13.51
65.0,224.0,5.46
65.0,225.0,6.12
65.0,226.0,9.24
65.0,227.0,8.11
65.0,228.0,6.9
65.0,229.0,9.31
65.0,230.0,9.47
65.0,231.0,4.09
65.0,232.0,2.87
65.0,233.0,8.2
65.0,234.0,6.63
65.0,236.0,12.91
65.0,237.0,11.0
65.0,238.0,14.23
65.0,239.0,13.05
65.0,246.0,8.75
65.0,249.0,6.06
65.0,255.0,4.7
65.0,256.0,3.7
65.0,257.0,6.19
65.0,258.0,14.54
65.0,260.0,11.42
65.0,261.0,3.62
65.0,262.0,12.63
65.0,263.0,12.86
66.0,4.0,3.3
66.0,7.0,11.39
66.0,8.0,13.2
66.0,11.0,14.58
66.0,12.0,3.33
66.0,13.0,3.67
66.0,14.0,12.38
66.0,17.0,4.29
66.0,21.0,14.8
66.0,22.0,13.26
66.0,24.0,14.82
66.0,25.0,2.44
66.0,26.0,10.47
66.0,33.0,1.42
66.0,34.0,1.63
66.0,35.0,10.1
66.0,36.0,7.57
66.0,37.0,7.14
66.0,39.0,13.43
66.0,40.0,3.57
66.0,43.0,12.0
66.0,45.0,2.04
66.0,48.0,8.83
66.0,49.0,3.34
66.0,50.0,9.46
66.0,52.0,2.6
66.0,54.0,2.93
66.0,61.0,6.58
66.0,62.0,6.66
66.0,63.0,12.27
66.0,65.0,1.02
66.0,66.0,0.0
66.0,67.0,12.52
66.0,68.0,6.96
66.0,71.0,10.03
66.0,72.0,10.17
66.0,75.0,13.64
66.0,76.0,13.55
66.0,77.0,11.34
66.0,79.0,3.72
66.0,80.0,5.77
66.0,82.0,13.27
66.0,83.0,11.68
66.0,85.0,9.07
66.0,87.0,2.52
66.0,88.0,2.88
66.0,89.0,9.84
66.0,90.0,6.01
66.0,91.0,12.75
66.0,96.0,12.73
66.0,97.0,2.07
66.0,100.0,7.54
66.0,102.0,12.24
66.0,103.0,6.88
66.0,104.0,6.15
66.0,105.0,4.21
66.0,106.0,4.26
66.0,107.0,5.08
66.0,111.0,7.37
66.0,112.0,5.68
66.0,113.0,4.55
66.0,114.0,4.05
66.0,125.0,4.28
66.0,129.0,13.79
66.0,133.0,9.11
66.0,137.0,5.7
66.0,140.0,9.91
66.0,141.0,9.94
66.0,142.0,10.5
66.0,143.0,10.83
66.0,144.0,3.01
66.0,145.0,7.54
66.0,146.0,9.51
66.0,148.0,2.52
66.0,149.0,14.88
66.0,151.0,14.2
66.0,157.0,9.81
66.0,158.0,5.47
66.0,160.0,12.0
66.0,161.0,8.24
66.0,162.0,8.13
66.0,163.0,9.18
66.0,164.0,6.8
66.0,165.0,12.36
66.0,170.0,6.73
66.0,177.0,8.86
66.0,178.0,12.58
66.0,179.0,12.02
66.0,181.0,4.7
66.0,186.0,6.83
66.0,188.0,7.68
66.0,189.0,4.14
66.0,190.0,6.25
66.0,193.0,9.82
66.0,194.0,14.71
66.0,195.0,4.71
66.0,196.0,14.07
66.0,198.0,9.37
66.0,202.0,9.62
66.0,207.0,13.21
66.0,209.0,2.24
66.0,211.0,3.63
66.0,217.0,3.03
66.0,222.0,14.03
66.0,223.0,14.21
66.0,224.0,4.46
66.0,225.0,6.34
66.0,226.0,8.56
66.0,227.0,9.11
66.0,228.0,7.86
66.0,229.0,8.32
66.0,230.0,8.46
66.0,231.0,3.36
66.0,232.0,1.86
66.0,233.0,7.2
66.0,234.0,5.62
66.0,236.0,11.92
66.0,237.0,10.0
66.0,238.0,13.22
66.0,239.0,12.03
66.0,246.0,7.77
66.0,249.0,5.12
66.0,255.0,3.98
66.0,256.0,3.14
66.0,257.0,7.19
66.0,258.0,14.6
66.0,260.0,10.78
66.0,261.0,3.2
66.0,262.0,11.67
66.0,263.0,11.89
67.0,6.0,7.05
67.0,11.0,2.36
67.0,12.0,12.23
67.0,13.0,13.57
67.0,14.0,1.95
67.0,17.0,12.72
67.0,21.0,4.3
67.0,22.0,2.33
67.0,25.0,10.16
67.0,26.0,3.25
67.0,27.0,14.84
67.0,29.0,8.15
67.0,33.0,11.37
67.0,34.0,12.83
67.0,35.0,13.24
67.0,39.0,12.98
67.0,40.0,8.96
67.0,45.0,13.74
67.0,49.0,11.55
67.0,52.0,10.02
67.0,54.0,9.99
67.0,55.0,6.88
67.0,61.0,11.56
67.0,62.0,9.99
67.0,65.0,11.53
67.0,66.0,12.52
67.0,67.0,0.0
67.0,71.0,9.18
67.0,72.0,11.27
67.0,77.0,14.87
67.0,85.0,7.94
67.0,87.0,12.81
67.0,88.0,12.29
67.0,89.0,6.46
67.0,91.0,9.37
67.0,97.0,11.31
67.0,103.0,10.89
67.0,104.0,12.0
67.0,105.0,10.17
67.0,106.0,8.32
67.0,108.0,5.83
67.0,111.0,5.44
67.0,115.0,8.25
67.0,118.0,14.12
67.0,123.0,6.22
67.0,133.0,5.19
67.0,144.0,14.98
67.0,148.0,14.8
67.0,149.0,7.62
67.0,150.0,9.69
67.0,154.0,12.95
67.0,155.0,10.99
67.0,165.0,6.35
67.0,172.0,12.34
67.0,176.0,14.77
67.0,177.0,13.94
67.0,178.0,4.85
67.0,181.0,8.27
67.0,187.0,14.19
67.0,188.0,9.35
67.0,189.0,9.95
67.0,190.0,7.93
67.0,195.0,8.22
67.0,206.0,10.25
67.0,209.0,13.18
67.0,210.0,9.11
67.0,214.0,9.32
67.0,217.0,13.81
67.0,221.0,6.67
67.0,225.0,13.58
67.0,227.0,3.42
67.0,228.0,4.81
67.0,231.0,14.42
67.0,232.0,14.37
67.0,245.0,10.03
67.0,251.0,12.42
67.0,256.0,14.68
67.0,257.0,6.38
67.0,261.0,13.14
68.0,4.0,4.43
68.0,7.0,9.13
68.0,8.0,9.63
68.0,12.0,6.9
68.0,13.0,5.64
68.0,17.0,10.04
68.0,24.0,8.75
68.0,25.0,9.35
68.0,33.0,7.75
68.0,34.0,7.68
68.0,36.0,11.54
68.0,37.0,11.68
68.0,40.0,10.18
68.0,41.0,9.84
68.0,42.0,12.2
68.0,43.0,6.3
68.0,45.0,5.29
68.0,48.0,2.32
68.0,49.0,9.81
68.0,50.0,2.67
68.0,52.0,9.08
68.0,54.0,9.0
68.0,61.0,12.79
68.0,62.0,13.3
68.0,65.0,7.95
68.0,66.0,6.96
68.0,68.0,0.0
68.0,70.0,14.8
68.0,74.0,10.42
68.0,75.0,8.59
68.0,79.0,3.43
68.0,80.0,8.54
68.0,82.0,13.73
68.0,83.0,12.09
68.0,87.0,6.17
68.0,88.0,6.75
68.0,90.0,0.96
68.0,97.0,8.91
68.0,100.0,1.45
68.0,103.0,9.98
68.0,104.0,8.6
68.0,105.0,9.02
68.0,106.0,11.05
68.0,107.0,2.45
68.0,111.0,14.18
68.0,112.0,6.26
68.0,113.0,2.41
68.0,114.0,2.96
68.0,116.0,12.89
68.0,125.0,3.36
68.0,129.0,12.82
68.0,137.0,2.86
68.0,138.0,14.57
68.0,140.0,5.62
68.0,141.0,5.25
68.0,142.0,4.23
68.0,143.0,4.27
68.0,144.0,4.06
68.0,145.0,5.7
68.0,146.0,7.3
68.0,148.0,4.45
68.0,151.0,8.09
68.0,152.0,11.44
68.0,157.0,11.44
68.0,158.0,2.21
68.0,159.0,14.12
68.0,160.0,14.06
68.0,161.0,2.85
68.0,162.0,3.3
68.0,163.0,3.42
68.0,164.0,1.64
68.0,166.0,9.93
68.0,168.0,12.67
68.0,170.0,2.39
68.0,177.0,14.26
68.0,179.0,8.66
68.0,181.0,11.65
68.0,186.0,0.83
68.0,188.0,14.41
68.0,189.0,11.0
68.0,190.0,13.21
68.0,193.0,6.68
68.0,194.0,10.46
68.0,195.0,10.75
68.0,198.0,12.55
68.0,199.0,14.48
68.0,202.0,5.9
68.0,207.0,11.43
68.0,209.0,5.8
68.0,211.0,3.61
68.0,217.0,7.99
68.0,223.0,11.35
68.0,224.0,3.56
68.0,225.0,11.65
68.0,226.0,8.52
68.0,228.0,14.16
68.0,229.0,4.06
68.0,230.0,2.42
68.0,231.0,4.59
68.0,232.0,5.3
68.0,233.0,3.29
68.0,234.0,1.59
68.0,236.0,6.7
68.0,237.0,4.83
68.0,238.0,7.03
68.0,239.0,5.74
68.0,246.0,0.85
68.0,247.0,14.52
68.0,249.0,2.06
68.0,255.0,6.43
68.0,256.0,7.09
68.0,257.0,14.13
68.0,260.0,10.44
68.0,261.0,5.95
68.0,262.0,7.19
68.0,263.0,7.04
69.0,3.0,8.96
69.0,7.0,10.3
69.0,8.0,7.83
69.0,18.0,6.01
69.0,20.0,5.06
69.0,24.0,7.09
69.0,31.0,5.87
69.0,32.0,7.36
69.0,41.0,5.67
69.0,42.0,3.46
69.0,43.0,9.13
69.0,47.0,2.34
69.0,48.0,13.15
69.0,50.0,13.09
69.0,51.0,11.51
69.0,53.0,10.94
69.0,56.0,14.64
69.0,57.0,13.56
69.0,58.0,10.64
69.0,59.0,2.47
69.0,60.0,3.26
69.0,69.0,0.0
69.0,70.0,11.28
69.0,74.0,5.1
69.0,75.0,6.98
69.0,78.0,3.84
69.0,81.0,11.37
69.0,82.0,14.16
69.0,83.0,13.92
69.0,92.0,14.1
69.0,94.0,4.3
69.0,100.0,14.09
69.0,116.0,3.78
69.0,119.0,1.56
69.0,120.0,2.81
69.0,126.0,4.34
69.0,127.0,5.12
69.0,128.0,6.12
69.0,129.0,11.39
69.0,136.0,5.08
69.0,138.0,9.57
69.0,140.0,10.66
69.0,141.0,10.7
69.0,142.0,11.27
69.0,143.0,11.48
69.0,145.0,13.2
69.0,146.0,11.56
69.0,147.0,2.49
69.0,151.0,7.69
69.0,152.0,4.75
69.0,153.0,6.58
69.0,159.0,1.95
69.0,161.0,12.85
69.0,162.0,12.71
69.0,163.0,12.06
69.0,164.0,14.47
69.0,166.0,6.12
69.0,167.0,1.52
69.0,168.0,3.55
69.0,169.0,2.82
69.0,170.0,14.19
69.0,171.0,14.96
69.0,173.0,12.96
69.0,174.0,7.83
69.0,179.0,8.92
69.0,182.0,6.42
69.0,183.0,9.65
69.0,184.0,13.11
69.0,185.0,7.55
69.0,186.0,14.93
69.0,193.0,10.88
69.0,194.0,6.04
69.0,199.0,6.93
69.0,200.0,10.07
69.0,202.0,10.94
69.0,207.0,10.07
69.0,208.0,10.25
69.0,212.0,5.07
69.0,213.0,6.64
69.0,220.0,7.52
69.0,223.0,8.01
69.0,226.0,13.82
69.0,229.0,12.32
69.0,230.0,13.04
69.0,233.0,13.48
69.0,235.0,3.11
69.0,236.0,8.83
69.0,237.0,10.82
69.0,238.0,8.71
69.0,239.0,9.94
69.0,240.0,10.0
69.0,241.0,6.98
69.0,242.0,7.51
69.0,243.0,4.27
69.0,244.0,3.3
69.0,247.0,1.1
69.0,248.0,4.77
69.0,250.0,7.39
69.0,252.0,12.76
69.0,253.0,13.26
69.0,254.0,9.73
69.0,259.0,12.03
69.0,260.0,12.85
69.0,262.0,8.88
69.0,263.0,8.72
70.0,4.0,13.41
70.0,7.0,5.72
70.0,8.0,6.49
70.0,9.0,9.14
70.0,15.0,9.63
70.0,16.0,10.57
70.0,17.0,13.92
70.0,20.0,14.02
70.0,24.0,12.21
70.0,28.0,10.1
70.0,31.0,13.91
70.0,32.0,14.81
70.0,34.0,14.67
70.0,36.0,10.74
70.0,37.0,11.69
70.0,41.0,11.02
70.0,42.0,11.41
70.0,43.0,11.17
70.0,47.0,12.21
70.0,48.0,13.52
70.0,50.0,14.11
70.0,53.0,3.84
70.0,56.0,3.4
70.0,57.0,2.36
70.0,58.0,12.67
70.0,59.0,11.45
70.0,60.0,10.57
70.0,63.0,11.73
70.0,64.0,14.37
70.0,68.0,14.8
70.0,69.0,11.28
70.0,70.0,0.0
70.0,73.0,6.94
70.0,74.0,9.48
70.0,75.0,9.46
70.0,77.0,14.53
70.0,78.0,12.15
70.0,79.0,14.1
70.0,80.0,10.38
70.0,82.0,3.64
70.0,83.0,4.53
70.0,90.0,14.64
70.0,92.0,4.41
70.0,93.0,4.53
70.0,94.0,14.37
70.0,95.0,6.58
70.0,96.0,9.75
70.0,98.0,11.0
70.0,100.0,13.48
70.0,102.0,8.82
70.0,107.0,13.45
70.0,112.0,10.31
70.0,113.0,14.73
70.0,116.0,12.93
70.0,119.0,12.7
70.0,120.0,14.05
70.0,121.0,8.97
70.0,122.0,14.23
70.0,126.0,7.41
70.0,129.0,2.08
70.0,130.0,11.99
70.0,131.0,12.04
70.0,134.0,9.25
70.0,135.0,7.35
70.0,137.0,12.5
70.0,138.0,1.72
70.0,140.0,9.62
70.0,141.0,10.17
70.0,142.0,12.68
70.0,143.0,13.4
70.0,145.0,9.34
70.0,146.0,7.52
70.0,147.0,8.95
70.0,151.0,12.22
70.0,152.0,12.44
70.0,157.0,6.91
70.0,159.0,9.47
70.0,160.0,6.74
70.0,161.0,12.19
70.0,162.0,11.61
70.0,163.0,12.15
70.0,164.0,13.18
70.0,166.0,12.41
70.0,167.0,10.16
70.0,168.0,8.42
70.0,169.0,13.25
70.0,170.0,12.47
70.0,171.0,6.59
70.0,173.0,1.69
70.0,175.0,13.02
70.0,177.0,13.69
70.0,179.0,6.78
70.0,180.0,13.11
70.0,182.0,11.0
70.0,183.0,13.27
70.0,185.0,13.48
70.0,186.0,13.98
70.0,192.0,6.58
70.0,193.0,8.21
70.0,194.0,7.46
70.0,196.0,5.49
70.0,197.0,10.93
70.0,198.0,9.13
70.0,199.0,4.38
70.0,202.0,9.08
70.0,207.0,3.45
70.0,208.0,10.13
70.0,212.0,9.49
70.0,213.0,8.1
70.0,215.0,13.3
70.0,216.0,13.92
70.0,217.0,13.31
70.0,223.0,4.61
70.0,224.0,12.91
70.0,225.0,13.11
70.0,226.0,7.31
70.0,229.0,10.81
70.0,230.0,12.9
70.0,232.0,14.62
70.0,233.0,11.53
70.0,234.0,14.0
70.0,235.0,14.14
70.0,236.0,10.18
70.0,237.0,10.85
70.0,238.0,12.37
70.0,239.0,12.64
70.0,242.0,12.43
70.0,244.0,14.1
70.0,247.0,11.49
70.0,248.0,10.42
70.0,250.0,10.35
70.0,252.0,6.91
70.0,253.0,3.05
70.0,255.0,11.88
70.0,256.0,12.77
70.0,258.0,11.05
70.0,260.0,5.07
70.0,262.0,8.89
70.0,263.0,9.47
71.0,2.0,12.54
71.0,4.0,12.45
71.0,11.0,9.71
71.0,12.0,12.2
71.0,13.0,13.21
71.0,14.0,10.62
71.0,17.0,7.06
71.0,21.0,8.08
71.0,22.0,7.92
71.0,25.0,8.1
71.0,26.0,5.97
71.0,27.0,12.96
71.0,29.0,9.65
71.0,30.0,14.22
71.0,33.0,9.89
71.0,34.0,9.09
71.0,35.0,4.23
71.0,36.0,8.56
71.0,37.0,7.65
71.0,39.0,4.35
71.0,40.0,8.24
71.0,45.0,12.04
71.0,49.0,6.96
71.0,52.0,9.02
71.0,54.0,9.59
71.0,55.0,11.33
71.0,61.0,4.43
71.0,62.0,3.48
71.0,63.0,8.83
71.0,65.0,9.21
71.0,66.0,10.03
71.0,67.0,9.18
71.0,71.0,0.0
71.0,72.0,2.11
71.0,76.0,7.23
71.0,77.0,5.76
71.0,79.0,13.35
71.0,80.0,10.43
71.0,83.0,14.72
71.0,85.0,1.54
71.0,87.0,12.0
71.0,88.0,11.92
71.0,89.0,2.73
71.0,91.0,2.78
71.0,96.0,10.7
71.0,97.0,7.97
71.0,102.0,11.12
71.0,103.0,13.69
71.0,104.0,13.96
71.0,105.0,11.14
71.0,106.0,7.27
71.0,107.0,14.52
71.0,108.0,9.52
71.0,111.0,5.93
71.0,112.0,12.58
71.0,113.0,14.4
71.0,114.0,14.0
71.0,123.0,7.13
71.0,124.0,10.56
71.0,125.0,14.31
71.0,133.0,4.29
71.0,137.0,14.75
71.0,144.0,13.02
71.0,145.0,14.89
71.0,148.0,12.44
71.0,149.0,5.88
71.0,150.0,9.38
71.0,154.0,8.42
71.0,155.0,5.04
71.0,157.0,12.36
71.0,160.0,12.64
71.0,165.0,4.02
71.0,177.0,5.47
71.0,178.0,5.35
71.0,180.0,11.12
71.0,181.0,6.17
71.0,188.0,2.37
71.0,189.0,5.9
71.0,190.0,4.28
71.0,195.0,9.16
71.0,196.0,14.61
71.0,197.0,14.01
71.0,198.0,9.99
71.0,201.0,14.33
71.0,209.0,12.0
71.0,210.0,7.67
71.0,211.0,13.66
71.0,216.0,14.0
71.0,217.0,9.05
71.0,222.0,6.2
71.0,224.0,13.55
71.0,225.0,6.48
71.0,226.0,13.79
71.0,227.0,7.43
71.0,228.0,8.25
71.0,231.0,13.3
71.0,232.0,11.49
71.0,255.0,11.15
71.0,256.0,10.07
71.0,257.0,4.66
71.0,258.0,11.24
71.0,261.0,12.67
72.0,2.0,11.39
72.0,4.0,12.12
72.0,11.0,11.82
72.0,12.0,12.77
72.0,13.0,13.63
72.0,14.0,12.64
72.0,17.0,6.52
72.0,21.0,10.12
72.0,22.0,10.04
72.0,25.0,8.62
72.0,26.0,8.03
72.0,27.0,13.78
72.0,29.0,11.34
72.0,30.0,13.26
72.0,33.0,10.33
72.0,34.0,8.96
72.0,35.0,2.17
72.0,36.0,7.09
72.0,37.0,6.26
72.0,39.0,3.27
72.0,40.0,9.1
72.0,45.0,12.22
72.0,49.0,6.87
72.0,52.0,9.7
72.0,54.0,10.33
72.0,55.0,13.26
72.0,56.0,14.86
72.0,61.0,3.76
72.0,62.0,3.61
72.0,63.0,6.74
72.0,65.0,9.5
72.0,66.0,10.17
72.0,67.0,11.27
72.0,71.0,2.11
72.0,72.0,0.0
72.0,76.0,5.21
72.0,77.0,3.65
72.0,79.0,13.13
72.0,80.0,9.39
72.0,82.0,13.74
72.0,83.0,13.06
72.0,85.0,3.4
72.0,87.0,12.41
72.0,88.0,12.44
72.0,89.0,4.8
72.0,91.0,3.93
72.0,95.0,13.1
72.0,96.0,8.65
72.0,97.0,8.13
72.0,102.0,9.12
72.0,103.0,14.76
72.0,104.0,14.85
72.0,105.0,12.03
72.0,106.0,8.22
72.0,107.0,14.18
72.0,108.0,11.46
72.0,111.0,7.57
72.0,112.0,11.73
72.0,113.0,14.25
72.0,114.0,13.94
72.0,123.0,9.0
72.0,124.0,8.65
72.0,125.0,14.42
72.0,133.0,6.25
72.0,134.0,13.24
72.0,137.0,14.27
72.0,144.0,13.05
72.0,145.0,13.98
72.0,148.0,12.41
72.0,149.0,7.53
72.0,150.0,10.81
72.0,154.0,8.9
72.0,155.0,5.6
72.0,157.0,10.75
72.0,160.0,10.76
72.0,165.0,6.01
72.0,177.0,3.69
72.0,178.0,7.42
72.0,180.0,9.04
72.0,181.0,7.1
72.0,188.0,2.96
72.0,189.0,6.26
72.0,190.0,5.37
72.0,195.0,10.26
72.0,196.0,12.66
72.0,197.0,11.9
72.0,198.0,8.27
72.0,201.0,14.0
72.0,209.0,12.31
72.0,210.0,9.08
72.0,211.0,13.72
72.0,216.0,11.96
72.0,217.0,8.58
72.0,222.0,4.49
72.0,224.0,13.14
72.0,225.0,5.36
72.0,226.0,12.53
72.0,227.0,9.3
72.0,228.0,9.91
72.0,231.0,13.53
72.0,232.0,11.38
72.0,234.0,14.98
72.0,255.0,10.51
72.0,256.0,9.56
72.0,257.0,6.21
72.0,258.0,9.12
72.0,260.0,13.61
72.0,261.0,13.1
73.0,7.0,12.56
73.0,8.0,13.38
73.0,9.0,2.2
73.0,10.0,11.19
73.0,15.0,4.91
73.0,16.0,3.98
73.0,19.0,9.38
73.0,28.0,6.25
73.0,36.0,14.6
73.0,38.0,11.87
73.0,46.0,14.25
73.0,53.0,5.58
73.0,56.0,6.03
73.0,57.0,5.16
73.0,58.0,12.93
73.0,60.0,14.65
73.0,63.0,12.99
73.0,64.0,7.63
73.0,70.0,6.94
73.0,73.0,0.0
73.0,82.0,8.06
73.0,83.0,9.73
73.0,92.0,2.61
73.0,93.0,4.23
73.0,95.0,6.58
73.0,96.0,11.02
73.0,98.0,4.42
73.0,101.0,10.78
73.0,102.0,10.64
73.0,121.0,3.83
73.0,122.0,8.2
73.0,124.0,14.69
73.0,126.0,12.19
73.0,129.0,8.7
73.0,130.0,7.46
73.0,131.0,6.02
73.0,134.0,7.17
73.0,135.0,4.08
73.0,138.0,7.96
73.0,139.0,13.31
73.0,146.0,14.2
73.0,147.0,14.04
73.0,157.0,11.47
73.0,160.0,9.65
73.0,168.0,14.49
73.0,171.0,2.11
73.0,173.0,6.21
73.0,175.0,6.1
73.0,179.0,13.72
73.0,180.0,12.35
73.0,182.0,13.53
73.0,183.0,14.24
73.0,191.0,9.26
73.0,192.0,1.76
73.0,194.0,14.14
73.0,196.0,7.47
73.0,197.0,9.14
73.0,198.0,12.62
73.0,199.0,10.0
73.0,205.0,10.47
73.0,207.0,10.35
73.0,208.0,10.34
73.0,212.0,12.88
73.0,213.0,10.95
73.0,215.0,8.95
73.0,216.0,11.53
73.0,218.0,12.63
73.0,219.0,14.31
73.0,223.0,11.45
73.0,226.0,13.29
73.0,242.0,14.46
73.0,248.0,13.82
73.0,250.0,12.36
73.0,252.0,5.1
73.0,253.0,3.9
73.0,258.0,11.02
73.0,260.0,11.12
74.0,3.0,13.67
74.0,4.0,12.2
74.0,7.0,6.16
74.0,8.0,3.68
74.0,18.0,11.11
74.0,20.0,10.11
74.0,24.0,3.13
74.0,31.0,10.8
74.0,32.0,12.27
74.0,36.0,14.95
74.0,41.0,1.62
74.0,42.0,2.54
74.0,43.0,4.17
74.0,45.0,14.69
74.0,47.0,7.38
74.0,48.0,8.18
74.0,50.0,8.23
74.0,53.0,10.94
74.0,56.0,12.39
74.0,57.0,11.81
74.0,58.0,14.3
74.0,59.0,7.24
74.0,60.0,7.49
74.0,68.0,10.42
74.0,69.0,5.1
74.0,70.0,9.48
74.0,74.0,0.0
74.0,75.0,1.89
74.0,78.0,8.65
74.0,79.0,12.09
74.0,80.0,12.61
74.0,82.0,11.28
74.0,83.0,10.52
74.0,90.0,10.91
74.0,92.0,13.44
74.0,93.0,13.94
74.0,94.0,9.38
74.0,100.0,9.05
74.0,107.0,10.79
74.0,112.0,10.62
74.0,113.0,11.91
74.0,114.0,12.62
74.0,116.0,4.0
74.0,119.0,5.53
74.0,120.0,6.74
74.0,125.0,13.49
74.0,126.0,5.99
74.0,127.0,9.76
74.0,128.0,10.58
74.0,129.0,8.67
74.0,136.0,10.06
74.0,137.0,9.93
74.0,138.0,8.11
74.0,140.0,5.59
74.0,141.0,5.61
74.0,142.0,6.37
74.0,143.0,6.71
74.0,144.0,13.53
74.0,145.0,8.3
74.0,146.0,6.9
74.0,147.0,5.07
74.0,148.0,13.48
74.0,151.0,3.46
74.0,152.0,3.08
74.0,153.0,11.41
74.0,157.0,11.99
74.0,158.0,12.57
74.0,159.0,3.71
74.0,160.0,13.74
74.0,161.0,7.77
74.0,162.0,7.61
74.0,163.0,7.02
74.0,164.0,9.39
74.0,166.0,2.98
74.0,167.0,5.49
74.0,168.0,2.46
74.0,169.0,7.91
74.0,170.0,9.09
74.0,173.0,10.93
74.0,174.0,12.93
74.0,179.0,4.47
74.0,182.0,10.34
74.0,183.0,13.73
74.0,185.0,12.11
74.0,186.0,9.88
74.0,193.0,6.03
74.0,194.0,2.06
74.0,196.0,13.76
74.0,198.0,14.46
74.0,199.0,6.26
74.0,200.0,14.86
74.0,202.0,5.94
74.0,207.0,6.91
74.0,208.0,13.08
74.0,211.0,13.42
74.0,212.0,8.5
74.0,213.0,9.15
74.0,217.0,14.49
74.0,220.0,12.32
74.0,223.0,4.98
74.0,224.0,11.09
74.0,226.0,9.44
74.0,229.0,7.23
74.0,230.0,8.01
74.0,231.0,14.56
74.0,232.0,13.68
74.0,233.0,8.39
74.0,234.0,10.72
74.0,235.0,7.92
74.0,236.0,3.75
74.0,237.0,5.73
74.0,238.0,4.21
74.0,239.0,5.25
74.0,241.0,12.02
74.0,242.0,11.75
74.0,243.0,8.24
74.0,244.0,5.98
74.0,246.0,10.23
74.0,247.0,4.34
74.0,248.0,8.72
74.0,249.0,12.21
74.0,250.0,10.87
74.0,252.0,13.68
74.0,253.0,12.25
74.0,254.0,14.77
74.0,255.0,12.31
74.0,256.0,13.5
74.0,260.0,9.05
74.0,262.0,3.85
74.0,263.0,3.63
75.0,4.0,10.34
75.0,7.0,5.1
75.0,8.0,3.03
75.0,12.0,14.97
75.0,13.0,13.88
75.0,17.0,14.48
75.0,18.0,12.99
75.0,20.0,11.99
75.0,24.0,2.81
75.0,31.0,12.67
75.0,32.0,14.12
75.0,33.0,14.9
75.0,34.0,13.4
75.0,36.0,13.51
75.0,37.0,14.2
75.0,41.0,2.19
75.0,42.0,4.19
75.0,43.0,2.47
75.0,45.0,12.8
75.0,47.0,9.26
75.0,48.0,6.38
75.0,50.0,6.51
75.0,53.0,11.54
75.0,56.0,12.03
75.0,57.0,11.7
75.0,59.0,9.11
75.0,60.0,9.29
75.0,65.0,14.62
75.0,66.0,13.64
75.0,68.0,8.59
75.0,69.0,6.98
75.0,70.0,9.46
75.0,74.0,1.89
75.0,75.0,0.0
75.0,78.0,10.5
75.0,79.0,10.2
75.0,80.0,11.01
75.0,82.0,10.65
75.0,83.0,9.66
75.0,87.0,14.03
75.0,88.0,14.69
75.0,90.0,9.04
75.0,92.0,13.69
75.0,93.0,13.74
75.0,94.0,11.27
75.0,95.0,14.86
75.0,97.0,14.93
75.0,100.0,7.19
75.0,102.0,14.91
75.0,107.0,8.9
75.0,112.0,8.9
75.0,113.0,10.02
75.0,114.0,10.73
75.0,116.0,5.45
75.0,119.0,7.36
75.0,120.0,8.51
75.0,125.0,11.62
75.0,126.0,7.45
75.0,127.0,11.57
75.0,128.0,12.35
75.0,129.0,8.27
75.0,136.0,11.93
75.0,137.0,8.05
75.0,138.0,8.35
75.0,140.0,3.74
75.0,141.0,3.73
75.0,142.0,4.65
75.0,143.0,5.1
75.0,144.0,11.65
75.0,145.0,6.57
75.0,146.0,5.4
75.0,147.0,6.79
75.0,148.0,11.59
75.0,151.0,2.76
75.0,152.0,4.21
75.0,153.0,13.25
75.0,157.0,10.84
75.0,158.0,10.72
75.0,159.0,5.54
75.0,160.0,12.82
75.0,161.0,5.89
75.0,162.0,5.72
75.0,163.0,5.17
75.0,164.0,7.51
75.0,166.0,3.37
75.0,167.0,7.33
75.0,168.0,4.11
75.0,169.0,9.79
75.0,170.0,7.2
75.0,173.0,10.73
75.0,174.0,14.82
75.0,179.0,3.33
75.0,182.0,12.03
75.0,185.0,13.9
75.0,186.0,8.02
75.0,193.0,4.39
75.0,194.0,2.36
75.0,196.0,13.12
75.0,198.0,13.21
75.0,199.0,7.03
75.0,202.0,4.16
75.0,207.0,6.43
75.0,208.0,14.46
75.0,209.0,13.53
75.0,211.0,11.53
75.0,212.0,10.14
75.0,213.0,10.58
75.0,217.0,12.73
75.0,220.0,14.14
75.0,223.0,4.86
75.0,224.0,9.22
75.0,226.0,8.04
75.0,229.0,5.35
75.0,230.0,6.17
75.0,231.0,12.67
75.0,232.0,11.81
75.0,233.0,6.5
75.0,234.0,8.84
75.0,235.0,9.77
75.0,236.0,1.88
75.0,237.0,3.85
75.0,238.0,3.05
75.0,239.0,3.77
75.0,241.0,13.9
75.0,242.0,13.48
75.0,243.0,9.97
75.0,244.0,7.62
75.0,246.0,8.44
75.0,247.0,6.21
75.0,248.0,10.44
75.0,249.0,10.34
75.0,250.0,12.46
75.0,252.0,14.48
75.0,253.0,12.41
75.0,255.0,10.54
75.0,256.0,11.73
75.0,260.0,8.03
75.0,261.0,14.05
75.0,262.0,2.07
75.0,263.0,1.75
76.0,2.0,8.23
76.0,4.0,14.47
76.0,10.0,9.91
76.0,17.0,9.29
76.0,21.0,14.74
76.0,22.0,15.0
76.0,25.0,12.69
76.0,26.0,13.2
76.0,28.0,10.62
76.0,30.0,10.39
76.0,33.0,14.14
76.0,34.0,12.03
76.0,35.0,3.75
76.0,36.0,7.38
76.0,37.0,7.11
76.0,39.0,4.22
76.0,40.0,13.53
76.0,49.0,10.32
76.0,52.0,13.87
76.0,54.0,14.56
76.0,56.0,11.98
76.0,57.0,13.59
76.0,61.0,7.23
76.0,62.0,8.05
76.0,63.0,3.36
76.0,65.0,13.17
76.0,66.0,13.55
76.0,71.0,7.23
76.0,72.0,5.21
76.0,76.0,0.0
76.0,77.0,2.22
76.0,80.0,10.41
76.0,82.0,11.54
76.0,83.0,11.49
76.0,85.0,8.61
76.0,89.0,9.96
76.0,91.0,7.81
76.0,93.0,12.37
76.0,95.0,9.46
76.0,96.0,5.33
76.0,97.0,11.76
76.0,102.0,6.26
76.0,106.0,12.8
76.0,111.0,12.69
76.0,112.0,12.92
76.0,117.0,13.8
76.0,121.0,12.9
76.0,122.0,14.8
76.0,123.0,13.23
76.0,124.0,3.57
76.0,129.0,14.18
76.0,130.0,11.21
76.0,131.0,14.23
76.0,132.0,10.26
76.0,133.0,11.46
76.0,134.0,8.75
76.0,135.0,11.68
76.0,139.0,14.95
76.0,145.0,14.77
76.0,149.0,11.43
76.0,150.0,13.95
76.0,154.0,10.29
76.0,155.0,8.03
76.0,157.0,9.68
76.0,160.0,8.43
76.0,165.0,10.67
76.0,173.0,13.54
76.0,177.0,4.7
76.0,178.0,12.22
76.0,180.0,3.95
76.0,181.0,11.73
76.0,188.0,7.87
76.0,189.0,10.4
76.0,190.0,10.25
76.0,192.0,13.96
76.0,195.0,14.89
76.0,196.0,9.69
76.0,197.0,7.1
76.0,198.0,7.24
76.0,201.0,12.72
76.0,205.0,13.41
76.0,210.0,12.35
76.0,215.0,10.75
76.0,216.0,6.76
76.0,217.0,11.08
76.0,218.0,11.67
76.0,219.0,12.5
76.0,222.0,2.06
76.0,225.0,7.32
76.0,226.0,12.47
76.0,227.0,14.5
76.0,232.0,14.22
76.0,255.0,12.36
76.0,256.0,11.8
76.0,257.0,11.31
76.0,258.0,4.7
76.0,260.0,12.66
77.0,2.0,10.21
77.0,4.0,12.37
77.0,7.0,14.2
77.0,10.0,11.76
77.0,12.0,14.41
77.0,17.0,7.09
77.0,21.0,13.7
77.0,22.0,13.68
77.0,25.0,10.48
77.0,26.0,11.63
77.0,28.0,11.69
77.0,29.0,14.54
77.0,30.0,12.32
77.0,33.0,11.92
77.0,34.0,9.83
77.0,35.0,1.7
77.0,36.0,5.57
77.0,37.0,5.14
77.0,39.0,4.21
77.0,40.0,11.35
77.0,45.0,13.28
77.0,49.0,8.09
77.0,52.0,11.66
77.0,54.0,12.35
77.0,56.0,11.72
77.0,57.0,13.36
77.0,61.0,5.03
77.0,62.0,5.95
77.0,63.0,3.18
77.0,65.0,10.95
77.0,66.0,11.34
77.0,67.0,14.87
77.0,70.0,14.53
77.0,71.0,5.76
77.0,72.0,3.65
77.0,76.0,2.22
77.0,77.0,0.0
77.0,79.0,13.49
77.0,80.0,8.52
77.0,82.0,10.9
77.0,83.0,10.54
77.0,85.0,6.94
77.0,87.0,13.81
77.0,88.0,14.01
77.0,89.0,8.43
77.0,91.0,7.06
77.0,93.0,12.46
77.0,95.0,9.65
77.0,96.0,5.2
77.0,97.0,9.54
77.0,102.0,5.85
77.0,105.0,14.15
77.0,106.0,10.66
77.0,107.0,14.28
77.0,108.0,14.94
77.0,111.0,10.77
77.0,112.0,11.04
77.0,113.0,14.67
77.0,114.0,14.53
77.0,121.0,13.76
77.0,123.0,12.43
77.0,124.0,5.75
77.0,129.0,13.37
77.0,130.0,12.58
77.0,132.0,12.45
77.0,133.0,9.77
77.0,134.0,9.6
77.0,135.0,12.27
77.0,137.0,14.12
77.0,144.0,13.84
77.0,145.0,13.02
77.0,146.0,13.61
77.0,148.0,13.12
77.0,149.0,10.78
77.0,150.0,13.72
77.0,154.0,10.74
77.0,155.0,7.94
77.0,157.0,8.47
77.0,160.0,7.79
77.0,165.0,9.57
77.0,173.0,13.14
77.0,177.0,2.52
77.0,178.0,11.04
77.0,180.0,5.54
77.0,181.0,9.6
77.0,188.0,5.91
77.0,189.0,8.2
77.0,190.0,8.22
77.0,192.0,14.42
77.0,193.0,14.72
77.0,195.0,12.74
77.0,196.0,9.45
77.0,197.0,8.27
77.0,198.0,5.91
77.0,201.0,14.22
77.0,207.0,14.32
77.0,209.0,13.58
77.0,210.0,12.03
77.0,211.0,14.51
77.0,215.0,12.32
77.0,216.0,8.57
77.0,217.0,8.92
77.0,218.0,13.64
77.0,219.0,14.58
77.0,222.0,3.14
77.0,224.0,13.18
77.0,225.0,5.16
77.0,226.0,10.94
77.0,227.0,12.69
77.0,228.0,13.07
77.0,231.0,14.61
77.0,232.0,12.05
77.0,233.0,14.82
77.0,255.0,10.32
77.0,256.0,9.69
77.0,257.0,9.39
77.0,258.0,5.48
77.0,260.0,11.47
77.0,261.0,14.51
78.0,3.0,5.12
78.0,7.0,12.85
78.0,8.0,10.62
78.0,15.0,14.32
78.0,18.0,3.38
78.0,20.0,1.89
78.0,24.0,10.92
78.0,31.0,2.19
78.0,32.0,3.62
78.0,41.0,9.45
78.0,42.0,7.3
78.0,43.0,12.8
78.0,46.0,11.54
78.0,47.0,1.68
78.0,51.0,7.67
78.0,53.0,10.55
78.0,57.0,14.15
78.0,58.0,7.27
78.0,59.0,1.41
78.0,60.0,1.61
78.0,69.0,3.84
78.0,70.0,12.15
78.0,74.0,8.65
78.0,75.0,10.5
78.0,78.0,0.0
78.0,81.0,7.59
78.0,92.0,13.85
78.0,94.0,2.49
78.0,116.0,7.49
78.0,119.0,4.64
78.0,120.0,4.98
78.0,126.0,4.84
78.0,127.0,4.88
78.0,128.0,5.91
78.0,129.0,12.89
78.0,136.0,3.75
78.0,138.0,10.47
78.0,140.0,14.0
78.0,141.0,14.13
78.0,142.0,14.98
78.0,146.0,14.43
78.0,147.0,4.01
78.0,151.0,11.51
78.0,152.0,8.57
78.0,153.0,5.34
78.0,159.0,4.97
78.0,166.0,9.97
78.0,167.0,3.18
78.0,168.0,6.54
78.0,169.0,2.26
78.0,171.0,14.09
78.0,173.0,13.81
78.0,174.0,4.79
78.0,179.0,11.8
78.0,182.0,3.24
78.0,183.0,6.04
78.0,184.0,9.3
78.0,185.0,3.73
78.0,193.0,13.95
78.0,194.0,9.05
78.0,199.0,7.92
78.0,200.0,8.38
78.0,202.0,14.16
78.0,207.0,12.01
78.0,208.0,7.6
78.0,212.0,3.07
78.0,213.0,5.02
78.0,220.0,6.18
78.0,223.0,10.18
78.0,235.0,3.57
78.0,236.0,12.39
78.0,237.0,14.34
78.0,238.0,12.5
78.0,239.0,13.71
78.0,240.0,7.32
78.0,241.0,4.78
78.0,242.0,3.89
78.0,243.0,5.56
78.0,244.0,6.24
78.0,247.0,4.93
78.0,248.0,2.17
78.0,250.0,4.52
78.0,252.0,11.41
78.0,253.0,13.35
78.0,254.0,6.22
78.0,259.0,8.63
78.0,260.0,14.99
78.0,262.0,12.21
78.0,263.0,12.16
79.0,4.0,1.15
79.0,7.0,8.9
79.0,8.0,10.25
79.0,12.0,4.9
79.0,13.0,4.06
79.0,17.0,6.65
79.0,24.0,11.16
79.0,25.0,6.17
79.0,26.0,14.19
79.0,33.0,4.79
79.0,34.0,4.26
79.0,35.0,12.58
79.0,36.0,8.57
79.0,37.0,8.56
79.0,40.0,7.2
79.0,41.0,11.92
79.0,42.0,14.24
79.0,43.0,8.38
79.0,45.0,2.61
79.0,48.0,5.11
79.0,49.0,6.39
79.0,50.0,5.77
79.0,52.0,6.13
79.0,54.0,6.23
79.0,56.0,14.29
79.0,61.0,9.37
79.0,62.0,9.88
79.0,63.0,13.61
79.0,65.0,4.74
79.0,66.0,3.72
79.0,68.0,3.43
79.0,70.0,14.1
79.0,71.0,13.35
79.0,72.0,13.13
79.0,74.0,12.09
79.0,75.0,10.2
79.0,77.0,13.49
79.0,79.0,0.0
79.0,80.0,5.76
79.0,82.0,12.24
79.0,83.0,10.56
79.0,85.0,12.56
79.0,87.0,3.89
79.0,88.0,4.56
79.0,89.0,13.46
79.0,90.0,2.48
79.0,96.0,13.5
79.0,97.0,5.55
79.0,100.0,3.82
79.0,102.0,12.77
79.0,103.0,8.63
79.0,104.0,7.43
79.0,105.0,6.79
79.0,106.0,7.96
79.0,107.0,1.37
79.0,111.0,11.09
79.0,112.0,4.06
79.0,113.0,1.18
79.0,114.0,1.28
79.0,125.0,2.41
79.0,129.0,12.02
79.0,133.0,12.82
79.0,137.0,2.16
79.0,138.0,14.27
79.0,140.0,6.56
79.0,141.0,6.48
79.0,142.0,6.78
79.0,143.0,7.11
79.0,144.0,1.57
79.0,145.0,4.88
79.0,146.0,6.9
79.0,148.0,1.39
79.0,151.0,10.53
79.0,152.0,13.76
79.0,157.0,9.32
79.0,158.0,2.79
79.0,160.0,11.87
79.0,161.0,4.56
79.0,162.0,4.53
79.0,163.0,5.49
79.0,164.0,3.08
79.0,166.0,12.33
79.0,168.0,14.02
79.0,170.0,3.07
79.0,173.0,14.16
79.0,177.0,10.99
79.0,179.0,9.1
79.0,181.0,8.42
79.0,186.0,3.15
79.0,188.0,10.98
79.0,189.0,7.62
79.0,190.0,9.87
79.0,193.0,6.86
79.0,194.0,11.55
79.0,195.0,8.07
79.0,196.0,13.65
79.0,198.0,9.87
79.0,199.0,14.81
79.0,202.0,6.44
79.0,207.0,11.02
79.0,209.0,3.36
79.0,211.0,1.82
79.0,217.0,4.62
79.0,223.0,11.57
79.0,224.0,1.21
79.0,225.0,8.35
79.0,226.0,6.98
79.0,227.0,12.76
79.0,228.0,11.4
79.0,229.0,4.86
79.0,230.0,4.73
79.0,231.0,2.84
79.0,232.0,1.92
79.0,233.0,3.7
79.0,234.0,1.93
79.0,236.0,8.4
79.0,237.0,6.43
79.0,238.0,9.53
79.0,239.0,8.32
79.0,246.0,4.28
79.0,249.0,2.14
79.0,255.0,3.43
79.0,256.0,3.8
79.0,257.0,10.9
79.0,260.0,9.19
79.0,261.0,4.06
79.0,262.0,8.35
79.0,263.0,8.46
80.0,4.0,4.64
80.0,7.0,7.04
80.0,8.0,9.41
80.0,12.0,8.96
80.0,13.0,8.84
80.0,17.0,3.8
80.0,24.0,13.12
80.0,25.0,7.01
80.0,26.0,13.67
80.0,28.0,14.27
80.0,33.0,7.11
80.0,34.0,4.38
80.0,35.0,8.1
80.0,36.0,3.04
80.0,37.0,3.4
80.0,39.0,12.08
80.0,40.0,8.46
80.0,41.0,13.17
80.0,43.0,10.37
80.0,45.0,6.84
80.0,48.0,9.07
80.0,49.0,4.93
80.0,50.0,9.9
80.0,52.0,7.89
80.0,53.0,14.22
80.0,54.0,8.44
80.0,56.0,9.48
80.0,57.0,10.7
80.0,61.0,6.01
80.0,62.0,7.29
80.0,63.0,8.0
80.0,65.0,6.23
80.0,66.0,5.77
80.0,68.0,8.54
80.0,70.0,10.38
80.0,71.0,10.43
80.0,72.0,9.39
80.0,74.0,12.61
80.0,75.0,11.01
80.0,76.0,10.41
80.0,77.0,8.52
80.0,79.0,5.76
80.0,80.0,0.0
80.0,82.0,7.53
80.0,83.0,6.0
80.0,85.0,10.3
80.0,87.0,7.97
80.0,88.0,8.5
80.0,89.0,11.69
80.0,90.0,7.78
80.0,91.0,13.1
80.0,92.0,13.77
80.0,93.0,11.31
80.0,95.0,9.96
80.0,96.0,7.75
80.0,97.0,5.57
80.0,100.0,8.06
80.0,102.0,7.02
80.0,103.0,12.65
80.0,104.0,11.83
80.0,105.0,9.96
80.0,106.0,8.59
80.0,107.0,6.13
80.0,111.0,11.03
80.0,112.0,2.51
80.0,113.0,6.88
80.0,114.0,7.01
80.0,124.0,13.23
80.0,125.0,8.03
80.0,129.0,8.41
80.0,133.0,11.82
80.0,134.0,12.08
80.0,135.0,13.01
80.0,137.0,5.75
80.0,138.0,11.16
80.0,140.0,7.63
80.0,141.0,7.99
80.0,142.0,9.9
80.0,143.0,10.55
80.0,144.0,6.74
80.0,145.0,4.61
80.0,146.0,5.71
80.0,148.0,6.05
80.0,151.0,12.63
80.0,155.0,14.98
80.0,157.0,4.04
80.0,158.0,8.54
80.0,160.0,6.33
80.0,161.0,7.75
80.0,162.0,7.25
80.0,163.0,8.52
80.0,164.0,7.26
80.0,165.0,14.04
80.0,166.0,14.1
80.0,168.0,13.7
80.0,170.0,6.65
80.0,173.0,9.86
80.0,177.0,6.24
80.0,178.0,14.87
80.0,179.0,8.31
80.0,180.0,11.57
80.0,181.0,8.27
80.0,186.0,7.88
80.0,188.0,8.4
80.0,189.0,6.52
80.0,190.0,8.66
80.0,192.0,14.16
80.0,193.0,6.63
80.0,194.0,11.2
80.0,195.0,9.96
80.0,196.0,8.33
80.0,197.0,12.18
80.0,198.0,4.12
80.0,199.0,12.66
80.0,202.0,6.99
80.0,207.0,8.27
80.0,209.0,7.5
80.0,211.0,7.32
80.0,216.0,14.27
80.0,217.0,2.95
80.0,222.0,11.65
80.0,223.0,9.76
80.0,224.0,5.05
80.0,225.0,4.03
80.0,226.0,3.55
80.0,227.0,13.17
80.0,228.0,12.42
80.0,229.0,6.85
80.0,230.0,8.4
80.0,231.0,7.92
80.0,232.0,5.15
80.0,233.0,6.31
80.0,234.0,7.01
80.0,236.0,9.82
80.0,237.0,8.46
80.0,238.0,11.92
80.0,239.0,11.1
80.0,246.0,9.33
80.0,249.0,7.88
80.0,253.0,12.54
80.0,255.0,2.35
80.0,256.0,2.66
80.0,257.0,10.16
80.0,258.0,9.83
80.0,260.0,5.43
80.0,261.0,8.54
80.0,262.0,8.96
80.0,263.0,9.45
81.0,3.0,2.7
81.0,18.0,6.27
81.0,20.0,6.45
81.0,31.0,5.51
81.0,32.0,4.01
81.0,42.0,14.81
81.0,46.0,7.68
81.0,47.0,9.05
81.0,51.0,1.39
81.0,53.0,14.73
81.0,58.0,6.09
81.0,59.0,9.01
81.0,60.0,8.82
81.0,69.0,11.37
81.0,78.0,7.59
81.0,81.0,0.0
81.0,94.0,7.76
81.0,116.0,14.77
81.0,119.0,11.81
81.0,120.0,11.57
81.0,126.0,11.5
81.0,127.0,9.46
81.0,128.0,9.85
81.0,136.0,8.05
81.0,147.0,11.38
81.0,153.0,8.24
81.0,159.0,12.53
81.0,167.0,10.74
81.0,168.0,14.03
81.0,169.0,8.95
81.0,174.0,4.75
81.0,182.0,6.79
81.0,183.0,4.71
81.0,184.0,3.71
81.0,185.0,4.38
81.0,199.0,14.17
81.0,200.0,8.3
81.0,208.0,8.6
81.0,212.0,8.63
81.0,213.0,9.59
81.0,220.0,8.24
81.0,235.0,9.77
81.0,240.0,5.43
81.0,241.0,6.6
81.0,242.0,5.26
81.0,243.0,11.27
81.0,244.0,13.01
81.0,247.0,12.41
81.0,248.0,7.95
81.0,250.0,7.31
81.0,252.0,13.84
81.0,254.0,2.49
81.0,259.0,3.04
82.0,4.0,11.35
82.0,7.0,5.74
82.0,8.0,7.69
82.0,9.0,10.07
82.0,10.0,13.08
82.0,15.0,12.02
82.0,16.0,12.04
82.0,17.0,10.74
82.0,24.0,13.46
82.0,25.0,14.48
82.0,28.0,8.65
82.0,33.0,14.63
82.0,34.0,11.91
82.0,35.0,11.68
82.0,36.0,7.29
82.0,37.0,8.24
82.0,41.0,12.61
82.0,42.0,13.57
82.0,43.0,11.7
82.0,45.0,14.05
82.0,48.0,12.99
82.0,49.0,12.14
82.0,50.0,13.71
82.0,53.0,7.19
82.0,56.0,2.05
82.0,57.0,3.18
82.0,59.0,14.7
82.0,60.0,13.93
82.0,61.0,11.79
82.0,62.0,13.36
82.0,63.0,8.17
82.0,65.0,13.76
82.0,66.0,13.27
82.0,68.0,13.73
82.0,69.0,14.16
82.0,70.0,3.64
82.0,72.0,13.74
82.0,73.0,8.06
82.0,74.0,11.28
82.0,75.0,10.65
82.0,76.0,11.54
82.0,77.0,10.9
82.0,79.0,12.24
82.0,80.0,7.53
82.0,82.0,0.0
82.0,83.0,1.68
82.0,90.0,13.35
82.0,92.0,6.24
82.0,93.0,4.04
82.0,95.0,4.22
82.0,96.0,6.27
82.0,97.0,13.02
82.0,98.0,11.14
82.0,100.0,12.6
82.0,102.0,5.28
82.0,107.0,11.91
82.0,112.0,8.19
82.0,113.0,13.08
82.0,114.0,13.49
82.0,121.0,8.47
82.0,122.0,13.59
82.0,124.0,12.46
82.0,125.0,14.64
82.0,126.0,10.71
82.0,129.0,2.77
82.0,130.0,10.6
82.0,131.0,11.58
82.0,134.0,7.1
82.0,135.0,6.44
82.0,137.0,11.06
82.0,138.0,5.14
82.0,140.0,9.45
82.0,141.0,10.03
82.0,142.0,12.66
82.0,143.0,13.42
82.0,144.0,13.61
82.0,145.0,8.04
82.0,146.0,6.78
82.0,147.0,12.04
82.0,148.0,13.02
82.0,151.0,13.29
82.0,152.0,14.35
82.0,157.0,3.61
82.0,158.0,14.69
82.0,159.0,12.24
82.0,160.0,3.13
82.0,161.0,11.52
82.0,162.0,10.9
82.0,163.0,11.77
82.0,164.0,12.1
82.0,166.0,13.95
82.0,167.0,13.24
82.0,168.0,10.91
82.0,170.0,11.35
82.0,171.0,8.64
82.0,173.0,2.48
82.0,175.0,13.64
82.0,177.0,10.09
82.0,179.0,7.4
82.0,180.0,9.96
82.0,182.0,14.6
82.0,186.0,12.91
82.0,188.0,14.21
82.0,189.0,13.56
82.0,192.0,6.92
82.0,193.0,7.84
82.0,194.0,9.23
82.0,196.0,2.49
82.0,197.0,8.37
82.0,198.0,5.56
82.0,199.0,7.61
82.0,202.0,8.75
82.0,205.0,14.54
82.0,207.0,4.37
82.0,208.0,13.69
82.0,209.0,14.78
82.0,211.0,14.04
82.0,212.0,13.02
82.0,213.0,11.71
82.0,215.0,11.65
82.0,216.0,11.3
82.0,217.0,10.47
82.0,222.0,13.52
82.0,223.0,6.4
82.0,224.0,11.13
82.0,225.0,9.7
82.0,226.0,5.3
82.0,229.0,10.12
82.0,230.0,12.29
82.0,231.0,14.9
82.0,232.0,12.34
82.0,233.0,10.5
82.0,234.0,12.62
82.0,236.0,10.74
82.0,237.0,10.74
82.0,238.0,13.15
82.0,239.0,13.05
82.0,246.0,14.27
82.0,247.0,14.17
82.0,248.0,13.93
82.0,249.0,14.02
82.0,250.0,13.98
82.0,252.0,9.9
82.0,253.0,5.06
82.0,255.0,9.44
82.0,256.0,10.13
82.0,258.0,7.83
82.0,260.0,3.32
82.0,262.0,9.4
82.0,263.0,10.05
83.0,4.0,9.68
83.0,7.0,4.58
83.0,8.0,6.84
83.0,9.0,11.75
83.0,10.0,14.24
83.0,12.0,14.69
83.0,13.0,14.32
83.0,15.0,13.55
83.0,16.0,13.7
83.0,17.0,9.41
83.0,24.0,12.41
83.0,25.0,13.01
83.0,28.0,10.08
83.0,33.0,13.06
83.0,34.0,10.38
83.0,35.0,11.1
83.0,36.0,6.24
83.0,37.0,7.19
83.0,39.0,14.75
83.0,40.0,14.45
83.0,41.0,11.72
83.0,42.0,12.94
83.0,43.0,10.43
83.0,45.0,12.39
83.0,48.0,11.43
83.0,49.0,10.76
83.0,50.0,12.17
83.0,52.0,13.89
83.0,53.0,8.33
83.0,54.0,14.43
83.0,56.0,3.74
83.0,57.0,4.73
83.0,59.0,14.74
83.0,60.0,14.08
83.0,61.0,10.74
83.0,62.0,12.28
83.0,63.0,8.15
83.0,65.0,12.21
83.0,66.0,11.68
83.0,68.0,12.09
83.0,69.0,13.92
83.0,70.0,4.53
83.0,71.0,14.72
83.0,72.0,13.06
83.0,73.0,9.73
83.0,74.0,10.52
83.0,75.0,9.66
83.0,76.0,11.49
83.0,77.0,10.54
83.0,79.0,10.56
83.0,80.0,6.0
83.0,82.0,1.68
83.0,83.0,0.0
83.0,87.0,13.65
83.0,88.0,14.24
83.0,90.0,11.68
83.0,92.0,7.8
83.0,93.0,5.72
83.0,95.0,5.54
83.0,96.0,6.49
83.0,97.0,11.55
83.0,98.0,12.81
83.0,100.0,10.98
83.0,102.0,5.43
83.0,106.0,14.52
83.0,107.0,10.23
83.0,112.0,6.52
83.0,113.0,11.4
83.0,114.0,11.8
83.0,116.0,14.47
83.0,121.0,10.1
83.0,124.0,12.88
83.0,125.0,12.96
83.0,126.0,10.87
83.0,129.0,2.89
83.0,130.0,12.01
83.0,131.0,13.18
83.0,134.0,8.35
83.0,135.0,8.04
83.0,137.0,9.39
83.0,138.0,5.69
83.0,140.0,8.03
83.0,141.0,8.61
83.0,142.0,11.22
83.0,143.0,11.98
83.0,144.0,11.94
83.0,145.0,6.4
83.0,146.0,5.29
83.0,147.0,11.98
83.0,148.0,11.35
83.0,151.0,12.18
83.0,152.0,13.57
83.0,157.0,2.39
83.0,158.0,13.01
83.0,159.0,11.97
83.0,160.0,3.23
83.0,161.0,9.95
83.0,162.0,9.32
83.0,163.0,10.25
83.0,164.0,10.46
83.0,166.0,13.01
83.0,167.0,13.16
83.0,168.0,10.51
83.0,170.0,9.71
83.0,171.0,10.2
83.0,173.0,3.86
83.0,177.0,9.37
83.0,179.0,6.33
83.0,180.0,10.49
83.0,181.0,14.08
83.0,186.0,11.26
83.0,188.0,13.21
83.0,189.0,12.24
83.0,190.0,14.14
83.0,192.0,8.6
83.0,193.0,6.42
83.0,194.0,8.54
83.0,196.0,3.67
83.0,197.0,9.37
83.0,198.0,4.79
83.0,199.0,7.83
83.0,202.0,7.31
83.0,207.0,3.85
83.0,208.0,14.65
83.0,209.0,13.13
83.0,211.0,12.36
83.0,212.0,13.41
83.0,213.0,12.29
83.0,215.0,12.98
83.0,216.0,12.2
83.0,217.0,8.96
83.0,222.0,13.37
83.0,223.0,5.93
83.0,224.0,9.45
83.0,225.0,8.59
83.0,226.0,3.62
83.0,229.0,8.56
83.0,230.0,10.72
83.0,231.0,13.23
83.0,232.0,10.69
83.0,233.0,8.88
83.0,234.0,10.94
83.0,236.0,9.51
83.0,237.0,9.31
83.0,238.0,11.94
83.0,239.0,11.73
83.0,246.0,12.64
83.0,247.0,13.8
83.0,248.0,14.26
83.0,249.0,12.34
83.0,250.0,14.61
83.0,252.0,11.24
83.0,253.0,6.55
83.0,255.0,7.81
83.0,256.0,8.55
83.0,258.0,8.34
83.0,260.0,1.8
83.0,261.0,14.12
83.0,262.0,8.19
83.0,263.0,8.84
84.0,5.0,3.51
84.0,23.0,11.55
84.0,44.0,5.13
84.0,84.0,0.0
84.0,99.0,7.05
84.0,109.0,5.32
84.0,110.0,7.06
84.0,118.0,10.44
84.0,172.0,11.16
84.0,176.0,8.74
84.0,204.0,2.82
84.0,214.0,14.21
84.0,251.0,14.67
85.0,2.0,14.07
85.0,4.0,11.74
85.0,6.0,14.97
85.0,11.0,8.74
85.0,12.0,10.97
85.0,13.0,12.05
85.0,14.0,9.26
85.0,17.0,6.66
85.0,21.0,7.45
85.0,22.0,6.95
85.0,25.0,6.96
85.0,26.0,4.69
85.0,27.0,13.69
85.0,29.0,9.62
85.0,33.0,8.76
85.0,34.0,8.32
85.0,35.0,5.3
85.0,36.0,8.83
85.0,37.0,7.88
85.0,39.0,5.9
85.0,40.0,6.92
85.0,45.0,11.03
85.0,49.0,6.26
85.0,52.0,7.78
85.0,54.0,8.3
85.0,55.0,10.92
85.0,61.0,4.38
85.0,62.0,3.01
85.0,63.0,9.87
85.0,65.0,8.18
85.0,66.0,9.07
85.0,67.0,7.94
85.0,71.0,1.54
85.0,72.0,3.4
85.0,76.0,8.61
85.0,77.0,6.94
85.0,79.0,12.56
85.0,80.0,10.3
85.0,85.0,0.0
85.0,87.0,10.86
85.0,88.0,10.73
85.0,89.0,1.59
85.0,90.0,14.99
85.0,91.0,3.77
85.0,96.0,11.63
85.0,97.0,7.05
85.0,102.0,11.93
85.0,103.0,12.24
85.0,104.0,12.58
85.0,105.0,9.78
85.0,106.0,5.92
85.0,107.0,13.8
85.0,108.0,9.09
85.0,111.0,4.39
85.0,112.0,12.24
85.0,113.0,13.55
85.0,114.0,13.1
85.0,123.0,6.92
85.0,124.0,12.01
85.0,125.0,13.31
85.0,133.0,2.85
85.0,137.0,14.12
85.0,144.0,12.08
85.0,145.0,14.58
85.0,148.0,11.55
85.0,149.0,6.06
85.0,150.0,9.67
85.0,154.0,9.44
85.0,155.0,6.14
85.0,157.0,12.68
85.0,158.0,14.53
85.0,160.0,13.26
85.0,165.0,3.74
85.0,177.0,6.16
85.0,178.0,4.71
85.0,180.0,12.42
85.0,181.0,4.87
85.0,188.0,1.91
85.0,189.0,4.96
85.0,190.0,2.98
85.0,195.0,7.73
85.0,198.0,10.46
85.0,209.0,10.91
85.0,210.0,8.03
85.0,211.0,12.7
85.0,217.0,8.52
85.0,221.0,14.17
85.0,222.0,7.71
85.0,224.0,12.89
85.0,225.0,6.55
85.0,226.0,13.78
85.0,227.0,5.94
85.0,228.0,6.7
85.0,231.0,12.24
85.0,232.0,10.66
85.0,234.0,14.49
85.0,249.0,14.18
85.0,255.0,10.69
85.0,256.0,9.55
85.0,257.0,3.13
85.0,258.0,12.37
85.0,261.0,11.5
86.0,2.0,8.72
86.0,10.0,11.91
86.0,30.0,7.43
86.0,38.0,13.66
86.0,86.0,0.0
86.0,117.0,4.02
86.0,124.0,12.91
86.0,132.0,7.4
86.0,139.0,11.02
86.0,180.0,14.82
86.0,201.0,10.45
86.0,203.0,8.32
86.0,205.0,13.05
86.0,215.0,14.07
86.0,216.0,12.96
86.0,218.0,10.41
86.0,219.0,8.83
87.0,4.0,4.21
87.0,7.0,12.65
87.0,8.0,14.12
87.0,12.0,1.06
87.0,13.0,1.23
87.0,14.0,12.29
87.0,17.0,6.79
87.0,22.0,13.95
87.0,24.0,14.75
87.0,25.0,3.92
87.0,26.0,11.33
87.0,33.0,2.11
87.0,34.0,4.14
87.0,35.0,12.52
87.0,36.0,10.04
87.0,37.0,9.65
87.0,40.0,4.25
87.0,43.0,12.06
87.0,45.0,1.33
87.0,48.0,8.38
87.0,49.0,5.74
87.0,50.0,8.84
87.0,52.0,3.19
87.0,54.0,2.92
87.0,61.0,8.96
87.0,62.0,8.81
87.0,63.0,14.79
87.0,65.0,2.92
87.0,66.0,2.52
87.0,67.0,12.81
87.0,68.0,6.17
87.0,71.0,12.0
87.0,72.0,12.41
87.0,75.0,14.03
87.0,77.0,13.81
87.0,79.0,3.89
87.0,80.0,7.97
87.0,83.0,13.65
87.0,85.0,10.86
87.0,87.0,0.0
87.0,88.0,0.68
87.0,89.0,11.36
87.0,90.0,5.34
87.0,91.0,14.63
87.0,97.0,4.33
87.0,100.0,7.17
87.0,102.0,14.68
87.0,103.0,4.89
87.0,104.0,3.89
87.0,105.0,2.94
87.0,106.0,5.24
87.0,107.0,5.12
87.0,111.0,8.25
87.0,112.0,7.26
87.0,113.0,4.06
87.0,114.0,3.36
87.0,125.0,2.86
87.0,133.0,10.32
87.0,137.0,6.03
87.0,140.0,10.43
87.0,141.0,10.32
87.0,142.0,10.23
87.0,143.0,10.4
87.0,144.0,2.38
87.0,145.0,8.64
87.0,146.0,10.68
87.0,148.0,2.57
87.0,151.0,14.09
87.0,157.0,11.98
87.0,158.0,4.15
87.0,160.0,14.29
87.0,161.0,8.22
87.0,162.0,8.31
87.0,163.0,9.1
87.0,164.0,6.62
87.0,165.0,13.81
87.0,170.0,6.83
87.0,177.0,11.35
87.0,178.0,13.77
87.0,179.0,12.97
87.0,181.0,6.09
87.0,186.0,6.35
87.0,188.0,9.72
87.0,189.0,6.17
87.0,190.0,7.9
87.0,193.0,10.72
87.0,195.0,4.59
87.0,198.0,11.78
87.0,202.0,10.32
87.0,206.0,14.51
87.0,207.0,14.68
87.0,209.0,0.54
87.0,211.0,2.59
87.0,217.0,5.46
87.0,221.0,14.87
87.0,224.0,5.03
87.0,225.0,8.85
87.0,226.0,10.28
87.0,227.0,9.53
87.0,228.0,8.0
87.0,229.0,8.72
87.0,230.0,8.21
87.0,231.0,1.61
87.0,232.0,2.96
87.0,233.0,7.56
87.0,234.0,5.28
87.0,236.0,12.19
87.0,237.0,10.21
87.0,238.0,13.05
87.0,239.0,11.78
87.0,246.0,6.84
87.0,249.0,4.11
87.0,255.0,5.85
87.0,256.0,5.33
87.0,257.0,8.47
87.0,260.0,12.53
87.0,261.0,0.7
87.0,262.0,12.22
87.0,263.0,12.3
88.0,4.0,4.87
88.0,7.0,13.32
88.0,8.0,14.8
88.0,11.0,14.55
88.0,12.0,0.45
88.0,13.0,1.37
88.0,14.0,11.7
88.0,17.0,7.08
88.0,22.0,13.5
88.0,25.0,3.84
88.0,26.0,10.93
88.0,33.0,2.12
88.0,34.0,4.5
88.0,35.0,12.67
88.0,36.0,10.45
88.0,37.0,10.01
88.0,40.0,3.95
88.0,43.0,12.7
88.0,45.0,2.0
88.0,48.0,8.98
88.0,49.0,5.92
88.0,50.0,9.42
88.0,52.0,2.95
88.0,54.0,2.56
88.0,61.0,9.09
88.0,62.0,8.83
88.0,65.0,3.07
88.0,66.0,2.88
88.0,67.0,12.29
88.0,68.0,6.75
88.0,71.0,11.92
88.0,72.0,12.44
88.0,75.0,14.69
88.0,77.0,14.01
88.0,79.0,4.56
88.0,80.0,8.5
88.0,83.0,14.24
88.0,85.0,10.73
88.0,87.0,0.68
88.0,88.0,0.0
88.0,89.0,11.13
88.0,90.0,5.94
88.0,91.0,14.5
88.0,97.0,4.48
88.0,100.0,7.79
88.0,103.0,4.25
88.0,104.0,3.33
88.0,105.0,2.3
88.0,106.0,4.96
88.0,107.0,5.79
88.0,111.0,7.88
88.0,112.0,7.9
88.0,113.0,4.7
88.0,114.0,3.99
88.0,125.0,3.4
88.0,133.0,10.02
88.0,137.0,6.7
88.0,140.0,11.1
88.0,141.0,10.98
88.0,142.0,10.85
88.0,143.0,10.99
88.0,144.0,3.04
88.0,145.0,9.31
88.0,146.0,11.35
88.0,148.0,3.24
88.0,151.0,14.72
88.0,157.0,12.53
88.0,158.0,4.66
88.0,160.0,14.8
88.0,161.0,8.87
88.0,162.0,8.97
88.0,163.0,9.73
88.0,164.0,7.26
88.0,165.0,13.54
88.0,170.0,7.49
88.0,177.0,11.58
88.0,178.0,13.43
88.0,179.0,13.64
88.0,181.0,5.89
88.0,186.0,6.96
88.0,188.0,9.68
88.0,189.0,6.18
88.0,190.0,7.75
88.0,193.0,11.4
88.0,195.0,4.09
88.0,198.0,12.23
88.0,202.0,11.0
88.0,206.0,13.84
88.0,209.0,1.21
88.0,211.0,3.21
88.0,217.0,5.89
88.0,221.0,14.21
88.0,224.0,5.71
88.0,225.0,9.14
88.0,226.0,10.9
88.0,227.0,9.05
88.0,228.0,7.49
88.0,229.0,9.39
88.0,230.0,8.83
88.0,231.0,2.16
88.0,232.0,3.58
88.0,233.0,8.23
88.0,234.0,5.92
88.0,236.0,12.85
88.0,237.0,10.86
88.0,238.0,13.67
88.0,239.0,12.4
88.0,245.0,14.8
88.0,246.0,7.39
88.0,249.0,4.68
88.0,255.0,6.44
88.0,256.0,5.85
88.0,257.0,8.2
88.0,260.0,13.16
88.0,261.0,0.87
88.0,262.0,12.89
88.0,263.0,12.97
89.0,2.0,14.76
89.0,4.0,12.73
89.0,6.0,13.51
89.0,11.0,7.15
89.0,12.0,11.32
89.0,13.0,12.49
89.0,14.0,7.91
89.0,17.0,7.96
89.0,21.0,5.91
89.0,22.0,5.36
89.0,25.0,7.54
89.0,26.0,3.25
89.0,27.0,13.02
89.0,29.0,8.36
89.0,33.0,9.31
89.0,34.0,9.31
89.0,35.0,6.82
89.0,36.0,10.38
89.0,37.0,9.42
89.0,39.0,6.82
89.0,40.0,7.2
89.0,45.0,11.7
89.0,49.0,7.35
89.0,52.0,8.19
89.0,54.0,8.61
89.0,55.0,9.43
89.0,61.0,5.88
89.0,62.0,4.42
89.0,63.0,11.42
89.0,65.0,8.88
89.0,66.0,9.84
89.0,67.0,6.46
89.0,71.0,2.73
89.0,72.0,4.8
89.0,76.0,9.96
89.0,77.0,8.43
89.0,79.0,13.46
89.0,80.0,11.69
89.0,85.0,1.59
89.0,87.0,11.36
89.0,88.0,11.13
89.0,89.0,0.0
89.0,91.0,3.84
89.0,96.0,13.2
89.0,97.0,7.91
89.0,102.0,13.52
89.0,103.0,12.09
89.0,104.0,12.6
89.0,105.0,9.88
89.0,106.0,6.18
89.0,107.0,14.75
89.0,108.0,7.61
89.0,111.0,3.87
89.0,112.0,13.51
89.0,113.0,14.39
89.0,114.0,13.88
89.0,115.0,14.42
89.0,123.0,5.58
89.0,124.0,13.26
89.0,125.0,13.97
89.0,133.0,1.74
89.0,144.0,12.82
89.0,148.0,12.35
89.0,149.0,5.04
89.0,150.0,8.64
89.0,154.0,9.19
89.0,155.0,6.13
89.0,157.0,14.22
89.0,160.0,14.85
89.0,165.0,2.53
89.0,177.0,7.75
89.0,178.0,3.19
89.0,180.0,13.84
89.0,181.0,5.28
89.0,188.0,3.41
89.0,189.0,5.88
89.0,190.0,3.59
89.0,195.0,7.7
89.0,198.0,12.04
89.0,209.0,11.48
89.0,210.0,7.1
89.0,211.0,13.41
89.0,217.0,9.69
89.0,221.0,12.86
89.0,222.0,8.86
89.0,224.0,13.9
89.0,225.0,8.06
89.0,227.0,4.9
89.0,228.0,5.99
89.0,231.0,12.83
89.0,232.0,11.54
89.0,249.0,14.94
89.0,255.0,11.88
89.0,256.0,10.71
89.0,257.0,2.98
89.0,258.0,13.88
89.0,261.0,11.95
90.0,4.0,3.52
90.0,7.0,9.05
90.0,8.0,9.8
90.0,12.0,6.14
90.0,13.0,4.93
90.0,17.0,9.11
90.0,24.0,9.45
90.0,25.0,8.41
90.0,33.0,6.83
90.0,34.0,6.73
90.0,36.0,10.75
90.0,37.0,10.84
90.0,40.0,9.26
90.0,41.0,10.44
90.0,42.0,12.8
90.0,43.0,6.87
90.0,45.0,4.38
90.0,48.0,3.04
90.0,49.0,8.86
90.0,50.0,3.53
90.0,52.0,8.17
90.0,54.0,8.12
90.0,61.0,11.85
90.0,62.0,12.35
90.0,65.0,7.0
90.0,66.0,6.01
90.0,68.0,0.96
90.0,70.0,14.64
90.0,74.0,10.91
90.0,75.0,9.04
90.0,79.0,2.48
90.0,80.0,7.78
90.0,82.0,13.35
90.0,83.0,11.68
90.0,85.0,14.99
90.0,87.0,5.34
90.0,88.0,5.94
90.0,90.0,0.0
90.0,97.0,7.95
90.0,100.0,1.89
90.0,102.0,14.65
90.0,103.0,9.39
90.0,104.0,8.04
90.0,105.0,8.23
90.0,106.0,10.12
90.0,107.0,1.65
90.0,111.0,13.26
90.0,112.0,5.6
90.0,113.0,1.46
90.0,114.0,2.05
90.0,116.0,13.58
90.0,125.0,2.62
90.0,129.0,12.62
90.0,137.0,2.3
90.0,138.0,14.52
90.0,140.0,5.81
90.0,141.0,5.52
90.0,142.0,4.92
90.0,143.0,5.06
90.0,144.0,3.14
90.0,145.0,5.37
90.0,146.0,7.14
90.0,148.0,3.49
90.0,151.0,8.79
90.0,152.0,12.12
90.0,157.0,10.87
90.0,158.0,1.71
90.0,159.0,14.58
90.0,160.0,13.48
90.0,161.0,3.16
90.0,162.0,3.46
90.0,163.0,3.91
90.0,164.0,1.61
90.0,166.0,10.62
90.0,168.0,13.08
90.0,170.0,2.21
90.0,173.0,14.99
90.0,177.0,13.38
90.0,179.0,8.77
90.0,181.0,10.7
90.0,186.0,1.04
90.0,188.0,13.45
90.0,189.0,10.04
90.0,190.0,12.25
90.0,193.0,6.67
90.0,194.0,10.78
90.0,195.0,9.89
90.0,198.0,11.83
90.0,199.0,14.61
90.0,202.0,5.98
90.0,207.0,11.33
90.0,209.0,4.93
90.0,211.0,2.75
90.0,217.0,7.07
90.0,223.0,11.43
90.0,224.0,2.74
90.0,225.0,10.75
90.0,226.0,8.08
90.0,227.0,14.76
90.0,228.0,13.3
90.0,229.0,4.13
90.0,230.0,2.94
90.0,231.0,3.8
90.0,232.0,4.33
90.0,233.0,3.16
90.0,234.0,0.78
90.0,236.0,7.16
90.0,237.0,5.21
90.0,238.0,7.74
90.0,239.0,6.46
90.0,246.0,1.8
90.0,249.0,1.31
90.0,255.0,5.59
90.0,256.0,6.19
90.0,257.0,13.19
90.0,260.0,10.1
90.0,261.0,5.19
90.0,262.0,7.48
90.0,263.0,7.41
91.0,2.0,11.09
91.0,11.0,9.2
91.0,12.0,14.74
91.0,14.0,11.11
91.0,17.0,9.82
91.0,21.0,6.98
91.0,22.0,7.54
91.0,25.0,10.71
91.0,26.0,6.56
91.0,27.0,10.18
91.0,29.0,7.5
91.0,30.0,12.49
91.0,33.0,12.52
91.0,34.0,11.86
91.0,35.0,5.96
91.0,36.0,10.98
91.0,37.0,10.12
91.0,39.0,3.79
91.0,40.0,10.68
91.0,45.0,14.74
91.0,49.0,9.74
91.0,52.0,11.55
91.0,54.0,12.07
91.0,55.0,9.68
91.0,61.0,7.15
91.0,62.0,6.26
91.0,63.0,10.24
91.0,65.0,11.9
91.0,66.0,12.75
91.0,67.0,9.37
91.0,71.0,2.78
91.0,72.0,3.93
91.0,76.0,7.81
91.0,77.0,7.06
91.0,80.0,13.1
91.0,85.0,3.77
91.0,87.0,14.63
91.0,88.0,14.5
91.0,89.0,3.84
91.0,91.0,0.0
91.0,96.0,12.26
91.0,97.0,10.7
91.0,102.0,12.85
91.0,105.0,13.5
91.0,106.0,9.67
91.0,108.0,7.97
91.0,111.0,7.69
91.0,123.0,5.42
91.0,124.0,10.58
91.0,133.0,5.55
91.0,149.0,3.72
91.0,150.0,6.88
91.0,154.0,5.69
91.0,155.0,2.38
91.0,157.0,14.67
91.0,160.0,14.62
91.0,165.0,3.08
91.0,177.0,7.61
91.0,178.0,4.67
91.0,180.0,11.74
91.0,181.0,8.63
91.0,188.0,5.14
91.0,189.0,8.61
91.0,190.0,6.75
91.0,195.0,11.39
91.0,197.0,14.91
91.0,198.0,12.19
91.0,201.0,11.97
91.0,209.0,14.65
91.0,210.0,5.15
91.0,216.0,14.33
91.0,217.0,11.83
91.0,222.0,6.16
91.0,225.0,9.08
91.0,227.0,8.61
91.0,228.0,9.81
91.0,232.0,14.26
91.0,255.0,13.92
91.0,256.0,12.85
91.0,257.0,6.67
91.0,258.0,12.35
92.0,7.0,10.11
92.0,8.0,10.8
92.0,9.0,4.79
92.0,10.0,12.78
92.0,15.0,5.79
92.0,16.0,6.18
92.0,19.0,11.98
92.0,28.0,7.61
92.0,36.0,13.31
92.0,37.0,14.23
92.0,38.0,14.28
92.0,46.0,13.95
92.0,47.0,14.4
92.0,53.0,3.3
92.0,56.0,4.42
92.0,57.0,3.07
92.0,58.0,11.85
92.0,59.0,13.56
92.0,60.0,12.46
92.0,63.0,12.61
92.0,64.0,9.97
92.0,69.0,14.1
92.0,70.0,4.41
92.0,73.0,2.61
92.0,74.0,13.44
92.0,75.0,13.69
92.0,78.0,13.85
92.0,80.0,13.77
92.0,82.0,6.24
92.0,83.0,7.8
92.0,92.0,0.0
92.0,93.0,3.29
92.0,95.0,6.19
92.0,96.0,10.55
92.0,98.0,6.95
92.0,101.0,13.3
92.0,102.0,9.94
92.0,112.0,14.21
92.0,121.0,5.64
92.0,122.0,10.57
92.0,126.0,9.8
92.0,129.0,6.31
92.0,130.0,9.19
92.0,131.0,8.36
92.0,134.0,7.79
92.0,135.0,4.88
92.0,138.0,5.35
92.0,140.0,14.03
92.0,141.0,14.58
92.0,145.0,13.56
92.0,146.0,11.84
92.0,147.0,11.62
92.0,157.0,9.83
92.0,159.0,12.57
92.0,160.0,8.48
92.0,167.0,12.74
92.0,168.0,11.92
92.0,171.0,2.4
92.0,173.0,4.01
92.0,175.0,8.7
92.0,179.0,11.18
92.0,180.0,12.72
92.0,182.0,11.73
92.0,183.0,12.96
92.0,185.0,14.01
92.0,191.0,11.81
92.0,192.0,2.97
92.0,193.0,12.6
92.0,194.0,11.53
92.0,196.0,6.41
92.0,197.0,9.78
92.0,198.0,11.4
92.0,199.0,7.44
92.0,202.0,13.48
92.0,205.0,12.61
92.0,207.0,7.86
92.0,208.0,9.17
92.0,212.0,10.82
92.0,213.0,8.96
92.0,215.0,10.66
92.0,216.0,12.52
92.0,218.0,14.48
92.0,223.0,8.85
92.0,226.0,11.21
92.0,236.0,14.55
92.0,242.0,12.83
92.0,247.0,14.59
92.0,248.0,11.78
92.0,250.0,10.67
92.0,252.0,4.24
92.0,253.0,1.38
92.0,258.0,11.05
92.0,260.0,8.97
92.0,262.0,13.28
92.0,263.0,13.84
93.0,7.0,9.29
93.0,8.0,10.71
93.0,9.0,6.08
93.0,10.0,10.63
93.0,15.0,8.75
93.0,16.0,8.18
93.0,17.0,14.12
93.0,19.0,12.74
93.0,28.0,5.57
93.0,35.0,13.65
93.0,36.0,10.39
93.0,37.0,11.27
93.0,38.0,13.56
93.0,53.0,5.92
93.0,56.0,2.0
93.0,57.0,2.16
93.0,58.0,14.99
93.0,60.0,14.61
93.0,61.0,14.65
93.0,63.0,9.32
93.0,64.0,11.68
93.0,70.0,4.53
93.0,73.0,4.23
93.0,74.0,13.94
93.0,75.0,13.74
93.0,76.0,12.37
93.0,77.0,12.46
93.0,80.0,11.31
93.0,82.0,4.04
93.0,83.0,5.72
93.0,92.0,3.29
93.0,93.0,0.0
93.0,95.0,2.93
93.0,96.0,7.27
93.0,98.0,7.14
93.0,101.0,14.48
93.0,102.0,6.69
93.0,112.0,12.21
93.0,121.0,4.65
93.0,122.0,9.91
93.0,124.0,12.11
93.0,126.0,11.61
93.0,129.0,5.52
93.0,130.0,7.46
93.0,131.0,7.79
93.0,134.0,4.98
93.0,135.0,2.84
93.0,138.0,6.15
93.0,139.0,14.24
93.0,140.0,13.19
93.0,141.0,13.77
93.0,145.0,12.04
93.0,146.0,10.65
93.0,147.0,13.29
93.0,157.0,7.27
93.0,159.0,13.94
93.0,160.0,5.46
93.0,162.0,14.82
93.0,167.0,14.49
93.0,168.0,12.94
93.0,171.0,5.36
93.0,173.0,3.02
93.0,175.0,9.61
93.0,177.0,12.41
93.0,179.0,10.74
93.0,180.0,9.58
93.0,182.0,14.4
93.0,191.0,11.66
93.0,192.0,2.89
93.0,193.0,11.62
93.0,194.0,11.9
93.0,196.0,3.29
93.0,197.0,6.87
93.0,198.0,8.43
93.0,199.0,8.75
93.0,202.0,12.54
93.0,205.0,11.3
93.0,207.0,7.36
93.0,208.0,12.3
93.0,212.0,13.22
93.0,213.0,11.51
93.0,215.0,8.78
93.0,216.0,9.77
93.0,217.0,14.17
93.0,218.0,12.59
93.0,219.0,14.32
93.0,222.0,14.44
93.0,223.0,8.99
93.0,225.0,12.73
93.0,226.0,9.34
93.0,229.0,14.03
93.0,233.0,14.49
93.0,236.0,14.19
93.0,237.0,14.48
93.0,248.0,14.18
93.0,250.0,13.47
93.0,252.0,7.53
93.0,253.0,2.93
93.0,255.0,13.37
93.0,256.0,13.96
93.0,258.0,7.81
93.0,260.0,7.3
93.0,262.0,12.85
93.0,263.0,13.48
94.0,3.0,5.88
94.0,7.0,14.39
94.0,8.0,12.0
94.0,18.0,1.75
94.0,20.0,1.52
94.0,24.0,11.06
94.0,31.0,2.68
94.0,32.0,3.95
94.0,41.0,9.79
94.0,42.0,7.45
94.0,43.0,13.34
94.0,46.0,13.15
94.0,47.0,2.27
94.0,51.0,8.27
94.0,53.0,13.0
94.0,58.0,9.15
94.0,59.0,2.93
94.0,60.0,3.87
94.0,69.0,4.3
94.0,70.0,14.37
94.0,74.0,9.38
94.0,75.0,11.27
94.0,78.0,2.49
94.0,81.0,7.76
94.0,94.0,0.0
94.0,116.0,7.12
94.0,119.0,4.21
94.0,120.0,3.81
94.0,126.0,6.96
94.0,127.0,2.49
94.0,128.0,3.47
94.0,129.0,14.92
94.0,136.0,1.26
94.0,138.0,12.66
94.0,140.0,14.95
94.0,141.0,14.99
94.0,147.0,5.66
94.0,151.0,11.7
94.0,152.0,8.45
94.0,153.0,2.89
94.0,159.0,6.05
94.0,166.0,9.97
94.0,167.0,4.52
94.0,168.0,7.72
94.0,169.0,1.48
94.0,174.0,3.61
94.0,179.0,13.13
94.0,182.0,5.51
94.0,183.0,7.68
94.0,184.0,10.31
94.0,185.0,5.06
94.0,194.0,10.27
94.0,199.0,10.04
94.0,200.0,6.15
94.0,207.0,13.85
94.0,208.0,9.89
94.0,212.0,5.56
94.0,213.0,7.51
94.0,220.0,3.78
94.0,223.0,11.89
94.0,235.0,2.01
94.0,236.0,13.1
94.0,238.0,12.75
94.0,239.0,14.02
94.0,240.0,5.71
94.0,241.0,2.74
94.0,242.0,5.69
94.0,243.0,3.71
94.0,244.0,5.25
94.0,247.0,5.11
94.0,248.0,4.65
94.0,250.0,6.84
94.0,252.0,13.9
94.0,254.0,5.74
94.0,259.0,7.88
94.0,262.0,13.18
94.0,263.0,13.01
95.0,4.0,14.4
95.0,7.0,9.95
95.0,8.0,11.87
95.0,9.0,7.94
95.0,10.0,8.87
95.0,15.0,11.4
95.0,16.0,10.25
95.0,17.0,12.2
95.0,19.0,13.63
95.0,28.0,4.57
95.0,34.0,14.08
95.0,35.0,10.94
95.0,36.0,8.38
95.0,37.0,9.16
95.0,38.0,13.1
95.0,39.0,13.54
95.0,49.0,13.68
95.0,53.0,8.76
95.0,56.0,3.19
95.0,57.0,4.51
95.0,61.0,12.31
95.0,62.0,13.84
95.0,63.0,6.48
95.0,64.0,13.36
95.0,70.0,6.58
95.0,72.0,13.1
95.0,73.0,6.58
95.0,75.0,14.86
95.0,76.0,9.46
95.0,77.0,9.65
95.0,80.0,9.96
95.0,82.0,4.22
95.0,83.0,5.54
95.0,92.0,6.19
95.0,93.0,2.93
95.0,95.0,0.0
95.0,96.0,4.47
95.0,97.0,14.86
95.0,98.0,8.07
95.0,102.0,4.08
95.0,112.0,11.4
95.0,121.0,5.14
95.0,122.0,9.76
95.0,124.0,9.28
95.0,126.0,13.97
95.0,129.0,6.73
95.0,130.0,6.48
95.0,131.0,7.97
95.0,132.0,12.87
95.0,134.0,2.88
95.0,135.0,3.12
95.0,137.0,14.61
95.0,138.0,8.3
95.0,139.0,13.23
95.0,140.0,13.56
95.0,141.0,14.14
95.0,145.0,11.8
95.0,146.0,10.83
95.0,157.0,6.1
95.0,160.0,3.63
95.0,162.0,14.81
95.0,168.0,14.79
95.0,171.0,8.1
95.0,173.0,4.89
95.0,175.0,10.82
95.0,177.0,9.86
95.0,179.0,11.61
95.0,180.0,6.73
95.0,188.0,14.42
95.0,189.0,14.82
95.0,191.0,11.85
95.0,192.0,4.88
95.0,193.0,11.95
95.0,194.0,13.34
95.0,196.0,1.88
95.0,197.0,4.37
95.0,198.0,6.4
95.0,199.0,10.96
95.0,202.0,12.84
95.0,205.0,10.4
95.0,207.0,8.5
95.0,213.0,14.22
95.0,215.0,7.45
95.0,216.0,7.35
95.0,217.0,12.61
95.0,218.0,11.02
95.0,219.0,12.7
95.0,222.0,11.52
95.0,223.0,10.44
95.0,224.0,14.43
95.0,225.0,10.57
95.0,226.0,8.9
95.0,229.0,14.07
95.0,233.0,14.29
95.0,236.0,14.94
95.0,237.0,14.85
95.0,252.0,10.44
95.0,253.0,5.8
95.0,255.0,12.22
95.0,256.0,12.59
95.0,258.0,4.89
95.0,260.0,7.34
95.0,262.0,13.61
95.0,263.0,14.26
96.0,2.0,12.6
96.0,4.0,12.37
96.0,7.0,10.88
96.0,8.0,13.28
96.0,9.0,12.23
96.0,10.0,9.35
96.0,16.0,14.58
96.0,17.0,8.76
96.0,25.0,12.86
96.0,28.0,7.31
96.0,30.0,14.76
96.0,33.0,13.77
96.0,34.0,11.11
96.0,35.0,6.48
96.0,36.0,5.16
96.0,37.0,5.65
96.0,39.0,9.2
96.0,40.0,14.09
96.0,45.0,14.27
96.0,49.0,10.2
96.0,52.0,14.02
96.0,53.0,12.74
96.0,54.0,14.69
96.0,56.0,6.67
96.0,57.0,8.3
96.0,61.0,8.23
96.0,62.0,9.69
96.0,63.0,2.07
96.0,65.0,12.75
96.0,66.0,12.73
96.0,70.0,9.75
96.0,71.0,10.7
96.0,72.0,8.65
96.0,73.0,11.02
96.0,76.0,5.33
96.0,77.0,5.2
96.0,79.0,13.5
96.0,80.0,7.75
96.0,82.0,6.27
96.0,83.0,6.49
96.0,85.0,11.63
96.0,89.0,13.2
96.0,91.0,12.26
96.0,92.0,10.55
96.0,93.0,7.27
96.0,95.0,4.47
96.0,96.0,0.0
96.0,97.0,11.54
96.0,98.0,11.85
96.0,102.0,1.07
96.0,106.0,13.7
96.0,107.0,13.82
96.0,111.0,14.76
96.0,112.0,9.91
96.0,113.0,14.63
96.0,114.0,14.74
96.0,121.0,8.96
96.0,122.0,12.45
96.0,124.0,6.41
96.0,129.0,8.99
96.0,130.0,8.7
96.0,131.0,11.18
96.0,132.0,11.98
96.0,133.0,14.29
96.0,134.0,5.04
96.0,135.0,7.26
96.0,137.0,13.31
96.0,138.0,11.37
96.0,139.0,14.47
96.0,140.0,13.67
96.0,141.0,14.2
96.0,144.0,14.39
96.0,145.0,11.16
96.0,146.0,10.97
96.0,148.0,13.67
96.0,155.0,13.04
96.0,157.0,5.24
96.0,160.0,3.27
96.0,161.0,14.83
96.0,162.0,14.24
96.0,164.0,14.74
96.0,165.0,14.65
96.0,170.0,14.04
96.0,171.0,12.55
96.0,173.0,8.22
96.0,175.0,14.64
96.0,177.0,5.56
96.0,179.0,12.65
96.0,180.0,4.16
96.0,181.0,12.84
96.0,188.0,10.14
96.0,189.0,11.06
96.0,190.0,12.02
96.0,191.0,14.73
96.0,192.0,9.3
96.0,193.0,12.16
96.0,196.0,4.38
96.0,197.0,4.54
96.0,198.0,3.64
96.0,199.0,13.89
96.0,202.0,12.92
96.0,205.0,12.1
96.0,207.0,10.32
96.0,209.0,14.81
96.0,211.0,15.0
96.0,215.0,8.98
96.0,216.0,6.56
96.0,217.0,9.74
96.0,218.0,11.56
96.0,219.0,12.97
96.0,222.0,7.36
96.0,223.0,12.4
96.0,224.0,12.76
96.0,225.0,6.84
96.0,226.0,8.41
96.0,229.0,13.62
96.0,232.0,12.68
96.0,233.0,13.48
96.0,234.0,14.69
96.0,237.0,14.84
96.0,252.0,14.77
96.0,253.0,9.94
96.0,255.0,10.08
96.0,256.0,10.04
96.0,257.0,13.45
96.0,258.0,2.14
96.0,260.0,7.94
96.0,262.0,14.29
96.0,263.0,14.92
97.0,4.0,4.85
97.0,7.0,12.07
97.0,8.0,14.12
97.0,11.0,13.2
97.0,12.0,4.87
97.0,13.0,5.55
97.0,14.0,11.45
97.0,17.0,2.78
97.0,21.0,13.15
97.0,22.0,11.75
97.0,25.0,1.46
97.0,26.0,8.91
97.0,33.0,2.38
97.0,34.0,1.53
97.0,35.0,8.2
97.0,36.0,6.52
97.0,37.0,5.89
97.0,39.0,11.4
97.0,40.0,2.9
97.0,43.0,13.51
97.0,45.0,4.1
97.0,48.0,10.63
97.0,49.0,1.45
97.0,50.0,11.31
97.0,52.0,2.51
97.0,54.0,3.16
97.0,56.0,14.9
97.0,61.0,4.63
97.0,62.0,4.59
97.0,63.0,10.81
97.0,65.0,1.41
97.0,66.0,2.07
97.0,67.0,11.31
97.0,68.0,8.91
97.0,71.0,7.97
97.0,72.0,8.13
97.0,75.0,14.93
97.0,76.0,11.76
97.0,77.0,9.54
97.0,79.0,5.55
97.0,80.0,5.57
97.0,82.0,13.02
97.0,83.0,11.55
97.0,85.0,7.05
97.0,87.0,4.33
97.0,88.0,4.48
97.0,89.0,7.91
97.0,90.0,7.95
97.0,91.0,10.7
97.0,95.0,14.86
97.0,96.0,11.54
97.0,97.0,0.0
97.0,100.0,9.34
97.0,102.0,11.19
97.0,103.0,7.84
97.0,104.0,7.43
97.0,105.0,4.93
97.0,106.0,3.08
97.0,107.0,6.84
97.0,111.0,5.92
97.0,112.0,6.35
97.0,113.0,6.51
97.0,114.0,6.06
97.0,123.0,13.38
97.0,125.0,6.35
97.0,129.0,13.96
97.0,133.0,7.37
97.0,137.0,7.29
97.0,140.0,11.2
97.0,141.0,11.32
97.0,142.0,12.19
97.0,143.0,12.59
97.0,144.0,5.06
97.0,145.0,8.52
97.0,146.0,10.33
97.0,148.0,4.5
97.0,149.0,12.95
97.0,155.0,13.0
97.0,157.0,9.43
97.0,158.0,7.53
97.0,160.0,11.31
97.0,161.0,9.88
97.0,162.0,9.68
97.0,163.0,10.82
97.0,164.0,8.56
97.0,165.0,10.45
97.0,170.0,8.38
97.0,177.0,7.13
97.0,178.0,10.79
97.0,179.0,12.95
97.0,180.0,14.4
97.0,181.0,3.08
97.0,186.0,8.7
97.0,188.0,5.61
97.0,189.0,2.09
97.0,190.0,4.33
97.0,193.0,10.85
97.0,195.0,4.42
97.0,196.0,13.46
97.0,198.0,8.47
97.0,202.0,10.81
97.0,207.0,13.65
97.0,209.0,4.18
97.0,210.0,14.99
97.0,211.0,5.69
97.0,217.0,2.65
97.0,222.0,12.09
97.0,223.0,14.89
97.0,224.0,6.03
97.0,225.0,4.8
97.0,226.0,8.87
97.0,227.0,7.9
97.0,228.0,6.94
97.0,229.0,9.75
97.0,230.0,10.19
97.0,231.0,5.4
97.0,232.0,3.63
97.0,233.0,8.7
97.0,234.0,7.48
97.0,236.0,13.32
97.0,237.0,11.48
97.0,238.0,14.83
97.0,239.0,13.7
97.0,246.0,9.74
97.0,249.0,7.15
97.0,255.0,4.55
97.0,256.0,3.39
97.0,257.0,5.47
97.0,258.0,13.26
97.0,260.0,10.95
97.0,261.0,5.03
97.0,262.0,12.9
97.0,263.0,13.2
98.0,9.0,2.71
98.0,10.0,8.29
98.0,15.0,7.25
98.0,16.0,4.18
98.0,19.0,5.63
98.0,28.0,4.85
98.0,38.0,7.5
98.0,53.0,9.99
98.0,56.0,9.14
98.0,57.0,8.87
98.0,63.0,13.47
98.0,64.0,5.71
98.0,70.0,11.0
98.0,73.0,4.42
98.0,82.0,11.14
98.0,83.0,12.81
98.0,92.0,6.95
98.0,93.0,7.14
98.0,95.0,8.07
98.0,96.0,11.85
98.0,98.0,0.0
98.0,101.0,7.56
98.0,102.0,11.87
98.0,121.0,2.95
98.0,122.0,3.93
98.0,124.0,13.49
98.0,129.0,12.49
98.0,130.0,4.8
98.0,131.0,2.03
98.0,132.0,12.88
98.0,134.0,6.92
98.0,135.0,4.97
98.0,138.0,12.23
98.0,139.0,9.19
98.0,157.0,14.01
98.0,160.0,11.69
98.0,171.0,6.14
98.0,173.0,9.91
98.0,175.0,2.79
98.0,180.0,11.62
98.0,191.0,4.86
98.0,192.0,4.44
98.0,196.0,9.66
98.0,197.0,8.37
98.0,198.0,14.45
98.0,199.0,14.39
98.0,203.0,12.01
98.0,205.0,6.54
98.0,207.0,14.27
98.0,208.0,14.04
98.0,215.0,6.07
98.0,216.0,9.77
98.0,218.0,9.17
98.0,219.0,10.71
98.0,252.0,8.98
98.0,253.0,8.09
98.0,258.0,11.02
98.0,260.0,14.44
99.0,5.0,3.54
99.0,6.0,13.22
99.0,23.0,4.68
99.0,44.0,9.16
99.0,84.0,7.05
99.0,99.0,0.0
99.0,109.0,5.38
99.0,110.0,7.9
99.0,115.0,12.53
99.0,118.0,6.12
99.0,156.0,8.28
99.0,172.0,9.09
99.0,176.0,7.43
99.0,187.0,9.09
99.0,204.0,5.85
99.0,206.0,13.07
99.0,214.0,11.33
99.0,221.0,13.98
99.0,245.0,12.15
99.0,251.0,8.99
100.0,4.0,4.57
100.0,7.0,7.78
100.0,8.0,8.19
100.0,12.0,8.0
100.0,13.0,6.81
100.0,17.0,10.08
100.0,24.0,7.58
100.0,25.0,9.97
100.0,33.0,8.51
100.0,34.0,7.98
100.0,36.0,11.1
100.0,37.0,11.35
100.0,40.0,10.94
100.0,41.0,8.56
100.0,42.0,10.92
100.0,43.0,4.98
100.0,45.0,6.12
100.0,48.0,1.29
100.0,49.0,10.07
100.0,50.0,2.0
100.0,52.0,9.86
100.0,54.0,9.87
100.0,56.0,14.57
100.0,61.0,12.85
100.0,62.0,13.53
100.0,65.0,8.55
100.0,66.0,7.54
100.0,68.0,1.45
100.0,69.0,14.09
100.0,70.0,13.48
100.0,74.0,9.05
100.0,75.0,7.19
100.0,79.0,3.82
100.0,80.0,8.06
100.0,82.0,12.6
100.0,83.0,10.98
100.0,87.0,7.17
100.0,88.0,7.79
100.0,90.0,1.89
100.0,97.0,9.34
100.0,100.0,0.0
100.0,102.0,14.57
100.0,103.0,11.27
100.0,104.0,9.91
100.0,105.0,10.09
100.0,106.0,11.75
100.0,107.0,2.51
100.0,111.0,14.89
100.0,112.0,5.61
100.0,113.0,3.14
100.0,114.0,3.82
100.0,116.0,11.7
100.0,119.0,14.22
100.0,125.0,4.51
100.0,126.0,14.36
100.0,129.0,11.53
100.0,137.0,2.36
100.0,138.0,13.18
100.0,140.0,4.18
100.0,141.0,3.8
100.0,142.0,3.07
100.0,143.0,3.3
100.0,144.0,4.88
100.0,145.0,4.6
100.0,146.0,6.01
100.0,147.0,13.95
100.0,148.0,5.08
100.0,151.0,6.93
100.0,152.0,10.25
100.0,157.0,10.56
100.0,158.0,3.52
100.0,159.0,12.73
100.0,160.0,13.16
100.0,161.0,1.4
100.0,162.0,1.89
100.0,163.0,2.03
100.0,164.0,0.83
100.0,166.0,8.76
100.0,167.0,14.52
100.0,168.0,11.26
100.0,170.0,1.43
100.0,173.0,14.0
100.0,177.0,14.05
100.0,179.0,7.23
100.0,181.0,12.24
100.0,186.0,0.84
100.0,188.0,14.66
100.0,189.0,11.39
100.0,190.0,13.67
100.0,193.0,5.3
100.0,194.0,9.02
100.0,195.0,11.67
100.0,196.0,14.53
100.0,198.0,11.9
100.0,199.0,13.04
100.0,202.0,4.5
100.0,207.0,10.07
100.0,209.0,6.74
100.0,211.0,4.58
100.0,217.0,8.02
100.0,223.0,9.92
100.0,224.0,3.46
100.0,225.0,11.5
100.0,226.0,7.51
100.0,229.0,2.67
100.0,230.0,1.06
100.0,231.0,5.66
100.0,232.0,5.73
100.0,233.0,2.11
100.0,234.0,1.94
100.0,236.0,5.31
100.0,237.0,3.4
100.0,238.0,5.88
100.0,239.0,4.62
100.0,244.0,14.0
100.0,246.0,1.7
100.0,247.0,13.21
100.0,249.0,3.19
100.0,255.0,6.18
100.0,256.0,7.04
100.0,257.0,14.72
100.0,260.0,9.28
100.0,261.0,7.05
100.0,262.0,5.75
100.0,263.0,5.61
101.0,9.0,8.59
101.0,10.0,13.27
101.0,15.0,9.99
101.0,16.0,7.37
101.0,19.0,2.33
101.0,28.0,11.99
101.0,38.0,8.06
101.0,64.0,3.81
101.0,73.0,10.78
101.0,92.0,13.3
101.0,93.0,14.48
101.0,98.0,7.56
101.0,101.0,0.0
101.0,121.0,10.5
101.0,122.0,7.62
101.0,130.0,11.08
101.0,131.0,8.14
101.0,134.0,14.24
101.0,135.0,12.53
101.0,139.0,10.77
101.0,171.0,11.45
101.0,175.0,4.88
101.0,191.0,5.63
101.0,192.0,11.6
101.0,203.0,13.32
101.0,205.0,9.92
101.0,215.0,11.69
101.0,218.0,12.86
101.0,219.0,13.67
101.0,252.0,13.2
101.0,253.0,14.65
102.0,2.0,13.66
102.0,4.0,11.65
102.0,7.0,9.82
102.0,8.0,12.22
102.0,9.0,12.01
102.0,10.0,10.1
102.0,16.0,14.33
102.0,17.0,8.44
102.0,25.0,12.57
102.0,28.0,7.55
102.0,33.0,13.35
102.0,34.0,10.63
102.0,35.0,6.96
102.0,36.0,4.69
102.0,37.0,5.33
102.0,39.0,9.98
102.0,40.0,13.85
102.0,45.0,13.69
102.0,49.0,9.91
102.0,52.0,13.69
102.0,53.0,11.94
102.0,54.0,14.36
102.0,56.0,5.87
102.0,57.0,7.51
102.0,61.0,8.26
102.0,62.0,9.78
102.0,63.0,2.91
102.0,65.0,12.34
102.0,66.0,12.24
102.0,70.0,8.82
102.0,71.0,11.12
102.0,72.0,9.12
102.0,73.0,10.64
102.0,75.0,14.91
102.0,76.0,6.26
102.0,77.0,5.85
102.0,79.0,12.77
102.0,80.0,7.02
102.0,82.0,5.28
102.0,83.0,5.43
102.0,85.0,11.93
102.0,87.0,14.68
102.0,89.0,13.52
102.0,90.0,14.65
102.0,91.0,12.85
102.0,92.0,9.94
102.0,93.0,6.69
102.0,95.0,4.08
102.0,96.0,1.07
102.0,97.0,11.19
102.0,98.0,11.87
102.0,100.0,14.57
102.0,102.0,0.0
102.0,106.0,13.53
102.0,107.0,13.01
102.0,111.0,14.81
102.0,112.0,9.06
102.0,113.0,13.87
102.0,114.0,14.02
102.0,121.0,8.93
102.0,122.0,12.8
102.0,124.0,7.48
102.0,129.0,7.97
102.0,130.0,9.1
102.0,131.0,11.37
102.0,132.0,12.94
102.0,133.0,14.51
102.0,134.0,5.28
102.0,135.0,7.08
102.0,137.0,12.46
102.0,138.0,10.41
102.0,140.0,12.65
102.0,141.0,13.19
102.0,144.0,13.73
102.0,145.0,10.2
102.0,146.0,9.94
102.0,148.0,13.02
102.0,155.0,13.78
102.0,157.0,4.22
102.0,160.0,2.22
102.0,161.0,13.89
102.0,162.0,13.29
102.0,163.0,14.44
102.0,164.0,13.86
102.0,170.0,13.15
102.0,171.0,12.04
102.0,173.0,7.34
102.0,175.0,14.66
102.0,177.0,5.78
102.0,179.0,11.58
102.0,180.0,5.2
102.0,181.0,12.73
102.0,186.0,14.57
102.0,188.0,10.34
102.0,189.0,10.91
102.0,190.0,12.06
102.0,192.0,8.96
102.0,193.0,11.13
102.0,194.0,13.95
102.0,196.0,3.6
102.0,197.0,5.16
102.0,198.0,2.92
102.0,199.0,12.89
102.0,202.0,11.91
102.0,205.0,12.66
102.0,207.0,9.26
102.0,209.0,14.26
102.0,211.0,14.32
102.0,215.0,9.53
102.0,216.0,7.44
102.0,217.0,9.22
102.0,218.0,12.33
102.0,219.0,13.79
102.0,222.0,8.26
102.0,223.0,11.35
102.0,224.0,11.97
102.0,225.0,6.65
102.0,226.0,7.41
102.0,229.0,12.65
102.0,230.0,14.63
102.0,231.0,14.86
102.0,232.0,12.06
102.0,233.0,12.55
102.0,234.0,13.87
102.0,236.0,14.47
102.0,237.0,13.84
102.0,249.0,14.87
102.0,252.0,14.12
102.0,253.0,9.22
102.0,255.0,9.36
102.0,256.0,9.43
102.0,257.0,13.54
102.0,258.0,3.11
102.0,260.0,6.88
102.0,262.0,13.24
102.0,263.0,13.87
103.0,1.0,14.33
103.0,4.0,9.09
103.0,6.0,13.46
103.0,11.0,13.24
103.0,12.0,3.83
103.0,13.0,4.6
103.0,14.0,9.69
103.0,17.0,10.62
103.0,21.0,14.68
103.0,22.0,12.68
103.0,25.0,6.62
103.0,26.0,10.7
103.0,33.0,5.64
103.0,34.0,8.41
103.0,36.0,14.29
103.0,37.0,13.72
103.0,40.0,5.71
103.0,45.0,6.21
103.0,48.0,12.3
103.0,49.0,9.24
103.0,50.0,12.53
103.0,52.0,5.43
103.0,54.0,4.73
103.0,61.0,12.01
103.0,62.0,11.27
103.0,65.0,6.64
103.0,66.0,6.88
103.0,67.0,10.89
103.0,68.0,9.98
103.0,71.0,13.69
103.0,72.0,14.76
103.0,79.0,8.63
103.0,80.0,12.65
103.0,85.0,12.24
103.0,87.0,4.89
103.0,88.0,4.25
103.0,89.0,12.09
103.0,90.0,9.39
103.0,97.0,7.84
103.0,100.0,11.27
103.0,103.0,0.0
103.0,104.0,1.4
103.0,105.0,2.92
103.0,106.0,6.54
103.0,107.0,9.7
103.0,111.0,8.26
103.0,112.0,12.15
103.0,113.0,8.46
103.0,114.0,7.77
103.0,115.0,11.56
103.0,125.0,6.81
103.0,133.0,10.56
103.0,137.0,10.67
103.0,141.0,14.8
103.0,142.0,14.21
103.0,143.0,14.18
103.0,144.0,7.05
103.0,145.0,13.48
103.0,148.0,7.41
103.0,158.0,7.77
103.0,161.0,12.52
103.0,162.0,12.74
103.0,163.0,13.3
103.0,164.0,10.92
103.0,165.0,14.12
103.0,170.0,11.29
103.0,177.0,14.78
103.0,178.0,13.53
103.0,181.0,7.66
103.0,186.0,10.43
103.0,187.0,13.96
103.0,188.0,11.81
103.0,189.0,8.83
103.0,190.0,9.46
103.0,195.0,4.54
103.0,202.0,14.99
103.0,206.0,9.8
103.0,209.0,5.42
103.0,211.0,6.98
103.0,217.0,9.87
103.0,221.0,10.9
103.0,224.0,9.82
103.0,225.0,12.63
103.0,227.0,8.37
103.0,228.0,6.68
103.0,229.0,13.27
103.0,230.0,12.32
103.0,231.0,5.84
103.0,232.0,7.83
103.0,233.0,12.13
103.0,234.0,9.6
103.0,237.0,14.58
103.0,245.0,10.87
103.0,246.0,10.39
103.0,249.0,8.09
103.0,251.0,13.93
103.0,255.0,10.67
103.0,256.0,9.99
103.0,257.0,9.19
103.0,261.0,4.57
104.0,1.0,14.87
104.0,4.0,7.99
104.0,6.0,14.85
104.0,11.0,14.35
104.0,12.0,2.87
104.0,13.0,3.37
104.0,14.0,10.92
104.0,17.0,10.17
104.0,22.0,13.67
104.0,25.0,6.38
104.0,26.0,11.52
104.0,33.0,5.09
104.0,34.0,7.75
104.0,36.0,13.7
104.0,37.0,13.21
104.0,40.0,5.76
104.0,43.0,14.88
104.0,45.0,5.15
104.0,48.0,10.91
104.0,49.0,8.87
104.0,50.0,11.14
104.0,52.0,5.22
104.0,54.0,4.54
104.0,61.0,11.85
104.0,62.0,11.28
104.0,65.0,6.11
104.0,66.0,6.15
104.0,67.0,12.0
104.0,68.0,8.6
104.0,71.0,13.96
104.0,72.0,14.85
104.0,79.0,7.43
104.0,80.0,11.83
104.0,85.0,12.58
104.0,87.0,3.89
104.0,88.0,3.33
104.0,89.0,12.6
104.0,90.0,8.04
104.0,97.0,7.43
104.0,100.0,9.91
104.0,103.0,1.4
104.0,104.0,0.0
104.0,105.0,2.83
104.0,106.0,6.7
104.0,107.0,8.43
104.0,111.0,8.86
104.0,112.0,11.11
104.0,113.0,7.17
104.0,114.0,6.5
104.0,115.0,12.96
104.0,125.0,5.48
104.0,133.0,11.16
104.0,137.0,9.42
104.0,140.0,13.7
104.0,141.0,13.49
104.0,142.0,12.82
104.0,143.0,12.79
104.0,144.0,5.86
104.0,145.0,12.31
104.0,146.0,14.33
104.0,148.0,6.29
104.0,158.0,6.39
104.0,161.0,11.18
104.0,162.0,11.42
104.0,163.0,11.94
104.0,164.0,9.58
104.0,165.0,14.76
104.0,170.0,9.99
104.0,177.0,14.52
104.0,178.0,14.3
104.0,181.0,7.81
104.0,186.0,9.07
104.0,188.0,11.94
104.0,189.0,8.72
104.0,190.0,9.68
104.0,193.0,14.24
104.0,195.0,4.9
104.0,202.0,13.72
104.0,206.0,11.13
104.0,209.0,4.4
104.0,211.0,5.72
104.0,217.0,9.18
104.0,221.0,12.3
104.0,224.0,8.64
104.0,225.0,12.22
104.0,226.0,14.13
104.0,227.0,9.27
104.0,228.0,7.56
104.0,229.0,11.97
104.0,230.0,10.96
104.0,231.0,4.6
104.0,232.0,6.84
104.0,233.0,10.85
104.0,234.0,8.29
104.0,237.0,13.24
104.0,239.0,14.3
104.0,245.0,12.23
104.0,246.0,9.0
104.0,249.0,6.74
104.0,255.0,9.73
104.0,256.0,9.18
104.0,257.0,9.63
104.0,261.0,3.44
105.0,4.0,6.95
105.0,6.0,14.24
105.0,11.0,12.47
105.0,12.0,2.12
105.0,13.0,3.43
105.0,14.0,9.46
105.0,17.0,7.71
105.0,21.0,13.41
105.0,22.0,11.54
105.0,25.0,3.7
105.0,26.0,9.14
105.0,33.0,2.84
105.0,34.0,5.62
105.0,35.0,12.65
105.0,36.0,11.41
105.0,37.0,10.82
105.0,40.0,2.93
105.0,43.0,15.0
105.0,45.0,4.18
105.0,48.0,11.27
105.0,49.0,6.31
105.0,50.0,11.69
105.0,52.0,2.51
105.0,54.0,1.81
105.0,61.0,9.13
105.0,62.0,8.48
105.0,65.0,3.8
105.0,66.0,4.21
105.0,67.0,10.17
105.0,68.0,9.02
105.0,71.0,11.14
105.0,72.0,12.03
105.0,77.0,14.15
105.0,79.0,6.79
105.0,80.0,9.96
105.0,85.0,9.78
105.0,87.0,2.94
105.0,88.0,2.3
105.0,89.0,9.88
105.0,90.0,8.23
105.0,91.0,13.5
105.0,97.0,4.93
105.0,100.0,10.09
105.0,103.0,2.92
105.0,104.0,2.83
105.0,105.0,0.0
105.0,106.0,3.88
105.0,107.0,8.06
105.0,111.0,6.26
105.0,112.0,9.78
105.0,113.0,7.0
105.0,114.0,6.29
105.0,115.0,12.91
105.0,123.0,14.39
105.0,125.0,5.66
105.0,133.0,8.53
105.0,137.0,8.95
105.0,140.0,13.35
105.0,141.0,13.25
105.0,142.0,13.15
105.0,143.0,13.28
105.0,144.0,5.32
105.0,145.0,11.41
105.0,146.0,13.43
105.0,148.0,5.43
105.0,149.0,14.62
105.0,157.0,13.99
105.0,158.0,6.88
105.0,161.0,11.17
105.0,162.0,11.25
105.0,163.0,12.03
105.0,164.0,9.56
105.0,165.0,12.13
105.0,170.0,9.77
105.0,177.0,11.87
105.0,178.0,11.81
105.0,181.0,4.99
105.0,186.0,9.26
105.0,188.0,9.11
105.0,189.0,5.96
105.0,190.0,6.86
105.0,193.0,13.57
105.0,195.0,2.23
105.0,198.0,13.32
105.0,202.0,13.21
105.0,206.0,11.8
105.0,209.0,3.44
105.0,211.0,5.51
105.0,217.0,7.09
105.0,221.0,11.94
105.0,224.0,7.89
105.0,225.0,9.71
105.0,226.0,12.73
105.0,227.0,7.07
105.0,228.0,5.42
105.0,229.0,11.65
105.0,230.0,11.13
105.0,231.0,4.44
105.0,232.0,5.53
105.0,233.0,10.48
105.0,234.0,8.21
105.0,237.0,13.15
105.0,239.0,14.69
105.0,245.0,12.7
105.0,246.0,9.62
105.0,249.0,6.96
105.0,255.0,8.16
105.0,256.0,7.34
105.0,257.0,6.9
105.0,260.0,14.96
105.0,261.0,3.06
106.0,4.0,7.53
106.0,6.0,14.03
106.0,11.0,10.33
106.0,12.0,5.13
106.0,13.0,6.33
106.0,14.0,8.37
106.0,17.0,5.25
106.0,21.0,10.6
106.0,22.0,9.01
106.0,25.0,1.85
106.0,26.0,6.25
106.0,29.0,13.97
106.0,33.0,3.31
106.0,34.0,4.56
106.0,35.0,9.06
106.0,36.0,9.04
106.0,37.0,8.24
106.0,39.0,11.38
106.0,40.0,1.02
106.0,45.0,5.78
106.0,48.0,13.03
106.0,49.0,3.8
106.0,50.0,13.63
106.0,52.0,2.04
106.0,54.0,2.43
106.0,55.0,14.16
106.0,61.0,5.72
106.0,62.0,4.77
106.0,63.0,12.61
106.0,65.0,3.24
106.0,66.0,4.26
106.0,67.0,8.32
106.0,68.0,11.05
106.0,71.0,7.27
106.0,72.0,8.22
106.0,76.0,12.8
106.0,77.0,10.66
106.0,79.0,7.96
106.0,80.0,8.59
106.0,83.0,14.52
106.0,85.0,5.92
106.0,87.0,5.24
106.0,88.0,4.96
106.0,89.0,6.18
106.0,90.0,10.12
106.0,91.0,9.67
106.0,96.0,13.7
106.0,97.0,3.08
106.0,100.0,11.75
106.0,102.0,13.53
106.0,103.0,6.54
106.0,104.0,6.7
106.0,105.0,3.88
106.0,106.0,0.0
106.0,107.0,9.33
106.0,108.0,12.53
106.0,111.0,3.14
106.0,112.0,9.41
106.0,113.0,8.68
106.0,114.0,8.09
106.0,115.0,13.54
106.0,123.0,11.18
106.0,125.0,7.97
106.0,133.0,5.09
106.0,137.0,9.95
106.0,140.0,14.09
106.0,141.0,14.15
106.0,142.0,14.74
106.0,144.0,6.99
106.0,145.0,11.53
106.0,146.0,13.39
106.0,148.0,6.67
106.0,149.0,11.12
106.0,150.0,14.62
106.0,155.0,12.05
106.0,157.0,12.31
106.0,158.0,9.26
106.0,160.0,13.96
106.0,161.0,12.5
106.0,162.0,12.38
106.0,163.0,13.43
106.0,164.0,11.04
106.0,165.0,8.59
106.0,170.0,10.99
106.0,177.0,8.59
106.0,178.0,8.55
106.0,181.0,1.13
106.0,186.0,11.01
106.0,188.0,5.28
106.0,189.0,2.64
106.0,190.0,2.98
106.0,193.0,13.85
106.0,195.0,2.08
106.0,198.0,11.02
106.0,202.0,13.75
106.0,206.0,13.42
106.0,209.0,5.42
106.0,210.0,13.19
106.0,211.0,7.5
106.0,217.0,5.71
106.0,221.0,12.25
106.0,222.0,12.64
106.0,224.0,8.7
106.0,225.0,6.89
106.0,226.0,11.95
106.0,227.0,4.9
106.0,228.0,3.86
106.0,229.0,12.55
106.0,230.0,12.7
106.0,231.0,6.78
106.0,232.0,6.11
106.0,233.0,11.44
106.0,234.0,9.81
106.0,237.0,14.24
106.0,245.0,14.03
106.0,246.0,11.81
106.0,249.0,9.07
106.0,255.0,7.61
106.0,256.0,6.47
106.0,257.0,3.24
106.0,260.0,14.0
106.0,261.0,5.79
107.0,4.0,2.08
107.0,7.0,8.03
107.0,8.0,9.15
107.0,12.0,6.09
107.0,13.0,5.1
107.0,17.0,7.66
107.0,24.0,9.8
107.0,25.0,7.52
107.0,33.0,6.15
107.0,34.0,5.47
107.0,35.0,13.48
107.0,36.0,9.11
107.0,37.0,9.22
107.0,40.0,8.57
107.0,41.0,10.57
107.0,42.0,12.9
107.0,43.0,7.02
107.0,45.0,3.91
107.0,48.0,3.79
107.0,49.0,7.57
107.0,50.0,4.49
107.0,52.0,7.5
107.0,54.0,7.58
107.0,56.0,13.95
107.0,57.0,14.69
107.0,61.0,10.42
107.0,62.0,11.04
107.0,63.0,14.12
107.0,65.0,6.1
107.0,66.0,5.08
107.0,68.0,2.45
107.0,70.0,13.45
107.0,71.0,14.52
107.0,72.0,14.18
107.0,74.0,10.79
107.0,75.0,8.9
107.0,77.0,14.28
107.0,79.0,1.37
107.0,80.0,6.13
107.0,82.0,11.91
107.0,83.0,10.23
107.0,85.0,13.8
107.0,87.0,5.12
107.0,88.0,5.79
107.0,89.0,14.75
107.0,90.0,1.65
107.0,96.0,13.82
107.0,97.0,6.84
107.0,100.0,2.51
107.0,102.0,13.01
107.0,103.0,9.7
107.0,104.0,8.43
107.0,105.0,8.06
107.0,106.0,9.33
107.0,107.0,0.0
107.0,111.0,12.45
107.0,112.0,3.99
107.0,113.0,1.3
107.0,114.0,1.94
107.0,116.0,13.84
107.0,125.0,3.03
107.0,129.0,11.4
107.0,133.0,14.15
107.0,137.0,0.99
107.0,138.0,13.47
107.0,140.0,5.33
107.0,141.0,5.19
107.0,142.0,5.42
107.0,143.0,5.77
107.0,144.0,2.74
107.0,145.0,4.11
107.0,146.0,6.05
107.0,148.0,2.74
107.0,151.0,9.16
107.0,152.0,12.4
107.0,157.0,9.29
107.0,158.0,2.79
107.0,159.0,14.36
107.0,160.0,11.89
107.0,161.0,3.19
107.0,162.0,3.2
107.0,163.0,4.12
107.0,164.0,1.73
107.0,166.0,10.96
107.0,168.0,12.79
107.0,170.0,1.72
107.0,173.0,13.67
107.0,177.0,11.81
107.0,179.0,8.03
107.0,181.0,9.76
107.0,186.0,1.95
107.0,188.0,12.17
107.0,189.0,8.88
107.0,190.0,11.17
107.0,193.0,5.82
107.0,194.0,10.35
107.0,195.0,9.42
107.0,196.0,13.53
107.0,198.0,10.19
107.0,199.0,13.82
107.0,202.0,5.29
107.0,207.0,10.24
107.0,209.0,4.62
107.0,211.0,2.72
107.0,217.0,5.6
107.0,223.0,10.59
107.0,224.0,1.11
107.0,225.0,9.21
107.0,226.0,6.61
107.0,227.0,14.13
107.0,228.0,12.77
107.0,229.0,3.6
107.0,230.0,3.38
107.0,231.0,3.86
107.0,232.0,3.25
107.0,233.0,2.45
107.0,234.0,0.88
107.0,236.0,7.08
107.0,237.0,5.1
107.0,238.0,8.16
107.0,239.0,6.95
107.0,246.0,3.29
107.0,249.0,2.12
107.0,255.0,3.97
107.0,256.0,4.66
107.0,257.0,12.24
107.0,260.0,8.72
107.0,261.0,5.19
107.0,262.0,7.11
107.0,263.0,7.18
108.0,6.0,10.21
108.0,11.0,3.72
108.0,14.0,7.59
108.0,21.0,1.92
108.0,22.0,3.82
108.0,25.0,14.27
108.0,26.0,6.29
108.0,27.0,9.34
108.0,29.0,2.5
108.0,35.0,13.63
108.0,39.0,11.65
108.0,40.0,13.42
108.0,49.0,14.76
108.0,52.0,14.51
108.0,54.0,14.69
108.0,55.0,1.83
108.0,61.0,13.47
108.0,62.0,12.02
108.0,67.0,5.83
108.0,71.0,9.52
108.0,72.0,11.46
108.0,77.0,14.94
108.0,85.0,9.09
108.0,89.0,7.61
108.0,91.0,7.97
108.0,106.0,12.53
108.0,108.0,0.0
108.0,111.0,9.4
108.0,115.0,12.61
108.0,123.0,2.55
108.0,133.0,7.68
108.0,149.0,4.43
108.0,150.0,4.37
108.0,154.0,8.81
108.0,155.0,8.31
108.0,165.0,5.5
108.0,172.0,13.97
108.0,177.0,14.98
108.0,178.0,4.42
108.0,181.0,12.02
108.0,188.0,10.99
108.0,189.0,13.18
108.0,190.0,10.83
108.0,195.0,13.15
108.0,210.0,4.59
108.0,214.0,11.59
108.0,221.0,11.2
108.0,222.0,14.02
108.0,227.0,8.26
108.0,228.0,9.95
108.0,245.0,14.83
108.0,257.0,9.57
109.0,5.0,4.19
109.0,6.0,11.31
109.0,23.0,8.3
109.0,44.0,9.98
109.0,84.0,5.32
109.0,99.0,5.38
109.0,109.0,0.0
109.0,110.0,2.66
109.0,115.0,11.96
109.0,118.0,5.46
109.0,156.0,11.79
109.0,172.0,5.88
109.0,176.0,3.48
109.0,187.0,11.24
109.0,204.0,6.56
109.0,206.0,13.87
109.0,214.0,8.9
109.0,221.0,13.04
109.0,245.0,12.65
109.0,251.0,9.95
110.0,5.0,6.77
110.0,6.0,10.18
110.0,23.0,10.07
110.0,44.0,12.08
110.0,84.0,7.06
110.0,99.0,7.9
110.0,109.0,2.66
110.0,110.0,0.0
110.0,115.0,11.5
110.0,118.0,6.0
110.0,156.0,13.26
110.0,172.0,4.61
110.0,176.0,2.46
110.0,187.0,12.16
110.0,204.0,8.88
110.0,206.0,13.97
110.0,214.0,7.67
110.0,221.0,12.31
110.0,245.0,12.67
110.0,251.0,10.43
111.0,4.0,10.62
111.0,6.0,11.84
111.0,11.0,7.28
111.0,12.0,7.97
111.0,13.0,9.25
111.0,14.0,5.96
111.0,17.0,7.32
111.0,21.0,7.47
111.0,22.0,5.88
111.0,25.0,4.94
111.0,26.0,3.11
111.0,29.0,10.93
111.0,33.0,6.43
111.0,34.0,7.46
111.0,35.0,9.07
111.0,36.0,10.75
111.0,37.0,9.84
111.0,39.0,10.28
111.0,40.0,4.02
111.0,45.0,8.9
111.0,49.0,6.11
111.0,52.0,5.12
111.0,54.0,5.34
111.0,55.0,11.03
111.0,61.0,6.55
111.0,62.0,5.07
111.0,63.0,13.31
111.0,65.0,6.36
111.0,66.0,7.37
111.0,67.0,5.44
111.0,68.0,14.18
111.0,71.0,5.93
111.0,72.0,7.57
111.0,76.0,12.69
111.0,77.0,10.77
111.0,79.0,11.09
111.0,80.0,11.03
111.0,85.0,4.39
111.0,87.0,8.25
111.0,88.0,7.88
111.0,89.0,3.87
111.0,90.0,13.26
111.0,91.0,7.69
111.0,96.0,14.76
111.0,97.0,5.92
111.0,100.0,14.89
111.0,102.0,14.81
111.0,103.0,8.26
111.0,104.0,8.86
111.0,105.0,6.26
111.0,106.0,3.14
111.0,107.0,12.45
111.0,108.0,9.4
111.0,111.0,0.0
111.0,112.0,12.23
111.0,113.0,11.82
111.0,114.0,11.22
111.0,115.0,11.97
111.0,123.0,8.18
111.0,125.0,11.05
111.0,133.0,2.3
111.0,137.0,13.05
111.0,144.0,10.12
111.0,145.0,14.44
111.0,148.0,9.81
111.0,149.0,8.36
111.0,150.0,11.72
111.0,154.0,13.0
111.0,155.0,10.0
111.0,157.0,14.39
111.0,158.0,12.35
111.0,164.0,14.17
111.0,165.0,5.9
111.0,170.0,14.1
111.0,177.0,9.25
111.0,178.0,5.57
111.0,181.0,2.85
111.0,186.0,14.15
111.0,188.0,4.86
111.0,189.0,4.51
111.0,190.0,2.75
111.0,195.0,4.03
111.0,198.0,12.68
111.0,206.0,12.62
111.0,209.0,8.49
111.0,210.0,10.41
111.0,211.0,10.61
111.0,214.0,14.29
111.0,217.0,8.38
111.0,221.0,10.5
111.0,222.0,12.02
111.0,224.0,11.8
111.0,225.0,8.38
111.0,226.0,14.53
111.0,227.0,2.2
111.0,228.0,2.34
111.0,231.0,9.83
111.0,232.0,9.22
111.0,233.0,14.53
111.0,234.0,12.95
111.0,245.0,12.95
111.0,246.0,14.94
111.0,249.0,12.19
111.0,255.0,10.45
111.0,256.0,9.26
111.0,257.0,1.38
111.0,261.0,8.74
112.0,4.0,3.17
112.0,7.0,5.76
112.0,8.0,7.79
112.0,12.0,8.32
112.0,13.0,7.84
112.0,17.0,5.58
112.0,24.0,10.8
112.0,25.0,7.62
112.0,33.0,7.1
112.0,34.0,4.85
112.0,35.0,10.57
112.0,36.0,5.54
112.0,37.0,5.91
112.0,39.0,14.53
112.0,40.0,9.01
112.0,41.0,11.0
112.0,42.0,13.08
112.0,43.0,7.99
112.0,45.0,5.96
112.0,48.0,6.58
112.0,49.0,6.26
112.0,50.0,7.41
112.0,52.0,8.2
112.0,53.0,14.08
112.0,54.0,8.6
112.0,56.0,10.25
112.0,57.0,11.17
112.0,61.0,8.16
112.0,62.0,9.25
112.0,63.0,10.4
112.0,65.0,6.46
112.0,66.0,5.68
112.0,68.0,6.26
112.0,70.0,10.31
112.0,71.0,12.58
112.0,72.0,11.73
112.0,74.0,10.62
112.0,75.0,8.9
112.0,76.0,12.92
112.0,77.0,11.04
112.0,79.0,4.06
112.0,80.0,2.51
112.0,82.0,8.19
112.0,83.0,6.52
112.0,85.0,12.24
112.0,87.0,7.26
112.0,88.0,7.9
112.0,89.0,13.51
112.0,90.0,5.6
112.0,92.0,14.21
112.0,93.0,12.21
112.0,95.0,11.4
112.0,96.0,9.91
112.0,97.0,6.35
112.0,100.0,5.61
112.0,102.0,9.06
112.0,103.0,12.15
112.0,104.0,11.11
112.0,105.0,9.78
112.0,106.0,9.41
112.0,107.0,3.99
112.0,111.0,12.23
112.0,112.0,0.0
112.0,113.0,5.0
112.0,114.0,5.33
112.0,116.0,14.33
112.0,125.0,6.47
112.0,126.0,14.07
112.0,129.0,8.23
112.0,133.0,13.39
112.0,134.0,13.81
112.0,135.0,14.29
112.0,137.0,3.4
112.0,138.0,10.72
112.0,140.0,5.32
112.0,141.0,5.62
112.0,142.0,7.4
112.0,143.0,8.04
112.0,144.0,5.42
112.0,145.0,2.33
112.0,146.0,3.99
112.0,147.0,14.4
112.0,148.0,4.86
112.0,151.0,10.27
112.0,152.0,13.01
112.0,157.0,5.32
112.0,158.0,6.67
112.0,159.0,13.67
112.0,160.0,7.91
112.0,161.0,5.23
112.0,162.0,4.73
112.0,163.0,6.0
112.0,164.0,4.85
112.0,166.0,11.83
112.0,168.0,12.01
112.0,170.0,4.19
112.0,173.0,10.21
112.0,177.0,8.73
112.0,179.0,6.62
112.0,180.0,13.89
112.0,181.0,9.38
112.0,186.0,5.53
112.0,188.0,10.39
112.0,189.0,7.88
112.0,190.0,10.2
112.0,193.0,4.6
112.0,194.0,9.45
112.0,195.0,10.34
112.0,196.0,9.61
112.0,197.0,14.17
112.0,198.0,6.3
112.0,199.0,11.72
112.0,202.0,4.76
112.0,207.0,7.54
112.0,209.0,6.73
112.0,211.0,5.85
112.0,217.0,3.89
112.0,222.0,14.17
112.0,223.0,8.59
112.0,224.0,3.03
112.0,225.0,6.38
112.0,226.0,3.02
112.0,227.0,14.25
112.0,228.0,13.25
112.0,229.0,4.36
112.0,230.0,5.89
112.0,231.0,6.72
112.0,232.0,4.31
112.0,233.0,3.8
112.0,234.0,4.82
112.0,236.0,7.53
112.0,237.0,6.02
112.0,238.0,9.51
112.0,239.0,8.63
112.0,246.0,7.0
112.0,247.0,14.89
112.0,249.0,5.98
112.0,253.0,12.89
112.0,255.0,1.8
112.0,256.0,2.97
112.0,257.0,11.58
112.0,258.0,12.04
112.0,260.0,5.28
112.0,261.0,7.67
112.0,262.0,6.83
112.0,263.0,7.24
113.0,4.0,2.33
113.0,7.0,9.33
113.0,8.0,10.42
113.0,12.0,4.95
113.0,13.0,3.87
113.0,17.0,7.8
113.0,24.0,10.69
113.0,25.0,6.95
113.0,26.0,14.93
113.0,33.0,5.4
113.0,34.0,5.32
113.0,35.0,13.74
113.0,36.0,9.74
113.0,37.0,9.74
113.0,40.0,7.84
113.0,41.0,11.58
113.0,42.0,13.93
113.0,43.0,8.0
113.0,45.0,2.99
113.0,48.0,4.39
113.0,49.0,7.45
113.0,50.0,4.95
113.0,52.0,6.75
113.0,54.0,6.73
113.0,61.0,10.5
113.0,62.0,10.94
113.0,63.0,14.78
113.0,65.0,5.55
113.0,66.0,4.55
113.0,68.0,2.41
113.0,70.0,14.73
113.0,71.0,14.4
113.0,72.0,14.25
113.0,74.0,11.91
113.0,75.0,10.02
113.0,77.0,14.67
113.0,79.0,1.18
113.0,80.0,6.88
113.0,82.0,13.08
113.0,83.0,11.4
113.0,85.0,13.55
113.0,87.0,4.06
113.0,88.0,4.7
113.0,89.0,14.39
113.0,90.0,1.46
113.0,96.0,14.63
113.0,97.0,6.51
113.0,100.0,3.14
113.0,102.0,13.87
113.0,103.0,8.46
113.0,104.0,7.17
113.0,105.0,7.0
113.0,106.0,8.68
113.0,107.0,1.3
113.0,111.0,11.82
113.0,112.0,5.0
113.0,113.0,0.0
113.0,114.0,0.71
113.0,116.0,14.79
113.0,125.0,1.73
113.0,129.0,12.67
113.0,133.0,13.65
113.0,137.0,2.29
113.0,138.0,14.77
113.0,140.0,6.54
113.0,141.0,6.36
113.0,142.0,6.2
113.0,143.0,6.42
113.0,144.0,1.74
113.0,145.0,5.39
113.0,146.0,7.35
113.0,148.0,2.04
113.0,151.0,10.04
113.0,152.0,13.34
113.0,157.0,10.32
113.0,158.0,1.67
113.0,160.0,12.89
113.0,161.0,4.17
113.0,162.0,4.3
113.0,163.0,5.04
113.0,164.0,2.56
113.0,166.0,11.87
113.0,168.0,13.97
113.0,170.0,2.84
113.0,173.0,14.91
113.0,177.0,12.17
113.0,179.0,9.31
113.0,181.0,9.25
113.0,186.0,2.35
113.0,188.0,12.03
113.0,189.0,8.6
113.0,190.0,10.79
113.0,193.0,7.11
113.0,194.0,11.57
113.0,195.0,8.54
113.0,196.0,14.61
113.0,198.0,10.99
113.0,202.0,6.55
113.0,207.0,11.53
113.0,209.0,3.61
113.0,211.0,1.51
113.0,217.0,5.79
113.0,223.0,11.89
113.0,224.0,1.97
113.0,225.0,9.53
113.0,226.0,7.79
113.0,227.0,13.36
113.0,228.0,11.93
113.0,229.0,4.81
113.0,230.0,4.16
113.0,231.0,2.65
113.0,232.0,2.91
113.0,233.0,3.68
113.0,234.0,1.22
113.0,236.0,8.17
113.0,237.0,6.18
113.0,238.0,9.01
113.0,239.0,7.75
113.0,246.0,3.23
113.0,249.0,1.0
113.0,255.0,4.58
113.0,256.0,4.98
113.0,257.0,11.74
113.0,260.0,9.94
113.0,261.0,4.02
113.0,262.0,8.3
113.0,263.0,8.32
114.0,4.0,2.37
114.0,7.0,9.93
114.0,8.0,11.08
114.0,12.0,4.24
114.0,13.0,3.17
114.0,17.0,7.56
114.0,24.0,11.39
114.0,25.0,6.4
114.0,26.0,14.33
114.0,33.0,4.78
114.0,34.0,4.98
114.0,35.0,13.54
114.0,36.0,9.76
114.0,37.0,9.69
114.0,40.0,7.22
114.0,41.0,12.29
114.0,42.0,14.64
114.0,43.0,8.71
114.0,45.0,2.33
114.0,48.0,5.05
114.0,49.0,7.1
114.0,50.0,5.57
114.0,52.0,6.12
114.0,54.0,6.07
114.0,61.0,10.22
114.0,62.0,10.56
114.0,63.0,14.79
114.0,65.0,5.01
114.0,66.0,4.05
114.0,68.0,2.96
114.0,71.0,14.0
114.0,72.0,13.94
114.0,74.0,12.62
114.0,75.0,10.73
114.0,77.0,14.53
114.0,79.0,1.28
114.0,80.0,7.01
114.0,82.0,13.49
114.0,83.0,11.8
114.0,85.0,13.1
114.0,87.0,3.36
114.0,88.0,3.99
114.0,89.0,13.88
114.0,90.0,2.05
114.0,96.0,14.74
114.0,97.0,6.06
114.0,100.0,3.82
114.0,102.0,14.02
114.0,103.0,7.77
114.0,104.0,6.5
114.0,105.0,6.29
114.0,106.0,8.09
114.0,107.0,1.94
114.0,111.0,11.22
114.0,112.0,5.33
114.0,113.0,0.71
114.0,114.0,0.0
114.0,125.0,1.16
114.0,129.0,13.18
114.0,133.0,13.1
114.0,137.0,2.93
114.0,140.0,7.23
114.0,141.0,7.06
114.0,142.0,6.89
114.0,143.0,7.08
114.0,144.0,1.1
114.0,145.0,5.95
114.0,146.0,7.94
114.0,148.0,1.56
114.0,151.0,10.74
114.0,152.0,14.04
114.0,157.0,10.6
114.0,158.0,1.62
114.0,160.0,13.14
114.0,161.0,4.88
114.0,162.0,5.01
114.0,163.0,5.74
114.0,164.0,3.27
114.0,166.0,12.56
114.0,168.0,14.67
114.0,170.0,3.54
114.0,177.0,12.02
114.0,179.0,9.97
114.0,181.0,8.69
114.0,186.0,3.01
114.0,188.0,11.63
114.0,189.0,8.15
114.0,190.0,10.3
114.0,193.0,7.75
114.0,194.0,12.27
114.0,195.0,7.86
114.0,196.0,14.92
114.0,198.0,11.12
114.0,202.0,7.22
114.0,207.0,12.1
114.0,209.0,2.92
114.0,211.0,0.8
114.0,217.0,5.61
114.0,223.0,12.52
114.0,224.0,2.37
114.0,225.0,9.38
114.0,226.0,8.21
114.0,227.0,12.72
114.0,228.0,11.26
114.0,229.0,5.5
114.0,230.0,4.85
114.0,231.0,1.94
114.0,232.0,2.56
114.0,233.0,4.36
114.0,234.0,1.92
114.0,236.0,8.88
114.0,237.0,6.89
114.0,238.0,9.7
114.0,239.0,8.44
114.0,246.0,3.74
114.0,249.0,1.1
114.0,255.0,4.66
114.0,256.0,4.9
114.0,257.0,11.18
114.0,260.0,10.4
114.0,261.0,3.31
114.0,262.0,9.0
114.0,263.0,9.03
115.0,1.0,14.47
115.0,5.0,14.74
115.0,6.0,3.15
115.0,11.0,9.17
115.0,12.0,14.84
115.0,14.0,6.53
115.0,21.0,11.86
115.0,22.0,10.34
115.0,23.0,9.4
115.0,26.0,11.2
115.0,40.0,13.61
115.0,52.0,14.3
115.0,54.0,13.88
115.0,55.0,12.64
115.0,67.0,8.25
115.0,89.0,14.42
115.0,99.0,12.53
115.0,103.0,11.56
115.0,104.0,12.96
115.0,105.0,12.91
115.0,106.0,13.54
115.0,108.0,12.61
115.0,109.0,11.96
115.0,110.0,11.5
115.0,111.0,11.97
115.0,115.0,0.0
115.0,118.0,6.82
115.0,123.0,14.0
115.0,133.0,12.86
115.0,156.0,9.05
115.0,165.0,14.59
115.0,172.0,7.04
115.0,176.0,9.07
115.0,178.0,13.08
115.0,181.0,14.12
115.0,187.0,6.08
115.0,190.0,14.71
115.0,195.0,12.17
115.0,206.0,3.48
115.0,214.0,4.58
115.0,221.0,1.58
115.0,227.0,9.9
115.0,228.0,9.9
115.0,245.0,2.44
115.0,251.0,4.18
115.0,257.0,13.3
116.0,3.0,12.53
116.0,7.0,10.15
116.0,8.0,7.67
116.0,18.0,8.83
116.0,20.0,8.32
116.0,24.0,4.14
116.0,31.0,9.3
116.0,32.0,10.78
116.0,41.0,3.35
116.0,42.0,1.55
116.0,43.0,6.82
116.0,47.0,5.84
116.0,48.0,10.58
116.0,50.0,10.33
116.0,53.0,13.58
116.0,58.0,14.42
116.0,59.0,6.2
116.0,60.0,7.05
116.0,68.0,12.89
116.0,69.0,3.78
116.0,70.0,12.93
116.0,74.0,4.0
116.0,75.0,5.45
116.0,78.0,7.49
116.0,81.0,14.77
116.0,83.0,14.47
116.0,90.0,13.58
116.0,94.0,7.12
116.0,100.0,11.7
116.0,107.0,13.84
116.0,112.0,14.33
116.0,113.0,14.79
116.0,116.0,0.0
116.0,119.0,2.95
116.0,120.0,3.54
116.0,126.0,7.35
116.0,127.0,6.6
116.0,128.0,7.2
116.0,129.0,12.43
116.0,136.0,7.36
116.0,137.0,13.1
116.0,138.0,11.38
116.0,140.0,9.07
116.0,141.0,8.92
116.0,142.0,8.67
116.0,143.0,8.68
116.0,145.0,12.0
116.0,146.0,10.81
116.0,147.0,5.62
116.0,151.0,4.8
116.0,152.0,1.45
116.0,153.0,8.36
116.0,159.0,4.17
116.0,161.0,10.65
116.0,162.0,10.68
116.0,163.0,9.76
116.0,164.0,12.23
116.0,166.0,2.97
116.0,167.0,5.14
116.0,168.0,4.56
116.0,169.0,5.82
116.0,170.0,12.12
116.0,173.0,14.5
116.0,174.0,10.69
116.0,179.0,8.46
116.0,182.0,10.2
116.0,183.0,13.42
116.0,185.0,11.23
116.0,186.0,12.54
116.0,193.0,9.83
116.0,194.0,5.93
116.0,199.0,9.03
116.0,200.0,11.63
116.0,202.0,9.58
116.0,207.0,10.76
116.0,208.0,13.92
116.0,212.0,8.78
116.0,213.0,10.15
116.0,220.0,9.18
116.0,223.0,8.73
116.0,224.0,14.34
116.0,226.0,13.4
116.0,229.0,10.5
116.0,230.0,10.65
116.0,233.0,11.6
116.0,234.0,13.57
116.0,235.0,5.22
116.0,236.0,6.91
116.0,237.0,8.8
116.0,238.0,5.87
116.0,239.0,7.16
116.0,240.0,12.4
116.0,241.0,9.37
116.0,242.0,11.27
116.0,243.0,4.76
116.0,244.0,2.3
116.0,246.0,12.47
116.0,247.0,2.7
116.0,248.0,8.55
116.0,249.0,14.88
116.0,250.0,11.14
116.0,254.0,12.86
116.0,259.0,14.96
116.0,260.0,13.05
116.0,262.0,7.52
116.0,263.0,7.1
117.0,2.0,5.71
117.0,10.0,12.45
117.0,27.0,14.02
117.0,30.0,3.86
117.0,39.0,13.85
117.0,76.0,13.8
117.0,86.0,4.02
117.0,117.0,0.0
117.0,124.0,11.25
117.0,132.0,7.77
117.0,139.0,13.19
117.0,154.0,12.58
117.0,155.0,14.31
117.0,180.0,13.56
117.0,201.0,6.44
117.0,203.0,10.9
117.0,205.0,14.55
117.0,215.0,14.73
117.0,216.0,12.49
117.0,218.0,11.59
117.0,219.0,10.38
117.0,222.0,12.97
118.0,5.0,7.93
118.0,6.0,7.11
118.0,11.0,14.21
118.0,14.0,12.77
118.0,23.0,5.13
118.0,44.0,14.33
118.0,67.0,14.12
118.0,84.0,10.44
118.0,99.0,6.12
118.0,109.0,5.46
118.0,110.0,6.0
118.0,115.0,6.82
118.0,118.0,0.0
118.0,156.0,7.59
118.0,172.0,3.79
118.0,176.0,3.78
118.0,187.0,6.16
118.0,204.0,10.74
118.0,206.0,8.41
118.0,214.0,5.28
118.0,221.0,8.11
118.0,245.0,7.2
118.0,251.0,4.53
119.0,3.0,9.6
119.0,7.0,11.25
119.0,8.0,8.72
119.0,18.0,5.95
119.0,20.0,5.36
119.0,24.0,6.85
119.0,31.0,6.36
119.0,32.0,7.83
119.0,41.0,5.67
119.0,42.0,3.31
119.0,43.0,9.25
119.0,47.0,2.97
119.0,48.0,13.18
119.0,50.0,13.03
119.0,51.0,12.13
119.0,53.0,12.5
119.0,58.0,11.79
119.0,59.0,3.47
119.0,60.0,4.52
119.0,69.0,1.56
119.0,70.0,12.7
119.0,74.0,5.53
119.0,75.0,7.36
119.0,78.0,4.64
119.0,81.0,11.81
119.0,94.0,4.21
119.0,100.0,14.22
119.0,116.0,2.95
119.0,119.0,0.0
119.0,120.0,1.38
119.0,126.0,5.9
119.0,127.0,4.23
119.0,128.0,5.09
119.0,129.0,12.68
119.0,136.0,4.62
119.0,138.0,11.01
119.0,140.0,11.1
119.0,141.0,11.07
119.0,142.0,11.28
119.0,143.0,11.39
119.0,145.0,13.83
119.0,146.0,12.33
119.0,147.0,4.04
119.0,151.0,7.5
119.0,152.0,4.24
119.0,153.0,5.88
119.0,159.0,3.24
119.0,161.0,13.06
119.0,162.0,12.99
119.0,163.0,12.22
119.0,164.0,14.68
119.0,166.0,5.76
119.0,167.0,3.05
119.0,168.0,4.6
119.0,169.0,2.87
119.0,170.0,14.47
119.0,173.0,14.37
119.0,174.0,7.81
119.0,179.0,9.75
119.0,182.0,7.59
119.0,183.0,10.66
119.0,184.0,13.91
119.0,185.0,8.35
119.0,193.0,11.53
119.0,194.0,6.89
119.0,199.0,8.4
119.0,200.0,9.33
119.0,202.0,11.48
119.0,207.0,11.26
119.0,208.0,11.62
119.0,212.0,6.45
119.0,213.0,8.12
119.0,220.0,6.78
119.0,223.0,9.18
119.0,226.0,14.72
119.0,229.0,12.69
119.0,230.0,13.17
119.0,233.0,13.83
119.0,235.0,2.44
119.0,236.0,9.11
119.0,237.0,11.09
119.0,238.0,8.56
119.0,239.0,9.84
119.0,240.0,9.7
119.0,241.0,6.63
119.0,242.0,8.51
119.0,243.0,2.93
119.0,244.0,1.79
119.0,247.0,1.31
119.0,248.0,6.02
119.0,250.0,8.67
119.0,252.0,14.3
119.0,253.0,14.77
119.0,254.0,9.93
119.0,259.0,12.08
119.0,260.0,13.94
119.0,262.0,9.38
119.0,263.0,9.12
120.0,3.0,9.58
120.0,7.0,12.58
120.0,8.0,10.05
120.0,18.0,5.42
120.0,20.0,5.2
120.0,24.0,7.66
120.0,31.0,6.3
120.0,32.0,7.7
120.0,41.0,6.66
120.0,42.0,4.34
120.0,43.0,10.23
120.0,47.0,3.37
120.0,48.0,14.08
120.0,50.0,13.86
120.0,51.0,12.04
120.0,53.0,13.72
120.0,58.0,12.25
120.0,59.0,4.1
120.0,60.0,5.27
120.0,69.0,2.81
120.0,70.0,14.05
120.0,74.0,6.74
120.0,75.0,8.51
120.0,78.0,4.98
120.0,81.0,11.57
120.0,94.0,3.81
120.0,116.0,3.54
120.0,119.0,1.38
120.0,120.0,0.0
120.0,126.0,7.11
120.0,127.0,3.1
120.0,128.0,3.84
120.0,129.0,14.06
120.0,136.0,3.85
120.0,138.0,12.36
120.0,140.0,12.25
120.0,141.0,12.17
120.0,142.0,12.17
120.0,143.0,12.21
120.0,146.0,13.6
120.0,147.0,5.28
120.0,151.0,8.32
120.0,152.0,4.97
120.0,153.0,4.84
120.0,159.0,4.6
120.0,161.0,14.07
120.0,162.0,14.04
120.0,163.0,13.2
120.0,166.0,6.51
120.0,167.0,4.19
120.0,168.0,5.97
120.0,169.0,2.81
120.0,174.0,7.25
120.0,179.0,11.05
120.0,182.0,8.14
120.0,183.0,10.98
120.0,184.0,13.98
120.0,185.0,8.51
120.0,193.0,12.77
120.0,194.0,8.21
120.0,199.0,9.73
120.0,200.0,8.2
120.0,202.0,12.66
120.0,207.0,12.63
120.0,208.0,12.36
120.0,212.0,7.28
120.0,213.0,9.07
120.0,220.0,5.69
120.0,223.0,10.55
120.0,229.0,13.79
120.0,230.0,14.12
120.0,233.0,14.92
120.0,235.0,1.8
120.0,236.0,10.19
120.0,237.0,12.14
120.0,238.0,9.39
120.0,239.0,10.68
120.0,240.0,8.86
120.0,241.0,5.84
120.0,242.0,8.85
120.0,243.0,1.56
120.0,244.0,1.45
120.0,247.0,2.68
120.0,248.0,6.7
120.0,250.0,9.33
120.0,254.0,9.5
120.0,259.0,11.5
120.0,262.0,10.56
120.0,263.0,10.25
121.0,7.0,13.93
121.0,9.0,3.71
121.0,10.0,7.36
121.0,15.0,8.29
121.0,16.0,6.0
121.0,19.0,8.5
121.0,28.0,2.56
121.0,36.0,13.47
121.0,37.0,14.21
121.0,38.0,8.96
121.0,53.0,8.94
121.0,56.0,6.57
121.0,57.0,6.66
121.0,63.0,10.67
121.0,64.0,8.48
121.0,70.0,8.97
121.0,73.0,3.83
121.0,76.0,12.9
121.0,77.0,13.76
121.0,82.0,8.47
121.0,83.0,10.1
121.0,92.0,5.64
121.0,93.0,4.65
121.0,95.0,5.14
121.0,96.0,8.96
121.0,98.0,2.95
121.0,101.0,10.5
121.0,102.0,8.93
121.0,121.0,0.0
121.0,122.0,5.28
121.0,124.0,11.32
121.0,129.0,10.16
121.0,130.0,3.64
121.0,131.0,3.14
121.0,132.0,12.07
121.0,134.0,4.17
121.0,135.0,2.09
121.0,138.0,10.42
121.0,139.0,9.93
121.0,157.0,11.14
121.0,160.0,8.76
121.0,171.0,5.93
121.0,173.0,7.63
121.0,175.0,5.73
121.0,177.0,14.52
121.0,180.0,9.2
121.0,191.0,7.04
121.0,192.0,2.68
121.0,196.0,6.79
121.0,197.0,5.89
121.0,198.0,11.5
121.0,199.0,12.84
121.0,203.0,12.5
121.0,205.0,6.99
121.0,207.0,11.99
121.0,208.0,14.16
121.0,213.0,14.55
121.0,215.0,5.14
121.0,216.0,7.89
121.0,218.0,8.88
121.0,219.0,10.59
121.0,222.0,14.83
121.0,223.0,13.54
121.0,226.0,13.68
121.0,252.0,8.92
121.0,253.0,6.42
121.0,258.0,8.31
121.0,260.0,11.8
122.0,9.0,6.64
122.0,10.0,5.72
122.0,15.0,11.03
122.0,16.0,7.78
122.0,19.0,5.3
122.0,28.0,5.3
122.0,38.0,3.72
122.0,53.0,13.76
122.0,56.0,11.78
122.0,57.0,11.94
122.0,63.0,13.61
122.0,64.0,7.73
122.0,70.0,14.23
122.0,73.0,8.2
122.0,76.0,14.8
122.0,82.0,13.59
122.0,92.0,10.57
122.0,93.0,9.91
122.0,95.0,9.76
122.0,96.0,12.45
122.0,98.0,3.93
122.0,101.0,7.62
122.0,102.0,12.8
122.0,121.0,5.28
122.0,122.0,0.0
122.0,124.0,12.09
122.0,130.0,3.77
122.0,131.0,2.22
122.0,132.0,9.76
122.0,134.0,7.53
122.0,135.0,7.18
122.0,139.0,5.27
122.0,160.0,13.29
122.0,171.0,10.05
122.0,173.0,12.91
122.0,175.0,4.76
122.0,180.0,10.86
122.0,191.0,2.29
122.0,192.0,7.74
122.0,196.0,11.6
122.0,197.0,8.12
122.0,203.0,8.12
122.0,205.0,2.86
122.0,215.0,4.09
122.0,216.0,8.23
122.0,218.0,5.81
122.0,219.0,7.12
122.0,252.0,12.91
122.0,253.0,11.55
122.0,258.0,11.01
123.0,6.0,11.96
123.0,11.0,4.85
123.0,14.0,8.16
123.0,17.0,13.53
123.0,21.0,2.15
123.0,22.0,3.88
123.0,25.0,12.8
123.0,26.0,5.29
123.0,27.0,8.76
123.0,29.0,2.81
123.0,33.0,14.48
123.0,34.0,14.82
123.0,35.0,11.16
123.0,37.0,14.71
123.0,39.0,9.11
123.0,40.0,12.15
123.0,49.0,12.91
123.0,52.0,13.22
123.0,54.0,13.5
123.0,55.0,4.27
123.0,61.0,11.28
123.0,62.0,9.92
123.0,65.0,14.2
123.0,67.0,6.22
123.0,71.0,7.13
123.0,72.0,9.0
123.0,76.0,13.23
123.0,77.0,12.43
123.0,85.0,6.92
123.0,89.0,5.58
123.0,91.0,5.42
123.0,97.0,13.38
123.0,105.0,14.39
123.0,106.0,11.18
123.0,108.0,2.55
123.0,111.0,8.18
123.0,115.0,14.0
123.0,123.0,0.0
123.0,133.0,6.1
123.0,149.0,1.94
123.0,150.0,3.67
123.0,154.0,6.94
123.0,155.0,5.87
123.0,165.0,3.19
123.0,177.0,12.59
123.0,178.0,2.63
123.0,181.0,10.5
123.0,188.0,8.83
123.0,189.0,11.4
123.0,190.0,9.06
123.0,195.0,12.16
123.0,201.0,13.84
123.0,210.0,2.9
123.0,214.0,13.63
123.0,221.0,12.48
123.0,222.0,11.48
123.0,225.0,13.44
123.0,227.0,7.61
123.0,228.0,9.29
123.0,257.0,8.02
124.0,2.0,6.27
124.0,10.0,6.73
124.0,17.0,12.67
124.0,28.0,8.81
124.0,30.0,8.4
124.0,35.0,7.32
124.0,36.0,10.21
124.0,37.0,10.16
124.0,38.0,13.28
124.0,39.0,6.78
124.0,49.0,13.78
124.0,56.0,12.31
124.0,57.0,13.77
124.0,61.0,10.77
124.0,62.0,11.63
124.0,63.0,5.27
124.0,71.0,10.56
124.0,72.0,8.65
124.0,73.0,14.69
124.0,76.0,3.57
124.0,77.0,5.75
124.0,80.0,13.23
124.0,82.0,12.46
124.0,83.0,12.88
124.0,85.0,12.01
124.0,86.0,12.91
124.0,89.0,13.26
124.0,91.0,10.58
124.0,93.0,12.11
124.0,95.0,9.28
124.0,96.0,6.41
124.0,98.0,13.49
124.0,102.0,7.48
124.0,117.0,11.25
124.0,121.0,11.32
124.0,122.0,12.09
124.0,124.0,0.0
124.0,130.0,8.83
124.0,131.0,11.94
124.0,132.0,6.71
124.0,133.0,14.84
124.0,134.0,7.53
124.0,135.0,10.63
124.0,139.0,11.54
124.0,149.0,13.9
124.0,154.0,11.45
124.0,155.0,10.12
124.0,157.0,11.58
124.0,160.0,9.65
124.0,165.0,13.61
124.0,173.0,14.0
124.0,177.0,8.11
124.0,180.0,2.56
124.0,188.0,11.41
124.0,189.0,13.95
124.0,190.0,13.81
124.0,191.0,14.25
124.0,192.0,12.98
124.0,196.0,10.18
124.0,197.0,5.55
124.0,198.0,9.5
124.0,201.0,11.77
124.0,203.0,11.74
124.0,205.0,10.31
124.0,210.0,14.41
124.0,215.0,8.02
124.0,216.0,3.86
124.0,217.0,14.32
124.0,218.0,8.26
124.0,219.0,8.97
124.0,222.0,4.46
124.0,225.0,10.63
124.0,226.0,14.66
124.0,256.0,14.95
124.0,257.0,14.83
124.0,258.0,4.63
124.0,260.0,14.36
125.0,4.0,3.42
125.0,7.0,11.06
125.0,8.0,12.14
125.0,12.0,3.54
125.0,13.0,2.3
125.0,17.0,8.2
125.0,24.0,12.07
125.0,25.0,6.43
125.0,26.0,14.15
125.0,33.0,4.68
125.0,34.0,5.5
125.0,35.0,14.17
125.0,36.0,10.69
125.0,37.0,10.54
125.0,40.0,7.03
125.0,41.0,13.07
125.0,43.0,9.49
125.0,45.0,2.28
125.0,48.0,5.64
125.0,49.0,7.54
125.0,50.0,6.03
125.0,52.0,5.94
125.0,54.0,5.76
125.0,61.0,10.75
125.0,62.0,10.94
125.0,65.0,5.13
125.0,66.0,4.28
125.0,68.0,3.36
125.0,71.0,14.31
125.0,72.0,14.42
125.0,74.0,13.49
125.0,75.0,11.62
125.0,79.0,2.41
125.0,80.0,8.03
125.0,82.0,14.64
125.0,83.0,12.96
125.0,85.0,13.31
125.0,87.0,2.86
125.0,88.0,3.4
125.0,89.0,13.97
125.0,90.0,2.62
125.0,97.0,6.35
125.0,100.0,4.51
125.0,103.0,6.81
125.0,104.0,5.48
125.0,105.0,5.66
125.0,106.0,7.97
125.0,107.0,3.03
125.0,111.0,11.05
125.0,112.0,6.47
125.0,113.0,1.73
125.0,114.0,1.16
125.0,125.0,0.0
125.0,129.0,14.34
125.0,133.0,13.05
125.0,137.0,4.03
125.0,140.0,8.22
125.0,141.0,8.0
125.0,142.0,7.53
125.0,143.0,7.63
125.0,144.0,1.42
125.0,145.0,7.1
125.0,146.0,9.07
125.0,148.0,2.14
125.0,151.0,11.41
125.0,152.0,14.74
125.0,157.0,11.71
125.0,158.0,1.3
125.0,160.0,14.23
125.0,161.0,5.72
125.0,162.0,5.94
125.0,163.0,6.52
125.0,164.0,4.11
125.0,166.0,13.24
125.0,170.0,4.51
125.0,177.0,12.74
125.0,179.0,11.04
125.0,181.0,8.71
125.0,186.0,3.67
125.0,188.0,11.96
125.0,189.0,8.41
125.0,190.0,10.42
125.0,193.0,8.84
125.0,194.0,13.25
125.0,195.0,7.45
125.0,198.0,12.13
125.0,202.0,8.27
125.0,207.0,13.25
125.0,209.0,2.56
125.0,211.0,0.75
125.0,217.0,6.36
125.0,223.0,13.62
125.0,224.0,3.53
125.0,225.0,10.11
125.0,226.0,9.37
125.0,227.0,12.39
125.0,228.0,10.86
125.0,229.0,6.5
125.0,230.0,5.57
125.0,231.0,1.25
125.0,232.0,3.21
125.0,233.0,5.39
125.0,234.0,2.8
125.0,236.0,9.74
125.0,237.0,7.77
125.0,238.0,10.35
125.0,239.0,9.06
125.0,246.0,3.99
125.0,249.0,1.32
125.0,255.0,5.68
125.0,256.0,5.76
125.0,257.0,11.16
125.0,260.0,11.57
125.0,261.0,2.59
125.0,262.0,9.96
125.0,263.0,9.95
126.0,3.0,8.8
126.0,7.0,8.35
126.0,8.0,6.46
126.0,9.0,14.09
126.0,15.0,11.86
126.0,16.0,14.44
126.0,18.0,8.2
126.0,20.0,6.72
126.0,24.0,9.02
126.0,31.0,6.81
126.0,32.0,7.98
126.0,41.0,7.41
126.0,42.0,6.22
126.0,43.0,9.91
126.0,46.0,12.75
126.0,47.0,4.8
126.0,48.0,13.73
126.0,50.0,13.94
126.0,51.0,11.12
126.0,53.0,6.6
126.0,56.0,10.81
126.0,57.0,9.55
126.0,58.0,8.44
126.0,59.0,4.03
126.0,60.0,3.22
126.0,69.0,4.34
126.0,70.0,7.41
126.0,73.0,12.19
126.0,74.0,5.99
126.0,75.0,7.45
126.0,78.0,4.84
126.0,81.0,11.5
126.0,82.0,10.71
126.0,83.0,10.87
126.0,92.0,9.8
126.0,93.0,11.61
126.0,94.0,6.96
126.0,95.0,13.97
126.0,100.0,14.36
126.0,112.0,14.07
126.0,116.0,7.35
126.0,119.0,5.9
126.0,120.0,7.11
126.0,126.0,0.0
126.0,127.0,8.79
126.0,128.0,9.87
126.0,129.0,8.05
126.0,135.0,14.24
126.0,136.0,8.15
126.0,137.0,14.61
126.0,138.0,5.7
126.0,140.0,10.31
126.0,141.0,10.59
126.0,142.0,12.09
126.0,143.0,12.55
126.0,145.0,12.08
126.0,146.0,10.12
126.0,147.0,1.87
126.0,151.0,9.43
126.0,152.0,7.65
126.0,153.0,9.8
126.0,157.0,13.08
126.0,159.0,3.17
126.0,160.0,13.79
126.0,161.0,12.98
126.0,162.0,12.64
126.0,163.0,12.41
126.0,164.0,14.5
126.0,166.0,8.49
126.0,167.0,2.94
126.0,168.0,3.55
126.0,169.0,5.86
126.0,170.0,14.02
126.0,171.0,10.62
126.0,173.0,9.1
126.0,174.0,9.6
126.0,179.0,7.63
126.0,182.0,4.87
126.0,183.0,8.12
126.0,184.0,11.97
126.0,185.0,7.13
126.0,192.0,12.73
126.0,193.0,9.87
126.0,194.0,5.34
126.0,196.0,12.87
126.0,199.0,3.1
126.0,200.0,13.09
126.0,202.0,10.29
126.0,207.0,7.24
126.0,208.0,7.1
126.0,212.0,2.92
126.0,213.0,3.17
126.0,220.0,10.72
126.0,223.0,5.55
126.0,226.0,11.77
126.0,229.0,12.03
126.0,230.0,13.4
126.0,233.0,13.15
126.0,235.0,6.85
126.0,236.0,9.22
126.0,237.0,10.97
126.0,238.0,10.19
126.0,239.0,11.16
126.0,240.0,12.15
126.0,241.0,9.55
126.0,242.0,6.41
126.0,243.0,8.46
126.0,244.0,7.59
126.0,247.0,4.99
126.0,248.0,3.57
126.0,250.0,5.05
126.0,252.0,8.54
126.0,253.0,9.03
126.0,254.0,10.73
126.0,259.0,13.17
126.0,260.0,10.24
126.0,262.0,8.62
126.0,263.0,8.78
127.0,3.0,8.01
127.0,8.0,12.88
127.0,18.0,3.25
127.0,20.0,3.92
127.0,24.0,10.74
127.0,31.0,5.03
127.0,32.0,6.06
127.0,41.0,9.76
127.0,42.0,7.43
127.0,43.0,13.33
127.0,47.0,4.03
127.0,51.0,10.2
127.0,58.0,11.59
127.0,59.0,4.87
127.0,60.0,6.01
127.0,69.0,5.12
127.0,74.0,9.76
127.0,75.0,11.57
127.0,78.0,4.88
127.0,81.0,9.46
127.0,94.0,2.49
127.0,116.0,6.6
127.0,119.0,4.23
127.0,120.0,3.1
127.0,126.0,8.79
127.0,127.0,0.0
127.0,128.0,1.09
127.0,136.0,1.5
127.0,138.0,14.42
127.0,147.0,7.19
127.0,151.0,11.4
127.0,152.0,8.05
127.0,153.0,1.76
127.0,159.0,7.07
127.0,166.0,9.58
127.0,167.0,5.98
127.0,168.0,8.65
127.0,169.0,2.96
127.0,174.0,4.77
127.0,179.0,13.94
127.0,182.0,8.0
127.0,183.0,10.08
127.0,184.0,12.41
127.0,185.0,7.43
127.0,194.0,11.06
127.0,199.0,11.76
127.0,200.0,5.11
127.0,208.0,12.38
127.0,212.0,7.88
127.0,213.0,9.83
127.0,220.0,2.59
127.0,223.0,13.13
127.0,235.0,2.03
127.0,236.0,13.28
127.0,238.0,12.47
127.0,239.0,13.77
127.0,240.0,5.91
127.0,241.0,3.05
127.0,242.0,8.15
127.0,243.0,2.0
127.0,244.0,4.35
127.0,247.0,5.49
127.0,248.0,7.03
127.0,250.0,9.32
127.0,254.0,7.12
127.0,259.0,8.82
127.0,262.0,13.6
127.0,263.0,13.32
128.0,3.0,8.64
128.0,8.0,13.8
128.0,18.0,3.87
128.0,20.0,4.79
128.0,24.0,11.33
128.0,31.0,5.85
128.0,32.0,6.73
128.0,41.0,10.45
128.0,42.0,8.17
128.0,43.0,14.0
128.0,47.0,5.12
128.0,51.0,10.7
128.0,58.0,12.44
128.0,59.0,5.96
128.0,60.0,7.09
128.0,69.0,6.12
128.0,74.0,10.58
128.0,75.0,12.35
128.0,78.0,5.91
128.0,81.0,9.85
128.0,94.0,3.47
128.0,116.0,7.2
128.0,119.0,5.09
128.0,120.0,3.84
128.0,126.0,9.87
128.0,127.0,1.09
128.0,128.0,0.0
128.0,136.0,2.31
128.0,147.0,8.26
128.0,151.0,11.99
128.0,152.0,8.65
128.0,153.0,1.64
128.0,159.0,8.07
128.0,166.0,10.15
128.0,167.0,7.04
128.0,168.0,9.61
128.0,169.0,4.05
128.0,174.0,5.1
128.0,179.0,14.84
128.0,182.0,8.98
128.0,183.0,10.88
128.0,184.0,12.98
128.0,185.0,8.23
128.0,194.0,11.97
128.0,199.0,12.82
128.0,200.0,4.44
128.0,208.0,13.35
128.0,212.0,8.94
128.0,213.0,10.9
128.0,220.0,2.12
128.0,223.0,14.13
128.0,235.0,3.07
128.0,236.0,14.01
128.0,238.0,13.05
128.0,239.0,14.34
128.0,240.0,5.74
128.0,241.0,3.26
128.0,242.0,9.03
128.0,243.0,2.44
128.0,244.0,4.9
128.0,247.0,6.39
128.0,248.0,8.08
128.0,250.0,10.31
128.0,254.0,7.42
128.0,259.0,8.87
128.0,262.0,14.4
128.0,263.0,14.09
129.0,4.0,11.33
129.0,7.0,3.88
129.0,8.0,5.24
129.0,9.0,10.88
129.0,15.0,11.7
129.0,16.0,12.48
129.0,17.0,12.05
129.0,20.0,14.78
129.0,24.0,11.08
129.0,28.0,10.85
129.0,31.0,14.81
129.0,34.0,12.66
129.0,35.0,13.98
129.0,36.0,9.09
129.0,37.0,10.03
129.0,41.0,10.09
129.0,42.0,10.88
129.0,43.0,9.67
129.0,45.0,14.18
129.0,47.0,12.67
129.0,48.0,11.66
129.0,49.0,13.32
129.0,50.0,12.3
129.0,53.0,5.87
129.0,56.0,3.76
129.0,57.0,3.62
129.0,58.0,14.33
129.0,59.0,11.99
129.0,60.0,11.28
129.0,61.0,13.57
129.0,63.0,10.82
129.0,65.0,14.45
129.0,66.0,13.79
129.0,68.0,12.82
129.0,69.0,11.39
129.0,70.0,2.08
129.0,73.0,8.7
129.0,74.0,8.67
129.0,75.0,8.27
129.0,76.0,14.18
129.0,77.0,13.37
129.0,78.0,12.89
129.0,79.0,12.02
129.0,80.0,8.41
129.0,82.0,2.77
129.0,83.0,2.89
129.0,90.0,12.62
129.0,92.0,6.31
129.0,93.0,5.52
129.0,94.0,14.92
129.0,95.0,6.73
129.0,96.0,8.99
129.0,97.0,13.96
129.0,98.0,12.49
129.0,100.0,11.53
129.0,102.0,7.97
129.0,107.0,11.4
129.0,112.0,8.23
129.0,113.0,12.67
129.0,114.0,13.18
129.0,116.0,12.43
129.0,119.0,12.68
129.0,120.0,14.06
129.0,121.0,10.16
129.0,125.0,14.34
129.0,126.0,8.05
129.0,129.0,0.0
129.0,130.0,12.8
129.0,131.0,13.3
129.0,134.0,9.6
129.0,135.0,8.31
129.0,137.0,10.45
129.0,138.0,2.83
129.0,140.0,7.82
129.0,141.0,8.39
129.0,142.0,10.98
129.0,143.0,11.72
129.0,144.0,13.53
129.0,145.0,7.29
129.0,146.0,5.53
129.0,147.0,9.29
129.0,148.0,13.04
129.0,151.0,10.99
129.0,152.0,11.73
129.0,157.0,5.25
129.0,158.0,14.15
129.0,159.0,9.47
129.0,160.0,5.76
129.0,161.0,10.28
129.0,162.0,9.69
129.0,163.0,10.32
129.0,164.0,11.19
129.0,166.0,11.45
129.0,167.0,10.49
129.0,168.0,8.15
129.0,169.0,13.67
129.0,170.0,10.47
129.0,171.0,8.59
129.0,173.0,2.58
129.0,175.0,14.71
129.0,177.0,12.26
129.0,179.0,5.23
129.0,180.0,12.74
129.0,182.0,12.21
129.0,183.0,14.77
129.0,185.0,14.69
129.0,186.0,11.99
129.0,189.0,14.86
129.0,192.0,8.05
129.0,193.0,6.32
129.0,194.0,6.61
129.0,196.0,5.19
129.0,197.0,11.03
129.0,198.0,7.68
129.0,199.0,4.98
129.0,202.0,7.23
129.0,207.0,1.84
129.0,208.0,11.89
129.0,209.0,14.96
129.0,211.0,13.84
129.0,212.0,10.52
129.0,213.0,9.4
129.0,215.0,13.99
129.0,216.0,13.99
129.0,217.0,11.32
129.0,223.0,3.71
129.0,224.0,10.83
129.0,225.0,11.4
129.0,226.0,5.24
129.0,229.0,8.89
129.0,230.0,11.01
129.0,231.0,14.83
129.0,232.0,12.55
129.0,233.0,9.54
129.0,234.0,11.97
129.0,235.0,14.41
129.0,236.0,8.67
129.0,237.0,9.09
129.0,238.0,11.0
129.0,239.0,11.1
129.0,242.0,13.71
129.0,244.0,13.89
129.0,246.0,13.23
129.0,247.0,11.4
129.0,248.0,11.39
129.0,249.0,13.51
129.0,250.0,11.73
129.0,252.0,8.99
129.0,253.0,4.93
129.0,255.0,9.82
129.0,256.0,10.75
129.0,258.0,10.6
129.0,260.0,3.03
129.0,262.0,7.34
129.0,263.0,7.96
130.0,2.0,13.51
130.0,9.0,6.89
130.0,10.0,3.75
130.0,15.0,11.64
130.0,16.0,8.88
130.0,19.0,8.78
130.0,28.0,1.96
130.0,35.0,14.24
130.0,36.0,13.79
130.0,37.0,14.34
130.0,38.0,6.67
130.0,53.0,12.49
130.0,56.0,9.04
130.0,57.0,9.62
130.0,63.0,9.85
130.0,64.0,10.26
130.0,70.0,11.99
130.0,73.0,7.46
130.0,76.0,11.21
130.0,77.0,12.58
130.0,82.0,10.6
130.0,83.0,12.01
130.0,92.0,9.19
130.0,93.0,7.46
130.0,95.0,6.48
130.0,96.0,8.7
130.0,98.0,4.8
130.0,101.0,11.08
130.0,102.0,9.1
130.0,121.0,3.64
130.0,122.0,3.77
130.0,124.0,8.83
130.0,129.0,12.8
130.0,130.0,0.0
130.0,131.0,3.11
130.0,132.0,8.46
130.0,134.0,3.9
130.0,135.0,4.65
130.0,138.0,13.58
130.0,139.0,6.83
130.0,157.0,12.4
130.0,160.0,9.8
130.0,171.0,9.56
130.0,173.0,10.45
130.0,175.0,7.13
130.0,177.0,13.93
130.0,180.0,7.26
130.0,191.0,6.06
130.0,192.0,6.25
130.0,196.0,8.36
130.0,197.0,4.36
130.0,198.0,12.0
130.0,203.0,9.13
130.0,205.0,3.94
130.0,207.0,14.64
130.0,215.0,1.5
130.0,216.0,5.02
130.0,218.0,5.28
130.0,219.0,7.01
130.0,222.0,12.9
130.0,252.0,12.55
130.0,253.0,9.8
130.0,258.0,7.25
130.0,260.0,13.81
131.0,9.0,4.65
131.0,10.0,6.34
131.0,15.0,9.28
131.0,16.0,6.19
131.0,19.0,5.92
131.0,28.0,3.87
131.0,38.0,5.94
131.0,53.0,11.56
131.0,56.0,9.7
131.0,57.0,9.76
131.0,63.0,12.58
131.0,64.0,7.16
131.0,70.0,12.04
131.0,73.0,6.02
131.0,76.0,14.23
131.0,82.0,11.58
131.0,83.0,13.18
131.0,92.0,8.36
131.0,93.0,7.79
131.0,95.0,7.97
131.0,96.0,11.18
131.0,98.0,2.03
131.0,101.0,8.14
131.0,102.0,11.37
131.0,121.0,3.14
131.0,122.0,2.22
131.0,124.0,11.94
131.0,129.0,13.3
131.0,130.0,3.11
131.0,131.0,0.0
131.0,132.0,10.88
131.0,134.0,6.14
131.0,135.0,5.15
131.0,138.0,13.42
131.0,139.0,7.31
131.0,157.0,14.06
131.0,160.0,11.58
131.0,171.0,7.94
131.0,173.0,10.75
131.0,175.0,4.02
131.0,180.0,10.3
131.0,191.0,3.92
131.0,192.0,5.52
131.0,196.0,9.74
131.0,197.0,7.21
131.0,198.0,14.14
131.0,203.0,10.08
131.0,205.0,4.56
131.0,215.0,4.19
131.0,216.0,8.12
131.0,218.0,7.14
131.0,219.0,8.68
131.0,252.0,10.86
131.0,253.0,9.33
131.0,258.0,10.03
131.0,260.0,14.9
132.0,2.0,6.67
132.0,10.0,4.72
132.0,19.0,14.6
132.0,28.0,9.8
132.0,30.0,7.47
132.0,35.0,14.0
132.0,38.0,8.97
132.0,39.0,12.67
132.0,63.0,11.55
132.0,76.0,10.26
132.0,77.0,12.45
132.0,86.0,7.4
132.0,95.0,12.87
132.0,96.0,11.98
132.0,98.0,12.88
132.0,102.0,12.94
132.0,117.0,7.77
132.0,121.0,12.07
132.0,122.0,9.76
132.0,124.0,6.71
132.0,130.0,8.46
132.0,131.0,10.88
132.0,132.0,0.0
132.0,134.0,10.12
132.0,135.0,12.56
132.0,139.0,6.46
132.0,160.0,14.77
132.0,175.0,14.49
132.0,177.0,14.8
132.0,180.0,7.94
132.0,191.0,11.23
132.0,192.0,14.56
132.0,196.0,14.43
132.0,197.0,8.55
132.0,201.0,11.94
132.0,203.0,5.48
132.0,205.0,6.99
132.0,215.0,6.98
132.0,216.0,5.64
132.0,218.0,3.98
132.0,219.0,3.31
132.0,222.0,10.67
132.0,258.0,9.84
133.0,4.0,12.21
133.0,6.0,12.17
133.0,11.0,6.36
133.0,12.0,10.15
133.0,13.0,11.39
133.0,14.0,6.41
133.0,17.0,8.03
133.0,21.0,5.8
133.0,22.0,4.67
133.0,25.0,6.7
133.0,26.0,1.98
133.0,27.0,14.22
133.0,29.0,8.91
133.0,33.0,8.38
133.0,34.0,8.86
133.0,35.0,8.1
133.0,36.0,10.94
133.0,37.0,9.99
133.0,39.0,8.52
133.0,40.0,6.08
133.0,45.0,10.83
133.0,49.0,7.12
133.0,52.0,7.14
133.0,54.0,7.46
133.0,55.0,9.42
133.0,61.0,6.45
133.0,62.0,4.88
133.0,63.0,12.62
133.0,65.0,8.11
133.0,66.0,9.11
133.0,67.0,5.19
133.0,71.0,4.29
133.0,72.0,6.25
133.0,76.0,11.46
133.0,77.0,9.77
133.0,79.0,12.82
133.0,80.0,11.82
133.0,85.0,2.85
133.0,87.0,10.32
133.0,88.0,10.02
133.0,89.0,1.74
133.0,91.0,5.55
133.0,96.0,14.29
133.0,97.0,7.37
133.0,102.0,14.51
133.0,103.0,10.56
133.0,104.0,11.16
133.0,105.0,8.53
133.0,106.0,5.09
133.0,107.0,14.15
133.0,108.0,7.68
133.0,111.0,2.3
133.0,112.0,13.39
133.0,113.0,13.65
133.0,114.0,13.1
133.0,115.0,12.86
133.0,123.0,6.1
133.0,124.0,14.84
133.0,125.0,13.05
133.0,133.0,0.0
133.0,137.0,14.66
133.0,144.0,12.01
133.0,148.0,11.62
133.0,149.0,6.09
133.0,150.0,9.53
133.0,154.0,10.71
133.0,155.0,7.78
133.0,157.0,14.75
133.0,158.0,14.34
133.0,165.0,3.6
133.0,177.0,8.75
133.0,178.0,3.48
133.0,181.0,4.41
133.0,188.0,4.16
133.0,189.0,5.52
133.0,190.0,3.19
133.0,195.0,6.31
133.0,198.0,12.74
133.0,206.0,14.04
133.0,209.0,10.51
133.0,210.0,8.16
133.0,211.0,12.55
133.0,214.0,14.5
133.0,217.0,9.5
133.0,221.0,11.32
133.0,222.0,10.49
133.0,224.0,13.39
133.0,225.0,8.55
133.0,227.0,3.17
133.0,228.0,4.27
133.0,231.0,11.87
133.0,232.0,10.91
133.0,234.0,14.73
133.0,245.0,14.18
133.0,249.0,14.11
133.0,255.0,11.67
133.0,256.0,10.48
133.0,257.0,1.92
133.0,261.0,10.86
134.0,2.0,13.4
134.0,7.0,12.81
134.0,8.0,14.75
134.0,9.0,7.78
134.0,10.0,5.99
134.0,15.0,12.04
134.0,16.0,10.12
134.0,17.0,13.71
134.0,19.0,12.05
134.0,28.0,2.28
134.0,35.0,11.15
134.0,36.0,9.97
134.0,37.0,10.59
134.0,38.0,10.56
134.0,39.0,12.97
134.0,53.0,10.82
134.0,56.0,5.94
134.0,57.0,7.0
134.0,61.0,13.26
134.0,62.0,14.69
134.0,63.0,6.55
134.0,64.0,12.59
134.0,70.0,9.25
134.0,72.0,13.24
134.0,73.0,7.17
134.0,76.0,8.75
134.0,77.0,9.6
134.0,80.0,12.08
134.0,82.0,7.1
134.0,83.0,8.35
134.0,92.0,7.79
134.0,93.0,4.98
134.0,95.0,2.88
134.0,96.0,5.04
134.0,98.0,6.92
134.0,101.0,14.24
134.0,102.0,5.28
134.0,112.0,13.81
134.0,121.0,4.17
134.0,122.0,7.53
134.0,124.0,7.53
134.0,129.0,9.6
134.0,130.0,3.9
134.0,131.0,6.14
134.0,132.0,10.12
134.0,134.0,0.0
134.0,135.0,3.1
134.0,138.0,10.95
134.0,139.0,10.44
134.0,145.0,14.46
134.0,146.0,13.62
134.0,157.0,8.52
134.0,160.0,5.91
134.0,171.0,9.11
134.0,173.0,7.58
134.0,175.0,9.69
134.0,177.0,10.52
134.0,179.0,14.49
134.0,180.0,5.18
134.0,191.0,9.77
134.0,192.0,5.45
134.0,193.0,14.76
134.0,196.0,4.68
134.0,197.0,2.0
134.0,198.0,8.13
134.0,199.0,13.61
134.0,203.0,12.37
134.0,205.0,7.71
134.0,207.0,11.37
134.0,215.0,4.65
134.0,216.0,4.79
134.0,217.0,14.47
134.0,218.0,8.14
134.0,219.0,9.82
134.0,222.0,10.71
134.0,223.0,13.3
134.0,225.0,11.85
134.0,226.0,11.54
134.0,252.0,11.87
134.0,253.0,7.85
134.0,255.0,14.41
134.0,256.0,14.61
134.0,258.0,4.14
134.0,260.0,10.14
135.0,7.0,12.0
135.0,8.0,13.53
135.0,9.0,4.98
135.0,10.0,8.0
135.0,15.0,8.98
135.0,16.0,7.33
135.0,19.0,10.58
135.0,28.0,2.83
135.0,35.0,13.7
135.0,36.0,11.5
135.0,37.0,12.27
135.0,38.0,10.76
135.0,53.0,8.09
135.0,56.0,4.61
135.0,57.0,4.99
135.0,63.0,9.11
135.0,64.0,10.27
135.0,70.0,7.35
135.0,73.0,4.08
135.0,76.0,11.68
135.0,77.0,12.27
135.0,80.0,13.01
135.0,82.0,6.44
135.0,83.0,8.04
135.0,92.0,4.88
135.0,93.0,2.84
135.0,95.0,3.12
135.0,96.0,7.26
135.0,98.0,4.97
135.0,101.0,12.53
135.0,102.0,7.08
135.0,112.0,14.29
135.0,121.0,2.09
135.0,122.0,7.18
135.0,124.0,10.63
135.0,126.0,14.24
135.0,129.0,8.31
135.0,130.0,4.65
135.0,131.0,5.15
135.0,132.0,12.56
135.0,134.0,3.1
135.0,135.0,0.0
135.0,138.0,8.93
135.0,139.0,11.41
135.0,145.0,14.43
135.0,146.0,13.21
135.0,157.0,9.05
135.0,160.0,6.72
135.0,171.0,6.02
135.0,173.0,5.86
135.0,175.0,7.7
135.0,177.0,12.79
135.0,179.0,13.51
135.0,180.0,8.27
135.0,191.0,9.07
135.0,192.0,2.35
135.0,193.0,14.24
135.0,194.0,14.74
135.0,196.0,4.7
135.0,197.0,5.09
135.0,198.0,9.52
135.0,199.0,11.48
135.0,203.0,13.78
135.0,205.0,8.46
135.0,207.0,10.15
135.0,208.0,13.96
135.0,213.0,13.78
135.0,215.0,6.02
135.0,216.0,7.67
135.0,218.0,9.85
135.0,219.0,11.59
135.0,222.0,13.69
135.0,223.0,11.83
135.0,225.0,13.66
135.0,226.0,11.6
135.0,252.0,8.81
135.0,253.0,5.24
135.0,258.0,6.98
135.0,260.0,9.76
136.0,3.0,6.51
136.0,8.0,12.9
136.0,18.0,1.79
136.0,20.0,2.49
136.0,24.0,11.43
136.0,31.0,3.56
136.0,32.0,4.57
136.0,41.0,10.29
136.0,42.0,7.93
136.0,43.0,13.87
136.0,46.0,14.0
136.0,47.0,3.37
136.0,51.0,8.74
136.0,53.0,14.26
136.0,58.0,10.14
136.0,59.0,4.12
136.0,60.0,5.11
136.0,69.0,5.08
136.0,74.0,10.06
136.0,75.0,11.93
136.0,78.0,3.75
136.0,81.0,8.05
136.0,94.0,1.26
136.0,116.0,7.36
136.0,119.0,4.62
136.0,120.0,3.85
136.0,126.0,8.15
136.0,127.0,1.5
136.0,128.0,2.31
136.0,136.0,0.0
136.0,138.0,13.84
136.0,147.0,6.75
136.0,151.0,12.09
136.0,152.0,8.76
136.0,153.0,1.65
136.0,159.0,6.96
136.0,166.0,10.3
136.0,167.0,5.57
136.0,168.0,8.61
136.0,169.0,2.39
136.0,174.0,3.47
136.0,179.0,14.01
136.0,182.0,6.7
136.0,183.0,8.61
136.0,184.0,10.92
136.0,185.0,5.95
136.0,194.0,11.12
136.0,199.0,11.21
136.0,200.0,5.05
136.0,207.0,14.91
136.0,208.0,11.05
136.0,212.0,6.82
136.0,213.0,8.77
136.0,220.0,2.58
136.0,223.0,12.92
136.0,235.0,2.18
136.0,236.0,13.71
136.0,238.0,13.15
136.0,239.0,14.44
136.0,240.0,5.07
136.0,241.0,2.01
136.0,242.0,6.72
136.0,243.0,3.23
136.0,244.0,5.26
136.0,247.0,5.72
136.0,248.0,5.91
136.0,250.0,8.03
136.0,254.0,5.79
136.0,259.0,7.67
136.0,262.0,13.9
136.0,263.0,13.68
137.0,4.0,2.45
137.0,7.0,7.04
137.0,8.0,8.17
137.0,12.0,7.02
137.0,13.0,6.07
137.0,17.0,7.77
137.0,24.0,9.13
137.0,25.0,8.12
137.0,33.0,6.88
137.0,34.0,5.84
137.0,35.0,13.43
137.0,36.0,8.79
137.0,37.0,9.0
137.0,40.0,9.25
137.0,41.0,9.8
137.0,42.0,12.11
137.0,43.0,6.3
137.0,45.0,4.76
137.0,48.0,3.53
137.0,49.0,7.87
137.0,50.0,4.32
137.0,52.0,8.21
137.0,54.0,8.35
137.0,56.0,13.1
137.0,57.0,13.78
137.0,61.0,10.54
137.0,62.0,11.28
137.0,63.0,13.74
137.0,65.0,6.71
137.0,66.0,5.7
137.0,68.0,2.86
137.0,70.0,12.5
137.0,71.0,14.75
137.0,72.0,14.27
137.0,74.0,9.93
137.0,75.0,8.05
137.0,77.0,14.12
137.0,79.0,2.16
137.0,80.0,5.75
137.0,82.0,11.06
137.0,83.0,9.39
137.0,85.0,14.12
137.0,87.0,6.03
137.0,88.0,6.7
137.0,90.0,2.3
137.0,95.0,14.61
137.0,96.0,13.31
137.0,97.0,7.29
137.0,100.0,2.36
137.0,102.0,12.46
137.0,103.0,10.67
137.0,104.0,9.42
137.0,105.0,8.95
137.0,106.0,9.95
137.0,107.0,0.99
137.0,111.0,13.05
137.0,112.0,3.4
137.0,113.0,2.29
137.0,114.0,2.93
137.0,116.0,13.1
137.0,125.0,4.03
137.0,126.0,14.61
137.0,129.0,10.45
137.0,133.0,14.66
137.0,137.0,0.0
137.0,138.0,12.49
137.0,140.0,4.41
137.0,141.0,4.32
137.0,142.0,4.91
137.0,143.0,5.37
137.0,144.0,3.66
137.0,145.0,3.16
137.0,146.0,5.06
137.0,147.0,14.5
137.0,148.0,3.54
137.0,151.0,8.51
137.0,152.0,11.68
137.0,157.0,8.6
137.0,158.0,3.7
137.0,159.0,13.46
137.0,160.0,11.22
137.0,161.0,2.59
137.0,162.0,2.43
137.0,163.0,3.53
137.0,164.0,1.54
137.0,166.0,10.28
137.0,168.0,11.87
137.0,170.0,1.1
137.0,173.0,12.76
137.0,177.0,11.69
137.0,179.0,7.05
137.0,181.0,10.3
137.0,186.0,2.13
137.0,188.0,12.42
137.0,189.0,9.28
137.0,190.0,11.6
137.0,193.0,4.82
137.0,194.0,9.41
137.0,195.0,10.2
137.0,196.0,12.77
137.0,198.0,9.7
137.0,199.0,12.83
137.0,202.0,4.32
137.0,207.0,9.26
137.0,209.0,5.51
137.0,211.0,3.7
137.0,217.0,5.72
137.0,223.0,9.6
137.0,224.0,1.27
137.0,225.0,9.14
137.0,226.0,5.78
137.0,227.0,14.8
137.0,228.0,13.5
137.0,229.0,2.71
137.0,230.0,2.97
137.0,231.0,4.83
137.0,232.0,3.85
137.0,233.0,1.55
137.0,234.0,1.55
137.0,236.0,6.27
137.0,237.0,4.31
137.0,238.0,7.54
137.0,239.0,6.4
137.0,246.0,3.6
137.0,247.0,14.25
137.0,249.0,3.06
137.0,255.0,3.82
137.0,256.0,4.72
137.0,257.0,12.75
137.0,260.0,7.83
137.0,261.0,6.14
137.0,262.0,6.19
137.0,263.0,6.31
138.0,3.0,13.57
138.0,4.0,13.7
138.0,7.0,5.47
138.0,8.0,5.54
138.0,9.0,10.14
138.0,15.0,9.85
138.0,16.0,11.29
138.0,17.0,14.84
138.0,18.0,13.85
138.0,20.0,12.34
138.0,24.0,11.0
138.0,28.0,11.72
138.0,31.0,12.26
138.0,32.0,13.22
138.0,36.0,11.91
138.0,37.0,12.86
138.0,41.0,9.7
138.0,42.0,9.87
138.0,43.0,10.3
138.0,46.0,14.99
138.0,47.0,10.49
138.0,48.0,13.06
138.0,50.0,13.58
138.0,53.0,3.56
138.0,56.0,5.12
138.0,57.0,4.0
138.0,58.0,11.51
138.0,59.0,9.73
138.0,60.0,8.87
138.0,63.0,13.31
138.0,68.0,14.57
138.0,69.0,9.57
138.0,70.0,1.72
138.0,73.0,7.96
138.0,74.0,8.11
138.0,75.0,8.35
138.0,78.0,10.47
138.0,79.0,14.27
138.0,80.0,11.16
138.0,82.0,5.14
138.0,83.0,5.69
138.0,90.0,14.52
138.0,92.0,5.35
138.0,93.0,6.15
138.0,94.0,12.66
138.0,95.0,8.3
138.0,96.0,11.37
138.0,98.0,12.23
138.0,100.0,13.18
138.0,102.0,10.41
138.0,107.0,13.47
138.0,112.0,10.72
138.0,113.0,14.77
138.0,116.0,11.38
138.0,119.0,11.01
138.0,120.0,12.36
138.0,121.0,10.42
138.0,126.0,5.7
138.0,127.0,14.42
138.0,129.0,2.83
138.0,130.0,13.58
138.0,131.0,13.42
138.0,134.0,10.95
138.0,135.0,8.93
138.0,136.0,13.84
138.0,137.0,12.49
138.0,138.0,0.0
138.0,140.0,9.12
138.0,141.0,9.64
138.0,142.0,12.01
138.0,143.0,12.69
138.0,145.0,9.4
138.0,146.0,7.43
138.0,147.0,7.23
138.0,151.0,11.08
138.0,152.0,10.99
138.0,157.0,8.06
138.0,159.0,7.79
138.0,160.0,8.27
138.0,161.0,11.83
138.0,162.0,11.29
138.0,163.0,11.66
138.0,164.0,12.98
138.0,166.0,11.08
138.0,167.0,8.44
138.0,168.0,6.83
138.0,169.0,11.53
138.0,170.0,12.31
138.0,171.0,7.19
138.0,173.0,3.41
138.0,175.0,14.04
138.0,179.0,6.1
138.0,180.0,14.81
138.0,182.0,9.48
138.0,183.0,11.96
138.0,185.0,11.96
138.0,186.0,13.76
138.0,192.0,7.91
138.0,193.0,7.89
138.0,194.0,6.18
138.0,196.0,7.18
138.0,197.0,12.66
138.0,198.0,10.45
138.0,199.0,2.66
138.0,202.0,8.69
138.0,207.0,3.25
138.0,208.0,9.1
138.0,212.0,7.88
138.0,213.0,6.62
138.0,215.0,14.92
138.0,217.0,14.02
138.0,223.0,3.57
138.0,224.0,13.06
138.0,225.0,14.23
138.0,226.0,7.83
138.0,229.0,10.51
138.0,230.0,12.49
138.0,233.0,11.36
138.0,234.0,13.93
138.0,235.0,12.42
138.0,236.0,9.32
138.0,237.0,10.28
138.0,238.0,11.36
138.0,239.0,11.77
138.0,242.0,10.95
138.0,243.0,13.84
138.0,244.0,12.45
138.0,246.0,14.84
138.0,247.0,9.82
138.0,248.0,8.79
138.0,250.0,8.93
138.0,252.0,6.77
138.0,253.0,4.13
138.0,255.0,12.4
138.0,256.0,13.39
138.0,258.0,12.74
138.0,260.0,5.73
138.0,262.0,8.12
138.0,263.0,8.64
139.0,2.0,13.13
139.0,9.0,11.9
139.0,10.0,5.21
139.0,16.0,12.99
139.0,19.0,8.79
139.0,28.0,8.79
139.0,30.0,13.81
139.0,38.0,2.71
139.0,63.0,14.94
139.0,64.0,12.28
139.0,73.0,13.31
139.0,76.0,14.95
139.0,86.0,11.02
139.0,93.0,14.24
139.0,95.0,13.23
139.0,96.0,14.47
139.0,98.0,9.19
139.0,101.0,10.77
139.0,117.0,13.19
139.0,121.0,9.93
139.0,122.0,5.27
139.0,124.0,11.54
139.0,130.0,6.83
139.0,131.0,7.31
139.0,132.0,6.46
139.0,134.0,10.44
139.0,135.0,11.41
139.0,139.0,0.0
139.0,175.0,9.7
139.0,180.0,11.45
139.0,191.0,5.64
139.0,192.0,12.58
139.0,197.0,9.98
139.0,203.0,2.87
139.0,205.0,2.95
139.0,215.0,5.79
139.0,216.0,8.38
139.0,218.0,3.29
139.0,219.0,3.14
139.0,258.0,12.53
140.0,4.0,6.61
140.0,7.0,3.94
140.0,8.0,4.01
140.0,12.0,11.41
140.0,13.0,10.41
140.0,17.0,10.88
140.0,24.0,5.5
140.0,25.0,12.24
140.0,33.0,11.19
140.0,34.0,9.67
140.0,36.0,10.4
140.0,37.0,10.97
140.0,40.0,13.48
140.0,41.0,5.72
140.0,42.0,7.91
140.0,43.0,2.77
140.0,45.0,9.17
140.0,47.0,12.88
140.0,48.0,3.94
140.0,49.0,11.42
140.0,50.0,4.5
140.0,52.0,12.49
140.0,53.0,12.66
140.0,54.0,12.69
140.0,56.0,11.25
140.0,57.0,11.44
140.0,59.0,12.64
140.0,60.0,12.66
140.0,61.0,13.48
140.0,62.0,14.55
140.0,63.0,14.71
140.0,65.0,10.88
140.0,66.0,9.91
140.0,68.0,5.62
140.0,69.0,10.66
140.0,70.0,9.62
140.0,74.0,5.59
140.0,75.0,3.74
140.0,78.0,14.0
140.0,79.0,6.56
140.0,80.0,7.63
140.0,82.0,9.45
140.0,83.0,8.03
140.0,87.0,10.43
140.0,88.0,11.1
140.0,90.0,5.81
140.0,92.0,14.03
140.0,93.0,13.19
140.0,94.0,14.95
140.0,95.0,13.56
140.0,96.0,13.67
140.0,97.0,11.2
140.0,100.0,4.18
140.0,102.0,12.65
140.0,104.0,13.7
140.0,105.0,13.35
140.0,106.0,14.09
140.0,107.0,5.33
140.0,112.0,5.32
140.0,113.0,6.54
140.0,114.0,7.23
140.0,116.0,9.07
140.0,119.0,11.1
140.0,120.0,12.25
140.0,125.0,8.22
140.0,126.0,10.31
140.0,129.0,7.82
140.0,137.0,4.41
140.0,138.0,9.12
140.0,140.0,0.0
140.0,141.0,0.59
140.0,142.0,3.21
140.0,143.0,3.97
140.0,144.0,8.06
140.0,145.0,3.03
140.0,146.0,2.76
140.0,147.0,10.1
140.0,148.0,7.94
140.0,151.0,5.0
140.0,152.0,7.72
140.0,157.0,8.44
140.0,158.0,7.52
140.0,159.0,9.05
140.0,160.0,10.82
140.0,161.0,2.78
140.0,162.0,2.35
140.0,163.0,2.55
140.0,164.0,4.2
140.0,166.0,6.51
140.0,167.0,10.83
140.0,168.0,7.46
140.0,169.0,13.48
140.0,170.0,3.71
140.0,173.0,10.38
140.0,177.0,13.83
140.0,179.0,3.07
140.0,181.0,14.28
140.0,186.0,4.88
140.0,189.0,12.98
140.0,193.0,1.61
140.0,194.0,5.03
140.0,195.0,14.53
140.0,196.0,11.7
140.0,198.0,10.48
140.0,199.0,8.87
140.0,202.0,0.75
140.0,207.0,6.17
140.0,209.0,9.92
140.0,211.0,8.03
140.0,212.0,13.19
140.0,213.0,13.23
140.0,217.0,9.06
140.0,223.0,5.77
140.0,224.0,5.51
140.0,225.0,11.64
140.0,226.0,5.28
140.0,229.0,1.73
140.0,230.0,3.38
140.0,231.0,9.17
140.0,232.0,8.09
140.0,233.0,2.88
140.0,234.0,5.43
140.0,235.0,13.51
140.0,236.0,2.21
140.0,237.0,1.3
140.0,238.0,4.36
140.0,239.0,3.8
140.0,243.0,13.69
140.0,244.0,11.31
140.0,246.0,5.77
140.0,247.0,9.93
140.0,248.0,13.65
140.0,249.0,7.02
140.0,253.0,12.65
140.0,255.0,6.87
140.0,256.0,8.04
140.0,260.0,6.23
140.0,261.0,10.52
140.0,262.0,1.79
140.0,263.0,2.0
141.0,4.0,6.63
141.0,7.0,4.52
141.0,8.0,4.41
141.0,12.0,11.28
141.0,13.0,10.23
141.0,17.0,11.13
141.0,24.0,5.19
141.0,25.0,12.3
141.0,33.0,11.18
141.0,34.0,9.79
141.0,36.0,10.82
141.0,37.0,11.36
141.0,40.0,13.51
141.0,41.0,5.57
141.0,42.0,7.83
141.0,43.0,2.38
141.0,45.0,9.08
141.0,47.0,12.96
141.0,48.0,3.43
141.0,49.0,11.61
141.0,50.0,3.95
141.0,52.0,12.5
141.0,53.0,13.17
141.0,54.0,12.67
141.0,56.0,11.83
141.0,57.0,12.01
141.0,59.0,12.75
141.0,60.0,12.83
141.0,61.0,13.77
141.0,62.0,14.8
141.0,65.0,10.92
141.0,66.0,9.94
141.0,68.0,5.25
141.0,69.0,10.7
141.0,70.0,10.17
141.0,74.0,5.61
141.0,75.0,3.73
141.0,78.0,14.13
141.0,79.0,6.48
141.0,80.0,7.99
141.0,82.0,10.03
141.0,83.0,8.61
141.0,87.0,10.32
141.0,88.0,10.98
141.0,90.0,5.52
141.0,92.0,14.58
141.0,93.0,13.77
141.0,94.0,14.99
141.0,95.0,14.14
141.0,96.0,14.2
141.0,97.0,11.32
141.0,100.0,3.8
141.0,102.0,13.19
141.0,103.0,14.8
141.0,104.0,13.49
141.0,105.0,13.25
141.0,106.0,14.15
141.0,107.0,5.19
141.0,112.0,5.62
141.0,113.0,6.36
141.0,114.0,7.06
141.0,116.0,8.92
141.0,119.0,11.07
141.0,120.0,12.17
141.0,125.0,8.0
141.0,126.0,10.59
141.0,129.0,8.39
141.0,137.0,4.32
141.0,138.0,9.64
141.0,140.0,0.59
141.0,141.0,0.0
141.0,142.0,2.63
141.0,143.0,3.39
141.0,144.0,7.94
141.0,145.0,3.39
141.0,146.0,3.33
141.0,147.0,10.28
141.0,148.0,7.87
141.0,151.0,4.66
141.0,152.0,7.53
141.0,157.0,8.97
141.0,158.0,7.22
141.0,159.0,9.17
141.0,160.0,11.38
141.0,161.0,2.4
141.0,162.0,2.07
141.0,163.0,2.03
141.0,164.0,3.92
141.0,166.0,6.25
141.0,167.0,10.95
141.0,168.0,7.62
141.0,169.0,13.52
141.0,170.0,3.52
141.0,173.0,10.96
141.0,177.0,14.22
141.0,179.0,3.55
141.0,181.0,14.39
141.0,186.0,4.55
141.0,189.0,13.15
141.0,193.0,2.19
141.0,194.0,5.26
141.0,195.0,14.51
141.0,196.0,12.28
141.0,198.0,10.97
141.0,199.0,9.28
141.0,202.0,1.31
141.0,207.0,6.72
141.0,209.0,9.81
141.0,211.0,7.86
141.0,212.0,13.44
141.0,213.0,13.55
141.0,217.0,9.26
141.0,223.0,6.23
141.0,224.0,5.5
141.0,225.0,11.98
141.0,226.0,5.8
141.0,229.0,1.62
141.0,230.0,2.93
141.0,231.0,9.0
141.0,232.0,8.1
141.0,233.0,2.78
141.0,234.0,5.2
141.0,235.0,13.49
141.0,236.0,2.0
141.0,237.0,0.71
141.0,238.0,3.93
141.0,239.0,3.28
141.0,243.0,13.59
141.0,244.0,11.18
141.0,246.0,5.33
141.0,247.0,9.93
141.0,248.0,13.87
141.0,249.0,6.77
141.0,253.0,13.21
141.0,255.0,7.08
141.0,256.0,8.24
141.0,260.0,6.81
141.0,261.0,10.37
141.0,262.0,1.97
141.0,263.0,1.98
142.0,4.0,7.35
142.0,7.0,7.11
142.0,8.0,6.55
142.0,12.0,11.05
142.0,13.0,9.83
142.0,17.0,12.57
142.0,24.0,4.53
142.0,25.0,12.94
142.0,33.0,11.54
142.0,34.0,10.75
142.0,36.0,12.88
142.0,37.0,13.31
142.0,40.0,13.96
142.0,41.0,5.63
142.0,42.0,7.98
142.0,43.0,2.2
142.0,45.0,9.18
142.0,47.0,13.6
142.0,48.0,1.91
142.0,49.0,12.76
142.0,50.0,1.86
142.0,52.0,12.89
142.0,54.0,12.92
142.0,56.0,14.46
142.0,57.0,14.6
142.0,59.0,13.56
142.0,60.0,13.86
142.0,65.0,11.51
142.0,66.0,10.5
142.0,68.0,4.23
142.0,69.0,11.27
142.0,70.0,12.68
142.0,74.0,6.37
142.0,75.0,4.65
142.0,78.0,14.98
142.0,79.0,6.78
142.0,80.0,9.9
142.0,82.0,12.66
142.0,83.0,11.22
142.0,87.0,10.23
142.0,88.0,10.85
142.0,90.0,4.92
142.0,97.0,12.19
142.0,100.0,3.07
142.0,103.0,14.21
142.0,104.0,12.82
142.0,105.0,13.15
142.0,106.0,14.74
142.0,107.0,5.42
142.0,112.0,7.4
142.0,113.0,6.2
142.0,114.0,6.89
142.0,116.0,8.67
142.0,119.0,11.28
142.0,120.0,12.17
142.0,125.0,7.53
142.0,126.0,12.09
142.0,129.0,10.98
142.0,137.0,4.91
142.0,138.0,12.01
142.0,140.0,3.21
142.0,141.0,2.63
142.0,142.0,0.0
142.0,143.0,0.76
142.0,144.0,7.94
142.0,145.0,5.52
142.0,146.0,5.93
142.0,147.0,11.42
142.0,148.0,8.1
142.0,151.0,3.87
142.0,152.0,7.21
142.0,157.0,11.44
142.0,158.0,6.44
142.0,159.0,10.08
142.0,160.0,13.92
142.0,161.0,2.33
142.0,162.0,2.69
142.0,163.0,1.42
142.0,164.0,3.7
142.0,166.0,5.71
142.0,167.0,11.85
142.0,168.0,8.74
142.0,169.0,13.98
142.0,170.0,3.82
142.0,173.0,13.55
142.0,179.0,5.93
142.0,186.0,3.89
142.0,189.0,14.19
142.0,193.0,4.82
142.0,194.0,6.83
142.0,195.0,14.73
142.0,196.0,14.89
142.0,198.0,13.27
142.0,199.0,11.3
142.0,202.0,3.92
142.0,207.0,9.26
142.0,209.0,9.8
142.0,211.0,7.64
142.0,212.0,14.79
142.0,217.0,10.56
142.0,223.0,8.49
142.0,224.0,6.17
142.0,225.0,13.72
142.0,226.0,8.24
142.0,229.0,3.08
142.0,230.0,2.05
142.0,231.0,8.72
142.0,232.0,8.66
142.0,233.0,3.7
142.0,234.0,4.99
142.0,235.0,13.71
142.0,236.0,2.91
142.0,237.0,1.92
142.0,238.0,2.82
142.0,239.0,1.55
142.0,243.0,13.42
142.0,244.0,10.96
142.0,246.0,3.9
142.0,247.0,10.33
142.0,249.0,6.21
142.0,255.0,8.49
142.0,256.0,9.53
142.0,260.0,9.42
142.0,261.0,10.1
142.0,262.0,3.91
142.0,263.0,3.48
143.0,4.0,7.76
143.0,7.0,7.86
143.0,8.0,7.2
143.0,12.0,11.17
143.0,13.0,9.91
143.0,17.0,13.1
143.0,24.0,4.55
143.0,25.0,13.27
143.0,33.0,11.81
143.0,34.0,11.19
143.0,36.0,13.54
143.0,37.0,13.95
143.0,40.0,14.24
143.0,41.0,5.81
143.0,42.0,8.12
143.0,43.0,2.64
143.0,45.0,9.4
143.0,47.0,13.82
143.0,48.0,2.03
143.0,49.0,13.23
143.0,50.0,1.66
143.0,52.0,13.16
143.0,54.0,13.15
143.0,59.0,13.82
143.0,60.0,14.18
143.0,65.0,11.85
143.0,66.0,10.83
143.0,68.0,4.27
143.0,69.0,11.48
143.0,70.0,13.4
143.0,74.0,6.71
143.0,75.0,5.1
143.0,79.0,7.11
143.0,80.0,10.55
143.0,82.0,13.42
143.0,83.0,11.98
143.0,87.0,10.4
143.0,88.0,10.99
143.0,90.0,5.06
143.0,97.0,12.59
143.0,100.0,3.3
143.0,103.0,14.18
143.0,104.0,12.79
143.0,105.0,13.28
143.0,107.0,5.77
143.0,112.0,8.04
143.0,113.0,6.42
143.0,114.0,7.08
143.0,116.0,8.68
143.0,119.0,11.39
143.0,120.0,12.21
143.0,125.0,7.63
143.0,126.0,12.55
143.0,129.0,11.72
143.0,137.0,5.37
143.0,138.0,12.69
143.0,140.0,3.97
143.0,141.0,3.39
143.0,142.0,0.76
143.0,143.0,0.0
143.0,144.0,8.16
143.0,145.0,6.23
143.0,146.0,6.69
143.0,147.0,11.78
143.0,148.0,8.39
143.0,151.0,3.89
143.0,152.0,7.24
143.0,157.0,12.19
143.0,158.0,6.47
143.0,159.0,10.39
143.0,160.0,14.67
143.0,161.0,2.86
143.0,162.0,3.31
143.0,163.0,2.03
143.0,164.0,4.04
143.0,166.0,5.71
143.0,167.0,12.15
143.0,168.0,9.14
143.0,169.0,14.14
143.0,170.0,4.27
143.0,173.0,14.29
143.0,179.0,6.63
143.0,186.0,4.07
143.0,189.0,14.62
143.0,193.0,5.58
143.0,194.0,7.36
143.0,195.0,14.94
143.0,198.0,13.99
143.0,199.0,11.9
143.0,202.0,4.68
143.0,207.0,9.99
143.0,209.0,9.99
143.0,211.0,7.81
143.0,217.0,11.07
143.0,223.0,9.16
143.0,224.0,6.6
143.0,225.0,14.31
143.0,226.0,8.99
143.0,229.0,3.78
143.0,230.0,2.4
143.0,231.0,8.84
143.0,232.0,9.01
143.0,233.0,4.28
143.0,234.0,5.25
143.0,235.0,13.8
143.0,236.0,3.47
143.0,237.0,2.68
143.0,238.0,2.83
143.0,239.0,1.55
143.0,243.0,13.4
143.0,244.0,10.95
143.0,246.0,3.8
143.0,247.0,10.51
143.0,249.0,6.31
143.0,255.0,9.05
143.0,256.0,10.05
143.0,260.0,10.18
143.0,261.0,10.22
143.0,262.0,4.58
143.0,263.0,4.1
144.0,4.0,2.26
144.0,7.0,10.46
144.0,8.0,11.81
144.0,12.0,3.35
144.0,13.0,2.5
144.0,14.0,14.57
144.0,17.0,6.78
144.0,24.0,12.42
144.0,25.0,5.31
144.0,26.0,13.23
144.0,33.0,3.69
144.0,34.0,4.11
144.0,35.0,12.76
144.0,36.0,9.31
144.0,37.0,9.14
144.0,40.0,6.12
144.0,41.0,13.27
144.0,43.0,9.7
144.0,45.0,1.25
144.0,48.0,6.13
144.0,49.0,6.18
144.0,50.0,6.67
144.0,52.0,5.03
144.0,54.0,4.99
144.0,61.0,9.36
144.0,62.0,9.61
144.0,63.0,14.29
144.0,65.0,3.94
144.0,66.0,3.01
144.0,67.0,14.98
144.0,68.0,4.06
144.0,71.0,13.02
144.0,72.0,13.05
144.0,74.0,13.53
144.0,75.0,11.65
144.0,77.0,13.84
144.0,79.0,1.57
144.0,80.0,6.74
144.0,82.0,13.61
144.0,83.0,11.94
144.0,85.0,12.08
144.0,87.0,2.38
144.0,88.0,3.04
144.0,89.0,12.82
144.0,90.0,3.14
144.0,96.0,14.39
144.0,97.0,5.06
144.0,100.0,4.88
144.0,102.0,13.73
144.0,103.0,7.05
144.0,104.0,5.86
144.0,105.0,5.32
144.0,106.0,6.99
144.0,107.0,2.74
144.0,111.0,10.12
144.0,112.0,5.42
144.0,113.0,1.74
144.0,114.0,1.1
144.0,125.0,1.42
144.0,129.0,13.53
144.0,133.0,12.01
144.0,137.0,3.66
144.0,140.0,8.06
144.0,141.0,7.94
144.0,142.0,7.94
144.0,143.0,8.16
144.0,144.0,0.0
144.0,145.0,6.44
144.0,146.0,8.47
144.0,148.0,0.73
144.0,151.0,11.77
144.0,157.0,10.54
144.0,158.0,2.47
144.0,160.0,13.01
144.0,161.0,5.86
144.0,162.0,5.93
144.0,163.0,6.75
144.0,164.0,4.27
144.0,166.0,13.59
144.0,170.0,4.45
144.0,177.0,11.32
144.0,179.0,10.67
144.0,181.0,7.61
144.0,186.0,4.09
144.0,188.0,10.66
144.0,189.0,7.14
144.0,190.0,9.24
144.0,193.0,8.42
144.0,194.0,13.08
144.0,195.0,6.8
144.0,196.0,14.89
144.0,198.0,10.81
144.0,202.0,7.98
144.0,207.0,12.57
144.0,209.0,1.89
144.0,211.0,0.68
144.0,217.0,4.94
144.0,223.0,13.15
144.0,224.0,2.77
144.0,225.0,8.69
144.0,226.0,8.41
144.0,227.0,11.63
144.0,228.0,10.19
144.0,229.0,6.34
144.0,230.0,5.89
144.0,231.0,1.3
144.0,232.0,1.79
144.0,233.0,5.18
144.0,234.0,2.95
144.0,236.0,9.81
144.0,237.0,7.83
144.0,238.0,10.74
144.0,239.0,9.49
144.0,246.0,4.83
144.0,249.0,2.12
144.0,255.0,4.41
144.0,256.0,4.37
144.0,257.0,10.1
144.0,260.0,10.65
144.0,261.0,2.49
144.0,262.0,9.84
144.0,263.0,9.92
145.0,4.0,4.46
145.0,7.0,4.02
145.0,8.0,5.66
145.0,12.0,9.69
145.0,13.0,8.94
145.0,17.0,7.91
145.0,24.0,8.52
145.0,25.0,9.7
145.0,33.0,8.93
145.0,34.0,7.0
145.0,35.0,12.7
145.0,36.0,7.45
145.0,37.0,7.97
145.0,40.0,11.04
145.0,41.0,8.67
145.0,42.0,10.75
145.0,43.0,5.76
145.0,45.0,7.31
145.0,48.0,5.19
145.0,49.0,8.56
145.0,50.0,5.99
145.0,52.0,10.14
145.0,53.0,12.91
145.0,54.0,10.45
145.0,56.0,10.04
145.0,57.0,10.65
145.0,59.0,14.96
145.0,60.0,14.8
145.0,61.0,10.47
145.0,62.0,11.58
145.0,63.0,11.99
145.0,65.0,8.44
145.0,66.0,7.54
145.0,68.0,5.7
145.0,69.0,13.2
145.0,70.0,9.34
145.0,71.0,14.89
145.0,72.0,13.98
145.0,74.0,8.3
145.0,75.0,6.57
145.0,76.0,14.77
145.0,77.0,13.02
145.0,79.0,4.88
145.0,80.0,4.61
145.0,82.0,8.04
145.0,83.0,6.4
145.0,85.0,14.58
145.0,87.0,8.64
145.0,88.0,9.31
145.0,90.0,5.37
145.0,92.0,13.56
145.0,93.0,12.04
145.0,95.0,11.8
145.0,96.0,11.16
145.0,97.0,8.52
145.0,100.0,4.6
145.0,102.0,10.2
145.0,103.0,13.48
145.0,104.0,12.31
145.0,105.0,11.41
145.0,106.0,11.53
145.0,107.0,4.11
145.0,111.0,14.44
145.0,112.0,2.33
145.0,113.0,5.39
145.0,114.0,5.95
145.0,116.0,12.0
145.0,119.0,13.83
145.0,125.0,7.1
145.0,126.0,12.08
145.0,129.0,7.29
145.0,134.0,14.46
145.0,135.0,14.43
145.0,137.0,3.16
145.0,138.0,9.4
145.0,140.0,3.03
145.0,141.0,3.39
145.0,142.0,5.52
145.0,143.0,6.23
145.0,144.0,6.44
145.0,145.0,0.0
145.0,146.0,2.04
145.0,147.0,12.26
145.0,148.0,6.08
145.0,151.0,8.02
145.0,152.0,10.69
145.0,157.0,6.06
145.0,158.0,6.86
145.0,159.0,11.44
145.0,160.0,8.63
145.0,161.0,3.71
145.0,162.0,3.1
145.0,163.0,4.25
145.0,164.0,4.06
145.0,166.0,9.53
145.0,167.0,13.14
145.0,168.0,9.78
145.0,170.0,3.31
145.0,173.0,9.62
145.0,177.0,10.83
145.0,179.0,4.48
145.0,181.0,11.59
145.0,186.0,4.87
145.0,188.0,12.72
145.0,189.0,10.16
145.0,190.0,12.5
145.0,192.0,14.88
145.0,193.0,2.32
145.0,194.0,7.23
145.0,195.0,12.26
145.0,196.0,9.93
145.0,198.0,7.76
145.0,199.0,9.98
145.0,202.0,2.43
145.0,207.0,6.16
145.0,209.0,8.1
145.0,211.0,6.66
145.0,212.0,15.0
145.0,213.0,14.68
145.0,217.0,6.19
145.0,223.0,6.75
145.0,224.0,3.67
145.0,225.0,8.61
145.0,226.0,2.92
145.0,229.0,2.46
145.0,230.0,4.47
145.0,231.0,7.72
145.0,232.0,5.89
145.0,233.0,2.49
145.0,234.0,4.69
145.0,236.0,5.23
145.0,237.0,3.89
145.0,238.0,7.32
145.0,239.0,6.57
145.0,244.0,14.19
145.0,246.0,6.25
145.0,247.0,12.59
145.0,249.0,6.22
145.0,253.0,12.19
145.0,255.0,4.02
145.0,256.0,5.21
145.0,257.0,13.86
145.0,258.0,13.29
145.0,260.0,4.74
145.0,261.0,8.91
145.0,262.0,4.5
145.0,263.0,4.91
146.0,4.0,6.49
146.0,7.0,1.99
146.0,8.0,3.81
146.0,12.0,11.73
146.0,13.0,10.97
146.0,17.0,9.37
146.0,24.0,7.8
146.0,25.0,11.58
146.0,33.0,10.91
146.0,34.0,8.83
146.0,35.0,13.53
146.0,36.0,8.12
146.0,37.0,8.81
146.0,40.0,12.95
146.0,41.0,7.59
146.0,42.0,9.44
146.0,43.0,5.38
146.0,45.0,9.35
146.0,47.0,13.57
146.0,48.0,6.24
146.0,49.0,10.21
146.0,50.0,6.94
146.0,52.0,12.08
146.0,53.0,10.97
146.0,54.0,12.43
146.0,56.0,8.67
146.0,57.0,9.05
146.0,59.0,13.17
146.0,60.0,12.93
146.0,61.0,11.73
146.0,62.0,12.97
146.0,63.0,12.11
146.0,65.0,10.36
146.0,66.0,9.51
146.0,68.0,7.3
146.0,69.0,11.56
146.0,70.0,7.52
146.0,73.0,14.2
146.0,74.0,6.9
146.0,75.0,5.4
146.0,77.0,13.61
146.0,78.0,14.43
146.0,79.0,6.9
146.0,80.0,5.71
146.0,82.0,6.78
146.0,83.0,5.29
146.0,87.0,10.68
146.0,88.0,11.35
146.0,90.0,7.14
146.0,92.0,11.84
146.0,93.0,10.65
146.0,95.0,10.83
146.0,96.0,10.97
146.0,97.0,10.33
146.0,100.0,6.01
146.0,102.0,9.94
146.0,104.0,14.33
146.0,105.0,13.43
146.0,106.0,13.39
146.0,107.0,6.05
146.0,112.0,3.99
146.0,113.0,7.35
146.0,114.0,7.94
146.0,116.0,10.81
146.0,119.0,12.33
146.0,120.0,13.6
146.0,125.0,9.07
146.0,126.0,10.12
146.0,129.0,5.53
146.0,134.0,13.62
146.0,135.0,13.21
146.0,137.0,5.06
146.0,138.0,7.43
146.0,140.0,2.76
146.0,141.0,3.33
146.0,142.0,5.93
146.0,143.0,6.69
146.0,144.0,8.47
146.0,145.0,2.04
146.0,146.0,0.0
146.0,147.0,10.42
146.0,148.0,8.12
146.0,151.0,7.42
146.0,152.0,9.6
146.0,157.0,5.73
146.0,158.0,8.72
146.0,159.0,9.72
146.0,160.0,8.06
146.0,161.0,4.8
146.0,162.0,4.19
146.0,163.0,4.99
146.0,164.0,5.66
146.0,166.0,8.65
146.0,167.0,11.36
146.0,168.0,8.06
146.0,169.0,14.33
146.0,170.0,4.95
146.0,171.0,14.1
146.0,173.0,8.0
146.0,177.0,11.64
146.0,179.0,2.65
146.0,181.0,13.36
146.0,182.0,14.96
146.0,186.0,6.47
146.0,188.0,14.09
146.0,189.0,11.83
146.0,190.0,14.12
146.0,192.0,13.4
146.0,193.0,1.2
146.0,194.0,5.52
146.0,195.0,14.22
146.0,196.0,8.96
146.0,197.0,14.51
146.0,198.0,7.92
146.0,199.0,7.95
146.0,202.0,2.02
146.0,207.0,4.2
146.0,209.0,10.14
146.0,211.0,8.66
146.0,212.0,13.03
146.0,213.0,12.66
146.0,217.0,7.85
146.0,223.0,4.73
146.0,224.0,5.7
146.0,225.0,9.71
146.0,226.0,2.68
146.0,229.0,3.39
146.0,230.0,5.56
146.0,231.0,9.74
146.0,232.0,7.9
146.0,233.0,4.02
146.0,234.0,6.52
146.0,235.0,14.6
146.0,236.0,4.57
146.0,237.0,4.03
146.0,238.0,6.96
146.0,239.0,6.55
146.0,244.0,12.88
146.0,246.0,7.7
146.0,247.0,11.05
146.0,248.0,13.66
146.0,249.0,8.11
146.0,250.0,14.94
146.0,252.0,14.17
146.0,253.0,10.46
146.0,255.0,5.78
146.0,256.0,6.95
146.0,258.0,13.04
146.0,260.0,3.5
146.0,261.0,10.94
146.0,262.0,3.44
146.0,263.0,4.03
147.0,3.0,8.74
147.0,7.0,8.86
147.0,8.0,6.62
147.0,15.0,13.67
147.0,18.0,7.13
147.0,20.0,5.79
147.0,24.0,7.85
147.0,31.0,6.18
147.0,32.0,7.54
147.0,41.0,6.25
147.0,42.0,4.66
147.0,43.0,9.21
147.0,46.0,13.72
147.0,47.0,3.4
147.0,48.0,13.18
147.0,50.0,13.28
147.0,51.0,11.21
147.0,53.0,8.46
147.0,56.0,12.34
147.0,57.0,11.18
147.0,58.0,9.31
147.0,59.0,2.81
147.0,60.0,2.56
147.0,69.0,2.49
147.0,70.0,8.95
147.0,73.0,14.04
147.0,74.0,5.07
147.0,75.0,6.79
147.0,78.0,4.01
147.0,81.0,11.38
147.0,82.0,12.04
147.0,83.0,11.98
147.0,92.0,11.62
147.0,93.0,13.29
147.0,94.0,5.66
147.0,100.0,13.95
147.0,112.0,14.4
147.0,116.0,5.62
147.0,119.0,4.04
147.0,120.0,5.28
147.0,126.0,1.87
147.0,127.0,7.19
147.0,128.0,8.26
147.0,129.0,9.29
147.0,136.0,6.75
147.0,137.0,14.5
147.0,138.0,7.23
147.0,140.0,10.1
147.0,141.0,10.28
147.0,142.0,11.42
147.0,143.0,11.78
147.0,145.0,12.26
147.0,146.0,10.42
147.0,147.0,0.0
147.0,151.0,8.34
147.0,152.0,6.11
147.0,153.0,8.38
147.0,157.0,14.07
147.0,159.0,1.56
147.0,161.0,12.61
147.0,162.0,12.35
147.0,163.0,11.94
147.0,164.0,14.19
147.0,166.0,7.15
147.0,167.0,1.21
147.0,168.0,2.69
147.0,169.0,4.38
147.0,170.0,13.79
147.0,171.0,12.49
147.0,173.0,10.64
147.0,174.0,8.74
147.0,179.0,7.79
147.0,182.0,5.28
147.0,183.0,8.67
147.0,184.0,12.41
147.0,185.0,7.12
147.0,186.0,14.76
147.0,192.0,14.54
147.0,193.0,9.96
147.0,194.0,5.09
147.0,196.0,14.31
147.0,199.0,4.57
147.0,200.0,11.79
147.0,202.0,10.22
147.0,207.0,8.19
147.0,208.0,8.41
147.0,212.0,3.48
147.0,213.0,4.55
147.0,220.0,9.32
147.0,223.0,6.25
147.0,226.0,12.39
147.0,229.0,11.83
147.0,230.0,12.94
147.0,233.0,12.98
147.0,235.0,5.19
147.0,236.0,8.66
147.0,237.0,10.56
147.0,238.0,9.22
147.0,239.0,10.31
147.0,240.0,11.19
147.0,241.0,8.37
147.0,242.0,6.69
147.0,243.0,6.68
147.0,244.0,5.73
147.0,247.0,3.15
147.0,248.0,3.65
147.0,250.0,5.89
147.0,252.0,10.36
147.0,253.0,10.8
147.0,254.0,10.22
147.0,259.0,12.64
147.0,260.0,11.12
147.0,262.0,8.33
147.0,263.0,8.35
148.0,4.0,1.7
148.0,7.0,10.1
148.0,8.0,11.56
148.0,12.0,3.61
148.0,13.0,2.98
148.0,14.0,14.48
148.0,17.0,6.09
148.0,24.0,12.53
148.0,25.0,4.92
148.0,26.0,12.92
148.0,33.0,3.43
148.0,34.0,3.44
148.0,35.0,12.07
148.0,36.0,8.58
148.0,37.0,8.41
148.0,40.0,5.86
148.0,41.0,13.3
148.0,43.0,9.75
148.0,45.0,1.25
148.0,48.0,6.36
148.0,49.0,5.55
148.0,50.0,6.97
148.0,52.0,4.79
148.0,54.0,4.85
148.0,61.0,8.7
148.0,62.0,9.01
148.0,63.0,13.57
148.0,65.0,3.51
148.0,66.0,2.52
148.0,67.0,14.8
148.0,68.0,4.45
148.0,71.0,12.44
148.0,72.0,12.41
148.0,74.0,13.48
148.0,75.0,11.59
148.0,77.0,13.12
148.0,79.0,1.39
148.0,80.0,6.05
148.0,82.0,13.02
148.0,83.0,11.35
148.0,85.0,11.55
148.0,87.0,2.57
148.0,88.0,3.24
148.0,89.0,12.35
148.0,90.0,3.49
148.0,96.0,13.67
148.0,97.0,4.5
148.0,100.0,5.08
148.0,102.0,13.02
148.0,103.0,7.41
148.0,104.0,6.29
148.0,105.0,5.43
148.0,106.0,6.67
148.0,107.0,2.74
148.0,111.0,9.81
148.0,112.0,4.86
148.0,113.0,2.04
148.0,114.0,1.56
148.0,125.0,2.14
148.0,129.0,13.04
148.0,133.0,11.62
148.0,137.0,3.54
148.0,140.0,7.94
148.0,141.0,7.87
148.0,142.0,8.1
148.0,143.0,8.39
148.0,144.0,0.73
148.0,145.0,6.08
148.0,146.0,8.12
148.0,148.0,0.0
148.0,151.0,11.89
148.0,157.0,9.89
148.0,158.0,3.11
148.0,160.0,12.34
148.0,161.0,5.93
148.0,162.0,5.92
148.0,163.0,6.85
148.0,164.0,4.4
148.0,165.0,14.88
148.0,166.0,13.69
148.0,170.0,4.45
148.0,177.0,10.61
148.0,179.0,10.41
148.0,181.0,7.21
148.0,186.0,4.35
148.0,188.0,10.07
148.0,189.0,6.6
148.0,190.0,8.76
148.0,193.0,8.16
148.0,194.0,12.91
148.0,195.0,6.69
148.0,196.0,14.24
148.0,198.0,10.09
148.0,202.0,7.79
148.0,207.0,12.15
148.0,209.0,2.03
148.0,211.0,1.39
148.0,217.0,4.22
148.0,223.0,12.82
148.0,224.0,2.47
148.0,225.0,7.97
148.0,226.0,7.87
148.0,227.0,11.41
148.0,228.0,10.03
148.0,229.0,6.25
148.0,230.0,6.05
148.0,231.0,1.9
148.0,232.0,1.07
148.0,233.0,5.09
148.0,234.0,3.14
148.0,236.0,9.79
148.0,237.0,7.82
148.0,238.0,10.88
148.0,239.0,9.65
148.0,246.0,5.26
148.0,249.0,2.66
148.0,255.0,3.73
148.0,256.0,3.65
148.0,257.0,9.7
148.0,260.0,10.12
148.0,261.0,2.85
148.0,262.0,9.72
148.0,263.0,9.85
149.0,2.0,13.12
149.0,6.0,13.78
149.0,11.0,6.61
149.0,14.0,9.56
149.0,17.0,12.71
149.0,21.0,3.97
149.0,22.0,5.35
149.0,25.0,12.57
149.0,26.0,5.91
149.0,27.0,8.13
149.0,29.0,3.81
149.0,30.0,14.05
149.0,33.0,14.33
149.0,34.0,14.31
149.0,35.0,9.64
149.0,36.0,14.43
149.0,37.0,13.53
149.0,39.0,7.25
149.0,40.0,12.13
149.0,49.0,12.29
149.0,52.0,13.16
149.0,54.0,13.53
149.0,55.0,6.04
149.0,61.0,10.25
149.0,62.0,9.04
149.0,63.0,13.95
149.0,65.0,13.92
149.0,66.0,14.88
149.0,67.0,7.62
149.0,71.0,5.88
149.0,72.0,7.53
149.0,76.0,11.43
149.0,77.0,10.78
149.0,85.0,6.06
149.0,89.0,5.04
149.0,91.0,3.72
149.0,97.0,12.95
149.0,105.0,14.62
149.0,106.0,11.12
149.0,108.0,4.43
149.0,111.0,8.36
149.0,123.0,1.94
149.0,124.0,13.9
149.0,133.0,6.09
149.0,149.0,0.0
149.0,150.0,3.62
149.0,154.0,5.34
149.0,155.0,3.92
149.0,165.0,2.54
149.0,177.0,11.2
149.0,178.0,3.07
149.0,181.0,10.29
149.0,188.0,7.9
149.0,189.0,10.89
149.0,190.0,8.63
149.0,195.0,12.39
149.0,201.0,12.3
149.0,210.0,2.07
149.0,217.0,14.57
149.0,221.0,14.13
149.0,222.0,9.62
149.0,225.0,12.35
149.0,227.0,8.31
149.0,228.0,9.89
149.0,257.0,7.88
150.0,2.0,13.59
150.0,6.0,14.56
150.0,11.0,7.92
150.0,14.0,11.6
150.0,21.0,5.4
150.0,22.0,7.4
150.0,26.0,8.94
150.0,27.0,5.15
150.0,29.0,1.96
150.0,30.0,13.97
150.0,35.0,12.8
150.0,39.0,9.75
150.0,55.0,4.96
150.0,61.0,13.8
150.0,62.0,12.64
150.0,67.0,9.69
150.0,71.0,9.38
150.0,72.0,10.81
150.0,76.0,13.95
150.0,77.0,13.72
150.0,85.0,9.67
150.0,89.0,8.64
150.0,91.0,6.88
150.0,106.0,14.62
150.0,108.0,4.37
150.0,111.0,11.72
150.0,123.0,3.67
150.0,133.0,9.53
150.0,149.0,3.62
150.0,150.0,0.0
150.0,154.0,4.95
150.0,155.0,5.91
150.0,165.0,6.11
150.0,177.0,14.5
150.0,178.0,6.17
150.0,181.0,13.84
150.0,188.0,11.49
150.0,189.0,14.5
150.0,190.0,12.23
150.0,201.0,11.16
150.0,210.0,1.73
150.0,222.0,11.96
150.0,227.0,11.28
150.0,228.0,12.95
150.0,257.0,11.39
151.0,4.0,10.95
151.0,7.0,7.61
151.0,8.0,5.77
151.0,12.0,14.93
151.0,13.0,13.71
151.0,18.0,13.44
151.0,20.0,12.7
151.0,24.0,0.66
151.0,31.0,13.56
151.0,34.0,14.27
151.0,41.0,2.1
151.0,42.0,4.27
151.0,43.0,2.29
151.0,45.0,13.0
151.0,47.0,10.02
151.0,48.0,5.78
151.0,50.0,5.55
151.0,53.0,14.18
151.0,56.0,14.74
151.0,57.0,14.45
151.0,59.0,10.1
151.0,60.0,10.58
151.0,66.0,14.2
151.0,68.0,8.09
151.0,69.0,7.69
151.0,70.0,12.22
151.0,74.0,3.46
151.0,75.0,2.76
151.0,78.0,11.51
151.0,79.0,10.53
151.0,80.0,12.63
151.0,82.0,13.29
151.0,83.0,12.18
151.0,87.0,14.09
151.0,88.0,14.72
151.0,90.0,8.79
151.0,94.0,11.7
151.0,100.0,6.93
151.0,107.0,9.16
151.0,112.0,10.27
151.0,113.0,10.04
151.0,114.0,10.74
151.0,116.0,4.8
151.0,119.0,7.5
151.0,120.0,8.32
151.0,125.0,11.41
151.0,126.0,9.43
151.0,127.0,11.4
151.0,128.0,11.99
151.0,129.0,10.99
151.0,136.0,12.09
151.0,137.0,8.51
151.0,138.0,11.08
151.0,140.0,5.0
151.0,141.0,4.66
151.0,142.0,3.87
151.0,143.0,3.89
151.0,144.0,11.77
151.0,145.0,8.02
151.0,146.0,7.42
151.0,147.0,8.34
151.0,148.0,11.89
151.0,151.0,0.0
151.0,152.0,3.35
151.0,153.0,13.16
151.0,157.0,13.11
151.0,158.0,10.3
151.0,159.0,6.84
151.0,161.0,5.97
151.0,162.0,6.09
151.0,163.0,5.04
151.0,164.0,7.5
151.0,166.0,1.83
151.0,167.0,8.52
151.0,168.0,5.88
151.0,169.0,10.28
151.0,170.0,7.47
151.0,173.0,13.47
151.0,179.0,5.89
151.0,182.0,13.59
151.0,186.0,7.76
151.0,193.0,6.25
151.0,194.0,4.96
151.0,199.0,9.57
151.0,202.0,5.68
151.0,207.0,9.15
151.0,209.0,13.65
151.0,211.0,11.5
151.0,212.0,11.82
151.0,213.0,12.59
151.0,217.0,13.86
151.0,220.0,13.98
151.0,223.0,7.61
151.0,224.0,9.77
151.0,226.0,10.09
151.0,229.0,6.07
151.0,230.0,5.88
151.0,231.0,12.59
151.0,232.0,12.34
151.0,233.0,7.07
151.0,234.0,8.83
151.0,235.0,9.91
151.0,236.0,2.86
151.0,237.0,4.32
151.0,238.0,1.07
151.0,239.0,2.37
151.0,241.0,14.1
151.0,242.0,14.92
151.0,243.0,9.55
151.0,244.0,7.09
151.0,246.0,7.68
151.0,247.0,6.68
151.0,248.0,11.93
151.0,249.0,10.09
151.0,250.0,14.22
151.0,255.0,11.69
151.0,256.0,12.83
151.0,260.0,10.48
151.0,261.0,13.98
151.0,262.0,4.04
151.0,263.0,3.41
152.0,3.0,13.67
152.0,4.0,14.09
152.0,7.0,9.13
152.0,8.0,6.73
152.0,18.0,10.18
152.0,20.0,9.56
152.0,24.0,2.69
152.0,31.0,10.5
152.0,32.0,11.99
152.0,41.0,2.03
152.0,42.0,1.45
152.0,43.0,5.38
152.0,47.0,6.98
152.0,48.0,9.12
152.0,50.0,8.89
152.0,53.0,13.5
152.0,57.0,14.8
152.0,59.0,7.21
152.0,60.0,7.92
152.0,68.0,11.44
152.0,69.0,4.75
152.0,70.0,12.44
152.0,74.0,3.08
152.0,75.0,4.21
152.0,78.0,8.57
152.0,79.0,13.76
152.0,82.0,14.35
152.0,83.0,13.57
152.0,90.0,12.12
152.0,94.0,8.45
152.0,100.0,10.25
152.0,107.0,12.4
152.0,112.0,13.01
152.0,113.0,13.34
152.0,114.0,14.04
152.0,116.0,1.45
152.0,119.0,4.24
152.0,120.0,4.97
152.0,125.0,14.74
152.0,126.0,7.65
152.0,127.0,8.05
152.0,128.0,8.65
152.0,129.0,11.73
152.0,136.0,8.76
152.0,137.0,11.68
152.0,138.0,10.99
152.0,140.0,7.72
152.0,141.0,7.53
152.0,142.0,7.21
152.0,143.0,7.24
152.0,145.0,10.69
152.0,146.0,9.6
152.0,147.0,6.11
152.0,151.0,3.35
152.0,152.0,0.0
152.0,153.0,9.81
152.0,157.0,14.95
152.0,158.0,13.65
152.0,159.0,4.56
152.0,161.0,9.21
152.0,162.0,9.25
152.0,163.0,8.31
152.0,164.0,10.78
152.0,166.0,1.54
152.0,167.0,5.89
152.0,168.0,4.4
152.0,169.0,7.09
152.0,170.0,10.68
152.0,173.0,13.95
152.0,174.0,12.04
152.0,179.0,7.39
152.0,182.0,11.05
152.0,183.0,14.36
152.0,185.0,12.29
152.0,186.0,11.08
152.0,193.0,8.58
152.0,194.0,5.13
152.0,199.0,8.85
152.0,200.0,13.09
152.0,202.0,8.26
152.0,207.0,9.99
152.0,208.0,14.52
152.0,211.0,14.82
152.0,212.0,9.48
152.0,213.0,10.65
152.0,220.0,10.63
152.0,223.0,8.03
152.0,224.0,12.92
152.0,226.0,12.24
152.0,229.0,9.09
152.0,230.0,9.2
152.0,233.0,10.18
152.0,234.0,12.12
152.0,235.0,6.6
152.0,236.0,5.53
152.0,237.0,7.38
152.0,238.0,4.42
152.0,239.0,5.72
152.0,240.0,13.82
152.0,241.0,10.78
152.0,242.0,12.24
152.0,243.0,6.21
152.0,244.0,3.75
152.0,246.0,11.03
152.0,247.0,3.65
152.0,248.0,9.38
152.0,249.0,13.42
152.0,250.0,11.89
152.0,254.0,14.17
152.0,255.0,14.58
152.0,260.0,12.06
152.0,262.0,6.24
152.0,263.0,5.77
153.0,3.0,7.21
153.0,8.0,14.4
153.0,18.0,2.56
153.0,20.0,3.82
153.0,24.0,12.5
153.0,31.0,4.72
153.0,32.0,5.36
153.0,41.0,11.48
153.0,42.0,9.14
153.0,46.0,14.83
153.0,47.0,5.02
153.0,51.0,9.15
153.0,58.0,11.23
153.0,59.0,5.77
153.0,60.0,6.75
153.0,69.0,6.58
153.0,74.0,11.41
153.0,75.0,13.25
153.0,78.0,5.34
153.0,81.0,8.24
153.0,94.0,2.89
153.0,116.0,8.36
153.0,119.0,5.88
153.0,120.0,4.84
153.0,126.0,9.8
153.0,127.0,1.76
153.0,128.0,1.64
153.0,136.0,1.65
153.0,147.0,8.38
153.0,151.0,13.16
153.0,152.0,9.81
153.0,153.0,0.0
153.0,159.0,8.5
153.0,166.0,11.34
153.0,167.0,7.19
153.0,168.0,10.12
153.0,169.0,4.0
153.0,174.0,3.49
153.0,182.0,8.1
153.0,183.0,9.62
153.0,184.0,11.47
153.0,185.0,6.99
153.0,194.0,12.6
153.0,199.0,12.86
153.0,200.0,3.49
153.0,208.0,12.39
153.0,212.0,8.4
153.0,213.0,10.34
153.0,220.0,0.95
153.0,223.0,14.51
153.0,235.0,3.51
153.0,236.0,14.98
153.0,238.0,14.23
153.0,240.0,4.19
153.0,241.0,1.64
153.0,242.0,7.91
153.0,243.0,3.74
153.0,244.0,6.11
153.0,247.0,7.09
153.0,248.0,7.47
153.0,250.0,9.43
153.0,254.0,5.8
153.0,259.0,7.24
153.0,263.0,15.0
154.0,2.0,8.63
154.0,11.0,11.78
154.0,14.0,14.89
154.0,21.0,9.08
154.0,22.0,10.67
154.0,26.0,11.04
154.0,27.0,5.07
154.0,29.0,6.78
154.0,30.0,9.1
154.0,35.0,10.37
154.0,39.0,6.53
154.0,55.0,9.81
154.0,61.0,12.55
154.0,62.0,11.87
154.0,63.0,13.52
154.0,67.0,12.95
154.0,71.0,8.42
154.0,72.0,8.9
154.0,76.0,10.29
154.0,77.0,10.74
154.0,85.0,9.44
154.0,89.0,9.19
154.0,91.0,5.69
154.0,108.0,8.81
154.0,111.0,13.0
154.0,117.0,12.58
154.0,123.0,6.94
154.0,124.0,11.45
154.0,133.0,10.71
154.0,149.0,5.34
154.0,150.0,4.95
154.0,154.0,0.0
154.0,155.0,3.39
154.0,165.0,7.25
154.0,177.0,12.25
154.0,178.0,8.3
154.0,180.0,13.53
154.0,181.0,14.28
154.0,188.0,10.78
154.0,189.0,14.3
154.0,190.0,12.41
154.0,201.0,6.97
154.0,210.0,4.23
154.0,222.0,8.23
154.0,225.0,14.26
154.0,227.0,13.39
154.0,228.0,14.86
154.0,257.0,12.16
154.0,258.0,14.9
155.0,2.0,9.35
155.0,11.0,10.38
155.0,14.0,12.85
155.0,17.0,11.93
155.0,21.0,7.84
155.0,22.0,8.91
155.0,25.0,13.07
155.0,26.0,8.51
155.0,27.0,8.18
155.0,29.0,7.11
155.0,30.0,10.51
155.0,33.0,14.87
155.0,34.0,14.11
155.0,35.0,7.27
155.0,36.0,12.61
155.0,37.0,11.82
155.0,39.0,3.85
155.0,40.0,13.06
155.0,49.0,11.97
155.0,52.0,13.93
155.0,54.0,14.45
155.0,55.0,9.79
155.0,61.0,9.18
155.0,62.0,8.49
155.0,63.0,10.97
155.0,65.0,14.23
155.0,67.0,10.99
155.0,71.0,5.04
155.0,72.0,5.6
155.0,76.0,8.03
155.0,77.0,7.94
155.0,80.0,14.98
155.0,85.0,6.14
155.0,89.0,6.13
155.0,91.0,2.38
155.0,96.0,13.04
155.0,97.0,13.0
155.0,102.0,13.78
155.0,106.0,12.05
155.0,108.0,8.31
155.0,111.0,10.0
155.0,117.0,14.31
155.0,123.0,5.87
155.0,124.0,10.12
155.0,133.0,7.78
155.0,149.0,3.92
155.0,150.0,5.91
155.0,154.0,3.39
155.0,155.0,0.0
155.0,165.0,4.72
155.0,177.0,9.11
155.0,178.0,6.14
155.0,180.0,11.74
155.0,181.0,11.01
155.0,188.0,7.4
155.0,189.0,10.93
155.0,190.0,9.12
155.0,195.0,13.76
155.0,198.0,13.58
155.0,201.0,9.63
155.0,210.0,4.34
155.0,216.0,13.98
155.0,217.0,13.97
155.0,222.0,6.06
155.0,225.0,10.95
155.0,227.0,10.72
155.0,228.0,12.04
155.0,256.0,14.98
155.0,257.0,9.03
155.0,258.0,12.74
156.0,1.0,8.91
156.0,5.0,11.77
156.0,6.0,11.56
156.0,23.0,3.67
156.0,99.0,8.28
156.0,109.0,11.79
156.0,110.0,13.26
156.0,115.0,9.05
156.0,118.0,7.59
156.0,156.0,0.0
156.0,172.0,11.14
156.0,176.0,11.31
156.0,187.0,2.98
156.0,204.0,14.08
156.0,206.0,7.31
156.0,214.0,11.2
156.0,221.0,10.57
156.0,245.0,7.17
156.0,251.0,5.12
157.0,4.0,8.31
157.0,7.0,5.84
157.0,8.0,8.34
157.0,9.0,13.34
157.0,10.0,14.05
157.0,12.0,12.98
157.0,13.0,12.78
157.0,17.0,7.13
157.0,24.0,13.44
157.0,25.0,10.9
157.0,28.0,10.58
157.0,33.0,11.14
157.0,34.0,8.38
157.0,35.0,8.85
157.0,36.0,3.85
157.0,37.0,4.8
157.0,39.0,12.62
157.0,40.0,12.32
157.0,41.0,13.01
157.0,42.0,14.5
157.0,43.0,11.11
157.0,45.0,10.8
157.0,48.0,11.25
157.0,49.0,8.52
157.0,50.0,12.05
157.0,52.0,11.85
157.0,53.0,10.67
157.0,54.0,12.43
157.0,56.0,5.47
157.0,57.0,6.79
157.0,61.0,8.36
157.0,62.0,9.89
157.0,63.0,6.48
157.0,65.0,10.23
157.0,66.0,9.81
157.0,68.0,11.44
157.0,70.0,6.91
157.0,71.0,12.36
157.0,72.0,10.75
157.0,73.0,11.47
157.0,74.0,11.99
157.0,75.0,10.84
157.0,76.0,9.68
157.0,77.0,8.47
157.0,79.0,9.32
157.0,80.0,4.04
157.0,82.0,3.61
157.0,83.0,2.39
157.0,85.0,12.68
157.0,87.0,11.98
157.0,88.0,12.53
157.0,89.0,14.22
157.0,90.0,10.87
157.0,91.0,14.67
157.0,92.0,9.83
157.0,93.0,7.27
157.0,95.0,6.1
157.0,96.0,5.24
157.0,97.0,9.43
157.0,98.0,14.01
157.0,100.0,10.56
157.0,102.0,4.22
157.0,105.0,13.99
157.0,106.0,12.31
157.0,107.0,9.29
157.0,111.0,14.39
157.0,112.0,5.32
157.0,113.0,10.32
157.0,114.0,10.6
157.0,121.0,11.14
157.0,124.0,11.58
157.0,125.0,11.71
157.0,126.0,13.08
157.0,129.0,5.25
157.0,130.0,12.4
157.0,131.0,14.06
157.0,133.0,14.75
157.0,134.0,8.52
157.0,135.0,9.05
157.0,137.0,8.6
157.0,138.0,8.06
157.0,140.0,8.44
157.0,141.0,8.97
157.0,142.0,11.44
157.0,143.0,12.19
157.0,144.0,10.54
157.0,145.0,6.06
157.0,146.0,5.73
157.0,147.0,14.07
157.0,148.0,9.89
157.0,151.0,13.11
157.0,152.0,14.95
157.0,157.0,0.0
157.0,158.0,11.98
157.0,159.0,13.91
157.0,160.0,2.62
157.0,161.0,9.77
157.0,162.0,9.16
157.0,163.0,10.27
157.0,164.0,9.9
157.0,166.0,14.2
157.0,168.0,12.36
157.0,170.0,9.17
157.0,171.0,12.21
157.0,173.0,6.06
157.0,177.0,7.07
157.0,179.0,7.57
157.0,180.0,9.4
157.0,181.0,11.81
157.0,186.0,10.66
157.0,188.0,10.82
157.0,189.0,9.96
157.0,190.0,11.78
157.0,192.0,10.12
157.0,193.0,6.93
157.0,194.0,10.15
157.0,195.0,13.86
157.0,196.0,4.35
157.0,197.0,9.05
157.0,198.0,2.57
157.0,199.0,10.11
157.0,202.0,7.69
157.0,207.0,5.89
157.0,209.0,11.49
157.0,211.0,11.04
157.0,213.0,14.65
157.0,215.0,13.14
157.0,216.0,11.6
157.0,217.0,6.92
157.0,222.0,11.44
157.0,223.0,7.86
157.0,224.0,8.35
157.0,225.0,6.21
157.0,226.0,3.2
157.0,229.0,8.49
157.0,230.0,10.52
157.0,231.0,11.79
157.0,232.0,9.09
157.0,233.0,8.48
157.0,234.0,10.1
157.0,236.0,10.29
157.0,237.0,9.63
157.0,238.0,12.69
157.0,239.0,12.24
157.0,246.0,12.11
157.0,249.0,11.3
157.0,252.0,13.49
157.0,253.0,8.67
157.0,255.0,6.18
157.0,256.0,6.69
157.0,257.0,13.33
157.0,258.0,7.33
157.0,260.0,3.01
157.0,261.0,12.51
157.0,262.0,9.08
157.0,263.0,9.7
158.0,4.0,3.93
158.0,7.0,10.67
158.0,8.0,11.5
158.0,12.0,4.77
158.0,13.0,3.47
158.0,17.0,9.17
158.0,24.0,10.97
158.0,25.0,7.69
158.0,33.0,5.96
158.0,34.0,6.55
158.0,36.0,11.35
158.0,37.0,11.31
158.0,40.0,8.33
158.0,41.0,12.04
158.0,42.0,14.4
158.0,43.0,8.48
158.0,45.0,3.53
158.0,48.0,4.53
158.0,49.0,8.64
158.0,50.0,4.84
158.0,52.0,7.24
158.0,54.0,7.06
158.0,61.0,11.8
158.0,62.0,12.09
158.0,65.0,6.36
158.0,66.0,5.47
158.0,68.0,2.21
158.0,74.0,12.57
158.0,75.0,10.72
158.0,79.0,2.79
158.0,80.0,8.54
158.0,82.0,14.69
158.0,83.0,13.01
158.0,85.0,14.53
158.0,87.0,4.15
158.0,88.0,4.66
158.0,90.0,1.71
158.0,97.0,7.53
158.0,100.0,3.52
158.0,103.0,7.77
158.0,104.0,6.39
158.0,105.0,6.88
158.0,106.0,9.26
158.0,107.0,2.79
158.0,111.0,12.35
158.0,112.0,6.67
158.0,113.0,1.67
158.0,114.0,1.62
158.0,125.0,1.3
158.0,129.0,14.15
158.0,133.0,14.34
158.0,137.0,3.7
158.0,140.0,7.52
158.0,141.0,7.22
158.0,142.0,6.44
158.0,143.0,6.47
158.0,144.0,2.47
158.0,145.0,6.86
158.0,146.0,8.72
158.0,148.0,3.11
158.0,151.0,10.3
158.0,152.0,13.65
158.0,157.0,11.98
158.0,158.0,0.0
158.0,160.0,14.56
158.0,161.0,4.85
158.0,162.0,5.17
158.0,163.0,5.56
158.0,164.0,3.32
158.0,166.0,12.14
158.0,168.0,14.77
158.0,170.0,3.87
158.0,177.0,13.65
158.0,179.0,10.46
158.0,181.0,9.98
158.0,186.0,2.7
158.0,188.0,13.13
158.0,189.0,9.61
158.0,190.0,11.67
158.0,193.0,8.33
158.0,194.0,12.49
158.0,195.0,8.74
158.0,198.0,12.65
158.0,202.0,7.67
158.0,207.0,12.92
158.0,209.0,3.86
158.0,211.0,1.84
158.0,217.0,7.24
158.0,223.0,13.11
158.0,224.0,3.64
158.0,225.0,11.0
158.0,226.0,9.39
158.0,227.0,13.68
158.0,228.0,12.14
158.0,229.0,5.83
158.0,230.0,4.57
158.0,231.0,2.54
158.0,232.0,4.15
158.0,233.0,4.82
158.0,234.0,2.2
158.0,236.0,8.83
158.0,237.0,6.9
158.0,238.0,9.24
158.0,239.0,7.94
158.0,246.0,2.74
158.0,249.0,0.68
158.0,255.0,6.22
158.0,256.0,6.51
158.0,257.0,12.44
158.0,260.0,11.51
158.0,261.0,3.83
158.0,262.0,9.19
158.0,263.0,9.11
159.0,3.0,9.96
159.0,7.0,8.38
159.0,8.0,5.95
159.0,18.0,7.7
159.0,20.0,6.54
159.0,24.0,6.33
159.0,31.0,7.15
159.0,32.0,8.59
159.0,41.0,4.74
159.0,42.0,3.11
159.0,43.0,7.88
159.0,47.0,3.86
159.0,48.0,11.89
159.0,50.0,11.93
159.0,51.0,12.49
159.0,53.0,9.54
159.0,56.0,12.8
159.0,57.0,11.79
159.0,58.0,10.84
159.0,59.0,3.59
159.0,60.0,3.79
159.0,68.0,14.12
159.0,69.0,1.95
159.0,70.0,9.47
159.0,74.0,3.71
159.0,75.0,5.54
159.0,78.0,4.97
159.0,81.0,12.53
159.0,82.0,12.24
159.0,83.0,11.97
159.0,90.0,14.58
159.0,92.0,12.57
159.0,93.0,13.94
159.0,94.0,6.05
159.0,100.0,12.73
159.0,107.0,14.36
159.0,112.0,13.67
159.0,116.0,4.17
159.0,119.0,3.24
159.0,120.0,4.6
159.0,126.0,3.17
159.0,127.0,7.07
159.0,128.0,8.07
159.0,129.0,9.47
159.0,136.0,6.96
159.0,137.0,13.46
159.0,138.0,7.79
159.0,140.0,9.05
159.0,141.0,9.17
159.0,142.0,10.08
159.0,143.0,10.39
159.0,145.0,11.44
159.0,146.0,9.72
159.0,147.0,1.56
159.0,151.0,6.84
159.0,152.0,4.56
159.0,153.0,8.5
159.0,157.0,13.91
159.0,159.0,0.0
159.0,161.0,11.43
159.0,162.0,11.22
159.0,163.0,10.7
159.0,164.0,13.03
159.0,166.0,5.6
159.0,167.0,1.79
159.0,168.0,1.66
159.0,169.0,4.61
159.0,170.0,12.68
159.0,171.0,13.64
159.0,173.0,11.14
159.0,174.0,9.45
159.0,179.0,7.08
159.0,182.0,6.75
159.0,183.0,10.13
159.0,184.0,13.81
159.0,185.0,8.4
159.0,186.0,13.55
159.0,193.0,9.12
159.0,194.0,4.22
159.0,196.0,14.62
159.0,199.0,5.22
159.0,200.0,11.98
159.0,202.0,9.26
159.0,207.0,8.12
159.0,208.0,9.97
159.0,212.0,5.01
159.0,213.0,6.09
159.0,220.0,9.44
159.0,223.0,6.06
159.0,224.0,14.55
159.0,226.0,11.92
159.0,229.0,10.76
159.0,230.0,11.7
159.0,233.0,11.92
159.0,234.0,14.35
159.0,235.0,5.05
159.0,236.0,7.42
159.0,237.0,9.37
159.0,238.0,7.76
159.0,239.0,8.89
159.0,240.0,11.75
159.0,241.0,8.78
159.0,242.0,8.09
159.0,243.0,6.13
159.0,244.0,4.69
159.0,246.0,13.93
159.0,247.0,2.04
159.0,248.0,5.09
159.0,250.0,7.43
159.0,252.0,11.69
159.0,253.0,11.63
159.0,254.0,11.15
159.0,259.0,13.53
159.0,260.0,10.91
159.0,262.0,7.27
159.0,263.0,7.2
160.0,4.0,10.82
160.0,7.0,7.73
160.0,8.0,10.06
160.0,9.0,11.32
160.0,10.0,11.48
160.0,15.0,14.17
160.0,16.0,13.54
160.0,17.0,8.72
160.0,25.0,12.75
160.0,28.0,8.0
160.0,33.0,13.24
160.0,34.0,10.47
160.0,35.0,8.66
160.0,36.0,4.94
160.0,37.0,5.81
160.0,39.0,11.99
160.0,40.0,14.12
160.0,41.0,14.92
160.0,43.0,13.4
160.0,45.0,13.18
160.0,48.0,13.82
160.0,49.0,10.19
160.0,50.0,14.62
160.0,52.0,13.8
160.0,53.0,10.09
160.0,54.0,14.42
160.0,56.0,4.13
160.0,57.0,5.73
160.0,61.0,9.22
160.0,62.0,10.79
160.0,63.0,5.07
160.0,65.0,12.28
160.0,66.0,12.0
160.0,68.0,14.06
160.0,70.0,6.74
160.0,71.0,12.64
160.0,72.0,10.76
160.0,73.0,9.65
160.0,74.0,13.74
160.0,75.0,12.82
160.0,76.0,8.43
160.0,77.0,7.79
160.0,79.0,11.87
160.0,80.0,6.33
160.0,82.0,3.13
160.0,83.0,3.23
160.0,85.0,13.26
160.0,87.0,14.29
160.0,88.0,14.8
160.0,89.0,14.85
160.0,90.0,13.48
160.0,91.0,14.62
160.0,92.0,8.48
160.0,93.0,5.46
160.0,95.0,3.63
160.0,96.0,3.27
160.0,97.0,11.31
160.0,98.0,11.69
160.0,100.0,13.16
160.0,102.0,2.22
160.0,106.0,13.96
160.0,107.0,11.89
160.0,112.0,7.91
160.0,113.0,12.89
160.0,114.0,13.14
160.0,121.0,8.76
160.0,122.0,13.29
160.0,124.0,9.65
160.0,125.0,14.23
160.0,126.0,13.79
160.0,129.0,5.76
160.0,130.0,9.8
160.0,131.0,11.58
160.0,132.0,14.77
160.0,134.0,5.91
160.0,135.0,6.72
160.0,137.0,11.22
160.0,138.0,8.27
160.0,140.0,10.82
160.0,141.0,11.38
160.0,142.0,13.92
160.0,143.0,14.67
160.0,144.0,13.01
160.0,145.0,8.63
160.0,146.0,8.06
160.0,148.0,12.34
160.0,157.0,2.62
160.0,158.0,14.56
160.0,160.0,0.0
160.0,161.0,12.34
160.0,162.0,11.72
160.0,163.0,12.79
160.0,164.0,12.52
160.0,168.0,13.71
160.0,170.0,11.78
160.0,171.0,10.75
160.0,173.0,5.38
160.0,175.0,14.41
160.0,177.0,7.17
160.0,179.0,9.49
160.0,180.0,7.27
160.0,181.0,13.3
160.0,186.0,13.27
160.0,188.0,11.52
160.0,189.0,11.43
160.0,190.0,12.93
160.0,192.0,8.12
160.0,193.0,9.25
160.0,194.0,11.77
160.0,196.0,2.19
160.0,197.0,6.49
160.0,198.0,2.97
160.0,199.0,10.7
160.0,202.0,10.08
160.0,205.0,13.61
160.0,207.0,7.04
160.0,209.0,13.83
160.0,211.0,13.55
160.0,213.0,14.83
160.0,215.0,10.52
160.0,216.0,9.16
160.0,217.0,9.0
160.0,218.0,13.71
160.0,222.0,10.4
160.0,223.0,9.13
160.0,224.0,10.93
160.0,225.0,7.27
160.0,226.0,5.72
160.0,229.0,11.02
160.0,230.0,13.1
160.0,231.0,14.23
160.0,232.0,11.48
160.0,233.0,11.08
160.0,234.0,12.71
160.0,236.0,12.52
160.0,237.0,12.06
160.0,238.0,14.95
160.0,239.0,14.61
160.0,246.0,14.72
160.0,249.0,13.88
160.0,252.0,12.52
160.0,253.0,7.57
160.0,255.0,8.61
160.0,256.0,8.96
160.0,257.0,14.46
160.0,258.0,5.12
160.0,260.0,4.8
160.0,261.0,14.86
160.0,262.0,11.24
160.0,263.0,11.88
161.0,4.0,5.04
161.0,7.0,6.48
161.0,8.0,6.79
161.0,12.0,9.12
161.0,13.0,7.99
161.0,17.0,10.25
161.0,24.0,6.6
161.0,25.0,10.67
161.0,33.0,9.35
161.0,34.0,8.43
161.0,36.0,10.77
161.0,37.0,11.13
161.0,40.0,11.76
161.0,41.0,7.42
161.0,42.0,9.76
161.0,43.0,3.84
161.0,45.0,7.07
161.0,48.0,1.49
161.0,49.0,10.43
161.0,50.0,2.29
161.0,52.0,10.7
161.0,54.0,10.78
161.0,56.0,13.45
161.0,57.0,13.85
161.0,59.0,15.0
161.0,61.0,13.0
161.0,62.0,13.82
161.0,65.0,9.26
161.0,66.0,8.24
161.0,68.0,2.85
161.0,69.0,12.85
161.0,70.0,12.19
161.0,74.0,7.77
161.0,75.0,5.89
161.0,79.0,4.56
161.0,80.0,7.75
161.0,82.0,11.52
161.0,83.0,9.95
161.0,87.0,8.22
161.0,88.0,8.87
161.0,90.0,3.16
161.0,96.0,14.83
161.0,97.0,9.88
161.0,100.0,1.4
161.0,102.0,13.89
161.0,103.0,12.52
161.0,104.0,11.18
161.0,105.0,11.17
161.0,106.0,12.5
161.0,107.0,3.19
161.0,112.0,5.23
161.0,113.0,4.17
161.0,114.0,4.88
161.0,116.0,10.65
161.0,119.0,13.06
161.0,120.0,14.07
161.0,125.0,5.72
161.0,126.0,12.98
161.0,129.0,10.28
161.0,137.0,2.59
161.0,138.0,11.83
161.0,140.0,2.78
161.0,141.0,2.4
161.0,142.0,2.33
161.0,143.0,2.86
161.0,144.0,5.86
161.0,145.0,3.71
161.0,146.0,4.8
161.0,147.0,12.61
161.0,148.0,5.93
161.0,151.0,5.97
161.0,152.0,9.21
161.0,157.0,9.77
161.0,158.0,4.85
161.0,159.0,11.43
161.0,160.0,12.34
161.0,161.0,0.0
161.0,162.0,0.63
161.0,163.0,0.94
161.0,164.0,1.62
161.0,166.0,7.77
161.0,167.0,13.22
161.0,168.0,9.92
161.0,170.0,1.51
161.0,173.0,12.79
161.0,177.0,13.92
161.0,179.0,5.84
161.0,181.0,12.88
161.0,186.0,2.16
161.0,188.0,14.96
161.0,189.0,11.86
161.0,190.0,14.19
161.0,193.0,3.99
161.0,194.0,7.64
161.0,195.0,12.61
161.0,196.0,13.56
161.0,198.0,11.35
161.0,199.0,11.65
161.0,202.0,3.14
161.0,207.0,8.77
161.0,209.0,7.75
161.0,211.0,5.67
161.0,217.0,8.23
161.0,223.0,8.54
161.0,224.0,3.85
161.0,225.0,11.46
161.0,226.0,6.62
161.0,229.0,1.41
161.0,230.0,0.77
161.0,231.0,6.8
161.0,232.0,6.39
161.0,233.0,1.44
161.0,234.0,2.96
161.0,236.0,4.02
161.0,237.0,2.06
161.0,238.0,4.98
161.0,239.0,3.81
161.0,244.0,12.95
161.0,246.0,3.01
161.0,247.0,12.0
161.0,249.0,4.44
161.0,255.0,6.19
161.0,256.0,7.2
161.0,260.0,8.2
161.0,261.0,8.19
161.0,262.0,4.36
161.0,263.0,4.26
162.0,4.0,4.87
162.0,7.0,5.9
162.0,8.0,6.36
162.0,12.0,9.24
162.0,13.0,8.17
162.0,17.0,9.89
162.0,24.0,6.7
162.0,25.0,10.55
162.0,33.0,9.3
162.0,34.0,8.2
162.0,36.0,10.25
162.0,37.0,10.64
162.0,40.0,11.68
162.0,41.0,7.39
162.0,42.0,9.71
162.0,43.0,3.87
162.0,45.0,7.1
162.0,47.0,14.98
162.0,48.0,2.11
162.0,49.0,10.15
162.0,50.0,2.9
162.0,52.0,10.64
162.0,53.0,14.85
162.0,54.0,10.76
162.0,56.0,12.83
162.0,57.0,13.24
162.0,59.0,14.8
162.0,60.0,14.89
162.0,61.0,12.62
162.0,62.0,13.5
162.0,63.0,14.98
162.0,65.0,9.14
162.0,66.0,8.13
162.0,68.0,3.3
162.0,69.0,12.71
162.0,70.0,11.61
162.0,74.0,7.61
162.0,75.0,5.72
162.0,79.0,4.53
162.0,80.0,7.25
162.0,82.0,10.9
162.0,83.0,9.32
162.0,87.0,8.31
162.0,88.0,8.97
162.0,90.0,3.46
162.0,93.0,14.82
162.0,95.0,14.81
162.0,96.0,14.24
162.0,97.0,9.68
162.0,100.0,1.89
162.0,102.0,13.29
162.0,103.0,12.74
162.0,104.0,11.42
162.0,105.0,11.25
162.0,106.0,12.38
162.0,107.0,3.2
162.0,112.0,4.73
162.0,113.0,4.3
162.0,114.0,5.01
162.0,116.0,10.68
162.0,119.0,12.99
162.0,120.0,14.04
162.0,125.0,5.94
162.0,126.0,12.64
162.0,129.0,9.69
162.0,137.0,2.43
162.0,138.0,11.29
162.0,140.0,2.35
162.0,141.0,2.07
162.0,142.0,2.69
162.0,143.0,3.31
162.0,144.0,5.93
162.0,145.0,3.1
162.0,146.0,4.19
162.0,147.0,12.35
162.0,148.0,5.92
162.0,151.0,6.09
162.0,152.0,9.25
162.0,157.0,9.16
162.0,158.0,5.17
162.0,159.0,11.22
162.0,160.0,11.72
162.0,161.0,0.63
162.0,162.0,0.0
162.0,163.0,1.28
162.0,164.0,1.86
162.0,166.0,7.85
162.0,167.0,13.01
162.0,168.0,9.68
162.0,170.0,1.48
162.0,173.0,12.18
162.0,177.0,13.45
162.0,179.0,5.37
162.0,181.0,12.72
162.0,186.0,2.54
162.0,188.0,14.65
162.0,189.0,11.62
162.0,190.0,13.97
162.0,193.0,3.42
162.0,194.0,7.33
162.0,195.0,12.6
162.0,196.0,12.94
162.0,198.0,10.78
162.0,199.0,11.2
162.0,202.0,2.61
162.0,207.0,8.2
162.0,209.0,7.82
162.0,211.0,5.81
162.0,217.0,7.9
162.0,223.0,8.05
162.0,224.0,3.68
162.0,225.0,11.03
162.0,226.0,6.0
162.0,229.0,0.8
162.0,230.0,1.4
162.0,231.0,6.95
162.0,232.0,6.28
162.0,233.0,1.02
162.0,234.0,3.14
162.0,236.0,3.89
162.0,237.0,1.91
162.0,238.0,5.15
162.0,239.0,4.07
162.0,244.0,12.97
162.0,246.0,3.56
162.0,247.0,11.9
162.0,249.0,4.7
162.0,253.0,14.61
162.0,255.0,5.81
162.0,256.0,6.87
162.0,260.0,7.58
162.0,261.0,8.32
162.0,262.0,4.03
162.0,263.0,4.02
163.0,4.0,5.98
163.0,7.0,6.46
163.0,8.0,6.41
163.0,12.0,9.97
163.0,13.0,8.81
163.0,17.0,11.14
163.0,24.0,5.68
163.0,25.0,11.61
163.0,33.0,10.27
163.0,34.0,9.37
163.0,36.0,11.51
163.0,37.0,11.91
163.0,40.0,12.68
163.0,41.0,6.56
163.0,42.0,8.91
163.0,43.0,2.97
163.0,45.0,7.97
163.0,47.0,14.38
163.0,48.0,1.4
163.0,49.0,11.36
163.0,50.0,1.97
163.0,52.0,11.62
163.0,54.0,11.69
163.0,56.0,13.64
163.0,57.0,13.93
163.0,59.0,14.26
163.0,60.0,14.45
163.0,61.0,13.88
163.0,62.0,14.73
163.0,65.0,10.19
163.0,66.0,9.18
163.0,68.0,3.42
163.0,69.0,12.06
163.0,70.0,12.15
163.0,74.0,7.02
163.0,75.0,5.17
163.0,79.0,5.49
163.0,80.0,8.52
163.0,82.0,11.77
163.0,83.0,10.25
163.0,87.0,9.1
163.0,88.0,9.73
163.0,90.0,3.91
163.0,97.0,10.82
163.0,100.0,2.03
163.0,102.0,14.44
163.0,103.0,13.3
163.0,104.0,11.94
163.0,105.0,12.03
163.0,106.0,13.43
163.0,107.0,4.12
163.0,112.0,6.0
163.0,113.0,5.04
163.0,114.0,5.74
163.0,116.0,9.76
163.0,119.0,12.22
163.0,120.0,13.2
163.0,125.0,6.52
163.0,126.0,12.41
163.0,129.0,10.32
163.0,137.0,3.53
163.0,138.0,11.66
163.0,140.0,2.55
163.0,141.0,2.03
163.0,142.0,1.42
163.0,143.0,2.03
163.0,144.0,6.75
163.0,145.0,4.25
163.0,146.0,4.99
163.0,147.0,11.94
163.0,148.0,6.85
163.0,151.0,5.04
163.0,152.0,8.31
163.0,157.0,10.27
163.0,158.0,5.56
163.0,159.0,10.7
163.0,160.0,12.79
163.0,161.0,0.94
163.0,162.0,1.28
163.0,163.0,0.0
163.0,164.0,2.48
163.0,166.0,6.85
163.0,167.0,12.5
163.0,168.0,9.25
163.0,169.0,14.83
163.0,170.0,2.45
163.0,173.0,12.87
163.0,177.0,14.73
163.0,179.0,5.58
163.0,181.0,13.82
163.0,186.0,2.87
163.0,189.0,12.8
163.0,193.0,4.01
163.0,194.0,7.07
163.0,195.0,13.52
163.0,196.0,13.9
163.0,198.0,11.99
163.0,199.0,11.27
163.0,202.0,3.1
163.0,207.0,8.71
163.0,209.0,8.63
163.0,211.0,6.53
163.0,217.0,9.14
163.0,223.0,8.26
163.0,224.0,4.79
163.0,225.0,12.3
163.0,226.0,7.08
163.0,229.0,1.79
163.0,230.0,1.0
163.0,231.0,7.64
163.0,232.0,7.33
163.0,233.0,2.27
163.0,234.0,3.82
163.0,235.0,14.66
163.0,236.0,3.28
163.0,237.0,1.46
163.0,238.0,4.04
163.0,239.0,2.87
163.0,243.0,14.51
163.0,244.0,12.06
163.0,246.0,3.37
163.0,247.0,11.19
163.0,249.0,5.21
163.0,255.0,7.07
163.0,256.0,8.11
163.0,260.0,8.47
163.0,261.0,9.03
163.0,262.0,3.85
163.0,263.0,3.63
164.0,4.0,3.76
164.0,7.0,7.53
164.0,8.0,8.2
164.0,12.0,7.51
164.0,13.0,6.38
164.0,17.0,9.25
164.0,24.0,8.15
164.0,25.0,9.24
164.0,33.0,7.83
164.0,34.0,7.18
164.0,35.0,14.96
164.0,36.0,10.3
164.0,37.0,10.53
164.0,40.0,10.26
164.0,41.0,9.02
164.0,42.0,11.37
164.0,43.0,5.44
164.0,45.0,5.5
164.0,48.0,2.08
164.0,49.0,9.26
164.0,50.0,2.82
164.0,52.0,9.19
164.0,54.0,9.23
164.0,56.0,14.1
164.0,57.0,14.65
164.0,61.0,12.02
164.0,62.0,12.71
164.0,65.0,7.82
164.0,66.0,6.8
164.0,68.0,1.64
164.0,69.0,14.47
164.0,70.0,13.18
164.0,74.0,9.39
164.0,75.0,7.51
164.0,79.0,3.08
164.0,80.0,7.26
164.0,82.0,12.1
164.0,83.0,10.46
164.0,87.0,6.62
164.0,88.0,7.26
164.0,90.0,1.61
164.0,96.0,14.74
164.0,97.0,8.56
164.0,100.0,0.83
164.0,102.0,13.86
164.0,103.0,10.92
164.0,104.0,9.58
164.0,105.0,9.56
164.0,106.0,11.04
164.0,107.0,1.73
164.0,111.0,14.17
164.0,112.0,4.85
164.0,113.0,2.56
164.0,114.0,3.27
164.0,116.0,12.23
164.0,119.0,14.68
164.0,125.0,4.11
164.0,126.0,14.5
164.0,129.0,11.19
164.0,137.0,1.54
164.0,138.0,12.98
164.0,140.0,4.2
164.0,141.0,3.92
164.0,142.0,3.7
164.0,143.0,4.04
164.0,144.0,4.27
164.0,145.0,4.06
164.0,146.0,5.66
164.0,147.0,14.19
164.0,148.0,4.4
164.0,151.0,7.5
164.0,152.0,10.78
164.0,157.0,9.9
164.0,158.0,3.32
164.0,159.0,13.03
164.0,160.0,12.52
164.0,161.0,1.62
164.0,162.0,1.86
164.0,163.0,2.48
164.0,164.0,0.0
164.0,166.0,9.32
164.0,167.0,14.82
164.0,168.0,11.51
164.0,170.0,0.75
164.0,173.0,13.61
164.0,177.0,13.23
164.0,179.0,7.17
164.0,181.0,11.49
164.0,186.0,0.81
164.0,188.0,13.84
164.0,189.0,10.6
164.0,190.0,12.9
164.0,193.0,5.1
164.0,194.0,9.18
164.0,195.0,11.05
164.0,196.0,13.95
164.0,198.0,11.16
164.0,199.0,13.01
164.0,202.0,4.38
164.0,207.0,9.82
164.0,209.0,6.16
164.0,211.0,4.06
164.0,217.0,7.2
164.0,223.0,9.84
164.0,224.0,2.64
164.0,225.0,10.67
164.0,226.0,6.92
164.0,228.0,14.42
164.0,229.0,2.53
164.0,230.0,1.66
164.0,231.0,5.18
164.0,232.0,4.98
164.0,233.0,1.65
164.0,234.0,1.35
164.0,236.0,5.63
164.0,237.0,3.66
164.0,238.0,6.48
164.0,239.0,5.25
164.0,244.0,14.54
164.0,246.0,2.21
164.0,247.0,13.62
164.0,249.0,2.85
164.0,255.0,5.35
164.0,256.0,6.21
164.0,257.0,13.97
164.0,260.0,8.8
164.0,261.0,6.57
164.0,262.0,5.89
164.0,263.0,5.84
165.0,2.0,13.99
165.0,6.0,13.15
165.0,11.0,6.15
165.0,12.0,13.7
165.0,13.0,14.91
165.0,14.0,8.15
165.0,17.0,10.39
165.0,21.0,4.12
165.0,22.0,4.46
165.0,25.0,10.04
165.0,26.0,3.84
165.0,27.0,10.63
165.0,29.0,5.89
165.0,33.0,11.79
165.0,34.0,11.84
165.0,35.0,8.17
165.0,36.0,12.47
165.0,37.0,11.53
165.0,39.0,6.83
165.0,40.0,9.6
165.0,45.0,14.2
165.0,49.0,9.86
165.0,52.0,10.62
165.0,54.0,11.0
165.0,55.0,7.32
165.0,61.0,8.09
165.0,62.0,6.75
165.0,63.0,12.72
165.0,65.0,11.39
165.0,66.0,12.36
165.0,67.0,6.35
165.0,71.0,4.02
165.0,72.0,6.01
165.0,76.0,10.67
165.0,77.0,9.57
165.0,80.0,14.04
165.0,85.0,3.74
165.0,87.0,13.81
165.0,88.0,13.54
165.0,89.0,2.53
165.0,91.0,3.08
165.0,96.0,14.65
165.0,97.0,10.45
165.0,103.0,14.12
165.0,104.0,14.76
165.0,105.0,12.13
165.0,106.0,8.59
165.0,108.0,5.5
165.0,111.0,5.9
165.0,115.0,14.59
165.0,123.0,3.19
165.0,124.0,13.61
165.0,133.0,3.6
165.0,148.0,14.88
165.0,149.0,2.54
165.0,150.0,6.11
165.0,154.0,7.25
165.0,155.0,4.72
165.0,165.0,0.0
165.0,177.0,9.48
165.0,178.0,1.59
165.0,180.0,14.62
165.0,181.0,7.75
165.0,188.0,5.65
165.0,189.0,8.41
165.0,190.0,6.12
165.0,195.0,9.91
165.0,198.0,13.98
165.0,201.0,14.1
165.0,209.0,13.95
165.0,210.0,4.61
165.0,217.0,12.18
165.0,221.0,13.01
165.0,222.0,9.16
165.0,225.0,10.25
165.0,227.0,6.15
165.0,228.0,7.62
165.0,232.0,14.07
165.0,255.0,14.37
165.0,256.0,13.21
165.0,257.0,5.34
165.0,261.0,14.38
166.0,4.0,12.71
166.0,7.0,8.47
166.0,8.0,6.26
166.0,18.0,11.7
166.0,20.0,11.04
166.0,24.0,1.18
166.0,31.0,11.95
166.0,32.0,13.44
166.0,41.0,1.39
166.0,42.0,2.67
166.0,43.0,3.99
166.0,45.0,14.82
166.0,47.0,8.41
166.0,48.0,7.61
166.0,50.0,7.36
166.0,53.0,13.89
166.0,57.0,14.73
166.0,59.0,8.58
166.0,60.0,9.18
166.0,68.0,9.93
166.0,69.0,6.12
166.0,70.0,12.41
166.0,74.0,2.98
166.0,75.0,3.37
166.0,78.0,9.97
166.0,79.0,12.33
166.0,80.0,14.1
166.0,82.0,13.95
166.0,83.0,13.01
166.0,90.0,10.62
166.0,94.0,9.97
166.0,100.0,8.76
166.0,107.0,10.96
166.0,112.0,11.83
166.0,113.0,11.87
166.0,114.0,12.56
166.0,116.0,2.97
166.0,119.0,5.76
166.0,120.0,6.51
166.0,125.0,13.24
166.0,126.0,8.49
166.0,127.0,9.58
166.0,128.0,10.15
166.0,129.0,11.45
166.0,136.0,10.3
166.0,137.0,10.28
166.0,138.0,11.08
166.0,140.0,6.51
166.0,141.0,6.25
166.0,142.0,5.71
166.0,143.0,5.71
166.0,144.0,13.59
166.0,145.0,9.53
166.0,146.0,8.65
166.0,147.0,7.15
166.0,148.0,13.69
166.0,151.0,1.83
166.0,152.0,1.54
166.0,153.0,11.34
166.0,157.0,14.2
166.0,158.0,12.14
166.0,159.0,5.6
166.0,161.0,7.77
166.0,162.0,7.85
166.0,163.0,6.85
166.0,164.0,9.32
166.0,166.0,0.0
166.0,167.0,7.13
166.0,168.0,5.01
166.0,169.0,8.58
166.0,170.0,9.26
166.0,173.0,13.81
166.0,174.0,13.57
166.0,179.0,6.7
166.0,182.0,12.28
166.0,185.0,13.66
166.0,186.0,9.59
166.0,193.0,7.55
166.0,194.0,4.95
166.0,199.0,9.21
166.0,200.0,14.59
166.0,202.0,7.11
166.0,207.0,9.64
166.0,211.0,13.33
166.0,212.0,10.6
166.0,213.0,11.6
166.0,220.0,12.15
166.0,223.0,7.84
166.0,224.0,11.53
166.0,226.0,11.33
166.0,229.0,7.76
166.0,230.0,7.71
166.0,231.0,14.42
166.0,232.0,14.12
166.0,233.0,8.81
166.0,234.0,10.65
166.0,235.0,8.13
166.0,236.0,4.3
166.0,237.0,6.02
166.0,238.0,2.9
166.0,239.0,4.19
166.0,241.0,12.31
166.0,242.0,13.53
166.0,243.0,7.72
166.0,244.0,5.26
166.0,246.0,9.5
166.0,247.0,5.05
166.0,248.0,10.6
166.0,249.0,11.92
166.0,250.0,13.03
166.0,255.0,13.33
166.0,256.0,14.49
166.0,260.0,11.4
166.0,262.0,5.21
166.0,263.0,4.67
167.0,3.0,8.18
167.0,7.0,9.9
167.0,8.0,7.56
167.0,15.0,14.49
167.0,18.0,6.06
167.0,20.0,4.82
167.0,24.0,7.97
167.0,31.0,5.36
167.0,32.0,6.8
167.0,41.0,6.43
167.0,42.0,4.49
167.0,43.0,9.66
167.0,46.0,13.77
167.0,47.0,2.25
167.0,48.0,13.67
167.0,50.0,13.71
167.0,51.0,10.71
167.0,53.0,9.53
167.0,56.0,13.55
167.0,57.0,12.38
167.0,58.0,9.35
167.0,59.0,1.82
167.0,60.0,2.06
167.0,69.0,1.52
167.0,70.0,10.16
167.0,74.0,5.49
167.0,75.0,7.33
167.0,78.0,3.18
167.0,81.0,10.74
167.0,82.0,13.24
167.0,83.0,13.16
167.0,92.0,12.74
167.0,93.0,14.49
167.0,94.0,4.52
167.0,100.0,14.52
167.0,116.0,5.14
167.0,119.0,3.05
167.0,120.0,4.19
167.0,126.0,2.94
167.0,127.0,5.98
167.0,128.0,7.04
167.0,129.0,10.49
167.0,136.0,5.57
167.0,138.0,8.44
167.0,140.0,10.83
167.0,141.0,10.95
167.0,142.0,11.85
167.0,143.0,12.15
167.0,145.0,13.14
167.0,146.0,11.36
167.0,147.0,1.21
167.0,151.0,8.52
167.0,152.0,5.89
167.0,153.0,7.19
167.0,159.0,1.79
167.0,161.0,13.22
167.0,162.0,13.01
167.0,163.0,12.5
167.0,164.0,14.82
167.0,166.0,7.13
167.0,167.0,0.0
167.0,168.0,3.38
167.0,169.0,3.19
167.0,170.0,14.47
167.0,171.0,13.51
167.0,173.0,11.86
167.0,174.0,7.75
167.0,179.0,8.72
167.0,182.0,5.16
167.0,183.0,8.5
167.0,184.0,12.11
167.0,185.0,6.65
167.0,193.0,10.82
167.0,194.0,5.91
167.0,199.0,5.78
167.0,200.0,10.61
167.0,202.0,11.01
167.0,207.0,9.35
167.0,208.0,8.79
167.0,212.0,3.64
167.0,213.0,5.12
167.0,220.0,8.13
167.0,223.0,7.37
167.0,226.0,13.44
167.0,229.0,12.54
167.0,230.0,13.49
167.0,233.0,13.7
167.0,235.0,3.98
167.0,236.0,9.22
167.0,237.0,11.16
167.0,238.0,9.47
167.0,239.0,10.64
167.0,240.0,10.13
167.0,241.0,7.25
167.0,242.0,6.41
167.0,243.0,5.52
167.0,244.0,4.82
167.0,247.0,2.46
167.0,248.0,3.49
167.0,250.0,6.02
167.0,252.0,11.25
167.0,253.0,11.96
167.0,254.0,9.38
167.0,259.0,11.77
167.0,260.0,12.25
167.0,262.0,9.04
167.0,263.0,8.99
168.0,3.0,11.42
168.0,4.0,13.99
168.0,7.0,6.75
168.0,8.0,4.29
168.0,15.0,14.99
168.0,18.0,9.36
168.0,20.0,8.18
168.0,24.0,5.47
168.0,31.0,8.73
168.0,32.0,10.14
168.0,41.0,3.86
168.0,42.0,3.11
168.0,43.0,6.54
168.0,47.0,5.52
168.0,48.0,10.49
168.0,50.0,10.61
168.0,51.0,13.9
168.0,53.0,9.11
168.0,56.0,11.65
168.0,57.0,10.78
168.0,58.0,11.85
168.0,59.0,5.19
168.0,60.0,5.22
168.0,68.0,12.67
168.0,69.0,3.55
168.0,70.0,8.42
168.0,73.0,14.49
168.0,74.0,2.46
168.0,75.0,4.11
168.0,78.0,6.54
168.0,79.0,14.02
168.0,80.0,13.7
168.0,81.0,14.03
168.0,82.0,10.91
168.0,83.0,10.51
168.0,90.0,13.08
168.0,92.0,11.92
168.0,93.0,12.94
168.0,94.0,7.72
168.0,95.0,14.79
168.0,100.0,11.26
168.0,107.0,12.79
168.0,112.0,12.01
168.0,113.0,13.97
168.0,114.0,14.67
168.0,116.0,4.56
168.0,119.0,4.6
168.0,120.0,5.97
168.0,126.0,3.55
168.0,127.0,8.65
168.0,128.0,9.61
168.0,129.0,8.15
168.0,136.0,8.61
168.0,137.0,11.87
168.0,138.0,6.83
168.0,140.0,7.46
168.0,141.0,7.62
168.0,142.0,8.74
168.0,143.0,9.14
168.0,145.0,9.78
168.0,146.0,8.06
168.0,147.0,2.69
168.0,151.0,5.88
168.0,152.0,4.4
168.0,153.0,10.12
168.0,157.0,12.36
168.0,158.0,14.77
168.0,159.0,1.66
168.0,160.0,13.71
168.0,161.0,9.92
168.0,162.0,9.68
168.0,163.0,9.25
168.0,164.0,11.51
168.0,166.0,5.01
168.0,167.0,3.38
168.0,168.0,0.0
168.0,169.0,6.27
168.0,170.0,11.13
168.0,171.0,13.25
168.0,173.0,10.03
168.0,174.0,11.1
168.0,179.0,5.41
168.0,182.0,7.93
168.0,183.0,11.31
168.0,185.0,9.81
168.0,186.0,12.07
168.0,192.0,14.67
168.0,193.0,7.46
168.0,194.0,2.55
168.0,196.0,13.34
168.0,198.0,14.91
168.0,199.0,4.49
168.0,200.0,13.61
168.0,202.0,7.63
168.0,207.0,6.67
168.0,208.0,10.65
168.0,212.0,6.06
168.0,213.0,6.71
168.0,220.0,11.07
168.0,223.0,4.58
168.0,224.0,12.94
168.0,226.0,10.27
168.0,229.0,9.18
168.0,230.0,10.25
168.0,233.0,10.34
168.0,234.0,12.81
168.0,235.0,6.65
168.0,236.0,5.97
168.0,237.0,7.87
168.0,238.0,6.67
168.0,239.0,7.69
168.0,240.0,13.41
168.0,241.0,10.45
168.0,242.0,9.37
168.0,243.0,7.53
168.0,244.0,5.75
168.0,246.0,12.54
168.0,247.0,3.29
168.0,248.0,6.34
168.0,249.0,14.36
168.0,250.0,8.42
168.0,252.0,11.61
168.0,253.0,10.86
168.0,254.0,12.76
168.0,255.0,13.78
168.0,256.0,14.97
168.0,260.0,9.35
168.0,262.0,5.68
168.0,263.0,5.67
169.0,3.0,6.81
169.0,7.0,12.98
169.0,8.0,10.56
169.0,18.0,3.21
169.0,20.0,2.5
169.0,24.0,9.65
169.0,31.0,3.54
169.0,32.0,4.99
169.0,41.0,8.35
169.0,42.0,6.02
169.0,43.0,11.88
169.0,46.0,13.71
169.0,47.0,1.07
169.0,51.0,9.31
169.0,53.0,12.19
169.0,58.0,9.5
169.0,59.0,1.91
169.0,60.0,3.08
169.0,69.0,2.82
169.0,70.0,13.25
169.0,74.0,7.91
169.0,75.0,9.79
169.0,78.0,2.26
169.0,81.0,8.95
169.0,94.0,1.48
169.0,116.0,5.82
169.0,119.0,2.87
169.0,120.0,2.81
169.0,126.0,5.86
169.0,127.0,2.96
169.0,128.0,4.05
169.0,129.0,13.67
169.0,136.0,2.39
169.0,138.0,11.53
169.0,140.0,13.48
169.0,141.0,13.52
169.0,142.0,13.98
169.0,143.0,14.14
169.0,146.0,14.33
169.0,147.0,4.38
169.0,151.0,10.28
169.0,152.0,7.09
169.0,153.0,4.0
169.0,159.0,4.61
169.0,163.0,14.83
169.0,166.0,8.58
169.0,167.0,3.19
169.0,168.0,6.27
169.0,169.0,0.0
169.0,173.0,14.94
169.0,174.0,5.05
169.0,179.0,11.69
169.0,182.0,5.5
169.0,183.0,8.19
169.0,184.0,11.19
169.0,185.0,5.7
169.0,193.0,13.68
169.0,194.0,8.81
169.0,199.0,8.88
169.0,200.0,7.43
169.0,202.0,13.76
169.0,207.0,12.53
169.0,208.0,9.84
169.0,212.0,5.03
169.0,213.0,6.96
169.0,220.0,4.95
169.0,223.0,10.54
169.0,235.0,1.31
169.0,236.0,11.63
169.0,237.0,13.61
169.0,238.0,11.33
169.0,239.0,12.6
169.0,240.0,7.18
169.0,241.0,4.18
169.0,242.0,6.07
169.0,243.0,3.3
169.0,244.0,4.18
169.0,247.0,3.65
169.0,248.0,4.26
169.0,250.0,6.76
169.0,252.0,13.39
169.0,253.0,14.82
169.0,254.0,7.08
169.0,259.0,9.3
169.0,262.0,11.7
169.0,263.0,11.53
170.0,4.0,3.53
170.0,7.0,6.85
170.0,8.0,7.65
170.0,12.0,7.77
170.0,13.0,6.71
170.0,17.0,8.85
170.0,24.0,8.1
170.0,25.0,9.16
170.0,33.0,7.85
170.0,34.0,6.94
170.0,35.0,14.45
170.0,36.0,9.69
170.0,37.0,9.96
170.0,40.0,10.25
170.0,41.0,8.85
170.0,42.0,11.18
170.0,43.0,5.3
170.0,45.0,5.63
170.0,48.0,2.48
170.0,49.0,8.96
170.0,50.0,3.29
170.0,52.0,9.2
170.0,54.0,9.3
170.0,56.0,13.35
170.0,57.0,13.92
170.0,61.0,11.61
170.0,62.0,12.37
170.0,63.0,14.59
170.0,65.0,7.74
170.0,66.0,6.73
170.0,68.0,2.39
170.0,69.0,14.19
170.0,70.0,12.47
170.0,74.0,9.09
170.0,75.0,7.2
170.0,79.0,3.07
170.0,80.0,6.65
170.0,82.0,11.35
170.0,83.0,9.71
170.0,87.0,6.83
170.0,88.0,7.49
170.0,90.0,2.21
170.0,96.0,14.04
170.0,97.0,8.38
170.0,100.0,1.43
170.0,102.0,13.15
170.0,103.0,11.29
170.0,104.0,9.99
170.0,105.0,9.77
170.0,106.0,10.99
170.0,107.0,1.72
170.0,111.0,14.1
170.0,112.0,4.19
170.0,113.0,2.84
170.0,114.0,3.54
170.0,116.0,12.12
170.0,119.0,14.47
170.0,125.0,4.51
170.0,126.0,14.02
170.0,129.0,10.47
170.0,137.0,1.1
170.0,138.0,12.31
170.0,140.0,3.71
170.0,141.0,3.52
170.0,142.0,3.82
170.0,143.0,4.27
170.0,144.0,4.45
170.0,145.0,3.31
170.0,146.0,4.95
170.0,147.0,13.79
170.0,148.0,4.45
170.0,151.0,7.47
170.0,152.0,10.68
170.0,157.0,9.17
170.0,158.0,3.87
170.0,159.0,12.68
170.0,160.0,11.78
170.0,161.0,1.51
170.0,162.0,1.48
170.0,163.0,2.45
170.0,164.0,0.75
170.0,166.0,9.26
170.0,167.0,14.47
170.0,168.0,11.13
170.0,170.0,0.0
170.0,173.0,12.87
170.0,177.0,12.7
170.0,179.0,6.59
170.0,181.0,11.37
170.0,186.0,1.56
170.0,188.0,13.52
170.0,189.0,10.37
170.0,190.0,12.69
170.0,193.0,4.46
170.0,194.0,8.74
170.0,195.0,11.14
170.0,196.0,13.21
170.0,198.0,10.47
170.0,199.0,12.43
170.0,202.0,3.8
170.0,207.0,9.13
170.0,209.0,6.33
170.0,211.0,4.34
170.0,217.0,6.81
170.0,223.0,9.23
170.0,224.0,2.35
170.0,225.0,10.17
170.0,226.0,6.17
170.0,228.0,14.47
170.0,229.0,1.99
170.0,230.0,1.88
170.0,231.0,5.49
170.0,232.0,4.88
170.0,233.0,0.95
170.0,234.0,1.72
170.0,236.0,5.37
170.0,237.0,3.38
170.0,238.0,6.49
170.0,239.0,5.32
170.0,244.0,14.42
170.0,246.0,2.96
170.0,247.0,13.38
170.0,249.0,3.33
170.0,255.0,4.86
170.0,256.0,5.8
170.0,257.0,13.82
170.0,260.0,8.05
170.0,261.0,6.85
170.0,262.0,5.46
170.0,263.0,5.49
171.0,3.0,14.75
171.0,7.0,12.3
171.0,8.0,12.73
171.0,9.0,3.5
171.0,10.0,13.29
171.0,15.0,3.43
171.0,16.0,4.11
171.0,19.0,10.41
171.0,28.0,8.34
171.0,38.0,13.64
171.0,46.0,12.26
171.0,47.0,14.89
171.0,53.0,4.14
171.0,56.0,6.77
171.0,57.0,5.47
171.0,58.0,10.82
171.0,59.0,14.04
171.0,60.0,12.86
171.0,63.0,14.58
171.0,64.0,7.9
171.0,69.0,14.96
171.0,70.0,6.59
171.0,73.0,2.11
171.0,78.0,14.09
171.0,82.0,8.64
171.0,83.0,10.2
171.0,92.0,2.4
171.0,93.0,5.36
171.0,95.0,8.1
171.0,96.0,12.55
171.0,98.0,6.14
171.0,101.0,11.45
171.0,102.0,12.04
171.0,121.0,5.93
171.0,122.0,10.05
171.0,126.0,10.62
171.0,129.0,8.59
171.0,130.0,9.56
171.0,131.0,7.94
171.0,134.0,9.11
171.0,135.0,6.02
171.0,138.0,7.19
171.0,146.0,14.1
171.0,147.0,12.49
171.0,157.0,12.21
171.0,159.0,13.64
171.0,160.0,10.75
171.0,167.0,13.51
171.0,168.0,13.25
171.0,171.0,0.0
171.0,173.0,6.39
171.0,175.0,7.18
171.0,179.0,13.23
171.0,180.0,14.25
171.0,182.0,11.54
171.0,183.0,12.14
171.0,184.0,14.7
171.0,185.0,13.61
171.0,191.0,10.85
171.0,192.0,3.67
171.0,193.0,14.79
171.0,194.0,13.23
171.0,196.0,8.62
171.0,197.0,11.1
171.0,198.0,13.7
171.0,199.0,8.8
171.0,205.0,12.45
171.0,207.0,10.02
171.0,208.0,8.23
171.0,212.0,11.02
171.0,213.0,9.07
171.0,215.0,11.05
171.0,216.0,13.59
171.0,218.0,14.71
171.0,223.0,10.75
171.0,226.0,13.58
171.0,242.0,12.41
171.0,248.0,11.94
171.0,250.0,10.34
171.0,252.0,3.0
171.0,253.0,3.71
171.0,258.0,12.78
171.0,260.0,11.34
172.0,5.0,9.7
172.0,6.0,5.59
172.0,11.0,11.86
172.0,14.0,11.42
172.0,21.0,14.21
172.0,22.0,13.58
172.0,23.0,8.92
172.0,55.0,13.06
172.0,67.0,12.34
172.0,84.0,11.16
172.0,99.0,9.09
172.0,108.0,13.97
172.0,109.0,5.88
172.0,110.0,4.61
172.0,115.0,7.04
172.0,118.0,3.79
172.0,156.0,11.14
172.0,172.0,0.0
172.0,176.0,2.42
172.0,187.0,9.18
172.0,204.0,12.34
172.0,206.0,9.86
172.0,214.0,3.09
172.0,221.0,7.72
172.0,245.0,8.55
172.0,251.0,6.99
173.0,4.0,13.37
173.0,7.0,6.44
173.0,8.0,7.7
173.0,9.0,8.36
173.0,10.0,13.46
173.0,15.0,9.7
173.0,16.0,10.09
173.0,17.0,13.19
173.0,24.0,13.52
173.0,28.0,8.53
173.0,34.0,14.24
173.0,35.0,14.03
173.0,36.0,9.77
173.0,37.0,10.72
173.0,41.0,12.43
173.0,42.0,12.97
173.0,43.0,12.23
173.0,47.0,13.89
173.0,48.0,14.19
173.0,49.0,14.57
173.0,50.0,14.84
173.0,53.0,4.73
173.0,56.0,1.71
173.0,57.0,1.06
173.0,58.0,13.9
173.0,59.0,13.13
173.0,60.0,12.24
173.0,61.0,14.27
173.0,63.0,10.24
173.0,64.0,13.82
173.0,69.0,12.96
173.0,70.0,1.69
173.0,73.0,6.21
173.0,74.0,10.93
173.0,75.0,10.73
173.0,76.0,13.54
173.0,77.0,13.14
173.0,78.0,13.81
173.0,79.0,14.16
173.0,80.0,9.86
173.0,82.0,2.48
173.0,83.0,3.86
173.0,90.0,14.99
173.0,92.0,4.01
173.0,93.0,3.02
173.0,95.0,4.89
173.0,96.0,8.22
173.0,98.0,9.91
173.0,100.0,14.0
173.0,102.0,7.34
173.0,107.0,13.67
173.0,112.0,10.21
173.0,113.0,14.91
173.0,116.0,14.5
173.0,119.0,14.37
173.0,121.0,7.63
173.0,122.0,12.91
173.0,124.0,14.0
173.0,126.0,9.1
173.0,129.0,2.58
173.0,130.0,10.45
173.0,131.0,10.75
173.0,134.0,7.58
173.0,135.0,5.86
173.0,137.0,12.76
173.0,138.0,3.41
173.0,140.0,10.38
173.0,141.0,10.96
173.0,142.0,13.55
173.0,143.0,14.29
173.0,145.0,9.62
173.0,146.0,8.0
173.0,147.0,10.64
173.0,151.0,13.47
173.0,152.0,13.95
173.0,157.0,6.06
173.0,159.0,11.14
173.0,160.0,5.38
173.0,161.0,12.79
173.0,162.0,12.18
173.0,163.0,12.87
173.0,164.0,13.61
173.0,166.0,13.81
173.0,167.0,11.86
173.0,168.0,10.03
173.0,169.0,14.94
173.0,170.0,12.87
173.0,171.0,6.39
173.0,173.0,0.0
173.0,175.0,12.16
173.0,177.0,12.49
173.0,179.0,7.79
173.0,180.0,11.45
173.0,182.0,12.54
173.0,183.0,14.63
173.0,186.0,14.42
173.0,191.0,14.58
173.0,192.0,5.48
173.0,193.0,8.86
173.0,194.0,8.88
173.0,196.0,3.88
173.0,197.0,9.24
173.0,198.0,8.02
173.0,199.0,6.07
173.0,202.0,9.77
173.0,205.0,14.32
173.0,207.0,4.38
173.0,208.0,11.29
173.0,212.0,11.1
173.0,213.0,9.61
173.0,215.0,11.72
173.0,216.0,12.23
173.0,217.0,12.82
173.0,223.0,5.97
173.0,224.0,13.0
173.0,225.0,12.18
173.0,226.0,7.2
173.0,229.0,11.38
173.0,230.0,13.53
173.0,232.0,14.47
173.0,233.0,11.96
173.0,234.0,14.3
173.0,236.0,11.23
173.0,237.0,11.66
173.0,238.0,13.53
173.0,239.0,13.67
173.0,242.0,13.92
173.0,247.0,13.15
173.0,248.0,12.04
173.0,250.0,11.8
173.0,252.0,7.43
173.0,253.0,2.7
173.0,255.0,11.62
173.0,256.0,12.4
173.0,258.0,9.41
173.0,260.0,4.97
173.0,262.0,9.91
173.0,263.0,10.52
174.0,3.0,3.98
174.0,18.0,1.87
174.0,20.0,2.95
174.0,24.0,14.66
174.0,31.0,2.88
174.0,32.0,2.49
174.0,41.0,13.4
174.0,42.0,11.06
174.0,46.0,11.56
174.0,47.0,5.59
174.0,51.0,5.67
174.0,53.0,14.72
174.0,58.0,8.38
174.0,59.0,5.95
174.0,60.0,6.4
174.0,69.0,7.83
174.0,74.0,12.93
174.0,75.0,14.82
174.0,78.0,4.79
174.0,81.0,4.75
174.0,94.0,3.61
174.0,116.0,10.69
174.0,119.0,7.81
174.0,120.0,7.25
174.0,126.0,9.6
174.0,127.0,4.77
174.0,128.0,5.1
174.0,136.0,3.47
174.0,147.0,8.74
174.0,152.0,12.04
174.0,153.0,3.49
174.0,159.0,9.45
174.0,166.0,13.57
174.0,167.0,7.75
174.0,168.0,11.1
174.0,169.0,5.05
174.0,174.0,0.0
174.0,182.0,6.25
174.0,183.0,6.7
174.0,184.0,8.03
174.0,185.0,4.33
174.0,194.0,13.65
174.0,199.0,12.66
174.0,200.0,4.53
174.0,208.0,10.04
174.0,212.0,7.32
174.0,213.0,9.03
174.0,220.0,3.61
174.0,223.0,14.96
174.0,235.0,5.48
174.0,240.0,2.59
174.0,241.0,1.85
174.0,242.0,5.47
174.0,243.0,6.68
174.0,244.0,8.68
174.0,247.0,8.7
174.0,248.0,6.37
174.0,250.0,7.44
174.0,252.0,14.87
174.0,254.0,2.35
174.0,259.0,4.28
175.0,9.0,3.91
175.0,10.0,10.2
175.0,15.0,6.92
175.0,16.0,3.62
175.0,19.0,3.29
175.0,28.0,7.56
175.0,38.0,7.41
175.0,53.0,11.31
175.0,56.0,11.6
175.0,57.0,11.1
175.0,64.0,3.14
175.0,70.0,13.02
175.0,73.0,6.1
175.0,82.0,13.64
175.0,92.0,8.7
175.0,93.0,9.61
175.0,95.0,10.82
175.0,96.0,14.64
175.0,98.0,2.79
175.0,101.0,4.88
175.0,102.0,14.66
175.0,121.0,5.73
175.0,122.0,4.76
175.0,129.0,14.71
175.0,130.0,7.13
175.0,131.0,4.02
175.0,132.0,14.49
175.0,134.0,9.69
175.0,135.0,7.7
175.0,138.0,14.04
175.0,139.0,9.7
175.0,160.0,14.41
175.0,171.0,7.18
175.0,173.0,12.16
175.0,175.0,0.0
175.0,180.0,14.24
175.0,191.0,4.26
175.0,192.0,6.75
175.0,196.0,12.34
175.0,197.0,11.05
175.0,203.0,12.57
175.0,205.0,7.62
175.0,208.0,14.12
175.0,215.0,8.16
175.0,216.0,12.15
175.0,218.0,10.57
175.0,219.0,11.87
175.0,252.0,9.54
175.0,253.0,10.0
175.0,258.0,13.77
176.0,5.0,7.46
176.0,6.0,7.97
176.0,11.0,14.23
176.0,14.0,13.83
176.0,23.0,8.45
176.0,44.0,13.46
176.0,67.0,14.77
176.0,84.0,8.74
176.0,99.0,7.43
176.0,109.0,3.48
176.0,110.0,2.46
176.0,115.0,9.07
176.0,118.0,3.78
176.0,156.0,11.31
176.0,172.0,2.42
176.0,176.0,0.0
176.0,187.0,9.91
176.0,204.0,10.01
176.0,206.0,11.51
176.0,214.0,5.5
176.0,221.0,9.94
176.0,245.0,10.22
176.0,251.0,8.05
177.0,2.0,12.7
177.0,4.0,9.88
177.0,7.0,12.48
177.0,10.0,13.66
177.0,11.0,14.9
177.0,12.0,11.99
177.0,13.0,12.53
177.0,17.0,4.59
177.0,21.0,13.5
177.0,22.0,13.11
177.0,25.0,8.18
177.0,26.0,10.71
177.0,28.0,12.76
177.0,30.0,14.79
177.0,33.0,9.51
177.0,34.0,7.33
177.0,35.0,1.89
177.0,36.0,3.53
177.0,37.0,2.86
177.0,39.0,5.87
177.0,40.0,9.17
177.0,45.0,10.78
177.0,49.0,5.67
177.0,52.0,9.37
177.0,54.0,10.06
177.0,56.0,11.3
177.0,57.0,12.91
177.0,61.0,2.87
177.0,62.0,4.19
177.0,63.0,4.09
177.0,65.0,8.52
177.0,66.0,8.86
177.0,67.0,13.94
177.0,68.0,14.26
177.0,70.0,13.69
177.0,71.0,5.47
177.0,72.0,3.69
177.0,76.0,4.7
177.0,77.0,2.52
177.0,79.0,10.99
177.0,80.0,6.24
177.0,82.0,10.09
177.0,83.0,9.37
177.0,85.0,6.16
177.0,87.0,11.35
177.0,88.0,11.58
177.0,89.0,7.75
177.0,90.0,13.38
177.0,91.0,7.61
177.0,93.0,12.41
177.0,95.0,9.86
177.0,96.0,5.56
177.0,97.0,7.13
177.0,100.0,14.05
177.0,102.0,5.78
177.0,103.0,14.78
177.0,104.0,14.52
177.0,105.0,11.87
177.0,106.0,8.59
177.0,107.0,11.81
177.0,108.0,14.98
177.0,111.0,9.25
177.0,112.0,8.73
177.0,113.0,12.17
177.0,114.0,12.02
177.0,121.0,14.52
177.0,123.0,12.59
177.0,124.0,8.11
177.0,125.0,12.74
177.0,129.0,12.26
177.0,130.0,13.93
177.0,132.0,14.8
177.0,133.0,8.75
177.0,134.0,10.52
177.0,135.0,12.79
177.0,137.0,11.69
177.0,140.0,13.83
177.0,141.0,14.22
177.0,144.0,11.32
177.0,145.0,10.83
177.0,146.0,11.64
177.0,148.0,10.61
177.0,149.0,11.2
177.0,150.0,14.5
177.0,154.0,12.25
177.0,155.0,9.11
177.0,157.0,7.07
177.0,158.0,13.65
177.0,160.0,7.17
177.0,161.0,13.92
177.0,162.0,13.45
177.0,163.0,14.73
177.0,164.0,13.23
177.0,165.0,9.48
177.0,170.0,12.7
177.0,173.0,12.49
177.0,177.0,0.0
177.0,178.0,10.75
177.0,179.0,14.04
177.0,180.0,7.41
177.0,181.0,7.6
177.0,186.0,13.72
177.0,188.0,4.59
177.0,189.0,6.01
177.0,190.0,6.54
177.0,192.0,14.73
177.0,193.0,12.69
177.0,195.0,10.64
177.0,196.0,9.18
177.0,197.0,9.57
177.0,198.0,4.58
177.0,202.0,13.16
177.0,207.0,12.93
177.0,209.0,11.1
177.0,210.0,12.77
177.0,211.0,11.99
177.0,215.0,13.9
177.0,216.0,10.48
177.0,217.0,6.41
177.0,222.0,5.51
177.0,223.0,14.83
177.0,224.0,10.71
177.0,225.0,2.64
177.0,226.0,9.05
177.0,227.0,11.34
177.0,228.0,11.44
177.0,229.0,13.09
177.0,230.0,14.52
177.0,231.0,12.11
177.0,232.0,9.54
177.0,233.0,12.48
177.0,234.0,12.67
177.0,237.0,14.7
177.0,249.0,13.08
177.0,253.0,14.73
177.0,255.0,7.88
177.0,256.0,7.2
177.0,257.0,7.92
177.0,258.0,6.68
177.0,260.0,9.96
177.0,261.0,12.05
178.0,6.0,11.56
178.0,11.0,4.56
178.0,12.0,13.54
178.0,13.0,14.8
178.0,14.0,6.72
178.0,17.0,11.12
178.0,21.0,2.75
178.0,22.0,2.87
178.0,25.0,10.18
178.0,26.0,2.86
178.0,27.0,11.07
178.0,29.0,5.43
178.0,33.0,11.85
178.0,34.0,12.26
178.0,35.0,9.57
178.0,36.0,13.54
178.0,37.0,12.59
178.0,39.0,8.43
178.0,40.0,9.52
178.0,45.0,14.3
178.0,49.0,10.4
178.0,52.0,10.59
178.0,54.0,10.88
178.0,55.0,6.23
178.0,61.0,9.07
178.0,62.0,7.61
178.0,63.0,14.16
178.0,65.0,11.58
178.0,66.0,12.58
178.0,67.0,4.85
178.0,71.0,5.35
178.0,72.0,7.42
178.0,76.0,12.22
178.0,77.0,11.04
178.0,80.0,14.87
178.0,85.0,4.71
178.0,87.0,13.77
178.0,88.0,13.43
178.0,89.0,3.19
178.0,91.0,4.67
178.0,97.0,10.79
178.0,103.0,13.53
178.0,104.0,14.3
178.0,105.0,11.81
178.0,106.0,8.55
178.0,108.0,4.42
178.0,111.0,5.57
178.0,115.0,13.08
178.0,123.0,2.63
178.0,133.0,3.48
178.0,149.0,3.07
178.0,150.0,6.17
178.0,154.0,8.3
178.0,155.0,6.14
178.0,165.0,1.59
178.0,177.0,10.75
178.0,178.0,0.0
178.0,181.0,7.88
178.0,188.0,6.59
178.0,189.0,8.86
178.0,190.0,6.5
178.0,195.0,9.58
178.0,209.0,13.97
178.0,210.0,4.98
178.0,214.0,13.58
178.0,217.0,12.78
178.0,221.0,11.51
178.0,222.0,10.74
178.0,225.0,11.24
178.0,227.0,5.25
178.0,228.0,6.87
178.0,232.0,14.37
178.0,245.0,14.87
178.0,255.0,14.96
178.0,256.0,13.78
178.0,257.0,5.39
178.0,261.0,14.29
179.0,4.0,8.87
179.0,7.0,1.77
179.0,8.0,1.18
179.0,12.0,14.0
179.0,13.0,13.11
179.0,17.0,12.0
179.0,18.0,14.76
179.0,20.0,13.53
179.0,24.0,6.09
179.0,25.0,14.17
179.0,31.0,13.97
179.0,33.0,13.39
179.0,34.0,11.43
179.0,36.0,10.5
179.0,37.0,11.27
179.0,41.0,5.45
179.0,42.0,7.0
179.0,43.0,4.44
179.0,45.0,11.65
179.0,47.0,10.92
179.0,48.0,6.98
179.0,49.0,12.85
179.0,50.0,7.48
179.0,52.0,14.61
179.0,53.0,9.62
179.0,54.0,14.92
179.0,56.0,8.92
179.0,57.0,8.81
179.0,59.0,10.53
179.0,60.0,10.32
179.0,61.0,14.31
179.0,63.0,14.04
179.0,65.0,12.91
179.0,66.0,12.02
179.0,68.0,8.66
179.0,69.0,8.92
179.0,70.0,6.78
179.0,73.0,13.72
179.0,74.0,4.47
179.0,75.0,3.33
179.0,78.0,11.8
179.0,79.0,9.1
179.0,80.0,8.31
179.0,82.0,7.4
179.0,83.0,6.33
179.0,87.0,12.97
179.0,88.0,13.64
179.0,90.0,8.77
179.0,92.0,11.18
179.0,93.0,10.74
179.0,94.0,13.13
179.0,95.0,11.61
179.0,96.0,12.65
179.0,97.0,12.95
179.0,100.0,7.23
179.0,102.0,11.58
179.0,107.0,8.03
179.0,112.0,6.62
179.0,113.0,9.31
179.0,114.0,9.97
179.0,116.0,8.46
179.0,119.0,9.75
179.0,120.0,11.05
179.0,125.0,11.04
179.0,126.0,7.63
179.0,127.0,13.94
179.0,128.0,14.84
179.0,129.0,5.23
179.0,134.0,14.49
179.0,135.0,13.51
179.0,136.0,14.01
179.0,137.0,7.05
179.0,138.0,6.1
179.0,140.0,3.07
179.0,141.0,3.55
179.0,142.0,5.93
179.0,143.0,6.63
179.0,144.0,10.67
179.0,145.0,4.48
179.0,146.0,2.65
179.0,147.0,7.79
179.0,148.0,10.41
179.0,151.0,5.89
179.0,152.0,7.39
179.0,157.0,7.57
179.0,158.0,10.46
179.0,159.0,7.08
179.0,160.0,9.49
179.0,161.0,5.84
179.0,162.0,5.37
179.0,163.0,5.58
179.0,164.0,7.17
179.0,166.0,6.7
179.0,167.0,8.72
179.0,168.0,5.41
179.0,169.0,11.69
179.0,170.0,6.59
179.0,171.0,13.23
179.0,173.0,7.79
179.0,177.0,14.04
179.0,179.0,0.0
179.0,182.0,12.49
179.0,185.0,14.7
179.0,186.0,7.9
179.0,189.0,14.47
179.0,192.0,13.24
179.0,193.0,2.25
179.0,194.0,2.89
179.0,196.0,9.84
179.0,198.0,10.01
179.0,199.0,5.84
179.0,202.0,2.79
179.0,207.0,3.41
179.0,208.0,13.93
179.0,209.0,12.44
179.0,211.0,10.75
179.0,212.0,10.55
179.0,213.0,10.36
179.0,217.0,10.49
179.0,223.0,2.69
179.0,224.0,7.94
179.0,225.0,12.26
179.0,226.0,4.99
179.0,229.0,4.64
179.0,230.0,6.45
179.0,231.0,11.87
179.0,232.0,10.33
179.0,233.0,5.67
179.0,234.0,8.3
179.0,235.0,11.99
179.0,236.0,3.45
179.0,237.0,4.18
179.0,238.0,5.79
179.0,239.0,5.89
179.0,242.0,14.04
179.0,243.0,12.59
179.0,244.0,10.42
179.0,246.0,8.84
179.0,247.0,8.46
179.0,248.0,11.12
179.0,249.0,9.92
179.0,250.0,12.57
179.0,252.0,12.78
179.0,253.0,9.83
179.0,255.0,8.4
179.0,256.0,9.58
179.0,258.0,14.61
179.0,260.0,4.71
179.0,261.0,13.15
179.0,262.0,2.12
179.0,263.0,2.74
180.0,2.0,8.81
180.0,7.0,14.99
180.0,9.0,12.89
180.0,10.0,6.26
180.0,17.0,11.69
180.0,28.0,6.79
180.0,30.0,10.91
180.0,34.0,14.31
180.0,35.0,7.24
180.0,36.0,8.68
180.0,37.0,8.84
180.0,38.0,12.71
180.0,39.0,8.05
180.0,49.0,12.97
180.0,56.0,9.75
180.0,57.0,11.22
180.0,61.0,10.27
180.0,62.0,11.4
180.0,63.0,3.67
180.0,70.0,13.11
180.0,71.0,11.12
180.0,72.0,9.04
180.0,73.0,12.35
180.0,76.0,3.95
180.0,77.0,5.54
180.0,80.0,11.57
180.0,82.0,9.96
180.0,83.0,10.49
180.0,85.0,12.42
180.0,86.0,14.82
180.0,89.0,13.84
180.0,91.0,11.74
180.0,92.0,12.72
180.0,93.0,9.58
180.0,95.0,6.73
180.0,96.0,4.16
180.0,97.0,14.4
180.0,98.0,11.62
180.0,102.0,5.2
180.0,112.0,13.89
180.0,117.0,13.56
180.0,121.0,9.2
180.0,122.0,10.86
180.0,124.0,2.56
180.0,129.0,12.74
180.0,130.0,7.26
180.0,131.0,10.3
180.0,132.0,7.94
180.0,134.0,5.18
180.0,135.0,8.27
180.0,138.0,14.81
180.0,139.0,11.45
180.0,154.0,13.53
180.0,155.0,11.74
180.0,157.0,9.4
180.0,160.0,7.27
180.0,165.0,14.62
180.0,171.0,14.25
180.0,173.0,11.45
180.0,175.0,14.24
180.0,177.0,7.41
180.0,180.0,0.0
180.0,181.0,14.98
180.0,188.0,11.45
180.0,189.0,13.42
180.0,190.0,13.72
180.0,191.0,13.12
180.0,192.0,10.62
180.0,196.0,7.64
180.0,197.0,3.31
180.0,198.0,7.59
180.0,201.0,14.32
180.0,203.0,12.25
180.0,205.0,9.62
180.0,207.0,14.23
180.0,215.0,6.83
180.0,216.0,3.07
180.0,217.0,13.1
180.0,218.0,8.25
180.0,219.0,9.4
180.0,222.0,5.7
180.0,225.0,9.62
180.0,226.0,12.56
180.0,253.0,12.51
180.0,255.0,13.83
180.0,256.0,13.59
180.0,257.0,14.93
180.0,258.0,2.16
180.0,260.0,12.05
181.0,4.0,7.85
181.0,6.0,14.38
181.0,11.0,10.12
181.0,12.0,6.11
181.0,13.0,7.23
181.0,14.0,8.59
181.0,17.0,4.68
181.0,21.0,10.12
181.0,22.0,8.67
181.0,25.0,2.3
181.0,26.0,5.84
181.0,29.0,13.31
181.0,33.0,4.04
181.0,34.0,4.62
181.0,35.0,7.98
181.0,36.0,8.36
181.0,37.0,7.51
181.0,39.0,10.26
181.0,40.0,2.07
181.0,45.0,6.45
181.0,48.0,13.53
181.0,49.0,3.34
181.0,50.0,14.16
181.0,52.0,2.93
181.0,54.0,3.44
181.0,55.0,13.72
181.0,61.0,4.73
181.0,62.0,3.68
181.0,63.0,11.66
181.0,65.0,3.7
181.0,66.0,4.7
181.0,67.0,8.27
181.0,68.0,11.65
181.0,71.0,6.17
181.0,72.0,7.1
181.0,76.0,11.73
181.0,77.0,9.6
181.0,79.0,8.42
181.0,80.0,8.27
181.0,83.0,14.08
181.0,85.0,4.87
181.0,87.0,6.09
181.0,88.0,5.89
181.0,89.0,5.28
181.0,90.0,10.7
181.0,91.0,8.63
181.0,96.0,12.84
181.0,97.0,3.08
181.0,100.0,12.24
181.0,102.0,12.73
181.0,103.0,7.66
181.0,104.0,7.81
181.0,105.0,4.99
181.0,106.0,1.13
181.0,107.0,9.76
181.0,108.0,12.02
181.0,111.0,2.85
181.0,112.0,9.38
181.0,113.0,9.25
181.0,114.0,8.69
181.0,115.0,14.12
181.0,123.0,10.5
181.0,125.0,8.71
181.0,133.0,4.41
181.0,137.0,10.3
181.0,140.0,14.28
181.0,141.0,14.39
181.0,144.0,7.61
181.0,145.0,11.59
181.0,146.0,13.36
181.0,148.0,7.21
181.0,149.0,10.29
181.0,150.0,13.84
181.0,154.0,14.28
181.0,155.0,11.01
181.0,157.0,11.81
181.0,158.0,9.98
181.0,160.0,13.3
181.0,161.0,12.88
181.0,162.0,12.72
181.0,163.0,13.82
181.0,164.0,11.49
181.0,165.0,7.75
181.0,170.0,11.37
181.0,177.0,7.6
181.0,178.0,7.88
181.0,180.0,14.98
181.0,181.0,0.0
181.0,186.0,11.54
181.0,188.0,4.15
181.0,189.0,1.87
181.0,190.0,1.89
181.0,193.0,13.92
181.0,195.0,3.18
181.0,198.0,10.34
181.0,202.0,13.89
181.0,206.0,14.23
181.0,209.0,6.2
181.0,210.0,12.36
181.0,211.0,8.17
181.0,217.0,5.54
181.0,221.0,12.76
181.0,222.0,11.52
181.0,224.0,9.04
181.0,225.0,6.1
181.0,226.0,11.73
181.0,227.0,4.92
181.0,228.0,4.25
181.0,229.0,12.81
181.0,230.0,13.14
181.0,231.0,7.56
181.0,232.0,6.51
181.0,233.0,11.74
181.0,234.0,10.32
181.0,237.0,14.54
181.0,245.0,14.76
181.0,246.0,12.44
181.0,249.0,9.73
181.0,255.0,7.6
181.0,256.0,6.41
181.0,257.0,2.49
181.0,258.0,14.24
181.0,260.0,13.69
181.0,261.0,6.69
182.0,3.0,4.11
182.0,7.0,13.15
182.0,8.0,11.33
182.0,9.0,14.95
182.0,15.0,11.33
182.0,16.0,14.5
182.0,18.0,5.68
182.0,20.0,4.28
182.0,24.0,13.07
182.0,31.0,3.53
182.0,32.0,3.94
182.0,41.0,11.49
182.0,42.0,9.65
182.0,43.0,14.47
182.0,46.0,8.62
182.0,47.0,4.77
182.0,51.0,6.27
182.0,53.0,8.53
182.0,56.0,14.17
182.0,57.0,12.64
182.0,58.0,4.22
182.0,59.0,4.12
182.0,60.0,3.16
182.0,69.0,6.42
182.0,70.0,11.0
182.0,73.0,13.53
182.0,74.0,10.34
182.0,75.0,12.03
182.0,78.0,3.24
182.0,81.0,6.79
182.0,82.0,14.6
182.0,92.0,11.73
182.0,93.0,14.4
182.0,94.0,5.51
182.0,116.0,10.2
182.0,119.0,7.59
182.0,120.0,8.14
182.0,126.0,4.87
182.0,127.0,8.0
182.0,128.0,8.98
182.0,129.0,12.21
182.0,136.0,6.7
182.0,138.0,9.48
182.0,146.0,14.96
182.0,147.0,5.28
182.0,151.0,13.59
182.0,152.0,11.05
182.0,153.0,8.1
182.0,159.0,6.75
182.0,166.0,12.28
182.0,167.0,5.16
182.0,168.0,7.93
182.0,169.0,5.5
182.0,171.0,11.54
182.0,173.0,12.54
182.0,174.0,6.25
182.0,179.0,12.49
182.0,182.0,0.0
182.0,183.0,3.39
182.0,184.0,7.16
182.0,185.0,2.48
182.0,192.0,14.62
182.0,193.0,14.74
182.0,194.0,10.11
182.0,199.0,7.39
182.0,200.0,10.61
182.0,207.0,11.78
182.0,208.0,4.38
182.0,212.0,1.95
182.0,213.0,2.93
182.0,220.0,8.81
182.0,223.0,10.32
182.0,235.0,6.81
182.0,236.0,13.88
182.0,238.0,14.49
182.0,240.0,8.78
182.0,241.0,7.08
182.0,242.0,1.56
182.0,243.0,8.81
182.0,244.0,9.3
182.0,247.0,7.51
182.0,248.0,1.68
182.0,250.0,1.33
182.0,252.0,8.68
182.0,253.0,11.49
182.0,254.0,6.54
182.0,259.0,8.88
182.0,260.0,14.76
182.0,262.0,13.41
182.0,263.0,13.51
183.0,3.0,2.86
183.0,8.0,14.55
183.0,15.0,10.93
183.0,16.0,14.27
183.0,18.0,7.07
183.0,20.0,6.17
183.0,31.0,5.05
183.0,32.0,4.3
183.0,41.0,14.87
183.0,42.0,12.98
183.0,46.0,5.52
183.0,47.0,7.71
183.0,51.0,3.67
183.0,53.0,10.12
183.0,57.0,14.52
183.0,58.0,1.69
183.0,59.0,7.23
183.0,60.0,6.45
183.0,69.0,9.65
183.0,70.0,13.27
183.0,73.0,14.24
183.0,74.0,13.73
183.0,78.0,6.04
183.0,81.0,4.71
183.0,92.0,12.96
183.0,94.0,7.68
183.0,116.0,13.42
183.0,119.0,10.66
183.0,120.0,10.98
183.0,126.0,8.12
183.0,127.0,10.08
183.0,128.0,10.88
183.0,129.0,14.77
183.0,136.0,8.61
183.0,138.0,11.96
183.0,147.0,8.67
183.0,152.0,14.36
183.0,153.0,9.62
183.0,159.0,10.13
183.0,167.0,8.5
183.0,168.0,11.31
183.0,169.0,8.19
183.0,171.0,12.14
183.0,173.0,14.63
183.0,174.0,6.7
183.0,182.0,3.39
183.0,183.0,0.0
183.0,184.0,3.86
183.0,185.0,2.65
183.0,194.0,13.43
183.0,199.0,10.26
183.0,200.0,11.2
183.0,207.0,14.62
183.0,208.0,3.91
183.0,212.0,5.27
183.0,213.0,5.47
183.0,220.0,10.07
183.0,223.0,13.38
183.0,235.0,9.41
183.0,240.0,8.73
183.0,241.0,8.19
183.0,242.0,2.15
183.0,243.0,11.33
183.0,244.0,12.27
183.0,247.0,10.75
183.0,248.0,5.04
183.0,250.0,3.15
183.0,252.0,9.14
183.0,253.0,13.07
183.0,254.0,5.73
183.0,259.0,7.54
184.0,3.0,4.44
184.0,15.0,12.73
184.0,18.0,9.16
184.0,20.0,8.82
184.0,31.0,7.69
184.0,32.0,6.38
184.0,46.0,4.03
184.0,47.0,10.96
184.0,51.0,2.42
184.0,53.0,13.43
184.0,58.0,4.19
184.0,59.0,10.64
184.0,60.0,10.05
184.0,69.0,13.11
184.0,78.0,9.3
184.0,81.0,3.71
184.0,94.0,10.31
184.0,119.0,13.91
184.0,120.0,13.98
184.0,126.0,11.97
184.0,127.0,12.41
184.0,128.0,12.98
184.0,136.0,10.92
184.0,147.0,12.41
184.0,153.0,11.47
184.0,159.0,13.81
184.0,167.0,12.11
184.0,169.0,11.19
184.0,171.0,14.7
184.0,174.0,8.03
184.0,182.0,7.16
184.0,183.0,3.86
184.0,184.0,0.0
184.0,185.0,5.57
184.0,199.0,14.08
184.0,200.0,11.96
184.0,208.0,6.84
184.0,212.0,9.09
184.0,213.0,9.29
184.0,220.0,11.63
184.0,235.0,12.26
184.0,240.0,9.12
184.0,241.0,9.84
184.0,242.0,5.72
184.0,243.0,14.01
184.0,247.0,14.2
184.0,248.0,8.75
184.0,250.0,7.0
184.0,252.0,11.81
184.0,254.0,6.04
184.0,259.0,6.59
185.0,3.0,1.67
185.0,8.0,13.53
185.0,15.0,12.93
185.0,18.0,4.44
185.0,20.0,3.54
185.0,24.0,14.57
185.0,31.0,2.4
185.0,32.0,1.83
185.0,41.0,13.06
185.0,42.0,10.99
185.0,46.0,8.1
185.0,47.0,5.39
185.0,51.0,4.09
185.0,53.0,10.89
185.0,58.0,4.24
185.0,59.0,5.09
185.0,60.0,4.62
185.0,69.0,7.55
185.0,70.0,13.48
185.0,74.0,12.11
185.0,75.0,13.9
185.0,78.0,3.73
185.0,81.0,4.38
185.0,92.0,14.01
185.0,94.0,5.06
185.0,116.0,11.23
185.0,119.0,8.35
185.0,120.0,8.51
185.0,126.0,7.13
185.0,127.0,7.43
185.0,128.0,8.23
185.0,129.0,14.69
185.0,136.0,5.95
185.0,138.0,11.96
185.0,147.0,7.12
185.0,152.0,12.29
185.0,153.0,6.99
185.0,159.0,8.4
185.0,166.0,13.66
185.0,167.0,6.65
185.0,168.0,9.81
185.0,169.0,5.7
185.0,171.0,13.61
185.0,174.0,4.33
185.0,179.0,14.7
185.0,182.0,2.48
185.0,183.0,2.65
185.0,184.0,5.57
185.0,185.0,0.0
185.0,194.0,12.17
185.0,199.0,9.83
185.0,200.0,8.86
185.0,207.0,14.21
185.0,208.0,5.72
185.0,212.0,4.25
185.0,213.0,5.39
185.0,220.0,7.5
185.0,223.0,12.67
185.0,235.0,6.86
185.0,240.0,6.67
185.0,241.0,5.63
185.0,242.0,1.2
185.0,243.0,8.74
185.0,244.0,9.86
185.0,247.0,8.64
185.0,248.0,3.58
185.0,250.0,3.34
185.0,252.0,10.65
185.0,253.0,13.87
185.0,254.0,4.12
185.0,259.0,6.41
186.0,4.0,4.02
186.0,7.0,8.32
186.0,8.0,8.9
186.0,12.0,7.17
186.0,13.0,5.97
186.0,17.0,9.62
186.0,24.0,8.41
186.0,25.0,9.26
186.0,33.0,7.75
186.0,34.0,7.39
186.0,36.0,10.9
186.0,37.0,11.08
186.0,40.0,10.18
186.0,41.0,9.4
186.0,42.0,11.76
186.0,43.0,5.82
186.0,45.0,5.33
186.0,48.0,2.04
186.0,49.0,9.5
186.0,50.0,2.62
186.0,52.0,9.1
186.0,54.0,9.08
186.0,56.0,14.91
186.0,61.0,12.38
186.0,62.0,12.98
186.0,65.0,7.84
186.0,66.0,6.83
186.0,68.0,0.83
186.0,69.0,14.93
186.0,70.0,13.98
186.0,74.0,9.88
186.0,75.0,8.02
186.0,79.0,3.15
186.0,80.0,7.88
186.0,82.0,12.91
186.0,83.0,11.26
186.0,87.0,6.35
186.0,88.0,6.96
186.0,90.0,1.04
186.0,97.0,8.7
186.0,100.0,0.84
186.0,102.0,14.57
186.0,103.0,10.43
186.0,104.0,9.07
186.0,105.0,9.26
186.0,106.0,11.01
186.0,107.0,1.95
186.0,111.0,14.15
186.0,112.0,5.53
186.0,113.0,2.35
186.0,114.0,3.01
186.0,116.0,12.54
186.0,125.0,3.67
186.0,129.0,11.99
186.0,137.0,2.13
186.0,138.0,13.76
186.0,140.0,4.88
186.0,141.0,4.55
186.0,142.0,3.89
186.0,143.0,4.07
186.0,144.0,4.09
186.0,145.0,4.87
186.0,146.0,6.47
186.0,147.0,14.76
186.0,148.0,4.35
186.0,151.0,7.76
186.0,152.0,11.08
186.0,157.0,10.66
186.0,158.0,2.7
186.0,159.0,13.55
186.0,160.0,13.27
186.0,161.0,2.16
186.0,162.0,2.54
186.0,163.0,2.87
186.0,164.0,0.81
186.0,166.0,9.59
186.0,168.0,12.07
186.0,170.0,1.56
186.0,173.0,14.42
186.0,177.0,13.72
186.0,179.0,7.9
186.0,181.0,11.54
186.0,186.0,0.0
186.0,188.0,14.1
186.0,189.0,10.77
186.0,190.0,13.02
186.0,193.0,5.88
186.0,194.0,9.8
186.0,195.0,10.87
186.0,196.0,14.74
186.0,198.0,11.83
186.0,199.0,13.73
186.0,202.0,5.12
186.0,207.0,10.61
186.0,209.0,5.92
186.0,211.0,3.75
186.0,217.0,7.55
186.0,223.0,10.58
186.0,224.0,3.02
186.0,225.0,11.13
186.0,226.0,7.71
186.0,228.0,14.27
186.0,229.0,3.27
186.0,230.0,1.9
186.0,231.0,4.83
186.0,232.0,5.07
186.0,233.0,2.46
186.0,234.0,1.22
186.0,236.0,6.13
186.0,237.0,4.2
186.0,238.0,6.71
186.0,239.0,5.43
186.0,244.0,14.84
186.0,246.0,1.47
186.0,247.0,14.05
186.0,249.0,2.35
186.0,255.0,5.85
186.0,256.0,6.61
186.0,257.0,14.03
186.0,260.0,9.61
186.0,261.0,6.22
186.0,262.0,6.51
186.0,263.0,6.41
187.0,1.0,10.05
187.0,5.0,12.28
187.0,6.0,8.7
187.0,14.0,12.35
187.0,23.0,4.62
187.0,67.0,14.19
187.0,99.0,9.09
187.0,103.0,13.96
187.0,109.0,11.24
187.0,110.0,12.16
187.0,115.0,6.08
187.0,118.0,6.16
187.0,156.0,2.98
187.0,172.0,9.18
187.0,176.0,9.91
187.0,187.0,0.0
187.0,204.0,14.88
187.0,206.0,4.57
187.0,214.0,8.64
187.0,221.0,7.59
187.0,228.0,14.85
187.0,245.0,4.23
187.0,251.0,2.39
188.0,2.0,14.32
188.0,4.0,10.09
188.0,11.0,10.42
188.0,12.0,9.98
188.0,13.0,10.94
188.0,14.0,10.44
188.0,17.0,4.82
188.0,21.0,9.32
188.0,22.0,8.66
188.0,25.0,5.84
188.0,26.0,6.14
188.0,29.0,11.52
188.0,33.0,7.61
188.0,34.0,6.72
188.0,35.0,4.21
188.0,36.0,6.97
188.0,37.0,6.02
188.0,39.0,6.12
188.0,40.0,6.18
188.0,45.0,9.7
188.0,49.0,4.6
188.0,52.0,6.85
188.0,54.0,7.45
188.0,55.0,12.81
188.0,61.0,2.48
188.0,62.0,1.15
188.0,63.0,8.55
188.0,65.0,6.88
188.0,66.0,7.68
188.0,67.0,9.35
188.0,68.0,14.41
188.0,71.0,2.37
188.0,72.0,2.96
188.0,76.0,7.87
188.0,77.0,5.91
188.0,79.0,10.98
188.0,80.0,8.4
188.0,82.0,14.21
188.0,83.0,13.21
188.0,85.0,1.91
188.0,87.0,9.72
188.0,88.0,9.68
188.0,89.0,3.41
188.0,90.0,13.45
188.0,91.0,5.14
188.0,95.0,14.42
188.0,96.0,10.14
188.0,97.0,5.61
188.0,100.0,14.66
188.0,102.0,10.34
188.0,103.0,11.81
188.0,104.0,11.94
188.0,105.0,9.11
188.0,106.0,5.28
188.0,107.0,12.17
188.0,108.0,10.99
188.0,111.0,4.86
188.0,112.0,10.39
188.0,113.0,12.03
188.0,114.0,11.63
188.0,123.0,8.83
188.0,124.0,11.41
188.0,125.0,11.96
188.0,133.0,4.16
188.0,137.0,12.42
188.0,144.0,10.66
188.0,145.0,12.72
188.0,146.0,14.09
188.0,148.0,10.07
188.0,149.0,7.9
188.0,150.0,11.49
188.0,154.0,10.78
188.0,155.0,7.4
188.0,157.0,10.82
188.0,158.0,13.13
188.0,160.0,11.52
188.0,161.0,14.96
188.0,162.0,14.65
188.0,164.0,13.84
188.0,165.0,5.65
188.0,170.0,13.52
188.0,177.0,4.59
188.0,178.0,6.59
188.0,180.0,11.45
188.0,181.0,4.15
188.0,186.0,14.1
188.0,188.0,0.0
188.0,189.0,3.57
188.0,190.0,2.43
188.0,193.0,14.93
188.0,195.0,7.3
188.0,196.0,13.62
188.0,197.0,13.99
188.0,198.0,8.67
188.0,209.0,9.68
188.0,210.0,9.82
188.0,211.0,11.3
188.0,216.0,14.47
188.0,217.0,6.75
188.0,222.0,7.42
188.0,224.0,11.21
188.0,225.0,4.65
188.0,226.0,11.87
188.0,227.0,6.83
188.0,228.0,7.17
188.0,229.0,14.52
188.0,231.0,10.97
188.0,232.0,9.12
188.0,233.0,13.63
188.0,234.0,12.9
188.0,249.0,12.73
188.0,255.0,8.89
188.0,256.0,7.78
188.0,257.0,3.48
188.0,258.0,11.11
188.0,260.0,13.36
188.0,261.0,10.39
189.0,4.0,6.85
189.0,7.0,13.42
189.0,11.0,11.64
189.0,12.0,6.51
189.0,13.0,7.39
189.0,14.0,10.4
189.0,17.0,2.83
189.0,21.0,11.32
189.0,22.0,10.08
189.0,25.0,2.37
189.0,26.0,7.24
189.0,29.0,14.2
189.0,33.0,4.07
189.0,34.0,3.43
189.0,35.0,6.69
189.0,36.0,6.49
189.0,37.0,5.65
189.0,39.0,9.53
189.0,40.0,3.17
189.0,45.0,6.14
189.0,48.0,12.67
189.0,49.0,1.62
189.0,50.0,13.37
189.0,52.0,3.5
189.0,54.0,4.18
189.0,55.0,14.94
189.0,61.0,3.18
189.0,62.0,2.65
189.0,63.0,10.0
189.0,65.0,3.32
189.0,66.0,4.14
189.0,67.0,9.95
189.0,68.0,11.0
189.0,71.0,5.9
189.0,72.0,6.26
189.0,76.0,10.4
189.0,77.0,8.2
189.0,79.0,7.62
189.0,80.0,6.52
189.0,82.0,13.56
189.0,83.0,12.24
189.0,85.0,4.96
189.0,87.0,6.17
189.0,88.0,6.18
189.0,89.0,5.88
189.0,90.0,10.04
189.0,91.0,8.61
189.0,95.0,14.82
189.0,96.0,11.06
189.0,97.0,2.09
189.0,100.0,11.39
189.0,102.0,10.91
189.0,103.0,8.83
189.0,104.0,8.72
189.0,105.0,5.96
189.0,106.0,2.64
189.0,107.0,8.88
189.0,108.0,13.18
189.0,111.0,4.51
189.0,112.0,7.88
189.0,113.0,8.6
189.0,114.0,8.15
189.0,123.0,11.4
189.0,124.0,13.95
189.0,125.0,8.41
189.0,129.0,14.86
189.0,133.0,5.52
189.0,137.0,9.28
189.0,140.0,12.98
189.0,141.0,13.15
189.0,142.0,14.19
189.0,143.0,14.62
189.0,144.0,7.14
189.0,145.0,10.16
189.0,146.0,11.83
189.0,148.0,6.6
189.0,149.0,10.89
189.0,150.0,14.5
189.0,154.0,14.3
189.0,155.0,10.93
189.0,157.0,9.96
189.0,158.0,9.61
189.0,160.0,11.43
189.0,161.0,11.86
189.0,162.0,11.62
189.0,163.0,12.8
189.0,164.0,10.6
189.0,165.0,8.41
189.0,170.0,10.37
189.0,177.0,6.01
189.0,178.0,8.86
189.0,179.0,14.47
189.0,180.0,13.42
189.0,181.0,1.87
189.0,186.0,10.77
189.0,188.0,3.57
189.0,189.0,0.0
189.0,190.0,2.35
189.0,193.0,12.47
189.0,195.0,4.64
189.0,196.0,13.62
189.0,198.0,8.47
189.0,202.0,12.53
189.0,207.0,14.78
189.0,209.0,6.12
189.0,210.0,12.92
189.0,211.0,7.77
189.0,217.0,3.99
189.0,221.0,14.63
189.0,222.0,10.46
189.0,224.0,8.02
189.0,225.0,4.26
189.0,226.0,10.03
189.0,227.0,6.67
189.0,228.0,6.12
189.0,229.0,11.62
189.0,230.0,12.21
189.0,231.0,7.41
189.0,232.0,5.71
189.0,233.0,10.62
189.0,234.0,9.55
189.0,237.0,13.37
189.0,246.0,11.83
189.0,249.0,9.24
189.0,255.0,6.15
189.0,256.0,4.96
189.0,257.0,3.71
189.0,258.0,12.55
189.0,260.0,11.92
189.0,261.0,6.85
189.0,262.0,14.63
189.0,263.0,14.97
190.0,4.0,9.17
190.0,6.0,14.56
190.0,11.0,9.44
190.0,12.0,7.99
190.0,13.0,9.07
190.0,14.0,8.67
190.0,17.0,4.87
190.0,21.0,8.98
190.0,22.0,7.82
190.0,25.0,4.01
190.0,26.0,5.01
190.0,29.0,11.87
190.0,33.0,5.81
190.0,34.0,5.76
190.0,35.0,6.54
190.0,36.0,8.07
190.0,37.0,7.14
190.0,39.0,8.44
190.0,40.0,3.96
190.0,45.0,8.14
190.0,48.0,14.96
190.0,49.0,3.94
190.0,52.0,4.8
190.0,54.0,5.33
190.0,55.0,12.6
190.0,61.0,3.8
190.0,62.0,2.35
190.0,63.0,10.61
190.0,65.0,5.31
190.0,66.0,6.25
190.0,67.0,7.93
190.0,68.0,13.21
190.0,71.0,4.28
190.0,72.0,5.37
190.0,76.0,10.25
190.0,77.0,8.22
190.0,79.0,9.87
190.0,80.0,8.66
190.0,83.0,14.14
190.0,85.0,2.98
190.0,87.0,7.9
190.0,88.0,7.75
190.0,89.0,3.59
190.0,90.0,12.25
190.0,91.0,6.75
190.0,96.0,12.02
190.0,97.0,4.33
190.0,100.0,13.67
190.0,102.0,12.06
190.0,103.0,9.46
190.0,104.0,9.68
190.0,105.0,6.86
190.0,106.0,2.98
190.0,107.0,11.17
190.0,108.0,10.83
190.0,111.0,2.75
190.0,112.0,10.2
190.0,113.0,10.79
190.0,114.0,10.3
190.0,115.0,14.71
190.0,123.0,9.06
190.0,124.0,13.81
190.0,125.0,10.42
190.0,133.0,3.19
190.0,137.0,11.6
190.0,144.0,9.24
190.0,145.0,12.5
190.0,146.0,14.12
190.0,148.0,8.76
190.0,149.0,8.63
190.0,150.0,12.23
190.0,154.0,12.41
190.0,155.0,9.12
190.0,157.0,11.78
190.0,158.0,11.67
190.0,160.0,12.93
190.0,161.0,14.19
190.0,162.0,13.97
190.0,164.0,12.9
190.0,165.0,6.12
190.0,170.0,12.69
190.0,177.0,6.54
190.0,178.0,6.5
190.0,180.0,13.72
190.0,181.0,1.89
190.0,186.0,13.02
190.0,188.0,2.43
190.0,189.0,2.35
190.0,190.0,0.0
190.0,193.0,14.8
190.0,195.0,4.93
190.0,198.0,9.97
190.0,202.0,14.88
190.0,209.0,7.97
190.0,210.0,10.69
190.0,211.0,9.84
190.0,217.0,6.31
190.0,221.0,13.25
190.0,222.0,9.85
190.0,224.0,10.34
190.0,225.0,5.67
190.0,226.0,12.21
190.0,227.0,4.92
190.0,228.0,4.91
190.0,229.0,13.97
190.0,230.0,14.52
190.0,231.0,9.32
190.0,232.0,7.95
190.0,233.0,12.97
190.0,234.0,11.8
190.0,246.0,14.02
190.0,249.0,11.36
190.0,255.0,8.49
190.0,256.0,7.3
190.0,257.0,1.55
190.0,258.0,13.21
190.0,260.0,13.99
190.0,261.0,8.53
191.0,9.0,7.35
191.0,10.0,7.68
191.0,15.0,11.13
191.0,16.0,7.8
191.0,19.0,3.38
191.0,28.0,7.5
191.0,38.0,3.17
191.0,53.0,14.82
191.0,56.0,13.6
191.0,57.0,13.57
191.0,64.0,6.64
191.0,73.0,9.26
191.0,92.0,11.81
191.0,93.0,11.66
191.0,95.0,11.85
191.0,96.0,14.73
191.0,98.0,4.86
191.0,101.0,5.63
191.0,121.0,7.04
191.0,122.0,2.29
191.0,124.0,14.25
191.0,130.0,6.06
191.0,131.0,3.92
191.0,132.0,11.23
191.0,134.0,9.77
191.0,135.0,9.07
191.0,139.0,5.64
191.0,171.0,10.85
191.0,173.0,14.58
191.0,175.0,4.26
191.0,180.0,13.12
191.0,191.0,0.0
191.0,192.0,9.2
191.0,196.0,13.65
191.0,197.0,10.41
191.0,203.0,8.46
191.0,205.0,4.3
191.0,215.0,6.31
191.0,216.0,10.42
191.0,218.0,7.27
191.0,219.0,8.23
191.0,252.0,13.5
191.0,253.0,12.93
191.0,258.0,13.31
192.0,7.0,11.92
192.0,8.0,13.05
192.0,9.0,3.22
192.0,10.0,9.89
192.0,15.0,6.67
192.0,16.0,5.43
192.0,19.0,9.93
192.0,28.0,4.78
192.0,36.0,13.06
192.0,37.0,13.9
192.0,38.0,11.46
192.0,53.0,6.27
192.0,56.0,4.87
192.0,57.0,4.43
192.0,58.0,14.38
192.0,63.0,11.25
192.0,64.0,8.8
192.0,70.0,6.58
192.0,73.0,1.76
192.0,76.0,13.96
192.0,77.0,14.42
192.0,80.0,14.16
192.0,82.0,6.92
192.0,83.0,8.6
192.0,92.0,2.97
192.0,93.0,2.89
192.0,95.0,4.88
192.0,96.0,9.3
192.0,98.0,4.44
192.0,101.0,11.6
192.0,102.0,8.96
192.0,121.0,2.68
192.0,122.0,7.74
192.0,124.0,12.98
192.0,126.0,12.73
192.0,129.0,8.05
192.0,130.0,6.25
192.0,131.0,5.52
192.0,132.0,14.56
192.0,134.0,5.45
192.0,135.0,2.35
192.0,138.0,7.91
192.0,139.0,12.58
192.0,145.0,14.88
192.0,146.0,13.4
192.0,147.0,14.54
192.0,157.0,10.12
192.0,160.0,8.12
192.0,168.0,14.67
192.0,171.0,3.67
192.0,173.0,5.48
192.0,175.0,6.75
192.0,177.0,14.73
192.0,179.0,13.24
192.0,180.0,10.62
192.0,182.0,14.62
192.0,191.0,9.2
192.0,192.0,0.0
192.0,193.0,14.32
192.0,194.0,14.02
192.0,196.0,5.95
192.0,197.0,7.44
192.0,198.0,11.07
192.0,199.0,10.24
192.0,205.0,9.65
192.0,207.0,9.83
192.0,208.0,11.73
192.0,212.0,13.78
192.0,213.0,11.9
192.0,215.0,7.73
192.0,216.0,9.94
192.0,218.0,11.52
192.0,219.0,13.24
192.0,223.0,11.19
192.0,226.0,12.22
192.0,248.0,14.73
192.0,250.0,13.51
192.0,252.0,6.53
192.0,253.0,3.81
192.0,258.0,9.26
192.0,260.0,10.14
193.0,4.0,6.63
193.0,7.0,2.49
193.0,8.0,3.41
193.0,12.0,11.75
193.0,13.0,10.88
193.0,17.0,10.15
193.0,24.0,6.66
193.0,25.0,12.02
193.0,33.0,11.18
193.0,34.0,9.32
193.0,35.0,14.58
193.0,36.0,9.19
193.0,37.0,9.84
193.0,40.0,13.34
193.0,41.0,6.55
193.0,42.0,8.52
193.0,43.0,4.18
193.0,45.0,9.41
193.0,47.0,12.98
193.0,48.0,5.33
193.0,49.0,10.87
193.0,50.0,5.98
193.0,52.0,12.42
193.0,53.0,11.45
193.0,54.0,12.7
193.0,56.0,9.66
193.0,57.0,9.92
193.0,59.0,12.64
193.0,60.0,12.5
193.0,61.0,12.61
193.0,62.0,13.79
193.0,63.0,13.29
193.0,65.0,10.73
193.0,66.0,9.82
193.0,68.0,6.68
193.0,69.0,10.88
193.0,70.0,8.21
193.0,74.0,6.03
193.0,75.0,4.39
193.0,77.0,14.72
193.0,78.0,13.95
193.0,79.0,6.86
193.0,80.0,6.63
193.0,82.0,7.84
193.0,83.0,6.42
193.0,87.0,10.72
193.0,88.0,11.4
193.0,90.0,6.67
193.0,92.0,12.6
193.0,93.0,11.62
193.0,95.0,11.95
193.0,96.0,12.16
193.0,97.0,10.85
193.0,100.0,5.3
193.0,102.0,11.13
193.0,104.0,14.24
193.0,105.0,13.57
193.0,106.0,13.85
193.0,107.0,5.82
193.0,112.0,4.6
193.0,113.0,7.11
193.0,114.0,7.75
193.0,116.0,9.83
193.0,119.0,11.53
193.0,120.0,12.77
193.0,125.0,8.84
193.0,126.0,9.87
193.0,129.0,6.32
193.0,134.0,14.76
193.0,135.0,14.24
193.0,137.0,4.82
193.0,138.0,7.89
193.0,140.0,1.61
193.0,141.0,2.19
193.0,142.0,4.82
193.0,143.0,5.58
193.0,144.0,8.42
193.0,145.0,2.32
193.0,146.0,1.2
193.0,147.0,9.96
193.0,148.0,8.16
193.0,151.0,6.25
193.0,152.0,8.58
193.0,157.0,6.93
193.0,158.0,8.33
193.0,159.0,9.12
193.0,160.0,9.25
193.0,161.0,3.99
193.0,162.0,3.42
193.0,163.0,4.01
193.0,164.0,5.1
193.0,166.0,7.55
193.0,167.0,10.82
193.0,168.0,7.46
193.0,169.0,13.68
193.0,170.0,4.46
193.0,171.0,14.79
193.0,173.0,8.86
193.0,177.0,12.69
193.0,179.0,2.25
193.0,181.0,13.92
193.0,182.0,14.74
193.0,186.0,5.88
193.0,188.0,14.93
193.0,189.0,12.47
193.0,190.0,14.8
193.0,192.0,14.32
193.0,193.0,0.0
193.0,194.0,4.91
193.0,195.0,14.52
193.0,196.0,10.09
193.0,198.0,9.09
193.0,199.0,8.01
193.0,202.0,0.92
193.0,207.0,4.78
193.0,209.0,10.19
193.0,211.0,8.52
193.0,212.0,12.79
193.0,213.0,12.6
193.0,217.0,8.49
193.0,223.0,4.79
193.0,224.0,5.69
193.0,225.0,10.66
193.0,226.0,3.84
193.0,229.0,2.63
193.0,230.0,4.7
193.0,231.0,9.64
193.0,232.0,8.11
193.0,233.0,3.52
193.0,234.0,6.14
193.0,235.0,13.87
193.0,236.0,3.4
193.0,237.0,2.9
193.0,238.0,5.77
193.0,239.0,5.36
193.0,243.0,14.27
193.0,244.0,11.97
193.0,246.0,6.98
193.0,247.0,10.29
193.0,248.0,13.35
193.0,249.0,7.76
193.0,250.0,14.81
193.0,252.0,14.65
193.0,253.0,11.22
193.0,255.0,6.34
193.0,256.0,7.53
193.0,258.0,14.24
193.0,260.0,4.62
193.0,261.0,10.91
193.0,262.0,2.35
193.0,263.0,2.89
194.0,3.0,13.81
194.0,4.0,11.47
194.0,7.0,4.37
194.0,8.0,1.84
194.0,17.0,14.89
194.0,18.0,11.91
194.0,20.0,10.73
194.0,24.0,4.83
194.0,31.0,11.24
194.0,32.0,12.63
194.0,34.0,14.22
194.0,36.0,13.32
194.0,37.0,14.11
194.0,41.0,3.56
194.0,42.0,4.39
194.0,43.0,4.73
194.0,45.0,14.15
194.0,47.0,8.08
194.0,48.0,8.4
194.0,50.0,8.66
194.0,53.0,9.22
194.0,56.0,10.33
194.0,57.0,9.78
194.0,58.0,13.77
194.0,59.0,7.73
194.0,60.0,7.65
194.0,66.0,14.71
194.0,68.0,10.46
194.0,69.0,6.04
194.0,70.0,7.46
194.0,73.0,14.14
194.0,74.0,2.06
194.0,75.0,2.36
194.0,78.0,9.05
194.0,79.0,11.55
194.0,80.0,11.2
194.0,82.0,9.23
194.0,83.0,8.54
194.0,90.0,10.78
194.0,92.0,11.53
194.0,93.0,11.9
194.0,94.0,10.27
194.0,95.0,13.34
194.0,100.0,9.02
194.0,102.0,13.95
194.0,107.0,10.35
194.0,112.0,9.45
194.0,113.0,11.57
194.0,114.0,12.27
194.0,116.0,5.93
194.0,119.0,6.89
194.0,120.0,8.21
194.0,125.0,13.25
194.0,126.0,5.34
194.0,127.0,11.06
194.0,128.0,11.97
194.0,129.0,6.61
194.0,135.0,14.74
194.0,136.0,11.12
194.0,137.0,9.41
194.0,138.0,6.18
194.0,140.0,5.03
194.0,141.0,5.26
194.0,142.0,6.83
194.0,143.0,7.36
194.0,144.0,13.08
194.0,145.0,7.23
194.0,146.0,5.52
194.0,147.0,5.09
194.0,148.0,12.91
194.0,151.0,4.96
194.0,152.0,5.13
194.0,153.0,12.6
194.0,157.0,10.15
194.0,158.0,12.49
194.0,159.0,4.22
194.0,160.0,11.77
194.0,161.0,7.64
194.0,162.0,7.33
194.0,163.0,7.07
194.0,164.0,9.18
194.0,166.0,4.95
194.0,167.0,5.91
194.0,168.0,2.55
194.0,169.0,8.81
194.0,170.0,8.74
194.0,171.0,13.23
194.0,173.0,8.88
194.0,174.0,13.65
194.0,179.0,2.89
194.0,182.0,10.11
194.0,183.0,13.43
194.0,185.0,12.17
194.0,186.0,9.8
194.0,192.0,14.02
194.0,193.0,4.91
194.0,194.0,0.0
194.0,196.0,11.72
194.0,198.0,12.67
194.0,199.0,4.67
194.0,202.0,5.13
194.0,207.0,4.87
194.0,208.0,12.21
194.0,209.0,14.91
194.0,211.0,13.06
194.0,212.0,8.17
194.0,213.0,8.39
194.0,217.0,13.34
194.0,220.0,13.54
194.0,223.0,2.92
194.0,224.0,10.45
194.0,226.0,7.83
194.0,229.0,6.76
194.0,230.0,8.06
194.0,231.0,14.2
194.0,232.0,12.96
194.0,233.0,7.91
194.0,234.0,10.45
194.0,235.0,9.1
194.0,236.0,3.93
194.0,237.0,5.63
194.0,238.0,5.39
194.0,239.0,6.1
194.0,241.0,12.99
194.0,242.0,11.62
194.0,243.0,9.77
194.0,244.0,7.69
194.0,246.0,10.43
194.0,247.0,5.59
194.0,248.0,8.61
194.0,249.0,12.03
194.0,250.0,10.39
194.0,252.0,12.13
194.0,253.0,10.3
194.0,255.0,11.22
194.0,256.0,12.41
194.0,260.0,7.17
194.0,262.0,3.3
194.0,263.0,3.45
195.0,4.0,7.93
195.0,6.0,13.05
195.0,11.0,10.46
195.0,12.0,4.08
195.0,13.0,5.41
195.0,14.0,7.79
195.0,17.0,7.0
195.0,21.0,11.24
195.0,22.0,9.42
195.0,25.0,2.96
195.0,26.0,6.93
195.0,29.0,14.87
195.0,33.0,3.35
195.0,34.0,5.63
195.0,35.0,11.14
195.0,36.0,10.82
195.0,37.0,10.09
195.0,39.0,13.37
195.0,40.0,1.57
195.0,45.0,5.56
195.0,48.0,12.92
195.0,49.0,5.52
195.0,50.0,13.41
195.0,52.0,2.14
195.0,54.0,1.85
195.0,55.0,14.65
195.0,61.0,7.78
195.0,62.0,6.85
195.0,63.0,14.63
195.0,65.0,3.88
195.0,66.0,4.71
195.0,67.0,8.22
195.0,68.0,10.75
195.0,71.0,9.16
195.0,72.0,10.26
195.0,76.0,14.89
195.0,77.0,12.74
195.0,79.0,8.07
195.0,80.0,9.96
195.0,85.0,7.73
195.0,87.0,4.59
195.0,88.0,4.09
195.0,89.0,7.7
195.0,90.0,9.89
195.0,91.0,11.39
195.0,97.0,4.42
195.0,100.0,11.67
195.0,103.0,4.54
195.0,104.0,4.9
195.0,105.0,2.23
195.0,106.0,2.08
195.0,107.0,9.42
195.0,108.0,13.15
195.0,111.0,4.03
195.0,112.0,10.34
195.0,113.0,8.54
195.0,114.0,7.86
195.0,115.0,12.17
195.0,123.0,12.16
195.0,125.0,7.45
195.0,133.0,6.31
195.0,137.0,10.2
195.0,140.0,14.53
195.0,141.0,14.51
195.0,142.0,14.73
195.0,143.0,14.94
195.0,144.0,6.8
195.0,145.0,12.26
195.0,146.0,14.22
195.0,148.0,6.69
195.0,149.0,12.39
195.0,155.0,13.76
195.0,157.0,13.86
195.0,158.0,8.74
195.0,161.0,12.61
195.0,162.0,12.6
195.0,163.0,13.52
195.0,164.0,11.05
195.0,165.0,9.91
195.0,170.0,11.14
195.0,177.0,10.64
195.0,178.0,9.58
195.0,181.0,3.18
195.0,186.0,10.87
195.0,188.0,7.3
195.0,189.0,4.64
195.0,190.0,4.93
195.0,193.0,14.52
195.0,195.0,0.0
195.0,198.0,12.8
195.0,202.0,14.29
195.0,206.0,11.67
195.0,209.0,4.96
195.0,210.0,14.44
195.0,211.0,7.15
195.0,217.0,7.0
195.0,221.0,11.0
195.0,222.0,14.7
195.0,224.0,9.02
195.0,225.0,8.8
195.0,226.0,13.11
195.0,227.0,4.97
195.0,228.0,3.41
195.0,229.0,12.89
195.0,230.0,12.69
195.0,231.0,6.2
195.0,232.0,6.45
195.0,233.0,11.74
195.0,234.0,9.74
195.0,237.0,14.5
195.0,245.0,12.38
195.0,246.0,11.43
195.0,249.0,8.7
195.0,255.0,8.58
195.0,256.0,7.55
195.0,257.0,4.74
195.0,261.0,4.95
196.0,4.0,12.65
196.0,7.0,8.14
196.0,8.0,10.18
196.0,9.0,9.15
196.0,10.0,10.63
196.0,15.0,12.03
196.0,16.0,11.36
196.0,17.0,10.9
196.0,25.0,14.91
196.0,28.0,6.44
196.0,34.0,12.57
196.0,35.0,10.51
196.0,36.0,7.13
196.0,37.0,8.0
196.0,38.0,14.97
196.0,39.0,13.55
196.0,43.0,14.07
196.0,49.0,12.37
196.0,53.0,8.36
196.0,56.0,2.3
196.0,57.0,3.92
196.0,61.0,11.36
196.0,62.0,12.93
196.0,63.0,6.43
196.0,64.0,14.7
196.0,65.0,14.39
196.0,66.0,14.07
196.0,70.0,5.49
196.0,71.0,14.61
196.0,72.0,12.66
196.0,73.0,7.47
196.0,74.0,13.76
196.0,75.0,13.12
196.0,76.0,9.69
196.0,77.0,9.45
196.0,79.0,13.65
196.0,80.0,8.33
196.0,82.0,2.49
196.0,83.0,3.67
196.0,92.0,6.41
196.0,93.0,3.29
196.0,95.0,1.88
196.0,96.0,4.38
196.0,97.0,13.46
196.0,98.0,9.66
196.0,100.0,14.53
196.0,102.0,3.6
196.0,107.0,13.53
196.0,112.0,9.61
196.0,113.0,14.61
196.0,114.0,14.92
196.0,121.0,6.79
196.0,122.0,11.6
196.0,124.0,10.18
196.0,126.0,12.87
196.0,129.0,5.19
196.0,130.0,8.36
196.0,131.0,9.74
196.0,132.0,14.43
196.0,134.0,4.68
196.0,135.0,4.7
196.0,137.0,12.77
196.0,138.0,7.18
196.0,140.0,11.7
196.0,141.0,12.28
196.0,142.0,14.89
196.0,144.0,14.89
196.0,145.0,9.93
196.0,146.0,8.96
196.0,147.0,14.31
196.0,148.0,14.24
196.0,157.0,4.35
196.0,159.0,14.62
196.0,160.0,2.19
196.0,161.0,13.56
196.0,162.0,12.94
196.0,163.0,13.9
196.0,164.0,13.95
196.0,168.0,13.34
196.0,170.0,13.21
196.0,171.0,8.62
196.0,173.0,3.88
196.0,175.0,12.34
196.0,177.0,9.18
196.0,179.0,9.84
196.0,180.0,7.64
196.0,186.0,14.74
196.0,188.0,13.62
196.0,189.0,13.62
196.0,191.0,13.65
196.0,192.0,5.95
196.0,193.0,10.09
196.0,194.0,11.72
196.0,196.0,0.0
196.0,197.0,5.88
196.0,198.0,5.15
196.0,199.0,9.79
196.0,202.0,10.98
196.0,205.0,12.28
196.0,207.0,6.85
196.0,208.0,14.95
196.0,212.0,14.97
196.0,213.0,13.49
196.0,215.0,9.31
196.0,216.0,8.82
196.0,217.0,11.1
196.0,218.0,12.81
196.0,219.0,14.47
196.0,222.0,11.74
196.0,223.0,8.87
196.0,224.0,12.64
196.0,225.0,9.45
196.0,226.0,7.04
196.0,229.0,12.19
196.0,230.0,14.33
196.0,232.0,13.43
196.0,233.0,12.42
196.0,234.0,14.3
196.0,236.0,13.13
196.0,237.0,12.98
196.0,252.0,10.55
196.0,253.0,5.63
196.0,255.0,10.53
196.0,256.0,10.98
196.0,258.0,5.56
196.0,260.0,5.47
196.0,262.0,11.8
196.0,263.0,12.45
197.0,2.0,11.42
197.0,7.0,13.94
197.0,9.0,9.58
197.0,10.0,5.0
197.0,15.0,13.97
197.0,16.0,11.89
197.0,17.0,13.25
197.0,19.0,13.07
197.0,28.0,3.52
197.0,30.0,13.37
197.0,35.0,9.9
197.0,36.0,9.7
197.0,37.0,10.17
197.0,38.0,10.62
197.0,39.0,11.29
197.0,49.0,14.66
197.0,53.0,12.76
197.0,56.0,7.55
197.0,57.0,8.78
197.0,61.0,12.42
197.0,62.0,13.75
197.0,63.0,5.49
197.0,64.0,14.08
197.0,70.0,10.93
197.0,71.0,14.01
197.0,72.0,11.9
197.0,73.0,9.14
197.0,76.0,7.1
197.0,77.0,8.27
197.0,80.0,12.18
197.0,82.0,8.37
197.0,83.0,9.37
197.0,91.0,14.91
197.0,92.0,9.78
197.0,93.0,6.87
197.0,95.0,4.37
197.0,96.0,4.54
197.0,98.0,8.37
197.0,102.0,5.16
197.0,112.0,14.17
197.0,121.0,5.89
197.0,122.0,8.12
197.0,124.0,5.55
197.0,129.0,11.03
197.0,130.0,4.36
197.0,131.0,7.21
197.0,132.0,8.55
197.0,134.0,2.0
197.0,135.0,5.09
197.0,138.0,12.66
197.0,139.0,9.98
197.0,146.0,14.51
197.0,157.0,9.05
197.0,160.0,6.49
197.0,171.0,11.1
197.0,173.0,9.24
197.0,175.0,11.05
197.0,177.0,9.57
197.0,180.0,3.31
197.0,188.0,13.99
197.0,191.0,10.41
197.0,192.0,7.44
197.0,196.0,5.88
197.0,197.0,0.0
197.0,198.0,8.07
197.0,203.0,11.52
197.0,205.0,7.56
197.0,207.0,12.73
197.0,215.0,4.45
197.0,216.0,2.99
197.0,217.0,14.28
197.0,218.0,7.24
197.0,219.0,8.79
197.0,222.0,8.97
197.0,223.0,14.73
197.0,225.0,11.28
197.0,226.0,12.21
197.0,252.0,13.86
197.0,253.0,9.78
197.0,255.0,14.52
197.0,256.0,14.56
197.0,258.0,2.89
197.0,260.0,11.12
198.0,4.0,8.75
198.0,7.0,8.32
198.0,8.0,10.85
198.0,9.0,14.25
198.0,10.0,12.97
198.0,12.0,12.69
198.0,13.0,12.76
198.0,17.0,5.8
198.0,25.0,9.88
198.0,26.0,14.72
198.0,28.0,10.38
198.0,33.0,10.53
198.0,34.0,7.78
198.0,35.0,6.31
198.0,36.0,1.99
198.0,37.0,2.84
198.0,39.0,10.05
198.0,40.0,11.23
198.0,43.0,13.23
198.0,45.0,10.77
198.0,48.0,12.78
198.0,49.0,7.28
198.0,50.0,13.61
198.0,52.0,10.97
198.0,53.0,12.75
198.0,54.0,11.62
198.0,56.0,7.0
198.0,57.0,8.54
198.0,61.0,6.3
198.0,62.0,7.87
198.0,63.0,4.24
198.0,65.0,9.54
198.0,66.0,9.37
198.0,68.0,12.55
198.0,70.0,9.13
198.0,71.0,9.99
198.0,72.0,8.27
198.0,73.0,12.62
198.0,74.0,14.46
198.0,75.0,13.21
198.0,76.0,7.24
198.0,77.0,5.91
198.0,79.0,9.87
198.0,80.0,4.12
198.0,82.0,5.56
198.0,83.0,4.79
198.0,85.0,10.46
198.0,87.0,11.78
198.0,88.0,12.23
198.0,89.0,12.04
198.0,90.0,11.83
198.0,91.0,12.19
198.0,92.0,11.4
198.0,93.0,8.43
198.0,95.0,6.4
198.0,96.0,3.64
198.0,97.0,8.47
198.0,98.0,14.45
198.0,100.0,11.9
198.0,102.0,2.92
198.0,105.0,13.32
198.0,106.0,11.02
198.0,107.0,10.19
198.0,111.0,12.68
198.0,112.0,6.3
198.0,113.0,10.99
198.0,114.0,11.12
198.0,121.0,11.5
198.0,124.0,9.5
198.0,125.0,12.13
198.0,129.0,7.68
198.0,130.0,12.0
198.0,131.0,14.14
198.0,133.0,12.74
198.0,134.0,8.13
198.0,135.0,9.52
198.0,137.0,9.7
198.0,138.0,10.45
198.0,140.0,10.48
198.0,141.0,10.97
198.0,142.0,13.27
198.0,143.0,13.99
198.0,144.0,10.81
198.0,145.0,7.76
198.0,146.0,7.92
198.0,148.0,10.09
198.0,155.0,13.58
198.0,157.0,2.57
198.0,158.0,12.65
198.0,160.0,2.97
198.0,161.0,11.35
198.0,162.0,10.78
198.0,163.0,11.99
198.0,164.0,11.16
198.0,165.0,13.98
198.0,168.0,14.91
198.0,170.0,10.47
198.0,171.0,13.7
198.0,173.0,8.02
198.0,177.0,4.58
198.0,179.0,10.01
198.0,180.0,7.59
198.0,181.0,10.34
198.0,186.0,11.83
198.0,188.0,8.67
198.0,189.0,8.47
198.0,190.0,9.97
198.0,192.0,11.07
198.0,193.0,9.09
198.0,194.0,12.67
198.0,195.0,12.8
198.0,196.0,5.15
198.0,197.0,8.07
198.0,198.0,0.0
198.0,199.0,12.61
198.0,202.0,9.75
198.0,207.0,8.45
198.0,209.0,11.36
198.0,211.0,11.4
198.0,215.0,12.46
198.0,216.0,10.18
198.0,217.0,6.34
198.0,222.0,8.92
198.0,223.0,10.43
198.0,224.0,9.13
198.0,225.0,4.31
198.0,226.0,5.24
198.0,227.0,14.88
198.0,228.0,14.56
198.0,229.0,10.21
198.0,230.0,12.07
198.0,231.0,11.93
198.0,232.0,9.13
198.0,233.0,9.96
198.0,234.0,11.06
198.0,236.0,12.48
198.0,237.0,11.57
198.0,238.0,14.82
198.0,239.0,14.24
198.0,246.0,13.3
198.0,249.0,11.99
198.0,253.0,10.42
198.0,255.0,6.46
198.0,256.0,6.51
198.0,257.0,11.51
198.0,258.0,5.74
198.0,260.0,5.56
198.0,261.0,12.4
198.0,262.0,11.35
198.0,263.0,11.95
199.0,3.0,11.48
199.0,4.0,14.43
199.0,7.0,6.0
199.0,8.0,4.87
199.0,9.0,12.08
199.0,15.0,10.82
199.0,16.0,12.86
199.0,18.0,11.29
199.0,20.0,9.81
199.0,24.0,9.36
199.0,28.0,14.29
199.0,31.0,9.83
199.0,32.0,10.9
199.0,36.0,13.87
199.0,37.0,14.8
199.0,41.0,7.88
199.0,42.0,7.6
199.0,43.0,9.32
199.0,46.0,14.08
199.0,47.0,7.84
199.0,48.0,12.66
199.0,50.0,13.04
199.0,51.0,13.61
199.0,53.0,4.68
199.0,56.0,7.77
199.0,57.0,6.62
199.0,58.0,10.14
199.0,59.0,7.11
199.0,60.0,6.31
199.0,68.0,14.48
199.0,69.0,6.93
199.0,70.0,4.38
199.0,73.0,10.0
199.0,74.0,6.26
199.0,75.0,7.03
199.0,78.0,7.92
199.0,79.0,14.81
199.0,80.0,12.66
199.0,81.0,14.17
199.0,82.0,7.61
199.0,83.0,7.83
199.0,90.0,14.61
199.0,92.0,7.44
199.0,93.0,8.75
199.0,94.0,10.04
199.0,95.0,10.96
199.0,96.0,13.89
199.0,98.0,14.39
199.0,100.0,13.04
199.0,102.0,12.89
199.0,107.0,13.82
199.0,112.0,11.72
199.0,116.0,9.03
199.0,119.0,8.4
199.0,120.0,9.73
199.0,121.0,12.84
199.0,126.0,3.1
199.0,127.0,11.76
199.0,128.0,12.82
199.0,129.0,4.98
199.0,134.0,13.61
199.0,135.0,11.48
199.0,136.0,11.21
199.0,137.0,12.83
199.0,138.0,2.66
199.0,140.0,8.87
199.0,141.0,9.28
199.0,142.0,11.3
199.0,143.0,11.9
199.0,145.0,9.98
199.0,146.0,7.95
199.0,147.0,4.57
199.0,151.0,9.57
199.0,152.0,8.85
199.0,153.0,12.86
199.0,157.0,10.11
199.0,159.0,5.22
199.0,160.0,10.7
199.0,161.0,11.65
199.0,162.0,11.2
199.0,163.0,11.27
199.0,164.0,13.01
199.0,166.0,9.21
199.0,167.0,5.78
199.0,168.0,4.49
199.0,169.0,8.88
199.0,170.0,12.43
199.0,171.0,8.8
199.0,173.0,6.07
199.0,174.0,12.66
199.0,179.0,5.84
199.0,182.0,7.39
199.0,183.0,10.26
199.0,184.0,14.08
199.0,185.0,9.83
199.0,186.0,13.73
199.0,192.0,10.24
199.0,193.0,8.01
199.0,194.0,4.67
199.0,196.0,9.79
199.0,198.0,12.61
199.0,199.0,0.0
199.0,202.0,8.64
199.0,207.0,4.4
199.0,208.0,8.11
199.0,212.0,5.6
199.0,213.0,4.79
199.0,220.0,13.79
199.0,223.0,3.24
199.0,224.0,13.61
199.0,226.0,9.14
199.0,229.0,10.48
199.0,230.0,12.2
199.0,233.0,11.5
199.0,234.0,14.13
199.0,235.0,9.76
199.0,236.0,8.43
199.0,237.0,9.81
199.0,238.0,10.06
199.0,239.0,10.74
199.0,241.0,12.64
199.0,242.0,8.93
199.0,243.0,11.2
199.0,244.0,9.9
199.0,246.0,14.61
199.0,247.0,7.25
199.0,248.0,6.43
199.0,250.0,7.12
199.0,252.0,7.47
199.0,253.0,6.43
199.0,254.0,13.65
199.0,255.0,13.5
199.0,256.0,14.6
199.0,260.0,7.38
199.0,262.0,7.45
199.0,263.0,7.82
200.0,3.0,8.4
200.0,18.0,5.05
200.0,20.0,6.58
200.0,31.0,7.08
200.0,32.0,7.02
200.0,41.0,14.85
200.0,42.0,12.54
200.0,47.0,8.39
200.0,51.0,9.54
200.0,58.0,12.88
200.0,59.0,9.08
200.0,60.0,9.93
200.0,69.0,10.07
200.0,74.0,14.86
200.0,78.0,8.38
200.0,81.0,8.3
200.0,94.0,6.15
200.0,116.0,11.63
200.0,119.0,9.33
200.0,120.0,8.2
200.0,126.0,13.09
200.0,127.0,5.11
200.0,128.0,4.44
200.0,136.0,5.05
200.0,147.0,11.79
200.0,152.0,13.09
200.0,153.0,3.49
200.0,159.0,11.98
200.0,166.0,14.59
200.0,167.0,10.61
200.0,168.0,13.61
200.0,169.0,7.43
200.0,174.0,4.53
200.0,182.0,10.61
200.0,183.0,11.2
200.0,184.0,11.96
200.0,185.0,8.86
200.0,200.0,0.0
200.0,208.0,14.56
200.0,212.0,11.33
200.0,213.0,13.19
200.0,220.0,2.56
200.0,235.0,6.99
200.0,240.0,2.88
200.0,241.0,3.62
200.0,242.0,9.98
200.0,243.0,6.88
200.0,244.0,9.33
200.0,247.0,10.56
200.0,248.0,10.37
200.0,250.0,11.86
200.0,254.0,5.93
200.0,259.0,6.1
201.0,2.0,5.84
201.0,27.0,7.58
201.0,29.0,13.12
201.0,30.0,4.47
201.0,35.0,14.64
201.0,39.0,10.81
201.0,71.0,14.33
201.0,72.0,14.0
201.0,76.0,12.72
201.0,77.0,14.22
201.0,86.0,10.45
201.0,91.0,11.97
201.0,117.0,6.44
201.0,123.0,13.84
201.0,124.0,11.77
201.0,132.0,11.94
201.0,149.0,12.3
201.0,150.0,11.16
201.0,154.0,6.97
201.0,155.0,9.63
201.0,165.0,14.1
201.0,180.0,14.32
201.0,201.0,0.0
201.0,210.0,11.0
201.0,216.0,14.64
201.0,222.0,11.08
202.0,4.0,6.36
202.0,7.0,3.37
202.0,8.0,3.87
202.0,12.0,11.33
202.0,13.0,10.39
202.0,17.0,10.34
202.0,24.0,6.14
202.0,25.0,11.9
202.0,33.0,10.94
202.0,34.0,9.27
202.0,36.0,9.7
202.0,37.0,10.3
202.0,40.0,13.18
202.0,41.0,6.24
202.0,42.0,8.35
202.0,43.0,3.49
202.0,45.0,9.03
202.0,47.0,13.11
202.0,48.0,4.44
202.0,49.0,10.95
202.0,50.0,5.07
202.0,52.0,12.22
202.0,53.0,12.25
202.0,54.0,12.46
202.0,56.0,10.58
202.0,57.0,10.83
202.0,59.0,12.83
202.0,60.0,12.78
202.0,61.0,12.9
202.0,62.0,14.01
202.0,63.0,13.98
202.0,65.0,10.57
202.0,66.0,9.62
202.0,68.0,5.9
202.0,69.0,10.94
202.0,70.0,9.08
202.0,74.0,5.94
202.0,75.0,4.16
202.0,78.0,14.16
202.0,79.0,6.44
202.0,80.0,6.99
202.0,82.0,8.75
202.0,83.0,7.31
202.0,87.0,10.32
202.0,88.0,11.0
202.0,90.0,5.98
202.0,92.0,13.48
202.0,93.0,12.54
202.0,95.0,12.84
202.0,96.0,12.92
202.0,97.0,10.81
202.0,100.0,4.5
202.0,102.0,11.91
202.0,103.0,14.99
202.0,104.0,13.72
202.0,105.0,13.21
202.0,106.0,13.75
202.0,107.0,5.29
202.0,112.0,4.76
202.0,113.0,6.55
202.0,114.0,7.22
202.0,116.0,9.58
202.0,119.0,11.48
202.0,120.0,12.66
202.0,125.0,8.27
202.0,126.0,10.29
202.0,129.0,7.23
202.0,137.0,4.32
202.0,138.0,8.69
202.0,140.0,0.75
202.0,141.0,1.31
202.0,142.0,3.92
202.0,143.0,4.68
202.0,144.0,7.98
202.0,145.0,2.43
202.0,146.0,2.02
202.0,147.0,10.22
202.0,148.0,7.79
202.0,151.0,5.68
202.0,152.0,8.26
202.0,157.0,7.69
202.0,158.0,7.67
202.0,159.0,9.26
202.0,160.0,10.08
202.0,161.0,3.14
202.0,162.0,2.61
202.0,163.0,3.1
202.0,164.0,4.38
202.0,166.0,7.11
202.0,167.0,11.01
202.0,168.0,7.63
202.0,169.0,13.76
202.0,170.0,3.8
202.0,173.0,9.77
202.0,177.0,13.16
202.0,179.0,2.79
202.0,181.0,13.89
202.0,186.0,5.12
202.0,189.0,12.53
202.0,190.0,14.88
202.0,193.0,0.92
202.0,194.0,5.13
202.0,195.0,14.29
202.0,196.0,10.98
202.0,198.0,9.75
202.0,199.0,8.64
202.0,202.0,0.0
202.0,207.0,5.64
202.0,209.0,9.8
202.0,211.0,8.01
202.0,212.0,13.19
202.0,213.0,13.12
202.0,217.0,8.57
202.0,223.0,5.46
202.0,224.0,5.32
202.0,225.0,11.02
202.0,226.0,4.53
202.0,229.0,1.85
202.0,230.0,3.82
202.0,231.0,9.14
202.0,232.0,7.85
202.0,233.0,2.88
202.0,234.0,5.51
202.0,235.0,13.85
202.0,236.0,2.84
202.0,237.0,2.01
202.0,238.0,5.08
202.0,239.0,4.55
202.0,243.0,14.13
202.0,244.0,11.78
202.0,246.0,6.15
202.0,247.0,10.27
202.0,248.0,13.7
202.0,249.0,7.13
202.0,253.0,12.1
202.0,255.0,6.39
202.0,256.0,7.58
202.0,260.0,5.51
202.0,261.0,10.46
202.0,262.0,2.1
202.0,263.0,2.48
203.0,2.0,11.87
203.0,9.0,14.71
203.0,10.0,6.52
203.0,19.0,11.49
203.0,28.0,11.03
203.0,30.0,12.14
203.0,38.0,5.37
203.0,86.0,8.32
203.0,98.0,12.01
203.0,101.0,13.32
203.0,117.0,10.9
203.0,121.0,12.5
203.0,122.0,8.12
203.0,124.0,11.74
203.0,130.0,9.13
203.0,131.0,10.08
203.0,132.0,5.48
203.0,134.0,12.37
203.0,135.0,13.78
203.0,139.0,2.87
203.0,175.0,12.57
203.0,180.0,12.25
203.0,191.0,8.46
203.0,197.0,11.52
203.0,203.0,0.0
203.0,205.0,5.56
203.0,215.0,7.85
203.0,216.0,9.3
203.0,218.0,4.28
203.0,219.0,2.86
203.0,258.0,13.72
204.0,5.0,2.81
204.0,23.0,10.53
204.0,44.0,3.59
204.0,84.0,2.82
204.0,99.0,5.85
204.0,109.0,6.56
204.0,110.0,8.88
204.0,118.0,10.74
204.0,156.0,14.08
204.0,172.0,12.34
204.0,176.0,10.01
204.0,187.0,14.88
204.0,204.0,0.0
204.0,251.0,14.5
205.0,2.0,13.3
205.0,9.0,9.21
205.0,10.0,3.58
205.0,15.0,13.77
205.0,16.0,10.57
205.0,19.0,7.67
205.0,28.0,5.89
205.0,30.0,14.41
205.0,38.0,3.11
205.0,56.0,12.96
205.0,57.0,13.44
205.0,63.0,12.85
205.0,64.0,10.54
205.0,73.0,10.47
205.0,76.0,13.41
205.0,82.0,14.54
205.0,86.0,13.05
205.0,92.0,12.61
205.0,93.0,11.3
205.0,95.0,10.4
205.0,96.0,12.1
205.0,98.0,6.54
205.0,101.0,9.92
205.0,102.0,12.66
205.0,117.0,14.55
205.0,121.0,6.99
205.0,122.0,2.86
205.0,124.0,10.31
205.0,130.0,3.94
205.0,131.0,4.56
205.0,132.0,6.99
205.0,134.0,7.71
205.0,135.0,8.46
205.0,139.0,2.95
205.0,160.0,13.61
205.0,171.0,12.45
205.0,173.0,14.32
205.0,175.0,7.62
205.0,180.0,9.62
205.0,191.0,4.3
205.0,192.0,9.65
205.0,196.0,12.28
205.0,197.0,7.56
205.0,203.0,5.56
205.0,205.0,0.0
205.0,215.0,3.13
205.0,216.0,6.65
205.0,218.0,3.01
205.0,219.0,4.26
205.0,222.0,14.74
205.0,253.0,13.4
205.0,258.0,10.32
206.0,1.0,11.13
206.0,6.0,6.61
206.0,11.0,11.72
206.0,12.0,13.47
206.0,13.0,14.39
206.0,14.0,8.32
206.0,21.0,14.32
206.0,22.0,12.55
206.0,23.0,9.0
206.0,25.0,14.64
206.0,26.0,12.71
206.0,33.0,14.55
206.0,40.0,13.23
206.0,52.0,13.68
206.0,54.0,13.14
206.0,67.0,10.25
206.0,87.0,14.51
206.0,88.0,13.84
206.0,99.0,13.07
206.0,103.0,9.8
206.0,104.0,11.13
206.0,105.0,11.8
206.0,106.0,13.42
206.0,109.0,13.87
206.0,110.0,13.97
206.0,111.0,12.62
206.0,115.0,3.48
206.0,118.0,8.41
206.0,133.0,14.04
206.0,156.0,7.31
206.0,172.0,9.86
206.0,176.0,11.51
206.0,181.0,14.23
206.0,187.0,4.57
206.0,195.0,11.67
206.0,206.0,0.0
206.0,214.0,7.88
206.0,221.0,4.35
206.0,227.0,10.88
206.0,228.0,10.32
206.0,245.0,1.31
206.0,251.0,4.13
206.0,257.0,14.01
206.0,261.0,14.31
207.0,4.0,10.47
207.0,7.0,2.29
207.0,8.0,3.4
207.0,9.0,12.55
207.0,15.0,12.94
207.0,16.0,14.02
207.0,17.0,12.04
207.0,20.0,13.88
207.0,24.0,9.24
207.0,28.0,12.69
207.0,31.0,14.04
207.0,33.0,14.64
207.0,34.0,12.25
207.0,35.0,14.73
207.0,36.0,9.54
207.0,37.0,10.45
207.0,41.0,8.28
207.0,42.0,9.22
207.0,43.0,7.85
207.0,45.0,13.35
207.0,47.0,11.58
207.0,48.0,10.08
207.0,49.0,13.19
207.0,50.0,10.67
207.0,53.0,6.77
207.0,56.0,5.6
207.0,57.0,5.4
207.0,58.0,14.39
207.0,59.0,10.98
207.0,60.0,10.4
207.0,61.0,13.88
207.0,63.0,12.01
207.0,65.0,13.96
207.0,66.0,13.21
207.0,68.0,11.43
207.0,69.0,10.07
207.0,70.0,3.45
207.0,73.0,10.35
207.0,74.0,6.91
207.0,75.0,6.43
207.0,77.0,14.32
207.0,78.0,12.01
207.0,79.0,11.02
207.0,80.0,8.27
207.0,82.0,4.37
207.0,83.0,3.85
207.0,87.0,14.68
207.0,90.0,11.33
207.0,92.0,7.86
207.0,93.0,7.36
207.0,94.0,13.85
207.0,95.0,8.5
207.0,96.0,10.32
207.0,97.0,13.65
207.0,98.0,14.27
207.0,100.0,10.07
207.0,102.0,9.26
207.0,107.0,10.24
207.0,112.0,7.54
207.0,113.0,11.53
207.0,114.0,12.1
207.0,116.0,10.76
207.0,119.0,11.26
207.0,120.0,12.63
207.0,121.0,11.99
207.0,125.0,13.25
207.0,126.0,7.24
207.0,129.0,1.84
207.0,130.0,14.64
207.0,134.0,11.37
207.0,135.0,10.15
207.0,136.0,14.91
207.0,137.0,9.26
207.0,138.0,3.25
207.0,140.0,6.17
207.0,141.0,6.72
207.0,142.0,9.26
207.0,143.0,9.99
207.0,144.0,12.57
207.0,145.0,6.16
207.0,146.0,4.2
207.0,147.0,8.19
207.0,148.0,12.15
207.0,151.0,9.15
207.0,152.0,9.99
207.0,157.0,5.89
207.0,158.0,12.92
207.0,159.0,8.12
207.0,160.0,7.04
207.0,161.0,8.77
207.0,162.0,8.2
207.0,163.0,8.71
207.0,164.0,9.82
207.0,166.0,9.64
207.0,167.0,9.35
207.0,168.0,6.67
207.0,169.0,12.53
207.0,170.0,9.13
207.0,171.0,10.02
207.0,173.0,4.38
207.0,177.0,12.93
207.0,179.0,3.41
207.0,180.0,14.23
207.0,182.0,11.78
207.0,183.0,14.62
207.0,185.0,14.21
207.0,186.0,10.61
207.0,189.0,14.78
207.0,192.0,9.83
207.0,193.0,4.78
207.0,194.0,4.87
207.0,196.0,6.85
207.0,197.0,12.73
207.0,198.0,8.45
207.0,199.0,4.4
207.0,202.0,5.64
207.0,207.0,0.0
207.0,208.0,12.14
207.0,209.0,14.14
207.0,211.0,12.81
207.0,212.0,9.96
207.0,213.0,9.15
207.0,217.0,11.02
207.0,223.0,2.09
207.0,224.0,9.81
207.0,225.0,11.71
207.0,226.0,4.78
207.0,229.0,7.4
207.0,230.0,9.46
207.0,231.0,13.86
207.0,232.0,11.79
207.0,233.0,8.18
207.0,234.0,10.72
207.0,235.0,13.15
207.0,236.0,6.86
207.0,237.0,7.41
207.0,238.0,9.16
207.0,239.0,9.3
207.0,242.0,13.33
207.0,243.0,14.19
207.0,244.0,12.35
207.0,246.0,11.76
207.0,247.0,9.96
207.0,248.0,10.75
207.0,249.0,12.31
207.0,250.0,11.5
207.0,252.0,9.97
207.0,253.0,6.49
207.0,255.0,9.27
207.0,256.0,10.31
207.0,258.0,12.07
207.0,260.0,3.0
207.0,262.0,5.54
207.0,263.0,6.15
208.0,3.0,6.61
208.0,7.0,14.04
208.0,8.0,12.89
208.0,9.0,11.34
208.0,15.0,7.22
208.0,16.0,10.51
208.0,18.0,9.88
208.0,20.0,8.59
208.0,31.0,7.69
208.0,32.0,7.55
208.0,41.0,14.49
208.0,42.0,13.07
208.0,46.0,5.98
208.0,47.0,9.01
208.0,51.0,7.47
208.0,53.0,6.6
208.0,56.0,12.67
208.0,57.0,11.03
208.0,58.0,2.69
208.0,59.0,8.26
208.0,60.0,7.12
208.0,64.0,13.15
208.0,69.0,10.25
208.0,70.0,10.13
208.0,73.0,10.34
208.0,74.0,13.08
208.0,75.0,14.46
208.0,78.0,7.6
208.0,81.0,8.6
208.0,82.0,13.69
208.0,83.0,14.65
208.0,92.0,9.17
208.0,93.0,12.3
208.0,94.0,9.89
208.0,98.0,14.04
208.0,116.0,13.92
208.0,119.0,11.62
208.0,120.0,12.36
208.0,121.0,14.16
208.0,126.0,7.1
208.0,127.0,12.38
208.0,128.0,13.35
208.0,129.0,11.89
208.0,135.0,13.96
208.0,136.0,11.05
208.0,138.0,9.1
208.0,147.0,8.41
208.0,152.0,14.52
208.0,153.0,12.39
208.0,159.0,9.97
208.0,167.0,8.79
208.0,168.0,10.65
208.0,169.0,9.84
208.0,171.0,8.23
208.0,173.0,11.29
208.0,174.0,10.04
208.0,175.0,14.12
208.0,179.0,13.93
208.0,182.0,4.38
208.0,183.0,3.91
208.0,184.0,6.84
208.0,185.0,5.72
208.0,192.0,11.73
208.0,194.0,12.21
208.0,196.0,14.95
208.0,199.0,8.11
208.0,200.0,14.56
208.0,207.0,12.14
208.0,208.0,0.0
208.0,212.0,5.18
208.0,213.0,3.93
208.0,220.0,13.03
208.0,223.0,11.34
208.0,235.0,11.15
208.0,240.0,12.34
208.0,241.0,11.21
208.0,242.0,4.59
208.0,243.0,13.14
208.0,244.0,13.4
208.0,247.0,11.26
208.0,248.0,5.66
208.0,250.0,3.08
208.0,252.0,5.24
208.0,253.0,9.43
208.0,254.0,9.51
208.0,259.0,11.44
208.0,260.0,14.83
209.0,4.0,3.67
209.0,7.0,12.11
209.0,8.0,13.59
209.0,12.0,1.6
209.0,13.0,1.45
209.0,14.0,12.7
209.0,17.0,6.52
209.0,22.0,14.24
209.0,24.0,14.3
209.0,25.0,3.96
209.0,26.0,11.59
209.0,33.0,2.16
209.0,34.0,3.81
209.0,35.0,12.32
209.0,36.0,9.65
209.0,37.0,9.3
209.0,40.0,4.47
209.0,43.0,11.59
209.0,45.0,0.79
209.0,48.0,7.96
209.0,49.0,5.54
209.0,50.0,8.45
209.0,52.0,3.38
209.0,54.0,3.21
209.0,61.0,8.78
209.0,62.0,8.74
209.0,63.0,14.45
209.0,65.0,2.81
209.0,66.0,2.24
209.0,67.0,13.18
209.0,68.0,5.8
209.0,71.0,12.0
209.0,72.0,12.31
209.0,75.0,13.53
209.0,77.0,13.58
209.0,79.0,3.36
209.0,80.0,7.5
209.0,82.0,14.78
209.0,83.0,13.13
209.0,85.0,10.91
209.0,87.0,0.54
209.0,88.0,1.21
209.0,89.0,11.48
209.0,90.0,4.93
209.0,91.0,14.65
209.0,96.0,14.81
209.0,97.0,4.18
209.0,100.0,6.74
209.0,102.0,14.26
209.0,103.0,5.42
209.0,104.0,4.4
209.0,105.0,3.44
209.0,106.0,5.42
209.0,107.0,4.62
209.0,111.0,8.49
209.0,112.0,6.73
209.0,113.0,3.61
209.0,114.0,2.92
209.0,125.0,2.56
209.0,129.0,14.96
209.0,133.0,10.51
209.0,137.0,5.51
209.0,140.0,9.92
209.0,141.0,9.81
209.0,142.0,9.8
209.0,143.0,9.99
209.0,144.0,1.89
209.0,145.0,8.1
209.0,146.0,10.14
209.0,148.0,2.03
209.0,151.0,13.65
209.0,157.0,11.49
209.0,158.0,3.86
209.0,160.0,13.83
209.0,161.0,7.75
209.0,162.0,7.82
209.0,163.0,8.63
209.0,164.0,6.16
209.0,165.0,13.95
209.0,170.0,6.33
209.0,177.0,11.1
209.0,178.0,13.97
209.0,179.0,12.44
209.0,181.0,6.2
209.0,186.0,5.92
209.0,188.0,9.68
209.0,189.0,6.12
209.0,190.0,7.97
209.0,193.0,10.19
209.0,194.0,14.91
209.0,195.0,4.96
209.0,198.0,11.36
209.0,202.0,9.8
209.0,207.0,14.14
209.0,209.0,0.0
209.0,211.0,2.19
209.0,217.0,5.07
209.0,223.0,14.85
209.0,224.0,4.5
209.0,225.0,8.56
209.0,226.0,9.75
209.0,227.0,9.86
209.0,228.0,8.37
209.0,229.0,8.21
209.0,230.0,7.76
209.0,231.0,1.36
209.0,232.0,2.44
209.0,233.0,7.05
209.0,234.0,4.82
209.0,236.0,11.7
209.0,237.0,9.72
209.0,238.0,12.61
209.0,239.0,11.35
209.0,246.0,6.5
209.0,249.0,3.75
209.0,255.0,5.34
209.0,256.0,4.88
209.0,257.0,8.63
209.0,260.0,12.01
209.0,261.0,1.04
209.0,262.0,11.7
209.0,263.0,11.8
210.0,2.0,12.69
210.0,6.0,14.66
210.0,11.0,7.67
210.0,14.0,11.05
210.0,17.0,14.63
210.0,21.0,4.98
210.0,22.0,6.78
210.0,25.0,14.64
210.0,26.0,7.83
210.0,27.0,6.1
210.0,29.0,2.82
210.0,30.0,13.31
210.0,35.0,11.08
210.0,39.0,8.13
210.0,40.0,14.2
210.0,49.0,14.28
210.0,55.0,5.72
210.0,61.0,12.09
210.0,62.0,10.97
210.0,67.0,9.11
210.0,71.0,7.67
210.0,72.0,9.08
210.0,76.0,12.35
210.0,77.0,12.03
210.0,85.0,8.03
210.0,89.0,7.1
210.0,91.0,5.15
210.0,97.0,14.99
210.0,106.0,13.19
210.0,108.0,4.59
210.0,111.0,10.41
210.0,123.0,2.9
210.0,124.0,14.41
210.0,133.0,8.16
210.0,149.0,2.07
210.0,150.0,1.73
210.0,154.0,4.23
210.0,155.0,4.34
210.0,165.0,4.61
210.0,177.0,12.77
210.0,178.0,4.98
210.0,181.0,12.36
210.0,188.0,9.82
210.0,189.0,12.92
210.0,190.0,10.69
210.0,195.0,14.44
210.0,201.0,11.0
210.0,210.0,0.0
210.0,222.0,10.4
210.0,225.0,14.14
210.0,227.0,10.22
210.0,228.0,11.85
210.0,257.0,9.95
211.0,4.0,2.74
211.0,7.0,10.66
211.0,8.0,11.87
211.0,12.0,3.45
211.0,13.0,2.38
211.0,14.0,14.88
211.0,17.0,7.46
211.0,24.0,12.16
211.0,25.0,5.87
211.0,26.0,13.72
211.0,33.0,4.18
211.0,34.0,4.78
211.0,35.0,13.44
211.0,36.0,9.94
211.0,37.0,9.79
211.0,40.0,6.59
211.0,41.0,13.08
211.0,43.0,9.5
211.0,45.0,1.72
211.0,48.0,5.79
211.0,49.0,6.84
211.0,50.0,6.26
211.0,52.0,5.49
211.0,54.0,5.39
211.0,61.0,10.03
211.0,62.0,10.27
211.0,63.0,14.94
211.0,65.0,4.53
211.0,66.0,3.63
211.0,68.0,3.61
211.0,71.0,13.66
211.0,72.0,13.72
211.0,74.0,13.42
211.0,75.0,11.53
211.0,77.0,14.51
211.0,79.0,1.82
211.0,80.0,7.32
211.0,82.0,14.04
211.0,83.0,12.36
211.0,85.0,12.7
211.0,87.0,2.59
211.0,88.0,3.21
211.0,89.0,13.41
211.0,90.0,2.75
211.0,96.0,15.0
211.0,97.0,5.69
211.0,100.0,4.58
211.0,102.0,14.32
211.0,103.0,6.98
211.0,104.0,5.72
211.0,105.0,5.51
211.0,106.0,7.5
211.0,107.0,2.72
211.0,111.0,10.61
211.0,112.0,5.85
211.0,113.0,1.51
211.0,114.0,0.8
211.0,125.0,0.75
211.0,129.0,13.84
211.0,133.0,12.55
211.0,137.0,3.7
211.0,140.0,8.03
211.0,141.0,7.86
211.0,142.0,7.64
211.0,143.0,7.81
211.0,144.0,0.68
211.0,145.0,6.66
211.0,146.0,8.66
211.0,148.0,1.39
211.0,151.0,11.5
211.0,152.0,14.82
211.0,157.0,11.04
211.0,158.0,1.84
211.0,160.0,13.55
211.0,161.0,5.67
211.0,162.0,5.81
211.0,163.0,6.53
211.0,164.0,4.06
211.0,166.0,13.33
211.0,170.0,4.34
211.0,177.0,11.99
211.0,179.0,10.75
211.0,181.0,8.17
211.0,186.0,3.75
211.0,188.0,11.3
211.0,189.0,7.77
211.0,190.0,9.84
211.0,193.0,8.52
211.0,194.0,13.06
211.0,195.0,7.15
211.0,198.0,11.4
211.0,202.0,8.01
211.0,207.0,12.81
211.0,209.0,2.19
211.0,211.0,0.0
211.0,217.0,5.61
211.0,223.0,13.28
211.0,224.0,3.01
211.0,225.0,9.36
211.0,226.0,8.79
211.0,227.0,12.04
211.0,228.0,10.56
211.0,229.0,6.3
211.0,230.0,5.62
211.0,231.0,1.14
211.0,232.0,2.46
211.0,233.0,5.16
211.0,234.0,2.71
211.0,236.0,9.68
211.0,237.0,7.69
211.0,238.0,10.46
211.0,239.0,9.19
211.0,246.0,4.33
211.0,249.0,1.58
211.0,255.0,4.97
211.0,256.0,5.01
211.0,257.0,10.65
211.0,260.0,11.01
211.0,261.0,2.52
211.0,262.0,9.8
211.0,263.0,9.83
212.0,3.0,5.92
212.0,7.0,11.24
212.0,8.0,9.38
212.0,9.0,14.51
212.0,15.0,11.39
212.0,16.0,14.37
212.0,18.0,6.28
212.0,20.0,4.75
212.0,24.0,11.33
212.0,31.0,4.44
212.0,32.0,5.34
212.0,41.0,9.72
212.0,42.0,8.04
212.0,43.0,12.59
212.0,46.0,10.25
212.0,47.0,4.05
212.0,51.0,8.2
212.0,53.0,7.53
212.0,56.0,12.77
212.0,57.0,11.33
212.0,58.0,5.84
212.0,59.0,3.22
212.0,60.0,2.02
212.0,69.0,5.07
212.0,70.0,9.49
212.0,73.0,12.88
212.0,74.0,8.5
212.0,75.0,10.14
212.0,78.0,3.07
212.0,81.0,8.63
212.0,82.0,13.02
212.0,83.0,13.41
212.0,92.0,10.82
212.0,93.0,13.22
212.0,94.0,5.56
212.0,116.0,8.78
212.0,119.0,6.45
212.0,120.0,7.28
212.0,126.0,2.92
212.0,127.0,7.88
212.0,128.0,8.94
212.0,129.0,10.52
212.0,136.0,6.82
212.0,138.0,7.88
212.0,140.0,13.19
212.0,141.0,13.44
212.0,142.0,14.79
212.0,145.0,15.0
212.0,146.0,13.03
212.0,147.0,3.48
212.0,151.0,11.82
212.0,152.0,9.48
212.0,153.0,8.4
212.0,159.0,5.01
212.0,166.0,10.6
212.0,167.0,3.64
212.0,168.0,6.06
212.0,169.0,5.03
212.0,171.0,11.02
212.0,173.0,11.1
212.0,174.0,7.32
212.0,179.0,10.55
212.0,182.0,1.95
212.0,183.0,5.27
212.0,184.0,9.09
212.0,185.0,4.25
212.0,192.0,13.78
212.0,193.0,12.79
212.0,194.0,8.17
212.0,196.0,14.97
212.0,199.0,5.6
212.0,200.0,11.33
212.0,202.0,13.19
212.0,207.0,9.96
212.0,208.0,5.18
212.0,212.0,0.0
212.0,213.0,1.96
212.0,220.0,9.23
212.0,223.0,8.42
212.0,226.0,14.61
212.0,229.0,14.92
212.0,235.0,6.3
212.0,236.0,11.97
212.0,237.0,13.79
212.0,238.0,12.68
212.0,239.0,13.74
212.0,240.0,9.91
212.0,241.0,7.71
212.0,242.0,3.49
212.0,243.0,8.24
212.0,244.0,8.24
212.0,247.0,6.09
212.0,248.0,0.97
212.0,250.0,2.42
212.0,252.0,8.38
212.0,253.0,10.39
212.0,254.0,8.07
212.0,259.0,10.49
212.0,260.0,12.96
212.0,262.0,11.47
212.0,263.0,11.58
213.0,3.0,6.96
213.0,7.0,10.75
213.0,8.0,9.26
213.0,9.0,12.55
213.0,15.0,9.5
213.0,16.0,12.43
213.0,18.0,8.15
213.0,20.0,6.64
213.0,24.0,12.18
213.0,31.0,6.18
213.0,32.0,6.83
213.0,41.0,10.56
213.0,42.0,9.2
213.0,43.0,13.04
213.0,46.0,9.64
213.0,47.0,5.95
213.0,51.0,8.9
213.0,53.0,5.69
213.0,56.0,11.24
213.0,57.0,9.72
213.0,58.0,5.45
213.0,59.0,5.11
213.0,60.0,3.9
213.0,69.0,6.64
213.0,70.0,8.1
213.0,73.0,10.95
213.0,74.0,9.15
213.0,75.0,10.58
213.0,78.0,5.02
213.0,81.0,9.59
213.0,82.0,11.71
213.0,83.0,12.29
213.0,92.0,8.96
213.0,93.0,11.51
213.0,94.0,7.51
213.0,95.0,14.22
213.0,116.0,10.15
213.0,119.0,8.12
213.0,120.0,9.07
213.0,121.0,14.55
213.0,126.0,3.17
213.0,127.0,9.83
213.0,128.0,10.9
213.0,129.0,9.4
213.0,135.0,13.78
213.0,136.0,8.77
213.0,138.0,6.62
213.0,140.0,13.23
213.0,141.0,13.55
213.0,145.0,14.68
213.0,146.0,12.66
213.0,147.0,4.55
213.0,151.0,12.59
213.0,152.0,10.65
213.0,153.0,10.34
213.0,157.0,14.65
213.0,159.0,6.09
213.0,160.0,14.83
213.0,166.0,11.6
213.0,167.0,5.12
213.0,168.0,6.71
213.0,169.0,6.96
213.0,171.0,9.07
213.0,173.0,9.61
213.0,174.0,9.03
213.0,179.0,10.36
213.0,182.0,2.93
213.0,183.0,5.47
213.0,184.0,9.29
213.0,185.0,5.39
213.0,192.0,11.9
213.0,193.0,12.6
213.0,194.0,8.39
213.0,196.0,13.49
213.0,199.0,4.79
213.0,200.0,13.19
213.0,202.0,13.12
213.0,207.0,9.15
213.0,208.0,3.93
213.0,212.0,1.96
213.0,213.0,0.0
213.0,220.0,11.15
213.0,223.0,7.94
213.0,226.0,13.92
213.0,229.0,14.92
213.0,235.0,8.21
213.0,236.0,12.31
213.0,237.0,13.99
213.0,238.0,13.36
213.0,239.0,14.31
213.0,240.0,11.6
213.0,241.0,9.59
213.0,242.0,4.34
213.0,243.0,10.12
213.0,244.0,9.91
213.0,247.0,7.56
213.0,248.0,2.87
213.0,250.0,2.35
213.0,252.0,6.43
213.0,253.0,8.62
213.0,254.0,9.46
213.0,259.0,11.8
213.0,260.0,12.08
213.0,262.0,11.61
213.0,263.0,11.83
214.0,5.0,12.51
214.0,6.0,2.51
214.0,11.0,9.06
214.0,14.0,8.33
214.0,21.0,11.55
214.0,22.0,10.72
214.0,23.0,9.93
214.0,26.0,12.58
214.0,29.0,13.86
214.0,55.0,10.96
214.0,67.0,9.32
214.0,84.0,14.21
214.0,99.0,11.33
214.0,108.0,11.59
214.0,109.0,8.9
214.0,110.0,7.67
214.0,111.0,14.29
214.0,115.0,4.58
214.0,118.0,5.28
214.0,123.0,13.63
214.0,133.0,14.5
214.0,156.0,11.2
214.0,172.0,3.09
214.0,176.0,5.5
214.0,178.0,13.58
214.0,187.0,8.64
214.0,206.0,7.88
214.0,214.0,0.0
214.0,221.0,4.87
214.0,227.0,12.1
214.0,228.0,12.68
214.0,245.0,6.63
214.0,251.0,6.26
215.0,2.0,12.25
215.0,9.0,8.32
215.0,10.0,2.27
215.0,15.0,13.07
215.0,16.0,10.22
215.0,19.0,9.36
215.0,28.0,3.2
215.0,30.0,13.75
215.0,35.0,14.01
215.0,36.0,14.14
215.0,37.0,14.61
215.0,38.0,6.17
215.0,39.0,14.67
215.0,53.0,13.96
215.0,56.0,10.23
215.0,57.0,10.94
215.0,63.0,9.83
215.0,64.0,11.29
215.0,70.0,13.3
215.0,73.0,8.95
215.0,76.0,10.75
215.0,77.0,12.32
215.0,82.0,11.65
215.0,83.0,12.98
215.0,86.0,14.07
215.0,92.0,10.66
215.0,93.0,8.78
215.0,95.0,7.45
215.0,96.0,8.98
215.0,98.0,6.07
215.0,101.0,11.69
215.0,102.0,9.53
215.0,117.0,14.73
215.0,121.0,5.14
215.0,122.0,4.09
215.0,124.0,8.02
215.0,129.0,13.99
215.0,130.0,1.5
215.0,131.0,4.19
215.0,132.0,6.98
215.0,134.0,4.65
215.0,135.0,6.02
215.0,138.0,14.92
215.0,139.0,5.79
215.0,157.0,13.14
215.0,160.0,10.52
215.0,171.0,11.05
215.0,173.0,11.72
215.0,175.0,8.16
215.0,177.0,13.9
215.0,180.0,6.83
215.0,191.0,6.31
215.0,192.0,7.73
215.0,196.0,9.31
215.0,197.0,4.45
215.0,198.0,12.46
215.0,203.0,7.85
215.0,205.0,3.13
215.0,215.0,0.0
215.0,216.0,4.15
215.0,218.0,3.84
215.0,219.0,5.57
215.0,222.0,12.29
215.0,252.0,14.05
215.0,253.0,11.22
215.0,258.0,7.26
215.0,260.0,14.78
216.0,2.0,8.81
216.0,9.0,11.54
216.0,10.0,3.2
216.0,16.0,13.71
216.0,17.0,14.69
216.0,19.0,13.51
216.0,28.0,5.34
216.0,30.0,10.63
216.0,35.0,10.26
216.0,36.0,11.51
216.0,37.0,11.77
216.0,38.0,9.71
216.0,39.0,10.54
216.0,56.0,10.54
216.0,57.0,11.74
216.0,61.0,13.34
216.0,62.0,14.47
216.0,63.0,6.63
216.0,70.0,13.92
216.0,71.0,14.0
216.0,72.0,11.96
216.0,73.0,11.53
216.0,76.0,6.76
216.0,77.0,8.57
216.0,80.0,14.27
216.0,82.0,11.3
216.0,83.0,12.2
216.0,86.0,12.96
216.0,91.0,14.33
216.0,92.0,12.52
216.0,93.0,9.77
216.0,95.0,7.35
216.0,96.0,6.56
216.0,98.0,9.77
216.0,102.0,7.44
216.0,117.0,12.49
216.0,121.0,7.89
216.0,122.0,8.23
216.0,124.0,3.86
216.0,129.0,13.99
216.0,130.0,5.02
216.0,131.0,8.12
216.0,132.0,5.64
216.0,134.0,4.79
216.0,135.0,7.67
216.0,139.0,8.38
216.0,155.0,13.98
216.0,157.0,11.6
216.0,160.0,9.16
216.0,171.0,13.59
216.0,173.0,12.23
216.0,175.0,12.15
216.0,177.0,10.48
216.0,180.0,3.07
216.0,188.0,14.47
216.0,191.0,10.42
216.0,192.0,9.94
216.0,196.0,8.82
216.0,197.0,2.99
216.0,198.0,10.18
216.0,201.0,14.64
216.0,203.0,9.3
216.0,205.0,6.65
216.0,215.0,4.15
216.0,216.0,0.0
216.0,218.0,5.2
216.0,219.0,6.45
216.0,222.0,8.17
216.0,225.0,12.64
216.0,226.0,14.79
216.0,253.0,12.64
216.0,258.0,4.44
216.0,260.0,13.91
217.0,4.0,3.56
217.0,7.0,9.5
217.0,8.0,11.66
217.0,12.0,6.34
217.0,13.0,6.51
217.0,14.0,14.06
217.0,17.0,2.06
217.0,22.0,14.06
217.0,24.0,14.43
217.0,25.0,4.07
217.0,26.0,11.22
217.0,33.0,4.25
217.0,34.0,1.47
217.0,35.0,7.96
217.0,36.0,4.58
217.0,37.0,4.25
217.0,39.0,11.68
217.0,40.0,5.52
217.0,41.0,14.78
217.0,43.0,11.57
217.0,45.0,4.58
217.0,48.0,9.25
217.0,49.0,2.38
217.0,50.0,10.02
217.0,52.0,4.94
217.0,54.0,5.51
217.0,56.0,12.39
217.0,57.0,13.64
217.0,61.0,4.83
217.0,62.0,5.59
217.0,63.0,9.43
217.0,65.0,3.31
217.0,66.0,3.03
217.0,67.0,13.81
217.0,68.0,7.99
217.0,70.0,13.31
217.0,71.0,9.05
217.0,72.0,8.58
217.0,74.0,14.49
217.0,75.0,12.73
217.0,76.0,11.08
217.0,77.0,8.92
217.0,79.0,4.62
217.0,80.0,2.95
217.0,82.0,10.47
217.0,83.0,8.96
217.0,85.0,8.52
217.0,87.0,5.46
217.0,88.0,5.89
217.0,89.0,9.69
217.0,90.0,7.07
217.0,91.0,11.83
217.0,93.0,14.17
217.0,95.0,12.61
217.0,96.0,9.74
217.0,97.0,2.65
217.0,100.0,8.02
217.0,102.0,9.22
217.0,103.0,9.87
217.0,104.0,9.18
217.0,105.0,7.09
217.0,106.0,5.71
217.0,107.0,5.6
217.0,111.0,8.38
217.0,112.0,3.89
217.0,113.0,5.79
217.0,114.0,5.61
217.0,124.0,14.32
217.0,125.0,6.36
217.0,129.0,11.32
217.0,133.0,9.5
217.0,134.0,14.47
217.0,137.0,5.72
217.0,138.0,14.02
217.0,140.0,9.06
217.0,141.0,9.26
217.0,142.0,10.56
217.0,143.0,11.07
217.0,144.0,4.94
217.0,145.0,6.19
217.0,146.0,7.85
217.0,148.0,4.22
217.0,149.0,14.57
217.0,151.0,13.86
217.0,155.0,13.97
217.0,157.0,6.92
217.0,158.0,7.24
217.0,160.0,9.0
217.0,161.0,8.23
217.0,162.0,7.9
217.0,163.0,9.14
217.0,164.0,7.2
217.0,165.0,12.18
217.0,170.0,6.81
217.0,173.0,12.82
217.0,177.0,6.41
217.0,178.0,12.78
217.0,179.0,10.49
217.0,180.0,13.1
217.0,181.0,5.54
217.0,186.0,7.55
217.0,188.0,6.75
217.0,189.0,3.99
217.0,190.0,6.31
217.0,193.0,8.49
217.0,194.0,13.34
217.0,195.0,7.0
217.0,196.0,11.1
217.0,197.0,14.28
217.0,198.0,6.34
217.0,202.0,8.57
217.0,207.0,11.02
217.0,209.0,5.07
217.0,211.0,5.61
217.0,217.0,0.0
217.0,222.0,11.85
217.0,223.0,12.32
217.0,224.0,4.56
217.0,225.0,3.77
217.0,226.0,6.24
217.0,227.0,10.45
217.0,228.0,9.57
217.0,229.0,7.79
217.0,230.0,8.69
217.0,231.0,5.85
217.0,232.0,3.15
217.0,233.0,6.88
217.0,234.0,6.42
217.0,236.0,11.24
217.0,237.0,9.54
217.0,238.0,13.0
217.0,239.0,11.97
217.0,246.0,8.84
217.0,249.0,6.68
217.0,255.0,2.19
217.0,256.0,1.03
217.0,257.0,7.69
217.0,258.0,11.66
217.0,260.0,8.3
217.0,261.0,6.11
217.0,262.0,10.67
217.0,263.0,11.03
218.0,2.0,10.39
218.0,9.0,11.71
218.0,10.0,2.24
218.0,16.0,13.31
218.0,19.0,10.65
218.0,28.0,7.03
218.0,30.0,11.42
218.0,38.0,5.3
218.0,39.0,14.96
218.0,56.0,13.96
218.0,57.0,14.75
218.0,63.0,11.83
218.0,64.0,13.53
218.0,73.0,12.63
218.0,76.0,11.67
218.0,77.0,13.64
218.0,86.0,10.41
218.0,92.0,14.48
218.0,93.0,12.59
218.0,95.0,11.02
218.0,96.0,11.56
218.0,98.0,9.17
218.0,101.0,12.86
218.0,102.0,12.33
218.0,117.0,11.59
218.0,121.0,8.88
218.0,122.0,5.81
218.0,124.0,8.26
218.0,130.0,5.28
218.0,131.0,7.14
218.0,132.0,3.98
218.0,134.0,8.14
218.0,135.0,9.85
218.0,139.0,3.29
218.0,160.0,13.71
218.0,171.0,14.71
218.0,175.0,10.57
218.0,180.0,8.25
218.0,191.0,7.27
218.0,192.0,11.52
218.0,196.0,12.81
218.0,197.0,7.24
218.0,203.0,4.28
218.0,205.0,3.01
218.0,215.0,3.84
218.0,216.0,5.2
218.0,218.0,0.0
218.0,219.0,1.74
218.0,222.0,12.7
218.0,258.0,9.53
219.0,2.0,9.99
219.0,9.0,13.31
219.0,10.0,3.84
219.0,16.0,14.8
219.0,19.0,11.56
219.0,28.0,8.77
219.0,30.0,10.7
219.0,38.0,5.72
219.0,63.0,13.05
219.0,64.0,14.72
219.0,73.0,14.31
219.0,76.0,12.5
219.0,77.0,14.58
219.0,86.0,8.83
219.0,93.0,14.32
219.0,95.0,12.7
219.0,96.0,12.97
219.0,98.0,10.71
219.0,101.0,13.67
219.0,102.0,13.79
219.0,117.0,10.38
219.0,121.0,10.59
219.0,122.0,7.12
219.0,124.0,8.97
219.0,130.0,7.01
219.0,131.0,8.68
219.0,132.0,3.31
219.0,134.0,9.82
219.0,135.0,11.59
219.0,139.0,3.14
219.0,175.0,11.87
219.0,180.0,9.4
219.0,191.0,8.23
219.0,192.0,13.24
219.0,196.0,14.47
219.0,197.0,8.79
219.0,203.0,2.86
219.0,205.0,4.26
219.0,215.0,5.57
219.0,216.0,6.45
219.0,218.0,1.74
219.0,219.0,0.0
219.0,222.0,13.3
219.0,258.0,10.88
220.0,3.0,7.52
220.0,18.0,3.15
220.0,20.0,4.56
220.0,24.0,13.32
220.0,31.0,5.34
220.0,32.0,5.77
220.0,41.0,12.35
220.0,42.0,10.02
220.0,47.0,5.95
220.0,51.0,9.26
220.0,58.0,11.72
220.0,59.0,6.69
220.0,60.0,7.64
220.0,69.0,7.52
220.0,74.0,12.32
220.0,75.0,14.14
220.0,78.0,6.18
220.0,81.0,8.24
220.0,94.0,3.78
220.0,116.0,9.18
220.0,119.0,6.78
220.0,120.0,5.69
220.0,126.0,10.72
220.0,127.0,2.59
220.0,128.0,2.12
220.0,136.0,2.58
220.0,147.0,9.32
220.0,151.0,13.98
220.0,152.0,10.63
220.0,153.0,0.95
220.0,159.0,9.44
220.0,166.0,12.15
220.0,167.0,8.13
220.0,168.0,11.07
220.0,169.0,4.95
220.0,174.0,3.61
220.0,182.0,8.81
220.0,183.0,10.07
220.0,184.0,11.63
220.0,185.0,7.5
220.0,194.0,13.54
220.0,199.0,13.79
220.0,200.0,2.56
220.0,208.0,13.03
220.0,212.0,9.23
220.0,213.0,11.15
220.0,220.0,0.0
220.0,235.0,4.44
220.0,240.0,3.66
220.0,241.0,1.89
220.0,242.0,8.49
220.0,243.0,4.47
220.0,244.0,6.9
220.0,247.0,8.01
220.0,248.0,8.29
220.0,250.0,10.12
220.0,254.0,5.76
220.0,259.0,6.9
221.0,6.0,2.71
221.0,11.0,7.67
221.0,12.0,13.95
221.0,14.0,4.96
221.0,21.0,10.35
221.0,22.0,8.79
221.0,23.0,10.97
221.0,25.0,13.83
221.0,26.0,9.63
221.0,29.0,13.7
221.0,33.0,14.28
221.0,40.0,12.39
221.0,52.0,13.14
221.0,54.0,12.76
221.0,55.0,11.35
221.0,65.0,14.88
221.0,67.0,6.67
221.0,85.0,14.17
221.0,87.0,14.87
221.0,88.0,14.21
221.0,89.0,12.86
221.0,99.0,13.98
221.0,103.0,10.9
221.0,104.0,12.3
221.0,105.0,11.94
221.0,106.0,12.25
221.0,108.0,11.2
221.0,109.0,13.04
221.0,110.0,12.31
221.0,111.0,10.5
221.0,115.0,1.58
221.0,118.0,8.11
221.0,123.0,12.48
221.0,133.0,11.32
221.0,149.0,14.13
221.0,156.0,10.57
221.0,165.0,13.01
221.0,172.0,7.72
221.0,176.0,9.94
221.0,178.0,11.51
221.0,181.0,12.76
221.0,187.0,7.59
221.0,189.0,14.63
221.0,190.0,13.25
221.0,195.0,11.0
221.0,206.0,4.35
221.0,214.0,4.87
221.0,221.0,0.0
221.0,227.0,8.4
221.0,228.0,8.52
221.0,245.0,3.64
221.0,251.0,5.76
221.0,257.0,11.82
221.0,261.0,14.88
222.0,2.0,7.26
222.0,10.0,11.17
222.0,17.0,9.91
222.0,21.0,13.13
222.0,22.0,13.59
222.0,25.0,12.83
222.0,26.0,12.07
222.0,27.0,13.24
222.0,28.0,12.48
222.0,29.0,13.13
222.0,30.0,9.31
222.0,33.0,14.42
222.0,34.0,12.61
222.0,35.0,3.93
222.0,36.0,8.71
222.0,37.0,8.26
222.0,39.0,2.38
222.0,40.0,13.47
222.0,49.0,10.7
222.0,52.0,13.96
222.0,54.0,14.62
222.0,56.0,14.03
222.0,61.0,7.46
222.0,62.0,7.9
222.0,63.0,5.35
222.0,65.0,13.51
222.0,66.0,14.03
222.0,71.0,6.2
222.0,72.0,4.49
222.0,76.0,2.06
222.0,77.0,3.14
222.0,80.0,11.65
222.0,82.0,13.52
222.0,83.0,13.37
222.0,85.0,7.71
222.0,89.0,8.86
222.0,91.0,6.16
222.0,93.0,14.44
222.0,95.0,11.52
222.0,96.0,7.36
222.0,97.0,12.09
222.0,102.0,8.26
222.0,106.0,12.64
222.0,108.0,14.02
222.0,111.0,12.02
222.0,112.0,14.17
222.0,117.0,12.97
222.0,121.0,14.83
222.0,123.0,11.48
222.0,124.0,4.46
222.0,130.0,12.9
222.0,132.0,10.67
222.0,133.0,10.49
222.0,134.0,10.71
222.0,135.0,13.69
222.0,149.0,9.62
222.0,150.0,11.96
222.0,154.0,8.23
222.0,155.0,6.06
222.0,157.0,11.44
222.0,160.0,10.4
222.0,165.0,9.16
222.0,177.0,5.51
222.0,178.0,10.74
222.0,180.0,5.7
222.0,181.0,11.52
222.0,188.0,7.42
222.0,189.0,10.46
222.0,190.0,9.85
222.0,195.0,14.7
222.0,196.0,11.74
222.0,197.0,8.97
222.0,198.0,8.92
222.0,201.0,11.08
222.0,205.0,14.74
222.0,210.0,10.4
222.0,215.0,12.29
222.0,216.0,8.17
222.0,217.0,11.85
222.0,218.0,12.7
222.0,219.0,13.3
222.0,222.0,0.0
222.0,225.0,8.12
222.0,226.0,14.05
222.0,227.0,13.63
222.0,228.0,14.36
222.0,232.0,14.93
222.0,255.0,13.39
222.0,256.0,12.68
222.0,257.0,10.68
222.0,258.0,6.73
222.0,260.0,14.45
223.0,3.0,14.34
223.0,4.0,11.21
223.0,7.0,2.83
223.0,8.0,1.97
223.0,9.0,13.64
223.0,15.0,13.32
223.0,16.0,14.85
223.0,17.0,13.56
223.0,18.0,13.38
223.0,20.0,12.02
223.0,24.0,7.6
223.0,28.0,14.47
223.0,31.0,12.28
223.0,32.0,13.51
223.0,34.0,13.42
223.0,36.0,11.38
223.0,37.0,12.25
223.0,41.0,6.46
223.0,42.0,7.18
223.0,43.0,6.74
223.0,45.0,14.06
223.0,47.0,9.62
223.0,48.0,9.66
223.0,49.0,14.59
223.0,50.0,10.12
223.0,53.0,6.99
223.0,56.0,7.41
223.0,57.0,6.89
223.0,58.0,13.35
223.0,59.0,9.06
223.0,60.0,8.6
223.0,63.0,14.08
223.0,66.0,14.21
223.0,68.0,11.35
223.0,69.0,8.01
223.0,70.0,4.61
223.0,73.0,11.45
223.0,74.0,4.98
223.0,75.0,4.86
223.0,78.0,10.18
223.0,79.0,11.57
223.0,80.0,9.76
223.0,82.0,6.4
223.0,83.0,5.93
223.0,90.0,11.43
223.0,92.0,8.85
223.0,93.0,8.99
223.0,94.0,11.89
223.0,95.0,10.44
223.0,96.0,12.4
223.0,97.0,14.89
223.0,100.0,9.92
223.0,102.0,11.35
223.0,107.0,10.59
223.0,112.0,8.59
223.0,113.0,11.89
223.0,114.0,12.52
223.0,116.0,8.73
223.0,119.0,9.18
223.0,120.0,10.55
223.0,121.0,13.54
223.0,125.0,13.62
223.0,126.0,5.55
223.0,127.0,13.13
223.0,128.0,14.13
223.0,129.0,3.71
223.0,134.0,13.3
223.0,135.0,11.83
223.0,136.0,12.92
223.0,137.0,9.6
223.0,138.0,3.57
223.0,140.0,5.77
223.0,141.0,6.23
223.0,142.0,8.49
223.0,143.0,9.16
223.0,144.0,13.15
223.0,145.0,6.75
223.0,146.0,4.73
223.0,147.0,6.25
223.0,148.0,12.82
223.0,151.0,7.61
223.0,152.0,8.03
223.0,153.0,14.51
223.0,157.0,7.86
223.0,158.0,13.11
223.0,159.0,6.06
223.0,160.0,9.13
223.0,161.0,8.54
223.0,162.0,8.05
223.0,163.0,8.26
223.0,164.0,9.84
223.0,166.0,7.84
223.0,167.0,7.37
223.0,168.0,4.58
223.0,169.0,10.54
223.0,170.0,9.23
223.0,171.0,10.75
223.0,173.0,5.97
223.0,174.0,14.96
223.0,177.0,14.83
223.0,179.0,2.69
223.0,182.0,10.32
223.0,183.0,13.38
223.0,185.0,12.67
223.0,186.0,10.58
223.0,192.0,11.19
223.0,193.0,4.79
223.0,194.0,2.92
223.0,196.0,8.87
223.0,197.0,14.73
223.0,198.0,10.43
223.0,199.0,3.24
223.0,202.0,5.46
223.0,207.0,2.09
223.0,208.0,11.34
223.0,209.0,14.85
223.0,211.0,13.28
223.0,212.0,8.42
223.0,213.0,7.94
223.0,217.0,12.32
223.0,223.0,0.0
223.0,224.0,10.38
223.0,225.0,13.44
223.0,226.0,6.22
223.0,229.0,7.31
223.0,230.0,9.14
223.0,231.0,14.39
223.0,232.0,12.63
223.0,233.0,8.29
223.0,234.0,10.92
223.0,235.0,11.11
223.0,236.0,5.76
223.0,237.0,6.83
223.0,238.0,7.82
223.0,239.0,8.21
223.0,241.0,14.62
223.0,242.0,11.88
223.0,243.0,12.11
223.0,244.0,10.27
223.0,246.0,11.54
223.0,247.0,7.87
223.0,248.0,9.12
223.0,249.0,12.55
223.0,250.0,10.23
223.0,252.0,10.12
223.0,253.0,7.56
223.0,255.0,10.38
223.0,256.0,11.51
223.0,258.0,14.15
223.0,260.0,4.88
223.0,262.0,4.58
223.0,263.0,5.08
224.0,4.0,1.19
224.0,7.0,7.69
224.0,8.0,9.09
224.0,12.0,6.07
224.0,13.0,5.27
224.0,17.0,6.62
224.0,24.0,10.38
224.0,25.0,6.86
224.0,26.0,14.87
224.0,33.0,5.68
224.0,34.0,4.59
224.0,35.0,12.4
224.0,36.0,8.01
224.0,37.0,8.12
224.0,40.0,8.02
224.0,41.0,11.02
224.0,42.0,13.32
224.0,43.0,7.55
224.0,45.0,3.72
224.0,48.0,4.71
224.0,49.0,6.63
224.0,50.0,5.46
224.0,52.0,7.0
224.0,54.0,7.18
224.0,56.0,13.18
224.0,57.0,14.01
224.0,61.0,9.39
224.0,62.0,10.07
224.0,63.0,13.03
224.0,65.0,5.46
224.0,66.0,4.46
224.0,68.0,3.56
224.0,70.0,12.91
224.0,71.0,13.55
224.0,72.0,13.14
224.0,74.0,11.09
224.0,75.0,9.22
224.0,77.0,13.18
224.0,79.0,1.21
224.0,80.0,5.05
224.0,82.0,11.13
224.0,83.0,9.45
224.0,85.0,12.89
224.0,87.0,5.03
224.0,88.0,5.71
224.0,89.0,13.9
224.0,90.0,2.74
224.0,95.0,14.43
224.0,96.0,12.76
224.0,97.0,6.03
224.0,100.0,3.46
224.0,102.0,11.97
224.0,103.0,9.82
224.0,104.0,8.64
224.0,105.0,7.89
224.0,106.0,8.7
224.0,107.0,1.11
224.0,111.0,11.8
224.0,112.0,3.03
224.0,113.0,1.97
224.0,114.0,2.37
224.0,116.0,14.34
224.0,125.0,3.53
224.0,129.0,10.83
224.0,133.0,13.39
224.0,137.0,1.27
224.0,138.0,13.06
224.0,140.0,5.51
224.0,141.0,5.5
224.0,142.0,6.17
224.0,143.0,6.6
224.0,144.0,2.77
224.0,145.0,3.67
224.0,146.0,5.7
224.0,148.0,2.47
224.0,151.0,9.77
224.0,152.0,12.92
224.0,157.0,8.35
224.0,158.0,3.64
224.0,159.0,14.55
224.0,160.0,10.93
224.0,161.0,3.85
224.0,162.0,3.68
224.0,163.0,4.79
224.0,164.0,2.64
224.0,166.0,11.53
224.0,168.0,12.94
224.0,170.0,2.35
224.0,173.0,13.0
224.0,177.0,10.71
224.0,179.0,7.94
224.0,181.0,9.04
224.0,186.0,3.02
224.0,188.0,11.21
224.0,189.0,8.02
224.0,190.0,10.34
224.0,193.0,5.69
224.0,194.0,10.45
224.0,195.0,9.02
224.0,196.0,12.64
224.0,198.0,9.13
224.0,199.0,13.61
224.0,202.0,5.32
224.0,207.0,9.81
224.0,209.0,4.5
224.0,211.0,3.01
224.0,217.0,4.56
224.0,223.0,10.38
224.0,224.0,0.0
224.0,225.0,8.12
224.0,226.0,5.84
224.0,227.0,13.57
224.0,228.0,12.29
224.0,229.0,3.88
224.0,230.0,4.2
224.0,231.0,4.05
224.0,232.0,2.61
224.0,233.0,2.75
224.0,234.0,1.99
224.0,236.0,7.47
224.0,237.0,5.54
224.0,238.0,8.81
224.0,239.0,7.67
224.0,246.0,4.39
224.0,249.0,2.95
224.0,255.0,2.87
224.0,256.0,3.59
224.0,257.0,11.48
224.0,258.0,14.87
224.0,260.0,8.03
224.0,261.0,5.25
224.0,262.0,7.3
224.0,263.0,7.46
225.0,4.0,7.24
225.0,7.0,10.86
225.0,8.0,13.32
225.0,11.0,14.91
225.0,12.0,9.56
225.0,13.0,10.01
225.0,14.0,14.33
225.0,17.0,2.06
225.0,21.0,13.96
225.0,22.0,13.19
225.0,25.0,6.05
225.0,26.0,10.51
225.0,28.0,14.14
225.0,33.0,7.14
225.0,34.0,4.75
225.0,35.0,4.29
225.0,36.0,2.4
225.0,37.0,1.47
225.0,39.0,8.18
225.0,40.0,7.25
225.0,43.0,14.35
225.0,45.0,8.19
225.0,48.0,12.65
225.0,49.0,3.39
225.0,50.0,13.46
225.0,52.0,7.22
225.0,54.0,7.91
225.0,56.0,11.28
225.0,57.0,12.78
225.0,61.0,2.17
225.0,62.0,3.69
225.0,63.0,6.01
225.0,65.0,6.12
225.0,66.0,6.34
225.0,67.0,13.58
225.0,68.0,11.65
225.0,70.0,13.11
225.0,71.0,6.48
225.0,72.0,5.36
225.0,76.0,7.32
225.0,77.0,5.16
225.0,79.0,8.35
225.0,80.0,4.03
225.0,82.0,9.7
225.0,83.0,8.59
225.0,85.0,6.55
225.0,87.0,8.85
225.0,88.0,9.14
225.0,89.0,8.06
225.0,90.0,10.75
225.0,91.0,9.08
225.0,93.0,12.73
225.0,95.0,10.57
225.0,96.0,6.84
225.0,97.0,4.8
225.0,100.0,11.5
225.0,102.0,6.65
225.0,103.0,12.63
225.0,104.0,12.22
225.0,105.0,9.71
225.0,106.0,6.89
225.0,107.0,9.21
225.0,111.0,8.38
225.0,112.0,6.38
225.0,113.0,9.53
225.0,114.0,9.38
225.0,123.0,13.44
225.0,124.0,10.63
225.0,125.0,10.11
225.0,129.0,11.4
225.0,133.0,8.55
225.0,134.0,11.85
225.0,135.0,13.66
225.0,137.0,9.14
225.0,138.0,14.23
225.0,140.0,11.64
225.0,141.0,11.98
225.0,142.0,13.72
225.0,143.0,14.31
225.0,144.0,8.69
225.0,145.0,8.61
225.0,146.0,9.71
225.0,148.0,7.97
225.0,149.0,12.35
225.0,154.0,14.26
225.0,155.0,10.95
225.0,157.0,6.21
225.0,158.0,11.0
225.0,160.0,7.27
225.0,161.0,11.46
225.0,162.0,11.03
225.0,163.0,12.3
225.0,164.0,10.67
225.0,165.0,10.25
225.0,170.0,10.17
225.0,173.0,12.18
225.0,177.0,2.64
225.0,178.0,11.24
225.0,179.0,12.26
225.0,180.0,9.62
225.0,181.0,6.1
225.0,186.0,11.13
225.0,188.0,4.65
225.0,189.0,4.26
225.0,190.0,5.67
225.0,193.0,10.66
225.0,195.0,8.8
225.0,196.0,9.45
225.0,197.0,11.28
225.0,198.0,4.31
225.0,202.0,11.02
225.0,207.0,11.71
225.0,209.0,8.56
225.0,210.0,14.14
225.0,211.0,9.36
225.0,216.0,12.64
225.0,217.0,3.77
225.0,222.0,8.12
225.0,223.0,13.44
225.0,224.0,8.12
225.0,225.0,0.0
225.0,226.0,7.32
225.0,227.0,10.57
225.0,228.0,10.28
225.0,229.0,10.73
225.0,230.0,12.03
225.0,231.0,9.51
225.0,232.0,6.9
225.0,233.0,10.03
225.0,234.0,10.06
225.0,236.0,13.84
225.0,237.0,12.4
225.0,246.0,12.49
225.0,249.0,10.44
225.0,253.0,14.67
225.0,255.0,5.32
225.0,256.0,4.57
225.0,257.0,7.21
225.0,258.0,8.47
225.0,260.0,8.71
225.0,261.0,9.54
225.0,262.0,13.0
225.0,263.0,13.48
226.0,4.0,6.17
226.0,7.0,3.54
226.0,8.0,6.01
226.0,12.0,11.33
226.0,13.0,10.85
226.0,17.0,7.34
226.0,24.0,10.48
226.0,25.0,10.26
226.0,28.0,13.46
226.0,33.0,9.98
226.0,34.0,7.49
226.0,35.0,10.94
226.0,36.0,5.52
226.0,37.0,6.28
226.0,39.0,14.89
226.0,40.0,11.7
226.0,41.0,10.23
226.0,42.0,11.98
226.0,43.0,8.0
226.0,45.0,8.98
226.0,48.0,8.1
226.0,49.0,8.42
226.0,50.0,8.89
226.0,52.0,10.98
226.0,53.0,11.11
226.0,54.0,11.44
226.0,56.0,7.35
226.0,57.0,8.18
226.0,60.0,14.8
226.0,61.0,9.43
226.0,62.0,10.79
226.0,63.0,9.45
226.0,65.0,9.24
226.0,66.0,8.56
226.0,68.0,8.52
226.0,69.0,13.82
226.0,70.0,7.31
226.0,71.0,13.79
226.0,72.0,12.53
226.0,73.0,13.29
226.0,74.0,9.44
226.0,75.0,8.04
226.0,76.0,12.47
226.0,77.0,10.94
226.0,79.0,6.98
226.0,80.0,3.55
226.0,82.0,5.3
226.0,83.0,3.62
226.0,85.0,13.78
226.0,87.0,10.28
226.0,88.0,10.9
226.0,90.0,8.08
226.0,92.0,11.21
226.0,93.0,9.34
226.0,95.0,8.9
226.0,96.0,8.41
226.0,97.0,8.87
226.0,100.0,7.51
226.0,102.0,7.41
226.0,104.0,14.13
226.0,105.0,12.73
226.0,106.0,11.95
226.0,107.0,6.61
226.0,111.0,14.53
226.0,112.0,3.02
226.0,113.0,7.79
226.0,114.0,8.21
226.0,116.0,13.4
226.0,119.0,14.72
226.0,121.0,13.68
226.0,124.0,14.66
226.0,125.0,9.37
226.0,126.0,11.77
226.0,129.0,5.24
226.0,134.0,11.54
226.0,135.0,11.6
226.0,137.0,5.78
226.0,138.0,7.83
226.0,140.0,5.28
226.0,141.0,5.8
226.0,142.0,8.24
226.0,143.0,8.99
226.0,144.0,8.41
226.0,145.0,2.92
226.0,146.0,2.68
226.0,147.0,12.39
226.0,148.0,7.87
226.0,151.0,10.09
226.0,152.0,12.24
226.0,157.0,3.2
226.0,158.0,9.39
226.0,159.0,11.92
226.0,160.0,5.72
226.0,161.0,6.62
226.0,162.0,6.0
226.0,163.0,7.08
226.0,164.0,6.92
226.0,166.0,11.33
226.0,167.0,13.44
226.0,168.0,10.27
226.0,170.0,6.17
226.0,171.0,13.58
226.0,173.0,7.2
226.0,177.0,9.05
226.0,179.0,4.99
226.0,180.0,12.56
226.0,181.0,11.73
226.0,186.0,7.71
226.0,188.0,11.87
226.0,189.0,10.03
226.0,190.0,12.21
226.0,192.0,12.22
226.0,193.0,3.84
226.0,194.0,7.83
226.0,195.0,13.11
226.0,196.0,7.04
226.0,197.0,12.21
226.0,198.0,5.24
226.0,199.0,9.14
226.0,202.0,4.53
226.0,207.0,4.78
226.0,209.0,9.75
226.0,211.0,8.79
226.0,212.0,14.61
226.0,213.0,13.92
226.0,216.0,14.79
226.0,217.0,6.24
226.0,222.0,14.05
226.0,223.0,6.22
226.0,224.0,5.84
226.0,225.0,7.32
226.0,226.0,0.0
226.0,229.0,5.3
226.0,230.0,7.38
226.0,231.0,9.71
226.0,232.0,7.32
226.0,233.0,5.4
226.0,234.0,7.33
226.0,236.0,7.24
226.0,237.0,6.44
226.0,238.0,9.59
226.0,239.0,9.07
226.0,246.0,9.13
226.0,247.0,13.42
226.0,249.0,8.72
226.0,252.0,14.22
226.0,253.0,9.88
226.0,255.0,4.58
226.0,256.0,5.56
226.0,257.0,13.7
226.0,258.0,10.52
226.0,260.0,2.26
226.0,261.0,10.69
226.0,262.0,6.12
226.0,263.0,6.71
227.0,4.0,12.41
227.0,6.0,9.64
227.0,11.0,5.53
227.0,12.0,9.04
227.0,13.0,10.38
227.0,14.0,3.76
227.0,17.0,9.5
227.0,21.0,6.38
227.0,22.0,4.48
227.0,25.0,6.74
227.0,26.0,2.4
227.0,29.0,10.16
227.0,33.0,7.98
227.0,34.0,9.42
227.0,35.0,11.0
227.0,36.0,12.95
227.0,37.0,12.04
227.0,39.0,11.69
227.0,40.0,5.56
227.0,45.0,10.38
227.0,49.0,8.24
227.0,52.0,6.63
227.0,54.0,6.65
227.0,55.0,9.7
227.0,61.0,8.71
227.0,62.0,7.19
227.0,65.0,8.11
227.0,66.0,9.11
227.0,67.0,3.42
227.0,71.0,7.43
227.0,72.0,9.3
227.0,76.0,14.5
227.0,77.0,12.69
227.0,79.0,12.76
227.0,80.0,13.17
227.0,85.0,5.94
227.0,87.0,9.53
227.0,88.0,9.05
227.0,89.0,4.9
227.0,90.0,14.76
227.0,91.0,8.61
227.0,97.0,7.9
227.0,103.0,8.37
227.0,104.0,9.27
227.0,105.0,7.07
227.0,106.0,4.9
227.0,107.0,14.13
227.0,108.0,8.26
227.0,111.0,2.2
227.0,112.0,14.25
227.0,113.0,13.36
227.0,114.0,12.72
227.0,115.0,9.9
227.0,123.0,7.61
227.0,125.0,12.39
227.0,133.0,3.17
227.0,137.0,14.8
227.0,144.0,11.63
227.0,148.0,11.41
227.0,149.0,8.31
227.0,150.0,11.28
227.0,154.0,13.39
227.0,155.0,10.72
227.0,158.0,13.68
227.0,165.0,6.15
227.0,177.0,11.34
227.0,178.0,5.25
227.0,181.0,4.92
227.0,188.0,6.83
227.0,189.0,6.67
227.0,190.0,4.92
227.0,195.0,4.97
227.0,198.0,14.88
227.0,206.0,10.88
227.0,209.0,9.86
227.0,210.0,10.22
227.0,211.0,12.04
227.0,214.0,12.1
227.0,217.0,10.45
227.0,221.0,8.4
227.0,222.0,13.63
227.0,224.0,13.57
227.0,225.0,10.57
227.0,227.0,0.0
227.0,228.0,1.7
227.0,231.0,11.15
227.0,232.0,10.96
227.0,234.0,14.54
227.0,245.0,11.07
227.0,249.0,13.61
227.0,251.0,13.93
227.0,255.0,12.45
227.0,256.0,11.29
227.0,257.0,3.43
227.0,261.0,9.92
228.0,4.0,11.16
228.0,6.0,10.18
228.0,11.0,7.07
228.0,12.0,7.44
228.0,13.0,8.78
228.0,14.0,4.54
228.0,17.0,8.93
228.0,21.0,8.08
228.0,22.0,6.15
228.0,25.0,5.63
228.0,26.0,4.02
228.0,29.0,11.87
228.0,33.0,6.62
228.0,34.0,8.4
228.0,35.0,11.37
228.0,36.0,12.59
228.0,37.0,11.72
228.0,39.0,12.59
228.0,40.0,4.29
228.0,45.0,8.94
228.0,49.0,7.55
228.0,52.0,5.29
228.0,54.0,5.2
228.0,55.0,11.36
228.0,61.0,8.65
228.0,62.0,7.26
228.0,65.0,6.9
228.0,66.0,7.86
228.0,67.0,4.81
228.0,68.0,14.16
228.0,71.0,8.25
228.0,72.0,9.91
228.0,77.0,13.07
228.0,79.0,11.4
228.0,80.0,12.42
228.0,85.0,6.7
228.0,87.0,8.0
228.0,88.0,7.49
228.0,89.0,5.99
228.0,90.0,13.3
228.0,91.0,9.81
228.0,97.0,6.94
228.0,103.0,6.68
228.0,104.0,7.56
228.0,105.0,5.42
228.0,106.0,3.86
228.0,107.0,12.77
228.0,108.0,9.95
228.0,111.0,2.34
228.0,112.0,13.25
228.0,113.0,11.93
228.0,114.0,11.26
228.0,115.0,9.9
228.0,123.0,9.29
228.0,125.0,10.86
228.0,133.0,4.27
228.0,137.0,13.5
228.0,144.0,10.19
228.0,148.0,10.03
228.0,149.0,9.89
228.0,150.0,12.95
228.0,154.0,14.86
228.0,155.0,12.04
228.0,158.0,12.14
228.0,164.0,14.42
228.0,165.0,7.62
228.0,170.0,14.47
228.0,177.0,11.44
228.0,178.0,6.87
228.0,181.0,4.25
228.0,186.0,14.27
228.0,187.0,14.85
228.0,188.0,7.17
228.0,189.0,6.12
228.0,190.0,4.91
228.0,195.0,3.41
228.0,198.0,14.56
228.0,206.0,10.32
228.0,209.0,8.37
228.0,210.0,11.85
228.0,211.0,10.56
228.0,214.0,12.68
228.0,217.0,9.57
228.0,221.0,8.52
228.0,222.0,14.36
228.0,224.0,12.29
228.0,225.0,10.28
228.0,227.0,1.7
228.0,228.0,0.0
228.0,231.0,9.61
228.0,232.0,9.68
228.0,234.0,13.12
228.0,245.0,10.71
228.0,246.0,14.85
228.0,249.0,12.11
228.0,251.0,13.72
228.0,255.0,11.45
228.0,256.0,10.32
228.0,257.0,3.71
228.0,261.0,8.34
229.0,4.0,5.02
229.0,7.0,5.11
229.0,8.0,5.68
229.0,12.0,9.69
229.0,13.0,8.67
229.0,17.0,9.73
229.0,24.0,6.65
229.0,25.0,10.7
229.0,33.0,9.56
229.0,34.0,8.24
229.0,35.0,14.93
229.0,36.0,9.8
229.0,37.0,10.25
229.0,40.0,11.89
229.0,41.0,7.17
229.0,42.0,9.44
229.0,43.0,3.79
229.0,45.0,7.47
229.0,47.0,14.56
229.0,48.0,2.87
229.0,49.0,10.1
229.0,50.0,3.62
229.0,52.0,10.88
229.0,53.0,14.07
229.0,54.0,11.04
229.0,56.0,12.05
229.0,57.0,12.44
229.0,59.0,14.34
229.0,60.0,14.38
229.0,61.0,12.42
229.0,62.0,13.37
229.0,63.0,14.43
229.0,65.0,9.31
229.0,66.0,8.32
229.0,68.0,4.06
229.0,69.0,12.32
229.0,70.0,10.81
229.0,74.0,7.23
229.0,75.0,5.35
229.0,79.0,4.86
229.0,80.0,6.85
229.0,82.0,10.12
229.0,83.0,8.56
229.0,87.0,8.72
229.0,88.0,9.39
229.0,90.0,4.13
229.0,93.0,14.03
229.0,95.0,14.07
229.0,96.0,13.62
229.0,97.0,9.75
229.0,100.0,2.67
229.0,102.0,12.65
229.0,103.0,13.27
229.0,104.0,11.97
229.0,105.0,11.65
229.0,106.0,12.55
229.0,107.0,3.6
229.0,112.0,4.36
229.0,113.0,4.81
229.0,114.0,5.5
229.0,116.0,10.5
229.0,119.0,12.69
229.0,120.0,13.79
229.0,125.0,6.5
229.0,126.0,12.03
229.0,129.0,8.89
229.0,137.0,2.71
229.0,138.0,10.51
229.0,140.0,1.73
229.0,141.0,1.62
229.0,142.0,3.08
229.0,143.0,3.78
229.0,144.0,6.34
229.0,145.0,2.46
229.0,146.0,3.39
229.0,147.0,11.83
229.0,148.0,6.25
229.0,151.0,6.07
229.0,152.0,9.09
229.0,157.0,8.49
229.0,158.0,5.83
229.0,159.0,10.76
229.0,160.0,11.02
229.0,161.0,1.41
229.0,162.0,0.8
229.0,163.0,1.79
229.0,164.0,2.53
229.0,166.0,7.76
229.0,167.0,12.54
229.0,168.0,9.18
229.0,170.0,1.99
229.0,173.0,11.38
229.0,177.0,13.09
229.0,179.0,4.64
229.0,181.0,12.81
229.0,186.0,3.27
229.0,188.0,14.52
229.0,189.0,11.62
229.0,190.0,13.97
229.0,193.0,2.63
229.0,194.0,6.76
229.0,195.0,12.89
229.0,196.0,12.19
229.0,198.0,10.21
229.0,199.0,10.48
229.0,202.0,1.85
229.0,207.0,7.4
229.0,209.0,8.21
229.0,211.0,6.3
229.0,212.0,14.92
229.0,213.0,14.92
229.0,217.0,7.79
229.0,223.0,7.31
229.0,224.0,3.88
229.0,225.0,10.73
229.0,226.0,5.3
229.0,229.0,0.0
229.0,230.0,2.17
229.0,231.0,7.44
229.0,232.0,6.48
229.0,233.0,1.16
229.0,234.0,3.71
229.0,236.0,3.6
229.0,237.0,1.75
229.0,238.0,5.22
229.0,239.0,4.28
229.0,244.0,12.77
229.0,246.0,4.36
229.0,247.0,11.55
229.0,249.0,5.31
229.0,253.0,13.8
229.0,255.0,5.64
229.0,256.0,6.76
229.0,260.0,6.8
229.0,261.0,8.79
229.0,262.0,3.5
229.0,263.0,3.6
230.0,4.0,5.36
230.0,7.0,7.18
230.0,8.0,7.34
230.0,12.0,9.05
230.0,13.0,7.87
230.0,17.0,10.74
230.0,24.0,6.54
230.0,25.0,10.9
230.0,33.0,9.48
230.0,34.0,8.78
230.0,36.0,11.43
230.0,37.0,11.76
230.0,40.0,11.91
230.0,41.0,7.5
230.0,42.0,9.86
230.0,43.0,3.92
230.0,45.0,7.13
230.0,48.0,0.72
230.0,49.0,10.83
230.0,50.0,1.54
230.0,52.0,10.84
230.0,54.0,10.87
230.0,56.0,14.21
230.0,57.0,14.59
230.0,61.0,13.5
230.0,62.0,14.25
230.0,65.0,9.47
230.0,66.0,8.46
230.0,68.0,2.42
230.0,69.0,13.04
230.0,70.0,12.9
230.0,74.0,8.01
230.0,75.0,6.17
230.0,79.0,4.73
230.0,80.0,8.4
230.0,82.0,12.29
230.0,83.0,10.72
230.0,87.0,8.21
230.0,88.0,8.83
230.0,90.0,2.94
230.0,97.0,10.19
230.0,100.0,1.06
230.0,102.0,14.63
230.0,103.0,12.32
230.0,104.0,10.96
230.0,105.0,11.13
230.0,106.0,12.7
230.0,107.0,3.38
230.0,112.0,5.89
230.0,113.0,4.16
230.0,114.0,4.85
230.0,116.0,10.65
230.0,119.0,13.17
230.0,120.0,14.12
230.0,125.0,5.57
230.0,126.0,13.4
230.0,129.0,11.01
230.0,137.0,2.97
230.0,138.0,12.49
230.0,140.0,3.38
230.0,141.0,2.93
230.0,142.0,2.05
230.0,143.0,2.4
230.0,144.0,5.89
230.0,145.0,4.47
230.0,146.0,5.56
230.0,147.0,12.94
230.0,148.0,6.05
230.0,151.0,5.88
230.0,152.0,9.2
230.0,157.0,10.52
230.0,158.0,4.57
230.0,159.0,11.7
230.0,160.0,13.1
230.0,161.0,0.77
230.0,162.0,1.4
230.0,163.0,1.0
230.0,164.0,1.66
230.0,166.0,7.71
230.0,167.0,13.49
230.0,168.0,10.25
230.0,170.0,1.88
230.0,173.0,13.53
230.0,177.0,14.52
230.0,179.0,6.45
230.0,181.0,13.14
230.0,186.0,1.9
230.0,189.0,12.21
230.0,190.0,14.52
230.0,193.0,4.7
230.0,194.0,8.06
230.0,195.0,12.69
230.0,196.0,14.33
230.0,198.0,12.07
230.0,199.0,12.2
230.0,202.0,3.82
230.0,207.0,9.46
230.0,209.0,7.76
230.0,211.0,5.62
230.0,217.0,8.69
230.0,223.0,9.14
230.0,224.0,4.2
230.0,225.0,12.03
230.0,226.0,7.38
230.0,229.0,2.17
230.0,230.0,0.0
230.0,231.0,6.72
230.0,232.0,6.62
230.0,233.0,2.11
230.0,234.0,2.95
230.0,236.0,4.28
230.0,237.0,2.44
230.0,238.0,4.85
230.0,239.0,3.6
230.0,244.0,12.95
230.0,246.0,2.4
230.0,247.0,12.16
230.0,249.0,4.25
230.0,255.0,6.72
230.0,256.0,7.68
230.0,260.0,8.97
230.0,261.0,8.11
230.0,262.0,4.82
230.0,263.0,4.63
231.0,4.0,3.55
231.0,7.0,11.73
231.0,8.0,13.0
231.0,12.0,2.34
231.0,13.0,1.24
231.0,14.0,13.86
231.0,17.0,7.52
231.0,24.0,13.24
231.0,25.0,5.3
231.0,26.0,12.92
231.0,33.0,3.52
231.0,34.0,4.78
231.0,35.0,13.43
231.0,36.0,10.35
231.0,37.0,10.1
231.0,40.0,5.82
231.0,41.0,14.2
231.0,43.0,10.61
231.0,45.0,1.33
231.0,48.0,6.84
231.0,49.0,6.7
231.0,50.0,7.26
231.0,52.0,4.74
231.0,54.0,4.52
231.0,61.0,9.94
231.0,62.0,9.99
231.0,65.0,4.09
231.0,66.0,3.36
231.0,67.0,14.42
231.0,68.0,4.59
231.0,71.0,13.3
231.0,72.0,13.53
231.0,74.0,14.56
231.0,75.0,12.67
231.0,77.0,14.61
231.0,79.0,2.84
231.0,80.0,7.92
231.0,82.0,14.9
231.0,83.0,13.23
231.0,85.0,12.24
231.0,87.0,1.61
231.0,88.0,2.16
231.0,89.0,12.83
231.0,90.0,3.8
231.0,97.0,5.4
231.0,100.0,5.66
231.0,102.0,14.86
231.0,103.0,5.84
231.0,104.0,4.6
231.0,105.0,4.44
231.0,106.0,6.78
231.0,107.0,3.86
231.0,111.0,9.83
231.0,112.0,6.72
231.0,113.0,2.65
231.0,114.0,1.94
231.0,125.0,1.25
231.0,129.0,14.83
231.0,133.0,11.87
231.0,137.0,4.83
231.0,140.0,9.17
231.0,141.0,9.0
231.0,142.0,8.72
231.0,143.0,8.84
231.0,144.0,1.3
231.0,145.0,7.72
231.0,146.0,9.74
231.0,148.0,1.9
231.0,151.0,12.59
231.0,157.0,11.79
231.0,158.0,2.54
231.0,160.0,14.23
231.0,161.0,6.8
231.0,162.0,6.95
231.0,163.0,7.64
231.0,164.0,5.18
231.0,166.0,14.42
231.0,170.0,5.49
231.0,177.0,12.11
231.0,179.0,11.87
231.0,181.0,7.56
231.0,186.0,4.83
231.0,188.0,10.97
231.0,189.0,7.41
231.0,190.0,9.32
231.0,193.0,9.64
231.0,194.0,14.2
231.0,195.0,6.2
231.0,198.0,11.93
231.0,202.0,9.14
231.0,207.0,13.86
231.0,209.0,1.36
231.0,211.0,1.14
231.0,217.0,5.85
231.0,223.0,14.39
231.0,224.0,4.05
231.0,225.0,9.51
231.0,226.0,9.71
231.0,227.0,11.15
231.0,228.0,9.61
231.0,229.0,7.44
231.0,230.0,6.72
231.0,231.0,0.0
231.0,232.0,2.8
231.0,233.0,6.3
231.0,234.0,3.84
231.0,236.0,10.81
231.0,237.0,8.83
231.0,238.0,11.54
231.0,239.0,10.26
231.0,246.0,5.24
231.0,249.0,2.53
231.0,255.0,5.62
231.0,256.0,5.44
231.0,257.0,9.99
231.0,260.0,11.96
231.0,261.0,1.39
231.0,262.0,10.94
231.0,263.0,10.97
232.0,4.0,1.49
232.0,7.0,9.84
232.0,8.0,11.51
232.0,12.0,4.01
232.0,13.0,3.7
232.0,14.0,14.19
232.0,17.0,5.02
232.0,24.0,12.97
232.0,25.0,4.29
232.0,26.0,12.31
232.0,33.0,3.1
232.0,34.0,2.43
232.0,35.0,11.0
232.0,36.0,7.56
232.0,37.0,7.36
232.0,39.0,14.58
232.0,40.0,5.41
232.0,41.0,13.63
232.0,43.0,10.14
232.0,45.0,1.72
232.0,48.0,7.02
232.0,49.0,4.55
232.0,50.0,7.69
232.0,52.0,4.4
232.0,54.0,4.61
232.0,56.0,14.37
232.0,61.0,7.66
232.0,62.0,8.04
232.0,63.0,12.52
232.0,65.0,2.87
232.0,66.0,1.86
232.0,67.0,14.37
232.0,68.0,5.3
232.0,70.0,14.62
232.0,71.0,11.49
232.0,72.0,11.38
232.0,74.0,13.68
232.0,75.0,11.81
232.0,76.0,14.22
232.0,77.0,12.05
232.0,79.0,1.92
232.0,80.0,5.15
232.0,82.0,12.34
232.0,83.0,10.69
232.0,85.0,10.66
232.0,87.0,2.96
232.0,88.0,3.58
232.0,89.0,11.54
232.0,90.0,4.33
232.0,91.0,14.26
232.0,96.0,12.68
232.0,97.0,3.63
232.0,100.0,5.73
232.0,102.0,12.06
232.0,103.0,7.83
232.0,104.0,6.84
232.0,105.0,5.53
232.0,106.0,6.11
232.0,107.0,3.25
232.0,111.0,9.22
232.0,112.0,4.31
232.0,113.0,2.91
232.0,114.0,2.56
232.0,125.0,3.21
232.0,129.0,12.55
232.0,133.0,10.91
232.0,137.0,3.85
232.0,140.0,8.09
232.0,141.0,8.1
232.0,142.0,8.66
232.0,143.0,9.01
232.0,144.0,1.79
232.0,145.0,5.89
232.0,146.0,7.9
232.0,148.0,1.07
232.0,151.0,12.34
232.0,157.0,9.09
232.0,158.0,4.15
232.0,160.0,11.48
232.0,161.0,6.39
232.0,162.0,6.28
232.0,163.0,7.33
232.0,164.0,4.98
232.0,165.0,14.07
232.0,166.0,14.12
232.0,170.0,4.88
232.0,173.0,14.47
232.0,177.0,9.54
232.0,178.0,14.37
232.0,179.0,10.33
232.0,181.0,6.51
232.0,186.0,5.07
232.0,188.0,9.12
232.0,189.0,5.71
232.0,190.0,7.95
232.0,193.0,8.11
232.0,194.0,12.96
232.0,195.0,6.45
232.0,196.0,13.43
232.0,198.0,9.13
232.0,202.0,7.85
232.0,207.0,11.79
232.0,209.0,2.44
232.0,211.0,2.46
232.0,217.0,3.15
232.0,222.0,14.93
232.0,223.0,12.63
232.0,224.0,2.61
232.0,225.0,6.9
232.0,226.0,7.32
232.0,227.0,10.96
232.0,228.0,9.68
232.0,229.0,6.48
232.0,230.0,6.62
232.0,231.0,2.8
232.0,232.0,0.0
232.0,233.0,5.35
232.0,234.0,3.85
232.0,236.0,10.08
232.0,237.0,8.15
232.0,238.0,11.37
232.0,239.0,10.18
232.0,246.0,6.13
232.0,249.0,3.66
232.0,255.0,2.91
232.0,256.0,2.64
232.0,257.0,8.99
232.0,258.0,14.67
232.0,260.0,9.58
232.0,261.0,3.44
232.0,262.0,9.87
232.0,263.0,10.06
233.0,4.0,3.91
233.0,7.0,5.9
233.0,8.0,6.75
233.0,12.0,8.53
233.0,13.0,7.53
233.0,17.0,8.88
233.0,24.0,7.67
233.0,25.0,9.6
233.0,33.0,8.41
233.0,34.0,7.21
233.0,35.0,14.28
233.0,36.0,9.33
233.0,37.0,9.69
233.0,40.0,10.77
233.0,41.0,8.28
233.0,42.0,10.58
233.0,43.0,4.82
233.0,45.0,6.31
233.0,48.0,2.82
233.0,49.0,9.14
233.0,50.0,3.65
233.0,52.0,9.74
233.0,53.0,14.92
233.0,54.0,9.89
233.0,56.0,12.49
233.0,57.0,13.01
233.0,61.0,11.61
233.0,62.0,12.48
233.0,63.0,14.13
233.0,65.0,8.2
233.0,66.0,7.2
233.0,68.0,3.29
233.0,69.0,13.48
233.0,70.0,11.53
233.0,74.0,8.39
233.0,75.0,6.5
233.0,77.0,14.82
233.0,79.0,3.7
233.0,80.0,6.31
233.0,82.0,10.5
233.0,83.0,8.88
233.0,87.0,7.56
233.0,88.0,8.23
233.0,90.0,3.16
233.0,93.0,14.49
233.0,95.0,14.29
233.0,96.0,13.48
233.0,97.0,8.7
233.0,100.0,2.11
233.0,102.0,12.55
233.0,103.0,12.13
233.0,104.0,10.85
233.0,105.0,10.48
233.0,106.0,11.44
233.0,107.0,2.45
233.0,111.0,14.53
233.0,112.0,3.8
233.0,113.0,3.68
233.0,114.0,4.36
233.0,116.0,11.6
233.0,119.0,13.83
233.0,120.0,14.92
233.0,125.0,5.39
233.0,126.0,13.15
233.0,129.0,9.54
233.0,137.0,1.55
233.0,138.0,11.36
233.0,140.0,2.88
233.0,141.0,2.78
233.0,142.0,3.7
233.0,143.0,4.28
233.0,144.0,5.18
233.0,145.0,2.49
233.0,146.0,4.02
233.0,147.0,12.98
233.0,148.0,5.09
233.0,151.0,7.07
233.0,152.0,10.18
233.0,157.0,8.48
233.0,158.0,4.82
233.0,159.0,11.92
233.0,160.0,11.08
233.0,161.0,1.44
233.0,162.0,1.02
233.0,163.0,2.27
233.0,164.0,1.65
233.0,166.0,8.81
233.0,167.0,13.7
233.0,168.0,10.34
233.0,170.0,0.95
233.0,173.0,11.96
233.0,177.0,12.48
233.0,179.0,5.67
233.0,181.0,11.74
233.0,186.0,2.46
233.0,188.0,13.63
233.0,189.0,10.62
233.0,190.0,12.97
233.0,193.0,3.52
233.0,194.0,7.91
233.0,195.0,11.74
233.0,196.0,12.42
233.0,198.0,9.96
233.0,199.0,11.5
233.0,202.0,2.88
233.0,207.0,8.18
233.0,209.0,7.05
233.0,211.0,5.16
233.0,217.0,6.88
233.0,223.0,8.29
233.0,224.0,2.75
233.0,225.0,10.03
233.0,226.0,5.4
233.0,229.0,1.16
233.0,230.0,2.11
233.0,231.0,6.3
233.0,232.0,5.35
233.0,233.0,0.0
233.0,234.0,2.64
233.0,236.0,4.73
233.0,237.0,2.8
233.0,238.0,6.15
233.0,239.0,5.09
233.0,244.0,13.88
233.0,246.0,3.77
233.0,247.0,12.71
233.0,249.0,4.26
233.0,253.0,14.47
233.0,255.0,4.79
233.0,256.0,5.85
233.0,257.0,14.17
233.0,260.0,7.19
233.0,261.0,7.64
233.0,262.0,4.66
233.0,263.0,4.76
234.0,4.0,2.86
234.0,7.0,8.47
234.0,8.0,9.37
234.0,12.0,6.16
234.0,13.0,5.04
234.0,17.0,8.47
234.0,24.0,9.48
234.0,25.0,8.05
234.0,33.0,6.56
234.0,34.0,6.18
234.0,35.0,14.33
234.0,36.0,9.99
234.0,37.0,10.1
234.0,40.0,9.0
234.0,41.0,10.37
234.0,42.0,12.72
234.0,43.0,6.79
234.0,45.0,4.18
234.0,48.0,3.22
234.0,49.0,8.3
234.0,50.0,3.84
234.0,52.0,7.92
234.0,54.0,7.93
234.0,56.0,14.65
234.0,61.0,11.23
234.0,62.0,11.79
234.0,65.0,6.63
234.0,66.0,5.62
234.0,68.0,1.59
234.0,70.0,14.0
234.0,72.0,14.98
234.0,74.0,10.72
234.0,75.0,8.84
234.0,79.0,1.93
234.0,80.0,7.01
234.0,82.0,12.62
234.0,83.0,10.94
234.0,85.0,14.49
234.0,87.0,5.28
234.0,88.0,5.92
234.0,90.0,0.78
234.0,96.0,14.69
234.0,97.0,7.48
234.0,100.0,1.94
234.0,102.0,13.87
234.0,103.0,9.6
234.0,104.0,8.29
234.0,105.0,8.21
234.0,106.0,9.81
234.0,107.0,0.88
234.0,111.0,12.95
234.0,112.0,4.82
234.0,113.0,1.22
234.0,114.0,1.92
234.0,116.0,13.57
234.0,125.0,2.8
234.0,129.0,11.97
234.0,133.0,14.73
234.0,137.0,1.55
234.0,138.0,13.93
234.0,140.0,5.43
234.0,141.0,5.2
234.0,142.0,4.99
234.0,143.0,5.25
234.0,144.0,2.95
234.0,145.0,4.69
234.0,146.0,6.52
234.0,148.0,3.14
234.0,151.0,8.83
234.0,152.0,12.12
234.0,157.0,10.1
234.0,158.0,2.2
234.0,159.0,14.35
234.0,160.0,12.71
234.0,161.0,2.96
234.0,162.0,3.14
234.0,163.0,3.82
234.0,164.0,1.35
234.0,166.0,10.65
234.0,168.0,12.81
234.0,170.0,1.72
234.0,173.0,14.3
234.0,177.0,12.67
234.0,179.0,8.3
234.0,181.0,10.32
234.0,186.0,1.22
234.0,188.0,12.9
234.0,189.0,9.55
234.0,190.0,11.8
234.0,193.0,6.14
234.0,194.0,10.45
234.0,195.0,9.74
234.0,196.0,14.3
234.0,198.0,11.06
234.0,199.0,14.13
234.0,202.0,5.51
234.0,207.0,10.72
234.0,209.0,4.82
234.0,211.0,2.71
234.0,217.0,6.42
234.0,223.0,10.92
234.0,224.0,1.99
234.0,225.0,10.06
234.0,226.0,7.33
234.0,227.0,14.54
234.0,228.0,13.12
234.0,229.0,3.71
234.0,230.0,2.95
234.0,231.0,3.84
234.0,232.0,3.85
234.0,233.0,2.64
234.0,234.0,0.0
234.0,236.0,6.97
234.0,237.0,4.99
234.0,238.0,7.79
234.0,239.0,6.55
234.0,246.0,2.43
234.0,247.0,14.96
234.0,249.0,1.62
234.0,255.0,4.85
234.0,256.0,5.5
234.0,257.0,12.81
234.0,260.0,9.39
234.0,261.0,5.23
234.0,262.0,7.16
234.0,263.0,7.15
235.0,3.0,7.83
235.0,7.0,13.39
235.0,8.0,10.91
235.0,18.0,3.64
235.0,20.0,3.44
235.0,24.0,9.26
235.0,31.0,4.57
235.0,32.0,5.93
235.0,41.0,8.11
235.0,42.0,5.75
235.0,43.0,11.69
235.0,46.0,14.92
235.0,47.0,2.26
235.0,51.0,10.26
235.0,53.0,13.31
235.0,58.0,10.76
235.0,59.0,3.11
235.0,60.0,4.32
235.0,69.0,3.11
235.0,70.0,14.14
235.0,74.0,7.92
235.0,75.0,9.77
235.0,78.0,3.57
235.0,81.0,9.77
235.0,94.0,2.01
235.0,116.0,5.22
235.0,119.0,2.44
235.0,120.0,1.8
235.0,126.0,6.85
235.0,127.0,2.03
235.0,128.0,3.07
235.0,129.0,14.41
235.0,136.0,2.18
235.0,138.0,12.42
235.0,140.0,13.51
235.0,141.0,13.49
235.0,142.0,13.71
235.0,143.0,13.8
235.0,146.0,14.6
235.0,147.0,5.19
235.0,151.0,9.91
235.0,152.0,6.6
235.0,153.0,3.51
235.0,159.0,5.05
235.0,163.0,14.66
235.0,166.0,8.13
235.0,167.0,3.98
235.0,168.0,6.65
235.0,169.0,1.31
235.0,174.0,5.48
235.0,179.0,11.99
235.0,182.0,6.81
235.0,183.0,9.41
235.0,184.0,12.26
235.0,185.0,6.86
235.0,193.0,13.87
235.0,194.0,9.1
235.0,199.0,9.76
235.0,200.0,6.99
235.0,202.0,13.85
235.0,207.0,13.15
235.0,208.0,11.15
235.0,212.0,6.3
235.0,213.0,8.21
235.0,220.0,4.44
235.0,223.0,11.11
235.0,235.0,0.0
235.0,236.0,11.55
235.0,237.0,13.52
235.0,238.0,10.97
235.0,239.0,12.26
235.0,240.0,7.26
235.0,241.0,4.2
235.0,242.0,7.32
235.0,243.0,1.99
235.0,244.0,3.25
235.0,247.0,3.59
235.0,248.0,5.56
235.0,250.0,8.08
235.0,252.0,14.64
235.0,254.0,7.7
235.0,259.0,9.75
235.0,262.0,11.77
235.0,263.0,11.53
236.0,4.0,8.62
236.0,7.0,5.0
236.0,8.0,3.79
236.0,12.0,13.12
236.0,13.0,12.01
236.0,17.0,13.09
236.0,18.0,14.83
236.0,20.0,13.86
236.0,24.0,3.3
236.0,25.0,14.3
236.0,31.0,14.55
236.0,33.0,13.14
236.0,34.0,11.8
236.0,36.0,12.53
236.0,37.0,13.14
236.0,41.0,3.57
236.0,42.0,5.85
236.0,43.0,1.0
236.0,45.0,10.99
236.0,47.0,11.13
236.0,48.0,4.53
236.0,49.0,13.6
236.0,50.0,4.73
236.0,52.0,14.47
236.0,53.0,12.71
236.0,54.0,14.62
236.0,56.0,12.34
236.0,57.0,12.26
236.0,59.0,10.99
236.0,60.0,11.17
236.0,65.0,12.91
236.0,66.0,11.92
236.0,68.0,6.7
236.0,69.0,8.83
236.0,70.0,10.18
236.0,74.0,3.75
236.0,75.0,1.88
236.0,78.0,12.39
236.0,79.0,8.4
236.0,80.0,9.82
236.0,82.0,10.74
236.0,83.0,9.51
236.0,87.0,12.19
236.0,88.0,12.85
236.0,90.0,7.16
236.0,92.0,14.55
236.0,93.0,14.19
236.0,94.0,13.1
236.0,95.0,14.94
236.0,97.0,13.32
236.0,100.0,5.31
236.0,102.0,14.47
236.0,107.0,7.08
236.0,112.0,7.53
236.0,113.0,8.17
236.0,114.0,8.88
236.0,116.0,6.91
236.0,119.0,9.11
236.0,120.0,10.19
236.0,125.0,9.74
236.0,126.0,9.22
236.0,127.0,13.28
236.0,128.0,14.01
236.0,129.0,8.67
236.0,136.0,13.71
236.0,137.0,6.27
236.0,138.0,9.32
236.0,140.0,2.21
236.0,141.0,2.0
236.0,142.0,2.91
236.0,143.0,3.47
236.0,144.0,9.81
236.0,145.0,5.23
236.0,146.0,4.57
236.0,147.0,8.66
236.0,148.0,9.79
236.0,151.0,2.86
236.0,152.0,5.53
236.0,153.0,14.98
236.0,157.0,10.29
236.0,158.0,8.83
236.0,159.0,7.42
236.0,160.0,12.52
236.0,161.0,4.02
236.0,162.0,3.89
236.0,163.0,3.28
236.0,164.0,5.63
236.0,166.0,4.3
236.0,167.0,9.22
236.0,168.0,5.97
236.0,169.0,11.63
236.0,170.0,5.37
236.0,173.0,11.23
236.0,179.0,3.45
236.0,182.0,13.88
236.0,186.0,6.13
236.0,193.0,3.4
236.0,194.0,3.93
236.0,196.0,13.13
236.0,198.0,12.48
236.0,199.0,8.43
236.0,202.0,2.84
236.0,207.0,6.86
236.0,209.0,11.7
236.0,211.0,9.68
236.0,212.0,11.97
236.0,213.0,12.31
236.0,217.0,11.24
236.0,223.0,5.76
236.0,224.0,7.47
236.0,225.0,13.84
236.0,226.0,7.24
236.0,229.0,3.6
236.0,230.0,4.28
236.0,231.0,10.81
236.0,232.0,10.08
236.0,233.0,4.73
236.0,234.0,6.97
236.0,235.0,11.55
236.0,236.0,0.0
236.0,237.0,1.99
236.0,238.0,2.44
236.0,239.0,2.46
236.0,243.0,11.59
236.0,244.0,9.18
236.0,246.0,6.58
236.0,247.0,8.01
236.0,248.0,12.3
236.0,249.0,8.46
236.0,250.0,14.26
236.0,253.0,13.21
236.0,255.0,9.06
236.0,256.0,10.23
236.0,260.0,7.76
236.0,261.0,12.19
236.0,262.0,1.34
236.0,263.0,0.71
237.0,4.0,6.71
237.0,7.0,5.22
237.0,8.0,4.96
237.0,12.0,11.13
237.0,13.0,10.03
237.0,17.0,11.46
237.0,24.0,4.9
237.0,25.0,12.4
237.0,33.0,11.19
237.0,34.0,9.97
237.0,36.0,11.34
237.0,37.0,11.84
237.0,40.0,13.56
237.0,41.0,5.49
237.0,42.0,7.81
237.0,43.0,2.04
237.0,45.0,9.01
237.0,47.0,13.11
237.0,48.0,2.85
237.0,49.0,11.85
237.0,50.0,3.3
237.0,52.0,12.53
237.0,53.0,13.79
237.0,54.0,12.66
237.0,56.0,12.54
237.0,57.0,12.72
237.0,59.0,12.95
237.0,60.0,13.08
237.0,61.0,14.14
237.0,65.0,11.0
237.0,66.0,10.0
237.0,68.0,4.83
237.0,69.0,10.82
237.0,70.0,10.85
237.0,74.0,5.73
237.0,75.0,3.85
237.0,78.0,14.34
237.0,79.0,6.43
237.0,80.0,8.46
237.0,82.0,10.74
237.0,83.0,9.31
237.0,87.0,10.21
237.0,88.0,10.86
237.0,90.0,5.21
237.0,93.0,14.48
237.0,95.0,14.85
237.0,96.0,14.84
237.0,97.0,11.48
237.0,100.0,3.4
237.0,102.0,13.84
237.0,103.0,14.58
237.0,104.0,13.24
237.0,105.0,13.15
237.0,106.0,14.24
237.0,107.0,5.1
237.0,112.0,6.02
237.0,113.0,6.18
237.0,114.0,6.89
237.0,116.0,8.8
237.0,119.0,11.09
237.0,120.0,12.14
237.0,125.0,7.77
237.0,126.0,10.97
237.0,129.0,9.09
237.0,137.0,4.31
237.0,138.0,10.28
237.0,140.0,1.3
237.0,141.0,0.71
237.0,142.0,1.92
237.0,143.0,2.68
237.0,144.0,7.83
237.0,145.0,3.89
237.0,146.0,4.03
237.0,147.0,10.56
237.0,148.0,7.82
237.0,151.0,4.32
237.0,152.0,7.38
237.0,157.0,9.63
237.0,158.0,6.9
237.0,159.0,9.37
237.0,160.0,12.06
237.0,161.0,2.06
237.0,162.0,1.91
237.0,163.0,1.46
237.0,164.0,3.66
237.0,166.0,6.02
237.0,167.0,11.16
237.0,168.0,7.87
237.0,169.0,13.61
237.0,170.0,3.38
237.0,173.0,11.66
237.0,177.0,14.7
237.0,179.0,4.18
237.0,181.0,14.54
237.0,186.0,4.2
237.0,189.0,13.37
237.0,193.0,2.9
237.0,194.0,5.63
237.0,195.0,14.5
237.0,196.0,12.98
237.0,198.0,11.57
237.0,199.0,9.81
237.0,202.0,2.01
237.0,207.0,7.41
237.0,209.0,9.72
237.0,211.0,7.69
237.0,212.0,13.79
237.0,213.0,13.99
237.0,217.0,9.54
237.0,223.0,6.83
237.0,224.0,5.54
237.0,225.0,12.4
237.0,226.0,6.44
237.0,229.0,1.75
237.0,230.0,2.44
237.0,231.0,8.83
237.0,232.0,8.15
237.0,233.0,2.8
237.0,234.0,4.99
237.0,235.0,13.52
237.0,236.0,1.99
237.0,237.0,0.0
237.0,238.0,3.49
237.0,239.0,2.68
237.0,243.0,13.52
237.0,244.0,11.08
237.0,246.0,4.83
237.0,247.0,9.99
237.0,248.0,14.17
237.0,249.0,6.5
237.0,253.0,13.9
237.0,255.0,7.38
237.0,256.0,8.51
237.0,260.0,7.51
237.0,261.0,10.21
237.0,262.0,2.39
237.0,263.0,2.21
238.0,4.0,10.0
238.0,7.0,7.42
238.0,8.0,5.89
238.0,12.0,13.87
238.0,13.0,12.65
238.0,17.0,14.95
238.0,18.0,14.49
238.0,20.0,13.74
238.0,24.0,1.73
238.0,31.0,14.57
238.0,33.0,14.31
238.0,34.0,13.35
238.0,36.0,14.75
238.0,41.0,3.05
238.0,42.0,5.31
238.0,43.0,1.59
238.0,45.0,11.98
238.0,47.0,11.04
238.0,48.0,4.72
238.0,50.0,4.48
238.0,53.0,14.58
238.0,56.0,14.71
238.0,57.0,14.53
238.0,59.0,11.09
238.0,60.0,11.52
238.0,65.0,14.23
238.0,66.0,13.22
238.0,68.0,7.03
238.0,69.0,8.71
238.0,70.0,12.37
238.0,74.0,4.21
238.0,75.0,3.05
238.0,78.0,12.5
238.0,79.0,9.53
238.0,80.0,11.92
238.0,82.0,13.15
238.0,83.0,11.94
238.0,87.0,13.05
238.0,88.0,13.67
238.0,90.0,7.74
238.0,94.0,12.75
238.0,97.0,14.83
238.0,100.0,5.88
238.0,107.0,8.16
238.0,112.0,9.51
238.0,113.0,9.01
238.0,114.0,9.7
238.0,116.0,5.87
238.0,119.0,8.56
238.0,120.0,9.39
238.0,125.0,10.35
238.0,126.0,10.19
238.0,127.0,12.47
238.0,128.0,13.05
238.0,129.0,11.0
238.0,136.0,13.15
238.0,137.0,7.54
238.0,138.0,11.36
238.0,140.0,4.36
238.0,141.0,3.93
238.0,142.0,2.82
238.0,143.0,2.83
238.0,144.0,10.74
238.0,145.0,7.32
238.0,146.0,6.96
238.0,147.0,9.22
238.0,148.0,10.88
238.0,151.0,1.07
238.0,152.0,4.42
238.0,153.0,14.23
238.0,157.0,12.69
238.0,158.0,9.24
238.0,159.0,7.76
238.0,160.0,14.95
238.0,161.0,4.98
238.0,162.0,5.15
238.0,163.0,4.04
238.0,164.0,6.48
238.0,166.0,2.9
238.0,167.0,9.47
238.0,168.0,6.67
238.0,169.0,11.33
238.0,170.0,6.49
238.0,173.0,13.53
238.0,179.0,5.79
238.0,182.0,14.49
238.0,186.0,6.71
238.0,193.0,5.77
238.0,194.0,5.39
238.0,198.0,14.82
238.0,199.0,10.06
238.0,202.0,5.08
238.0,207.0,9.16
238.0,209.0,12.61
238.0,211.0,10.46
238.0,212.0,12.68
238.0,213.0,13.36
238.0,217.0,13.0
238.0,223.0,7.82
238.0,224.0,8.81
238.0,226.0,9.59
238.0,229.0,5.22
238.0,230.0,4.85
238.0,231.0,11.54
238.0,232.0,11.37
238.0,233.0,6.15
238.0,234.0,7.79
238.0,235.0,10.97
238.0,236.0,2.44
238.0,237.0,3.49
238.0,238.0,0.0
238.0,239.0,1.3
238.0,243.0,10.61
238.0,244.0,8.16
238.0,246.0,6.61
238.0,247.0,7.71
238.0,248.0,12.84
238.0,249.0,9.03
238.0,255.0,10.85
238.0,256.0,11.97
238.0,260.0,10.19
238.0,261.0,12.92
238.0,262.0,3.76
238.0,263.0,3.1
239.0,4.0,8.85
239.0,7.0,7.35
239.0,8.0,6.23
239.0,12.0,12.59
239.0,13.0,11.36
239.0,17.0,13.95
239.0,20.0,14.98
239.0,24.0,3.03
239.0,25.0,14.47
239.0,33.0,13.08
239.0,34.0,12.24
239.0,36.0,14.01
239.0,37.0,14.5
239.0,41.0,4.27
239.0,42.0,6.57
239.0,43.0,1.47
239.0,45.0,10.73
239.0,47.0,12.28
239.0,48.0,3.43
239.0,49.0,14.22
239.0,50.0,3.19
239.0,52.0,14.44
239.0,54.0,14.47
239.0,56.0,14.73
239.0,57.0,14.7
239.0,59.0,12.29
239.0,60.0,12.68
239.0,65.0,13.05
239.0,66.0,12.03
239.0,68.0,5.74
239.0,69.0,9.94
239.0,70.0,12.64
239.0,74.0,5.25
239.0,75.0,3.77
239.0,78.0,13.71
239.0,79.0,8.32
239.0,80.0,11.1
239.0,82.0,13.05
239.0,83.0,11.73
239.0,87.0,11.78
239.0,88.0,12.4
239.0,90.0,6.46
239.0,94.0,14.02
239.0,97.0,13.7
239.0,100.0,4.62
239.0,104.0,14.3
239.0,105.0,14.69
239.0,107.0,6.95
239.0,112.0,8.63
239.0,113.0,7.75
239.0,114.0,8.44
239.0,116.0,7.16
239.0,119.0,9.84
239.0,120.0,10.68
239.0,125.0,9.06
239.0,126.0,11.16
239.0,127.0,13.77
239.0,128.0,14.34
239.0,129.0,11.1
239.0,136.0,14.44
239.0,137.0,6.4
239.0,138.0,11.77
239.0,140.0,3.8
239.0,141.0,3.28
239.0,142.0,1.55
239.0,143.0,1.55
239.0,144.0,9.49
239.0,145.0,6.57
239.0,146.0,6.55
239.0,147.0,10.31
239.0,148.0,9.65
239.0,151.0,2.37
239.0,152.0,5.72
239.0,157.0,12.24
239.0,158.0,7.94
239.0,159.0,8.89
239.0,160.0,14.61
239.0,161.0,3.81
239.0,162.0,4.07
239.0,163.0,2.87
239.0,164.0,5.25
239.0,166.0,4.19
239.0,167.0,10.64
239.0,168.0,7.69
239.0,169.0,12.6
239.0,170.0,5.32
239.0,173.0,13.67
239.0,179.0,5.89
239.0,186.0,5.43
239.0,193.0,5.36
239.0,194.0,6.1
239.0,198.0,14.24
239.0,199.0,10.74
239.0,202.0,4.55
239.0,207.0,9.3
239.0,209.0,11.35
239.0,211.0,9.19
239.0,212.0,13.74
239.0,213.0,14.31
239.0,217.0,11.97
239.0,223.0,8.21
239.0,224.0,7.67
239.0,226.0,9.07
239.0,229.0,4.28
239.0,230.0,3.6
239.0,231.0,10.26
239.0,232.0,10.18
239.0,233.0,5.09
239.0,234.0,6.55
239.0,235.0,12.26
239.0,236.0,2.46
239.0,237.0,2.68
239.0,238.0,1.3
239.0,239.0,0.0
239.0,243.0,11.91
239.0,244.0,9.45
239.0,246.0,5.32
239.0,247.0,8.96
239.0,248.0,13.95
239.0,249.0,7.74
239.0,255.0,9.86
239.0,256.0,10.94
239.0,260.0,9.95
239.0,261.0,11.64
239.0,262.0,3.77
239.0,263.0,3.17
240.0,3.0,5.87
240.0,18.0,4.07
240.0,20.0,5.44
240.0,31.0,5.47
240.0,32.0,4.89
240.0,42.0,13.0
240.0,46.0,12.99
240.0,47.0,7.9
240.0,51.0,6.71
240.0,58.0,10.4
240.0,59.0,8.38
240.0,60.0,8.93
240.0,69.0,10.0
240.0,78.0,7.32
240.0,81.0,5.43
240.0,94.0,5.71
240.0,116.0,12.4
240.0,119.0,9.7
240.0,120.0,8.86
240.0,126.0,12.15
240.0,127.0,5.91
240.0,128.0,5.74
240.0,136.0,5.07
240.0,147.0,11.19
240.0,152.0,13.82
240.0,153.0,4.19
240.0,159.0,11.75
240.0,167.0,10.13
240.0,168.0,13.41
240.0,169.0,7.18
240.0,174.0,2.59
240.0,182.0,8.78
240.0,183.0,8.73
240.0,184.0,9.12
240.0,185.0,6.67
240.0,200.0,2.88
240.0,208.0,12.34
240.0,212.0,9.91
240.0,213.0,11.6
240.0,220.0,3.66
240.0,235.0,7.26
240.0,240.0,0.0
240.0,241.0,3.07
240.0,242.0,7.85
240.0,243.0,7.91
240.0,244.0,10.22
240.0,247.0,10.75
240.0,248.0,8.96
240.0,250.0,9.92
240.0,254.0,3.15
240.0,259.0,3.35
241.0,3.0,5.65
241.0,8.0,14.73
241.0,18.0,1.43
241.0,20.0,2.96
241.0,24.0,13.45
241.0,31.0,3.56
241.0,32.0,3.88
241.0,41.0,12.3
241.0,42.0,9.94
241.0,46.0,13.28
241.0,47.0,5.0
241.0,51.0,7.51
241.0,58.0,9.84
241.0,59.0,5.59
241.0,60.0,6.35
241.0,69.0,6.98
241.0,74.0,12.02
241.0,75.0,13.9
241.0,78.0,4.78
241.0,81.0,6.6
241.0,94.0,2.74
241.0,116.0,9.37
241.0,119.0,6.63
241.0,120.0,5.84
241.0,126.0,9.55
241.0,127.0,3.05
241.0,128.0,3.26
241.0,136.0,2.01
241.0,147.0,8.37
241.0,151.0,14.1
241.0,152.0,10.78
241.0,153.0,1.64
241.0,159.0,8.78
241.0,166.0,12.31
241.0,167.0,7.25
241.0,168.0,10.45
241.0,169.0,4.18
241.0,174.0,1.85
241.0,182.0,7.08
241.0,183.0,8.19
241.0,184.0,9.84
241.0,185.0,5.63
241.0,194.0,12.99
241.0,199.0,12.64
241.0,200.0,3.62
241.0,208.0,11.21
241.0,212.0,7.71
241.0,213.0,9.59
241.0,220.0,1.89
241.0,223.0,14.62
241.0,235.0,4.2
241.0,240.0,3.07
241.0,241.0,0.0
241.0,242.0,6.65
241.0,243.0,5.03
241.0,244.0,7.23
241.0,247.0,7.69
241.0,248.0,6.75
241.0,250.0,8.37
241.0,254.0,4.17
241.0,259.0,5.77
242.0,3.0,2.63
242.0,7.0,14.71
242.0,8.0,12.87
242.0,15.0,11.79
242.0,18.0,5.37
242.0,20.0,4.24
242.0,24.0,14.38
242.0,31.0,3.2
242.0,32.0,2.99
242.0,41.0,12.82
242.0,42.0,10.87
242.0,46.0,7.65
242.0,47.0,5.56
242.0,51.0,4.72
242.0,53.0,9.73
242.0,57.0,13.97
242.0,58.0,3.46
242.0,59.0,5.08
242.0,60.0,4.35
242.0,69.0,7.51
242.0,70.0,12.43
242.0,73.0,14.46
242.0,74.0,11.75
242.0,75.0,13.48
242.0,78.0,3.89
242.0,81.0,5.26
242.0,92.0,12.83
242.0,94.0,5.69
242.0,116.0,11.27
242.0,119.0,8.51
242.0,120.0,8.85
242.0,126.0,6.41
242.0,127.0,8.15
242.0,128.0,9.03
242.0,129.0,13.71
242.0,136.0,6.72
242.0,138.0,10.95
242.0,147.0,6.69
242.0,151.0,14.92
242.0,152.0,12.24
242.0,153.0,7.91
242.0,159.0,8.09
242.0,166.0,13.53
242.0,167.0,6.41
242.0,168.0,9.37
242.0,169.0,6.07
242.0,171.0,12.41
242.0,173.0,13.92
242.0,174.0,5.47
242.0,179.0,14.04
242.0,182.0,1.56
242.0,183.0,2.15
242.0,184.0,5.72
242.0,185.0,1.2
242.0,194.0,11.62
242.0,199.0,8.93
242.0,200.0,9.98
242.0,207.0,13.33
242.0,208.0,4.59
242.0,212.0,3.49
242.0,213.0,4.34
242.0,220.0,8.49
242.0,223.0,11.88
242.0,235.0,7.32
242.0,240.0,7.85
242.0,241.0,6.65
242.0,242.0,0.0
242.0,243.0,9.27
242.0,244.0,10.13
242.0,247.0,8.62
242.0,248.0,3.04
242.0,250.0,2.17
242.0,252.0,9.46
242.0,253.0,12.71
242.0,254.0,5.29
242.0,259.0,7.53
242.0,262.0,14.91
242.0,263.0,14.99
243.0,3.0,9.57
243.0,7.0,14.14
243.0,8.0,11.61
243.0,18.0,5.0
243.0,20.0,5.23
243.0,24.0,8.89
243.0,31.0,6.39
243.0,32.0,7.63
243.0,41.0,8.03
243.0,42.0,5.78
243.0,43.0,11.57
243.0,47.0,4.19
243.0,51.0,11.9
243.0,58.0,12.73
243.0,59.0,5.02
243.0,60.0,6.23
243.0,69.0,4.27
243.0,74.0,8.24
243.0,75.0,9.97
243.0,78.0,5.56
243.0,81.0,11.27
243.0,94.0,3.71
243.0,116.0,4.76
243.0,119.0,2.93
243.0,120.0,1.56
243.0,126.0,8.46
243.0,127.0,2.0
243.0,128.0,2.44
243.0,136.0,3.23
243.0,138.0,13.84
243.0,140.0,13.69
243.0,141.0,13.59
243.0,142.0,13.42
243.0,143.0,13.4
243.0,147.0,6.68
243.0,151.0,9.55
243.0,152.0,6.21
243.0,153.0,3.74
243.0,159.0,6.13
243.0,163.0,14.51
243.0,166.0,7.72
243.0,167.0,5.52
243.0,168.0,7.53
243.0,169.0,3.3
243.0,174.0,6.68
243.0,179.0,12.59
243.0,182.0,8.81
243.0,183.0,11.33
243.0,184.0,14.01
243.0,185.0,8.74
243.0,193.0,14.27
243.0,194.0,9.77
243.0,199.0,11.2
243.0,200.0,6.88
243.0,202.0,14.13
243.0,207.0,14.19
243.0,208.0,13.14
243.0,212.0,8.24
243.0,213.0,10.12
243.0,220.0,4.47
243.0,223.0,12.11
243.0,235.0,1.99
243.0,236.0,11.59
243.0,237.0,13.52
243.0,238.0,10.61
243.0,239.0,11.91
243.0,240.0,7.91
243.0,241.0,5.03
243.0,242.0,9.27
243.0,243.0,0.0
243.0,244.0,2.46
243.0,247.0,4.24
243.0,248.0,7.54
243.0,250.0,10.07
243.0,254.0,9.01
243.0,259.0,10.8
243.0,262.0,12.04
243.0,263.0,11.7
244.0,3.0,10.98
244.0,7.0,12.04
244.0,8.0,9.51
244.0,18.0,6.86
244.0,20.0,6.62
244.0,24.0,6.43
244.0,31.0,7.71
244.0,32.0,9.13
244.0,41.0,5.61
244.0,42.0,3.45
244.0,43.0,9.12
244.0,47.0,4.58
244.0,48.0,12.87
244.0,50.0,12.61
244.0,51.0,13.46
244.0,53.0,14.16
244.0,58.0,13.47
244.0,59.0,5.19
244.0,60.0,6.28
244.0,69.0,3.3
244.0,70.0,14.1
244.0,74.0,5.98
244.0,75.0,7.62
244.0,78.0,6.24
244.0,81.0,13.01
244.0,94.0,5.25
244.0,100.0,14.0
244.0,116.0,2.3
244.0,119.0,1.79
244.0,120.0,1.45
244.0,126.0,7.59
244.0,127.0,4.35
244.0,128.0,4.9
244.0,129.0,13.89
244.0,136.0,5.26
244.0,138.0,12.45
244.0,140.0,11.31
244.0,141.0,11.18
244.0,142.0,10.96
244.0,143.0,10.95
244.0,145.0,14.19
244.0,146.0,12.88
244.0,147.0,5.73
244.0,151.0,7.09
244.0,152.0,3.75
244.0,153.0,6.11
244.0,159.0,4.69
244.0,161.0,12.95
244.0,162.0,12.97
244.0,163.0,12.06
244.0,164.0,14.54
244.0,166.0,5.26
244.0,167.0,4.82
244.0,168.0,5.75
244.0,169.0,4.18
244.0,170.0,14.42
244.0,174.0,8.68
244.0,179.0,10.42
244.0,182.0,9.3
244.0,183.0,12.27
244.0,185.0,9.86
244.0,186.0,14.84
244.0,193.0,11.97
244.0,194.0,7.69
244.0,199.0,9.9
244.0,200.0,9.33
244.0,202.0,11.78
244.0,207.0,12.35
244.0,208.0,13.4
244.0,212.0,8.24
244.0,213.0,9.91
244.0,220.0,6.9
244.0,223.0,10.27
244.0,229.0,12.77
244.0,230.0,12.95
244.0,233.0,13.88
244.0,235.0,3.25
244.0,236.0,9.18
244.0,237.0,11.08
244.0,238.0,8.16
244.0,239.0,9.45
244.0,240.0,10.22
244.0,241.0,7.23
244.0,242.0,10.13
244.0,243.0,2.46
244.0,244.0,0.0
244.0,246.0,14.75
244.0,247.0,2.66
244.0,248.0,7.77
244.0,250.0,10.42
244.0,254.0,10.94
244.0,259.0,12.93
244.0,260.0,14.86
244.0,262.0,9.69
244.0,263.0,9.32
245.0,1.0,12.04
245.0,5.0,14.82
245.0,6.0,5.57
245.0,11.0,11.27
245.0,12.0,14.45
245.0,14.0,8.16
245.0,21.0,13.93
245.0,22.0,12.26
245.0,23.0,8.33
245.0,26.0,12.71
245.0,40.0,13.92
245.0,52.0,14.44
245.0,54.0,13.93
245.0,55.0,14.97
245.0,67.0,10.03
245.0,88.0,14.8
245.0,99.0,12.15
245.0,103.0,10.87
245.0,104.0,12.23
245.0,105.0,12.7
245.0,106.0,14.03
245.0,108.0,14.83
245.0,109.0,12.65
245.0,110.0,12.67
245.0,111.0,12.95
245.0,115.0,2.44
245.0,118.0,7.2
245.0,133.0,14.18
245.0,156.0,7.17
245.0,172.0,8.55
245.0,176.0,10.22
245.0,178.0,14.87
245.0,181.0,14.76
245.0,187.0,4.23
245.0,195.0,12.38
245.0,206.0,1.31
245.0,214.0,6.63
245.0,221.0,3.64
245.0,227.0,11.07
245.0,228.0,10.71
245.0,245.0,0.0
245.0,251.0,3.16
245.0,257.0,14.32
246.0,4.0,5.28
246.0,7.0,9.46
246.0,8.0,9.74
246.0,12.0,7.51
246.0,13.0,6.21
246.0,17.0,10.89
246.0,24.0,8.34
246.0,25.0,10.14
246.0,33.0,8.5
246.0,34.0,8.53
246.0,36.0,12.35
246.0,37.0,12.5
246.0,40.0,10.92
246.0,41.0,9.52
246.0,42.0,11.86
246.0,43.0,6.06
246.0,45.0,6.04
246.0,48.0,2.05
246.0,49.0,10.66
246.0,50.0,2.14
246.0,52.0,9.82
246.0,54.0,9.71
246.0,61.0,13.64
246.0,62.0,14.15
246.0,65.0,8.75
246.0,66.0,7.77
246.0,68.0,0.85
246.0,74.0,10.23
246.0,75.0,8.44
246.0,79.0,4.28
246.0,80.0,9.33
246.0,82.0,14.27
246.0,83.0,12.64
246.0,87.0,6.84
246.0,88.0,7.39
246.0,90.0,1.8
246.0,97.0,9.74
246.0,100.0,1.7
246.0,103.0,10.39
246.0,104.0,9.0
246.0,105.0,9.62
246.0,106.0,11.81
246.0,107.0,3.29
246.0,111.0,14.94
246.0,112.0,7.0
246.0,113.0,3.23
246.0,114.0,3.74
246.0,116.0,12.47
246.0,125.0,3.99
246.0,129.0,13.23
246.0,137.0,3.6
246.0,138.0,14.84
246.0,140.0,5.77
246.0,141.0,5.33
246.0,142.0,3.9
246.0,143.0,3.8
246.0,144.0,4.83
246.0,145.0,6.25
246.0,146.0,7.7
246.0,148.0,5.26
246.0,151.0,7.68
246.0,152.0,11.03
246.0,157.0,12.11
246.0,158.0,2.74
246.0,159.0,13.93
246.0,160.0,14.72
246.0,161.0,3.01
246.0,162.0,3.56
246.0,163.0,3.37
246.0,164.0,2.21
246.0,166.0,9.5
246.0,168.0,12.54
246.0,170.0,2.96
246.0,179.0,8.84
246.0,181.0,12.44
246.0,186.0,1.47
246.0,189.0,11.83
246.0,190.0,14.02
246.0,193.0,6.98
246.0,194.0,10.43
246.0,195.0,11.43
246.0,198.0,13.3
246.0,199.0,14.61
246.0,202.0,6.15
246.0,207.0,11.76
246.0,209.0,6.5
246.0,211.0,4.33
246.0,217.0,8.84
246.0,223.0,11.54
246.0,224.0,4.39
246.0,225.0,12.49
246.0,226.0,9.13
246.0,228.0,14.85
246.0,229.0,4.36
246.0,230.0,2.4
246.0,231.0,5.24
246.0,232.0,6.13
246.0,233.0,3.77
246.0,234.0,2.43
246.0,236.0,6.58
246.0,237.0,4.83
246.0,238.0,6.61
246.0,239.0,5.32
246.0,244.0,14.75
246.0,246.0,0.0
246.0,247.0,14.23
246.0,249.0,2.76
246.0,255.0,7.25
246.0,256.0,7.93
246.0,257.0,14.92
246.0,260.0,10.96
246.0,261.0,6.57
246.0,262.0,7.21
246.0,263.0,6.99
247.0,3.0,10.04
247.0,7.0,9.94
247.0,8.0,7.42
247.0,18.0,6.85
247.0,20.0,6.03
247.0,24.0,6.06
247.0,31.0,6.9
247.0,32.0,8.39
247.0,41.0,4.7
247.0,42.0,2.41
247.0,43.0,8.23
247.0,47.0,3.36
247.0,48.0,12.22
247.0,50.0,12.13
247.0,51.0,12.58
247.0,53.0,11.51
247.0,56.0,14.8
247.0,57.0,13.82
247.0,58.0,11.72
247.0,59.0,3.56
247.0,60.0,4.35
247.0,68.0,14.52
247.0,69.0,1.1
247.0,70.0,11.49
247.0,74.0,4.34
247.0,75.0,6.21
247.0,78.0,4.93
247.0,81.0,12.41
247.0,82.0,14.17
247.0,83.0,13.8
247.0,92.0,14.59
247.0,94.0,5.11
247.0,100.0,13.21
247.0,112.0,14.89
247.0,116.0,2.7
247.0,119.0,1.31
247.0,120.0,2.68
247.0,126.0,4.99
247.0,127.0,5.49
247.0,128.0,6.39
247.0,129.0,11.4
247.0,136.0,5.72
247.0,137.0,14.25
247.0,138.0,9.82
247.0,140.0,9.93
247.0,141.0,9.93
247.0,142.0,10.33
247.0,143.0,10.51
247.0,145.0,12.59
247.0,146.0,11.05
247.0,147.0,3.15
247.0,151.0,6.68
247.0,152.0,3.65
247.0,153.0,7.09
247.0,159.0,2.04
247.0,161.0,12.0
247.0,162.0,11.9
247.0,163.0,11.19
247.0,164.0,13.62
247.0,166.0,5.05
247.0,167.0,2.46
247.0,168.0,3.29
247.0,169.0,3.65
247.0,170.0,13.38
247.0,173.0,13.15
247.0,174.0,8.7
247.0,179.0,8.46
247.0,182.0,7.51
247.0,183.0,10.75
247.0,184.0,14.2
247.0,185.0,8.64
247.0,186.0,14.05
247.0,193.0,10.29
247.0,194.0,5.59
247.0,199.0,7.25
247.0,200.0,10.56
247.0,202.0,10.27
247.0,207.0,9.96
247.0,208.0,11.26
247.0,212.0,6.09
247.0,213.0,7.56
247.0,220.0,8.01
247.0,223.0,7.87
247.0,226.0,13.42
247.0,229.0,11.55
247.0,230.0,12.16
247.0,233.0,12.71
247.0,234.0,14.96
247.0,235.0,3.59
247.0,236.0,8.01
247.0,237.0,9.99
247.0,238.0,7.71
247.0,239.0,8.96
247.0,240.0,10.75
247.0,241.0,7.69
247.0,242.0,8.62
247.0,243.0,4.24
247.0,244.0,2.66
247.0,246.0,14.23
247.0,247.0,0.0
247.0,248.0,5.85
247.0,250.0,8.45
247.0,252.0,13.51
247.0,253.0,13.67
247.0,254.0,10.69
247.0,259.0,12.94
247.0,260.0,12.62
247.0,262.0,8.18
247.0,263.0,7.96
248.0,3.0,5.25
248.0,7.0,11.92
248.0,8.0,9.94
248.0,15.0,12.17
248.0,18.0,5.32
248.0,20.0,3.79
248.0,24.0,11.4
248.0,31.0,3.49
248.0,32.0,4.47
248.0,41.0,9.83
248.0,42.0,7.97
248.0,43.0,12.87
248.0,46.0,10.29
248.0,47.0,3.37
248.0,51.0,7.64
248.0,53.0,8.49
248.0,56.0,13.72
248.0,57.0,12.29
248.0,58.0,5.88
248.0,59.0,2.61
248.0,60.0,1.52
248.0,69.0,4.77
248.0,70.0,10.42
248.0,73.0,13.82
248.0,74.0,8.72
248.0,75.0,10.44
248.0,78.0,2.17
248.0,81.0,7.95
248.0,82.0,13.93
248.0,83.0,14.26
248.0,92.0,11.78
248.0,93.0,14.18
248.0,94.0,4.65
248.0,116.0,8.55
248.0,119.0,6.02
248.0,120.0,6.7
248.0,126.0,3.57
248.0,127.0,7.03
248.0,128.0,8.08
248.0,129.0,11.39
248.0,136.0,5.91
248.0,138.0,8.79
248.0,140.0,13.65
248.0,141.0,13.87
248.0,146.0,13.66
248.0,147.0,3.65
248.0,151.0,11.93
248.0,152.0,9.38
248.0,153.0,7.47
248.0,159.0,5.09
248.0,166.0,10.6
248.0,167.0,3.49
248.0,168.0,6.34
248.0,169.0,4.26
248.0,171.0,11.94
248.0,173.0,12.04
248.0,174.0,6.37
248.0,179.0,11.12
248.0,182.0,1.68
248.0,183.0,5.04
248.0,184.0,8.75
248.0,185.0,3.58
248.0,192.0,14.73
248.0,193.0,13.35
248.0,194.0,8.61
248.0,199.0,6.43
248.0,200.0,10.37
248.0,202.0,13.7
248.0,207.0,10.75
248.0,208.0,5.66
248.0,212.0,0.97
248.0,213.0,2.87
248.0,220.0,8.29
248.0,223.0,9.12
248.0,235.0,5.56
248.0,236.0,12.3
248.0,237.0,14.17
248.0,238.0,12.84
248.0,239.0,13.95
248.0,240.0,8.96
248.0,241.0,6.75
248.0,242.0,3.04
248.0,243.0,7.54
248.0,244.0,7.77
248.0,247.0,5.85
248.0,248.0,0.0
248.0,250.0,2.65
248.0,252.0,9.24
248.0,253.0,11.35
248.0,254.0,7.22
248.0,259.0,9.65
248.0,260.0,13.75
248.0,262.0,11.9
248.0,263.0,11.97
249.0,4.0,3.29
249.0,7.0,10.07
249.0,8.0,10.98
249.0,12.0,4.86
249.0,13.0,3.62
249.0,17.0,8.65
249.0,24.0,10.75
249.0,25.0,7.43
249.0,33.0,5.76
249.0,34.0,6.08
249.0,35.0,14.62
249.0,36.0,10.72
249.0,37.0,10.69
249.0,40.0,8.17
249.0,41.0,11.75
249.0,42.0,14.11
249.0,43.0,8.17
249.0,45.0,3.29
249.0,48.0,4.32
249.0,49.0,8.2
249.0,50.0,4.73
249.0,52.0,7.07
249.0,54.0,6.96
249.0,61.0,11.31
249.0,62.0,11.66
249.0,65.0,6.06
249.0,66.0,5.12
249.0,68.0,2.06
249.0,74.0,12.21
249.0,75.0,10.34
249.0,79.0,2.14
249.0,80.0,7.88
249.0,82.0,14.02
249.0,83.0,12.34
249.0,85.0,14.18
249.0,87.0,4.11
249.0,88.0,4.68
249.0,89.0,14.94
249.0,90.0,1.31
249.0,97.0,7.15
249.0,100.0,3.19
249.0,102.0,14.87
249.0,103.0,8.09
249.0,104.0,6.74
249.0,105.0,6.96
249.0,106.0,9.07
249.0,107.0,2.12
249.0,111.0,12.19
249.0,112.0,5.98
249.0,113.0,1.0
249.0,114.0,1.1
249.0,116.0,14.88
249.0,125.0,1.32
249.0,129.0,13.51
249.0,133.0,14.11
249.0,137.0,3.06
249.0,140.0,7.02
249.0,141.0,6.77
249.0,142.0,6.21
249.0,143.0,6.31
249.0,144.0,2.12
249.0,145.0,6.22
249.0,146.0,8.11
249.0,148.0,2.66
249.0,151.0,10.09
249.0,152.0,13.42
249.0,157.0,11.3
249.0,158.0,0.68
249.0,160.0,13.88
249.0,161.0,4.44
249.0,162.0,4.7
249.0,163.0,5.21
249.0,164.0,2.85
249.0,166.0,11.92
249.0,168.0,14.36
249.0,170.0,3.33
249.0,177.0,13.08
249.0,179.0,9.92
249.0,181.0,9.73
249.0,186.0,2.35
249.0,188.0,12.73
249.0,189.0,9.24
249.0,190.0,11.36
249.0,193.0,7.76
249.0,194.0,12.03
249.0,195.0,8.7
249.0,198.0,11.99
249.0,202.0,7.13
249.0,207.0,12.31
249.0,209.0,3.75
249.0,211.0,1.58
249.0,217.0,6.68
249.0,223.0,12.55
249.0,224.0,2.95
249.0,225.0,10.44
249.0,226.0,8.72
249.0,227.0,13.61
249.0,228.0,12.11
249.0,229.0,5.31
249.0,230.0,4.25
249.0,231.0,2.53
249.0,232.0,3.66
249.0,233.0,4.26
249.0,234.0,1.62
249.0,236.0,8.46
249.0,237.0,6.5
249.0,238.0,9.03
249.0,239.0,7.74
249.0,246.0,2.76
249.0,249.0,0.0
249.0,255.0,5.57
249.0,256.0,5.92
249.0,257.0,12.21
249.0,260.0,10.84
249.0,261.0,3.9
249.0,262.0,8.74
249.0,263.0,8.69
250.0,3.0,4.77
250.0,7.0,13.05
250.0,8.0,11.43
250.0,9.0,13.7
250.0,15.0,10.01
250.0,16.0,13.2
250.0,18.0,6.99
250.0,20.0,5.61
250.0,24.0,13.74
250.0,31.0,4.81
250.0,32.0,5.03
250.0,41.0,12.14
250.0,42.0,10.46
250.0,43.0,14.92
250.0,46.0,7.83
250.0,47.0,5.96
250.0,51.0,6.57
250.0,53.0,7.56
250.0,56.0,13.38
250.0,57.0,11.82
250.0,58.0,3.43
250.0,59.0,5.25
250.0,60.0,4.16
250.0,69.0,7.39
250.0,70.0,10.35
250.0,73.0,12.36
250.0,74.0,10.87
250.0,75.0,12.46
250.0,78.0,4.52
250.0,81.0,7.31
250.0,82.0,13.98
250.0,83.0,14.61
250.0,92.0,10.67
250.0,93.0,13.47
250.0,94.0,6.84
250.0,116.0,11.14
250.0,119.0,8.67
250.0,120.0,9.33
250.0,126.0,5.05
250.0,127.0,9.32
250.0,128.0,10.31
250.0,129.0,11.73
250.0,136.0,8.03
250.0,138.0,8.93
250.0,146.0,14.94
250.0,147.0,5.89
250.0,151.0,14.22
250.0,152.0,11.89
250.0,153.0,9.43
250.0,159.0,7.43
250.0,166.0,13.03
250.0,167.0,6.02
250.0,168.0,8.42
250.0,169.0,6.76
250.0,171.0,10.34
250.0,173.0,11.8
250.0,174.0,7.44
250.0,179.0,12.57
250.0,182.0,1.33
250.0,183.0,3.15
250.0,184.0,7.0
250.0,185.0,3.34
250.0,192.0,13.51
250.0,193.0,14.81
250.0,194.0,10.39
250.0,199.0,7.12
250.0,200.0,11.86
250.0,207.0,11.5
250.0,208.0,3.08
250.0,212.0,2.42
250.0,213.0,2.35
250.0,220.0,10.12
250.0,223.0,10.23
250.0,235.0,8.08
250.0,236.0,14.26
250.0,240.0,9.92
250.0,241.0,8.37
250.0,242.0,2.17
250.0,243.0,10.07
250.0,244.0,10.42
250.0,247.0,8.45
250.0,248.0,2.65
250.0,250.0,0.0
250.0,252.0,7.43
250.0,253.0,10.54
250.0,254.0,7.46
250.0,259.0,9.7
250.0,260.0,14.43
250.0,262.0,13.67
250.0,263.0,13.83
251.0,1.0,12.26
251.0,5.0,11.75
251.0,6.0,6.44
251.0,11.0,13.25
251.0,14.0,10.69
251.0,22.0,14.5
251.0,23.0,5.3
251.0,67.0,12.42
251.0,84.0,14.67
251.0,99.0,8.99
251.0,103.0,13.93
251.0,109.0,9.95
251.0,110.0,10.43
251.0,115.0,4.18
251.0,118.0,4.53
251.0,156.0,5.12
251.0,172.0,6.99
251.0,176.0,8.05
251.0,187.0,2.39
251.0,204.0,14.5
251.0,206.0,4.13
251.0,214.0,6.26
251.0,221.0,5.76
251.0,227.0,13.93
251.0,228.0,13.72
251.0,245.0,3.16
251.0,251.0,0.0
252.0,3.0,11.77
252.0,7.0,12.23
252.0,8.0,12.04
252.0,9.0,6.27
252.0,15.0,3.38
252.0,16.0,6.01
252.0,18.0,14.34
252.0,19.0,12.58
252.0,20.0,12.88
252.0,28.0,11.28
252.0,31.0,12.21
252.0,32.0,12.43
252.0,42.0,14.61
252.0,46.0,9.71
252.0,47.0,12.38
252.0,51.0,12.7
252.0,53.0,3.21
252.0,56.0,8.39
252.0,57.0,6.81
252.0,58.0,7.85
252.0,59.0,11.53
252.0,60.0,10.32
252.0,64.0,9.41
252.0,69.0,12.76
252.0,70.0,6.91
252.0,73.0,5.1
252.0,74.0,13.68
252.0,75.0,14.48
252.0,78.0,11.41
252.0,81.0,13.84
252.0,82.0,9.9
252.0,83.0,11.24
252.0,92.0,4.24
252.0,93.0,7.53
252.0,94.0,13.9
252.0,95.0,10.44
252.0,96.0,14.77
252.0,98.0,8.98
252.0,101.0,13.2
252.0,102.0,14.12
252.0,119.0,14.3
252.0,121.0,8.92
252.0,122.0,12.91
252.0,126.0,8.54
252.0,129.0,8.99
252.0,130.0,12.55
252.0,131.0,10.86
252.0,134.0,11.87
252.0,135.0,8.81
252.0,138.0,6.77
252.0,146.0,14.17
252.0,147.0,10.36
252.0,157.0,13.49
252.0,159.0,11.69
252.0,160.0,12.52
252.0,167.0,11.25
252.0,168.0,11.61
252.0,169.0,13.39
252.0,171.0,3.0
252.0,173.0,7.43
252.0,174.0,14.87
252.0,175.0,9.54
252.0,179.0,12.78
252.0,182.0,8.68
252.0,183.0,9.14
252.0,184.0,11.81
252.0,185.0,10.65
252.0,191.0,13.5
252.0,192.0,6.53
252.0,193.0,14.65
252.0,194.0,12.13
252.0,196.0,10.55
252.0,197.0,13.86
252.0,199.0,7.47
252.0,207.0,9.97
252.0,208.0,5.24
252.0,212.0,8.38
252.0,213.0,6.43
252.0,215.0,14.05
252.0,223.0,10.12
252.0,226.0,14.22
252.0,235.0,14.64
252.0,242.0,9.46
252.0,247.0,13.51
252.0,248.0,9.24
252.0,250.0,7.43
252.0,252.0,0.0
252.0,253.0,4.95
252.0,254.0,14.64
252.0,260.0,11.98
252.0,262.0,14.68
253.0,7.0,8.73
253.0,8.0,9.48
253.0,9.0,6.1
253.0,10.0,13.24
253.0,15.0,7.0
253.0,16.0,7.56
253.0,19.0,13.28
253.0,28.0,8.06
253.0,31.0,14.78
253.0,36.0,12.26
253.0,37.0,13.2
253.0,41.0,13.83
253.0,42.0,13.95
253.0,43.0,14.21
253.0,46.0,14.59
253.0,47.0,13.75
253.0,53.0,2.99
253.0,56.0,3.44
253.0,57.0,1.89
253.0,58.0,12.11
253.0,59.0,12.93
253.0,60.0,11.88
253.0,63.0,12.0
253.0,64.0,11.34
253.0,69.0,13.26
253.0,70.0,3.05
253.0,73.0,3.9
253.0,74.0,12.25
253.0,75.0,12.41
253.0,78.0,13.35
253.0,80.0,12.54
253.0,82.0,5.06
253.0,83.0,6.55
253.0,92.0,1.38
253.0,93.0,2.93
253.0,95.0,5.8
253.0,96.0,9.94
253.0,98.0,8.09
253.0,101.0,14.65
253.0,102.0,9.22
253.0,112.0,12.89
253.0,119.0,14.77
253.0,121.0,6.42
253.0,122.0,11.55
253.0,126.0,9.03
253.0,129.0,4.93
253.0,130.0,9.8
253.0,131.0,9.33
253.0,134.0,7.85
253.0,135.0,5.24
253.0,138.0,4.13
253.0,140.0,12.65
253.0,141.0,13.21
253.0,145.0,12.19
253.0,146.0,10.46
253.0,147.0,10.8
253.0,157.0,8.67
253.0,159.0,11.63
253.0,160.0,7.57
253.0,162.0,14.61
253.0,167.0,11.96
253.0,168.0,10.86
253.0,169.0,14.82
253.0,171.0,3.71
253.0,173.0,2.7
253.0,175.0,10.0
253.0,177.0,14.73
253.0,179.0,9.83
253.0,180.0,12.51
253.0,182.0,11.49
253.0,183.0,13.07
253.0,185.0,13.87
253.0,191.0,12.93
253.0,192.0,3.81
253.0,193.0,11.22
253.0,194.0,10.3
253.0,196.0,5.63
253.0,197.0,9.78
253.0,198.0,10.42
253.0,199.0,6.43
253.0,202.0,12.1
253.0,205.0,13.4
253.0,207.0,6.49
253.0,208.0,9.43
253.0,212.0,10.39
253.0,213.0,8.62
253.0,215.0,11.22
253.0,216.0,12.64
253.0,223.0,7.56
253.0,225.0,14.67
253.0,226.0,9.88
253.0,229.0,13.8
253.0,233.0,14.47
253.0,236.0,13.21
253.0,237.0,13.9
253.0,242.0,12.71
253.0,247.0,13.67
253.0,248.0,11.35
253.0,250.0,10.54
253.0,252.0,4.95
253.0,253.0,0.0
253.0,255.0,14.32
253.0,258.0,10.69
253.0,260.0,7.63
253.0,262.0,11.93
253.0,263.0,12.51
254.0,3.0,2.9
254.0,18.0,4.08
254.0,20.0,4.68
254.0,31.0,4.04
254.0,32.0,2.75
254.0,42.0,13.09
254.0,46.0,9.85
254.0,47.0,7.41
254.0,51.0,3.62
254.0,58.0,7.37
254.0,59.0,7.57
254.0,60.0,7.7
254.0,69.0,9.73
254.0,74.0,14.77
254.0,78.0,6.22
254.0,81.0,2.49
254.0,94.0,5.74
254.0,116.0,12.86
254.0,119.0,9.93
254.0,120.0,9.5
254.0,126.0,10.73
254.0,127.0,7.12
254.0,128.0,7.42
254.0,136.0,5.79
254.0,147.0,10.22
254.0,152.0,14.17
254.0,153.0,5.8
254.0,159.0,11.15
254.0,167.0,9.38
254.0,168.0,12.76
254.0,169.0,7.08
254.0,174.0,2.35
254.0,182.0,6.54
254.0,183.0,5.73
254.0,184.0,6.04
254.0,185.0,4.12
254.0,199.0,13.65
254.0,200.0,5.93
254.0,208.0,9.51
254.0,212.0,8.07
254.0,213.0,9.46
254.0,220.0,5.76
254.0,235.0,7.7
254.0,240.0,3.15
254.0,241.0,4.17
254.0,242.0,5.29
254.0,243.0,9.01
254.0,244.0,10.94
254.0,247.0,10.69
254.0,248.0,7.22
254.0,250.0,7.46
254.0,252.0,14.64
254.0,254.0,0.0
254.0,259.0,2.44
255.0,4.0,2.29
255.0,7.0,7.55
255.0,8.0,9.58
255.0,12.0,6.88
255.0,13.0,6.61
255.0,17.0,4.09
255.0,24.0,12.26
255.0,25.0,5.82
255.0,26.0,13.36
255.0,33.0,5.4
255.0,34.0,3.05
255.0,35.0,9.61
255.0,36.0,5.17
255.0,37.0,5.25
255.0,39.0,13.48
255.0,40.0,7.23
255.0,41.0,12.59
255.0,42.0,14.74
255.0,43.0,9.4
255.0,45.0,4.63
255.0,48.0,7.33
255.0,49.0,4.56
255.0,50.0,8.14
255.0,52.0,6.44
255.0,54.0,6.87
255.0,56.0,11.46
255.0,57.0,12.54
255.0,61.0,6.82
255.0,62.0,7.73
255.0,63.0,10.21
255.0,65.0,4.7
255.0,66.0,3.98
255.0,68.0,6.43
255.0,70.0,11.88
255.0,71.0,11.15
255.0,72.0,10.51
255.0,74.0,12.31
255.0,75.0,10.54
255.0,76.0,12.36
255.0,77.0,10.32
255.0,79.0,3.43
255.0,80.0,2.35
255.0,82.0,9.44
255.0,83.0,7.81
255.0,85.0,10.69
255.0,87.0,5.85
255.0,88.0,6.44
255.0,89.0,11.88
255.0,90.0,5.59
255.0,91.0,13.92
255.0,93.0,13.37
255.0,95.0,12.22
255.0,96.0,10.08
255.0,97.0,4.55
255.0,100.0,6.18
255.0,102.0,9.36
255.0,103.0,10.67
255.0,104.0,9.73
255.0,105.0,8.16
255.0,106.0,7.61
255.0,107.0,3.97
255.0,111.0,10.45
255.0,112.0,1.8
255.0,113.0,4.58
255.0,114.0,4.66
255.0,125.0,5.68
255.0,129.0,9.82
255.0,133.0,11.67
255.0,134.0,14.41
255.0,137.0,3.82
255.0,138.0,12.4
255.0,140.0,6.87
255.0,141.0,7.08
255.0,142.0,8.49
255.0,143.0,9.05
255.0,144.0,4.41
255.0,145.0,4.02
255.0,146.0,5.78
255.0,148.0,3.73
255.0,151.0,11.69
255.0,152.0,14.58
255.0,157.0,6.18
255.0,158.0,6.22
255.0,160.0,8.61
255.0,161.0,6.19
255.0,162.0,5.81
255.0,163.0,7.07
255.0,164.0,5.35
255.0,165.0,14.37
255.0,166.0,13.33
255.0,168.0,13.78
255.0,170.0,4.86
255.0,173.0,11.62
255.0,177.0,7.88
255.0,178.0,14.96
255.0,179.0,8.4
255.0,180.0,13.83
255.0,181.0,7.6
255.0,186.0,5.85
255.0,188.0,8.89
255.0,189.0,6.15
255.0,190.0,8.49
255.0,193.0,6.34
255.0,194.0,11.22
255.0,195.0,8.58
255.0,196.0,10.53
255.0,197.0,14.52
255.0,198.0,6.46
255.0,199.0,13.5
255.0,202.0,6.39
255.0,207.0,9.27
255.0,209.0,5.34
255.0,211.0,4.97
255.0,217.0,2.19
255.0,222.0,13.39
255.0,223.0,10.38
255.0,224.0,2.87
255.0,225.0,5.32
255.0,226.0,4.58
255.0,227.0,12.45
255.0,228.0,11.45
255.0,229.0,5.64
255.0,230.0,6.72
255.0,231.0,5.62
255.0,232.0,2.91
255.0,233.0,4.79
255.0,234.0,4.85
255.0,236.0,9.06
255.0,237.0,7.38
255.0,238.0,10.85
255.0,239.0,9.86
255.0,246.0,7.25
255.0,249.0,5.57
255.0,253.0,14.32
255.0,255.0,0.0
255.0,256.0,1.2
255.0,257.0,9.84
255.0,258.0,12.15
255.0,260.0,6.81
255.0,261.0,6.35
255.0,262.0,8.48
255.0,263.0,8.84
256.0,4.0,2.68
256.0,7.0,8.68
256.0,8.0,10.76
256.0,12.0,6.3
256.0,13.0,6.26
256.0,14.0,14.84
256.0,17.0,3.05
256.0,24.0,13.4
256.0,25.0,4.72
256.0,26.0,12.16
256.0,33.0,4.52
256.0,34.0,1.94
256.0,35.0,8.83
256.0,36.0,4.94
256.0,37.0,4.8
256.0,39.0,12.62
256.0,40.0,6.14
256.0,41.0,13.77
256.0,43.0,10.54
256.0,45.0,4.26
256.0,48.0,8.25
256.0,49.0,3.38
256.0,50.0,9.03
256.0,52.0,5.43
256.0,54.0,5.92
256.0,56.0,12.11
256.0,57.0,13.28
256.0,61.0,5.82
256.0,62.0,6.63
256.0,63.0,9.93
256.0,65.0,3.7
256.0,66.0,3.14
256.0,67.0,14.68
256.0,68.0,7.09
256.0,70.0,12.77
256.0,71.0,10.07
256.0,72.0,9.56
256.0,74.0,13.5
256.0,75.0,11.73
256.0,76.0,11.8
256.0,77.0,9.69
256.0,79.0,3.8
256.0,80.0,2.66
256.0,82.0,10.13
256.0,83.0,8.55
256.0,85.0,9.55
256.0,87.0,5.33
256.0,88.0,5.85
256.0,89.0,10.71
256.0,90.0,6.19
256.0,91.0,12.85
256.0,93.0,13.96
256.0,95.0,12.59
256.0,96.0,10.04
256.0,97.0,3.39
256.0,100.0,7.04
256.0,102.0,9.43
256.0,103.0,9.99
256.0,104.0,9.18
256.0,105.0,7.34
256.0,106.0,6.47
256.0,107.0,4.66
256.0,111.0,9.26
256.0,112.0,2.97
256.0,113.0,4.98
256.0,114.0,4.9
256.0,124.0,14.95
256.0,125.0,5.76
256.0,129.0,10.75
256.0,133.0,10.48
256.0,134.0,14.61
256.0,137.0,4.72
256.0,138.0,13.39
256.0,140.0,8.04
256.0,141.0,8.24
256.0,142.0,9.53
256.0,143.0,10.05
256.0,144.0,4.37
256.0,145.0,5.21
256.0,146.0,6.95
256.0,148.0,3.65
256.0,151.0,12.83
256.0,155.0,14.98
256.0,157.0,6.69
256.0,158.0,6.51
256.0,160.0,8.96
256.0,161.0,7.2
256.0,162.0,6.87
256.0,163.0,8.11
256.0,164.0,6.21
256.0,165.0,13.21
256.0,166.0,14.49
256.0,168.0,14.97
256.0,170.0,5.8
256.0,173.0,12.4
256.0,177.0,7.2
256.0,178.0,13.78
256.0,179.0,9.58
256.0,180.0,13.59
256.0,181.0,6.41
256.0,186.0,6.61
256.0,188.0,7.78
256.0,189.0,4.96
256.0,190.0,7.3
256.0,193.0,7.53
256.0,194.0,12.41
256.0,195.0,7.55
256.0,196.0,10.98
256.0,197.0,14.56
256.0,198.0,6.51
256.0,199.0,14.6
256.0,202.0,7.58
256.0,207.0,10.31
256.0,209.0,4.88
256.0,211.0,5.01
256.0,217.0,1.03
256.0,222.0,12.68
256.0,223.0,11.51
256.0,224.0,3.59
256.0,225.0,4.57
256.0,226.0,5.56
256.0,227.0,11.29
256.0,228.0,10.32
256.0,229.0,6.76
256.0,230.0,7.68
256.0,231.0,5.44
256.0,232.0,2.64
256.0,233.0,5.85
256.0,234.0,5.5
256.0,236.0,10.23
256.0,237.0,8.51
256.0,238.0,11.97
256.0,239.0,10.94
256.0,246.0,7.93
256.0,249.0,5.92
256.0,255.0,1.2
256.0,256.0,0.0
256.0,257.0,8.64
256.0,258.0,12.04
256.0,260.0,7.72
256.0,261.0,5.92
256.0,262.0,9.67
256.0,263.0,10.02
257.0,4.0,10.3
257.0,6.0,13.04
257.0,11.0,7.95
257.0,12.0,8.36
257.0,13.0,9.57
257.0,14.0,7.16
257.0,17.0,6.38
257.0,21.0,7.68
257.0,22.0,6.37
257.0,25.0,4.79
257.0,26.0,3.53
257.0,29.0,10.82
257.0,33.0,6.48
257.0,34.0,6.98
257.0,35.0,7.69
257.0,36.0,9.61
257.0,37.0,8.68
257.0,39.0,9.01
257.0,40.0,4.25
257.0,45.0,8.93
257.0,49.0,5.33
257.0,52.0,5.28
257.0,54.0,5.66
257.0,55.0,11.3
257.0,61.0,5.28
257.0,62.0,3.76
257.0,63.0,11.96
257.0,65.0,6.19
257.0,66.0,7.19
257.0,67.0,6.38
257.0,68.0,14.13
257.0,71.0,4.66
257.0,72.0,6.21
257.0,76.0,11.31
257.0,77.0,9.39
257.0,79.0,10.9
257.0,80.0,10.16
257.0,85.0,3.13
257.0,87.0,8.47
257.0,88.0,8.2
257.0,89.0,2.98
257.0,90.0,13.19
257.0,91.0,6.67
257.0,96.0,13.45
257.0,97.0,5.47
257.0,100.0,14.72
257.0,102.0,13.54
257.0,103.0,9.19
257.0,104.0,9.63
257.0,105.0,6.9
257.0,106.0,3.24
257.0,107.0,12.24
257.0,108.0,9.57
257.0,111.0,1.38
257.0,112.0,11.58
257.0,113.0,11.74
257.0,114.0,11.18
257.0,115.0,13.3
257.0,123.0,8.02
257.0,124.0,14.83
257.0,125.0,11.16
257.0,133.0,1.92
257.0,137.0,12.75
257.0,144.0,10.1
257.0,145.0,13.86
257.0,148.0,9.7
257.0,149.0,7.88
257.0,150.0,11.39
257.0,154.0,12.16
257.0,155.0,9.03
257.0,157.0,13.33
257.0,158.0,12.44
257.0,160.0,14.46
257.0,164.0,13.97
257.0,165.0,5.34
257.0,170.0,13.82
257.0,177.0,7.92
257.0,178.0,5.39
257.0,180.0,14.93
257.0,181.0,2.49
257.0,186.0,14.03
257.0,188.0,3.48
257.0,189.0,3.71
257.0,190.0,1.55
257.0,195.0,4.74
257.0,198.0,11.51
257.0,206.0,14.01
257.0,209.0,8.63
257.0,210.0,9.95
257.0,211.0,10.65
257.0,217.0,7.69
257.0,221.0,11.82
257.0,222.0,10.68
257.0,224.0,11.48
257.0,225.0,7.21
257.0,226.0,13.7
257.0,227.0,3.43
257.0,228.0,3.71
257.0,231.0,9.99
257.0,232.0,8.99
257.0,233.0,14.17
257.0,234.0,12.81
257.0,245.0,14.32
257.0,246.0,14.92
257.0,249.0,12.21
257.0,255.0,9.84
257.0,256.0,8.64
257.0,257.0,0.0
257.0,258.0,14.55
257.0,261.0,9.04
258.0,2.0,10.91
258.0,4.0,14.44
258.0,7.0,12.84
258.0,9.0,11.86
258.0,10.0,7.35
258.0,16.0,14.22
258.0,17.0,10.49
258.0,25.0,14.52
258.0,28.0,6.22
258.0,30.0,13.03
258.0,34.0,12.97
258.0,35.0,7.07
258.0,36.0,7.11
258.0,37.0,7.46
258.0,38.0,13.41
258.0,39.0,8.9
258.0,49.0,11.87
258.0,53.0,13.62
258.0,56.0,7.75
258.0,57.0,9.27
258.0,61.0,9.53
258.0,62.0,10.85
258.0,63.0,2.6
258.0,65.0,14.54
258.0,66.0,14.6
258.0,70.0,11.05
258.0,71.0,11.24
258.0,72.0,9.12
258.0,73.0,11.02
258.0,76.0,4.7
258.0,77.0,5.48
258.0,80.0,9.83
258.0,82.0,7.83
258.0,83.0,8.34
258.0,85.0,12.37
258.0,89.0,13.88
258.0,91.0,12.35
258.0,92.0,11.05
258.0,93.0,7.81
258.0,95.0,4.89
258.0,96.0,2.14
258.0,97.0,13.26
258.0,98.0,11.02
258.0,102.0,3.11
258.0,112.0,12.04
258.0,121.0,8.31
258.0,122.0,11.01
258.0,124.0,4.63
258.0,129.0,10.6
258.0,130.0,7.25
258.0,131.0,10.03
258.0,132.0,9.84
258.0,134.0,4.14
258.0,135.0,6.98
258.0,138.0,12.74
258.0,139.0,12.53
258.0,145.0,13.29
258.0,146.0,13.04
258.0,154.0,14.9
258.0,155.0,12.74
258.0,157.0,7.33
258.0,160.0,5.12
258.0,171.0,12.78
258.0,173.0,9.41
258.0,175.0,13.77
258.0,177.0,6.68
258.0,179.0,14.61
258.0,180.0,2.16
258.0,181.0,14.24
258.0,188.0,11.11
258.0,189.0,12.55
258.0,190.0,13.21
258.0,191.0,13.31
258.0,192.0,9.26
258.0,193.0,14.24
258.0,196.0,5.56
258.0,197.0,2.89
258.0,198.0,5.74
258.0,203.0,13.72
258.0,205.0,10.32
258.0,207.0,12.07
258.0,215.0,7.26
258.0,216.0,4.44
258.0,217.0,11.66
258.0,218.0,9.53
258.0,219.0,10.88
258.0,222.0,6.73
258.0,223.0,14.15
258.0,224.0,14.87
258.0,225.0,8.47
258.0,226.0,10.52
258.0,232.0,14.67
258.0,253.0,10.69
258.0,255.0,12.15
258.0,256.0,12.04
258.0,257.0,14.55
258.0,258.0,0.0
258.0,260.0,9.91
259.0,3.0,4.96
259.0,18.0,6.14
259.0,20.0,7.0
259.0,31.0,6.46
259.0,32.0,5.19
259.0,46.0,10.62
259.0,47.0,9.73
259.0,51.0,4.42
259.0,58.0,9.04
259.0,59.0,9.95
259.0,60.0,10.13
259.0,69.0,12.03
259.0,78.0,8.63
259.0,81.0,3.04
259.0,94.0,7.88
259.0,116.0,14.96
259.0,119.0,12.08
259.0,120.0,11.5
259.0,126.0,13.17
259.0,127.0,8.82
259.0,128.0,8.87
259.0,136.0,7.67
259.0,147.0,12.64
259.0,153.0,7.24
259.0,159.0,13.53
259.0,167.0,11.77
259.0,169.0,9.3
259.0,174.0,4.28
259.0,182.0,8.88
259.0,183.0,7.54
259.0,184.0,6.59
259.0,185.0,6.41
259.0,200.0,6.1
259.0,208.0,11.44
259.0,212.0,10.49
259.0,213.0,11.8
259.0,220.0,6.9
259.0,235.0,9.75
259.0,240.0,3.35
259.0,241.0,5.77
259.0,242.0,7.53
259.0,243.0,10.8
259.0,244.0,12.93
259.0,247.0,12.94
259.0,248.0,9.65
259.0,250.0,9.7
259.0,254.0,2.44
259.0,259.0,0.0
260.0,4.0,8.42
260.0,7.0,2.94
260.0,8.0,5.38
260.0,9.0,13.21
260.0,12.0,13.59
260.0,13.0,13.1
260.0,15.0,14.58
260.0,17.0,9.14
260.0,24.0,10.74
260.0,25.0,12.37
260.0,28.0,11.87
260.0,33.0,12.19
260.0,34.0,9.63
260.0,35.0,11.79
260.0,36.0,6.55
260.0,37.0,7.45
260.0,40.0,13.81
260.0,41.0,10.15
260.0,42.0,11.54
260.0,43.0,8.67
260.0,45.0,11.24
260.0,47.0,14.5
260.0,48.0,9.67
260.0,49.0,10.36
260.0,50.0,10.4
260.0,52.0,13.15
260.0,53.0,8.89
260.0,54.0,13.63
260.0,56.0,5.3
260.0,57.0,5.97
260.0,59.0,13.92
260.0,60.0,13.39
260.0,61.0,10.88
260.0,62.0,12.35
260.0,63.0,9.41
260.0,65.0,11.42
260.0,66.0,10.78
260.0,68.0,10.44
260.0,69.0,12.85
260.0,70.0,5.07
260.0,72.0,13.61
260.0,73.0,11.12
260.0,74.0,9.05
260.0,75.0,8.03
260.0,76.0,12.66
260.0,77.0,11.47
260.0,78.0,14.99
260.0,79.0,9.19
260.0,80.0,5.43
260.0,82.0,3.32
260.0,83.0,1.8
260.0,87.0,12.53
260.0,88.0,13.16
260.0,90.0,10.1
260.0,92.0,8.97
260.0,93.0,7.3
260.0,95.0,7.34
260.0,96.0,7.94
260.0,97.0,10.95
260.0,98.0,14.44
260.0,100.0,9.28
260.0,102.0,6.88
260.0,105.0,14.96
260.0,106.0,14.0
260.0,107.0,8.72
260.0,112.0,5.28
260.0,113.0,9.94
260.0,114.0,10.4
260.0,116.0,13.05
260.0,119.0,13.94
260.0,121.0,11.8
260.0,124.0,14.36
260.0,125.0,11.57
260.0,126.0,10.24
260.0,129.0,3.03
260.0,130.0,13.81
260.0,131.0,14.9
260.0,134.0,10.14
260.0,135.0,9.76
260.0,137.0,7.83
260.0,138.0,5.73
260.0,140.0,6.23
260.0,141.0,6.81
260.0,142.0,9.42
260.0,143.0,10.18
260.0,144.0,10.65
260.0,145.0,4.74
260.0,146.0,3.5
260.0,147.0,11.12
260.0,148.0,10.12
260.0,151.0,10.48
260.0,152.0,12.06
260.0,157.0,3.01
260.0,158.0,11.51
260.0,159.0,10.91
260.0,160.0,4.8
260.0,161.0,8.2
260.0,162.0,7.58
260.0,163.0,8.47
260.0,164.0,8.8
260.0,166.0,11.4
260.0,167.0,12.25
260.0,168.0,9.35
260.0,170.0,8.05
260.0,171.0,11.34
260.0,173.0,4.97
260.0,177.0,9.96
260.0,179.0,4.71
260.0,180.0,12.05
260.0,181.0,13.69
260.0,182.0,14.76
260.0,186.0,9.61
260.0,188.0,13.36
260.0,189.0,11.92
260.0,190.0,13.99
260.0,192.0,10.14
260.0,193.0,4.62
260.0,194.0,7.17
260.0,196.0,5.47
260.0,197.0,11.12
260.0,198.0,5.56
260.0,199.0,7.38
260.0,202.0,5.51
260.0,207.0,3.0
260.0,208.0,14.83
260.0,209.0,12.01
260.0,211.0,11.01
260.0,212.0,12.96
260.0,213.0,12.08
260.0,215.0,14.78
260.0,216.0,13.91
260.0,217.0,8.3
260.0,222.0,14.45
260.0,223.0,4.88
260.0,224.0,8.03
260.0,225.0,8.71
260.0,226.0,2.26
260.0,229.0,6.8
260.0,230.0,8.97
260.0,231.0,11.96
260.0,232.0,9.58
260.0,233.0,7.19
260.0,234.0,9.39
260.0,236.0,7.76
260.0,237.0,7.51
260.0,238.0,10.19
260.0,239.0,9.95
260.0,244.0,14.86
260.0,246.0,10.96
260.0,247.0,12.62
260.0,248.0,13.75
260.0,249.0,10.84
260.0,250.0,14.43
260.0,252.0,11.98
260.0,253.0,7.63
260.0,255.0,6.81
260.0,256.0,7.72
260.0,258.0,9.91
260.0,260.0,0.0
260.0,261.0,12.95
260.0,262.0,6.46
260.0,263.0,7.11
261.0,4.0,4.55
261.0,7.0,12.93
261.0,8.0,14.29
261.0,12.0,0.95
261.0,13.0,0.55
261.0,14.0,12.51
261.0,17.0,7.49
261.0,22.0,14.36
261.0,24.0,14.63
261.0,25.0,4.57
261.0,26.0,11.79
261.0,33.0,2.78
261.0,34.0,4.81
261.0,35.0,13.22
261.0,36.0,10.69
261.0,37.0,10.32
261.0,40.0,4.79
261.0,43.0,12.0
261.0,45.0,1.73
261.0,48.0,8.22
261.0,49.0,6.44
261.0,50.0,8.62
261.0,52.0,3.77
261.0,54.0,3.41
261.0,61.0,9.66
261.0,62.0,9.5
261.0,65.0,3.62
261.0,66.0,3.2
261.0,67.0,13.14
261.0,68.0,5.95
261.0,71.0,12.67
261.0,72.0,13.1
261.0,75.0,14.05
261.0,77.0,14.51
261.0,79.0,4.06
261.0,80.0,8.54
261.0,83.0,14.12
261.0,85.0,11.5
261.0,87.0,0.7
261.0,88.0,0.87
261.0,89.0,11.95
261.0,90.0,5.19
261.0,97.0,5.03
261.0,100.0,7.05
261.0,103.0,4.57
261.0,104.0,3.44
261.0,105.0,3.06
261.0,106.0,5.79
261.0,107.0,5.19
261.0,111.0,8.74
261.0,112.0,7.67
261.0,113.0,4.02
261.0,114.0,3.31
261.0,125.0,2.59
261.0,133.0,10.86
261.0,137.0,6.14
261.0,140.0,10.52
261.0,141.0,10.37
261.0,142.0,10.1
261.0,143.0,10.22
261.0,144.0,2.49
261.0,145.0,8.91
261.0,146.0,10.94
261.0,148.0,2.85
261.0,151.0,13.98
261.0,157.0,12.51
261.0,158.0,3.83
261.0,160.0,14.86
261.0,161.0,8.19
261.0,162.0,8.32
261.0,163.0,9.03
261.0,164.0,6.57
261.0,165.0,14.38
261.0,170.0,6.85
261.0,177.0,12.05
261.0,178.0,14.29
261.0,179.0,13.15
261.0,181.0,6.69
261.0,186.0,6.22
261.0,188.0,10.39
261.0,189.0,6.85
261.0,190.0,8.53
261.0,193.0,10.91
261.0,195.0,4.95
261.0,198.0,12.4
261.0,202.0,10.46
261.0,206.0,14.31
261.0,209.0,1.04
261.0,211.0,2.52
261.0,217.0,6.11
261.0,221.0,14.88
261.0,224.0,5.25
261.0,225.0,9.54
261.0,226.0,10.69
261.0,227.0,9.92
261.0,228.0,8.34
261.0,229.0,8.79
261.0,230.0,8.11
261.0,231.0,1.39
261.0,232.0,3.44
261.0,233.0,7.64
261.0,234.0,5.23
261.0,236.0,12.19
261.0,237.0,10.21
261.0,238.0,12.92
261.0,239.0,11.64
261.0,246.0,6.57
261.0,249.0,3.9
261.0,255.0,6.35
261.0,256.0,5.92
261.0,257.0,9.04
261.0,260.0,12.95
261.0,261.0,0.0
261.0,262.0,12.29
261.0,263.0,12.34
262.0,4.0,8.38
262.0,7.0,3.66
262.0,8.0,2.64
262.0,12.0,13.19
262.0,13.0,12.17
262.0,17.0,12.41
262.0,18.0,14.88
262.0,20.0,13.8
262.0,24.0,4.37
262.0,25.0,13.98
262.0,31.0,14.4
262.0,33.0,12.96
262.0,34.0,11.37
262.0,36.0,11.53
262.0,37.0,12.19
262.0,41.0,4.21
262.0,42.0,6.26
262.0,43.0,2.33
262.0,45.0,10.96
262.0,47.0,11.09
262.0,48.0,5.23
262.0,49.0,13.04
262.0,50.0,5.6
262.0,52.0,14.26
262.0,53.0,11.57
262.0,54.0,14.47
262.0,56.0,11.0
262.0,57.0,10.94
262.0,59.0,10.85
262.0,60.0,10.88
262.0,61.0,14.93
262.0,65.0,12.63
262.0,66.0,11.67
262.0,68.0,7.19
262.0,69.0,8.88
262.0,70.0,8.89
262.0,74.0,3.85
262.0,75.0,2.07
262.0,78.0,12.21
262.0,79.0,8.35
262.0,80.0,8.96
262.0,82.0,9.4
262.0,83.0,8.19
262.0,87.0,12.22
262.0,88.0,12.89
262.0,90.0,7.48
262.0,92.0,13.28
262.0,93.0,12.85
262.0,94.0,13.18
262.0,95.0,13.61
262.0,96.0,14.29
262.0,97.0,12.9
262.0,100.0,5.75
262.0,102.0,13.24
262.0,107.0,7.11
262.0,112.0,6.83
262.0,113.0,8.3
262.0,114.0,9.0
262.0,116.0,7.52
262.0,119.0,9.38
262.0,120.0,10.56
262.0,125.0,9.96
262.0,126.0,8.62
262.0,127.0,13.6
262.0,128.0,14.4
262.0,129.0,7.34
262.0,136.0,13.9
262.0,137.0,6.19
262.0,138.0,8.12
262.0,140.0,1.79
262.0,141.0,1.97
262.0,142.0,3.91
262.0,143.0,4.58
262.0,144.0,9.84
262.0,145.0,4.5
262.0,146.0,3.44
262.0,147.0,8.33
262.0,148.0,9.72
262.0,151.0,4.04
262.0,152.0,6.24
262.0,157.0,9.08
262.0,158.0,9.19
262.0,159.0,7.27
262.0,160.0,11.24
262.0,161.0,4.36
262.0,162.0,4.03
262.0,163.0,3.85
262.0,164.0,5.89
262.0,166.0,5.21
262.0,167.0,9.04
262.0,168.0,5.68
262.0,169.0,11.7
262.0,170.0,5.46
262.0,173.0,9.91
262.0,179.0,2.12
262.0,182.0,13.41
262.0,186.0,6.51
262.0,189.0,14.63
262.0,193.0,2.35
262.0,194.0,3.3
262.0,196.0,11.8
262.0,198.0,11.35
262.0,199.0,7.45
262.0,202.0,2.1
262.0,207.0,5.54
262.0,209.0,11.7
262.0,211.0,9.8
262.0,212.0,11.47
262.0,213.0,11.61
262.0,217.0,10.67
262.0,223.0,4.58
262.0,224.0,7.3
262.0,225.0,13.0
262.0,226.0,6.12
262.0,229.0,3.5
262.0,230.0,4.82
262.0,231.0,10.94
262.0,232.0,9.87
262.0,233.0,4.66
262.0,234.0,7.16
262.0,235.0,11.77
262.0,236.0,1.34
262.0,237.0,2.39
262.0,238.0,3.76
262.0,239.0,3.77
262.0,242.0,14.91
262.0,243.0,12.04
262.0,244.0,9.69
262.0,246.0,7.21
262.0,247.0,8.18
262.0,248.0,11.9
262.0,249.0,8.74
262.0,250.0,13.67
262.0,252.0,14.68
262.0,253.0,11.93
262.0,255.0,8.48
262.0,256.0,9.67
262.0,260.0,6.46
262.0,261.0,12.29
262.0,262.0,0.0
262.0,263.0,0.65
263.0,4.0,8.59
263.0,7.0,4.31
263.0,8.0,3.11
263.0,12.0,13.26
263.0,13.0,12.19
263.0,17.0,12.82
263.0,18.0,14.73
263.0,20.0,13.7
263.0,24.0,3.77
263.0,25.0,14.23
263.0,31.0,14.34
263.0,33.0,13.15
263.0,34.0,11.66
263.0,36.0,12.08
263.0,37.0,12.72
263.0,41.0,3.76
263.0,42.0,5.92
263.0,43.0,1.71
263.0,45.0,11.07
263.0,47.0,10.97
263.0,48.0,4.96
263.0,49.0,13.4
263.0,50.0,5.25
263.0,52.0,14.46
263.0,53.0,12.05
263.0,54.0,14.64
263.0,56.0,11.64
263.0,57.0,11.55
263.0,59.0,10.78
263.0,60.0,10.89
263.0,65.0,12.86
263.0,66.0,11.89
263.0,68.0,7.04
263.0,69.0,8.72
263.0,70.0,9.47
263.0,74.0,3.63
263.0,75.0,1.75
263.0,78.0,12.16
263.0,79.0,8.46
263.0,80.0,9.45
263.0,82.0,10.05
263.0,83.0,8.84
263.0,87.0,12.3
263.0,88.0,12.97
263.0,90.0,7.41
263.0,92.0,13.84
263.0,93.0,13.48
263.0,94.0,13.01
263.0,95.0,14.26
263.0,96.0,14.92
263.0,97.0,13.2
263.0,100.0,5.61
263.0,102.0,13.87
263.0,107.0,7.18
263.0,112.0,7.24
263.0,113.0,8.32
263.0,114.0,9.03
263.0,116.0,7.1
263.0,119.0,9.12
263.0,120.0,10.25
263.0,125.0,9.95
263.0,126.0,8.78
263.0,127.0,13.32
263.0,128.0,14.09
263.0,129.0,7.96
263.0,136.0,13.68
263.0,137.0,6.31
263.0,138.0,8.64
263.0,140.0,2.0
263.0,141.0,1.98
263.0,142.0,3.48
263.0,143.0,4.1
263.0,144.0,9.92
263.0,145.0,4.91
263.0,146.0,4.03
263.0,147.0,8.35
263.0,148.0,9.85
263.0,151.0,3.41
263.0,152.0,5.77
263.0,153.0,15.0
263.0,157.0,9.7
263.0,158.0,9.11
263.0,159.0,7.2
263.0,160.0,11.88
263.0,161.0,4.26
263.0,162.0,4.02
263.0,163.0,3.63
263.0,164.0,5.84
263.0,166.0,4.67
263.0,167.0,8.99
263.0,168.0,5.67
263.0,169.0,11.53
263.0,170.0,5.49
263.0,173.0,10.52
263.0,179.0,2.74
263.0,182.0,13.51
263.0,186.0,6.41
263.0,189.0,14.97
263.0,193.0,2.89
263.0,194.0,3.45
263.0,196.0,12.45
263.0,198.0,11.95
263.0,199.0,7.82
263.0,202.0,2.48
263.0,207.0,6.15
263.0,209.0,11.8
263.0,211.0,9.83
263.0,212.0,11.58
263.0,213.0,11.83
263.0,217.0,11.03
263.0,223.0,5.08
263.0,224.0,7.46
263.0,225.0,13.48
263.0,226.0,6.71
263.0,229.0,3.6
263.0,230.0,4.63
263.0,231.0,10.97
263.0,232.0,10.06
263.0,233.0,4.76
263.0,234.0,7.15
263.0,235.0,11.53
263.0,236.0,0.71
263.0,237.0,2.21
263.0,238.0,3.1
263.0,239.0,3.17
263.0,242.0,14.99
263.0,243.0,11.7
263.0,244.0,9.32
263.0,246.0,6.99
263.0,247.0,7.96
263.0,248.0,11.97
263.0,249.0,8.69
263.0,250.0,13.83
263.0,253.0,12.51
263.0,255.0,8.84
263.0,256.0,10.02
263.0,260.0,7.11
263.0,261.0,12.34
263.0,262.0,0.65
263.0,263.0,0.0
