delivery_id,po_id,warehouse_id,supplier_id,received_date,quantity_received,carrier,receiving_dock,inspector_id,condition_on_arrival,delivery_notes
DLV000001,PO-00001,AMER,SUP052,2024-03-17,820,FreightCo,DOCK-D,INS012,Good,
DLV000002,PO-00002,AMER,SUP059,2024-02-07,1395,FastFreight,DOCK-A,INS005,Good,
DLV000003,PO-00003,AMER,SUP043,2024-03-14,855,OceanLink,DOCK-D,INS015,Good,
DLV000004,PO-00004,AMER,SUP048,2024-02-01,500,GlobalShip,DOCK-B,INS002,Good,
DLV000005,PO-00005,AMER,SUP035,2024-01-28,950,OceanLink,DOCK-B,INS009,Good,
DLV000006,PO-00006,AMER,SUP025,2024-04-19,1754,GlobalShip,DOCK-C,INS015,Good,
DLV000007,PO-00007,AMER,SUP026,2024-02-04,1516,FastFreight,DOCK-C,INS010,Good,
DLV000008,PO-00008,AMER,SUP036,2024-03-02,1085,PrimeLogistics,DOCK-D,INS002,Good,
DLV000009,PO-00009,AMER,SUP035,2024-02-13,738,FastFreight,DOCK-A,INS014,Good,
DLV000010,PO-00010,AMER,SUP048,2024-03-13,655,DirectHaul,DOCK-C,INS015,Good,
DLV000011,PO-00011,AMER,SUP045,2024-03-22,1114,GlobalShip,DOCK-D,INS009,Damaged,
DLV000012,PO-00012,AMER,SUP019,2024-02-23,945,FastFreight,DOCK-D,INS017,Good,Correct paperwork
DLV000013,PO-00013,AMER,SUP004,2024-02-05,182,FastFreight,DOCK-C,INS002,Good,
DLV000014,PO-00014,AMER,SUP001,2024-02-08,786,GlobalShip,DOCK-B,INS002,Good,Correct paperwork
DLV000015,PO-00015,AMER,SUP008,2024-03-03,900,OceanLink,DOCK-A,INS007,Good,
DLV000016,PO-00016,AMER,SUP042,2024-05-02,295,DirectHaul,DOCK-C,INS005,Good,
DLV000017,PO-00017,AMER,SUP032,2024-03-31,921,FreightCo,DOCK-D,INS017,Good,
DLV000018,PO-00018,AMER,SUP051,2024-03-25,1415,DirectHaul,DOCK-B,INS001,Good,
DLV000019,PO-00019,AMER,SUP046,2024-03-08,117,DirectHaul,DOCK-C,INS009,Good,
DLV000020,PO-00020,AMER,SUP003,2024-02-07,1222,PrimeLogistics,DOCK-C,INS018,Good,
DLV000021,PO-00021,AMER,SUP006,2024-02-23,548,FastFreight,DOCK-D,INS014,Good,
DLV000022,PO-00022,AMER,SUP046,2024-03-25,1253,FastFreight,DOCK-A,INS005,Good,
DLV000023,PO-00023,AMER,SUP029,2024-03-06,1001,GlobalShip,DOCK-A,INS002,Good,
DLV000024,PO-00024,AMER,SUP052,2024-02-22,721,FastFreight,DOCK-B,INS017,Good,
DLV000025,PO-00025,AMER,SUP056,2024-03-15,1154,FreightCo,DOCK-C,INS008,Good,
DLV000026,PO-00026,AMER,SUP056,2024-02-20,1304,FreightCo,DOCK-C,INS019,Good,Correct paperwork
DLV000027,PO-00027,AMER,SUP043,2024-03-15,1021,DirectHaul,DOCK-C,INS009,Good,
DLV000028,PO-00028,AMER,SUP055,2024-03-16,1001,PrimeLogistics,DOCK-A,INS006,Good,
DLV000029,PO-00029,AMER,SUP044,2024-03-30,1546,FastFreight,DOCK-A,INS007,Good,
DLV000030,PO-00030,AMER,SUP018,2024-03-09,1468,DirectHaul,DOCK-D,INS001,Good,
DLV000031,PO-00031,AMER,SUP047,2024-02-27,1901,OceanLink,DOCK-A,INS012,Partial,
DLV000032,PO-00032,AMER,SUP048,2024-02-20,1185,PrimeLogistics,DOCK-C,INS008,Good,
DLV000033,PO-00033,AMER,SUP003,2024-03-23,138,DirectHaul,DOCK-C,INS016,Good,
DLV000034,PO-00034,AMER,SUP047,2024-02-08,64,FreightCo,DOCK-C,INS004,Good,
DLV000035,PO-00035,AMER,SUP038,2024-03-20,475,DirectHaul,DOCK-D,INS008,Good,
DLV000036,PO-00036,AMER,SUP025,2024-03-13,1335,OceanLink,DOCK-C,INS004,Good,
DLV000037,PO-00037,AMER,SUP052,2024-02-23,1546,PrimeLogistics,DOCK-D,INS004,Good,
DLV000038,PO-00038,AMER,SUP012,2024-03-13,1173,PrimeLogistics,DOCK-C,INS014,Good,
DLV000039,PO-00039,AMER,SUP018,2024-03-28,1461,FreightCo,DOCK-D,INS006,Good,
DLV000040,PO-00040,AMER,SUP036,2024-03-15,165,GlobalShip,DOCK-B,INS005,Good,
DLV000041,PO-00041,AMER,SUP005,2024-02-23,711,OceanLink,DOCK-B,INS006,Good,
DLV000042,PO-00042,AMER,SUP026,2024-02-28,1783,DirectHaul,DOCK-A,INS009,Good,
DLV000043,PO-00043,AMER,SUP015,2024-03-03,1087,OceanLink,DOCK-B,INS011,Good,
DLV000044,PO-00044,AMER,SUP040,2024-03-07,97,OceanLink,DOCK-D,INS016,Good,
DLV000045,PO-00045,AMER,SUP017,2024-02-07,149,PrimeLogistics,DOCK-A,INS014,Good,
DLV000046,PO-00046,AMER,SUP060,2024-04-20,1207,FreightCo,DOCK-D,INS009,Good,
DLV000047,PO-00047,AMER,SUP034,2024-03-30,659,FreightCo,DOCK-D,INS009,Good,
DLV000048,PO-00048,AMER,SUP003,2024-04-07,1709,FreightCo,DOCK-B,INS006,Good,
DLV000049,PO-00049,AMER,SUP028,2024-02-06,482,FreightCo,DOCK-A,INS013,Good,
DLV000050,PO-00050,AMER,SUP004,2024-01-26,1692,FreightCo,DOCK-A,INS010,Good,
DLV000051,PO-00051,AMER,SUP001,2024-02-07,545,OceanLink,DOCK-D,INS014,Good,
DLV000052,PO-00052,AMER,SUP020,2024-01-05,801,PrimeLogistics,DOCK-A,INS005,Good,
DLV000053,PO-00053,AMER,SUP015,2024-04-04,1657,PrimeLogistics,DOCK-C,INS020,Good,
DLV000054,PO-00054,AMER,SUP003,2024-02-08,983,FreightCo,DOCK-A,INS001,Good,
DLV000055,PO-00055,AMER,SUP056,2024-02-02,215,,DOCK-B,INS006,Partial,
DLV000056,PO-00056,AMER,SUP015,2024-01-17,204,GlobalShip,DOCK-D,INS011,Good,
DLV000057,PO-00057,AMER,SUP038,2024-04-02,889,OceanLink,DOCK-B,INS001,Good,
DLV000058,PO-00058,AMER,SUP028,2024-04-14,1946,FreightCo,DOCK-D,INS014,Good,
DLV000059,PO-00059,AMER,SUP048,2024-02-20,258,DirectHaul,DOCK-A,INS006,Good,
DLV000060,PO-00060,AMER,SUP002,2024-03-05,1401,PrimeLogistics,DOCK-A,INS017,Good,
DLV000061,PO-00061,AMER,SUP045,2024-02-02,1635,OceanLink,DOCK-B,INS011,Good,
DLV000062,PO-00062,AMER,SUP042,2024-03-13,143,PrimeLogistics,DOCK-C,INS001,Good,
DLV000063,PO-00063,AMER,SUP060,2024-04-19,1061,FastFreight,DOCK-B,INS018,Good,Correct paperwork
DLV000064,PO-00064,AMER,SUP038,2024-03-28,376,DirectHaul,DOCK-B,INS011,Good,
DLV000065,PO-00065,AMER,SUP051,2024-03-24,426,GlobalShip,DOCK-C,INS017,Good,
DLV000066,PO-00066,AMER,SUP037,2024-02-24,404,FreightCo,DOCK-D,INS006,Good,
DLV000067,PO-00067,AMER,SUP046,2024-03-11,1331,FreightCo,DOCK-C,INS015,Good,
DLV000068,PO-00068,AMER,SUP032,2024-02-27,763,PrimeLogistics,DOCK-A,INS015,Good,
DLV000069,PO-00069,AMER,SUP009,2024-04-05,713,FastFreight,DOCK-D,INS015,Good,
DLV000070,PO-00070,AMER,SUP013,2024-01-29,618,PrimeLogistics,DOCK-D,INS008,Good,
DLV000071,PO-00071,AMER,SUP045,2024-03-29,1290,OceanLink,DOCK-D,INS020,Good,
DLV000072,PO-00072,AMER,SUP052,2024-03-16,1721,FastFreight,DOCK-B,INS008,Good,
DLV000073,PO-00073,AMER,SUP059,2024-01-30,1858,FreightCo,DOCK-D,INS007,Partial,
DLV000074,PO-00074,AMER,SUP037,2024-04-08,1062,DirectHaul,DOCK-A,INS015,Good,Minor packaging damage
DLV000075,PO-00075,AMER,SUP012,2024-02-28,712,GlobalShip,DOCK-C,INS004,Good,Minor packaging damage
DLV000076,PO-00076,AMER,SUP021,2024-01-17,88,OceanLink,DOCK-D,INS002,Good,
DLV000077,PO-00077,AMER,SUP017,2024-01-31,949,FreightCo,DOCK-B,INS018,Good,Partial pallet
DLV000078,PO-00078,AMER,SUP003,2024-02-26,60,PrimeLogistics,DOCK-A,INS005,Good,
DLV000079,PO-00079,AMER,SUP016,2024-03-10,296,DirectHaul,DOCK-A,INS018,Good,Minor packaging damage
DLV000080,PO-00080,AMER,SUP059,2024-04-11,729,FastFreight,DOCK-C,INS004,Good,
DLV000081,PO-00081,AMER,SUP006,2024-01-25,1440,DirectHaul,DOCK-C,INS004,Good,Correct paperwork
DLV000082,PO-00082,AMER,SUP010,2024-03-17,242,GlobalShip,DOCK-C,INS018,Good,
DLV000083,PO-00083,AMER,SUP025,2024-03-31,254,GlobalShip,DOCK-C,INS003,Good,
DLV000084,PO-00084,AMER,SUP054,2024-01-29,1391,FreightCo,DOCK-B,INS002,Good,
DLV000085,PO-00085,AMER,SUP027,2024-03-22,373,PrimeLogistics,DOCK-D,INS003,Good,
DLV000086,PO-00086,AMER,SUP032,2024-04-06,1338,OceanLink,DOCK-D,INS001,Good,
DLV000087,PO-00087,AMER,SUP047,2024-01-20,588,,DOCK-C,INS019,Good,
DLV000088,PO-00088,AMER,SUP008,2024-03-10,713,FreightCo,DOCK-D,INS016,Good,
DLV000089,PO-00089,AMER,SUP034,2024-02-28,1843,GlobalShip,DOCK-D,INS010,Good,
DLV000090,PO-00090,AMER,SUP020,2024-01-11,1827,FastFreight,DOCK-A,INS008,Good,
DLV000091,PO-00091,AMER,SUP060,2024-03-02,284,GlobalShip,DOCK-B,INS001,Good,
DLV000092,PO-00092,AMER,SUP021,2024-03-17,1129,,DOCK-C,INS017,Good,
DLV000093,PO-00093,AMER,SUP048,2024-04-02,1632,PrimeLogistics,DOCK-B,INS007,Good,
DLV000094,PO-00094,AMER,SUP060,2024-02-25,566,GlobalShip,DOCK-D,INS005,Good,
DLV000095,PO-00095,AMER,SUP038,2024-03-04,972,DirectHaul,DOCK-B,INS001,Good,
DLV000096,PO-00096,AMER,SUP040,2024-02-12,1206,FastFreight,DOCK-B,INS001,Good,Partial pallet
DLV000097,PO-00097,AMER,SUP041,2024-04-05,1913,PrimeLogistics,DOCK-D,INS016,Good,
DLV000098,PO-00098,AMER,SUP060,2024-02-23,941,,DOCK-D,INS016,Good,
DLV000099,PO-00099,AMER,SUP045,2024-02-16,706,FastFreight,DOCK-D,INS012,Good,
DLV000100,PO-00100,AMER,SUP026,2024-03-16,381,PrimeLogistics,DOCK-D,INS010,Good,
DLV000101,PO-00101,AMER,SUP006,2024-03-10,644,FreightCo,DOCK-B,INS015,Good,
DLV000102,PO-00102,AMER,SUP012,2024-03-22,313,GlobalShip,DOCK-B,INS002,Good,
DLV000103,PO-00103,AMER,SUP017,2024-02-15,1329,FreightCo,DOCK-B,INS014,Good,
DLV000104,PO-00104,AMER,SUP033,2024-03-29,1016,PrimeLogistics,DOCK-A,INS011,Good,
DLV000105,PO-00105,AMER,SUP020,2024-03-02,1306,DirectHaul,DOCK-D,INS006,Good,
DLV000106,PO-00106,AMER,SUP053,2024-03-30,1680,OceanLink,DOCK-A,INS007,Good,
DLV000107,PO-00107,AMER,SUP033,2024-04-17,1310,OceanLink,DOCK-D,INS015,Good,
DLV000108,PO-00108,AMER,SUP056,2024-03-04,661,FreightCo,DOCK-D,INS017,Good,Minor packaging damage
DLV000109,PO-00109,AMER,SUP029,2024-03-17,1250,DirectHaul,DOCK-B,INS018,Good,
DLV000110,PO-00110,AMER,SUP036,2024-03-12,690,OceanLink,DOCK-A,INS013,Good,Partial pallet
DLV000111,PO-00111,AMER,SUP001,2024-03-30,121,DirectHaul,DOCK-D,INS003,Good,
DLV000112,PO-00112,AMER,SUP007,2024-04-17,239,DirectHaul,DOCK-B,INS015,Good,
DLV000113,PO-00113,AMER,SUP038,2024-02-08,1650,DirectHaul,DOCK-A,INS015,Good,
DLV000114,PO-00114,AMER,SUP017,2024-01-22,948,FreightCo,DOCK-A,INS017,Good,
DLV000115,PO-00115,AMER,SUP026,2024-01-21,918,PrimeLogistics,DOCK-B,INS018,Good,Partial pallet
DLV000116,PO-00116,AMER,SUP060,2024-03-19,105,OceanLink,DOCK-C,INS020,Good,
DLV000117,PO-00117,AMER,SUP028,2024-03-26,369,FreightCo,DOCK-D,INS013,Good,
DLV000118,PO-00118,AMER,SUP050,2024-03-20,1638,PrimeLogistics,DOCK-C,INS016,Good,
DLV000119,PO-00119,AMER,SUP030,2024-02-13,436,OceanLink,DOCK-C,INS016,Good,Correct paperwork
DLV000120,PO-00120,AMER,SUP033,2024-04-02,600,OceanLink,DOCK-C,INS016,Damaged,
DLV000121,PO-00121,AMER,SUP003,2024-01-10,606,FastFreight,DOCK-A,INS013,Good,
DLV000122,PO-00122,AMER,SUP050,2024-01-27,1103,FreightCo,DOCK-B,INS020,Good,
DLV000123,PO-00123,AMER,SUP016,2024-02-07,696,FreightCo,DOCK-C,INS014,Good,
DLV000124,PO-00124,AMER,SUP014,2024-03-26,1261,DirectHaul,DOCK-C,INS012,Good,
DLV000125,PO-00125,AMER,SUP011,2024-01-21,127,DirectHaul,DOCK-A,INS003,Good,
DLV000126,PO-00126,AMER,SUP027,2024-04-10,1627,FreightCo,DOCK-B,INS011,Good,Minor packaging damage
DLV000127,PO-00127,AMER,SUP014,2024-04-16,912,PrimeLogistics,DOCK-D,INS013,Good,
DLV000128,PO-00128,AMER,SUP050,2024-03-21,715,PrimeLogistics,DOCK-D,INS018,Good,
DLV000129,PO-00129,AMER,SUP016,2024-01-22,544,GlobalShip,DOCK-C,INS001,Good,
DLV000130,PO-00130,AMER,SUP017,2024-04-05,286,FastFreight,DOCK-C,INS020,Good,
DLV000131,PO-00131,AMER,SUP001,2024-03-16,66,FastFreight,DOCK-D,INS006,Good,
DLV000132,PO-00132,AMER,SUP029,2024-03-12,1432,FreightCo,DOCK-C,INS017,Good,
DLV000133,PO-00133,AMER,SUP012,2024-01-20,637,DirectHaul,DOCK-C,INS019,Good,Minor packaging damage
DLV000134,PO-00134,AMER,SUP011,2024-02-06,178,GlobalShip,DOCK-B,INS005,Good,
DLV000135,PO-00135,AMER,SUP022,2024-02-25,705,PrimeLogistics,DOCK-A,INS009,Good,
DLV000136,PO-00136,AMER,SUP006,2024-02-11,1371,GlobalShip,DOCK-C,INS016,Good,
DLV000137,PO-00137,AMER,SUP046,2024-03-31,214,OceanLink,DOCK-A,INS001,Good,Partial pallet
DLV000138,PO-00138,AMER,SUP020,2024-04-09,937,FastFreight,DOCK-C,INS006,Good,
DLV000139,PO-00139,AMER,SUP030,2024-04-06,1080,DirectHaul,DOCK-B,INS014,Good,
DLV000140,PO-00140,AMER,SUP008,2024-02-28,1226,DirectHaul,DOCK-C,INS004,Good,
DLV000141,PO-00141,AMER,SUP022,2024-01-26,1156,DirectHaul,DOCK-C,INS004,Partial,
DLV000142,PO-00142,AMER,SUP024,2024-03-21,1532,PrimeLogistics,DOCK-A,INS014,Damaged,
DLV000143,PO-00143,AMER,SUP034,2024-03-08,667,OceanLink,DOCK-A,INS005,Good,
DLV000144,PO-00144,AMER,SUP044,2024-02-19,1962,DirectHaul,DOCK-C,INS004,Good,
DLV000145,PO-00145,AMER,SUP050,2024-03-11,1964,PrimeLogistics,DOCK-B,INS016,Good,
DLV000146,PO-00146,AMER,SUP024,2024-03-27,216,OceanLink,DOCK-C,INS015,Good,
DLV000147,PO-00147,AMER,SUP034,2024-01-28,191,FreightCo,DOCK-B,INS010,Good,
DLV000148,PO-00148,AMER,SUP001,2024-04-03,1001,OceanLink,DOCK-B,INS007,Good,Minor packaging damage
DLV000149,PO-00149,AMER,SUP017,2024-04-01,1282,PrimeLogistics,DOCK-A,INS017,Good,
DLV000150,PO-00150,AMER,SUP058,2024-02-22,1573,FreightCo,DOCK-D,INS001,Good,
DLV000151,PO-00151,AMER,SUP007,2024-03-02,754,GlobalShip,DOCK-D,INS007,Good,
DLV000152,PO-00152,AMER,SUP026,2024-03-29,1896,PrimeLogistics,DOCK-D,INS008,Good,
DLV000153,PO-00153,AMER,SUP018,2024-01-15,1450,FastFreight,DOCK-A,INS019,Good,
DLV000154,PO-00154,AMER,SUP042,2024-01-22,1133,PrimeLogistics,DOCK-D,INS004,Good,
DLV000155,PO-00155,AMER,SUP028,2024-02-21,1746,PrimeLogistics,DOCK-B,INS003,Good,
DLV000156,PO-00156,AMER,SUP006,2024-01-21,1069,OceanLink,DOCK-D,INS009,Good,
DLV000157,PO-00157,AMER,SUP040,2024-03-30,1986,FastFreight,DOCK-C,INS019,Good,
DLV000158,PO-00158,AMER,SUP033,2024-02-20,714,FreightCo,DOCK-D,INS008,Damaged,
DLV000159,PO-00159,AMER,SUP055,2024-01-23,780,GlobalShip,DOCK-B,INS008,Good,
DLV000160,PO-00160,AMER,SUP051,2024-03-23,1870,DirectHaul,DOCK-A,INS006,Good,
DLV000161,PO-00161,AMER,SUP027,2024-04-24,1710,,DOCK-A,INS018,Good,
DLV000162,PO-00162,AMER,SUP058,2024-02-10,384,OceanLink,DOCK-C,INS016,Good,
DLV000163,PO-00163,AMER,SUP051,2024-03-24,767,PrimeLogistics,DOCK-B,INS002,Good,
DLV000164,PO-00164,AMER,SUP054,2024-04-19,405,PrimeLogistics,DOCK-D,INS014,Good,
DLV000165,PO-00165,AMER,SUP022,2024-02-27,410,GlobalShip,DOCK-D,INS014,Good,
DLV000166,PO-00166,AMER,SUP056,2024-01-17,1495,GlobalShip,DOCK-D,INS018,Good,Correct paperwork
DLV000167,PO-00167,AMER,SUP014,2024-02-05,705,,DOCK-B,INS001,Good,
DLV000168,PO-00168,AMER,SUP010,2024-04-14,1815,PrimeLogistics,DOCK-A,INS003,Good,
DLV000169,PO-00169,AMER,SUP038,2024-03-14,1560,OceanLink,DOCK-D,INS018,Good,
DLV000170,PO-00170,AMER,SUP021,2024-03-04,229,DirectHaul,DOCK-C,INS005,Good,
DLV000171,PO-00171,AMER,SUP047,2024-03-03,277,PrimeLogistics,DOCK-C,INS012,Good,
DLV000172,PO-00172,AMER,SUP027,2024-02-06,1429,GlobalShip,DOCK-C,INS009,Good,
DLV000173,PO-00173,AMER,SUP007,2024-02-12,1025,FreightCo,DOCK-C,INS016,Good,
DLV000174,PO-00174,AMER,SUP030,2024-02-22,1071,GlobalShip,DOCK-C,INS001,Good,Partial pallet
DLV000175,PO-00175,AMER,SUP039,2024-02-11,1237,PrimeLogistics,DOCK-D,INS018,Good,
DLV000176,PO-00176,AMER,SUP004,2024-03-02,1450,GlobalShip,DOCK-A,INS007,Good,
DLV000177,PO-00177,AMER,SUP052,2024-03-21,1478,FreightCo,DOCK-A,INS005,Good,
DLV000178,PO-00178,AMER,SUP023,2024-03-22,1097,GlobalShip,DOCK-D,INS019,Good,
DLV000179,PO-00179,AMER,SUP013,2024-03-05,1151,PrimeLogistics,DOCK-D,INS009,Partial,Partial pallet
DLV000180,PO-00180,AMER,SUP054,2024-01-31,1399,OceanLink,DOCK-A,INS010,Good,
DLV000181,PO-00181,AMER,SUP018,2024-04-14,683,PrimeLogistics,DOCK-C,INS007,Good,
DLV000182,PO-00182,AMER,SUP022,2024-04-04,1414,DirectHaul,DOCK-B,INS019,Good,
DLV000183,PO-00183,AMER,SUP034,2024-02-16,1418,FreightCo,DOCK-A,INS015,Good,
DLV000184,PO-00184,AMER,SUP049,2024-03-05,459,FastFreight,DOCK-C,INS005,Good,
DLV000185,PO-00185,AMER,SUP029,2024-01-30,717,FastFreight,DOCK-D,INS014,Good,
DLV000186,PO-00186,AMER,SUP008,2024-03-20,67,DirectHaul,DOCK-A,INS005,Good,
DLV000187,PO-00187,AMER,SUP056,2024-02-12,701,GlobalShip,DOCK-C,INS012,Good,
DLV000188,PO-00188,AMER,SUP054,2024-04-06,1465,FastFreight,DOCK-C,INS008,Good,
DLV000189,PO-00189,AMER,SUP029,2024-02-27,894,GlobalShip,DOCK-C,INS007,Good,
DLV000190,PO-00190,AMER,SUP007,2024-03-20,1255,GlobalShip,DOCK-A,INS010,Good,
DLV000191,PO-00191,AMER,SUP054,2024-03-28,345,PrimeLogistics,DOCK-A,INS013,Good,
DLV000192,PO-00192,AMER,SUP021,2024-02-15,1763,FastFreight,DOCK-C,INS020,Good,
DLV000193,PO-00193,AMER,SUP057,2024-02-02,1428,PrimeLogistics,DOCK-D,INS019,Good,
DLV000194,PO-00194,AMER,SUP049,2024-03-19,1889,FreightCo,DOCK-B,INS012,Good,
DLV000195,PO-00195,AMER,SUP015,2024-01-25,1843,FreightCo,DOCK-D,INS008,Good,
DLV000196,PO-00196,AMER,SUP016,2024-02-27,1551,FastFreight,DOCK-B,INS010,Good,
DLV000197,PO-00197,AMER,SUP001,2024-02-22,1041,OceanLink,DOCK-B,INS019,Damaged,
DLV000198,PO-00198,AMER,SUP049,2024-01-27,1399,FastFreight,DOCK-D,INS009,Good,
DLV000199,PO-00199,AMER,SUP012,2024-03-15,983,DirectHaul,DOCK-C,INS013,Good,
DLV000200,PO-00200,AMER,SUP059,2024-04-05,353,PrimeLogistics,DOCK-C,INS016,Good,
DLV000201,PO-00201,AMER,SUP046,2024-04-04,1914,FreightCo,DOCK-C,INS005,Good,
DLV000202,PO-00202,AMER,SUP018,2024-01-29,381,DirectHaul,DOCK-B,INS010,Good,
DLV000203,PO-00203,AMER,SUP016,2024-03-22,540,DirectHaul,DOCK-B,INS003,Good,
DLV000204,PO-00204,AMER,SUP024,2024-02-26,519,PrimeLogistics,DOCK-D,INS001,Good,
DLV000205,PO-00205,AMER,SUP056,2024-03-16,1131,DirectHaul,DOCK-A,INS001,Good,
DLV000206,PO-00206,AMER,SUP019,2024-02-06,207,GlobalShip,DOCK-C,INS018,Good,
DLV000207,PO-00207,AMER,SUP044,2024-01-18,1940,DirectHaul,DOCK-A,INS006,Good,
DLV000208,PO-00208,AMER,SUP045,2024-02-28,1266,DirectHaul,DOCK-B,INS012,Good,
DLV000209,PO-00209,AMER,SUP035,2024-02-14,1487,OceanLink,DOCK-A,INS004,Good,
DLV000210,PO-00210,AMER,SUP041,2024-04-07,512,PrimeLogistics,DOCK-A,INS005,Good,
DLV000211,PO-00211,AMER,SUP056,2024-04-06,311,DirectHaul,DOCK-C,INS003,Good,
DLV000212,PO-00212,AMER,SUP006,2024-03-22,1051,DirectHaul,DOCK-C,INS017,Good,
DLV000213,PO-00213,AMER,SUP059,2024-02-17,996,OceanLink,DOCK-C,INS004,Good,
DLV000214,PO-00214,AMER,SUP040,2024-03-21,1904,GlobalShip,DOCK-C,INS005,Good,
DLV000215,PO-00215,AMER,SUP030,2024-02-14,933,GlobalShip,DOCK-B,INS017,Good,Minor packaging damage
DLV000216,PO-00216,AMER,SUP057,2024-04-02,1577,GlobalShip,DOCK-C,INS016,Damaged,
DLV000217,PO-00217,AMER,SUP054,2024-02-28,575,OceanLink,DOCK-A,INS013,Good,
DLV000218,PO-00218,AMER,SUP002,2024-03-23,654,OceanLink,DOCK-D,INS013,Good,
DLV000219,PO-00219,AMER,SUP029,2024-03-08,291,GlobalShip,DOCK-B,INS002,Good,
DLV000220,PO-00220,AMER,SUP021,2024-02-02,1815,OceanLink,DOCK-D,INS007,Good,
DLV000221,PO-00221,AMER,SUP020,2024-04-20,1580,DirectHaul,DOCK-B,INS005,Good,
DLV000222,PO-00222,AMER,SUP060,2024-01-20,193,DirectHaul,DOCK-C,INS016,Good,
DLV000223,PO-00223,AMER,SUP038,2024-03-19,767,FreightCo,DOCK-D,INS007,Good,
DLV000224,PO-00224,AMER,SUP021,2024-03-08,369,OceanLink,DOCK-C,INS008,Good,
DLV000225,PO-00225,AMER,SUP015,2024-04-04,1512,FreightCo,DOCK-C,INS006,Good,
DLV000226,PO-00226,AMER,SUP046,2024-04-02,426,,DOCK-A,INS010,Good,Correct paperwork
DLV000227,PO-00227,AMER,SUP035,2024-03-31,459,FastFreight,DOCK-C,INS005,Good,
DLV000228,PO-00228,AMER,SUP009,2024-03-25,693,FreightCo,DOCK-A,INS019,Good,
DLV000229,PO-00229,AMER,SUP025,2024-03-23,855,FreightCo,DOCK-A,INS013,Good,
DLV000230,PO-00230,AMER,SUP050,2024-03-08,972,PrimeLogistics,DOCK-D,INS002,Good,
DLV000231,PO-00231,AMER,SUP056,2024-03-07,1723,FreightCo,DOCK-A,INS008,Good,Partial pallet
DLV000232,PO-00232,AMER,SUP031,2024-03-12,1228,FreightCo,DOCK-A,INS013,Good,
DLV000233,PO-00233,AMER,SUP028,2024-03-02,1203,OceanLink,DOCK-B,INS012,Good,Partial pallet
DLV000234,PO-00234,AMER,SUP047,2024-01-20,949,GlobalShip,DOCK-D,INS002,Good,
DLV000235,PO-00235,AMER,SUP011,2024-03-17,846,OceanLink,DOCK-D,INS005,Good,
DLV000236,PO-00236,AMER,SUP014,2024-03-10,477,OceanLink,DOCK-C,INS017,Good,
DLV000237,PO-00237,AMER,SUP014,2024-04-04,1335,DirectHaul,DOCK-D,INS007,Good,
DLV000238,PO-00238,AMER,SUP060,2024-02-01,254,PrimeLogistics,DOCK-C,INS012,Good,
DLV000239,PO-00239,AMER,SUP032,2024-04-02,1282,FastFreight,DOCK-A,INS011,Good,
DLV000240,PO-00240,AMER,SUP055,2024-03-08,1171,PrimeLogistics,DOCK-D,INS017,Good,
DLV000241,PO-00241,AMER,SUP031,2024-02-11,1196,FreightCo,DOCK-A,INS005,Good,
DLV000242,PO-00242,AMER,SUP008,2024-03-24,875,FreightCo,DOCK-C,INS009,Good,
DLV000243,PO-00243,AMER,SUP034,2024-03-08,337,GlobalShip,DOCK-D,INS010,Good,
DLV000244,PO-00244,AMER,SUP004,2024-02-09,69,GlobalShip,DOCK-D,INS007,Good,
DLV000245,PO-00245,AMER,SUP037,2024-01-16,435,DirectHaul,DOCK-C,INS006,Good,
DLV000246,PO-00246,AMER,SUP001,2024-01-20,1089,FastFreight,DOCK-B,INS007,Good,
DLV000247,PO-00247,AMER,SUP040,2024-03-14,325,FreightCo,DOCK-C,INS020,Good,
DLV000248,PO-00248,AMER,SUP029,2024-04-24,1360,FreightCo,DOCK-D,INS019,Good,
DLV000249,PO-00249,AMER,SUP002,2024-01-27,590,OceanLink,DOCK-B,INS001,Good,Correct paperwork
DLV000250,PO-00250,AMER,SUP043,2024-03-07,138,FreightCo,DOCK-D,INS015,Good,
DLV000251,PO-00251,AMER,SUP014,2024-03-17,1092,DirectHaul,DOCK-C,INS009,Good,
DLV000252,PO-00252,AMER,SUP013,2024-02-12,1120,FreightCo,DOCK-B,INS020,Good,
DLV000253,PO-00253,AMER,SUP046,2024-04-22,1245,DirectHaul,DOCK-D,INS013,Good,
DLV000254,PO-00254,AMER,SUP051,2024-04-10,169,GlobalShip,DOCK-C,INS008,Good,
DLV000255,PO-00255,AMER,SUP045,2024-02-27,1336,FreightCo,DOCK-A,INS004,Good,
DLV000256,PO-00256,AMER,SUP019,2024-04-07,1693,FreightCo,DOCK-A,INS017,Good,Minor packaging damage
DLV000257,PO-00257,AMER,SUP028,2024-02-27,1142,FastFreight,DOCK-C,INS014,Good,
DLV000258,PO-00258,AMER,SUP052,2024-02-11,1440,FastFreight,DOCK-B,INS007,Good,
DLV000259,PO-00259,AMER,SUP060,2024-04-15,1020,FreightCo,DOCK-D,INS018,Good,Correct paperwork
DLV000260,PO-00260,AMER,SUP029,2024-03-19,1538,GlobalShip,DOCK-D,INS003,Good,
DLV000261,PO-00261,AMER,SUP051,2024-02-13,114,OceanLink,DOCK-A,INS006,Good,
DLV000262,PO-00262,AMER,SUP030,2024-03-21,571,PrimeLogistics,DOCK-A,INS020,Good,
DLV000263,PO-00263,AMER,SUP009,2024-03-22,395,DirectHaul,DOCK-B,INS013,Good,
DLV000264,PO-00264,AMER,SUP037,2024-03-11,594,OceanLink,DOCK-B,INS014,Good,
DLV000265,PO-00265,AMER,SUP028,2024-01-25,667,FastFreight,DOCK-B,INS018,Good,
DLV000266,PO-00266,AMER,SUP002,2024-02-10,1200,DirectHaul,DOCK-D,INS009,Good,
DLV000267,PO-00267,AMER,SUP057,2024-03-01,660,,DOCK-A,INS014,Good,
DLV000268,PO-00268,AMER,SUP038,2024-04-09,567,GlobalShip,DOCK-C,INS007,Good,
DLV000269,PO-00269,AMER,SUP009,2024-02-01,1603,FreightCo,DOCK-B,INS017,Good,
DLV000270,PO-00270,AMER,SUP020,2024-01-16,51,DirectHaul,DOCK-B,INS015,Good,
DLV000271,PO-00271,AMER,SUP057,2024-03-06,1811,FreightCo,DOCK-B,INS011,Good,
DLV000272,PO-00272,AMER,SUP031,2024-01-28,1969,PrimeLogistics,DOCK-D,INS020,Damaged,
DLV000273,PO-00273,AMER,SUP017,2024-02-24,821,OceanLink,DOCK-B,INS014,Good,Minor packaging damage
DLV000274,PO-00274,AMER,SUP019,2024-03-11,447,DirectHaul,DOCK-B,INS006,Good,
DLV000275,PO-00275,AMER,SUP041,2024-02-16,711,OceanLink,DOCK-D,INS018,Good,
DLV000276,PO-00276,AMER,SUP022,2024-02-24,227,FreightCo,DOCK-B,INS015,Good,
DLV000277,PO-00277,AMER,SUP003,2024-02-13,1099,FastFreight,DOCK-B,INS020,Good,
DLV000278,PO-00278,AMER,SUP049,2024-02-13,1577,PrimeLogistics,DOCK-A,INS004,Good,
DLV000279,PO-00279,AMER,SUP021,2024-03-23,927,FastFreight,DOCK-D,INS010,Good,
DLV000280,PO-00280,AMER,SUP001,2024-03-02,168,DirectHaul,DOCK-A,INS010,Good,Minor packaging damage
DLV000281,PO-00281,AMER,SUP017,2024-01-23,1442,GlobalShip,DOCK-B,INS017,Good,Minor packaging damage
DLV000282,PO-00282,AMER,SUP021,2024-02-14,618,FastFreight,DOCK-D,INS009,Good,
DLV000283,PO-00283,AMER,SUP060,2024-01-23,722,FreightCo,DOCK-A,INS007,Good,
DLV000284,PO-00284,AMER,SUP046,2024-02-25,1393,DirectHaul,DOCK-A,INS014,Good,
DLV000285,PO-00285,AMER,SUP019,2024-03-03,179,DirectHaul,DOCK-C,INS008,Good,
DLV000286,PO-00286,AMER,SUP040,2024-04-11,267,GlobalShip,DOCK-A,INS011,Good,Partial pallet
DLV000287,PO-00287,AMER,SUP006,2024-03-25,1533,DirectHaul,DOCK-C,INS010,Good,
DLV000288,PO-00288,AMER,SUP024,2024-01-29,1524,OceanLink,DOCK-A,INS013,Good,
DLV000289,PO-00289,AMER,SUP020,2024-02-15,1367,OceanLink,DOCK-D,INS009,Good,
DLV000290,PO-00290,AMER,SUP022,2024-02-14,1108,OceanLink,DOCK-A,INS012,Good,
DLV000291,PO-00291,AMER,SUP048,2024-03-31,886,PrimeLogistics,DOCK-C,INS016,Good,
DLV000292,PO-00292,AMER,SUP050,2024-01-24,572,FreightCo,DOCK-B,INS003,Good,
DLV000293,PO-00293,AMER,SUP044,2024-04-08,479,FastFreight,DOCK-D,INS016,Good,
DLV000294,PO-00294,AMER,SUP016,2024-04-04,177,,DOCK-D,INS005,Good,
DLV000295,PO-00295,AMER,SUP020,2024-04-04,259,FreightCo,DOCK-A,INS002,Good,
DLV000296,PO-00296,AMER,SUP060,2024-03-04,1523,FreightCo,DOCK-B,INS016,Good,
DLV000297,PO-00297,AMER,SUP007,2024-03-08,1179,FreightCo,DOCK-A,INS002,Damaged,
DLV000298,PO-00298,AMER,SUP025,2024-02-18,577,FastFreight,DOCK-A,INS013,Good,
DLV000299,PO-00299,AMER,SUP003,2024-02-21,261,FastFreight,DOCK-C,INS013,Good,
DLV000300,PO-00300,AMER,SUP045,2024-03-31,842,OceanLink,DOCK-B,INS015,Good,
DLV000301,PO-00301,AMER,SUP018,2024-02-12,1663,FreightCo,DOCK-C,INS013,Good,Partial pallet
DLV000302,PO-00302,AMER,SUP016,2024-02-13,565,PrimeLogistics,DOCK-D,INS012,Good,
DLV000303,PO-00303,AMER,SUP023,2024-02-05,554,OceanLink,DOCK-C,INS012,Good,
DLV000304,PO-00304,AMER,SUP004,2024-03-04,1248,FastFreight,DOCK-A,INS003,Good,
DLV000305,PO-00305,AMER,SUP034,2024-04-28,108,GlobalShip,DOCK-A,INS019,Good,
DLV000306,PO-00306,AMER,SUP038,2024-03-13,1835,DirectHaul,DOCK-A,INS019,Good,
DLV000307,PO-00307,AMER,SUP034,2024-03-26,1291,OceanLink,DOCK-C,INS013,Good,
DLV000308,PO-00308,AMER,SUP021,2024-03-28,1395,FastFreight,DOCK-D,INS009,Good,
DLV000309,PO-00309,AMER,SUP012,2024-01-13,553,GlobalShip,DOCK-B,INS009,Good,
DLV000310,PO-00310,AMER,SUP018,2024-03-27,1388,FastFreight,DOCK-B,INS016,Good,
DLV000311,PO-00311,AMER,SUP057,2024-01-29,663,DirectHaul,DOCK-A,INS016,Good,
DLV000312,PO-00312,AMER,SUP032,2024-03-09,1051,FreightCo,DOCK-C,INS015,Good,
DLV000313,PO-00313,AMER,SUP024,2024-04-15,47,DirectHaul,DOCK-A,INS020,Good,Minor packaging damage
DLV000314,PO-00314,AMER,SUP030,2024-03-04,1265,DirectHaul,DOCK-C,INS007,Good,
DLV000315,PO-00315,AMER,SUP016,2024-01-18,713,FastFreight,DOCK-C,INS017,Good,Correct paperwork
DLV000316,PO-00316,AMER,SUP035,2024-02-13,334,GlobalShip,DOCK-C,INS007,Good,Minor packaging damage
DLV000317,PO-00317,AMER,SUP053,2024-01-23,1661,OceanLink,DOCK-C,INS015,Good,
DLV000318,PO-00318,AMER,SUP044,2024-01-25,1653,,DOCK-A,INS012,Good,
DLV000319,PO-00319,AMER,SUP006,2024-01-15,632,FastFreight,DOCK-C,INS004,Good,
DLV000320,PO-00320,AMER,SUP026,2024-04-12,544,FreightCo,DOCK-D,INS012,Damaged,
DLV000321,PO-00321,AMER,SUP050,2024-03-18,1661,FastFreight,DOCK-D,INS005,Good,
DLV000322,PO-00322,AMER,SUP016,2024-04-15,1525,,DOCK-A,INS001,Good,
DLV000323,PO-00323,AMER,SUP019,2024-03-10,1430,FastFreight,DOCK-B,INS011,Good,
DLV000324,PO-00324,AMER,SUP009,2024-02-01,850,OceanLink,DOCK-A,INS015,Good,
DLV000325,PO-00325,AMER,SUP003,2024-01-31,583,DirectHaul,DOCK-C,INS020,Good,
DLV000326,PO-00326,AMER,SUP036,2024-01-28,632,PrimeLogistics,DOCK-C,INS008,Good,
DLV000327,PO-00327,AMER,SUP016,2024-01-26,838,OceanLink,DOCK-C,INS011,Partial,
DLV000328,PO-00328,AMER,SUP046,2024-03-14,913,DirectHaul,DOCK-C,INS007,Good,
DLV000329,PO-00329,AMER,SUP020,2024-02-20,1074,FastFreight,DOCK-B,INS001,Good,
DLV000330,PO-00330,AMER,SUP030,2024-04-26,636,FastFreight,DOCK-B,INS003,Good,
DLV000331,PO-00331,AMER,SUP008,2024-03-09,211,PrimeLogistics,DOCK-D,INS001,Good,
DLV000332,PO-00332,AMER,SUP005,2024-01-14,161,FastFreight,DOCK-C,INS016,Good,
DLV000333,PO-00333,AMER,SUP036,2024-04-12,908,PrimeLogistics,DOCK-B,INS019,Good,
DLV000334,PO-00334,AMER,SUP027,2024-04-10,1260,GlobalShip,DOCK-C,INS018,Good,
DLV000335,PO-00335,AMER,SUP029,2024-01-28,1516,GlobalShip,DOCK-C,INS007,Good,
DLV000336,PO-00336,AMER,SUP040,2024-03-02,1179,FastFreight,DOCK-D,INS005,Good,
DLV000337,PO-00337,AMER,SUP037,2024-03-18,1339,FreightCo,DOCK-D,INS020,Good,Minor packaging damage
DLV000338,PO-00338,AMER,SUP006,2024-03-02,748,OceanLink,DOCK-C,INS014,Good,
DLV000339,PO-00339,AMER,SUP036,2024-04-02,550,PrimeLogistics,DOCK-A,INS017,Partial,
DLV000340,PO-00340,AMER,SUP023,2024-04-02,597,OceanLink,DOCK-D,INS011,Good,
DLV000341,PO-00341,AMER,SUP031,2024-02-02,1801,OceanLink,DOCK-D,INS013,Good,
DLV000342,PO-00342,AMER,SUP047,2024-02-29,1397,DirectHaul,DOCK-B,INS017,Good,
DLV000343,PO-00343,AMER,SUP004,2024-03-04,1948,OceanLink,DOCK-D,INS020,Damaged,
DLV000344,PO-00344,AMER,SUP050,2024-03-11,1171,,DOCK-C,INS018,Good,
DLV000345,PO-00345,AMER,SUP017,2024-03-25,1629,PrimeLogistics,DOCK-D,INS007,Good,
DLV000346,PO-00346,AMER,SUP028,2024-04-23,1190,FastFreight,DOCK-D,INS002,Good,
DLV000347,PO-00347,AMER,SUP009,2024-01-25,91,GlobalShip,DOCK-A,INS006,Good,
DLV000348,PO-00348,AMER,SUP023,2024-02-14,1430,OceanLink,DOCK-B,INS013,Good,Correct paperwork
DLV000349,PO-00349,AMER,SUP050,2024-02-11,522,DirectHaul,DOCK-A,INS017,Good,
DLV000350,PO-00350,AMER,SUP058,2024-03-10,1819,FastFreight,DOCK-C,INS001,Good,
DLV000351,PO-00351,AMER,SUP031,2024-02-16,46,DirectHaul,DOCK-D,INS020,Good,
DLV000352,PO-00352,AMER,SUP059,2024-01-27,783,PrimeLogistics,DOCK-A,INS018,Good,
DLV000353,PO-00353,AMER,SUP039,2024-02-13,1424,DirectHaul,DOCK-D,INS006,Good,
DLV000354,PO-00354,AMER,SUP028,2024-03-14,1693,FastFreight,DOCK-C,INS008,Good,
DLV000355,PO-00355,AMER,SUP037,2024-04-02,599,FreightCo,DOCK-D,INS003,Partial,
DLV000356,PO-00356,AMER,SUP001,2024-01-21,1306,PrimeLogistics,DOCK-C,INS013,Good,
DLV000357,PO-00357,AMER,SUP042,2024-03-30,1458,OceanLink,DOCK-B,INS012,Good,
DLV000358,PO-00358,AMER,SUP005,2024-04-07,1301,OceanLink,DOCK-D,INS020,Partial,
DLV000359,PO-00359,AMER,SUP028,2024-02-17,190,OceanLink,DOCK-B,INS002,Good,
DLV000360,PO-00360,AMER,SUP018,2024-04-27,1482,PrimeLogistics,DOCK-D,INS012,Good,
DLV000361,PO-00361,AMER,SUP025,2024-02-24,1594,,DOCK-C,INS010,Good,
DLV000362,PO-00362,AMER,SUP037,2024-03-24,1645,FastFreight,DOCK-B,INS007,Good,
DLV000363,PO-00363,AMER,SUP030,2024-02-28,567,FastFreight,DOCK-C,INS015,Good,
DLV000364,PO-00364,AMER,SUP050,2024-03-01,1869,OceanLink,DOCK-A,INS014,Good,Partial pallet
DLV000365,PO-00365,AMER,SUP035,2024-04-24,346,FreightCo,DOCK-D,INS004,Good,
DLV000366,PO-00366,AMER,SUP005,2024-03-01,1138,,DOCK-B,INS010,Good,
DLV000367,PO-00367,AMER,SUP028,2024-03-20,1170,FreightCo,DOCK-A,INS015,Good,
DLV000368,PO-00368,AMER,SUP035,2024-02-17,603,FastFreight,DOCK-D,INS016,Good,
DLV000369,PO-00369,AMER,SUP040,2024-03-29,356,FreightCo,DOCK-C,INS015,Good,
DLV000370,PO-00370,AMER,SUP028,2024-02-24,1692,FreightCo,DOCK-D,INS014,Good,
DLV000371,PO-00371,AMER,SUP051,2024-03-03,1344,PrimeLogistics,DOCK-A,INS004,Good,
DLV000372,PO-00372,AMER,SUP054,2024-02-12,1185,DirectHaul,DOCK-C,INS003,Good,
DLV000373,PO-00373,AMER,SUP024,2024-02-24,879,GlobalShip,DOCK-B,INS016,Good,
DLV000374,PO-00374,AMER,SUP045,2024-03-08,157,FreightCo,DOCK-B,INS003,Partial,
DLV000375,PO-00375,AMER,SUP018,2024-04-06,1474,GlobalShip,DOCK-A,INS012,Good,
DLV000376,PO-00376,AMER,SUP057,2024-03-14,716,FastFreight,DOCK-C,INS018,Good,
DLV000377,PO-00377,AMER,SUP050,2024-04-21,1004,PrimeLogistics,DOCK-B,INS007,Good,
DLV000378,PO-00378,AMER,SUP024,2024-03-26,1265,OceanLink,DOCK-A,INS004,Good,
DLV000379,PO-00379,AMER,SUP011,2024-02-25,1090,FreightCo,DOCK-A,INS011,Good,
DLV000380,PO-00380,AMER,SUP052,2024-01-29,1654,OceanLink,DOCK-A,INS013,Good,
DLV000381,PO-00381,AMER,SUP031,2024-04-19,1799,FastFreight,DOCK-D,INS016,Good,
DLV000382,PO-00382,AMER,SUP048,2024-03-12,573,FastFreight,DOCK-A,INS011,Good,
DLV000383,PO-00383,AMER,SUP034,2024-04-01,111,OceanLink,DOCK-C,INS009,Good,
DLV000384,PO-00384,AMER,SUP043,2024-02-21,232,OceanLink,DOCK-D,INS013,Good,
DLV000385,PO-00385,AMER,SUP022,2024-04-13,990,PrimeLogistics,DOCK-D,INS006,Good,
DLV000386,PO-00386,AMER,SUP014,2024-02-22,118,PrimeLogistics,DOCK-D,INS017,Good,
DLV000387,PO-00387,AMER,SUP053,2024-02-03,1060,OceanLink,DOCK-C,INS020,Good,
DLV000388,PO-00388,AMER,SUP007,2024-03-12,1108,FastFreight,DOCK-A,INS011,Good,
DLV000389,PO-00389,AMER,SUP051,2024-04-04,1427,DirectHaul,DOCK-B,INS013,Good,
DLV000390,PO-00390,AMER,SUP046,2024-03-22,1238,FastFreight,DOCK-A,INS017,Good,Partial pallet
DLV000391,PO-00391,AMER,SUP008,2024-03-09,1373,PrimeLogistics,DOCK-B,INS010,Good,Partial pallet
DLV000392,PO-00392,AMER,SUP042,2024-02-13,1348,FastFreight,DOCK-D,INS005,Good,
DLV000393,PO-00393,AMER,SUP045,2024-02-21,423,GlobalShip,DOCK-D,INS018,Good,
DLV000394,PO-00394,AMER,SUP041,2024-03-08,1526,DirectHaul,DOCK-C,INS020,Good,
DLV000395,PO-00395,AMER,SUP008,2024-03-05,580,DirectHaul,DOCK-C,INS015,Good,
DLV000396,PO-00396,AMER,SUP003,2024-03-15,432,PrimeLogistics,DOCK-C,INS007,Good,
DLV000397,PO-00397,AMER,SUP017,2024-02-02,1392,FastFreight,DOCK-B,INS018,Good,
DLV000398,PO-00398,AMER,SUP004,2024-04-11,1539,DirectHaul,DOCK-D,INS011,Good,
DLV000399,PO-00399,AMER,SUP049,2024-04-02,1053,DirectHaul,DOCK-C,INS020,Good,
DLV000400,PO-00400,AMER,SUP042,2024-03-17,639,PrimeLogistics,DOCK-C,INS004,Good,
DLV000401,PO-00401,AMER,SUP048,2024-02-05,729,OceanLink,DOCK-B,INS004,Good,
DLV000402,PO-00402,AMER,SUP014,2024-02-15,1047,GlobalShip,DOCK-C,INS009,Good,
DLV000403,PO-00403,AMER,SUP049,2024-02-17,733,FastFreight,DOCK-B,INS018,Good,
DLV000404,PO-00404,AMER,SUP045,2024-04-05,57,PrimeLogistics,DOCK-D,INS019,Good,
DLV000405,PO-00405,AMER,SUP025,2024-03-03,1473,GlobalShip,DOCK-D,INS013,Good,
DLV000406,PO-00406,AMER,SUP038,2024-03-19,1542,FreightCo,DOCK-D,INS014,Good,
DLV000407,PO-00407,AMER,SUP017,2024-01-30,304,DirectHaul,DOCK-B,INS006,Good,
DLV000408,PO-00408,AMER,SUP033,2024-01-16,583,,DOCK-C,INS019,Good,Correct paperwork
DLV000409,PO-00409,AMER,SUP007,2024-02-04,1392,PrimeLogistics,DOCK-A,INS002,Good,
DLV000410,PO-00410,AMER,SUP060,2024-04-29,1284,FastFreight,DOCK-C,INS009,Good,
DLV000411,PO-00411,AMER,SUP024,2024-01-25,916,FastFreight,DOCK-A,INS010,Good,
DLV000412,PO-00412,AMER,SUP059,2024-04-10,1153,PrimeLogistics,DOCK-B,INS004,Good,
DLV000413,PO-00413,AMER,SUP033,2024-03-07,340,FreightCo,DOCK-A,INS006,Good,
DLV000414,PO-00414,AMER,SUP003,2024-02-10,579,PrimeLogistics,DOCK-D,INS013,Good,
DLV000415,PO-00415,AMER,SUP004,2024-01-19,344,PrimeLogistics,DOCK-D,INS016,Good,
DLV000416,PO-00416,AMER,SUP036,2024-03-19,1193,FastFreight,DOCK-A,INS017,Good,
DLV000417,PO-00417,AMER,SUP020,2024-04-25,1244,FreightCo,DOCK-D,INS008,Good,
DLV000418,PO-00418,AMER,SUP049,2024-01-08,1973,GlobalShip,DOCK-D,INS011,Good,
DLV000419,PO-00419,AMER,SUP058,2024-02-21,1343,GlobalShip,DOCK-A,INS005,Good,
DLV000420,PO-00420,AMER,SUP032,2024-04-06,399,GlobalShip,DOCK-A,INS004,Good,
DLV000421,PO-00421,AMER,SUP048,2024-01-13,1317,GlobalShip,DOCK-C,INS018,Good,Minor packaging damage
DLV000422,PO-00422,AMER,SUP020,2024-03-05,1437,OceanLink,DOCK-D,INS004,Good,
DLV000423,PO-00423,AMER,SUP008,2024-01-28,526,FastFreight,DOCK-B,INS016,Good,
DLV000424,PO-00424,AMER,SUP043,2024-04-02,1202,FastFreight,DOCK-D,INS011,Good,
DLV000425,PO-00425,AMER,SUP004,2024-02-04,1485,PrimeLogistics,DOCK-D,INS013,Good,
DLV000426,PO-00426,AMER,SUP048,2024-03-22,1876,PrimeLogistics,DOCK-C,INS002,Good,
DLV000427,PO-00427,AMER,SUP040,2024-03-12,299,GlobalShip,DOCK-D,INS006,Good,
DLV000428,PO-00428,AMER,SUP015,2024-01-23,588,DirectHaul,DOCK-A,INS002,Good,
DLV000429,PO-00429,AMER,SUP005,2024-03-23,1549,OceanLink,DOCK-C,INS002,Good,
DLV000430,PO-00430,AMER,SUP017,2024-04-10,1533,GlobalShip,DOCK-B,INS017,Good,
DLV000431,PO-00431,AMER,SUP024,2024-01-22,669,PrimeLogistics,DOCK-C,INS009,Damaged,
DLV000432,PO-00432,AMER,SUP017,2024-03-03,1560,PrimeLogistics,DOCK-A,INS018,Damaged,
DLV000433,PO-00433,AMER,SUP016,2024-02-19,784,GlobalShip,DOCK-D,INS011,Good,
DLV000434,PO-00434,AMER,SUP012,2024-03-14,1010,,DOCK-A,INS020,Good,
DLV000435,PO-00435,AMER,SUP045,2024-04-06,399,GlobalShip,DOCK-D,INS010,Good,
DLV000436,PO-00436,AMER,SUP054,2024-03-07,899,FastFreight,DOCK-D,INS016,Good,
DLV000437,PO-00437,AMER,SUP038,2024-03-30,432,FreightCo,DOCK-D,INS006,Good,
DLV000438,PO-00438,AMER,SUP015,2024-02-01,376,FreightCo,DOCK-B,INS011,Good,
DLV000439,PO-00439,AMER,SUP044,2024-02-20,159,PrimeLogistics,DOCK-B,INS018,Good,
DLV000440,PO-00440,AMER,SUP053,2024-04-04,69,FastFreight,DOCK-C,INS018,Good,
DLV000441,PO-00441,AMER,SUP014,2024-03-05,449,PrimeLogistics,DOCK-C,INS020,Good,
DLV000442,PO-00442,AMER,SUP013,2024-04-10,969,FastFreight,DOCK-B,INS017,Good,
DLV000443,PO-00443,AMER,SUP052,2024-04-05,807,DirectHaul,DOCK-A,INS007,Good,
DLV000444,PO-00444,AMER,SUP016,2024-02-07,331,DirectHaul,DOCK-D,INS007,Good,
DLV000445,PO-00445,AMER,SUP039,2024-01-28,163,PrimeLogistics,DOCK-A,INS008,Good,
DLV000446,PO-00446,AMER,SUP019,2024-03-21,1378,OceanLink,DOCK-D,INS020,Good,
DLV000447,PO-00447,AMER,SUP010,2024-03-09,1529,GlobalShip,DOCK-D,INS018,Good,
DLV000448,PO-00448,AMER,SUP020,2024-02-20,1604,FastFreight,DOCK-C,INS008,Good,
DLV000449,PO-00449,AMER,SUP042,2024-02-05,1414,FreightCo,DOCK-C,INS001,Good,
DLV000450,PO-00450,AMER,SUP044,2024-04-02,910,OceanLink,DOCK-A,INS008,Good,
DLV000451,PO-00451,AMER,SUP019,2024-01-22,1098,FastFreight,DOCK-B,INS009,Partial,
DLV000452,PO-00452,AMER,SUP045,2024-01-12,159,FastFreight,DOCK-D,INS010,Partial,
DLV000453,PO-00453,AMER,SUP022,2024-01-29,1630,DirectHaul,DOCK-C,INS013,Good,
DLV000454,PO-00454,AMER,SUP055,2024-02-25,946,DirectHaul,DOCK-B,INS018,Good,
DLV000455,PO-00455,AMER,SUP037,2024-04-15,154,FreightCo,DOCK-B,INS008,Good,
DLV000456,PO-00456,AMER,SUP060,2024-01-29,1147,PrimeLogistics,DOCK-D,INS019,Good,
DLV000457,PO-00457,AMER,SUP053,2024-04-07,1279,PrimeLogistics,DOCK-C,INS020,Good,
DLV000458,PO-00458,AMER,SUP030,2024-03-14,1629,PrimeLogistics,DOCK-D,INS004,Good,
DLV000459,PO-00459,AMER,SUP009,2024-01-29,1077,OceanLink,DOCK-B,INS020,Good,
DLV000460,PO-00460,AMER,SUP039,2024-01-23,1453,FreightCo,DOCK-B,INS004,Good,
DLV000461,PO-00461,AMER,SUP046,2024-01-28,652,FreightCo,DOCK-C,INS005,Good,
DLV000462,PO-00462,AMER,SUP001,2024-03-05,451,FastFreight,DOCK-A,INS003,Good,
DLV000463,PO-00463,AMER,SUP048,2024-02-06,1903,OceanLink,DOCK-C,INS004,Good,
DLV000464,PO-00464,AMER,SUP017,2024-04-03,170,PrimeLogistics,DOCK-A,INS016,Good,
DLV000465,PO-00465,AMER,SUP009,2024-03-23,1614,DirectHaul,DOCK-C,INS002,Good,
DLV000466,PO-00466,AMER,SUP027,2024-01-27,447,GlobalShip,DOCK-D,INS018,Good,
DLV000467,PO-00467,AMER,SUP058,2024-01-27,477,DirectHaul,DOCK-B,INS019,Good,
DLV000468,PO-00468,AMER,SUP056,2024-02-21,1381,,DOCK-C,INS014,Good,
DLV000469,PO-00469,AMER,SUP053,2024-03-08,570,PrimeLogistics,DOCK-A,INS013,Good,
DLV000470,PO-00470,AMER,SUP003,2024-03-11,516,PrimeLogistics,DOCK-D,INS001,Good,
DLV000471,PO-00471,AMER,SUP005,2024-02-06,342,FastFreight,DOCK-D,INS015,Good,
DLV000472,PO-00472,AMER,SUP012,2024-02-28,1927,FastFreight,DOCK-C,INS003,Good,
DLV000473,PO-00473,AMER,SUP039,2024-01-23,1395,,DOCK-A,INS011,Good,
DLV000474,PO-00474,AMER,SUP020,2024-03-24,1874,DirectHaul,DOCK-C,INS003,Good,
DLV000475,PO-00475,AMER,SUP012,2024-01-16,1563,,DOCK-D,INS016,Good,
DLV000476,PO-00476,AMER,SUP022,2024-02-27,1195,,DOCK-D,INS017,Good,
DLV000477,PO-00477,AMER,SUP046,2024-02-26,1739,FastFreight,DOCK-A,INS008,Good,
DLV000478,PO-00478,AMER,SUP016,2024-01-16,1492,FreightCo,DOCK-B,INS002,Good,Minor packaging damage
DLV000479,PO-00479,AMER,SUP036,2024-01-19,619,PrimeLogistics,DOCK-C,INS003,Good,Correct paperwork
DLV000480,PO-00480,AMER,SUP018,2024-04-13,954,FreightCo,DOCK-A,INS003,Good,
DLV000481,PO-00481,AMER,SUP001,2024-01-20,1927,FreightCo,DOCK-D,INS007,Good,
DLV000482,PO-00482,AMER,SUP025,2024-04-11,221,OceanLink,DOCK-C,INS017,Good,
DLV000483,PO-00483,AMER,SUP002,2024-02-11,201,GlobalShip,DOCK-A,INS010,Good,
DLV000484,PO-00484,AMER,SUP018,2024-02-27,1789,,DOCK-B,INS008,Good,
DLV000485,PO-00485,AMER,SUP031,2024-04-05,802,OceanLink,DOCK-D,INS011,Good,
DLV000486,PO-00486,AMER,SUP002,2024-03-20,1001,FastFreight,DOCK-C,INS008,Good,
DLV000487,PO-00487,AMER,SUP034,2024-02-26,1709,FastFreight,DOCK-A,INS018,Good,
DLV000488,PO-00488,AMER,SUP036,2024-03-17,1750,FastFreight,DOCK-C,INS019,Good,
DLV000489,PO-00489,AMER,SUP009,2024-02-14,684,FastFreight,DOCK-A,INS006,Good,
DLV000490,PO-00490,AMER,SUP031,2024-01-19,1439,FreightCo,DOCK-B,INS001,Good,Minor packaging damage
DLV000491,PO-00491,AMER,SUP018,2024-03-27,295,OceanLink,DOCK-D,INS011,Good,
DLV000492,PO-00492,AMER,SUP033,2024-03-18,1791,GlobalShip,DOCK-D,INS004,Good,
DLV000493,PO-00493,AMER,SUP059,2024-02-07,1238,DirectHaul,DOCK-A,INS006,Good,
DLV000494,PO-00494,AMER,SUP042,2024-04-01,976,FreightCo,DOCK-B,INS017,Good,
DLV000495,PO-00495,AMER,SUP053,2024-03-22,1444,OceanLink,DOCK-A,INS004,Good,
DLV000496,PO-00496,AMER,SUP040,2024-02-15,1977,FastFreight,DOCK-C,INS001,Good,
DLV000497,PO-00497,AMER,SUP038,2024-01-23,154,PrimeLogistics,DOCK-B,INS015,Good,
DLV000498,PO-00498,AMER,SUP040,2024-03-27,234,FreightCo,DOCK-B,INS003,Good,
DLV000499,PO-00499,AMER,SUP056,2024-03-08,765,PrimeLogistics,DOCK-C,INS006,Good,
DLV000500,PO-00500,AMER,SUP005,2024-03-21,349,DirectHaul,DOCK-A,INS002,Good,
DLV000501,PO-00501,AMER,SUP016,2024-02-13,1434,OceanLink,DOCK-B,INS018,Good,
DLV000502,PO-00502,AMER,SUP041,2024-02-07,1343,FastFreight,DOCK-A,INS009,Good,
DLV000503,PO-00503,AMER,SUP001,2024-04-01,95,GlobalShip,DOCK-A,INS014,Good,
DLV000504,PO-00504,AMER,SUP002,2024-03-31,201,PrimeLogistics,DOCK-D,INS013,Good,
DLV000505,PO-00505,AMER,SUP046,2024-04-02,210,FastFreight,DOCK-B,INS011,Good,
DLV000506,PO-00506,AMER,SUP027,2024-02-21,919,FreightCo,DOCK-D,INS006,Good,
DLV000507,PO-00507,AMER,SUP050,2024-03-04,836,OceanLink,DOCK-D,INS018,Good,
DLV000508,PO-00508,AMER,SUP051,2024-02-29,1574,FreightCo,DOCK-A,INS012,Good,
DLV000509,PO-00509,AMER,SUP013,2024-04-04,1235,PrimeLogistics,DOCK-A,INS019,Good,
DLV000510,PO-00510,AMER,SUP008,2024-01-13,1177,PrimeLogistics,DOCK-C,INS018,Good,
DLV000511,PO-00511,AMER,SUP025,2024-04-17,1948,PrimeLogistics,DOCK-B,INS010,Good,
DLV000512,PO-00512,AMER,SUP030,2024-03-27,765,DirectHaul,DOCK-B,INS007,Good,
DLV000513,PO-00513,AMER,SUP060,2024-02-08,499,,DOCK-B,INS007,Good,
DLV000514,PO-00514,AMER,SUP033,2024-03-18,1386,FastFreight,DOCK-A,INS004,Good,
DLV000515,PO-00515,AMER,SUP031,2024-04-14,1864,DirectHaul,DOCK-A,INS017,Good,
DLV000516,PO-00516,AMER,SUP003,2024-02-02,1979,PrimeLogistics,DOCK-D,INS009,Good,Partial pallet
DLV000517,PO-00517,AMER,SUP014,2024-02-02,1264,OceanLink,DOCK-C,INS015,Good,
DLV000518,PO-00518,AMER,SUP054,2024-02-16,905,FreightCo,DOCK-C,INS010,Good,
DLV000519,PO-00519,AMER,SUP007,2024-02-19,496,FastFreight,DOCK-B,INS016,Good,
DLV000520,PO-00520,AMER,SUP018,2024-03-02,127,GlobalShip,DOCK-C,INS007,Good,Partial pallet
DLV000521,PO-00521,AMER,SUP043,2024-04-13,1159,GlobalShip,DOCK-A,INS009,Good,
DLV000522,PO-00522,AMER,SUP052,2024-02-08,79,FastFreight,DOCK-A,INS006,Good,
DLV000523,PO-00523,AMER,SUP019,2024-02-05,1649,PrimeLogistics,DOCK-C,INS012,Good,
DLV000524,PO-00524,AMER,SUP045,2024-03-11,358,PrimeLogistics,DOCK-C,INS009,Good,
DLV000525,PO-00525,AMER,SUP055,2024-03-29,1573,GlobalShip,DOCK-B,INS006,Good,
DLV000526,PO-00526,AMER,SUP049,2024-03-01,150,OceanLink,DOCK-B,INS007,Good,
DLV000527,PO-00527,AMER,SUP053,2024-02-08,1441,OceanLink,DOCK-C,INS008,Good,
DLV000528,PO-00528,AMER,SUP031,2024-02-13,1932,GlobalShip,DOCK-D,INS007,Good,Minor packaging damage
DLV000529,PO-00529,AMER,SUP012,2024-01-20,533,GlobalShip,DOCK-B,INS019,Good,
DLV000530,PO-00530,AMER,SUP037,2024-02-26,1143,FastFreight,DOCK-C,INS001,Good,
DLV000531,PO-00531,AMER,SUP038,2024-02-02,528,PrimeLogistics,DOCK-C,INS010,Good,
DLV000532,PO-00532,AMER,SUP054,2024-04-10,389,,DOCK-B,INS005,Good,Minor packaging damage
DLV000533,PO-00533,AMER,SUP036,2024-02-14,1537,FreightCo,DOCK-D,INS004,Good,Minor packaging damage
DLV000534,PO-00534,AMER,SUP049,2024-01-17,906,FastFreight,DOCK-B,INS005,Good,
DLV000535,PO-00535,AMER,SUP004,2024-01-19,1261,OceanLink,DOCK-A,INS003,Good,
DLV000536,PO-00536,AMER,SUP018,2024-02-25,1914,GlobalShip,DOCK-B,INS001,Good,Minor packaging damage
DLV000537,PO-00537,AMER,SUP010,2024-02-03,1522,FastFreight,DOCK-A,INS005,Good,
DLV000538,PO-00538,AMER,SUP054,2024-01-21,518,GlobalShip,DOCK-C,INS003,Good,
DLV000539,PO-00539,AMER,SUP023,2024-03-05,221,PrimeLogistics,DOCK-D,INS013,Good,
DLV000540,PO-00540,AMER,SUP048,2024-03-25,1564,,DOCK-A,INS009,Good,
DLV000541,PO-00541,AMER,SUP045,2024-02-29,47,OceanLink,DOCK-D,INS004,Good,
DLV000542,PO-00542,AMER,SUP021,2024-03-04,678,DirectHaul,DOCK-C,INS019,Good,
DLV000543,PO-00543,AMER,SUP006,2024-02-22,1502,GlobalShip,DOCK-D,INS013,Good,
DLV000544,PO-00544,AMER,SUP002,2024-02-26,109,FastFreight,DOCK-B,INS008,Good,
DLV000545,PO-00545,AMER,SUP004,2024-02-08,179,FreightCo,DOCK-B,INS005,Good,
DLV000546,PO-00546,AMER,SUP053,2024-03-29,352,FreightCo,DOCK-D,INS019,Good,
DLV000547,PO-00547,AMER,SUP044,2024-03-20,731,FreightCo,DOCK-A,INS014,Good,Correct paperwork
DLV000548,PO-00548,AMER,SUP052,2024-03-07,316,PrimeLogistics,DOCK-B,INS010,Good,
DLV000549,PO-00549,AMER,SUP043,2024-03-30,210,DirectHaul,DOCK-D,INS013,Good,Minor packaging damage
DLV000550,PO-00550,AMER,SUP011,2024-04-20,1363,FastFreight,DOCK-D,INS011,Good,
DLV000551,PO-00551,AMER,SUP013,2024-03-26,821,GlobalShip,DOCK-D,INS016,Good,
DLV000552,PO-00552,AMER,SUP016,2024-02-23,1752,DirectHaul,DOCK-D,INS015,Good,
DLV000553,PO-00553,AMER,SUP028,2024-02-13,337,DirectHaul,DOCK-C,INS008,Good,
DLV000554,PO-00554,AMER,SUP056,2024-02-08,486,OceanLink,DOCK-B,INS010,Good,
DLV000555,PO-00555,AMER,SUP004,2024-02-22,792,FreightCo,DOCK-C,INS017,Good,
DLV000556,PO-00556,AMER,SUP057,2024-02-19,779,OceanLink,DOCK-C,INS002,Good,
DLV000557,PO-00557,AMER,SUP043,2024-04-05,1093,OceanLink,DOCK-D,INS017,Good,
DLV000558,PO-00558,AMER,SUP056,2024-04-09,792,GlobalShip,DOCK-B,INS020,Good,
DLV000559,PO-00559,AMER,SUP021,2024-05-01,1104,GlobalShip,DOCK-C,INS009,Good,
DLV000560,PO-00560,AMER,SUP034,2024-02-09,262,OceanLink,DOCK-C,INS014,Partial,
DLV000561,PO-00561,AMER,SUP001,2024-03-20,507,OceanLink,DOCK-D,INS007,Good,
DLV000562,PO-00562,AMER,SUP040,2024-01-31,1404,OceanLink,DOCK-A,INS002,Good,
DLV000563,PO-00563,AMER,SUP034,2024-04-08,474,PrimeLogistics,DOCK-C,INS006,Damaged,Minor packaging damage
DLV000564,PO-00564,AMER,SUP042,2024-02-12,1391,OceanLink,DOCK-D,INS004,Good,
DLV000565,PO-00565,AMER,SUP044,2024-03-16,660,DirectHaul,DOCK-D,INS016,Good,
DLV000566,PO-00566,AMER,SUP029,2024-02-21,844,GlobalShip,DOCK-B,INS009,Good,
DLV000567,PO-00567,AMER,SUP042,2024-03-04,1870,OceanLink,DOCK-A,INS018,Good,
DLV000568,PO-00568,AMER,SUP040,2024-02-09,168,PrimeLogistics,DOCK-A,INS020,Good,
DLV000569,PO-00569,AMER,SUP015,2024-03-05,168,GlobalShip,DOCK-C,INS003,Damaged,
DLV000570,PO-00570,AMER,SUP037,2024-02-12,530,OceanLink,DOCK-B,INS014,Good,Minor packaging damage
DLV000571,PO-00571,AMER,SUP029,2024-02-17,1609,FreightCo,DOCK-B,INS011,Good,
DLV000572,PO-00572,AMER,SUP034,2024-02-18,59,FastFreight,DOCK-B,INS015,Good,
DLV000573,PO-00573,AMER,SUP007,2024-02-19,1585,FreightCo,DOCK-B,INS012,Good,
DLV000574,PO-00574,AMER,SUP002,2024-02-14,1574,OceanLink,DOCK-B,INS005,Good,Minor packaging damage
DLV000575,PO-00575,AMER,SUP059,2024-04-07,494,FreightCo,DOCK-D,INS001,Good,
DLV000576,PO-00576,AMER,SUP009,2024-04-06,1608,OceanLink,DOCK-A,INS004,Good,
DLV000577,PO-00577,AMER,SUP019,2024-03-18,107,GlobalShip,DOCK-A,INS010,Good,
DLV000578,PO-00578,AMER,SUP043,2024-02-09,433,FreightCo,DOCK-A,INS004,Good,
DLV000579,PO-00579,AMER,SUP033,2024-03-16,1213,OceanLink,DOCK-C,INS017,Good,
DLV000580,PO-00580,AMER,SUP024,2024-03-03,391,FastFreight,DOCK-A,INS005,Good,
DLV000581,PO-00581,AMER,SUP014,2024-03-08,1725,GlobalShip,DOCK-A,INS016,Good,
DLV000582,PO-00582,AMER,SUP033,2024-04-06,1344,FastFreight,DOCK-B,INS013,Good,
DLV000583,PO-00583,AMER,SUP031,2024-04-01,1277,GlobalShip,DOCK-A,INS004,Good,
DLV000584,PO-00584,AMER,SUP030,2024-02-19,1476,OceanLink,DOCK-D,INS003,Good,
DLV000585,PO-00585,AMER,SUP011,2024-02-11,406,PrimeLogistics,DOCK-C,INS003,Good,
DLV000586,PO-00586,AMER,SUP026,2024-01-18,694,GlobalShip,DOCK-A,INS007,Good,Minor packaging damage
DLV000587,PO-00587,AMER,SUP060,2024-03-13,292,OceanLink,DOCK-A,INS014,Good,
DLV000588,PO-00588,AMER,SUP042,2024-02-17,1774,FreightCo,DOCK-C,INS003,Good,Correct paperwork
DLV000589,PO-00589,AMER,SUP026,2024-01-20,182,DirectHaul,DOCK-A,INS019,Good,
DLV000590,PO-00590,AMER,SUP005,2024-02-02,1115,GlobalShip,DOCK-B,INS014,Good,
DLV000591,PO-00591,AMER,SUP006,2024-01-30,1101,OceanLink,DOCK-A,INS002,Partial,
DLV000592,PO-00592,AMER,SUP014,2024-02-13,298,FastFreight,DOCK-C,INS019,Good,
DLV000593,PO-00593,AMER,SUP005,2024-04-21,1687,FreightCo,DOCK-D,INS015,Good,
DLV000594,PO-00594,AMER,SUP021,2024-01-21,304,OceanLink,DOCK-B,INS020,Good,
DLV000595,PO-00595,AMER,SUP033,2024-02-12,1005,FastFreight,DOCK-C,INS016,Good,
DLV000596,PO-00596,AMER,SUP016,2024-02-08,1914,DirectHaul,DOCK-D,INS010,Good,
DLV000597,PO-00597,AMER,SUP016,2024-01-26,1452,OceanLink,DOCK-A,INS014,Good,
DLV000598,PO-00598,AMER,SUP019,2024-03-31,860,FreightCo,DOCK-B,INS008,Partial,
DLV000599,PO-00599,AMER,SUP029,2024-04-23,1268,FastFreight,DOCK-A,INS014,Good,
DLV000600,PO-00600,AMER,SUP008,2024-02-23,156,FastFreight,DOCK-C,INS005,Good,
DLV000601,PO-00601,AMER,SUP027,2024-04-11,1060,FreightCo,DOCK-D,INS017,Good,
DLV000602,PO-00602,AMER,SUP015,2024-04-13,715,DirectHaul,DOCK-D,INS014,Good,
DLV000603,PO-00603,AMER,SUP033,2024-03-18,1005,GlobalShip,DOCK-C,INS014,Good,
DLV000604,PO-00604,AMER,SUP024,2024-03-27,877,GlobalShip,DOCK-C,INS017,Good,
DLV000605,PO-00605,AMER,SUP008,2024-03-16,271,PrimeLogistics,DOCK-B,INS018,Good,
DLV000606,PO-00606,AMER,SUP024,2024-03-27,750,PrimeLogistics,DOCK-B,INS004,Good,
DLV000607,PO-00607,AMER,SUP039,2024-01-31,825,GlobalShip,DOCK-D,INS010,Good,Correct paperwork
DLV000608,PO-00608,AMER,SUP044,2024-02-22,247,FreightCo,DOCK-C,INS011,Good,
DLV000609,PO-00609,AMER,SUP005,2024-04-04,1191,DirectHaul,DOCK-D,INS004,Good,
DLV000610,PO-00610,AMER,SUP014,2024-03-20,407,PrimeLogistics,DOCK-B,INS013,Good,
DLV000611,PO-00611,AMER,SUP018,2024-03-22,1176,DirectHaul,DOCK-A,INS006,Good,
DLV000612,PO-00612,AMER,SUP043,2024-03-01,147,GlobalShip,DOCK-D,INS016,Good,
DLV000613,PO-00613,AMER,SUP047,2024-03-15,1075,PrimeLogistics,DOCK-A,INS009,Good,
DLV000614,PO-00614,AMER,SUP020,2024-03-06,1043,OceanLink,DOCK-D,INS005,Good,
DLV000615,PO-00615,AMER,SUP060,2024-04-05,1245,DirectHaul,DOCK-C,INS009,Good,
DLV000616,PO-00616,AMER,SUP044,2024-03-02,1449,FreightCo,DOCK-A,INS019,Good,
DLV000617,PO-00617,AMER,SUP031,2024-02-26,180,GlobalShip,DOCK-D,INS018,Good,
DLV000618,PO-00618,AMER,SUP003,2024-04-04,129,FastFreight,DOCK-B,INS020,Good,
DLV000619,PO-00619,AMER,SUP027,2024-02-14,171,,DOCK-D,INS013,Good,
DLV000620,PO-00620,AMER,SUP035,2024-03-23,152,OceanLink,DOCK-A,INS020,Good,
DLV000621,PO-00621,AMER,SUP032,2024-01-25,1163,FastFreight,DOCK-B,INS004,Good,
DLV000622,PO-00622,AMER,SUP002,2024-02-28,1821,PrimeLogistics,DOCK-B,INS020,Good,
DLV000623,PO-00623,AMER,SUP060,2024-03-06,520,GlobalShip,DOCK-D,INS003,Good,
DLV000624,PO-00624,AMER,SUP040,2024-03-18,1170,DirectHaul,DOCK-C,INS011,Partial,
DLV000625,PO-00625,AMER,SUP056,2024-01-29,1872,PrimeLogistics,DOCK-C,INS007,Good,
DLV000626,PO-00626,AMER,SUP005,2024-01-25,781,DirectHaul,DOCK-C,INS007,Good,
DLV000627,PO-00627,AMER,SUP008,2024-04-19,222,,DOCK-A,INS009,Good,
DLV000628,PO-00628,AMER,SUP007,2024-02-01,215,GlobalShip,DOCK-C,INS020,Good,Partial pallet
DLV000629,PO-00629,AMER,SUP027,2024-03-26,1321,DirectHaul,DOCK-D,INS013,Good,
DLV000630,PO-00630,AMER,SUP035,2024-02-20,213,DirectHaul,DOCK-A,INS006,Good,
DLV000631,PO-00631,AMER,SUP011,2024-01-24,628,GlobalShip,DOCK-B,INS016,Partial,
DLV000632,PO-00632,AMER,SUP037,2024-02-11,1597,GlobalShip,DOCK-C,INS020,Good,
DLV000633,PO-00633,AMER,SUP044,2024-02-19,784,DirectHaul,DOCK-C,INS013,Good,
DLV000634,PO-00634,AMER,SUP033,2024-02-03,1216,OceanLink,DOCK-B,INS017,Damaged,
DLV000635,PO-00635,AMER,SUP044,2024-04-02,804,FreightCo,DOCK-C,INS013,Good,
DLV000636,PO-00636,AMER,SUP021,2024-01-16,544,PrimeLogistics,DOCK-D,INS019,Good,
DLV000637,PO-00637,AMER,SUP002,2024-03-19,1092,FastFreight,DOCK-B,INS017,Good,
DLV000638,PO-00638,AMER,SUP017,2024-02-10,1058,OceanLink,DOCK-D,INS016,Good,
DLV000639,PO-00639,AMER,SUP048,2024-03-02,94,FastFreight,DOCK-A,INS002,Good,
DLV000640,PO-00640,AMER,SUP013,2024-02-21,1553,FreightCo,DOCK-B,INS003,Good,
DLV000641,PO-00641,AMER,SUP001,2024-04-27,1871,FastFreight,DOCK-B,INS013,Good,
DLV000642,PO-00642,AMER,SUP055,2024-02-08,1869,GlobalShip,DOCK-D,INS002,Good,
DLV000643,PO-00643,AMER,SUP005,2024-03-14,1507,DirectHaul,DOCK-A,INS010,Good,
DLV000644,PO-00644,AMER,SUP032,2024-03-04,539,FreightCo,DOCK-C,INS016,Good,
DLV000645,PO-00645,AMER,SUP001,2024-03-24,414,FastFreight,DOCK-B,INS004,Good,
DLV000646,PO-00646,AMER,SUP032,2024-02-09,1663,GlobalShip,DOCK-B,INS013,Good,
DLV000647,PO-00647,AMER,SUP057,2024-04-04,1628,FastFreight,DOCK-B,INS009,Good,
DLV000648,PO-00648,AMER,SUP038,2024-02-25,1231,GlobalShip,DOCK-D,INS020,Good,
DLV000649,PO-00649,AMER,SUP051,2024-03-02,470,OceanLink,DOCK-D,INS016,Good,
DLV000650,PO-00650,AMER,SUP051,2024-04-03,1335,PrimeLogistics,DOCK-D,INS009,Good,
DLV000651,PO-00651,AMER,SUP008,2024-02-09,79,OceanLink,DOCK-D,INS008,Good,
DLV000652,PO-00652,AMER,SUP046,2024-02-19,914,GlobalShip,DOCK-A,INS013,Good,
DLV000653,PO-00653,AMER,SUP040,2024-04-04,1153,DirectHaul,DOCK-D,INS009,Good,
DLV000654,PO-00654,AMER,SUP030,2024-03-25,1182,OceanLink,DOCK-D,INS006,Good,
DLV000655,PO-00655,AMER,SUP045,2024-03-15,1170,FreightCo,DOCK-A,INS015,Good,
DLV000656,PO-00656,AMER,SUP018,2024-02-27,1774,GlobalShip,DOCK-A,INS002,Good,
DLV000657,PO-00657,AMER,SUP044,2024-01-30,1485,PrimeLogistics,DOCK-D,INS006,Good,
DLV000658,PO-00658,AMER,SUP014,2024-01-12,408,FastFreight,DOCK-D,INS014,Good,
DLV000659,PO-00659,AMER,SUP044,2024-04-18,302,PrimeLogistics,DOCK-B,INS008,Good,
DLV000660,PO-00660,AMER,SUP022,2024-03-19,1050,GlobalShip,DOCK-D,INS009,Good,
DLV000661,PO-00661,AMER,SUP048,2024-04-01,1561,GlobalShip,DOCK-B,INS008,Damaged,
DLV000662,PO-00662,AMER,SUP056,2024-02-10,831,GlobalShip,DOCK-A,INS015,Good,Minor packaging damage
DLV000663,PO-00663,AMER,SUP045,2024-02-13,496,PrimeLogistics,DOCK-B,INS009,Good,
DLV000664,PO-00664,AMER,SUP001,2024-03-22,1324,FastFreight,DOCK-D,INS018,Good,
DLV000665,PO-00665,AMER,SUP036,2024-01-30,545,PrimeLogistics,DOCK-C,INS009,Good,
DLV000666,PO-00666,AMER,SUP019,2024-02-11,1474,DirectHaul,DOCK-B,INS019,Damaged,
DLV000667,PO-00667,AMER,SUP050,2024-02-28,718,FreightCo,DOCK-D,INS006,Good,
DLV000668,PO-00668,AMER,SUP053,2024-02-03,1305,GlobalShip,DOCK-C,INS013,Good,
DLV000669,PO-00669,AMER,SUP034,2024-03-03,1266,FastFreight,DOCK-C,INS013,Good,
DLV000670,PO-00670,AMER,SUP032,2024-04-12,478,OceanLink,DOCK-C,INS020,Good,
DLV000671,PO-00671,AMER,SUP026,2024-03-13,1347,DirectHaul,DOCK-A,INS005,Good,
DLV000672,PO-00672,AMER,SUP010,2024-04-18,759,GlobalShip,DOCK-B,INS020,Good,
DLV000673,PO-00673,AMER,SUP039,2024-01-27,185,OceanLink,DOCK-C,INS014,Good,
DLV000674,PO-00674,AMER,SUP050,2024-03-22,772,FastFreight,DOCK-C,INS015,Good,
DLV000675,PO-00675,AMER,SUP052,2024-03-14,1159,,DOCK-D,INS008,Good,
DLV000676,PO-00676,AMER,SUP032,2024-02-08,1489,DirectHaul,DOCK-B,INS020,Good,
DLV000677,PO-00677,AMER,SUP029,2024-02-17,86,OceanLink,DOCK-B,INS004,Good,
DLV000678,PO-00678,AMER,SUP038,2024-04-04,1529,DirectHaul,DOCK-D,INS001,Good,
DLV000679,PO-00679,AMER,SUP046,2024-02-21,290,PrimeLogistics,DOCK-C,INS008,Good,
DLV000680,PO-00680,AMER,SUP007,2024-03-07,454,FreightCo,DOCK-B,INS014,Good,
DLV000681,PO-00681,AMER,SUP006,2024-03-01,1123,OceanLink,DOCK-B,INS001,Good,
DLV000682,PO-00682,AMER,SUP044,2024-03-25,1869,DirectHaul,DOCK-C,INS005,Good,
DLV000683,PO-00683,AMER,SUP040,2024-03-24,1563,OceanLink,DOCK-B,INS003,Good,Partial pallet
DLV000684,PO-00684,AMER,SUP009,2024-01-28,248,FastFreight,DOCK-B,INS002,Good,
DLV000685,PO-00685,AMER,SUP022,2024-01-10,924,OceanLink,DOCK-B,INS007,Good,
DLV000686,PO-00686,AMER,SUP005,2024-02-03,906,FastFreight,DOCK-C,INS006,Good,
DLV000687,PO-00687,AMER,SUP047,2024-03-25,926,GlobalShip,DOCK-D,INS004,Good,
DLV000688,PO-00688,AMER,SUP017,2024-03-13,1614,GlobalShip,DOCK-C,INS014,Good,
DLV000689,PO-00689,AMER,SUP034,2024-03-20,1858,DirectHaul,DOCK-B,INS002,Good,
DLV000690,PO-00690,AMER,SUP051,2024-04-07,1707,GlobalShip,DOCK-A,INS003,Good,
DLV000691,PO-00691,AMER,SUP041,2024-01-30,1162,DirectHaul,DOCK-B,INS008,Good,
DLV000692,PO-00692,AMER,SUP031,2024-04-17,826,PrimeLogistics,DOCK-C,INS015,Good,
DLV000693,PO-00693,AMER,SUP044,2024-04-17,100,FreightCo,DOCK-B,INS001,Good,
DLV000694,PO-00694,AMER,SUP020,2024-04-26,68,PrimeLogistics,DOCK-B,INS016,Good,
DLV000695,PO-00695,AMER,SUP042,2024-04-15,1494,OceanLink,DOCK-A,INS012,Good,
DLV000696,PO-00696,AMER,SUP052,2024-01-29,895,PrimeLogistics,DOCK-B,INS007,Good,
DLV000697,PO-00697,AMER,SUP009,2024-02-28,923,PrimeLogistics,DOCK-B,INS010,Good,
DLV000698,PO-00698,AMER,SUP039,2024-03-08,1773,FreightCo,DOCK-B,INS006,Good,
DLV000699,PO-00699,AMER,SUP012,2024-03-15,344,FreightCo,DOCK-B,INS019,Good,
DLV000700,PO-00700,AMER,SUP039,2024-03-01,1927,FreightCo,DOCK-D,INS001,Good,
DLV000701,PO-00701,AMER,SUP013,2024-03-19,261,DirectHaul,DOCK-C,INS001,Good,
DLV000702,PO-00702,AMER,SUP056,2024-01-26,394,DirectHaul,DOCK-D,INS019,Good,
DLV000703,PO-00703,AMER,SUP008,2024-03-01,1194,OceanLink,DOCK-C,INS017,Good,
DLV000704,PO-00704,AMER,SUP035,2024-04-26,792,OceanLink,DOCK-A,INS010,Good,
DLV000705,PO-00705,AMER,SUP035,2024-04-10,241,DirectHaul,DOCK-A,INS006,Good,
DLV000706,PO-00706,AMER,SUP010,2024-02-22,858,GlobalShip,DOCK-C,INS020,Good,
DLV000707,PO-00707,AMER,SUP007,2024-01-30,859,OceanLink,DOCK-C,INS003,Good,
DLV000708,PO-00708,AMER,SUP046,2024-04-02,682,FreightCo,DOCK-D,INS003,Good,
DLV000709,PO-00709,AMER,SUP052,2024-02-15,1546,DirectHaul,DOCK-A,INS019,Good,
DLV000710,PO-00710,AMER,SUP024,2024-02-14,728,,DOCK-B,INS010,Good,
DLV000711,PO-00711,AMER,SUP059,2024-03-01,1818,FastFreight,DOCK-C,INS003,Good,
DLV000712,PO-00712,AMER,SUP006,2024-02-26,1008,GlobalShip,DOCK-D,INS010,Good,
DLV000713,PO-00713,AMER,SUP037,2024-02-13,860,DirectHaul,DOCK-B,INS019,Good,
DLV000714,PO-00714,AMER,SUP031,2024-01-23,721,OceanLink,DOCK-D,INS009,Good,
DLV000715,PO-00715,AMER,SUP005,2024-03-12,1406,FreightCo,DOCK-D,INS002,Good,Minor packaging damage
DLV000716,PO-00716,AMER,SUP019,2024-02-02,743,DirectHaul,DOCK-D,INS012,Good,
DLV000717,PO-00717,AMER,SUP041,2024-02-13,411,OceanLink,DOCK-C,INS006,Good,
DLV000718,PO-00718,AMER,SUP047,2024-03-13,746,DirectHaul,DOCK-C,INS007,Good,
DLV000719,PO-00719,AMER,SUP053,2024-01-16,1590,FreightCo,DOCK-C,INS007,Good,
DLV000720,PO-00720,AMER,SUP056,2024-03-12,468,OceanLink,DOCK-A,INS016,Good,
DLV000721,PO-00721,AMER,SUP031,2024-04-14,1577,FreightCo,DOCK-A,INS015,Good,
DLV000722,PO-00722,AMER,SUP040,2024-03-07,193,GlobalShip,DOCK-B,INS011,Good,
DLV000723,PO-00723,AMER,SUP001,2024-03-26,77,FastFreight,DOCK-A,INS015,Good,
DLV000724,PO-00724,AMER,SUP017,2024-01-29,1477,FastFreight,DOCK-C,INS016,Good,
DLV000725,PO-00725,AMER,SUP059,2024-04-14,1863,DirectHaul,DOCK-C,INS009,Good,Minor packaging damage
DLV000726,PO-00726,AMER,SUP030,2024-03-22,1611,OceanLink,DOCK-D,INS017,Good,
DLV000727,PO-00727,AMER,SUP012,2024-04-21,825,FastFreight,DOCK-C,INS009,Good,
DLV000728,PO-00728,AMER,SUP003,2024-03-21,645,FreightCo,DOCK-B,INS016,Good,
DLV000729,PO-00729,AMER,SUP027,2024-04-02,789,DirectHaul,DOCK-A,INS019,Good,
DLV000730,PO-00730,AMER,SUP026,2024-03-26,101,GlobalShip,DOCK-D,INS003,Good,
DLV000731,PO-00731,AMER,SUP043,2024-02-27,808,DirectHaul,DOCK-C,INS012,Damaged,
DLV000732,PO-00732,AMER,SUP011,2024-03-27,1816,FastFreight,DOCK-B,INS010,Good,
DLV000733,PO-00733,AMER,SUP041,2024-03-30,1099,FastFreight,DOCK-C,INS014,Good,
DLV000734,PO-00734,AMER,SUP008,2024-04-09,1542,OceanLink,DOCK-C,INS004,Good,
DLV000735,PO-00735,AMER,SUP024,2024-02-22,57,GlobalShip,DOCK-A,INS009,Good,
DLV000736,PO-00736,AMER,SUP013,2024-03-10,696,FreightCo,DOCK-D,INS019,Good,
DLV000737,PO-00737,AMER,SUP028,2024-01-31,1238,GlobalShip,DOCK-D,INS006,Good,
DLV000738,PO-00738,AMER,SUP017,2024-02-07,1898,FastFreight,DOCK-C,INS016,Good,
DLV000739,PO-00739,AMER,SUP027,2024-01-22,1845,PrimeLogistics,DOCK-A,INS019,Good,
DLV000740,PO-00740,AMER,SUP032,2024-02-11,623,DirectHaul,DOCK-B,INS002,Good,
DLV000741,PO-00741,AMER,SUP009,2024-03-23,1882,FreightCo,DOCK-D,INS013,Good,
DLV000742,PO-00742,AMER,SUP007,2024-02-24,261,FastFreight,DOCK-D,INS009,Good,
DLV000743,PO-00743,AMER,SUP027,2024-04-17,948,FreightCo,DOCK-B,INS011,Good,
DLV000744,PO-00744,AMER,SUP054,2024-03-16,1434,OceanLink,DOCK-A,INS002,Good,
DLV000745,PO-00745,AMER,SUP043,2024-02-15,1934,OceanLink,DOCK-A,INS005,Good,
DLV000746,PO-00746,AMER,SUP008,2024-02-04,420,GlobalShip,DOCK-D,INS001,Good,
DLV000747,PO-00747,AMER,SUP045,2024-04-06,257,DirectHaul,DOCK-D,INS016,Good,
DLV000748,PO-00748,AMER,SUP017,2024-03-03,1041,FastFreight,DOCK-B,INS006,Good,Correct paperwork
DLV000749,PO-00749,AMER,SUP043,2024-02-16,656,FreightCo,DOCK-D,INS016,Good,
DLV000750,PO-00750,AMER,SUP038,2024-03-17,1140,DirectHaul,DOCK-C,INS003,Good,
DLV000751,PO-00751,AMER,SUP052,2024-03-19,718,PrimeLogistics,DOCK-A,INS003,Good,
DLV000752,PO-00752,AMER,SUP036,2024-04-03,925,FastFreight,DOCK-A,INS016,Partial,
DLV000753,PO-00753,AMER,SUP015,2024-03-22,1760,FreightCo,DOCK-D,INS019,Good,
DLV000754,PO-00754,AMER,SUP022,2024-01-27,1348,FreightCo,DOCK-B,INS010,Good,
DLV000755,PO-00755,AMER,SUP015,2024-01-26,701,DirectHaul,DOCK-B,INS001,Good,
DLV000756,PO-00756,AMER,SUP038,2024-02-21,1450,DirectHaul,DOCK-A,INS007,Good,
DLV000757,PO-00757,AMER,SUP028,2024-03-28,899,PrimeLogistics,DOCK-D,INS012,Good,
DLV000758,PO-00758,AMER,SUP019,2024-04-15,1583,OceanLink,DOCK-D,INS015,Good,Correct paperwork
DLV000759,PO-00759,AMER,SUP056,2024-02-11,542,FreightCo,DOCK-A,INS003,Good,
DLV000760,PO-00760,AMER,SUP036,2024-04-05,631,OceanLink,DOCK-C,INS015,Good,
DLV000761,PO-00761,AMER,SUP014,2024-02-24,1055,GlobalShip,DOCK-C,INS001,Good,
DLV000762,PO-00762,AMER,SUP047,2024-02-06,1282,OceanLink,DOCK-B,INS019,Good,
DLV000763,PO-00763,AMER,SUP013,2024-02-12,1737,PrimeLogistics,DOCK-C,INS009,Good,
DLV000764,PO-00764,AMER,SUP037,2024-02-13,1922,FreightCo,DOCK-B,INS014,Good,
DLV000765,PO-00765,AMER,SUP039,2024-04-01,628,PrimeLogistics,DOCK-B,INS019,Good,
DLV000766,PO-00766,AMER,SUP001,2024-02-04,1677,GlobalShip,DOCK-B,INS019,Good,
DLV000767,PO-00767,AMER,SUP054,2024-02-28,1341,FreightCo,DOCK-D,INS014,Good,Correct paperwork
DLV000768,PO-00768,AMER,SUP019,2024-03-21,968,FastFreight,DOCK-A,INS014,Good,
DLV000769,PO-00769,AMER,SUP010,2024-04-29,1223,DirectHaul,DOCK-D,INS003,Good,
DLV000770,PO-00770,AMER,SUP050,2024-02-27,1015,GlobalShip,DOCK-C,INS005,Good,
DLV000771,PO-00771,AMER,SUP011,2024-03-11,1319,FastFreight,DOCK-D,INS013,Good,
DLV000772,PO-00772,AMER,SUP038,2024-02-12,129,GlobalShip,DOCK-A,INS004,Good,
DLV000773,PO-00773,AMER,SUP028,2024-02-24,1894,FastFreight,DOCK-C,INS020,Good,
DLV000774,PO-00774,AMER,SUP021,2024-01-30,1702,OceanLink,DOCK-D,INS007,Good,
DLV000775,PO-00775,AMER,SUP056,2024-03-19,211,OceanLink,DOCK-A,INS003,Good,
DLV000776,PO-00776,AMER,SUP025,2024-03-02,83,FreightCo,DOCK-B,INS003,Damaged,
DLV000777,PO-00777,AMER,SUP042,2024-02-11,1699,GlobalShip,DOCK-A,INS015,Good,
DLV000778,PO-00778,AMER,SUP002,2024-04-17,1544,,DOCK-B,INS013,Good,
DLV000779,PO-00779,AMER,SUP031,2024-02-26,1283,DirectHaul,DOCK-D,INS008,Good,
DLV000780,PO-00780,AMER,SUP008,2024-03-04,96,DirectHaul,DOCK-D,INS004,Good,
DLV000781,PO-00781,AMER,SUP038,2024-04-05,1109,FastFreight,DOCK-C,INS002,Good,
DLV000782,PO-00782,AMER,SUP027,2024-03-10,269,PrimeLogistics,DOCK-A,INS006,Good,
DLV000783,PO-00783,AMER,SUP014,2024-04-19,708,FastFreight,DOCK-B,INS018,Good,
DLV000784,PO-00784,AMER,SUP014,2024-03-09,716,FastFreight,DOCK-C,INS005,Good,
DLV000785,PO-00785,AMER,SUP020,2024-03-04,576,OceanLink,DOCK-C,INS015,Good,
DLV000786,PO-00786,AMER,SUP040,2024-02-23,333,DirectHaul,DOCK-D,INS005,Good,
DLV000787,PO-00787,AMER,SUP020,2024-02-01,954,OceanLink,DOCK-C,INS003,Good,
DLV000788,PO-00788,AMER,SUP008,2024-02-27,1572,FreightCo,DOCK-C,INS010,Good,
DLV000789,PO-00789,AMER,SUP008,2024-03-16,1534,OceanLink,DOCK-B,INS001,Good,
DLV000790,PO-00790,AMER,SUP011,2024-03-19,1819,OceanLink,DOCK-A,INS001,Good,
DLV000791,PO-00791,AMER,SUP040,2024-01-27,1047,FreightCo,DOCK-A,INS007,Good,
DLV000792,PO-00792,AMER,SUP002,2024-03-14,1366,FreightCo,DOCK-B,INS009,Good,
DLV000793,PO-00793,AMER,SUP008,2024-03-16,342,PrimeLogistics,DOCK-A,INS014,Good,
DLV000794,PO-00794,AMER,SUP046,2024-05-02,430,FastFreight,DOCK-A,INS004,Good,Minor packaging damage
DLV000795,PO-00795,AMER,SUP011,2024-02-01,1229,GlobalShip,DOCK-B,INS012,Good,
DLV000796,PO-00796,AMER,SUP028,2024-04-21,1711,OceanLink,DOCK-C,INS019,Good,
DLV000797,PO-00797,AMER,SUP023,2024-04-06,1207,GlobalShip,DOCK-C,INS018,Good,
DLV000798,PO-00798,AMER,SUP006,2024-02-04,805,PrimeLogistics,DOCK-A,INS011,Good,
DLV000799,PO-00799,AMER,SUP012,2024-02-23,206,GlobalShip,DOCK-A,INS009,Good,Partial pallet
DLV000800,PO-00800,AMER,SUP043,2024-04-13,1185,GlobalShip,DOCK-B,INS010,Good,
DLV000801,PO-00801,AMER,SUP009,2024-01-23,1980,,DOCK-D,INS001,Good,
DLV000802,PO-00802,AMER,SUP031,2024-01-31,759,GlobalShip,DOCK-D,INS015,Good,
DLV000803,PO-00803,AMER,SUP016,2024-03-26,121,FreightCo,DOCK-A,INS015,Good,
DLV000804,PO-00804,AMER,SUP026,2024-04-12,1040,DirectHaul,DOCK-D,INS016,Good,
DLV000805,PO-00805,AMER,SUP023,2024-03-18,533,PrimeLogistics,DOCK-C,INS007,Good,
DLV000806,PO-00806,AMER,SUP058,2024-04-02,1251,DirectHaul,DOCK-D,INS013,Good,
DLV000807,PO-00807,AMER,SUP035,2024-04-16,1878,FreightCo,DOCK-C,INS011,Good,
DLV000808,PO-00808,AMER,SUP060,2024-04-04,363,OceanLink,DOCK-D,INS020,Good,
DLV000809,PO-00809,AMER,SUP019,2024-02-05,901,DirectHaul,DOCK-C,INS012,Good,
DLV000810,PO-00810,AMER,SUP046,2024-03-08,1788,GlobalShip,DOCK-B,INS005,Good,
DLV000811,PO-00811,AMER,SUP034,2024-02-22,171,GlobalShip,DOCK-C,INS017,Good,
DLV000812,PO-00812,AMER,SUP060,2024-02-06,1203,GlobalShip,DOCK-C,INS005,Good,
DLV000813,PO-00813,AMER,SUP021,2024-02-20,566,PrimeLogistics,DOCK-A,INS020,Good,
DLV000814,PO-00814,AMER,SUP025,2024-02-17,1466,FreightCo,DOCK-A,INS020,Good,
DLV000815,PO-00815,AMER,SUP009,2024-03-09,1074,FastFreight,DOCK-D,INS009,Good,Minor packaging damage
DLV000816,PO-00816,AMER,SUP046,2024-04-10,487,OceanLink,DOCK-A,INS012,Good,
DLV000817,PO-00817,AMER,SUP042,2024-01-30,1402,FastFreight,DOCK-A,INS002,Good,
DLV000818,PO-00818,AMER,SUP053,2024-02-16,1440,FastFreight,DOCK-A,INS019,Good,
DLV000819,PO-00819,AMER,SUP040,2024-01-15,1378,OceanLink,DOCK-B,INS012,Good,
DLV000820,PO-00820,AMER,SUP055,2024-04-02,620,FastFreight,DOCK-A,INS014,Good,Minor packaging damage
DLV000821,PO-00821,AMER,SUP039,2024-02-20,97,FastFreight,DOCK-D,INS002,Good,
DLV000822,PO-00822,AMER,SUP026,2024-04-03,714,FastFreight,DOCK-C,INS020,Good,
DLV000823,PO-00823,AMER,SUP002,2024-03-02,1146,DirectHaul,DOCK-C,INS011,Damaged,
DLV000824,PO-00824,AMER,SUP013,2024-03-11,1015,PrimeLogistics,DOCK-D,INS012,Good,
DLV000825,PO-00825,AMER,SUP015,2024-03-13,149,FreightCo,DOCK-C,INS006,Good,
DLV000826,PO-00826,AMER,SUP034,2024-01-30,821,FastFreight,DOCK-C,INS014,Good,
DLV000827,PO-00827,AMER,SUP019,2024-03-07,554,DirectHaul,DOCK-A,INS001,Good,
DLV000828,PO-00828,AMER,SUP024,2024-01-21,1329,PrimeLogistics,DOCK-C,INS016,Good,
DLV000829,PO-00829,AMER,SUP014,2024-03-31,883,OceanLink,DOCK-A,INS012,Good,
DLV000830,PO-00830,AMER,SUP044,2024-04-04,557,FastFreight,DOCK-A,INS019,Good,
DLV000831,PO-00831,AMER,SUP024,2024-04-23,1842,DirectHaul,DOCK-A,INS012,Good,
DLV000832,PO-00832,AMER,SUP058,2024-01-29,629,FreightCo,DOCK-C,INS009,Good,
DLV000833,PO-00833,AMER,SUP040,2024-03-19,600,FreightCo,DOCK-D,INS010,Good,
DLV000834,PO-00834,AMER,SUP057,2024-01-15,1427,FastFreight,DOCK-B,INS009,Partial,
DLV000835,PO-00835,AMER,SUP058,2024-03-27,974,PrimeLogistics,DOCK-C,INS020,Good,
DLV000836,PO-00836,AMER,SUP001,2024-02-08,120,PrimeLogistics,DOCK-B,INS014,Partial,
DLV000837,PO-00837,AMER,SUP011,2024-01-27,86,OceanLink,DOCK-C,INS017,Good,Partial pallet
DLV000838,PO-00838,AMER,SUP007,2024-01-10,1323,FastFreight,DOCK-A,INS013,Good,
DLV000839,PO-00839,AMER,SUP032,2024-04-11,1321,FreightCo,DOCK-A,INS011,Good,
DLV000840,PO-00840,AMER,SUP041,2024-02-03,151,,DOCK-C,INS007,Good,
DLV000841,PO-00841,AMER,SUP002,2024-03-07,196,GlobalShip,DOCK-A,INS018,Good,
DLV000842,PO-00842,AMER,SUP053,2024-02-29,1507,OceanLink,DOCK-D,INS006,Damaged,
DLV000843,PO-00843,AMER,SUP015,2024-04-05,1497,,DOCK-C,INS006,Good,
DLV000844,PO-00844,AMER,SUP002,2024-02-05,1114,PrimeLogistics,DOCK-A,INS006,Good,
DLV000845,PO-00845,AMER,SUP053,2024-03-05,1087,OceanLink,DOCK-B,INS009,Good,
DLV000846,PO-00846,AMER,SUP007,2024-02-24,1238,PrimeLogistics,DOCK-C,INS004,Good,
DLV000847,PO-00847,AMER,SUP011,2024-02-20,941,OceanLink,DOCK-D,INS001,Good,
DLV000848,PO-00848,AMER,SUP026,2024-02-29,909,FreightCo,DOCK-A,INS004,Good,
DLV000849,PO-00849,AMER,SUP058,2024-04-02,1798,PrimeLogistics,DOCK-D,INS007,Good,
DLV000850,PO-00850,AMER,SUP051,2024-04-02,693,PrimeLogistics,DOCK-B,INS011,Good,
DLV000851,PO-00851,AMER,SUP058,2024-03-04,1253,PrimeLogistics,DOCK-A,INS013,Good,Minor packaging damage
DLV000852,PO-00852,AMER,SUP059,2024-03-01,1356,OceanLink,DOCK-C,INS013,Good,
DLV000853,PO-00853,AMER,SUP022,2024-02-21,1250,GlobalShip,DOCK-B,INS013,Good,Minor packaging damage
DLV000854,PO-00854,AMER,SUP041,2024-04-15,614,GlobalShip,DOCK-B,INS004,Good,
DLV000855,PO-00855,AMER,SUP056,2024-03-01,1510,PrimeLogistics,DOCK-C,INS019,Good,
DLV000856,PO-00856,AMER,SUP009,2024-01-29,1514,DirectHaul,DOCK-B,INS007,Good,
DLV000857,PO-00857,AMER,SUP059,2024-03-27,1094,FreightCo,DOCK-B,INS017,Good,
DLV000858,PO-00858,AMER,SUP020,2024-03-30,1938,GlobalShip,DOCK-B,INS005,Partial,
DLV000859,PO-00859,AMER,SUP030,2024-04-15,1686,GlobalShip,DOCK-D,INS019,Good,
DLV000860,PO-00860,AMER,SUP035,2024-04-04,480,FastFreight,DOCK-B,INS010,Good,
DLV000861,PO-00861,AMER,SUP032,2024-03-06,775,DirectHaul,DOCK-B,INS011,Good,
DLV000862,PO-00862,AMER,SUP004,2024-03-27,974,GlobalShip,DOCK-D,INS009,Good,
DLV000863,PO-00863,AMER,SUP018,2024-03-28,1884,FreightCo,DOCK-C,INS020,Good,
DLV000864,PO-00864,AMER,SUP037,2024-02-16,1998,FastFreight,DOCK-B,INS013,Partial,
DLV000865,PO-00865,AMER,SUP001,2024-02-22,1506,FastFreight,DOCK-B,INS019,Good,
DLV000866,PO-00866,AMER,SUP026,2024-03-19,1420,DirectHaul,DOCK-A,INS001,Good,
DLV000867,PO-00867,AMER,SUP016,2024-01-24,248,FastFreight,DOCK-D,INS005,Good,
DLV000868,PO-00868,AMER,SUP048,2024-03-12,135,PrimeLogistics,DOCK-C,INS020,Good,
DLV000869,PO-00869,AMER,SUP027,2024-02-18,513,FastFreight,DOCK-B,INS013,Good,
DLV000870,PO-00870,AMER,SUP018,2024-02-24,1711,OceanLink,DOCK-A,INS015,Good,
DLV000871,PO-00871,AMER,SUP026,2024-04-14,1072,FastFreight,DOCK-C,INS016,Good,
DLV000872,PO-00872,AMER,SUP016,2024-02-06,1120,DirectHaul,DOCK-C,INS006,Good,
DLV000873,PO-00873,AMER,SUP022,2024-04-06,1099,FastFreight,DOCK-D,INS001,Good,
DLV000874,PO-00874,AMER,SUP046,2024-04-06,692,DirectHaul,DOCK-D,INS017,Good,
DLV000875,PO-00875,AMER,SUP026,2024-02-27,1487,OceanLink,DOCK-A,INS017,Good,
DLV000876,PO-00876,AMER,SUP033,2024-01-29,191,OceanLink,DOCK-A,INS017,Good,
DLV000877,PO-00877,AMER,SUP008,2024-03-28,1098,FreightCo,DOCK-A,INS016,Good,
DLV000878,PO-00878,AMER,SUP004,2024-02-07,1905,GlobalShip,DOCK-D,INS012,Good,
DLV000879,PO-00879,AMER,SUP004,2024-02-29,1121,DirectHaul,DOCK-B,INS007,Good,Correct paperwork
DLV000880,PO-00880,AMER,SUP007,2024-03-19,726,DirectHaul,DOCK-B,INS018,Good,
DLV000881,PO-00881,AMER,SUP046,2024-04-20,623,FreightCo,DOCK-B,INS007,Good,
DLV000882,PO-00882,AMER,SUP040,2024-04-25,1763,PrimeLogistics,DOCK-C,INS010,Good,
DLV000883,PO-00883,AMER,SUP041,2024-02-05,1370,FreightCo,DOCK-D,INS004,Good,Partial pallet
DLV000884,PO-00884,AMER,SUP055,2024-04-05,358,GlobalShip,DOCK-D,INS018,Good,
DLV000885,PO-00885,AMER,SUP041,2024-03-25,997,OceanLink,DOCK-D,INS003,Good,
DLV000886,PO-00886,AMER,SUP003,2024-04-05,1406,DirectHaul,DOCK-D,INS010,Good,
DLV000887,PO-00887,AMER,SUP009,2024-03-22,1520,PrimeLogistics,DOCK-D,INS010,Good,
DLV000888,PO-00888,AMER,SUP045,2024-01-25,707,GlobalShip,DOCK-B,INS016,Good,
DLV000889,PO-00889,AMER,SUP022,2024-02-25,1516,PrimeLogistics,DOCK-B,INS001,Good,
DLV000890,PO-00890,AMER,SUP014,2024-04-04,653,DirectHaul,DOCK-C,INS012,Good,
DLV000891,PO-00891,AMER,SUP060,2024-03-05,1562,FastFreight,DOCK-D,INS002,Good,
DLV000892,PO-00892,AMER,SUP053,2024-04-12,1868,FastFreight,DOCK-C,INS007,Good,Minor packaging damage
DLV000893,PO-00893,AMER,SUP008,2024-02-24,341,OceanLink,DOCK-C,INS002,Good,
DLV000894,PO-00894,AMER,SUP040,2024-03-12,1094,OceanLink,DOCK-C,INS014,Good,
DLV000895,PO-00895,AMER,SUP031,2024-03-16,665,FastFreight,DOCK-B,INS011,Good,
DLV000896,PO-00896,AMER,SUP031,2024-04-14,1342,DirectHaul,DOCK-A,INS009,Good,
DLV000897,PO-00897,AMER,SUP019,2024-03-28,792,FastFreight,DOCK-C,INS012,Good,
DLV000898,PO-00898,AMER,SUP044,2024-02-24,239,FastFreight,DOCK-A,INS004,Good,Correct paperwork
DLV000899,PO-00899,AMER,SUP032,2024-01-28,1079,GlobalShip,DOCK-B,INS005,Good,
DLV000900,PO-00900,AMER,SUP033,2024-02-14,461,GlobalShip,DOCK-A,INS010,Good,
DLV000901,PO-00901,AMER,SUP023,2024-02-28,1628,GlobalShip,DOCK-D,INS007,Good,
DLV000902,PO-00902,AMER,SUP057,2024-03-13,1550,DirectHaul,DOCK-D,INS005,Good,
DLV000903,PO-00903,AMER,SUP002,2024-03-21,1666,GlobalShip,DOCK-B,INS005,Good,
DLV000904,PO-00904,AMER,SUP034,2024-04-01,1912,FastFreight,DOCK-C,INS011,Good,Minor packaging damage
DLV000905,PO-00905,AMER,SUP041,2024-02-07,1016,DirectHaul,DOCK-A,INS006,Good,
DLV000906,PO-00906,AMER,SUP039,2024-03-23,1028,DirectHaul,DOCK-A,INS016,Good,
DLV000907,PO-00907,AMER,SUP037,2024-01-30,783,OceanLink,DOCK-A,INS019,Good,
DLV000908,PO-00908,AMER,SUP048,2024-02-12,1364,OceanLink,DOCK-A,INS019,Good,
DLV000909,PO-00909,AMER,SUP051,2024-02-03,1955,FreightCo,DOCK-C,INS009,Good,
DLV000910,PO-00910,AMER,SUP002,2024-03-14,1394,FastFreight,DOCK-B,INS002,Good,Correct paperwork
DLV000911,PO-00911,AMER,SUP050,2024-03-27,1115,PrimeLogistics,DOCK-D,INS019,Good,
DLV000912,PO-00912,AMER,SUP039,2024-04-05,269,FastFreight,DOCK-D,INS018,Good,
DLV000913,PO-00913,AMER,SUP032,2024-02-01,1079,FreightCo,DOCK-B,INS005,Good,
DLV000914,PO-00914,AMER,SUP053,2024-03-30,456,DirectHaul,DOCK-A,INS016,Good,
DLV000915,PO-00915,AMER,SUP034,2024-01-11,926,PrimeLogistics,DOCK-A,INS014,Good,
DLV000916,PO-00916,AMER,SUP060,2024-03-22,1130,GlobalShip,DOCK-A,INS014,Good,Partial pallet
DLV000917,PO-00917,AMER,SUP015,2024-01-26,1088,GlobalShip,DOCK-C,INS001,Good,
DLV000918,PO-00918,AMER,SUP009,2024-04-21,682,DirectHaul,DOCK-A,INS014,Good,
DLV000919,PO-00919,AMER,SUP023,2024-02-10,1542,OceanLink,DOCK-A,INS013,Good,
DLV000920,PO-00920,AMER,SUP026,2024-02-29,432,OceanLink,DOCK-D,INS012,Good,
DLV000921,PO-00921,AMER,SUP001,2024-02-05,207,FastFreight,DOCK-B,INS014,Good,
DLV000922,PO-00922,AMER,SUP047,2024-02-05,320,OceanLink,DOCK-B,INS013,Good,
DLV000923,PO-00923,AMER,SUP033,2024-04-03,843,OceanLink,DOCK-C,INS010,Good,
DLV000924,PO-00924,AMER,SUP010,2024-02-14,68,GlobalShip,DOCK-B,INS004,Good,
DLV000925,PO-00925,AMER,SUP041,2024-03-17,1382,OceanLink,DOCK-C,INS020,Good,
DLV000926,PO-00926,AMER,SUP007,2024-02-25,964,OceanLink,DOCK-A,INS003,Good,
DLV000927,PO-00927,AMER,SUP035,2024-04-16,1807,FreightCo,DOCK-A,INS010,Good,
DLV000928,PO-00928,AMER,SUP035,2024-04-04,1138,FastFreight,DOCK-A,INS017,Good,
DLV000929,PO-00929,AMER,SUP047,2024-03-01,223,DirectHaul,DOCK-B,INS011,Good,
DLV000930,PO-00930,AMER,SUP008,2024-03-29,1461,FastFreight,DOCK-B,INS010,Good,
DLV000931,PO-00931,AMER,SUP059,2024-03-29,1051,PrimeLogistics,DOCK-C,INS020,Good,
DLV000932,PO-00932,AMER,SUP010,2024-04-12,1342,DirectHaul,DOCK-B,INS001,Good,
DLV000933,PO-00933,AMER,SUP008,2024-01-28,524,DirectHaul,DOCK-D,INS011,Good,Partial pallet
DLV000934,PO-00934,AMER,SUP014,2024-04-12,1626,FreightCo,DOCK-D,INS004,Good,
DLV000935,PO-00935,AMER,SUP032,2024-01-26,960,DirectHaul,DOCK-C,INS017,Good,Correct paperwork
DLV000936,PO-00936,AMER,SUP026,2024-01-29,342,FreightCo,DOCK-D,INS020,Good,Minor packaging damage
DLV000937,PO-00937,AMER,SUP009,2024-02-21,1245,GlobalShip,DOCK-C,INS011,Good,
DLV000938,PO-00938,AMER,SUP010,2024-03-30,1732,OceanLink,DOCK-B,INS006,Good,
DLV000939,PO-00939,AMER,SUP018,2024-03-26,1085,DirectHaul,DOCK-D,INS006,Good,
DLV000940,PO-00940,AMER,SUP049,2024-01-13,279,FreightCo,DOCK-C,INS009,Good,
DLV000941,PO-00941,AMER,SUP012,2024-02-07,334,OceanLink,DOCK-D,INS003,Damaged,
DLV000942,PO-00942,AMER,SUP030,2024-01-25,266,GlobalShip,DOCK-A,INS011,Good,
DLV000943,PO-00943,AMER,SUP037,2024-03-21,296,FreightCo,DOCK-D,INS012,Good,
DLV000944,PO-00944,AMER,SUP039,2024-02-18,678,OceanLink,DOCK-C,INS008,Good,
DLV000945,PO-00945,AMER,SUP026,2024-02-08,1600,GlobalShip,DOCK-A,INS016,Good,
DLV000946,PO-00946,AMER,SUP006,2024-01-31,990,,DOCK-C,INS004,Good,
DLV000947,PO-00947,AMER,SUP024,2024-04-10,1263,FreightCo,DOCK-C,INS012,Good,
DLV000948,PO-00948,AMER,SUP042,2024-01-11,384,PrimeLogistics,DOCK-C,INS005,Good,
DLV000949,PO-00949,AMER,SUP033,2024-02-24,115,FreightCo,DOCK-C,INS006,Good,
DLV000950,PO-00950,AMER,SUP020,2024-03-11,1480,DirectHaul,DOCK-A,INS009,Good,Partial pallet
DLV000951,PO-00951,AMER,SUP012,2024-02-05,1448,DirectHaul,DOCK-A,INS004,Good,
DLV000952,PO-00952,AMER,SUP047,2024-03-11,1408,FreightCo,DOCK-A,INS003,Good,
DLV000953,PO-00953,AMER,SUP022,2024-03-14,1601,DirectHaul,DOCK-D,INS017,Good,
DLV000954,PO-00954,AMER,SUP001,2024-01-20,585,FastFreight,DOCK-A,INS012,Good,
DLV000955,PO-00955,AMER,SUP054,2024-03-16,1523,DirectHaul,DOCK-D,INS007,Good,
DLV000956,PO-00956,AMER,SUP059,2024-02-29,834,,DOCK-C,INS005,Good,
DLV000957,PO-00957,AMER,SUP043,2024-03-08,1153,OceanLink,DOCK-B,INS016,Good,
DLV000958,PO-00958,AMER,SUP049,2024-02-22,1168,FreightCo,DOCK-C,INS005,Good,
DLV000959,PO-00959,AMER,SUP038,2024-03-30,1472,FreightCo,DOCK-D,INS015,Good,
DLV000960,PO-00960,AMER,SUP003,2024-02-16,226,FreightCo,DOCK-B,INS004,Good,Minor packaging damage
DLV000961,PO-00961,AMER,SUP031,2024-01-22,861,FastFreight,DOCK-D,INS015,Good,
DLV000962,PO-00962,AMER,SUP024,2024-02-06,204,DirectHaul,DOCK-A,INS005,Good,
DLV000963,PO-00963,AMER,SUP023,2024-03-31,1230,FreightCo,DOCK-D,INS020,Damaged,
DLV000964,PO-00964,AMER,SUP012,2024-01-28,1001,GlobalShip,DOCK-B,INS002,Good,
DLV000965,PO-00965,AMER,SUP031,2024-02-09,1225,PrimeLogistics,DOCK-A,INS002,Good,Minor packaging damage
DLV000966,PO-00966,AMER,SUP055,2024-02-14,1854,PrimeLogistics,DOCK-D,INS016,Good,
DLV000967,PO-00967,AMER,SUP026,2024-02-11,1612,FreightCo,DOCK-A,INS005,Good,
DLV000968,PO-00968,AMER,SUP003,2024-03-08,375,PrimeLogistics,DOCK-A,INS005,Good,
DLV000969,PO-00969,AMER,SUP037,2024-01-22,487,GlobalShip,DOCK-B,INS011,Good,
DLV000970,PO-00970,AMER,SUP055,2024-02-01,1112,FreightCo,DOCK-B,INS013,Good,
DLV000971,PO-00971,AMER,SUP054,2024-01-30,793,PrimeLogistics,DOCK-C,INS011,Good,
DLV000972,PO-00972,AMER,SUP005,2024-03-12,345,FreightCo,DOCK-C,INS012,Good,
DLV000973,PO-00973,AMER,SUP036,2024-01-20,1593,FreightCo,DOCK-D,INS019,Good,
DLV000974,PO-00974,AMER,SUP045,2024-03-16,798,,DOCK-A,INS002,Good,Minor packaging damage
DLV000975,PO-00975,AMER,SUP051,2024-02-22,369,FreightCo,DOCK-B,INS017,Good,
DLV000976,PO-00976,AMER,SUP044,2024-04-19,1625,PrimeLogistics,DOCK-C,INS019,Good,
DLV000977,PO-00977,AMER,SUP049,2024-04-11,1834,FastFreight,DOCK-A,INS003,Good,
DLV000978,PO-00978,AMER,SUP032,2024-05-04,1247,OceanLink,DOCK-D,INS004,Good,
DLV000979,PO-00979,AMER,SUP021,2024-01-18,105,FreightCo,DOCK-C,INS007,Good,
DLV000980,PO-00980,AMER,SUP042,2024-03-24,69,PrimeLogistics,DOCK-A,INS005,Good,
DLV000981,PO-00981,AMER,SUP014,2024-04-04,459,OceanLink,DOCK-C,INS006,Good,
DLV000982,PO-00982,AMER,SUP051,2024-02-04,1368,,DOCK-B,INS003,Good,
DLV000983,PO-00983,AMER,SUP031,2024-02-05,964,FastFreight,DOCK-B,INS004,Good,
DLV000984,PO-00984,AMER,SUP010,2024-03-03,1040,OceanLink,DOCK-B,INS004,Good,
DLV000985,PO-00985,AMER,SUP018,2024-04-05,1746,PrimeLogistics,DOCK-C,INS005,Good,
DLV000986,PO-00986,AMER,SUP047,2024-04-02,1239,FastFreight,DOCK-C,INS002,Good,Minor packaging damage
DLV000987,PO-00987,AMER,SUP020,2024-02-24,864,PrimeLogistics,DOCK-D,INS003,Good,Minor packaging damage
DLV000988,PO-00988,AMER,SUP032,2024-03-12,816,PrimeLogistics,DOCK-C,INS018,Good,
DLV000989,PO-00989,AMER,SUP034,2024-02-19,279,FastFreight,DOCK-B,INS014,Good,
DLV000990,PO-00990,AMER,SUP018,2024-01-31,1158,DirectHaul,DOCK-B,INS016,Good,Partial pallet
DLV000991,PO-00991,AMER,SUP043,2024-04-16,275,FastFreight,DOCK-B,INS019,Good,
DLV000992,PO-00992,AMER,SUP017,2024-04-08,326,OceanLink,DOCK-D,INS018,Good,
DLV000993,PO-00993,AMER,SUP020,2024-02-14,373,GlobalShip,DOCK-A,INS015,Good,
DLV000994,PO-00994,AMER,SUP034,2024-03-15,942,OceanLink,DOCK-C,INS010,Good,
DLV000995,PO-00995,AMER,SUP012,2024-01-28,240,OceanLink,DOCK-A,INS004,Good,
DLV000996,PO-00996,AMER,SUP002,2024-02-03,705,PrimeLogistics,DOCK-B,INS008,Good,
DLV000997,PO-00997,AMER,SUP027,2024-04-03,635,DirectHaul,DOCK-D,INS002,Good,
DLV000998,PO-00998,AMER,SUP041,2024-03-23,814,FreightCo,DOCK-A,INS002,Good,
DLV000999,PO-00999,AMER,SUP029,2024-01-13,1583,FreightCo,DOCK-D,INS020,Good,
DLV001000,PO-01000,AMER,SUP036,2024-03-06,1231,DirectHaul,DOCK-D,INS016,Good,
DLV001001,PO-00001,EMEA,SUP030,2024-03-02,1329,GlobalShip,DOCK-B,INS001,Good,
DLV001002,PO-00002,EMEA,SUP042,2024-03-26,1055,FreightCo,DOCK-B,INS006,Good,
DLV001003,PO-00003,EMEA,SUP030,2024-04-09,855,PrimeLogistics,DOCK-A,INS004,Good,
DLV001004,PO-00004,EMEA,SUP031,2024-04-02,209,DirectHaul,DOCK-A,INS010,Good,
DLV001005,PO-00005,EMEA,SUP034,2024-03-14,848,OceanLink,DOCK-C,INS006,Good,
DLV001006,PO-00006,EMEA,SUP025,2024-04-13,157,OceanLink,DOCK-B,INS009,Good,
DLV001007,PO-00007,EMEA,SUP048,2024-03-26,505,PrimeLogistics,DOCK-D,INS013,Good,Partial pallet
DLV001008,PO-00008,EMEA,SUP053,2024-03-01,1574,FreightCo,DOCK-C,INS006,Damaged,
DLV001009,PO-00009,EMEA,SUP002,2024-04-03,493,GlobalShip,DOCK-D,INS001,Good,
DLV001010,PO-00010,EMEA,SUP051,2024-03-12,227,,DOCK-C,INS009,Good,
DLV001011,PO-00011,EMEA,SUP055,2024-03-05,160,OceanLink,DOCK-A,INS014,Good,
DLV001012,PO-00012,EMEA,SUP057,2024-04-14,474,FreightCo,DOCK-D,INS002,Good,
DLV001013,PO-00013,EMEA,SUP011,2024-03-16,445,OceanLink,DOCK-C,INS010,Good,
DLV001014,PO-00014,EMEA,SUP013,2024-03-08,709,DirectHaul,DOCK-C,INS018,Good,
DLV001015,PO-00015,EMEA,SUP021,2024-02-16,319,FastFreight,DOCK-A,INS002,Good,
DLV001016,PO-00016,EMEA,SUP017,2024-01-21,746,FreightCo,DOCK-A,INS013,Good,
DLV001017,PO-00017,EMEA,SUP008,2024-01-19,1927,FreightCo,DOCK-B,INS008,Good,
DLV001018,PO-00018,EMEA,SUP056,2024-03-16,1354,FreightCo,DOCK-D,INS005,Good,
DLV001019,PO-00019,EMEA,SUP044,2024-03-23,1624,FreightCo,DOCK-C,INS018,Partial,
DLV001020,PO-00020,EMEA,SUP010,2024-02-17,301,FastFreight,DOCK-C,INS013,Good,
DLV001021,PO-00021,EMEA,SUP028,2024-01-20,879,FreightCo,DOCK-C,INS011,Good,
DLV001022,PO-00022,EMEA,SUP035,2024-04-17,1535,PrimeLogistics,DOCK-A,INS014,Good,
DLV001023,PO-00023,EMEA,SUP039,2024-04-21,549,DirectHaul,DOCK-A,INS004,Damaged,
DLV001024,PO-00024,EMEA,SUP059,2024-03-13,66,FastFreight,DOCK-C,INS001,Good,
DLV001025,PO-00025,EMEA,SUP029,2024-03-06,1382,GlobalShip,DOCK-C,INS017,Good,
DLV001026,PO-00026,EMEA,SUP016,2024-04-18,1369,DirectHaul,DOCK-A,INS009,Partial,
DLV001027,PO-00027,EMEA,SUP015,2024-04-08,1763,FastFreight,DOCK-D,INS011,Good,
DLV001028,PO-00028,EMEA,SUP017,2024-03-06,748,GlobalShip,DOCK-B,INS020,Good,
DLV001029,PO-00029,EMEA,SUP007,2024-01-30,646,OceanLink,DOCK-C,INS003,Good,
DLV001030,PO-00030,EMEA,SUP060,2024-02-02,1296,OceanLink,DOCK-C,INS020,Good,
DLV001031,PO-00031,EMEA,SUP049,2024-04-04,696,DirectHaul,DOCK-D,INS016,Good,
DLV001032,PO-00032,EMEA,SUP039,2024-03-07,1012,PrimeLogistics,DOCK-D,INS017,Good,
DLV001033,PO-00033,EMEA,SUP053,2024-03-29,1183,GlobalShip,DOCK-B,INS003,Good,
DLV001034,PO-00034,EMEA,SUP048,2024-02-03,138,FreightCo,DOCK-A,INS005,Good,
DLV001035,PO-00035,EMEA,SUP038,2024-04-06,231,FreightCo,DOCK-A,INS018,Good,
DLV001036,PO-00036,EMEA,SUP040,2024-01-28,1060,FreightCo,DOCK-B,INS011,Good,Partial pallet
DLV001037,PO-00037,EMEA,SUP036,2024-02-25,1502,PrimeLogistics,DOCK-C,INS001,Good,
DLV001038,PO-00038,EMEA,SUP009,2024-02-20,1421,GlobalShip,DOCK-A,INS018,Good,
DLV001039,PO-00039,EMEA,SUP012,2024-03-15,1791,GlobalShip,DOCK-D,INS003,Good,
DLV001040,PO-00040,EMEA,SUP041,2024-02-22,126,FastFreight,DOCK-D,INS014,Good,
DLV001041,PO-00041,EMEA,SUP040,2024-04-11,324,DirectHaul,DOCK-C,INS013,Good,
DLV001042,PO-00042,EMEA,SUP057,2024-03-22,1625,PrimeLogistics,DOCK-D,INS001,Damaged,
DLV001043,PO-00043,EMEA,SUP054,2024-02-20,1541,FreightCo,DOCK-A,INS013,Good,
DLV001044,PO-00044,EMEA,SUP044,2024-02-09,1077,GlobalShip,DOCK-C,INS002,Good,Partial pallet
DLV001045,PO-00045,EMEA,SUP028,2024-03-08,1731,OceanLink,DOCK-C,INS001,Good,
DLV001046,PO-00046,EMEA,SUP010,2024-02-29,1119,DirectHaul,DOCK-C,INS013,Good,
DLV001047,PO-00047,EMEA,SUP045,2024-03-28,839,PrimeLogistics,DOCK-B,INS004,Good,
DLV001048,PO-00048,EMEA,SUP026,2024-03-05,188,FreightCo,DOCK-D,INS014,Damaged,
DLV001049,PO-00049,EMEA,SUP046,2024-02-27,177,GlobalShip,DOCK-A,INS004,Good,
DLV001050,PO-00050,EMEA,SUP006,2024-03-03,1069,FreightCo,DOCK-B,INS002,Good,
DLV001051,PO-00051,EMEA,SUP036,2024-03-16,317,DirectHaul,DOCK-D,INS015,Good,Correct paperwork
DLV001052,PO-00052,EMEA,SUP037,2024-01-12,203,FreightCo,DOCK-D,INS001,Good,
DLV001053,PO-00053,EMEA,SUP047,2024-03-19,1191,PrimeLogistics,DOCK-B,INS019,Good,
DLV001054,PO-00054,EMEA,SUP025,2024-01-20,1738,OceanLink,DOCK-C,INS001,Good,
DLV001055,PO-00055,EMEA,SUP020,2024-03-15,1474,PrimeLogistics,DOCK-D,INS016,Good,
DLV001056,PO-00056,EMEA,SUP021,2024-02-17,207,PrimeLogistics,DOCK-A,INS008,Good,
DLV001057,PO-00057,EMEA,SUP024,2024-04-23,154,DirectHaul,DOCK-C,INS015,Good,Correct paperwork
DLV001058,PO-00058,EMEA,SUP038,2024-03-31,562,FreightCo,DOCK-C,INS004,Good,
DLV001059,PO-00059,EMEA,SUP046,2024-03-08,525,FreightCo,DOCK-D,INS016,Good,
DLV001060,PO-00060,EMEA,SUP038,2024-02-09,420,GlobalShip,DOCK-D,INS003,Good,
DLV001061,PO-00061,EMEA,SUP025,2024-02-12,629,OceanLink,DOCK-B,INS009,Good,
DLV001062,PO-00062,EMEA,SUP032,2024-02-28,222,FastFreight,DOCK-D,INS004,Good,
DLV001063,PO-00063,EMEA,SUP021,2024-03-20,235,FreightCo,DOCK-C,INS004,Good,
DLV001064,PO-00064,EMEA,SUP008,2024-02-03,85,DirectHaul,DOCK-A,INS012,Good,Partial pallet
DLV001065,PO-00065,EMEA,SUP035,2024-04-17,720,PrimeLogistics,DOCK-B,INS002,Good,
DLV001066,PO-00066,EMEA,SUP030,2024-04-13,1101,DirectHaul,DOCK-B,INS008,Good,
DLV001067,PO-00067,EMEA,SUP004,2024-04-23,500,FreightCo,DOCK-D,INS003,Good,
DLV001068,PO-00068,EMEA,SUP044,2024-03-29,328,FastFreight,DOCK-B,INS003,Damaged,
DLV001069,PO-00069,EMEA,SUP013,2024-01-25,700,DirectHaul,DOCK-C,INS010,Good,
DLV001070,PO-00070,EMEA,SUP009,2024-02-14,96,DirectHaul,DOCK-D,INS019,Good,
DLV001071,PO-00071,EMEA,SUP014,2024-02-09,1531,PrimeLogistics,DOCK-D,INS008,Good,
DLV001072,PO-00072,EMEA,SUP032,2024-02-16,1373,PrimeLogistics,DOCK-B,INS007,Good,Minor packaging damage
DLV001073,PO-00073,EMEA,SUP027,2024-03-10,295,FastFreight,DOCK-B,INS019,Good,
DLV001074,PO-00074,EMEA,SUP041,2024-03-19,1822,PrimeLogistics,DOCK-C,INS001,Good,
DLV001075,PO-00075,EMEA,SUP057,2024-03-21,1380,FastFreight,DOCK-C,INS003,Good,
DLV001076,PO-00076,EMEA,SUP038,2024-02-04,884,FastFreight,DOCK-A,INS007,Good,
DLV001077,PO-00077,EMEA,SUP056,2024-02-12,1205,FreightCo,DOCK-A,INS007,Good,
DLV001078,PO-00078,EMEA,SUP042,2024-04-15,1602,FastFreight,DOCK-A,INS011,Good,
DLV001079,PO-00079,EMEA,SUP060,2024-04-08,1202,PrimeLogistics,DOCK-C,INS002,Good,
DLV001080,PO-00080,EMEA,SUP045,2024-03-02,1577,OceanLink,DOCK-A,INS018,Good,Partial pallet
DLV001081,PO-00081,EMEA,SUP046,2024-03-16,361,GlobalShip,DOCK-C,INS019,Good,
DLV001082,PO-00082,EMEA,SUP016,2024-03-13,936,DirectHaul,DOCK-C,INS005,Good,
DLV001083,PO-00083,EMEA,SUP035,2024-04-28,584,GlobalShip,DOCK-A,INS007,Good,
DLV001084,PO-00084,EMEA,SUP005,2024-03-22,1506,FreightCo,DOCK-B,INS015,Good,
DLV001085,PO-00085,EMEA,SUP023,2024-03-10,1328,GlobalShip,DOCK-B,INS012,Good,
DLV001086,PO-00086,EMEA,SUP036,2024-04-16,1220,FreightCo,DOCK-B,INS001,Damaged,
DLV001087,PO-00087,EMEA,SUP018,2024-03-11,1975,OceanLink,DOCK-B,INS009,Good,
DLV001088,PO-00088,EMEA,SUP035,2024-04-14,907,DirectHaul,DOCK-C,INS009,Good,
DLV001089,PO-00089,EMEA,SUP036,2024-03-09,1478,GlobalShip,DOCK-C,INS007,Good,Partial pallet
DLV001090,PO-00090,EMEA,SUP034,2024-02-12,1426,DirectHaul,DOCK-A,INS010,Good,
DLV001091,PO-00091,EMEA,SUP059,2024-02-07,134,PrimeLogistics,DOCK-D,INS005,Good,
DLV001092,PO-00092,EMEA,SUP036,2024-03-18,1569,GlobalShip,DOCK-A,INS003,Good,
DLV001093,PO-00093,EMEA,SUP055,2024-01-28,537,GlobalShip,DOCK-C,INS016,Good,
DLV001094,PO-00094,EMEA,SUP052,2024-04-12,976,DirectHaul,DOCK-C,INS019,Good,
DLV001095,PO-00095,EMEA,SUP054,2024-03-26,1441,FreightCo,DOCK-D,INS008,Good,
DLV001096,PO-00096,EMEA,SUP005,2024-01-23,1588,FastFreight,DOCK-A,INS014,Good,
DLV001097,PO-00097,EMEA,SUP023,2024-03-21,1009,FreightCo,DOCK-B,INS006,Good,
DLV001098,PO-00098,EMEA,SUP021,2024-03-17,1625,OceanLink,DOCK-B,INS010,Good,
DLV001099,PO-00099,EMEA,SUP037,2024-03-08,1990,OceanLink,DOCK-C,INS014,Good,
DLV001100,PO-00100,EMEA,SUP010,2024-02-09,1032,FreightCo,DOCK-C,INS016,Good,
DLV001101,PO-00101,EMEA,SUP040,2024-03-28,82,FastFreight,DOCK-D,INS010,Good,
DLV001102,PO-00102,EMEA,SUP023,2024-01-31,666,OceanLink,DOCK-D,INS005,Good,
DLV001103,PO-00103,EMEA,SUP023,2024-02-25,1796,FastFreight,DOCK-A,INS015,Partial,Partial pallet
DLV001104,PO-00104,EMEA,SUP036,2024-03-03,602,OceanLink,DOCK-D,INS008,Good,Partial pallet
DLV001105,PO-00105,EMEA,SUP023,2024-01-16,299,DirectHaul,DOCK-C,INS005,Good,
DLV001106,PO-00106,EMEA,SUP040,2024-04-03,1488,FreightCo,DOCK-A,INS003,Good,
DLV001107,PO-00107,EMEA,SUP014,2024-03-12,817,OceanLink,DOCK-C,INS008,Good,
DLV001108,PO-00108,EMEA,SUP048,2024-04-12,1649,FreightCo,DOCK-C,INS018,Good,
DLV001109,PO-00109,EMEA,SUP011,2024-03-17,1845,FastFreight,DOCK-C,INS012,Good,
DLV001110,PO-00110,EMEA,SUP041,2024-03-19,116,DirectHaul,DOCK-B,INS003,Good,
DLV001111,PO-00111,EMEA,SUP021,2024-02-29,1385,FastFreight,DOCK-D,INS007,Good,
DLV001112,PO-00112,EMEA,SUP039,2024-02-04,1950,,DOCK-C,INS008,Good,
DLV001113,PO-00113,EMEA,SUP041,2024-02-11,161,FreightCo,DOCK-A,INS020,Good,Correct paperwork
DLV001114,PO-00114,EMEA,SUP014,2024-04-17,629,DirectHaul,DOCK-B,INS010,Good,
DLV001115,PO-00115,EMEA,SUP018,2024-01-12,1854,FastFreight,DOCK-B,INS005,Good,Minor packaging damage
DLV001116,PO-00116,EMEA,SUP028,2024-03-15,907,FastFreight,DOCK-B,INS012,Good,
DLV001117,PO-00117,EMEA,SUP009,2024-02-26,890,,DOCK-B,INS015,Good,
DLV001118,PO-00118,EMEA,SUP046,2024-01-26,813,GlobalShip,DOCK-A,INS012,Partial,
DLV001119,PO-00119,EMEA,SUP044,2024-03-17,585,OceanLink,DOCK-B,INS020,Good,
DLV001120,PO-00120,EMEA,SUP049,2024-04-04,292,FastFreight,DOCK-C,INS007,Good,
DLV001121,PO-00121,EMEA,SUP036,2024-04-24,729,DirectHaul,DOCK-B,INS013,Good,
DLV001122,PO-00122,EMEA,SUP044,2024-03-26,1310,OceanLink,DOCK-C,INS016,Good,
DLV001123,PO-00123,EMEA,SUP045,2024-01-10,372,OceanLink,DOCK-B,INS011,Good,
DLV001124,PO-00124,EMEA,SUP056,2024-01-30,1035,FreightCo,DOCK-A,INS015,Good,
DLV001125,PO-00125,EMEA,SUP005,2024-02-26,125,GlobalShip,DOCK-A,INS011,Good,
DLV001126,PO-00126,EMEA,SUP032,2024-02-12,946,OceanLink,DOCK-B,INS013,Good,
DLV001127,PO-00127,EMEA,SUP008,2024-03-05,801,FreightCo,DOCK-D,INS008,Good,
DLV001128,PO-00128,EMEA,SUP001,2024-03-31,994,,DOCK-D,INS010,Good,
DLV001129,PO-00129,EMEA,SUP011,2024-03-01,640,PrimeLogistics,DOCK-C,INS014,Good,
DLV001130,PO-00130,EMEA,SUP049,2024-04-10,1714,FreightCo,DOCK-D,INS015,Partial,
DLV001131,PO-00131,EMEA,SUP013,2024-03-14,914,FreightCo,DOCK-D,INS016,Good,
DLV001132,PO-00132,EMEA,SUP002,2024-02-05,441,OceanLink,DOCK-B,INS012,Good,Partial pallet
DLV001133,PO-00133,EMEA,SUP012,2024-04-23,1195,,DOCK-A,INS014,Good,
DLV001134,PO-00134,EMEA,SUP029,2024-04-03,775,PrimeLogistics,DOCK-B,INS005,Good,
DLV001135,PO-00135,EMEA,SUP028,2024-02-02,1353,DirectHaul,DOCK-D,INS010,Good,
DLV001136,PO-00136,EMEA,SUP033,2024-02-19,991,DirectHaul,DOCK-A,INS007,Good,
DLV001137,PO-00137,EMEA,SUP027,2024-03-08,715,FreightCo,DOCK-B,INS015,Good,
DLV001138,PO-00138,EMEA,SUP033,2024-02-09,412,GlobalShip,DOCK-C,INS001,Good,
DLV001139,PO-00139,EMEA,SUP055,2024-01-20,1269,FastFreight,DOCK-C,INS013,Good,
DLV001140,PO-00140,EMEA,SUP043,2024-04-18,453,GlobalShip,DOCK-D,INS005,Damaged,Minor packaging damage
DLV001141,PO-00141,EMEA,SUP044,2024-03-10,132,DirectHaul,DOCK-D,INS017,Good,
DLV001142,PO-00142,EMEA,SUP048,2024-01-29,1690,DirectHaul,DOCK-A,INS010,Good,
DLV001143,PO-00143,EMEA,SUP050,2024-01-23,1465,OceanLink,DOCK-A,INS012,Good,
DLV001144,PO-00144,EMEA,SUP055,2024-04-21,721,GlobalShip,DOCK-D,INS007,Good,
DLV001145,PO-00145,EMEA,SUP032,2024-03-26,1399,PrimeLogistics,DOCK-B,INS016,Good,
DLV001146,PO-00146,EMEA,SUP024,2024-03-25,1124,GlobalShip,DOCK-D,INS004,Good,
DLV001147,PO-00147,EMEA,SUP053,2024-03-26,100,GlobalShip,DOCK-A,INS019,Good,
DLV001148,PO-00148,EMEA,SUP024,2024-02-16,1948,FreightCo,DOCK-B,INS013,Good,
DLV001149,PO-00149,EMEA,SUP017,2024-02-09,1199,FastFreight,DOCK-B,INS012,Good,
DLV001150,PO-00150,EMEA,SUP024,2024-04-05,1831,PrimeLogistics,DOCK-D,INS009,Good,
DLV001151,PO-00151,EMEA,SUP033,2024-02-22,962,GlobalShip,DOCK-C,INS018,Good,
DLV001152,PO-00152,EMEA,SUP021,2024-01-13,1501,FastFreight,DOCK-C,INS001,Good,
DLV001153,PO-00153,EMEA,SUP058,2024-01-28,1357,FreightCo,DOCK-B,INS003,Good,
DLV001154,PO-00154,EMEA,SUP017,2024-02-11,642,DirectHaul,DOCK-B,INS004,Good,
DLV001155,PO-00155,EMEA,SUP012,2024-03-27,301,FreightCo,DOCK-B,INS014,Good,
DLV001156,PO-00156,EMEA,SUP018,2024-03-26,120,FastFreight,DOCK-A,INS015,Good,
DLV001157,PO-00157,EMEA,SUP005,2024-03-24,1955,DirectHaul,DOCK-C,INS014,Good,
DLV001158,PO-00158,EMEA,SUP057,2024-02-19,453,GlobalShip,DOCK-D,INS003,Good,
DLV001159,PO-00159,EMEA,SUP003,2024-03-30,915,OceanLink,DOCK-B,INS006,Good,
DLV001160,PO-00160,EMEA,SUP052,2024-01-29,1814,OceanLink,DOCK-A,INS018,Damaged,
DLV001161,PO-00161,EMEA,SUP033,2024-03-04,709,OceanLink,DOCK-A,INS012,Good,Minor packaging damage
DLV001162,PO-00162,EMEA,SUP058,2024-02-22,1384,FastFreight,DOCK-D,INS020,Good,
DLV001163,PO-00163,EMEA,SUP006,2024-02-21,339,FreightCo,DOCK-A,INS014,Good,
DLV001164,PO-00164,EMEA,SUP028,2024-04-06,466,FreightCo,DOCK-A,INS014,Good,
DLV001165,PO-00165,EMEA,SUP045,2024-02-07,889,PrimeLogistics,DOCK-D,INS016,Good,
DLV001166,PO-00166,EMEA,SUP050,2024-02-18,1090,DirectHaul,DOCK-D,INS020,Good,
DLV001167,PO-00167,EMEA,SUP006,2024-02-09,946,GlobalShip,DOCK-C,INS001,Good,
DLV001168,PO-00168,EMEA,SUP043,2024-04-16,1293,GlobalShip,DOCK-C,INS008,Good,
DLV001169,PO-00169,EMEA,SUP029,2024-03-16,683,FastFreight,DOCK-A,INS001,Good,
DLV001170,PO-00170,EMEA,SUP058,2024-02-20,529,GlobalShip,DOCK-D,INS005,Good,
DLV001171,PO-00171,EMEA,SUP029,2024-04-02,332,OceanLink,DOCK-D,INS012,Good,
DLV001172,PO-00172,EMEA,SUP013,2024-04-11,59,PrimeLogistics,DOCK-C,INS006,Good,
DLV001173,PO-00173,EMEA,SUP022,2024-03-09,1528,FastFreight,DOCK-D,INS008,Good,
DLV001174,PO-00174,EMEA,SUP026,2024-02-29,694,OceanLink,DOCK-A,INS016,Good,
DLV001175,PO-00175,EMEA,SUP018,2024-04-05,139,PrimeLogistics,DOCK-A,INS017,Good,
DLV001176,PO-00176,EMEA,SUP057,2024-01-13,792,GlobalShip,DOCK-B,INS002,Good,
DLV001177,PO-00177,EMEA,SUP020,2024-02-15,1313,FreightCo,DOCK-B,INS004,Good,
DLV001178,PO-00178,EMEA,SUP012,2024-01-20,764,GlobalShip,DOCK-D,INS007,Good,
DLV001179,PO-00179,EMEA,SUP038,2024-03-31,105,FreightCo,DOCK-C,INS001,Good,
DLV001180,PO-00180,EMEA,SUP043,2024-03-06,1569,FastFreight,DOCK-A,INS006,Good,
DLV001181,PO-00181,EMEA,SUP004,2024-03-26,1066,OceanLink,DOCK-A,INS016,Good,
DLV001182,PO-00182,EMEA,SUP047,2024-02-11,1362,FastFreight,DOCK-B,INS015,Good,Minor packaging damage
DLV001183,PO-00183,EMEA,SUP024,2024-01-28,1367,GlobalShip,DOCK-A,INS011,Good,
DLV001184,PO-00184,EMEA,SUP008,2024-04-07,448,OceanLink,DOCK-A,INS014,Good,
DLV001185,PO-00185,EMEA,SUP034,2024-02-21,1603,PrimeLogistics,DOCK-A,INS017,Good,
DLV001186,PO-00186,EMEA,SUP054,2024-01-15,989,FastFreight,DOCK-B,INS005,Good,
DLV001187,PO-00187,EMEA,SUP018,2024-01-28,986,GlobalShip,DOCK-B,INS006,Good,
DLV001188,PO-00188,EMEA,SUP008,2024-03-27,154,FreightCo,DOCK-C,INS020,Good,
DLV001189,PO-00189,EMEA,SUP055,2024-03-27,840,DirectHaul,DOCK-D,INS019,Good,
DLV001190,PO-00190,EMEA,SUP001,2024-04-06,1690,DirectHaul,DOCK-C,INS015,Good,
DLV001191,PO-00191,EMEA,SUP016,2024-01-14,1371,FastFreight,DOCK-B,INS013,Good,
DLV001192,PO-00192,EMEA,SUP009,2024-03-16,1089,GlobalShip,DOCK-C,INS007,Good,
DLV001193,PO-00193,EMEA,SUP050,2024-03-04,91,FastFreight,DOCK-C,INS018,Good,
DLV001194,PO-00194,EMEA,SUP025,2024-04-17,847,GlobalShip,DOCK-B,INS011,Good,
DLV001195,PO-00195,EMEA,SUP054,2024-04-15,79,FreightCo,DOCK-D,INS017,Good,
DLV001196,PO-00196,EMEA,SUP047,2024-01-22,163,DirectHaul,DOCK-B,INS005,Good,
DLV001197,PO-00197,EMEA,SUP018,2024-02-17,925,FastFreight,DOCK-B,INS017,Good,Minor packaging damage
DLV001198,PO-00198,EMEA,SUP007,2024-03-31,1269,GlobalShip,DOCK-A,INS001,Good,Correct paperwork
DLV001199,PO-00199,EMEA,SUP003,2024-02-03,680,OceanLink,DOCK-D,INS005,Good,
DLV001200,PO-00200,EMEA,SUP007,2024-03-19,1318,GlobalShip,DOCK-B,INS014,Good,
DLV001201,PO-00201,EMEA,SUP002,2024-04-04,1472,DirectHaul,DOCK-B,INS014,Good,
DLV001202,PO-00202,EMEA,SUP004,2024-03-22,635,FreightCo,DOCK-C,INS011,Good,
DLV001203,PO-00203,EMEA,SUP032,2024-03-18,1924,GlobalShip,DOCK-B,INS016,Good,Partial pallet
DLV001204,PO-00204,EMEA,SUP009,2024-03-18,866,FastFreight,DOCK-B,INS010,Good,Correct paperwork
DLV001205,PO-00205,EMEA,SUP009,2024-04-21,1152,OceanLink,DOCK-A,INS003,Good,
DLV001206,PO-00206,EMEA,SUP060,2024-02-20,540,OceanLink,DOCK-D,INS007,Good,
DLV001207,PO-00207,EMEA,SUP016,2024-02-18,1137,FreightCo,DOCK-A,INS017,Good,
DLV001208,PO-00208,EMEA,SUP028,2024-04-18,968,OceanLink,DOCK-B,INS013,Good,
DLV001209,PO-00209,EMEA,SUP023,2024-04-04,753,OceanLink,DOCK-D,INS015,Good,
DLV001210,PO-00210,EMEA,SUP015,2024-02-21,592,FreightCo,DOCK-A,INS005,Good,
DLV001211,PO-00211,EMEA,SUP010,2024-04-10,126,DirectHaul,DOCK-C,INS008,Good,
DLV001212,PO-00212,EMEA,SUP011,2024-03-09,1144,FastFreight,DOCK-B,INS010,Good,
DLV001213,PO-00213,EMEA,SUP026,2024-03-24,495,,DOCK-C,INS007,Good,
DLV001214,PO-00214,EMEA,SUP047,2024-01-28,814,FastFreight,DOCK-B,INS009,Good,Correct paperwork
DLV001215,PO-00215,EMEA,SUP052,2024-04-21,1785,OceanLink,DOCK-A,INS017,Good,
DLV001216,PO-00216,EMEA,SUP040,2024-02-19,1609,OceanLink,DOCK-C,INS017,Good,
DLV001217,PO-00217,EMEA,SUP045,2024-02-11,52,FastFreight,DOCK-C,INS004,Good,
DLV001218,PO-00218,EMEA,SUP049,2024-02-26,1155,OceanLink,DOCK-B,INS017,Good,
DLV001219,PO-00219,EMEA,SUP018,2024-02-28,1127,OceanLink,DOCK-D,INS008,Good,
DLV001220,PO-00220,EMEA,SUP026,2024-02-19,126,FastFreight,DOCK-C,INS004,Good,
DLV001221,PO-00221,EMEA,SUP022,2024-01-27,1262,DirectHaul,DOCK-B,INS019,Good,
DLV001222,PO-00222,EMEA,SUP044,2024-02-17,280,,DOCK-C,INS002,Good,
DLV001223,PO-00223,EMEA,SUP006,2024-04-02,1313,OceanLink,DOCK-D,INS015,Damaged,
DLV001224,PO-00224,EMEA,SUP013,2024-03-10,1070,OceanLink,DOCK-D,INS005,Good,
DLV001225,PO-00225,EMEA,SUP023,2024-02-14,1687,DirectHaul,DOCK-D,INS009,Good,
DLV001226,PO-00226,EMEA,SUP043,2024-03-29,90,DirectHaul,DOCK-B,INS017,Good,
DLV001227,PO-00227,EMEA,SUP015,2024-02-13,1610,GlobalShip,DOCK-D,INS018,Good,
DLV001228,PO-00228,EMEA,SUP022,2024-03-03,1238,DirectHaul,DOCK-B,INS015,Good,Minor packaging damage
DLV001229,PO-00229,EMEA,SUP057,2024-03-12,1742,PrimeLogistics,DOCK-D,INS012,Good,
DLV001230,PO-00230,EMEA,SUP034,2024-03-20,1065,OceanLink,DOCK-C,INS006,Good,Partial pallet
DLV001231,PO-00231,EMEA,SUP039,2024-03-21,1077,PrimeLogistics,DOCK-A,INS019,Good,
DLV001232,PO-00232,EMEA,SUP048,2024-02-21,785,FastFreight,DOCK-D,INS008,Damaged,
DLV001233,PO-00233,EMEA,SUP006,2024-01-29,850,PrimeLogistics,DOCK-D,INS019,Good,
DLV001234,PO-00234,EMEA,SUP045,2024-02-10,651,PrimeLogistics,DOCK-A,INS004,Good,
DLV001235,PO-00235,EMEA,SUP007,2024-02-13,48,,DOCK-D,INS014,Good,
DLV001236,PO-00236,EMEA,SUP033,2024-02-06,1331,FreightCo,DOCK-A,INS016,Good,
DLV001237,PO-00237,EMEA,SUP012,2024-02-28,579,DirectHaul,DOCK-B,INS016,Good,
DLV001238,PO-00238,EMEA,SUP008,2024-03-29,1797,GlobalShip,DOCK-C,INS008,Good,
DLV001239,PO-00239,EMEA,SUP036,2024-03-06,1243,FreightCo,DOCK-C,INS001,Good,
DLV001240,PO-00240,EMEA,SUP033,2024-01-25,1877,OceanLink,DOCK-D,INS010,Good,
DLV001241,PO-00241,EMEA,SUP017,2024-04-01,886,FastFreight,DOCK-B,INS001,Good,
DLV001242,PO-00242,EMEA,SUP018,2024-03-31,723,OceanLink,DOCK-B,INS016,Good,
DLV001243,PO-00243,EMEA,SUP007,2024-03-16,1416,GlobalShip,DOCK-C,INS018,Good,Partial pallet
DLV001244,PO-00244,EMEA,SUP058,2024-03-22,1686,DirectHaul,DOCK-C,INS019,Good,
DLV001245,PO-00245,EMEA,SUP058,2024-03-15,717,DirectHaul,DOCK-B,INS006,Good,
DLV001246,PO-00246,EMEA,SUP060,2024-04-12,341,FreightCo,DOCK-B,INS002,Good,
DLV001247,PO-00247,EMEA,SUP054,2024-04-13,1086,OceanLink,DOCK-A,INS011,Good,
DLV001248,PO-00248,EMEA,SUP049,2024-03-03,1833,FastFreight,DOCK-B,INS001,Good,
DLV001249,PO-00249,EMEA,SUP001,2024-02-09,437,GlobalShip,DOCK-B,INS011,Good,
DLV001250,PO-00250,EMEA,SUP038,2024-03-06,152,GlobalShip,DOCK-C,INS019,Good,
DLV001251,PO-00251,EMEA,SUP011,2024-02-16,1273,,DOCK-A,INS007,Good,
DLV001252,PO-00252,EMEA,SUP056,2024-03-10,65,FastFreight,DOCK-A,INS010,Good,
DLV001253,PO-00253,EMEA,SUP054,2024-04-05,114,OceanLink,DOCK-A,INS010,Good,
DLV001254,PO-00254,EMEA,SUP007,2024-03-18,639,FreightCo,DOCK-D,INS005,Good,
DLV001255,PO-00255,EMEA,SUP010,2024-02-07,329,DirectHaul,DOCK-D,INS010,Good,
DLV001256,PO-00256,EMEA,SUP039,2024-03-29,448,DirectHaul,DOCK-D,INS010,Partial,
DLV001257,PO-00257,EMEA,SUP051,2024-01-27,1029,GlobalShip,DOCK-A,INS014,Good,
DLV001258,PO-00258,EMEA,SUP056,2024-02-28,728,FreightCo,DOCK-D,INS018,Good,
DLV001259,PO-00259,EMEA,SUP040,2024-02-19,959,PrimeLogistics,DOCK-C,INS008,Partial,
DLV001260,PO-00260,EMEA,SUP004,2024-04-13,246,GlobalShip,DOCK-A,INS007,Good,
DLV001261,PO-00261,EMEA,SUP034,2024-03-10,111,OceanLink,DOCK-D,INS020,Good,
DLV001262,PO-00262,EMEA,SUP033,2024-01-26,456,FastFreight,DOCK-D,INS010,Good,
DLV001263,PO-00263,EMEA,SUP041,2024-03-02,246,DirectHaul,DOCK-A,INS004,Good,
DLV001264,PO-00264,EMEA,SUP020,2024-02-01,1062,,DOCK-B,INS010,Good,
DLV001265,PO-00265,EMEA,SUP015,2024-02-11,1609,,DOCK-B,INS018,Good,
DLV001266,PO-00266,EMEA,SUP036,2024-03-13,1269,FastFreight,DOCK-C,INS008,Good,
DLV001267,PO-00267,EMEA,SUP026,2024-02-19,130,PrimeLogistics,DOCK-C,INS018,Good,
DLV001268,PO-00268,EMEA,SUP051,2024-04-02,1732,FreightCo,DOCK-A,INS009,Good,
DLV001269,PO-00269,EMEA,SUP033,2024-02-12,936,GlobalShip,DOCK-D,INS009,Good,Partial pallet
DLV001270,PO-00270,EMEA,SUP057,2024-04-02,63,GlobalShip,DOCK-C,INS002,Good,
DLV001271,PO-00271,EMEA,SUP039,2024-02-13,307,PrimeLogistics,DOCK-C,INS006,Good,
DLV001272,PO-00272,EMEA,SUP008,2024-03-13,836,DirectHaul,DOCK-D,INS013,Good,
DLV001273,PO-00273,EMEA,SUP014,2024-05-10,754,GlobalShip,DOCK-A,INS017,Good,
DLV001274,PO-00274,EMEA,SUP059,2024-03-01,1274,FreightCo,DOCK-A,INS007,Good,Correct paperwork
DLV001275,PO-00275,EMEA,SUP008,2024-03-21,1018,GlobalShip,DOCK-B,INS008,Good,
DLV001276,PO-00276,EMEA,SUP021,2024-01-22,1339,FastFreight,DOCK-D,INS004,Good,
DLV001277,PO-00277,EMEA,SUP005,2024-04-17,1628,DirectHaul,DOCK-C,INS017,Partial,
DLV001278,PO-00278,EMEA,SUP045,2024-04-09,102,PrimeLogistics,DOCK-D,INS020,Good,
DLV001279,PO-00279,EMEA,SUP037,2024-01-22,651,FreightCo,DOCK-C,INS017,Good,
DLV001280,PO-00280,EMEA,SUP008,2024-02-22,1475,GlobalShip,DOCK-A,INS007,Good,
DLV001281,PO-00281,EMEA,SUP023,2024-02-16,1904,OceanLink,DOCK-A,INS013,Good,
DLV001282,PO-00282,EMEA,SUP026,2024-02-03,1404,OceanLink,DOCK-C,INS010,Good,
DLV001283,PO-00283,EMEA,SUP049,2024-02-16,388,GlobalShip,DOCK-D,INS011,Good,
DLV001284,PO-00284,EMEA,SUP047,2024-02-25,610,FastFreight,DOCK-B,INS018,Good,
DLV001285,PO-00285,EMEA,SUP037,2024-02-17,1201,FreightCo,DOCK-A,INS010,Good,
DLV001286,PO-00286,EMEA,SUP031,2024-02-09,429,OceanLink,DOCK-B,INS012,Good,
DLV001287,PO-00287,EMEA,SUP053,2024-04-03,1288,FastFreight,DOCK-D,INS001,Good,
DLV001288,PO-00288,EMEA,SUP014,2024-02-08,598,FastFreight,DOCK-B,INS016,Good,
DLV001289,PO-00289,EMEA,SUP013,2024-03-28,309,OceanLink,DOCK-A,INS004,Good,
DLV001290,PO-00290,EMEA,SUP005,2024-03-11,1724,DirectHaul,DOCK-B,INS014,Good,
DLV001291,PO-00291,EMEA,SUP016,2024-03-17,1901,OceanLink,DOCK-B,INS003,Good,
DLV001292,PO-00292,EMEA,SUP023,2024-01-31,1157,GlobalShip,DOCK-A,INS016,Good,
DLV001293,PO-00293,EMEA,SUP007,2024-03-17,1170,GlobalShip,DOCK-A,INS009,Good,
DLV001294,PO-00294,EMEA,SUP027,2024-03-05,1663,,DOCK-B,INS008,Good,
DLV001295,PO-00295,EMEA,SUP019,2024-04-23,1802,OceanLink,DOCK-B,INS002,Good,
DLV001296,PO-00296,EMEA,SUP026,2024-02-21,306,OceanLink,DOCK-D,INS018,Good,
DLV001297,PO-00297,EMEA,SUP052,2024-03-20,357,DirectHaul,DOCK-C,INS012,Good,
DLV001298,PO-00298,EMEA,SUP020,2024-03-28,243,PrimeLogistics,DOCK-C,INS011,Good,
DLV001299,PO-00299,EMEA,SUP057,2024-01-19,819,FreightCo,DOCK-A,INS003,Good,
DLV001300,PO-00300,EMEA,SUP054,2024-02-27,65,FastFreight,DOCK-A,INS011,Good,
DLV001301,PO-00301,EMEA,SUP004,2024-03-15,97,GlobalShip,DOCK-B,INS014,Good,
DLV001302,PO-00302,EMEA,SUP010,2024-02-25,1557,OceanLink,DOCK-A,INS009,Good,
DLV001303,PO-00303,EMEA,SUP044,2024-01-28,1062,DirectHaul,DOCK-C,INS016,Good,Minor packaging damage
DLV001304,PO-00304,EMEA,SUP046,2024-02-20,69,OceanLink,DOCK-C,INS005,Good,
DLV001305,PO-00305,EMEA,SUP040,2024-02-02,1046,DirectHaul,DOCK-B,INS020,Good,
DLV001306,PO-00306,EMEA,SUP030,2024-02-13,699,PrimeLogistics,DOCK-D,INS009,Good,Minor packaging damage
DLV001307,PO-00307,EMEA,SUP026,2024-04-09,1596,DirectHaul,DOCK-A,INS017,Good,
DLV001308,PO-00308,EMEA,SUP024,2024-02-15,254,PrimeLogistics,DOCK-C,INS016,Good,
DLV001309,PO-00309,EMEA,SUP021,2024-01-24,1366,DirectHaul,DOCK-C,INS017,Good,
DLV001310,PO-00310,EMEA,SUP042,2024-04-09,1612,GlobalShip,DOCK-B,INS003,Good,
DLV001311,PO-00311,EMEA,SUP043,2024-02-24,332,PrimeLogistics,DOCK-B,INS018,Good,
DLV001312,PO-00312,EMEA,SUP042,2024-02-26,828,DirectHaul,DOCK-B,INS002,Good,
DLV001313,PO-00313,EMEA,SUP002,2024-04-10,354,OceanLink,DOCK-C,INS016,Partial,
DLV001314,PO-00314,EMEA,SUP019,2024-03-14,1533,DirectHaul,DOCK-C,INS005,Good,
DLV001315,PO-00315,EMEA,SUP053,2024-03-06,1338,FastFreight,DOCK-B,INS018,Good,
DLV001316,PO-00316,EMEA,SUP012,2024-03-08,210,FastFreight,DOCK-D,INS019,Good,
DLV001317,PO-00317,EMEA,SUP050,2024-03-05,774,DirectHaul,DOCK-C,INS015,Good,Minor packaging damage
DLV001318,PO-00318,EMEA,SUP041,2024-03-19,1698,GlobalShip,DOCK-B,INS020,Good,
DLV001319,PO-00319,EMEA,SUP002,2024-02-23,70,DirectHaul,DOCK-D,INS012,Good,
DLV001320,PO-00320,EMEA,SUP032,2024-04-06,1178,OceanLink,DOCK-C,INS009,Good,
DLV001321,PO-00321,EMEA,SUP011,2024-02-05,1431,OceanLink,DOCK-B,INS017,Good,Minor packaging damage
DLV001322,PO-00322,EMEA,SUP008,2024-02-28,610,PrimeLogistics,DOCK-A,INS017,Good,
DLV001323,PO-00323,EMEA,SUP013,2024-02-02,1651,FreightCo,DOCK-A,INS015,Good,
DLV001324,PO-00324,EMEA,SUP025,2024-03-06,729,FastFreight,DOCK-D,INS017,Good,
DLV001325,PO-00325,EMEA,SUP011,2024-03-10,689,,DOCK-C,INS007,Good,
DLV001326,PO-00326,EMEA,SUP041,2024-02-29,248,FreightCo,DOCK-D,INS011,Good,
DLV001327,PO-00327,EMEA,SUP033,2024-03-22,1433,DirectHaul,DOCK-D,INS008,Good,
DLV001328,PO-00328,EMEA,SUP036,2024-03-31,1053,PrimeLogistics,DOCK-D,INS010,Good,Partial pallet
DLV001329,PO-00329,EMEA,SUP053,2024-04-07,1359,OceanLink,DOCK-D,INS005,Damaged,
DLV001330,PO-00330,EMEA,SUP006,2024-02-29,564,FastFreight,DOCK-B,INS013,Good,
DLV001331,PO-00331,EMEA,SUP017,2024-03-28,80,FreightCo,DOCK-C,INS001,Good,
DLV001332,PO-00332,EMEA,SUP048,2024-04-15,1016,PrimeLogistics,DOCK-D,INS001,Good,
DLV001333,PO-00333,EMEA,SUP053,2024-03-22,836,FreightCo,DOCK-B,INS003,Good,
DLV001334,PO-00334,EMEA,SUP057,2024-03-25,393,FreightCo,DOCK-B,INS011,Good,
DLV001335,PO-00335,EMEA,SUP052,2024-03-07,1406,DirectHaul,DOCK-C,INS015,Good,
DLV001336,PO-00336,EMEA,SUP057,2024-04-08,1178,GlobalShip,DOCK-C,INS003,Good,
DLV001337,PO-00337,EMEA,SUP058,2024-04-12,584,DirectHaul,DOCK-D,INS004,Good,
DLV001338,PO-00338,EMEA,SUP040,2024-03-17,724,PrimeLogistics,DOCK-A,INS011,Damaged,
DLV001339,PO-00339,EMEA,SUP032,2024-03-07,1318,PrimeLogistics,DOCK-D,INS017,Good,
DLV001340,PO-00340,EMEA,SUP017,2024-03-19,738,,DOCK-D,INS008,Partial,
DLV001341,PO-00341,EMEA,SUP002,2024-02-18,1649,PrimeLogistics,DOCK-C,INS007,Good,
DLV001342,PO-00342,EMEA,SUP057,2024-03-09,1539,FastFreight,DOCK-A,INS014,Good,
DLV001343,PO-00343,EMEA,SUP025,2024-03-28,51,FreightCo,DOCK-B,INS008,Good,
DLV001344,PO-00344,EMEA,SUP034,2024-02-22,653,OceanLink,DOCK-C,INS001,Good,
DLV001345,PO-00345,EMEA,SUP041,2024-03-24,629,DirectHaul,DOCK-A,INS009,Good,
DLV001346,PO-00346,EMEA,SUP018,2024-02-03,527,OceanLink,DOCK-D,INS001,Good,
DLV001347,PO-00347,EMEA,SUP056,2024-04-18,442,DirectHaul,DOCK-D,INS015,Good,
DLV001348,PO-00348,EMEA,SUP059,2024-02-11,951,OceanLink,DOCK-B,INS007,Good,
DLV001349,PO-00349,EMEA,SUP045,2024-04-10,1329,OceanLink,DOCK-B,INS002,Good,
DLV001350,PO-00350,EMEA,SUP045,2024-01-15,1153,FastFreight,DOCK-B,INS020,Good,
DLV001351,PO-00351,EMEA,SUP011,2024-04-02,1131,DirectHaul,DOCK-B,INS016,Good,
DLV001352,PO-00352,EMEA,SUP045,2024-04-22,1734,GlobalShip,DOCK-C,INS002,Good,
DLV001353,PO-00353,EMEA,SUP048,2024-03-09,1038,FreightCo,DOCK-C,INS006,Partial,
DLV001354,PO-00354,EMEA,SUP018,2024-01-27,1697,FreightCo,DOCK-C,INS012,Good,
DLV001355,PO-00355,EMEA,SUP025,2024-02-10,883,GlobalShip,DOCK-C,INS006,Good,
DLV001356,PO-00356,EMEA,SUP038,2024-02-25,1407,PrimeLogistics,DOCK-A,INS013,Good,Partial pallet
DLV001357,PO-00357,EMEA,SUP002,2024-02-28,1257,FastFreight,DOCK-C,INS008,Good,Correct paperwork
DLV001358,PO-00358,EMEA,SUP033,2024-02-07,596,GlobalShip,DOCK-B,INS007,Good,
DLV001359,PO-00359,EMEA,SUP030,2024-02-21,1942,FreightCo,DOCK-A,INS007,Good,
DLV001360,PO-00360,EMEA,SUP005,2024-01-13,595,GlobalShip,DOCK-C,INS009,Good,
DLV001361,PO-00361,EMEA,SUP033,2024-03-23,1488,FastFreight,DOCK-D,INS004,Good,
DLV001362,PO-00362,EMEA,SUP014,2024-04-25,116,FreightCo,DOCK-C,INS010,Good,
DLV001363,PO-00363,EMEA,SUP039,2024-02-05,1636,PrimeLogistics,DOCK-C,INS014,Good,
DLV001364,PO-00364,EMEA,SUP011,2024-03-26,1683,PrimeLogistics,DOCK-B,INS004,Good,
DLV001365,PO-00365,EMEA,SUP021,2024-03-15,1404,GlobalShip,DOCK-D,INS002,Good,
DLV001366,PO-00366,EMEA,SUP031,2024-04-05,711,GlobalShip,DOCK-D,INS019,Good,
DLV001367,PO-00367,EMEA,SUP016,2024-03-17,1490,PrimeLogistics,DOCK-A,INS015,Damaged,Partial pallet
DLV001368,PO-00368,EMEA,SUP004,2024-01-14,404,DirectHaul,DOCK-A,INS018,Good,
DLV001369,PO-00369,EMEA,SUP028,2024-02-19,76,OceanLink,DOCK-B,INS008,Good,
DLV001370,PO-00370,EMEA,SUP021,2024-04-07,617,DirectHaul,DOCK-A,INS012,Good,Partial pallet
DLV001371,PO-00371,EMEA,SUP017,2024-03-04,796,PrimeLogistics,DOCK-C,INS019,Good,
DLV001372,PO-00372,EMEA,SUP028,2024-04-11,943,DirectHaul,DOCK-A,INS006,Good,
DLV001373,PO-00373,EMEA,SUP060,2024-04-09,818,DirectHaul,DOCK-D,INS007,Good,
DLV001374,PO-00374,EMEA,SUP047,2024-03-29,1348,OceanLink,DOCK-C,INS009,Damaged,
DLV001375,PO-00375,EMEA,SUP015,2024-03-12,1403,DirectHaul,DOCK-D,INS020,Good,
DLV001376,PO-00376,EMEA,SUP031,2024-02-16,1129,GlobalShip,DOCK-D,INS008,Good,
DLV001377,PO-00377,EMEA,SUP009,2024-01-27,837,,DOCK-A,INS010,Partial,
DLV001378,PO-00378,EMEA,SUP013,2024-01-28,1212,,DOCK-B,INS010,Good,
DLV001379,PO-00379,EMEA,SUP003,2024-02-25,371,,DOCK-C,INS010,Good,
DLV001380,PO-00380,EMEA,SUP001,2024-01-25,1325,FastFreight,DOCK-A,INS011,Good,
DLV001381,PO-00381,EMEA,SUP049,2024-01-19,548,OceanLink,DOCK-A,INS008,Good,
DLV001382,PO-00382,EMEA,SUP060,2024-04-02,1194,GlobalShip,DOCK-B,INS013,Good,
DLV001383,PO-00383,EMEA,SUP023,2024-02-25,1352,FastFreight,DOCK-A,INS003,Good,
DLV001384,PO-00384,EMEA,SUP048,2024-01-28,1499,FastFreight,DOCK-B,INS010,Good,
DLV001385,PO-00385,EMEA,SUP035,2024-03-28,1364,PrimeLogistics,DOCK-D,INS003,Good,
DLV001386,PO-00386,EMEA,SUP044,2024-04-06,812,OceanLink,DOCK-D,INS018,Good,
DLV001387,PO-00387,EMEA,SUP017,2024-03-25,987,DirectHaul,DOCK-C,INS009,Good,
DLV001388,PO-00388,EMEA,SUP017,2024-02-12,345,PrimeLogistics,DOCK-B,INS002,Good,
DLV001389,PO-00389,EMEA,SUP034,2024-02-16,1233,,DOCK-A,INS011,Good,
DLV001390,PO-00390,EMEA,SUP041,2024-04-07,158,FreightCo,DOCK-C,INS007,Good,
DLV001391,PO-00391,EMEA,SUP036,2024-03-26,725,FastFreight,DOCK-A,INS003,Good,Minor packaging damage
DLV001392,PO-00392,EMEA,SUP037,2024-02-04,183,GlobalShip,DOCK-A,INS004,Good,
DLV001393,PO-00393,EMEA,SUP020,2024-03-27,1142,OceanLink,DOCK-B,INS005,Good,
DLV001394,PO-00394,EMEA,SUP009,2024-03-06,562,DirectHaul,DOCK-B,INS002,Good,
DLV001395,PO-00395,EMEA,SUP047,2024-02-11,410,OceanLink,DOCK-A,INS012,Good,
DLV001396,PO-00396,EMEA,SUP050,2024-04-22,702,OceanLink,DOCK-B,INS015,Good,
DLV001397,PO-00397,EMEA,SUP052,2024-04-15,978,FastFreight,DOCK-D,INS012,Good,
DLV001398,PO-00398,EMEA,SUP039,2024-04-12,1300,FastFreight,DOCK-B,INS014,Good,
DLV001399,PO-00399,EMEA,SUP011,2024-04-19,1248,OceanLink,DOCK-C,INS014,Good,
DLV001400,PO-00400,EMEA,SUP024,2024-03-15,656,GlobalShip,DOCK-C,INS002,Good,
DLV001401,PO-00401,EMEA,SUP011,2024-03-21,735,PrimeLogistics,DOCK-C,INS013,Good,Partial pallet
DLV001402,PO-00402,EMEA,SUP049,2024-03-16,446,PrimeLogistics,DOCK-A,INS004,Good,
DLV001403,PO-00403,EMEA,SUP009,2024-04-06,1336,FastFreight,DOCK-B,INS005,Good,
DLV001404,PO-00404,EMEA,SUP016,2024-02-16,608,PrimeLogistics,DOCK-B,INS002,Good,
DLV001405,PO-00405,EMEA,SUP005,2024-02-11,884,FastFreight,DOCK-D,INS005,Good,
DLV001406,PO-00406,EMEA,SUP033,2024-03-02,352,OceanLink,DOCK-C,INS009,Good,
DLV001407,PO-00407,EMEA,SUP053,2024-04-07,146,PrimeLogistics,DOCK-D,INS010,Good,Partial pallet
DLV001408,PO-00408,EMEA,SUP039,2024-03-09,263,PrimeLogistics,DOCK-A,INS019,Good,
DLV001409,PO-00409,EMEA,SUP047,2024-02-06,1109,OceanLink,DOCK-B,INS006,Good,
DLV001410,PO-00410,EMEA,SUP024,2024-03-16,948,DirectHaul,DOCK-D,INS001,Good,
DLV001411,PO-00411,EMEA,SUP012,2024-02-04,772,GlobalShip,DOCK-D,INS003,Good,
DLV001412,PO-00412,EMEA,SUP025,2024-02-24,180,OceanLink,DOCK-A,INS010,Good,
DLV001413,PO-00413,EMEA,SUP038,2024-01-31,1395,FastFreight,DOCK-B,INS011,Good,
DLV001414,PO-00414,EMEA,SUP053,2024-02-03,1588,DirectHaul,DOCK-D,INS020,Good,
DLV001415,PO-00415,EMEA,SUP027,2024-03-29,1194,,DOCK-D,INS007,Good,
DLV001416,PO-00416,EMEA,SUP037,2024-04-22,1705,PrimeLogistics,DOCK-C,INS002,Good,
DLV001417,PO-00417,EMEA,SUP014,2024-05-05,1674,PrimeLogistics,DOCK-B,INS011,Good,
DLV001418,PO-00418,EMEA,SUP005,2024-04-06,544,PrimeLogistics,DOCK-D,INS012,Good,
DLV001419,PO-00419,EMEA,SUP027,2024-03-19,901,DirectHaul,DOCK-D,INS017,Good,Partial pallet
DLV001420,PO-00420,EMEA,SUP029,2024-03-09,1478,DirectHaul,DOCK-B,INS004,Good,
DLV001421,PO-00421,EMEA,SUP015,2024-03-17,1952,PrimeLogistics,DOCK-A,INS015,Good,
DLV001422,PO-00422,EMEA,SUP031,2024-03-27,781,GlobalShip,DOCK-D,INS008,Good,
DLV001423,PO-00423,EMEA,SUP050,2024-03-14,1529,DirectHaul,DOCK-C,INS016,Good,
DLV001424,PO-00424,EMEA,SUP044,2024-01-31,622,FreightCo,DOCK-B,INS019,Good,Minor packaging damage
DLV001425,PO-00425,EMEA,SUP036,2024-03-11,1790,OceanLink,DOCK-D,INS017,Good,
DLV001426,PO-00426,EMEA,SUP053,2024-04-09,1658,PrimeLogistics,DOCK-B,INS006,Good,
DLV001427,PO-00427,EMEA,SUP051,2024-02-21,632,FastFreight,DOCK-B,INS017,Good,
DLV001428,PO-00428,EMEA,SUP030,2024-03-04,989,FreightCo,DOCK-D,INS017,Good,
DLV001429,PO-00429,EMEA,SUP042,2024-03-30,1158,OceanLink,DOCK-D,INS010,Good,
DLV001430,PO-00430,EMEA,SUP059,2024-03-14,346,OceanLink,DOCK-A,INS003,Good,
DLV001431,PO-00431,EMEA,SUP019,2024-02-27,532,FastFreight,DOCK-D,INS019,Good,
DLV001432,PO-00432,EMEA,SUP046,2024-02-24,107,OceanLink,DOCK-A,INS020,Good,
DLV001433,PO-00433,EMEA,SUP024,2024-01-23,234,DirectHaul,DOCK-B,INS009,Good,
DLV001434,PO-00434,EMEA,SUP022,2024-02-20,568,OceanLink,DOCK-A,INS019,Good,
DLV001435,PO-00435,EMEA,SUP019,2024-01-19,57,OceanLink,DOCK-C,INS015,Good,
DLV001436,PO-00436,EMEA,SUP006,2024-02-25,711,PrimeLogistics,DOCK-A,INS001,Good,
DLV001437,PO-00437,EMEA,SUP039,2024-03-27,445,OceanLink,DOCK-D,INS004,Good,
DLV001438,PO-00438,EMEA,SUP029,2024-04-01,348,DirectHaul,DOCK-C,INS019,Good,
DLV001439,PO-00439,EMEA,SUP041,2024-03-15,298,PrimeLogistics,DOCK-C,INS020,Good,
DLV001440,PO-00440,EMEA,SUP045,2024-02-07,1154,OceanLink,DOCK-A,INS014,Good,
DLV001441,PO-00441,EMEA,SUP029,2024-03-24,1124,FastFreight,DOCK-C,INS010,Good,
DLV001442,PO-00442,EMEA,SUP016,2024-02-06,1183,PrimeLogistics,DOCK-B,INS014,Good,
DLV001443,PO-00443,EMEA,SUP008,2024-02-22,1716,FreightCo,DOCK-A,INS011,Good,
DLV001444,PO-00444,EMEA,SUP034,2024-03-05,585,OceanLink,DOCK-C,INS001,Good,
DLV001445,PO-00445,EMEA,SUP044,2024-03-09,1697,FreightCo,DOCK-A,INS017,Good,
DLV001446,PO-00446,EMEA,SUP060,2024-03-02,68,FreightCo,DOCK-C,INS018,Good,
DLV001447,PO-00447,EMEA,SUP010,2024-02-24,321,OceanLink,DOCK-D,INS011,Partial,
DLV001448,PO-00448,EMEA,SUP053,2024-04-23,1920,OceanLink,DOCK-C,INS006,Good,
DLV001449,PO-00449,EMEA,SUP017,2024-04-13,394,DirectHaul,DOCK-C,INS010,Good,
DLV001450,PO-00450,EMEA,SUP002,2024-03-15,833,GlobalShip,DOCK-A,INS013,Good,
DLV001451,PO-00451,EMEA,SUP027,2024-03-16,102,OceanLink,DOCK-A,INS019,Good,
DLV001452,PO-00452,EMEA,SUP015,2024-03-18,540,FastFreight,DOCK-B,INS005,Good,
DLV001453,PO-00453,EMEA,SUP032,2024-02-01,386,OceanLink,DOCK-A,INS008,Good,
DLV001454,PO-00454,EMEA,SUP014,2024-04-05,431,FreightCo,DOCK-C,INS001,Good,
DLV001455,PO-00455,EMEA,SUP030,2024-03-30,436,DirectHaul,DOCK-D,INS013,Good,
DLV001456,PO-00456,EMEA,SUP011,2024-01-23,685,DirectHaul,DOCK-C,INS011,Good,
DLV001457,PO-00457,EMEA,SUP030,2024-01-22,120,OceanLink,DOCK-D,INS008,Good,
DLV001458,PO-00458,EMEA,SUP025,2024-01-24,1481,DirectHaul,DOCK-C,INS020,Good,
DLV001459,PO-00459,EMEA,SUP046,2024-04-13,931,FreightCo,DOCK-B,INS007,Good,
DLV001460,PO-00460,EMEA,SUP030,2024-03-01,411,FreightCo,DOCK-B,INS005,Good,
DLV001461,PO-00461,EMEA,SUP010,2024-02-06,976,GlobalShip,DOCK-D,INS004,Good,
DLV001462,PO-00462,EMEA,SUP038,2024-03-03,1661,FastFreight,DOCK-B,INS015,Good,
DLV001463,PO-00463,EMEA,SUP009,2024-03-31,763,OceanLink,DOCK-A,INS014,Good,
DLV001464,PO-00464,EMEA,SUP048,2024-03-15,1321,OceanLink,DOCK-B,INS010,Good,
DLV001465,PO-00465,EMEA,SUP003,2024-02-14,1734,FreightCo,DOCK-B,INS005,Good,
DLV001466,PO-00466,EMEA,SUP004,2024-04-07,1127,FreightCo,DOCK-B,INS010,Good,
DLV001467,PO-00467,EMEA,SUP022,2024-04-03,421,DirectHaul,DOCK-D,INS019,Good,
DLV001468,PO-00468,EMEA,SUP002,2024-04-16,1486,PrimeLogistics,DOCK-C,INS003,Good,
DLV001469,PO-00469,EMEA,SUP038,2024-03-12,384,PrimeLogistics,DOCK-C,INS020,Good,
DLV001470,PO-00470,EMEA,SUP050,2024-02-26,403,DirectHaul,DOCK-C,INS020,Good,
DLV001471,PO-00471,EMEA,SUP060,2024-04-03,776,GlobalShip,DOCK-C,INS006,Good,
DLV001472,PO-00472,EMEA,SUP029,2024-04-05,1358,,DOCK-C,INS010,Good,
DLV001473,PO-00473,EMEA,SUP056,2024-04-18,229,FreightCo,DOCK-D,INS013,Good,
DLV001474,PO-00474,EMEA,SUP019,2024-01-24,1867,FreightCo,DOCK-D,INS006,Good,
DLV001475,PO-00475,EMEA,SUP030,2024-04-07,359,FreightCo,DOCK-A,INS005,Good,
DLV001476,PO-00476,EMEA,SUP025,2024-03-20,254,FastFreight,DOCK-C,INS019,Good,Minor packaging damage
DLV001477,PO-00477,EMEA,SUP007,2024-01-28,1289,PrimeLogistics,DOCK-D,INS007,Good,
DLV001478,PO-00478,EMEA,SUP015,2024-01-19,1626,PrimeLogistics,DOCK-D,INS004,Good,
DLV001479,PO-00479,EMEA,SUP021,2024-02-28,1690,OceanLink,DOCK-A,INS008,Good,
DLV001480,PO-00480,EMEA,SUP011,2024-03-13,413,GlobalShip,DOCK-C,INS015,Good,
DLV001481,PO-00481,EMEA,SUP045,2024-02-08,311,FreightCo,DOCK-A,INS005,Good,
DLV001482,PO-00482,EMEA,SUP032,2024-03-17,1838,,DOCK-D,INS013,Good,
DLV001483,PO-00483,EMEA,SUP023,2024-03-25,90,FastFreight,DOCK-A,INS013,Good,
DLV001484,PO-00484,EMEA,SUP035,2024-03-24,1254,OceanLink,DOCK-A,INS002,Good,
DLV001485,PO-00485,EMEA,SUP038,2024-01-23,73,PrimeLogistics,DOCK-C,INS006,Good,
DLV001486,PO-00486,EMEA,SUP047,2024-03-22,808,FastFreight,DOCK-B,INS008,Good,
DLV001487,PO-00487,EMEA,SUP059,2024-04-06,165,DirectHaul,DOCK-C,INS019,Good,
DLV001488,PO-00488,EMEA,SUP038,2024-01-10,1044,PrimeLogistics,DOCK-B,INS018,Good,
DLV001489,PO-00489,EMEA,SUP046,2024-02-19,118,GlobalShip,DOCK-A,INS003,Good,
DLV001490,PO-00490,EMEA,SUP035,2024-01-25,1708,PrimeLogistics,DOCK-C,INS019,Good,
DLV001491,PO-00491,EMEA,SUP028,2024-02-11,733,FastFreight,DOCK-B,INS006,Good,
DLV001492,PO-00492,EMEA,SUP054,2024-04-19,640,OceanLink,DOCK-D,INS019,Good,
DLV001493,PO-00493,EMEA,SUP034,2024-01-14,290,FreightCo,DOCK-D,INS007,Good,
DLV001494,PO-00494,EMEA,SUP048,2024-03-05,1797,PrimeLogistics,DOCK-D,INS015,Good,
DLV001495,PO-00495,EMEA,SUP043,2024-03-22,650,FreightCo,DOCK-B,INS009,Good,
DLV001496,PO-00496,EMEA,SUP021,2024-02-05,1242,FreightCo,DOCK-B,INS004,Good,Minor packaging damage
DLV001497,PO-00497,EMEA,SUP025,2024-04-19,794,FastFreight,DOCK-D,INS009,Good,
DLV001498,PO-00498,EMEA,SUP035,2024-04-09,815,FastFreight,DOCK-B,INS008,Good,
DLV001499,PO-00499,EMEA,SUP042,2024-03-20,670,OceanLink,DOCK-C,INS014,Good,
DLV001500,PO-00500,EMEA,SUP047,2024-02-15,377,PrimeLogistics,DOCK-B,INS006,Good,
DLV001501,PO-00501,EMEA,SUP034,2024-03-21,380,DirectHaul,DOCK-D,INS007,Good,
DLV001502,PO-00502,EMEA,SUP033,2024-02-05,1394,PrimeLogistics,DOCK-D,INS014,Good,
DLV001503,PO-00503,EMEA,SUP049,2024-02-19,864,FastFreight,DOCK-D,INS018,Damaged,Correct paperwork
DLV001504,PO-00504,EMEA,SUP036,2024-02-07,681,FastFreight,DOCK-B,INS001,Good,
DLV001505,PO-00505,EMEA,SUP059,2024-01-21,403,FastFreight,DOCK-B,INS016,Good,
DLV001506,PO-00506,EMEA,SUP041,2024-03-16,1714,FastFreight,DOCK-C,INS012,Good,
DLV001507,PO-00507,EMEA,SUP033,2024-02-01,1679,,DOCK-A,INS007,Good,
DLV001508,PO-00508,EMEA,SUP060,2024-04-01,292,OceanLink,DOCK-D,INS006,Good,
DLV001509,PO-00509,EMEA,SUP058,2024-02-01,1465,FastFreight,DOCK-D,INS014,Good,
DLV001510,PO-00510,EMEA,SUP005,2024-04-28,304,OceanLink,DOCK-A,INS010,Good,Correct paperwork
DLV001511,PO-00511,EMEA,SUP042,2024-01-28,1452,GlobalShip,DOCK-C,INS006,Good,
DLV001512,PO-00512,EMEA,SUP035,2024-02-10,1367,FreightCo,DOCK-A,INS003,Good,
DLV001513,PO-00513,EMEA,SUP016,2024-01-16,85,PrimeLogistics,DOCK-B,INS014,Good,
DLV001514,PO-00514,EMEA,SUP019,2024-04-05,1781,OceanLink,DOCK-B,INS003,Partial,
DLV001515,PO-00515,EMEA,SUP006,2024-03-28,1657,GlobalShip,DOCK-D,INS007,Good,
DLV001516,PO-00516,EMEA,SUP033,2024-01-22,52,FreightCo,DOCK-C,INS004,Good,
DLV001517,PO-00517,EMEA,SUP052,2024-02-27,623,FreightCo,DOCK-D,INS012,Good,
DLV001518,PO-00518,EMEA,SUP027,2024-01-18,916,FreightCo,DOCK-A,INS019,Good,Correct paperwork
DLV001519,PO-00519,EMEA,SUP032,2024-02-11,892,OceanLink,DOCK-A,INS007,Good,
DLV001520,PO-00520,EMEA,SUP009,2024-02-12,159,PrimeLogistics,DOCK-D,INS010,Good,
DLV001521,PO-00521,EMEA,SUP041,2024-03-19,418,FreightCo,DOCK-D,INS016,Good,
DLV001522,PO-00522,EMEA,SUP015,2024-03-25,1382,PrimeLogistics,DOCK-D,INS007,Good,Minor packaging damage
DLV001523,PO-00523,EMEA,SUP026,2024-03-16,548,PrimeLogistics,DOCK-C,INS008,Good,
DLV001524,PO-00524,EMEA,SUP008,2024-03-09,1212,FastFreight,DOCK-C,INS001,Good,
DLV001525,PO-00525,EMEA,SUP049,2024-02-04,646,FastFreight,DOCK-D,INS008,Good,
DLV001526,PO-00526,EMEA,SUP044,2024-03-09,822,FastFreight,DOCK-D,INS005,Good,
DLV001527,PO-00527,EMEA,SUP011,2024-03-09,1472,FastFreight,DOCK-B,INS005,Good,
DLV001528,PO-00528,EMEA,SUP042,2024-03-03,1965,PrimeLogistics,DOCK-C,INS006,Good,
DLV001529,PO-00529,EMEA,SUP059,2024-04-12,422,PrimeLogistics,DOCK-B,INS007,Good,
DLV001530,PO-00530,EMEA,SUP004,2024-03-13,330,OceanLink,DOCK-B,INS005,Good,
DLV001531,PO-00531,EMEA,SUP011,2024-01-13,1296,FastFreight,DOCK-B,INS014,Good,
DLV001532,PO-00532,EMEA,SUP014,2024-04-06,73,DirectHaul,DOCK-C,INS017,Good,Minor packaging damage
DLV001533,PO-00533,EMEA,SUP014,2024-03-22,1365,DirectHaul,DOCK-D,INS006,Good,
DLV001534,PO-00534,EMEA,SUP037,2024-02-02,1569,OceanLink,DOCK-B,INS013,Good,
DLV001535,PO-00535,EMEA,SUP052,2024-02-11,1343,PrimeLogistics,DOCK-B,INS012,Good,
DLV001536,PO-00536,EMEA,SUP051,2024-02-20,1661,OceanLink,DOCK-C,INS011,Good,
DLV001537,PO-00537,EMEA,SUP026,2024-03-07,828,PrimeLogistics,DOCK-A,INS019,Good,
DLV001538,PO-00538,EMEA,SUP016,2024-02-22,815,,DOCK-C,INS014,Good,Partial pallet
DLV001539,PO-00539,EMEA,SUP056,2024-03-19,1648,FastFreight,DOCK-A,INS015,Good,
DLV001540,PO-00540,EMEA,SUP025,2024-04-04,1109,FreightCo,DOCK-A,INS016,Good,
DLV001541,PO-00541,EMEA,SUP035,2024-03-20,517,GlobalShip,DOCK-A,INS005,Good,
DLV001542,PO-00542,EMEA,SUP052,2024-02-19,1471,GlobalShip,DOCK-B,INS014,Good,
DLV001543,PO-00543,EMEA,SUP045,2024-01-28,1239,FastFreight,DOCK-C,INS009,Good,
DLV001544,PO-00544,EMEA,SUP010,2024-02-10,628,,DOCK-B,INS019,Good,
DLV001545,PO-00545,EMEA,SUP019,2024-01-30,586,DirectHaul,DOCK-A,INS015,Good,
DLV001546,PO-00546,EMEA,SUP049,2024-04-14,923,FastFreight,DOCK-A,INS004,Good,
DLV001547,PO-00547,EMEA,SUP016,2024-03-28,1212,FastFreight,DOCK-D,INS002,Good,
DLV001548,PO-00548,EMEA,SUP029,2024-01-05,140,FreightCo,DOCK-C,INS001,Good,
DLV001549,PO-00549,EMEA,SUP037,2024-03-28,1458,FreightCo,DOCK-C,INS012,Good,
DLV001550,PO-00550,EMEA,SUP005,2024-02-17,1229,GlobalShip,DOCK-A,INS006,Good,
DLV001551,PO-00551,EMEA,SUP031,2024-01-29,960,OceanLink,DOCK-C,INS020,Good,Partial pallet
DLV001552,PO-00552,EMEA,SUP040,2024-03-09,1820,GlobalShip,DOCK-A,INS002,Good,
DLV001553,PO-00553,EMEA,SUP020,2024-01-28,1436,OceanLink,DOCK-D,INS011,Good,
DLV001554,PO-00554,EMEA,SUP005,2024-03-06,1310,,DOCK-B,INS013,Good,
DLV001555,PO-00555,EMEA,SUP028,2024-01-30,166,OceanLink,DOCK-D,INS011,Good,
DLV001556,PO-00556,EMEA,SUP023,2024-03-28,1170,GlobalShip,DOCK-C,INS020,Good,
DLV001557,PO-00557,EMEA,SUP008,2024-03-02,471,DirectHaul,DOCK-B,INS010,Good,
DLV001558,PO-00558,EMEA,SUP040,2024-03-29,1405,FreightCo,DOCK-C,INS007,Good,
DLV001559,PO-00559,EMEA,SUP013,2024-03-18,1177,OceanLink,DOCK-B,INS013,Good,
DLV001560,PO-00560,EMEA,SUP012,2024-01-30,448,PrimeLogistics,DOCK-B,INS019,Good,
DLV001561,PO-00561,EMEA,SUP003,2024-02-17,1015,GlobalShip,DOCK-B,INS009,Good,
DLV001562,PO-00562,EMEA,SUP042,2024-03-22,424,OceanLink,DOCK-A,INS009,Good,
DLV001563,PO-00563,EMEA,SUP038,2024-03-31,1201,PrimeLogistics,DOCK-D,INS009,Good,
DLV001564,PO-00564,EMEA,SUP024,2024-02-02,228,PrimeLogistics,DOCK-A,INS011,Good,
DLV001565,PO-00565,EMEA,SUP024,2024-03-30,934,PrimeLogistics,DOCK-C,INS017,Good,
DLV001566,PO-00566,EMEA,SUP048,2024-02-25,429,OceanLink,DOCK-B,INS018,Good,
DLV001567,PO-00567,EMEA,SUP011,2024-03-22,868,GlobalShip,DOCK-A,INS009,Good,
DLV001568,PO-00568,EMEA,SUP012,2024-04-21,2006,GlobalShip,DOCK-B,INS007,Good,
DLV001569,PO-00569,EMEA,SUP023,2024-03-05,73,DirectHaul,DOCK-C,INS018,Good,
DLV001570,PO-00570,EMEA,SUP007,2024-03-18,1057,GlobalShip,DOCK-A,INS009,Damaged,
DLV001571,PO-00571,EMEA,SUP010,2024-03-05,1117,FastFreight,DOCK-A,INS009,Good,
DLV001572,PO-00572,EMEA,SUP001,2024-04-14,556,DirectHaul,DOCK-A,INS014,Good,
DLV001573,PO-00573,EMEA,SUP040,2024-04-08,543,OceanLink,DOCK-B,INS015,Good,
DLV001574,PO-00574,EMEA,SUP011,2024-02-19,552,PrimeLogistics,DOCK-C,INS016,Good,
DLV001575,PO-00575,EMEA,SUP014,2024-01-24,1134,OceanLink,DOCK-C,INS011,Good,Correct paperwork
DLV001576,PO-00576,EMEA,SUP035,2024-03-17,1368,OceanLink,DOCK-C,INS003,Good,
DLV001577,PO-00577,EMEA,SUP040,2024-04-08,1662,FastFreight,DOCK-A,INS018,Good,
DLV001578,PO-00578,EMEA,SUP043,2024-04-11,1553,FreightCo,DOCK-B,INS009,Good,
DLV001579,PO-00579,EMEA,SUP020,2024-04-04,1460,FreightCo,DOCK-B,INS004,Good,
DLV001580,PO-00580,EMEA,SUP020,2024-03-26,927,OceanLink,DOCK-A,INS011,Good,
DLV001581,PO-00581,EMEA,SUP013,2024-02-23,1141,PrimeLogistics,DOCK-A,INS011,Good,
DLV001582,PO-00582,EMEA,SUP040,2024-01-26,1369,FastFreight,DOCK-C,INS006,Good,
DLV001583,PO-00583,EMEA,SUP030,2024-03-08,169,PrimeLogistics,DOCK-B,INS001,Good,
DLV001584,PO-00584,EMEA,SUP047,2024-02-19,732,FreightCo,DOCK-A,INS007,Good,
DLV001585,PO-00585,EMEA,SUP019,2024-02-04,410,OceanLink,DOCK-A,INS003,Good,
DLV001586,PO-00586,EMEA,SUP001,2024-02-18,1143,FreightCo,DOCK-A,INS002,Good,
DLV001587,PO-00587,EMEA,SUP045,2024-02-26,419,DirectHaul,DOCK-B,INS008,Good,
DLV001588,PO-00588,EMEA,SUP009,2024-02-17,233,PrimeLogistics,DOCK-D,INS006,Good,
DLV001589,PO-00589,EMEA,SUP011,2024-01-25,420,GlobalShip,DOCK-D,INS003,Good,
DLV001590,PO-00590,EMEA,SUP039,2024-02-01,1693,OceanLink,DOCK-B,INS003,Good,
DLV001591,PO-00591,EMEA,SUP017,2024-04-03,1292,FastFreight,DOCK-A,INS001,Good,
DLV001592,PO-00592,EMEA,SUP050,2024-03-15,964,GlobalShip,DOCK-C,INS013,Good,
DLV001593,PO-00593,EMEA,SUP023,2024-02-18,863,OceanLink,DOCK-D,INS017,Good,
DLV001594,PO-00594,EMEA,SUP023,2024-02-16,700,GlobalShip,DOCK-A,INS005,Damaged,
DLV001595,PO-00595,EMEA,SUP019,2024-03-26,696,OceanLink,DOCK-D,INS001,Good,
DLV001596,PO-00596,EMEA,SUP044,2024-04-28,180,GlobalShip,DOCK-B,INS008,Good,
DLV001597,PO-00597,EMEA,SUP039,2024-02-09,1070,GlobalShip,DOCK-D,INS014,Good,Partial pallet
DLV001598,PO-00598,EMEA,SUP019,2024-03-28,176,OceanLink,DOCK-B,INS005,Good,
DLV001599,PO-00599,EMEA,SUP053,2024-02-18,426,GlobalShip,DOCK-C,INS020,Good,
DLV001600,PO-00600,EMEA,SUP060,2024-03-29,987,DirectHaul,DOCK-D,INS007,Good,
DLV001601,PO-00601,EMEA,SUP001,2024-03-26,421,FreightCo,DOCK-A,INS005,Good,Minor packaging damage
DLV001602,PO-00602,EMEA,SUP039,2024-03-20,687,FastFreight,DOCK-D,INS015,Damaged,
DLV001603,PO-00603,EMEA,SUP042,2024-03-18,1505,GlobalShip,DOCK-A,INS009,Good,
DLV001604,PO-00604,EMEA,SUP045,2024-02-07,913,FastFreight,DOCK-B,INS008,Good,
DLV001605,PO-00605,EMEA,SUP035,2024-03-09,1190,FreightCo,DOCK-C,INS001,Good,
DLV001606,PO-00606,EMEA,SUP032,2024-04-18,969,PrimeLogistics,DOCK-B,INS016,Good,
DLV001607,PO-00607,EMEA,SUP034,2024-03-24,1048,DirectHaul,DOCK-D,INS007,Good,
DLV001608,PO-00608,EMEA,SUP008,2024-03-24,154,PrimeLogistics,DOCK-B,INS010,Good,
DLV001609,PO-00609,EMEA,SUP010,2024-04-04,336,DirectHaul,DOCK-B,INS010,Good,
DLV001610,PO-00610,EMEA,SUP053,2024-01-19,643,PrimeLogistics,DOCK-C,INS017,Good,
DLV001611,PO-00611,EMEA,SUP059,2024-04-21,1365,DirectHaul,DOCK-B,INS005,Good,
DLV001612,PO-00612,EMEA,SUP020,2024-04-06,336,FreightCo,DOCK-B,INS017,Good,
DLV001613,PO-00613,EMEA,SUP020,2024-02-28,860,FreightCo,DOCK-D,INS008,Good,
DLV001614,PO-00614,EMEA,SUP028,2024-02-23,853,DirectHaul,DOCK-B,INS013,Good,
DLV001615,PO-00615,EMEA,SUP010,2024-02-10,485,DirectHaul,DOCK-A,INS019,Good,
DLV001616,PO-00616,EMEA,SUP053,2024-04-22,1496,FastFreight,DOCK-A,INS001,Good,
DLV001617,PO-00617,EMEA,SUP045,2024-03-27,795,FreightCo,DOCK-C,INS008,Good,
DLV001618,PO-00618,EMEA,SUP020,2024-01-27,1644,GlobalShip,DOCK-B,INS009,Good,
DLV001619,PO-00619,EMEA,SUP026,2024-04-05,1243,PrimeLogistics,DOCK-B,INS006,Good,
DLV001620,PO-00620,EMEA,SUP022,2024-04-10,227,GlobalShip,DOCK-C,INS008,Good,
DLV001621,PO-00621,EMEA,SUP009,2024-03-30,55,DirectHaul,DOCK-A,INS004,Good,
DLV001622,PO-00622,EMEA,SUP055,2024-03-17,864,GlobalShip,DOCK-A,INS020,Good,
DLV001623,PO-00623,EMEA,SUP054,2024-02-07,1843,PrimeLogistics,DOCK-D,INS014,Good,
DLV001624,PO-00624,EMEA,SUP017,2024-03-20,1085,FastFreight,DOCK-B,INS013,Good,
DLV001625,PO-00625,EMEA,SUP003,2024-03-10,1500,PrimeLogistics,DOCK-C,INS017,Good,
DLV001626,PO-00626,EMEA,SUP057,2024-02-07,1377,OceanLink,DOCK-A,INS018,Partial,
DLV001627,PO-00627,EMEA,SUP006,2024-02-29,873,FreightCo,DOCK-C,INS016,Good,
DLV001628,PO-00628,EMEA,SUP026,2024-03-22,1045,FreightCo,DOCK-C,INS014,Good,
DLV001629,PO-00629,EMEA,SUP016,2024-03-18,151,FreightCo,DOCK-C,INS009,Good,
DLV001630,PO-00630,EMEA,SUP043,2024-02-18,540,FastFreight,DOCK-B,INS006,Good,
DLV001631,PO-00631,EMEA,SUP049,2024-01-17,551,GlobalShip,DOCK-A,INS003,Good,Correct paperwork
DLV001632,PO-00632,EMEA,SUP045,2024-03-30,1132,GlobalShip,DOCK-C,INS005,Good,
DLV001633,PO-00633,EMEA,SUP021,2024-03-01,1385,GlobalShip,DOCK-A,INS006,Good,Correct paperwork
DLV001634,PO-00634,EMEA,SUP022,2024-02-13,1436,FreightCo,DOCK-B,INS020,Good,
DLV001635,PO-00635,EMEA,SUP019,2024-01-08,988,GlobalShip,DOCK-B,INS009,Good,
DLV001636,PO-00636,EMEA,SUP048,2024-02-12,246,OceanLink,DOCK-D,INS017,Good,
DLV001637,PO-00637,EMEA,SUP054,2024-02-17,506,FreightCo,DOCK-D,INS016,Good,
DLV001638,PO-00638,EMEA,SUP004,2024-04-03,79,OceanLink,DOCK-B,INS010,Good,
DLV001639,PO-00639,EMEA,SUP048,2024-02-22,1125,,DOCK-C,INS019,Good,
DLV001640,PO-00640,EMEA,SUP012,2024-04-02,567,FreightCo,DOCK-D,INS003,Damaged,
DLV001641,PO-00641,EMEA,SUP041,2024-03-02,441,PrimeLogistics,DOCK-B,INS012,Good,
DLV001642,PO-00642,EMEA,SUP054,2024-04-09,357,GlobalShip,DOCK-B,INS012,Good,
DLV001643,PO-00643,EMEA,SUP051,2024-02-01,1732,OceanLink,DOCK-D,INS014,Good,
DLV001644,PO-00644,EMEA,SUP035,2024-03-15,1761,OceanLink,DOCK-A,INS014,Good,
DLV001645,PO-00645,EMEA,SUP053,2024-03-05,907,OceanLink,DOCK-A,INS004,Good,
DLV001646,PO-00646,EMEA,SUP002,2024-01-21,861,GlobalShip,DOCK-C,INS011,Good,
DLV001647,PO-00647,EMEA,SUP021,2024-04-13,318,OceanLink,DOCK-D,INS014,Good,
DLV001648,PO-00648,EMEA,SUP014,2024-03-05,1395,FastFreight,DOCK-B,INS017,Good,
DLV001649,PO-00649,EMEA,SUP023,2024-01-17,375,PrimeLogistics,DOCK-A,INS010,Good,Minor packaging damage
DLV001650,PO-00650,EMEA,SUP012,2024-04-14,1218,OceanLink,DOCK-D,INS008,Good,
DLV001651,PO-00651,EMEA,SUP047,2024-04-11,865,OceanLink,DOCK-D,INS014,Partial,
DLV001652,PO-00652,EMEA,SUP033,2024-04-11,93,OceanLink,DOCK-B,INS002,Good,
DLV001653,PO-00653,EMEA,SUP034,2024-03-30,1621,FreightCo,DOCK-C,INS015,Good,
DLV001654,PO-00654,EMEA,SUP041,2024-03-07,1665,FreightCo,DOCK-A,INS009,Good,
DLV001655,PO-00655,EMEA,SUP005,2024-03-06,1488,DirectHaul,DOCK-A,INS018,Good,
DLV001656,PO-00656,EMEA,SUP015,2024-03-01,1593,FastFreight,DOCK-C,INS007,Good,
DLV001657,PO-00657,EMEA,SUP034,2024-02-28,678,OceanLink,DOCK-C,INS007,Good,
DLV001658,PO-00658,EMEA,SUP002,2024-01-27,1638,FastFreight,DOCK-C,INS019,Good,
DLV001659,PO-00659,EMEA,SUP009,2024-02-17,1850,OceanLink,DOCK-A,INS002,Partial,
DLV001660,PO-00660,EMEA,SUP039,2024-04-16,1220,FastFreight,DOCK-C,INS019,Good,
DLV001661,PO-00661,EMEA,SUP056,2024-02-24,1807,DirectHaul,DOCK-A,INS001,Good,
DLV001662,PO-00662,EMEA,SUP047,2024-03-04,930,PrimeLogistics,DOCK-D,INS017,Good,
DLV001663,PO-00663,EMEA,SUP008,2024-01-31,1363,FreightCo,DOCK-B,INS016,Good,
DLV001664,PO-00664,EMEA,SUP002,2024-04-21,668,PrimeLogistics,DOCK-B,INS007,Good,
DLV001665,PO-00665,EMEA,SUP037,2024-02-17,892,OceanLink,DOCK-B,INS001,Good,
DLV001666,PO-00666,EMEA,SUP001,2024-03-31,1537,DirectHaul,DOCK-C,INS017,Partial,
DLV001667,PO-00667,EMEA,SUP014,2024-02-29,508,OceanLink,DOCK-C,INS002,Good,
DLV001668,PO-00668,EMEA,SUP060,2024-02-14,570,FastFreight,DOCK-B,INS001,Good,
DLV001669,PO-00669,EMEA,SUP003,2024-01-15,1775,PrimeLogistics,DOCK-B,INS015,Good,
DLV001670,PO-00670,EMEA,SUP023,2024-03-29,1062,FreightCo,DOCK-C,INS014,Good,Correct paperwork
DLV001671,PO-00671,EMEA,SUP059,2024-02-14,1392,GlobalShip,DOCK-C,INS019,Good,
DLV001672,PO-00672,EMEA,SUP024,2024-03-13,1656,FreightCo,DOCK-C,INS006,Good,
DLV001673,PO-00673,EMEA,SUP047,2024-02-01,1187,OceanLink,DOCK-B,INS001,Good,
DLV001674,PO-00674,EMEA,SUP012,2024-02-02,1739,FastFreight,DOCK-A,INS014,Good,
DLV001675,PO-00675,EMEA,SUP016,2024-02-09,1563,GlobalShip,DOCK-B,INS020,Good,
DLV001676,PO-00676,EMEA,SUP016,2024-02-04,1240,FastFreight,DOCK-B,INS015,Good,
DLV001677,PO-00677,EMEA,SUP021,2024-02-22,496,FreightCo,DOCK-A,INS009,Good,
DLV001678,PO-00678,EMEA,SUP011,2024-04-07,1450,GlobalShip,DOCK-D,INS007,Good,
DLV001679,PO-00679,EMEA,SUP002,2024-03-24,984,GlobalShip,DOCK-D,INS008,Good,
DLV001680,PO-00680,EMEA,SUP056,2024-04-11,854,OceanLink,DOCK-B,INS015,Good,
DLV001681,PO-00681,EMEA,SUP055,2024-03-12,1241,FastFreight,DOCK-B,INS019,Good,
DLV001682,PO-00682,EMEA,SUP058,2024-03-05,1693,FreightCo,DOCK-A,INS019,Good,
DLV001683,PO-00683,EMEA,SUP021,2024-03-11,737,GlobalShip,DOCK-A,INS010,Good,Minor packaging damage
DLV001684,PO-00684,EMEA,SUP032,2024-02-08,842,DirectHaul,DOCK-C,INS017,Good,
DLV001685,PO-00685,EMEA,SUP015,2024-03-03,1469,PrimeLogistics,DOCK-A,INS004,Good,Partial pallet
DLV001686,PO-00686,EMEA,SUP056,2024-03-10,433,OceanLink,DOCK-C,INS005,Good,
DLV001687,PO-00687,EMEA,SUP024,2024-01-15,993,FreightCo,DOCK-C,INS014,Good,Partial pallet
DLV001688,PO-00688,EMEA,SUP049,2024-04-07,1357,FastFreight,DOCK-D,INS013,Good,
DLV001689,PO-00689,EMEA,SUP020,2024-03-07,501,PrimeLogistics,DOCK-A,INS012,Good,
DLV001690,PO-00690,EMEA,SUP050,2024-03-10,998,FastFreight,DOCK-D,INS012,Good,
DLV001691,PO-00691,EMEA,SUP047,2024-02-18,1710,OceanLink,DOCK-D,INS020,Good,
DLV001692,PO-00692,EMEA,SUP037,2024-02-23,274,PrimeLogistics,DOCK-D,INS008,Good,
DLV001693,PO-00693,EMEA,SUP037,2024-03-22,1802,GlobalShip,DOCK-A,INS006,Good,
DLV001694,PO-00694,EMEA,SUP005,2024-02-20,509,OceanLink,DOCK-B,INS002,Good,Correct paperwork
DLV001695,PO-00695,EMEA,SUP026,2024-04-04,1296,FreightCo,DOCK-C,INS009,Good,
DLV001696,PO-00696,EMEA,SUP013,2024-04-25,1439,OceanLink,DOCK-B,INS006,Good,
DLV001697,PO-00697,EMEA,SUP019,2024-01-26,369,PrimeLogistics,DOCK-A,INS014,Good,
DLV001698,PO-00698,EMEA,SUP055,2024-04-09,944,OceanLink,DOCK-A,INS017,Good,
DLV001699,PO-00699,EMEA,SUP052,2024-03-15,1107,DirectHaul,DOCK-C,INS005,Partial,
DLV001700,PO-00700,EMEA,SUP039,2024-02-05,885,FastFreight,DOCK-D,INS019,Good,
DLV001701,PO-00701,EMEA,SUP042,2024-04-15,1026,DirectHaul,DOCK-D,INS020,Good,
DLV001702,PO-00702,EMEA,SUP030,2024-04-21,916,PrimeLogistics,DOCK-B,INS001,Good,
DLV001703,PO-00703,EMEA,SUP049,2024-02-03,944,PrimeLogistics,DOCK-C,INS009,Good,
DLV001704,PO-00704,EMEA,SUP028,2024-02-14,338,GlobalShip,DOCK-A,INS002,Good,
DLV001705,PO-00705,EMEA,SUP014,2024-03-20,1624,FreightCo,DOCK-D,INS019,Good,
DLV001706,PO-00706,EMEA,SUP012,2024-01-31,1291,DirectHaul,DOCK-B,INS006,Good,Correct paperwork
DLV001707,PO-00707,EMEA,SUP030,2024-03-19,52,FreightCo,DOCK-C,INS010,Good,Minor packaging damage
DLV001708,PO-00708,EMEA,SUP049,2024-02-22,1529,GlobalShip,DOCK-C,INS007,Good,
DLV001709,PO-00709,EMEA,SUP029,2024-03-15,616,,DOCK-C,INS014,Good,
DLV001710,PO-00710,EMEA,SUP047,2024-02-22,1253,FreightCo,DOCK-C,INS003,Good,
DLV001711,PO-00711,EMEA,SUP046,2024-02-28,1573,FastFreight,DOCK-B,INS010,Good,
DLV001712,PO-00712,EMEA,SUP059,2024-03-21,1374,FreightCo,DOCK-D,INS003,Good,Correct paperwork
DLV001713,PO-00713,EMEA,SUP030,2024-03-31,1564,FastFreight,DOCK-C,INS010,Good,
DLV001714,PO-00714,EMEA,SUP002,2024-02-13,815,,DOCK-D,INS005,Good,
DLV001715,PO-00715,EMEA,SUP060,2024-02-08,1356,OceanLink,DOCK-A,INS018,Good,
DLV001716,PO-00716,EMEA,SUP032,2024-03-15,1049,OceanLink,DOCK-C,INS009,Good,
DLV001717,PO-00717,EMEA,SUP022,2024-04-13,1667,OceanLink,DOCK-D,INS020,Good,
DLV001718,PO-00718,EMEA,SUP002,2024-02-20,920,PrimeLogistics,DOCK-B,INS011,Good,
DLV001719,PO-00719,EMEA,SUP026,2024-03-10,791,GlobalShip,DOCK-D,INS006,Good,
DLV001720,PO-00720,EMEA,SUP039,2024-02-18,1012,FreightCo,DOCK-D,INS019,Good,
DLV001721,PO-00721,EMEA,SUP012,2024-03-02,1647,DirectHaul,DOCK-A,INS015,Good,
DLV001722,PO-00722,EMEA,SUP015,2024-04-05,974,OceanLink,DOCK-A,INS002,Good,
DLV001723,PO-00723,EMEA,SUP026,2024-03-21,1621,FastFreight,DOCK-C,INS009,Good,
DLV001724,PO-00724,EMEA,SUP045,2024-02-14,419,FastFreight,DOCK-B,INS006,Good,Partial pallet
DLV001725,PO-00725,EMEA,SUP060,2024-03-24,1021,FreightCo,DOCK-C,INS016,Good,
DLV001726,PO-00726,EMEA,SUP057,2024-01-27,598,DirectHaul,DOCK-A,INS002,Good,
DLV001727,PO-00727,EMEA,SUP011,2024-05-02,365,PrimeLogistics,DOCK-B,INS002,Good,
DLV001728,PO-00728,EMEA,SUP036,2024-04-01,327,DirectHaul,DOCK-D,INS004,Good,
DLV001729,PO-00729,EMEA,SUP014,2024-03-25,1257,DirectHaul,DOCK-C,INS011,Good,
DLV001730,PO-00730,EMEA,SUP007,2024-03-14,1121,GlobalShip,DOCK-C,INS002,Good,
DLV001731,PO-00731,EMEA,SUP058,2024-04-03,1728,OceanLink,DOCK-D,INS011,Good,
DLV001732,PO-00732,EMEA,SUP042,2024-03-02,560,FreightCo,DOCK-A,INS006,Good,
DLV001733,PO-00733,EMEA,SUP019,2024-02-18,376,OceanLink,DOCK-D,INS011,Good,
DLV001734,PO-00734,EMEA,SUP008,2024-02-05,1909,FastFreight,DOCK-C,INS002,Good,
DLV001735,PO-00735,EMEA,SUP013,2024-03-09,1216,PrimeLogistics,DOCK-B,INS013,Good,
DLV001736,PO-00736,EMEA,SUP028,2024-01-13,504,DirectHaul,DOCK-B,INS002,Good,
DLV001737,PO-00737,EMEA,SUP038,2024-03-19,242,FreightCo,DOCK-D,INS010,Good,
DLV001738,PO-00738,EMEA,SUP019,2024-03-11,633,OceanLink,DOCK-B,INS008,Good,Minor packaging damage
DLV001739,PO-00739,EMEA,SUP042,2024-02-01,1431,FastFreight,DOCK-C,INS014,Good,
DLV001740,PO-00740,EMEA,SUP060,2024-02-09,476,,DOCK-B,INS012,Good,Minor packaging damage
DLV001741,PO-00741,EMEA,SUP007,2024-03-14,443,PrimeLogistics,DOCK-C,INS017,Good,
DLV001742,PO-00742,EMEA,SUP032,2024-03-27,1521,,DOCK-A,INS019,Good,
DLV001743,PO-00743,EMEA,SUP053,2024-01-26,199,DirectHaul,DOCK-C,INS009,Good,
DLV001744,PO-00744,EMEA,SUP002,2024-04-11,1642,GlobalShip,DOCK-D,INS020,Good,
DLV001745,PO-00745,EMEA,SUP015,2024-03-05,428,FastFreight,DOCK-C,INS001,Good,
DLV001746,PO-00746,EMEA,SUP043,2024-01-25,821,OceanLink,DOCK-A,INS011,Good,
DLV001747,PO-00747,EMEA,SUP026,2024-03-25,1117,GlobalShip,DOCK-D,INS010,Good,
DLV001748,PO-00748,EMEA,SUP044,2024-01-16,891,FastFreight,DOCK-C,INS017,Good,
DLV001749,PO-00749,EMEA,SUP054,2024-01-29,1584,FastFreight,DOCK-C,INS006,Good,
DLV001750,PO-00750,EMEA,SUP024,2024-04-05,1728,GlobalShip,DOCK-D,INS005,Good,
DLV001751,PO-00751,EMEA,SUP040,2024-03-18,556,PrimeLogistics,DOCK-D,INS005,Good,
DLV001752,PO-00752,EMEA,SUP058,2024-03-04,1227,PrimeLogistics,DOCK-D,INS006,Good,
DLV001753,PO-00753,EMEA,SUP022,2024-02-07,1052,FreightCo,DOCK-A,INS019,Good,
DLV001754,PO-00754,EMEA,SUP030,2024-04-21,727,PrimeLogistics,DOCK-B,INS002,Good,
DLV001755,PO-00755,EMEA,SUP033,2024-02-13,1400,OceanLink,DOCK-C,INS008,Good,
DLV001756,PO-00756,EMEA,SUP034,2024-03-31,484,GlobalShip,DOCK-A,INS011,Good,
DLV001757,PO-00757,EMEA,SUP028,2024-02-26,1867,OceanLink,DOCK-A,INS010,Good,
DLV001758,PO-00758,EMEA,SUP010,2024-03-04,1385,FastFreight,DOCK-C,INS008,Good,
DLV001759,PO-00759,EMEA,SUP016,2024-02-04,828,,DOCK-C,INS013,Good,
DLV001760,PO-00760,EMEA,SUP051,2024-03-20,122,PrimeLogistics,DOCK-D,INS008,Good,
DLV001761,PO-00761,EMEA,SUP049,2024-03-21,996,GlobalShip,DOCK-D,INS004,Good,
DLV001762,PO-00762,EMEA,SUP049,2024-04-10,1169,OceanLink,DOCK-B,INS004,Damaged,
DLV001763,PO-00763,EMEA,SUP041,2024-04-14,1452,GlobalShip,DOCK-A,INS010,Good,
DLV001764,PO-00764,EMEA,SUP009,2024-03-12,1663,FreightCo,DOCK-C,INS010,Good,
DLV001765,PO-00765,EMEA,SUP015,2024-04-17,1180,FreightCo,DOCK-D,INS014,Good,
DLV001766,PO-00766,EMEA,SUP023,2024-03-29,864,FastFreight,DOCK-A,INS015,Good,
DLV001767,PO-00767,EMEA,SUP032,2024-03-04,774,DirectHaul,DOCK-B,INS012,Good,
DLV001768,PO-00768,EMEA,SUP045,2024-03-21,189,PrimeLogistics,DOCK-A,INS020,Good,
DLV001769,PO-00769,EMEA,SUP023,2024-04-03,1405,FreightCo,DOCK-A,INS014,Good,
DLV001770,PO-00770,EMEA,SUP020,2024-02-19,1568,GlobalShip,DOCK-A,INS002,Good,
DLV001771,PO-00771,EMEA,SUP025,2024-02-12,559,FreightCo,DOCK-C,INS001,Partial,
DLV001772,PO-00772,EMEA,SUP054,2024-02-09,1769,OceanLink,DOCK-A,INS012,Good,
DLV001773,PO-00773,EMEA,SUP053,2024-02-13,863,GlobalShip,DOCK-A,INS004,Good,
DLV001774,PO-00774,EMEA,SUP014,2024-02-05,1285,DirectHaul,DOCK-C,INS014,Good,
DLV001775,PO-00775,EMEA,SUP019,2024-03-09,1561,OceanLink,DOCK-B,INS002,Good,
DLV001776,PO-00776,EMEA,SUP034,2024-03-13,1503,FastFreight,DOCK-A,INS004,Good,
DLV001777,PO-00777,EMEA,SUP004,2024-02-15,1227,GlobalShip,DOCK-A,INS008,Partial,
DLV001778,PO-00778,EMEA,SUP041,2024-03-04,1664,FastFreight,DOCK-D,INS011,Good,
DLV001779,PO-00779,EMEA,SUP026,2024-02-11,173,FreightCo,DOCK-A,INS007,Good,Partial pallet
DLV001780,PO-00780,EMEA,SUP040,2024-02-28,289,GlobalShip,DOCK-A,INS006,Good,
DLV001781,PO-00781,EMEA,SUP055,2024-02-24,198,OceanLink,DOCK-A,INS003,Good,
DLV001782,PO-00782,EMEA,SUP022,2024-01-16,56,PrimeLogistics,DOCK-A,INS014,Good,
DLV001783,PO-00783,EMEA,SUP011,2024-04-08,442,,DOCK-D,INS015,Good,
DLV001784,PO-00784,EMEA,SUP029,2024-04-09,165,DirectHaul,DOCK-D,INS019,Good,Partial pallet
DLV001785,PO-00785,EMEA,SUP009,2024-02-17,811,FastFreight,DOCK-D,INS016,Good,
DLV001786,PO-00786,EMEA,SUP009,2024-01-22,623,,DOCK-A,INS009,Damaged,
DLV001787,PO-00787,EMEA,SUP055,2024-04-04,439,OceanLink,DOCK-A,INS013,Good,
DLV001788,PO-00788,EMEA,SUP016,2024-02-05,1560,GlobalShip,DOCK-D,INS006,Good,
DLV001789,PO-00789,EMEA,SUP044,2024-03-07,783,DirectHaul,DOCK-D,INS001,Good,
DLV001790,PO-00790,EMEA,SUP035,2024-04-01,599,FreightCo,DOCK-B,INS020,Good,
DLV001791,PO-00791,EMEA,SUP014,2024-03-16,1458,OceanLink,DOCK-A,INS014,Good,
DLV001792,PO-00792,EMEA,SUP057,2024-03-30,733,GlobalShip,DOCK-D,INS014,Good,
DLV001793,PO-00793,EMEA,SUP040,2024-02-22,616,PrimeLogistics,DOCK-A,INS014,Good,
DLV001794,PO-00794,EMEA,SUP010,2024-03-15,489,FastFreight,DOCK-D,INS001,Good,
DLV001795,PO-00795,EMEA,SUP008,2024-01-22,841,OceanLink,DOCK-C,INS018,Good,
DLV001796,PO-00796,EMEA,SUP037,2024-03-13,1676,PrimeLogistics,DOCK-C,INS008,Good,
DLV001797,PO-00797,EMEA,SUP054,2024-01-24,1628,GlobalShip,DOCK-B,INS004,Good,Minor packaging damage
DLV001798,PO-00798,EMEA,SUP005,2024-04-12,1578,OceanLink,DOCK-D,INS001,Good,
DLV001799,PO-00799,EMEA,SUP041,2024-02-15,867,DirectHaul,DOCK-B,INS012,Good,
DLV001800,PO-00800,EMEA,SUP045,2024-04-19,374,PrimeLogistics,DOCK-C,INS004,Good,
DLV001801,PO-00801,EMEA,SUP048,2024-03-16,1738,PrimeLogistics,DOCK-C,INS020,Good,
DLV001802,PO-00802,EMEA,SUP015,2024-04-02,1614,PrimeLogistics,DOCK-C,INS009,Good,
DLV001803,PO-00803,EMEA,SUP015,2024-02-29,1372,PrimeLogistics,DOCK-A,INS003,Good,
DLV001804,PO-00804,EMEA,SUP030,2024-01-20,157,FreightCo,DOCK-B,INS009,Good,
DLV001805,PO-00805,EMEA,SUP004,2024-04-10,642,DirectHaul,DOCK-D,INS014,Good,
DLV001806,PO-00806,EMEA,SUP020,2024-03-14,1448,GlobalShip,DOCK-B,INS008,Good,
DLV001807,PO-00807,EMEA,SUP009,2024-02-12,961,FastFreight,DOCK-B,INS012,Damaged,
DLV001808,PO-00808,EMEA,SUP031,2024-02-14,1254,DirectHaul,DOCK-A,INS008,Good,
DLV001809,PO-00809,EMEA,SUP027,2024-03-06,300,GlobalShip,DOCK-D,INS019,Good,
DLV001810,PO-00810,EMEA,SUP030,2024-02-27,1051,FastFreight,DOCK-A,INS013,Good,
DLV001811,PO-00811,EMEA,SUP031,2024-04-02,869,FastFreight,DOCK-C,INS015,Good,
DLV001812,PO-00812,EMEA,SUP016,2024-04-06,1858,DirectHaul,DOCK-C,INS018,Good,
DLV001813,PO-00813,EMEA,SUP034,2024-02-17,831,PrimeLogistics,DOCK-B,INS016,Good,
DLV001814,PO-00814,EMEA,SUP042,2024-02-01,1513,PrimeLogistics,DOCK-C,INS007,Good,Minor packaging damage
DLV001815,PO-00815,EMEA,SUP009,2024-02-20,362,PrimeLogistics,DOCK-C,INS020,Good,Correct paperwork
DLV001816,PO-00816,EMEA,SUP037,2024-02-08,1684,FreightCo,DOCK-C,INS014,Good,
DLV001817,PO-00817,EMEA,SUP015,2024-02-15,949,PrimeLogistics,DOCK-C,INS011,Good,
DLV001818,PO-00818,EMEA,SUP020,2024-02-07,476,DirectHaul,DOCK-B,INS016,Good,Minor packaging damage
DLV001819,PO-00819,EMEA,SUP026,2024-03-04,621,DirectHaul,DOCK-D,INS010,Good,Correct paperwork
DLV001820,PO-00820,EMEA,SUP028,2024-02-16,1290,GlobalShip,DOCK-C,INS002,Good,
DLV001821,PO-00821,EMEA,SUP050,2024-04-21,1945,GlobalShip,DOCK-C,INS011,Good,
DLV001822,PO-00822,EMEA,SUP011,2024-02-14,393,FastFreight,DOCK-B,INS018,Good,
DLV001823,PO-00823,EMEA,SUP008,2024-04-08,496,GlobalShip,DOCK-C,INS003,Good,
DLV001824,PO-00824,EMEA,SUP036,2024-01-13,151,DirectHaul,DOCK-B,INS007,Damaged,
DLV001825,PO-00825,EMEA,SUP021,2024-01-30,1409,OceanLink,DOCK-D,INS004,Damaged,
DLV001826,PO-00826,EMEA,SUP021,2024-03-28,785,FreightCo,DOCK-C,INS009,Good,
DLV001827,PO-00827,EMEA,SUP051,2024-03-07,532,DirectHaul,DOCK-A,INS011,Good,
DLV001828,PO-00828,EMEA,SUP010,2024-04-21,571,OceanLink,DOCK-A,INS007,Good,
DLV001829,PO-00829,EMEA,SUP031,2024-02-21,170,FreightCo,DOCK-D,INS006,Good,
DLV001830,PO-00830,EMEA,SUP057,2024-01-16,466,FreightCo,DOCK-D,INS010,Good,
DLV001831,PO-00831,EMEA,SUP044,2024-03-20,1854,DirectHaul,DOCK-D,INS016,Good,
DLV001832,PO-00832,EMEA,SUP051,2024-01-21,1647,OceanLink,DOCK-B,INS008,Good,Partial pallet
DLV001833,PO-00833,EMEA,SUP044,2024-04-06,311,GlobalShip,DOCK-D,INS010,Good,
DLV001834,PO-00834,EMEA,SUP046,2024-02-28,1588,FreightCo,DOCK-C,INS001,Good,
DLV001835,PO-00835,EMEA,SUP017,2024-02-07,935,DirectHaul,DOCK-B,INS016,Good,
DLV001836,PO-00836,EMEA,SUP051,2024-02-08,1229,DirectHaul,DOCK-D,INS020,Good,
DLV001837,PO-00837,EMEA,SUP014,2024-01-30,1071,DirectHaul,DOCK-D,INS019,Good,
DLV001838,PO-00838,EMEA,SUP040,2024-01-26,1249,DirectHaul,DOCK-D,INS001,Damaged,Minor packaging damage
DLV001839,PO-00839,EMEA,SUP049,2024-03-19,610,FreightCo,DOCK-C,INS005,Good,
DLV001840,PO-00840,EMEA,SUP004,2024-02-21,685,GlobalShip,DOCK-A,INS008,Good,
DLV001841,PO-00841,EMEA,SUP038,2024-04-02,952,FastFreight,DOCK-B,INS015,Good,
DLV001842,PO-00842,EMEA,SUP058,2024-03-10,1923,GlobalShip,DOCK-D,INS005,Good,
DLV001843,PO-00843,EMEA,SUP002,2024-04-01,1910,FastFreight,DOCK-C,INS011,Good,
DLV001844,PO-00844,EMEA,SUP033,2024-02-15,911,DirectHaul,DOCK-B,INS018,Good,
DLV001845,PO-00845,EMEA,SUP054,2024-03-14,460,OceanLink,DOCK-A,INS008,Good,
DLV001846,PO-00846,EMEA,SUP017,2024-01-27,575,FastFreight,DOCK-B,INS019,Good,
DLV001847,PO-00847,EMEA,SUP060,2024-02-11,1141,PrimeLogistics,DOCK-C,INS003,Good,Minor packaging damage
DLV001848,PO-00848,EMEA,SUP052,2024-03-22,1300,FastFreight,DOCK-A,INS001,Good,
DLV001849,PO-00849,EMEA,SUP047,2024-04-08,1002,,DOCK-D,INS006,Good,
DLV001850,PO-00850,EMEA,SUP007,2024-01-13,554,OceanLink,DOCK-A,INS015,Good,
DLV001851,PO-00851,EMEA,SUP051,2024-02-08,1269,OceanLink,DOCK-C,INS006,Good,
DLV001852,PO-00852,EMEA,SUP036,2024-04-12,1163,DirectHaul,DOCK-C,INS015,Good,
DLV001853,PO-00853,EMEA,SUP035,2024-03-24,1764,GlobalShip,DOCK-D,INS006,Good,
DLV001854,PO-00854,EMEA,SUP044,2024-02-22,1704,,DOCK-B,INS016,Good,
DLV001855,PO-00855,EMEA,SUP010,2024-03-04,1401,,DOCK-D,INS010,Good,
DLV001856,PO-00856,EMEA,SUP050,2024-03-21,400,PrimeLogistics,DOCK-C,INS002,Good,
DLV001857,PO-00857,EMEA,SUP021,2024-04-11,1568,GlobalShip,DOCK-B,INS004,Good,
DLV001858,PO-00858,EMEA,SUP020,2024-03-18,1749,OceanLink,DOCK-B,INS016,Good,
DLV001859,PO-00859,EMEA,SUP007,2024-04-26,1446,PrimeLogistics,DOCK-A,INS004,Good,
DLV001860,PO-00860,EMEA,SUP026,2024-02-22,1694,DirectHaul,DOCK-A,INS014,Good,
DLV001861,PO-00861,EMEA,SUP051,2024-03-05,1996,,DOCK-A,INS013,Good,
DLV001862,PO-00862,EMEA,SUP039,2024-04-15,169,,DOCK-A,INS016,Good,
DLV001863,PO-00863,EMEA,SUP014,2024-01-11,1557,PrimeLogistics,DOCK-A,INS011,Good,
DLV001864,PO-00864,EMEA,SUP018,2024-02-08,1139,OceanLink,DOCK-B,INS011,Good,
DLV001865,PO-00865,EMEA,SUP050,2024-02-06,397,GlobalShip,DOCK-D,INS004,Good,
DLV001866,PO-00866,EMEA,SUP041,2024-04-20,103,FastFreight,DOCK-C,INS007,Good,
DLV001867,PO-00867,EMEA,SUP047,2024-01-24,798,OceanLink,DOCK-B,INS003,Good,
DLV001868,PO-00868,EMEA,SUP025,2024-04-03,381,GlobalShip,DOCK-C,INS018,Good,
DLV001869,PO-00869,EMEA,SUP021,2024-01-29,800,,DOCK-D,INS004,Good,
DLV001870,PO-00870,EMEA,SUP013,2024-03-08,450,FastFreight,DOCK-D,INS018,Good,
DLV001871,PO-00871,EMEA,SUP047,2024-03-25,91,FreightCo,DOCK-A,INS014,Good,
DLV001872,PO-00872,EMEA,SUP043,2024-03-07,1133,OceanLink,DOCK-D,INS014,Good,
DLV001873,PO-00873,EMEA,SUP029,2024-03-09,724,FastFreight,DOCK-C,INS015,Good,
DLV001874,PO-00874,EMEA,SUP031,2024-01-31,1680,GlobalShip,DOCK-A,INS006,Good,
DLV001875,PO-00875,EMEA,SUP051,2024-02-21,669,FastFreight,DOCK-C,INS019,Good,
DLV001876,PO-00876,EMEA,SUP013,2024-02-13,130,DirectHaul,DOCK-B,INS014,Good,
DLV001877,PO-00877,EMEA,SUP044,2024-02-23,1656,FastFreight,DOCK-C,INS001,Good,Partial pallet
DLV001878,PO-00878,EMEA,SUP013,2024-04-18,1960,DirectHaul,DOCK-A,INS019,Good,Correct paperwork
DLV001879,PO-00879,EMEA,SUP028,2024-02-19,1547,FastFreight,DOCK-A,INS012,Good,
DLV001880,PO-00880,EMEA,SUP051,2024-01-28,1698,OceanLink,DOCK-C,INS009,Good,
DLV001881,PO-00881,EMEA,SUP006,2024-03-10,96,OceanLink,DOCK-C,INS013,Good,
DLV001882,PO-00882,EMEA,SUP028,2024-02-20,1728,PrimeLogistics,DOCK-A,INS003,Good,
DLV001883,PO-00883,EMEA,SUP058,2024-01-31,1049,DirectHaul,DOCK-C,INS017,Good,
DLV001884,PO-00884,EMEA,SUP022,2024-04-18,383,OceanLink,DOCK-A,INS010,Good,
DLV001885,PO-00885,EMEA,SUP025,2024-03-04,429,FastFreight,DOCK-B,INS019,Good,
DLV001886,PO-00886,EMEA,SUP052,2024-01-22,95,GlobalShip,DOCK-A,INS019,Good,
DLV001887,PO-00887,EMEA,SUP058,2024-03-08,600,PrimeLogistics,DOCK-B,INS003,Good,
DLV001888,PO-00888,EMEA,SUP005,2024-03-17,1764,OceanLink,DOCK-B,INS014,Good,
DLV001889,PO-00889,EMEA,SUP001,2024-01-26,1174,FreightCo,DOCK-A,INS002,Good,
DLV001890,PO-00890,EMEA,SUP014,2024-03-01,1053,FreightCo,DOCK-D,INS009,Good,
DLV001891,PO-00891,EMEA,SUP003,2024-02-23,102,FastFreight,DOCK-C,INS008,Good,
DLV001892,PO-00892,EMEA,SUP038,2024-03-12,1159,FreightCo,DOCK-A,INS014,Good,
DLV001893,PO-00893,EMEA,SUP040,2024-02-15,1548,GlobalShip,DOCK-A,INS002,Good,
DLV001894,PO-00894,EMEA,SUP010,2024-03-31,890,OceanLink,DOCK-B,INS009,Good,
DLV001895,PO-00895,EMEA,SUP041,2024-02-27,625,FastFreight,DOCK-D,INS001,Good,
DLV001896,PO-00896,EMEA,SUP058,2024-03-07,1722,GlobalShip,DOCK-C,INS020,Good,
DLV001897,PO-00897,EMEA,SUP039,2024-04-13,415,OceanLink,DOCK-C,INS019,Good,
DLV001898,PO-00898,EMEA,SUP048,2024-02-20,710,DirectHaul,DOCK-D,INS017,Good,
DLV001899,PO-00899,EMEA,SUP015,2024-02-27,1225,FreightCo,DOCK-B,INS005,Good,
DLV001900,PO-00900,EMEA,SUP017,2024-02-06,1237,GlobalShip,DOCK-B,INS009,Good,
DLV001901,PO-00901,EMEA,SUP055,2024-04-25,527,DirectHaul,DOCK-C,INS001,Good,
DLV001902,PO-00902,EMEA,SUP047,2024-03-14,691,OceanLink,DOCK-D,INS018,Good,
DLV001903,PO-00903,EMEA,SUP023,2024-01-17,1355,DirectHaul,DOCK-C,INS012,Good,Correct paperwork
DLV001904,PO-00904,EMEA,SUP038,2024-02-10,1521,PrimeLogistics,DOCK-D,INS002,Good,
DLV001905,PO-00905,EMEA,SUP022,2024-04-29,1328,PrimeLogistics,DOCK-D,INS018,Good,Partial pallet
DLV001906,PO-00906,EMEA,SUP003,2024-04-05,421,DirectHaul,DOCK-C,INS004,Good,
DLV001907,PO-00907,EMEA,SUP048,2024-01-31,376,FreightCo,DOCK-C,INS013,Good,
DLV001908,PO-00908,EMEA,SUP036,2024-03-13,1015,OceanLink,DOCK-C,INS001,Good,
DLV001909,PO-00909,EMEA,SUP048,2024-02-29,260,,DOCK-B,INS002,Good,
DLV001910,PO-00910,EMEA,SUP002,2024-02-12,1355,FastFreight,DOCK-C,INS001,Good,
DLV001911,PO-00911,EMEA,SUP007,2024-02-22,1333,PrimeLogistics,DOCK-C,INS008,Good,
DLV001912,PO-00912,EMEA,SUP038,2024-02-04,1755,GlobalShip,DOCK-B,INS014,Good,
DLV001913,PO-00913,EMEA,SUP056,2024-03-07,424,FastFreight,DOCK-C,INS009,Good,
DLV001914,PO-00914,EMEA,SUP059,2024-04-10,1148,PrimeLogistics,DOCK-C,INS003,Good,
DLV001915,PO-00915,EMEA,SUP012,2024-04-04,1729,GlobalShip,DOCK-D,INS014,Good,Minor packaging damage
DLV001916,PO-00916,EMEA,SUP048,2024-03-21,591,DirectHaul,DOCK-D,INS011,Good,
DLV001917,PO-00917,EMEA,SUP054,2024-03-13,1529,GlobalShip,DOCK-A,INS006,Good,
DLV001918,PO-00918,EMEA,SUP015,2024-03-18,853,DirectHaul,DOCK-C,INS020,Good,
DLV001919,PO-00919,EMEA,SUP032,2024-03-17,954,FastFreight,DOCK-D,INS011,Good,
DLV001920,PO-00920,EMEA,SUP051,2024-02-22,1516,FastFreight,DOCK-D,INS001,Damaged,Minor packaging damage
DLV001921,PO-00921,EMEA,SUP030,2024-01-18,711,,DOCK-A,INS014,Good,
DLV001922,PO-00922,EMEA,SUP044,2024-02-19,1680,DirectHaul,DOCK-C,INS006,Good,
DLV001923,PO-00923,EMEA,SUP057,2024-02-19,147,PrimeLogistics,DOCK-A,INS007,Good,
DLV001924,PO-00924,EMEA,SUP016,2024-02-16,1191,FastFreight,DOCK-C,INS014,Good,
DLV001925,PO-00925,EMEA,SUP011,2024-02-04,1015,OceanLink,DOCK-A,INS011,Good,
DLV001926,PO-00926,EMEA,SUP056,2024-02-20,1226,GlobalShip,DOCK-D,INS004,Good,
DLV001927,PO-00927,EMEA,SUP004,2024-02-21,1601,GlobalShip,DOCK-D,INS013,Good,
DLV001928,PO-00928,EMEA,SUP005,2024-03-25,508,FastFreight,DOCK-A,INS020,Good,
DLV001929,PO-00929,EMEA,SUP046,2024-02-05,189,GlobalShip,DOCK-C,INS011,Good,
DLV001930,PO-00930,EMEA,SUP024,2024-01-21,796,DirectHaul,DOCK-B,INS019,Good,
DLV001931,PO-00931,EMEA,SUP017,2024-04-21,686,PrimeLogistics,DOCK-B,INS010,Good,
DLV001932,PO-00932,EMEA,SUP055,2024-01-24,432,FreightCo,DOCK-B,INS011,Good,
DLV001933,PO-00933,EMEA,SUP047,2024-03-01,311,OceanLink,DOCK-D,INS014,Good,
DLV001934,PO-00934,EMEA,SUP044,2024-04-10,1921,DirectHaul,DOCK-D,INS007,Good,Correct paperwork
DLV001935,PO-00935,EMEA,SUP008,2024-04-05,184,GlobalShip,DOCK-B,INS012,Good,
DLV001936,PO-00936,EMEA,SUP031,2024-02-17,1056,PrimeLogistics,DOCK-C,INS005,Good,
DLV001937,PO-00937,EMEA,SUP022,2024-02-19,1575,OceanLink,DOCK-A,INS008,Good,
DLV001938,PO-00938,EMEA,SUP043,2024-03-01,784,,DOCK-D,INS001,Good,
DLV001939,PO-00939,EMEA,SUP006,2024-02-16,1686,FreightCo,DOCK-C,INS010,Good,
DLV001940,PO-00940,EMEA,SUP034,2024-01-29,1702,FreightCo,DOCK-D,INS004,Good,
DLV001941,PO-00941,EMEA,SUP055,2024-04-16,556,OceanLink,DOCK-A,INS006,Good,
DLV001942,PO-00942,EMEA,SUP038,2024-03-09,1261,OceanLink,DOCK-D,INS006,Good,
DLV001943,PO-00943,EMEA,SUP018,2024-03-16,498,GlobalShip,DOCK-B,INS018,Good,
DLV001944,PO-00944,EMEA,SUP052,2024-02-13,916,FreightCo,DOCK-D,INS009,Good,
DLV001945,PO-00945,EMEA,SUP037,2024-02-17,1919,DirectHaul,DOCK-C,INS008,Good,
DLV001946,PO-00946,EMEA,SUP028,2024-02-12,403,FastFreight,DOCK-A,INS017,Good,
DLV001947,PO-00947,EMEA,SUP023,2024-01-23,648,DirectHaul,DOCK-D,INS014,Good,
DLV001948,PO-00948,EMEA,SUP012,2024-02-11,1418,FastFreight,DOCK-A,INS018,Partial,
DLV001949,PO-00949,EMEA,SUP005,2024-04-09,1145,,DOCK-C,INS009,Good,
DLV001950,PO-00950,EMEA,SUP053,2024-01-26,390,FreightCo,DOCK-A,INS005,Good,
DLV001951,PO-00951,EMEA,SUP024,2024-03-26,1094,FreightCo,DOCK-C,INS010,Good,
DLV001952,PO-00952,EMEA,SUP025,2024-01-22,1298,PrimeLogistics,DOCK-A,INS010,Good,Partial pallet
DLV001953,PO-00953,EMEA,SUP050,2024-02-27,873,FreightCo,DOCK-B,INS002,Good,
DLV001954,PO-00954,EMEA,SUP008,2024-01-28,246,OceanLink,DOCK-B,INS018,Good,
DLV001955,PO-00955,EMEA,SUP005,2024-03-07,880,FreightCo,DOCK-D,INS011,Good,
DLV001956,PO-00956,EMEA,SUP032,2024-04-10,1430,GlobalShip,DOCK-B,INS005,Good,
DLV001957,PO-00957,EMEA,SUP027,2024-03-03,114,FastFreight,DOCK-A,INS009,Good,
DLV001958,PO-00958,EMEA,SUP056,2024-02-25,63,FreightCo,DOCK-B,INS008,Good,
DLV001959,PO-00959,EMEA,SUP009,2024-02-11,589,PrimeLogistics,DOCK-A,INS013,Good,
DLV001960,PO-00960,EMEA,SUP015,2024-01-30,550,PrimeLogistics,DOCK-D,INS005,Partial,
DLV001961,PO-00961,EMEA,SUP052,2024-02-13,538,DirectHaul,DOCK-D,INS019,Good,
DLV001962,PO-00962,EMEA,SUP025,2024-03-27,66,DirectHaul,DOCK-C,INS018,Good,
DLV001963,PO-00963,EMEA,SUP041,2024-01-29,1687,DirectHaul,DOCK-D,INS013,Good,
DLV001964,PO-00964,EMEA,SUP060,2024-01-22,1430,OceanLink,DOCK-D,INS003,Good,
DLV001965,PO-00965,EMEA,SUP004,2024-03-07,907,FreightCo,DOCK-C,INS003,Damaged,
DLV001966,PO-00966,EMEA,SUP031,2024-03-06,1353,OceanLink,DOCK-C,INS018,Good,
DLV001967,PO-00967,EMEA,SUP041,2024-01-24,1310,OceanLink,DOCK-B,INS011,Good,
DLV001968,PO-00968,EMEA,SUP031,2024-03-18,1439,FreightCo,DOCK-B,INS015,Good,
DLV001969,PO-00969,EMEA,SUP032,2024-03-10,1332,PrimeLogistics,DOCK-D,INS010,Good,
DLV001970,PO-00970,EMEA,SUP004,2024-01-22,878,GlobalShip,DOCK-B,INS017,Good,
DLV001971,PO-00971,EMEA,SUP026,2024-01-23,1175,FastFreight,DOCK-C,INS013,Good,
DLV001972,PO-00972,EMEA,SUP031,2024-01-29,1361,OceanLink,DOCK-B,INS001,Good,
DLV001973,PO-00973,EMEA,SUP017,2024-02-08,327,FastFreight,DOCK-B,INS008,Good,
DLV001974,PO-00974,EMEA,SUP032,2024-02-24,1629,OceanLink,DOCK-D,INS007,Good,
DLV001975,PO-00975,EMEA,SUP038,2024-04-13,336,FastFreight,DOCK-A,INS008,Good,
DLV001976,PO-00976,EMEA,SUP042,2024-03-29,190,DirectHaul,DOCK-D,INS003,Good,
DLV001977,PO-00977,EMEA,SUP060,2024-03-25,1813,GlobalShip,DOCK-D,INS007,Good,Minor packaging damage
DLV001978,PO-00978,EMEA,SUP053,2024-02-12,1117,FastFreight,DOCK-D,INS011,Good,
DLV001979,PO-00979,EMEA,SUP040,2024-03-03,1148,GlobalShip,DOCK-D,INS002,Good,
DLV001980,PO-00980,EMEA,SUP041,2024-03-01,1555,DirectHaul,DOCK-D,INS019,Good,
DLV001981,PO-00981,EMEA,SUP028,2024-03-03,781,FastFreight,DOCK-B,INS012,Good,
DLV001982,PO-00982,EMEA,SUP036,2024-02-21,1502,FreightCo,DOCK-B,INS004,Good,
DLV001983,PO-00983,EMEA,SUP042,2024-03-14,313,OceanLink,DOCK-B,INS015,Good,
DLV001984,PO-00984,EMEA,SUP044,2024-03-08,246,OceanLink,DOCK-B,INS008,Good,
DLV001985,PO-00985,EMEA,SUP049,2024-04-15,939,DirectHaul,DOCK-B,INS014,Good,
DLV001986,PO-00986,EMEA,SUP053,2024-02-05,1443,FreightCo,DOCK-A,INS016,Good,
DLV001987,PO-00987,EMEA,SUP057,2024-03-13,66,PrimeLogistics,DOCK-A,INS007,Good,Partial pallet
DLV001988,PO-00988,EMEA,SUP011,2024-04-05,1425,GlobalShip,DOCK-C,INS003,Good,
DLV001989,PO-00989,EMEA,SUP033,2024-03-29,994,OceanLink,DOCK-A,INS017,Good,
DLV001990,PO-00990,EMEA,SUP011,2024-02-07,466,PrimeLogistics,DOCK-A,INS011,Good,
DLV001991,PO-00991,EMEA,SUP047,2024-04-04,95,DirectHaul,DOCK-A,INS012,Good,
DLV001992,PO-00992,EMEA,SUP012,2024-02-15,520,GlobalShip,DOCK-A,INS010,Good,
DLV001993,PO-00993,EMEA,SUP046,2024-03-23,392,PrimeLogistics,DOCK-A,INS015,Good,
DLV001994,PO-00994,EMEA,SUP006,2024-03-03,1397,FreightCo,DOCK-A,INS006,Good,
DLV001995,PO-00995,EMEA,SUP057,2024-04-05,1636,GlobalShip,DOCK-B,INS018,Good,
DLV001996,PO-00996,EMEA,SUP041,2024-02-09,211,PrimeLogistics,DOCK-D,INS001,Good,
DLV001997,PO-00997,EMEA,SUP055,2024-04-12,1503,,DOCK-B,INS009,Good,
DLV001998,PO-00998,EMEA,SUP029,2024-02-13,266,DirectHaul,DOCK-D,INS004,Good,Minor packaging damage
DLV001999,PO-00999,EMEA,SUP060,2024-01-16,1216,DirectHaul,DOCK-B,INS006,Good,Correct paperwork
DLV002000,PO-01000,EMEA,SUP043,2024-04-15,184,FastFreight,DOCK-B,INS006,Good,Minor packaging damage
DLV002001,PO-00001,APAC,SUP051,2024-01-24,691,FreightCo,DOCK-B,INS005,Good,
DLV002002,PO-00002,APAC,SUP041,2024-02-03,908,DirectHaul,DOCK-A,INS008,Good,
DLV002003,PO-00003,APAC,SUP042,2024-03-06,841,OceanLink,DOCK-D,INS020,Good,
DLV002004,PO-00004,APAC,SUP048,2024-04-02,1061,PrimeLogistics,DOCK-B,INS004,Good,
DLV002005,PO-00005,APAC,SUP051,2024-02-20,1272,DirectHaul,DOCK-A,INS017,Good,Minor packaging damage
DLV002006,PO-00006,APAC,SUP044,2024-01-22,940,GlobalShip,DOCK-D,INS008,Good,
DLV002007,PO-00007,APAC,SUP040,2024-01-15,473,GlobalShip,DOCK-C,INS020,Good,Minor packaging damage
DLV002008,PO-00008,APAC,SUP006,2024-03-20,1391,DirectHaul,DOCK-B,INS010,Good,
DLV002009,PO-00009,APAC,SUP053,2024-04-07,1537,PrimeLogistics,DOCK-D,INS013,Good,
DLV002010,PO-00010,APAC,SUP039,2024-02-18,265,OceanLink,DOCK-C,INS013,Good,
DLV002011,PO-00011,APAC,SUP045,2024-03-09,789,PrimeLogistics,DOCK-A,INS017,Good,
DLV002012,PO-00012,APAC,SUP043,2024-04-12,1728,FastFreight,DOCK-C,INS017,Good,
DLV002013,PO-00013,APAC,SUP016,2024-03-18,315,PrimeLogistics,DOCK-A,INS008,Good,
DLV002014,PO-00014,APAC,SUP007,2024-03-30,453,DirectHaul,DOCK-C,INS018,Damaged,
DLV002015,PO-00015,APAC,SUP040,2024-03-01,50,DirectHaul,DOCK-A,INS002,Good,Minor packaging damage
DLV002016,PO-00016,APAC,SUP011,2024-01-28,1008,PrimeLogistics,DOCK-A,INS011,Good,Correct paperwork
DLV002017,PO-00017,APAC,SUP018,2024-02-23,251,GlobalShip,DOCK-C,INS009,Good,
DLV002018,PO-00018,APAC,SUP005,2024-03-13,1034,OceanLink,DOCK-A,INS014,Good,
DLV002019,PO-00019,APAC,SUP005,2024-03-24,1285,FreightCo,DOCK-B,INS010,Good,
DLV002020,PO-00020,APAC,SUP057,2024-02-21,1895,FreightCo,DOCK-C,INS011,Good,Correct paperwork
DLV002021,PO-00021,APAC,SUP017,2024-02-12,889,PrimeLogistics,DOCK-A,INS011,Good,
DLV002022,PO-00022,APAC,SUP026,2024-04-02,1597,FreightCo,DOCK-A,INS017,Good,
DLV002023,PO-00023,APAC,SUP038,2024-03-07,234,GlobalShip,DOCK-B,INS020,Good,
DLV002024,PO-00024,APAC,SUP017,2024-02-17,163,FreightCo,DOCK-D,INS020,Good,
DLV002025,PO-00025,APAC,SUP039,2024-02-03,222,FreightCo,DOCK-A,INS020,Good,
DLV002026,PO-00026,APAC,SUP039,2024-02-22,1649,PrimeLogistics,DOCK-A,INS009,Good,
DLV002027,PO-00027,APAC,SUP058,2024-02-23,1627,DirectHaul,DOCK-A,INS008,Good,
DLV002028,PO-00028,APAC,SUP056,2024-02-12,1507,GlobalShip,DOCK-A,INS007,Good,
DLV002029,PO-00029,APAC,SUP019,2024-03-19,408,DirectHaul,DOCK-D,INS014,Damaged,
DLV002030,PO-00030,APAC,SUP010,2024-02-13,1872,FreightCo,DOCK-D,INS014,Good,
DLV002031,PO-00031,APAC,SUP044,2024-02-29,1394,OceanLink,DOCK-D,INS011,Good,
DLV002032,PO-00032,APAC,SUP032,2024-03-07,1341,PrimeLogistics,DOCK-D,INS009,Good,
DLV002033,PO-00033,APAC,SUP058,2024-03-30,1679,GlobalShip,DOCK-A,INS017,Good,
DLV002034,PO-00034,APAC,SUP032,2024-03-27,68,OceanLink,DOCK-A,INS015,Good,
DLV002035,PO-00035,APAC,SUP025,2024-03-04,1238,FastFreight,DOCK-B,INS005,Good,
DLV002036,PO-00036,APAC,SUP009,2024-02-19,1319,DirectHaul,DOCK-D,INS016,Good,
DLV002037,PO-00037,APAC,SUP012,2024-03-08,259,FreightCo,DOCK-C,INS015,Good,
DLV002038,PO-00038,APAC,SUP034,2024-02-16,238,GlobalShip,DOCK-A,INS003,Good,Partial pallet
DLV002039,PO-00039,APAC,SUP025,2024-02-24,700,DirectHaul,DOCK-D,INS006,Good,
DLV002040,PO-00040,APAC,SUP019,2024-04-23,154,FreightCo,DOCK-D,INS005,Good,
DLV002041,PO-00041,APAC,SUP059,2024-03-22,1685,GlobalShip,DOCK-A,INS001,Good,
DLV002042,PO-00042,APAC,SUP045,2024-01-31,70,GlobalShip,DOCK-B,INS003,Good,
DLV002043,PO-00043,APAC,SUP057,2024-03-08,383,FreightCo,DOCK-B,INS013,Good,
DLV002044,PO-00044,APAC,SUP047,2024-04-07,1701,,DOCK-A,INS004,Good,
DLV002045,PO-00045,APAC,SUP023,2024-03-19,460,FreightCo,DOCK-D,INS005,Good,Minor packaging damage
DLV002046,PO-00046,APAC,SUP040,2024-01-23,840,PrimeLogistics,DOCK-C,INS020,Good,Correct paperwork
DLV002047,PO-00047,APAC,SUP032,2024-02-21,1554,,DOCK-D,INS006,Good,
DLV002048,PO-00048,APAC,SUP002,2024-02-20,1570,PrimeLogistics,DOCK-B,INS001,Good,
DLV002049,PO-00049,APAC,SUP027,2024-01-25,1786,GlobalShip,DOCK-A,INS017,Good,
DLV002050,PO-00050,APAC,SUP047,2024-01-13,1777,FreightCo,DOCK-D,INS009,Good,
DLV002051,PO-00051,APAC,SUP053,2024-04-18,1675,FastFreight,DOCK-B,INS010,Good,
DLV002052,PO-00052,APAC,SUP052,2024-03-13,1841,GlobalShip,DOCK-C,INS017,Good,
DLV002053,PO-00053,APAC,SUP035,2024-03-02,1136,OceanLink,DOCK-D,INS016,Good,
DLV002054,PO-00054,APAC,SUP023,2024-04-09,1203,FreightCo,DOCK-B,INS019,Good,
DLV002055,PO-00055,APAC,SUP028,2024-03-18,1012,FastFreight,DOCK-B,INS015,Good,
DLV002056,PO-00056,APAC,SUP034,2024-02-14,305,GlobalShip,DOCK-C,INS014,Good,
DLV002057,PO-00057,APAC,SUP020,2024-01-29,613,OceanLink,DOCK-A,INS017,Good,Partial pallet
DLV002058,PO-00058,APAC,SUP036,2024-03-27,1021,OceanLink,DOCK-C,INS011,Good,
DLV002059,PO-00059,APAC,SUP047,2024-02-22,114,FastFreight,DOCK-A,INS011,Good,
DLV002060,PO-00060,APAC,SUP012,2024-02-10,524,FreightCo,DOCK-C,INS005,Good,
DLV002061,PO-00061,APAC,SUP056,2024-01-14,398,PrimeLogistics,DOCK-D,INS013,Good,
DLV002062,PO-00062,APAC,SUP056,2024-01-27,445,GlobalShip,DOCK-D,INS011,Good,
DLV002063,PO-00063,APAC,SUP003,2024-02-13,1570,GlobalShip,DOCK-C,INS009,Good,
DLV002064,PO-00064,APAC,SUP018,2024-03-04,1638,PrimeLogistics,DOCK-A,INS009,Good,
DLV002065,PO-00065,APAC,SUP040,2024-02-14,1805,DirectHaul,DOCK-B,INS019,Good,
DLV002066,PO-00066,APAC,SUP023,2024-01-29,1285,GlobalShip,DOCK-B,INS015,Good,
DLV002067,PO-00067,APAC,SUP057,2024-01-29,1224,FastFreight,DOCK-B,INS005,Good,
DLV002068,PO-00068,APAC,SUP056,2024-04-17,1502,DirectHaul,DOCK-D,INS003,Good,
DLV002069,PO-00069,APAC,SUP003,2024-03-06,1326,,DOCK-D,INS016,Good,
DLV002070,PO-00070,APAC,SUP056,2024-04-27,519,PrimeLogistics,DOCK-D,INS012,Good,
DLV002071,PO-00071,APAC,SUP034,2024-01-16,1656,FastFreight,DOCK-C,INS016,Good,
DLV002072,PO-00072,APAC,SUP016,2024-01-25,1370,PrimeLogistics,DOCK-D,INS019,Good,Minor packaging damage
DLV002073,PO-00073,APAC,SUP002,2024-02-05,1789,FreightCo,DOCK-C,INS011,Good,
DLV002074,PO-00074,APAC,SUP040,2024-03-02,1326,,DOCK-B,INS012,Good,
DLV002075,PO-00075,APAC,SUP056,2024-03-21,172,FastFreight,DOCK-A,INS013,Good,
DLV002076,PO-00076,APAC,SUP043,2024-02-15,1005,FreightCo,DOCK-B,INS015,Good,
DLV002077,PO-00077,APAC,SUP017,2024-01-26,233,DirectHaul,DOCK-D,INS016,Damaged,
DLV002078,PO-00078,APAC,SUP048,2024-02-19,994,FreightCo,DOCK-C,INS010,Good,
DLV002079,PO-00079,APAC,SUP019,2024-04-01,1086,OceanLink,DOCK-D,INS004,Good,
DLV002080,PO-00080,APAC,SUP010,2024-02-16,386,GlobalShip,DOCK-D,INS012,Good,
DLV002081,PO-00081,APAC,SUP034,2024-04-19,278,FastFreight,DOCK-A,INS014,Good,
DLV002082,PO-00082,APAC,SUP039,2024-02-15,1134,FreightCo,DOCK-C,INS011,Good,
DLV002083,PO-00083,APAC,SUP029,2024-03-10,1205,DirectHaul,DOCK-D,INS013,Partial,
DLV002084,PO-00084,APAC,SUP046,2024-02-11,1626,PrimeLogistics,DOCK-D,INS002,Good,
DLV002085,PO-00085,APAC,SUP031,2024-02-23,1049,DirectHaul,DOCK-B,INS006,Good,
DLV002086,PO-00086,APAC,SUP024,2024-03-14,726,PrimeLogistics,DOCK-C,INS003,Good,
DLV002087,PO-00087,APAC,SUP016,2024-02-28,687,FastFreight,DOCK-C,INS007,Good,
DLV002088,PO-00088,APAC,SUP048,2024-03-25,378,FreightCo,DOCK-D,INS004,Good,
DLV002089,PO-00089,APAC,SUP004,2024-03-22,1268,GlobalShip,DOCK-B,INS017,Good,
DLV002090,PO-00090,APAC,SUP003,2024-03-13,1711,DirectHaul,DOCK-D,INS004,Good,
DLV002091,PO-00091,APAC,SUP013,2024-03-06,259,FastFreight,DOCK-C,INS006,Good,
DLV002092,PO-00092,APAC,SUP055,2024-03-04,1405,PrimeLogistics,DOCK-B,INS014,Good,
DLV002093,PO-00093,APAC,SUP024,2024-02-03,354,FreightCo,DOCK-D,INS017,Good,Correct paperwork
DLV002094,PO-00094,APAC,SUP051,2024-02-24,1172,FreightCo,DOCK-C,INS010,Good,Correct paperwork
DLV002095,PO-00095,APAC,SUP026,2024-03-31,1588,,DOCK-D,INS001,Good,
DLV002096,PO-00096,APAC,SUP028,2024-03-02,1759,PrimeLogistics,DOCK-B,INS007,Good,
DLV002097,PO-00097,APAC,SUP042,2024-02-16,912,DirectHaul,DOCK-D,INS013,Good,
DLV002098,PO-00098,APAC,SUP037,2024-02-10,1239,FreightCo,DOCK-D,INS002,Good,
DLV002099,PO-00099,APAC,SUP015,2024-01-16,1683,OceanLink,DOCK-B,INS008,Good,
DLV002100,PO-00100,APAC,SUP001,2024-03-04,1511,FreightCo,DOCK-D,INS015,Good,
DLV002101,PO-00101,APAC,SUP059,2024-03-18,1017,OceanLink,DOCK-C,INS006,Good,
DLV002102,PO-00102,APAC,SUP038,2024-03-24,106,DirectHaul,DOCK-A,INS019,Good,
DLV002103,PO-00103,APAC,SUP009,2024-01-14,110,PrimeLogistics,DOCK-A,INS005,Good,
DLV002104,PO-00104,APAC,SUP025,2024-02-19,186,FreightCo,DOCK-A,INS009,Good,
DLV002105,PO-00105,APAC,SUP022,2024-04-20,100,OceanLink,DOCK-A,INS016,Good,
DLV002106,PO-00106,APAC,SUP040,2024-03-30,1783,OceanLink,DOCK-D,INS006,Good,
DLV002107,PO-00107,APAC,SUP030,2024-01-29,1281,GlobalShip,DOCK-B,INS002,Good,
DLV002108,PO-00108,APAC,SUP017,2024-04-24,1434,DirectHaul,DOCK-C,INS010,Good,
DLV002109,PO-00109,APAC,SUP052,2024-03-29,585,DirectHaul,DOCK-A,INS006,Good,
DLV002110,PO-00110,APAC,SUP024,2024-03-19,924,PrimeLogistics,DOCK-D,INS019,Good,
DLV002111,PO-00111,APAC,SUP003,2024-02-13,1317,FreightCo,DOCK-A,INS020,Good,
DLV002112,PO-00112,APAC,SUP052,2024-03-19,934,PrimeLogistics,DOCK-B,INS006,Good,
DLV002113,PO-00113,APAC,SUP004,2024-02-08,1829,PrimeLogistics,DOCK-A,INS008,Good,
DLV002114,PO-00114,APAC,SUP033,2024-04-01,1832,FreightCo,DOCK-D,INS012,Damaged,
DLV002115,PO-00115,APAC,SUP057,2024-03-12,1923,FastFreight,DOCK-D,INS010,Good,
DLV002116,PO-00116,APAC,SUP040,2024-03-13,854,OceanLink,DOCK-A,INS008,Good,
DLV002117,PO-00117,APAC,SUP007,2024-03-06,667,PrimeLogistics,DOCK-C,INS014,Good,
DLV002118,PO-00118,APAC,SUP012,2024-04-09,1223,FreightCo,DOCK-D,INS020,Good,
DLV002119,PO-00119,APAC,SUP031,2024-01-25,828,FastFreight,DOCK-B,INS020,Good,
DLV002120,PO-00120,APAC,SUP055,2024-03-24,784,DirectHaul,DOCK-C,INS004,Good,
DLV002121,PO-00121,APAC,SUP002,2024-02-23,1373,FastFreight,DOCK-A,INS020,Good,
DLV002122,PO-00122,APAC,SUP012,2024-02-06,931,FreightCo,DOCK-C,INS014,Good,
DLV002123,PO-00123,APAC,SUP051,2024-01-30,307,PrimeLogistics,DOCK-D,INS015,Good,
DLV002124,PO-00124,APAC,SUP015,2024-01-20,1782,PrimeLogistics,DOCK-A,INS009,Good,Correct paperwork
DLV002125,PO-00125,APAC,SUP036,2024-03-30,86,DirectHaul,DOCK-C,INS016,Good,
DLV002126,PO-00126,APAC,SUP017,2024-02-01,497,GlobalShip,DOCK-C,INS008,Good,
DLV002127,PO-00127,APAC,SUP053,2024-03-04,908,DirectHaul,DOCK-B,INS015,Good,
DLV002128,PO-00128,APAC,SUP033,2024-02-22,1278,FreightCo,DOCK-C,INS002,Good,
DLV002129,PO-00129,APAC,SUP033,2024-02-14,1451,DirectHaul,DOCK-B,INS011,Good,
DLV002130,PO-00130,APAC,SUP050,2024-02-17,441,DirectHaul,DOCK-D,INS006,Good,
DLV002131,PO-00131,APAC,SUP034,2024-03-13,1561,DirectHaul,DOCK-D,INS004,Good,
DLV002132,PO-00132,APAC,SUP039,2024-02-17,1548,FreightCo,DOCK-B,INS019,Good,
DLV002133,PO-00133,APAC,SUP041,2024-03-27,821,FreightCo,DOCK-A,INS001,Good,
DLV002134,PO-00134,APAC,SUP015,2024-01-31,797,GlobalShip,DOCK-C,INS011,Good,
DLV002135,PO-00135,APAC,SUP018,2024-03-03,1138,PrimeLogistics,DOCK-B,INS010,Good,
DLV002136,PO-00136,APAC,SUP046,2024-01-30,1064,GlobalShip,DOCK-D,INS002,Good,
DLV002137,PO-00137,APAC,SUP028,2024-02-02,945,FreightCo,DOCK-C,INS004,Good,
DLV002138,PO-00138,APAC,SUP014,2024-04-16,1054,FastFreight,DOCK-C,INS015,Good,
DLV002139,PO-00139,APAC,SUP026,2024-02-26,1954,FreightCo,DOCK-D,INS011,Good,
DLV002140,PO-00140,APAC,SUP038,2024-03-19,1569,FreightCo,DOCK-A,INS006,Good,
DLV002141,PO-00141,APAC,SUP019,2024-04-17,90,OceanLink,DOCK-D,INS017,Good,
DLV002142,PO-00142,APAC,SUP055,2024-01-30,382,FastFreight,DOCK-B,INS005,Good,
DLV002143,PO-00143,APAC,SUP040,2024-04-26,520,GlobalShip,DOCK-C,INS017,Good,
DLV002144,PO-00144,APAC,SUP031,2024-02-19,844,GlobalShip,DOCK-B,INS013,Good,
DLV002145,PO-00145,APAC,SUP038,2024-04-04,1237,GlobalShip,DOCK-A,INS002,Good,
DLV002146,PO-00146,APAC,SUP035,2024-02-07,1038,GlobalShip,DOCK-A,INS009,Good,
DLV002147,PO-00147,APAC,SUP020,2024-04-02,1750,PrimeLogistics,DOCK-A,INS017,Good,
DLV002148,PO-00148,APAC,SUP047,2024-01-09,1082,OceanLink,DOCK-C,INS018,Good,
DLV002149,PO-00149,APAC,SUP004,2024-03-24,1463,GlobalShip,DOCK-A,INS020,Good,
DLV002150,PO-00150,APAC,SUP030,2024-02-18,987,FreightCo,DOCK-B,INS010,Good,Correct paperwork
DLV002151,PO-00151,APAC,SUP007,2024-04-14,568,DirectHaul,DOCK-B,INS020,Good,
DLV002152,PO-00152,APAC,SUP050,2024-01-25,601,FreightCo,DOCK-D,INS008,Good,
DLV002153,PO-00153,APAC,SUP044,2024-03-26,1604,DirectHaul,DOCK-C,INS002,Good,
DLV002154,PO-00154,APAC,SUP026,2024-03-09,721,,DOCK-D,INS009,Good,
DLV002155,PO-00155,APAC,SUP023,2024-01-21,1475,GlobalShip,DOCK-A,INS001,Good,
DLV002156,PO-00156,APAC,SUP002,2024-02-19,1521,FastFreight,DOCK-C,INS003,Good,
DLV002157,PO-00157,APAC,SUP013,2024-04-04,1877,FastFreight,DOCK-A,INS015,Good,
DLV002158,PO-00158,APAC,SUP014,2024-04-21,1301,FastFreight,DOCK-D,INS017,Good,
DLV002159,PO-00159,APAC,SUP030,2024-03-09,623,PrimeLogistics,DOCK-B,INS017,Good,Correct paperwork
DLV002160,PO-00160,APAC,SUP004,2024-03-29,1293,GlobalShip,DOCK-D,INS014,Good,
DLV002161,PO-00161,APAC,SUP014,2024-02-09,401,OceanLink,DOCK-C,INS005,Good,
DLV002162,PO-00162,APAC,SUP011,2024-03-21,602,GlobalShip,DOCK-D,INS016,Good,
DLV002163,PO-00163,APAC,SUP045,2024-01-29,1710,PrimeLogistics,DOCK-B,INS016,Good,
DLV002164,PO-00164,APAC,SUP015,2024-02-28,583,OceanLink,DOCK-D,INS012,Good,
DLV002165,PO-00165,APAC,SUP028,2024-04-06,288,GlobalShip,DOCK-C,INS005,Good,Partial pallet
DLV002166,PO-00166,APAC,SUP058,2024-02-27,1489,FastFreight,DOCK-D,INS006,Damaged,
DLV002167,PO-00167,APAC,SUP020,2024-04-04,1729,OceanLink,DOCK-C,INS018,Good,
DLV002168,PO-00168,APAC,SUP024,2024-01-23,102,FreightCo,DOCK-A,INS005,Good,
DLV002169,PO-00169,APAC,SUP054,2024-02-04,763,FreightCo,DOCK-D,INS014,Good,
DLV002170,PO-00170,APAC,SUP013,2024-03-11,1598,FreightCo,DOCK-D,INS015,Good,
DLV002171,PO-00171,APAC,SUP004,2024-03-28,287,,DOCK-C,INS011,Good,
DLV002172,PO-00172,APAC,SUP013,2024-02-16,253,GlobalShip,DOCK-B,INS015,Good,
DLV002173,PO-00173,APAC,SUP004,2024-02-16,1795,GlobalShip,DOCK-A,INS002,Good,
DLV002174,PO-00174,APAC,SUP046,2024-03-15,355,DirectHaul,DOCK-A,INS019,Good,
DLV002175,PO-00175,APAC,SUP024,2024-02-06,1233,OceanLink,DOCK-C,INS004,Good,
DLV002176,PO-00176,APAC,SUP012,2024-02-09,370,DirectHaul,DOCK-A,INS017,Good,
DLV002177,PO-00177,APAC,SUP016,2024-02-18,945,PrimeLogistics,DOCK-A,INS007,Good,
DLV002178,PO-00178,APAC,SUP034,2024-03-24,1780,DirectHaul,DOCK-C,INS016,Good,
DLV002179,PO-00179,APAC,SUP017,2024-03-18,536,,DOCK-A,INS011,Good,
DLV002180,PO-00180,APAC,SUP013,2024-02-23,259,FastFreight,DOCK-D,INS014,Good,
DLV002181,PO-00181,APAC,SUP037,2024-01-31,1665,FreightCo,DOCK-A,INS006,Good,
DLV002182,PO-00182,APAC,SUP045,2024-02-06,1006,PrimeLogistics,DOCK-B,INS003,Good,
DLV002183,PO-00183,APAC,SUP013,2024-03-08,1997,GlobalShip,DOCK-B,INS018,Good,
DLV002184,PO-00184,APAC,SUP016,2024-02-23,1689,GlobalShip,DOCK-D,INS004,Good,
DLV002185,PO-00185,APAC,SUP006,2024-04-28,1234,GlobalShip,DOCK-D,INS018,Good,
DLV002186,PO-00186,APAC,SUP010,2024-03-05,575,OceanLink,DOCK-A,INS017,Damaged,
DLV002187,PO-00187,APAC,SUP032,2024-04-10,360,PrimeLogistics,DOCK-A,INS008,Good,
DLV002188,PO-00188,APAC,SUP048,2024-03-17,957,DirectHaul,DOCK-D,INS007,Good,
DLV002189,PO-00189,APAC,SUP024,2024-03-28,1835,OceanLink,DOCK-D,INS017,Good,
DLV002190,PO-00190,APAC,SUP033,2024-01-22,1680,FastFreight,DOCK-B,INS004,Good,
DLV002191,PO-00191,APAC,SUP023,2024-04-06,657,FreightCo,DOCK-D,INS003,Good,
DLV002192,PO-00192,APAC,SUP029,2024-03-17,460,GlobalShip,DOCK-A,INS019,Good,
DLV002193,PO-00193,APAC,SUP039,2024-03-06,1735,FreightCo,DOCK-D,INS017,Good,
DLV002194,PO-00194,APAC,SUP021,2024-03-11,1122,DirectHaul,DOCK-C,INS002,Good,
DLV002195,PO-00195,APAC,SUP012,2024-01-14,1493,DirectHaul,DOCK-D,INS012,Good,
DLV002196,PO-00196,APAC,SUP056,2024-04-25,430,FreightCo,DOCK-D,INS002,Good,
DLV002197,PO-00197,APAC,SUP005,2024-03-29,774,OceanLink,DOCK-C,INS018,Good,Correct paperwork
DLV002198,PO-00198,APAC,SUP048,2024-04-04,535,PrimeLogistics,DOCK-A,INS015,Good,
DLV002199,PO-00199,APAC,SUP054,2024-03-02,994,OceanLink,DOCK-A,INS017,Good,
DLV002200,PO-00200,APAC,SUP046,2024-04-03,961,DirectHaul,DOCK-B,INS005,Good,
DLV002201,PO-00201,APAC,SUP008,2024-01-30,663,GlobalShip,DOCK-A,INS019,Good,
DLV002202,PO-00202,APAC,SUP038,2024-02-07,1519,OceanLink,DOCK-C,INS009,Good,
DLV002203,PO-00203,APAC,SUP011,2024-02-16,191,OceanLink,DOCK-A,INS013,Good,
DLV002204,PO-00204,APAC,SUP037,2024-02-18,759,FastFreight,DOCK-A,INS017,Good,
DLV002205,PO-00205,APAC,SUP047,2024-03-16,1128,OceanLink,DOCK-B,INS005,Good,
DLV002206,PO-00206,APAC,SUP053,2024-04-12,664,DirectHaul,DOCK-B,INS001,Good,
DLV002207,PO-00207,APAC,SUP030,2024-02-18,1193,FreightCo,DOCK-A,INS016,Good,
DLV002208,PO-00208,APAC,SUP002,2024-01-16,682,DirectHaul,DOCK-B,INS006,Good,
DLV002209,PO-00209,APAC,SUP024,2024-01-31,274,DirectHaul,DOCK-D,INS001,Good,
DLV002210,PO-00210,APAC,SUP012,2024-04-01,300,FastFreight,DOCK-C,INS009,Good,
DLV002211,PO-00211,APAC,SUP053,2024-02-07,568,DirectHaul,DOCK-C,INS004,Good,
DLV002212,PO-00212,APAC,SUP004,2024-03-03,987,FastFreight,DOCK-A,INS004,Good,
DLV002213,PO-00213,APAC,SUP059,2024-01-29,939,PrimeLogistics,DOCK-B,INS006,Good,
DLV002214,PO-00214,APAC,SUP037,2024-01-26,316,DirectHaul,DOCK-C,INS006,Good,
DLV002215,PO-00215,APAC,SUP051,2024-02-05,423,DirectHaul,DOCK-A,INS009,Good,
DLV002216,PO-00216,APAC,SUP037,2024-03-26,642,DirectHaul,DOCK-B,INS006,Good,
DLV002217,PO-00217,APAC,SUP031,2024-03-31,779,FastFreight,DOCK-C,INS003,Good,
DLV002218,PO-00218,APAC,SUP038,2024-03-12,1729,FreightCo,DOCK-C,INS006,Good,
DLV002219,PO-00219,APAC,SUP011,2024-04-16,1205,OceanLink,DOCK-C,INS018,Good,
DLV002220,PO-00220,APAC,SUP018,2024-03-08,365,PrimeLogistics,DOCK-C,INS020,Good,
DLV002221,PO-00221,APAC,SUP028,2024-02-25,431,,DOCK-C,INS003,Good,
DLV002222,PO-00222,APAC,SUP040,2024-02-14,250,OceanLink,DOCK-D,INS016,Good,
DLV002223,PO-00223,APAC,SUP037,2024-02-13,1543,FreightCo,DOCK-B,INS008,Good,
DLV002224,PO-00224,APAC,SUP010,2024-02-27,669,FreightCo,DOCK-A,INS009,Good,
DLV002225,PO-00225,APAC,SUP051,2024-04-13,953,DirectHaul,DOCK-C,INS003,Good,
DLV002226,PO-00226,APAC,SUP027,2024-02-17,1053,PrimeLogistics,DOCK-B,INS006,Good,
DLV002227,PO-00227,APAC,SUP003,2024-03-13,1471,PrimeLogistics,DOCK-B,INS017,Partial,
DLV002228,PO-00228,APAC,SUP007,2024-03-12,88,DirectHaul,DOCK-D,INS003,Good,
DLV002229,PO-00229,APAC,SUP037,2024-01-11,750,OceanLink,DOCK-B,INS014,Good,
DLV002230,PO-00230,APAC,SUP031,2024-03-27,1550,OceanLink,DOCK-A,INS020,Good,
DLV002231,PO-00231,APAC,SUP060,2024-04-01,106,FastFreight,DOCK-A,INS013,Good,Minor packaging damage
DLV002232,PO-00232,APAC,SUP021,2024-03-28,1244,DirectHaul,DOCK-A,INS003,Good,
DLV002233,PO-00233,APAC,SUP026,2024-01-30,1629,GlobalShip,DOCK-D,INS009,Good,
DLV002234,PO-00234,APAC,SUP031,2024-03-21,291,GlobalShip,DOCK-A,INS010,Partial,
DLV002235,PO-00235,APAC,SUP045,2024-03-11,721,OceanLink,DOCK-D,INS004,Good,
DLV002236,PO-00236,APAC,SUP030,2024-02-12,1171,OceanLink,DOCK-A,INS013,Good,
DLV002237,PO-00237,APAC,SUP055,2024-02-11,1779,DirectHaul,DOCK-A,INS002,Good,
DLV002238,PO-00238,APAC,SUP027,2024-03-26,1540,DirectHaul,DOCK-B,INS008,Good,Minor packaging damage
DLV002239,PO-00239,APAC,SUP009,2024-01-30,1628,PrimeLogistics,DOCK-B,INS002,Good,
DLV002240,PO-00240,APAC,SUP032,2024-02-22,240,FastFreight,DOCK-B,INS003,Good,Partial pallet
DLV002241,PO-00241,APAC,SUP042,2024-02-01,1541,DirectHaul,DOCK-A,INS009,Partial,
DLV002242,PO-00242,APAC,SUP060,2024-03-03,925,PrimeLogistics,DOCK-A,INS017,Good,
DLV002243,PO-00243,APAC,SUP054,2024-01-31,1105,OceanLink,DOCK-C,INS019,Good,
DLV002244,PO-00244,APAC,SUP024,2024-04-01,834,FastFreight,DOCK-C,INS015,Good,
DLV002245,PO-00245,APAC,SUP004,2024-04-08,225,OceanLink,DOCK-B,INS020,Good,
DLV002246,PO-00246,APAC,SUP041,2024-02-28,715,PrimeLogistics,DOCK-D,INS018,Good,
DLV002247,PO-00247,APAC,SUP004,2024-02-04,576,PrimeLogistics,DOCK-B,INS002,Good,
DLV002248,PO-00248,APAC,SUP026,2024-04-23,1336,FastFreight,DOCK-A,INS002,Good,
DLV002249,PO-00249,APAC,SUP043,2024-02-26,562,DirectHaul,DOCK-A,INS003,Good,
DLV002250,PO-00250,APAC,SUP046,2024-03-11,791,OceanLink,DOCK-D,INS011,Good,
DLV002251,PO-00251,APAC,SUP047,2024-02-21,894,FreightCo,DOCK-D,INS015,Good,
DLV002252,PO-00252,APAC,SUP049,2024-02-10,1458,,DOCK-C,INS003,Good,
DLV002253,PO-00253,APAC,SUP055,2024-03-10,948,DirectHaul,DOCK-A,INS003,Good,
DLV002254,PO-00254,APAC,SUP046,2024-03-11,1629,,DOCK-D,INS017,Good,
DLV002255,PO-00255,APAC,SUP051,2024-02-10,1064,OceanLink,DOCK-B,INS001,Good,
DLV002256,PO-00256,APAC,SUP050,2024-03-26,220,GlobalShip,DOCK-C,INS009,Good,
DLV002257,PO-00257,APAC,SUP016,2024-02-19,923,FreightCo,DOCK-D,INS007,Good,
DLV002258,PO-00258,APAC,SUP049,2024-04-02,634,FastFreight,DOCK-D,INS015,Good,
DLV002259,PO-00259,APAC,SUP051,2024-02-25,1142,DirectHaul,DOCK-A,INS007,Good,
DLV002260,PO-00260,APAC,SUP023,2024-01-26,1373,,DOCK-B,INS006,Good,
DLV002261,PO-00261,APAC,SUP035,2024-02-22,1927,GlobalShip,DOCK-C,INS018,Good,
DLV002262,PO-00262,APAC,SUP053,2024-02-05,1240,FastFreight,DOCK-B,INS015,Good,
DLV002263,PO-00263,APAC,SUP048,2024-03-17,1471,PrimeLogistics,DOCK-C,INS009,Good,
DLV002264,PO-00264,APAC,SUP023,2024-02-21,543,GlobalShip,DOCK-B,INS016,Good,
DLV002265,PO-00265,APAC,SUP034,2024-02-06,1837,GlobalShip,DOCK-D,INS003,Good,
DLV002266,PO-00266,APAC,SUP024,2024-03-12,668,GlobalShip,DOCK-B,INS001,Good,
DLV002267,PO-00267,APAC,SUP055,2024-03-08,1568,FreightCo,DOCK-D,INS005,Good,
DLV002268,PO-00268,APAC,SUP044,2024-02-22,1037,FreightCo,DOCK-C,INS014,Good,
DLV002269,PO-00269,APAC,SUP026,2024-02-17,317,FastFreight,DOCK-D,INS002,Good,Correct paperwork
DLV002270,PO-00270,APAC,SUP024,2024-03-26,386,GlobalShip,DOCK-B,INS011,Good,Partial pallet
DLV002271,PO-00271,APAC,SUP010,2024-02-16,1751,OceanLink,DOCK-A,INS012,Good,
DLV002272,PO-00272,APAC,SUP058,2024-02-16,932,FreightCo,DOCK-B,INS006,Good,
DLV002273,PO-00273,APAC,SUP030,2024-04-02,108,FreightCo,DOCK-C,INS013,Good,
DLV002274,PO-00274,APAC,SUP026,2024-02-27,711,PrimeLogistics,DOCK-C,INS004,Good,
DLV002275,PO-00275,APAC,SUP043,2024-02-12,730,OceanLink,DOCK-C,INS014,Good,Minor packaging damage
DLV002276,PO-00276,APAC,SUP030,2024-01-26,542,GlobalShip,DOCK-D,INS003,Partial,
DLV002277,PO-00277,APAC,SUP048,2024-03-14,126,FreightCo,DOCK-A,INS012,Damaged,
DLV002278,PO-00278,APAC,SUP055,2024-03-04,1090,FastFreight,DOCK-C,INS005,Good,
DLV002279,PO-00279,APAC,SUP024,2024-02-15,304,OceanLink,DOCK-A,INS012,Good,
DLV002280,PO-00280,APAC,SUP025,2024-02-15,231,DirectHaul,DOCK-B,INS002,Good,
DLV002281,PO-00281,APAC,SUP029,2024-01-29,319,GlobalShip,DOCK-A,INS002,Good,
DLV002282,PO-00282,APAC,SUP020,2024-03-15,131,FastFreight,DOCK-A,INS001,Good,
DLV002283,PO-00283,APAC,SUP051,2024-02-09,1044,DirectHaul,DOCK-A,INS010,Good,
DLV002284,PO-00284,APAC,SUP016,2024-02-21,1552,PrimeLogistics,DOCK-A,INS015,Good,
DLV002285,PO-00285,APAC,SUP035,2024-01-30,1691,PrimeLogistics,DOCK-D,INS004,Good,
DLV002286,PO-00286,APAC,SUP017,2024-04-09,883,DirectHaul,DOCK-B,INS015,Good,
DLV002287,PO-00287,APAC,SUP045,2024-01-21,1398,GlobalShip,DOCK-B,INS015,Partial,
DLV002288,PO-00288,APAC,SUP051,2024-04-13,1040,,DOCK-A,INS015,Good,
DLV002289,PO-00289,APAC,SUP033,2024-02-27,1411,OceanLink,DOCK-A,INS004,Damaged,
DLV002290,PO-00290,APAC,SUP014,2024-02-24,640,FreightCo,DOCK-B,INS020,Good,
DLV002291,PO-00291,APAC,SUP030,2024-03-21,1349,,DOCK-B,INS017,Good,
DLV002292,PO-00292,APAC,SUP020,2024-02-11,427,OceanLink,DOCK-C,INS020,Good,Minor packaging damage
DLV002293,PO-00293,APAC,SUP044,2024-03-28,958,OceanLink,DOCK-A,INS001,Good,
DLV002294,PO-00294,APAC,SUP057,2024-03-21,435,PrimeLogistics,DOCK-A,INS004,Good,
DLV002295,PO-00295,APAC,SUP053,2024-04-09,372,PrimeLogistics,DOCK-B,INS013,Good,Partial pallet
DLV002296,PO-00296,APAC,SUP048,2024-04-09,1058,GlobalShip,DOCK-C,INS017,Good,
DLV002297,PO-00297,APAC,SUP053,2024-02-11,246,PrimeLogistics,DOCK-B,INS019,Good,
DLV002298,PO-00298,APAC,SUP052,2024-01-12,505,FastFreight,DOCK-B,INS003,Good,
DLV002299,PO-00299,APAC,SUP047,2024-04-21,371,FastFreight,DOCK-A,INS001,Good,
DLV002300,PO-00300,APAC,SUP012,2024-02-03,915,GlobalShip,DOCK-C,INS011,Good,Minor packaging damage
DLV002301,PO-00301,APAC,SUP004,2024-03-10,422,FastFreight,DOCK-D,INS009,Good,
DLV002302,PO-00302,APAC,SUP036,2024-02-20,212,FreightCo,DOCK-D,INS007,Good,
DLV002303,PO-00303,APAC,SUP043,2024-03-10,968,DirectHaul,DOCK-C,INS018,Good,
DLV002304,PO-00304,APAC,SUP025,2024-04-20,1308,PrimeLogistics,DOCK-C,INS019,Good,
DLV002305,PO-00305,APAC,SUP042,2024-03-15,1761,GlobalShip,DOCK-D,INS011,Good,
DLV002306,PO-00306,APAC,SUP055,2024-04-07,1714,OceanLink,DOCK-D,INS012,Good,
DLV002307,PO-00307,APAC,SUP042,2024-04-23,1052,GlobalShip,DOCK-A,INS014,Good,
DLV002308,PO-00308,APAC,SUP045,2024-03-02,393,DirectHaul,DOCK-D,INS004,Good,Correct paperwork
DLV002309,PO-00309,APAC,SUP021,2024-02-02,431,DirectHaul,DOCK-B,INS004,Good,
DLV002310,PO-00310,APAC,SUP026,2024-02-20,171,FreightCo,DOCK-B,INS008,Good,
DLV002311,PO-00311,APAC,SUP058,2024-02-19,1297,FastFreight,DOCK-C,INS001,Good,
DLV002312,PO-00312,APAC,SUP017,2024-02-18,427,FreightCo,DOCK-A,INS019,Good,
DLV002313,PO-00313,APAC,SUP049,2024-02-24,444,FastFreight,DOCK-D,INS013,Good,
DLV002314,PO-00314,APAC,SUP038,2024-02-07,1133,GlobalShip,DOCK-B,INS014,Good,
DLV002315,PO-00315,APAC,SUP028,2024-04-05,1335,OceanLink,DOCK-C,INS004,Good,
DLV002316,PO-00316,APAC,SUP014,2024-02-03,164,GlobalShip,DOCK-A,INS002,Good,
DLV002317,PO-00317,APAC,SUP026,2024-01-16,967,FreightCo,DOCK-B,INS015,Good,
DLV002318,PO-00318,APAC,SUP026,2024-02-28,310,DirectHaul,DOCK-A,INS008,Good,
DLV002319,PO-00319,APAC,SUP059,2024-03-03,156,DirectHaul,DOCK-A,INS016,Good,
DLV002320,PO-00320,APAC,SUP056,2024-03-15,1145,DirectHaul,DOCK-B,INS004,Good,
DLV002321,PO-00321,APAC,SUP010,2024-04-17,1663,GlobalShip,DOCK-C,INS016,Good,
DLV002322,PO-00322,APAC,SUP053,2024-03-01,412,OceanLink,DOCK-C,INS002,Good,
DLV002323,PO-00323,APAC,SUP056,2024-04-18,1178,GlobalShip,DOCK-B,INS010,Good,Minor packaging damage
DLV002324,PO-00324,APAC,SUP055,2024-02-20,185,FreightCo,DOCK-D,INS018,Good,
DLV002325,PO-00325,APAC,SUP003,2024-03-08,698,GlobalShip,DOCK-B,INS019,Good,
DLV002326,PO-00326,APAC,SUP041,2024-03-09,1364,PrimeLogistics,DOCK-A,INS017,Good,
DLV002327,PO-00327,APAC,SUP040,2024-04-21,1367,FreightCo,DOCK-D,INS015,Good,
DLV002328,PO-00328,APAC,SUP054,2024-04-10,625,GlobalShip,DOCK-A,INS001,Good,
DLV002329,PO-00329,APAC,SUP023,2024-04-21,481,PrimeLogistics,DOCK-C,INS020,Good,
DLV002330,PO-00330,APAC,SUP006,2024-01-26,1901,GlobalShip,DOCK-A,INS002,Good,
DLV002331,PO-00331,APAC,SUP056,2024-03-17,1481,PrimeLogistics,DOCK-C,INS016,Good,
DLV002332,PO-00332,APAC,SUP007,2024-04-17,903,PrimeLogistics,DOCK-A,INS011,Good,
DLV002333,PO-00333,APAC,SUP049,2024-03-22,278,DirectHaul,DOCK-C,INS019,Good,
DLV002334,PO-00334,APAC,SUP023,2024-04-12,1859,PrimeLogistics,DOCK-C,INS002,Good,
DLV002335,PO-00335,APAC,SUP037,2024-03-12,1671,OceanLink,DOCK-B,INS014,Good,
DLV002336,PO-00336,APAC,SUP048,2024-03-26,99,FreightCo,DOCK-C,INS013,Good,
DLV002337,PO-00337,APAC,SUP016,2024-03-14,257,PrimeLogistics,DOCK-D,INS018,Good,
DLV002338,PO-00338,APAC,SUP040,2024-03-15,795,FastFreight,DOCK-A,INS003,Good,
DLV002339,PO-00339,APAC,SUP019,2024-03-23,1531,GlobalShip,DOCK-A,INS008,Good,
DLV002340,PO-00340,APAC,SUP025,2024-01-08,166,FastFreight,DOCK-B,INS020,Good,
DLV002341,PO-00341,APAC,SUP048,2024-04-10,1452,FreightCo,DOCK-C,INS002,Good,
DLV002342,PO-00342,APAC,SUP011,2024-02-06,794,FastFreight,DOCK-A,INS005,Good,
DLV002343,PO-00343,APAC,SUP054,2024-01-28,442,DirectHaul,DOCK-B,INS003,Good,
DLV002344,PO-00344,APAC,SUP029,2024-03-14,147,FreightCo,DOCK-C,INS001,Good,
DLV002345,PO-00345,APAC,SUP038,2024-04-16,1506,OceanLink,DOCK-B,INS012,Good,
DLV002346,PO-00346,APAC,SUP058,2024-01-19,59,DirectHaul,DOCK-A,INS006,Good,
DLV002347,PO-00347,APAC,SUP037,2024-03-20,736,FastFreight,DOCK-B,INS016,Good,
DLV002348,PO-00348,APAC,SUP012,2024-03-18,1059,GlobalShip,DOCK-A,INS003,Good,Partial pallet
DLV002349,PO-00349,APAC,SUP014,2024-03-10,1303,DirectHaul,DOCK-B,INS001,Good,
DLV002350,PO-00350,APAC,SUP055,2024-02-03,252,OceanLink,DOCK-B,INS017,Good,
DLV002351,PO-00351,APAC,SUP048,2024-04-28,553,OceanLink,DOCK-A,INS018,Good,
DLV002352,PO-00352,APAC,SUP031,2024-04-10,917,PrimeLogistics,DOCK-D,INS001,Good,
DLV002353,PO-00353,APAC,SUP026,2024-01-11,1599,GlobalShip,DOCK-D,INS016,Good,
DLV002354,PO-00354,APAC,SUP009,2024-03-18,1224,DirectHaul,DOCK-C,INS007,Good,
DLV002355,PO-00355,APAC,SUP044,2024-04-10,194,OceanLink,DOCK-B,INS008,Good,Minor packaging damage
DLV002356,PO-00356,APAC,SUP059,2024-01-23,1190,PrimeLogistics,DOCK-C,INS011,Good,
DLV002357,PO-00357,APAC,SUP039,2024-02-05,1686,DirectHaul,DOCK-C,INS013,Good,Minor packaging damage
DLV002358,PO-00358,APAC,SUP029,2024-02-10,831,DirectHaul,DOCK-D,INS011,Good,
DLV002359,PO-00359,APAC,SUP039,2024-02-11,267,FreightCo,DOCK-B,INS011,Partial,Partial pallet
DLV002360,PO-00360,APAC,SUP009,2024-04-11,182,GlobalShip,DOCK-D,INS007,Good,
DLV002361,PO-00361,APAC,SUP044,2024-02-23,1656,FreightCo,DOCK-C,INS016,Good,
DLV002362,PO-00362,APAC,SUP014,2024-04-20,513,DirectHaul,DOCK-A,INS003,Good,Correct paperwork
DLV002363,PO-00363,APAC,SUP021,2024-04-16,1754,DirectHaul,DOCK-B,INS012,Damaged,
DLV002364,PO-00364,APAC,SUP025,2024-01-31,915,PrimeLogistics,DOCK-B,INS013,Good,
DLV002365,PO-00365,APAC,SUP060,2024-03-13,261,FreightCo,DOCK-A,INS002,Good,
DLV002366,PO-00366,APAC,SUP013,2024-03-23,1657,DirectHaul,DOCK-A,INS003,Good,
DLV002367,PO-00367,APAC,SUP045,2024-04-23,1141,OceanLink,DOCK-C,INS018,Good,
DLV002368,PO-00368,APAC,SUP040,2024-04-03,865,DirectHaul,DOCK-C,INS008,Damaged,
DLV002369,PO-00369,APAC,SUP054,2024-04-04,1751,FreightCo,DOCK-C,INS010,Good,
DLV002370,PO-00370,APAC,SUP005,2024-02-06,135,PrimeLogistics,DOCK-A,INS020,Good,
DLV002371,PO-00371,APAC,SUP039,2024-02-15,685,DirectHaul,DOCK-C,INS003,Good,Partial pallet
DLV002372,PO-00372,APAC,SUP004,2024-02-28,1681,DirectHaul,DOCK-A,INS015,Good,
DLV002373,PO-00373,APAC,SUP033,2024-02-01,623,FreightCo,DOCK-A,INS010,Good,Correct paperwork
DLV002374,PO-00374,APAC,SUP008,2024-02-03,1526,DirectHaul,DOCK-A,INS016,Good,
DLV002375,PO-00375,APAC,SUP024,2024-03-30,701,FreightCo,DOCK-C,INS007,Good,
DLV002376,PO-00376,APAC,SUP055,2024-03-08,944,PrimeLogistics,DOCK-A,INS014,Good,
DLV002377,PO-00377,APAC,SUP011,2024-01-31,1363,OceanLink,DOCK-D,INS008,Good,
DLV002378,PO-00378,APAC,SUP036,2024-03-09,225,OceanLink,DOCK-B,INS012,Good,
DLV002379,PO-00379,APAC,SUP032,2024-01-27,1132,OceanLink,DOCK-B,INS003,Good,
DLV002380,PO-00380,APAC,SUP040,2024-03-05,1419,DirectHaul,DOCK-A,INS020,Good,
DLV002381,PO-00381,APAC,SUP053,2024-03-24,1616,PrimeLogistics,DOCK-A,INS018,Good,
DLV002382,PO-00382,APAC,SUP032,2024-03-24,870,PrimeLogistics,DOCK-C,INS013,Good,
DLV002383,PO-00383,APAC,SUP009,2024-03-09,1474,GlobalShip,DOCK-B,INS010,Good,
DLV002384,PO-00384,APAC,SUP021,2024-02-18,1069,DirectHaul,DOCK-D,INS002,Good,
DLV002385,PO-00385,APAC,SUP057,2024-03-04,1582,FastFreight,DOCK-B,INS020,Good,
DLV002386,PO-00386,APAC,SUP012,2024-02-28,317,,DOCK-C,INS007,Good,
DLV002387,PO-00387,APAC,SUP017,2024-04-06,1601,PrimeLogistics,DOCK-A,INS019,Good,
DLV002388,PO-00388,APAC,SUP034,2024-02-19,762,PrimeLogistics,DOCK-B,INS010,Good,
DLV002389,PO-00389,APAC,SUP012,2024-04-05,1506,PrimeLogistics,DOCK-B,INS018,Good,
DLV002390,PO-00390,APAC,SUP050,2024-03-30,1871,FastFreight,DOCK-C,INS011,Good,
DLV002391,PO-00391,APAC,SUP034,2024-02-18,1645,PrimeLogistics,DOCK-B,INS016,Good,
DLV002392,PO-00392,APAC,SUP052,2024-03-31,113,DirectHaul,DOCK-D,INS019,Good,
DLV002393,PO-00393,APAC,SUP054,2024-03-08,1844,PrimeLogistics,DOCK-A,INS008,Good,
DLV002394,PO-00394,APAC,SUP050,2024-03-06,1918,OceanLink,DOCK-B,INS012,Good,
DLV002395,PO-00395,APAC,SUP037,2024-04-04,623,DirectHaul,DOCK-A,INS009,Good,
DLV002396,PO-00396,APAC,SUP056,2024-01-22,910,FreightCo,DOCK-B,INS014,Good,
DLV002397,PO-00397,APAC,SUP046,2024-01-19,237,,DOCK-A,INS003,Good,
DLV002398,PO-00398,APAC,SUP023,2024-02-18,758,PrimeLogistics,DOCK-D,INS002,Good,
DLV002399,PO-00399,APAC,SUP027,2024-03-21,173,FastFreight,DOCK-C,INS007,Good,
DLV002400,PO-00400,APAC,SUP054,2024-03-04,1221,PrimeLogistics,DOCK-B,INS008,Good,
DLV002401,PO-00401,APAC,SUP004,2024-02-11,889,PrimeLogistics,DOCK-B,INS010,Good,
DLV002402,PO-00402,APAC,SUP013,2024-03-20,1742,FreightCo,DOCK-C,INS005,Good,
DLV002403,PO-00403,APAC,SUP042,2024-02-21,1402,OceanLink,DOCK-B,INS009,Good,
DLV002404,PO-00404,APAC,SUP015,2024-03-21,1179,OceanLink,DOCK-D,INS001,Good,
DLV002405,PO-00405,APAC,SUP010,2024-03-19,1358,PrimeLogistics,DOCK-A,INS017,Good,
DLV002406,PO-00406,APAC,SUP034,2024-01-24,1184,FastFreight,DOCK-C,INS012,Good,
DLV002407,PO-00407,APAC,SUP056,2024-03-04,1149,OceanLink,DOCK-B,INS003,Good,
DLV002408,PO-00408,APAC,SUP006,2024-03-28,274,FastFreight,DOCK-D,INS008,Good,
DLV002409,PO-00409,APAC,SUP052,2024-03-18,1062,PrimeLogistics,DOCK-A,INS002,Good,Minor packaging damage
DLV002410,PO-00410,APAC,SUP025,2024-03-01,721,FreightCo,DOCK-B,INS008,Good,
DLV002411,PO-00411,APAC,SUP050,2024-02-12,1670,FreightCo,DOCK-C,INS007,Good,
DLV002412,PO-00412,APAC,SUP040,2024-02-22,621,OceanLink,DOCK-A,INS020,Good,
DLV002413,PO-00413,APAC,SUP037,2024-03-06,696,PrimeLogistics,DOCK-B,INS004,Good,
DLV002414,PO-00414,APAC,SUP050,2024-02-04,1258,PrimeLogistics,DOCK-B,INS015,Good,
DLV002415,PO-00415,APAC,SUP007,2024-03-16,53,PrimeLogistics,DOCK-D,INS011,Good,
DLV002416,PO-00416,APAC,SUP018,2024-03-27,363,GlobalShip,DOCK-B,INS004,Good,
DLV002417,PO-00417,APAC,SUP032,2024-01-18,1625,DirectHaul,DOCK-C,INS018,Good,
DLV002418,PO-00418,APAC,SUP039,2024-01-30,1607,GlobalShip,DOCK-B,INS017,Good,
DLV002419,PO-00419,APAC,SUP049,2024-02-25,225,FastFreight,DOCK-B,INS009,Good,
DLV002420,PO-00420,APAC,SUP044,2024-04-02,184,OceanLink,DOCK-D,INS011,Good,
DLV002421,PO-00421,APAC,SUP015,2024-02-03,851,FreightCo,DOCK-B,INS002,Good,
DLV002422,PO-00422,APAC,SUP047,2024-04-23,344,OceanLink,DOCK-A,INS001,Good,Partial pallet
DLV002423,PO-00423,APAC,SUP026,2024-04-23,1539,PrimeLogistics,DOCK-B,INS009,Good,
DLV002424,PO-00424,APAC,SUP054,2024-03-18,906,FastFreight,DOCK-C,INS009,Good,Correct paperwork
DLV002425,PO-00425,APAC,SUP052,2024-04-01,1278,PrimeLogistics,DOCK-C,INS002,Good,
DLV002426,PO-00426,APAC,SUP055,2024-02-24,71,FastFreight,DOCK-D,INS004,Good,
DLV002427,PO-00427,APAC,SUP035,2024-02-09,1797,FreightCo,DOCK-A,INS013,Good,
DLV002428,PO-00428,APAC,SUP019,2024-03-26,1092,OceanLink,DOCK-D,INS016,Damaged,
DLV002429,PO-00429,APAC,SUP026,2024-02-03,625,OceanLink,DOCK-B,INS006,Good,
DLV002430,PO-00430,APAC,SUP027,2024-02-20,1790,DirectHaul,DOCK-C,INS016,Good,
DLV002431,PO-00431,APAC,SUP052,2024-04-16,246,GlobalShip,DOCK-A,INS013,Good,Minor packaging damage
DLV002432,PO-00432,APAC,SUP016,2024-03-14,1346,DirectHaul,DOCK-B,INS018,Good,
DLV002433,PO-00433,APAC,SUP011,2024-03-13,1803,FastFreight,DOCK-B,INS003,Good,
DLV002434,PO-00434,APAC,SUP024,2024-01-20,1608,FreightCo,DOCK-C,INS006,Good,
DLV002435,PO-00435,APAC,SUP035,2024-04-02,358,DirectHaul,DOCK-C,INS004,Good,
DLV002436,PO-00436,APAC,SUP051,2024-02-18,462,FastFreight,DOCK-A,INS012,Partial,
DLV002437,PO-00437,APAC,SUP049,2024-03-01,695,DirectHaul,DOCK-A,INS011,Good,
DLV002438,PO-00438,APAC,SUP033,2024-02-11,1412,DirectHaul,DOCK-B,INS018,Good,
DLV002439,PO-00439,APAC,SUP003,2024-03-15,1851,OceanLink,DOCK-D,INS007,Good,
DLV002440,PO-00440,APAC,SUP035,2024-03-28,860,FastFreight,DOCK-D,INS008,Good,
DLV002441,PO-00441,APAC,SUP023,2024-04-01,1138,,DOCK-B,INS008,Good,
DLV002442,PO-00442,APAC,SUP009,2024-04-02,831,GlobalShip,DOCK-A,INS013,Good,
DLV002443,PO-00443,APAC,SUP013,2024-03-13,1197,FreightCo,DOCK-A,INS020,Good,
DLV002444,PO-00444,APAC,SUP050,2024-04-15,122,FastFreight,DOCK-B,INS012,Good,
DLV002445,PO-00445,APAC,SUP026,2024-03-05,240,DirectHaul,DOCK-B,INS016,Good,Correct paperwork
DLV002446,PO-00446,APAC,SUP013,2024-02-17,1433,OceanLink,DOCK-B,INS019,Good,
DLV002447,PO-00447,APAC,SUP004,2024-04-02,1304,FastFreight,DOCK-C,INS007,Good,
DLV002448,PO-00448,APAC,SUP009,2024-02-18,578,FreightCo,DOCK-C,INS015,Good,
DLV002449,PO-00449,APAC,SUP011,2024-03-14,188,,DOCK-B,INS007,Good,Correct paperwork
DLV002450,PO-00450,APAC,SUP034,2024-02-07,499,GlobalShip,DOCK-A,INS010,Good,
DLV002451,PO-00451,APAC,SUP034,2024-02-23,1244,FreightCo,DOCK-D,INS015,Good,
DLV002452,PO-00452,APAC,SUP058,2024-02-16,834,FastFreight,DOCK-A,INS010,Good,
DLV002453,PO-00453,APAC,SUP051,2024-04-05,1645,FreightCo,DOCK-B,INS018,Good,
DLV002454,PO-00454,APAC,SUP038,2024-03-25,369,GlobalShip,DOCK-D,INS003,Good,
DLV002455,PO-00455,APAC,SUP031,2024-02-07,970,PrimeLogistics,DOCK-A,INS017,Damaged,
DLV002456,PO-00456,APAC,SUP025,2024-03-13,1420,FreightCo,DOCK-C,INS008,Good,Minor packaging damage
DLV002457,PO-00457,APAC,SUP017,2024-04-16,996,DirectHaul,DOCK-B,INS013,Good,
DLV002458,PO-00458,APAC,SUP048,2024-02-12,1833,OceanLink,DOCK-C,INS012,Good,
DLV002459,PO-00459,APAC,SUP014,2024-03-07,1722,DirectHaul,DOCK-C,INS011,Good,
DLV002460,PO-00460,APAC,SUP036,2024-02-21,1597,GlobalShip,DOCK-A,INS018,Good,
DLV002461,PO-00461,APAC,SUP006,2024-01-21,1863,GlobalShip,DOCK-D,INS018,Good,
DLV002462,PO-00462,APAC,SUP039,2024-03-22,741,GlobalShip,DOCK-B,INS008,Good,
DLV002463,PO-00463,APAC,SUP038,2024-04-03,113,DirectHaul,DOCK-B,INS017,Good,
DLV002464,PO-00464,APAC,SUP001,2024-02-27,1203,FreightCo,DOCK-B,INS017,Good,
DLV002465,PO-00465,APAC,SUP033,2024-03-12,600,FreightCo,DOCK-C,INS014,Good,Minor packaging damage
DLV002466,PO-00466,APAC,SUP040,2024-03-28,1436,GlobalShip,DOCK-D,INS015,Good,Correct paperwork
DLV002467,PO-00467,APAC,SUP041,2024-03-05,507,FreightCo,DOCK-D,INS003,Good,
DLV002468,PO-00468,APAC,SUP006,2024-02-02,731,OceanLink,DOCK-D,INS004,Good,
DLV002469,PO-00469,APAC,SUP035,2024-04-07,1487,GlobalShip,DOCK-B,INS002,Good,
DLV002470,PO-00470,APAC,SUP010,2024-02-04,387,FastFreight,DOCK-B,INS004,Good,
DLV002471,PO-00471,APAC,SUP019,2024-01-30,386,FreightCo,DOCK-C,INS002,Good,
DLV002472,PO-00472,APAC,SUP022,2024-02-22,658,OceanLink,DOCK-A,INS019,Good,
DLV002473,PO-00473,APAC,SUP005,2024-01-17,360,,DOCK-D,INS013,Good,Minor packaging damage
DLV002474,PO-00474,APAC,SUP052,2024-04-09,1054,DirectHaul,DOCK-A,INS018,Good,
DLV002475,PO-00475,APAC,SUP013,2024-02-05,1293,OceanLink,DOCK-D,INS016,Good,
DLV002476,PO-00476,APAC,SUP044,2024-02-20,1674,PrimeLogistics,DOCK-D,INS001,Good,
DLV002477,PO-00477,APAC,SUP007,2024-03-08,1391,DirectHaul,DOCK-A,INS019,Good,
DLV002478,PO-00478,APAC,SUP049,2024-04-19,1397,GlobalShip,DOCK-C,INS013,Good,
DLV002479,PO-00479,APAC,SUP039,2024-03-27,250,PrimeLogistics,DOCK-D,INS019,Good,
DLV002480,PO-00480,APAC,SUP025,2024-04-03,1357,OceanLink,DOCK-B,INS019,Good,Partial pallet
DLV002481,PO-00481,APAC,SUP044,2024-02-02,572,DirectHaul,DOCK-C,INS002,Good,
DLV002482,PO-00482,APAC,SUP017,2024-02-10,1482,GlobalShip,DOCK-B,INS005,Good,
DLV002483,PO-00483,APAC,SUP001,2024-02-09,568,PrimeLogistics,DOCK-A,INS007,Good,
DLV002484,PO-00484,APAC,SUP054,2024-01-08,1131,GlobalShip,DOCK-B,INS009,Good,
DLV002485,PO-00485,APAC,SUP032,2024-04-28,930,FastFreight,DOCK-A,INS003,Good,
DLV002486,PO-00486,APAC,SUP010,2024-02-17,1299,FastFreight,DOCK-C,INS007,Good,
DLV002487,PO-00487,APAC,SUP001,2024-04-05,917,,DOCK-D,INS004,Good,
DLV002488,PO-00488,APAC,SUP041,2024-02-22,157,FreightCo,DOCK-B,INS001,Good,
DLV002489,PO-00489,APAC,SUP018,2024-04-13,950,GlobalShip,DOCK-C,INS020,Good,
DLV002490,PO-00490,APAC,SUP045,2024-02-01,571,PrimeLogistics,DOCK-A,INS003,Good,
DLV002491,PO-00491,APAC,SUP017,2024-01-27,260,DirectHaul,DOCK-B,INS006,Good,
DLV002492,PO-00492,APAC,SUP014,2024-03-22,722,GlobalShip,DOCK-D,INS002,Good,
DLV002493,PO-00493,APAC,SUP052,2024-01-29,1657,PrimeLogistics,DOCK-D,INS017,Good,
DLV002494,PO-00494,APAC,SUP058,2024-04-22,1832,FastFreight,DOCK-D,INS016,Good,Minor packaging damage
DLV002495,PO-00495,APAC,SUP034,2024-02-19,1343,GlobalShip,DOCK-B,INS011,Good,
DLV002496,PO-00496,APAC,SUP057,2024-02-01,1309,FastFreight,DOCK-A,INS015,Good,
DLV002497,PO-00497,APAC,SUP026,2024-04-03,1471,FreightCo,DOCK-C,INS010,Good,
DLV002498,PO-00498,APAC,SUP033,2024-01-18,446,PrimeLogistics,DOCK-D,INS001,Good,Correct paperwork
DLV002499,PO-00499,APAC,SUP003,2024-02-08,81,PrimeLogistics,DOCK-B,INS003,Good,
DLV002500,PO-00500,APAC,SUP014,2024-03-17,218,PrimeLogistics,DOCK-D,INS015,Good,
DLV002501,PO-00501,APAC,SUP019,2024-03-09,1938,GlobalShip,DOCK-C,INS002,Good,
DLV002502,PO-00502,APAC,SUP031,2024-02-10,1476,FreightCo,DOCK-D,INS012,Damaged,
DLV002503,PO-00503,APAC,SUP054,2024-02-05,533,FastFreight,DOCK-A,INS001,Good,
DLV002504,PO-00504,APAC,SUP022,2024-04-16,1778,FastFreight,DOCK-D,INS014,Good,
DLV002505,PO-00505,APAC,SUP050,2024-03-13,563,DirectHaul,DOCK-A,INS003,Good,
DLV002506,PO-00506,APAC,SUP014,2024-01-25,1112,FreightCo,DOCK-B,INS014,Good,
DLV002507,PO-00507,APAC,SUP020,2024-03-30,1661,PrimeLogistics,DOCK-D,INS009,Good,
DLV002508,PO-00508,APAC,SUP036,2024-02-05,1864,PrimeLogistics,DOCK-C,INS017,Good,
DLV002509,PO-00509,APAC,SUP022,2024-03-28,487,OceanLink,DOCK-D,INS011,Good,
DLV002510,PO-00510,APAC,SUP018,2024-01-24,1919,OceanLink,DOCK-B,INS010,Good,
DLV002511,PO-00511,APAC,SUP036,2024-02-20,584,GlobalShip,DOCK-B,INS002,Good,
DLV002512,PO-00512,APAC,SUP056,2024-04-12,1070,FastFreight,DOCK-A,INS011,Good,Partial pallet
DLV002513,PO-00513,APAC,SUP060,2024-03-04,1694,PrimeLogistics,DOCK-C,INS012,Good,
DLV002514,PO-00514,APAC,SUP014,2024-02-19,1091,DirectHaul,DOCK-D,INS012,Good,
DLV002515,PO-00515,APAC,SUP039,2024-03-15,1485,OceanLink,DOCK-D,INS009,Good,
DLV002516,PO-00516,APAC,SUP058,2024-03-24,268,GlobalShip,DOCK-A,INS004,Good,
DLV002517,PO-00517,APAC,SUP032,2024-04-16,1380,PrimeLogistics,DOCK-D,INS015,Good,
DLV002518,PO-00518,APAC,SUP014,2024-04-15,787,OceanLink,DOCK-A,INS017,Good,
DLV002519,PO-00519,APAC,SUP045,2024-02-17,1197,FreightCo,DOCK-B,INS001,Good,
DLV002520,PO-00520,APAC,SUP041,2024-03-03,734,GlobalShip,DOCK-D,INS005,Good,
DLV002521,PO-00521,APAC,SUP004,2024-02-13,745,PrimeLogistics,DOCK-D,INS013,Good,
DLV002522,PO-00522,APAC,SUP044,2024-04-09,1403,FreightCo,DOCK-C,INS002,Good,
DLV002523,PO-00523,APAC,SUP017,2024-01-25,1320,PrimeLogistics,DOCK-B,INS013,Good,
DLV002524,PO-00524,APAC,SUP035,2024-02-17,570,DirectHaul,DOCK-A,INS011,Good,
DLV002525,PO-00525,APAC,SUP049,2024-02-01,101,GlobalShip,DOCK-C,INS012,Good,
DLV002526,PO-00526,APAC,SUP032,2024-02-04,1309,,DOCK-B,INS001,Good,
DLV002527,PO-00527,APAC,SUP003,2024-03-05,1141,OceanLink,DOCK-A,INS001,Good,
DLV002528,PO-00528,APAC,SUP041,2024-03-27,1982,FastFreight,DOCK-D,INS004,Good,
DLV002529,PO-00529,APAC,SUP014,2024-03-04,511,PrimeLogistics,DOCK-B,INS005,Good,
DLV002530,PO-00530,APAC,SUP037,2024-03-06,544,DirectHaul,DOCK-C,INS007,Good,
DLV002531,PO-00531,APAC,SUP054,2024-02-08,388,OceanLink,DOCK-A,INS019,Good,
DLV002532,PO-00532,APAC,SUP028,2024-03-27,1411,FreightCo,DOCK-B,INS020,Good,
DLV002533,PO-00533,APAC,SUP009,2024-02-13,813,FastFreight,DOCK-A,INS010,Good,
DLV002534,PO-00534,APAC,SUP026,2024-03-28,304,DirectHaul,DOCK-D,INS012,Good,
DLV002535,PO-00535,APAC,SUP051,2024-02-22,298,DirectHaul,DOCK-B,INS003,Good,
DLV002536,PO-00536,APAC,SUP038,2024-04-06,393,FreightCo,DOCK-C,INS011,Good,
DLV002537,PO-00537,APAC,SUP014,2024-02-17,379,OceanLink,DOCK-C,INS016,Good,
DLV002538,PO-00538,APAC,SUP055,2024-03-21,451,DirectHaul,DOCK-D,INS004,Good,Partial pallet
DLV002539,PO-00539,APAC,SUP015,2024-03-23,1676,PrimeLogistics,DOCK-C,INS012,Good,
DLV002540,PO-00540,APAC,SUP011,2024-01-16,300,PrimeLogistics,DOCK-D,INS001,Good,
DLV002541,PO-00541,APAC,SUP039,2024-01-14,182,FastFreight,DOCK-D,INS004,Good,
DLV002542,PO-00542,APAC,SUP057,2024-04-10,1439,FastFreight,DOCK-A,INS017,Damaged,
DLV002543,PO-00543,APAC,SUP027,2024-04-18,82,PrimeLogistics,DOCK-C,INS019,Good,
DLV002544,PO-00544,APAC,SUP038,2024-03-23,265,PrimeLogistics,DOCK-D,INS008,Good,
DLV002545,PO-00545,APAC,SUP038,2024-04-18,1705,FastFreight,DOCK-C,INS012,Good,
DLV002546,PO-00546,APAC,SUP059,2024-04-17,120,DirectHaul,DOCK-A,INS014,Good,
DLV002547,PO-00547,APAC,SUP006,2024-03-22,253,PrimeLogistics,DOCK-C,INS001,Good,
DLV002548,PO-00548,APAC,SUP052,2024-03-09,1754,GlobalShip,DOCK-D,INS005,Good,
DLV002549,PO-00549,APAC,SUP056,2024-01-29,367,FastFreight,DOCK-C,INS018,Good,
DLV002550,PO-00550,APAC,SUP051,2024-03-15,1593,GlobalShip,DOCK-A,INS019,Good,
DLV002551,PO-00551,APAC,SUP034,2024-04-14,1704,DirectHaul,DOCK-A,INS016,Good,
DLV002552,PO-00552,APAC,SUP032,2024-03-12,197,FreightCo,DOCK-C,INS020,Good,Partial pallet
DLV002553,PO-00553,APAC,SUP030,2024-02-11,280,FreightCo,DOCK-D,INS017,Good,
DLV002554,PO-00554,APAC,SUP043,2024-02-06,1429,DirectHaul,DOCK-A,INS002,Good,
DLV002555,PO-00555,APAC,SUP024,2024-04-16,1986,FreightCo,DOCK-B,INS010,Good,
DLV002556,PO-00556,APAC,SUP058,2024-04-06,922,FreightCo,DOCK-D,INS018,Good,
DLV002557,PO-00557,APAC,SUP005,2024-01-18,466,DirectHaul,DOCK-D,INS006,Good,
DLV002558,PO-00558,APAC,SUP030,2024-02-12,1071,OceanLink,DOCK-B,INS005,Good,
DLV002559,PO-00559,APAC,SUP029,2024-01-25,732,PrimeLogistics,DOCK-D,INS017,Damaged,
DLV002560,PO-00560,APAC,SUP024,2024-04-13,1589,GlobalShip,DOCK-C,INS020,Good,
DLV002561,PO-00561,APAC,SUP044,2024-04-01,1194,PrimeLogistics,DOCK-B,INS007,Good,
DLV002562,PO-00562,APAC,SUP050,2024-04-21,185,OceanLink,DOCK-D,INS013,Good,
DLV002563,PO-00563,APAC,SUP020,2024-02-07,1681,FreightCo,DOCK-C,INS011,Good,
DLV002564,PO-00564,APAC,SUP002,2024-04-03,1385,PrimeLogistics,DOCK-D,INS008,Good,
DLV002565,PO-00565,APAC,SUP023,2024-02-21,900,DirectHaul,DOCK-D,INS013,Good,
DLV002566,PO-00566,APAC,SUP048,2024-04-06,141,,DOCK-C,INS004,Good,
DLV002567,PO-00567,APAC,SUP008,2024-03-02,307,OceanLink,DOCK-B,INS016,Good,
DLV002568,PO-00568,APAC,SUP026,2024-03-10,486,FreightCo,DOCK-B,INS006,Good,
DLV002569,PO-00569,APAC,SUP060,2024-02-06,960,PrimeLogistics,DOCK-C,INS007,Good,
DLV002570,PO-00570,APAC,SUP059,2024-02-19,536,PrimeLogistics,DOCK-C,INS010,Good,
DLV002571,PO-00571,APAC,SUP023,2024-01-27,480,DirectHaul,DOCK-A,INS005,Good,
DLV002572,PO-00572,APAC,SUP029,2024-04-13,992,GlobalShip,DOCK-D,INS011,Good,
DLV002573,PO-00573,APAC,SUP006,2024-04-18,1410,GlobalShip,DOCK-D,INS018,Good,
DLV002574,PO-00574,APAC,SUP039,2024-03-27,1886,PrimeLogistics,DOCK-B,INS011,Good,
DLV002575,PO-00575,APAC,SUP041,2024-02-23,680,OceanLink,DOCK-A,INS017,Good,
DLV002576,PO-00576,APAC,SUP021,2024-02-04,1452,GlobalShip,DOCK-A,INS015,Good,
DLV002577,PO-00577,APAC,SUP011,2024-03-23,998,PrimeLogistics,DOCK-A,INS003,Good,
DLV002578,PO-00578,APAC,SUP051,2024-03-07,98,GlobalShip,DOCK-C,INS004,Good,
DLV002579,PO-00579,APAC,SUP023,2024-01-11,931,DirectHaul,DOCK-B,INS009,Good,
DLV002580,PO-00580,APAC,SUP058,2024-03-19,444,FreightCo,DOCK-A,INS011,Good,
DLV002581,PO-00581,APAC,SUP001,2024-01-30,862,PrimeLogistics,DOCK-B,INS002,Good,
DLV002582,PO-00582,APAC,SUP050,2024-03-16,1631,FreightCo,DOCK-B,INS004,Good,Partial pallet
DLV002583,PO-00583,APAC,SUP005,2024-02-01,1494,DirectHaul,DOCK-A,INS007,Good,
DLV002584,PO-00584,APAC,SUP044,2024-01-28,587,GlobalShip,DOCK-B,INS001,Good,
DLV002585,PO-00585,APAC,SUP015,2024-03-19,531,,DOCK-D,INS015,Good,
DLV002586,PO-00586,APAC,SUP035,2024-02-07,151,FastFreight,DOCK-A,INS011,Good,
DLV002587,PO-00587,APAC,SUP044,2024-01-30,306,PrimeLogistics,DOCK-C,INS014,Good,
DLV002588,PO-00588,APAC,SUP038,2024-02-03,1150,FastFreight,DOCK-C,INS014,Good,
DLV002589,PO-00589,APAC,SUP004,2024-03-21,178,DirectHaul,DOCK-C,INS017,Good,
DLV002590,PO-00590,APAC,SUP033,2024-03-18,201,OceanLink,DOCK-A,INS015,Good,
DLV002591,PO-00591,APAC,SUP003,2024-04-05,1713,GlobalShip,DOCK-D,INS007,Good,
DLV002592,PO-00592,APAC,SUP044,2024-02-05,504,PrimeLogistics,DOCK-C,INS001,Good,Minor packaging damage
DLV002593,PO-00593,APAC,SUP007,2024-02-21,734,DirectHaul,DOCK-B,INS016,Good,
DLV002594,PO-00594,APAC,SUP045,2024-03-15,1064,GlobalShip,DOCK-A,INS003,Good,
DLV002595,PO-00595,APAC,SUP007,2024-02-28,1566,FastFreight,DOCK-C,INS001,Good,
DLV002596,PO-00596,APAC,SUP022,2024-02-11,868,FastFreight,DOCK-A,INS004,Good,
DLV002597,PO-00597,APAC,SUP001,2024-02-12,1536,DirectHaul,DOCK-D,INS009,Partial,
DLV002598,PO-00598,APAC,SUP057,2024-04-15,534,PrimeLogistics,DOCK-D,INS015,Good,
DLV002599,PO-00599,APAC,SUP038,2024-04-20,158,PrimeLogistics,DOCK-B,INS004,Good,
DLV002600,PO-00600,APAC,SUP016,2024-03-25,1141,DirectHaul,DOCK-C,INS002,Good,
DLV002601,PO-00601,APAC,SUP058,2024-02-01,909,DirectHaul,DOCK-A,INS018,Good,
DLV002602,PO-00602,APAC,SUP028,2024-02-21,453,GlobalShip,DOCK-D,INS019,Good,
DLV002603,PO-00603,APAC,SUP059,2024-04-07,1056,GlobalShip,DOCK-C,INS003,Good,
DLV002604,PO-00604,APAC,SUP047,2024-04-15,1625,FastFreight,DOCK-C,INS014,Good,
DLV002605,PO-00605,APAC,SUP021,2024-02-09,111,FastFreight,DOCK-C,INS020,Good,
DLV002606,PO-00606,APAC,SUP003,2024-04-04,1439,PrimeLogistics,DOCK-C,INS011,Good,
DLV002607,PO-00607,APAC,SUP005,2024-02-09,1539,GlobalShip,DOCK-D,INS017,Good,Minor packaging damage
DLV002608,PO-00608,APAC,SUP042,2024-01-21,115,FreightCo,DOCK-B,INS005,Good,
DLV002609,PO-00609,APAC,SUP039,2024-03-05,99,OceanLink,DOCK-C,INS007,Good,
DLV002610,PO-00610,APAC,SUP057,2024-04-13,1131,FastFreight,DOCK-B,INS016,Good,Minor packaging damage
DLV002611,PO-00611,APAC,SUP042,2024-02-04,1169,OceanLink,DOCK-C,INS012,Good,
DLV002612,PO-00612,APAC,SUP010,2024-02-24,283,FreightCo,DOCK-C,INS007,Good,
DLV002613,PO-00613,APAC,SUP048,2024-04-24,844,DirectHaul,DOCK-A,INS008,Good,
DLV002614,PO-00614,APAC,SUP056,2024-03-04,380,FastFreight,DOCK-D,INS020,Good,
DLV002615,PO-00615,APAC,SUP038,2024-04-03,1457,FastFreight,DOCK-B,INS012,Good,
DLV002616,PO-00616,APAC,SUP002,2024-02-11,1201,OceanLink,DOCK-D,INS017,Good,
DLV002617,PO-00617,APAC,SUP053,2024-01-23,1248,GlobalShip,DOCK-D,INS017,Good,
DLV002618,PO-00618,APAC,SUP012,2024-04-24,1397,OceanLink,DOCK-D,INS004,Good,
DLV002619,PO-00619,APAC,SUP015,2024-02-07,1167,DirectHaul,DOCK-B,INS013,Good,
DLV002620,PO-00620,APAC,SUP028,2024-01-27,170,DirectHaul,DOCK-A,INS001,Good,
DLV002621,PO-00621,APAC,SUP011,2024-04-09,113,FreightCo,DOCK-D,INS010,Good,
DLV002622,PO-00622,APAC,SUP037,2024-01-24,1430,FreightCo,DOCK-B,INS014,Partial,
DLV002623,PO-00623,APAC,SUP025,2024-04-15,532,GlobalShip,DOCK-C,INS008,Partial,
DLV002624,PO-00624,APAC,SUP018,2024-03-13,254,PrimeLogistics,DOCK-C,INS017,Good,
DLV002625,PO-00625,APAC,SUP002,2024-04-06,740,PrimeLogistics,DOCK-B,INS011,Good,Correct paperwork
DLV002626,PO-00626,APAC,SUP017,2024-03-22,1119,FreightCo,DOCK-D,INS006,Good,
DLV002627,PO-00627,APAC,SUP034,2024-03-23,300,FreightCo,DOCK-C,INS002,Good,
DLV002628,PO-00628,APAC,SUP019,2024-02-17,1010,,DOCK-A,INS019,Good,
DLV002629,PO-00629,APAC,SUP039,2024-03-12,768,DirectHaul,DOCK-C,INS007,Good,
DLV002630,PO-00630,APAC,SUP043,2024-03-07,1603,PrimeLogistics,DOCK-C,INS005,Good,
DLV002631,PO-00631,APAC,SUP015,2024-03-05,660,FastFreight,DOCK-A,INS013,Good,
DLV002632,PO-00632,APAC,SUP060,2024-03-21,747,PrimeLogistics,DOCK-C,INS005,Good,
DLV002633,PO-00633,APAC,SUP011,2024-04-11,1045,FastFreight,DOCK-D,INS017,Good,
DLV002634,PO-00634,APAC,SUP007,2024-01-31,1969,OceanLink,DOCK-B,INS008,Good,
DLV002635,PO-00635,APAC,SUP016,2024-04-06,1504,FreightCo,DOCK-A,INS005,Good,
DLV002636,PO-00636,APAC,SUP011,2024-02-05,1537,OceanLink,DOCK-D,INS016,Good,
DLV002637,PO-00637,APAC,SUP038,2024-01-29,623,FreightCo,DOCK-C,INS005,Good,Correct paperwork
DLV002638,PO-00638,APAC,SUP058,2024-04-08,242,DirectHaul,DOCK-D,INS005,Good,
DLV002639,PO-00639,APAC,SUP050,2024-02-21,184,DirectHaul,DOCK-D,INS017,Good,
DLV002640,PO-00640,APAC,SUP017,2024-04-07,690,DirectHaul,DOCK-B,INS003,Good,
DLV002641,PO-00641,APAC,SUP060,2024-04-11,867,DirectHaul,DOCK-A,INS006,Good,
DLV002642,PO-00642,APAC,SUP028,2024-03-08,548,DirectHaul,DOCK-B,INS004,Good,
DLV002643,PO-00643,APAC,SUP017,2024-03-09,1977,GlobalShip,DOCK-B,INS016,Good,
DLV002644,PO-00644,APAC,SUP014,2024-02-19,1946,OceanLink,DOCK-B,INS006,Good,
DLV002645,PO-00645,APAC,SUP053,2024-03-26,1453,DirectHaul,DOCK-B,INS018,Good,Minor packaging damage
DLV002646,PO-00646,APAC,SUP043,2024-03-06,803,DirectHaul,DOCK-D,INS003,Good,
DLV002647,PO-00647,APAC,SUP043,2024-04-16,1278,,DOCK-D,INS019,Good,
DLV002648,PO-00648,APAC,SUP013,2024-02-09,1774,OceanLink,DOCK-B,INS018,Good,
DLV002649,PO-00649,APAC,SUP009,2024-02-26,234,DirectHaul,DOCK-D,INS018,Good,
DLV002650,PO-00650,APAC,SUP045,2024-03-23,1804,OceanLink,DOCK-C,INS006,Good,
DLV002651,PO-00651,APAC,SUP033,2024-04-03,1186,PrimeLogistics,DOCK-A,INS012,Good,
DLV002652,PO-00652,APAC,SUP026,2024-01-09,645,OceanLink,DOCK-C,INS015,Good,
DLV002653,PO-00653,APAC,SUP017,2024-02-23,137,FreightCo,DOCK-A,INS005,Good,
DLV002654,PO-00654,APAC,SUP032,2024-02-18,1702,DirectHaul,DOCK-C,INS019,Good,
DLV002655,PO-00655,APAC,SUP020,2024-02-22,1139,PrimeLogistics,DOCK-B,INS009,Good,
DLV002656,PO-00656,APAC,SUP023,2024-02-29,550,PrimeLogistics,DOCK-D,INS012,Good,
DLV002657,PO-00657,APAC,SUP010,2024-03-30,753,DirectHaul,DOCK-D,INS003,Good,
DLV002658,PO-00658,APAC,SUP052,2024-03-07,143,GlobalShip,DOCK-A,INS012,Good,
DLV002659,PO-00659,APAC,SUP040,2024-02-06,1125,GlobalShip,DOCK-D,INS001,Good,
DLV002660,PO-00660,APAC,SUP005,2024-04-07,478,DirectHaul,DOCK-A,INS020,Good,
DLV002661,PO-00661,APAC,SUP054,2024-03-12,1889,FastFreight,DOCK-C,INS002,Good,
DLV002662,PO-00662,APAC,SUP019,2024-03-10,69,DirectHaul,DOCK-B,INS004,Good,
DLV002663,PO-00663,APAC,SUP040,2024-03-11,679,FastFreight,DOCK-A,INS011,Good,
DLV002664,PO-00664,APAC,SUP027,2024-03-23,1313,OceanLink,DOCK-C,INS018,Good,
DLV002665,PO-00665,APAC,SUP043,2024-04-12,947,PrimeLogistics,DOCK-A,INS011,Good,
DLV002666,PO-00666,APAC,SUP046,2024-01-26,1556,FreightCo,DOCK-A,INS008,Good,
DLV002667,PO-00667,APAC,SUP028,2024-03-28,704,PrimeLogistics,DOCK-C,INS002,Damaged,
DLV002668,PO-00668,APAC,SUP014,2024-02-13,787,PrimeLogistics,DOCK-D,INS014,Good,
DLV002669,PO-00669,APAC,SUP008,2024-03-08,784,OceanLink,DOCK-B,INS019,Good,Minor packaging damage
DLV002670,PO-00670,APAC,SUP006,2024-04-01,1641,DirectHaul,DOCK-A,INS003,Good,
DLV002671,PO-00671,APAC,SUP016,2024-04-04,958,OceanLink,DOCK-D,INS004,Good,
DLV002672,PO-00672,APAC,SUP042,2024-01-15,1332,FreightCo,DOCK-D,INS015,Good,
DLV002673,PO-00673,APAC,SUP013,2024-02-16,355,GlobalShip,DOCK-C,INS017,Good,
DLV002674,PO-00674,APAC,SUP045,2024-03-16,658,,DOCK-B,INS018,Good,
DLV002675,PO-00675,APAC,SUP059,2024-04-05,740,FastFreight,DOCK-D,INS009,Good,Correct paperwork
DLV002676,PO-00676,APAC,SUP028,2024-04-13,1402,OceanLink,DOCK-B,INS006,Good,
DLV002677,PO-00677,APAC,SUP044,2024-03-16,897,DirectHaul,DOCK-A,INS007,Good,
DLV002678,PO-00678,APAC,SUP008,2024-02-20,587,GlobalShip,DOCK-C,INS008,Good,
DLV002679,PO-00679,APAC,SUP033,2024-04-03,1055,OceanLink,DOCK-D,INS013,Good,
DLV002680,PO-00680,APAC,SUP008,2024-02-16,523,DirectHaul,DOCK-B,INS012,Good,
DLV002681,PO-00681,APAC,SUP052,2024-03-08,878,PrimeLogistics,DOCK-C,INS019,Good,
DLV002682,PO-00682,APAC,SUP012,2024-01-30,1556,FastFreight,DOCK-D,INS010,Good,
DLV002683,PO-00683,APAC,SUP049,2024-02-02,962,FastFreight,DOCK-B,INS001,Good,Minor packaging damage
DLV002684,PO-00684,APAC,SUP024,2024-02-05,644,FastFreight,DOCK-C,INS020,Good,
DLV002685,PO-00685,APAC,SUP056,2024-03-02,315,FastFreight,DOCK-C,INS005,Good,
DLV002686,PO-00686,APAC,SUP014,2024-02-29,657,GlobalShip,DOCK-B,INS019,Good,
DLV002687,PO-00687,APAC,SUP013,2024-04-17,283,DirectHaul,DOCK-B,INS003,Good,
DLV002688,PO-00688,APAC,SUP004,2024-01-20,1937,OceanLink,DOCK-B,INS005,Good,Partial pallet
DLV002689,PO-00689,APAC,SUP055,2024-03-28,1018,GlobalShip,DOCK-A,INS007,Good,
DLV002690,PO-00690,APAC,SUP055,2024-03-14,909,FreightCo,DOCK-B,INS007,Good,
DLV002691,PO-00691,APAC,SUP047,2024-01-21,461,DirectHaul,DOCK-A,INS009,Good,
DLV002692,PO-00692,APAC,SUP044,2024-03-26,151,DirectHaul,DOCK-D,INS015,Good,
DLV002693,PO-00693,APAC,SUP018,2024-03-01,1722,PrimeLogistics,DOCK-C,INS016,Good,
DLV002694,PO-00694,APAC,SUP051,2024-02-24,831,FastFreight,DOCK-A,INS001,Good,
DLV002695,PO-00695,APAC,SUP038,2024-02-14,129,DirectHaul,DOCK-D,INS009,Partial,
DLV002696,PO-00696,APAC,SUP023,2024-02-21,88,FreightCo,DOCK-A,INS004,Good,
DLV002697,PO-00697,APAC,SUP038,2024-03-13,1378,DirectHaul,DOCK-B,INS007,Good,
DLV002698,PO-00698,APAC,SUP042,2024-03-22,968,GlobalShip,DOCK-D,INS014,Good,Minor packaging damage
DLV002699,PO-00699,APAC,SUP007,2024-03-11,606,DirectHaul,DOCK-C,INS012,Good,
DLV002700,PO-00700,APAC,SUP034,2024-02-09,193,FastFreight,DOCK-D,INS002,Good,
DLV002701,PO-00701,APAC,SUP026,2024-04-03,1663,PrimeLogistics,DOCK-B,INS005,Good,
DLV002702,PO-00702,APAC,SUP043,2024-03-23,1887,FastFreight,DOCK-A,INS019,Good,
DLV002703,PO-00703,APAC,SUP049,2024-04-10,1305,OceanLink,DOCK-B,INS018,Good,
DLV002704,PO-00704,APAC,SUP038,2024-04-06,545,FastFreight,DOCK-C,INS003,Good,
DLV002705,PO-00705,APAC,SUP041,2024-04-07,435,PrimeLogistics,DOCK-A,INS009,Good,
DLV002706,PO-00706,APAC,SUP058,2024-03-11,165,FreightCo,DOCK-A,INS010,Good,
DLV002707,PO-00707,APAC,SUP049,2024-02-10,1499,FastFreight,DOCK-C,INS002,Partial,
DLV002708,PO-00708,APAC,SUP022,2024-02-18,1328,PrimeLogistics,DOCK-A,INS012,Good,
DLV002709,PO-00709,APAC,SUP031,2024-04-03,1391,OceanLink,DOCK-C,INS020,Good,
DLV002710,PO-00710,APAC,SUP053,2024-04-07,1512,FastFreight,DOCK-C,INS002,Good,
DLV002711,PO-00711,APAC,SUP023,2024-02-10,851,GlobalShip,DOCK-B,INS013,Good,
DLV002712,PO-00712,APAC,SUP021,2024-03-14,1789,GlobalShip,DOCK-D,INS005,Good,
DLV002713,PO-00713,APAC,SUP028,2024-03-26,1104,FastFreight,DOCK-C,INS011,Good,
DLV002714,PO-00714,APAC,SUP038,2024-01-20,334,DirectHaul,DOCK-C,INS001,Good,
DLV002715,PO-00715,APAC,SUP049,2024-03-18,1054,DirectHaul,DOCK-A,INS013,Good,
DLV002716,PO-00716,APAC,SUP007,2024-02-14,1128,FastFreight,DOCK-A,INS001,Good,Partial pallet
DLV002717,PO-00717,APAC,SUP043,2024-03-10,623,GlobalShip,DOCK-A,INS011,Good,
DLV002718,PO-00718,APAC,SUP054,2024-03-31,1179,PrimeLogistics,DOCK-B,INS018,Good,
DLV002719,PO-00719,APAC,SUP039,2024-03-13,790,OceanLink,DOCK-A,INS006,Good,
DLV002720,PO-00720,APAC,SUP037,2024-03-02,515,DirectHaul,DOCK-C,INS004,Good,Minor packaging damage
DLV002721,PO-00721,APAC,SUP054,2024-03-08,844,OceanLink,DOCK-D,INS007,Good,
DLV002722,PO-00722,APAC,SUP008,2024-01-09,1521,FastFreight,DOCK-C,INS006,Good,
DLV002723,PO-00723,APAC,SUP059,2024-01-27,999,FastFreight,DOCK-D,INS011,Good,
DLV002724,PO-00724,APAC,SUP032,2024-04-09,1534,PrimeLogistics,DOCK-B,INS017,Good,
DLV002725,PO-00725,APAC,SUP032,2024-04-10,991,DirectHaul,DOCK-D,INS005,Good,
DLV002726,PO-00726,APAC,SUP039,2024-01-15,1126,FreightCo,DOCK-A,INS015,Good,
DLV002727,PO-00727,APAC,SUP034,2024-03-10,566,,DOCK-B,INS018,Good,Correct paperwork
DLV002728,PO-00728,APAC,SUP013,2024-03-09,1528,FreightCo,DOCK-D,INS003,Good,
DLV002729,PO-00729,APAC,SUP040,2024-04-10,392,OceanLink,DOCK-A,INS016,Good,
DLV002730,PO-00730,APAC,SUP056,2024-04-11,1406,OceanLink,DOCK-B,INS013,Good,
DLV002731,PO-00731,APAC,SUP019,2024-02-01,1518,FastFreight,DOCK-D,INS017,Good,
DLV002732,PO-00732,APAC,SUP043,2024-04-09,1020,GlobalShip,DOCK-B,INS004,Good,
DLV002733,PO-00733,APAC,SUP008,2024-03-15,813,,DOCK-D,INS002,Good,
DLV002734,PO-00734,APAC,SUP021,2024-03-13,836,GlobalShip,DOCK-A,INS006,Good,
DLV002735,PO-00735,APAC,SUP049,2024-03-10,539,PrimeLogistics,DOCK-B,INS015,Good,
DLV002736,PO-00736,APAC,SUP047,2024-01-15,1209,FastFreight,DOCK-C,INS013,Good,Minor packaging damage
DLV002737,PO-00737,APAC,SUP015,2024-03-01,1423,FreightCo,DOCK-C,INS016,Good,
DLV002738,PO-00738,APAC,SUP006,2024-04-12,1312,PrimeLogistics,DOCK-D,INS002,Good,
DLV002739,PO-00739,APAC,SUP004,2024-02-27,1102,FastFreight,DOCK-A,INS012,Good,
DLV002740,PO-00740,APAC,SUP042,2024-03-23,1048,OceanLink,DOCK-B,INS009,Good,
DLV002741,PO-00741,APAC,SUP013,2024-01-14,1644,FreightCo,DOCK-A,INS001,Good,
DLV002742,PO-00742,APAC,SUP042,2024-02-12,68,GlobalShip,DOCK-D,INS012,Good,
DLV002743,PO-00743,APAC,SUP022,2024-03-25,1263,FreightCo,DOCK-C,INS016,Good,
DLV002744,PO-00744,APAC,SUP057,2024-03-21,1690,OceanLink,DOCK-D,INS002,Good,Minor packaging damage
DLV002745,PO-00745,APAC,SUP017,2024-01-27,626,OceanLink,DOCK-A,INS003,Good,
DLV002746,PO-00746,APAC,SUP028,2024-03-30,1027,FastFreight,DOCK-A,INS014,Good,
DLV002747,PO-00747,APAC,SUP017,2024-03-16,1473,GlobalShip,DOCK-D,INS020,Good,
DLV002748,PO-00748,APAC,SUP050,2024-02-01,758,GlobalShip,DOCK-B,INS020,Good,
DLV002749,PO-00749,APAC,SUP009,2024-05-06,925,FreightCo,DOCK-A,INS002,Good,
DLV002750,PO-00750,APAC,SUP037,2024-01-14,1126,OceanLink,DOCK-B,INS007,Good,
DLV002751,PO-00751,APAC,SUP052,2024-03-20,193,FastFreight,DOCK-B,INS010,Good,
DLV002752,PO-00752,APAC,SUP055,2024-04-25,673,FreightCo,DOCK-A,INS015,Good,
DLV002753,PO-00753,APAC,SUP059,2024-02-08,942,DirectHaul,DOCK-A,INS020,Good,
DLV002754,PO-00754,APAC,SUP047,2024-01-29,69,OceanLink,DOCK-B,INS011,Good,
DLV002755,PO-00755,APAC,SUP036,2024-03-23,203,PrimeLogistics,DOCK-D,INS012,Good,
DLV002756,PO-00756,APAC,SUP046,2024-03-13,849,DirectHaul,DOCK-D,INS016,Good,
DLV002757,PO-00757,APAC,SUP003,2024-02-04,647,GlobalShip,DOCK-D,INS008,Good,
DLV002758,PO-00758,APAC,SUP010,2024-04-09,1355,OceanLink,DOCK-D,INS002,Good,
DLV002759,PO-00759,APAC,SUP035,2024-03-06,782,PrimeLogistics,DOCK-A,INS009,Good,
DLV002760,PO-00760,APAC,SUP017,2024-02-22,1743,PrimeLogistics,DOCK-C,INS005,Good,
DLV002761,PO-00761,APAC,SUP036,2024-03-19,193,FastFreight,DOCK-D,INS011,Good,
DLV002762,PO-00762,APAC,SUP048,2024-04-22,1546,FreightCo,DOCK-B,INS003,Good,
DLV002763,PO-00763,APAC,SUP059,2024-02-19,119,PrimeLogistics,DOCK-C,INS003,Good,
DLV002764,PO-00764,APAC,SUP040,2024-01-27,1054,FreightCo,DOCK-B,INS012,Good,
DLV002765,PO-00765,APAC,SUP008,2024-01-24,1253,OceanLink,DOCK-D,INS013,Good,Minor packaging damage
DLV002766,PO-00766,APAC,SUP045,2024-02-23,879,PrimeLogistics,DOCK-B,INS014,Good,Minor packaging damage
DLV002767,PO-00767,APAC,SUP058,2024-03-09,151,OceanLink,DOCK-B,INS003,Good,
DLV002768,PO-00768,APAC,SUP009,2024-03-27,1057,OceanLink,DOCK-B,INS017,Good,
DLV002769,PO-00769,APAC,SUP024,2024-04-05,1811,,DOCK-B,INS001,Good,
DLV002770,PO-00770,APAC,SUP029,2024-02-17,490,GlobalShip,DOCK-A,INS003,Good,
DLV002771,PO-00771,APAC,SUP059,2024-04-17,1385,DirectHaul,DOCK-D,INS009,Good,
DLV002772,PO-00772,APAC,SUP018,2024-03-04,548,FastFreight,DOCK-B,INS012,Good,
DLV002773,PO-00773,APAC,SUP002,2024-02-02,858,OceanLink,DOCK-B,INS005,Good,
DLV002774,PO-00774,APAC,SUP050,2024-03-11,139,PrimeLogistics,DOCK-A,INS009,Good,
DLV002775,PO-00775,APAC,SUP054,2024-02-13,955,OceanLink,DOCK-C,INS018,Good,
DLV002776,PO-00776,APAC,SUP006,2024-02-08,784,OceanLink,DOCK-A,INS003,Good,
DLV002777,PO-00777,APAC,SUP019,2024-02-07,629,GlobalShip,DOCK-A,INS014,Good,Correct paperwork
DLV002778,PO-00778,APAC,SUP052,2024-04-05,1417,PrimeLogistics,DOCK-A,INS018,Good,
DLV002779,PO-00779,APAC,SUP027,2024-03-17,880,PrimeLogistics,DOCK-C,INS010,Good,
DLV002780,PO-00780,APAC,SUP017,2024-04-01,1090,FreightCo,DOCK-B,INS007,Good,
DLV002781,PO-00781,APAC,SUP021,2024-01-23,962,PrimeLogistics,DOCK-B,INS006,Good,
DLV002782,PO-00782,APAC,SUP020,2024-04-24,1662,DirectHaul,DOCK-C,INS018,Good,
DLV002783,PO-00783,APAC,SUP057,2024-02-04,1595,GlobalShip,DOCK-B,INS020,Good,
DLV002784,PO-00784,APAC,SUP036,2024-04-19,1909,DirectHaul,DOCK-C,INS009,Good,
DLV002785,PO-00785,APAC,SUP042,2024-01-31,1521,FastFreight,DOCK-D,INS008,Good,
DLV002786,PO-00786,APAC,SUP053,2024-02-28,1238,GlobalShip,DOCK-C,INS001,Good,
DLV002787,PO-00787,APAC,SUP033,2024-02-16,52,OceanLink,DOCK-B,INS001,Good,
DLV002788,PO-00788,APAC,SUP026,2024-03-01,148,FreightCo,DOCK-A,INS013,Good,
DLV002789,PO-00789,APAC,SUP044,2024-03-14,1062,FreightCo,DOCK-B,INS009,Good,
DLV002790,PO-00790,APAC,SUP023,2024-03-29,1438,FastFreight,DOCK-C,INS005,Good,
DLV002791,PO-00791,APAC,SUP044,2024-04-01,794,FreightCo,DOCK-C,INS003,Good,
DLV002792,PO-00792,APAC,SUP020,2024-01-28,1300,PrimeLogistics,DOCK-B,INS014,Good,
DLV002793,PO-00793,APAC,SUP016,2024-02-09,1683,DirectHaul,DOCK-C,INS005,Good,
DLV002794,PO-00794,APAC,SUP024,2024-04-26,63,OceanLink,DOCK-C,INS003,Good,
DLV002795,PO-00795,APAC,SUP013,2024-01-18,1249,FreightCo,DOCK-A,INS015,Good,
DLV002796,PO-00796,APAC,SUP047,2024-01-21,1457,PrimeLogistics,DOCK-D,INS014,Good,
DLV002797,PO-00797,APAC,SUP020,2024-04-24,136,DirectHaul,DOCK-A,INS006,Good,Correct paperwork
DLV002798,PO-00798,APAC,SUP015,2024-03-01,790,,DOCK-C,INS014,Good,
DLV002799,PO-00799,APAC,SUP057,2024-02-12,769,OceanLink,DOCK-C,INS019,Good,Partial pallet
DLV002800,PO-00800,APAC,SUP032,2024-04-13,1047,DirectHaul,DOCK-A,INS002,Good,Minor packaging damage
DLV002801,PO-00801,APAC,SUP014,2024-02-29,454,FastFreight,DOCK-A,INS016,Good,
DLV002802,PO-00802,APAC,SUP005,2024-03-23,384,PrimeLogistics,DOCK-B,INS019,Good,
DLV002803,PO-00803,APAC,SUP060,2024-03-20,1439,FastFreight,DOCK-D,INS009,Good,
DLV002804,PO-00804,APAC,SUP021,2024-03-08,523,PrimeLogistics,DOCK-A,INS018,Good,
DLV002805,PO-00805,APAC,SUP045,2024-02-15,1491,DirectHaul,DOCK-A,INS011,Good,
DLV002806,PO-00806,APAC,SUP001,2024-02-07,294,DirectHaul,DOCK-D,INS018,Good,
DLV002807,PO-00807,APAC,SUP057,2024-03-17,977,DirectHaul,DOCK-A,INS014,Good,
DLV002808,PO-00808,APAC,SUP059,2024-01-17,1636,OceanLink,DOCK-B,INS018,Good,Correct paperwork
DLV002809,PO-00809,APAC,SUP022,2024-01-23,305,FastFreight,DOCK-A,INS011,Good,
DLV002810,PO-00810,APAC,SUP001,2024-02-20,458,FastFreight,DOCK-C,INS017,Good,
DLV002811,PO-00811,APAC,SUP016,2024-02-16,1483,GlobalShip,DOCK-C,INS019,Good,
DLV002812,PO-00812,APAC,SUP020,2024-03-11,867,PrimeLogistics,DOCK-B,INS017,Good,Correct paperwork
DLV002813,PO-00813,APAC,SUP012,2024-04-16,1581,PrimeLogistics,DOCK-B,INS020,Good,
DLV002814,PO-00814,APAC,SUP024,2024-04-30,1492,OceanLink,DOCK-A,INS013,Good,
DLV002815,PO-00815,APAC,SUP017,2024-03-30,1445,FastFreight,DOCK-C,INS014,Good,
DLV002816,PO-00816,APAC,SUP023,2024-02-28,907,DirectHaul,DOCK-D,INS010,Good,
DLV002817,PO-00817,APAC,SUP056,2024-03-24,557,GlobalShip,DOCK-A,INS002,Good,
DLV002818,PO-00818,APAC,SUP014,2024-02-06,400,PrimeLogistics,DOCK-C,INS017,Good,
DLV002819,PO-00819,APAC,SUP009,2024-02-11,1590,FastFreight,DOCK-A,INS009,Good,
DLV002820,PO-00820,APAC,SUP037,2024-03-16,1264,FreightCo,DOCK-C,INS020,Good,
DLV002821,PO-00821,APAC,SUP057,2024-03-07,404,DirectHaul,DOCK-D,INS003,Good,
DLV002822,PO-00822,APAC,SUP055,2024-02-07,78,FastFreight,DOCK-D,INS015,Good,
DLV002823,PO-00823,APAC,SUP045,2024-02-19,1733,GlobalShip,DOCK-B,INS017,Good,
DLV002824,PO-00824,APAC,SUP045,2024-03-31,75,OceanLink,DOCK-B,INS009,Good,Partial pallet
DLV002825,PO-00825,APAC,SUP010,2024-03-11,113,GlobalShip,DOCK-A,INS020,Good,
DLV002826,PO-00826,APAC,SUP033,2024-03-15,981,FreightCo,DOCK-C,INS008,Good,
DLV002827,PO-00827,APAC,SUP001,2024-01-31,945,FastFreight,DOCK-B,INS018,Good,
DLV002828,PO-00828,APAC,SUP030,2024-01-16,1903,PrimeLogistics,DOCK-D,INS015,Good,
DLV002829,PO-00829,APAC,SUP056,2024-03-14,1667,FreightCo,DOCK-C,INS019,Good,
DLV002830,PO-00830,APAC,SUP040,2024-04-19,101,GlobalShip,DOCK-B,INS005,Good,Correct paperwork
DLV002831,PO-00831,APAC,SUP034,2024-03-23,475,GlobalShip,DOCK-A,INS017,Good,
DLV002832,PO-00832,APAC,SUP029,2024-01-10,380,PrimeLogistics,DOCK-A,INS019,Good,
DLV002833,PO-00833,APAC,SUP011,2024-02-23,1192,DirectHaul,DOCK-D,INS014,Good,
DLV002834,PO-00834,APAC,SUP009,2024-04-03,657,DirectHaul,DOCK-C,INS016,Good,
DLV002835,PO-00835,APAC,SUP049,2024-02-12,1240,FreightCo,DOCK-C,INS020,Good,
DLV002836,PO-00836,APAC,SUP020,2024-02-15,255,FreightCo,DOCK-D,INS014,Good,
DLV002837,PO-00837,APAC,SUP045,2024-01-28,947,PrimeLogistics,DOCK-B,INS004,Good,
DLV002838,PO-00838,APAC,SUP058,2024-02-07,747,FreightCo,DOCK-D,INS006,Damaged,
DLV002839,PO-00839,APAC,SUP047,2024-03-02,694,DirectHaul,DOCK-C,INS016,Good,
DLV002840,PO-00840,APAC,SUP029,2024-02-21,1256,PrimeLogistics,DOCK-C,INS016,Good,Minor packaging damage
DLV002841,PO-00841,APAC,SUP025,2024-03-15,1744,OceanLink,DOCK-D,INS005,Good,
DLV002842,PO-00842,APAC,SUP033,2024-03-06,673,FreightCo,DOCK-A,INS009,Good,
DLV002843,PO-00843,APAC,SUP047,2024-03-21,507,FastFreight,DOCK-D,INS009,Good,
DLV002844,PO-00844,APAC,SUP007,2024-02-12,172,FastFreight,DOCK-A,INS013,Good,
DLV002845,PO-00845,APAC,SUP021,2024-04-19,1546,PrimeLogistics,DOCK-B,INS018,Good,
DLV002846,PO-00846,APAC,SUP050,2024-02-26,908,FastFreight,DOCK-D,INS019,Good,
DLV002847,PO-00847,APAC,SUP035,2024-02-19,946,FreightCo,DOCK-A,INS005,Good,
DLV002848,PO-00848,APAC,SUP038,2024-04-06,1055,FreightCo,DOCK-C,INS020,Good,
DLV002849,PO-00849,APAC,SUP026,2024-02-17,488,PrimeLogistics,DOCK-B,INS013,Good,
DLV002850,PO-00850,APAC,SUP009,2024-04-06,314,PrimeLogistics,DOCK-B,INS020,Good,
DLV002851,PO-00851,APAC,SUP057,2024-02-13,214,FastFreight,DOCK-B,INS012,Good,
DLV002852,PO-00852,APAC,SUP012,2024-02-19,424,DirectHaul,DOCK-C,INS017,Good,
DLV002853,PO-00853,APAC,SUP022,2024-02-09,1474,FreightCo,DOCK-D,INS014,Good,
DLV002854,PO-00854,APAC,SUP001,2024-01-29,404,OceanLink,DOCK-D,INS008,Good,
DLV002855,PO-00855,APAC,SUP037,2024-04-01,857,DirectHaul,DOCK-C,INS005,Good,Minor packaging damage
DLV002856,PO-00856,APAC,SUP029,2024-03-12,256,FastFreight,DOCK-A,INS020,Good,
DLV002857,PO-00857,APAC,SUP051,2024-04-08,1461,DirectHaul,DOCK-A,INS011,Good,
DLV002858,PO-00858,APAC,SUP025,2024-03-04,53,DirectHaul,DOCK-B,INS017,Good,
DLV002859,PO-00859,APAC,SUP034,2024-04-26,218,FastFreight,DOCK-A,INS001,Good,
DLV002860,PO-00860,APAC,SUP055,2024-03-09,413,DirectHaul,DOCK-C,INS009,Good,Correct paperwork
DLV002861,PO-00861,APAC,SUP033,2024-04-25,1352,FastFreight,DOCK-D,INS010,Good,
DLV002862,PO-00862,APAC,SUP051,2024-01-16,1006,OceanLink,DOCK-B,INS014,Good,
DLV002863,PO-00863,APAC,SUP016,2024-02-18,711,FastFreight,DOCK-B,INS015,Good,
DLV002864,PO-00864,APAC,SUP057,2024-03-23,145,PrimeLogistics,DOCK-C,INS016,Good,
DLV002865,PO-00865,APAC,SUP059,2024-01-28,215,PrimeLogistics,DOCK-A,INS017,Good,Partial pallet
DLV002866,PO-00866,APAC,SUP034,2024-04-24,1640,,DOCK-B,INS012,Good,
DLV002867,PO-00867,APAC,SUP012,2024-04-11,940,PrimeLogistics,DOCK-B,INS007,Good,
DLV002868,PO-00868,APAC,SUP031,2024-03-31,107,OceanLink,DOCK-D,INS003,Good,Minor packaging damage
DLV002869,PO-00869,APAC,SUP026,2024-01-23,1769,PrimeLogistics,DOCK-C,INS008,Good,
DLV002870,PO-00870,APAC,SUP013,2024-03-14,802,DirectHaul,DOCK-D,INS019,Good,
DLV002871,PO-00871,APAC,SUP022,2024-02-27,925,PrimeLogistics,DOCK-A,INS012,Good,
DLV002872,PO-00872,APAC,SUP021,2024-03-18,1842,DirectHaul,DOCK-C,INS008,Good,
DLV002873,PO-00873,APAC,SUP024,2024-03-15,1782,OceanLink,DOCK-D,INS001,Good,
DLV002874,PO-00874,APAC,SUP039,2024-02-23,316,PrimeLogistics,DOCK-B,INS006,Good,
DLV002875,PO-00875,APAC,SUP037,2024-02-25,177,DirectHaul,DOCK-C,INS015,Good,
DLV002876,PO-00876,APAC,SUP001,2024-02-02,652,DirectHaul,DOCK-D,INS003,Good,
DLV002877,PO-00877,APAC,SUP022,2024-02-25,244,DirectHaul,DOCK-C,INS020,Good,
DLV002878,PO-00878,APAC,SUP013,2024-02-27,1335,FastFreight,DOCK-A,INS011,Good,Partial pallet
DLV002879,PO-00879,APAC,SUP051,2024-02-19,913,DirectHaul,DOCK-A,INS019,Good,
DLV002880,PO-00880,APAC,SUP038,2024-02-22,737,PrimeLogistics,DOCK-C,INS010,Good,
DLV002881,PO-00881,APAC,SUP043,2024-03-13,355,DirectHaul,DOCK-C,INS015,Good,
DLV002882,PO-00882,APAC,SUP013,2024-02-08,484,GlobalShip,DOCK-D,INS002,Good,
DLV002883,PO-00883,APAC,SUP047,2024-02-27,911,FastFreight,DOCK-B,INS004,Good,
DLV002884,PO-00884,APAC,SUP028,2024-04-25,409,FastFreight,DOCK-B,INS014,Good,
DLV002885,PO-00885,APAC,SUP028,2024-03-28,156,DirectHaul,DOCK-C,INS015,Good,Correct paperwork
DLV002886,PO-00886,APAC,SUP028,2024-03-21,1875,DirectHaul,DOCK-B,INS005,Damaged,
DLV002887,PO-00887,APAC,SUP022,2024-02-10,871,PrimeLogistics,DOCK-B,INS009,Good,
DLV002888,PO-00888,APAC,SUP056,2024-01-20,1154,PrimeLogistics,DOCK-D,INS013,Good,Minor packaging damage
DLV002889,PO-00889,APAC,SUP017,2024-02-26,1280,GlobalShip,DOCK-C,INS012,Good,Correct paperwork
DLV002890,PO-00890,APAC,SUP049,2024-03-07,203,FastFreight,DOCK-B,INS014,Good,
DLV002891,PO-00891,APAC,SUP013,2024-02-15,558,PrimeLogistics,DOCK-D,INS017,Good,
DLV002892,PO-00892,APAC,SUP024,2024-04-13,1417,OceanLink,DOCK-A,INS019,Good,
DLV002893,PO-00893,APAC,SUP018,2024-01-27,1127,FreightCo,DOCK-D,INS004,Good,
DLV002894,PO-00894,APAC,SUP003,2024-03-14,253,FreightCo,DOCK-C,INS011,Good,
DLV002895,PO-00895,APAC,SUP011,2024-03-28,877,DirectHaul,DOCK-D,INS017,Good,
DLV002896,PO-00896,APAC,SUP052,2024-04-08,930,FreightCo,DOCK-D,INS017,Good,
DLV002897,PO-00897,APAC,SUP038,2024-02-14,521,FreightCo,DOCK-A,INS006,Good,
DLV002898,PO-00898,APAC,SUP025,2024-02-19,816,OceanLink,DOCK-C,INS014,Good,
DLV002899,PO-00899,APAC,SUP031,2024-03-31,474,GlobalShip,DOCK-B,INS011,Damaged,
DLV002900,PO-00900,APAC,SUP038,2024-01-23,1947,GlobalShip,DOCK-C,INS013,Good,
DLV002901,PO-00901,APAC,SUP005,2024-03-04,148,PrimeLogistics,DOCK-C,INS013,Good,
DLV002902,PO-00902,APAC,SUP056,2024-02-25,1129,FreightCo,DOCK-C,INS015,Good,
DLV002903,PO-00903,APAC,SUP014,2024-03-11,1359,FreightCo,DOCK-A,INS014,Good,
DLV002904,PO-00904,APAC,SUP005,2024-02-12,1699,OceanLink,DOCK-B,INS010,Good,
DLV002905,PO-00905,APAC,SUP055,2024-04-09,1800,PrimeLogistics,DOCK-D,INS019,Good,
DLV002906,PO-00906,APAC,SUP055,2024-01-25,1446,GlobalShip,DOCK-C,INS011,Good,
DLV002907,PO-00907,APAC,SUP005,2024-02-29,1276,GlobalShip,DOCK-B,INS002,Good,
DLV002908,PO-00908,APAC,SUP033,2024-03-07,567,PrimeLogistics,DOCK-B,INS005,Good,Partial pallet
DLV002909,PO-00909,APAC,SUP051,2024-03-09,57,FastFreight,DOCK-D,INS014,Good,
DLV002910,PO-00910,APAC,SUP011,2024-02-28,938,OceanLink,DOCK-A,INS013,Good,
DLV002911,PO-00911,APAC,SUP030,2024-02-07,1697,PrimeLogistics,DOCK-B,INS003,Good,
DLV002912,PO-00912,APAC,SUP038,2024-01-28,1319,DirectHaul,DOCK-C,INS019,Good,
DLV002913,PO-00913,APAC,SUP016,2024-04-17,161,FastFreight,DOCK-A,INS012,Good,
DLV002914,PO-00914,APAC,SUP036,2024-02-19,53,GlobalShip,DOCK-B,INS003,Good,
DLV002915,PO-00915,APAC,SUP058,2024-04-16,1663,DirectHaul,DOCK-C,INS010,Good,
DLV002916,PO-00916,APAC,SUP025,2024-04-03,687,DirectHaul,DOCK-A,INS010,Good,
DLV002917,PO-00917,APAC,SUP007,2024-04-11,746,GlobalShip,DOCK-B,INS013,Good,
DLV002918,PO-00918,APAC,SUP001,2024-03-17,1030,FastFreight,DOCK-D,INS016,Good,
DLV002919,PO-00919,APAC,SUP015,2024-03-31,1306,OceanLink,DOCK-C,INS016,Good,
DLV002920,PO-00920,APAC,SUP060,2024-03-26,236,FastFreight,DOCK-D,INS016,Good,
DLV002921,PO-00921,APAC,SUP031,2024-04-04,614,GlobalShip,DOCK-B,INS020,Good,
DLV002922,PO-00922,APAC,SUP055,2024-04-15,687,FastFreight,DOCK-D,INS010,Good,
DLV002923,PO-00923,APAC,SUP016,2024-01-30,873,PrimeLogistics,DOCK-A,INS003,Good,
DLV002924,PO-00924,APAC,SUP053,2024-04-04,980,GlobalShip,DOCK-C,INS008,Good,
DLV002925,PO-00925,APAC,SUP039,2024-03-07,1379,,DOCK-C,INS016,Good,
DLV002926,PO-00926,APAC,SUP001,2024-02-18,1634,FastFreight,DOCK-C,INS002,Good,
DLV002927,PO-00927,APAC,SUP039,2024-02-06,1640,GlobalShip,DOCK-B,INS009,Good,
DLV002928,PO-00928,APAC,SUP060,2024-02-17,1445,FreightCo,DOCK-C,INS017,Good,
DLV002929,PO-00929,APAC,SUP007,2024-03-25,1128,PrimeLogistics,DOCK-C,INS006,Good,
DLV002930,PO-00930,APAC,SUP005,2024-04-14,1617,FreightCo,DOCK-C,INS006,Good,
DLV002931,PO-00931,APAC,SUP054,2024-02-17,1183,OceanLink,DOCK-C,INS018,Good,
DLV002932,PO-00932,APAC,SUP036,2024-03-19,74,FreightCo,DOCK-B,INS003,Good,
DLV002933,PO-00933,APAC,SUP014,2024-03-20,1903,GlobalShip,DOCK-D,INS013,Good,
DLV002934,PO-00934,APAC,SUP053,2024-01-16,1189,FastFreight,DOCK-D,INS005,Good,
DLV002935,PO-00935,APAC,SUP054,2024-04-10,964,FreightCo,DOCK-B,INS017,Good,
DLV002936,PO-00936,APAC,SUP056,2024-03-07,1476,FastFreight,DOCK-C,INS004,Good,
DLV002937,PO-00937,APAC,SUP005,2024-01-14,1529,DirectHaul,DOCK-C,INS002,Good,Minor packaging damage
DLV002938,PO-00938,APAC,SUP052,2024-04-08,1441,PrimeLogistics,DOCK-B,INS006,Good,
DLV002939,PO-00939,APAC,SUP056,2024-04-02,809,FastFreight,DOCK-C,INS011,Good,
DLV002940,PO-00940,APAC,SUP028,2024-04-14,343,OceanLink,DOCK-B,INS005,Good,
DLV002941,PO-00941,APAC,SUP054,2024-03-10,1328,PrimeLogistics,DOCK-D,INS020,Good,
DLV002942,PO-00942,APAC,SUP014,2024-03-14,596,FreightCo,DOCK-C,INS016,Good,
DLV002943,PO-00943,APAC,SUP021,2024-02-21,1699,DirectHaul,DOCK-D,INS017,Good,
DLV002944,PO-00944,APAC,SUP047,2024-01-21,169,FreightCo,DOCK-A,INS016,Good,Correct paperwork
DLV002945,PO-00945,APAC,SUP013,2024-03-28,1946,DirectHaul,DOCK-D,INS001,Good,
DLV002946,PO-00946,APAC,SUP044,2024-03-03,691,DirectHaul,DOCK-A,INS010,Good,Minor packaging damage
DLV002947,PO-00947,APAC,SUP017,2024-02-17,228,FreightCo,DOCK-B,INS009,Good,
DLV002948,PO-00948,APAC,SUP031,2024-03-20,50,FastFreight,DOCK-D,INS008,Good,
DLV002949,PO-00949,APAC,SUP059,2024-03-09,180,DirectHaul,DOCK-C,INS001,Good,
DLV002950,PO-00950,APAC,SUP058,2024-01-19,1139,FreightCo,DOCK-B,INS009,Good,
DLV002951,PO-00951,APAC,SUP039,2024-04-13,1677,DirectHaul,DOCK-C,INS014,Good,Minor packaging damage
DLV002952,PO-00952,APAC,SUP049,2024-01-20,1772,FreightCo,DOCK-C,INS009,Good,Partial pallet
DLV002953,PO-00953,APAC,SUP004,2024-04-14,1149,,DOCK-A,INS016,Good,
DLV002954,PO-00954,APAC,SUP059,2024-02-10,736,FreightCo,DOCK-B,INS009,Good,
DLV002955,PO-00955,APAC,SUP018,2024-03-22,1526,FreightCo,DOCK-A,INS018,Good,
DLV002956,PO-00956,APAC,SUP045,2024-03-17,682,FastFreight,DOCK-C,INS018,Good,
DLV002957,PO-00957,APAC,SUP003,2024-03-30,1406,FastFreight,DOCK-D,INS002,Good,
DLV002958,PO-00958,APAC,SUP031,2024-04-16,69,DirectHaul,DOCK-C,INS015,Good,
DLV002959,PO-00959,APAC,SUP033,2024-01-18,479,PrimeLogistics,DOCK-C,INS001,Good,
DLV002960,PO-00960,APAC,SUP018,2024-02-01,264,PrimeLogistics,DOCK-B,INS016,Good,
DLV002961,PO-00961,APAC,SUP050,2024-01-23,1164,PrimeLogistics,DOCK-A,INS012,Good,
DLV002962,PO-00962,APAC,SUP051,2024-01-13,1688,OceanLink,DOCK-C,INS004,Good,
DLV002963,PO-00963,APAC,SUP013,2024-01-23,1212,FastFreight,DOCK-B,INS010,Good,
DLV002964,PO-00964,APAC,SUP023,2024-04-03,948,GlobalShip,DOCK-D,INS016,Damaged,
DLV002965,PO-00965,APAC,SUP028,2024-03-20,367,OceanLink,DOCK-A,INS018,Good,
DLV002966,PO-00966,APAC,SUP005,2024-02-23,318,FreightCo,DOCK-C,INS007,Good,
DLV002967,PO-00967,APAC,SUP040,2024-03-28,1127,DirectHaul,DOCK-C,INS010,Good,
DLV002968,PO-00968,APAC,SUP029,2024-01-15,1619,PrimeLogistics,DOCK-A,INS020,Good,
DLV002969,PO-00969,APAC,SUP056,2024-04-03,170,PrimeLogistics,DOCK-D,INS017,Partial,
DLV002970,PO-00970,APAC,SUP053,2024-02-15,204,GlobalShip,DOCK-C,INS007,Good,
DLV002971,PO-00971,APAC,SUP042,2024-03-07,1331,OceanLink,DOCK-B,INS017,Good,
DLV002972,PO-00972,APAC,SUP023,2024-03-05,1473,GlobalShip,DOCK-B,INS009,Good,
DLV002973,PO-00973,APAC,SUP009,2024-03-12,811,OceanLink,DOCK-C,INS001,Good,Minor packaging damage
DLV002974,PO-00974,APAC,SUP011,2024-02-18,1005,DirectHaul,DOCK-C,INS020,Good,Correct paperwork
DLV002975,PO-00975,APAC,SUP047,2024-02-21,322,GlobalShip,DOCK-D,INS020,Good,
DLV002976,PO-00976,APAC,SUP030,2024-03-30,236,GlobalShip,DOCK-D,INS012,Good,
DLV002977,PO-00977,APAC,SUP017,2024-02-10,1110,DirectHaul,DOCK-B,INS014,Good,
DLV002978,PO-00978,APAC,SUP013,2024-01-29,1195,PrimeLogistics,DOCK-A,INS006,Good,Minor packaging damage
DLV002979,PO-00979,APAC,SUP025,2024-04-05,1537,DirectHaul,DOCK-B,INS020,Good,
DLV002980,PO-00980,APAC,SUP003,2024-02-21,868,GlobalShip,DOCK-B,INS006,Good,
DLV002981,PO-00981,APAC,SUP054,2024-04-02,1298,PrimeLogistics,DOCK-A,INS014,Partial,
DLV002982,PO-00982,APAC,SUP025,2024-03-04,511,FastFreight,DOCK-A,INS013,Good,
DLV002983,PO-00983,APAC,SUP021,2024-02-18,538,DirectHaul,DOCK-B,INS011,Good,
DLV002984,PO-00984,APAC,SUP049,2024-03-11,778,PrimeLogistics,DOCK-C,INS003,Good,
DLV002985,PO-00985,APAC,SUP045,2024-03-20,1293,DirectHaul,DOCK-C,INS006,Good,
DLV002986,PO-00986,APAC,SUP025,2024-03-12,852,GlobalShip,DOCK-A,INS004,Good,
DLV002987,PO-00987,APAC,SUP002,2024-02-27,1944,PrimeLogistics,DOCK-B,INS009,Good,
DLV002988,PO-00988,APAC,SUP003,2024-02-10,756,OceanLink,DOCK-D,INS018,Good,
DLV002989,PO-00989,APAC,SUP003,2024-02-15,719,DirectHaul,DOCK-A,INS009,Good,
DLV002990,PO-00990,APAC,SUP002,2024-02-12,716,DirectHaul,DOCK-A,INS005,Good,Partial pallet
DLV002991,PO-00991,APAC,SUP009,2024-03-02,249,GlobalShip,DOCK-A,INS015,Good,
DLV002992,PO-00992,APAC,SUP058,2024-03-18,584,DirectHaul,DOCK-C,INS001,Good,
DLV002993,PO-00993,APAC,SUP013,2024-03-27,559,FreightCo,DOCK-D,INS008,Good,
DLV002994,PO-00994,APAC,SUP055,2024-04-02,1347,FastFreight,DOCK-A,INS004,Good,
DLV002995,PO-00995,APAC,SUP013,2024-03-07,1030,DirectHaul,DOCK-A,INS005,Good,
DLV002996,PO-00996,APAC,SUP049,2024-03-01,642,,DOCK-A,INS010,Good,
DLV002997,PO-00997,APAC,SUP016,2024-01-14,714,OceanLink,DOCK-B,INS001,Damaged,
DLV002998,PO-00998,APAC,SUP042,2024-01-23,735,GlobalShip,DOCK-C,INS020,Good,
DLV002999,PO-00999,APAC,SUP032,2024-01-21,656,,DOCK-A,INS016,Partial,
DLV003000,PO-01000,APAC,SUP052,2024-03-16,1856,PrimeLogistics,DOCK-C,INS005,Good,
DLV003001,PO-00003,AMER,SUP043,2024-03-18,-260,GlobalShip,DOCK-B,INS015,Return,Damaged goods
DLV003002,PO-00028,AMER,SUP055,2024-03-28,-415,FastFreight,DOCK-A,INS012,Return,Wrong specification
DLV003003,PO-00030,AMER,SUP018,2024-03-15,-644,GlobalShip,DOCK-B,INS007,Return,Documentation error
DLV003004,PO-00057,AMER,SUP038,2024-04-08,-177,OceanLink,DOCK-B,INS008,Return,Damaged goods
DLV003005,PO-00069,AMER,SUP009,2024-04-19,-210,GlobalShip,DOCK-A,INS002,Return,Damaged goods
DLV003006,PO-00084,AMER,SUP054,2024-02-11,-482,DirectHaul,DOCK-C,INS008,Return,Late delivery
DLV003007,PO-00102,AMER,SUP012,2024-03-27,-128,FastFreight,DOCK-C,INS020,Return,Late delivery
DLV003008,PO-00151,AMER,SUP007,2024-03-09,-197,FastFreight,DOCK-D,INS008,Return,Documentation error
DLV003009,PO-00176,AMER,SUP004,2024-03-05,-618,PrimeLogistics,DOCK-B,INS004,Return,Wrong specification
DLV003010,PO-00205,AMER,SUP056,2024-03-25,-259,FastFreight,DOCK-D,INS014,Return,Late delivery
DLV003011,PO-00249,AMER,SUP002,2024-02-07,-235,PrimeLogistics,DOCK-A,INS008,Return,Documentation error
DLV003012,PO-00253,AMER,SUP046,2024-05-05,-559,OceanLink,DOCK-D,INS003,Return,Quantity shortfall
DLV003013,PO-00263,AMER,SUP009,2024-03-31,-175,OceanLink,DOCK-D,INS019,Return,Quantity shortfall
DLV003014,PO-00271,AMER,SUP057,2024-03-21,-712,OceanLink,DOCK-D,INS016,Return,Quantity shortfall
DLV003015,PO-00273,AMER,SUP017,2024-03-03,-248,GlobalShip,DOCK-C,INS001,Return,Damaged goods
DLV003016,PO-00305,AMER,SUP034,2024-05-07,-36,GlobalShip,DOCK-B,INS004,Return,Documentation error
DLV003017,PO-00310,AMER,SUP018,2024-04-10,-283,FreightCo,DOCK-A,INS008,Return,Documentation error
DLV003018,PO-00326,AMER,SUP036,2024-02-02,-244,DirectHaul,DOCK-A,INS007,Return,Quantity shortfall
DLV003019,PO-00338,AMER,SUP006,2024-03-12,-86,GlobalShip,DOCK-A,INS008,Return,Damaged goods
DLV003020,PO-00342,AMER,SUP047,2024-03-08,-415,PrimeLogistics,DOCK-A,INS003,Return,Quantity shortfall
DLV003021,PO-00344,AMER,SUP050,2024-03-25,-533,DirectHaul,DOCK-A,INS004,Return,Documentation error
DLV003022,PO-00355,AMER,SUP037,2024-04-08,-193,PrimeLogistics,DOCK-D,INS010,Return,Late delivery
DLV003023,PO-00364,AMER,SUP050,2024-03-13,-298,OceanLink,DOCK-C,INS017,Return,Damaged goods
DLV003024,PO-00378,AMER,SUP024,2024-04-02,-185,PrimeLogistics,DOCK-B,INS006,Return,Documentation error
DLV003025,PO-00383,AMER,SUP034,2024-04-13,-34,OceanLink,DOCK-A,INS019,Return,Documentation error
DLV003026,PO-00388,AMER,SUP007,2024-03-17,-244,DirectHaul,DOCK-B,INS006,Return,Late delivery
DLV003027,PO-00389,AMER,SUP051,2024-04-09,-588,FreightCo,DOCK-D,INS014,Return,Damaged goods
DLV003028,PO-00412,AMER,SUP059,2024-04-18,-235,DirectHaul,DOCK-D,INS005,Return,Wrong specification
DLV003029,PO-00417,AMER,SUP020,2024-05-09,-147,PrimeLogistics,DOCK-A,INS020,Return,Quantity shortfall
DLV003030,PO-00419,AMER,SUP058,2024-03-07,-257,OceanLink,DOCK-D,INS013,Return,Damaged goods
DLV003031,PO-00425,AMER,SUP004,2024-02-08,-186,DirectHaul,DOCK-B,INS009,Return,Late delivery
DLV003032,PO-00477,AMER,SUP046,2024-03-09,-533,FreightCo,DOCK-B,INS016,Return,Late delivery
DLV003033,PO-00480,AMER,SUP018,2024-04-24,-394,FreightCo,DOCK-C,INS019,Return,Damaged goods
DLV003034,PO-00486,AMER,SUP002,2024-04-01,-146,OceanLink,DOCK-C,INS001,Return,Wrong specification
DLV003035,PO-00497,AMER,SUP038,2024-01-30,-45,GlobalShip,DOCK-C,INS015,Return,Wrong specification
DLV003036,PO-00501,AMER,SUP016,2024-02-19,-484,FreightCo,DOCK-D,INS015,Return,Late delivery
DLV003037,PO-00515,AMER,SUP031,2024-04-28,-217,OceanLink,DOCK-A,INS014,Return,Documentation error
DLV003038,PO-00520,AMER,SUP018,2024-03-17,-25,FastFreight,DOCK-D,INS007,Return,Quantity shortfall
DLV003039,PO-00527,AMER,SUP053,2024-02-18,-470,GlobalShip,DOCK-D,INS008,Return,Damaged goods
DLV003040,PO-00546,AMER,SUP053,2024-04-04,-73,PrimeLogistics,DOCK-B,INS008,Return,Damaged goods
DLV003041,PO-00548,AMER,SUP052,2024-03-18,-96,GlobalShip,DOCK-D,INS020,Return,Quantity shortfall
DLV003042,PO-00578,AMER,SUP043,2024-02-14,-66,DirectHaul,DOCK-A,INS012,Return,Damaged goods
DLV003043,PO-00587,AMER,SUP060,2024-03-16,-118,PrimeLogistics,DOCK-C,INS004,Return,Wrong specification
DLV003044,PO-00592,AMER,SUP014,2024-02-24,-104,PrimeLogistics,DOCK-C,INS008,Return,Late delivery
DLV003045,PO-00637,AMER,SUP002,2024-03-25,-270,PrimeLogistics,DOCK-B,INS012,Return,Late delivery
DLV003046,PO-00642,AMER,SUP055,2024-02-16,-483,FreightCo,DOCK-D,INS014,Return,Quantity shortfall
DLV003047,PO-00656,AMER,SUP018,2024-03-01,-625,DirectHaul,DOCK-C,INS017,Return,Wrong specification
DLV003048,PO-00668,AMER,SUP053,2024-02-10,-323,GlobalShip,DOCK-D,INS014,Return,Documentation error
DLV003049,PO-00679,AMER,SUP046,2024-02-25,-82,PrimeLogistics,DOCK-A,INS013,Return,Wrong specification
DLV003050,PO-00691,AMER,SUP041,2024-02-10,-195,FreightCo,DOCK-A,INS010,Return,Quantity shortfall
DLV003051,PO-00694,AMER,SUP020,2024-05-08,-13,GlobalShip,DOCK-B,INS012,Return,Late delivery
DLV003052,PO-00700,AMER,SUP039,2024-03-11,-509,PrimeLogistics,DOCK-B,INS005,Return,Wrong specification
DLV003053,PO-00705,AMER,SUP035,2024-04-14,-37,FastFreight,DOCK-D,INS018,Return,Quantity shortfall
DLV003054,PO-00723,AMER,SUP001,2024-04-09,-12,GlobalShip,DOCK-A,INS016,Return,Documentation error
DLV003055,PO-00752,AMER,SUP036,2024-04-11,-328,OceanLink,DOCK-B,INS016,Return,Late delivery
DLV003056,PO-00758,AMER,SUP019,2024-04-28,-594,FastFreight,DOCK-B,INS020,Return,Wrong specification
DLV003057,PO-00783,AMER,SUP014,2024-05-04,-73,FreightCo,DOCK-C,INS002,Return,Late delivery
DLV003058,PO-00790,AMER,SUP011,2024-03-27,-631,DirectHaul,DOCK-B,INS014,Return,Late delivery
DLV003059,PO-00795,AMER,SUP011,2024-02-07,-450,GlobalShip,DOCK-A,INS009,Return,Late delivery
DLV003060,PO-00801,AMER,SUP009,2024-02-01,-313,DirectHaul,DOCK-C,INS016,Return,Late delivery
DLV003061,PO-00808,AMER,SUP060,2024-04-09,-135,DirectHaul,DOCK-D,INS006,Return,Quantity shortfall
DLV003062,PO-00816,AMER,SUP046,2024-04-14,-128,GlobalShip,DOCK-A,INS003,Return,Damaged goods
DLV003063,PO-00833,AMER,SUP040,2024-04-01,-126,PrimeLogistics,DOCK-C,INS007,Return,Quantity shortfall
DLV003064,PO-00865,AMER,SUP001,2024-02-26,-218,PrimeLogistics,DOCK-A,INS008,Return,Damaged goods
DLV003065,PO-00873,AMER,SUP022,2024-04-20,-159,PrimeLogistics,DOCK-C,INS011,Return,Late delivery
DLV003066,PO-00886,AMER,SUP003,2024-04-14,-433,DirectHaul,DOCK-A,INS005,Return,Damaged goods
DLV003067,PO-00912,AMER,SUP039,2024-04-17,-84,PrimeLogistics,DOCK-D,INS005,Return,Quantity shortfall
DLV003068,PO-00913,AMER,SUP032,2024-02-06,-156,FastFreight,DOCK-D,INS008,Return,Quantity shortfall
DLV003069,PO-00936,AMER,SUP026,2024-02-02,-43,GlobalShip,DOCK-A,INS017,Return,Quantity shortfall
DLV003070,PO-00940,AMER,SUP049,2024-01-19,-32,DirectHaul,DOCK-C,INS019,Return,Late delivery
DLV003071,PO-00944,AMER,SUP039,2024-02-26,-124,FreightCo,DOCK-B,INS019,Return,Documentation error
DLV003072,PO-00948,AMER,SUP042,2024-01-22,-149,GlobalShip,DOCK-A,INS001,Return,Documentation error
DLV003073,PO-00020,EMEA,SUP010,2024-02-24,-69,FreightCo,DOCK-A,INS015,Return,Late delivery
DLV003074,PO-00045,EMEA,SUP028,2024-03-17,-245,FreightCo,DOCK-B,INS015,Return,Quantity shortfall
DLV003075,PO-00074,EMEA,SUP041,2024-04-01,-302,PrimeLogistics,DOCK-D,INS011,Return,Damaged goods
DLV003076,PO-00076,EMEA,SUP038,2024-02-10,-188,FreightCo,DOCK-D,INS005,Return,Quantity shortfall
DLV003077,PO-00088,EMEA,SUP035,2024-04-17,-272,DirectHaul,DOCK-D,INS014,Return,Quantity shortfall
DLV003078,PO-00093,EMEA,SUP055,2024-02-12,-95,FastFreight,DOCK-A,INS008,Return,Wrong specification
DLV003079,PO-00096,EMEA,SUP005,2024-02-05,-208,FreightCo,DOCK-C,INS002,Return,Wrong specification
DLV003080,PO-00102,EMEA,SUP023,2024-02-11,-242,GlobalShip,DOCK-C,INS003,Return,Late delivery
DLV003081,PO-00117,EMEA,SUP009,2024-03-01,-290,PrimeLogistics,DOCK-C,INS010,Return,Wrong specification
DLV003082,PO-00118,EMEA,SUP046,2024-02-05,-117,FreightCo,DOCK-A,INS012,Return,Late delivery
DLV003083,PO-00119,EMEA,SUP044,2024-03-21,-246,DirectHaul,DOCK-D,INS014,Return,Quantity shortfall
DLV003084,PO-00120,EMEA,SUP049,2024-04-15,-92,FreightCo,DOCK-D,INS019,Return,Quantity shortfall
DLV003085,PO-00131,EMEA,SUP013,2024-03-24,-178,OceanLink,DOCK-C,INS008,Return,Quantity shortfall
DLV003086,PO-00145,EMEA,SUP032,2024-04-05,-301,GlobalShip,DOCK-D,INS007,Return,Late delivery
DLV003087,PO-00190,EMEA,SUP001,2024-04-10,-724,FastFreight,DOCK-B,INS014,Return,Documentation error
DLV003088,PO-00192,EMEA,SUP009,2024-03-22,-144,OceanLink,DOCK-D,INS014,Return,Quantity shortfall
DLV003089,PO-00193,EMEA,SUP050,2024-03-15,-31,DirectHaul,DOCK-C,INS019,Return,Late delivery
DLV003090,PO-00207,EMEA,SUP016,2024-02-21,-423,FreightCo,DOCK-D,INS002,Return,Documentation error
DLV003091,PO-00229,EMEA,SUP057,2024-03-27,-709,PrimeLogistics,DOCK-C,INS019,Return,Late delivery
DLV003092,PO-00233,EMEA,SUP006,2024-02-10,-311,FastFreight,DOCK-A,INS002,Return,Damaged goods
DLV003093,PO-00296,EMEA,SUP026,2024-03-01,-65,DirectHaul,DOCK-A,INS007,Return,Documentation error
DLV003094,PO-00332,EMEA,SUP048,2024-04-25,-360,DirectHaul,DOCK-C,INS012,Return,Documentation error
DLV003095,PO-00339,EMEA,SUP032,2024-03-13,-421,DirectHaul,DOCK-C,INS020,Return,Wrong specification
DLV003096,PO-00343,EMEA,SUP025,2024-03-31,-8,DirectHaul,DOCK-B,INS006,Return,Late delivery
DLV003097,PO-00367,EMEA,SUP016,2024-03-25,-398,FreightCo,DOCK-D,INS007,Return,Damaged goods
DLV003098,PO-00369,EMEA,SUP028,2024-03-01,-8,OceanLink,DOCK-A,INS020,Return,Late delivery
DLV003099,PO-00396,EMEA,SUP050,2024-04-27,-278,OceanLink,DOCK-D,INS013,Return,Quantity shortfall
DLV003100,PO-00406,EMEA,SUP033,2024-03-15,-122,GlobalShip,DOCK-C,INS017,Return,Quantity shortfall
DLV003101,PO-00413,EMEA,SUP038,2024-02-03,-464,GlobalShip,DOCK-D,INS020,Return,Quantity shortfall
DLV003102,PO-00435,EMEA,SUP019,2024-01-22,-19,FreightCo,DOCK-D,INS002,Return,Quantity shortfall
DLV003103,PO-00437,EMEA,SUP039,2024-04-10,-168,GlobalShip,DOCK-C,INS013,Return,Documentation error
DLV003104,PO-00460,EMEA,SUP030,2024-03-09,-50,PrimeLogistics,DOCK-C,INS018,Return,Late delivery
DLV003105,PO-00471,EMEA,SUP060,2024-04-17,-189,DirectHaul,DOCK-B,INS017,Return,Late delivery
DLV003106,PO-00473,EMEA,SUP056,2024-05-02,-29,DirectHaul,DOCK-A,INS005,Return,Wrong specification
DLV003107,PO-00476,EMEA,SUP025,2024-03-29,-40,DirectHaul,DOCK-C,INS013,Return,Documentation error
DLV003108,PO-00493,EMEA,SUP034,2024-01-21,-77,OceanLink,DOCK-B,INS009,Return,Late delivery
DLV003109,PO-00500,EMEA,SUP047,2024-02-21,-149,FreightCo,DOCK-A,INS018,Return,Damaged goods
DLV003110,PO-00518,EMEA,SUP027,2024-01-23,-309,GlobalShip,DOCK-D,INS018,Return,Damaged goods
DLV003111,PO-00519,EMEA,SUP032,2024-02-20,-182,PrimeLogistics,DOCK-B,INS018,Return,Damaged goods
DLV003112,PO-00523,EMEA,SUP026,2024-03-27,-174,FreightCo,DOCK-A,INS018,Return,Late delivery
DLV003113,PO-00556,EMEA,SUP023,2024-04-01,-213,FastFreight,DOCK-C,INS013,Return,Damaged goods
DLV003114,PO-00558,EMEA,SUP040,2024-04-11,-370,PrimeLogistics,DOCK-B,INS006,Return,Quantity shortfall
DLV003115,PO-00559,EMEA,SUP013,2024-03-27,-523,GlobalShip,DOCK-A,INS018,Return,Wrong specification
DLV003116,PO-00599,EMEA,SUP053,2024-03-04,-90,OceanLink,DOCK-C,INS002,Return,Late delivery
DLV003117,PO-00602,EMEA,SUP039,2024-03-23,-153,DirectHaul,DOCK-C,INS010,Return,Quantity shortfall
DLV003118,PO-00606,EMEA,SUP032,2024-04-29,-390,FastFreight,DOCK-D,INS019,Return,Quantity shortfall
DLV003119,PO-00608,EMEA,SUP008,2024-04-07,-59,PrimeLogistics,DOCK-C,INS003,Return,Late delivery
DLV003120,PO-00620,EMEA,SUP022,2024-04-23,-76,GlobalShip,DOCK-B,INS017,Return,Wrong specification
DLV003121,PO-00643,EMEA,SUP051,2024-02-11,-580,FastFreight,DOCK-B,INS020,Return,Late delivery
DLV003122,PO-00670,EMEA,SUP023,2024-04-08,-231,FastFreight,DOCK-A,INS008,Return,Damaged goods
DLV003123,PO-00674,EMEA,SUP012,2024-02-14,-286,FreightCo,DOCK-D,INS018,Return,Documentation error
DLV003124,PO-00679,EMEA,SUP002,2024-04-04,-392,OceanLink,DOCK-D,INS009,Return,Damaged goods
DLV003125,PO-00698,EMEA,SUP055,2024-04-23,-253,OceanLink,DOCK-A,INS017,Return,Quantity shortfall
DLV003126,PO-00756,EMEA,SUP034,2024-04-04,-65,GlobalShip,DOCK-B,INS008,Return,Wrong specification
DLV003127,PO-00817,EMEA,SUP015,2024-03-01,-187,FreightCo,DOCK-D,INS006,Return,Documentation error
DLV003128,PO-00836,EMEA,SUP051,2024-02-12,-459,DirectHaul,DOCK-D,INS020,Return,Late delivery
DLV003129,PO-00839,EMEA,SUP049,2024-03-23,-160,FastFreight,DOCK-B,INS017,Return,Damaged goods
DLV003130,PO-00858,EMEA,SUP020,2024-03-29,-409,FastFreight,DOCK-D,INS020,Return,Wrong specification
DLV003131,PO-00876,EMEA,SUP013,2024-02-19,-50,OceanLink,DOCK-A,INS002,Return,Late delivery
DLV003132,PO-00881,EMEA,SUP006,2024-03-13,-21,OceanLink,DOCK-A,INS013,Return,Documentation error
DLV003133,PO-00883,EMEA,SUP058,2024-02-03,-435,FastFreight,DOCK-B,INS015,Return,Documentation error
DLV003134,PO-00914,EMEA,SUP059,2024-04-21,-122,GlobalShip,DOCK-D,INS006,Return,Late delivery
DLV003135,PO-00953,EMEA,SUP050,2024-03-09,-313,OceanLink,DOCK-C,INS016,Return,Quantity shortfall
DLV003136,PO-00999,EMEA,SUP060,2024-01-20,-280,FastFreight,DOCK-A,INS008,Return,Quantity shortfall
DLV003137,PO-00017,APAC,SUP018,2024-03-02,-70,OceanLink,DOCK-C,INS003,Return,Late delivery
DLV003138,PO-00026,APAC,SUP039,2024-02-26,-296,OceanLink,DOCK-A,INS017,Return,Wrong specification
DLV003139,PO-00028,APAC,SUP056,2024-02-25,-543,DirectHaul,DOCK-C,INS005,Return,Documentation error
DLV003140,PO-00036,APAC,SUP009,2024-02-25,-276,FastFreight,DOCK-A,INS017,Return,Wrong specification
DLV003141,PO-00064,APAC,SUP018,2024-03-18,-433,PrimeLogistics,DOCK-D,INS015,Return,Late delivery
DLV003142,PO-00101,APAC,SUP059,2024-04-02,-225,OceanLink,DOCK-D,INS011,Return,Quantity shortfall
DLV003143,PO-00120,APAC,SUP055,2024-04-07,-291,FreightCo,DOCK-A,INS007,Return,Documentation error
DLV003144,PO-00130,APAC,SUP050,2024-02-26,-70,DirectHaul,DOCK-A,INS016,Return,Wrong specification
DLV003145,PO-00137,APAC,SUP028,2024-02-14,-351,FreightCo,DOCK-C,INS010,Return,Damaged goods
DLV003146,PO-00163,APAC,SUP045,2024-02-06,-512,DirectHaul,DOCK-C,INS008,Return,Damaged goods
DLV003147,PO-00165,APAC,SUP028,2024-04-12,-74,GlobalShip,DOCK-D,INS012,Return,Late delivery
DLV003148,PO-00182,APAC,SUP045,2024-02-19,-381,FastFreight,DOCK-B,INS019,Return,Wrong specification
DLV003149,PO-00199,APAC,SUP054,2024-03-15,-225,GlobalShip,DOCK-B,INS011,Return,Documentation error
DLV003150,PO-00205,APAC,SUP047,2024-03-29,-441,FastFreight,DOCK-B,INS017,Return,Quantity shortfall
DLV003151,PO-00211,APAC,SUP053,2024-02-21,-99,PrimeLogistics,DOCK-C,INS016,Return,Late delivery
DLV003152,PO-00218,APAC,SUP038,2024-03-25,-223,DirectHaul,DOCK-C,INS005,Return,Late delivery
DLV003153,PO-00245,APAC,SUP004,2024-04-17,-49,FastFreight,DOCK-C,INS005,Return,Damaged goods
DLV003154,PO-00255,APAC,SUP051,2024-02-25,-276,GlobalShip,DOCK-D,INS002,Return,Wrong specification
DLV003155,PO-00263,APAC,SUP048,2024-03-30,-247,PrimeLogistics,DOCK-A,INS001,Return,Quantity shortfall
DLV003156,PO-00282,APAC,SUP020,2024-03-18,-33,GlobalShip,DOCK-D,INS012,Return,Late delivery
DLV003157,PO-00287,APAC,SUP045,2024-02-02,-157,FastFreight,DOCK-A,INS014,Return,Damaged goods
DLV003158,PO-00303,APAC,SUP043,2024-03-19,-414,FreightCo,DOCK-A,INS015,Return,Wrong specification
DLV003159,PO-00309,APAC,SUP021,2024-02-17,-55,DirectHaul,DOCK-B,INS018,Return,Late delivery
DLV003160,PO-00310,APAC,SUP026,2024-03-06,-66,GlobalShip,DOCK-C,INS013,Return,Quantity shortfall
DLV003161,PO-00331,APAC,SUP056,2024-03-29,-327,OceanLink,DOCK-C,INS015,Return,Wrong specification
DLV003162,PO-00341,APAC,SUP048,2024-04-20,-545,PrimeLogistics,DOCK-A,INS011,Return,Documentation error
DLV003163,PO-00343,APAC,SUP054,2024-02-08,-75,OceanLink,DOCK-C,INS010,Return,Quantity shortfall
DLV003164,PO-00349,APAC,SUP014,2024-03-17,-376,PrimeLogistics,DOCK-D,INS017,Return,Damaged goods
DLV003165,PO-00377,APAC,SUP011,2024-02-13,-309,PrimeLogistics,DOCK-C,INS001,Return,Damaged goods
DLV003166,PO-00403,APAC,SUP042,2024-03-03,-352,FreightCo,DOCK-C,INS003,Return,Wrong specification
DLV003167,PO-00414,APAC,SUP050,2024-02-17,-505,FastFreight,DOCK-B,INS019,Return,Quantity shortfall
DLV003168,PO-00427,APAC,SUP035,2024-02-13,-251,FreightCo,DOCK-A,INS018,Return,Damaged goods
DLV003169,PO-00440,APAC,SUP035,2024-04-05,-356,FastFreight,DOCK-B,INS010,Return,Wrong specification
DLV003170,PO-00461,APAC,SUP006,2024-02-03,-583,FreightCo,DOCK-D,INS014,Return,Quantity shortfall
DLV003171,PO-00463,APAC,SUP038,2024-04-16,-13,FreightCo,DOCK-A,INS009,Return,Wrong specification
DLV003172,PO-00500,APAC,SUP014,2024-03-20,-98,OceanLink,DOCK-A,INS003,Return,Wrong specification
DLV003173,PO-00504,APAC,SUP022,2024-04-28,-595,FastFreight,DOCK-D,INS016,Return,Quantity shortfall
DLV003174,PO-00506,APAC,SUP014,2024-02-06,-438,DirectHaul,DOCK-C,INS013,Return,Damaged goods
DLV003175,PO-00516,APAC,SUP058,2024-03-27,-49,DirectHaul,DOCK-B,INS008,Return,Documentation error
DLV003176,PO-00534,APAC,SUP026,2024-04-04,-106,OceanLink,DOCK-D,INS009,Return,Late delivery
DLV003177,PO-00535,APAC,SUP051,2024-03-07,-119,DirectHaul,DOCK-A,INS013,Return,Damaged goods
DLV003178,PO-00556,APAC,SUP058,2024-04-11,-352,PrimeLogistics,DOCK-C,INS005,Return,Late delivery
DLV003179,PO-00574,APAC,SUP039,2024-04-09,-373,FreightCo,DOCK-C,INS018,Return,Documentation error
DLV003180,PO-00604,APAC,SUP047,2024-04-22,-301,FreightCo,DOCK-B,INS014,Return,Quantity shortfall
DLV003181,PO-00616,APAC,SUP002,2024-02-23,-240,DirectHaul,DOCK-B,INS020,Return,Wrong specification
DLV003182,PO-00623,APAC,SUP025,2024-04-21,-191,DirectHaul,DOCK-D,INS006,Return,Documentation error
DLV003183,PO-00659,APAC,SUP040,2024-02-12,-246,PrimeLogistics,DOCK-A,INS017,Return,Quantity shortfall
DLV003184,PO-00662,APAC,SUP019,2024-03-14,-24,DirectHaul,DOCK-B,INS006,Return,Documentation error
DLV003185,PO-00664,APAC,SUP027,2024-04-06,-390,GlobalShip,DOCK-C,INS015,Return,Documentation error
DLV003186,PO-00678,APAC,SUP008,2024-02-28,-113,PrimeLogistics,DOCK-D,INS007,Return,Damaged goods
DLV003187,PO-00716,APAC,SUP007,2024-02-28,-236,FreightCo,DOCK-C,INS001,Return,Quantity shortfall
DLV003188,PO-00720,APAC,SUP037,2024-03-05,-110,FastFreight,DOCK-C,INS016,Return,Late delivery
DLV003189,PO-00726,APAC,SUP039,2024-01-21,-239,PrimeLogistics,DOCK-A,INS009,Return,Damaged goods
DLV003190,PO-00735,APAC,SUP049,2024-03-16,-110,PrimeLogistics,DOCK-C,INS009,Return,Documentation error
DLV003191,PO-00755,APAC,SUP036,2024-04-07,-56,PrimeLogistics,DOCK-A,INS009,Return,Documentation error
DLV003192,PO-00764,APAC,SUP040,2024-01-31,-125,OceanLink,DOCK-C,INS009,Return,Documentation error
DLV003193,PO-00801,APAC,SUP014,2024-03-03,-182,FastFreight,DOCK-B,INS005,Return,Documentation error
DLV003194,PO-00807,APAC,SUP057,2024-03-23,-221,FastFreight,DOCK-B,INS008,Return,Documentation error
DLV003195,PO-00832,APAC,SUP029,2024-01-17,-136,DirectHaul,DOCK-A,INS014,Return,Wrong specification
DLV003196,PO-00836,APAC,SUP020,2024-02-20,-46,PrimeLogistics,DOCK-A,INS005,Return,Quantity shortfall
DLV003197,PO-00837,APAC,SUP045,2024-02-04,-267,DirectHaul,DOCK-C,INS003,Return,Documentation error
DLV003198,PO-00843,APAC,SUP047,2024-04-01,-88,FastFreight,DOCK-A,INS007,Return,Wrong specification
DLV003199,PO-00860,APAC,SUP055,2024-03-19,-88,FastFreight,DOCK-A,INS020,Return,Late delivery
DLV003200,PO-00876,APAC,SUP001,2024-02-17,-80,FreightCo,DOCK-A,INS018,Return,Damaged goods
DLV003201,PO-00880,APAC,SUP038,2024-03-07,-208,OceanLink,DOCK-A,INS007,Return,Damaged goods
DLV003202,PO-00884,APAC,SUP028,2024-05-09,-90,DirectHaul,DOCK-D,INS017,Return,Late delivery
DLV003203,PO-00897,APAC,SUP038,2024-02-21,-123,FastFreight,DOCK-A,INS018,Return,Late delivery
DLV003204,PO-00903,APAC,SUP014,2024-03-21,-296,DirectHaul,DOCK-B,INS015,Return,Damaged goods
DLV003205,PO-00906,APAC,SUP055,2024-01-30,-531,PrimeLogistics,DOCK-D,INS011,Return,Wrong specification
DLV003206,PO-00926,APAC,SUP001,2024-03-01,-213,GlobalShip,DOCK-D,INS002,Return,Documentation error
DLV003207,PO-00943,APAC,SUP021,2024-03-01,-327,DirectHaul,DOCK-D,INS010,Return,Wrong specification
DLV003208,PO-00956,APAC,SUP045,2024-03-24,-172,OceanLink,DOCK-D,INS012,Return,Quantity shortfall
DLV003209,PO-00960,APAC,SUP018,2024-02-09,-107,DirectHaul,DOCK-B,INS018,Return,Wrong specification
DLV003210,PO-00962,APAC,SUP051,2024-01-20,-416,DirectHaul,DOCK-A,INS016,Return,Damaged goods
DLV003211,PO-00974,APAC,SUP011,2024-02-29,-177,DirectHaul,DOCK-D,INS016,Return,Wrong specification
DLV003212,PO-00991,APAC,SUP009,2024-03-16,-98,FreightCo,DOCK-D,INS011,Return,Late delivery
DLV003213,PO-00997,APAC,SUP016,2024-01-29,-222,OceanLink,DOCK-A,INS015,Return,Late delivery
