lot_id,product_id,line_id,batch_start_date,batch_end_date,quantity_produced
LOT00001,P007,L01,2024-01-01,2024-01-02,355
LOT00002,P014,L01,2024-01-01,2024-01-04,168
LOT00003,P002,L01,2024-01-01,2024-01-03,133
LOT00004,P012,L01,2024-01-01,2024-01-04,304
LOT00005,P004,L01,2024-01-01,2024-01-03,101
LOT00006,P002,L01,2024-01-01,2024-01-04,223
LOT00007,P009,L01,2024-01-01,2024-01-04,297
LOT00008,P016,L01,2024-01-01,2024-01-04,323
LOT00009,P012,L01,2024-01-01,2024-01-02,196
LOT00010,P013,L01,2024-01-01,2024-01-03,239
LOT00011,P012,L01,2024-01-01,2024-01-02,255
LOT00012,P013,L01,2024-01-01,2024-01-02,318
LOT00013,P009,L01,2024-01-01,2024-01-04,376
LOT00014,P003,L01,2024-01-01,2024-01-04,197
LOT00015,P014,L01,2024-01-01,2024-01-04,211
LOT00016,P008,L01,2024-01-01,2024-01-02,370
LOT00017,P009,L01,2024-01-01,2024-01-03,104
LOT00018,P006,L01,2024-01-01,2024-01-03,335
LOT00019,P003,L01,2024-01-01,2024-01-02,228
LOT00020,P015,L01,2024-01-01,2024-01-02,300
LOT00021,P013,L01,2024-01-01,2024-01-03,185
LOT00022,P011,L01,2024-01-01,2024-01-02,261
LOT00023,P007,L01,2024-01-01,2024-01-04,381
LOT00024,P014,L01,2024-01-01,2024-01-03,131
LOT00025,P009,L01,2024-01-01,2024-01-04,282
LOT00026,P008,L01,2024-01-01,2024-01-04,111
LOT00027,P008,L01,2024-01-01,2024-01-02,326
LOT00028,P004,L01,2024-01-01,2024-01-04,219
LOT00029,P002,L01,2024-01-01,2024-01-04,350
LOT00030,P009,L01,2024-01-01,2024-01-03,368
LOT00031,P015,L01,2024-01-01,2024-01-02,156
LOT00032,P019,L02,2024-01-01,2024-01-03,242
LOT00033,P021,L02,2024-01-01,2024-01-03,91
LOT00034,P001,L02,2024-01-01,2024-01-02,158
LOT00035,P021,L02,2024-01-01,2024-01-02,221
LOT00036,P021,L02,2024-01-01,2024-01-04,290
LOT00037,P021,L02,2024-01-01,2024-01-03,354
LOT00038,P019,L02,2024-01-01,2024-01-03,105
LOT00039,P008,L02,2024-01-01,2024-01-04,264
LOT00040,P020,L02,2024-01-01,2024-01-03,261
LOT00041,P005,L02,2024-01-01,2024-01-03,109
LOT00042,P021,L02,2024-01-01,2024-01-03,335
LOT00043,P017,L02,2024-01-01,2024-01-02,273
LOT00044,P009,L03,2024-01-01,2024-01-03,210
LOT00045,P013,L03,2024-01-01,2024-01-03,341
LOT00046,P015,L03,2024-01-01,2024-01-02,133
LOT00047,P024,L03,2024-01-01,2024-01-03,87
LOT00048,P022,L03,2024-01-01,2024-01-02,108
LOT00049,P009,L03,2024-01-01,2024-01-04,311
LOT00050,P012,L03,2024-01-01,2024-01-04,228
LOT00051,P022,L03,2024-01-01,2024-01-04,131
LOT00052,P009,L03,2024-01-01,2024-01-04,240
LOT00053,P022,L03,2024-01-01,2024-01-04,128
LOT00054,P013,L03,2024-01-01,2024-01-03,303
LOT00055,P023,L03,2024-01-01,2024-01-03,223
LOT00056,P013,L03,2024-01-01,2024-01-02,202
LOT00057,P015,L03,2024-01-01,2024-01-02,176
LOT00058,P019,L03,2024-01-01,2024-01-04,282
LOT00059,P011,L03,2024-01-01,2024-01-03,196
LOT00060,P017,L03,2024-01-01,2024-01-04,108
LOT00061,P017,L03,2024-01-01,2024-01-03,117
LOT00062,P021,L03,2024-01-01,2024-01-03,388
LOT00063,P024,L03,2024-01-01,2024-01-03,371
LOT00064,P019,L03,2024-01-01,2024-01-03,304
LOT00065,P013,L01,2024-01-02,2024-01-04,107
LOT00066,P008,L01,2024-01-02,2024-01-05,213
LOT00067,P012,L01,2024-01-02,2024-01-05,93
LOT00068,P005,L01,2024-01-02,2024-01-03,238
LOT00069,P002,L01,2024-01-02,2024-01-03,185
LOT00070,P002,L01,2024-01-02,2024-01-04,126
LOT00071,P008,L01,2024-01-02,2024-01-05,113
LOT00072,P015,L01,2024-01-02,2024-01-03,268
LOT00073,P003,L01,2024-01-02,2024-01-05,134
LOT00074,P008,L01,2024-01-02,2024-01-03,376
LOT00075,P012,L01,2024-01-02,2024-01-05,266
LOT00076,P004,L01,2024-01-02,2024-01-04,191
LOT00077,P012,L01,2024-01-02,2024-01-04,269
LOT00078,P005,L01,2024-01-02,2024-01-03,87
LOT00079,P013,L01,2024-01-02,2024-01-03,387
LOT00080,P010,L01,2024-01-02,2024-01-04,234
LOT00081,P009,L01,2024-01-02,2024-01-04,331
LOT00082,P003,L01,2024-01-02,2024-01-03,106
LOT00083,P008,L01,2024-01-02,2024-01-03,236
LOT00084,P014,L01,2024-01-02,2024-01-05,237
LOT00085,P001,L01,2024-01-02,2024-01-04,381
LOT00086,P013,L01,2024-01-02,2024-01-03,263
LOT00087,P008,L01,2024-01-02,2024-01-04,231
LOT00088,P012,L01,2024-01-02,2024-01-05,165
LOT00089,P011,L01,2024-01-02,2024-01-05,186
LOT00090,P007,L01,2024-01-02,2024-01-04,247
LOT00091,P005,L01,2024-01-02,2024-01-05,220
LOT00092,P011,L01,2024-01-02,2024-01-03,86
LOT00093,P003,L01,2024-01-02,2024-01-04,345
LOT00094,P010,L01,2024-01-02,2024-01-03,367
LOT00095,P002,L01,2024-01-02,2024-01-04,125
LOT00096,P011,L01,2024-01-02,2024-01-03,257
LOT00097,P002,L02,2024-01-02,2024-01-05,393
LOT00098,P005,L02,2024-01-02,2024-01-03,155
LOT00099,P004,L02,2024-01-02,2024-01-03,125
LOT00100,P019,L02,2024-01-02,2024-01-04,255
LOT00101,P020,L02,2024-01-02,2024-01-04,179
LOT00102,P020,L02,2024-01-02,2024-01-05,227
LOT00103,P024,L02,2024-01-02,2024-01-05,389
LOT00104,P021,L02,2024-01-02,2024-01-03,145
LOT00105,P006,L02,2024-01-02,2024-01-05,283
LOT00106,P002,L02,2024-01-02,2024-01-03,279
LOT00107,P018,L02,2024-01-02,2024-01-04,370
LOT00108,P013,L03,2024-01-02,2024-01-03,380
LOT00109,P017,L03,2024-01-02,2024-01-05,157
LOT00110,P009,L03,2024-01-02,2024-01-03,119
LOT00111,P013,L03,2024-01-02,2024-01-03,346
LOT00112,P015,L03,2024-01-02,2024-01-05,129
LOT00113,P024,L03,2024-01-02,2024-01-05,137
LOT00114,P024,L03,2024-01-02,2024-01-04,272
LOT00115,P011,L03,2024-01-02,2024-01-05,360
LOT00116,P023,L03,2024-01-02,2024-01-03,143
LOT00117,P010,L03,2024-01-02,2024-01-03,179
LOT00118,P020,L03,2024-01-02,2024-01-05,329
LOT00119,P022,L03,2024-01-02,2024-01-03,391
LOT00120,P023,L03,2024-01-02,2024-01-04,240
LOT00121,P012,L03,2024-01-02,2024-01-04,126
LOT00122,P023,L03,2024-01-02,2024-01-05,84
LOT00123,P010,L03,2024-01-02,2024-01-03,153
LOT00124,P017,L03,2024-01-02,2024-01-03,122
LOT00125,P016,L03,2024-01-02,2024-01-03,297
LOT00126,P014,L03,2024-01-02,2024-01-05,119
LOT00127,P009,L03,2024-01-02,2024-01-03,242
LOT00128,P021,L03,2024-01-02,2024-01-05,302
LOT00129,P014,L03,2024-01-02,2024-01-05,266
LOT00130,P019,L03,2024-01-02,2024-01-04,144
LOT00131,P015,L03,2024-01-02,2024-01-05,338
LOT00132,P014,L03,2024-01-02,2024-01-03,309
LOT00133,P023,L03,2024-01-02,2024-01-03,317
LOT00134,P010,L03,2024-01-02,2024-01-05,122
LOT00135,P020,L03,2024-01-02,2024-01-04,119
LOT00136,P020,L03,2024-01-02,2024-01-04,377
LOT00137,P015,L03,2024-01-02,2024-01-03,207
LOT00138,P013,L03,2024-01-02,2024-01-05,176
LOT00139,P006,L01,2024-01-03,2024-01-05,283
LOT00140,P016,L01,2024-01-03,2024-01-06,351
LOT00141,P009,L01,2024-01-03,2024-01-04,293
LOT00142,P005,L01,2024-01-03,2024-01-04,172
LOT00143,P016,L01,2024-01-03,2024-01-06,160
LOT00144,P015,L01,2024-01-03,2024-01-06,228
LOT00145,P008,L01,2024-01-03,2024-01-04,187
LOT00146,P001,L01,2024-01-03,2024-01-05,325
LOT00147,P010,L01,2024-01-03,2024-01-05,379
LOT00148,P009,L01,2024-01-03,2024-01-06,321
LOT00149,P003,L01,2024-01-03,2024-01-05,173
LOT00150,P011,L01,2024-01-03,2024-01-05,118
LOT00151,P014,L01,2024-01-03,2024-01-05,377
LOT00152,P002,L01,2024-01-03,2024-01-05,116
LOT00153,P012,L01,2024-01-03,2024-01-05,388
LOT00154,P003,L01,2024-01-03,2024-01-06,167
LOT00155,P012,L01,2024-01-03,2024-01-05,250
LOT00156,P007,L01,2024-01-03,2024-01-04,166
LOT00157,P001,L01,2024-01-03,2024-01-04,399
LOT00158,P016,L01,2024-01-03,2024-01-06,349
LOT00159,P003,L01,2024-01-03,2024-01-06,387
LOT00160,P010,L01,2024-01-03,2024-01-04,363
LOT00161,P003,L01,2024-01-03,2024-01-04,232
LOT00162,P015,L01,2024-01-03,2024-01-05,194
LOT00163,P012,L01,2024-01-03,2024-01-04,141
LOT00164,P013,L01,2024-01-03,2024-01-06,182
LOT00165,P007,L01,2024-01-03,2024-01-04,376
LOT00166,P003,L02,2024-01-03,2024-01-05,316
LOT00167,P003,L02,2024-01-03,2024-01-06,334
LOT00168,P005,L02,2024-01-03,2024-01-06,252
LOT00169,P018,L02,2024-01-03,2024-01-04,238
LOT00170,P003,L02,2024-01-03,2024-01-04,365
LOT00171,P008,L02,2024-01-03,2024-01-04,153
LOT00172,P002,L02,2024-01-03,2024-01-04,286
LOT00173,P017,L02,2024-01-03,2024-01-05,384
LOT00174,P001,L02,2024-01-03,2024-01-05,170
LOT00175,P020,L02,2024-01-03,2024-01-04,82
LOT00176,P001,L02,2024-01-03,2024-01-05,377
LOT00177,P004,L02,2024-01-03,2024-01-05,366
LOT00178,P003,L02,2024-01-03,2024-01-04,109
LOT00179,P022,L02,2024-01-03,2024-01-06,114
LOT00180,P001,L02,2024-01-03,2024-01-04,209
LOT00181,P007,L02,2024-01-03,2024-01-06,301
LOT00182,P018,L02,2024-01-03,2024-01-04,348
LOT00183,P017,L02,2024-01-03,2024-01-06,337
LOT00184,P019,L02,2024-01-03,2024-01-06,157
LOT00185,P021,L02,2024-01-03,2024-01-06,182
LOT00186,P007,L02,2024-01-03,2024-01-06,265
LOT00187,P022,L02,2024-01-03,2024-01-06,281
LOT00188,P006,L02,2024-01-03,2024-01-05,277
LOT00189,P024,L02,2024-01-03,2024-01-06,317
LOT00190,P011,L03,2024-01-03,2024-01-05,316
LOT00191,P024,L03,2024-01-03,2024-01-04,219
LOT00192,P022,L03,2024-01-03,2024-01-05,138
LOT00193,P022,L03,2024-01-03,2024-01-06,155
LOT00194,P016,L03,2024-01-03,2024-01-04,334
LOT00195,P021,L03,2024-01-03,2024-01-06,295
LOT00196,P015,L03,2024-01-03,2024-01-06,354
LOT00197,P019,L03,2024-01-03,2024-01-05,327
LOT00198,P019,L03,2024-01-03,2024-01-04,227
LOT00199,P012,L03,2024-01-03,2024-01-05,388
LOT00200,P013,L03,2024-01-03,2024-01-06,237
LOT00201,P009,L03,2024-01-03,2024-01-05,144
LOT00202,P011,L03,2024-01-03,2024-01-06,257
LOT00203,P015,L03,2024-01-03,2024-01-05,325
LOT00204,P016,L03,2024-01-03,2024-01-05,103
LOT00205,P011,L03,2024-01-03,2024-01-04,136
LOT00206,P015,L03,2024-01-03,2024-01-06,91
LOT00207,P018,L03,2024-01-03,2024-01-04,271
LOT00208,P012,L03,2024-01-03,2024-01-06,241
LOT00209,P014,L03,2024-01-03,2024-01-06,374
LOT00210,P014,L03,2024-01-03,2024-01-04,385
LOT00211,P017,L03,2024-01-03,2024-01-05,284
LOT00212,P002,L01,2024-01-04,2024-01-06,229
LOT00213,P009,L01,2024-01-04,2024-01-07,247
LOT00214,P015,L01,2024-01-04,2024-01-07,325
LOT00215,P012,L01,2024-01-04,2024-01-07,336
LOT00216,P003,L01,2024-01-04,2024-01-06,237
LOT00217,P016,L01,2024-01-04,2024-01-05,272
LOT00218,P016,L01,2024-01-04,2024-01-05,378
LOT00219,P003,L01,2024-01-04,2024-01-07,118
LOT00220,P013,L01,2024-01-04,2024-01-07,117
LOT00221,P007,L01,2024-01-04,2024-01-07,108
LOT00222,P010,L01,2024-01-04,2024-01-06,291
LOT00223,P008,L01,2024-01-04,2024-01-07,214
LOT00224,P013,L01,2024-01-04,2024-01-07,328
LOT00225,P016,L01,2024-01-04,2024-01-05,295
LOT00226,P013,L01,2024-01-04,2024-01-07,187
LOT00227,P015,L01,2024-01-04,2024-01-07,368
LOT00228,P016,L01,2024-01-04,2024-01-07,324
LOT00229,P002,L01,2024-01-04,2024-01-06,166
LOT00230,P005,L01,2024-01-04,2024-01-07,196
LOT00231,P012,L01,2024-01-04,2024-01-06,180
LOT00232,P010,L01,2024-01-04,2024-01-05,130
LOT00233,P001,L01,2024-01-04,2024-01-07,127
LOT00234,P002,L01,2024-01-04,2024-01-05,380
LOT00235,P009,L01,2024-01-04,2024-01-06,220
LOT00236,P010,L01,2024-01-04,2024-01-07,203
LOT00237,P003,L01,2024-01-04,2024-01-05,314
LOT00238,P003,L01,2024-01-04,2024-01-05,257
LOT00239,P003,L01,2024-01-04,2024-01-07,380
LOT00240,P010,L01,2024-01-04,2024-01-06,330
LOT00241,P001,L01,2024-01-04,2024-01-06,233
LOT00242,P010,L01,2024-01-04,2024-01-05,200
LOT00243,P005,L02,2024-01-04,2024-01-07,330
LOT00244,P022,L02,2024-01-04,2024-01-06,115
LOT00245,P023,L02,2024-01-04,2024-01-06,400
LOT00246,P019,L02,2024-01-04,2024-01-05,362
LOT00247,P002,L02,2024-01-04,2024-01-07,171
LOT00248,P002,L02,2024-01-04,2024-01-07,348
LOT00249,P008,L02,2024-01-04,2024-01-05,114
LOT00250,P018,L02,2024-01-04,2024-01-06,400
LOT00251,P001,L02,2024-01-04,2024-01-05,293
LOT00252,P019,L02,2024-01-04,2024-01-05,288
LOT00253,P017,L02,2024-01-04,2024-01-06,109
LOT00254,P001,L02,2024-01-04,2024-01-07,367
LOT00255,P002,L02,2024-01-04,2024-01-07,89
LOT00256,P008,L02,2024-01-04,2024-01-05,157
LOT00257,P020,L02,2024-01-04,2024-01-06,125
LOT00258,P022,L02,2024-01-04,2024-01-07,329
LOT00259,P007,L02,2024-01-04,2024-01-07,143
LOT00260,P005,L02,2024-01-04,2024-01-05,372
LOT00261,P024,L02,2024-01-04,2024-01-05,290
LOT00262,P008,L02,2024-01-04,2024-01-07,91
LOT00263,P006,L02,2024-01-04,2024-01-05,81
LOT00264,P008,L02,2024-01-04,2024-01-05,96
LOT00265,P001,L02,2024-01-04,2024-01-07,274
LOT00266,P005,L02,2024-01-04,2024-01-07,337
LOT00267,P017,L02,2024-01-04,2024-01-07,156
LOT00268,P023,L02,2024-01-04,2024-01-05,352
LOT00269,P022,L03,2024-01-04,2024-01-07,276
LOT00270,P020,L03,2024-01-04,2024-01-06,97
LOT00271,P022,L03,2024-01-04,2024-01-05,277
LOT00272,P022,L03,2024-01-04,2024-01-05,93
LOT00273,P016,L03,2024-01-04,2024-01-05,363
LOT00274,P009,L03,2024-01-04,2024-01-06,307
LOT00275,P016,L03,2024-01-04,2024-01-06,135
LOT00276,P012,L03,2024-01-04,2024-01-06,109
LOT00277,P010,L03,2024-01-04,2024-01-07,138
LOT00278,P010,L03,2024-01-04,2024-01-06,394
LOT00279,P020,L03,2024-01-04,2024-01-06,227
LOT00280,P017,L03,2024-01-04,2024-01-06,331
LOT00281,P017,L03,2024-01-04,2024-01-05,284
LOT00282,P020,L03,2024-01-04,2024-01-07,263
LOT00283,P017,L03,2024-01-04,2024-01-06,126
LOT00284,P019,L03,2024-01-04,2024-01-05,383
LOT00285,P010,L03,2024-01-04,2024-01-06,176
LOT00286,P022,L03,2024-01-04,2024-01-06,265
LOT00287,P016,L03,2024-01-04,2024-01-06,304
LOT00288,P011,L03,2024-01-04,2024-01-05,288
LOT00289,P022,L03,2024-01-04,2024-01-06,381
LOT00290,P020,L03,2024-01-04,2024-01-05,127
LOT00291,P009,L03,2024-01-04,2024-01-06,243
LOT00292,P012,L03,2024-01-04,2024-01-07,209
LOT00293,P009,L03,2024-01-04,2024-01-07,232
LOT00294,P013,L03,2024-01-04,2024-01-05,118
LOT00295,P010,L03,2024-01-04,2024-01-07,123
LOT00296,P020,L03,2024-01-04,2024-01-07,169
LOT00297,P017,L03,2024-01-04,2024-01-05,177
LOT00298,P024,L03,2024-01-04,2024-01-06,217
LOT00299,P016,L01,2024-01-05,2024-01-06,159
LOT00300,P007,L01,2024-01-05,2024-01-08,190
LOT00301,P003,L01,2024-01-05,2024-01-07,143
LOT00302,P007,L01,2024-01-05,2024-01-07,250
LOT00303,P014,L01,2024-01-05,2024-01-07,248
LOT00304,P004,L01,2024-01-05,2024-01-07,388
LOT00305,P016,L01,2024-01-05,2024-01-07,339
LOT00306,P010,L01,2024-01-05,2024-01-08,259
LOT00307,P010,L01,2024-01-05,2024-01-08,121
LOT00308,P006,L01,2024-01-05,2024-01-08,352
LOT00309,P015,L01,2024-01-05,2024-01-07,315
LOT00310,P001,L01,2024-01-05,2024-01-07,166
LOT00311,P005,L01,2024-01-05,2024-01-08,158
LOT00312,P007,L01,2024-01-05,2024-01-06,246
LOT00313,P008,L01,2024-01-05,2024-01-08,203
LOT00314,P008,L01,2024-01-05,2024-01-07,93
LOT00315,P003,L01,2024-01-05,2024-01-06,97
LOT00316,P004,L01,2024-01-05,2024-01-06,358
LOT00317,P002,L01,2024-01-05,2024-01-08,343
LOT00318,P010,L01,2024-01-05,2024-01-06,104
LOT00319,P006,L01,2024-01-05,2024-01-06,261
LOT00320,P010,L01,2024-01-05,2024-01-07,236
LOT00321,P010,L01,2024-01-05,2024-01-06,314
LOT00322,P012,L01,2024-01-05,2024-01-06,101
LOT00323,P009,L01,2024-01-05,2024-01-08,369
LOT00324,P011,L01,2024-01-05,2024-01-06,220
LOT00325,P010,L01,2024-01-05,2024-01-08,306
LOT00326,P011,L01,2024-01-05,2024-01-08,213
LOT00327,P010,L01,2024-01-05,2024-01-07,307
LOT00328,P003,L02,2024-01-05,2024-01-07,187
LOT00329,P017,L02,2024-01-05,2024-01-06,296
LOT00330,P006,L02,2024-01-05,2024-01-06,322
LOT00331,P017,L02,2024-01-05,2024-01-07,229
LOT00332,P024,L02,2024-01-05,2024-01-06,308
LOT00333,P002,L02,2024-01-05,2024-01-06,214
LOT00334,P024,L02,2024-01-05,2024-01-08,375
LOT00335,P008,L02,2024-01-05,2024-01-08,387
LOT00336,P021,L02,2024-01-05,2024-01-07,144
LOT00337,P007,L02,2024-01-05,2024-01-08,337
LOT00338,P005,L02,2024-01-05,2024-01-08,288
LOT00339,P021,L02,2024-01-05,2024-01-06,241
LOT00340,P020,L02,2024-01-05,2024-01-07,350
LOT00341,P003,L02,2024-01-05,2024-01-07,185
LOT00342,P020,L02,2024-01-05,2024-01-06,348
LOT00343,P021,L02,2024-01-05,2024-01-08,93
LOT00344,P007,L02,2024-01-05,2024-01-07,233
LOT00345,P023,L02,2024-01-05,2024-01-07,374
LOT00346,P011,L03,2024-01-05,2024-01-06,158
LOT00347,P012,L03,2024-01-05,2024-01-08,350
LOT00348,P013,L03,2024-01-05,2024-01-08,284
LOT00349,P012,L03,2024-01-05,2024-01-07,288
LOT00350,P016,L03,2024-01-05,2024-01-07,295
LOT00351,P024,L03,2024-01-05,2024-01-08,324
LOT00352,P018,L03,2024-01-05,2024-01-07,98
LOT00353,P020,L03,2024-01-05,2024-01-08,197
LOT00354,P016,L03,2024-01-05,2024-01-08,253
LOT00355,P009,L03,2024-01-05,2024-01-08,188
LOT00356,P010,L03,2024-01-05,2024-01-08,351
LOT00357,P012,L01,2024-01-06,2024-01-08,181
LOT00358,P014,L01,2024-01-06,2024-01-07,163
LOT00359,P006,L01,2024-01-06,2024-01-07,275
LOT00360,P009,L01,2024-01-06,2024-01-09,301
LOT00361,P007,L01,2024-01-06,2024-01-08,214
LOT00362,P015,L01,2024-01-06,2024-01-07,125
LOT00363,P005,L01,2024-01-06,2024-01-08,261
LOT00364,P010,L01,2024-01-06,2024-01-07,213
LOT00365,P002,L01,2024-01-06,2024-01-07,134
LOT00366,P014,L01,2024-01-06,2024-01-09,248
LOT00367,P007,L01,2024-01-06,2024-01-08,309
LOT00368,P006,L01,2024-01-06,2024-01-09,337
LOT00369,P010,L01,2024-01-06,2024-01-08,362
LOT00370,P008,L01,2024-01-06,2024-01-08,396
LOT00371,P014,L01,2024-01-06,2024-01-09,288
LOT00372,P009,L01,2024-01-06,2024-01-09,245
LOT00373,P009,L01,2024-01-06,2024-01-09,171
LOT00374,P002,L01,2024-01-06,2024-01-09,280
LOT00375,P001,L01,2024-01-06,2024-01-09,227
LOT00376,P007,L01,2024-01-06,2024-01-09,103
LOT00377,P016,L01,2024-01-06,2024-01-07,242
LOT00378,P015,L01,2024-01-06,2024-01-09,339
LOT00379,P011,L01,2024-01-06,2024-01-08,288
LOT00380,P011,L01,2024-01-06,2024-01-08,388
LOT00381,P007,L01,2024-01-06,2024-01-08,213
LOT00382,P003,L01,2024-01-06,2024-01-09,114
LOT00383,P001,L01,2024-01-06,2024-01-09,129
LOT00384,P005,L02,2024-01-06,2024-01-09,288
LOT00385,P019,L02,2024-01-06,2024-01-07,151
LOT00386,P006,L02,2024-01-06,2024-01-08,253
LOT00387,P001,L02,2024-01-06,2024-01-09,165
LOT00388,P002,L02,2024-01-06,2024-01-09,222
LOT00389,P005,L02,2024-01-06,2024-01-09,156
LOT00390,P001,L02,2024-01-06,2024-01-07,97
LOT00391,P017,L02,2024-01-06,2024-01-08,385
LOT00392,P021,L02,2024-01-06,2024-01-07,198
LOT00393,P024,L02,2024-01-06,2024-01-07,379
LOT00394,P008,L02,2024-01-06,2024-01-09,324
LOT00395,P023,L02,2024-01-06,2024-01-09,290
LOT00396,P024,L02,2024-01-06,2024-01-09,82
LOT00397,P022,L02,2024-01-06,2024-01-09,317
LOT00398,P008,L02,2024-01-06,2024-01-09,206
LOT00399,P006,L02,2024-01-06,2024-01-09,202
LOT00400,P024,L02,2024-01-06,2024-01-07,371
LOT00401,P004,L02,2024-01-06,2024-01-07,112
LOT00402,P007,L02,2024-01-06,2024-01-08,155
LOT00403,P002,L02,2024-01-06,2024-01-09,222
LOT00404,P009,L03,2024-01-06,2024-01-08,116
LOT00405,P017,L03,2024-01-06,2024-01-07,256
LOT00406,P009,L03,2024-01-06,2024-01-09,358
LOT00407,P021,L03,2024-01-06,2024-01-07,298
LOT00408,P015,L03,2024-01-06,2024-01-07,296
LOT00409,P020,L03,2024-01-06,2024-01-08,224
LOT00410,P023,L03,2024-01-06,2024-01-09,216
LOT00411,P018,L03,2024-01-06,2024-01-09,251
LOT00412,P019,L03,2024-01-06,2024-01-09,284
LOT00413,P013,L03,2024-01-06,2024-01-07,328
LOT00414,P012,L03,2024-01-06,2024-01-08,251
LOT00415,P015,L03,2024-01-06,2024-01-07,118
LOT00416,P022,L03,2024-01-06,2024-01-08,139
LOT00417,P017,L03,2024-01-06,2024-01-09,354
LOT00418,P014,L03,2024-01-06,2024-01-09,315
LOT00419,P021,L03,2024-01-06,2024-01-08,99
LOT00420,P022,L03,2024-01-06,2024-01-08,239
LOT00421,P023,L03,2024-01-06,2024-01-09,150
LOT00422,P013,L03,2024-01-06,2024-01-08,190
LOT00423,P020,L03,2024-01-06,2024-01-07,113
LOT00424,P018,L03,2024-01-06,2024-01-08,106
LOT00425,P016,L03,2024-01-06,2024-01-07,192
LOT00426,P004,L01,2024-01-07,2024-01-10,157
LOT00427,P008,L01,2024-01-07,2024-01-08,183
LOT00428,P007,L01,2024-01-07,2024-01-08,129
LOT00429,P015,L01,2024-01-07,2024-01-09,360
LOT00430,P016,L01,2024-01-07,2024-01-08,170
LOT00431,P016,L01,2024-01-07,2024-01-08,260
LOT00432,P013,L01,2024-01-07,2024-01-08,334
LOT00433,P009,L01,2024-01-07,2024-01-09,331
LOT00434,P009,L01,2024-01-07,2024-01-09,220
LOT00435,P016,L01,2024-01-07,2024-01-10,232
LOT00436,P005,L01,2024-01-07,2024-01-10,399
LOT00437,P006,L01,2024-01-07,2024-01-09,296
LOT00438,P015,L01,2024-01-07,2024-01-08,341
LOT00439,P007,L01,2024-01-07,2024-01-10,369
LOT00440,P004,L01,2024-01-07,2024-01-08,332
LOT00441,P009,L01,2024-01-07,2024-01-09,139
LOT00442,P006,L01,2024-01-07,2024-01-08,260
LOT00443,P015,L01,2024-01-07,2024-01-08,112
LOT00444,P015,L01,2024-01-07,2024-01-09,289
LOT00445,P005,L01,2024-01-07,2024-01-08,386
LOT00446,P009,L01,2024-01-07,2024-01-10,244
LOT00447,P016,L01,2024-01-07,2024-01-10,218
LOT00448,P012,L01,2024-01-07,2024-01-08,91
LOT00449,P004,L01,2024-01-07,2024-01-10,388
LOT00450,P010,L01,2024-01-07,2024-01-10,113
LOT00451,P010,L01,2024-01-07,2024-01-08,93
LOT00452,P011,L01,2024-01-07,2024-01-08,158
LOT00453,P001,L01,2024-01-07,2024-01-09,101
LOT00454,P005,L01,2024-01-07,2024-01-10,226
LOT00455,P001,L02,2024-01-07,2024-01-09,128
LOT00456,P001,L02,2024-01-07,2024-01-08,173
LOT00457,P022,L02,2024-01-07,2024-01-08,213
LOT00458,P002,L02,2024-01-07,2024-01-10,132
LOT00459,P019,L02,2024-01-07,2024-01-08,115
LOT00460,P007,L02,2024-01-07,2024-01-09,168
LOT00461,P021,L02,2024-01-07,2024-01-09,89
LOT00462,P001,L02,2024-01-07,2024-01-08,211
LOT00463,P023,L02,2024-01-07,2024-01-09,256
LOT00464,P020,L02,2024-01-07,2024-01-10,229
LOT00465,P008,L02,2024-01-07,2024-01-10,250
LOT00466,P004,L02,2024-01-07,2024-01-08,153
LOT00467,P024,L02,2024-01-07,2024-01-08,271
LOT00468,P005,L02,2024-01-07,2024-01-08,373
LOT00469,P008,L02,2024-01-07,2024-01-09,357
LOT00470,P007,L02,2024-01-07,2024-01-10,187
LOT00471,P004,L02,2024-01-07,2024-01-08,318
LOT00472,P014,L03,2024-01-07,2024-01-09,81
LOT00473,P016,L03,2024-01-07,2024-01-08,353
LOT00474,P016,L03,2024-01-07,2024-01-09,278
LOT00475,P022,L03,2024-01-07,2024-01-09,132
LOT00476,P020,L03,2024-01-07,2024-01-10,328
LOT00477,P012,L03,2024-01-07,2024-01-10,354
LOT00478,P011,L03,2024-01-07,2024-01-08,161
LOT00479,P018,L03,2024-01-07,2024-01-08,374
LOT00480,P009,L03,2024-01-07,2024-01-09,225
LOT00481,P014,L03,2024-01-07,2024-01-10,273
LOT00482,P011,L03,2024-01-07,2024-01-10,396
LOT00483,P009,L03,2024-01-07,2024-01-08,196
LOT00484,P023,L03,2024-01-07,2024-01-10,341
LOT00485,P010,L03,2024-01-07,2024-01-08,182
LOT00486,P009,L03,2024-01-07,2024-01-09,336
LOT00487,P023,L03,2024-01-07,2024-01-08,272
LOT00488,P012,L03,2024-01-07,2024-01-08,149
LOT00489,P022,L03,2024-01-07,2024-01-09,212
LOT00490,P009,L03,2024-01-07,2024-01-09,181
LOT00491,P011,L03,2024-01-07,2024-01-10,105
LOT00492,P010,L03,2024-01-07,2024-01-10,89
LOT00493,P020,L03,2024-01-07,2024-01-10,191
LOT00494,P018,L03,2024-01-07,2024-01-09,86
LOT00495,P016,L03,2024-01-07,2024-01-10,133
LOT00496,P012,L03,2024-01-07,2024-01-09,312
LOT00497,P010,L03,2024-01-07,2024-01-10,307
LOT00498,P018,L03,2024-01-07,2024-01-08,317
LOT00499,P012,L03,2024-01-07,2024-01-10,181
LOT00500,P018,L03,2024-01-07,2024-01-08,365
LOT00501,P019,L03,2024-01-07,2024-01-08,270
LOT00502,P022,L03,2024-01-07,2024-01-08,120
LOT00503,P001,L01,2024-01-08,2024-01-10,252
LOT00504,P003,L01,2024-01-08,2024-01-09,279
LOT00505,P013,L01,2024-01-08,2024-01-09,167
LOT00506,P009,L01,2024-01-08,2024-01-11,96
LOT00507,P002,L01,2024-01-08,2024-01-10,270
LOT00508,P016,L01,2024-01-08,2024-01-09,174
LOT00509,P005,L01,2024-01-08,2024-01-10,293
LOT00510,P001,L01,2024-01-08,2024-01-11,348
LOT00511,P015,L01,2024-01-08,2024-01-09,85
LOT00512,P001,L01,2024-01-08,2024-01-09,271
LOT00513,P009,L01,2024-01-08,2024-01-09,154
LOT00514,P016,L01,2024-01-08,2024-01-11,360
LOT00515,P010,L01,2024-01-08,2024-01-11,161
LOT00516,P010,L01,2024-01-08,2024-01-10,276
LOT00517,P007,L01,2024-01-08,2024-01-09,257
LOT00518,P003,L01,2024-01-08,2024-01-10,207
LOT00519,P010,L01,2024-01-08,2024-01-11,297
LOT00520,P015,L01,2024-01-08,2024-01-10,312
LOT00521,P002,L01,2024-01-08,2024-01-11,261
LOT00522,P015,L01,2024-01-08,2024-01-09,323
LOT00523,P001,L02,2024-01-08,2024-01-11,165
LOT00524,P021,L02,2024-01-08,2024-01-09,298
LOT00525,P006,L02,2024-01-08,2024-01-09,375
LOT00526,P017,L02,2024-01-08,2024-01-11,395
LOT00527,P007,L02,2024-01-08,2024-01-11,158
LOT00528,P007,L02,2024-01-08,2024-01-09,189
LOT00529,P024,L02,2024-01-08,2024-01-10,362
LOT00530,P002,L02,2024-01-08,2024-01-11,286
LOT00531,P021,L02,2024-01-08,2024-01-11,287
LOT00532,P023,L02,2024-01-08,2024-01-10,212
LOT00533,P019,L02,2024-01-08,2024-01-10,108
LOT00534,P007,L02,2024-01-08,2024-01-11,289
LOT00535,P003,L02,2024-01-08,2024-01-11,251
LOT00536,P019,L02,2024-01-08,2024-01-11,384
LOT00537,P008,L02,2024-01-08,2024-01-10,222
LOT00538,P003,L02,2024-01-08,2024-01-09,329
LOT00539,P006,L02,2024-01-08,2024-01-11,304
LOT00540,P022,L03,2024-01-08,2024-01-10,380
LOT00541,P009,L03,2024-01-08,2024-01-10,230
LOT00542,P012,L03,2024-01-08,2024-01-09,143
LOT00543,P015,L03,2024-01-08,2024-01-10,201
LOT00544,P020,L03,2024-01-08,2024-01-10,206
LOT00545,P016,L03,2024-01-08,2024-01-11,122
LOT00546,P009,L03,2024-01-08,2024-01-09,132
LOT00547,P012,L03,2024-01-08,2024-01-09,299
LOT00548,P024,L03,2024-01-08,2024-01-09,188
LOT00549,P024,L03,2024-01-08,2024-01-09,386
LOT00550,P015,L03,2024-01-08,2024-01-11,158
LOT00551,P021,L03,2024-01-08,2024-01-09,111
LOT00552,P020,L03,2024-01-08,2024-01-10,321
LOT00553,P023,L03,2024-01-08,2024-01-10,362
LOT00554,P023,L03,2024-01-08,2024-01-10,169
LOT00555,P019,L03,2024-01-08,2024-01-10,144
LOT00556,P015,L03,2024-01-08,2024-01-11,139
LOT00557,P019,L03,2024-01-08,2024-01-10,247
LOT00558,P014,L03,2024-01-08,2024-01-09,230
LOT00559,P014,L03,2024-01-08,2024-01-10,163
LOT00560,P018,L03,2024-01-08,2024-01-09,94
LOT00561,P018,L03,2024-01-08,2024-01-09,234
LOT00562,P018,L03,2024-01-08,2024-01-09,387
LOT00563,P015,L03,2024-01-08,2024-01-09,289
LOT00564,P015,L03,2024-01-08,2024-01-11,239
LOT00565,P009,L03,2024-01-08,2024-01-11,115
LOT00566,P018,L03,2024-01-08,2024-01-09,161
LOT00567,P005,L01,2024-01-09,2024-01-11,254
LOT00568,P015,L01,2024-01-09,2024-01-11,133
LOT00569,P013,L01,2024-01-09,2024-01-10,161
LOT00570,P015,L01,2024-01-09,2024-01-11,131
LOT00571,P002,L01,2024-01-09,2024-01-10,353
LOT00572,P016,L01,2024-01-09,2024-01-11,267
LOT00573,P010,L01,2024-01-09,2024-01-11,315
LOT00574,P016,L01,2024-01-09,2024-01-12,175
LOT00575,P006,L01,2024-01-09,2024-01-12,199
LOT00576,P016,L01,2024-01-09,2024-01-12,209
LOT00577,P010,L01,2024-01-09,2024-01-10,323
LOT00578,P002,L01,2024-01-09,2024-01-10,327
LOT00579,P007,L01,2024-01-09,2024-01-10,146
LOT00580,P003,L01,2024-01-09,2024-01-11,382
LOT00581,P016,L01,2024-01-09,2024-01-11,118
LOT00582,P005,L01,2024-01-09,2024-01-10,367
LOT00583,P004,L01,2024-01-09,2024-01-12,112
LOT00584,P009,L01,2024-01-09,2024-01-11,164
LOT00585,P007,L01,2024-01-09,2024-01-10,351
LOT00586,P002,L01,2024-01-09,2024-01-11,137
LOT00587,P014,L01,2024-01-09,2024-01-11,212
LOT00588,P014,L01,2024-01-09,2024-01-10,224
LOT00589,P012,L01,2024-01-09,2024-01-10,158
LOT00590,P010,L01,2024-01-09,2024-01-12,307
LOT00591,P020,L02,2024-01-09,2024-01-11,224
LOT00592,P004,L02,2024-01-09,2024-01-11,206
LOT00593,P006,L02,2024-01-09,2024-01-11,344
LOT00594,P004,L02,2024-01-09,2024-01-11,196
LOT00595,P005,L02,2024-01-09,2024-01-10,195
LOT00596,P003,L02,2024-01-09,2024-01-10,138
LOT00597,P001,L02,2024-01-09,2024-01-12,108
LOT00598,P024,L02,2024-01-09,2024-01-11,347
LOT00599,P002,L02,2024-01-09,2024-01-12,127
LOT00600,P023,L02,2024-01-09,2024-01-10,199
LOT00601,P001,L02,2024-01-09,2024-01-11,388
LOT00602,P021,L02,2024-01-09,2024-01-10,132
LOT00603,P006,L02,2024-01-09,2024-01-10,360
LOT00604,P017,L02,2024-01-09,2024-01-10,202
LOT00605,P005,L02,2024-01-09,2024-01-10,130
LOT00606,P023,L03,2024-01-09,2024-01-12,375
LOT00607,P010,L03,2024-01-09,2024-01-12,189
LOT00608,P016,L03,2024-01-09,2024-01-11,96
LOT00609,P024,L03,2024-01-09,2024-01-12,189
LOT00610,P015,L03,2024-01-09,2024-01-10,335
LOT00611,P017,L03,2024-01-09,2024-01-11,279
LOT00612,P017,L03,2024-01-09,2024-01-10,321
LOT00613,P019,L03,2024-01-09,2024-01-11,334
LOT00614,P011,L03,2024-01-09,2024-01-12,148
LOT00615,P022,L03,2024-01-09,2024-01-10,376
LOT00616,P024,L03,2024-01-09,2024-01-11,220
LOT00617,P011,L03,2024-01-09,2024-01-10,285
LOT00618,P022,L03,2024-01-09,2024-01-12,80
LOT00619,P022,L03,2024-01-09,2024-01-11,398
LOT00620,P020,L03,2024-01-09,2024-01-10,170
LOT00621,P014,L03,2024-01-09,2024-01-12,99
LOT00622,P016,L03,2024-01-09,2024-01-11,227
LOT00623,P022,L03,2024-01-09,2024-01-12,121
LOT00624,P011,L03,2024-01-09,2024-01-11,128
LOT00625,P003,L01,2024-01-10,2024-01-13,319
LOT00626,P015,L01,2024-01-10,2024-01-13,169
LOT00627,P011,L01,2024-01-10,2024-01-13,225
LOT00628,P006,L01,2024-01-10,2024-01-12,321
LOT00629,P007,L01,2024-01-10,2024-01-12,135
LOT00630,P012,L01,2024-01-10,2024-01-11,195
LOT00631,P012,L01,2024-01-10,2024-01-13,309
LOT00632,P008,L01,2024-01-10,2024-01-12,315
LOT00633,P005,L01,2024-01-10,2024-01-13,206
LOT00634,P011,L01,2024-01-10,2024-01-12,367
LOT00635,P011,L01,2024-01-10,2024-01-12,127
LOT00636,P010,L01,2024-01-10,2024-01-13,269
LOT00637,P002,L01,2024-01-10,2024-01-12,312
LOT00638,P008,L01,2024-01-10,2024-01-13,186
LOT00639,P010,L01,2024-01-10,2024-01-12,140
LOT00640,P016,L01,2024-01-10,2024-01-12,209
LOT00641,P009,L01,2024-01-10,2024-01-12,303
LOT00642,P006,L01,2024-01-10,2024-01-12,229
LOT00643,P009,L01,2024-01-10,2024-01-12,162
LOT00644,P003,L01,2024-01-10,2024-01-11,345
LOT00645,P002,L01,2024-01-10,2024-01-11,184
LOT00646,P011,L01,2024-01-10,2024-01-13,122
LOT00647,P016,L01,2024-01-10,2024-01-12,315
LOT00648,P014,L01,2024-01-10,2024-01-12,177
LOT00649,P010,L01,2024-01-10,2024-01-11,364
LOT00650,P001,L01,2024-01-10,2024-01-11,338
LOT00651,P016,L01,2024-01-10,2024-01-11,132
LOT00652,P008,L01,2024-01-10,2024-01-13,381
LOT00653,P005,L01,2024-01-10,2024-01-13,321
LOT00654,P004,L02,2024-01-10,2024-01-12,275
LOT00655,P022,L02,2024-01-10,2024-01-13,161
LOT00656,P005,L02,2024-01-10,2024-01-11,280
LOT00657,P021,L02,2024-01-10,2024-01-11,182
LOT00658,P003,L02,2024-01-10,2024-01-13,393
LOT00659,P005,L02,2024-01-10,2024-01-12,208
LOT00660,P005,L02,2024-01-10,2024-01-12,300
LOT00661,P005,L02,2024-01-10,2024-01-12,87
LOT00662,P019,L02,2024-01-10,2024-01-12,208
LOT00663,P023,L02,2024-01-10,2024-01-13,360
LOT00664,P023,L02,2024-01-10,2024-01-13,275
LOT00665,P020,L02,2024-01-10,2024-01-12,222
LOT00666,P004,L02,2024-01-10,2024-01-11,380
LOT00667,P024,L02,2024-01-10,2024-01-13,354
LOT00668,P017,L02,2024-01-10,2024-01-11,183
LOT00669,P017,L02,2024-01-10,2024-01-13,254
LOT00670,P020,L02,2024-01-10,2024-01-13,237
LOT00671,P021,L02,2024-01-10,2024-01-12,282
LOT00672,P024,L02,2024-01-10,2024-01-13,187
LOT00673,P023,L03,2024-01-10,2024-01-12,133
LOT00674,P024,L03,2024-01-10,2024-01-12,82
LOT00675,P009,L03,2024-01-10,2024-01-11,187
LOT00676,P020,L03,2024-01-10,2024-01-12,336
LOT00677,P024,L03,2024-01-10,2024-01-11,349
LOT00678,P021,L03,2024-01-10,2024-01-11,124
LOT00679,P012,L03,2024-01-10,2024-01-13,328
LOT00680,P021,L03,2024-01-10,2024-01-12,117
LOT00681,P010,L03,2024-01-10,2024-01-11,205
LOT00682,P016,L03,2024-01-10,2024-01-12,400
LOT00683,P019,L03,2024-01-10,2024-01-11,141
LOT00684,P016,L03,2024-01-10,2024-01-13,129
LOT00685,P020,L03,2024-01-10,2024-01-11,215
LOT00686,P012,L03,2024-01-10,2024-01-12,278
LOT00687,P018,L03,2024-01-10,2024-01-13,379
LOT00688,P019,L03,2024-01-10,2024-01-11,394
LOT00689,P019,L03,2024-01-10,2024-01-12,102
LOT00690,P013,L03,2024-01-10,2024-01-13,124
LOT00691,P013,L03,2024-01-10,2024-01-12,333
LOT00692,P013,L03,2024-01-10,2024-01-11,166
LOT00693,P016,L03,2024-01-10,2024-01-12,364
LOT00694,P018,L03,2024-01-10,2024-01-11,292
LOT00695,P014,L03,2024-01-10,2024-01-12,115
LOT00696,P015,L03,2024-01-10,2024-01-13,347
LOT00697,P013,L03,2024-01-10,2024-01-12,136
LOT00698,P012,L03,2024-01-10,2024-01-11,215
LOT00699,P019,L03,2024-01-10,2024-01-12,257
LOT00700,P022,L03,2024-01-10,2024-01-11,240
LOT00701,P013,L03,2024-01-10,2024-01-11,300
LOT00702,P022,L03,2024-01-10,2024-01-13,289
LOT00703,P011,L01,2024-01-11,2024-01-14,309
LOT00704,P012,L01,2024-01-11,2024-01-14,133
LOT00705,P002,L01,2024-01-11,2024-01-13,151
LOT00706,P016,L01,2024-01-11,2024-01-14,165
LOT00707,P006,L01,2024-01-11,2024-01-12,262
LOT00708,P006,L01,2024-01-11,2024-01-14,373
LOT00709,P005,L01,2024-01-11,2024-01-12,184
LOT00710,P008,L01,2024-01-11,2024-01-12,178
LOT00711,P003,L01,2024-01-11,2024-01-13,170
LOT00712,P007,L01,2024-01-11,2024-01-12,243
LOT00713,P004,L01,2024-01-11,2024-01-12,152
LOT00714,P001,L01,2024-01-11,2024-01-12,107
LOT00715,P006,L01,2024-01-11,2024-01-13,353
LOT00716,P011,L01,2024-01-11,2024-01-14,111
LOT00717,P013,L01,2024-01-11,2024-01-12,188
LOT00718,P006,L01,2024-01-11,2024-01-13,319
LOT00719,P006,L01,2024-01-11,2024-01-14,189
LOT00720,P013,L01,2024-01-11,2024-01-12,88
LOT00721,P011,L01,2024-01-11,2024-01-12,100
LOT00722,P014,L01,2024-01-11,2024-01-14,166
LOT00723,P015,L01,2024-01-11,2024-01-14,257
LOT00724,P014,L01,2024-01-11,2024-01-13,225
LOT00725,P015,L01,2024-01-11,2024-01-14,93
LOT00726,P007,L01,2024-01-11,2024-01-12,215
LOT00727,P007,L01,2024-01-11,2024-01-13,255
LOT00728,P006,L01,2024-01-11,2024-01-14,268
LOT00729,P004,L01,2024-01-11,2024-01-12,185
LOT00730,P021,L02,2024-01-11,2024-01-12,136
LOT00731,P020,L02,2024-01-11,2024-01-12,344
LOT00732,P008,L02,2024-01-11,2024-01-12,207
LOT00733,P005,L02,2024-01-11,2024-01-14,397
LOT00734,P006,L02,2024-01-11,2024-01-14,124
LOT00735,P007,L02,2024-01-11,2024-01-14,289
LOT00736,P004,L02,2024-01-11,2024-01-12,224
LOT00737,P019,L02,2024-01-11,2024-01-14,206
LOT00738,P004,L02,2024-01-11,2024-01-12,360
LOT00739,P019,L02,2024-01-11,2024-01-14,393
LOT00740,P021,L02,2024-01-11,2024-01-14,360
LOT00741,P024,L02,2024-01-11,2024-01-13,141
LOT00742,P002,L02,2024-01-11,2024-01-13,150
LOT00743,P021,L02,2024-01-11,2024-01-13,290
LOT00744,P002,L02,2024-01-11,2024-01-14,172
LOT00745,P006,L02,2024-01-11,2024-01-12,315
LOT00746,P003,L02,2024-01-11,2024-01-12,261
LOT00747,P014,L03,2024-01-11,2024-01-12,122
LOT00748,P020,L03,2024-01-11,2024-01-13,132
LOT00749,P016,L03,2024-01-11,2024-01-12,224
LOT00750,P009,L03,2024-01-11,2024-01-13,285
LOT00751,P017,L03,2024-01-11,2024-01-14,351
LOT00752,P009,L03,2024-01-11,2024-01-12,196
LOT00753,P023,L03,2024-01-11,2024-01-12,83
LOT00754,P018,L03,2024-01-11,2024-01-12,272
LOT00755,P014,L03,2024-01-11,2024-01-14,328
LOT00756,P016,L03,2024-01-11,2024-01-13,329
LOT00757,P018,L03,2024-01-11,2024-01-12,349
LOT00758,P013,L03,2024-01-11,2024-01-14,110
LOT00759,P013,L03,2024-01-11,2024-01-13,346
LOT00760,P015,L03,2024-01-11,2024-01-13,349
LOT00761,P013,L03,2024-01-11,2024-01-14,232
LOT00762,P021,L03,2024-01-11,2024-01-12,189
LOT00763,P010,L03,2024-01-11,2024-01-12,232
LOT00764,P022,L03,2024-01-11,2024-01-13,228
LOT00765,P014,L03,2024-01-11,2024-01-12,176
LOT00766,P017,L03,2024-01-11,2024-01-14,88
LOT00767,P011,L03,2024-01-11,2024-01-12,366
LOT00768,P015,L03,2024-01-11,2024-01-12,213
LOT00769,P021,L03,2024-01-11,2024-01-12,113
LOT00770,P007,L01,2024-01-12,2024-01-15,112
LOT00771,P011,L01,2024-01-12,2024-01-15,114
LOT00772,P014,L01,2024-01-12,2024-01-13,117
LOT00773,P003,L01,2024-01-12,2024-01-14,278
LOT00774,P006,L01,2024-01-12,2024-01-14,119
LOT00775,P006,L01,2024-01-12,2024-01-13,353
LOT00776,P006,L01,2024-01-12,2024-01-15,322
LOT00777,P004,L01,2024-01-12,2024-01-13,343
LOT00778,P001,L01,2024-01-12,2024-01-15,248
LOT00779,P009,L01,2024-01-12,2024-01-13,399
LOT00780,P006,L01,2024-01-12,2024-01-14,94
LOT00781,P006,L01,2024-01-12,2024-01-13,208
LOT00782,P005,L01,2024-01-12,2024-01-13,183
LOT00783,P015,L01,2024-01-12,2024-01-14,384
LOT00784,P010,L01,2024-01-12,2024-01-13,265
LOT00785,P007,L01,2024-01-12,2024-01-15,338
LOT00786,P004,L01,2024-01-12,2024-01-15,134
LOT00787,P013,L01,2024-01-12,2024-01-15,394
LOT00788,P015,L01,2024-01-12,2024-01-13,240
LOT00789,P001,L01,2024-01-12,2024-01-14,238
LOT00790,P015,L01,2024-01-12,2024-01-13,391
LOT00791,P021,L02,2024-01-12,2024-01-14,294
LOT00792,P018,L02,2024-01-12,2024-01-14,221
LOT00793,P008,L02,2024-01-12,2024-01-14,337
LOT00794,P003,L02,2024-01-12,2024-01-14,201
LOT00795,P019,L02,2024-01-12,2024-01-15,337
LOT00796,P006,L02,2024-01-12,2024-01-15,314
LOT00797,P004,L02,2024-01-12,2024-01-14,328
LOT00798,P004,L02,2024-01-12,2024-01-13,166
LOT00799,P024,L02,2024-01-12,2024-01-14,391
LOT00800,P002,L02,2024-01-12,2024-01-14,203
LOT00801,P021,L02,2024-01-12,2024-01-14,173
LOT00802,P022,L02,2024-01-12,2024-01-14,192
LOT00803,P001,L02,2024-01-12,2024-01-14,198
LOT00804,P018,L02,2024-01-12,2024-01-13,391
LOT00805,P018,L02,2024-01-12,2024-01-14,102
LOT00806,P015,L03,2024-01-12,2024-01-15,377
LOT00807,P017,L03,2024-01-12,2024-01-13,271
LOT00808,P020,L03,2024-01-12,2024-01-13,294
LOT00809,P024,L03,2024-01-12,2024-01-15,96
LOT00810,P015,L03,2024-01-12,2024-01-14,383
LOT00811,P022,L03,2024-01-12,2024-01-15,205
LOT00812,P012,L03,2024-01-12,2024-01-13,376
LOT00813,P021,L03,2024-01-12,2024-01-15,265
LOT00814,P018,L03,2024-01-12,2024-01-15,81
LOT00815,P021,L03,2024-01-12,2024-01-14,92
LOT00816,P021,L03,2024-01-12,2024-01-15,298
LOT00817,P017,L03,2024-01-12,2024-01-15,260
LOT00818,P013,L03,2024-01-12,2024-01-13,88
LOT00819,P017,L03,2024-01-12,2024-01-14,318
LOT00820,P022,L03,2024-01-12,2024-01-13,353
LOT00821,P008,L01,2024-01-13,2024-01-16,353
LOT00822,P001,L01,2024-01-13,2024-01-14,378
LOT00823,P010,L01,2024-01-13,2024-01-15,388
LOT00824,P013,L01,2024-01-13,2024-01-16,266
LOT00825,P015,L01,2024-01-13,2024-01-15,117
LOT00826,P006,L01,2024-01-13,2024-01-14,205
LOT00827,P015,L01,2024-01-13,2024-01-16,242
LOT00828,P015,L01,2024-01-13,2024-01-15,158
LOT00829,P016,L01,2024-01-13,2024-01-15,284
LOT00830,P006,L01,2024-01-13,2024-01-16,314
LOT00831,P014,L01,2024-01-13,2024-01-15,372
LOT00832,P010,L01,2024-01-13,2024-01-15,380
LOT00833,P001,L01,2024-01-13,2024-01-15,121
LOT00834,P005,L01,2024-01-13,2024-01-15,121
LOT00835,P011,L01,2024-01-13,2024-01-14,362
LOT00836,P003,L01,2024-01-13,2024-01-16,151
LOT00837,P007,L01,2024-01-13,2024-01-16,102
LOT00838,P013,L01,2024-01-13,2024-01-14,306
LOT00839,P003,L01,2024-01-13,2024-01-14,314
LOT00840,P008,L01,2024-01-13,2024-01-16,101
LOT00841,P004,L01,2024-01-13,2024-01-14,381
LOT00842,P009,L01,2024-01-13,2024-01-15,242
LOT00843,P004,L01,2024-01-13,2024-01-15,219
LOT00844,P016,L01,2024-01-13,2024-01-16,266
LOT00845,P002,L01,2024-01-13,2024-01-14,281
LOT00846,P016,L01,2024-01-13,2024-01-16,116
LOT00847,P013,L01,2024-01-13,2024-01-15,333
LOT00848,P018,L02,2024-01-13,2024-01-14,105
LOT00849,P008,L02,2024-01-13,2024-01-15,289
LOT00850,P003,L02,2024-01-13,2024-01-16,359
LOT00851,P018,L02,2024-01-13,2024-01-16,283
LOT00852,P004,L02,2024-01-13,2024-01-15,217
LOT00853,P008,L02,2024-01-13,2024-01-14,218
LOT00854,P006,L02,2024-01-13,2024-01-15,91
LOT00855,P003,L02,2024-01-13,2024-01-14,251
LOT00856,P002,L02,2024-01-13,2024-01-15,398
LOT00857,P017,L02,2024-01-13,2024-01-15,387
LOT00858,P024,L02,2024-01-13,2024-01-15,92
LOT00859,P004,L02,2024-01-13,2024-01-14,306
LOT00860,P007,L02,2024-01-13,2024-01-15,176
LOT00861,P004,L02,2024-01-13,2024-01-15,369
LOT00862,P021,L02,2024-01-13,2024-01-15,94
LOT00863,P007,L02,2024-01-13,2024-01-14,380
LOT00864,P024,L02,2024-01-13,2024-01-16,348
LOT00865,P009,L03,2024-01-13,2024-01-14,135
LOT00866,P022,L03,2024-01-13,2024-01-16,172
LOT00867,P023,L03,2024-01-13,2024-01-14,333
LOT00868,P011,L03,2024-01-13,2024-01-14,244
LOT00869,P020,L03,2024-01-13,2024-01-14,143
LOT00870,P017,L03,2024-01-13,2024-01-16,144
LOT00871,P010,L03,2024-01-13,2024-01-14,296
LOT00872,P023,L03,2024-01-13,2024-01-16,120
LOT00873,P022,L03,2024-01-13,2024-01-16,253
LOT00874,P018,L03,2024-01-13,2024-01-16,120
LOT00875,P020,L03,2024-01-13,2024-01-16,278
LOT00876,P015,L03,2024-01-13,2024-01-16,196
LOT00877,P021,L03,2024-01-13,2024-01-16,281
LOT00878,P016,L03,2024-01-13,2024-01-14,376
LOT00879,P024,L03,2024-01-13,2024-01-16,176
LOT00880,P009,L01,2024-01-14,2024-01-15,181
LOT00881,P004,L01,2024-01-14,2024-01-15,356
LOT00882,P016,L01,2024-01-14,2024-01-15,170
LOT00883,P008,L01,2024-01-14,2024-01-17,342
LOT00884,P012,L01,2024-01-14,2024-01-15,203
LOT00885,P013,L01,2024-01-14,2024-01-16,293
LOT00886,P008,L01,2024-01-14,2024-01-17,359
LOT00887,P008,L01,2024-01-14,2024-01-17,93
LOT00888,P008,L01,2024-01-14,2024-01-15,260
LOT00889,P014,L01,2024-01-14,2024-01-15,194
LOT00890,P007,L01,2024-01-14,2024-01-15,379
LOT00891,P005,L01,2024-01-14,2024-01-15,127
LOT00892,P006,L01,2024-01-14,2024-01-15,127
LOT00893,P004,L01,2024-01-14,2024-01-16,196
LOT00894,P007,L01,2024-01-14,2024-01-17,163
LOT00895,P002,L01,2024-01-14,2024-01-16,291
LOT00896,P002,L01,2024-01-14,2024-01-16,335
LOT00897,P012,L01,2024-01-14,2024-01-15,242
LOT00898,P002,L01,2024-01-14,2024-01-17,357
LOT00899,P010,L01,2024-01-14,2024-01-16,289
LOT00900,P013,L01,2024-01-14,2024-01-17,280
LOT00901,P012,L01,2024-01-14,2024-01-17,120
LOT00902,P008,L01,2024-01-14,2024-01-16,116
LOT00903,P004,L01,2024-01-14,2024-01-15,231
LOT00904,P015,L01,2024-01-14,2024-01-15,210
LOT00905,P014,L01,2024-01-14,2024-01-16,279
LOT00906,P010,L01,2024-01-14,2024-01-17,352
LOT00907,P002,L01,2024-01-14,2024-01-16,184
LOT00908,P021,L02,2024-01-14,2024-01-17,140
LOT00909,P018,L02,2024-01-14,2024-01-17,114
LOT00910,P006,L02,2024-01-14,2024-01-16,239
LOT00911,P003,L02,2024-01-14,2024-01-16,246
LOT00912,P019,L02,2024-01-14,2024-01-15,243
LOT00913,P003,L02,2024-01-14,2024-01-17,220
LOT00914,P019,L02,2024-01-14,2024-01-15,399
LOT00915,P003,L02,2024-01-14,2024-01-15,236
LOT00916,P007,L02,2024-01-14,2024-01-16,233
LOT00917,P021,L02,2024-01-14,2024-01-17,215
LOT00918,P004,L02,2024-01-14,2024-01-17,101
LOT00919,P021,L02,2024-01-14,2024-01-17,270
LOT00920,P020,L02,2024-01-14,2024-01-15,153
LOT00921,P023,L02,2024-01-14,2024-01-17,284
LOT00922,P003,L02,2024-01-14,2024-01-16,96
LOT00923,P020,L02,2024-01-14,2024-01-16,395
LOT00924,P023,L02,2024-01-14,2024-01-15,230
LOT00925,P020,L03,2024-01-14,2024-01-17,198
LOT00926,P009,L03,2024-01-14,2024-01-16,94
LOT00927,P021,L03,2024-01-14,2024-01-17,237
LOT00928,P022,L03,2024-01-14,2024-01-16,250
LOT00929,P020,L03,2024-01-14,2024-01-15,271
LOT00930,P019,L03,2024-01-14,2024-01-17,192
LOT00931,P020,L03,2024-01-14,2024-01-15,204
LOT00932,P021,L03,2024-01-14,2024-01-15,200
LOT00933,P023,L03,2024-01-14,2024-01-16,116
LOT00934,P015,L03,2024-01-14,2024-01-17,152
LOT00935,P016,L03,2024-01-14,2024-01-17,315
LOT00936,P019,L03,2024-01-14,2024-01-15,260
LOT00937,P012,L03,2024-01-14,2024-01-15,112
LOT00938,P022,L03,2024-01-14,2024-01-17,337
LOT00939,P021,L03,2024-01-14,2024-01-15,170
LOT00940,P019,L03,2024-01-14,2024-01-15,206
LOT00941,P013,L03,2024-01-14,2024-01-15,185
LOT00942,P014,L03,2024-01-14,2024-01-16,140
LOT00943,P015,L03,2024-01-14,2024-01-17,313
LOT00944,P019,L03,2024-01-14,2024-01-17,134
LOT00945,P021,L03,2024-01-14,2024-01-17,348
LOT00946,P019,L03,2024-01-14,2024-01-15,321
LOT00947,P023,L03,2024-01-14,2024-01-16,332
LOT00948,P024,L03,2024-01-14,2024-01-16,337
LOT00949,P020,L03,2024-01-14,2024-01-15,204
LOT00950,P014,L03,2024-01-14,2024-01-15,159
LOT00951,P018,L03,2024-01-14,2024-01-15,202
LOT00952,P015,L03,2024-01-14,2024-01-15,306
LOT00953,P019,L03,2024-01-14,2024-01-16,346
LOT00954,P012,L01,2024-01-15,2024-01-16,230
LOT00955,P004,L01,2024-01-15,2024-01-17,205
LOT00956,P013,L01,2024-01-15,2024-01-18,157
LOT00957,P010,L01,2024-01-15,2024-01-18,321
LOT00958,P012,L01,2024-01-15,2024-01-16,180
LOT00959,P002,L01,2024-01-15,2024-01-16,167
LOT00960,P014,L01,2024-01-15,2024-01-17,122
LOT00961,P004,L01,2024-01-15,2024-01-16,220
LOT00962,P008,L01,2024-01-15,2024-01-18,177
LOT00963,P008,L01,2024-01-15,2024-01-18,198
LOT00964,P014,L01,2024-01-15,2024-01-18,155
LOT00965,P005,L01,2024-01-15,2024-01-17,324
LOT00966,P004,L01,2024-01-15,2024-01-16,378
LOT00967,P006,L01,2024-01-15,2024-01-17,239
LOT00968,P006,L01,2024-01-15,2024-01-17,286
LOT00969,P003,L01,2024-01-15,2024-01-16,358
LOT00970,P003,L01,2024-01-15,2024-01-17,400
LOT00971,P022,L02,2024-01-15,2024-01-18,257
LOT00972,P023,L02,2024-01-15,2024-01-17,348
LOT00973,P017,L02,2024-01-15,2024-01-18,114
LOT00974,P021,L02,2024-01-15,2024-01-18,152
LOT00975,P006,L02,2024-01-15,2024-01-16,334
LOT00976,P008,L02,2024-01-15,2024-01-16,352
LOT00977,P021,L02,2024-01-15,2024-01-18,399
LOT00978,P002,L02,2024-01-15,2024-01-18,360
LOT00979,P020,L02,2024-01-15,2024-01-16,365
LOT00980,P001,L02,2024-01-15,2024-01-16,180
LOT00981,P018,L02,2024-01-15,2024-01-16,208
LOT00982,P008,L02,2024-01-15,2024-01-18,166
LOT00983,P008,L02,2024-01-15,2024-01-18,274
LOT00984,P008,L02,2024-01-15,2024-01-17,381
LOT00985,P008,L02,2024-01-15,2024-01-17,190
LOT00986,P007,L02,2024-01-15,2024-01-18,258
LOT00987,P008,L02,2024-01-15,2024-01-17,175
LOT00988,P018,L02,2024-01-15,2024-01-16,134
LOT00989,P019,L03,2024-01-15,2024-01-18,326
LOT00990,P024,L03,2024-01-15,2024-01-16,176
LOT00991,P021,L03,2024-01-15,2024-01-18,400
LOT00992,P015,L03,2024-01-15,2024-01-18,214
LOT00993,P009,L03,2024-01-15,2024-01-16,388
LOT00994,P022,L03,2024-01-15,2024-01-16,189
LOT00995,P009,L03,2024-01-15,2024-01-18,260
LOT00996,P019,L03,2024-01-15,2024-01-16,81
LOT00997,P019,L03,2024-01-15,2024-01-17,396
LOT00998,P012,L03,2024-01-15,2024-01-17,304
LOT00999,P020,L03,2024-01-15,2024-01-16,328
LOT01000,P011,L03,2024-01-15,2024-01-18,275
LOT01001,P012,L03,2024-01-15,2024-01-18,265
LOT01002,P021,L03,2024-01-15,2024-01-17,316
LOT01003,P024,L03,2024-01-15,2024-01-18,349
LOT01004,P013,L03,2024-01-15,2024-01-16,297
LOT01005,P023,L03,2024-01-15,2024-01-16,263
LOT01006,P010,L01,2024-01-16,2024-01-18,317
LOT01007,P012,L01,2024-01-16,2024-01-19,123
LOT01008,P013,L01,2024-01-16,2024-01-19,132
LOT01009,P013,L01,2024-01-16,2024-01-18,289
LOT01010,P002,L01,2024-01-16,2024-01-18,158
LOT01011,P003,L01,2024-01-16,2024-01-19,102
LOT01012,P007,L01,2024-01-16,2024-01-17,398
LOT01013,P006,L01,2024-01-16,2024-01-19,107
LOT01014,P012,L01,2024-01-16,2024-01-19,391
LOT01015,P003,L01,2024-01-16,2024-01-17,212
LOT01016,P006,L01,2024-01-16,2024-01-18,122
LOT01017,P004,L01,2024-01-16,2024-01-17,135
LOT01018,P004,L01,2024-01-16,2024-01-17,209
LOT01019,P003,L01,2024-01-16,2024-01-18,156
LOT01020,P004,L01,2024-01-16,2024-01-17,141
LOT01021,P010,L01,2024-01-16,2024-01-19,147
LOT01022,P007,L01,2024-01-16,2024-01-19,252
LOT01023,P007,L01,2024-01-16,2024-01-19,284
LOT01024,P008,L01,2024-01-16,2024-01-17,273
LOT01025,P012,L01,2024-01-16,2024-01-17,118
LOT01026,P014,L01,2024-01-16,2024-01-17,168
LOT01027,P009,L01,2024-01-16,2024-01-17,87
LOT01028,P024,L02,2024-01-16,2024-01-19,277
LOT01029,P007,L02,2024-01-16,2024-01-19,159
LOT01030,P022,L02,2024-01-16,2024-01-19,103
LOT01031,P019,L02,2024-01-16,2024-01-17,247
LOT01032,P007,L02,2024-01-16,2024-01-17,355
LOT01033,P005,L02,2024-01-16,2024-01-19,253
LOT01034,P001,L02,2024-01-16,2024-01-17,111
LOT01035,P002,L02,2024-01-16,2024-01-18,252
LOT01036,P003,L02,2024-01-16,2024-01-19,273
LOT01037,P021,L02,2024-01-16,2024-01-17,119
LOT01038,P019,L02,2024-01-16,2024-01-19,131
LOT01039,P007,L02,2024-01-16,2024-01-19,114
LOT01040,P021,L02,2024-01-16,2024-01-19,393
LOT01041,P003,L02,2024-01-16,2024-01-18,98
LOT01042,P004,L02,2024-01-16,2024-01-19,140
LOT01043,P007,L02,2024-01-16,2024-01-18,396
LOT01044,P020,L03,2024-01-16,2024-01-19,140
LOT01045,P018,L03,2024-01-16,2024-01-18,335
LOT01046,P013,L03,2024-01-16,2024-01-18,388
LOT01047,P015,L03,2024-01-16,2024-01-17,311
LOT01048,P010,L03,2024-01-16,2024-01-19,374
LOT01049,P024,L03,2024-01-16,2024-01-17,395
LOT01050,P012,L03,2024-01-16,2024-01-18,193
LOT01051,P013,L03,2024-01-16,2024-01-18,284
LOT01052,P017,L03,2024-01-16,2024-01-18,232
LOT01053,P019,L03,2024-01-16,2024-01-17,396
LOT01054,P017,L03,2024-01-16,2024-01-17,110
LOT01055,P017,L03,2024-01-16,2024-01-18,212
LOT01056,P018,L03,2024-01-16,2024-01-18,361
LOT01057,P022,L03,2024-01-16,2024-01-17,171
LOT01058,P015,L03,2024-01-16,2024-01-18,332
LOT01059,P022,L03,2024-01-16,2024-01-18,202
LOT01060,P021,L03,2024-01-16,2024-01-18,394
LOT01061,P024,L03,2024-01-16,2024-01-18,363
LOT01062,P023,L03,2024-01-16,2024-01-19,176
LOT01063,P021,L03,2024-01-16,2024-01-17,327
LOT01064,P012,L03,2024-01-16,2024-01-17,188
LOT01065,P021,L03,2024-01-16,2024-01-17,274
LOT01066,P020,L03,2024-01-16,2024-01-17,291
LOT01067,P013,L03,2024-01-16,2024-01-19,346
LOT01068,P019,L03,2024-01-16,2024-01-19,87
LOT01069,P013,L03,2024-01-16,2024-01-18,150
LOT01070,P017,L03,2024-01-16,2024-01-19,308
LOT01071,P008,L01,2024-01-17,2024-01-19,330
LOT01072,P001,L01,2024-01-17,2024-01-20,158
LOT01073,P008,L01,2024-01-17,2024-01-20,154
LOT01074,P006,L01,2024-01-17,2024-01-19,88
LOT01075,P014,L01,2024-01-17,2024-01-19,387
LOT01076,P014,L01,2024-01-17,2024-01-19,307
LOT01077,P013,L01,2024-01-17,2024-01-18,284
LOT01078,P001,L01,2024-01-17,2024-01-19,318
LOT01079,P014,L01,2024-01-17,2024-01-20,250
LOT01080,P007,L01,2024-01-17,2024-01-18,232
LOT01081,P007,L01,2024-01-17,2024-01-18,224
LOT01082,P016,L01,2024-01-17,2024-01-18,285
LOT01083,P014,L01,2024-01-17,2024-01-18,144
LOT01084,P001,L01,2024-01-17,2024-01-18,365
LOT01085,P006,L01,2024-01-17,2024-01-20,340
LOT01086,P012,L01,2024-01-17,2024-01-18,192
LOT01087,P009,L01,2024-01-17,2024-01-20,265
LOT01088,P005,L01,2024-01-17,2024-01-18,125
LOT01089,P009,L01,2024-01-17,2024-01-18,392
LOT01090,P014,L01,2024-01-17,2024-01-18,369
LOT01091,P004,L01,2024-01-17,2024-01-20,375
LOT01092,P012,L01,2024-01-17,2024-01-20,186
LOT01093,P012,L01,2024-01-17,2024-01-20,134
LOT01094,P015,L01,2024-01-17,2024-01-18,147
LOT01095,P005,L01,2024-01-17,2024-01-18,108
LOT01096,P004,L01,2024-01-17,2024-01-18,118
LOT01097,P009,L01,2024-01-17,2024-01-19,102
LOT01098,P009,L01,2024-01-17,2024-01-18,397
LOT01099,P017,L02,2024-01-17,2024-01-18,284
LOT01100,P022,L02,2024-01-17,2024-01-19,247
LOT01101,P020,L02,2024-01-17,2024-01-20,308
LOT01102,P018,L02,2024-01-17,2024-01-19,223
LOT01103,P002,L02,2024-01-17,2024-01-20,191
LOT01104,P021,L02,2024-01-17,2024-01-18,230
LOT01105,P001,L02,2024-01-17,2024-01-18,134
LOT01106,P019,L02,2024-01-17,2024-01-19,335
LOT01107,P007,L02,2024-01-17,2024-01-20,163
LOT01108,P023,L02,2024-01-17,2024-01-19,129
LOT01109,P020,L03,2024-01-17,2024-01-18,174
LOT01110,P014,L03,2024-01-17,2024-01-20,262
LOT01111,P024,L03,2024-01-17,2024-01-18,173
LOT01112,P019,L03,2024-01-17,2024-01-19,257
LOT01113,P019,L03,2024-01-17,2024-01-18,279
LOT01114,P022,L03,2024-01-17,2024-01-19,275
LOT01115,P023,L03,2024-01-17,2024-01-18,280
LOT01116,P010,L03,2024-01-17,2024-01-20,123
LOT01117,P023,L03,2024-01-17,2024-01-18,302
LOT01118,P021,L03,2024-01-17,2024-01-19,296
LOT01119,P012,L03,2024-01-17,2024-01-19,299
LOT01120,P013,L03,2024-01-17,2024-01-19,103
LOT01121,P021,L03,2024-01-17,2024-01-20,223
LOT01122,P012,L03,2024-01-17,2024-01-18,211
LOT01123,P016,L03,2024-01-17,2024-01-19,107
LOT01124,P020,L03,2024-01-17,2024-01-20,151
LOT01125,P019,L03,2024-01-17,2024-01-18,221
LOT01126,P023,L03,2024-01-17,2024-01-20,318
LOT01127,P008,L01,2024-01-18,2024-01-20,294
LOT01128,P009,L01,2024-01-18,2024-01-20,245
LOT01129,P001,L01,2024-01-18,2024-01-21,187
LOT01130,P013,L01,2024-01-18,2024-01-20,258
LOT01131,P016,L01,2024-01-18,2024-01-20,390
LOT01132,P008,L01,2024-01-18,2024-01-21,244
LOT01133,P009,L01,2024-01-18,2024-01-20,269
LOT01134,P008,L01,2024-01-18,2024-01-19,216
LOT01135,P002,L01,2024-01-18,2024-01-19,126
LOT01136,P010,L01,2024-01-18,2024-01-19,268
LOT01137,P012,L01,2024-01-18,2024-01-19,287
LOT01138,P015,L01,2024-01-18,2024-01-20,197
LOT01139,P015,L01,2024-01-18,2024-01-21,252
LOT01140,P008,L01,2024-01-18,2024-01-21,307
LOT01141,P016,L01,2024-01-18,2024-01-19,149
LOT01142,P009,L01,2024-01-18,2024-01-20,393
LOT01143,P011,L01,2024-01-18,2024-01-19,113
LOT01144,P010,L01,2024-01-18,2024-01-21,390
LOT01145,P016,L01,2024-01-18,2024-01-19,208
LOT01146,P012,L01,2024-01-18,2024-01-20,142
LOT01147,P002,L01,2024-01-18,2024-01-19,206
LOT01148,P002,L01,2024-01-18,2024-01-20,178
LOT01149,P007,L01,2024-01-18,2024-01-20,172
LOT01150,P021,L02,2024-01-18,2024-01-19,397
LOT01151,P008,L02,2024-01-18,2024-01-19,249
LOT01152,P022,L02,2024-01-18,2024-01-20,285
LOT01153,P006,L02,2024-01-18,2024-01-21,356
LOT01154,P024,L02,2024-01-18,2024-01-20,379
LOT01155,P021,L02,2024-01-18,2024-01-19,145
LOT01156,P004,L02,2024-01-18,2024-01-20,249
LOT01157,P020,L02,2024-01-18,2024-01-21,347
LOT01158,P005,L02,2024-01-18,2024-01-19,177
LOT01159,P006,L02,2024-01-18,2024-01-21,221
LOT01160,P005,L02,2024-01-18,2024-01-19,396
LOT01161,P019,L02,2024-01-18,2024-01-20,396
LOT01162,P005,L02,2024-01-18,2024-01-21,370
LOT01163,P019,L02,2024-01-18,2024-01-20,336
LOT01164,P018,L02,2024-01-18,2024-01-21,166
LOT01165,P021,L02,2024-01-18,2024-01-19,182
LOT01166,P024,L02,2024-01-18,2024-01-20,255
LOT01167,P018,L03,2024-01-18,2024-01-20,136
LOT01168,P019,L03,2024-01-18,2024-01-19,393
LOT01169,P015,L03,2024-01-18,2024-01-19,115
LOT01170,P015,L03,2024-01-18,2024-01-19,161
LOT01171,P019,L03,2024-01-18,2024-01-20,366
LOT01172,P020,L03,2024-01-18,2024-01-19,300
LOT01173,P021,L03,2024-01-18,2024-01-19,83
LOT01174,P014,L03,2024-01-18,2024-01-19,376
LOT01175,P015,L03,2024-01-18,2024-01-20,338
LOT01176,P014,L03,2024-01-18,2024-01-19,87
LOT01177,P017,L03,2024-01-18,2024-01-21,112
LOT01178,P011,L03,2024-01-18,2024-01-19,246
LOT01179,P015,L03,2024-01-18,2024-01-20,153
LOT01180,P012,L03,2024-01-18,2024-01-20,296
LOT01181,P017,L03,2024-01-18,2024-01-20,202
LOT01182,P022,L03,2024-01-18,2024-01-19,225
LOT01183,P024,L03,2024-01-18,2024-01-21,281
LOT01184,P016,L03,2024-01-18,2024-01-21,120
LOT01185,P009,L03,2024-01-18,2024-01-19,255
LOT01186,P012,L03,2024-01-18,2024-01-19,270
LOT01187,P010,L03,2024-01-18,2024-01-21,188
LOT01188,P021,L03,2024-01-18,2024-01-20,298
LOT01189,P024,L03,2024-01-18,2024-01-19,368
LOT01190,P004,L01,2024-01-19,2024-01-21,329
LOT01191,P004,L01,2024-01-19,2024-01-21,340
LOT01192,P010,L01,2024-01-19,2024-01-20,308
LOT01193,P016,L01,2024-01-19,2024-01-20,112
LOT01194,P016,L01,2024-01-19,2024-01-22,232
LOT01195,P014,L01,2024-01-19,2024-01-21,273
LOT01196,P008,L01,2024-01-19,2024-01-22,158
LOT01197,P009,L01,2024-01-19,2024-01-20,93
LOT01198,P005,L01,2024-01-19,2024-01-22,151
LOT01199,P015,L01,2024-01-19,2024-01-21,226
LOT01200,P008,L01,2024-01-19,2024-01-20,212
LOT01201,P013,L01,2024-01-19,2024-01-20,136
LOT01202,P006,L01,2024-01-19,2024-01-20,344
LOT01203,P012,L01,2024-01-19,2024-01-21,377
LOT01204,P004,L01,2024-01-19,2024-01-21,144
LOT01205,P012,L01,2024-01-19,2024-01-21,378
LOT01206,P001,L01,2024-01-19,2024-01-21,85
LOT01207,P002,L01,2024-01-19,2024-01-20,376
LOT01208,P006,L01,2024-01-19,2024-01-21,385
LOT01209,P008,L01,2024-01-19,2024-01-21,83
LOT01210,P012,L01,2024-01-19,2024-01-22,324
LOT01211,P006,L01,2024-01-19,2024-01-22,391
LOT01212,P001,L01,2024-01-19,2024-01-20,370
LOT01213,P006,L01,2024-01-19,2024-01-20,391
LOT01214,P008,L01,2024-01-19,2024-01-20,256
LOT01215,P009,L01,2024-01-19,2024-01-22,105
LOT01216,P011,L01,2024-01-19,2024-01-20,352
LOT01217,P004,L01,2024-01-19,2024-01-20,277
LOT01218,P010,L01,2024-01-19,2024-01-22,277
LOT01219,P017,L02,2024-01-19,2024-01-22,391
LOT01220,P003,L02,2024-01-19,2024-01-20,315
LOT01221,P019,L02,2024-01-19,2024-01-20,198
LOT01222,P020,L02,2024-01-19,2024-01-22,136
LOT01223,P020,L02,2024-01-19,2024-01-21,150
LOT01224,P002,L02,2024-01-19,2024-01-22,228
LOT01225,P020,L02,2024-01-19,2024-01-21,382
LOT01226,P020,L02,2024-01-19,2024-01-21,315
LOT01227,P003,L02,2024-01-19,2024-01-20,149
LOT01228,P022,L02,2024-01-19,2024-01-22,355
LOT01229,P017,L02,2024-01-19,2024-01-21,201
LOT01230,P008,L02,2024-01-19,2024-01-20,353
LOT01231,P020,L02,2024-01-19,2024-01-22,157
LOT01232,P017,L02,2024-01-19,2024-01-21,278
LOT01233,P017,L02,2024-01-19,2024-01-21,377
LOT01234,P005,L02,2024-01-19,2024-01-20,162
LOT01235,P019,L03,2024-01-19,2024-01-22,246
LOT01236,P019,L03,2024-01-19,2024-01-20,350
LOT01237,P022,L03,2024-01-19,2024-01-20,223
LOT01238,P014,L03,2024-01-19,2024-01-22,385
LOT01239,P013,L03,2024-01-19,2024-01-20,288
LOT01240,P010,L03,2024-01-19,2024-01-20,117
LOT01241,P015,L03,2024-01-19,2024-01-21,364
LOT01242,P016,L03,2024-01-19,2024-01-22,237
LOT01243,P021,L03,2024-01-19,2024-01-20,125
LOT01244,P021,L03,2024-01-19,2024-01-20,129
LOT01245,P011,L03,2024-01-19,2024-01-20,300
LOT01246,P013,L03,2024-01-19,2024-01-20,95
LOT01247,P017,L03,2024-01-19,2024-01-21,171
LOT01248,P014,L03,2024-01-19,2024-01-21,124
LOT01249,P009,L03,2024-01-19,2024-01-20,221
LOT01250,P022,L03,2024-01-19,2024-01-22,213
LOT01251,P007,L01,2024-01-20,2024-01-21,283
LOT01252,P001,L01,2024-01-20,2024-01-22,322
LOT01253,P011,L01,2024-01-20,2024-01-22,354
LOT01254,P010,L01,2024-01-20,2024-01-22,316
LOT01255,P005,L01,2024-01-20,2024-01-21,111
LOT01256,P006,L01,2024-01-20,2024-01-23,347
LOT01257,P006,L01,2024-01-20,2024-01-23,184
LOT01258,P011,L01,2024-01-20,2024-01-21,394
LOT01259,P013,L01,2024-01-20,2024-01-22,159
LOT01260,P002,L01,2024-01-20,2024-01-23,370
LOT01261,P007,L01,2024-01-20,2024-01-21,327
LOT01262,P001,L01,2024-01-20,2024-01-23,241
LOT01263,P008,L01,2024-01-20,2024-01-22,166
LOT01264,P004,L01,2024-01-20,2024-01-23,395
LOT01265,P006,L01,2024-01-20,2024-01-23,316
LOT01266,P008,L01,2024-01-20,2024-01-21,197
LOT01267,P006,L01,2024-01-20,2024-01-22,388
LOT01268,P007,L01,2024-01-20,2024-01-22,252
LOT01269,P013,L01,2024-01-20,2024-01-21,334
LOT01270,P013,L01,2024-01-20,2024-01-22,109
LOT01271,P001,L01,2024-01-20,2024-01-23,141
LOT01272,P007,L01,2024-01-20,2024-01-21,104
LOT01273,P014,L01,2024-01-20,2024-01-22,113
LOT01274,P009,L01,2024-01-20,2024-01-23,244
LOT01275,P004,L01,2024-01-20,2024-01-21,81
LOT01276,P010,L01,2024-01-20,2024-01-22,128
LOT01277,P003,L01,2024-01-20,2024-01-23,173
LOT01278,P008,L02,2024-01-20,2024-01-21,378
LOT01279,P020,L02,2024-01-20,2024-01-23,241
LOT01280,P024,L02,2024-01-20,2024-01-23,391
LOT01281,P024,L02,2024-01-20,2024-01-23,163
LOT01282,P005,L02,2024-01-20,2024-01-23,241
LOT01283,P021,L02,2024-01-20,2024-01-23,355
LOT01284,P017,L02,2024-01-20,2024-01-21,223
LOT01285,P001,L02,2024-01-20,2024-01-21,169
LOT01286,P002,L02,2024-01-20,2024-01-22,354
LOT01287,P017,L02,2024-01-20,2024-01-23,205
LOT01288,P007,L02,2024-01-20,2024-01-21,250
LOT01289,P015,L03,2024-01-20,2024-01-22,289
LOT01290,P015,L03,2024-01-20,2024-01-22,112
LOT01291,P018,L03,2024-01-20,2024-01-23,97
LOT01292,P012,L03,2024-01-20,2024-01-22,165
LOT01293,P020,L03,2024-01-20,2024-01-21,93
LOT01294,P019,L03,2024-01-20,2024-01-23,217
LOT01295,P016,L03,2024-01-20,2024-01-22,317
LOT01296,P011,L03,2024-01-20,2024-01-21,261
LOT01297,P017,L03,2024-01-20,2024-01-22,257
LOT01298,P019,L03,2024-01-20,2024-01-21,385
LOT01299,P014,L03,2024-01-20,2024-01-21,297
LOT01300,P013,L03,2024-01-20,2024-01-23,190
LOT01301,P017,L03,2024-01-20,2024-01-21,175
LOT01302,P014,L03,2024-01-20,2024-01-23,370
LOT01303,P015,L03,2024-01-20,2024-01-23,152
LOT01304,P014,L03,2024-01-20,2024-01-22,128
LOT01305,P013,L03,2024-01-20,2024-01-23,213
LOT01306,P020,L03,2024-01-20,2024-01-23,299
LOT01307,P016,L03,2024-01-20,2024-01-23,236
LOT01308,P006,L01,2024-01-21,2024-01-24,90
LOT01309,P014,L01,2024-01-21,2024-01-23,169
LOT01310,P009,L01,2024-01-21,2024-01-22,141
LOT01311,P013,L01,2024-01-21,2024-01-24,201
LOT01312,P003,L01,2024-01-21,2024-01-23,203
LOT01313,P008,L01,2024-01-21,2024-01-24,188
LOT01314,P010,L01,2024-01-21,2024-01-23,185
LOT01315,P006,L01,2024-01-21,2024-01-22,108
LOT01316,P001,L01,2024-01-21,2024-01-23,88
LOT01317,P002,L01,2024-01-21,2024-01-22,144
LOT01318,P015,L01,2024-01-21,2024-01-22,322
LOT01319,P010,L01,2024-01-21,2024-01-23,398
LOT01320,P005,L01,2024-01-21,2024-01-23,378
LOT01321,P005,L01,2024-01-21,2024-01-22,241
LOT01322,P001,L01,2024-01-21,2024-01-24,250
LOT01323,P016,L01,2024-01-21,2024-01-24,180
LOT01324,P002,L01,2024-01-21,2024-01-22,328
LOT01325,P013,L01,2024-01-21,2024-01-22,325
LOT01326,P004,L01,2024-01-21,2024-01-24,351
LOT01327,P006,L01,2024-01-21,2024-01-23,367
LOT01328,P005,L01,2024-01-21,2024-01-22,219
LOT01329,P021,L02,2024-01-21,2024-01-24,273
LOT01330,P005,L02,2024-01-21,2024-01-23,355
LOT01331,P002,L02,2024-01-21,2024-01-23,111
LOT01332,P023,L02,2024-01-21,2024-01-24,168
LOT01333,P008,L02,2024-01-21,2024-01-24,212
LOT01334,P002,L02,2024-01-21,2024-01-24,93
LOT01335,P023,L02,2024-01-21,2024-01-23,223
LOT01336,P024,L02,2024-01-21,2024-01-23,165
LOT01337,P008,L02,2024-01-21,2024-01-24,206
LOT01338,P021,L02,2024-01-21,2024-01-24,216
LOT01339,P001,L02,2024-01-21,2024-01-22,362
LOT01340,P002,L02,2024-01-21,2024-01-22,166
LOT01341,P005,L02,2024-01-21,2024-01-24,366
LOT01342,P019,L02,2024-01-21,2024-01-24,216
LOT01343,P003,L02,2024-01-21,2024-01-24,185
LOT01344,P001,L02,2024-01-21,2024-01-24,241
LOT01345,P019,L02,2024-01-21,2024-01-22,214
LOT01346,P021,L02,2024-01-21,2024-01-23,162
LOT01347,P020,L02,2024-01-21,2024-01-23,241
LOT01348,P021,L02,2024-01-21,2024-01-22,128
LOT01349,P017,L03,2024-01-21,2024-01-22,342
LOT01350,P015,L03,2024-01-21,2024-01-22,267
LOT01351,P016,L03,2024-01-21,2024-01-22,164
LOT01352,P022,L03,2024-01-21,2024-01-22,378
LOT01353,P024,L03,2024-01-21,2024-01-24,116
LOT01354,P013,L03,2024-01-21,2024-01-23,260
LOT01355,P019,L03,2024-01-21,2024-01-23,311
LOT01356,P024,L03,2024-01-21,2024-01-22,98
LOT01357,P009,L03,2024-01-21,2024-01-23,271
LOT01358,P021,L03,2024-01-21,2024-01-22,341
LOT01359,P016,L03,2024-01-21,2024-01-22,101
LOT01360,P024,L03,2024-01-21,2024-01-23,244
LOT01361,P018,L03,2024-01-21,2024-01-22,162
LOT01362,P022,L03,2024-01-21,2024-01-22,292
LOT01363,P011,L03,2024-01-21,2024-01-23,118
LOT01364,P011,L03,2024-01-21,2024-01-23,380
LOT01365,P023,L03,2024-01-21,2024-01-22,367
LOT01366,P017,L03,2024-01-21,2024-01-22,139
LOT01367,P017,L03,2024-01-21,2024-01-22,183
LOT01368,P011,L03,2024-01-21,2024-01-22,268
LOT01369,P008,L01,2024-01-22,2024-01-23,141
LOT01370,P003,L01,2024-01-22,2024-01-24,368
LOT01371,P012,L01,2024-01-22,2024-01-25,161
LOT01372,P002,L01,2024-01-22,2024-01-24,306
LOT01373,P012,L01,2024-01-22,2024-01-24,101
LOT01374,P016,L01,2024-01-22,2024-01-24,92
LOT01375,P013,L01,2024-01-22,2024-01-23,289
LOT01376,P008,L01,2024-01-22,2024-01-23,188
LOT01377,P006,L01,2024-01-22,2024-01-24,290
LOT01378,P014,L01,2024-01-22,2024-01-24,110
LOT01379,P005,L01,2024-01-22,2024-01-25,384
LOT01380,P008,L01,2024-01-22,2024-01-25,320
LOT01381,P013,L01,2024-01-22,2024-01-24,361
LOT01382,P015,L01,2024-01-22,2024-01-24,123
LOT01383,P015,L01,2024-01-22,2024-01-25,182
LOT01384,P002,L01,2024-01-22,2024-01-25,198
LOT01385,P015,L01,2024-01-22,2024-01-25,252
LOT01386,P002,L01,2024-01-22,2024-01-24,175
LOT01387,P010,L01,2024-01-22,2024-01-25,99
LOT01388,P015,L01,2024-01-22,2024-01-24,198
LOT01389,P011,L01,2024-01-22,2024-01-24,161
LOT01390,P016,L01,2024-01-22,2024-01-24,203
LOT01391,P006,L01,2024-01-22,2024-01-23,143
LOT01392,P006,L01,2024-01-22,2024-01-25,164
LOT01393,P006,L01,2024-01-22,2024-01-23,281
LOT01394,P006,L01,2024-01-22,2024-01-23,204
LOT01395,P011,L01,2024-01-22,2024-01-23,190
LOT01396,P008,L01,2024-01-22,2024-01-25,251
LOT01397,P012,L01,2024-01-22,2024-01-25,327
LOT01398,P007,L01,2024-01-22,2024-01-23,201
LOT01399,P023,L02,2024-01-22,2024-01-23,306
LOT01400,P021,L02,2024-01-22,2024-01-25,89
LOT01401,P006,L02,2024-01-22,2024-01-24,105
LOT01402,P001,L02,2024-01-22,2024-01-25,347
LOT01403,P020,L02,2024-01-22,2024-01-25,272
LOT01404,P007,L02,2024-01-22,2024-01-24,377
LOT01405,P024,L02,2024-01-22,2024-01-24,223
LOT01406,P020,L02,2024-01-22,2024-01-25,269
LOT01407,P017,L02,2024-01-22,2024-01-25,248
LOT01408,P024,L02,2024-01-22,2024-01-25,94
LOT01409,P021,L02,2024-01-22,2024-01-23,111
LOT01410,P008,L02,2024-01-22,2024-01-24,307
LOT01411,P001,L02,2024-01-22,2024-01-23,129
LOT01412,P002,L02,2024-01-22,2024-01-25,320
LOT01413,P008,L02,2024-01-22,2024-01-24,236
LOT01414,P017,L02,2024-01-22,2024-01-24,86
LOT01415,P001,L02,2024-01-22,2024-01-23,367
LOT01416,P014,L03,2024-01-22,2024-01-24,93
LOT01417,P020,L03,2024-01-22,2024-01-25,81
LOT01418,P010,L03,2024-01-22,2024-01-25,314
LOT01419,P016,L03,2024-01-22,2024-01-25,384
LOT01420,P023,L03,2024-01-22,2024-01-23,322
LOT01421,P020,L03,2024-01-22,2024-01-23,231
LOT01422,P021,L03,2024-01-22,2024-01-23,236
LOT01423,P010,L03,2024-01-22,2024-01-25,219
LOT01424,P012,L03,2024-01-22,2024-01-23,184
LOT01425,P013,L03,2024-01-22,2024-01-25,247
LOT01426,P013,L03,2024-01-22,2024-01-24,218
LOT01427,P012,L03,2024-01-22,2024-01-23,272
LOT01428,P024,L03,2024-01-22,2024-01-24,368
LOT01429,P011,L03,2024-01-22,2024-01-24,399
LOT01430,P020,L03,2024-01-22,2024-01-25,105
LOT01431,P018,L03,2024-01-22,2024-01-24,203
LOT01432,P018,L03,2024-01-22,2024-01-23,138
LOT01433,P012,L03,2024-01-22,2024-01-25,193
LOT01434,P013,L03,2024-01-22,2024-01-23,172
LOT01435,P018,L03,2024-01-22,2024-01-23,136
LOT01436,P013,L03,2024-01-22,2024-01-23,325
LOT01437,P020,L03,2024-01-22,2024-01-25,239
LOT01438,P009,L03,2024-01-22,2024-01-24,375
LOT01439,P010,L03,2024-01-22,2024-01-25,90
LOT01440,P020,L03,2024-01-22,2024-01-25,101
LOT01441,P005,L01,2024-01-23,2024-01-26,347
LOT01442,P005,L01,2024-01-23,2024-01-25,258
LOT01443,P007,L01,2024-01-23,2024-01-25,289
LOT01444,P016,L01,2024-01-23,2024-01-24,184
LOT01445,P006,L01,2024-01-23,2024-01-24,303
LOT01446,P004,L01,2024-01-23,2024-01-24,245
LOT01447,P002,L01,2024-01-23,2024-01-26,384
LOT01448,P004,L01,2024-01-23,2024-01-24,82
LOT01449,P003,L01,2024-01-23,2024-01-26,80
LOT01450,P010,L01,2024-01-23,2024-01-24,397
LOT01451,P007,L01,2024-01-23,2024-01-26,307
LOT01452,P008,L01,2024-01-23,2024-01-26,104
LOT01453,P014,L01,2024-01-23,2024-01-24,176
LOT01454,P010,L01,2024-01-23,2024-01-24,365
LOT01455,P003,L01,2024-01-23,2024-01-24,254
LOT01456,P007,L01,2024-01-23,2024-01-26,315
LOT01457,P006,L01,2024-01-23,2024-01-24,230
LOT01458,P014,L01,2024-01-23,2024-01-25,326
LOT01459,P005,L01,2024-01-23,2024-01-25,171
LOT01460,P003,L01,2024-01-23,2024-01-26,364
LOT01461,P012,L01,2024-01-23,2024-01-25,88
LOT01462,P007,L01,2024-01-23,2024-01-25,365
LOT01463,P002,L01,2024-01-23,2024-01-26,208
LOT01464,P012,L01,2024-01-23,2024-01-24,263
LOT01465,P004,L01,2024-01-23,2024-01-26,383
LOT01466,P001,L02,2024-01-23,2024-01-26,178
LOT01467,P002,L02,2024-01-23,2024-01-26,160
LOT01468,P019,L02,2024-01-23,2024-01-26,197
LOT01469,P023,L02,2024-01-23,2024-01-24,128
LOT01470,P019,L02,2024-01-23,2024-01-26,359
LOT01471,P021,L02,2024-01-23,2024-01-24,273
LOT01472,P005,L02,2024-01-23,2024-01-25,122
LOT01473,P022,L02,2024-01-23,2024-01-25,302
LOT01474,P007,L02,2024-01-23,2024-01-26,352
LOT01475,P001,L02,2024-01-23,2024-01-24,156
LOT01476,P006,L02,2024-01-23,2024-01-25,128
LOT01477,P006,L02,2024-01-23,2024-01-25,82
LOT01478,P017,L02,2024-01-23,2024-01-24,95
LOT01479,P005,L02,2024-01-23,2024-01-24,324
LOT01480,P008,L02,2024-01-23,2024-01-24,396
LOT01481,P007,L02,2024-01-23,2024-01-24,94
LOT01482,P006,L02,2024-01-23,2024-01-25,320
LOT01483,P014,L03,2024-01-23,2024-01-24,241
LOT01484,P021,L03,2024-01-23,2024-01-24,205
LOT01485,P022,L03,2024-01-23,2024-01-25,276
LOT01486,P014,L03,2024-01-23,2024-01-25,151
LOT01487,P017,L03,2024-01-23,2024-01-26,302
LOT01488,P009,L03,2024-01-23,2024-01-26,230
LOT01489,P013,L03,2024-01-23,2024-01-26,205
LOT01490,P018,L03,2024-01-23,2024-01-26,145
LOT01491,P012,L03,2024-01-23,2024-01-24,249
LOT01492,P024,L03,2024-01-23,2024-01-25,319
LOT01493,P024,L03,2024-01-23,2024-01-24,360
LOT01494,P013,L03,2024-01-23,2024-01-24,251
LOT01495,P015,L03,2024-01-23,2024-01-26,253
LOT01496,P011,L01,2024-01-24,2024-01-26,164
LOT01497,P006,L01,2024-01-24,2024-01-27,98
LOT01498,P002,L01,2024-01-24,2024-01-27,366
LOT01499,P007,L01,2024-01-24,2024-01-27,362
LOT01500,P004,L01,2024-01-24,2024-01-26,230
LOT01501,P016,L01,2024-01-24,2024-01-25,375
LOT01502,P009,L01,2024-01-24,2024-01-27,141
LOT01503,P003,L01,2024-01-24,2024-01-27,99
LOT01504,P002,L01,2024-01-24,2024-01-26,141
LOT01505,P014,L01,2024-01-24,2024-01-26,212
LOT01506,P015,L01,2024-01-24,2024-01-26,295
LOT01507,P013,L01,2024-01-24,2024-01-27,201
LOT01508,P002,L01,2024-01-24,2024-01-27,240
LOT01509,P002,L01,2024-01-24,2024-01-25,82
LOT01510,P004,L01,2024-01-24,2024-01-25,301
LOT01511,P013,L01,2024-01-24,2024-01-26,188
LOT01512,P013,L01,2024-01-24,2024-01-26,349
LOT01513,P014,L01,2024-01-24,2024-01-26,98
LOT01514,P002,L01,2024-01-24,2024-01-25,234
LOT01515,P003,L01,2024-01-24,2024-01-26,353
LOT01516,P015,L01,2024-01-24,2024-01-26,322
LOT01517,P015,L01,2024-01-24,2024-01-26,190
LOT01518,P012,L01,2024-01-24,2024-01-26,279
LOT01519,P002,L01,2024-01-24,2024-01-27,140
LOT01520,P002,L01,2024-01-24,2024-01-26,171
LOT01521,P001,L01,2024-01-24,2024-01-27,336
LOT01522,P012,L01,2024-01-24,2024-01-26,383
LOT01523,P014,L01,2024-01-24,2024-01-26,88
LOT01524,P018,L02,2024-01-24,2024-01-25,151
LOT01525,P022,L02,2024-01-24,2024-01-25,315
LOT01526,P017,L02,2024-01-24,2024-01-27,345
LOT01527,P024,L02,2024-01-24,2024-01-26,270
LOT01528,P022,L02,2024-01-24,2024-01-27,269
LOT01529,P017,L02,2024-01-24,2024-01-25,188
LOT01530,P019,L02,2024-01-24,2024-01-27,223
LOT01531,P006,L02,2024-01-24,2024-01-27,357
LOT01532,P002,L02,2024-01-24,2024-01-25,312
LOT01533,P007,L02,2024-01-24,2024-01-26,246
LOT01534,P018,L02,2024-01-24,2024-01-25,198
LOT01535,P015,L03,2024-01-24,2024-01-25,188
LOT01536,P012,L03,2024-01-24,2024-01-25,341
LOT01537,P011,L03,2024-01-24,2024-01-27,203
LOT01538,P014,L03,2024-01-24,2024-01-27,327
LOT01539,P023,L03,2024-01-24,2024-01-27,337
LOT01540,P024,L03,2024-01-24,2024-01-26,115
LOT01541,P015,L03,2024-01-24,2024-01-27,275
LOT01542,P017,L03,2024-01-24,2024-01-27,387
LOT01543,P024,L03,2024-01-24,2024-01-25,209
LOT01544,P012,L03,2024-01-24,2024-01-25,96
LOT01545,P024,L03,2024-01-24,2024-01-27,376
LOT01546,P010,L03,2024-01-24,2024-01-27,363
LOT01547,P011,L01,2024-01-25,2024-01-27,299
LOT01548,P004,L01,2024-01-25,2024-01-27,359
LOT01549,P012,L01,2024-01-25,2024-01-26,161
LOT01550,P014,L01,2024-01-25,2024-01-26,305
LOT01551,P011,L01,2024-01-25,2024-01-26,181
LOT01552,P008,L01,2024-01-25,2024-01-28,195
LOT01553,P004,L01,2024-01-25,2024-01-26,86
LOT01554,P001,L01,2024-01-25,2024-01-26,373
LOT01555,P011,L01,2024-01-25,2024-01-27,399
LOT01556,P011,L01,2024-01-25,2024-01-26,192
LOT01557,P013,L01,2024-01-25,2024-01-26,207
LOT01558,P016,L01,2024-01-25,2024-01-27,339
LOT01559,P008,L01,2024-01-25,2024-01-27,327
LOT01560,P014,L01,2024-01-25,2024-01-27,173
LOT01561,P012,L01,2024-01-25,2024-01-28,219
LOT01562,P005,L01,2024-01-25,2024-01-26,389
LOT01563,P014,L01,2024-01-25,2024-01-28,95
LOT01564,P001,L01,2024-01-25,2024-01-28,384
LOT01565,P010,L01,2024-01-25,2024-01-28,161
LOT01566,P016,L01,2024-01-25,2024-01-27,252
LOT01567,P011,L01,2024-01-25,2024-01-27,277
LOT01568,P015,L01,2024-01-25,2024-01-27,244
LOT01569,P001,L01,2024-01-25,2024-01-28,249
LOT01570,P009,L01,2024-01-25,2024-01-26,91
LOT01571,P013,L01,2024-01-25,2024-01-28,371
LOT01572,P011,L01,2024-01-25,2024-01-27,136
LOT01573,P015,L01,2024-01-25,2024-01-28,125
LOT01574,P007,L02,2024-01-25,2024-01-27,254
LOT01575,P017,L02,2024-01-25,2024-01-26,240
LOT01576,P006,L02,2024-01-25,2024-01-26,286
LOT01577,P022,L02,2024-01-25,2024-01-28,384
LOT01578,P004,L02,2024-01-25,2024-01-26,171
LOT01579,P003,L02,2024-01-25,2024-01-27,302
LOT01580,P017,L02,2024-01-25,2024-01-28,88
LOT01581,P023,L02,2024-01-25,2024-01-26,164
LOT01582,P007,L02,2024-01-25,2024-01-26,228
LOT01583,P001,L02,2024-01-25,2024-01-28,89
LOT01584,P024,L02,2024-01-25,2024-01-28,278
LOT01585,P008,L02,2024-01-25,2024-01-27,297
LOT01586,P003,L02,2024-01-25,2024-01-26,319
LOT01587,P018,L02,2024-01-25,2024-01-26,245
LOT01588,P006,L02,2024-01-25,2024-01-28,273
LOT01589,P024,L02,2024-01-25,2024-01-26,207
LOT01590,P005,L02,2024-01-25,2024-01-27,93
LOT01591,P010,L03,2024-01-25,2024-01-28,337
LOT01592,P024,L03,2024-01-25,2024-01-28,378
LOT01593,P015,L03,2024-01-25,2024-01-26,124
LOT01594,P009,L03,2024-01-25,2024-01-28,202
LOT01595,P019,L03,2024-01-25,2024-01-26,172
LOT01596,P017,L03,2024-01-25,2024-01-28,193
LOT01597,P019,L03,2024-01-25,2024-01-26,311
LOT01598,P021,L03,2024-01-25,2024-01-26,193
LOT01599,P016,L03,2024-01-25,2024-01-26,273
LOT01600,P022,L03,2024-01-25,2024-01-27,358
LOT01601,P014,L03,2024-01-25,2024-01-27,145
LOT01602,P017,L03,2024-01-25,2024-01-26,144
LOT01603,P011,L03,2024-01-25,2024-01-27,107
LOT01604,P018,L03,2024-01-25,2024-01-27,354
LOT01605,P013,L03,2024-01-25,2024-01-28,284
LOT01606,P015,L01,2024-01-26,2024-01-29,293
LOT01607,P014,L01,2024-01-26,2024-01-27,192
LOT01608,P005,L01,2024-01-26,2024-01-27,364
LOT01609,P012,L01,2024-01-26,2024-01-29,342
LOT01610,P015,L01,2024-01-26,2024-01-28,238
LOT01611,P008,L01,2024-01-26,2024-01-27,328
LOT01612,P002,L01,2024-01-26,2024-01-27,167
LOT01613,P006,L01,2024-01-26,2024-01-27,238
LOT01614,P007,L01,2024-01-26,2024-01-27,143
LOT01615,P015,L01,2024-01-26,2024-01-28,356
LOT01616,P016,L01,2024-01-26,2024-01-28,344
LOT01617,P010,L01,2024-01-26,2024-01-29,369
LOT01618,P016,L01,2024-01-26,2024-01-28,361
LOT01619,P007,L01,2024-01-26,2024-01-29,388
LOT01620,P007,L01,2024-01-26,2024-01-28,153
LOT01621,P014,L01,2024-01-26,2024-01-28,379
LOT01622,P011,L01,2024-01-26,2024-01-29,263
LOT01623,P009,L01,2024-01-26,2024-01-27,215
LOT01624,P008,L01,2024-01-26,2024-01-29,259
LOT01625,P012,L01,2024-01-26,2024-01-28,189
LOT01626,P013,L01,2024-01-26,2024-01-27,172
LOT01627,P008,L01,2024-01-26,2024-01-29,157
LOT01628,P001,L01,2024-01-26,2024-01-29,106
LOT01629,P002,L01,2024-01-26,2024-01-28,239
LOT01630,P003,L01,2024-01-26,2024-01-29,364
LOT01631,P008,L01,2024-01-26,2024-01-28,282
LOT01632,P010,L01,2024-01-26,2024-01-29,247
LOT01633,P013,L01,2024-01-26,2024-01-27,217
LOT01634,P004,L01,2024-01-26,2024-01-27,229
LOT01635,P007,L02,2024-01-26,2024-01-29,188
LOT01636,P004,L02,2024-01-26,2024-01-29,376
LOT01637,P020,L02,2024-01-26,2024-01-29,81
LOT01638,P020,L02,2024-01-26,2024-01-28,134
LOT01639,P022,L02,2024-01-26,2024-01-29,101
LOT01640,P021,L02,2024-01-26,2024-01-29,136
LOT01641,P024,L02,2024-01-26,2024-01-28,155
LOT01642,P018,L02,2024-01-26,2024-01-29,206
LOT01643,P005,L02,2024-01-26,2024-01-29,101
LOT01644,P022,L02,2024-01-26,2024-01-28,372
LOT01645,P005,L02,2024-01-26,2024-01-29,146
LOT01646,P005,L02,2024-01-26,2024-01-28,211
LOT01647,P022,L02,2024-01-26,2024-01-28,252
LOT01648,P010,L03,2024-01-26,2024-01-28,176
LOT01649,P020,L03,2024-01-26,2024-01-28,261
LOT01650,P015,L03,2024-01-26,2024-01-28,171
LOT01651,P023,L03,2024-01-26,2024-01-28,239
LOT01652,P015,L03,2024-01-26,2024-01-28,179
LOT01653,P018,L03,2024-01-26,2024-01-28,152
LOT01654,P012,L03,2024-01-26,2024-01-28,119
LOT01655,P011,L03,2024-01-26,2024-01-28,331
LOT01656,P016,L03,2024-01-26,2024-01-29,302
LOT01657,P018,L03,2024-01-26,2024-01-29,101
LOT01658,P021,L03,2024-01-26,2024-01-28,290
LOT01659,P015,L03,2024-01-26,2024-01-29,267
LOT01660,P023,L03,2024-01-26,2024-01-29,167
LOT01661,P018,L03,2024-01-26,2024-01-27,107
LOT01662,P010,L03,2024-01-26,2024-01-28,293
LOT01663,P020,L03,2024-01-26,2024-01-27,331
LOT01664,P018,L03,2024-01-26,2024-01-29,195
LOT01665,P015,L03,2024-01-26,2024-01-27,318
LOT01666,P011,L01,2024-01-27,2024-01-30,251
LOT01667,P003,L01,2024-01-27,2024-01-28,204
LOT01668,P016,L01,2024-01-27,2024-01-30,340
LOT01669,P007,L01,2024-01-27,2024-01-29,307
LOT01670,P007,L01,2024-01-27,2024-01-28,230
LOT01671,P001,L01,2024-01-27,2024-01-29,366
LOT01672,P015,L01,2024-01-27,2024-01-28,153
LOT01673,P004,L01,2024-01-27,2024-01-29,134
LOT01674,P016,L01,2024-01-27,2024-01-29,286
LOT01675,P008,L01,2024-01-27,2024-01-30,392
LOT01676,P014,L01,2024-01-27,2024-01-28,159
LOT01677,P003,L01,2024-01-27,2024-01-28,160
LOT01678,P003,L01,2024-01-27,2024-01-30,124
LOT01679,P013,L01,2024-01-27,2024-01-28,356
LOT01680,P014,L01,2024-01-27,2024-01-30,152
LOT01681,P009,L01,2024-01-27,2024-01-28,241
LOT01682,P001,L01,2024-01-27,2024-01-29,398
LOT01683,P016,L01,2024-01-27,2024-01-29,83
LOT01684,P007,L01,2024-01-27,2024-01-29,258
LOT01685,P015,L01,2024-01-27,2024-01-29,244
LOT01686,P014,L01,2024-01-27,2024-01-30,339
LOT01687,P014,L01,2024-01-27,2024-01-28,194
LOT01688,P012,L01,2024-01-27,2024-01-30,211
LOT01689,P022,L02,2024-01-27,2024-01-28,258
LOT01690,P021,L02,2024-01-27,2024-01-28,187
LOT01691,P005,L02,2024-01-27,2024-01-29,167
LOT01692,P003,L02,2024-01-27,2024-01-29,227
LOT01693,P003,L02,2024-01-27,2024-01-30,138
LOT01694,P007,L02,2024-01-27,2024-01-28,250
LOT01695,P017,L02,2024-01-27,2024-01-28,306
LOT01696,P023,L02,2024-01-27,2024-01-28,264
LOT01697,P023,L02,2024-01-27,2024-01-30,109
LOT01698,P001,L02,2024-01-27,2024-01-28,351
LOT01699,P020,L02,2024-01-27,2024-01-29,136
LOT01700,P005,L02,2024-01-27,2024-01-28,325
LOT01701,P011,L03,2024-01-27,2024-01-30,359
LOT01702,P012,L03,2024-01-27,2024-01-29,304
LOT01703,P021,L03,2024-01-27,2024-01-29,296
LOT01704,P011,L03,2024-01-27,2024-01-29,248
LOT01705,P021,L03,2024-01-27,2024-01-29,289
LOT01706,P016,L03,2024-01-27,2024-01-30,375
LOT01707,P024,L03,2024-01-27,2024-01-29,112
LOT01708,P009,L03,2024-01-27,2024-01-29,181
LOT01709,P024,L03,2024-01-27,2024-01-28,103
LOT01710,P012,L03,2024-01-27,2024-01-29,383
LOT01711,P009,L03,2024-01-27,2024-01-29,222
LOT01712,P020,L03,2024-01-27,2024-01-28,296
LOT01713,P017,L03,2024-01-27,2024-01-28,349
LOT01714,P022,L03,2024-01-27,2024-01-30,398
LOT01715,P010,L03,2024-01-27,2024-01-28,131
LOT01716,P010,L03,2024-01-27,2024-01-28,336
LOT01717,P018,L03,2024-01-27,2024-01-28,364
LOT01718,P023,L03,2024-01-27,2024-01-28,95
LOT01719,P015,L03,2024-01-27,2024-01-28,322
LOT01720,P021,L03,2024-01-27,2024-01-29,193
LOT01721,P002,L01,2024-01-28,2024-01-31,151
LOT01722,P005,L01,2024-01-28,2024-01-31,339
LOT01723,P009,L01,2024-01-28,2024-01-31,106
LOT01724,P003,L01,2024-01-28,2024-01-30,249
LOT01725,P008,L01,2024-01-28,2024-01-30,352
LOT01726,P002,L01,2024-01-28,2024-01-30,251
LOT01727,P013,L01,2024-01-28,2024-01-31,321
LOT01728,P002,L01,2024-01-28,2024-01-31,188
LOT01729,P002,L01,2024-01-28,2024-01-31,83
LOT01730,P011,L01,2024-01-28,2024-01-30,275
LOT01731,P004,L01,2024-01-28,2024-01-29,224
LOT01732,P006,L01,2024-01-28,2024-01-30,275
LOT01733,P006,L01,2024-01-28,2024-01-29,169
LOT01734,P004,L01,2024-01-28,2024-01-29,285
LOT01735,P013,L01,2024-01-28,2024-01-29,263
LOT01736,P012,L01,2024-01-28,2024-01-31,335
LOT01737,P004,L01,2024-01-28,2024-01-29,370
LOT01738,P011,L01,2024-01-28,2024-01-29,87
LOT01739,P012,L01,2024-01-28,2024-01-29,144
LOT01740,P009,L01,2024-01-28,2024-01-31,146
LOT01741,P010,L01,2024-01-28,2024-01-31,214
LOT01742,P015,L01,2024-01-28,2024-01-29,222
LOT01743,P008,L01,2024-01-28,2024-01-29,232
LOT01744,P007,L01,2024-01-28,2024-01-30,247
LOT01745,P009,L01,2024-01-28,2024-01-29,326
LOT01746,P014,L01,2024-01-28,2024-01-30,161
LOT01747,P012,L01,2024-01-28,2024-01-30,114
LOT01748,P002,L01,2024-01-28,2024-01-31,321
LOT01749,P008,L01,2024-01-28,2024-01-29,296
LOT01750,P019,L02,2024-01-28,2024-01-31,288
LOT01751,P022,L02,2024-01-28,2024-01-30,166
LOT01752,P022,L02,2024-01-28,2024-01-30,199
LOT01753,P017,L02,2024-01-28,2024-01-30,94
LOT01754,P020,L02,2024-01-28,2024-01-29,332
LOT01755,P003,L02,2024-01-28,2024-01-30,218
LOT01756,P004,L02,2024-01-28,2024-01-30,220
LOT01757,P022,L02,2024-01-28,2024-01-31,158
LOT01758,P008,L02,2024-01-28,2024-01-31,147
LOT01759,P017,L02,2024-01-28,2024-01-30,268
LOT01760,P008,L02,2024-01-28,2024-01-31,154
LOT01761,P004,L02,2024-01-28,2024-01-30,100
LOT01762,P022,L02,2024-01-28,2024-01-29,326
LOT01763,P021,L02,2024-01-28,2024-01-31,200
LOT01764,P019,L02,2024-01-28,2024-01-30,202
LOT01765,P006,L02,2024-01-28,2024-01-29,218
LOT01766,P019,L02,2024-01-28,2024-01-29,341
LOT01767,P013,L03,2024-01-28,2024-01-30,348
LOT01768,P024,L03,2024-01-28,2024-01-29,350
LOT01769,P016,L03,2024-01-28,2024-01-30,289
LOT01770,P019,L03,2024-01-28,2024-01-30,176
LOT01771,P024,L03,2024-01-28,2024-01-31,152
LOT01772,P015,L03,2024-01-28,2024-01-29,320
LOT01773,P012,L03,2024-01-28,2024-01-30,365
LOT01774,P020,L03,2024-01-28,2024-01-30,85
LOT01775,P009,L03,2024-01-28,2024-01-29,219
LOT01776,P016,L03,2024-01-28,2024-01-29,376
LOT01777,P024,L03,2024-01-28,2024-01-29,362
LOT01778,P015,L03,2024-01-28,2024-01-29,118
LOT01779,P019,L03,2024-01-28,2024-01-29,126
LOT01780,P017,L03,2024-01-28,2024-01-30,186
LOT01781,P012,L03,2024-01-28,2024-01-30,252
LOT01782,P014,L03,2024-01-28,2024-01-29,120
LOT01783,P017,L03,2024-01-28,2024-01-29,142
LOT01784,P010,L03,2024-01-28,2024-01-29,180
LOT01785,P015,L03,2024-01-28,2024-01-30,179
LOT01786,P006,L01,2024-01-29,2024-01-31,119
LOT01787,P007,L01,2024-01-29,2024-01-31,220
LOT01788,P001,L01,2024-01-29,2024-02-01,178
LOT01789,P008,L01,2024-01-29,2024-01-30,217
LOT01790,P016,L01,2024-01-29,2024-02-01,234
LOT01791,P007,L01,2024-01-29,2024-01-31,294
LOT01792,P002,L01,2024-01-29,2024-01-31,176
LOT01793,P012,L01,2024-01-29,2024-02-01,270
LOT01794,P003,L01,2024-01-29,2024-01-30,210
LOT01795,P004,L01,2024-01-29,2024-02-01,206
LOT01796,P003,L01,2024-01-29,2024-01-31,276
LOT01797,P015,L01,2024-01-29,2024-02-01,360
LOT01798,P016,L01,2024-01-29,2024-01-30,245
LOT01799,P010,L01,2024-01-29,2024-01-31,128
LOT01800,P010,L01,2024-01-29,2024-02-01,117
LOT01801,P011,L01,2024-01-29,2024-01-31,186
LOT01802,P010,L01,2024-01-29,2024-01-30,343
LOT01803,P009,L01,2024-01-29,2024-01-30,161
LOT01804,P016,L01,2024-01-29,2024-02-01,361
LOT01805,P012,L01,2024-01-29,2024-01-30,169
LOT01806,P002,L01,2024-01-29,2024-02-01,329
LOT01807,P007,L01,2024-01-29,2024-02-01,258
LOT01808,P016,L01,2024-01-29,2024-01-30,360
LOT01809,P007,L01,2024-01-29,2024-01-30,118
LOT01810,P004,L01,2024-01-29,2024-02-01,273
LOT01811,P014,L01,2024-01-29,2024-01-30,134
LOT01812,P010,L01,2024-01-29,2024-01-31,161
LOT01813,P010,L01,2024-01-29,2024-02-01,212
LOT01814,P018,L02,2024-01-29,2024-02-01,107
LOT01815,P017,L02,2024-01-29,2024-02-01,158
LOT01816,P018,L02,2024-01-29,2024-01-31,83
LOT01817,P018,L02,2024-01-29,2024-01-30,396
LOT01818,P004,L02,2024-01-29,2024-02-01,151
LOT01819,P023,L02,2024-01-29,2024-01-30,341
LOT01820,P018,L02,2024-01-29,2024-02-01,134
LOT01821,P020,L02,2024-01-29,2024-01-31,171
LOT01822,P023,L02,2024-01-29,2024-02-01,214
LOT01823,P023,L02,2024-01-29,2024-01-30,184
LOT01824,P019,L02,2024-01-29,2024-01-31,336
LOT01825,P021,L02,2024-01-29,2024-01-30,387
LOT01826,P008,L02,2024-01-29,2024-01-31,360
LOT01827,P020,L02,2024-01-29,2024-02-01,129
LOT01828,P006,L02,2024-01-29,2024-01-30,329
LOT01829,P020,L03,2024-01-29,2024-02-01,170
LOT01830,P011,L03,2024-01-29,2024-01-30,264
LOT01831,P017,L03,2024-01-29,2024-02-01,138
LOT01832,P009,L03,2024-01-29,2024-01-30,230
LOT01833,P014,L03,2024-01-29,2024-01-30,288
LOT01834,P012,L03,2024-01-29,2024-01-30,121
LOT01835,P019,L03,2024-01-29,2024-01-30,378
LOT01836,P023,L03,2024-01-29,2024-02-01,242
LOT01837,P011,L03,2024-01-29,2024-01-31,343
LOT01838,P021,L03,2024-01-29,2024-01-30,289
LOT01839,P019,L03,2024-01-29,2024-02-01,307
LOT01840,P024,L03,2024-01-29,2024-01-30,309
LOT01841,P023,L03,2024-01-29,2024-01-31,360
LOT01842,P010,L03,2024-01-29,2024-01-30,276
LOT01843,P020,L03,2024-01-29,2024-02-01,169
LOT01844,P018,L03,2024-01-29,2024-02-01,111
LOT01845,P010,L03,2024-01-29,2024-02-01,274
LOT01846,P013,L03,2024-01-29,2024-01-30,101
LOT01847,P023,L03,2024-01-29,2024-02-01,157
LOT01848,P017,L03,2024-01-29,2024-01-31,99
LOT01849,P014,L03,2024-01-29,2024-02-01,256
LOT01850,P014,L03,2024-01-29,2024-02-01,131
LOT01851,P015,L01,2024-01-30,2024-02-02,290
LOT01852,P014,L01,2024-01-30,2024-02-01,251
LOT01853,P003,L01,2024-01-30,2024-01-31,186
LOT01854,P005,L01,2024-01-30,2024-01-31,323
LOT01855,P015,L01,2024-01-30,2024-02-02,162
LOT01856,P009,L01,2024-01-30,2024-01-31,181
LOT01857,P014,L01,2024-01-30,2024-02-02,236
LOT01858,P010,L01,2024-01-30,2024-02-02,224
LOT01859,P001,L01,2024-01-30,2024-02-02,249
LOT01860,P008,L01,2024-01-30,2024-01-31,361
LOT01861,P014,L01,2024-01-30,2024-02-02,326
LOT01862,P011,L01,2024-01-30,2024-02-02,159
LOT01863,P003,L01,2024-01-30,2024-01-31,266
LOT01864,P004,L01,2024-01-30,2024-01-31,219
LOT01865,P014,L01,2024-01-30,2024-01-31,207
LOT01866,P016,L01,2024-01-30,2024-02-01,192
LOT01867,P013,L01,2024-01-30,2024-02-02,270
LOT01868,P002,L01,2024-01-30,2024-02-01,116
LOT01869,P010,L01,2024-01-30,2024-02-01,136
LOT01870,P014,L01,2024-01-30,2024-01-31,213
LOT01871,P011,L01,2024-01-30,2024-01-31,205
LOT01872,P010,L01,2024-01-30,2024-01-31,352
LOT01873,P008,L01,2024-01-30,2024-02-02,81
LOT01874,P004,L01,2024-01-30,2024-02-01,285
LOT01875,P005,L01,2024-01-30,2024-02-01,230
LOT01876,P012,L01,2024-01-30,2024-02-02,201
LOT01877,P002,L01,2024-01-30,2024-01-31,199
LOT01878,P002,L01,2024-01-30,2024-01-31,202
LOT01879,P007,L01,2024-01-30,2024-01-31,128
LOT01880,P024,L02,2024-01-30,2024-02-01,180
LOT01881,P023,L02,2024-01-30,2024-02-01,298
LOT01882,P001,L02,2024-01-30,2024-02-02,333
LOT01883,P005,L02,2024-01-30,2024-01-31,146
LOT01884,P003,L02,2024-01-30,2024-02-02,236
LOT01885,P018,L02,2024-01-30,2024-01-31,344
LOT01886,P019,L02,2024-01-30,2024-02-01,88
LOT01887,P023,L02,2024-01-30,2024-02-02,274
LOT01888,P007,L02,2024-01-30,2024-02-01,357
LOT01889,P004,L02,2024-01-30,2024-02-01,228
LOT01890,P023,L02,2024-01-30,2024-02-01,143
LOT01891,P019,L02,2024-01-30,2024-01-31,350
LOT01892,P021,L02,2024-01-30,2024-01-31,241
LOT01893,P008,L02,2024-01-30,2024-01-31,153
LOT01894,P008,L02,2024-01-30,2024-02-01,337
LOT01895,P007,L02,2024-01-30,2024-02-01,124
LOT01896,P020,L02,2024-01-30,2024-01-31,132
LOT01897,P004,L02,2024-01-30,2024-02-02,182
LOT01898,P024,L02,2024-01-30,2024-02-01,102
LOT01899,P003,L02,2024-01-30,2024-02-01,373
LOT01900,P015,L03,2024-01-30,2024-01-31,276
LOT01901,P010,L03,2024-01-30,2024-01-31,275
LOT01902,P016,L03,2024-01-30,2024-02-02,165
LOT01903,P014,L03,2024-01-30,2024-01-31,151
LOT01904,P009,L03,2024-01-30,2024-01-31,116
LOT01905,P017,L03,2024-01-30,2024-01-31,291
LOT01906,P024,L03,2024-01-30,2024-01-31,330
LOT01907,P010,L03,2024-01-30,2024-02-02,324
LOT01908,P022,L03,2024-01-30,2024-02-01,181
LOT01909,P017,L03,2024-01-30,2024-02-02,145
LOT01910,P020,L03,2024-01-30,2024-02-01,225
LOT01911,P010,L03,2024-01-30,2024-02-02,255
LOT01912,P022,L03,2024-01-30,2024-02-02,375
LOT01913,P009,L03,2024-01-30,2024-02-01,360
LOT01914,P023,L03,2024-01-30,2024-01-31,374
LOT01915,P019,L03,2024-01-30,2024-01-31,352
LOT01916,P014,L03,2024-01-30,2024-02-01,389
LOT01917,P005,L01,2024-01-31,2024-02-01,381
LOT01918,P002,L01,2024-01-31,2024-02-01,176
LOT01919,P006,L01,2024-01-31,2024-02-03,161
LOT01920,P007,L01,2024-01-31,2024-02-02,308
LOT01921,P010,L01,2024-01-31,2024-02-02,290
LOT01922,P005,L01,2024-01-31,2024-02-01,224
LOT01923,P003,L01,2024-01-31,2024-02-02,283
LOT01924,P003,L01,2024-01-31,2024-02-01,131
LOT01925,P016,L01,2024-01-31,2024-02-03,296
LOT01926,P016,L01,2024-01-31,2024-02-03,166
LOT01927,P004,L01,2024-01-31,2024-02-03,167
LOT01928,P004,L01,2024-01-31,2024-02-02,132
LOT01929,P001,L01,2024-01-31,2024-02-03,186
LOT01930,P016,L01,2024-01-31,2024-02-03,186
LOT01931,P012,L01,2024-01-31,2024-02-03,225
LOT01932,P013,L01,2024-01-31,2024-02-01,141
LOT01933,P005,L01,2024-01-31,2024-02-03,141
LOT01934,P011,L01,2024-01-31,2024-02-01,253
LOT01935,P001,L01,2024-01-31,2024-02-01,121
LOT01936,P011,L01,2024-01-31,2024-02-02,301
LOT01937,P010,L01,2024-01-31,2024-02-03,383
LOT01938,P006,L01,2024-01-31,2024-02-01,217
LOT01939,P012,L01,2024-01-31,2024-02-01,369
LOT01940,P011,L01,2024-01-31,2024-02-02,111
LOT01941,P008,L01,2024-01-31,2024-02-03,93
LOT01942,P003,L01,2024-01-31,2024-02-01,311
LOT01943,P018,L02,2024-01-31,2024-02-03,175
LOT01944,P003,L02,2024-01-31,2024-02-01,188
LOT01945,P008,L02,2024-01-31,2024-02-01,133
LOT01946,P024,L02,2024-01-31,2024-02-02,176
LOT01947,P002,L02,2024-01-31,2024-02-02,339
LOT01948,P002,L02,2024-01-31,2024-02-01,207
LOT01949,P005,L02,2024-01-31,2024-02-01,234
LOT01950,P022,L02,2024-01-31,2024-02-01,94
LOT01951,P007,L02,2024-01-31,2024-02-01,353
LOT01952,P019,L02,2024-01-31,2024-02-01,331
LOT01953,P001,L02,2024-01-31,2024-02-03,229
LOT01954,P020,L02,2024-01-31,2024-02-01,329
LOT01955,P002,L02,2024-01-31,2024-02-03,118
LOT01956,P020,L02,2024-01-31,2024-02-03,382
LOT01957,P003,L02,2024-01-31,2024-02-01,97
LOT01958,P020,L03,2024-01-31,2024-02-03,197
LOT01959,P012,L03,2024-01-31,2024-02-03,81
LOT01960,P010,L03,2024-01-31,2024-02-01,242
LOT01961,P010,L03,2024-01-31,2024-02-02,380
LOT01962,P012,L03,2024-01-31,2024-02-03,162
LOT01963,P017,L03,2024-01-31,2024-02-03,237
LOT01964,P010,L03,2024-01-31,2024-02-03,135
LOT01965,P021,L03,2024-01-31,2024-02-01,98
LOT01966,P018,L03,2024-01-31,2024-02-03,105
LOT01967,P013,L03,2024-01-31,2024-02-03,313
LOT01968,P024,L03,2024-01-31,2024-02-01,357
LOT01969,P019,L03,2024-01-31,2024-02-01,125
LOT01970,P019,L03,2024-01-31,2024-02-02,172
LOT01971,P011,L03,2024-01-31,2024-02-01,142
LOT01972,P020,L03,2024-01-31,2024-02-02,88
LOT01973,P017,L03,2024-01-31,2024-02-01,257
LOT01974,P024,L03,2024-01-31,2024-02-02,304
LOT01975,P016,L03,2024-01-31,2024-02-01,287
LOT01976,P019,L03,2024-01-31,2024-02-03,204
LOT01977,P014,L03,2024-01-31,2024-02-01,258
LOT01978,P009,L03,2024-01-31,2024-02-02,110
LOT01979,P011,L03,2024-01-31,2024-02-02,129
LOT01980,P022,L03,2024-01-31,2024-02-02,379
LOT01981,P009,L01,2024-02-01,2024-02-02,323
LOT01982,P015,L01,2024-02-01,2024-02-02,303
LOT01983,P014,L01,2024-02-01,2024-02-02,124
LOT01984,P007,L01,2024-02-01,2024-02-04,339
LOT01985,P002,L01,2024-02-01,2024-02-04,297
LOT01986,P001,L01,2024-02-01,2024-02-03,142
LOT01987,P004,L01,2024-02-01,2024-02-02,288
LOT01988,P002,L01,2024-02-01,2024-02-03,235
LOT01989,P004,L01,2024-02-01,2024-02-02,221
LOT01990,P002,L01,2024-02-01,2024-02-02,115
LOT01991,P016,L01,2024-02-01,2024-02-02,246
LOT01992,P002,L01,2024-02-01,2024-02-03,112
LOT01993,P011,L01,2024-02-01,2024-02-03,132
LOT01994,P006,L01,2024-02-01,2024-02-02,122
LOT01995,P003,L01,2024-02-01,2024-02-03,386
LOT01996,P012,L01,2024-02-01,2024-02-02,171
LOT01997,P016,L01,2024-02-01,2024-02-02,194
LOT01998,P013,L01,2024-02-01,2024-02-04,183
LOT01999,P016,L01,2024-02-01,2024-02-03,368
LOT02000,P010,L01,2024-02-01,2024-02-04,260
LOT02001,P011,L01,2024-02-01,2024-02-04,375
LOT02002,P003,L01,2024-02-01,2024-02-04,176
LOT02003,P014,L01,2024-02-01,2024-02-02,116
LOT02004,P012,L01,2024-02-01,2024-02-04,258
LOT02005,P005,L01,2024-02-01,2024-02-02,190
LOT02006,P006,L01,2024-02-01,2024-02-02,337
LOT02007,P010,L01,2024-02-01,2024-02-03,362
LOT02008,P001,L01,2024-02-01,2024-02-02,231
LOT02009,P014,L01,2024-02-01,2024-02-02,391
LOT02010,P005,L01,2024-02-01,2024-02-03,257
LOT02011,P002,L01,2024-02-01,2024-02-03,166
LOT02012,P006,L01,2024-02-01,2024-02-04,236
LOT02013,P014,L01,2024-02-01,2024-02-04,91
LOT02014,P005,L01,2024-02-01,2024-02-02,338
LOT02015,P009,L01,2024-02-01,2024-02-02,112
LOT02016,P013,L01,2024-02-01,2024-02-04,179
LOT02017,P001,L02,2024-02-01,2024-02-02,124
LOT02018,P002,L02,2024-02-01,2024-02-04,388
LOT02019,P003,L02,2024-02-01,2024-02-02,270
LOT02020,P020,L02,2024-02-01,2024-02-02,285
LOT02021,P005,L02,2024-02-01,2024-02-04,307
LOT02022,P002,L02,2024-02-01,2024-02-03,306
LOT02023,P001,L02,2024-02-01,2024-02-03,343
LOT02024,P008,L02,2024-02-01,2024-02-02,235
LOT02025,P022,L02,2024-02-01,2024-02-03,251
LOT02026,P006,L02,2024-02-01,2024-02-02,183
LOT02027,P002,L02,2024-02-01,2024-02-04,113
LOT02028,P004,L02,2024-02-01,2024-02-03,293
LOT02029,P008,L02,2024-02-01,2024-02-03,90
LOT02030,P004,L02,2024-02-01,2024-02-02,168
LOT02031,P024,L02,2024-02-01,2024-02-02,110
LOT02032,P021,L02,2024-02-01,2024-02-02,141
LOT02033,P006,L02,2024-02-01,2024-02-04,285
LOT02034,P024,L02,2024-02-01,2024-02-02,281
LOT02035,P011,L03,2024-02-01,2024-02-02,123
LOT02036,P015,L03,2024-02-01,2024-02-04,232
LOT02037,P016,L03,2024-02-01,2024-02-02,223
LOT02038,P014,L03,2024-02-01,2024-02-02,359
LOT02039,P018,L03,2024-02-01,2024-02-04,107
LOT02040,P020,L03,2024-02-01,2024-02-04,187
LOT02041,P020,L03,2024-02-01,2024-02-02,376
LOT02042,P018,L03,2024-02-01,2024-02-02,146
LOT02043,P017,L03,2024-02-01,2024-02-02,231
LOT02044,P016,L03,2024-02-01,2024-02-03,182
LOT02045,P012,L03,2024-02-01,2024-02-02,117
LOT02046,P016,L03,2024-02-01,2024-02-04,338
LOT02047,P009,L03,2024-02-01,2024-02-04,250
LOT02048,P024,L03,2024-02-01,2024-02-03,332
LOT02049,P014,L03,2024-02-01,2024-02-03,220
LOT02050,P021,L03,2024-02-01,2024-02-02,235
LOT02051,P024,L03,2024-02-01,2024-02-02,141
LOT02052,P016,L03,2024-02-01,2024-02-04,358
LOT02053,P022,L03,2024-02-01,2024-02-02,111
LOT02054,P016,L03,2024-02-01,2024-02-02,334
LOT02055,P011,L03,2024-02-01,2024-02-02,184
LOT02056,P001,L01,2024-02-02,2024-02-04,187
LOT02057,P003,L01,2024-02-02,2024-02-04,260
LOT02058,P013,L01,2024-02-02,2024-02-05,338
LOT02059,P009,L01,2024-02-02,2024-02-03,369
LOT02060,P010,L01,2024-02-02,2024-02-04,140
LOT02061,P004,L01,2024-02-02,2024-02-04,318
LOT02062,P014,L01,2024-02-02,2024-02-05,200
LOT02063,P015,L01,2024-02-02,2024-02-03,141
LOT02064,P007,L01,2024-02-02,2024-02-03,304
LOT02065,P002,L01,2024-02-02,2024-02-04,224
LOT02066,P014,L01,2024-02-02,2024-02-05,346
LOT02067,P015,L01,2024-02-02,2024-02-05,124
LOT02068,P009,L01,2024-02-02,2024-02-04,363
LOT02069,P010,L01,2024-02-02,2024-02-05,185
LOT02070,P004,L01,2024-02-02,2024-02-04,365
LOT02071,P002,L01,2024-02-02,2024-02-03,248
LOT02072,P016,L01,2024-02-02,2024-02-03,367
LOT02073,P008,L01,2024-02-02,2024-02-03,87
LOT02074,P005,L01,2024-02-02,2024-02-03,144
LOT02075,P012,L01,2024-02-02,2024-02-04,176
LOT02076,P001,L01,2024-02-02,2024-02-04,261
LOT02077,P002,L01,2024-02-02,2024-02-04,380
LOT02078,P004,L01,2024-02-02,2024-02-04,261
LOT02079,P008,L01,2024-02-02,2024-02-05,135
LOT02080,P006,L01,2024-02-02,2024-02-05,356
LOT02081,P003,L01,2024-02-02,2024-02-03,137
LOT02082,P006,L02,2024-02-02,2024-02-05,83
LOT02083,P003,L02,2024-02-02,2024-02-03,196
LOT02084,P006,L02,2024-02-02,2024-02-04,312
LOT02085,P020,L02,2024-02-02,2024-02-04,276
LOT02086,P006,L02,2024-02-02,2024-02-03,291
LOT02087,P018,L02,2024-02-02,2024-02-05,248
LOT02088,P020,L02,2024-02-02,2024-02-04,175
LOT02089,P006,L02,2024-02-02,2024-02-05,90
LOT02090,P019,L02,2024-02-02,2024-02-03,124
LOT02091,P007,L02,2024-02-02,2024-02-05,234
LOT02092,P003,L02,2024-02-02,2024-02-05,293
LOT02093,P006,L02,2024-02-02,2024-02-04,246
LOT02094,P008,L02,2024-02-02,2024-02-03,260
LOT02095,P001,L02,2024-02-02,2024-02-05,389
LOT02096,P023,L02,2024-02-02,2024-02-04,381
LOT02097,P017,L02,2024-02-02,2024-02-05,247
LOT02098,P001,L02,2024-02-02,2024-02-04,125
LOT02099,P022,L02,2024-02-02,2024-02-03,362
LOT02100,P011,L03,2024-02-02,2024-02-03,253
LOT02101,P020,L03,2024-02-02,2024-02-04,252
LOT02102,P010,L03,2024-02-02,2024-02-03,231
LOT02103,P010,L03,2024-02-02,2024-02-03,278
LOT02104,P020,L03,2024-02-02,2024-02-03,219
LOT02105,P016,L03,2024-02-02,2024-02-04,100
LOT02106,P019,L03,2024-02-02,2024-02-05,309
LOT02107,P022,L03,2024-02-02,2024-02-03,100
LOT02108,P010,L03,2024-02-02,2024-02-05,170
LOT02109,P017,L03,2024-02-02,2024-02-05,240
LOT02110,P022,L03,2024-02-02,2024-02-04,167
LOT02111,P016,L03,2024-02-02,2024-02-04,115
LOT02112,P017,L03,2024-02-02,2024-02-04,191
LOT02113,P016,L03,2024-02-02,2024-02-03,193
LOT02114,P023,L03,2024-02-02,2024-02-04,297
LOT02115,P009,L03,2024-02-02,2024-02-03,360
LOT02116,P023,L03,2024-02-02,2024-02-05,302
LOT02117,P022,L03,2024-02-02,2024-02-05,217
LOT02118,P022,L03,2024-02-02,2024-02-05,313
LOT02119,P015,L03,2024-02-02,2024-02-04,137
LOT02120,P017,L03,2024-02-02,2024-02-04,369
LOT02121,P014,L03,2024-02-02,2024-02-05,223
LOT02122,P013,L03,2024-02-02,2024-02-03,319
LOT02123,P023,L03,2024-02-02,2024-02-03,128
LOT02124,P017,L03,2024-02-02,2024-02-04,397
LOT02125,P020,L03,2024-02-02,2024-02-03,222
LOT02126,P010,L03,2024-02-02,2024-02-03,221
LOT02127,P021,L03,2024-02-02,2024-02-03,270
LOT02128,P019,L03,2024-02-02,2024-02-04,181
LOT02129,P024,L03,2024-02-02,2024-02-03,324
LOT02130,P004,L01,2024-02-03,2024-02-06,340
LOT02131,P002,L01,2024-02-03,2024-02-05,285
LOT02132,P015,L01,2024-02-03,2024-02-04,89
LOT02133,P003,L01,2024-02-03,2024-02-04,131
LOT02134,P006,L01,2024-02-03,2024-02-06,283
LOT02135,P001,L01,2024-02-03,2024-02-06,174
LOT02136,P011,L01,2024-02-03,2024-02-06,143
LOT02137,P012,L01,2024-02-03,2024-02-06,89
LOT02138,P013,L01,2024-02-03,2024-02-04,105
LOT02139,P005,L01,2024-02-03,2024-02-06,162
LOT02140,P006,L01,2024-02-03,2024-02-05,231
LOT02141,P016,L01,2024-02-03,2024-02-06,191
LOT02142,P014,L01,2024-02-03,2024-02-04,204
LOT02143,P001,L01,2024-02-03,2024-02-04,314
LOT02144,P021,L02,2024-02-03,2024-02-05,371
LOT02145,P007,L02,2024-02-03,2024-02-04,379
LOT02146,P005,L02,2024-02-03,2024-02-04,261
LOT02147,P008,L02,2024-02-03,2024-02-04,221
LOT02148,P005,L02,2024-02-03,2024-02-05,306
LOT02149,P021,L02,2024-02-03,2024-02-04,349
LOT02150,P024,L02,2024-02-03,2024-02-06,260
LOT02151,P022,L02,2024-02-03,2024-02-05,304
LOT02152,P008,L02,2024-02-03,2024-02-04,320
LOT02153,P017,L02,2024-02-03,2024-02-04,297
LOT02154,P008,L02,2024-02-03,2024-02-04,319
LOT02155,P021,L02,2024-02-03,2024-02-06,146
LOT02156,P017,L02,2024-02-03,2024-02-05,239
LOT02157,P008,L02,2024-02-03,2024-02-04,268
LOT02158,P007,L02,2024-02-03,2024-02-06,80
LOT02159,P007,L02,2024-02-03,2024-02-06,354
LOT02160,P017,L02,2024-02-03,2024-02-05,275
LOT02161,P020,L02,2024-02-03,2024-02-05,121
LOT02162,P007,L02,2024-02-03,2024-02-05,342
LOT02163,P021,L02,2024-02-03,2024-02-04,310
LOT02164,P022,L02,2024-02-03,2024-02-06,323
LOT02165,P023,L03,2024-02-03,2024-02-05,387
LOT02166,P015,L03,2024-02-03,2024-02-05,307
LOT02167,P024,L03,2024-02-03,2024-02-04,397
LOT02168,P018,L03,2024-02-03,2024-02-04,391
LOT02169,P015,L03,2024-02-03,2024-02-05,374
LOT02170,P009,L03,2024-02-03,2024-02-06,322
LOT02171,P018,L03,2024-02-03,2024-02-06,275
LOT02172,P019,L03,2024-02-03,2024-02-06,135
LOT02173,P024,L03,2024-02-03,2024-02-04,254
LOT02174,P020,L03,2024-02-03,2024-02-06,325
LOT02175,P009,L03,2024-02-03,2024-02-05,247
LOT02176,P018,L03,2024-02-03,2024-02-05,358
LOT02177,P020,L03,2024-02-03,2024-02-06,115
LOT02178,P016,L03,2024-02-03,2024-02-05,202
LOT02179,P015,L03,2024-02-03,2024-02-06,242
LOT02180,P021,L03,2024-02-03,2024-02-06,218
LOT02181,P018,L03,2024-02-03,2024-02-06,114
LOT02182,P019,L03,2024-02-03,2024-02-06,129
LOT02183,P016,L03,2024-02-03,2024-02-05,348
LOT02184,P013,L03,2024-02-03,2024-02-06,235
LOT02185,P001,L01,2024-02-04,2024-02-05,189
LOT02186,P008,L01,2024-02-04,2024-02-07,315
LOT02187,P001,L01,2024-02-04,2024-02-06,253
LOT02188,P003,L01,2024-02-04,2024-02-07,223
LOT02189,P011,L01,2024-02-04,2024-02-05,123
LOT02190,P012,L01,2024-02-04,2024-02-05,289
LOT02191,P005,L01,2024-02-04,2024-02-06,215
LOT02192,P013,L01,2024-02-04,2024-02-06,392
LOT02193,P010,L01,2024-02-04,2024-02-07,131
LOT02194,P004,L01,2024-02-04,2024-02-05,158
LOT02195,P012,L01,2024-02-04,2024-02-07,227
LOT02196,P010,L01,2024-02-04,2024-02-07,287
LOT02197,P013,L01,2024-02-04,2024-02-06,170
LOT02198,P003,L01,2024-02-04,2024-02-06,127
LOT02199,P004,L01,2024-02-04,2024-02-06,169
LOT02200,P005,L02,2024-02-04,2024-02-05,235
LOT02201,P017,L02,2024-02-04,2024-02-06,348
LOT02202,P023,L02,2024-02-04,2024-02-05,178
LOT02203,P017,L02,2024-02-04,2024-02-05,324
LOT02204,P018,L02,2024-02-04,2024-02-07,125
LOT02205,P007,L02,2024-02-04,2024-02-05,178
LOT02206,P017,L02,2024-02-04,2024-02-07,223
LOT02207,P017,L02,2024-02-04,2024-02-05,183
LOT02208,P020,L02,2024-02-04,2024-02-06,204
LOT02209,P018,L02,2024-02-04,2024-02-05,343
LOT02210,P017,L02,2024-02-04,2024-02-06,162
LOT02211,P002,L02,2024-02-04,2024-02-07,319
LOT02212,P023,L02,2024-02-04,2024-02-05,103
LOT02213,P023,L02,2024-02-04,2024-02-05,325
LOT02214,P003,L02,2024-02-04,2024-02-06,334
LOT02215,P005,L02,2024-02-04,2024-02-06,208
LOT02216,P024,L02,2024-02-04,2024-02-06,311
LOT02217,P006,L02,2024-02-04,2024-02-06,373
LOT02218,P021,L02,2024-02-04,2024-02-07,337
LOT02219,P021,L02,2024-02-04,2024-02-07,205
LOT02220,P022,L02,2024-02-04,2024-02-05,235
LOT02221,P016,L03,2024-02-04,2024-02-07,150
LOT02222,P021,L03,2024-02-04,2024-02-06,380
LOT02223,P009,L03,2024-02-04,2024-02-07,81
LOT02224,P014,L03,2024-02-04,2024-02-06,125
LOT02225,P012,L03,2024-02-04,2024-02-05,159
LOT02226,P021,L03,2024-02-04,2024-02-06,143
LOT02227,P016,L03,2024-02-04,2024-02-05,152
LOT02228,P010,L03,2024-02-04,2024-02-06,290
LOT02229,P013,L03,2024-02-04,2024-02-06,185
LOT02230,P009,L03,2024-02-04,2024-02-06,277
LOT02231,P016,L03,2024-02-04,2024-02-05,365
LOT02232,P024,L03,2024-02-04,2024-02-07,273
LOT02233,P018,L03,2024-02-04,2024-02-06,302
LOT02234,P022,L03,2024-02-04,2024-02-06,197
LOT02235,P020,L03,2024-02-04,2024-02-06,131
LOT02236,P023,L03,2024-02-04,2024-02-07,182
LOT02237,P013,L03,2024-02-04,2024-02-05,389
LOT02238,P024,L03,2024-02-04,2024-02-06,279
LOT02239,P012,L03,2024-02-04,2024-02-05,169
LOT02240,P016,L03,2024-02-04,2024-02-07,224
LOT02241,P019,L03,2024-02-04,2024-02-05,348
LOT02242,P013,L03,2024-02-04,2024-02-06,294
LOT02243,P013,L03,2024-02-04,2024-02-06,259
LOT02244,P011,L03,2024-02-04,2024-02-07,364
LOT02245,P009,L03,2024-02-04,2024-02-05,295
LOT02246,P017,L03,2024-02-04,2024-02-07,286
LOT02247,P013,L01,2024-02-05,2024-02-06,341
LOT02248,P016,L01,2024-02-05,2024-02-07,136
LOT02249,P009,L01,2024-02-05,2024-02-07,96
LOT02250,P010,L01,2024-02-05,2024-02-08,322
LOT02251,P013,L01,2024-02-05,2024-02-06,192
LOT02252,P007,L01,2024-02-05,2024-02-06,204
LOT02253,P008,L01,2024-02-05,2024-02-06,159
LOT02254,P010,L01,2024-02-05,2024-02-07,355
LOT02255,P005,L01,2024-02-05,2024-02-08,175
LOT02256,P001,L01,2024-02-05,2024-02-08,147
LOT02257,P010,L01,2024-02-05,2024-02-08,179
LOT02258,P014,L01,2024-02-05,2024-02-07,145
LOT02259,P002,L01,2024-02-05,2024-02-08,181
LOT02260,P004,L01,2024-02-05,2024-02-08,106
LOT02261,P005,L01,2024-02-05,2024-02-07,130
LOT02262,P013,L01,2024-02-05,2024-02-08,213
LOT02263,P009,L01,2024-02-05,2024-02-08,362
LOT02264,P009,L01,2024-02-05,2024-02-07,98
LOT02265,P011,L01,2024-02-05,2024-02-06,148
LOT02266,P005,L01,2024-02-05,2024-02-08,371
LOT02267,P012,L01,2024-02-05,2024-02-07,365
LOT02268,P001,L01,2024-02-05,2024-02-06,298
LOT02269,P006,L02,2024-02-05,2024-02-06,91
LOT02270,P004,L02,2024-02-05,2024-02-07,376
LOT02271,P006,L02,2024-02-05,2024-02-08,331
LOT02272,P003,L02,2024-02-05,2024-02-08,199
LOT02273,P024,L02,2024-02-05,2024-02-06,376
LOT02274,P007,L02,2024-02-05,2024-02-07,175
LOT02275,P002,L02,2024-02-05,2024-02-06,361
LOT02276,P018,L02,2024-02-05,2024-02-06,99
LOT02277,P023,L02,2024-02-05,2024-02-08,80
LOT02278,P006,L02,2024-02-05,2024-02-06,397
LOT02279,P022,L02,2024-02-05,2024-02-07,313
LOT02280,P018,L02,2024-02-05,2024-02-07,109
LOT02281,P020,L02,2024-02-05,2024-02-06,324
LOT02282,P010,L03,2024-02-05,2024-02-06,235
LOT02283,P018,L03,2024-02-05,2024-02-06,92
LOT02284,P018,L03,2024-02-05,2024-02-07,319
LOT02285,P014,L03,2024-02-05,2024-02-08,108
LOT02286,P015,L03,2024-02-05,2024-02-06,215
LOT02287,P019,L03,2024-02-05,2024-02-07,396
LOT02288,P009,L03,2024-02-05,2024-02-08,252
LOT02289,P012,L03,2024-02-05,2024-02-06,105
LOT02290,P018,L03,2024-02-05,2024-02-06,292
LOT02291,P018,L03,2024-02-05,2024-02-06,157
LOT02292,P010,L03,2024-02-05,2024-02-08,341
LOT02293,P021,L03,2024-02-05,2024-02-07,363
LOT02294,P017,L03,2024-02-05,2024-02-08,309
LOT02295,P012,L03,2024-02-05,2024-02-08,139
LOT02296,P021,L03,2024-02-05,2024-02-08,387
LOT02297,P024,L03,2024-02-05,2024-02-08,265
LOT02298,P015,L03,2024-02-05,2024-02-08,365
LOT02299,P013,L03,2024-02-05,2024-02-08,368
LOT02300,P013,L03,2024-02-05,2024-02-08,202
LOT02301,P018,L03,2024-02-05,2024-02-08,211
LOT02302,P013,L01,2024-02-06,2024-02-09,335
LOT02303,P003,L01,2024-02-06,2024-02-09,221
LOT02304,P011,L01,2024-02-06,2024-02-08,147
LOT02305,P010,L01,2024-02-06,2024-02-08,140
LOT02306,P009,L01,2024-02-06,2024-02-07,354
LOT02307,P011,L01,2024-02-06,2024-02-09,243
LOT02308,P014,L01,2024-02-06,2024-02-07,108
LOT02309,P003,L01,2024-02-06,2024-02-07,310
LOT02310,P007,L01,2024-02-06,2024-02-07,160
LOT02311,P012,L01,2024-02-06,2024-02-09,361
LOT02312,P014,L01,2024-02-06,2024-02-09,179
LOT02313,P013,L01,2024-02-06,2024-02-08,144
LOT02314,P013,L01,2024-02-06,2024-02-09,107
LOT02315,P014,L01,2024-02-06,2024-02-09,244
LOT02316,P016,L01,2024-02-06,2024-02-09,224
LOT02317,P010,L01,2024-02-06,2024-02-07,321
LOT02318,P004,L01,2024-02-06,2024-02-08,229
LOT02319,P010,L01,2024-02-06,2024-02-08,190
LOT02320,P012,L01,2024-02-06,2024-02-08,163
LOT02321,P002,L01,2024-02-06,2024-02-07,169
LOT02322,P013,L01,2024-02-06,2024-02-07,377
LOT02323,P009,L01,2024-02-06,2024-02-07,132
LOT02324,P015,L01,2024-02-06,2024-02-07,397
LOT02325,P004,L01,2024-02-06,2024-02-08,184
LOT02326,P015,L01,2024-02-06,2024-02-08,108
LOT02327,P008,L01,2024-02-06,2024-02-07,159
LOT02328,P010,L01,2024-02-06,2024-02-09,98
LOT02329,P011,L01,2024-02-06,2024-02-08,333
LOT02330,P010,L01,2024-02-06,2024-02-09,244
LOT02331,P015,L01,2024-02-06,2024-02-07,188
LOT02332,P003,L01,2024-02-06,2024-02-07,292
LOT02333,P012,L01,2024-02-06,2024-02-07,282
LOT02334,P016,L01,2024-02-06,2024-02-08,381
LOT02335,P004,L01,2024-02-06,2024-02-08,388
LOT02336,P005,L01,2024-02-06,2024-02-08,298
LOT02337,P008,L01,2024-02-06,2024-02-08,342
LOT02338,P012,L01,2024-02-06,2024-02-08,334
LOT02339,P018,L02,2024-02-06,2024-02-09,142
LOT02340,P002,L02,2024-02-06,2024-02-09,249
LOT02341,P021,L02,2024-02-06,2024-02-07,377
LOT02342,P021,L02,2024-02-06,2024-02-08,279
LOT02343,P002,L02,2024-02-06,2024-02-09,84
LOT02344,P024,L02,2024-02-06,2024-02-07,300
LOT02345,P019,L02,2024-02-06,2024-02-07,82
LOT02346,P002,L02,2024-02-06,2024-02-07,345
LOT02347,P008,L02,2024-02-06,2024-02-07,112
LOT02348,P022,L02,2024-02-06,2024-02-08,118
LOT02349,P005,L02,2024-02-06,2024-02-08,254
LOT02350,P023,L02,2024-02-06,2024-02-08,237
LOT02351,P007,L02,2024-02-06,2024-02-09,286
LOT02352,P004,L02,2024-02-06,2024-02-08,84
LOT02353,P006,L02,2024-02-06,2024-02-07,122
LOT02354,P017,L02,2024-02-06,2024-02-07,167
LOT02355,P020,L02,2024-02-06,2024-02-07,104
LOT02356,P013,L03,2024-02-06,2024-02-07,99
LOT02357,P009,L03,2024-02-06,2024-02-09,218
LOT02358,P011,L03,2024-02-06,2024-02-07,205
LOT02359,P016,L03,2024-02-06,2024-02-09,217
LOT02360,P019,L03,2024-02-06,2024-02-07,169
LOT02361,P021,L03,2024-02-06,2024-02-07,300
LOT02362,P019,L03,2024-02-06,2024-02-09,349
LOT02363,P018,L03,2024-02-06,2024-02-08,326
LOT02364,P023,L03,2024-02-06,2024-02-08,281
LOT02365,P013,L03,2024-02-06,2024-02-07,252
LOT02366,P021,L03,2024-02-06,2024-02-08,89
LOT02367,P023,L03,2024-02-06,2024-02-08,312
LOT02368,P018,L03,2024-02-06,2024-02-08,254
LOT02369,P022,L03,2024-02-06,2024-02-07,166
LOT02370,P011,L03,2024-02-06,2024-02-07,185
LOT02371,P023,L03,2024-02-06,2024-02-09,380
LOT02372,P018,L03,2024-02-06,2024-02-08,280
LOT02373,P013,L01,2024-02-07,2024-02-09,200
LOT02374,P007,L01,2024-02-07,2024-02-10,284
LOT02375,P010,L01,2024-02-07,2024-02-10,245
LOT02376,P008,L01,2024-02-07,2024-02-08,103
LOT02377,P005,L01,2024-02-07,2024-02-08,249
LOT02378,P005,L01,2024-02-07,2024-02-09,242
LOT02379,P002,L01,2024-02-07,2024-02-08,381
LOT02380,P008,L01,2024-02-07,2024-02-09,351
LOT02381,P012,L01,2024-02-07,2024-02-09,222
LOT02382,P011,L01,2024-02-07,2024-02-09,164
LOT02383,P016,L01,2024-02-07,2024-02-08,201
LOT02384,P001,L01,2024-02-07,2024-02-10,126
LOT02385,P013,L01,2024-02-07,2024-02-09,295
LOT02386,P013,L01,2024-02-07,2024-02-10,219
LOT02387,P007,L01,2024-02-07,2024-02-08,85
LOT02388,P005,L01,2024-02-07,2024-02-09,340
LOT02389,P006,L01,2024-02-07,2024-02-08,364
LOT02390,P011,L01,2024-02-07,2024-02-10,82
LOT02391,P014,L01,2024-02-07,2024-02-09,150
LOT02392,P011,L01,2024-02-07,2024-02-10,258
LOT02393,P009,L01,2024-02-07,2024-02-08,169
LOT02394,P011,L01,2024-02-07,2024-02-09,81
LOT02395,P002,L01,2024-02-07,2024-02-08,133
LOT02396,P010,L01,2024-02-07,2024-02-09,294
LOT02397,P001,L01,2024-02-07,2024-02-09,124
LOT02398,P016,L01,2024-02-07,2024-02-09,350
LOT02399,P015,L01,2024-02-07,2024-02-08,132
LOT02400,P002,L02,2024-02-07,2024-02-10,152
LOT02401,P003,L02,2024-02-07,2024-02-08,265
LOT02402,P024,L02,2024-02-07,2024-02-10,107
LOT02403,P003,L02,2024-02-07,2024-02-10,346
LOT02404,P001,L02,2024-02-07,2024-02-10,215
LOT02405,P022,L02,2024-02-07,2024-02-08,244
LOT02406,P007,L02,2024-02-07,2024-02-08,350
LOT02407,P006,L02,2024-02-07,2024-02-09,235
LOT02408,P020,L02,2024-02-07,2024-02-09,308
LOT02409,P017,L02,2024-02-07,2024-02-09,349
LOT02410,P023,L02,2024-02-07,2024-02-10,384
LOT02411,P008,L02,2024-02-07,2024-02-09,318
LOT02412,P020,L02,2024-02-07,2024-02-08,92
LOT02413,P023,L02,2024-02-07,2024-02-09,359
LOT02414,P008,L02,2024-02-07,2024-02-08,255
LOT02415,P005,L02,2024-02-07,2024-02-08,217
LOT02416,P011,L03,2024-02-07,2024-02-09,246
LOT02417,P012,L03,2024-02-07,2024-02-10,254
LOT02418,P017,L03,2024-02-07,2024-02-09,292
LOT02419,P010,L03,2024-02-07,2024-02-10,218
LOT02420,P014,L03,2024-02-07,2024-02-09,149
LOT02421,P017,L03,2024-02-07,2024-02-10,358
LOT02422,P019,L03,2024-02-07,2024-02-08,191
LOT02423,P010,L03,2024-02-07,2024-02-08,376
LOT02424,P022,L03,2024-02-07,2024-02-08,146
LOT02425,P016,L03,2024-02-07,2024-02-08,259
LOT02426,P023,L03,2024-02-07,2024-02-08,252
LOT02427,P017,L03,2024-02-07,2024-02-10,345
LOT02428,P017,L03,2024-02-07,2024-02-08,124
LOT02429,P020,L03,2024-02-07,2024-02-08,372
LOT02430,P022,L03,2024-02-07,2024-02-09,250
LOT02431,P011,L03,2024-02-07,2024-02-10,268
LOT02432,P017,L03,2024-02-07,2024-02-08,243
LOT02433,P009,L03,2024-02-07,2024-02-10,91
LOT02434,P016,L03,2024-02-07,2024-02-09,239
LOT02435,P022,L03,2024-02-07,2024-02-08,164
LOT02436,P022,L03,2024-02-07,2024-02-09,190
LOT02437,P013,L03,2024-02-07,2024-02-08,288
LOT02438,P015,L03,2024-02-07,2024-02-09,239
LOT02439,P017,L03,2024-02-07,2024-02-10,109
LOT02440,P015,L03,2024-02-07,2024-02-09,103
LOT02441,P011,L03,2024-02-07,2024-02-10,139
LOT02442,P013,L03,2024-02-07,2024-02-10,141
LOT02443,P004,L01,2024-02-08,2024-02-10,188
LOT02444,P015,L01,2024-02-08,2024-02-09,249
LOT02445,P006,L01,2024-02-08,2024-02-09,121
LOT02446,P004,L01,2024-02-08,2024-02-11,397
LOT02447,P012,L01,2024-02-08,2024-02-09,379
LOT02448,P002,L01,2024-02-08,2024-02-10,187
LOT02449,P014,L01,2024-02-08,2024-02-09,215
LOT02450,P015,L01,2024-02-08,2024-02-10,293
LOT02451,P014,L01,2024-02-08,2024-02-09,140
LOT02452,P005,L01,2024-02-08,2024-02-10,102
LOT02453,P002,L01,2024-02-08,2024-02-09,281
LOT02454,P007,L01,2024-02-08,2024-02-11,263
LOT02455,P006,L01,2024-02-08,2024-02-09,398
LOT02456,P016,L01,2024-02-08,2024-02-10,310
LOT02457,P011,L01,2024-02-08,2024-02-09,265
LOT02458,P016,L01,2024-02-08,2024-02-09,280
LOT02459,P013,L01,2024-02-08,2024-02-09,371
LOT02460,P012,L01,2024-02-08,2024-02-09,289
LOT02461,P002,L01,2024-02-08,2024-02-09,300
LOT02462,P002,L01,2024-02-08,2024-02-10,390
LOT02463,P001,L01,2024-02-08,2024-02-10,199
LOT02464,P010,L01,2024-02-08,2024-02-09,271
LOT02465,P004,L01,2024-02-08,2024-02-10,96
LOT02466,P016,L01,2024-02-08,2024-02-10,147
LOT02467,P003,L01,2024-02-08,2024-02-09,82
LOT02468,P016,L01,2024-02-08,2024-02-10,150
LOT02469,P011,L01,2024-02-08,2024-02-09,219
LOT02470,P002,L01,2024-02-08,2024-02-09,123
LOT02471,P001,L01,2024-02-08,2024-02-10,100
LOT02472,P024,L02,2024-02-08,2024-02-11,165
LOT02473,P022,L02,2024-02-08,2024-02-10,383
LOT02474,P006,L02,2024-02-08,2024-02-11,212
LOT02475,P001,L02,2024-02-08,2024-02-09,176
LOT02476,P004,L02,2024-02-08,2024-02-10,261
LOT02477,P004,L02,2024-02-08,2024-02-09,101
LOT02478,P001,L02,2024-02-08,2024-02-10,335
LOT02479,P019,L02,2024-02-08,2024-02-09,211
LOT02480,P002,L02,2024-02-08,2024-02-09,157
LOT02481,P022,L02,2024-02-08,2024-02-10,171
LOT02482,P008,L02,2024-02-08,2024-02-09,399
LOT02483,P020,L02,2024-02-08,2024-02-09,140
LOT02484,P006,L02,2024-02-08,2024-02-11,256
LOT02485,P003,L02,2024-02-08,2024-02-09,216
LOT02486,P003,L02,2024-02-08,2024-02-10,161
LOT02487,P019,L02,2024-02-08,2024-02-10,288
LOT02488,P013,L03,2024-02-08,2024-02-10,370
LOT02489,P014,L03,2024-02-08,2024-02-10,243
LOT02490,P020,L03,2024-02-08,2024-02-09,193
LOT02491,P023,L03,2024-02-08,2024-02-11,285
LOT02492,P012,L03,2024-02-08,2024-02-09,255
LOT02493,P024,L03,2024-02-08,2024-02-11,119
LOT02494,P012,L03,2024-02-08,2024-02-09,206
LOT02495,P015,L03,2024-02-08,2024-02-10,180
LOT02496,P014,L03,2024-02-08,2024-02-11,351
LOT02497,P015,L03,2024-02-08,2024-02-10,201
LOT02498,P023,L03,2024-02-08,2024-02-09,343
LOT02499,P020,L03,2024-02-08,2024-02-11,222
LOT02500,P021,L03,2024-02-08,2024-02-10,321
LOT02501,P013,L03,2024-02-08,2024-02-11,123
LOT02502,P024,L03,2024-02-08,2024-02-11,376
LOT02503,P015,L03,2024-02-08,2024-02-11,234
LOT02504,P019,L03,2024-02-08,2024-02-10,163
LOT02505,P020,L03,2024-02-08,2024-02-10,157
LOT02506,P019,L03,2024-02-08,2024-02-10,165
LOT02507,P018,L03,2024-02-08,2024-02-10,197
LOT02508,P016,L03,2024-02-08,2024-02-09,310
LOT02509,P003,L01,2024-02-09,2024-02-11,287
LOT02510,P009,L01,2024-02-09,2024-02-11,214
LOT02511,P008,L01,2024-02-09,2024-02-12,136
LOT02512,P008,L01,2024-02-09,2024-02-10,89
LOT02513,P011,L01,2024-02-09,2024-02-12,210
LOT02514,P014,L01,2024-02-09,2024-02-11,288
LOT02515,P006,L01,2024-02-09,2024-02-11,264
LOT02516,P014,L01,2024-02-09,2024-02-10,130
LOT02517,P003,L01,2024-02-09,2024-02-12,224
LOT02518,P005,L01,2024-02-09,2024-02-10,198
LOT02519,P005,L01,2024-02-09,2024-02-11,168
LOT02520,P016,L01,2024-02-09,2024-02-10,314
LOT02521,P002,L01,2024-02-09,2024-02-10,179
LOT02522,P007,L01,2024-02-09,2024-02-11,253
LOT02523,P007,L01,2024-02-09,2024-02-12,376
LOT02524,P013,L01,2024-02-09,2024-02-10,253
LOT02525,P008,L01,2024-02-09,2024-02-10,278
LOT02526,P016,L01,2024-02-09,2024-02-10,103
LOT02527,P012,L01,2024-02-09,2024-02-12,137
LOT02528,P012,L01,2024-02-09,2024-02-11,112
LOT02529,P013,L01,2024-02-09,2024-02-12,325
LOT02530,P003,L01,2024-02-09,2024-02-11,348
LOT02531,P008,L01,2024-02-09,2024-02-11,139
LOT02532,P010,L01,2024-02-09,2024-02-10,150
LOT02533,P004,L01,2024-02-09,2024-02-10,183
LOT02534,P002,L01,2024-02-09,2024-02-10,269
LOT02535,P003,L01,2024-02-09,2024-02-10,279
LOT02536,P013,L01,2024-02-09,2024-02-11,300
LOT02537,P011,L01,2024-02-09,2024-02-11,370
LOT02538,P005,L01,2024-02-09,2024-02-11,174
LOT02539,P012,L01,2024-02-09,2024-02-11,291
LOT02540,P012,L01,2024-02-09,2024-02-11,259
LOT02541,P014,L01,2024-02-09,2024-02-11,178
LOT02542,P015,L01,2024-02-09,2024-02-10,371
LOT02543,P015,L01,2024-02-09,2024-02-12,110
LOT02544,P003,L01,2024-02-09,2024-02-12,308
LOT02545,P013,L01,2024-02-09,2024-02-10,313
LOT02546,P007,L01,2024-02-09,2024-02-11,373
LOT02547,P018,L02,2024-02-09,2024-02-11,305
LOT02548,P022,L02,2024-02-09,2024-02-12,256
LOT02549,P023,L02,2024-02-09,2024-02-12,271
LOT02550,P021,L02,2024-02-09,2024-02-12,209
LOT02551,P018,L02,2024-02-09,2024-02-11,215
LOT02552,P017,L02,2024-02-09,2024-02-12,276
LOT02553,P006,L02,2024-02-09,2024-02-10,93
LOT02554,P021,L02,2024-02-09,2024-02-11,338
LOT02555,P006,L02,2024-02-09,2024-02-11,259
LOT02556,P005,L02,2024-02-09,2024-02-12,245
LOT02557,P022,L02,2024-02-09,2024-02-12,284
LOT02558,P018,L02,2024-02-09,2024-02-12,330
LOT02559,P006,L02,2024-02-09,2024-02-11,96
LOT02560,P022,L02,2024-02-09,2024-02-11,125
LOT02561,P024,L02,2024-02-09,2024-02-11,125
LOT02562,P006,L02,2024-02-09,2024-02-11,190
LOT02563,P017,L02,2024-02-09,2024-02-10,120
LOT02564,P017,L03,2024-02-09,2024-02-11,231
LOT02565,P011,L03,2024-02-09,2024-02-11,310
LOT02566,P021,L03,2024-02-09,2024-02-11,97
LOT02567,P019,L03,2024-02-09,2024-02-10,211
LOT02568,P015,L03,2024-02-09,2024-02-12,91
LOT02569,P009,L03,2024-02-09,2024-02-10,298
LOT02570,P017,L03,2024-02-09,2024-02-11,154
LOT02571,P021,L03,2024-02-09,2024-02-10,293
LOT02572,P009,L03,2024-02-09,2024-02-11,284
LOT02573,P009,L03,2024-02-09,2024-02-10,248
LOT02574,P015,L03,2024-02-09,2024-02-12,181
LOT02575,P017,L03,2024-02-09,2024-02-11,132
LOT02576,P016,L03,2024-02-09,2024-02-11,90
LOT02577,P015,L03,2024-02-09,2024-02-10,308
LOT02578,P013,L03,2024-02-09,2024-02-10,397
LOT02579,P009,L03,2024-02-09,2024-02-11,207
LOT02580,P009,L03,2024-02-09,2024-02-11,285
LOT02581,P010,L03,2024-02-09,2024-02-11,363
LOT02582,P020,L03,2024-02-09,2024-02-12,144
LOT02583,P021,L03,2024-02-09,2024-02-12,176
LOT02584,P015,L03,2024-02-09,2024-02-12,161
LOT02585,P010,L03,2024-02-09,2024-02-10,309
LOT02586,P015,L03,2024-02-09,2024-02-12,121
LOT02587,P024,L03,2024-02-09,2024-02-11,190
LOT02588,P012,L03,2024-02-09,2024-02-11,258
LOT02589,P016,L03,2024-02-09,2024-02-12,379
LOT02590,P017,L03,2024-02-09,2024-02-11,298
LOT02591,P014,L03,2024-02-09,2024-02-12,138
LOT02592,P012,L01,2024-02-10,2024-02-12,274
LOT02593,P006,L01,2024-02-10,2024-02-13,369
LOT02594,P008,L01,2024-02-10,2024-02-11,398
LOT02595,P008,L01,2024-02-10,2024-02-12,378
LOT02596,P015,L01,2024-02-10,2024-02-11,111
LOT02597,P016,L01,2024-02-10,2024-02-13,295
LOT02598,P013,L01,2024-02-10,2024-02-11,367
LOT02599,P011,L01,2024-02-10,2024-02-11,299
LOT02600,P002,L01,2024-02-10,2024-02-11,102
LOT02601,P015,L01,2024-02-10,2024-02-13,352
LOT02602,P003,L01,2024-02-10,2024-02-11,109
LOT02603,P003,L01,2024-02-10,2024-02-12,89
LOT02604,P002,L01,2024-02-10,2024-02-13,373
LOT02605,P016,L01,2024-02-10,2024-02-13,154
LOT02606,P008,L01,2024-02-10,2024-02-11,298
LOT02607,P004,L01,2024-02-10,2024-02-11,252
LOT02608,P002,L01,2024-02-10,2024-02-12,319
LOT02609,P007,L01,2024-02-10,2024-02-11,324
LOT02610,P012,L01,2024-02-10,2024-02-13,156
LOT02611,P016,L01,2024-02-10,2024-02-12,101
LOT02612,P008,L02,2024-02-10,2024-02-12,138
LOT02613,P002,L02,2024-02-10,2024-02-11,84
LOT02614,P003,L02,2024-02-10,2024-02-13,187
LOT02615,P002,L02,2024-02-10,2024-02-12,129
LOT02616,P019,L02,2024-02-10,2024-02-13,150
LOT02617,P006,L02,2024-02-10,2024-02-12,360
LOT02618,P002,L02,2024-02-10,2024-02-13,273
LOT02619,P004,L02,2024-02-10,2024-02-13,136
LOT02620,P024,L02,2024-02-10,2024-02-13,258
LOT02621,P005,L02,2024-02-10,2024-02-12,162
LOT02622,P019,L02,2024-02-10,2024-02-13,393
LOT02623,P017,L03,2024-02-10,2024-02-13,142
LOT02624,P011,L03,2024-02-10,2024-02-12,336
LOT02625,P016,L03,2024-02-10,2024-02-11,189
LOT02626,P015,L03,2024-02-10,2024-02-11,128
LOT02627,P021,L03,2024-02-10,2024-02-11,139
LOT02628,P022,L03,2024-02-10,2024-02-12,250
LOT02629,P016,L03,2024-02-10,2024-02-11,351
LOT02630,P017,L03,2024-02-10,2024-02-13,102
LOT02631,P019,L03,2024-02-10,2024-02-13,89
LOT02632,P019,L03,2024-02-10,2024-02-12,229
LOT02633,P019,L03,2024-02-10,2024-02-12,386
LOT02634,P021,L03,2024-02-10,2024-02-13,169
LOT02635,P024,L03,2024-02-10,2024-02-12,387
LOT02636,P022,L03,2024-02-10,2024-02-13,364
LOT02637,P011,L03,2024-02-10,2024-02-12,170
LOT02638,P016,L03,2024-02-10,2024-02-12,342
LOT02639,P016,L03,2024-02-10,2024-02-13,300
LOT02640,P017,L03,2024-02-10,2024-02-13,244
LOT02641,P017,L03,2024-02-10,2024-02-11,215
LOT02642,P020,L03,2024-02-10,2024-02-12,341
LOT02643,P015,L03,2024-02-10,2024-02-12,334
LOT02644,P013,L03,2024-02-10,2024-02-11,322
LOT02645,P016,L03,2024-02-10,2024-02-12,400
LOT02646,P022,L03,2024-02-10,2024-02-12,233
LOT02647,P013,L03,2024-02-10,2024-02-11,339
LOT02648,P009,L03,2024-02-10,2024-02-13,356
LOT02649,P009,L01,2024-02-11,2024-02-14,149
LOT02650,P007,L01,2024-02-11,2024-02-13,399
LOT02651,P016,L01,2024-02-11,2024-02-14,274
LOT02652,P014,L01,2024-02-11,2024-02-12,107
LOT02653,P015,L01,2024-02-11,2024-02-12,100
LOT02654,P005,L01,2024-02-11,2024-02-12,104
LOT02655,P010,L01,2024-02-11,2024-02-14,269
LOT02656,P012,L01,2024-02-11,2024-02-13,339
LOT02657,P016,L01,2024-02-11,2024-02-13,209
LOT02658,P001,L01,2024-02-11,2024-02-12,222
LOT02659,P016,L01,2024-02-11,2024-02-12,269
LOT02660,P006,L01,2024-02-11,2024-02-14,251
LOT02661,P003,L01,2024-02-11,2024-02-12,300
LOT02662,P010,L01,2024-02-11,2024-02-14,231
LOT02663,P013,L01,2024-02-11,2024-02-12,309
LOT02664,P003,L01,2024-02-11,2024-02-12,400
LOT02665,P001,L01,2024-02-11,2024-02-12,192
LOT02666,P015,L01,2024-02-11,2024-02-14,83
LOT02667,P015,L01,2024-02-11,2024-02-12,120
LOT02668,P003,L01,2024-02-11,2024-02-13,257
LOT02669,P015,L01,2024-02-11,2024-02-12,190
LOT02670,P015,L01,2024-02-11,2024-02-14,381
LOT02671,P023,L02,2024-02-11,2024-02-14,370
LOT02672,P021,L02,2024-02-11,2024-02-13,93
LOT02673,P004,L02,2024-02-11,2024-02-13,298
LOT02674,P005,L02,2024-02-11,2024-02-12,342
LOT02675,P021,L02,2024-02-11,2024-02-12,365
LOT02676,P022,L02,2024-02-11,2024-02-13,183
LOT02677,P005,L02,2024-02-11,2024-02-12,85
LOT02678,P001,L02,2024-02-11,2024-02-14,201
LOT02679,P008,L02,2024-02-11,2024-02-14,153
LOT02680,P018,L02,2024-02-11,2024-02-14,382
LOT02681,P008,L02,2024-02-11,2024-02-12,287
LOT02682,P023,L02,2024-02-11,2024-02-14,183
LOT02683,P022,L02,2024-02-11,2024-02-12,361
LOT02684,P021,L02,2024-02-11,2024-02-13,88
LOT02685,P001,L02,2024-02-11,2024-02-14,297
LOT02686,P022,L02,2024-02-11,2024-02-12,163
LOT02687,P021,L02,2024-02-11,2024-02-12,386
LOT02688,P007,L02,2024-02-11,2024-02-12,335
LOT02689,P018,L02,2024-02-11,2024-02-13,267
LOT02690,P021,L03,2024-02-11,2024-02-14,258
LOT02691,P019,L03,2024-02-11,2024-02-12,400
LOT02692,P018,L03,2024-02-11,2024-02-12,303
LOT02693,P010,L03,2024-02-11,2024-02-13,268
LOT02694,P012,L03,2024-02-11,2024-02-12,238
LOT02695,P017,L03,2024-02-11,2024-02-14,156
LOT02696,P020,L03,2024-02-11,2024-02-14,355
LOT02697,P014,L03,2024-02-11,2024-02-14,245
LOT02698,P024,L03,2024-02-11,2024-02-12,304
LOT02699,P024,L03,2024-02-11,2024-02-13,281
LOT02700,P021,L03,2024-02-11,2024-02-14,308
LOT02701,P016,L03,2024-02-11,2024-02-12,322
LOT02702,P023,L03,2024-02-11,2024-02-13,378
LOT02703,P020,L03,2024-02-11,2024-02-13,366
LOT02704,P017,L03,2024-02-11,2024-02-14,399
LOT02705,P016,L03,2024-02-11,2024-02-14,271
LOT02706,P002,L01,2024-02-12,2024-02-15,182
LOT02707,P008,L01,2024-02-12,2024-02-13,152
LOT02708,P003,L01,2024-02-12,2024-02-13,231
LOT02709,P012,L01,2024-02-12,2024-02-13,350
LOT02710,P007,L01,2024-02-12,2024-02-14,373
LOT02711,P001,L01,2024-02-12,2024-02-14,177
LOT02712,P005,L01,2024-02-12,2024-02-14,129
LOT02713,P015,L01,2024-02-12,2024-02-15,311
LOT02714,P002,L01,2024-02-12,2024-02-13,266
LOT02715,P007,L01,2024-02-12,2024-02-14,144
LOT02716,P009,L01,2024-02-12,2024-02-13,324
LOT02717,P002,L01,2024-02-12,2024-02-13,246
LOT02718,P003,L01,2024-02-12,2024-02-13,289
LOT02719,P016,L01,2024-02-12,2024-02-13,195
LOT02720,P010,L01,2024-02-12,2024-02-14,220
LOT02721,P004,L01,2024-02-12,2024-02-14,137
LOT02722,P003,L01,2024-02-12,2024-02-14,322
LOT02723,P007,L01,2024-02-12,2024-02-14,130
LOT02724,P012,L01,2024-02-12,2024-02-15,329
LOT02725,P012,L01,2024-02-12,2024-02-15,336
LOT02726,P004,L01,2024-02-12,2024-02-15,319
LOT02727,P012,L01,2024-02-12,2024-02-14,86
LOT02728,P015,L01,2024-02-12,2024-02-14,167
LOT02729,P004,L01,2024-02-12,2024-02-15,230
LOT02730,P001,L01,2024-02-12,2024-02-15,271
LOT02731,P016,L01,2024-02-12,2024-02-14,375
LOT02732,P009,L01,2024-02-12,2024-02-14,200
LOT02733,P008,L02,2024-02-12,2024-02-13,245
LOT02734,P006,L02,2024-02-12,2024-02-14,157
LOT02735,P019,L02,2024-02-12,2024-02-13,193
LOT02736,P001,L02,2024-02-12,2024-02-14,161
LOT02737,P020,L02,2024-02-12,2024-02-14,254
LOT02738,P020,L02,2024-02-12,2024-02-13,262
LOT02739,P004,L02,2024-02-12,2024-02-13,125
LOT02740,P003,L02,2024-02-12,2024-02-13,171
LOT02741,P019,L02,2024-02-12,2024-02-13,388
LOT02742,P005,L02,2024-02-12,2024-02-13,338
LOT02743,P024,L02,2024-02-12,2024-02-15,337
LOT02744,P021,L02,2024-02-12,2024-02-15,112
LOT02745,P024,L02,2024-02-12,2024-02-14,319
LOT02746,P017,L02,2024-02-12,2024-02-14,81
LOT02747,P024,L02,2024-02-12,2024-02-14,338
LOT02748,P001,L02,2024-02-12,2024-02-15,203
LOT02749,P005,L02,2024-02-12,2024-02-13,179
LOT02750,P001,L02,2024-02-12,2024-02-13,191
LOT02751,P019,L02,2024-02-12,2024-02-13,226
LOT02752,P017,L02,2024-02-12,2024-02-13,168
LOT02753,P005,L02,2024-02-12,2024-02-13,129
LOT02754,P005,L02,2024-02-12,2024-02-15,296
LOT02755,P019,L02,2024-02-12,2024-02-15,260
LOT02756,P010,L03,2024-02-12,2024-02-15,267
LOT02757,P016,L03,2024-02-12,2024-02-13,94
LOT02758,P016,L03,2024-02-12,2024-02-15,344
LOT02759,P013,L03,2024-02-12,2024-02-15,215
LOT02760,P017,L03,2024-02-12,2024-02-14,213
LOT02761,P020,L03,2024-02-12,2024-02-14,185
LOT02762,P009,L03,2024-02-12,2024-02-13,391
LOT02763,P011,L03,2024-02-12,2024-02-14,136
LOT02764,P022,L03,2024-02-12,2024-02-15,128
LOT02765,P018,L03,2024-02-12,2024-02-14,133
LOT02766,P024,L03,2024-02-12,2024-02-14,291
LOT02767,P018,L03,2024-02-12,2024-02-15,398
LOT02768,P019,L03,2024-02-12,2024-02-15,155
LOT02769,P023,L03,2024-02-12,2024-02-13,370
LOT02770,P019,L03,2024-02-12,2024-02-15,169
LOT02771,P014,L03,2024-02-12,2024-02-13,287
LOT02772,P017,L03,2024-02-12,2024-02-13,93
LOT02773,P012,L03,2024-02-12,2024-02-15,239
LOT02774,P014,L03,2024-02-12,2024-02-13,290
LOT02775,P019,L03,2024-02-12,2024-02-14,252
LOT02776,P011,L03,2024-02-12,2024-02-15,156
LOT02777,P014,L01,2024-02-13,2024-02-14,194
LOT02778,P013,L01,2024-02-13,2024-02-16,233
LOT02779,P012,L01,2024-02-13,2024-02-14,238
LOT02780,P004,L01,2024-02-13,2024-02-14,354
LOT02781,P007,L01,2024-02-13,2024-02-14,327
LOT02782,P014,L01,2024-02-13,2024-02-15,86
LOT02783,P010,L01,2024-02-13,2024-02-16,226
LOT02784,P005,L01,2024-02-13,2024-02-16,278
LOT02785,P006,L01,2024-02-13,2024-02-16,227
LOT02786,P013,L01,2024-02-13,2024-02-14,121
LOT02787,P003,L01,2024-02-13,2024-02-15,207
LOT02788,P002,L01,2024-02-13,2024-02-16,212
LOT02789,P013,L01,2024-02-13,2024-02-16,140
LOT02790,P005,L01,2024-02-13,2024-02-15,322
LOT02791,P013,L01,2024-02-13,2024-02-14,183
LOT02792,P009,L01,2024-02-13,2024-02-16,269
LOT02793,P016,L01,2024-02-13,2024-02-16,245
LOT02794,P009,L01,2024-02-13,2024-02-16,361
LOT02795,P014,L01,2024-02-13,2024-02-16,119
LOT02796,P014,L01,2024-02-13,2024-02-15,116
LOT02797,P004,L01,2024-02-13,2024-02-14,176
LOT02798,P016,L01,2024-02-13,2024-02-15,218
LOT02799,P012,L01,2024-02-13,2024-02-16,175
LOT02800,P002,L01,2024-02-13,2024-02-15,324
LOT02801,P001,L01,2024-02-13,2024-02-16,158
LOT02802,P005,L01,2024-02-13,2024-02-16,107
LOT02803,P023,L02,2024-02-13,2024-02-15,181
LOT02804,P022,L02,2024-02-13,2024-02-15,289
LOT02805,P007,L02,2024-02-13,2024-02-16,234
LOT02806,P020,L02,2024-02-13,2024-02-15,241
LOT02807,P001,L02,2024-02-13,2024-02-14,108
LOT02808,P017,L02,2024-02-13,2024-02-14,293
LOT02809,P001,L02,2024-02-13,2024-02-15,357
LOT02810,P020,L02,2024-02-13,2024-02-16,125
LOT02811,P024,L02,2024-02-13,2024-02-14,197
LOT02812,P019,L02,2024-02-13,2024-02-16,95
LOT02813,P022,L02,2024-02-13,2024-02-14,89
LOT02814,P004,L02,2024-02-13,2024-02-15,397
LOT02815,P024,L02,2024-02-13,2024-02-16,238
LOT02816,P017,L02,2024-02-13,2024-02-14,194
LOT02817,P019,L02,2024-02-13,2024-02-15,168
LOT02818,P021,L02,2024-02-13,2024-02-16,394
LOT02819,P016,L03,2024-02-13,2024-02-15,87
LOT02820,P013,L03,2024-02-13,2024-02-15,305
LOT02821,P012,L03,2024-02-13,2024-02-15,397
LOT02822,P010,L03,2024-02-13,2024-02-16,157
LOT02823,P016,L03,2024-02-13,2024-02-14,168
LOT02824,P019,L03,2024-02-13,2024-02-16,341
LOT02825,P012,L03,2024-02-13,2024-02-14,131
LOT02826,P009,L03,2024-02-13,2024-02-15,292
LOT02827,P016,L03,2024-02-13,2024-02-16,322
LOT02828,P019,L03,2024-02-13,2024-02-14,91
LOT02829,P014,L03,2024-02-13,2024-02-15,257
LOT02830,P013,L03,2024-02-13,2024-02-16,264
LOT02831,P011,L03,2024-02-13,2024-02-15,177
LOT02832,P020,L03,2024-02-13,2024-02-14,361
LOT02833,P022,L03,2024-02-13,2024-02-16,132
LOT02834,P021,L03,2024-02-13,2024-02-16,196
LOT02835,P017,L03,2024-02-13,2024-02-15,352
LOT02836,P020,L03,2024-02-13,2024-02-16,141
LOT02837,P014,L01,2024-02-14,2024-02-16,147
LOT02838,P008,L01,2024-02-14,2024-02-15,393
LOT02839,P010,L01,2024-02-14,2024-02-17,219
LOT02840,P002,L01,2024-02-14,2024-02-15,138
LOT02841,P011,L01,2024-02-14,2024-02-17,186
LOT02842,P011,L01,2024-02-14,2024-02-15,207
LOT02843,P011,L01,2024-02-14,2024-02-16,280
LOT02844,P013,L01,2024-02-14,2024-02-16,376
LOT02845,P016,L01,2024-02-14,2024-02-16,396
LOT02846,P014,L01,2024-02-14,2024-02-16,289
LOT02847,P012,L01,2024-02-14,2024-02-16,304
LOT02848,P016,L01,2024-02-14,2024-02-17,183
LOT02849,P011,L01,2024-02-14,2024-02-17,355
LOT02850,P011,L01,2024-02-14,2024-02-17,149
LOT02851,P009,L01,2024-02-14,2024-02-17,114
LOT02852,P013,L01,2024-02-14,2024-02-15,392
LOT02853,P002,L01,2024-02-14,2024-02-15,357
LOT02854,P009,L01,2024-02-14,2024-02-16,177
LOT02855,P007,L01,2024-02-14,2024-02-15,296
LOT02856,P015,L01,2024-02-14,2024-02-17,229
LOT02857,P002,L01,2024-02-14,2024-02-17,183
LOT02858,P011,L01,2024-02-14,2024-02-16,172
LOT02859,P003,L01,2024-02-14,2024-02-16,123
LOT02860,P015,L01,2024-02-14,2024-02-16,256
LOT02861,P014,L01,2024-02-14,2024-02-16,223
LOT02862,P004,L01,2024-02-14,2024-02-16,244
LOT02863,P014,L01,2024-02-14,2024-02-15,149
LOT02864,P008,L01,2024-02-14,2024-02-16,381
LOT02865,P016,L01,2024-02-14,2024-02-17,284
LOT02866,P012,L01,2024-02-14,2024-02-17,368
LOT02867,P001,L01,2024-02-14,2024-02-16,115
LOT02868,P004,L01,2024-02-14,2024-02-16,279
LOT02869,P008,L02,2024-02-14,2024-02-17,150
LOT02870,P004,L02,2024-02-14,2024-02-16,144
LOT02871,P003,L02,2024-02-14,2024-02-15,80
LOT02872,P005,L02,2024-02-14,2024-02-15,232
LOT02873,P006,L02,2024-02-14,2024-02-16,92
LOT02874,P005,L02,2024-02-14,2024-02-16,167
LOT02875,P003,L02,2024-02-14,2024-02-16,399
LOT02876,P008,L02,2024-02-14,2024-02-17,374
LOT02877,P018,L02,2024-02-14,2024-02-15,149
LOT02878,P006,L02,2024-02-14,2024-02-17,179
LOT02879,P017,L02,2024-02-14,2024-02-17,228
LOT02880,P005,L02,2024-02-14,2024-02-15,351
LOT02881,P020,L02,2024-02-14,2024-02-16,337
LOT02882,P019,L02,2024-02-14,2024-02-16,120
LOT02883,P024,L02,2024-02-14,2024-02-17,119
LOT02884,P001,L02,2024-02-14,2024-02-16,213
LOT02885,P022,L02,2024-02-14,2024-02-17,359
LOT02886,P006,L02,2024-02-14,2024-02-16,363
LOT02887,P002,L02,2024-02-14,2024-02-15,114
LOT02888,P020,L02,2024-02-14,2024-02-17,264
LOT02889,P003,L02,2024-02-14,2024-02-16,129
LOT02890,P003,L02,2024-02-14,2024-02-15,300
LOT02891,P011,L03,2024-02-14,2024-02-17,104
LOT02892,P010,L03,2024-02-14,2024-02-17,360
LOT02893,P016,L03,2024-02-14,2024-02-17,383
LOT02894,P018,L03,2024-02-14,2024-02-17,94
LOT02895,P010,L03,2024-02-14,2024-02-16,323
LOT02896,P015,L03,2024-02-14,2024-02-16,316
LOT02897,P019,L03,2024-02-14,2024-02-17,400
LOT02898,P021,L03,2024-02-14,2024-02-15,191
LOT02899,P024,L03,2024-02-14,2024-02-15,171
LOT02900,P014,L03,2024-02-14,2024-02-15,225
LOT02901,P015,L03,2024-02-14,2024-02-16,354
LOT02902,P022,L03,2024-02-14,2024-02-17,313
LOT02903,P020,L03,2024-02-14,2024-02-15,231
LOT02904,P013,L03,2024-02-14,2024-02-17,158
LOT02905,P019,L03,2024-02-14,2024-02-16,313
LOT02906,P011,L03,2024-02-14,2024-02-17,354
LOT02907,P016,L03,2024-02-14,2024-02-16,208
LOT02908,P013,L03,2024-02-14,2024-02-16,294
LOT02909,P024,L03,2024-02-14,2024-02-16,208
LOT02910,P009,L03,2024-02-14,2024-02-15,233
LOT02911,P022,L03,2024-02-14,2024-02-15,248
LOT02912,P013,L03,2024-02-14,2024-02-17,329
LOT02913,P009,L03,2024-02-14,2024-02-16,393
LOT02914,P019,L03,2024-02-14,2024-02-17,222
LOT02915,P019,L03,2024-02-14,2024-02-17,189
LOT02916,P011,L03,2024-02-14,2024-02-17,199
LOT02917,P009,L03,2024-02-14,2024-02-15,122
LOT02918,P010,L03,2024-02-14,2024-02-17,175
LOT02919,P015,L03,2024-02-14,2024-02-17,107
LOT02920,P011,L03,2024-02-14,2024-02-16,217
LOT02921,P008,L01,2024-02-15,2024-02-17,139
LOT02922,P013,L01,2024-02-15,2024-02-17,319
LOT02923,P008,L01,2024-02-15,2024-02-16,390
LOT02924,P004,L01,2024-02-15,2024-02-17,328
LOT02925,P005,L01,2024-02-15,2024-02-16,326
LOT02926,P010,L01,2024-02-15,2024-02-17,307
LOT02927,P007,L01,2024-02-15,2024-02-18,160
LOT02928,P015,L01,2024-02-15,2024-02-16,99
LOT02929,P008,L01,2024-02-15,2024-02-17,328
LOT02930,P010,L01,2024-02-15,2024-02-17,131
LOT02931,P002,L01,2024-02-15,2024-02-16,209
LOT02932,P004,L01,2024-02-15,2024-02-18,119
LOT02933,P014,L01,2024-02-15,2024-02-17,284
LOT02934,P006,L01,2024-02-15,2024-02-16,364
LOT02935,P007,L01,2024-02-15,2024-02-18,202
LOT02936,P010,L01,2024-02-15,2024-02-18,322
LOT02937,P001,L01,2024-02-15,2024-02-18,139
LOT02938,P009,L01,2024-02-15,2024-02-16,191
LOT02939,P006,L01,2024-02-15,2024-02-16,173
LOT02940,P003,L01,2024-02-15,2024-02-17,269
LOT02941,P007,L01,2024-02-15,2024-02-16,85
LOT02942,P004,L02,2024-02-15,2024-02-18,376
LOT02943,P017,L02,2024-02-15,2024-02-16,254
LOT02944,P002,L02,2024-02-15,2024-02-17,213
LOT02945,P004,L02,2024-02-15,2024-02-17,397
LOT02946,P001,L02,2024-02-15,2024-02-17,100
LOT02947,P017,L02,2024-02-15,2024-02-18,379
LOT02948,P008,L02,2024-02-15,2024-02-16,241
LOT02949,P018,L02,2024-02-15,2024-02-18,241
LOT02950,P018,L02,2024-02-15,2024-02-17,375
LOT02951,P007,L02,2024-02-15,2024-02-18,242
LOT02952,P022,L02,2024-02-15,2024-02-16,220
LOT02953,P023,L02,2024-02-15,2024-02-18,167
LOT02954,P002,L02,2024-02-15,2024-02-17,291
LOT02955,P023,L02,2024-02-15,2024-02-16,262
LOT02956,P004,L02,2024-02-15,2024-02-18,148
LOT02957,P004,L02,2024-02-15,2024-02-17,307
LOT02958,P017,L02,2024-02-15,2024-02-16,286
LOT02959,P001,L02,2024-02-15,2024-02-16,207
LOT02960,P006,L02,2024-02-15,2024-02-17,81
LOT02961,P004,L02,2024-02-15,2024-02-16,223
LOT02962,P008,L02,2024-02-15,2024-02-18,81
LOT02963,P016,L03,2024-02-15,2024-02-17,390
LOT02964,P010,L03,2024-02-15,2024-02-18,358
LOT02965,P021,L03,2024-02-15,2024-02-16,182
LOT02966,P013,L03,2024-02-15,2024-02-18,320
LOT02967,P021,L03,2024-02-15,2024-02-17,123
LOT02968,P019,L03,2024-02-15,2024-02-16,299
LOT02969,P017,L03,2024-02-15,2024-02-17,237
LOT02970,P013,L03,2024-02-15,2024-02-18,85
LOT02971,P019,L03,2024-02-15,2024-02-18,168
LOT02972,P024,L03,2024-02-15,2024-02-18,386
LOT02973,P023,L03,2024-02-15,2024-02-17,181
LOT02974,P023,L03,2024-02-15,2024-02-16,138
LOT02975,P012,L03,2024-02-15,2024-02-18,140
LOT02976,P018,L03,2024-02-15,2024-02-17,233
LOT02977,P010,L01,2024-02-16,2024-02-17,311
LOT02978,P007,L01,2024-02-16,2024-02-18,400
LOT02979,P003,L01,2024-02-16,2024-02-18,369
LOT02980,P004,L01,2024-02-16,2024-02-18,194
LOT02981,P007,L01,2024-02-16,2024-02-19,224
LOT02982,P001,L01,2024-02-16,2024-02-17,231
LOT02983,P006,L01,2024-02-16,2024-02-18,200
LOT02984,P008,L01,2024-02-16,2024-02-19,394
LOT02985,P008,L01,2024-02-16,2024-02-18,174
LOT02986,P014,L01,2024-02-16,2024-02-18,349
LOT02987,P016,L01,2024-02-16,2024-02-17,392
LOT02988,P012,L01,2024-02-16,2024-02-18,350
LOT02989,P002,L01,2024-02-16,2024-02-19,331
LOT02990,P007,L01,2024-02-16,2024-02-19,139
LOT02991,P012,L01,2024-02-16,2024-02-18,111
LOT02992,P010,L01,2024-02-16,2024-02-17,93
LOT02993,P008,L01,2024-02-16,2024-02-19,275
LOT02994,P007,L01,2024-02-16,2024-02-19,136
LOT02995,P007,L01,2024-02-16,2024-02-17,297
LOT02996,P010,L01,2024-02-16,2024-02-19,364
LOT02997,P003,L01,2024-02-16,2024-02-17,209
LOT02998,P009,L01,2024-02-16,2024-02-17,342
LOT02999,P004,L01,2024-02-16,2024-02-17,343
LOT03000,P011,L01,2024-02-16,2024-02-17,84
LOT03001,P014,L01,2024-02-16,2024-02-19,220
LOT03002,P009,L01,2024-02-16,2024-02-18,287
LOT03003,P007,L01,2024-02-16,2024-02-17,301
LOT03004,P016,L01,2024-02-16,2024-02-18,167
LOT03005,P011,L01,2024-02-16,2024-02-18,81
LOT03006,P007,L01,2024-02-16,2024-02-17,269
LOT03007,P001,L01,2024-02-16,2024-02-17,118
LOT03008,P001,L01,2024-02-16,2024-02-18,217
LOT03009,P004,L01,2024-02-16,2024-02-17,320
LOT03010,P021,L02,2024-02-16,2024-02-18,87
LOT03011,P002,L02,2024-02-16,2024-02-18,169
LOT03012,P021,L02,2024-02-16,2024-02-19,242
LOT03013,P006,L02,2024-02-16,2024-02-17,364
LOT03014,P003,L02,2024-02-16,2024-02-17,167
LOT03015,P022,L02,2024-02-16,2024-02-19,328
LOT03016,P002,L02,2024-02-16,2024-02-19,292
LOT03017,P003,L02,2024-02-16,2024-02-19,117
LOT03018,P024,L02,2024-02-16,2024-02-18,174
LOT03019,P017,L02,2024-02-16,2024-02-18,156
LOT03020,P008,L02,2024-02-16,2024-02-17,222
LOT03021,P019,L02,2024-02-16,2024-02-19,283
LOT03022,P019,L02,2024-02-16,2024-02-18,219
LOT03023,P012,L03,2024-02-16,2024-02-19,273
LOT03024,P018,L03,2024-02-16,2024-02-18,189
LOT03025,P020,L03,2024-02-16,2024-02-19,356
LOT03026,P017,L03,2024-02-16,2024-02-17,351
LOT03027,P013,L03,2024-02-16,2024-02-19,115
LOT03028,P017,L03,2024-02-16,2024-02-17,303
LOT03029,P021,L03,2024-02-16,2024-02-19,206
LOT03030,P012,L03,2024-02-16,2024-02-18,400
LOT03031,P018,L03,2024-02-16,2024-02-17,152
LOT03032,P019,L03,2024-02-16,2024-02-19,170
LOT03033,P014,L03,2024-02-16,2024-02-18,221
LOT03034,P015,L03,2024-02-16,2024-02-18,166
LOT03035,P023,L03,2024-02-16,2024-02-19,302
LOT03036,P014,L03,2024-02-16,2024-02-17,234
LOT03037,P018,L03,2024-02-16,2024-02-17,150
LOT03038,P011,L03,2024-02-16,2024-02-19,242
LOT03039,P023,L03,2024-02-16,2024-02-18,365
LOT03040,P018,L03,2024-02-16,2024-02-19,334
LOT03041,P015,L01,2024-02-17,2024-02-20,199
LOT03042,P003,L01,2024-02-17,2024-02-20,118
LOT03043,P015,L01,2024-02-17,2024-02-20,268
LOT03044,P015,L01,2024-02-17,2024-02-20,112
LOT03045,P003,L01,2024-02-17,2024-02-19,397
LOT03046,P012,L01,2024-02-17,2024-02-19,291
LOT03047,P016,L01,2024-02-17,2024-02-18,313
LOT03048,P010,L01,2024-02-17,2024-02-18,263
LOT03049,P006,L01,2024-02-17,2024-02-20,292
LOT03050,P015,L01,2024-02-17,2024-02-19,141
LOT03051,P009,L01,2024-02-17,2024-02-19,352
LOT03052,P002,L01,2024-02-17,2024-02-18,290
LOT03053,P004,L01,2024-02-17,2024-02-19,183
LOT03054,P011,L01,2024-02-17,2024-02-20,196
LOT03055,P008,L01,2024-02-17,2024-02-18,249
LOT03056,P004,L01,2024-02-17,2024-02-20,357
LOT03057,P013,L01,2024-02-17,2024-02-19,292
LOT03058,P002,L01,2024-02-17,2024-02-20,166
LOT03059,P004,L01,2024-02-17,2024-02-18,235
LOT03060,P008,L01,2024-02-17,2024-02-19,287
LOT03061,P001,L01,2024-02-17,2024-02-18,330
LOT03062,P007,L01,2024-02-17,2024-02-19,361
LOT03063,P015,L01,2024-02-17,2024-02-20,395
LOT03064,P016,L01,2024-02-17,2024-02-19,249
LOT03065,P014,L01,2024-02-17,2024-02-18,207
LOT03066,P006,L01,2024-02-17,2024-02-20,202
LOT03067,P002,L01,2024-02-17,2024-02-18,158
LOT03068,P018,L02,2024-02-17,2024-02-19,157
LOT03069,P008,L02,2024-02-17,2024-02-18,195
LOT03070,P021,L02,2024-02-17,2024-02-20,309
LOT03071,P021,L02,2024-02-17,2024-02-18,130
LOT03072,P019,L02,2024-02-17,2024-02-20,131
LOT03073,P019,L02,2024-02-17,2024-02-18,236
LOT03074,P020,L02,2024-02-17,2024-02-19,158
LOT03075,P018,L02,2024-02-17,2024-02-18,155
LOT03076,P004,L02,2024-02-17,2024-02-19,82
LOT03077,P005,L02,2024-02-17,2024-02-18,198
LOT03078,P020,L02,2024-02-17,2024-02-18,182
LOT03079,P018,L02,2024-02-17,2024-02-19,90
LOT03080,P004,L02,2024-02-17,2024-02-19,279
LOT03081,P023,L02,2024-02-17,2024-02-19,281
LOT03082,P024,L02,2024-02-17,2024-02-20,102
LOT03083,P019,L02,2024-02-17,2024-02-18,181
LOT03084,P004,L02,2024-02-17,2024-02-20,360
LOT03085,P024,L02,2024-02-17,2024-02-20,266
LOT03086,P004,L02,2024-02-17,2024-02-19,212
LOT03087,P007,L02,2024-02-17,2024-02-18,229
LOT03088,P022,L02,2024-02-17,2024-02-19,146
LOT03089,P019,L03,2024-02-17,2024-02-20,231
LOT03090,P013,L03,2024-02-17,2024-02-20,193
LOT03091,P021,L03,2024-02-17,2024-02-19,277
LOT03092,P011,L03,2024-02-17,2024-02-19,150
LOT03093,P012,L03,2024-02-17,2024-02-19,292
LOT03094,P013,L03,2024-02-17,2024-02-18,326
LOT03095,P012,L03,2024-02-17,2024-02-19,133
LOT03096,P014,L03,2024-02-17,2024-02-20,94
LOT03097,P018,L03,2024-02-17,2024-02-19,221
LOT03098,P019,L03,2024-02-17,2024-02-19,328
LOT03099,P017,L03,2024-02-17,2024-02-20,288
LOT03100,P012,L03,2024-02-17,2024-02-20,305
LOT03101,P012,L03,2024-02-17,2024-02-20,209
LOT03102,P023,L03,2024-02-17,2024-02-18,155
LOT03103,P013,L03,2024-02-17,2024-02-19,250
LOT03104,P010,L03,2024-02-17,2024-02-18,145
LOT03105,P016,L03,2024-02-17,2024-02-20,313
LOT03106,P009,L03,2024-02-17,2024-02-20,143
LOT03107,P014,L03,2024-02-17,2024-02-18,173
LOT03108,P022,L03,2024-02-17,2024-02-20,242
LOT03109,P013,L03,2024-02-17,2024-02-20,236
LOT03110,P020,L03,2024-02-17,2024-02-19,272
LOT03111,P016,L03,2024-02-17,2024-02-20,220
LOT03112,P014,L03,2024-02-17,2024-02-19,375
LOT03113,P019,L03,2024-02-17,2024-02-19,349
LOT03114,P018,L03,2024-02-17,2024-02-19,362
LOT03115,P014,L03,2024-02-17,2024-02-19,282
LOT03116,P012,L03,2024-02-17,2024-02-18,283
LOT03117,P023,L03,2024-02-17,2024-02-18,275
LOT03118,P011,L03,2024-02-17,2024-02-20,219
LOT03119,P009,L01,2024-02-18,2024-02-19,128
LOT03120,P001,L01,2024-02-18,2024-02-19,181
LOT03121,P002,L01,2024-02-18,2024-02-20,207
LOT03122,P001,L01,2024-02-18,2024-02-20,158
LOT03123,P014,L01,2024-02-18,2024-02-19,400
LOT03124,P014,L01,2024-02-18,2024-02-20,153
LOT03125,P002,L01,2024-02-18,2024-02-21,346
LOT03126,P001,L01,2024-02-18,2024-02-21,131
LOT03127,P013,L01,2024-02-18,2024-02-20,394
LOT03128,P009,L01,2024-02-18,2024-02-21,152
LOT03129,P005,L01,2024-02-18,2024-02-21,215
LOT03130,P010,L01,2024-02-18,2024-02-20,259
LOT03131,P004,L01,2024-02-18,2024-02-21,118
LOT03132,P004,L01,2024-02-18,2024-02-20,342
LOT03133,P006,L01,2024-02-18,2024-02-20,168
LOT03134,P015,L01,2024-02-18,2024-02-19,256
LOT03135,P013,L01,2024-02-18,2024-02-21,256
LOT03136,P004,L01,2024-02-18,2024-02-21,273
LOT03137,P009,L01,2024-02-18,2024-02-20,97
LOT03138,P015,L01,2024-02-18,2024-02-20,134
LOT03139,P016,L01,2024-02-18,2024-02-21,131
LOT03140,P013,L01,2024-02-18,2024-02-21,176
LOT03141,P003,L01,2024-02-18,2024-02-20,126
LOT03142,P004,L01,2024-02-18,2024-02-19,375
LOT03143,P001,L02,2024-02-18,2024-02-19,207
LOT03144,P006,L02,2024-02-18,2024-02-20,232
LOT03145,P007,L02,2024-02-18,2024-02-19,113
LOT03146,P005,L02,2024-02-18,2024-02-20,373
LOT03147,P004,L02,2024-02-18,2024-02-21,350
LOT03148,P017,L02,2024-02-18,2024-02-19,212
LOT03149,P007,L02,2024-02-18,2024-02-20,219
LOT03150,P005,L02,2024-02-18,2024-02-20,195
LOT03151,P007,L02,2024-02-18,2024-02-19,355
LOT03152,P006,L02,2024-02-18,2024-02-21,105
LOT03153,P004,L02,2024-02-18,2024-02-20,246
LOT03154,P008,L02,2024-02-18,2024-02-21,396
LOT03155,P024,L02,2024-02-18,2024-02-20,320
LOT03156,P017,L02,2024-02-18,2024-02-21,346
LOT03157,P018,L02,2024-02-18,2024-02-19,342
LOT03158,P024,L02,2024-02-18,2024-02-20,85
LOT03159,P018,L02,2024-02-18,2024-02-21,348
LOT03160,P014,L03,2024-02-18,2024-02-20,243
LOT03161,P023,L03,2024-02-18,2024-02-21,348
LOT03162,P019,L03,2024-02-18,2024-02-20,135
LOT03163,P018,L03,2024-02-18,2024-02-20,276
LOT03164,P022,L03,2024-02-18,2024-02-21,321
LOT03165,P024,L03,2024-02-18,2024-02-20,380
LOT03166,P022,L03,2024-02-18,2024-02-19,117
LOT03167,P012,L03,2024-02-18,2024-02-19,377
LOT03168,P018,L03,2024-02-18,2024-02-19,273
LOT03169,P022,L03,2024-02-18,2024-02-21,326
LOT03170,P013,L03,2024-02-18,2024-02-21,97
LOT03171,P019,L03,2024-02-18,2024-02-20,242
LOT03172,P009,L03,2024-02-18,2024-02-21,279
LOT03173,P023,L03,2024-02-18,2024-02-20,178
LOT03174,P018,L03,2024-02-18,2024-02-19,218
LOT03175,P020,L03,2024-02-18,2024-02-19,257
LOT03176,P022,L03,2024-02-18,2024-02-21,257
LOT03177,P012,L03,2024-02-18,2024-02-20,93
LOT03178,P016,L03,2024-02-18,2024-02-20,221
LOT03179,P022,L03,2024-02-18,2024-02-19,148
LOT03180,P011,L03,2024-02-18,2024-02-21,374
LOT03181,P022,L03,2024-02-18,2024-02-20,393
LOT03182,P013,L03,2024-02-18,2024-02-19,176
LOT03183,P006,L01,2024-02-19,2024-02-22,163
LOT03184,P008,L01,2024-02-19,2024-02-20,183
LOT03185,P006,L01,2024-02-19,2024-02-22,104
LOT03186,P014,L01,2024-02-19,2024-02-22,328
LOT03187,P016,L01,2024-02-19,2024-02-21,267
LOT03188,P009,L01,2024-02-19,2024-02-22,327
LOT03189,P009,L01,2024-02-19,2024-02-20,96
LOT03190,P001,L01,2024-02-19,2024-02-21,126
LOT03191,P004,L01,2024-02-19,2024-02-20,395
LOT03192,P001,L01,2024-02-19,2024-02-21,288
LOT03193,P014,L01,2024-02-19,2024-02-20,112
LOT03194,P004,L01,2024-02-19,2024-02-20,193
LOT03195,P006,L01,2024-02-19,2024-02-20,214
LOT03196,P014,L01,2024-02-19,2024-02-20,249
LOT03197,P012,L01,2024-02-19,2024-02-21,179
LOT03198,P010,L01,2024-02-19,2024-02-21,105
LOT03199,P001,L01,2024-02-19,2024-02-20,393
LOT03200,P010,L01,2024-02-19,2024-02-22,235
LOT03201,P009,L01,2024-02-19,2024-02-22,240
LOT03202,P006,L01,2024-02-19,2024-02-20,358
LOT03203,P012,L01,2024-02-19,2024-02-21,276
LOT03204,P019,L02,2024-02-19,2024-02-20,273
LOT03205,P005,L02,2024-02-19,2024-02-20,85
LOT03206,P020,L02,2024-02-19,2024-02-21,391
LOT03207,P004,L02,2024-02-19,2024-02-21,223
LOT03208,P002,L02,2024-02-19,2024-02-21,257
LOT03209,P023,L02,2024-02-19,2024-02-21,268
LOT03210,P006,L02,2024-02-19,2024-02-20,158
LOT03211,P019,L02,2024-02-19,2024-02-22,189
LOT03212,P020,L02,2024-02-19,2024-02-20,119
LOT03213,P022,L02,2024-02-19,2024-02-22,185
LOT03214,P019,L02,2024-02-19,2024-02-20,313
LOT03215,P020,L02,2024-02-19,2024-02-21,224
LOT03216,P022,L02,2024-02-19,2024-02-22,180
LOT03217,P024,L02,2024-02-19,2024-02-21,319
LOT03218,P001,L02,2024-02-19,2024-02-21,146
LOT03219,P020,L02,2024-02-19,2024-02-22,318
LOT03220,P003,L02,2024-02-19,2024-02-20,133
LOT03221,P023,L02,2024-02-19,2024-02-22,118
LOT03222,P001,L02,2024-02-19,2024-02-22,115
LOT03223,P004,L02,2024-02-19,2024-02-22,295
LOT03224,P016,L03,2024-02-19,2024-02-20,318
LOT03225,P012,L03,2024-02-19,2024-02-20,368
LOT03226,P017,L03,2024-02-19,2024-02-21,359
LOT03227,P024,L03,2024-02-19,2024-02-20,125
LOT03228,P013,L03,2024-02-19,2024-02-22,324
LOT03229,P020,L03,2024-02-19,2024-02-22,182
LOT03230,P011,L03,2024-02-19,2024-02-21,265
LOT03231,P022,L03,2024-02-19,2024-02-21,157
LOT03232,P011,L03,2024-02-19,2024-02-21,275
LOT03233,P013,L03,2024-02-19,2024-02-20,187
LOT03234,P016,L03,2024-02-19,2024-02-20,102
LOT03235,P014,L03,2024-02-19,2024-02-20,239
LOT03236,P011,L03,2024-02-19,2024-02-20,190
LOT03237,P019,L03,2024-02-19,2024-02-21,360
LOT03238,P009,L03,2024-02-19,2024-02-20,219
LOT03239,P024,L03,2024-02-19,2024-02-20,217
LOT03240,P009,L03,2024-02-19,2024-02-21,336
LOT03241,P014,L03,2024-02-19,2024-02-21,380
LOT03242,P023,L03,2024-02-19,2024-02-20,97
LOT03243,P011,L03,2024-02-19,2024-02-20,194
LOT03244,P004,L01,2024-02-20,2024-02-21,178
LOT03245,P001,L01,2024-02-20,2024-02-23,163
LOT03246,P015,L01,2024-02-20,2024-02-23,227
LOT03247,P004,L01,2024-02-20,2024-02-23,289
LOT03248,P007,L01,2024-02-20,2024-02-21,243
LOT03249,P006,L01,2024-02-20,2024-02-22,144
LOT03250,P007,L01,2024-02-20,2024-02-22,113
LOT03251,P013,L01,2024-02-20,2024-02-23,343
LOT03252,P012,L01,2024-02-20,2024-02-21,233
LOT03253,P010,L01,2024-02-20,2024-02-22,99
LOT03254,P011,L01,2024-02-20,2024-02-22,162
LOT03255,P012,L01,2024-02-20,2024-02-21,338
LOT03256,P003,L01,2024-02-20,2024-02-22,321
LOT03257,P007,L01,2024-02-20,2024-02-22,361
LOT03258,P002,L01,2024-02-20,2024-02-23,273
LOT03259,P012,L01,2024-02-20,2024-02-22,215
LOT03260,P008,L01,2024-02-20,2024-02-23,216
LOT03261,P011,L01,2024-02-20,2024-02-22,142
LOT03262,P010,L01,2024-02-20,2024-02-23,288
LOT03263,P005,L01,2024-02-20,2024-02-21,267
LOT03264,P003,L01,2024-02-20,2024-02-22,129
LOT03265,P016,L01,2024-02-20,2024-02-23,364
LOT03266,P005,L01,2024-02-20,2024-02-23,198
LOT03267,P023,L02,2024-02-20,2024-02-22,360
LOT03268,P022,L02,2024-02-20,2024-02-22,344
LOT03269,P003,L02,2024-02-20,2024-02-23,355
LOT03270,P023,L02,2024-02-20,2024-02-22,202
LOT03271,P003,L02,2024-02-20,2024-02-23,322
LOT03272,P008,L02,2024-02-20,2024-02-23,265
LOT03273,P008,L02,2024-02-20,2024-02-23,311
LOT03274,P024,L02,2024-02-20,2024-02-23,137
LOT03275,P021,L03,2024-02-20,2024-02-23,267
LOT03276,P010,L03,2024-02-20,2024-02-21,398
LOT03277,P011,L03,2024-02-20,2024-02-22,157
LOT03278,P021,L03,2024-02-20,2024-02-21,164
LOT03279,P018,L03,2024-02-20,2024-02-23,109
LOT03280,P017,L03,2024-02-20,2024-02-23,257
LOT03281,P022,L03,2024-02-20,2024-02-21,276
LOT03282,P013,L03,2024-02-20,2024-02-23,313
LOT03283,P017,L03,2024-02-20,2024-02-22,187
LOT03284,P018,L03,2024-02-20,2024-02-21,83
LOT03285,P020,L03,2024-02-20,2024-02-22,282
LOT03286,P014,L03,2024-02-20,2024-02-21,400
LOT03287,P019,L03,2024-02-20,2024-02-22,174
LOT03288,P016,L03,2024-02-20,2024-02-23,139
LOT03289,P017,L03,2024-02-20,2024-02-23,170
LOT03290,P022,L03,2024-02-20,2024-02-22,216
LOT03291,P015,L03,2024-02-20,2024-02-23,160
LOT03292,P019,L03,2024-02-20,2024-02-23,191
LOT03293,P024,L03,2024-02-20,2024-02-21,284
LOT03294,P021,L03,2024-02-20,2024-02-23,190
LOT03295,P002,L01,2024-02-21,2024-02-23,267
LOT03296,P015,L01,2024-02-21,2024-02-24,164
LOT03297,P001,L01,2024-02-21,2024-02-24,170
LOT03298,P007,L01,2024-02-21,2024-02-22,223
LOT03299,P013,L01,2024-02-21,2024-02-22,209
LOT03300,P006,L01,2024-02-21,2024-02-23,169
LOT03301,P008,L01,2024-02-21,2024-02-24,186
LOT03302,P002,L01,2024-02-21,2024-02-24,311
LOT03303,P013,L01,2024-02-21,2024-02-23,166
LOT03304,P011,L01,2024-02-21,2024-02-24,155
LOT03305,P014,L01,2024-02-21,2024-02-22,360
LOT03306,P014,L01,2024-02-21,2024-02-23,303
LOT03307,P006,L01,2024-02-21,2024-02-22,277
LOT03308,P001,L01,2024-02-21,2024-02-24,307
LOT03309,P006,L01,2024-02-21,2024-02-23,352
LOT03310,P003,L01,2024-02-21,2024-02-22,200
LOT03311,P009,L01,2024-02-21,2024-02-22,304
LOT03312,P003,L01,2024-02-21,2024-02-24,321
LOT03313,P015,L01,2024-02-21,2024-02-24,120
LOT03314,P010,L01,2024-02-21,2024-02-23,325
LOT03315,P005,L01,2024-02-21,2024-02-22,232
LOT03316,P015,L01,2024-02-21,2024-02-24,213
LOT03317,P013,L01,2024-02-21,2024-02-24,250
LOT03318,P008,L01,2024-02-21,2024-02-23,281
LOT03319,P003,L01,2024-02-21,2024-02-23,330
LOT03320,P023,L02,2024-02-21,2024-02-24,87
LOT03321,P006,L02,2024-02-21,2024-02-22,271
LOT03322,P007,L02,2024-02-21,2024-02-22,237
LOT03323,P019,L02,2024-02-21,2024-02-24,344
LOT03324,P006,L02,2024-02-21,2024-02-22,269
LOT03325,P005,L02,2024-02-21,2024-02-23,101
LOT03326,P022,L02,2024-02-21,2024-02-23,247
LOT03327,P007,L02,2024-02-21,2024-02-24,175
LOT03328,P019,L02,2024-02-21,2024-02-22,316
LOT03329,P001,L02,2024-02-21,2024-02-24,131
LOT03330,P002,L02,2024-02-21,2024-02-22,268
LOT03331,P022,L02,2024-02-21,2024-02-24,144
LOT03332,P003,L02,2024-02-21,2024-02-22,339
LOT03333,P021,L02,2024-02-21,2024-02-24,369
LOT03334,P023,L02,2024-02-21,2024-02-24,386
LOT03335,P008,L02,2024-02-21,2024-02-22,167
LOT03336,P023,L02,2024-02-21,2024-02-22,97
LOT03337,P007,L02,2024-02-21,2024-02-24,292
LOT03338,P024,L02,2024-02-21,2024-02-22,143
LOT03339,P004,L02,2024-02-21,2024-02-22,209
LOT03340,P007,L02,2024-02-21,2024-02-23,172
LOT03341,P007,L02,2024-02-21,2024-02-24,148
LOT03342,P021,L02,2024-02-21,2024-02-23,220
LOT03343,P001,L02,2024-02-21,2024-02-23,345
LOT03344,P024,L03,2024-02-21,2024-02-23,314
LOT03345,P018,L03,2024-02-21,2024-02-23,193
LOT03346,P015,L03,2024-02-21,2024-02-22,132
LOT03347,P013,L03,2024-02-21,2024-02-24,152
LOT03348,P013,L03,2024-02-21,2024-02-23,342
LOT03349,P013,L03,2024-02-21,2024-02-24,165
LOT03350,P014,L03,2024-02-21,2024-02-22,328
LOT03351,P014,L03,2024-02-21,2024-02-24,186
LOT03352,P020,L03,2024-02-21,2024-02-23,140
LOT03353,P010,L03,2024-02-21,2024-02-24,313
LOT03354,P009,L03,2024-02-21,2024-02-22,230
LOT03355,P017,L03,2024-02-21,2024-02-23,90
LOT03356,P019,L03,2024-02-21,2024-02-22,388
LOT03357,P013,L03,2024-02-21,2024-02-23,127
LOT03358,P012,L03,2024-02-21,2024-02-22,193
LOT03359,P018,L03,2024-02-21,2024-02-24,203
LOT03360,P015,L03,2024-02-21,2024-02-24,237
LOT03361,P020,L03,2024-02-21,2024-02-24,332
LOT03362,P011,L03,2024-02-21,2024-02-22,81
LOT03363,P010,L03,2024-02-21,2024-02-24,379
LOT03364,P017,L03,2024-02-21,2024-02-22,287
LOT03365,P001,L01,2024-02-22,2024-02-25,252
LOT03366,P006,L01,2024-02-22,2024-02-24,223
LOT03367,P001,L01,2024-02-22,2024-02-23,81
LOT03368,P008,L01,2024-02-22,2024-02-23,264
LOT03369,P013,L01,2024-02-22,2024-02-24,319
LOT03370,P011,L01,2024-02-22,2024-02-25,136
LOT03371,P006,L01,2024-02-22,2024-02-25,379
LOT03372,P007,L01,2024-02-22,2024-02-24,250
LOT03373,P006,L01,2024-02-22,2024-02-23,137
LOT03374,P012,L01,2024-02-22,2024-02-23,287
LOT03375,P005,L01,2024-02-22,2024-02-24,141
LOT03376,P002,L01,2024-02-22,2024-02-23,100
LOT03377,P009,L01,2024-02-22,2024-02-24,299
LOT03378,P014,L01,2024-02-22,2024-02-24,115
LOT03379,P008,L01,2024-02-22,2024-02-23,114
LOT03380,P004,L01,2024-02-22,2024-02-25,317
LOT03381,P001,L01,2024-02-22,2024-02-23,97
LOT03382,P016,L01,2024-02-22,2024-02-23,339
LOT03383,P013,L01,2024-02-22,2024-02-23,335
LOT03384,P003,L01,2024-02-22,2024-02-24,125
LOT03385,P002,L01,2024-02-22,2024-02-25,246
LOT03386,P003,L01,2024-02-22,2024-02-25,111
LOT03387,P007,L01,2024-02-22,2024-02-24,283
LOT03388,P013,L01,2024-02-22,2024-02-24,100
LOT03389,P003,L01,2024-02-22,2024-02-24,383
LOT03390,P014,L01,2024-02-22,2024-02-25,146
LOT03391,P001,L01,2024-02-22,2024-02-25,299
LOT03392,P012,L01,2024-02-22,2024-02-23,121
LOT03393,P005,L01,2024-02-22,2024-02-25,147
LOT03394,P016,L01,2024-02-22,2024-02-23,224
LOT03395,P008,L01,2024-02-22,2024-02-24,263
LOT03396,P005,L01,2024-02-22,2024-02-24,400
LOT03397,P004,L01,2024-02-22,2024-02-25,88
LOT03398,P014,L01,2024-02-22,2024-02-23,80
LOT03399,P007,L01,2024-02-22,2024-02-24,192
LOT03400,P006,L01,2024-02-22,2024-02-25,197
LOT03401,P019,L02,2024-02-22,2024-02-23,352
LOT03402,P007,L02,2024-02-22,2024-02-23,283
LOT03403,P019,L02,2024-02-22,2024-02-24,276
LOT03404,P020,L02,2024-02-22,2024-02-23,229
LOT03405,P017,L02,2024-02-22,2024-02-24,189
LOT03406,P006,L02,2024-02-22,2024-02-25,249
LOT03407,P023,L02,2024-02-22,2024-02-24,89
LOT03408,P019,L02,2024-02-22,2024-02-23,232
LOT03409,P023,L02,2024-02-22,2024-02-24,359
LOT03410,P004,L02,2024-02-22,2024-02-25,131
LOT03411,P022,L02,2024-02-22,2024-02-24,225
LOT03412,P006,L02,2024-02-22,2024-02-23,293
LOT03413,P008,L02,2024-02-22,2024-02-24,108
LOT03414,P022,L02,2024-02-22,2024-02-24,314
LOT03415,P006,L02,2024-02-22,2024-02-23,194
LOT03416,P005,L02,2024-02-22,2024-02-23,145
LOT03417,P023,L02,2024-02-22,2024-02-25,279
LOT03418,P024,L02,2024-02-22,2024-02-23,234
LOT03419,P005,L02,2024-02-22,2024-02-23,222
LOT03420,P005,L02,2024-02-22,2024-02-23,278
LOT03421,P004,L02,2024-02-22,2024-02-24,283
LOT03422,P001,L02,2024-02-22,2024-02-24,171
LOT03423,P017,L02,2024-02-22,2024-02-23,149
LOT03424,P015,L03,2024-02-22,2024-02-23,150
LOT03425,P022,L03,2024-02-22,2024-02-24,233
LOT03426,P023,L03,2024-02-22,2024-02-24,318
LOT03427,P023,L03,2024-02-22,2024-02-23,109
LOT03428,P013,L03,2024-02-22,2024-02-25,292
LOT03429,P011,L03,2024-02-22,2024-02-24,84
LOT03430,P012,L03,2024-02-22,2024-02-24,219
LOT03431,P011,L03,2024-02-22,2024-02-24,93
LOT03432,P024,L03,2024-02-22,2024-02-24,265
LOT03433,P023,L03,2024-02-22,2024-02-23,97
LOT03434,P021,L03,2024-02-22,2024-02-25,307
LOT03435,P020,L03,2024-02-22,2024-02-24,326
LOT03436,P014,L03,2024-02-22,2024-02-25,123
LOT03437,P016,L03,2024-02-22,2024-02-24,365
LOT03438,P022,L03,2024-02-22,2024-02-23,392
LOT03439,P022,L03,2024-02-22,2024-02-23,186
LOT03440,P017,L03,2024-02-22,2024-02-24,278
LOT03441,P022,L03,2024-02-22,2024-02-23,153
LOT03442,P014,L03,2024-02-22,2024-02-24,171
LOT03443,P015,L03,2024-02-22,2024-02-25,359
LOT03444,P022,L03,2024-02-22,2024-02-23,259
LOT03445,P015,L03,2024-02-22,2024-02-23,190
LOT03446,P021,L03,2024-02-22,2024-02-25,174
LOT03447,P016,L03,2024-02-22,2024-02-23,163
LOT03448,P015,L01,2024-02-23,2024-02-24,121
LOT03449,P005,L01,2024-02-23,2024-02-24,395
LOT03450,P003,L01,2024-02-23,2024-02-25,297
LOT03451,P015,L01,2024-02-23,2024-02-24,353
LOT03452,P015,L01,2024-02-23,2024-02-26,321
LOT03453,P013,L01,2024-02-23,2024-02-25,304
LOT03454,P004,L01,2024-02-23,2024-02-25,203
LOT03455,P010,L01,2024-02-23,2024-02-25,184
LOT03456,P011,L01,2024-02-23,2024-02-26,310
LOT03457,P014,L01,2024-02-23,2024-02-26,310
LOT03458,P003,L01,2024-02-23,2024-02-25,385
LOT03459,P012,L01,2024-02-23,2024-02-24,262
LOT03460,P004,L01,2024-02-23,2024-02-24,174
LOT03461,P010,L01,2024-02-23,2024-02-25,237
LOT03462,P015,L01,2024-02-23,2024-02-26,277
LOT03463,P001,L01,2024-02-23,2024-02-25,216
LOT03464,P003,L01,2024-02-23,2024-02-25,333
LOT03465,P014,L01,2024-02-23,2024-02-24,267
LOT03466,P001,L01,2024-02-23,2024-02-25,83
LOT03467,P011,L01,2024-02-23,2024-02-26,262
LOT03468,P009,L01,2024-02-23,2024-02-24,283
LOT03469,P006,L01,2024-02-23,2024-02-26,373
LOT03470,P014,L01,2024-02-23,2024-02-24,212
LOT03471,P014,L01,2024-02-23,2024-02-24,264
LOT03472,P006,L01,2024-02-23,2024-02-25,232
LOT03473,P005,L02,2024-02-23,2024-02-24,225
LOT03474,P023,L02,2024-02-23,2024-02-26,331
LOT03475,P008,L02,2024-02-23,2024-02-24,376
LOT03476,P023,L02,2024-02-23,2024-02-25,220
LOT03477,P017,L02,2024-02-23,2024-02-25,359
LOT03478,P017,L02,2024-02-23,2024-02-24,128
LOT03479,P007,L02,2024-02-23,2024-02-25,106
LOT03480,P017,L02,2024-02-23,2024-02-26,391
LOT03481,P002,L02,2024-02-23,2024-02-25,394
LOT03482,P001,L02,2024-02-23,2024-02-24,283
LOT03483,P008,L02,2024-02-23,2024-02-25,169
LOT03484,P018,L02,2024-02-23,2024-02-24,255
LOT03485,P017,L02,2024-02-23,2024-02-25,132
LOT03486,P007,L02,2024-02-23,2024-02-25,377
LOT03487,P005,L02,2024-02-23,2024-02-24,361
LOT03488,P020,L02,2024-02-23,2024-02-25,189
LOT03489,P018,L02,2024-02-23,2024-02-26,278
LOT03490,P021,L03,2024-02-23,2024-02-26,244
LOT03491,P012,L03,2024-02-23,2024-02-24,114
LOT03492,P015,L03,2024-02-23,2024-02-26,237
LOT03493,P020,L03,2024-02-23,2024-02-24,138
LOT03494,P011,L03,2024-02-23,2024-02-25,134
LOT03495,P024,L03,2024-02-23,2024-02-25,119
LOT03496,P015,L03,2024-02-23,2024-02-26,282
LOT03497,P011,L03,2024-02-23,2024-02-26,96
LOT03498,P010,L03,2024-02-23,2024-02-25,165
LOT03499,P022,L03,2024-02-23,2024-02-25,343
LOT03500,P010,L03,2024-02-23,2024-02-24,327
LOT03501,P015,L03,2024-02-23,2024-02-25,344
LOT03502,P002,L01,2024-02-24,2024-02-26,120
LOT03503,P016,L01,2024-02-24,2024-02-25,94
LOT03504,P015,L01,2024-02-24,2024-02-25,398
LOT03505,P003,L01,2024-02-24,2024-02-27,384
LOT03506,P008,L01,2024-02-24,2024-02-25,272
LOT03507,P012,L01,2024-02-24,2024-02-27,193
LOT03508,P010,L01,2024-02-24,2024-02-26,302
LOT03509,P004,L01,2024-02-24,2024-02-27,391
LOT03510,P006,L01,2024-02-24,2024-02-26,266
LOT03511,P006,L01,2024-02-24,2024-02-27,299
LOT03512,P005,L01,2024-02-24,2024-02-26,282
LOT03513,P016,L01,2024-02-24,2024-02-26,153
LOT03514,P004,L01,2024-02-24,2024-02-26,280
LOT03515,P012,L01,2024-02-24,2024-02-27,266
LOT03516,P015,L01,2024-02-24,2024-02-25,397
LOT03517,P013,L01,2024-02-24,2024-02-26,172
LOT03518,P013,L01,2024-02-24,2024-02-27,203
LOT03519,P003,L01,2024-02-24,2024-02-26,349
LOT03520,P003,L01,2024-02-24,2024-02-27,248
LOT03521,P013,L01,2024-02-24,2024-02-26,357
LOT03522,P012,L01,2024-02-24,2024-02-25,319
LOT03523,P012,L01,2024-02-24,2024-02-26,354
LOT03524,P007,L01,2024-02-24,2024-02-26,347
LOT03525,P009,L01,2024-02-24,2024-02-25,323
LOT03526,P001,L01,2024-02-24,2024-02-25,286
LOT03527,P005,L01,2024-02-24,2024-02-25,389
LOT03528,P021,L02,2024-02-24,2024-02-27,100
LOT03529,P002,L02,2024-02-24,2024-02-27,323
LOT03530,P002,L02,2024-02-24,2024-02-26,252
LOT03531,P004,L02,2024-02-24,2024-02-25,213
LOT03532,P017,L02,2024-02-24,2024-02-27,370
LOT03533,P017,L02,2024-02-24,2024-02-26,349
LOT03534,P022,L02,2024-02-24,2024-02-27,98
LOT03535,P003,L02,2024-02-24,2024-02-26,277
LOT03536,P020,L02,2024-02-24,2024-02-26,327
LOT03537,P001,L02,2024-02-24,2024-02-27,256
LOT03538,P005,L02,2024-02-24,2024-02-25,395
LOT03539,P003,L02,2024-02-24,2024-02-27,300
LOT03540,P002,L02,2024-02-24,2024-02-26,113
LOT03541,P018,L02,2024-02-24,2024-02-26,143
LOT03542,P023,L02,2024-02-24,2024-02-26,345
LOT03543,P019,L02,2024-02-24,2024-02-25,399
LOT03544,P022,L02,2024-02-24,2024-02-25,111
LOT03545,P018,L02,2024-02-24,2024-02-27,112
LOT03546,P001,L02,2024-02-24,2024-02-27,325
LOT03547,P006,L02,2024-02-24,2024-02-25,100
LOT03548,P022,L02,2024-02-24,2024-02-25,102
LOT03549,P001,L02,2024-02-24,2024-02-27,365
LOT03550,P002,L02,2024-02-24,2024-02-27,336
LOT03551,P024,L03,2024-02-24,2024-02-25,285
LOT03552,P014,L03,2024-02-24,2024-02-27,332
LOT03553,P015,L03,2024-02-24,2024-02-25,367
LOT03554,P023,L03,2024-02-24,2024-02-26,298
LOT03555,P013,L03,2024-02-24,2024-02-26,101
LOT03556,P013,L03,2024-02-24,2024-02-25,138
LOT03557,P011,L03,2024-02-24,2024-02-27,386
LOT03558,P013,L03,2024-02-24,2024-02-26,390
LOT03559,P018,L03,2024-02-24,2024-02-25,390
LOT03560,P023,L03,2024-02-24,2024-02-25,91
LOT03561,P011,L03,2024-02-24,2024-02-27,202
LOT03562,P019,L03,2024-02-24,2024-02-25,323
LOT03563,P021,L03,2024-02-24,2024-02-25,321
LOT03564,P023,L03,2024-02-24,2024-02-25,107
LOT03565,P021,L03,2024-02-24,2024-02-25,275
LOT03566,P011,L03,2024-02-24,2024-02-25,125
LOT03567,P016,L03,2024-02-24,2024-02-27,238
LOT03568,P024,L03,2024-02-24,2024-02-26,156
LOT03569,P023,L03,2024-02-24,2024-02-25,97
LOT03570,P018,L03,2024-02-24,2024-02-27,105
LOT03571,P024,L03,2024-02-24,2024-02-25,372
LOT03572,P019,L03,2024-02-24,2024-02-26,319
LOT03573,P010,L03,2024-02-24,2024-02-26,379
LOT03574,P023,L03,2024-02-24,2024-02-27,230
LOT03575,P011,L03,2024-02-24,2024-02-27,212
LOT03576,P015,L03,2024-02-24,2024-02-27,195
LOT03577,P012,L03,2024-02-24,2024-02-27,277
LOT03578,P020,L03,2024-02-24,2024-02-26,192
LOT03579,P003,L01,2024-02-25,2024-02-28,391
LOT03580,P015,L01,2024-02-25,2024-02-28,332
LOT03581,P014,L01,2024-02-25,2024-02-28,400
LOT03582,P004,L01,2024-02-25,2024-02-27,323
LOT03583,P016,L01,2024-02-25,2024-02-28,117
LOT03584,P009,L01,2024-02-25,2024-02-28,188
LOT03585,P006,L01,2024-02-25,2024-02-26,134
LOT03586,P004,L01,2024-02-25,2024-02-26,368
LOT03587,P006,L01,2024-02-25,2024-02-28,112
LOT03588,P001,L01,2024-02-25,2024-02-27,291
LOT03589,P012,L01,2024-02-25,2024-02-27,274
LOT03590,P012,L01,2024-02-25,2024-02-28,246
LOT03591,P011,L01,2024-02-25,2024-02-27,263
LOT03592,P009,L01,2024-02-25,2024-02-27,365
LOT03593,P006,L01,2024-02-25,2024-02-27,336
LOT03594,P012,L01,2024-02-25,2024-02-27,299
LOT03595,P014,L01,2024-02-25,2024-02-28,316
LOT03596,P002,L01,2024-02-25,2024-02-27,277
LOT03597,P007,L01,2024-02-25,2024-02-27,188
LOT03598,P016,L01,2024-02-25,2024-02-28,362
LOT03599,P014,L01,2024-02-25,2024-02-28,327
LOT03600,P016,L01,2024-02-25,2024-02-28,197
LOT03601,P003,L01,2024-02-25,2024-02-26,188
LOT03602,P008,L01,2024-02-25,2024-02-28,341
LOT03603,P003,L01,2024-02-25,2024-02-27,329
LOT03604,P014,L01,2024-02-25,2024-02-26,286
LOT03605,P009,L01,2024-02-25,2024-02-28,243
LOT03606,P004,L01,2024-02-25,2024-02-28,237
LOT03607,P002,L01,2024-02-25,2024-02-27,273
LOT03608,P012,L01,2024-02-25,2024-02-28,159
LOT03609,P013,L01,2024-02-25,2024-02-26,214
LOT03610,P004,L02,2024-02-25,2024-02-28,159
LOT03611,P017,L02,2024-02-25,2024-02-27,248
LOT03612,P020,L02,2024-02-25,2024-02-27,334
LOT03613,P005,L02,2024-02-25,2024-02-27,295
LOT03614,P022,L02,2024-02-25,2024-02-28,175
LOT03615,P008,L02,2024-02-25,2024-02-28,186
LOT03616,P020,L02,2024-02-25,2024-02-27,289
LOT03617,P002,L02,2024-02-25,2024-02-27,256
LOT03618,P003,L02,2024-02-25,2024-02-26,110
LOT03619,P008,L02,2024-02-25,2024-02-28,360
LOT03620,P006,L02,2024-02-25,2024-02-28,244
LOT03621,P008,L02,2024-02-25,2024-02-28,231
LOT03622,P003,L02,2024-02-25,2024-02-26,143
LOT03623,P008,L02,2024-02-25,2024-02-26,201
LOT03624,P019,L02,2024-02-25,2024-02-28,186
LOT03625,P011,L03,2024-02-25,2024-02-26,216
LOT03626,P016,L03,2024-02-25,2024-02-26,280
LOT03627,P010,L03,2024-02-25,2024-02-28,350
LOT03628,P023,L03,2024-02-25,2024-02-27,292
LOT03629,P020,L03,2024-02-25,2024-02-27,223
LOT03630,P024,L03,2024-02-25,2024-02-27,380
LOT03631,P023,L03,2024-02-25,2024-02-26,230
LOT03632,P012,L03,2024-02-25,2024-02-27,263
LOT03633,P020,L03,2024-02-25,2024-02-26,172
LOT03634,P010,L03,2024-02-25,2024-02-27,302
LOT03635,P024,L03,2024-02-25,2024-02-28,398
LOT03636,P021,L03,2024-02-25,2024-02-28,266
LOT03637,P019,L03,2024-02-25,2024-02-26,198
LOT03638,P024,L03,2024-02-25,2024-02-28,230
LOT03639,P022,L03,2024-02-25,2024-02-28,119
LOT03640,P022,L03,2024-02-25,2024-02-26,149
LOT03641,P010,L03,2024-02-25,2024-02-26,274
LOT03642,P009,L03,2024-02-25,2024-02-27,259
LOT03643,P024,L03,2024-02-25,2024-02-26,265
LOT03644,P002,L01,2024-02-26,2024-02-28,93
LOT03645,P002,L01,2024-02-26,2024-02-28,163
LOT03646,P008,L01,2024-02-26,2024-02-28,130
LOT03647,P009,L01,2024-02-26,2024-02-29,350
LOT03648,P010,L01,2024-02-26,2024-02-29,107
LOT03649,P008,L01,2024-02-26,2024-02-27,390
LOT03650,P003,L01,2024-02-26,2024-02-29,268
LOT03651,P001,L01,2024-02-26,2024-02-27,246
LOT03652,P012,L01,2024-02-26,2024-02-28,351
LOT03653,P016,L01,2024-02-26,2024-02-28,88
LOT03654,P005,L01,2024-02-26,2024-02-29,329
LOT03655,P004,L01,2024-02-26,2024-02-27,117
LOT03656,P005,L01,2024-02-26,2024-02-27,349
LOT03657,P004,L01,2024-02-26,2024-02-28,249
LOT03658,P004,L01,2024-02-26,2024-02-29,99
LOT03659,P008,L01,2024-02-26,2024-02-27,347
LOT03660,P013,L01,2024-02-26,2024-02-28,88
LOT03661,P012,L01,2024-02-26,2024-02-29,124
LOT03662,P016,L01,2024-02-26,2024-02-29,336
LOT03663,P006,L01,2024-02-26,2024-02-29,229
LOT03664,P008,L01,2024-02-26,2024-02-27,362
LOT03665,P018,L02,2024-02-26,2024-02-29,335
LOT03666,P005,L02,2024-02-26,2024-02-29,157
LOT03667,P021,L02,2024-02-26,2024-02-27,251
LOT03668,P003,L02,2024-02-26,2024-02-28,305
LOT03669,P020,L02,2024-02-26,2024-02-27,124
LOT03670,P024,L02,2024-02-26,2024-02-29,343
LOT03671,P018,L02,2024-02-26,2024-02-27,179
LOT03672,P002,L02,2024-02-26,2024-02-28,233
LOT03673,P017,L02,2024-02-26,2024-02-27,240
LOT03674,P017,L02,2024-02-26,2024-02-29,314
LOT03675,P017,L02,2024-02-26,2024-02-29,286
LOT03676,P005,L02,2024-02-26,2024-02-29,160
LOT03677,P019,L02,2024-02-26,2024-02-27,116
LOT03678,P005,L02,2024-02-26,2024-02-29,285
LOT03679,P017,L02,2024-02-26,2024-02-27,354
LOT03680,P018,L02,2024-02-26,2024-02-27,271
LOT03681,P019,L02,2024-02-26,2024-02-27,110
LOT03682,P021,L02,2024-02-26,2024-02-27,153
LOT03683,P023,L02,2024-02-26,2024-02-28,86
LOT03684,P012,L03,2024-02-26,2024-02-28,327
LOT03685,P024,L03,2024-02-26,2024-02-28,371
LOT03686,P022,L03,2024-02-26,2024-02-28,156
LOT03687,P012,L03,2024-02-26,2024-02-28,242
LOT03688,P020,L03,2024-02-26,2024-02-28,347
LOT03689,P019,L03,2024-02-26,2024-02-27,249
LOT03690,P018,L03,2024-02-26,2024-02-28,147
LOT03691,P021,L03,2024-02-26,2024-02-28,337
LOT03692,P011,L03,2024-02-26,2024-02-28,107
LOT03693,P015,L03,2024-02-26,2024-02-27,215
LOT03694,P022,L03,2024-02-26,2024-02-29,180
LOT03695,P023,L03,2024-02-26,2024-02-27,356
LOT03696,P009,L03,2024-02-26,2024-02-27,105
LOT03697,P016,L03,2024-02-26,2024-02-27,395
LOT03698,P013,L03,2024-02-26,2024-02-28,130
LOT03699,P011,L03,2024-02-26,2024-02-27,391
LOT03700,P009,L03,2024-02-26,2024-02-29,151
LOT03701,P017,L03,2024-02-26,2024-02-27,104
LOT03702,P019,L03,2024-02-26,2024-02-29,124
LOT03703,P017,L03,2024-02-26,2024-02-27,191
LOT03704,P010,L01,2024-02-27,2024-02-28,209
LOT03705,P007,L01,2024-02-27,2024-02-29,251
LOT03706,P001,L01,2024-02-27,2024-03-01,386
LOT03707,P012,L01,2024-02-27,2024-02-29,287
LOT03708,P009,L01,2024-02-27,2024-02-28,234
LOT03709,P008,L01,2024-02-27,2024-03-01,299
LOT03710,P016,L01,2024-02-27,2024-03-01,229
LOT03711,P003,L01,2024-02-27,2024-03-01,394
LOT03712,P016,L01,2024-02-27,2024-02-29,109
LOT03713,P011,L01,2024-02-27,2024-02-29,325
LOT03714,P004,L01,2024-02-27,2024-02-29,380
LOT03715,P011,L01,2024-02-27,2024-03-01,100
LOT03716,P013,L01,2024-02-27,2024-03-01,194
LOT03717,P006,L01,2024-02-27,2024-03-01,242
LOT03718,P006,L01,2024-02-27,2024-02-29,103
LOT03719,P014,L01,2024-02-27,2024-02-28,271
LOT03720,P003,L01,2024-02-27,2024-02-29,258
LOT03721,P001,L01,2024-02-27,2024-02-28,243
LOT03722,P011,L01,2024-02-27,2024-02-28,126
LOT03723,P015,L01,2024-02-27,2024-02-29,278
LOT03724,P009,L01,2024-02-27,2024-02-29,395
LOT03725,P003,L01,2024-02-27,2024-03-01,201
LOT03726,P009,L01,2024-02-27,2024-03-01,110
LOT03727,P005,L01,2024-02-27,2024-03-01,204
LOT03728,P014,L01,2024-02-27,2024-03-01,391
LOT03729,P010,L01,2024-02-27,2024-03-01,375
LOT03730,P006,L01,2024-02-27,2024-02-28,134
LOT03731,P010,L01,2024-02-27,2024-02-29,253
LOT03732,P011,L01,2024-02-27,2024-02-28,310
LOT03733,P011,L01,2024-02-27,2024-02-28,398
LOT03734,P006,L01,2024-02-27,2024-02-28,222
LOT03735,P010,L01,2024-02-27,2024-03-01,245
LOT03736,P020,L02,2024-02-27,2024-03-01,399
LOT03737,P019,L02,2024-02-27,2024-02-29,361
LOT03738,P023,L02,2024-02-27,2024-02-29,372
LOT03739,P003,L02,2024-02-27,2024-02-28,171
LOT03740,P022,L02,2024-02-27,2024-03-01,150
LOT03741,P002,L02,2024-02-27,2024-03-01,216
LOT03742,P022,L02,2024-02-27,2024-02-29,225
LOT03743,P021,L02,2024-02-27,2024-03-01,81
LOT03744,P003,L02,2024-02-27,2024-03-01,330
LOT03745,P020,L02,2024-02-27,2024-03-01,399
LOT03746,P002,L02,2024-02-27,2024-03-01,249
LOT03747,P018,L02,2024-02-27,2024-02-29,204
LOT03748,P023,L02,2024-02-27,2024-03-01,206
LOT03749,P004,L02,2024-02-27,2024-02-29,110
LOT03750,P003,L02,2024-02-27,2024-02-28,165
LOT03751,P007,L02,2024-02-27,2024-02-29,241
LOT03752,P006,L02,2024-02-27,2024-03-01,218
LOT03753,P001,L02,2024-02-27,2024-02-28,254
LOT03754,P008,L02,2024-02-27,2024-02-28,352
LOT03755,P005,L02,2024-02-27,2024-03-01,152
LOT03756,P002,L02,2024-02-27,2024-02-28,88
LOT03757,P005,L02,2024-02-27,2024-02-29,92
LOT03758,P001,L02,2024-02-27,2024-03-01,123
LOT03759,P010,L03,2024-02-27,2024-03-01,104
LOT03760,P023,L03,2024-02-27,2024-02-28,216
LOT03761,P020,L03,2024-02-27,2024-02-28,88
LOT03762,P019,L03,2024-02-27,2024-02-28,112
LOT03763,P023,L03,2024-02-27,2024-03-01,119
LOT03764,P015,L03,2024-02-27,2024-02-29,306
LOT03765,P013,L03,2024-02-27,2024-02-29,289
LOT03766,P011,L03,2024-02-27,2024-02-29,365
LOT03767,P023,L03,2024-02-27,2024-02-28,114
LOT03768,P015,L03,2024-02-27,2024-03-01,101
LOT03769,P022,L03,2024-02-27,2024-02-28,135
LOT03770,P014,L03,2024-02-27,2024-02-28,117
LOT03771,P024,L03,2024-02-27,2024-02-29,292
LOT03772,P022,L03,2024-02-27,2024-02-28,382
LOT03773,P013,L03,2024-02-27,2024-02-28,300
LOT03774,P016,L03,2024-02-27,2024-03-01,247
LOT03775,P021,L03,2024-02-27,2024-02-29,115
LOT03776,P012,L03,2024-02-27,2024-02-28,353
LOT03777,P009,L03,2024-02-27,2024-02-29,91
LOT03778,P013,L03,2024-02-27,2024-03-01,299
LOT03779,P018,L03,2024-02-27,2024-02-28,96
LOT03780,P011,L03,2024-02-27,2024-02-28,96
LOT03781,P014,L03,2024-02-27,2024-02-29,122
LOT03782,P010,L01,2024-02-28,2024-02-29,394
LOT03783,P001,L01,2024-02-28,2024-02-29,121
LOT03784,P011,L01,2024-02-28,2024-02-29,198
LOT03785,P007,L01,2024-02-28,2024-03-02,272
LOT03786,P003,L01,2024-02-28,2024-03-01,107
LOT03787,P009,L01,2024-02-28,2024-03-01,202
LOT03788,P009,L01,2024-02-28,2024-03-01,163
LOT03789,P012,L01,2024-02-28,2024-02-29,385
LOT03790,P004,L01,2024-02-28,2024-03-01,212
LOT03791,P009,L01,2024-02-28,2024-02-29,324
LOT03792,P014,L01,2024-02-28,2024-03-01,204
LOT03793,P005,L01,2024-02-28,2024-03-02,122
LOT03794,P014,L01,2024-02-28,2024-03-01,357
LOT03795,P012,L01,2024-02-28,2024-03-01,80
LOT03796,P007,L01,2024-02-28,2024-02-29,97
LOT03797,P015,L01,2024-02-28,2024-03-01,196
LOT03798,P016,L01,2024-02-28,2024-02-29,300
LOT03799,P004,L02,2024-02-28,2024-03-02,174
LOT03800,P006,L02,2024-02-28,2024-02-29,168
LOT03801,P017,L02,2024-02-28,2024-02-29,348
LOT03802,P004,L02,2024-02-28,2024-02-29,167
LOT03803,P024,L02,2024-02-28,2024-03-02,289
LOT03804,P001,L02,2024-02-28,2024-02-29,358
LOT03805,P024,L02,2024-02-28,2024-02-29,132
LOT03806,P017,L02,2024-02-28,2024-03-01,301
LOT03807,P001,L02,2024-02-28,2024-02-29,321
LOT03808,P002,L02,2024-02-28,2024-02-29,330
LOT03809,P002,L02,2024-02-28,2024-02-29,229
LOT03810,P005,L02,2024-02-28,2024-03-01,165
LOT03811,P006,L02,2024-02-28,2024-03-01,301
LOT03812,P019,L02,2024-02-28,2024-03-01,207
LOT03813,P005,L02,2024-02-28,2024-03-02,314
LOT03814,P014,L03,2024-02-28,2024-03-02,352
LOT03815,P021,L03,2024-02-28,2024-03-01,285
LOT03816,P021,L03,2024-02-28,2024-03-01,316
LOT03817,P013,L03,2024-02-28,2024-03-01,391
LOT03818,P020,L03,2024-02-28,2024-03-01,82
LOT03819,P012,L03,2024-02-28,2024-03-02,292
LOT03820,P014,L03,2024-02-28,2024-03-02,206
LOT03821,P023,L03,2024-02-28,2024-03-01,260
LOT03822,P013,L03,2024-02-28,2024-03-01,331
LOT03823,P022,L03,2024-02-28,2024-03-01,331
LOT03824,P015,L03,2024-02-28,2024-03-01,152
LOT03825,P012,L03,2024-02-28,2024-03-02,249
LOT03826,P010,L03,2024-02-28,2024-03-02,269
LOT03827,P017,L03,2024-02-28,2024-03-01,392
LOT03828,P016,L03,2024-02-28,2024-03-01,398
LOT03829,P017,L03,2024-02-28,2024-03-01,87
LOT03830,P009,L03,2024-02-28,2024-02-29,392
LOT03831,P013,L03,2024-02-28,2024-03-01,204
LOT03832,P009,L03,2024-02-28,2024-03-02,278
LOT03833,P013,L03,2024-02-28,2024-03-01,300
LOT03834,P023,L03,2024-02-28,2024-02-29,108
LOT03835,P011,L03,2024-02-28,2024-03-02,87
LOT03836,P020,L03,2024-02-28,2024-03-02,121
LOT03837,P009,L03,2024-02-28,2024-02-29,307
LOT03838,P017,L03,2024-02-28,2024-03-01,330
LOT03839,P023,L03,2024-02-28,2024-03-01,95
LOT03840,P014,L03,2024-02-28,2024-03-02,149
LOT03841,P012,L03,2024-02-28,2024-02-29,362
LOT03842,P018,L03,2024-02-28,2024-02-29,252
LOT03843,P013,L03,2024-02-28,2024-03-01,327
LOT03844,P001,L01,2024-02-29,2024-03-03,247
LOT03845,P010,L01,2024-02-29,2024-03-01,237
LOT03846,P003,L01,2024-02-29,2024-03-03,190
LOT03847,P016,L01,2024-02-29,2024-03-02,282
LOT03848,P008,L01,2024-02-29,2024-03-02,369
LOT03849,P016,L01,2024-02-29,2024-03-01,168
LOT03850,P016,L01,2024-02-29,2024-03-01,293
LOT03851,P001,L01,2024-02-29,2024-03-02,191
LOT03852,P009,L01,2024-02-29,2024-03-03,200
LOT03853,P007,L01,2024-02-29,2024-03-01,253
LOT03854,P008,L01,2024-02-29,2024-03-02,210
LOT03855,P005,L01,2024-02-29,2024-03-02,373
LOT03856,P009,L01,2024-02-29,2024-03-01,168
LOT03857,P008,L01,2024-02-29,2024-03-02,94
LOT03858,P003,L01,2024-02-29,2024-03-01,261
LOT03859,P005,L01,2024-02-29,2024-03-02,289
LOT03860,P003,L01,2024-02-29,2024-03-01,354
LOT03861,P014,L01,2024-02-29,2024-03-02,129
LOT03862,P011,L01,2024-02-29,2024-03-01,153
LOT03863,P007,L01,2024-02-29,2024-03-02,230
LOT03864,P007,L01,2024-02-29,2024-03-02,227
LOT03865,P002,L01,2024-02-29,2024-03-03,387
LOT03866,P005,L01,2024-02-29,2024-03-02,389
LOT03867,P015,L01,2024-02-29,2024-03-03,343
LOT03868,P001,L01,2024-02-29,2024-03-01,220
LOT03869,P003,L01,2024-02-29,2024-03-02,110
LOT03870,P002,L02,2024-02-29,2024-03-01,162
LOT03871,P002,L02,2024-02-29,2024-03-03,282
LOT03872,P022,L02,2024-02-29,2024-03-03,193
LOT03873,P008,L02,2024-02-29,2024-03-02,156
LOT03874,P018,L02,2024-02-29,2024-03-02,136
LOT03875,P024,L02,2024-02-29,2024-03-03,139
LOT03876,P019,L02,2024-02-29,2024-03-01,228
LOT03877,P001,L02,2024-02-29,2024-03-02,180
LOT03878,P003,L02,2024-02-29,2024-03-02,174
LOT03879,P007,L02,2024-02-29,2024-03-03,266
LOT03880,P001,L02,2024-02-29,2024-03-03,396
LOT03881,P003,L02,2024-02-29,2024-03-02,345
LOT03882,P021,L02,2024-02-29,2024-03-01,384
LOT03883,P003,L02,2024-02-29,2024-03-02,309
LOT03884,P003,L02,2024-02-29,2024-03-01,110
LOT03885,P017,L02,2024-02-29,2024-03-03,224
LOT03886,P011,L03,2024-02-29,2024-03-02,147
LOT03887,P011,L03,2024-02-29,2024-03-02,290
LOT03888,P010,L03,2024-02-29,2024-03-01,320
LOT03889,P011,L03,2024-02-29,2024-03-02,99
LOT03890,P021,L03,2024-02-29,2024-03-02,327
LOT03891,P016,L03,2024-02-29,2024-03-03,166
LOT03892,P009,L03,2024-02-29,2024-03-03,205
LOT03893,P011,L03,2024-02-29,2024-03-02,107
LOT03894,P009,L03,2024-02-29,2024-03-03,349
LOT03895,P022,L03,2024-02-29,2024-03-01,259
LOT03896,P016,L03,2024-02-29,2024-03-03,241
LOT03897,P010,L03,2024-02-29,2024-03-01,390
LOT03898,P012,L03,2024-02-29,2024-03-01,187
LOT03899,P018,L03,2024-02-29,2024-03-02,365
LOT03900,P018,L03,2024-02-29,2024-03-02,311
LOT03901,P022,L03,2024-02-29,2024-03-03,378
LOT03902,P009,L03,2024-02-29,2024-03-03,371
LOT03903,P010,L03,2024-02-29,2024-03-03,398
LOT03904,P009,L03,2024-02-29,2024-03-02,122
LOT03905,P015,L03,2024-02-29,2024-03-01,335
LOT03906,P020,L03,2024-02-29,2024-03-01,338
LOT03907,P007,L01,2024-03-01,2024-03-02,124
LOT03908,P016,L01,2024-03-01,2024-03-04,83
LOT03909,P014,L01,2024-03-01,2024-03-03,101
LOT03910,P004,L01,2024-03-01,2024-03-03,192
LOT03911,P015,L01,2024-03-01,2024-03-04,362
LOT03912,P008,L01,2024-03-01,2024-03-03,286
LOT03913,P014,L01,2024-03-01,2024-03-03,396
LOT03914,P009,L01,2024-03-01,2024-03-02,156
LOT03915,P010,L01,2024-03-01,2024-03-03,316
LOT03916,P003,L01,2024-03-01,2024-03-04,169
LOT03917,P006,L01,2024-03-01,2024-03-02,275
LOT03918,P012,L01,2024-03-01,2024-03-03,200
LOT03919,P014,L01,2024-03-01,2024-03-02,352
LOT03920,P002,L01,2024-03-01,2024-03-04,319
LOT03921,P002,L01,2024-03-01,2024-03-03,163
LOT03922,P012,L01,2024-03-01,2024-03-03,101
LOT03923,P008,L01,2024-03-01,2024-03-02,224
LOT03924,P014,L01,2024-03-01,2024-03-03,105
LOT03925,P002,L01,2024-03-01,2024-03-04,166
LOT03926,P006,L01,2024-03-01,2024-03-03,229
LOT03927,P001,L01,2024-03-01,2024-03-03,351
LOT03928,P012,L01,2024-03-01,2024-03-04,358
LOT03929,P014,L01,2024-03-01,2024-03-03,165
LOT03930,P003,L01,2024-03-01,2024-03-03,260
LOT03931,P006,L01,2024-03-01,2024-03-03,227
LOT03932,P014,L01,2024-03-01,2024-03-02,267
LOT03933,P001,L01,2024-03-01,2024-03-04,249
LOT03934,P016,L01,2024-03-01,2024-03-04,399
LOT03935,P015,L01,2024-03-01,2024-03-04,109
LOT03936,P023,L02,2024-03-01,2024-03-04,205
LOT03937,P023,L02,2024-03-01,2024-03-03,330
LOT03938,P019,L02,2024-03-01,2024-03-02,363
LOT03939,P024,L02,2024-03-01,2024-03-03,192
LOT03940,P024,L02,2024-03-01,2024-03-02,215
LOT03941,P007,L02,2024-03-01,2024-03-04,112
LOT03942,P020,L02,2024-03-01,2024-03-03,348
LOT03943,P017,L02,2024-03-01,2024-03-03,261
LOT03944,P008,L02,2024-03-01,2024-03-03,123
LOT03945,P020,L02,2024-03-01,2024-03-03,375
LOT03946,P020,L02,2024-03-01,2024-03-03,218
LOT03947,P023,L02,2024-03-01,2024-03-02,383
LOT03948,P021,L02,2024-03-01,2024-03-04,369
LOT03949,P018,L02,2024-03-01,2024-03-03,280
LOT03950,P023,L02,2024-03-01,2024-03-03,155
LOT03951,P002,L02,2024-03-01,2024-03-02,203
LOT03952,P017,L03,2024-03-01,2024-03-02,121
LOT03953,P019,L03,2024-03-01,2024-03-04,393
LOT03954,P012,L03,2024-03-01,2024-03-03,144
LOT03955,P014,L03,2024-03-01,2024-03-03,123
LOT03956,P013,L03,2024-03-01,2024-03-03,280
LOT03957,P019,L03,2024-03-01,2024-03-04,182
LOT03958,P023,L03,2024-03-01,2024-03-02,122
LOT03959,P013,L03,2024-03-01,2024-03-03,272
LOT03960,P013,L03,2024-03-01,2024-03-02,323
LOT03961,P022,L03,2024-03-01,2024-03-03,334
LOT03962,P016,L03,2024-03-01,2024-03-03,129
LOT03963,P017,L03,2024-03-01,2024-03-02,258
LOT03964,P020,L03,2024-03-01,2024-03-03,341
LOT03965,P011,L03,2024-03-01,2024-03-04,131
LOT03966,P022,L03,2024-03-01,2024-03-02,146
LOT03967,P014,L03,2024-03-01,2024-03-02,80
LOT03968,P019,L03,2024-03-01,2024-03-02,248
LOT03969,P015,L03,2024-03-01,2024-03-02,142
LOT03970,P021,L03,2024-03-01,2024-03-02,312
LOT03971,P018,L03,2024-03-01,2024-03-03,388
LOT03972,P011,L03,2024-03-01,2024-03-02,147
LOT03973,P012,L03,2024-03-01,2024-03-03,288
LOT03974,P023,L03,2024-03-01,2024-03-02,147
LOT03975,P017,L03,2024-03-01,2024-03-03,85
LOT03976,P013,L03,2024-03-01,2024-03-03,323
LOT03977,P009,L01,2024-03-02,2024-03-03,206
LOT03978,P009,L01,2024-03-02,2024-03-03,229
LOT03979,P015,L01,2024-03-02,2024-03-05,123
LOT03980,P003,L01,2024-03-02,2024-03-05,211
LOT03981,P002,L01,2024-03-02,2024-03-04,221
LOT03982,P008,L01,2024-03-02,2024-03-03,115
LOT03983,P006,L01,2024-03-02,2024-03-04,374
LOT03984,P004,L01,2024-03-02,2024-03-04,272
LOT03985,P002,L01,2024-03-02,2024-03-04,204
LOT03986,P015,L01,2024-03-02,2024-03-03,242
LOT03987,P010,L01,2024-03-02,2024-03-05,180
LOT03988,P012,L01,2024-03-02,2024-03-05,354
LOT03989,P002,L01,2024-03-02,2024-03-03,264
LOT03990,P006,L01,2024-03-02,2024-03-05,238
LOT03991,P010,L01,2024-03-02,2024-03-05,372
LOT03992,P009,L01,2024-03-02,2024-03-04,348
LOT03993,P012,L01,2024-03-02,2024-03-05,340
LOT03994,P011,L01,2024-03-02,2024-03-05,152
LOT03995,P007,L01,2024-03-02,2024-03-03,129
LOT03996,P013,L01,2024-03-02,2024-03-03,301
LOT03997,P005,L01,2024-03-02,2024-03-04,230
LOT03998,P002,L01,2024-03-02,2024-03-03,299
LOT03999,P015,L01,2024-03-02,2024-03-04,324
LOT04000,P001,L01,2024-03-02,2024-03-03,174
LOT04001,P005,L01,2024-03-02,2024-03-03,171
LOT04002,P002,L01,2024-03-02,2024-03-05,237
LOT04003,P024,L02,2024-03-02,2024-03-03,309
LOT04004,P020,L02,2024-03-02,2024-03-05,165
LOT04005,P020,L02,2024-03-02,2024-03-03,258
LOT04006,P008,L02,2024-03-02,2024-03-04,354
LOT04007,P002,L02,2024-03-02,2024-03-04,160
LOT04008,P020,L02,2024-03-02,2024-03-05,316
LOT04009,P021,L02,2024-03-02,2024-03-04,386
LOT04010,P017,L02,2024-03-02,2024-03-05,358
LOT04011,P002,L02,2024-03-02,2024-03-05,208
LOT04012,P020,L02,2024-03-02,2024-03-03,274
LOT04013,P023,L02,2024-03-02,2024-03-05,398
LOT04014,P004,L02,2024-03-02,2024-03-05,262
LOT04015,P003,L02,2024-03-02,2024-03-04,116
LOT04016,P020,L02,2024-03-02,2024-03-03,94
LOT04017,P016,L03,2024-03-02,2024-03-04,293
LOT04018,P012,L03,2024-03-02,2024-03-03,352
LOT04019,P015,L03,2024-03-02,2024-03-04,131
LOT04020,P014,L03,2024-03-02,2024-03-03,352
LOT04021,P020,L03,2024-03-02,2024-03-03,83
LOT04022,P021,L03,2024-03-02,2024-03-04,221
LOT04023,P010,L03,2024-03-02,2024-03-03,231
LOT04024,P016,L03,2024-03-02,2024-03-03,200
LOT04025,P024,L03,2024-03-02,2024-03-03,268
LOT04026,P022,L03,2024-03-02,2024-03-05,373
LOT04027,P021,L03,2024-03-02,2024-03-03,184
LOT04028,P020,L03,2024-03-02,2024-03-03,265
LOT04029,P009,L03,2024-03-02,2024-03-04,361
LOT04030,P024,L03,2024-03-02,2024-03-05,328
LOT04031,P020,L03,2024-03-02,2024-03-03,93
LOT04032,P023,L03,2024-03-02,2024-03-05,382
LOT04033,P023,L03,2024-03-02,2024-03-03,94
LOT04034,P013,L03,2024-03-02,2024-03-05,268
LOT04035,P009,L03,2024-03-02,2024-03-05,264
LOT04036,P019,L03,2024-03-02,2024-03-05,332
LOT04037,P016,L03,2024-03-02,2024-03-03,127
LOT04038,P009,L03,2024-03-02,2024-03-05,137
LOT04039,P013,L03,2024-03-02,2024-03-03,321
LOT04040,P024,L03,2024-03-02,2024-03-03,127
LOT04041,P014,L03,2024-03-02,2024-03-03,230
LOT04042,P013,L03,2024-03-02,2024-03-04,314
LOT04043,P006,L01,2024-03-03,2024-03-04,240
LOT04044,P005,L01,2024-03-03,2024-03-05,242
LOT04045,P002,L01,2024-03-03,2024-03-04,229
LOT04046,P016,L01,2024-03-03,2024-03-04,383
LOT04047,P004,L01,2024-03-03,2024-03-05,91
LOT04048,P008,L01,2024-03-03,2024-03-05,377
LOT04049,P006,L01,2024-03-03,2024-03-06,167
LOT04050,P001,L01,2024-03-03,2024-03-06,139
LOT04051,P015,L01,2024-03-03,2024-03-04,129
LOT04052,P004,L01,2024-03-03,2024-03-06,310
LOT04053,P002,L01,2024-03-03,2024-03-05,294
LOT04054,P006,L01,2024-03-03,2024-03-04,102
LOT04055,P003,L01,2024-03-03,2024-03-06,389
LOT04056,P016,L01,2024-03-03,2024-03-04,96
LOT04057,P004,L01,2024-03-03,2024-03-05,93
LOT04058,P005,L01,2024-03-03,2024-03-06,383
LOT04059,P005,L01,2024-03-03,2024-03-04,174
LOT04060,P001,L01,2024-03-03,2024-03-06,194
LOT04061,P001,L01,2024-03-03,2024-03-04,107
LOT04062,P009,L01,2024-03-03,2024-03-06,377
LOT04063,P004,L01,2024-03-03,2024-03-04,337
LOT04064,P002,L01,2024-03-03,2024-03-04,124
LOT04065,P005,L01,2024-03-03,2024-03-05,220
LOT04066,P005,L01,2024-03-03,2024-03-06,304
LOT04067,P007,L01,2024-03-03,2024-03-04,267
LOT04068,P016,L01,2024-03-03,2024-03-06,292
LOT04069,P005,L01,2024-03-03,2024-03-04,121
LOT04070,P012,L01,2024-03-03,2024-03-05,231
LOT04071,P013,L01,2024-03-03,2024-03-05,115
LOT04072,P002,L02,2024-03-03,2024-03-06,213
LOT04073,P023,L02,2024-03-03,2024-03-06,84
LOT04074,P020,L02,2024-03-03,2024-03-06,193
LOT04075,P020,L02,2024-03-03,2024-03-06,384
LOT04076,P018,L02,2024-03-03,2024-03-05,275
LOT04077,P021,L02,2024-03-03,2024-03-06,156
LOT04078,P017,L02,2024-03-03,2024-03-04,190
LOT04079,P018,L02,2024-03-03,2024-03-05,318
LOT04080,P018,L02,2024-03-03,2024-03-04,261
LOT04081,P021,L02,2024-03-03,2024-03-04,89
LOT04082,P023,L02,2024-03-03,2024-03-06,352
LOT04083,P005,L02,2024-03-03,2024-03-06,185
LOT04084,P020,L02,2024-03-03,2024-03-05,296
LOT04085,P001,L02,2024-03-03,2024-03-04,318
LOT04086,P017,L02,2024-03-03,2024-03-06,210
LOT04087,P023,L02,2024-03-03,2024-03-05,178
LOT04088,P019,L02,2024-03-03,2024-03-06,396
LOT04089,P005,L02,2024-03-03,2024-03-06,327
LOT04090,P018,L02,2024-03-03,2024-03-05,330
LOT04091,P006,L02,2024-03-03,2024-03-04,367
LOT04092,P007,L02,2024-03-03,2024-03-04,209
LOT04093,P004,L02,2024-03-03,2024-03-04,106
LOT04094,P018,L02,2024-03-03,2024-03-05,256
LOT04095,P004,L02,2024-03-03,2024-03-04,351
LOT04096,P008,L02,2024-03-03,2024-03-04,400
LOT04097,P024,L02,2024-03-03,2024-03-04,201
LOT04098,P011,L03,2024-03-03,2024-03-06,158
LOT04099,P018,L03,2024-03-03,2024-03-04,165
LOT04100,P022,L03,2024-03-03,2024-03-05,339
LOT04101,P010,L03,2024-03-03,2024-03-05,167
LOT04102,P012,L03,2024-03-03,2024-03-04,80
LOT04103,P017,L03,2024-03-03,2024-03-04,217
LOT04104,P010,L03,2024-03-03,2024-03-05,84
LOT04105,P013,L03,2024-03-03,2024-03-04,372
LOT04106,P009,L03,2024-03-03,2024-03-06,286
LOT04107,P016,L03,2024-03-03,2024-03-05,267
LOT04108,P020,L03,2024-03-03,2024-03-05,144
LOT04109,P015,L03,2024-03-03,2024-03-05,304
LOT04110,P013,L03,2024-03-03,2024-03-05,297
LOT04111,P015,L03,2024-03-03,2024-03-05,99
LOT04112,P017,L03,2024-03-03,2024-03-05,362
LOT04113,P011,L03,2024-03-03,2024-03-05,265
LOT04114,P010,L03,2024-03-03,2024-03-04,334
LOT04115,P011,L03,2024-03-03,2024-03-05,164
LOT04116,P024,L03,2024-03-03,2024-03-05,119
LOT04117,P020,L03,2024-03-03,2024-03-06,305
LOT04118,P011,L03,2024-03-03,2024-03-04,334
LOT04119,P013,L03,2024-03-03,2024-03-04,203
LOT04120,P015,L03,2024-03-03,2024-03-05,87
LOT04121,P011,L03,2024-03-03,2024-03-06,342
LOT04122,P022,L03,2024-03-03,2024-03-05,146
LOT04123,P002,L01,2024-03-04,2024-03-07,387
LOT04124,P002,L01,2024-03-04,2024-03-06,332
LOT04125,P001,L01,2024-03-04,2024-03-05,216
LOT04126,P002,L01,2024-03-04,2024-03-06,186
LOT04127,P005,L01,2024-03-04,2024-03-07,363
LOT04128,P001,L01,2024-03-04,2024-03-05,123
LOT04129,P016,L01,2024-03-04,2024-03-07,352
LOT04130,P015,L01,2024-03-04,2024-03-07,161
LOT04131,P003,L01,2024-03-04,2024-03-07,309
LOT04132,P005,L01,2024-03-04,2024-03-07,338
LOT04133,P012,L01,2024-03-04,2024-03-07,233
LOT04134,P011,L01,2024-03-04,2024-03-05,141
LOT04135,P010,L01,2024-03-04,2024-03-07,351
LOT04136,P016,L01,2024-03-04,2024-03-05,197
LOT04137,P011,L01,2024-03-04,2024-03-05,182
LOT04138,P011,L01,2024-03-04,2024-03-06,243
LOT04139,P009,L01,2024-03-04,2024-03-06,219
LOT04140,P009,L01,2024-03-04,2024-03-06,299
LOT04141,P005,L01,2024-03-04,2024-03-05,124
LOT04142,P009,L01,2024-03-04,2024-03-06,219
LOT04143,P015,L01,2024-03-04,2024-03-07,366
LOT04144,P007,L01,2024-03-04,2024-03-06,91
LOT04145,P003,L01,2024-03-04,2024-03-05,226
LOT04146,P010,L01,2024-03-04,2024-03-06,292
LOT04147,P001,L02,2024-03-04,2024-03-06,88
LOT04148,P022,L02,2024-03-04,2024-03-05,313
LOT04149,P017,L02,2024-03-04,2024-03-06,234
LOT04150,P004,L02,2024-03-04,2024-03-05,239
LOT04151,P006,L02,2024-03-04,2024-03-07,263
LOT04152,P006,L02,2024-03-04,2024-03-06,373
LOT04153,P001,L02,2024-03-04,2024-03-05,176
LOT04154,P024,L02,2024-03-04,2024-03-06,234
LOT04155,P021,L02,2024-03-04,2024-03-07,99
LOT04156,P023,L02,2024-03-04,2024-03-05,189
LOT04157,P006,L02,2024-03-04,2024-03-06,365
LOT04158,P017,L02,2024-03-04,2024-03-06,220
LOT04159,P008,L02,2024-03-04,2024-03-05,219
LOT04160,P008,L02,2024-03-04,2024-03-06,267
LOT04161,P018,L02,2024-03-04,2024-03-06,217
LOT04162,P008,L02,2024-03-04,2024-03-05,129
LOT04163,P021,L02,2024-03-04,2024-03-05,278
LOT04164,P001,L02,2024-03-04,2024-03-07,363
LOT04165,P004,L02,2024-03-04,2024-03-05,105
LOT04166,P023,L02,2024-03-04,2024-03-06,92
LOT04167,P023,L02,2024-03-04,2024-03-06,202
LOT04168,P022,L02,2024-03-04,2024-03-07,280
LOT04169,P006,L02,2024-03-04,2024-03-07,210
LOT04170,P022,L03,2024-03-04,2024-03-06,324
LOT04171,P022,L03,2024-03-04,2024-03-07,147
LOT04172,P015,L03,2024-03-04,2024-03-07,228
LOT04173,P009,L03,2024-03-04,2024-03-05,276
LOT04174,P015,L03,2024-03-04,2024-03-07,125
LOT04175,P015,L03,2024-03-04,2024-03-05,374
LOT04176,P015,L03,2024-03-04,2024-03-06,150
LOT04177,P010,L03,2024-03-04,2024-03-07,206
LOT04178,P011,L03,2024-03-04,2024-03-05,173
LOT04179,P014,L03,2024-03-04,2024-03-06,123
LOT04180,P015,L03,2024-03-04,2024-03-06,177
LOT04181,P009,L03,2024-03-04,2024-03-05,324
LOT04182,P015,L03,2024-03-04,2024-03-05,388
LOT04183,P014,L03,2024-03-04,2024-03-05,194
LOT04184,P009,L03,2024-03-04,2024-03-05,197
LOT04185,P013,L03,2024-03-04,2024-03-06,108
LOT04186,P013,L03,2024-03-04,2024-03-06,327
LOT04187,P011,L03,2024-03-04,2024-03-06,116
LOT04188,P021,L03,2024-03-04,2024-03-07,139
LOT04189,P010,L03,2024-03-04,2024-03-05,220
LOT04190,P018,L03,2024-03-04,2024-03-05,89
LOT04191,P019,L03,2024-03-04,2024-03-07,272
LOT04192,P021,L03,2024-03-04,2024-03-07,234
LOT04193,P017,L03,2024-03-04,2024-03-06,350
LOT04194,P002,L01,2024-03-05,2024-03-07,372
LOT04195,P016,L01,2024-03-05,2024-03-08,97
LOT04196,P001,L01,2024-03-05,2024-03-07,249
LOT04197,P005,L01,2024-03-05,2024-03-07,346
LOT04198,P010,L01,2024-03-05,2024-03-07,97
LOT04199,P010,L01,2024-03-05,2024-03-07,144
LOT04200,P015,L01,2024-03-05,2024-03-07,241
LOT04201,P016,L01,2024-03-05,2024-03-08,169
LOT04202,P011,L01,2024-03-05,2024-03-07,101
LOT04203,P011,L01,2024-03-05,2024-03-07,266
LOT04204,P006,L01,2024-03-05,2024-03-07,174
LOT04205,P013,L01,2024-03-05,2024-03-06,265
LOT04206,P011,L01,2024-03-05,2024-03-07,107
LOT04207,P001,L01,2024-03-05,2024-03-07,110
LOT04208,P014,L01,2024-03-05,2024-03-07,285
LOT04209,P006,L01,2024-03-05,2024-03-08,309
LOT04210,P008,L01,2024-03-05,2024-03-08,157
LOT04211,P008,L01,2024-03-05,2024-03-08,192
LOT04212,P014,L01,2024-03-05,2024-03-07,332
LOT04213,P005,L01,2024-03-05,2024-03-06,104
LOT04214,P007,L01,2024-03-05,2024-03-08,292
LOT04215,P001,L01,2024-03-05,2024-03-07,125
LOT04216,P006,L01,2024-03-05,2024-03-07,143
LOT04217,P002,L01,2024-03-05,2024-03-07,243
LOT04218,P010,L01,2024-03-05,2024-03-08,393
LOT04219,P015,L01,2024-03-05,2024-03-06,116
LOT04220,P017,L02,2024-03-05,2024-03-07,108
LOT04221,P006,L02,2024-03-05,2024-03-08,298
LOT04222,P019,L02,2024-03-05,2024-03-07,354
LOT04223,P005,L02,2024-03-05,2024-03-08,324
LOT04224,P008,L02,2024-03-05,2024-03-06,283
LOT04225,P022,L02,2024-03-05,2024-03-06,105
LOT04226,P007,L02,2024-03-05,2024-03-07,113
LOT04227,P001,L02,2024-03-05,2024-03-06,313
LOT04228,P023,L02,2024-03-05,2024-03-07,207
LOT04229,P005,L02,2024-03-05,2024-03-06,327
LOT04230,P021,L02,2024-03-05,2024-03-07,267
LOT04231,P021,L02,2024-03-05,2024-03-06,119
LOT04232,P010,L03,2024-03-05,2024-03-07,395
LOT04233,P016,L03,2024-03-05,2024-03-08,367
LOT04234,P009,L03,2024-03-05,2024-03-08,305
LOT04235,P021,L03,2024-03-05,2024-03-07,397
LOT04236,P018,L03,2024-03-05,2024-03-06,312
LOT04237,P014,L03,2024-03-05,2024-03-06,188
LOT04238,P017,L03,2024-03-05,2024-03-06,272
LOT04239,P020,L03,2024-03-05,2024-03-08,105
LOT04240,P009,L03,2024-03-05,2024-03-07,151
LOT04241,P019,L03,2024-03-05,2024-03-06,214
LOT04242,P022,L03,2024-03-05,2024-03-07,144
LOT04243,P020,L03,2024-03-05,2024-03-07,386
LOT04244,P018,L03,2024-03-05,2024-03-07,399
LOT04245,P010,L03,2024-03-05,2024-03-08,199
LOT04246,P020,L03,2024-03-05,2024-03-07,307
LOT04247,P021,L03,2024-03-05,2024-03-07,210
LOT04248,P016,L03,2024-03-05,2024-03-06,124
LOT04249,P018,L03,2024-03-05,2024-03-06,188
LOT04250,P018,L03,2024-03-05,2024-03-08,154
LOT04251,P010,L03,2024-03-05,2024-03-06,185
LOT04252,P013,L03,2024-03-05,2024-03-07,149
LOT04253,P021,L03,2024-03-05,2024-03-06,116
LOT04254,P024,L03,2024-03-05,2024-03-06,149
LOT04255,P013,L03,2024-03-05,2024-03-08,370
LOT04256,P015,L03,2024-03-05,2024-03-07,107
LOT04257,P023,L03,2024-03-05,2024-03-06,184
LOT04258,P011,L03,2024-03-05,2024-03-07,249
LOT04259,P013,L03,2024-03-05,2024-03-06,193
LOT04260,P009,L03,2024-03-05,2024-03-06,246
LOT04261,P012,L03,2024-03-05,2024-03-08,93
LOT04262,P019,L03,2024-03-05,2024-03-07,288
LOT04263,P007,L01,2024-03-06,2024-03-09,387
LOT04264,P010,L01,2024-03-06,2024-03-09,216
LOT04265,P006,L01,2024-03-06,2024-03-09,164
LOT04266,P008,L01,2024-03-06,2024-03-09,275
LOT04267,P002,L01,2024-03-06,2024-03-08,281
LOT04268,P006,L01,2024-03-06,2024-03-07,279
LOT04269,P003,L01,2024-03-06,2024-03-08,183
LOT04270,P004,L01,2024-03-06,2024-03-09,100
LOT04271,P007,L01,2024-03-06,2024-03-09,147
LOT04272,P009,L01,2024-03-06,2024-03-07,129
LOT04273,P016,L01,2024-03-06,2024-03-07,119
LOT04274,P001,L01,2024-03-06,2024-03-09,377
LOT04275,P015,L01,2024-03-06,2024-03-08,84
LOT04276,P006,L01,2024-03-06,2024-03-09,273
LOT04277,P012,L01,2024-03-06,2024-03-08,384
LOT04278,P011,L01,2024-03-06,2024-03-08,195
LOT04279,P016,L01,2024-03-06,2024-03-09,249
LOT04280,P002,L01,2024-03-06,2024-03-09,303
LOT04281,P016,L01,2024-03-06,2024-03-09,181
LOT04282,P002,L01,2024-03-06,2024-03-07,233
LOT04283,P015,L01,2024-03-06,2024-03-08,342
LOT04284,P011,L01,2024-03-06,2024-03-07,319
LOT04285,P008,L01,2024-03-06,2024-03-09,339
LOT04286,P007,L01,2024-03-06,2024-03-09,396
LOT04287,P002,L01,2024-03-06,2024-03-08,198
LOT04288,P013,L01,2024-03-06,2024-03-08,319
LOT04289,P012,L01,2024-03-06,2024-03-07,273
LOT04290,P015,L01,2024-03-06,2024-03-08,293
LOT04291,P021,L02,2024-03-06,2024-03-07,134
LOT04292,P023,L02,2024-03-06,2024-03-08,163
LOT04293,P023,L02,2024-03-06,2024-03-08,372
LOT04294,P006,L02,2024-03-06,2024-03-07,179
LOT04295,P001,L02,2024-03-06,2024-03-07,392
LOT04296,P019,L02,2024-03-06,2024-03-09,157
LOT04297,P002,L02,2024-03-06,2024-03-08,312
LOT04298,P005,L02,2024-03-06,2024-03-09,264
LOT04299,P020,L02,2024-03-06,2024-03-07,303
LOT04300,P018,L02,2024-03-06,2024-03-09,286
LOT04301,P018,L02,2024-03-06,2024-03-07,306
LOT04302,P021,L02,2024-03-06,2024-03-07,370
LOT04303,P003,L02,2024-03-06,2024-03-09,260
LOT04304,P021,L02,2024-03-06,2024-03-08,101
LOT04305,P018,L02,2024-03-06,2024-03-09,166
LOT04306,P007,L02,2024-03-06,2024-03-07,307
LOT04307,P008,L02,2024-03-06,2024-03-09,238
LOT04308,P017,L02,2024-03-06,2024-03-08,256
LOT04309,P017,L02,2024-03-06,2024-03-07,271
LOT04310,P006,L02,2024-03-06,2024-03-09,202
LOT04311,P023,L03,2024-03-06,2024-03-07,194
LOT04312,P020,L03,2024-03-06,2024-03-08,136
LOT04313,P024,L03,2024-03-06,2024-03-09,265
LOT04314,P020,L03,2024-03-06,2024-03-08,207
LOT04315,P022,L03,2024-03-06,2024-03-09,110
LOT04316,P023,L03,2024-03-06,2024-03-09,261
LOT04317,P024,L03,2024-03-06,2024-03-07,252
LOT04318,P018,L03,2024-03-06,2024-03-09,135
LOT04319,P020,L03,2024-03-06,2024-03-08,271
LOT04320,P024,L03,2024-03-06,2024-03-09,262
LOT04321,P015,L03,2024-03-06,2024-03-09,328
LOT04322,P010,L03,2024-03-06,2024-03-09,196
LOT04323,P023,L03,2024-03-06,2024-03-09,159
LOT04324,P019,L03,2024-03-06,2024-03-09,385
LOT04325,P015,L03,2024-03-06,2024-03-07,260
LOT04326,P020,L03,2024-03-06,2024-03-09,88
LOT04327,P009,L03,2024-03-06,2024-03-09,343
LOT04328,P016,L03,2024-03-06,2024-03-09,143
LOT04329,P013,L03,2024-03-06,2024-03-09,332
LOT04330,P013,L03,2024-03-06,2024-03-07,306
LOT04331,P024,L03,2024-03-06,2024-03-08,390
LOT04332,P017,L03,2024-03-06,2024-03-07,389
LOT04333,P011,L03,2024-03-06,2024-03-08,168
LOT04334,P014,L03,2024-03-06,2024-03-08,326
LOT04335,P012,L03,2024-03-06,2024-03-09,181
LOT04336,P023,L03,2024-03-06,2024-03-09,281
LOT04337,P002,L01,2024-03-07,2024-03-09,272
LOT04338,P001,L01,2024-03-07,2024-03-08,249
LOT04339,P010,L01,2024-03-07,2024-03-08,365
LOT04340,P001,L01,2024-03-07,2024-03-10,225
LOT04341,P015,L01,2024-03-07,2024-03-10,340
LOT04342,P003,L01,2024-03-07,2024-03-08,97
LOT04343,P002,L01,2024-03-07,2024-03-08,80
LOT04344,P005,L01,2024-03-07,2024-03-09,249
LOT04345,P013,L01,2024-03-07,2024-03-09,103
LOT04346,P015,L01,2024-03-07,2024-03-10,393
LOT04347,P005,L01,2024-03-07,2024-03-09,81
LOT04348,P009,L01,2024-03-07,2024-03-09,310
LOT04349,P013,L01,2024-03-07,2024-03-10,158
LOT04350,P013,L01,2024-03-07,2024-03-10,390
LOT04351,P003,L01,2024-03-07,2024-03-09,202
LOT04352,P014,L01,2024-03-07,2024-03-09,88
LOT04353,P014,L01,2024-03-07,2024-03-09,88
LOT04354,P012,L01,2024-03-07,2024-03-08,257
LOT04355,P009,L01,2024-03-07,2024-03-09,396
LOT04356,P007,L01,2024-03-07,2024-03-09,394
LOT04357,P015,L01,2024-03-07,2024-03-10,188
LOT04358,P014,L01,2024-03-07,2024-03-10,234
LOT04359,P009,L01,2024-03-07,2024-03-09,112
LOT04360,P012,L01,2024-03-07,2024-03-08,247
LOT04361,P007,L01,2024-03-07,2024-03-08,272
LOT04362,P012,L01,2024-03-07,2024-03-08,160
LOT04363,P002,L01,2024-03-07,2024-03-09,276
LOT04364,P015,L01,2024-03-07,2024-03-10,368
LOT04365,P017,L02,2024-03-07,2024-03-09,86
LOT04366,P003,L02,2024-03-07,2024-03-08,209
LOT04367,P017,L02,2024-03-07,2024-03-08,226
LOT04368,P019,L02,2024-03-07,2024-03-08,111
LOT04369,P003,L02,2024-03-07,2024-03-10,395
LOT04370,P002,L02,2024-03-07,2024-03-10,129
LOT04371,P021,L02,2024-03-07,2024-03-09,185
LOT04372,P020,L02,2024-03-07,2024-03-08,213
LOT04373,P005,L02,2024-03-07,2024-03-09,235
LOT04374,P023,L02,2024-03-07,2024-03-08,394
LOT04375,P004,L02,2024-03-07,2024-03-10,186
LOT04376,P023,L02,2024-03-07,2024-03-08,251
LOT04377,P002,L02,2024-03-07,2024-03-09,396
LOT04378,P015,L03,2024-03-07,2024-03-08,203
LOT04379,P014,L03,2024-03-07,2024-03-09,120
LOT04380,P022,L03,2024-03-07,2024-03-10,363
LOT04381,P023,L03,2024-03-07,2024-03-10,247
LOT04382,P011,L03,2024-03-07,2024-03-10,192
LOT04383,P024,L03,2024-03-07,2024-03-09,84
LOT04384,P018,L03,2024-03-07,2024-03-10,109
LOT04385,P013,L03,2024-03-07,2024-03-09,331
LOT04386,P015,L03,2024-03-07,2024-03-08,276
LOT04387,P016,L03,2024-03-07,2024-03-08,207
LOT04388,P011,L03,2024-03-07,2024-03-09,160
LOT04389,P022,L03,2024-03-07,2024-03-10,206
LOT04390,P009,L03,2024-03-07,2024-03-09,341
LOT04391,P010,L03,2024-03-07,2024-03-08,225
LOT04392,P013,L03,2024-03-07,2024-03-10,208
LOT04393,P011,L03,2024-03-07,2024-03-08,171
LOT04394,P016,L01,2024-03-08,2024-03-09,348
LOT04395,P016,L01,2024-03-08,2024-03-10,339
LOT04396,P011,L01,2024-03-08,2024-03-09,346
LOT04397,P012,L01,2024-03-08,2024-03-10,353
LOT04398,P013,L01,2024-03-08,2024-03-09,335
LOT04399,P003,L01,2024-03-08,2024-03-09,195
LOT04400,P012,L01,2024-03-08,2024-03-09,386
LOT04401,P004,L01,2024-03-08,2024-03-10,394
LOT04402,P005,L01,2024-03-08,2024-03-10,130
LOT04403,P002,L01,2024-03-08,2024-03-10,221
LOT04404,P003,L01,2024-03-08,2024-03-09,379
LOT04405,P016,L01,2024-03-08,2024-03-11,260
LOT04406,P006,L01,2024-03-08,2024-03-10,305
LOT04407,P007,L01,2024-03-08,2024-03-11,100
LOT04408,P008,L01,2024-03-08,2024-03-10,329
LOT04409,P012,L01,2024-03-08,2024-03-11,271
LOT04410,P010,L01,2024-03-08,2024-03-11,268
LOT04411,P009,L01,2024-03-08,2024-03-10,222
LOT04412,P014,L01,2024-03-08,2024-03-11,364
LOT04413,P008,L01,2024-03-08,2024-03-09,174
LOT04414,P013,L01,2024-03-08,2024-03-10,325
LOT04415,P015,L01,2024-03-08,2024-03-10,286
LOT04416,P011,L01,2024-03-08,2024-03-09,173
LOT04417,P001,L01,2024-03-08,2024-03-11,265
LOT04418,P005,L01,2024-03-08,2024-03-11,149
LOT04419,P010,L01,2024-03-08,2024-03-09,392
LOT04420,P008,L01,2024-03-08,2024-03-11,361
LOT04421,P005,L01,2024-03-08,2024-03-09,337
LOT04422,P006,L01,2024-03-08,2024-03-10,350
LOT04423,P002,L01,2024-03-08,2024-03-11,219
LOT04424,P004,L01,2024-03-08,2024-03-09,392
LOT04425,P013,L01,2024-03-08,2024-03-10,218
LOT04426,P019,L02,2024-03-08,2024-03-11,130
LOT04427,P001,L02,2024-03-08,2024-03-10,215
LOT04428,P005,L02,2024-03-08,2024-03-10,308
LOT04429,P008,L02,2024-03-08,2024-03-09,325
LOT04430,P019,L02,2024-03-08,2024-03-10,110
LOT04431,P018,L02,2024-03-08,2024-03-11,353
LOT04432,P003,L02,2024-03-08,2024-03-10,312
LOT04433,P008,L02,2024-03-08,2024-03-09,188
LOT04434,P004,L02,2024-03-08,2024-03-10,325
LOT04435,P005,L02,2024-03-08,2024-03-10,313
LOT04436,P020,L02,2024-03-08,2024-03-09,272
LOT04437,P009,L03,2024-03-08,2024-03-11,86
LOT04438,P024,L03,2024-03-08,2024-03-11,99
LOT04439,P022,L03,2024-03-08,2024-03-10,189
LOT04440,P018,L03,2024-03-08,2024-03-11,291
LOT04441,P023,L03,2024-03-08,2024-03-09,237
LOT04442,P021,L03,2024-03-08,2024-03-10,228
LOT04443,P011,L03,2024-03-08,2024-03-09,137
LOT04444,P020,L03,2024-03-08,2024-03-10,163
LOT04445,P015,L03,2024-03-08,2024-03-10,132
LOT04446,P022,L03,2024-03-08,2024-03-11,140
LOT04447,P022,L03,2024-03-08,2024-03-10,348
LOT04448,P024,L03,2024-03-08,2024-03-10,124
LOT04449,P016,L03,2024-03-08,2024-03-09,195
LOT04450,P012,L03,2024-03-08,2024-03-09,363
LOT04451,P011,L03,2024-03-08,2024-03-11,394
LOT04452,P011,L03,2024-03-08,2024-03-11,268
LOT04453,P024,L03,2024-03-08,2024-03-09,223
LOT04454,P018,L03,2024-03-08,2024-03-09,349
LOT04455,P014,L03,2024-03-08,2024-03-10,203
LOT04456,P016,L03,2024-03-08,2024-03-11,199
LOT04457,P011,L03,2024-03-08,2024-03-10,152
LOT04458,P018,L03,2024-03-08,2024-03-09,92
LOT04459,P015,L03,2024-03-08,2024-03-10,399
LOT04460,P005,L01,2024-03-09,2024-03-11,191
LOT04461,P010,L01,2024-03-09,2024-03-11,362
LOT04462,P011,L01,2024-03-09,2024-03-10,253
LOT04463,P006,L01,2024-03-09,2024-03-12,361
LOT04464,P009,L01,2024-03-09,2024-03-11,400
LOT04465,P008,L01,2024-03-09,2024-03-11,276
LOT04466,P005,L01,2024-03-09,2024-03-11,95
LOT04467,P012,L01,2024-03-09,2024-03-10,367
LOT04468,P009,L01,2024-03-09,2024-03-10,193
LOT04469,P002,L01,2024-03-09,2024-03-11,264
LOT04470,P008,L01,2024-03-09,2024-03-11,394
LOT04471,P007,L01,2024-03-09,2024-03-12,382
LOT04472,P013,L01,2024-03-09,2024-03-11,394
LOT04473,P005,L01,2024-03-09,2024-03-11,253
LOT04474,P016,L01,2024-03-09,2024-03-12,358
LOT04475,P010,L01,2024-03-09,2024-03-10,372
LOT04476,P003,L01,2024-03-09,2024-03-12,368
LOT04477,P007,L01,2024-03-09,2024-03-12,377
LOT04478,P015,L01,2024-03-09,2024-03-10,140
LOT04479,P005,L01,2024-03-09,2024-03-10,160
LOT04480,P012,L01,2024-03-09,2024-03-10,221
LOT04481,P013,L01,2024-03-09,2024-03-10,130
LOT04482,P012,L01,2024-03-09,2024-03-11,334
LOT04483,P002,L01,2024-03-09,2024-03-10,244
LOT04484,P019,L02,2024-03-09,2024-03-12,143
LOT04485,P004,L02,2024-03-09,2024-03-11,200
LOT04486,P006,L02,2024-03-09,2024-03-12,274
LOT04487,P022,L02,2024-03-09,2024-03-11,331
LOT04488,P004,L02,2024-03-09,2024-03-12,197
LOT04489,P021,L02,2024-03-09,2024-03-11,280
LOT04490,P024,L02,2024-03-09,2024-03-12,234
LOT04491,P024,L02,2024-03-09,2024-03-11,351
LOT04492,P005,L02,2024-03-09,2024-03-12,262
LOT04493,P002,L02,2024-03-09,2024-03-10,173
LOT04494,P004,L02,2024-03-09,2024-03-11,305
LOT04495,P020,L03,2024-03-09,2024-03-12,193
LOT04496,P024,L03,2024-03-09,2024-03-10,322
LOT04497,P011,L03,2024-03-09,2024-03-12,237
LOT04498,P023,L03,2024-03-09,2024-03-12,378
LOT04499,P009,L03,2024-03-09,2024-03-11,147
LOT04500,P012,L03,2024-03-09,2024-03-10,322
LOT04501,P022,L03,2024-03-09,2024-03-11,129
LOT04502,P021,L03,2024-03-09,2024-03-10,391
LOT04503,P024,L03,2024-03-09,2024-03-10,184
LOT04504,P018,L03,2024-03-09,2024-03-11,196
LOT04505,P018,L03,2024-03-09,2024-03-12,298
LOT04506,P017,L03,2024-03-09,2024-03-11,165
LOT04507,P017,L03,2024-03-09,2024-03-12,269
LOT04508,P017,L03,2024-03-09,2024-03-12,190
LOT04509,P013,L03,2024-03-09,2024-03-10,368
LOT04510,P022,L03,2024-03-09,2024-03-10,351
LOT04511,P014,L03,2024-03-09,2024-03-12,154
LOT04512,P018,L03,2024-03-09,2024-03-12,106
LOT04513,P019,L03,2024-03-09,2024-03-11,194
LOT04514,P017,L03,2024-03-09,2024-03-11,251
LOT04515,P018,L03,2024-03-09,2024-03-11,232
LOT04516,P009,L03,2024-03-09,2024-03-12,131
LOT04517,P014,L03,2024-03-09,2024-03-12,96
LOT04518,P016,L03,2024-03-09,2024-03-10,312
LOT04519,P015,L03,2024-03-09,2024-03-10,327
LOT04520,P023,L03,2024-03-09,2024-03-10,127
LOT04521,P023,L03,2024-03-09,2024-03-12,136
LOT04522,P015,L01,2024-03-10,2024-03-12,189
LOT04523,P006,L01,2024-03-10,2024-03-12,337
LOT04524,P010,L01,2024-03-10,2024-03-12,89
LOT04525,P014,L01,2024-03-10,2024-03-11,340
LOT04526,P003,L01,2024-03-10,2024-03-13,327
LOT04527,P003,L01,2024-03-10,2024-03-11,134
LOT04528,P006,L01,2024-03-10,2024-03-12,154
LOT04529,P004,L01,2024-03-10,2024-03-12,259
LOT04530,P005,L01,2024-03-10,2024-03-11,119
LOT04531,P003,L01,2024-03-10,2024-03-12,311
LOT04532,P014,L01,2024-03-10,2024-03-12,183
LOT04533,P013,L01,2024-03-10,2024-03-11,267
LOT04534,P003,L01,2024-03-10,2024-03-11,347
LOT04535,P009,L01,2024-03-10,2024-03-13,88
LOT04536,P011,L01,2024-03-10,2024-03-13,87
LOT04537,P011,L01,2024-03-10,2024-03-12,294
LOT04538,P016,L01,2024-03-10,2024-03-11,145
LOT04539,P011,L01,2024-03-10,2024-03-11,313
LOT04540,P011,L01,2024-03-10,2024-03-11,235
LOT04541,P001,L01,2024-03-10,2024-03-12,390
LOT04542,P002,L01,2024-03-10,2024-03-13,342
LOT04543,P010,L01,2024-03-10,2024-03-13,254
LOT04544,P015,L01,2024-03-10,2024-03-12,133
LOT04545,P007,L01,2024-03-10,2024-03-13,203
LOT04546,P011,L01,2024-03-10,2024-03-12,125
LOT04547,P004,L01,2024-03-10,2024-03-11,283
LOT04548,P008,L01,2024-03-10,2024-03-12,268
LOT04549,P013,L01,2024-03-10,2024-03-11,106
LOT04550,P011,L01,2024-03-10,2024-03-13,218
LOT04551,P002,L01,2024-03-10,2024-03-12,171
LOT04552,P015,L01,2024-03-10,2024-03-12,260
LOT04553,P015,L01,2024-03-10,2024-03-12,378
LOT04554,P023,L02,2024-03-10,2024-03-13,233
LOT04555,P001,L02,2024-03-10,2024-03-12,164
LOT04556,P003,L02,2024-03-10,2024-03-11,121
LOT04557,P019,L02,2024-03-10,2024-03-11,91
LOT04558,P023,L02,2024-03-10,2024-03-12,130
LOT04559,P003,L02,2024-03-10,2024-03-12,385
LOT04560,P017,L02,2024-03-10,2024-03-13,264
LOT04561,P008,L02,2024-03-10,2024-03-11,236
LOT04562,P005,L02,2024-03-10,2024-03-13,203
LOT04563,P019,L02,2024-03-10,2024-03-13,307
LOT04564,P023,L02,2024-03-10,2024-03-11,125
LOT04565,P004,L02,2024-03-10,2024-03-11,168
LOT04566,P001,L02,2024-03-10,2024-03-11,290
LOT04567,P006,L02,2024-03-10,2024-03-12,233
LOT04568,P006,L02,2024-03-10,2024-03-13,327
LOT04569,P020,L02,2024-03-10,2024-03-13,367
LOT04570,P017,L02,2024-03-10,2024-03-12,344
LOT04571,P001,L02,2024-03-10,2024-03-12,139
LOT04572,P006,L02,2024-03-10,2024-03-11,109
LOT04573,P016,L03,2024-03-10,2024-03-11,387
LOT04574,P023,L03,2024-03-10,2024-03-13,217
LOT04575,P023,L03,2024-03-10,2024-03-12,210
LOT04576,P023,L03,2024-03-10,2024-03-12,254
LOT04577,P016,L03,2024-03-10,2024-03-12,277
LOT04578,P013,L03,2024-03-10,2024-03-12,282
LOT04579,P009,L03,2024-03-10,2024-03-13,146
LOT04580,P022,L03,2024-03-10,2024-03-11,249
LOT04581,P022,L03,2024-03-10,2024-03-11,154
LOT04582,P017,L03,2024-03-10,2024-03-13,214
LOT04583,P010,L03,2024-03-10,2024-03-12,329
LOT04584,P022,L03,2024-03-10,2024-03-11,233
LOT04585,P013,L03,2024-03-10,2024-03-11,240
LOT04586,P017,L03,2024-03-10,2024-03-11,372
LOT04587,P019,L03,2024-03-10,2024-03-11,144
LOT04588,P011,L03,2024-03-10,2024-03-11,122
LOT04589,P010,L03,2024-03-10,2024-03-11,153
LOT04590,P012,L01,2024-03-11,2024-03-14,325
LOT04591,P010,L01,2024-03-11,2024-03-12,316
LOT04592,P016,L01,2024-03-11,2024-03-14,110
LOT04593,P004,L01,2024-03-11,2024-03-12,270
LOT04594,P013,L01,2024-03-11,2024-03-13,291
LOT04595,P015,L01,2024-03-11,2024-03-13,348
LOT04596,P009,L01,2024-03-11,2024-03-13,146
LOT04597,P006,L01,2024-03-11,2024-03-12,361
LOT04598,P005,L01,2024-03-11,2024-03-14,228
LOT04599,P003,L01,2024-03-11,2024-03-12,110
LOT04600,P006,L01,2024-03-11,2024-03-12,113
LOT04601,P012,L01,2024-03-11,2024-03-13,143
LOT04602,P009,L01,2024-03-11,2024-03-12,170
LOT04603,P004,L01,2024-03-11,2024-03-14,239
LOT04604,P009,L01,2024-03-11,2024-03-12,320
LOT04605,P013,L01,2024-03-11,2024-03-13,139
LOT04606,P001,L01,2024-03-11,2024-03-14,398
LOT04607,P001,L01,2024-03-11,2024-03-13,131
LOT04608,P016,L01,2024-03-11,2024-03-12,272
LOT04609,P012,L01,2024-03-11,2024-03-14,378
LOT04610,P010,L01,2024-03-11,2024-03-14,347
LOT04611,P015,L01,2024-03-11,2024-03-13,287
LOT04612,P010,L01,2024-03-11,2024-03-14,309
LOT04613,P009,L01,2024-03-11,2024-03-13,123
LOT04614,P004,L01,2024-03-11,2024-03-14,83
LOT04615,P008,L02,2024-03-11,2024-03-14,289
LOT04616,P006,L02,2024-03-11,2024-03-14,286
LOT04617,P002,L02,2024-03-11,2024-03-13,198
LOT04618,P004,L02,2024-03-11,2024-03-13,231
LOT04619,P007,L02,2024-03-11,2024-03-13,237
LOT04620,P023,L02,2024-03-11,2024-03-13,157
LOT04621,P007,L02,2024-03-11,2024-03-13,180
LOT04622,P023,L02,2024-03-11,2024-03-12,214
LOT04623,P020,L02,2024-03-11,2024-03-12,273
LOT04624,P022,L02,2024-03-11,2024-03-14,386
LOT04625,P022,L02,2024-03-11,2024-03-12,252
LOT04626,P020,L02,2024-03-11,2024-03-13,314
LOT04627,P020,L02,2024-03-11,2024-03-13,339
LOT04628,P003,L02,2024-03-11,2024-03-14,116
LOT04629,P020,L02,2024-03-11,2024-03-13,289
LOT04630,P001,L02,2024-03-11,2024-03-13,234
LOT04631,P018,L03,2024-03-11,2024-03-13,223
LOT04632,P023,L03,2024-03-11,2024-03-13,92
LOT04633,P018,L03,2024-03-11,2024-03-13,221
LOT04634,P024,L03,2024-03-11,2024-03-12,194
LOT04635,P014,L03,2024-03-11,2024-03-13,197
LOT04636,P009,L03,2024-03-11,2024-03-14,249
LOT04637,P019,L03,2024-03-11,2024-03-13,164
LOT04638,P012,L03,2024-03-11,2024-03-14,87
LOT04639,P009,L03,2024-03-11,2024-03-13,134
LOT04640,P011,L03,2024-03-11,2024-03-14,201
LOT04641,P023,L03,2024-03-11,2024-03-12,98
LOT04642,P021,L03,2024-03-11,2024-03-14,207
LOT04643,P013,L03,2024-03-11,2024-03-12,351
LOT04644,P018,L03,2024-03-11,2024-03-12,230
LOT04645,P014,L03,2024-03-11,2024-03-12,120
LOT04646,P011,L03,2024-03-11,2024-03-12,140
LOT04647,P024,L03,2024-03-11,2024-03-14,223
LOT04648,P022,L03,2024-03-11,2024-03-14,165
LOT04649,P014,L03,2024-03-11,2024-03-14,108
LOT04650,P014,L03,2024-03-11,2024-03-12,85
LOT04651,P022,L03,2024-03-11,2024-03-14,295
LOT04652,P016,L03,2024-03-11,2024-03-14,377
LOT04653,P015,L03,2024-03-11,2024-03-12,311
LOT04654,P009,L01,2024-03-12,2024-03-14,309
LOT04655,P002,L01,2024-03-12,2024-03-15,244
LOT04656,P009,L01,2024-03-12,2024-03-13,359
LOT04657,P010,L01,2024-03-12,2024-03-14,295
LOT04658,P012,L01,2024-03-12,2024-03-15,196
LOT04659,P010,L01,2024-03-12,2024-03-14,86
LOT04660,P004,L01,2024-03-12,2024-03-15,98
LOT04661,P006,L01,2024-03-12,2024-03-14,192
LOT04662,P008,L01,2024-03-12,2024-03-13,228
LOT04663,P016,L01,2024-03-12,2024-03-15,133
LOT04664,P009,L01,2024-03-12,2024-03-13,140
LOT04665,P011,L01,2024-03-12,2024-03-13,153
LOT04666,P012,L01,2024-03-12,2024-03-14,330
LOT04667,P006,L01,2024-03-12,2024-03-15,327
LOT04668,P016,L01,2024-03-12,2024-03-15,202
LOT04669,P011,L01,2024-03-12,2024-03-15,135
LOT04670,P014,L01,2024-03-12,2024-03-15,115
LOT04671,P012,L01,2024-03-12,2024-03-15,107
LOT04672,P010,L01,2024-03-12,2024-03-13,205
LOT04673,P001,L01,2024-03-12,2024-03-15,94
LOT04674,P010,L01,2024-03-12,2024-03-13,187
LOT04675,P003,L01,2024-03-12,2024-03-15,388
LOT04676,P010,L01,2024-03-12,2024-03-14,242
LOT04677,P012,L01,2024-03-12,2024-03-14,344
LOT04678,P009,L01,2024-03-12,2024-03-13,121
LOT04679,P005,L01,2024-03-12,2024-03-13,166
LOT04680,P001,L01,2024-03-12,2024-03-14,383
LOT04681,P011,L01,2024-03-12,2024-03-14,203
LOT04682,P012,L01,2024-03-12,2024-03-13,288
LOT04683,P005,L02,2024-03-12,2024-03-14,299
LOT04684,P001,L02,2024-03-12,2024-03-15,375
LOT04685,P005,L02,2024-03-12,2024-03-13,176
LOT04686,P002,L02,2024-03-12,2024-03-14,183
LOT04687,P019,L02,2024-03-12,2024-03-14,354
LOT04688,P001,L02,2024-03-12,2024-03-13,366
LOT04689,P006,L02,2024-03-12,2024-03-15,373
LOT04690,P023,L02,2024-03-12,2024-03-13,174
LOT04691,P018,L02,2024-03-12,2024-03-13,118
LOT04692,P019,L02,2024-03-12,2024-03-13,221
LOT04693,P019,L02,2024-03-12,2024-03-13,174
LOT04694,P005,L02,2024-03-12,2024-03-15,363
LOT04695,P019,L02,2024-03-12,2024-03-15,91
LOT04696,P004,L02,2024-03-12,2024-03-14,283
LOT04697,P009,L03,2024-03-12,2024-03-15,351
LOT04698,P009,L03,2024-03-12,2024-03-14,131
LOT04699,P023,L03,2024-03-12,2024-03-15,333
LOT04700,P024,L03,2024-03-12,2024-03-14,257
LOT04701,P017,L03,2024-03-12,2024-03-15,201
LOT04702,P023,L03,2024-03-12,2024-03-13,126
LOT04703,P019,L03,2024-03-12,2024-03-14,400
LOT04704,P009,L03,2024-03-12,2024-03-15,278
LOT04705,P020,L03,2024-03-12,2024-03-13,221
LOT04706,P009,L03,2024-03-12,2024-03-13,199
LOT04707,P022,L03,2024-03-12,2024-03-14,370
LOT04708,P014,L03,2024-03-12,2024-03-15,343
LOT04709,P011,L03,2024-03-12,2024-03-13,340
LOT04710,P013,L03,2024-03-12,2024-03-13,277
LOT04711,P009,L01,2024-03-13,2024-03-14,209
LOT04712,P012,L01,2024-03-13,2024-03-16,339
LOT04713,P009,L01,2024-03-13,2024-03-15,174
LOT04714,P007,L01,2024-03-13,2024-03-15,299
LOT04715,P007,L01,2024-03-13,2024-03-14,313
LOT04716,P010,L01,2024-03-13,2024-03-16,351
LOT04717,P001,L01,2024-03-13,2024-03-15,182
LOT04718,P016,L01,2024-03-13,2024-03-14,318
LOT04719,P002,L01,2024-03-13,2024-03-15,114
LOT04720,P016,L01,2024-03-13,2024-03-16,124
LOT04721,P001,L01,2024-03-13,2024-03-16,213
LOT04722,P009,L01,2024-03-13,2024-03-15,97
LOT04723,P007,L01,2024-03-13,2024-03-14,384
LOT04724,P010,L01,2024-03-13,2024-03-15,369
LOT04725,P007,L01,2024-03-13,2024-03-16,95
LOT04726,P015,L01,2024-03-13,2024-03-15,349
LOT04727,P001,L01,2024-03-13,2024-03-15,243
LOT04728,P016,L01,2024-03-13,2024-03-15,305
LOT04729,P012,L01,2024-03-13,2024-03-16,364
LOT04730,P013,L01,2024-03-13,2024-03-15,265
LOT04731,P003,L01,2024-03-13,2024-03-15,117
LOT04732,P002,L01,2024-03-13,2024-03-16,80
LOT04733,P007,L01,2024-03-13,2024-03-16,239
LOT04734,P006,L01,2024-03-13,2024-03-16,384
LOT04735,P013,L01,2024-03-13,2024-03-15,263
LOT04736,P015,L01,2024-03-13,2024-03-15,199
LOT04737,P007,L01,2024-03-13,2024-03-14,89
LOT04738,P013,L01,2024-03-13,2024-03-16,373
LOT04739,P001,L01,2024-03-13,2024-03-14,185
LOT04740,P012,L01,2024-03-13,2024-03-15,306
LOT04741,P002,L01,2024-03-13,2024-03-16,302
LOT04742,P011,L01,2024-03-13,2024-03-14,161
LOT04743,P007,L01,2024-03-13,2024-03-15,100
LOT04744,P007,L01,2024-03-13,2024-03-15,203
LOT04745,P020,L02,2024-03-13,2024-03-16,134
LOT04746,P022,L02,2024-03-13,2024-03-14,220
LOT04747,P022,L02,2024-03-13,2024-03-15,329
LOT04748,P004,L02,2024-03-13,2024-03-15,133
LOT04749,P007,L02,2024-03-13,2024-03-16,370
LOT04750,P017,L02,2024-03-13,2024-03-15,303
LOT04751,P024,L02,2024-03-13,2024-03-16,232
LOT04752,P001,L02,2024-03-13,2024-03-14,274
LOT04753,P008,L02,2024-03-13,2024-03-15,336
LOT04754,P004,L02,2024-03-13,2024-03-16,231
LOT04755,P004,L02,2024-03-13,2024-03-15,215
LOT04756,P021,L02,2024-03-13,2024-03-15,284
LOT04757,P004,L02,2024-03-13,2024-03-15,250
LOT04758,P021,L02,2024-03-13,2024-03-16,161
LOT04759,P024,L02,2024-03-13,2024-03-14,336
LOT04760,P023,L03,2024-03-13,2024-03-16,347
LOT04761,P009,L03,2024-03-13,2024-03-16,239
LOT04762,P017,L03,2024-03-13,2024-03-15,296
LOT04763,P013,L03,2024-03-13,2024-03-15,200
LOT04764,P013,L03,2024-03-13,2024-03-15,198
LOT04765,P017,L03,2024-03-13,2024-03-14,90
LOT04766,P024,L03,2024-03-13,2024-03-14,216
LOT04767,P012,L03,2024-03-13,2024-03-15,211
LOT04768,P023,L03,2024-03-13,2024-03-16,152
LOT04769,P017,L03,2024-03-13,2024-03-15,159
LOT04770,P024,L03,2024-03-13,2024-03-14,267
LOT04771,P015,L03,2024-03-13,2024-03-14,182
LOT04772,P024,L03,2024-03-13,2024-03-16,346
LOT04773,P019,L03,2024-03-13,2024-03-14,115
LOT04774,P019,L03,2024-03-13,2024-03-14,265
LOT04775,P018,L03,2024-03-13,2024-03-16,131
LOT04776,P016,L03,2024-03-13,2024-03-14,249
LOT04777,P017,L03,2024-03-13,2024-03-16,257
LOT04778,P022,L03,2024-03-13,2024-03-16,286
LOT04779,P021,L03,2024-03-13,2024-03-14,217
LOT04780,P009,L03,2024-03-13,2024-03-16,243
LOT04781,P010,L01,2024-03-14,2024-03-17,226
LOT04782,P006,L01,2024-03-14,2024-03-16,216
LOT04783,P006,L01,2024-03-14,2024-03-15,262
LOT04784,P011,L01,2024-03-14,2024-03-17,162
LOT04785,P001,L01,2024-03-14,2024-03-15,261
LOT04786,P007,L01,2024-03-14,2024-03-16,335
LOT04787,P006,L01,2024-03-14,2024-03-17,385
LOT04788,P013,L01,2024-03-14,2024-03-16,369
LOT04789,P012,L01,2024-03-14,2024-03-15,199
LOT04790,P007,L01,2024-03-14,2024-03-15,376
LOT04791,P005,L01,2024-03-14,2024-03-16,197
LOT04792,P004,L01,2024-03-14,2024-03-15,331
LOT04793,P004,L01,2024-03-14,2024-03-16,353
LOT04794,P005,L01,2024-03-14,2024-03-16,128
LOT04795,P013,L01,2024-03-14,2024-03-16,279
LOT04796,P001,L01,2024-03-14,2024-03-15,102
LOT04797,P001,L01,2024-03-14,2024-03-17,250
LOT04798,P009,L01,2024-03-14,2024-03-16,257
LOT04799,P004,L01,2024-03-14,2024-03-17,80
LOT04800,P014,L01,2024-03-14,2024-03-16,161
LOT04801,P013,L01,2024-03-14,2024-03-15,91
LOT04802,P008,L02,2024-03-14,2024-03-16,355
LOT04803,P018,L02,2024-03-14,2024-03-17,165
LOT04804,P022,L02,2024-03-14,2024-03-15,369
LOT04805,P019,L02,2024-03-14,2024-03-16,352
LOT04806,P023,L02,2024-03-14,2024-03-17,216
LOT04807,P004,L02,2024-03-14,2024-03-15,371
LOT04808,P021,L02,2024-03-14,2024-03-16,118
LOT04809,P020,L02,2024-03-14,2024-03-16,88
LOT04810,P018,L02,2024-03-14,2024-03-15,191
LOT04811,P001,L02,2024-03-14,2024-03-16,261
LOT04812,P017,L02,2024-03-14,2024-03-17,192
LOT04813,P022,L02,2024-03-14,2024-03-17,382
LOT04814,P019,L02,2024-03-14,2024-03-17,161
LOT04815,P001,L02,2024-03-14,2024-03-17,170
LOT04816,P005,L02,2024-03-14,2024-03-16,283
LOT04817,P018,L02,2024-03-14,2024-03-15,81
LOT04818,P021,L02,2024-03-14,2024-03-17,313
LOT04819,P012,L03,2024-03-14,2024-03-15,162
LOT04820,P010,L03,2024-03-14,2024-03-16,355
LOT04821,P021,L03,2024-03-14,2024-03-17,225
LOT04822,P010,L03,2024-03-14,2024-03-17,374
LOT04823,P019,L03,2024-03-14,2024-03-17,298
LOT04824,P024,L03,2024-03-14,2024-03-16,395
LOT04825,P013,L03,2024-03-14,2024-03-15,196
LOT04826,P019,L03,2024-03-14,2024-03-17,86
LOT04827,P023,L03,2024-03-14,2024-03-16,354
LOT04828,P015,L03,2024-03-14,2024-03-15,337
LOT04829,P016,L03,2024-03-14,2024-03-16,356
LOT04830,P012,L03,2024-03-14,2024-03-16,130
LOT04831,P015,L03,2024-03-14,2024-03-17,98
LOT04832,P022,L03,2024-03-14,2024-03-15,365
LOT04833,P019,L03,2024-03-14,2024-03-17,94
LOT04834,P012,L03,2024-03-14,2024-03-16,110
LOT04835,P017,L03,2024-03-14,2024-03-15,390
LOT04836,P020,L03,2024-03-14,2024-03-15,285
LOT04837,P010,L03,2024-03-14,2024-03-17,362
LOT04838,P021,L03,2024-03-14,2024-03-16,303
LOT04839,P012,L03,2024-03-14,2024-03-16,114
LOT04840,P013,L03,2024-03-14,2024-03-15,320
LOT04841,P015,L03,2024-03-14,2024-03-17,247
LOT04842,P017,L03,2024-03-14,2024-03-17,301
LOT04843,P023,L03,2024-03-14,2024-03-16,174
LOT04844,P016,L01,2024-03-15,2024-03-18,221
LOT04845,P010,L01,2024-03-15,2024-03-16,209
LOT04846,P005,L01,2024-03-15,2024-03-18,265
LOT04847,P013,L01,2024-03-15,2024-03-16,130
LOT04848,P009,L01,2024-03-15,2024-03-18,223
LOT04849,P009,L01,2024-03-15,2024-03-18,195
LOT04850,P006,L01,2024-03-15,2024-03-16,212
LOT04851,P001,L01,2024-03-15,2024-03-18,187
LOT04852,P009,L01,2024-03-15,2024-03-17,220
LOT04853,P006,L01,2024-03-15,2024-03-17,161
LOT04854,P011,L01,2024-03-15,2024-03-16,162
LOT04855,P006,L01,2024-03-15,2024-03-18,188
LOT04856,P016,L01,2024-03-15,2024-03-18,179
LOT04857,P011,L01,2024-03-15,2024-03-16,376
LOT04858,P008,L01,2024-03-15,2024-03-18,208
LOT04859,P012,L01,2024-03-15,2024-03-16,309
LOT04860,P011,L01,2024-03-15,2024-03-16,226
LOT04861,P010,L01,2024-03-15,2024-03-17,296
LOT04862,P010,L01,2024-03-15,2024-03-16,80
LOT04863,P015,L01,2024-03-15,2024-03-16,118
LOT04864,P006,L01,2024-03-15,2024-03-17,375
LOT04865,P007,L01,2024-03-15,2024-03-16,225
LOT04866,P005,L01,2024-03-15,2024-03-16,94
LOT04867,P010,L01,2024-03-15,2024-03-18,162
LOT04868,P016,L01,2024-03-15,2024-03-17,299
LOT04869,P010,L01,2024-03-15,2024-03-18,139
LOT04870,P004,L01,2024-03-15,2024-03-17,372
LOT04871,P015,L01,2024-03-15,2024-03-17,93
LOT04872,P005,L02,2024-03-15,2024-03-18,139
LOT04873,P005,L02,2024-03-15,2024-03-18,268
LOT04874,P004,L02,2024-03-15,2024-03-18,302
LOT04875,P020,L02,2024-03-15,2024-03-18,90
LOT04876,P022,L02,2024-03-15,2024-03-18,93
LOT04877,P001,L02,2024-03-15,2024-03-18,163
LOT04878,P020,L02,2024-03-15,2024-03-18,106
LOT04879,P021,L02,2024-03-15,2024-03-17,253
LOT04880,P018,L02,2024-03-15,2024-03-18,119
LOT04881,P022,L02,2024-03-15,2024-03-16,288
LOT04882,P001,L02,2024-03-15,2024-03-16,329
LOT04883,P020,L02,2024-03-15,2024-03-16,391
LOT04884,P003,L02,2024-03-15,2024-03-17,384
LOT04885,P023,L02,2024-03-15,2024-03-16,167
LOT04886,P008,L02,2024-03-15,2024-03-17,89
LOT04887,P002,L02,2024-03-15,2024-03-16,185
LOT04888,P020,L02,2024-03-15,2024-03-18,307
LOT04889,P020,L02,2024-03-15,2024-03-16,99
LOT04890,P008,L02,2024-03-15,2024-03-17,195
LOT04891,P005,L02,2024-03-15,2024-03-18,175
LOT04892,P001,L02,2024-03-15,2024-03-17,150
LOT04893,P010,L03,2024-03-15,2024-03-18,205
LOT04894,P017,L03,2024-03-15,2024-03-17,240
LOT04895,P016,L03,2024-03-15,2024-03-18,193
LOT04896,P023,L03,2024-03-15,2024-03-16,201
LOT04897,P015,L03,2024-03-15,2024-03-17,386
LOT04898,P010,L03,2024-03-15,2024-03-18,85
LOT04899,P020,L03,2024-03-15,2024-03-17,131
LOT04900,P011,L03,2024-03-15,2024-03-17,383
LOT04901,P023,L03,2024-03-15,2024-03-18,129
LOT04902,P015,L03,2024-03-15,2024-03-16,303
LOT04903,P021,L03,2024-03-15,2024-03-17,218
LOT04904,P019,L03,2024-03-15,2024-03-18,375
LOT04905,P016,L03,2024-03-15,2024-03-18,331
LOT04906,P018,L03,2024-03-15,2024-03-18,311
LOT04907,P011,L03,2024-03-15,2024-03-18,253
LOT04908,P010,L03,2024-03-15,2024-03-16,342
LOT04909,P021,L03,2024-03-15,2024-03-18,180
LOT04910,P024,L03,2024-03-15,2024-03-17,263
LOT04911,P022,L03,2024-03-15,2024-03-17,296
LOT04912,P013,L03,2024-03-15,2024-03-17,354
LOT04913,P014,L03,2024-03-15,2024-03-18,382
LOT04914,P014,L03,2024-03-15,2024-03-17,104
LOT04915,P020,L03,2024-03-15,2024-03-18,105
LOT04916,P018,L03,2024-03-15,2024-03-16,171
LOT04917,P021,L03,2024-03-15,2024-03-16,312
LOT04918,P008,L01,2024-03-16,2024-03-18,242
LOT04919,P013,L01,2024-03-16,2024-03-18,123
LOT04920,P002,L01,2024-03-16,2024-03-17,316
LOT04921,P013,L01,2024-03-16,2024-03-19,83
LOT04922,P003,L01,2024-03-16,2024-03-18,362
LOT04923,P005,L01,2024-03-16,2024-03-17,223
LOT04924,P010,L01,2024-03-16,2024-03-19,391
LOT04925,P001,L01,2024-03-16,2024-03-18,302
LOT04926,P005,L01,2024-03-16,2024-03-18,171
LOT04927,P003,L01,2024-03-16,2024-03-19,90
LOT04928,P004,L01,2024-03-16,2024-03-17,273
LOT04929,P013,L01,2024-03-16,2024-03-19,341
LOT04930,P004,L01,2024-03-16,2024-03-19,200
LOT04931,P001,L01,2024-03-16,2024-03-18,216
LOT04932,P004,L01,2024-03-16,2024-03-17,214
LOT04933,P002,L01,2024-03-16,2024-03-17,182
LOT04934,P010,L01,2024-03-16,2024-03-19,306
LOT04935,P016,L01,2024-03-16,2024-03-17,171
LOT04936,P003,L01,2024-03-16,2024-03-17,170
LOT04937,P012,L01,2024-03-16,2024-03-19,367
LOT04938,P006,L01,2024-03-16,2024-03-19,236
LOT04939,P002,L01,2024-03-16,2024-03-17,125
LOT04940,P012,L01,2024-03-16,2024-03-19,297
LOT04941,P004,L01,2024-03-16,2024-03-18,265
LOT04942,P022,L02,2024-03-16,2024-03-19,298
LOT04943,P007,L02,2024-03-16,2024-03-19,341
LOT04944,P019,L02,2024-03-16,2024-03-19,243
LOT04945,P004,L02,2024-03-16,2024-03-19,213
LOT04946,P003,L02,2024-03-16,2024-03-19,205
LOT04947,P008,L02,2024-03-16,2024-03-18,300
LOT04948,P017,L02,2024-03-16,2024-03-18,127
LOT04949,P020,L02,2024-03-16,2024-03-19,225
LOT04950,P001,L02,2024-03-16,2024-03-19,208
LOT04951,P004,L02,2024-03-16,2024-03-19,273
LOT04952,P021,L03,2024-03-16,2024-03-19,86
LOT04953,P016,L03,2024-03-16,2024-03-19,212
LOT04954,P022,L03,2024-03-16,2024-03-18,150
LOT04955,P011,L03,2024-03-16,2024-03-19,209
LOT04956,P017,L03,2024-03-16,2024-03-19,127
LOT04957,P022,L03,2024-03-16,2024-03-18,179
LOT04958,P024,L03,2024-03-16,2024-03-19,258
LOT04959,P013,L03,2024-03-16,2024-03-19,107
LOT04960,P010,L03,2024-03-16,2024-03-19,112
LOT04961,P014,L03,2024-03-16,2024-03-18,151
LOT04962,P022,L03,2024-03-16,2024-03-17,268
LOT04963,P017,L03,2024-03-16,2024-03-17,244
LOT04964,P009,L03,2024-03-16,2024-03-19,137
LOT04965,P010,L03,2024-03-16,2024-03-19,175
LOT04966,P014,L03,2024-03-16,2024-03-17,265
LOT04967,P014,L03,2024-03-16,2024-03-18,290
LOT04968,P011,L03,2024-03-16,2024-03-17,266
LOT04969,P016,L03,2024-03-16,2024-03-17,168
LOT04970,P016,L03,2024-03-16,2024-03-19,112
LOT04971,P012,L03,2024-03-16,2024-03-18,221
LOT04972,P012,L03,2024-03-16,2024-03-17,332
LOT04973,P019,L03,2024-03-16,2024-03-18,310
LOT04974,P024,L03,2024-03-16,2024-03-18,367
LOT04975,P024,L03,2024-03-16,2024-03-19,186
LOT04976,P017,L03,2024-03-16,2024-03-19,357
LOT04977,P009,L03,2024-03-16,2024-03-18,85
LOT04978,P023,L03,2024-03-16,2024-03-18,301
LOT04979,P024,L03,2024-03-16,2024-03-18,126
LOT04980,P013,L03,2024-03-16,2024-03-18,337
LOT04981,P015,L03,2024-03-16,2024-03-17,226
LOT04982,P009,L03,2024-03-16,2024-03-17,305
LOT04983,P021,L03,2024-03-16,2024-03-19,329
LOT04984,P007,L01,2024-03-17,2024-03-20,371
LOT04985,P004,L01,2024-03-17,2024-03-20,305
LOT04986,P014,L01,2024-03-17,2024-03-20,380
LOT04987,P010,L01,2024-03-17,2024-03-18,268
LOT04988,P003,L01,2024-03-17,2024-03-18,265
LOT04989,P001,L01,2024-03-17,2024-03-19,177
LOT04990,P007,L01,2024-03-17,2024-03-20,307
LOT04991,P010,L01,2024-03-17,2024-03-19,363
LOT04992,P014,L01,2024-03-17,2024-03-18,287
LOT04993,P015,L01,2024-03-17,2024-03-18,154
LOT04994,P008,L01,2024-03-17,2024-03-18,254
LOT04995,P007,L01,2024-03-17,2024-03-19,322
LOT04996,P015,L01,2024-03-17,2024-03-19,381
LOT04997,P013,L01,2024-03-17,2024-03-19,130
LOT04998,P004,L01,2024-03-17,2024-03-18,120
LOT04999,P011,L01,2024-03-17,2024-03-19,212
LOT05000,P012,L01,2024-03-17,2024-03-20,120
LOT05001,P004,L01,2024-03-17,2024-03-18,394
LOT05002,P016,L01,2024-03-17,2024-03-18,216
LOT05003,P005,L01,2024-03-17,2024-03-18,251
LOT05004,P009,L01,2024-03-17,2024-03-20,152
LOT05005,P008,L01,2024-03-17,2024-03-19,224
LOT05006,P012,L01,2024-03-17,2024-03-20,396
LOT05007,P015,L01,2024-03-17,2024-03-18,236
LOT05008,P007,L01,2024-03-17,2024-03-20,82
LOT05009,P007,L01,2024-03-17,2024-03-20,157
LOT05010,P013,L01,2024-03-17,2024-03-19,394
LOT05011,P019,L02,2024-03-17,2024-03-18,164
LOT05012,P018,L02,2024-03-17,2024-03-20,397
LOT05013,P021,L02,2024-03-17,2024-03-19,94
LOT05014,P003,L02,2024-03-17,2024-03-18,355
LOT05015,P017,L02,2024-03-17,2024-03-19,104
LOT05016,P022,L02,2024-03-17,2024-03-20,249
LOT05017,P023,L02,2024-03-17,2024-03-19,225
LOT05018,P024,L02,2024-03-17,2024-03-18,379
LOT05019,P004,L02,2024-03-17,2024-03-20,143
LOT05020,P003,L02,2024-03-17,2024-03-20,137
LOT05021,P018,L02,2024-03-17,2024-03-19,320
LOT05022,P008,L02,2024-03-17,2024-03-18,312
LOT05023,P004,L02,2024-03-17,2024-03-18,304
LOT05024,P002,L02,2024-03-17,2024-03-19,88
LOT05025,P003,L02,2024-03-17,2024-03-20,163
LOT05026,P006,L02,2024-03-17,2024-03-20,349
LOT05027,P020,L02,2024-03-17,2024-03-18,272
LOT05028,P002,L02,2024-03-17,2024-03-19,273
LOT05029,P023,L03,2024-03-17,2024-03-19,378
LOT05030,P024,L03,2024-03-17,2024-03-20,364
LOT05031,P011,L03,2024-03-17,2024-03-18,381
LOT05032,P020,L03,2024-03-17,2024-03-20,93
LOT05033,P023,L03,2024-03-17,2024-03-19,212
LOT05034,P011,L03,2024-03-17,2024-03-19,329
LOT05035,P020,L03,2024-03-17,2024-03-20,148
LOT05036,P024,L03,2024-03-17,2024-03-19,392
LOT05037,P012,L03,2024-03-17,2024-03-19,377
LOT05038,P018,L03,2024-03-17,2024-03-19,376
LOT05039,P021,L03,2024-03-17,2024-03-20,85
LOT05040,P014,L03,2024-03-17,2024-03-20,140
LOT05041,P012,L03,2024-03-17,2024-03-20,339
LOT05042,P015,L03,2024-03-17,2024-03-18,101
LOT05043,P014,L03,2024-03-17,2024-03-19,177
LOT05044,P020,L03,2024-03-17,2024-03-19,106
LOT05045,P014,L03,2024-03-17,2024-03-18,220
LOT05046,P015,L03,2024-03-17,2024-03-20,181
LOT05047,P024,L03,2024-03-17,2024-03-18,132
LOT05048,P005,L01,2024-03-18,2024-03-19,280
LOT05049,P011,L01,2024-03-18,2024-03-19,392
LOT05050,P006,L01,2024-03-18,2024-03-19,359
LOT05051,P013,L01,2024-03-18,2024-03-20,148
LOT05052,P010,L01,2024-03-18,2024-03-21,157
LOT05053,P011,L01,2024-03-18,2024-03-19,190
LOT05054,P010,L01,2024-03-18,2024-03-21,205
LOT05055,P015,L01,2024-03-18,2024-03-20,257
LOT05056,P005,L01,2024-03-18,2024-03-19,154
LOT05057,P016,L01,2024-03-18,2024-03-19,151
LOT05058,P004,L01,2024-03-18,2024-03-21,202
LOT05059,P003,L01,2024-03-18,2024-03-20,295
LOT05060,P014,L01,2024-03-18,2024-03-21,300
LOT05061,P015,L01,2024-03-18,2024-03-20,393
LOT05062,P002,L01,2024-03-18,2024-03-21,144
LOT05063,P010,L01,2024-03-18,2024-03-19,206
LOT05064,P009,L01,2024-03-18,2024-03-21,389
LOT05065,P004,L01,2024-03-18,2024-03-21,301
LOT05066,P009,L01,2024-03-18,2024-03-19,270
LOT05067,P011,L01,2024-03-18,2024-03-19,253
LOT05068,P010,L01,2024-03-18,2024-03-19,104
LOT05069,P009,L01,2024-03-18,2024-03-21,366
LOT05070,P015,L01,2024-03-18,2024-03-21,280
LOT05071,P005,L02,2024-03-18,2024-03-20,280
LOT05072,P007,L02,2024-03-18,2024-03-20,337
LOT05073,P022,L02,2024-03-18,2024-03-19,294
LOT05074,P005,L02,2024-03-18,2024-03-21,352
LOT05075,P024,L02,2024-03-18,2024-03-19,116
LOT05076,P021,L02,2024-03-18,2024-03-20,376
LOT05077,P023,L02,2024-03-18,2024-03-21,370
LOT05078,P017,L02,2024-03-18,2024-03-19,246
LOT05079,P004,L02,2024-03-18,2024-03-21,280
LOT05080,P001,L02,2024-03-18,2024-03-21,148
LOT05081,P017,L02,2024-03-18,2024-03-20,223
LOT05082,P007,L02,2024-03-18,2024-03-21,145
LOT05083,P002,L02,2024-03-18,2024-03-19,87
LOT05084,P023,L02,2024-03-18,2024-03-19,394
LOT05085,P024,L02,2024-03-18,2024-03-21,163
LOT05086,P006,L02,2024-03-18,2024-03-21,270
LOT05087,P019,L02,2024-03-18,2024-03-21,176
LOT05088,P007,L02,2024-03-18,2024-03-21,198
LOT05089,P022,L03,2024-03-18,2024-03-19,213
LOT05090,P019,L03,2024-03-18,2024-03-21,340
LOT05091,P013,L03,2024-03-18,2024-03-21,179
LOT05092,P024,L03,2024-03-18,2024-03-21,331
LOT05093,P020,L03,2024-03-18,2024-03-20,185
LOT05094,P015,L03,2024-03-18,2024-03-19,375
LOT05095,P011,L03,2024-03-18,2024-03-19,166
LOT05096,P024,L03,2024-03-18,2024-03-20,124
LOT05097,P021,L03,2024-03-18,2024-03-21,304
LOT05098,P019,L03,2024-03-18,2024-03-19,132
LOT05099,P022,L03,2024-03-18,2024-03-19,384
LOT05100,P018,L03,2024-03-18,2024-03-20,290
LOT05101,P012,L03,2024-03-18,2024-03-19,154
LOT05102,P012,L03,2024-03-18,2024-03-20,147
LOT05103,P010,L03,2024-03-18,2024-03-20,376
LOT05104,P010,L03,2024-03-18,2024-03-19,275
LOT05105,P020,L03,2024-03-18,2024-03-21,366
LOT05106,P022,L03,2024-03-18,2024-03-19,115
LOT05107,P011,L03,2024-03-18,2024-03-21,377
LOT05108,P018,L03,2024-03-18,2024-03-19,246
LOT05109,P015,L01,2024-03-19,2024-03-22,144
LOT05110,P001,L01,2024-03-19,2024-03-21,326
LOT05111,P001,L01,2024-03-19,2024-03-21,160
LOT05112,P016,L01,2024-03-19,2024-03-21,323
LOT05113,P003,L01,2024-03-19,2024-03-20,262
LOT05114,P016,L01,2024-03-19,2024-03-21,197
LOT05115,P005,L01,2024-03-19,2024-03-20,106
LOT05116,P006,L01,2024-03-19,2024-03-22,345
LOT05117,P001,L01,2024-03-19,2024-03-21,381
LOT05118,P016,L01,2024-03-19,2024-03-22,293
LOT05119,P006,L01,2024-03-19,2024-03-21,389
LOT05120,P003,L01,2024-03-19,2024-03-21,379
LOT05121,P008,L01,2024-03-19,2024-03-22,142
LOT05122,P003,L01,2024-03-19,2024-03-21,314
LOT05123,P013,L01,2024-03-19,2024-03-22,192
LOT05124,P002,L01,2024-03-19,2024-03-22,236
LOT05125,P008,L01,2024-03-19,2024-03-21,130
LOT05126,P007,L01,2024-03-19,2024-03-20,392
LOT05127,P001,L01,2024-03-19,2024-03-22,313
LOT05128,P001,L01,2024-03-19,2024-03-22,165
LOT05129,P009,L01,2024-03-19,2024-03-21,199
LOT05130,P007,L01,2024-03-19,2024-03-22,215
LOT05131,P003,L01,2024-03-19,2024-03-22,319
LOT05132,P003,L01,2024-03-19,2024-03-22,377
LOT05133,P013,L01,2024-03-19,2024-03-22,183
LOT05134,P012,L01,2024-03-19,2024-03-21,231
LOT05135,P010,L01,2024-03-19,2024-03-20,270
LOT05136,P014,L01,2024-03-19,2024-03-21,206
LOT05137,P002,L01,2024-03-19,2024-03-20,241
LOT05138,P012,L01,2024-03-19,2024-03-21,113
LOT05139,P007,L02,2024-03-19,2024-03-22,82
LOT05140,P023,L02,2024-03-19,2024-03-21,300
LOT05141,P002,L02,2024-03-19,2024-03-22,213
LOT05142,P006,L02,2024-03-19,2024-03-22,296
LOT05143,P020,L02,2024-03-19,2024-03-20,169
LOT05144,P004,L02,2024-03-19,2024-03-22,80
LOT05145,P024,L02,2024-03-19,2024-03-20,190
LOT05146,P020,L02,2024-03-19,2024-03-22,306
LOT05147,P024,L02,2024-03-19,2024-03-20,206
LOT05148,P024,L02,2024-03-19,2024-03-22,150
LOT05149,P002,L02,2024-03-19,2024-03-21,228
LOT05150,P008,L02,2024-03-19,2024-03-22,321
LOT05151,P015,L03,2024-03-19,2024-03-20,243
LOT05152,P019,L03,2024-03-19,2024-03-21,195
LOT05153,P019,L03,2024-03-19,2024-03-22,109
LOT05154,P014,L03,2024-03-19,2024-03-22,318
LOT05155,P010,L03,2024-03-19,2024-03-20,326
LOT05156,P024,L03,2024-03-19,2024-03-21,391
LOT05157,P022,L03,2024-03-19,2024-03-20,89
LOT05158,P023,L03,2024-03-19,2024-03-21,378
LOT05159,P013,L03,2024-03-19,2024-03-20,329
LOT05160,P014,L03,2024-03-19,2024-03-22,236
LOT05161,P014,L03,2024-03-19,2024-03-22,322
LOT05162,P009,L03,2024-03-19,2024-03-20,354
LOT05163,P011,L03,2024-03-19,2024-03-22,84
LOT05164,P013,L03,2024-03-19,2024-03-21,290
LOT05165,P024,L03,2024-03-19,2024-03-22,327
LOT05166,P008,L01,2024-03-20,2024-03-23,376
LOT05167,P016,L01,2024-03-20,2024-03-22,257
LOT05168,P002,L01,2024-03-20,2024-03-23,147
LOT05169,P012,L01,2024-03-20,2024-03-22,177
LOT05170,P010,L01,2024-03-20,2024-03-22,318
LOT05171,P003,L01,2024-03-20,2024-03-21,140
LOT05172,P004,L01,2024-03-20,2024-03-21,83
LOT05173,P005,L01,2024-03-20,2024-03-21,306
LOT05174,P011,L01,2024-03-20,2024-03-23,211
LOT05175,P005,L01,2024-03-20,2024-03-23,314
LOT05176,P014,L01,2024-03-20,2024-03-23,317
LOT05177,P006,L01,2024-03-20,2024-03-21,247
LOT05178,P002,L01,2024-03-20,2024-03-22,285
LOT05179,P002,L01,2024-03-20,2024-03-23,116
LOT05180,P007,L01,2024-03-20,2024-03-23,347
LOT05181,P007,L01,2024-03-20,2024-03-21,213
LOT05182,P012,L01,2024-03-20,2024-03-23,87
LOT05183,P008,L01,2024-03-20,2024-03-21,338
LOT05184,P003,L01,2024-03-20,2024-03-21,305
LOT05185,P004,L01,2024-03-20,2024-03-23,240
LOT05186,P010,L01,2024-03-20,2024-03-22,217
LOT05187,P006,L01,2024-03-20,2024-03-22,201
LOT05188,P017,L02,2024-03-20,2024-03-22,204
LOT05189,P005,L02,2024-03-20,2024-03-22,293
LOT05190,P002,L02,2024-03-20,2024-03-22,120
LOT05191,P006,L02,2024-03-20,2024-03-22,165
LOT05192,P007,L02,2024-03-20,2024-03-21,349
LOT05193,P007,L02,2024-03-20,2024-03-21,271
LOT05194,P017,L02,2024-03-20,2024-03-21,188
LOT05195,P005,L02,2024-03-20,2024-03-22,122
LOT05196,P004,L02,2024-03-20,2024-03-23,180
LOT05197,P023,L02,2024-03-20,2024-03-22,261
LOT05198,P007,L02,2024-03-20,2024-03-22,267
LOT05199,P005,L02,2024-03-20,2024-03-22,105
LOT05200,P019,L02,2024-03-20,2024-03-23,116
LOT05201,P017,L02,2024-03-20,2024-03-22,197
LOT05202,P018,L02,2024-03-20,2024-03-22,103
LOT05203,P004,L02,2024-03-20,2024-03-23,214
LOT05204,P020,L02,2024-03-20,2024-03-21,81
LOT05205,P004,L02,2024-03-20,2024-03-22,293
LOT05206,P022,L02,2024-03-20,2024-03-22,311
LOT05207,P007,L02,2024-03-20,2024-03-23,359
LOT05208,P024,L03,2024-03-20,2024-03-21,176
LOT05209,P018,L03,2024-03-20,2024-03-21,174
LOT05210,P011,L03,2024-03-20,2024-03-23,290
LOT05211,P019,L03,2024-03-20,2024-03-23,377
LOT05212,P018,L03,2024-03-20,2024-03-23,137
LOT05213,P017,L03,2024-03-20,2024-03-22,98
LOT05214,P022,L03,2024-03-20,2024-03-21,154
LOT05215,P019,L03,2024-03-20,2024-03-21,84
LOT05216,P023,L03,2024-03-20,2024-03-23,249
LOT05217,P024,L03,2024-03-20,2024-03-22,289
LOT05218,P022,L03,2024-03-20,2024-03-23,127
LOT05219,P013,L03,2024-03-20,2024-03-22,178
LOT05220,P012,L03,2024-03-20,2024-03-22,248
LOT05221,P013,L03,2024-03-20,2024-03-23,259
LOT05222,P020,L03,2024-03-20,2024-03-21,261
LOT05223,P022,L03,2024-03-20,2024-03-23,265
LOT05224,P023,L03,2024-03-20,2024-03-22,136
LOT05225,P019,L03,2024-03-20,2024-03-21,147
LOT05226,P019,L03,2024-03-20,2024-03-21,225
LOT05227,P024,L03,2024-03-20,2024-03-23,223
LOT05228,P019,L03,2024-03-20,2024-03-22,354
LOT05229,P011,L03,2024-03-20,2024-03-23,288
LOT05230,P017,L03,2024-03-20,2024-03-23,170
LOT05231,P014,L03,2024-03-20,2024-03-22,208
LOT05232,P019,L03,2024-03-20,2024-03-23,211
LOT05233,P019,L03,2024-03-20,2024-03-23,139
LOT05234,P003,L01,2024-03-21,2024-03-22,366
LOT05235,P001,L01,2024-03-21,2024-03-23,290
LOT05236,P006,L01,2024-03-21,2024-03-24,257
LOT05237,P008,L01,2024-03-21,2024-03-22,375
LOT05238,P007,L01,2024-03-21,2024-03-23,290
LOT05239,P015,L01,2024-03-21,2024-03-23,291
LOT05240,P014,L01,2024-03-21,2024-03-23,350
LOT05241,P013,L01,2024-03-21,2024-03-22,289
LOT05242,P001,L01,2024-03-21,2024-03-23,241
LOT05243,P003,L01,2024-03-21,2024-03-22,205
LOT05244,P007,L01,2024-03-21,2024-03-22,241
LOT05245,P010,L01,2024-03-21,2024-03-24,247
LOT05246,P011,L01,2024-03-21,2024-03-24,195
LOT05247,P005,L01,2024-03-21,2024-03-22,223
LOT05248,P002,L01,2024-03-21,2024-03-22,337
LOT05249,P006,L01,2024-03-21,2024-03-24,213
LOT05250,P013,L01,2024-03-21,2024-03-24,88
LOT05251,P016,L01,2024-03-21,2024-03-22,170
LOT05252,P016,L01,2024-03-21,2024-03-23,154
LOT05253,P010,L01,2024-03-21,2024-03-23,334
LOT05254,P002,L01,2024-03-21,2024-03-23,224
LOT05255,P016,L01,2024-03-21,2024-03-22,169
LOT05256,P003,L01,2024-03-21,2024-03-24,340
LOT05257,P005,L01,2024-03-21,2024-03-22,86
LOT05258,P016,L01,2024-03-21,2024-03-24,135
LOT05259,P009,L01,2024-03-21,2024-03-23,345
LOT05260,P004,L01,2024-03-21,2024-03-24,256
LOT05261,P009,L01,2024-03-21,2024-03-23,328
LOT05262,P002,L01,2024-03-21,2024-03-24,349
LOT05263,P006,L01,2024-03-21,2024-03-23,382
LOT05264,P016,L01,2024-03-21,2024-03-24,100
LOT05265,P006,L02,2024-03-21,2024-03-22,354
LOT05266,P004,L02,2024-03-21,2024-03-24,334
LOT05267,P017,L02,2024-03-21,2024-03-22,362
LOT05268,P023,L02,2024-03-21,2024-03-23,209
LOT05269,P023,L02,2024-03-21,2024-03-24,189
LOT05270,P007,L02,2024-03-21,2024-03-22,172
LOT05271,P001,L02,2024-03-21,2024-03-23,272
LOT05272,P023,L02,2024-03-21,2024-03-22,158
LOT05273,P023,L02,2024-03-21,2024-03-24,245
LOT05274,P018,L02,2024-03-21,2024-03-24,185
LOT05275,P019,L02,2024-03-21,2024-03-22,170
LOT05276,P017,L02,2024-03-21,2024-03-23,330
LOT05277,P001,L02,2024-03-21,2024-03-23,174
LOT05278,P003,L02,2024-03-21,2024-03-24,263
LOT05279,P003,L02,2024-03-21,2024-03-23,83
LOT05280,P023,L02,2024-03-21,2024-03-23,279
LOT05281,P001,L02,2024-03-21,2024-03-24,154
LOT05282,P017,L02,2024-03-21,2024-03-22,400
LOT05283,P006,L02,2024-03-21,2024-03-23,88
LOT05284,P001,L02,2024-03-21,2024-03-22,232
LOT05285,P023,L02,2024-03-21,2024-03-23,158
LOT05286,P014,L03,2024-03-21,2024-03-23,82
LOT05287,P014,L03,2024-03-21,2024-03-22,180
LOT05288,P011,L03,2024-03-21,2024-03-24,392
LOT05289,P009,L03,2024-03-21,2024-03-24,189
LOT05290,P022,L03,2024-03-21,2024-03-23,241
LOT05291,P009,L03,2024-03-21,2024-03-24,319
LOT05292,P022,L03,2024-03-21,2024-03-24,256
LOT05293,P012,L03,2024-03-21,2024-03-24,318
LOT05294,P020,L03,2024-03-21,2024-03-24,292
LOT05295,P024,L03,2024-03-21,2024-03-23,275
LOT05296,P020,L03,2024-03-21,2024-03-23,288
LOT05297,P020,L03,2024-03-21,2024-03-22,336
LOT05298,P013,L03,2024-03-21,2024-03-23,307
LOT05299,P018,L03,2024-03-21,2024-03-22,334
LOT05300,P019,L03,2024-03-21,2024-03-24,126
LOT05301,P015,L03,2024-03-21,2024-03-23,297
LOT05302,P009,L03,2024-03-21,2024-03-24,316
LOT05303,P023,L03,2024-03-21,2024-03-23,176
LOT05304,P012,L03,2024-03-21,2024-03-24,360
LOT05305,P024,L03,2024-03-21,2024-03-24,177
LOT05306,P023,L03,2024-03-21,2024-03-23,158
LOT05307,P009,L03,2024-03-21,2024-03-24,358
LOT05308,P020,L03,2024-03-21,2024-03-22,159
LOT05309,P019,L03,2024-03-21,2024-03-23,213
LOT05310,P012,L03,2024-03-21,2024-03-23,198
LOT05311,P022,L03,2024-03-21,2024-03-24,368
LOT05312,P010,L03,2024-03-21,2024-03-24,226
LOT05313,P012,L03,2024-03-21,2024-03-24,302
LOT05314,P024,L03,2024-03-21,2024-03-22,334
LOT05315,P020,L03,2024-03-21,2024-03-23,281
LOT05316,P010,L03,2024-03-21,2024-03-24,382
LOT05317,P011,L03,2024-03-21,2024-03-24,337
LOT05318,P013,L03,2024-03-21,2024-03-23,208
LOT05319,P010,L03,2024-03-21,2024-03-23,385
LOT05320,P011,L03,2024-03-21,2024-03-22,248
LOT05321,P008,L01,2024-03-22,2024-03-23,182
LOT05322,P010,L01,2024-03-22,2024-03-25,395
LOT05323,P002,L01,2024-03-22,2024-03-24,346
LOT05324,P006,L01,2024-03-22,2024-03-24,291
LOT05325,P005,L01,2024-03-22,2024-03-24,99
LOT05326,P009,L01,2024-03-22,2024-03-24,357
LOT05327,P005,L01,2024-03-22,2024-03-24,324
LOT05328,P001,L01,2024-03-22,2024-03-23,144
LOT05329,P009,L01,2024-03-22,2024-03-23,195
LOT05330,P014,L01,2024-03-22,2024-03-25,228
LOT05331,P010,L01,2024-03-22,2024-03-24,286
LOT05332,P006,L01,2024-03-22,2024-03-24,390
LOT05333,P008,L01,2024-03-22,2024-03-23,91
LOT05334,P003,L01,2024-03-22,2024-03-25,289
LOT05335,P004,L01,2024-03-22,2024-03-23,358
LOT05336,P008,L01,2024-03-22,2024-03-23,160
LOT05337,P010,L01,2024-03-22,2024-03-23,139
LOT05338,P008,L01,2024-03-22,2024-03-25,305
LOT05339,P016,L01,2024-03-22,2024-03-24,356
LOT05340,P011,L01,2024-03-22,2024-03-23,279
LOT05341,P001,L01,2024-03-22,2024-03-23,386
LOT05342,P009,L01,2024-03-22,2024-03-24,323
LOT05343,P010,L01,2024-03-22,2024-03-24,203
LOT05344,P001,L01,2024-03-22,2024-03-25,348
LOT05345,P007,L01,2024-03-22,2024-03-23,359
LOT05346,P014,L01,2024-03-22,2024-03-25,107
LOT05347,P006,L01,2024-03-22,2024-03-25,137
LOT05348,P008,L01,2024-03-22,2024-03-24,121
LOT05349,P004,L01,2024-03-22,2024-03-23,286
LOT05350,P019,L02,2024-03-22,2024-03-25,284
LOT05351,P022,L02,2024-03-22,2024-03-24,114
LOT05352,P005,L02,2024-03-22,2024-03-23,233
LOT05353,P018,L02,2024-03-22,2024-03-24,163
LOT05354,P023,L02,2024-03-22,2024-03-25,205
LOT05355,P005,L02,2024-03-22,2024-03-23,252
LOT05356,P007,L02,2024-03-22,2024-03-23,84
LOT05357,P022,L02,2024-03-22,2024-03-23,171
LOT05358,P022,L02,2024-03-22,2024-03-24,397
LOT05359,P004,L02,2024-03-22,2024-03-23,98
LOT05360,P017,L02,2024-03-22,2024-03-23,182
LOT05361,P006,L02,2024-03-22,2024-03-23,183
LOT05362,P017,L02,2024-03-22,2024-03-25,201
LOT05363,P007,L02,2024-03-22,2024-03-24,299
LOT05364,P001,L02,2024-03-22,2024-03-23,159
LOT05365,P013,L03,2024-03-22,2024-03-23,201
LOT05366,P014,L03,2024-03-22,2024-03-23,376
LOT05367,P018,L03,2024-03-22,2024-03-25,190
LOT05368,P024,L03,2024-03-22,2024-03-25,354
LOT05369,P022,L03,2024-03-22,2024-03-23,237
LOT05370,P024,L03,2024-03-22,2024-03-24,215
LOT05371,P015,L03,2024-03-22,2024-03-24,238
LOT05372,P010,L03,2024-03-22,2024-03-25,174
LOT05373,P012,L03,2024-03-22,2024-03-24,158
LOT05374,P014,L03,2024-03-22,2024-03-25,107
LOT05375,P013,L03,2024-03-22,2024-03-23,92
LOT05376,P012,L03,2024-03-22,2024-03-24,274
LOT05377,P011,L03,2024-03-22,2024-03-25,225
LOT05378,P011,L03,2024-03-22,2024-03-23,198
LOT05379,P019,L03,2024-03-22,2024-03-23,231
LOT05380,P016,L03,2024-03-22,2024-03-25,91
LOT05381,P009,L03,2024-03-22,2024-03-25,153
LOT05382,P018,L03,2024-03-22,2024-03-25,341
LOT05383,P022,L03,2024-03-22,2024-03-25,295
LOT05384,P015,L03,2024-03-22,2024-03-25,140
LOT05385,P014,L03,2024-03-22,2024-03-23,202
LOT05386,P010,L01,2024-03-23,2024-03-25,195
LOT05387,P007,L01,2024-03-23,2024-03-25,133
LOT05388,P013,L01,2024-03-23,2024-03-24,116
LOT05389,P013,L01,2024-03-23,2024-03-25,168
LOT05390,P005,L01,2024-03-23,2024-03-24,256
LOT05391,P003,L01,2024-03-23,2024-03-25,147
LOT05392,P001,L01,2024-03-23,2024-03-26,190
LOT05393,P002,L01,2024-03-23,2024-03-25,233
LOT05394,P014,L01,2024-03-23,2024-03-24,214
LOT05395,P013,L01,2024-03-23,2024-03-25,121
LOT05396,P009,L01,2024-03-23,2024-03-25,92
LOT05397,P010,L01,2024-03-23,2024-03-25,91
LOT05398,P006,L01,2024-03-23,2024-03-24,192
LOT05399,P004,L01,2024-03-23,2024-03-25,310
LOT05400,P001,L01,2024-03-23,2024-03-25,122
LOT05401,P011,L01,2024-03-23,2024-03-25,332
LOT05402,P001,L01,2024-03-23,2024-03-24,309
LOT05403,P002,L01,2024-03-23,2024-03-25,81
LOT05404,P013,L01,2024-03-23,2024-03-26,88
LOT05405,P010,L01,2024-03-23,2024-03-25,142
LOT05406,P008,L01,2024-03-23,2024-03-25,98
LOT05407,P004,L01,2024-03-23,2024-03-24,250
LOT05408,P003,L01,2024-03-23,2024-03-26,92
LOT05409,P022,L02,2024-03-23,2024-03-25,318
LOT05410,P020,L02,2024-03-23,2024-03-25,388
LOT05411,P005,L02,2024-03-23,2024-03-26,104
LOT05412,P021,L02,2024-03-23,2024-03-24,322
LOT05413,P019,L02,2024-03-23,2024-03-25,321
LOT05414,P017,L02,2024-03-23,2024-03-25,92
LOT05415,P008,L02,2024-03-23,2024-03-26,331
LOT05416,P023,L02,2024-03-23,2024-03-25,209
LOT05417,P022,L02,2024-03-23,2024-03-24,313
LOT05418,P024,L02,2024-03-23,2024-03-25,294
LOT05419,P019,L02,2024-03-23,2024-03-24,314
LOT05420,P006,L02,2024-03-23,2024-03-26,355
LOT05421,P002,L02,2024-03-23,2024-03-25,314
LOT05422,P003,L02,2024-03-23,2024-03-25,303
LOT05423,P024,L02,2024-03-23,2024-03-26,330
LOT05424,P006,L02,2024-03-23,2024-03-26,81
LOT05425,P002,L02,2024-03-23,2024-03-26,334
LOT05426,P004,L02,2024-03-23,2024-03-25,246
LOT05427,P001,L02,2024-03-23,2024-03-26,226
LOT05428,P017,L02,2024-03-23,2024-03-25,337
LOT05429,P018,L02,2024-03-23,2024-03-26,146
LOT05430,P022,L03,2024-03-23,2024-03-25,349
LOT05431,P012,L03,2024-03-23,2024-03-25,318
LOT05432,P013,L03,2024-03-23,2024-03-25,114
LOT05433,P016,L03,2024-03-23,2024-03-26,374
LOT05434,P011,L03,2024-03-23,2024-03-26,112
LOT05435,P011,L03,2024-03-23,2024-03-25,280
LOT05436,P015,L03,2024-03-23,2024-03-24,385
LOT05437,P012,L03,2024-03-23,2024-03-24,166
LOT05438,P012,L03,2024-03-23,2024-03-26,258
LOT05439,P023,L03,2024-03-23,2024-03-26,238
LOT05440,P018,L03,2024-03-23,2024-03-26,106
LOT05441,P009,L03,2024-03-23,2024-03-26,101
LOT05442,P010,L03,2024-03-23,2024-03-24,242
LOT05443,P022,L03,2024-03-23,2024-03-25,128
LOT05444,P013,L03,2024-03-23,2024-03-26,176
LOT05445,P011,L03,2024-03-23,2024-03-26,84
LOT05446,P004,L01,2024-03-24,2024-03-26,232
LOT05447,P010,L01,2024-03-24,2024-03-26,268
LOT05448,P016,L01,2024-03-24,2024-03-26,185
LOT05449,P003,L01,2024-03-24,2024-03-25,176
LOT05450,P005,L01,2024-03-24,2024-03-26,131
LOT05451,P008,L01,2024-03-24,2024-03-25,385
LOT05452,P012,L01,2024-03-24,2024-03-25,317
LOT05453,P003,L01,2024-03-24,2024-03-25,392
LOT05454,P004,L01,2024-03-24,2024-03-25,206
LOT05455,P004,L01,2024-03-24,2024-03-27,144
LOT05456,P010,L01,2024-03-24,2024-03-26,332
LOT05457,P002,L01,2024-03-24,2024-03-25,88
LOT05458,P011,L01,2024-03-24,2024-03-27,164
LOT05459,P007,L01,2024-03-24,2024-03-27,377
LOT05460,P006,L01,2024-03-24,2024-03-27,399
LOT05461,P014,L01,2024-03-24,2024-03-27,203
LOT05462,P014,L01,2024-03-24,2024-03-27,191
LOT05463,P013,L01,2024-03-24,2024-03-26,81
LOT05464,P015,L01,2024-03-24,2024-03-27,269
LOT05465,P004,L01,2024-03-24,2024-03-27,193
LOT05466,P014,L01,2024-03-24,2024-03-25,247
LOT05467,P003,L01,2024-03-24,2024-03-27,256
LOT05468,P006,L01,2024-03-24,2024-03-27,148
LOT05469,P009,L01,2024-03-24,2024-03-27,315
LOT05470,P012,L01,2024-03-24,2024-03-27,98
LOT05471,P010,L01,2024-03-24,2024-03-26,108
LOT05472,P009,L01,2024-03-24,2024-03-26,323
LOT05473,P007,L01,2024-03-24,2024-03-26,321
LOT05474,P020,L02,2024-03-24,2024-03-26,288
LOT05475,P017,L02,2024-03-24,2024-03-25,314
LOT05476,P002,L02,2024-03-24,2024-03-27,135
LOT05477,P018,L02,2024-03-24,2024-03-26,302
LOT05478,P018,L02,2024-03-24,2024-03-25,137
LOT05479,P022,L02,2024-03-24,2024-03-26,124
LOT05480,P007,L02,2024-03-24,2024-03-26,127
LOT05481,P006,L02,2024-03-24,2024-03-27,272
LOT05482,P002,L02,2024-03-24,2024-03-25,329
LOT05483,P012,L03,2024-03-24,2024-03-25,182
LOT05484,P018,L03,2024-03-24,2024-03-25,259
LOT05485,P021,L03,2024-03-24,2024-03-25,333
LOT05486,P021,L03,2024-03-24,2024-03-26,390
LOT05487,P011,L03,2024-03-24,2024-03-27,208
LOT05488,P024,L03,2024-03-24,2024-03-26,87
LOT05489,P013,L03,2024-03-24,2024-03-25,242
LOT05490,P015,L03,2024-03-24,2024-03-26,207
LOT05491,P012,L03,2024-03-24,2024-03-25,349
LOT05492,P011,L03,2024-03-24,2024-03-26,230
LOT05493,P013,L03,2024-03-24,2024-03-26,239
LOT05494,P011,L03,2024-03-24,2024-03-26,325
LOT05495,P020,L03,2024-03-24,2024-03-26,133
LOT05496,P018,L03,2024-03-24,2024-03-27,171
LOT05497,P015,L03,2024-03-24,2024-03-25,92
LOT05498,P017,L03,2024-03-24,2024-03-27,204
LOT05499,P018,L03,2024-03-24,2024-03-25,340
LOT05500,P011,L03,2024-03-24,2024-03-25,393
LOT05501,P013,L03,2024-03-24,2024-03-27,95
LOT05502,P023,L03,2024-03-24,2024-03-27,273
LOT05503,P009,L03,2024-03-24,2024-03-25,190
LOT05504,P024,L03,2024-03-24,2024-03-26,126
LOT05505,P024,L03,2024-03-24,2024-03-27,169
LOT05506,P015,L01,2024-03-25,2024-03-28,182
LOT05507,P003,L01,2024-03-25,2024-03-28,136
LOT05508,P008,L01,2024-03-25,2024-03-26,140
LOT05509,P013,L01,2024-03-25,2024-03-27,369
LOT05510,P003,L01,2024-03-25,2024-03-26,331
LOT05511,P012,L01,2024-03-25,2024-03-28,190
LOT05512,P001,L01,2024-03-25,2024-03-27,384
LOT05513,P005,L01,2024-03-25,2024-03-28,156
LOT05514,P010,L01,2024-03-25,2024-03-28,210
LOT05515,P014,L01,2024-03-25,2024-03-26,341
LOT05516,P013,L01,2024-03-25,2024-03-28,222
LOT05517,P009,L01,2024-03-25,2024-03-28,155
LOT05518,P001,L01,2024-03-25,2024-03-28,198
LOT05519,P005,L01,2024-03-25,2024-03-26,240
LOT05520,P013,L01,2024-03-25,2024-03-26,279
LOT05521,P002,L01,2024-03-25,2024-03-28,210
LOT05522,P012,L01,2024-03-25,2024-03-28,218
LOT05523,P012,L01,2024-03-25,2024-03-28,164
LOT05524,P013,L01,2024-03-25,2024-03-28,251
LOT05525,P004,L01,2024-03-25,2024-03-28,150
LOT05526,P004,L01,2024-03-25,2024-03-26,358
LOT05527,P004,L01,2024-03-25,2024-03-28,319
LOT05528,P007,L01,2024-03-25,2024-03-27,211
LOT05529,P009,L01,2024-03-25,2024-03-27,319
LOT05530,P002,L01,2024-03-25,2024-03-26,82
LOT05531,P010,L01,2024-03-25,2024-03-26,190
LOT05532,P004,L01,2024-03-25,2024-03-28,221
LOT05533,P009,L01,2024-03-25,2024-03-27,230
LOT05534,P005,L01,2024-03-25,2024-03-26,320
LOT05535,P020,L02,2024-03-25,2024-03-26,325
LOT05536,P006,L02,2024-03-25,2024-03-28,332
LOT05537,P022,L02,2024-03-25,2024-03-27,303
LOT05538,P018,L02,2024-03-25,2024-03-28,97
LOT05539,P022,L02,2024-03-25,2024-03-28,312
LOT05540,P005,L02,2024-03-25,2024-03-27,224
LOT05541,P001,L02,2024-03-25,2024-03-27,130
LOT05542,P003,L02,2024-03-25,2024-03-26,174
LOT05543,P017,L02,2024-03-25,2024-03-26,240
LOT05544,P024,L02,2024-03-25,2024-03-27,185
LOT05545,P019,L02,2024-03-25,2024-03-26,391
LOT05546,P021,L02,2024-03-25,2024-03-28,232
LOT05547,P008,L02,2024-03-25,2024-03-28,199
LOT05548,P024,L02,2024-03-25,2024-03-26,296
LOT05549,P024,L02,2024-03-25,2024-03-28,288
LOT05550,P004,L02,2024-03-25,2024-03-27,80
LOT05551,P022,L02,2024-03-25,2024-03-27,278
LOT05552,P001,L02,2024-03-25,2024-03-27,158
LOT05553,P018,L02,2024-03-25,2024-03-28,200
LOT05554,P007,L02,2024-03-25,2024-03-26,306
LOT05555,P005,L02,2024-03-25,2024-03-27,258
LOT05556,P023,L02,2024-03-25,2024-03-27,198
LOT05557,P019,L02,2024-03-25,2024-03-26,133
LOT05558,P003,L02,2024-03-25,2024-03-28,242
LOT05559,P003,L02,2024-03-25,2024-03-27,182
LOT05560,P002,L02,2024-03-25,2024-03-28,373
LOT05561,P005,L02,2024-03-25,2024-03-28,251
LOT05562,P002,L02,2024-03-25,2024-03-27,357
LOT05563,P022,L03,2024-03-25,2024-03-28,345
LOT05564,P009,L03,2024-03-25,2024-03-27,271
LOT05565,P011,L03,2024-03-25,2024-03-28,320
LOT05566,P013,L03,2024-03-25,2024-03-27,170
LOT05567,P021,L03,2024-03-25,2024-03-28,393
LOT05568,P010,L03,2024-03-25,2024-03-26,90
LOT05569,P010,L03,2024-03-25,2024-03-26,204
LOT05570,P009,L03,2024-03-25,2024-03-26,363
LOT05571,P012,L03,2024-03-25,2024-03-28,137
LOT05572,P023,L03,2024-03-25,2024-03-28,125
LOT05573,P020,L03,2024-03-25,2024-03-28,197
LOT05574,P020,L03,2024-03-25,2024-03-26,217
LOT05575,P013,L03,2024-03-25,2024-03-28,379
LOT05576,P019,L03,2024-03-25,2024-03-26,348
LOT05577,P021,L03,2024-03-25,2024-03-26,228
LOT05578,P017,L03,2024-03-25,2024-03-26,392
LOT05579,P022,L03,2024-03-25,2024-03-28,286
LOT05580,P018,L03,2024-03-25,2024-03-28,360
LOT05581,P014,L03,2024-03-25,2024-03-26,158
LOT05582,P019,L03,2024-03-25,2024-03-26,236
LOT05583,P013,L01,2024-03-26,2024-03-28,352
LOT05584,P012,L01,2024-03-26,2024-03-29,103
LOT05585,P014,L01,2024-03-26,2024-03-29,100
LOT05586,P002,L01,2024-03-26,2024-03-27,149
LOT05587,P014,L01,2024-03-26,2024-03-29,129
LOT05588,P009,L01,2024-03-26,2024-03-29,151
LOT05589,P014,L01,2024-03-26,2024-03-28,109
LOT05590,P012,L01,2024-03-26,2024-03-28,280
LOT05591,P011,L01,2024-03-26,2024-03-29,360
LOT05592,P001,L01,2024-03-26,2024-03-29,246
LOT05593,P012,L01,2024-03-26,2024-03-27,163
LOT05594,P024,L02,2024-03-26,2024-03-27,257
LOT05595,P022,L02,2024-03-26,2024-03-29,185
LOT05596,P020,L02,2024-03-26,2024-03-28,361
LOT05597,P004,L02,2024-03-26,2024-03-28,174
LOT05598,P017,L02,2024-03-26,2024-03-27,371
LOT05599,P004,L02,2024-03-26,2024-03-27,149
LOT05600,P021,L02,2024-03-26,2024-03-27,307
LOT05601,P001,L02,2024-03-26,2024-03-28,306
LOT05602,P022,L02,2024-03-26,2024-03-28,84
LOT05603,P023,L02,2024-03-26,2024-03-27,81
LOT05604,P001,L02,2024-03-26,2024-03-27,231
LOT05605,P019,L02,2024-03-26,2024-03-27,108
LOT05606,P002,L02,2024-03-26,2024-03-28,225
LOT05607,P006,L02,2024-03-26,2024-03-29,292
LOT05608,P006,L02,2024-03-26,2024-03-28,231
LOT05609,P017,L02,2024-03-26,2024-03-27,204
LOT05610,P023,L02,2024-03-26,2024-03-28,86
LOT05611,P008,L02,2024-03-26,2024-03-29,245
LOT05612,P007,L02,2024-03-26,2024-03-29,168
LOT05613,P002,L02,2024-03-26,2024-03-29,197
LOT05614,P023,L02,2024-03-26,2024-03-29,247
LOT05615,P006,L02,2024-03-26,2024-03-28,145
LOT05616,P008,L02,2024-03-26,2024-03-29,141
LOT05617,P002,L02,2024-03-26,2024-03-27,221
LOT05618,P022,L03,2024-03-26,2024-03-29,261
LOT05619,P014,L03,2024-03-26,2024-03-27,192
LOT05620,P012,L03,2024-03-26,2024-03-29,218
LOT05621,P014,L03,2024-03-26,2024-03-29,320
LOT05622,P018,L03,2024-03-26,2024-03-27,379
LOT05623,P013,L03,2024-03-26,2024-03-28,334
LOT05624,P014,L03,2024-03-26,2024-03-28,265
LOT05625,P014,L03,2024-03-26,2024-03-28,353
LOT05626,P018,L03,2024-03-26,2024-03-27,367
LOT05627,P020,L03,2024-03-26,2024-03-27,363
LOT05628,P019,L03,2024-03-26,2024-03-27,84
LOT05629,P011,L03,2024-03-26,2024-03-27,255
LOT05630,P014,L03,2024-03-26,2024-03-27,271
LOT05631,P019,L03,2024-03-26,2024-03-29,88
LOT05632,P012,L03,2024-03-26,2024-03-28,317
LOT05633,P010,L03,2024-03-26,2024-03-28,376
LOT05634,P014,L03,2024-03-26,2024-03-28,91
LOT05635,P019,L03,2024-03-26,2024-03-28,203
LOT05636,P019,L03,2024-03-26,2024-03-27,385
LOT05637,P011,L03,2024-03-26,2024-03-27,106
LOT05638,P019,L03,2024-03-26,2024-03-27,344
LOT05639,P012,L03,2024-03-26,2024-03-28,343
LOT05640,P008,L01,2024-03-27,2024-03-28,197
LOT05641,P005,L01,2024-03-27,2024-03-30,239
LOT05642,P016,L01,2024-03-27,2024-03-30,232
LOT05643,P007,L01,2024-03-27,2024-03-28,219
LOT05644,P006,L01,2024-03-27,2024-03-29,351
LOT05645,P016,L01,2024-03-27,2024-03-28,129
LOT05646,P009,L01,2024-03-27,2024-03-28,262
LOT05647,P003,L01,2024-03-27,2024-03-30,278
LOT05648,P008,L01,2024-03-27,2024-03-30,353
LOT05649,P005,L01,2024-03-27,2024-03-29,275
LOT05650,P012,L01,2024-03-27,2024-03-28,388
LOT05651,P010,L01,2024-03-27,2024-03-30,359
LOT05652,P012,L01,2024-03-27,2024-03-30,191
LOT05653,P016,L01,2024-03-27,2024-03-28,356
LOT05654,P012,L01,2024-03-27,2024-03-29,387
LOT05655,P006,L01,2024-03-27,2024-03-30,162
LOT05656,P004,L01,2024-03-27,2024-03-29,275
LOT05657,P009,L01,2024-03-27,2024-03-29,170
LOT05658,P008,L01,2024-03-27,2024-03-28,288
LOT05659,P006,L01,2024-03-27,2024-03-28,110
LOT05660,P013,L01,2024-03-27,2024-03-28,315
LOT05661,P015,L01,2024-03-27,2024-03-28,214
LOT05662,P007,L01,2024-03-27,2024-03-28,268
LOT05663,P011,L01,2024-03-27,2024-03-28,88
LOT05664,P016,L01,2024-03-27,2024-03-29,303
LOT05665,P021,L02,2024-03-27,2024-03-28,167
LOT05666,P006,L02,2024-03-27,2024-03-29,98
LOT05667,P024,L02,2024-03-27,2024-03-29,149
LOT05668,P003,L02,2024-03-27,2024-03-28,120
LOT05669,P018,L02,2024-03-27,2024-03-29,202
LOT05670,P007,L02,2024-03-27,2024-03-29,301
LOT05671,P001,L02,2024-03-27,2024-03-29,141
LOT05672,P024,L02,2024-03-27,2024-03-30,314
LOT05673,P020,L02,2024-03-27,2024-03-29,95
LOT05674,P004,L02,2024-03-27,2024-03-30,318
LOT05675,P001,L02,2024-03-27,2024-03-29,131
LOT05676,P019,L02,2024-03-27,2024-03-28,173
LOT05677,P017,L02,2024-03-27,2024-03-28,147
LOT05678,P001,L02,2024-03-27,2024-03-29,94
LOT05679,P024,L02,2024-03-27,2024-03-28,359
LOT05680,P020,L02,2024-03-27,2024-03-30,82
LOT05681,P008,L02,2024-03-27,2024-03-30,398
LOT05682,P018,L03,2024-03-27,2024-03-29,94
LOT05683,P023,L03,2024-03-27,2024-03-29,265
LOT05684,P018,L03,2024-03-27,2024-03-30,187
LOT05685,P015,L03,2024-03-27,2024-03-28,225
LOT05686,P010,L03,2024-03-27,2024-03-29,280
LOT05687,P023,L03,2024-03-27,2024-03-28,276
LOT05688,P011,L03,2024-03-27,2024-03-29,317
LOT05689,P020,L03,2024-03-27,2024-03-30,153
LOT05690,P013,L03,2024-03-27,2024-03-30,120
LOT05691,P013,L03,2024-03-27,2024-03-30,234
LOT05692,P011,L03,2024-03-27,2024-03-30,329
LOT05693,P015,L03,2024-03-27,2024-03-29,203
LOT05694,P019,L03,2024-03-27,2024-03-30,232
LOT05695,P015,L03,2024-03-27,2024-03-29,276
LOT05696,P009,L03,2024-03-27,2024-03-29,117
LOT05697,P013,L03,2024-03-27,2024-03-28,381
LOT05698,P011,L03,2024-03-27,2024-03-29,284
LOT05699,P015,L03,2024-03-27,2024-03-28,306
LOT05700,P023,L03,2024-03-27,2024-03-29,150
LOT05701,P024,L03,2024-03-27,2024-03-28,206
LOT05702,P024,L03,2024-03-27,2024-03-29,169
LOT05703,P010,L03,2024-03-27,2024-03-28,166
LOT05704,P005,L01,2024-03-28,2024-03-29,82
LOT05705,P009,L01,2024-03-28,2024-03-31,318
LOT05706,P016,L01,2024-03-28,2024-03-31,395
LOT05707,P012,L01,2024-03-28,2024-03-31,398
LOT05708,P008,L01,2024-03-28,2024-03-29,331
LOT05709,P005,L01,2024-03-28,2024-03-31,132
LOT05710,P006,L01,2024-03-28,2024-03-29,393
LOT05711,P001,L01,2024-03-28,2024-03-31,185
LOT05712,P001,L01,2024-03-28,2024-03-29,187
LOT05713,P013,L01,2024-03-28,2024-03-29,300
LOT05714,P014,L01,2024-03-28,2024-03-30,95
LOT05715,P016,L01,2024-03-28,2024-03-31,345
LOT05716,P011,L01,2024-03-28,2024-03-31,400
LOT05717,P015,L01,2024-03-28,2024-03-29,328
LOT05718,P007,L01,2024-03-28,2024-03-31,330
LOT05719,P005,L01,2024-03-28,2024-03-29,205
LOT05720,P004,L01,2024-03-28,2024-03-31,101
LOT05721,P004,L01,2024-03-28,2024-03-30,334
LOT05722,P012,L01,2024-03-28,2024-03-31,271
LOT05723,P001,L01,2024-03-28,2024-03-31,371
LOT05724,P016,L01,2024-03-28,2024-03-31,117
LOT05725,P013,L01,2024-03-28,2024-03-29,177
LOT05726,P007,L01,2024-03-28,2024-03-30,195
LOT05727,P012,L01,2024-03-28,2024-03-29,299
LOT05728,P003,L01,2024-03-28,2024-03-29,332
LOT05729,P007,L01,2024-03-28,2024-03-30,388
LOT05730,P002,L01,2024-03-28,2024-03-29,174
LOT05731,P021,L02,2024-03-28,2024-03-30,267
LOT05732,P005,L02,2024-03-28,2024-03-31,368
LOT05733,P024,L02,2024-03-28,2024-03-31,183
LOT05734,P006,L02,2024-03-28,2024-03-31,142
LOT05735,P004,L02,2024-03-28,2024-03-29,194
LOT05736,P018,L02,2024-03-28,2024-03-30,145
LOT05737,P008,L02,2024-03-28,2024-03-31,166
LOT05738,P008,L02,2024-03-28,2024-03-30,274
LOT05739,P024,L02,2024-03-28,2024-03-30,209
LOT05740,P006,L02,2024-03-28,2024-03-31,219
LOT05741,P007,L02,2024-03-28,2024-03-29,314
LOT05742,P018,L02,2024-03-28,2024-03-31,150
LOT05743,P003,L02,2024-03-28,2024-03-31,205
LOT05744,P022,L02,2024-03-28,2024-03-29,135
LOT05745,P004,L02,2024-03-28,2024-03-31,149
LOT05746,P004,L02,2024-03-28,2024-03-30,315
LOT05747,P001,L02,2024-03-28,2024-03-31,237
LOT05748,P023,L03,2024-03-28,2024-03-30,140
LOT05749,P020,L03,2024-03-28,2024-03-29,274
LOT05750,P021,L03,2024-03-28,2024-03-31,102
LOT05751,P023,L03,2024-03-28,2024-03-30,388
LOT05752,P023,L03,2024-03-28,2024-03-30,138
LOT05753,P010,L03,2024-03-28,2024-03-29,380
LOT05754,P018,L03,2024-03-28,2024-03-30,113
LOT05755,P020,L03,2024-03-28,2024-03-31,337
LOT05756,P018,L03,2024-03-28,2024-03-31,107
LOT05757,P009,L03,2024-03-28,2024-03-29,150
LOT05758,P009,L03,2024-03-28,2024-03-29,250
LOT05759,P019,L03,2024-03-28,2024-03-30,325
LOT05760,P022,L03,2024-03-28,2024-03-29,313
LOT05761,P011,L03,2024-03-28,2024-03-31,121
LOT05762,P009,L03,2024-03-28,2024-03-30,243
LOT05763,P015,L03,2024-03-28,2024-03-29,173
LOT05764,P014,L03,2024-03-28,2024-03-31,358
LOT05765,P024,L03,2024-03-28,2024-03-30,114
LOT05766,P023,L03,2024-03-28,2024-03-29,350
LOT05767,P017,L03,2024-03-28,2024-03-30,218
LOT05768,P024,L03,2024-03-28,2024-03-29,331
LOT05769,P012,L03,2024-03-28,2024-03-30,255
LOT05770,P024,L03,2024-03-28,2024-03-31,260
LOT05771,P016,L03,2024-03-28,2024-03-31,259
LOT05772,P016,L03,2024-03-28,2024-03-30,376
LOT05773,P009,L03,2024-03-28,2024-03-30,324
LOT05774,P011,L03,2024-03-28,2024-03-29,295
LOT05775,P012,L03,2024-03-28,2024-03-30,113
LOT05776,P005,L01,2024-03-29,2024-03-30,360
LOT05777,P004,L01,2024-03-29,2024-03-31,95
LOT05778,P016,L01,2024-03-29,2024-03-31,219
LOT05779,P007,L01,2024-03-29,2024-03-30,394
LOT05780,P015,L01,2024-03-29,2024-03-31,87
LOT05781,P013,L01,2024-03-29,2024-03-31,200
LOT05782,P006,L01,2024-03-29,2024-03-31,132
LOT05783,P016,L01,2024-03-29,2024-03-31,214
LOT05784,P013,L01,2024-03-29,2024-03-31,338
LOT05785,P003,L01,2024-03-29,2024-03-31,80
LOT05786,P002,L01,2024-03-29,2024-03-31,287
LOT05787,P003,L01,2024-03-29,2024-03-30,138
LOT05788,P012,L01,2024-03-29,2024-03-30,351
LOT05789,P003,L01,2024-03-29,2024-03-30,267
LOT05790,P005,L01,2024-03-29,2024-03-31,193
LOT05791,P007,L01,2024-03-29,2024-03-30,309
LOT05792,P003,L01,2024-03-29,2024-03-31,84
LOT05793,P006,L01,2024-03-29,2024-03-31,80
LOT05794,P011,L01,2024-03-29,2024-03-31,177
LOT05795,P016,L01,2024-03-29,2024-03-31,393
LOT05796,P008,L01,2024-03-29,2024-03-31,315
LOT05797,P012,L01,2024-03-29,2024-03-30,100
LOT05798,P009,L01,2024-03-29,2024-03-31,217
LOT05799,P008,L01,2024-03-29,2024-03-31,302
LOT05800,P009,L01,2024-03-29,2024-03-31,298
LOT05801,P016,L01,2024-03-29,2024-03-31,157
LOT05802,P001,L01,2024-03-29,2024-03-31,134
LOT05803,P009,L01,2024-03-29,2024-03-30,330
LOT05804,P024,L02,2024-03-29,2024-03-31,325
LOT05805,P021,L02,2024-03-29,2024-03-30,327
LOT05806,P002,L02,2024-03-29,2024-03-30,365
LOT05807,P020,L02,2024-03-29,2024-03-31,107
LOT05808,P005,L02,2024-03-29,2024-03-30,303
LOT05809,P003,L02,2024-03-29,2024-03-30,390
LOT05810,P008,L02,2024-03-29,2024-03-31,264
LOT05811,P001,L02,2024-03-29,2024-03-31,149
LOT05812,P019,L02,2024-03-29,2024-03-31,400
LOT05813,P018,L02,2024-03-29,2024-03-30,136
LOT05814,P017,L02,2024-03-29,2024-03-30,187
LOT05815,P001,L02,2024-03-29,2024-03-30,135
LOT05816,P021,L02,2024-03-29,2024-03-31,229
LOT05817,P001,L02,2024-03-29,2024-03-31,214
LOT05818,P005,L02,2024-03-29,2024-03-31,237
LOT05819,P007,L02,2024-03-29,2024-03-31,377
LOT05820,P020,L02,2024-03-29,2024-03-30,233
LOT05821,P007,L02,2024-03-29,2024-03-31,245
LOT05822,P022,L02,2024-03-29,2024-03-31,364
LOT05823,P024,L03,2024-03-29,2024-03-31,289
LOT05824,P009,L03,2024-03-29,2024-03-31,328
LOT05825,P014,L03,2024-03-29,2024-03-31,177
LOT05826,P019,L03,2024-03-29,2024-03-31,322
LOT05827,P015,L03,2024-03-29,2024-03-31,309
LOT05828,P022,L03,2024-03-29,2024-03-30,203
LOT05829,P013,L03,2024-03-29,2024-03-31,367
LOT05830,P017,L03,2024-03-29,2024-03-31,293
LOT05831,P011,L03,2024-03-29,2024-03-31,304
LOT05832,P012,L03,2024-03-29,2024-03-31,96
LOT05833,P011,L03,2024-03-29,2024-03-30,276
LOT05834,P020,L03,2024-03-29,2024-03-31,239
LOT05835,P012,L03,2024-03-29,2024-03-31,329
LOT05836,P019,L03,2024-03-29,2024-03-31,338
LOT05837,P014,L03,2024-03-29,2024-03-31,222
LOT05838,P018,L03,2024-03-29,2024-03-31,285
LOT05839,P022,L03,2024-03-29,2024-03-31,219
LOT05840,P022,L03,2024-03-29,2024-03-31,101
LOT05841,P009,L03,2024-03-29,2024-03-30,233
LOT05842,P021,L03,2024-03-29,2024-03-30,189
LOT05843,P024,L03,2024-03-29,2024-03-31,210
LOT05844,P019,L03,2024-03-29,2024-03-30,171
LOT05845,P011,L03,2024-03-29,2024-03-31,385
LOT05846,P019,L03,2024-03-29,2024-03-31,255
LOT05847,P019,L03,2024-03-29,2024-03-30,157
LOT05848,P019,L03,2024-03-29,2024-03-31,159
LOT05849,P015,L03,2024-03-29,2024-03-31,197
LOT05850,P014,L01,2024-03-30,2024-03-31,170
LOT05851,P013,L01,2024-03-30,2024-03-31,254
LOT05852,P010,L01,2024-03-30,2024-03-31,249
LOT05853,P011,L01,2024-03-30,2024-03-31,159
LOT05854,P008,L01,2024-03-30,2024-03-31,191
LOT05855,P015,L01,2024-03-30,2024-03-31,382
LOT05856,P013,L01,2024-03-30,2024-03-31,160
LOT05857,P004,L01,2024-03-30,2024-03-31,337
LOT05858,P009,L01,2024-03-30,2024-03-31,294
LOT05859,P015,L01,2024-03-30,2024-03-31,250
LOT05860,P005,L01,2024-03-30,2024-03-31,124
LOT05861,P009,L01,2024-03-30,2024-03-31,145
LOT05862,P013,L01,2024-03-30,2024-03-31,137
LOT05863,P005,L01,2024-03-30,2024-03-31,268
LOT05864,P009,L01,2024-03-30,2024-03-31,392
LOT05865,P009,L01,2024-03-30,2024-03-31,361
LOT05866,P003,L01,2024-03-30,2024-03-31,88
LOT05867,P003,L01,2024-03-30,2024-03-31,167
LOT05868,P010,L01,2024-03-30,2024-03-31,130
LOT05869,P003,L01,2024-03-30,2024-03-31,393
LOT05870,P016,L01,2024-03-30,2024-03-31,155
LOT05871,P009,L01,2024-03-30,2024-03-31,144
LOT05872,P012,L01,2024-03-30,2024-03-31,279
LOT05873,P007,L01,2024-03-30,2024-03-31,258
LOT05874,P005,L01,2024-03-30,2024-03-31,152
LOT05875,P008,L01,2024-03-30,2024-03-31,295
LOT05876,P012,L01,2024-03-30,2024-03-31,111
LOT05877,P019,L02,2024-03-30,2024-03-31,244
LOT05878,P006,L02,2024-03-30,2024-03-31,387
LOT05879,P024,L02,2024-03-30,2024-03-31,370
LOT05880,P020,L02,2024-03-30,2024-03-31,207
LOT05881,P024,L02,2024-03-30,2024-03-31,383
LOT05882,P024,L02,2024-03-30,2024-03-31,364
LOT05883,P017,L02,2024-03-30,2024-03-31,269
LOT05884,P006,L02,2024-03-30,2024-03-31,106
LOT05885,P024,L02,2024-03-30,2024-03-31,131
LOT05886,P024,L02,2024-03-30,2024-03-31,104
LOT05887,P002,L02,2024-03-30,2024-03-31,114
LOT05888,P019,L02,2024-03-30,2024-03-31,393
LOT05889,P018,L02,2024-03-30,2024-03-31,148
LOT05890,P020,L02,2024-03-30,2024-03-31,301
LOT05891,P024,L02,2024-03-30,2024-03-31,284
LOT05892,P005,L02,2024-03-30,2024-03-31,282
LOT05893,P024,L02,2024-03-30,2024-03-31,146
LOT05894,P019,L02,2024-03-30,2024-03-31,265
LOT05895,P020,L03,2024-03-30,2024-03-31,124
LOT05896,P011,L03,2024-03-30,2024-03-31,374
LOT05897,P016,L03,2024-03-30,2024-03-31,281
LOT05898,P020,L03,2024-03-30,2024-03-31,90
LOT05899,P010,L03,2024-03-30,2024-03-31,244
LOT05900,P010,L03,2024-03-30,2024-03-31,107
LOT05901,P011,L03,2024-03-30,2024-03-31,264
LOT05902,P018,L03,2024-03-30,2024-03-31,243
LOT05903,P012,L03,2024-03-30,2024-03-31,106
LOT05904,P015,L03,2024-03-30,2024-03-31,341
LOT05905,P011,L03,2024-03-30,2024-03-31,164
LOT05906,P013,L03,2024-03-30,2024-03-31,253
LOT05907,P009,L03,2024-03-30,2024-03-31,285
LOT05908,P021,L03,2024-03-30,2024-03-31,388
LOT05909,P016,L03,2024-03-30,2024-03-31,238
LOT05910,P011,L03,2024-03-30,2024-03-31,374
LOT05911,P017,L03,2024-03-30,2024-03-31,193
LOT05912,P023,L03,2024-03-30,2024-03-31,355
LOT05913,P022,L03,2024-03-30,2024-03-31,155
LOT05914,P023,L03,2024-03-30,2024-03-31,307
LOT05915,P015,L03,2024-03-30,2024-03-31,108
LOT05916,P014,L03,2024-03-30,2024-03-31,396
LOT05917,P014,L03,2024-03-30,2024-03-31,386
LOT05918,P013,L03,2024-03-30,2024-03-31,221
LOT05919,P001,L01,2024-03-31,2024-03-31,235
LOT05920,P005,L01,2024-03-31,2024-03-31,280
LOT05921,P005,L01,2024-03-31,2024-03-31,148
LOT05922,P011,L01,2024-03-31,2024-03-31,251
LOT05923,P015,L01,2024-03-31,2024-03-31,225
LOT05924,P012,L01,2024-03-31,2024-03-31,343
LOT05925,P007,L01,2024-03-31,2024-03-31,399
LOT05926,P009,L01,2024-03-31,2024-03-31,223
LOT05927,P009,L01,2024-03-31,2024-03-31,296
LOT05928,P003,L01,2024-03-31,2024-03-31,183
LOT05929,P016,L01,2024-03-31,2024-03-31,83
LOT05930,P015,L01,2024-03-31,2024-03-31,292
LOT05931,P004,L01,2024-03-31,2024-03-31,87
LOT05932,P002,L01,2024-03-31,2024-03-31,207
LOT05933,P003,L01,2024-03-31,2024-03-31,164
LOT05934,P011,L01,2024-03-31,2024-03-31,319
LOT05935,P001,L01,2024-03-31,2024-03-31,108
LOT05936,P002,L01,2024-03-31,2024-03-31,273
LOT05937,P011,L01,2024-03-31,2024-03-31,130
LOT05938,P003,L01,2024-03-31,2024-03-31,225
LOT05939,P002,L01,2024-03-31,2024-03-31,275
LOT05940,P001,L01,2024-03-31,2024-03-31,154
LOT05941,P012,L01,2024-03-31,2024-03-31,151
LOT05942,P006,L01,2024-03-31,2024-03-31,388
LOT05943,P005,L01,2024-03-31,2024-03-31,245
LOT05944,P011,L01,2024-03-31,2024-03-31,397
LOT05945,P003,L01,2024-03-31,2024-03-31,189
LOT05946,P022,L02,2024-03-31,2024-03-31,235
LOT05947,P023,L02,2024-03-31,2024-03-31,138
LOT05948,P021,L02,2024-03-31,2024-03-31,191
LOT05949,P024,L02,2024-03-31,2024-03-31,313
LOT05950,P003,L02,2024-03-31,2024-03-31,253
LOT05951,P021,L02,2024-03-31,2024-03-31,249
LOT05952,P020,L02,2024-03-31,2024-03-31,142
LOT05953,P008,L02,2024-03-31,2024-03-31,301
LOT05954,P002,L02,2024-03-31,2024-03-31,205
LOT05955,P002,L02,2024-03-31,2024-03-31,138
LOT05956,P023,L02,2024-03-31,2024-03-31,382
LOT05957,P005,L02,2024-03-31,2024-03-31,242
LOT05958,P019,L02,2024-03-31,2024-03-31,249
LOT05959,P024,L02,2024-03-31,2024-03-31,395
LOT05960,P008,L02,2024-03-31,2024-03-31,197
LOT05961,P023,L03,2024-03-31,2024-03-31,384
LOT05962,P019,L03,2024-03-31,2024-03-31,292
LOT05963,P015,L03,2024-03-31,2024-03-31,333
LOT05964,P012,L03,2024-03-31,2024-03-31,390
LOT05965,P013,L03,2024-03-31,2024-03-31,154
LOT05966,P009,L03,2024-03-31,2024-03-31,183
LOT05967,P011,L03,2024-03-31,2024-03-31,286
LOT05968,P016,L03,2024-03-31,2024-03-31,87
LOT05969,P011,L03,2024-03-31,2024-03-31,263
LOT05970,P009,L03,2024-03-31,2024-03-31,339
LOT05971,P020,L03,2024-03-31,2024-03-31,275
LOT05972,P010,L03,2024-03-31,2024-03-31,174
LOT05973,P011,L03,2024-03-31,2024-03-31,312
LOT05974,P018,L03,2024-03-31,2024-03-31,126
LOT05975,P023,L03,2024-03-31,2024-03-31,367
LOT05976,P020,L03,2024-03-31,2024-03-31,112
LOT05977,P009,L03,2024-03-31,2024-03-31,357
LOT05978,P011,L03,2024-03-31,2024-03-31,239
LOT05979,P020,L03,2024-03-31,2024-03-31,217
LOT05980,P020,L03,2024-03-31,2024-03-31,240
LOT05981,P015,L03,2024-03-31,2024-03-31,144
LOT05982,P024,L03,2024-03-31,2024-03-31,226
LOT05983,P023,L03,2024-03-31,2024-03-31,352
LOT05984,P020,L03,2024-03-31,2024-03-31,337
LOT05985,P020,L03,2024-03-31,2024-03-31,132
LOT05986,P021,L03,2024-03-31,2024-03-31,296
LOT05987,P011,L03,2024-03-31,2024-03-31,355
LOT05988,P020,L03,2024-03-31,2024-03-31,343
LOT05989,P024,L03,2024-03-31,2024-03-31,216
LOT05990,P012,L03,2024-03-31,2024-03-31,95
LOT05991,P009,L03,2024-03-31,2024-03-31,378
LOT05992,P014,L03,2024-03-31,2024-03-31,207
